listing_id,url,title,price,area_sqm,rooms,bathrooms,livings,age_years,district,city,direction,description,latitude,longitude,images,images_count,advertiser_name,advertiser_company,advertiser_type,created_at,published_at,last_update,views,date_scraped,published,price_text,price_was_missing,property_type
6807462,https://sa.aqar.fm/عمائر-للبيع/مكة-المكرمة/حي-بطحاء-قريش/شارع-ابن-يعقوب-الجميل-حي-بطحاء-قريش-مدينة-مكة-المكرمة-منطقة-مكة-المكرمة-6807462,"عمارة للبيع في شارع ابن يعقوب الجميل, حي بطحاء قريش, مدينة مكة المكرمة, منطقة مكة المكرمة",3200000,561,,,,11,حي بطحاء قريش,مكة المكرمة,حي بطحاء قريش,"•	عمر العقار: 15 سنة.
	•	عدد الشقق: 6 شقق.
	•	خمس شقق مكونة من:
	•	4 غرف.
	•	صالة.
	•	3 دورات مياه.
	•	مطبخ بنظام أمريكي.
	•	شقة واحدة مكونة من:
	•	5 غرف.
	•	صالة.
	•	4 دورات مياه.
	•	مطبخ بنظام أمريكي.
	•	يوجد مصعد.
	•	خزان مياه كبير يتسع لـ 8 تريلات.
	•	مياه حكومية والصرف الصحي موصول.
	•	لكل شقة عداد كهرباء مستقل.
	•	توجد غرفة حارس.
	•	لا يوجد ملحق",21.36762,39.821201,https://images.aqar.fm/webp/750x0/props/052849433_1785940712966.jpg,1,أحمد علي فايز,شركة أرسان الحجاز العقارية,1,2026-08-05,2026-09-03,2026-09-19,299,2026-09-20,True,"3,200,000",False,عمارة
6866579,https://sa.aqar.fm/عمائر-للبيع/مكة-المكرمة/حي-النزهة/شارع-عبد-الملك-بن-عبد-الملك-بن-درباس-حي-النزهة-مدينة-مكة-المكرمة-منطقة-مكة-المكرمة-6866579,"عمارة للبيع في شارع عبد الملك بن عبد الملك بن درباس, حي النزهة, مدينة مكة المكرمة, منطقة مكة المكرمة",3000000,604,,,,11,حي النزهة,مكة المكرمة,حي النزهة,"عمارة سكنية بحي الستين مكة المكرمة
مساحة الأرض 610 متر مربع
الواجهة غربية
شارع 20 متر
يبعد العقار 1 كيلو من الطريق الدائري الثالث - ويبعد 15 دقيقة عن المسجد الحرام
عمر العقار 30 سنة (مرمم حديثاً)
العمارة مكونة من دور تسوية + أرضي + 2 متكرر + ملحق (يوجد مصعد)
دور التسوية يوجد به غرفة سائق ومستودع صغير ومواقف لعدد 3 سيارات بالإضافة الى صالة استقبال كبيرة
الدور الأرضي شقة منفصلة بمدخل وحوش منفصل تحتوي على 5 غرف وصالة كبيرة مفتوحة وأربع دورات مياه ومطبخ بمخزن 
الدورين المتبقية بنظام فيلا دوبلكس مفتوحة على بعض كل دور به 5 غرف وعدد 2 صالون كبير وصالة كبيرة مفتوحة في وسط المنزل وسبعة دورات مياه وعدد 2 مطبخ كبير
الملحق يوجد به غرفة خادمة وغرفة غسيل وسطح كبير
يوجد 4 عدادات كهرباء
جميع الخدمات المطلوبة متوفرة (كهرباء - هاتف - مياه - صرف صحي - مدارس - مطاعم - مراكز تسوق - بنوك - حدائق - مستشفى - مركز شرطة - الدفاع المدني)

المطلوب: 3 مليون و 500 ألف ريال سعودي (قابلة للتفاوض)

موقع العقار: https://maps.app.goo.gl/ME5b28jUq8sAJf797",21.436881,39.784236,https://images.aqar.fm/webp/750x0/props/053371665_1788971621449.jpg | https://images.aqar.fm/webp/750x0/props/053371663_1788971621567.jpg | https://images.aqar.fm/webp/750x0/props/053371665_1788971621448.jpg | https://images.aqar.fm/webp/750x0/props/053371663_1788971621448.jpg,4,نائفه تركي,مؤسسة بن هشبل العقارية,1,2026-09-09,2026-09-09,2026-09-19,75,2026-09-20,True,"3,000,000",False,عمارة
6776975,https://sa.aqar.fm/عمائر-للبيع/مكة-المكرمة/حي-بطحاء-قريش/شارع-ابان-بن-سعيد-بن-العاص-حي-بطحاء-قريش-مدينة-مكة-المكرمة-منطقة-مكة-المكرمة-6776975,"عمارة للبيع في شارع ابان بن سعيد بن العاص, حي بطحاء قريش, مدينة مكة المكرمة, منطقة مكة المكرمة",3300000,500,,,,11,حي بطحاء قريش,مكة المكرمة,حي بطحاء قريش,"""رقم العرض :GD 8072
 نوع العرض : عمارة سكنية للبيع 
الحي : بطحاء قريش - مكة المكرمة 
المساحة : 500 م
المواصفات : 
تقع العمارة على شارعين :
شارع تجاري 35 و شارع فرعي 15
بالقرب من جامع كبير و مدرسة بنات
و بالقرب من الدفاع المدني
و بالقرب من خدمات أخرى 
العمارة مكونة من 3 أدوار
كل دور شقتين
 الدور  1 و الدور 2 :
 كل شقة تتكون من / 3 غرف + 2 دورات مياه +  مطبخ + صالة
الدور 3 : 
الشقتين مشطبة 70٪ يعني
( السباكة الكهرباء  اللياسة  )
 الشقة الاولى : مكونة من : 4 غرف + 2 دورات مياه + مطبخ + صالة

 الشقة الثانية : مكونة من / 3 غرف + 2 دورات مياه + مطبخ + صالة
الدور الاول : عمره 20 سنة
الدور الثاني :  عمره 15 سنة
الدور الثالث : عمره 5 سنين
رقم الترخيص : 7201045001
المطلوب : 3.300.000 صافي 

الموقع : https://maps.app.goo.gl/ZTgYspLf3rJrGut76?g_st=ac""",21.360228,39.827279,https://images.aqar.fm/webp/750x0/props/008864195_1784211510052.jpg | https://images.aqar.fm/webp/750x0/props/008864196_1784211510058.jpg | https://images.aqar.fm/webp/750x0/props/008864198_1784211510061.jpg,3,عمر العقل,مؤسسة مكتب الصفقه الذهبيه العقارية,1,2026-07-16,2026-09-12,2026-09-16,472,2026-09-20,True,"3,300,000",False,عمارة
6698181,https://sa.aqar.fm/عمائر-للبيع/مكة-المكرمة/حي-البيبان/شارع-شارع-62-ساحة-اسلام-حي-البيبان-مدينة-مكة-المكرمة-منطقة-مكة-المكرمة-6698181,"عمارة للبيع في شارع شارع 62 ساحة اسلام, حي البيبان, مدينة مكة المكرمة, منطقة مكة المكرمة",17500000,897,,,,3,حي البيبان,مكة المكرمة,حي البيبان,"فرصة استثمارية نادرة – عمارة جاهزة للدخل في مكة (جرول – البيبان)

موقع استثنائي بجوار
فندق Mövenpick Hotel & Residence Hajar Tower Makkah

وقريب من أوقاف الراجحي
يبعد عن أنفاق الحرم ~1.5 كم
(حوالي 15 دقيقة مشي)

⸻

العقار باختصار:

* المساحة الإجمالية: 898 م²
* مبني على كامل 400 م²
* أرض إضافية 500 م² (محوشة – على 3 شوارع)

⸻

التشغيل والدخل:

* مهيأ بالكامل لتأجير الحجاج
* دخل سنوي مثبت: 500,000 إلى 700,000 ريال
* تصاريح الحج مكتملة وجاهزة

⸻

مكونات المبنى:

* 5 أدوار
* 38 غرفة
* 214 سرير
* 10 شقق (كل شقة 5 غرف)
* مصعد + أنظمة سلامة + مخارج طوارئ
* مضخة مياه ضغط عالي
* محطة كهرباء جاهزة

⸻

ليش تعتبر صفقة قوية؟

* موقع يخدم الحجاج مباشرة
* تشغيل جاهز بدون تجهيز إضافي
* أرض إضافية تعطيك مرونة تطوير مستقبلي
* محيط فندقي عالي القيمة

⸻

السعر:
23٫000٫000﷼
قابل للتفاوض",21.432869,39.807809,https://images.aqar.fm/webp/750x0/props/003213381_1778843405577.jpg | https://images.aqar.fm/webp/750x0/props/003213388_1778843405594.jpg,2,عادل عبدالفتاح,,,2026-05-15,2026-05-15,2026-09-18,368,2026-09-20,True,"17,500,000",False,عمارة
6782030,https://sa.aqar.fm/عمائر-للبيع/مكة-المكرمة/حي-العزيزية/شارع-المطوف-حي-العزيزية-مدينة-مكة-المكرمة-منطقة-مكة-المكرمة-6782030,"عمارة للبيع في شارع المطوف, حي العزيزية, مدينة مكة المكرمة, منطقة مكة المكرمة",14500000,1014,,,,11,حي العزيزية,مكة المكرمة,حي العزيزية,$6e,21.411499,39.861624,https://images.aqar.fm/webp/750x0/props/001112560_1784544022956.jpg | https://images.aqar.fm/webp/750x0/props/001112563_1784544096454.png | https://images.aqar.fm/webp/750x0/props/001112567_1784546332378.jpg | https://images.aqar.fm/webp/750x0/props/001112561_1784546332345.jpg | https://images.aqar.fm/webp/750x0/props/001112568_1784546706996.jpg | https://images.aqar.fm/webp/750x0/props/001112568_1784546706976.jpg | https://images.aqar.fm/webp/750x0/props/001112560_1784546706992.jpg | https://images.aqar.fm/webp/750x0/props/001112567_1784546744175.jpg | https://images.aqar.fm/webp/750x0/props/001112564_1784546744191.jpg | https://images.aqar.fm/webp/750x0/props/001112562_1784546744212.jpg | https://images.aqar.fm/webp/750x0/props/001112569_1784546744229.jpg | https://images.aqar.fm/webp/750x0/props/001112561_1784546744256.jpg | https://images.aqar.fm/webp/750x0/props/001112567_1784546744252.jpg | https://images.aqar.fm/webp/750x0/props/001112568_1784546744264.jpg | https://images.aqar.fm/webp/750x0/props/001112567_1784546744273.jpg | https://images.aqar.fm/webp/750x0/props/001112569_1784546744293.jpg | https://images.aqar.fm/webp/750x0/props/001112561_1784546744299.jpg | https://images.aqar.fm/webp/750x0/props/001112567_1784546744314.jpg | https://images.aqar.fm/webp/750x0/props/001112569_1784546744321.jpg | https://images.aqar.fm/webp/750x0/props/001112568_1784546744389.jpg | https://images.aqar.fm/webp/750x0/props/001112565_1784546744397.jpg | https://images.aqar.fm/webp/750x0/props/001112569_1784546744341.jpg | https://images.aqar.fm/webp/750x0/props/001112563_1784546744349.jpg | https://images.aqar.fm/webp/750x0/props/001112560_1784546981954.jpg | https://images.aqar.fm/webp/750x0/props/001112563_1784546981945.jpg | https://images.aqar.fm/webp/750x0/props/001112561_1784546981911.jpg | https://images.aqar.fm/webp/750x0/props/001112566_1784546981926.jpg | https://images.aqar.fm/webp/750x0/props/001112567_1784547040601.jpg,28,همدان بن احمد بن هادي الكثيري,شركة الياسمين لإدارة و تطوير العقارات,1,2026-07-20,2026-09-16,2026-09-16,446,2026-09-20,True,"14,500,000",False,عمارة
6472264,https://sa.aqar.fm/عمائر-للبيع/مكة-المكرمة/حي-البيبان/شارع-شارع-1-ساحة-اسلام-حي-البيبان-مدينة-مكة-المكرمة-منطقة-مكة-المكرمة-6472264,"عمارة للبيع في شارع شارع 1 ساحة اسلام, حي البيبان, مدينة مكة المكرمة, منطقة مكة المكرمة",750000,220,,,,11,حي البيبان,مكة المكرمة,حي البيبان,"للبيع عمارة مكونه من 5 شقق 
 حي البيان مساحة 220
 قريبة جداً لجامعة ام القرى 
٥ شقق بعدادات منفصله
كل شقة ٣ غرف ودورتين مياه 
حاليا ثلاث شقق ماجره
(السعي والضريبة على المشتري )
 السعر 750الف
التواصل ((رقم المعلن يظهر عند التواصل))",21.438352,39.806297,https://images.aqar.fm/webp/750x0/props/014701542_1763478668575.jpg | https://images.aqar.fm/webp/750x0/props/014701546_1763478672800.jpg,2,فارس عبدالرحمن,,,2025-11-18,2025-11-18,2026-09-20,1441,2026-09-20,True,"750,000",False,عمارة
6637458,https://sa.aqar.fm/عمائر-للبيع/مكة-المكرمة/حي-الزهراء/حي-الزهراء-مدينة-مكة-المكرمة-منطقة-مكة-المكرمة-6637458,"عمارة للبيع في حي الزهراء, مدينة مكة المكرمة, منطقة مكة المكرمة",22000000,244,,,,11,حي الزهراء,مكة المكرمة,حي الزهراء,"للبيع موقع تجاري 
✔️ في مكه المكرمة 
✔️الحي : الهنداوية 
✔️المساحة : ٢٤٤.٨م
✔️الشارع جنوبا : ١٨.٢٠م 

💰السعر المطلوب ٢٢ مليون ريال
قابل لتفاوض 

ملحوظة :
١- العقار مكون من بيت دورين وحوش .
٢- الصك الكتروني صادر عام ١٤٤٠ هجري  
٣- الموقع استراتيجي يفتح على مقابل  
طريق الملك عبدالعزيز الموازي ( مسار مكة) وانت نازل بعد كبري المنصور قديما ( طريق ام القرى سابقا) (طريق الامير محمد بن سلمان)
٤-يوجد خمسة محلات تجارية في المبنى
٥-يوجد صك الكتروني و شهادة امتثال للبيت

للاستفسار 

0536265625
المطرفي للإستثمارات العقارية 
يشرفنا خدمتكم في جميع مخططات مكة وجدة بيع وشراء وتسويق الأراضي والفلل وشقق",21.422758,39.80507,https://images.aqar.fm/webp/750x0/props/000252569_1775036027309.jpg | https://images.aqar.fm/webp/750x0/props/000252564_1775036065473.jpg | https://images.aqar.fm/webp/750x0/props/000252568_1775036037005.jpg | https://images.aqar.fm/webp/750x0/props/000252568_1775036037007.jpg,4,عمرو يحي بن سهل المطرفى,مؤسسة عمرو يحي سهل المطرفي للعقار,1,2026-04-01,2026-08-24,2026-09-16,2018,2026-09-20,True,"22,000,000",False,عمارة
6723371,https://sa.aqar.fm/عمائر-للبيع/مكة-المكرمة/حي-الملك-فهد/شارع-أبو-الحسن-الماوردي-حي-الشامية-الجديد-مدينة-مكة-المكرمة-منطقة-مكة-المكرمة-6723371,"عمارة للبيع في شارع أبو الحسن الماوردي, حي الشامية الجديد, مدينة مكة المكرمة, منطقة مكة المكرمة",5500000,609,,,,0,حي الملك فهد,مكة المكرمة,حي الملك فهد,"للبيع بالكامل بالكاش عمارة جديدة في مخطط ولي العهد 3 بمكة المكرمة  ((يقبل الوقف ))
مساحة الارض : 609 م
عدد الشقق : 8 شقق
عدد الادوار : مواقف سيارات + 3 ادوار متكررة + ملحق به شقتين وسطح مستقل
مسطحات البناء : 2000 م
العمر : جديدة
الموقع : مكة المكرمة مخطط ولي العهد رقم 3 
🔹مكونات الشقق :-
▫️كل شقة بمدخلين وخزانين مياه سفلي وعلوي مستقل خاصة بكل شقة.
▫️تتكون الشقة من 5 غرف وصالة و3 دورات مياه ومطبخ راكب وغرفة غسيل وغرفة خادمة بحمام مستقل
_ تفصيل الشقق راقي ويوجد بها مكيفات اسبيليت جديدة ودواليب المطبخ راكبة 
مصعد جديد من شركة شلندلر 
العمارة على شارعين وامامها مسجد وشوارعها عريضة 25 م و 15 م والواجهتين رخام ابيض ورصاصي 
المطلوب : 5.500.000﷼ 
خمسة مليون وخمسمائة الف ريال سعودي
بيع ب 5،500.000
اجار ب 280.000",21.303519,39.687937,https://images.aqar.fm/webp/750x0/props/052803935_1780868619272.jpg | https://images.aqar.fm/webp/750x0/props/052803933_1780868619189.jpg | https://images.aqar.fm/webp/750x0/props/052803936_1780868619341.jpg | https://images.aqar.fm/webp/750x0/props/052803934_1780868619365.jpg,4,أحمد علي فايز,شركة أرسان الحجاز العقارية,1,2026-06-07,2026-09-03,2026-09-19,371,2026-09-20,True,"5,500,000",False,عمارة
6505193,https://sa.aqar.fm/عمائر-للبيع/مكة-المكرمة/حي-الرصيفة/شارع-شارعسالم-بن-عوف-الخزرجي-حي-الخالدية-مدينة-مكة-المكرمة-منطقة-مكة-المكرمة-6505193,"عمارة للبيع في شارع شارعسالم بن عوف الخزرجي, حي الخالدية, مدينة مكة المكرمة, منطقة مكة المكرمة",2100000,500,,,,11,حي الرصيفة,مكة المكرمة,حي الرصيفة,"بمكة المكرمة - حي الرصيفة 
عقار سكني للبيع 
المساحة : 500 م 
- مكون من 4 شقق 
- عمر العقار 25 سنة 
- موقع مميز بجوار جميع الخدمات 
- بجوار حديقة 
- بجوار مسجد 

للتواصل : ((رقم المعلن يظهر عند التواصل))",21.400916,39.788561,https://images.aqar.fm/webp/750x0/props/001124624_1765645967381.jpg,1,عدنان سعد,مكتب كيان العاصمة للعقار,1,2025-12-13,2025-12-13,2026-09-16,2750,2026-09-20,True,"2,100,000",False,عمارة
6785232,https://sa.aqar.fm/عمائر-للبيع/مكة-المكرمة/حي-الملك-فهد/شارع-محمد-السليماني-حي-حارة-الباب-الجديد-مدينة-مكة-المكرمة-منطقة-مكة-المكرمة-6785232,"عمارة للبيع في شارع محمد السليماني, حي حارة الباب الجديد, مدينة مكة المكرمة, منطقة مكة المكرمة",2000000,541,,,,0,حي الملك فهد,مكة المكرمة,حي الملك فهد,"للبيع عمارة تجارية سكنية في مدينة مكة المكرمة مخطط ولي العهد 2 داخل حد الحرم
مساحة الارض: 541
على شارع تجاري 32م بالقرب من التجاري 52م
تتكون من دور ارضي مكون من 5 محلات تجارية + ميزان فيه 5 غرف
المطلوب: مليونين قابل للتفاوض بالمعقول
ترخيص اعلان: 7201037780
التواصل: ((الرقم يظهر عند الضغط على اتصال))",21.318632,39.709367,https://images.aqar.fm/webp/750x0/props/009381006_1784717204388.jpg | https://images.aqar.fm/webp/750x0/props/009381009_1784717204371.jpg | https://images.aqar.fm/webp/750x0/props/009381000_1784717204373.jpg | https://images.aqar.fm/webp/750x0/props/009381003_1784717204366.jpg | https://images.aqar.fm/webp/750x0/props/009381000_1784717204396.jpg | https://images.aqar.fm/webp/750x0/props/009381006_1784717204387.jpg | https://images.aqar.fm/webp/750x0/props/009381007_1784717204459.jpg,7,اوسيد عبدالمنعم,مؤسسة روح المدى,1,2026-07-22,2026-09-18,2026-09-18,495,2026-09-20,True,"2,000,000",False,عمارة
6579065,https://sa.aqar.fm/عمائر-للبيع/مكة-المكرمة/حي-البيبان/حي-البيبان-مدينة-مكة-المكرمة-منطقة-مكة-المكرمة-6579065,"عمارة للبيع في حي البيبان, مدينة مكة المكرمة, منطقة مكة المكرمة",2300000,296,,,,11,حي البيبان,مكة المكرمة,حي البيبان,"للبيع عقار بصك إلكتروني ساري
📍 المساحة: 296.62 م²
🧾 رقم الصك: 660675004983
📅 تاريخ الصك: 06 / 06 / 1447هـ
📐 نسبة الملكية: 100%
🏠 نوع العقار: بيت قائم
🧱 البناء: دورين
⏳ عمر العقار: حوالي 20 سنة

العقار موثق بصك إلكتروني عبر وزارة العدل، مناسب للسكن أو الاستثمار، موقعه مميز وقابل للتطوير أو التجديد حسب رغبة المشتري.

💰 السعر قابل للتفاوض
📞 التواصل للجادين فقط",21.43571,39.806517,https://images.aqar.fm/webp/750x0/props/050980073_1770704940840.jpg,1,عبيد الزهراني,,,2026-02-07,2026-02-07,2026-02-24,132,2026-09-20,True,"2,300,000",False,عمارة
6729981,https://sa.aqar.fm/عمائر-للبيع/مكة-المكرمة/حي-العمرة-الجديدة/شارع-البترون-حي-العمرة-مدينة-مكة-المكرمة-منطقة-مكة-المكرمة-6729981,"عمارة للبيع في شارع البترون, حي العمرة, مدينة مكة المكرمة, منطقة مكة المكرمة",2590000,760,,,,3,حي العمرة الجديدة,مكة المكرمة,حي العمرة الجديدة,"🏢 عمارة للبيع – مكة المكرمة | حي العمرة الجديدة (مخطط زمزم 3)

فرصة استثمارية مميزة لامتلاك عمارة سكنية حديثة بعمر 3 سنوات في موقع حيوي بمكة المكرمة.

📍 الموقع: حي العمرة الجديدة – مخطط زمزم 3 – شارع البترون
💰 السعر: 2,750,000 ريال

🔹 مواصفات العقار:

مساحة الأرض: 760 م²

مساحة البناء: 900 م²

الواجهة: جنوبية

شارع عرض 15 متر

عمر العقار: 3 سنوات

مؤسس على 4 أدوار


🔹 تفاصيل العمارة:

تتكون من دورين

في كل دور شقتان (إجمالي 4 شقق)

كل شقة تتكون من:

3 غرف نوم

مجلس

مقلط

صالة

مطبخ

3 دورات مياه



🔹 المرافق والخدمات:

متصلة بشبكة المياه العمومية

متصلة بشبكة الصرف الصحي

متصلة بشبكة الألياف البصرية (الفايبر)


📞 للاستفسار والمعاينة: ((الرقم يظهر عند الضغط على اتصال))8

عمارة مناسبة للسكن أو الاستثمار بعائد إيجاري جيد وفي موقع مميز بمكة المكرمة.",21.573345,39.787464,https://images.aqar.fm/webp/750x0/props/052623993_1781272721434.jpg | https://images.aqar.fm/webp/750x0/props/052623991_1781272721408.jpg | https://images.aqar.fm/webp/750x0/props/052623991_1781272731913.jpg | https://images.aqar.fm/webp/750x0/props/052623999_1781272731953.jpg | https://images.aqar.fm/webp/750x0/props/052623993_1781272731958.jpg | https://images.aqar.fm/webp/750x0/props/052623993_1781272731959.jpg | https://images.aqar.fm/webp/750x0/props/052623994_1781272731913.jpg | https://images.aqar.fm/webp/750x0/props/052623990_1781272731911.jpg | https://images.aqar.fm/webp/750x0/props/052623990_1781272731962.jpg | https://images.aqar.fm/webp/750x0/props/052623993_1781272731967.jpg | https://images.aqar.fm/webp/750x0/props/052623991_1781272741371.jpg | https://images.aqar.fm/webp/750x0/props/052623990_1781272741695.jpg | https://images.aqar.fm/webp/750x0/props/052623995_1781272741372.jpg | https://images.aqar.fm/webp/750x0/props/052623991_1781272801534.jpg,14,أحمد علي فايز,شركة أرسان الحجاز العقارية,1,2026-06-12,2026-09-07,2026-09-19,480,2026-09-20,True,"2,590,000",False,عمارة
6678105,https://sa.aqar.fm/عمائر-للبيع/مكة-المكرمة/حي-الزهراء/شارع-عثير-ابن-العباس-حي-الزهراء-مدينة-مكة-المكرمة-منطقة-مكة-المكرمة-6678105,"عمارة للبيع في شارع عثير ابن العباس, حي الزهراء, مدينة مكة المكرمة, منطقة مكة المكرمة",5000000,772,,,,11,حي الزهراء,مكة المكرمة,حي الزهراء,"السلام عليكم 
عمارة بالنزهة بالقرب من المسجد الكويتي 
يتكون من ٤ ادوار وملحق  وبدورم
الدور الأرضي صالون رجال بمساحة ٥٠٠م ويوجد مكتب صغير وحمامين 
الدور الاول صالون نسائي حمامين وسرفيس صغير 
الدول الثاني شقة من اربع غرف نوم اثنين ماستر ومخزن وغرفة معيشة وغرفة طعام وأربع حمامات وغرفة شغالة ومطبخ عام ومطبخ صغير 
الدور الثالث شقتين من غرفة نوم ماستر وغرفتين نوم وحمام ومطبخ وصالون 
الملحق سطح كبير وصاله وحمام ومطبخ 
غرفه ساقيين واثنين حمام 
مواقف سيارات لاكثر من ٥ 
الواجهة رخام والدرج رخام مصعد ٥ وقفات ٥ 

السعر  5 مليون  

للاستفسار 

0536265625 

المطرفي للإستثمارات العقارية 
يشرفنا خدمتكم في جميع مخططات جدة بيع وشراء وتسويق الأراضي والفلل وشقق",21.431344,39.80069,https://images.aqar.fm/webp/750x0/props/000252565_1777955550241.jpg | https://images.aqar.fm/webp/750x0/props/000252569_1777955550372.jpg | https://images.aqar.fm/webp/750x0/props/000252562_1777955550321.jpg | https://images.aqar.fm/webp/750x0/props/000252569_1777955550057.jpg | https://images.aqar.fm/webp/750x0/props/000252567_1777726421005.jpg | https://images.aqar.fm/webp/750x0/props/000252565_1777955550147.jpg | https://images.aqar.fm/webp/750x0/props/000252563_1777955550193.jpg | https://images.aqar.fm/webp/750x0/props/000252562_1777955550302.jpg | https://images.aqar.fm/webp/750x0/props/000252560_1777955550439.jpg | https://images.aqar.fm/webp/750x0/props/000252560_1777955550477.jpg | https://images.aqar.fm/webp/750x0/props/000252564_1777955550509.jpg | https://images.aqar.fm/webp/750x0/props/000252568_1777956341875.jpg | https://images.aqar.fm/webp/750x0/props/000252566_1777956341937.jpg | https://images.aqar.fm/webp/750x0/props/000252564_1777956341948.jpg | https://images.aqar.fm/webp/750x0/props/000252565_1777956341973.jpg | https://images.aqar.fm/webp/750x0/props/000252563_1777956342004.jpg | https://images.aqar.fm/webp/750x0/props/000252566_1777956342057.jpg | https://images.aqar.fm/webp/750x0/props/000252561_1777956342184.jpg | https://images.aqar.fm/webp/750x0/props/000252563_1777956342203.jpg,19,عمرو يحي بن سهل المطرفى,مؤسسة عمرو يحي سهل المطرفي للعقار,1,2026-05-02,2026-08-26,2026-09-16,1367,2026-09-20,True,"5,000,000",False,عمارة
6828248,https://sa.aqar.fm/عمائر-للبيع/مكة-المكرمة/حي-التنعيم/شارع-سمية-بنت-خلف-رضى-الله-عنها-حي-التنعيم-مدينة-مكة-المكرمة-منطقة-مكة-المكرمة-6828248,"عمارة للبيع في شارع سمية بنت خلف رضى الله عنها, حي التنعيم, مدينة مكة المكرمة, منطقة مكة المكرمة",5000000,600,,,,11,حي التنعيم,مكة المكرمة,حي التنعيم,"الغرض | إعلان للبيع
رقم العرض | 6000922
عمارة سكنية للبيع
المساحة | 600 م²
الموقع | منطقة مكة المكرمة - مكة المكرمة - قرطبة
━━━━━━━━━━━━━━
المحتويات |
تفاصيل العمارة |
* عدد ( 3 ) محلات تجارية
* عدد ( 4 ) أدوار وملحق علوي
* عدد ( 8 ) شقق بواقع شقتين في كل دور
* تقع على شارعين متظاهرين
تفاصيل الشقق |
* عدد ( 5 ) غرف + مطبخ + صالة + ( 3 ) دورات مياه
تفاصيل المحلات |
* محل مجهز بثلاجة كبيرة
* محل كبير جداً ( كان مغسلة ملابس )
* محل جاهز للاستثمار ( كان صالون حلاقة )
مميزات الموقع |
* العمارة تقع على واجهتين
* تقع في الصف الثاني على شارع الحج العام
* تبعد عن الحرم المكي 7 كم
* مناسبة للاستثمار التجاري والسكني
ملاحظة | للمعاينة لابد من أخذ موعد مسبق لوجود سكان بالعمارة
━━━━━━━━━━━━━━
السعر | 5,000,000 ريال
الترخيص الإعلاني | 7201088917
موقع العقار ( لوكيشن ) | https://www.google.com/maps?q=21.4679127,39.8279486
━━━━━━━━━━━━━━
المعلـــــن | عاجل العقارية
رخصة فـال | 1200026165
رقم الجوال | ((الرقم يظهر عند الضغط على اتصال))
رقم الجوال | ((الرقم يظهر عند الضغط على اتصال))
للعــــروض | ajelestate.com/w_form.html",21.46791,39.825711,https://images.aqar.fm/webp/750x0/props/003694971_1787011020806.jpg | https://images.aqar.fm/webp/750x0/props/003694971_1787011041931.jpg | https://images.aqar.fm/webp/750x0/props/003694978_1787011041932.jpg | https://images.aqar.fm/webp/750x0/props/003694971_1787011041932.jpg | https://images.aqar.fm/webp/750x0/props/003694970_1787011041934.jpg | https://images.aqar.fm/webp/750x0/props/003694973_1787011041933.jpg | https://images.aqar.fm/webp/750x0/props/003694978_1787011041990.jpg | https://images.aqar.fm/webp/750x0/props/003694978_1787011041995.jpg,8,ابراهيم الرشيدي,مؤسسة عاجل العقارية,1,2026-08-17,2026-09-16,2026-09-19,111,2026-09-20,True,"5,000,000",False,عمارة
6785216,https://sa.aqar.fm/عمائر-للبيع/مكة-المكرمة/حي-البحيرات/شارع-احمد-البصراوي-حي-البحيرات-مدينة-مكة-المكرمة-منطقة-مكة-المكرمة-6785216,"عمارة للبيع في شارع احمد البصراوي, حي البحيرات, مدينة مكة المكرمة, منطقة مكة المكرمة",3000000,750,,,,11,حي البحيرات,مكة المكرمة,حي البحيرات,"للبيع عمارة في مدينة مكة المكرمة حي العمرة
مساحة الارض: 750م
على شارعين عرض 20 وضلع 25 شمالي و غربي
مكونة العمارة من دورين وملحق
الدور الاول: مكون من شقتين كل شقة من 5 غرف + صالة + 3 دورات مياه
الدور الثاني: مكون من دور كامل مفتوح مكون من 7 غرف + صالة كبيرة + 4 دورات مياه
الملحق: مكون غرفة واحد + دورة مياه واحدة
المطلوب: 3 مليون قابل للتفاوض بالمعقول
ترخيص اعلان: 7201037759
التواصل: ((الرقم يظهر عند الضغط على اتصال))",21.501265,39.782992,https://images.aqar.fm/webp/750x0/props/009381006_1784716747007.jpg | https://images.aqar.fm/webp/750x0/props/009381009_1784716635791.jpg | https://images.aqar.fm/webp/750x0/props/009381005_1784716747030.jpg | https://images.aqar.fm/webp/750x0/props/009381003_1784716635799.jpg | https://images.aqar.fm/webp/750x0/props/009381009_1784716635792.jpg | https://images.aqar.fm/webp/750x0/props/009381000_1784716635781.jpg | https://images.aqar.fm/webp/750x0/props/009381005_1784716635788.jpg | https://images.aqar.fm/webp/750x0/props/009381001_1784716635784.jpg | https://images.aqar.fm/webp/750x0/props/009381006_1784716635788.jpg | https://images.aqar.fm/webp/750x0/props/009381007_1784716635789.jpg,10,اوسيد عبدالمنعم,مؤسسة روح المدى,1,2026-07-22,2026-09-18,2026-09-18,408,2026-09-20,True,"3,000,000",False,عمارة
6748877,https://sa.aqar.fm/عمائر-للبيع/مكة-المكرمة/حي-الخنساء/شارع-272-الخنساء-حي-الخنساء-مدينة-مكة-المكرمة-منطقة-مكة-المكرمة-6748877,"عمارة للبيع في شارع 272 الخنساء, حي الخنساء, مدينة مكة المكرمة, منطقة مكة المكرمة",7000000,323,,,,7,حي الخنساء,مكة المكرمة,حي الخنساء,"للبيع عمارة في مدينة مكة المكرمة في المعابدة تجارية سكنية تمتاز بالقرب من الشارع العام وتمتاز بالقرب من الحرم المكي الشريف ب 12 دقيقة
المساحة: 323.96
عدد الغرف: 36
عمر العقار: 50 سنة
الدخل: 280 الف
المطلوب: 7 مليون 
رقم الترخيص: 7201019081
التواصل: ((الرقم يظهر عند الضغط على اتصال))",21.440634,39.843837,https://images.aqar.fm/webp/750x0/props/009381008_1782488286767.jpg | https://images.aqar.fm/webp/750x0/props/009381000_1782488286800.jpg | https://images.aqar.fm/webp/750x0/props/009381008_1782488286809.jpg | https://images.aqar.fm/webp/750x0/props/009381009_1782488286770.jpg | https://images.aqar.fm/webp/750x0/props/009381008_1782488286752.jpg | https://images.aqar.fm/webp/750x0/props/009381005_1782488360015.jpg,6,اوسيد عبدالمنعم,مؤسسة روح المدى,1,2026-06-26,2026-08-23,2026-09-14,306,2026-09-20,True,"7,000,000",False,عمارة
6742759,https://sa.aqar.fm/عمائر-للبيع/مكة-المكرمة/حي-العكيشية/شارع-لاهور-حي-ولي-العهد-مكة-منطقة-مكة-المكرمة-6742759,"عمارة للبيع في شارع لاهور, حي القشاشية الجديد, مدينة مكة المكرمة, منطقة مكة المكرمة",2100000,525,,,,0,حي العكيشية,مكة المكرمة,حي العكيشية,"عماره عظم في مكه ولي العهد مخطط سبعه 
مساحة ٥٢٦ 
شارعين شمالي ٢٠ شرقي ١٥ 
خمس شقق وبدروم باركنق بناء شخصي  
الاطول ١٩ في ٢٥
عليها بنك تقريباً ٢٤٠  الف بيتم سدادها عن رغبة المشتري بالشراء .

خزانين منفصله كل خزان ياخذ خمس تريلات 
المصعد مؤسس 
عليها سوم مليوون و سبع ميه وخمسين صافي",21.25410926372578,39.83176398717488,https://images.aqar.fm/webp/750x0/props/003883717_1782049324137.jpg,1,محمد ,شركة تطبيق عقار,1,2026-06-22,2026-06-22,2026-06-22,379,2026-09-20,True,"2,100,000",False,عمارة
6536837,https://sa.aqar.fm/عمائر-للبيع/مكة-المكرمة/حي-النزهة/شارع-شارع-الفاضي-حي-النزهة-مدينة-مكة-المكرمة-منطقة-مكة-المكرمة-6536837,"عمارة للبيع في شارع شارع الفاضي, حي النزهة, مدينة مكة المكرمة, منطقة مكة المكرمة",6400,625,,,,11,حي النزهة,مكة المكرمة,حي النزهة,"عماره مميزه للبيع

حي النزهه مكه 

يمنع الوسطاء لعدم الاحراج 🛑

بنايات نجد ( عنوان الثقه )",21.429909,39.785624,https://images.aqar.fm/webp/750x0/props/022626214_1784473339515.jpg,1,عبدالملك ابراهيم محمد الجمعان,شركة بنايات نجد للتسويق شخص واحد,1,2026-01-06,2026-08-23,2026-08-23,518,2026-09-20,True,"6,400",False,عمارة
6871981,https://sa.aqar.fm/عمائر-للبيع/مكة-المكرمة/حي-الحمراء-و-ام-الجود/حي-أم-الجود-مدينة-مكة-المكرمة-منطقة-مكة-المكرمة-6871981,"عمارة للبيع في حي أم الجود, مدينة مكة المكرمة, منطقة مكة المكرمة",3500000,550,,,,11,حي الحمراء و ام الجود,مكة المكرمة,حي الحمراء و ام الجود,"للبيع عمارة في مدينة مكة المكرمة حي الزايدي 
مكونة من :
4 شقق من 5 غرف و4 دورات مياه
ملحق 3 غرف ودورتين مياه
بدروم
مميزاتها امام حديقة ومسجد وقريبة من مدرسة وجميع الخدمات
المطلوب: 3 مليون و 500 الف
رقم الترخيص: 7201122532
التواصل: ((الرقم يظهر عند الضغط على اتصال))
https://maps.app.goo.gl/HmKBrbcoDb2R3tc19?g_st=ic",21.407057,39.705921,https://images.aqar.fm/webp/750x0/props/009381002_1789297723582.jpg | https://images.aqar.fm/webp/750x0/props/009381000_1789297723717.jpg | https://images.aqar.fm/webp/750x0/props/009381002_1789297723713.jpg,3,اوسيد عبدالمنعم,مؤسسة روح المدى,1,2026-09-13,2026-09-13,2026-09-14,64,2026-09-20,True,"3,500,000",False,عمارة
6799276,https://sa.aqar.fm/عمائر-للبيع/مكة-المكرمة/حي-البحيرات/شارع-الابواء-حي-العقبة-الشمالي-مدينة-مكة-المكرمة-منطقة-مكة-المكرمة-6799276,"عمارة للبيع في شارع الابواء, حي العقبة الشمالي, مدينة مكة المكرمة, منطقة مكة المكرمة",2750000,850,,,,5,حي البحيرات,مكة المكرمة,حي البحيرات,"""رقم العرض  :  GD 8073
نوع العقار:  عمارة للبيع
العمر : 8 سنوات 
الموقع : الفيحاء الجديدة / مكة المكرمة
المساحة:   850 م
المواصفات :
العقار بناء شخصي 
مأسس ٤ ادوار
مكون من شقتين
تشطيب عالي ارضيات بورسلان ١٢٠*٦٠
اسقف جبس بورد مع اضائات مخفيه
شقه مكونه من ٤ غرف وصاله ومطبخ وغرفه غسيل ومستودع  و٣ دورات مياه 
شقه مكونه من ٤ غرف وصاله ومطبخ وغرفه غسيل ومستودع و٤ دورات مياه
مساحه الشقه ٢٥٠ متر 
مؤسسه مكان المصعد
يوجد بدروم خارجي في الحوش ٩*٥
رقم الترخيص : 7201064777
المطلوب: 2.750.000
الموقع : 
https://maps.app.goo.gl/vqcUH8WqiPhM4AA46?g_st=aw""",21.5083,39.761981,https://images.aqar.fm/webp/750x0/props/008864198_1785522112700.jpg | https://images.aqar.fm/webp/750x0/props/008864192_1785522112700.jpg | https://images.aqar.fm/webp/750x0/props/008864191_1785522112700.jpg,3,عمر العقل,مؤسسة مكتب الصفقه الذهبيه العقارية,1,2026-07-31,2026-08-30,2026-09-16,317,2026-09-20,True,"2,750,000",False,عمارة
6454077,https://sa.aqar.fm/عمائر-للبيع/مكة-المكرمة/حي-الخنساء/حي-ريع-اذاخر-مدينة-مكة-المكرمة-منطقة-مكة-المكرمة-6454077,"عمارة للبيع في حي ريع اذاخر, مدينة مكة المكرمة, منطقة مكة المكرمة",3000000,145,,,,11,حي الخنساء,مكة المكرمة,حي الخنساء,"عمارة لللبيع في مكة المكرمة  في المعابدة

العمارة من اربع ادوار 
كل دور شقة 
الدور الرابع ملحق 
الشقة عبارة عن  ثلاثه غرف ومطبخ و حمامين 
الدور الاول  ثلاثه غرف ومطبخ وحمامين و  غرفة ملابس 
الدور الثاني ثلاثه غرف ومطبخ وحمامين و غرفة ملابس 
الدور الثالث ثلاثه غرف ومطبخ وحمامين و غرفة ملابس 
السطح غرفتين و حمام ارضي 
كل شقة لها عداد كهرب منفصلة ما عدا شقة الدور الثالث مشترك مع الرابع 
المياة عداد واحد فقط

المطلوب ٤ مليون ريال غير شامل الضريبة والسعي 

يسعدنا في رمضاء استقبال عروضكم والرد على استفساراتكم لا تترددوا بالتواصل معنا ..",21.448845,39.838909,https://images.aqar.fm/webp/750x0/props/000715578_1762282753249.jpg | https://images.aqar.fm/webp/750x0/props/000715571_1762282768704.jpg,2,خالد سليمان علي العقل,مؤسسة رمضاء العقارية,1,2025-11-04,2025-11-04,2026-09-10,440,2026-09-20,True,"3,000,000",False,عمارة
6434298,https://sa.aqar.fm/عمائر-للبيع/مكة-المكرمة/حي-الخضراء/شارع-الحازم-حي-معاد-مدينة-مكه-المكرمه-منطقة-مكة-المكرمة-6434298,"عمارة للبيع في شارع الحازم, حي معاد, مدينة مكه المكرمه, منطقة مكة المكرمة",2000000,450,,,,11,حي الخضراء,مكة المكرمة,حي الخضراء,"للبيع عمارة مساحة 450 متر 



تتكون من :

شقق ٤غرف ومطبخ وصاله و٣حمامات
والشقه السادسه ٣غرف ومطبخ و٣ حمامات
تأسيس مصعد بدون تركيب
٧ عدادات كهرباء وعداد ماء

العمر 9 سنوات",21.463788,39.940992,https://images.aqar.fm/webp/750x0/props/028591284_1761064691201.jpg | https://images.aqar.fm/webp/750x0/props/028591286_1761064709686.jpg,2,حسام حمد,مكتب صروح فال للخدمات العقارية,1,2025-10-21,2025-10-21,2026-09-07,2734,2026-09-20,True,"2,000,000",False,عمارة
6818607,https://sa.aqar.fm/عمائر-للبيع/مكة-المكرمة/حي-الشوقية/شارع-عبدالله-بن-ثعلبه-الانصاري-حي-الشوقية-مدينة-مكة-المكرمة-منطقة-مكة-المكرمة-6818607,"عمارة للبيع في شارع عبدالله بن ثعلبه الانصاري, حي الشوقية, مدينة مكة المكرمة, منطقة مكة المكرمة",2650000,595,,,,11,حي الشوقية,مكة المكرمة,حي الشوقية,"نستقبل عروضكم العقارية ..
- بيع 
- شراء 
- تسويق 
- ايجار 
- إدارة املاك 
- استثمار 

- للتواصل : ((الرقم يظهر عند الضغط على اتصال))",21.380484,39.79599,https://images.aqar.fm/webp/750x0/props/015063521_1786545504909.jpg,1,عدنان سعد,مكتب كيان العاصمة للعقار,1,2026-08-12,2026-09-10,2026-09-13,250,2026-09-20,True,"2,650,000",False,عمارة
6815168,https://sa.aqar.fm/عمائر-للبيع/مكة-المكرمة/حي-البحيرات/شارع-أبو-بكر-بن-الوكيل-حي-البحيرات-مدينة-مكة-المكرمة-منطقة-مكة-المكرمة-6815168,"عمارة للبيع في شارع أبو بكر بن الوكيل, حي البحيرات, مدينة مكة المكرمة, منطقة مكة المكرمة",3500000,407,,,,11,حي البحيرات,مكة المكرمة,حي البحيرات,"للبيع عمارة سكنية في البحيرات – مكة المكرمة

 الموقع: البحيرات – مكة المكرمة، داخل حدود الحرم
 مساحة الأرض: 860 م² تقريبًا، عبارة عن أرضين
 الواجهات: شمالية وشرقية
 الموقع: مقابل حديقة وقريبة من مسجد

 تفاصيل العقار:

* دورين (أرضي + أول)
* ملحق
* بدروم
* عدد 13 شقة
* عمر العقار حوالي 16 سنة
* الدخل الإجمالي السنوي: حوالي 200,000 ريال

 المبلغ المطلوب: 3,500,000 ريال

مميزات العقار:

* داخل حدود الحرم
* مساحة أرض كبيرة
* واجهتان
* مقابل حديقة
* قريب من مسجد
* عدد 13 شقة ودخل قائم

 للتواصل والاستفسار: التواصل على الخاص.",21.473093,39.787006,https://images.aqar.fm/webp/750x0/props/052151823_1786384065150.jpg | https://images.aqar.fm/webp/750x0/props/052151822_1786384074772.jpg,2,ابتسام معوض,شركة فرصة للتطوير والاستثمار العقاري,1,2026-08-10,2026-09-09,2026-09-20,119,2026-09-20,True,"3,500,000",False,عمارة
6864321,https://sa.aqar.fm/عمائر-للبيع/مكة-المكرمة/حي-الراشدية/شارع-عصماء-حي-الشرائع-مدينة-مكة-المكرمة-منطقة-مكة-المكرمة-6864321,"عمارة للبيع في شارع عصماء, حي الشرائع, مدينة مكة المكرمة, منطقة مكة المكرمة",2700000,500,,,,8,حي الراشدية,مكة المكرمة,حي الراشدية,$5f,21.476732,39.94539,https://images.aqar.fm/webp/750x0/props/027825713_1788879293408.jpg,1,عبدالكريم ابراهيم بن رسلان العنزي,شركة ابداع العالمية للتطوير والاستثمار العقاري ,1,2026-09-08,2026-09-08,2026-09-17,125,2026-09-20,True,"2,700,000",False,عمارة
6844951,https://sa.aqar.fm/عمائر-للبيع/مكة-المكرمة/حي-المرسلات/شارع-الفل-حي-المرسلات-مدينة-مكة-المكرمة-منطقة-مكة-المكرمة-6844951,"عمارة للبيع في شارع الفل, حي المرسلات, مدينة مكة المكرمة, منطقة مكة المكرمة",9000000,570,,,,8,حي المرسلات,مكة المكرمة,حي المرسلات,"الحجاز للخدمات العقارية 🏡

بيع • شراء • تسويق • إدارة أملاك • توثيق عقود إيجار

رقم رخصة فال: 1200004861
رقم ترخيص الإعلان: 7201106157

━━━━━━━━━━━━━━━━━━
فرصة استثمارية – عمارة للبيع

فندق مرخص ومجهز لخدمة الحجاج، يتميز بموقع وتجهيزات مناسبة للاستثمار في قطاع الضيافة.

تفاصيل العقار:

• 🏢 مكوّن من 6 أدوار.
• 🛏️ عدد 54 غرفة.
• 👥 الطاقة الاستيعابية: 300 حاج.
• 🛗 عدد 2 مصعد.
• 🚨 سلم طوارئ داخلي.
• 🚨 سلم طوارئ خارجي.
• 📋 تصريح من وزارة السياحة لعام 1447هـ.
• 🕌 المواقف مجهزة حاليًا كـ مصلى وصالة طعام.

💰 السعر المطلوب

9,000,000 ريال سعودي

فرصة استثمارية مميزة في قطاع إسكان الحجاج والضيافة.
━━━━━━━━━━━━━━━━━━

📞 للاستفسار والتواصل:
((الرقم يظهر عند الضغط على اتصال))

━━━━━━━━━━━━━━━━━━

حساباتنا في التواصل الاجتماعي:

‏🤳🏼 سناب شات 

‏snapchat.com/t/RdEy3wEq

‏📱 تيك توك

‏tiktok.com/@alhijaz_2030",21.412252,39.867476,https://images.aqar.fm/webp/750x0/props/027447299_1787850449779.jpg | https://images.aqar.fm/webp/750x0/props/027447296_1787850467341.jpg | https://images.aqar.fm/webp/750x0/props/027447296_1787850467439.jpg | https://images.aqar.fm/webp/750x0/props/027447293_1787850467395.jpg | https://images.aqar.fm/webp/750x0/props/027447297_1787850467542.jpg | https://images.aqar.fm/webp/750x0/props/027447296_1787850467492.jpg | https://images.aqar.fm/webp/750x0/props/027447298_1787850546882.jpg,7,ياسر ناصر,مكتب الحجاز دليلك للخدمات العقارية,1,2026-08-27,2026-08-27,2026-09-18,42,2026-09-20,True,"9,000,000",False,عمارة
6850113,https://sa.aqar.fm/عمائر-للبيع/مكة-المكرمة/حي-الجامعة/شارع-الهداية-حي-الجامعة-مدينة-مكة-المكرمة-منطقة-مكة-المكرمة-6850113,"عمارة للبيع في شارع الهداية, حي الجامعة, مدينة مكة المكرمة, منطقة مكة المكرمة",10000000,525,,,,8,حي الجامعة,مكة المكرمة,حي الجامعة,"الحجاز للخدمات العقارية 🏡

بيع • شراء • تسويق • إدارة أملاك • توثيق عقود إيجار

رقم رخصة فال: 1200004861
رقم ترخيص الإعلان: 7201106154

━━━━━━━━━━━━━━━━━━
🏢 فرصة استثمارية – عمارة سكنية للبيع

عمارة سكنية مميزة تتكون من 10 شقق، بالإضافة إلى ملحق وبدروم، وتفاصيلها:

• 8 شقق – كل شقة 4 غرف
• شقتان – كل شقة 3 غرف
• ملحق
• بدروم

💰 السعر المطلوب: 10 مليون ريال

فرصة مناسبة للاستثمار وتحقيق عوائد من الوحدات السكنية.
━━━━━━━━━━━━━━━━━━

📞 للاستفسار والتواصل:
((الرقم يظهر عند الضغط على اتصال))

━━━━━━━━━━━━━━━━━━

حساباتنا في التواصل الاجتماعي:

‏🤳🏼 سناب شات 

‏snapchat.com/t/RdEy3wEq

‏📱 تيك توك

‏tiktok.com/@alhijaz_2030",21.391029,39.879607,https://images.aqar.fm/webp/750x0/props/027447294_1788158467768.jpg | https://images.aqar.fm/webp/750x0/props/027447299_1788158476550.jpg,2,ياسر ناصر,مكتب الحجاز دليلك للخدمات العقارية,1,2026-08-31,2026-08-31,2026-09-16,43,2026-09-20,True,"10,000,000",False,عمارة
6808603,https://sa.aqar.fm/عمائر-للبيع/مكة-المكرمة/حي-العدل/شارع-إسحاق-بن-عقيل-العلوي-حي-العدل-مدينة-مكة-المكرمة-منطقة-مكة-المكرمة-6808603,"عمارة للبيع في شارع إسحاق بن عقيل العلوي, حي العدل, مدينة مكة المكرمة, منطقة مكة المكرمة",3300000,625,,,,11,حي العدل,مكة المكرمة,حي العدل,"عمارة للبيع في موقع مميز في حي العدل تتكون من:

بدروم + عدد 3 أدوار + ملحق

لكل دور شقتين تتكون من:

صالة + عدد 4 غرفة + عدد 3 دورات مياه + مطبخ
• عمارة مميزة تتكون من 3 أدوار + بدروم + ملحق، بتصميم عملي مناسب للسكن والاستثمار.

• كل دور يضم شقتين واسعتين، بإجمالي 6 شقق، مما يوفر فرصة استثمارية ممتازة.

• كل شقة تتكون من 4غرف + صالة + 3 دورات مياه + مطبخ، بمساحات مناسبة للعائلات.

• توزيع ممتاز ومساحات عائلية واسعة تجعلها خيارًا مثاليًا للسكن المريح أو الاستثمار العقاري.
سعر البيع = 3.300.000 ثلاثة مليون وثلاث مائة ألف ريال ألف ريال
تواصل معنا عبر الاتصال على الخط الساخن 8002450000 مجانا واسأل عن عرض رقم (301)

مواعيد الاتصال:
من السبت الى الخميس من الساعة 10 صباحاً الى الساعة 10 مساءً

شركة العبنق العقارية 
وجهتك الاولى نحو تجربة عقارية متميزة وفريدة من نوعها",21.447369,39.86316,https://images.aqar.fm/webp/750x0/props/006407732_1787510272145.jpg | https://images.aqar.fm/webp/750x0/props/006407736_1786004039154.jpg | https://images.aqar.fm/webp/750x0/props/006407734_1786004039158.jpg | https://images.aqar.fm/webp/750x0/props/006407738_1786004043458.png | https://images.aqar.fm/webp/750x0/props/006407730_1786004058890.png,5,فهاد بن سعد بن منصور السبيعي,شركة العبنق العقارية,1,2026-08-06,2026-09-04,2026-09-19,132,2026-09-20,True,"3,300,000",False,عمارة
6878172,https://sa.aqar.fm/عمائر-للبيع/مكة-المكرمة/حي-الملك-فهد/شارع-ابي-بكر-الاجري-حي-الشامية-الجديد-مدينة-مكة-المكرمة-منطقة-مكة-المكرمة-6878172,"عمارة للبيع في شارع ابي بكر الاجري, حي الشامية الجديد, مدينة مكة المكرمة, منطقة مكة المكرمة",1800000,667,,,,0,حي الملك فهد,مكة المكرمة,حي الملك فهد,"الحجاز للخدمات العقارية

بيع | شراء | تسويق | إدارة أملاك | توثيق عقود إيجار

رقم رخصة فال: 1200004861
رقم ترخيص الإعلان: 7201137123

━━━━━━━━━━━━━━━━━━

🏢 للبيع عمارة دورين وملحق في مخطط ولي العهد 1 – مكة المكرمة 📍

🔸 غرفة سائق خارجية

🔹 الدور الأرضي:
مجلس رجال + مجلس نساء + صالة + مطبخ + غرفتان نوم + 3 دورات مياه + غرفة غسيل + غرفة عاملة بدورة مياه.

🔹 الدور الأول:
مجلس رجال + غرفة طعام + مجلس نساء + صالة + مطبخ + غرفتان نوم + 3 دورات مياه + غرفة غسيل + غرفة عاملة بدورة مياه.

🔹 الملحق:
3 غرف + مطبخ + دورتان مياه + سطحين.

✨ مميزات العقار:
✔ مدخلان مستقلان
✔ حوش خاص
✔ مدخل سيارة
✔ خزانات مستقلة
✔ تشطيب مودرن
✔ تأسيس مصعد
✔ شارع 15 متر
✔ ضمانات السباكة والكهرباء
✔ كرت إشراف هندسي
✔ جميع الضمانات الإنشائية والكهربائية

━━━━━━━━━━━━━━━━━━

📐 المساحة: 414 متر مربع

💰 المطلوب: 1,800,000 ريال

📞 للتواصل: ((الرقم يظهر عند الضغط على اتصال))

━━━━━━━━━━━━━━━━━━

الحجاز للخدمات العقارية
🏡 ثقتكم أساس نجاحنا في البيع والشراء والتسويق العقاري",21.324631,39.680336,https://images.aqar.fm/webp/750x0/props/027447296_1789580206257.jpg | https://images.aqar.fm/webp/750x0/props/027447291_1789580213373.jpg | https://images.aqar.fm/webp/750x0/props/027447295_1789580225133.jpg | https://images.aqar.fm/webp/750x0/props/027447291_1789580225133.jpg | https://images.aqar.fm/webp/750x0/props/027447298_1789580224886.jpg | https://images.aqar.fm/webp/750x0/props/027447294_1789580225125.jpg | https://images.aqar.fm/webp/750x0/props/027447294_1789580224875.jpg | https://images.aqar.fm/webp/750x0/props/027447296_1789580225130.jpg | https://images.aqar.fm/webp/750x0/props/027447299_1789580224877.jpg | https://images.aqar.fm/webp/750x0/props/027447296_1789580225135.jpg | https://images.aqar.fm/webp/750x0/props/027447298_1789580245396.jpg | https://images.aqar.fm/webp/750x0/props/027447292_1789580245562.jpg | https://images.aqar.fm/webp/750x0/props/027447297_1789580245396.jpg | https://images.aqar.fm/webp/750x0/props/027447296_1789580245394.jpg | https://images.aqar.fm/webp/750x0/props/027447298_1789580245563.jpg | https://images.aqar.fm/webp/750x0/props/027447291_1789580245397.jpg | https://images.aqar.fm/webp/750x0/props/027447292_1789580245559.jpg | https://images.aqar.fm/webp/750x0/props/027447290_1789580245610.jpg | https://images.aqar.fm/webp/750x0/props/027447290_1789580259944.jpg,19,ياسر ناصر,مكتب الحجاز دليلك للخدمات العقارية,1,2026-09-16,2026-09-16,2026-09-18,38,2026-09-20,True,"1,800,000",False,عمارة
6490525,https://sa.aqar.fm/عمائر-للبيع/مكة-المكرمة/حي-بطحاء-قريش/شارع-عماره-بن-صفوان-حي-بطحاء-قريش-مدينة-مكة-المكرمة-منطقة-مكة-المكرمة-6490525,"عمارة للبيع في شارع عماره بن صفوان, حي بطحاء قريش, مدينة مكة المكرمة, منطقة مكة المكرمة",4500000,494,,,,3,حي بطحاء قريش,مكة المكرمة,حي بطحاء قريش,"عمار مميزه للبيع في مكه 

ادوار متعدده 

يمنع الوسطاء لعدم الاحراج 🛑

الحوت العقاريه 

بيع - شراء - تسويق - اداره املاك",21.353415,39.832589,https://images.aqar.fm/webp/750x0/props/048795427_1764697167707.jpg,1,عمر سامي,مؤسسة المورد الحوت للتجارة,1,2025-12-02,2026-08-25,2026-08-25,744,2026-09-20,True,"4,500,000",False,عمارة
6758475,https://sa.aqar.fm/عمائر-للبيع/مكة-المكرمة/حي-الملك-فهد/شارع-الفواكة-حي-الملك-فهد-مدينة-مكة-المكرمة-منطقة-مكة-المكرمة-6758475,"عمارة للبيع في شارع الفواكة, حي الملك فهد, مدينة مكة المكرمة, منطقة مكة المكرمة",6000000,444,,,,0,حي الملك فهد,مكة المكرمة,حي الملك فهد,"عمارة جديدة مميزة للبيع 🌟

عوائد مضمونة 🌟
بناء شخصي 🌟
خزان كبير 🌟

مكونة من دور ارضي مواقف 🏡
4 ادوار متكررة 
شقتين بالدور - كل شقة 5 غرف 
ملحق مكون من روفين كل روف 3 غرف بمنافعها ✨

حمامات بكراسي معلقة ماركة قروفي 
مصعد من شركة ميتسوبيشي مواصفات عالية يصل الى الملحق 
واجهات ومداخل رخام ⚡️


للمزيد من التفاصيل يرجى التواصل 🟢",21.406343,39.773165,https://images.aqar.fm/webp/750x0/props/047245549_1783106582161.jpg,1,عمر سامي,مؤسسة المورد الحوت للتجارة,1,2026-07-03,2026-08-31,2026-09-18,347,2026-09-20,True,"6,000,000",False,عمارة
6723226,https://sa.aqar.fm/عمائر-للبيع/مكة-المكرمة/حي-النزهة/شارع-اسحاق-بن-مخلد-حي-النزهة-مدينة-مكة-المكرمة-منطقة-مكة-المكرمة-6723226,"عمارة للبيع في شارع اسحاق بن مخلد, حي النزهة, مدينة مكة المكرمة, منطقة مكة المكرمة",2500000,472,,,,11,حي النزهة,مكة المكرمة,حي النزهة,"عمارة للبيع شارع الستين مخطط الصبان خلف بنك سامبا

قطعة رقم 340
 مساحة الارض ٤٧٢ متر مربع
 الدخل ١٠٠ الف
 عدد الادوار ٤ مع الارضي كل دور شقتين
 ماعدا الملحق شقة واحد كبيرة مكونة من 5 غرف 
باقي الاداور مكونة من شقة ٣ غرف وشقة غرفتين
 مطلوب 2 مليون و500 الف",21.438565,39.7837,https://images.aqar.fm/webp/750x0/props/002428467_1780860809589.png | https://images.aqar.fm/webp/750x0/props/002428460_1780860809579.jpg | https://images.aqar.fm/webp/750x0/props/002428463_1780860809568.jpg | https://images.aqar.fm/webp/750x0/props/002428468_1780860809569.jpg | https://images.aqar.fm/webp/750x0/props/002428461_1780860809588.jpg | https://images.aqar.fm/webp/750x0/props/002428465_1780860809586.jpg | https://images.aqar.fm/webp/750x0/props/002428467_1780860809589.jpg | https://images.aqar.fm/webp/750x0/props/002428460_1780860809588.jpg | https://images.aqar.fm/webp/750x0/props/002428469_1780860809588.png,9,فايز على بن محمد بجيرى,مؤسسة مكتب فايز على بن محمد بجيرى للعقارات,1,2026-06-07,2026-09-03,2026-09-03,410,2026-09-20,True,"2,500,000",False,عمارة
6750247,https://sa.aqar.fm/عمائر-للبيع/مكة-المكرمة/حي-العتيبية/شارع-6-العتيبية-حي-العتيبية-مدينة-مكة-المكرمة-منطقة-مكة-المكرمة-6750247,"عمارة للبيع في شارع 6 العتيبية, حي العتيبية, مدينة مكة المكرمة, منطقة مكة المكرمة",4000000,226,,,,11,حي العتيبية,مكة المكرمة,حي العتيبية,على شارع الحج العام بمكة المكرمة (موقع برخصة فندق 18 دور) للبيع أو الاستثمار مساحةالأرض 226 م٢ بطول واجهة على الشارع 18م على الموقع رخصة فندق جديدة سارية الفندق مكون من 18دور ومحل تجاري، بإجمالي مسطح بناء 3559متر. حالياً على الموقع مبنى قائم دورين تجاري سكني ومؤجر . مطلوب بيع 4 مليون ريال، او استثمار بمبلغ سنوي 200 الف ريال .,21.458441,39.814782,https://images.aqar.fm/webp/750x0/props/037880485_1782589228203.jpg | https://images.aqar.fm/webp/750x0/props/037880485_1782589231958.jpg | https://images.aqar.fm/webp/750x0/props/037880487_1782589234665.jpg | https://images.aqar.fm/webp/750x0/props/037880482_1782589241109.jpg,4,مازن بن جميل بن احمد ظفر,شركة إلمام للخدمات العقارية,1,2026-06-27,2026-08-25,2026-08-25,222,2026-09-20,True,"4,000,000",False,عمارة
6658483,https://sa.aqar.fm/عمائر-للبيع/مكة-المكرمة/حي-العمرة-الجديدة/شارع-البرقاء-حي-العمرة-مدينة-مكة-المكرمة-منطقة-مكة-المكرمة-6658483,"عمارة للبيع في شارع البرقاء, حي العمرة, مدينة مكة المكرمة, منطقة مكة المكرمة",2615000,649,,,,11,حي العمرة الجديدة,مكة المكرمة,حي العمرة الجديدة,"*للبيع عماره بحي العمره رقم 3 بمكة المكرمة*
المساحة : 649.78 متر 
الواجهة : شمالية ممر مشاه بعرض 3م غربية شارع عرض 15 م 
العمر : 11 سنة 
التفاصيل : دورين وملحق 
*الدور الارضي* : ثلاث شقق 
شقتين اماميه مكونه من : مجلس - مطبخ - غرفتين نوم - دورتين مياه 
شقة خلفية مدخلين مكونه من : مجلس رجال - مقلط - غرفتين نوم - مطبخ - غرفتين نوم - صاله - دورتين مياه   
*الدور الاول*: شقتين اماميه مكونه من : مجلس - مقلط - غرفتين نوم - مطبخ - دورتين مياه  
شقة خلفية : مدخلين : مجلس رجال - مقلط
غرفتين نوم - صاله - مطبخ - دورتين مياه  
*المحلق*: فيلا روف وشقة اماميه 
الشقة مكونه من : مجلس - غرفتين نوم - مطبخ - دورتين مياه  
*الفيلا*مكونه من : دورين بدرج داخلي 
الاسفل : مجلس ومقلط و صالون كبير و اربع غرف ومطبخ وثلاث حمامات 
الدور الأعلى : صالة وأربع غرف و ثلاث دورات مياة 

٩ عدادات بالعمارة 

الموقع : https://maps.app.goo.gl/gQknvxHUmQ34Qtib7?g_st=ic

البيع : 2,615,000﷼

نسعد بتواصلكم على الارقام التالية 
0500666636
0555126552
05551101830
0555597245",21.575421,39.785713,https://images.aqar.fm/webp/750x0/props/010045770_1776408262063.jpg | https://images.aqar.fm/webp/750x0/props/010045770_1776408479581.jpg | https://images.aqar.fm/webp/750x0/props/010045774_1776408479746.jpg | https://images.aqar.fm/webp/750x0/props/010045771_1776408479749.jpg | https://images.aqar.fm/webp/750x0/props/010045779_1776408479778.jpg | https://images.aqar.fm/webp/750x0/props/010045773_1776408479930.jpg | https://images.aqar.fm/webp/750x0/props/010045778_1776408479944.jpg | https://images.aqar.fm/webp/750x0/props/010045771_1776408480094.jpg,8,عبدالعزيز عبدالرحمن حمد الغفيص,شركة رواسه المحدودة,1,2026-04-17,2026-06-14,2026-09-18,565,2026-09-20,True,"2,615,000",False,عمارة
6872608,https://sa.aqar.fm/عمائر-للبيع/مكة-المكرمة/حي-التنعيم/شارع-ركانة-بن-عبد-يزيد-رضى-الله-عنه-حي-الشهداء-مدينة-مكة-المكرمة-منطقة-مكة-المكرمة-6872608,"عمارة للبيع في شارع ركانة بن عبد يزيد رضى الله عنه, حي الشهداء, مدينة مكة المكرمة, منطقة مكة المكرمة",6500000,1178,,,,0,حي التنعيم,مكة المكرمة,حي التنعيم,"بمكة المكرمة - التنعيم 
داخل الدائري الثالث 
عمارة مميزة للبيع 

تفاصيل العقار : 
مساحة الارض : 1178 م 
مسطحات البناء : 4088 م 
تقع على شارعين : 10 م 
إجمالي عدد الوحدات : 15 شقة 
العقار غير مشطب فرصة لتشطيبك الخاص 

مكونات العقار  : 
- 4 وحدات في الدور الأرضي.
- 3 وحدات في كل دور من الأدوار المتكررة (9 وحدات).
- وحدتان في الملحق.
إجمالي الوحدات: 15 وحدة

العرض للمشتري فقط 
المطلوب : 6,500,000
للتواصل : ((الرقم يظهر عند الضغط على اتصال))",21.461922,39.808847,https://images.aqar.fm/webp/750x0/props/015063523_1789316029320.jpg | https://images.aqar.fm/webp/750x0/props/015063526_1789316029337.jpg,2,عدنان سعد,مكتب كيان العاصمة للعقار,1,2026-09-13,2026-09-13,2026-09-13,35,2026-09-20,True,"6,500,000",False,عمارة
6505345,https://sa.aqar.fm/عمائر-للبيع/مكة-المكرمة/حي-بطحاء-قريش/شارع-نصر-الكناني-حي-بطحاء-قريش-مدينة-مكة-المكرمة-منطقة-مكة-المكرمة-6505345,"عمارة للبيع في شارع نصر الكناني, حي بطحاء قريش, مدينة مكة المكرمة, منطقة مكة المكرمة",5500000,473,,,,6,حي بطحاء قريش,مكة المكرمة,حي بطحاء قريش,"بمكة المكرمة - بطحاء قريش 
عمارة تجارية للبيع 
المساحة : 500 م 
العمارة على شارعين 32 م - 15 م 
- تتكون من 4 محلات تجارية 
- 7 شقق 4 غرف 
- غرف فندقية 7 غرف بتصميم مودرن وبلكونة خارجية 
- سطح خاص بدوارة مياة
المطلوب : 5,500,000 
للتواصل : ((رقم المعلن يظهر عند التواصل))",21.361279,39.833109,https://images.aqar.fm/webp/750x0/props/001124623_1765652831582.jpg,1,عدنان سعد,مكتب كيان العاصمة للعقار,1,2025-12-13,2025-12-13,2026-09-19,1229,2026-09-20,True,"5,500,000",False,عمارة
6431756,https://sa.aqar.fm/عمائر-للبيع/مكة-المكرمة/حي-الاندلس/شارع-ابن-عبد-الهادي-حي-ريع-اذاخر-مدينة-مكة-المكرمة-منطقة-مكة-المكرمة-6431756,"عمارة للبيع في شارع ابن عبد الهادي, حي ريع اذاخر, مدينة مكة المكرمة, منطقة مكة المكرمة",4400000,813,,,,0,حي الاندلس,مكة المكرمة,حي الاندلس,"عمارة للبيع مكونة من:
تأسيس 8 أدوار متكررة
خزانين ارضية منفصلة
القائم حاليا:
دور تسوية
دور ارضي
دورين متكرر 
كل دور شقتين 7 غرف و3 دورة مياة وغرفة خادمة بدورة مياة
ملحق
قيمة البيع 💵 4400000 أربعة مليون وربعمائة ألف ريال فقط 💵 مما يجعلها فرصة رائعة 🤑
تواصل معنا عبر الاتصال على الخط الساخن مجانا واسأل عن عرض رقم 312
 8002450000
مواعيد الاتصال:
 من السبت الى الخميس من الساعة 10 صباحاً الى الساعة 10 مساءً
او قم بزيارة موقعنا الالكتروني واستكشف مزيدا من الفرص المميزة 
www.alabannq.com 
 العبنق للعقارات وادارة الاملاك 🏢",21.45735,39.834006,https://images.aqar.fm/webp/750x0/props/006407732_1761208433382.jpg | https://images.aqar.fm/webp/750x0/props/006407737_1760952218725.jpg | https://images.aqar.fm/webp/750x0/props/006407730_1760952218725.jpg | https://images.aqar.fm/webp/750x0/props/006407739_1760952218726.jpg | https://images.aqar.fm/webp/750x0/props/006407730_1760952218730.jpg,5,فهاد بن سعد بن منصور السبيعي,شركة العبنق العقارية,1,2025-10-20,2025-10-20,2026-09-19,442,2026-09-20,True,"4,400,000",False,عمارة
6454901,https://sa.aqar.fm/عمائر-للبيع/مكة-المكرمة/حي-الخضراء/شارع-شارع-حنظله-بن-هوده-بن-خالد-حي-الخضراء-مدينة-مكة-المكرمة-منطقة-مكة-المكرمة-6454901,"عمارة للبيع في شارع شارع حنظله بن هوده بن خالد, حي الخضراء, مدينة مكة المكرمة, منطقة مكة المكرمة",5000000,600,,,,7,حي الخضراء,مكة المكرمة,حي الخضراء,"عمارة سكنية مميزة للبيع في مكة المكرمة – حي الخضراء

داخل حد الحرم

📍 الموقع: حي الخضراء – موقع نافذ على التجاري وبالقرب من الجامع وكافة الخدمات.

🔹 مساحة الأرض: 600 م²
🔹 مساحة البناء: 1600 م²
🔹 عرض الشارع: غربي 20 م
🔹 عدد الأدوار: 7 أدوار + قبو + سطح

⸻

تفاصيل العمارة:

القبو:
	•	شقتان (غرف + صالة) مع ملحقاتها
	•	مؤثثة بالكامل

الدور الأرضي:
	•	شقتان كل شقة من 5 غرف مع ملحقاتها

الدور الأول:
	•	شقتان كل شقة من 5 غرف مع ملحقاتها

الدور الثالث:
	•	4 شقق:
	•	شقتان من 3 غرف
	•	شقتان من غرفتين
	•	جميعها مع ملحقاتها

الدور الرابع:
	•	شقة مكونة من 5 غرف
	•	دبلكس مستقل

الدور الخامس:
	•	شقة من 5 غرف مع ملحقاتها
	•	(الشقة بنظام فيلا – المالك ساكن فيها حالياً)

الدور السادس:
	•	سطح

⸻

مميزات إضافية:
	•	صرف صحي متصل (الله يكرمكم)
	•	موية تحلية
	•	غاز مركزي
	•	مكيفات راكبة في جميع الشقق
	•	مطابخ مركبة في جميع الشقق (تتبع لصاحب العقار ولا تُزال)
	•	لكل شقة خزان مستقل و عداد كهرباء مستقل

⸻

الدخل السنوي:
	•	دخل حالي: 279,000 ريال
	•	دخل بعد تأجير الدور الرابع والخامس: 364,000 ريال

⸻

السعر المطلوب:

5,000,000 ريال صافي",21.459269,39.932894,https://images.aqar.fm/webp/750x0/props/037581384_1762347744378.jpg | https://images.aqar.fm/webp/750x0/props/037581381_1762347760054.jpg | https://images.aqar.fm/webp/750x0/props/037581387_1762347760063.jpg | https://images.aqar.fm/webp/750x0/props/037581381_1762347872780.jpg | https://images.aqar.fm/webp/750x0/props/037581383_1762347872788.jpg,5,هشام الحربي,مؤسسة السرار العقارية,1,2025-11-05,2025-11-05,2026-09-12,1398,2026-09-20,True,"5,000,000",False,عمارة
6850543,https://sa.aqar.fm/عمائر-للبيع/مكة-المكرمة/حي-الجامعة/شارع-الصحافة-حي-الجامعة-مدينة-مكة-المكرمة-منطقة-مكة-المكرمة-6850543,"عمارة للبيع في شارع الصحافة, حي الجامعة, مدينة مكة المكرمة, منطقة مكة المكرمة",20000000,1050,,,,11,حي الجامعة,مكة المكرمة,حي الجامعة,"عمارة تجارية سكنية بحي العزيزية
فرصة اســـتثمارية ذهبية للبيع فـــي قلب مكة المكرمة،
موقع اســـتراتيجي متميز في المنطقة المركزية، وسط
محيط حيـــوي وعلى مقربة من الحرم المكي الشـــريف.
هـــذه الفرصة الفريـــدة تلبي تطلعـــات الطموحين في
التملك والاســـتثمار في أقدس بقـــاع الأرض، حيث تتزايد
القيمة العقارية باستمرار نظرا للأهمية الدينية والتجارية
التي تتمتع بها المنطقة.
يعد الموقع الاســـتثنائي لهذه الفرصة الاستثمارية محور
جذب للمستثمرين الباحثين عن الاستقرار المالي والربحية
العالية، حيث يوفر قربها من الحرم المكي سهولة الوصول
إلى الأماكن المقدسة والخدمات الحيوية.
لا تــــدع هذه الفرصــــة تفوتك، فهي تجمــــع بين القيمة
الروحية والعائد الاســـتثماري المرتفـــع، لتكون جزءا من
مستقبل مشرق في مدينة مكة المكرمة.                                   .",21.409679,39.866082,https://images.aqar.fm/webp/750x0/props/038605453_1788772444178.png | https://images.aqar.fm/webp/750x0/props/038605457_1788772450534.png,2,مشرف بن احمد بن سعيد الغامدي,شركة عقار ون للعقار,1,2026-08-31,2026-08-31,2026-09-07,102,2026-09-20,True,"20,000,000",False,عمارة
6861735,https://sa.aqar.fm/عمائر-للبيع/مكة-المكرمة/حي-الهجرة/شارعثابت-بن-خالد-النجاري-حي-الهجرة-مدينة-مكة-المكرمة-منطقة-مكة-المكرمة-6861735,"عمارة للبيع في شارعثابت بن خالد النجاري, حي الهجرة, مدينة مكة المكرمة, منطقة مكة المكرمة",4000000,660,,,,8,حي الهجرة,مكة المكرمة,حي الهجرة,"🏡عمارة للبيع في حي الهجرة
• موقع مميز في حي الهجرة مكونة من 3 أدوار
. إجمالي 6 شقق

٦ شقق وملحق 
٤ شقق ×٤ غرف
٢ شقة × ٥ غرف

• كل دور يحتوي على شقتين
$ مناسبة للسكن والاستثمار وتحقيق دخل إيجاري
الدخل الحالي من 100،000 الى 120,000",21.387981,39.846767,https://images.aqar.fm/webp/750x0/props/052849430_1788770628249.jpg | https://images.aqar.fm/webp/750x0/props/052849433_1788770653605.jpg | https://images.aqar.fm/webp/750x0/props/052849437_1788770653587.jpg,3,أحمد علي فايز,شركة أرسان الحجاز العقارية,1,2026-09-07,2026-09-07,2026-09-19,39,2026-09-20,True,"4,000,000",False,عمارة
6750676,https://sa.aqar.fm/عمائر-للبيع/مكة-المكرمة/حي-النزهة/شارع-ابو-المذيع-العسقلانى-حي-النزهة-مدينة-مكة-المكرمة-منطقة-مكة-المكرمة-6750676,"عمارة للبيع في شارع ابو المذيع العسقلانى, حي النزهة, مدينة مكة المكرمة, منطقة مكة المكرمة",9000000,640,,,,11,حي النزهة,مكة المكرمة,حي النزهة,"عمارة للبيع على الدائري الثالث في حي شارع الستين خلف سوق الحجاز.

معلومات عامة عن العقار:
المساحة: 640م2.
استخدام العقار: سكني.
عدد الشوارع: شارع واحد.
الواجهة: جنوبية.
عدد الأدوار:4 كل دور شقة مكونة من 6 غرف + دورتين مياه. 
عدد الأدوار المسموح بها: 4
+بدروم + حوش + غرفة سائق.
 عمر العقار: 40 سنة.

يتوفر بالحي جميع الخدمات، مياه + كهرباء + صرف صحي.
الحدود والاطوال:
شمالاً: قمة – الجبل - الطول 16م2.
جنوباً: سكة -نافذة بعرض 12 متر - الطول 16م2.
شرقاً: ملك – الطول 40م2.
غرباً: ورثة – الطول 40م2.


ملاحظة: العقار يؤخذ غالباً كأرض بحكم الموقع الإستراتيجي
السعر المطلوب: 9,500,000 ريال قابل للتفاوض.",21.42599,39.779371,https://images.aqar.fm/webp/750x0/props/023559095_1782630713950.jpg | https://images.aqar.fm/webp/750x0/props/023559093_1782630713920.jpg | https://images.aqar.fm/webp/750x0/props/023559093_1782630713920.jpg | https://images.aqar.fm/webp/750x0/props/023559095_1782630713925.jpg | https://images.aqar.fm/webp/750x0/props/023559098_1782630713925.jpg | https://images.aqar.fm/webp/750x0/props/023559092_1782630713943.jpg | https://images.aqar.fm/webp/750x0/props/023559093_1782630713939.jpg | https://images.aqar.fm/webp/750x0/props/023559094_1782630713933.jpg | https://images.aqar.fm/webp/750x0/props/023559091_1782630713940.jpg | https://images.aqar.fm/webp/750x0/props/023559096_1782630713941.jpg | https://images.aqar.fm/webp/750x0/props/023559096_1782630713942.jpg | https://images.aqar.fm/webp/750x0/props/023559096_1782630713941.jpg | https://images.aqar.fm/webp/750x0/props/023559090_1782630713944.jpg | https://images.aqar.fm/webp/750x0/props/023559093_1782630713946.jpg | https://images.aqar.fm/webp/750x0/props/023559097_1782630713944.jpg | https://images.aqar.fm/webp/750x0/props/023559095_1782630713949.jpg | https://images.aqar.fm/webp/750x0/props/023559093_1782630713945.jpg,17,علي بامدحن,شركة آمال المحدودة شركة شخص واحد,1,2026-06-28,2026-08-25,2026-09-19,349,2026-09-20,True,"9,000,000",False,عمارة
6803063,https://sa.aqar.fm/عمائر-للبيع/مكة-المكرمة/حي-بطحاء-قريش/شارع-الزبيري-حي-السوق-الجديد-مدينة-مكة-المكرمة-منطقة-مكة-المكرمة-6803063,"عمارة للبيع في شارع الزبيري, حي السوق الجديد, مدينة مكة المكرمة, منطقة مكة المكرمة",3400000,500,,,,0,حي بطحاء قريش,مكة المكرمة,حي بطحاء قريش,"بطحاء قريش 
مخطط بن دهيس 
عمارة سكنية 3 ادوار 
الدور الاخير غير مشطب .. 

6 شقق",21.347693,39.84126,https://images.aqar.fm/webp/750x0/props/001124625_1785727069262.jpg,1,عدنان سعد,مكتب كيان العاصمة للعقار,1,2026-08-03,2026-09-01,2026-09-19,210,2026-09-20,True,"3,400,000",False,عمارة
6814255,https://sa.aqar.fm/عمائر-للبيع/مكة-المكرمة/حي-الشوقية/شارع-يزيد-بن-عامر-ابو-المنذر-السلمي-حي-الشوقية-مدينة-مكة-المكرمة-منطقة-مكة-المكرمة-6814255,"عمارة للبيع في شارع يزيد بن عامر ابو المنذر السلمي, حي الشوقية, مدينة مكة المكرمة, منطقة مكة المكرمة",6000000,660,,,,11,حي الشوقية,مكة المكرمة,حي الشوقية,"عمارة مكونة من ٦ أدوار:
-واجهة العمارة رخام 
-دور أرضي بكامل المبنى مواقف سيارات
-الدور الاول شقتين مكونة من ٥ غرف و٣ حمامات ومطبخ وغرفة مخزن (خادمة) وغرفة غسيل ملابس
-الدور ٤،٣،٢ مكونة من ٥ غرف كبيرة و٣ حمامات و مطبخ وغرفة مخزن(خادمة) وغرفة غسيل ملابس
الدور الخامس (ملحق) مكون من غرفتين وحمام ومطبخ
-المساحة الاجمالية للعقار ٦٦٠ متر مربع
-الموقع مكة المكرمة حي الشوقية
-الدخل السنوي اكثر من ٢٠٠ الف تقريبا",21.384005,39.792126,https://images.aqar.fm/webp/750x0/props/003868400_1786358510743.jpg | https://images.aqar.fm/webp/750x0/props/003868407_1786358510853.jpg | https://images.aqar.fm/webp/750x0/props/003868407_1786358510849.jpg | https://images.aqar.fm/webp/750x0/props/003868408_1786358510741.jpg,4,عمر محمد منصور العمران,شركة عين الرائدة العقارية,1,2026-08-10,2026-09-08,2026-09-17,158,2026-09-20,True,"6,000,000",False,عمارة
6450208,https://sa.aqar.fm/عمائر-للبيع/مكة-المكرمة/حي-الخضراء/شارع-شارع-أبي-بن-شريق-حي-الخضراء-مدينة-مكه-المكرمه-منطقة-مكة-المكرمة-6450208,"عمارة للبيع في شارع شارع أبي بن شريق, حي الخضراء, مدينة مكه المكرمه, منطقة مكة المكرمة",6000000,805,,,,2,حي الخضراء,مكة المكرمة,حي الخضراء,"الوسيط العقاري: خالد الهويدي:966.562555504

📍 عمارة فاخرة للبيع – حي الخضراء | مكة المكرمة فرصة استثمارية مميزة في موقع استراتيجي، تجمع بين العائد المجزي والتشطيب الراقي. 🏢 تفاصيل العقار: • المساحة الكلية: 806 م² • مساحة المباني: أكثر من 2400 م² • العمر: سنة ونصف فقط • عدد الأدوار: 5 • عدد الشقق: 10 شقق مؤجرة بالكامل • التشطيب: فاخر وعصري • المرافق:• مواقف خاصة • عداد كهرباء مستقل لكل شقة • خزان مياه مستقل • موقع مميز قريب من جميع المرافق الحيوية 📐 المواصفات الفنية: • الواجهة: غربية • عرض الشارع: 20 متر • طول الواجهة: 30 متر 💰 العائد الاستثماري: • الدخل السنوي: 300,000 ريال • العقود: موثّقة عبر منصة إيجار • السعر المطلوب: 6,000,000 ريال سعودي (صافي للبائع) • السعي والضريبة: على المشتري • السعر قابل للتفاوض المعقول 📍 الموقع الجغرافي: • مكة المكرمة – حي الخضراء • ⏱ 22 دقيقة عن المسجد الحرام • ⏱ 11 دقيقة عن وسط الشرائع • ⏱ 23 دقيقة إلى محطة قطار الحرمين • ⏱ 59 دقيقة عن مطار الملك عبدالعزيز . فرصة لا تُفوّت للمستثمرين الباحثين عن دخل ثابت وموقع استراتيجي في قلب مكة المكرمة.",21.465559,39.912957,https://images.aqar.fm/webp/750x0/props/001112562_1769005062248.jpg | https://images.aqar.fm/webp/750x0/props/001112562_1769005082313.jpg | https://images.aqar.fm/webp/750x0/props/001112568_1769005082313.jpg | https://images.aqar.fm/webp/750x0/props/001112569_1769005082329.jpg | https://images.aqar.fm/webp/750x0/props/001112563_1769005082309.jpg | https://images.aqar.fm/webp/750x0/props/001112566_1769005082324.jpg | https://images.aqar.fm/webp/750x0/props/001112569_1769005082347.jpg | https://images.aqar.fm/webp/750x0/props/001112563_1769005082221.jpg | https://images.aqar.fm/webp/750x0/props/001112562_1769005082321.jpg | https://images.aqar.fm/webp/750x0/props/001112562_1769005082216.jpg | https://images.aqar.fm/webp/750x0/props/001112569_1769005100035.jpg | https://images.aqar.fm/webp/750x0/props/001112568_1769005100030.jpg | https://images.aqar.fm/webp/750x0/props/001112567_1769005100031.jpg,13,همدان بن احمد بن هادي الكثيري,شركة الياسمين لإدارة و تطوير العقارات,1,2025-11-02,2025-11-02,2026-09-16,868,2026-09-20,True,"6,000,000",False,عمارة
6779915,https://sa.aqar.fm/عمائر-للبيع/مكة-المكرمة/حي-الملك-فهد/شارع-الأمير-مقرن-بن-عبدالعزيز-آل-سعود-حي-الشامية-الجديد-مدينة-مكة-المكرمة-منطقة-مكة-المكرمة-6779915,"عمارة للبيع في شارع الأمير مقرن بن عبدالعزيز آل سعود, حي الشامية الجديد, مدينة مكة المكرمة, منطقة مكة المكرمة",1200000,478,,,,0,حي الملك فهد,مكة المكرمة,حي الملك فهد,"الحجاز للخدمات العقارية 

بيع | شراء | تسويق | إدارة أملاك | توثيق عقود إيجار

رقم رخصة فال: 1200004861
رقم ترخيص الإعلان: 7201047148

━━━━━━━━━━━━━━━━━━

📍 للبيع عمارة دورين في مخطط ولي العهد 2

الدور الأرضي:

* مجلس رجال
* مجلس نساء
* غرفتا نوم
* صالة
* مطبخ
* غرفة غسيل
* 3 دورات مياه

الدور الأول:

* مجلس رجال
* غرفة طعام
* مجلس نساء
* غرفتا نوم
* صالة
* مطبخ
* 3 دورات مياه

المميزات:

✅ مدخلان مستقلان
✅ حوش خاص
✅ مدخل سيارة
✅ خزانات مستقلة
✅ تشطيب مودرن
✅ تأسيس مصعد
✅ شارع 15 متر
✅ ضمانات السباكة والكهرباء
✅ كرت إشراف هندسي
✅ جميع الضمانات الإنشائية والكهربائية متوفرة

━━━━━━━━━━━━━━━━━━

📐 المساحة: 300 م²
💰 المطلوب: 1,200,000 ريال

📞 للتواصل: ((الرقم يظهر عند الضغط على اتصال))

━━━━━━━━━━━━━━━━━━

تابع أحدث العروض العقارية:

👻 سناب شات:
snapchat.com/t/RdEy3wEq

🎵 تيك توك:
tiktok.com/@alhijaz_2030

فرصة مميزة للتملك في أحد أفضل مخططات مكة، بتصميم عصري وتشطيب أنيق يناسب السكن والاستثمار.",21.338689,39.695631,https://images.aqar.fm/webp/750x0/props/027447291_1784403989885.jpg | https://images.aqar.fm/webp/750x0/props/027447299_1784404006710.jpg | https://images.aqar.fm/webp/750x0/props/027447295_1784404006711.jpg | https://images.aqar.fm/webp/750x0/props/027447294_1784404006713.jpg | https://images.aqar.fm/webp/750x0/props/027447293_1784404006819.jpg | https://images.aqar.fm/webp/750x0/props/027447294_1784404006715.jpg | https://images.aqar.fm/webp/750x0/props/027447291_1784404006821.jpg | https://images.aqar.fm/webp/750x0/props/027447297_1784404006816.jpg | https://images.aqar.fm/webp/750x0/props/027447299_1784404006815.jpg | https://images.aqar.fm/webp/750x0/props/027447299_1784404016340.jpg | https://images.aqar.fm/webp/750x0/props/027447294_1784404016396.jpg | https://images.aqar.fm/webp/750x0/props/027447297_1784404016349.jpg | https://images.aqar.fm/webp/750x0/props/027447298_1784404016462.jpg | https://images.aqar.fm/webp/750x0/props/027447291_1784404016464.jpg | https://images.aqar.fm/webp/750x0/props/027447296_1784404017064.jpg | https://images.aqar.fm/webp/750x0/props/027447296_1784404037941.jpg,16,ياسر ناصر,مكتب الحجاز دليلك للخدمات العقارية,1,2026-07-18,2026-09-15,2026-09-18,327,2026-09-20,True,"1,200,000",False,عمارة
6664872,https://sa.aqar.fm/عمائر-للبيع/مكة-المكرمة/حي-الجامعة/شارع-الصفصاف-حي-الجامعة-مدينة-مكة-المكرمة-منطقة-مكة-المكرمة-6664872,"عمارة للبيع في شارع الصفصاف, حي الجامعة, مدينة مكة المكرمة, منطقة مكة المكرمة",2500000,460,,,,11,حي الجامعة,مكة المكرمة,حي الجامعة,"للبيع فيلا 
🔸 العزيزية📍مخطط البنك
▪️ مساحة الارض : ٤٦٠م
▪️ دورين
✅ يوجد تصريح بناء ٥ ادوار
▪️السعر= 2500000  اثنان مليون ونصف

🔺للتواصل: 
((الرقم يظهر عند الضغط على اتصال))",21.387314,39.875055,https://images.aqar.fm/webp/750x0/props/000083255_1776797864060.jpg | https://images.aqar.fm/webp/750x0/props/000083252_1776798349143.jpg | https://images.aqar.fm/webp/750x0/props/000083255_1776798349320.jpg | https://images.aqar.fm/webp/750x0/props/000083259_1776798349414.jpg | https://images.aqar.fm/webp/750x0/props/000083259_1776798349522.jpg,5,حمزه احمد عبدالقادر العيدروس,شركة النهدي للاستثمارات العقارية  شركة النهدي للاستثمارات التجارية,1,2026-04-21,2026-06-19,2026-08-31,658,2026-09-20,True,"2,500,000",False,عمارة
6595872,https://sa.aqar.fm/عمائر-للبيع/مكة-المكرمة/حي-الخنساء/شارع-شارع-249-الخنساء-حي-الخنساء-مدينة-مكة-المكرمة-منطقة-مكة-المكرمة-6595872,"عمارة للبيع في شارع شارع 249 الخنساء, حي الخنساء, مدينة مكة المكرمة, منطقة مكة المكرمة",4000000,400,,,,11,حي الخنساء,مكة المكرمة,حي الخنساء,"يعني عمارة للبيع 
تتكون من ثلاث ادوار 

الدور الارضي شقتين كل شقة ثلاث غرف وصالة  ومطبخ وحمامين 
ويوجد في الدور غرفتين مستقلة بحماماتها 
الدور الثاني. ثلاث شقق كل شقة ثلاث غرف وحمامين وصالة ومطبخ 
 
وكذلك الدور الثالثة ثلاث شقق كل شقة ثلاث غرف وحمامين ومطبخ وصالة 

العمارة مرممة من الداخل 

و الشقق مؤجرة ب١٨٠ الف 
واصلها الماء والكهرباء 

يوجد فيها ٦ عدادات كهرباء 

المبلغ المطلوب ٤ مليون ريال ..
غير شامل الضريبة والسعي 


يسعدنا في رمضاء استقبال عروضكم والرد على استفساراتكم لا تترددوا بالتواصل معنا",21.442672,39.845143,https://images.aqar.fm/webp/750x0/props/000715570_1771441452004.jpg,1,خالد سليمان علي العقل,مؤسسة رمضاء العقارية,1,2026-02-18,2026-09-10,2026-09-10,334,2026-09-20,True,"4,000,000",False,عمارة
6492697,https://sa.aqar.fm/عمائر-للبيع/مكة-المكرمة/حي-الجامعة/شارع-الايمان-حي-الجامعة-مدينة-مكة-المكرمة-منطقة-مكة-المكرمة-6492697,"عمارة للبيع في شارع الايمان, حي الجامعة, مدينة مكة المكرمة, منطقة مكة المكرمة",4000000,400,,,,11,حي الجامعة,مكة المكرمة,حي الجامعة,"عمارة للبيع في موقع متميز جدا في حي العزيزية - شارع الإيمان - مكة المكرمة
واجهتها شرقية))
تواصل معنا عبر الاتصال على الخط الساخن مجانا واسأل عن عرض رقم (358)
 8002450000
مواعيد الاتصال:
 من السبت الى الخميس من الساعة 10 صباحاً الى الساعة 10 مساءً
او قم بزيارة موقعنا الالكتروني واستكشف مزيدا من الفرص المميزة 
www.alabannq.com 
 العبنق للعقارات وادارة الاملاك 🏢 
وجهتك الاولى نحو تجربة عقارية متميزة وفريدة من نوعها
رقم الرخصة: 1200007304",21.392543,39.877601,https://images.aqar.fm/webp/750x0/props/006407739_1764835925178.jpg | https://images.aqar.fm/webp/750x0/props/006407730_1764835925173.jpg | https://images.aqar.fm/webp/750x0/props/006407730_1764835937178.jpg | https://images.aqar.fm/webp/750x0/props/006407738_1764835937181.jpg | https://images.aqar.fm/webp/750x0/props/006407736_1764835937184.jpg,5,فهاد بن سعد بن منصور السبيعي,شركة العبنق العقارية,1,2025-12-04,2025-12-04,2026-09-19,480,2026-09-20,True,"4,000,000",False,عمارة
6756033,https://sa.aqar.fm/عمائر-للبيع/مكة-المكرمة/حي-الملك-فهد/شارع-الأمير-مقرن-بن-عبدالعزيز-آل-سعود-حي-الشامية-الجديد-مدينة-مكة-المكرمة-منطقة-مكة-المكرمة-6756033,"عمارة للبيع في شارع الأمير مقرن بن عبدالعزيز آل سعود, حي الشامية الجديد, مدينة مكة المكرمة, منطقة مكة المكرمة",1300000,564,,,,0,حي الملك فهد,مكة المكرمة,حي الملك فهد,"الحجاز للخدمات العقارية


رقم رخصة فال: 1200004861
رقم ترخيص الإعلان:7201025789

━━━━━━━━━━━━━━━━━━

🏢 للبيع عمارة دورين وملحق في مخطط ولي العهد 3 – مكة المكرمة 📍

🔹 الدور الأرضي:
مجلس رجال + مجلس نساء + صالة + مطبخ + غرفتا نوم + 3 دورات مياه + غرفة غسيل.

🔹 الدور الأول:
مجلس رجال + غرفة طعام + مجلس نساء + صالة + مطبخ + غرفتا نوم + 3 دورات مياه + غرفة غسيل.

🔹 الملحق:
غرفتان + صالة + مطبخ + دورتين مياه + سطح.

✨ مميزات العقار:
✔ مدخلان مستقلان.
✔ حوش خاص.
✔ مدخل سيارة.
✔ خزانات مستقلة.
✔ تشطيب مودرن.
✔ تأسيس مصعد.
✔ شارع 25 متر.
✔ ضمانات السباكة والكهرباء.
✔ كرت إشراف هندسي.
✔ جميع الضمانات الإنشائية والكهربائية.

━━━━━━━━━━━━━━━━━━

📐 المساحة: 300 متر مربع.

💰 المطلوب: 1,300,000 ريال.

📞 للتواصل: ((الرقم يظهر عند الضغط على اتصال))

━━━━━━━━━━━━━━━━━━

الحجاز للخدمات العقارية
ثقتكم أساس نجاحنا في البيع والشراء والتسويق العقاري. 🏡✨

📱 سناب شات:
snapchat.com/t/RdEy3wEq

🎵 تيك توك:
tiktok.com/@alhijaz_2030",21.33876,39.69564,https://images.aqar.fm/webp/750x0/props/027447290_1782947216378.jpg | https://images.aqar.fm/webp/750x0/props/027447290_1782947228115.jpg | https://images.aqar.fm/webp/750x0/props/027447292_1782947228118.jpg | https://images.aqar.fm/webp/750x0/props/027447295_1782947228110.jpg | https://images.aqar.fm/webp/750x0/props/027447291_1782947228095.jpg | https://images.aqar.fm/webp/750x0/props/027447296_1782947228121.jpg | https://images.aqar.fm/webp/750x0/props/027447292_1782947228101.jpg | https://images.aqar.fm/webp/750x0/props/027447295_1782947228095.jpg | https://images.aqar.fm/webp/750x0/props/027447294_1782947228108.jpg | https://images.aqar.fm/webp/750x0/props/027447299_1782947237892.jpg | https://images.aqar.fm/webp/750x0/props/027447293_1782947237781.jpg | https://images.aqar.fm/webp/750x0/props/027447292_1782947237791.jpg | https://images.aqar.fm/webp/750x0/props/027447290_1782947246353.jpg,13,ياسر ناصر,مكتب الحجاز دليلك للخدمات العقارية,1,2026-07-01,2026-08-29,2026-09-18,215,2026-09-20,True,"1,300,000",False,عمارة
6769800,https://sa.aqar.fm/عمائر-للبيع/مكة-المكرمة/حي-الشهداء/حي-الشهداء-مدينة-مكة-المكرمة-منطقة-مكة-المكرمة-6769800,"عمارة للبيع في حي الشهداء, مدينة مكة المكرمة, منطقة مكة المكرمة",2000000,284,,,,11,حي الشهداء,مكة المكرمة,حي الشهداء,"#113غرض الإعلان: بيع
سعر الوحدة: ٢ مليون 
نوع العقار: عمارة
عمر العقار: 23
مساحة العقار: 284.63
واجهة العقار: غربية
عدد الغرف: 10
عدد الأدوار : دور تسويه و تورين سكن 
رقم المخطط: ——
رقم القطعة:6674
عرض الشارع: 8 
استخدامات العقار: سكني (شقتين)

مميزات العقار : كهربائية عدادات مستقلين - شبكة مياه -انتر نت - موقف خاص ياخذ سيارتين -  يبعد عن المنطقة المركزية 4 كليو - بيت يطل على أبراج الساعه من سطوح - وقريب من الخدمات 
الضمانات ومدتها:  يوجد كرت هندسي إشراف / ضمان ( اتحمل كافة صيانه الكهرباء وشبكه الماء )",21.457548,39.804375,https://images.aqar.fm/webp/750x0/props/041697183_1783843652976.jpg | https://images.aqar.fm/webp/750x0/props/041697189_1783843655223.jpg,2,البندري منصور ابراهيم الوثلان,شركة شموخ العرب العقارية,1,2026-07-12,2026-09-09,2026-09-19,142,2026-09-20,True,"2,000,000",False,عمارة
6633256,https://sa.aqar.fm/عمائر-للبيع/مكة-المكرمة/حي-الملك-فهد/شارع-زيد-بن-ثابت-حي-الشامية-الجديد-مدينة-مكة-المكرمة-منطقة-مكة-المكرمة-6633256,"عمارة للبيع في شارع زيد بن ثابت, حي الشامية الجديد, مدينة مكة المكرمة, منطقة مكة المكرمة",1200000,400,,,,0,حي الملك فهد,مكة المكرمة,حي الملك فهد,"📍 الموقع: مخطط ولي العهد 4

📐 مساحة الأرض: 400 متر مربع

🔹 تفاصيل البناء:
•العقار مؤسس على 3 أدوار + ملحق
•المنفذ حالياً: 3 أدوار كاملة
•كل دور عبارة عن شقة واسعة بتصميم مريح
•تم تنفيذ بيت درج + غرفة مصعد
•الملحق مؤسس فقط (غير منفذ)

🔹 مواصفات البناء:
•استخدام بلك بركاني عالي الجودة
•عزل حراري فلين أزرق جفالي
•صب الخرسانة عبر مصنع خرسانة جاهزة
•تنفيذ مطابق لمعايير الجودة

🔹 الخدمات والمرافق:
•خزان أرضي كبير
•بيارة صرف صحي

💡 العقار مناسب:
✔ للسكن العائلي
✔ للاستثمار (تأجير شقق متعددة)",21.298081,39.679603,https://images.aqar.fm/webp/750x0/props/038319910_1774705554021.jpg,1,فهد مسيلم عياضه,مؤسسة راكزة العقارية,1,2026-03-28,2026-09-18,2026-09-18,1577,2026-09-20,True,"1,200,000",False,عمارة
6724867,https://sa.aqar.fm/عمائر-للبيع/مكة-المكرمة/حي-الملك-فهد/شارع-الأمير-مقرن-بن-عبدالعزيز-آل-سعود-حي-الشامية-الجديد-مدينة-مكة-المكرمة-منطقة-مكة-المكرمة-6724867,"عمارة للبيع في شارع الأمير مقرن بن عبدالعزيز آل سعود, حي الشامية الجديد, مدينة مكة المكرمة, منطقة مكة المكرمة",1300000,517,,,,0,حي الملك فهد,مكة المكرمة,حي الملك فهد,"الحجاز للخدمات العقارية
ر

رقم رخصة فال: 1200004861
رقم ترخيص الإعلان: 7200996902

━━━━━━━━━━━━━━━━━━

🏢 للبيع عمارة دورين وملحق في مخطط ولي العهد 3 – مكة المكرمة 📍

🔹 الدور الأرضي:
مجلس رجال + مجلس نساء + صالة + مطبخ + غرفتا نوم + 3 دورات مياه + غرفة غسيل.

🔹 الدور الأول:
مجلس رجال + غرفة طعام + مجلس نساء + صالة + مطبخ + غرفتا نوم + 3 دورات مياه + غرفة غسيل.

🔹 الملحق:
غرفتان + صالة + مطبخ أمريكي + دورتا مياه + سطحان (أمامي وخلفي).

✨ مميزات العقار:
✔ مدخلان مستقلان.
✔ حوش خاص.
✔ مدخل سيارة.
✔ خزانات مستقلة.
✔ تشطيب مودرن.
✔ تأسيس مصعد.
✔ شارع 25 متر.
✔ ضمانات السباكة والكهرباء.
✔ كرت إشراف هندسي.
✔ جميع الضمانات الإنشائية والكهربائية.

━━━━━━━━━━━━━━━━━━

📐 المساحة: 300 متر مربع.

💰 المطلوب: 1,300,000 ريال.

📞 للتواصل: 0599951186

━━━━━━━━━━━━━━━━━━

الحجاز للخدمات العقارية
ثقتكم أساس نجاحنا في البيع والشراء والتسويق العقاري. 🏡✨

📱 سناب شات:
snapchat.com/t/RdEy3wEq

🎵 تيك توك:
tiktok.com/@alhijaz_2030",21.338774,39.695672,https://images.aqar.fm/webp/750x0/props/027447290_1780950260398.jpg | https://images.aqar.fm/webp/750x0/props/027447294_1780950286094.jpg | https://images.aqar.fm/webp/750x0/props/027447292_1780950286092.jpg | https://images.aqar.fm/webp/750x0/props/027447296_1780950286093.jpg | https://images.aqar.fm/webp/750x0/props/027447299_1780950286094.jpg | https://images.aqar.fm/webp/750x0/props/027447295_1780950286091.jpg | https://images.aqar.fm/webp/750x0/props/027447291_1780950286094.jpg | https://images.aqar.fm/webp/750x0/props/027447294_1780950286219.jpg | https://images.aqar.fm/webp/750x0/props/027447296_1780950286178.jpg | https://images.aqar.fm/webp/750x0/props/027447293_1780950310278.jpg | https://images.aqar.fm/webp/750x0/props/027447294_1780950310248.jpg | https://images.aqar.fm/webp/750x0/props/027447294_1780950310277.jpg | https://images.aqar.fm/webp/750x0/props/027447298_1780950319710.jpg,13,ياسر ناصر,مكتب الحجاز دليلك للخدمات العقارية,1,2026-06-08,2026-09-04,2026-09-18,399,2026-09-20,True,"1,300,000",False,عمارة
6786232,https://sa.aqar.fm/عمائر-للبيع/مكة-المكرمة/حي-الجامعة/شارع-الشيخ-عبد-الله-بن-حميد-حي-الجامعة-مدينة-مكة-المكرمة-منطقة-مكة-المكرمة-6786232,"عمارة للبيع في شارع الشيخ عبد الله بن حميد, حي الجامعة, مدينة مكة المكرمة, منطقة مكة المكرمة",8500000,525,,,,11,حي الجامعة,مكة المكرمة,حي الجامعة,"عقار استثماري للبيع 
بمكة المكرمة العزيزية 
عمارة تجاري للبيع 
المساحة : 525 م 
الأضلاع : 25 في 21
عرض الشارع : 20 م 
-منطقة مركزية تبعد عن الحرم المكي 7 كيلو 
-منطقة حجاج و معتمرين 
-تصريح بناء 7 ادوار 
-بالقرب من المشاعر المقدسة 
-يوجد لها دخل سنوياً 5%

العرض للمشتري فقط 
المطلوب : 8,000,000
للتواصل : ((الرقم يظهر عند الضغط على اتصال))",21.392633,39.874018,https://images.aqar.fm/webp/750x0/props/015063520_1784747458723.jpg | https://images.aqar.fm/webp/750x0/props/015063525_1784747458730.jpg,2,عدنان سعد,مكتب كيان العاصمة للعقار,1,2026-07-22,2026-08-21,2026-09-13,154,2026-09-20,True,"8,500,000",False,عمارة
6792778,https://sa.aqar.fm/عمائر-للبيع/مكة-المكرمة/حي-الروضة/حي-الروضة-مدينة-مكة-المكرمة-منطقة-مكة-المكرمة-6792778,"عمارة للبيع في حي الروضة, مدينة مكة المكرمة, منطقة مكة المكرمة",4200000,400,,,,11,حي الروضة,مكة المكرمة,حي الروضة,"#129 البيت خمس ادوار .
يقع بالقرب من منى
يبعد عن الحرم ٨ دقيقه تقريبا
اعتقد المسموح سابعة ادوار حديث

تقريبا من ٧ الى ٩ كيلوا
وعن طريق انفق محبس الجن الى القصور في اجياد ٥ كيلوا واقل",21.427968,39.852379,https://images.aqar.fm/webp/750x0/props/041697181_1785160857344.jpg | https://images.aqar.fm/webp/750x0/props/041697184_1785160859982.jpg | https://images.aqar.fm/webp/750x0/props/041697188_1785160862854.jpg | https://images.aqar.fm/webp/750x0/props/041697184_1785160864523.jpg,4,البندري منصور ابراهيم الوثلان,شركة شموخ العرب العقارية,1,2026-07-27,2026-07-27,2026-09-19,154,2026-09-20,True,"4,200,000",False,عمارة
6612868,https://sa.aqar.fm/عمائر-للبيع/مكة-المكرمة/حي-الجامعة/شارع-شارع-الحكمة-حي-الجامعة-مدينة-مكة-المكرمة-منطقة-مكة-المكرمة-6612868,"عمارة للبيع في شارع شارع الحكمة, حي الجامعة, مدينة مكة المكرمة, منطقة مكة المكرمة",3500000,625,,,,11,حي الجامعة,مكة المكرمة,حي الجامعة,"موقع مناسب جداً لإسكان الحجاج او شقق التمليك او الشقق المخدومة
يقع العقار في قلب حي  العزيزية قريب جدا من المشاعر",21.39374,39.878232,https://images.aqar.fm/webp/750x0/props/006044857_1772564482347.jpg | https://images.aqar.fm/webp/750x0/props/006044852_1775980624879.jpg,2,يوسف بن عبدالرحمن,مؤسسة يوسف عبدالرحمن عبدالعزيز الهويش للخدمات العقارية,1,2026-03-03,2026-08-25,2026-09-20,447,2026-09-20,True,"3,500,000",False,عمارة
6828000,https://sa.aqar.fm/عمائر-للبيع/مكة-المكرمة/حي-النزهة/شارع-العشيرة-حي-النزهة-مدينة-مكة-المكرمة-منطقة-مكة-المكرمة-6828000,"عمارة للبيع في شارع العشيرة, حي النزهة, مدينة مكة المكرمة, منطقة مكة المكرمة",3000000,625,,,,0,حي النزهة,مكة المكرمة,حي النزهة,"عمارة عظم للبيع مكة المكرمة حي النزهة 

((الرقم يظهر عند الضغط على اتصال))",21.426954,39.787701,https://images.aqar.fm/webp/750x0/props/002428462_1786995816086.jpg | https://images.aqar.fm/webp/750x0/props/002428468_1786995822604.jpg | https://images.aqar.fm/webp/750x0/props/002428462_1786995826362.jpg,3,فايز على بن محمد بجيرى,مؤسسة مكتب فايز على بن محمد بجيرى للعقارات,1,2026-08-17,2026-09-16,2026-09-16,94,2026-09-20,True,"3,000,000",False,عمارة
6850938,https://sa.aqar.fm/عمائر-للبيع/مكة-المكرمة/حي-الحمراء-و-ام-الجود/شارع-أيمن-بن-عبيد-الحبشي-حي-أم-الجود-مدينة-مكة-المكرمة-منطقة-مكة-المكرمة-6850938,"عمارة للبيع في شارع أيمن بن عبيد الحبشي , حي أم الجود, مدينة مكة المكرمة, منطقة مكة المكرمة",5500000,570,,,,1,حي الحمراء و ام الجود,مكة المكرمة,حي الحمراء و ام الجود,"للبيع عمارة سكني تجاري بحي الزايدي جديده
مساحة العمارة 570
دورين وملحق
يوجد ٤ شقق
معرض وميزان",21.391816,39.698196,https://images.aqar.fm/webp/750x0/props/008087695_1788190275164.jpg,1,سلطان حماد,مكتب ديوان حماد العقاري,1,2026-08-31,2026-08-31,2026-09-07,128,2026-09-20,True,"5,500,000",False,عمارة
6761256,https://sa.aqar.fm/عمائر-للبيع/مكة-المكرمة/حي-الروضة/شارع-طريق-المسجد-الحرام-حي-الروضة-مدينة-مكة-المكرمة-منطقة-مكة-المكرمة-6761256,"عمارة للبيع في شارع طريق المسجد الحرام, حي الروضة, مدينة مكة المكرمة, منطقة مكة المكرمة",100000000,2109,,,,11,حي الروضة,مكة المكرمة,حي الروضة,"عمارة للبيع في حي الروضة٬ مكة المكرمة

على الشارع العام امام سوبرماركت بن داوود

يحدها 1 شارع: شرقية٬ بعرض 60 م

واصل كهرباء

واصل مياه

المساحة 2109م2

سعرها 100000000 ر.س قابل للتفاوض

للراغبين في بناء فندق فاخر",21.426402,39.856552,https://images.aqar.fm/webp/750x0/props/037880482_1783281809371.jpg | https://images.aqar.fm/webp/750x0/props/037880484_1783281809373.jpg | https://images.aqar.fm/webp/750x0/props/037880488_1783281809374.jpg | https://images.aqar.fm/webp/750x0/props/037880488_1783281809398.jpg,4,مازن بن جميل بن احمد ظفر,شركة إلمام للخدمات العقارية,1,2026-07-05,2026-09-02,2026-09-02,529,2026-09-20,True,"100,000,000",False,عمارة
6720739,https://sa.aqar.fm/عمائر-للبيع/مكة-المكرمة/حي-الهجرة/شارع-شارعزيد-بن-اسلم-عجلان-حي-الهجرة-مدينة-مكة-المكرمة-منطقة-مكة-المكرمة-6720739,"عمارة للبيع في شارع شارعزيد بن اسلم عجلان, حي الهجرة, مدينة مكة المكرمة, منطقة مكة المكرمة",8500000,1000,,,,11,حي الهجرة,مكة المكرمة,حي الهجرة,"🌐مكتب البُقعة البيضاء للخدمات العقارية🌐
🔳 عمارة سكنيه للبيع
📍 مكة المكرمة - حي الهجره مخطط البدر - خلف محطة سهل طريق الدائري الثالث
♦️ المساحة / 1000م
♦️ 4 ادوار وملحق 
♦️ 9 شقق مع الملحق  
◾️ تفاصيل الشقق والملحق 
🔹 الدور الارضي شقتين من 5 غرف + صاله + مطبخ + غرفة خادمه بحمام + غرفة غسيل ملابس 
🔹 الادوار المكرره كل دور شقتين من  6 غرف + صاله + مطبخ + غرفة خادمه بحمام + غرفة غسيل ملابس 
🔹 الملحق من 2 غرف + صاله + مطبخ + 2 حمام
♦️ مصعد 
♦️ مواقف للسيارات 
♦️ بدروم 
♦️ غرفة حارس 
♦️ 10 عدادات كهرباء كل شقه عداد + عداد الخدمات
♦️ خزان مياه كبير للعماره 
♦️ عمر العماره 25 سنه

💰 المطلوب : 9 مليون  


🥇 رخصة فال : 1200016092

📱 للتواصل رقم : ((الرقم يظهر عند الضغط على اتصال))",21.382115,39.834571,https://images.aqar.fm/webp/750x0/props/040200304_1781854326934.jpg,1,محمد ماجد بن راشد السعيد,مكتب البقعة البيضاء للخدمات العقارية,1,2026-06-06,2026-09-01,2026-09-19,232,2026-09-20,True,"8,500,000",False,عمارة
6808552,https://sa.aqar.fm/عمائر-للبيع/مكة-المكرمة/حي-الشوقية/شارع-اثيله-بنت-راشد-الهذليه-رضي-الله-عنها-حي-الشوقية-مدينة-مكة-المكرمة-منطقة-مكة-المكرمة-6808552,"عمارة للبيع في شارع اثيله بنت راشد الهذليه رضي الله عنها, حي الشوقية, مدينة مكة المكرمة, منطقة مكة المكرمة",3600000,540,,,,11,حي الشوقية,مكة المكرمة,حي الشوقية,"بسم الله الرحمن الرحيم
عمارة للبيع في مكة المكرمة – حي الشوقية
فرصة مميزة لامتلاك عمارة سكنية في موقع ممتاز بحي الشوقية، قريبة من شارع عبدالله العباس تبعد عن الحرم المكي 12 دقيقه .
مواصفات العقار:
الموقع: مكة المكرمة – حي الشوقية
المساحة: 540 متر مربع
عمر العقار: أكثر من 10 سنوات
عدد الأدوار: 5 أدوار
يوجد مصعد
تفاصيل الوحدات السكنية:
6 شقق، كل شقة تتكون من:
6 غرف
3 دورات مياه
مطبخ
صالة
غرفة تخزين
مدخلين لكل شقة
شقتان، كل شقة تتكون من:
5 غرف
3 دورات مياه
مطبخ
صالة
غرفة تخزين
مدخل واحد لكل شقة
ملحق يتكون من:
غرفة
دورة مياه
مطبخ
مميزات إضافية:
مواقف سيارات داخلية تتسع لـ 8 سيارات
مواقف خارجية تتسع لـ 3 سيارات
عدد 2 غرفة مخصصة للحراس
المطلوب 4000000",21.389173,39.797723,https://images.aqar.fm/webp/750x0/props/001440259_1781457107779.jpg | https://images.aqar.fm/webp/750x0/props/001440258_1781457108567.jpg | https://images.aqar.fm/webp/750x0/props/001440255_1781457108570.jpg | https://images.aqar.fm/webp/750x0/props/001440254_1781457108571.jpg | https://images.aqar.fm/webp/750x0/props/001440254_1781457108572.jpg | https://images.aqar.fm/webp/750x0/props/001440251_1786000239137.jpg | https://images.aqar.fm/webp/750x0/props/001440254_1786000239134.jpg | https://images.aqar.fm/webp/750x0/props/001440254_1786000239183.jpg | https://images.aqar.fm/webp/750x0/props/001440253_1786000239350.jpg | https://images.aqar.fm/webp/750x0/props/001440257_1786000239501.jpg | https://images.aqar.fm/webp/750x0/props/001440259_1786000240118.jpg | https://images.aqar.fm/webp/750x0/props/001440257_1786000240120.jpg | https://images.aqar.fm/webp/750x0/props/001440251_1786000240158.jpg | https://images.aqar.fm/webp/750x0/props/001440250_1786000240208.jpg,14,رياض احمد,شركة المهرة لخدمات الأعمال,1,2026-08-06,2026-09-04,2026-09-17,486,2026-09-20,True,"3,600,000",False,عمارة
6557560,https://sa.aqar.fm/عمائر-للبيع/مكة-المكرمة/حي-الهنداوية/شارع-طريق-المنصورية-حي-الهنداوية-مدينة-مكة-المكرمة-منطقة-مكة-المكرمة-6557560,"عمارة للبيع في شارع طريق المنصورية , حي الهنداوية, مدينة مكة المكرمة, منطقة مكة المكرمة",7500000,315,,,,11,حي الهنداوية,مكة المكرمة,حي الهنداوية,"للايجار برج حفصة في مكة  

يقع على شارع عبدالله نصيف 
( ٦ دقايق عن الحرم المكي )  
٨ ادوار مع الميزانين 
٢٠ شقة
غرفة حارس 
قبو مواقف 
٣ اسطح مختلفه 
عمر العقار ١٦ سنه تقريبا 

مقسمة على صكين الكتروني لنفس المالك بمجموع مساحة ٦٣٧ متر
يوحد عقد تاجير ينتهي بعد اقل من سنه
سعر مجموع العمارتين 15 مليون",21.415346,39.804752,https://images.aqar.fm/webp/750x0/props/007620234_1777391372927.jpg,1,فيصل فهد احمد الجعفر,مؤسسة المربع الازرق للخدمات العقارية,1,2026-01-22,2026-07-12,2026-07-29,422,2026-09-20,True,"7,500,000",False,عمارة
6824780,https://sa.aqar.fm/عمائر-للبيع/مكة-المكرمة/حي-العسيلة/شارع-حصن-ابن-وبره-الطائي-حي-العسيلة-مدينة-مكه-المكرمه-منطقة-مكة-المكرمة-6824780,"عمارة للبيع في شارع حصن ابن وبره الطائي, حي العسيلة, مدينة مكه المكرمه, منطقة مكة المكرمة",2500000,400,,,,0,حي العسيلة,مكة المكرمة,حي العسيلة,"عمارة بمكة المكرمة بحي العسيلة
مساحه 400م _ شارع 15م 
تتكون من 3 ادوار :- 
الدور الاول شقتين من 3 غرف 
الدور الثاني والثالث شقتين من 4 غرف 
تشطيبات راقية وفخمة
يتميز العقار بقربه من المسجد 


للتواصل ((رقم المعلن يظهر عند التواصل)) .",21.50235,39.872886,https://images.aqar.fm/webp/750x0/props/004804343_1755259048198.jpg,1,حسن عطيه عبدالله المالكي,مكتب الرامز للعقارات,1,2026-08-16,2026-09-14,2026-09-14,188,2026-09-20,True,"2,500,000",False,عمارة
6613522,https://sa.aqar.fm/عمائر-للبيع/مكة-المكرمة/حي-الملك-فهد/حي-الشامية-الجديد-مدينة-مكه-المكرمه-منطقة-مكة-المكرمة-6613522,"عمارة للبيع في حي الشامية الجديد, مدينة مكه المكرمه, منطقة مكة المكرمة",3000000,600,,,,6,حي الملك فهد,مكة المكرمة,حي الملك فهد,"عمارة عظم 6 ادوار للبيع.  بحي ولي العهد في مكة مخطط رقم ثلاثة قطعة رقم 961 شارع 52 الغربي مساحة الأرض 600 متر المواصفات عمارة عظم بناء شخصي مكونة من بدروم يتسع الى 12 سيارة ثلاث محلات 3،5 في عمق 11.5م ارتفاع 7 م خزان ارضي يتسع له 10 تريلات 10 شقق كالتالي شقتين من غرفتين وصالة ومطبخ وحمام مان أربع شقق من ثلاث غرف وصالة ومطبخ وثلاث حمامات أربع شقق من أربع غرف وصالة ومطبخ وثلاث حمامات منها شقتين مع سطح لكل شقة يوجد ميزان تجاري مساحته 250 متر  ج  

 رقم رخصة فال للوساطة والتسويق: 1100220260",21.312485,39.701421,https://images.aqar.fm/webp/750x0/props/023585847_1697553407765.jpg | https://images.aqar.fm/webp/750x0/props/023585843_1697553407844.jpg,2,سلمى علي عطيه الزهراني,مؤسسة لؤلؤة الصفا للعقار,1,2026-03-04,2026-08-25,2026-09-17,500,2026-09-20,True,"3,000,000",False,عمارة
6876092,https://sa.aqar.fm/عمائر-للبيع/مكة-المكرمة/حي-العوالي/شارع-السلامين-حي-العوالي-مدينة-مكة-المكرمة-منطقة-مكة-المكرمة-6876092,"عمارة للبيع في شارع السلامين, حي العوالي, مدينة مكة المكرمة, منطقة مكة المكرمة",5500000,941,,,,9,حي العوالي,مكة المكرمة,حي العوالي,"عمارة استثمارية مؤجرة بالكامل
المساحة: 941 م²
عمر المبنى: 10 سنوات

مكونات العقار:
• فيلا روف من دورين
• صالة كبيرة مع دورة مياه وسطح خاص
• 7 شقق بمساحات متنوعة
• 3 غرف مخصصة للسائقين

التجهيزات:
• تكييف مركزي للفيلا والصالة الكبيرة
• إحدى الشقق مجهزة بـ5 مكيفات سبليت
• 5 شقق مجهزة بمطابخ

العمارة مؤجرة بالكامل بعقود سنوية الكترونية، وتحتاج إلى بعض أعمال التجديد والتشطيب.",21.356053,39.899154,https://images.aqar.fm/webp/750x0/props/050881336_1789486708515.jpg | https://images.aqar.fm/webp/750x0/props/050881338_1789486708510.jpg | https://images.aqar.fm/webp/750x0/props/050881339_1789486708513.jpg | https://images.aqar.fm/webp/750x0/props/050881338_1789486708617.jpg | https://images.aqar.fm/webp/750x0/props/050881338_1789486708746.jpg | https://images.aqar.fm/webp/750x0/props/050881336_1789486708765.jpg,6,خديجه عصام,مؤسسة مطارح,1,2026-09-15,2026-09-15,2026-09-19,61,2026-09-20,True,"5,500,000",False,عمارة
6800088,https://sa.aqar.fm/عمائر-للبيع/مكة-المكرمة/حي-الشوقية/شارع-أروي-بنت-المقوم-الهاشمية-حي-الشوقية-مدينة-مكة-المكرمة-منطقة-مكة-المكرمة-6800088,"عمارة للبيع في شارع أروي بنت المقوم الهاشمية, حي الشوقية, مدينة مكة المكرمة, منطقة مكة المكرمة",4650000,628,,,,11,حي الشوقية,مكة المكرمة,حي الشوقية,"🏢 فرصة استثمارية مميزة للبيع – عمارة سكنية في حي الشوقية | مكة المكرمة

استثمر في عمارة سكنية بموقع استراتيجي في حي الشوقية – وادي إبراهيم الخليل عليه السلام، أحد الأحياء الحيوية ذات الطلب المرتفع، وعلى بعد 20 دقيقة فقط من الحرم المكي.

تفاصيل العقار:

📍 المساحة: 628.13 م²
📍 الواجهات:

* شرقية على شارع بعرض 25 م.
* شمالية على شارع بعرض 15 م.

مكونات العمارة:

✅ 9 شقق سكنية
✅ 43 غرفة
✅ 9 صالات
✅ 27 دورة مياه

مميزات الموقع:

* قريب من شارع أبو الأرقم.
* بالقرب من حديقة الشوقية.
* بالقرب من ممشى أم المؤمنين.
* قريب من جوهرة الإسكان.
* بالقرب من عيادات الشوقية الطبية.
* جميع الخدمات والمرافق الأساسية متوفرة في محيط العقار.

✨ العقار مناسب للاستثمار وتحقيق عائد إيجاري مميز، كما يتمتع بموقع يسهل الوصول منه إلى أهم الطرق والخدمات.

📞 للتواصل والاستفسار ومعرفة السعر وترتيب موعد للمعاينة، يرجى التواصل مباشرة.",21.382619,39.789665,https://images.aqar.fm/webp/750x0/props/046789886_1785589713166.jpg | https://images.aqar.fm/webp/750x0/props/046789884_1785589713189.jpg | https://images.aqar.fm/webp/750x0/props/046789885_1785589713187.jpg,3,سهيل بن سفر بن عبدالله القحطاني,مؤسسة سهيل سفر عبدالله القحطاني التجارية,1,2026-08-01,2026-08-30,2026-08-30,218,2026-09-20,True,"4,650,000",False,عمارة
6721426,https://sa.aqar.fm/عمائر-للبيع/مكة-المكرمة/حي-العوالي/شارع-القريتين-حي-العوالي-مدينة-مكة-المكرمة-منطقة-مكة-المكرمة-6721426,"عمارة للبيع في شارع القريتين, حي العوالي, مدينة مكة المكرمة, منطقة مكة المكرمة",3000000,990,,,,11,حي العوالي,مكة المكرمة,حي العوالي,"عمارة قديمه للبيع بمكه 
حي العوالي
 ركنيه مساحه ٩٩٠م
المطلوب نزل بالسعر الى ٣ مليون صافي",21.341151,39.904802,https://images.aqar.fm/webp/750x0/props/006006720_1780763299790.jpg,1,حسن عطيه عبدالله المالكي,مكتب الرامز للعقارات,1,2026-06-06,2026-09-02,2026-09-13,536,2026-09-20,True,"3,000,000",False,عمارة
6805408,https://sa.aqar.fm/عمائر-للبيع/مكة-المكرمة/حي-المرسلات/شارع-المستشفى-الاهلى-حي-المرسلات-مدينة-مكة-المكرمة-منطقة-مكة-المكرمة-6805408,"عمارة للبيع في شارع المستشفى الاهلى, حي المرسلات, مدينة مكة المكرمة, منطقة مكة المكرمة",6500000,625,,,,11,حي المرسلات,مكة المكرمة,حي المرسلات,"للبيع قطعتي أرض استثمارية في مكة المكرمة – حي العزيزية📍

فرصة استثمارية مميزة في موقع حيوي داخل حي العزيزية بمكة المكرمة، مناسبة للاستثمار والتطوير.

🔹 القطعة الأولى:وهي عمارة قديمة
📐 المساحة: 625 م²

السعر 6,500,000 ريال صافي


🔹 القطعة الثانية:أرض
📐 المساحة: 471 م²

السعر 4,000,000 ريال

مجموع سعر القطعتين 10,500,000 ريال

مميزات الموقع 
قربها من المسجد الحرم المكي بمسافه٤كم
يسمح بالترخيص بهذا الموقع بالبناء لمباني الايواء السياحي من خلال تصميم فندقي (غرفه وحمام) اسكان حجاج ومعتمرين طوال ايام السنه ويستثنى من تطبيق لائحة الايواء السياحي المعتمده 
قربها من الطريق الدائري الثالث الجديد 
قربها من مشعر منى بالتحديد محطة كدانه للنقل الترددي لجسر الجمرات بمنى  مسافة ٢كم
صك الكتروني محدث

✨ قطع استثمارية بموقع مميز، وفرصة مناسبة للراغبين في الاستثمار العقاري في مكة المكرمة

ملاحظة ✋:-
🔴
البيع للقطعتين معاً.

📞 للاستفسار اتصال أو واتس/

((الرقم يظهر عند الضغط على اتصال))

((الرقم يظهر عند الضغط على اتصال))",21.410867,39.867705,https://images.aqar.fm/webp/750x0/props/028377968_1785841757112.jpg | https://images.aqar.fm/webp/750x0/props/028377969_1785841756984.jpg,2,حسان سليمان,مؤسسة دياركم الماسية الحديث,1,2026-08-04,2026-09-02,2026-09-11,130,2026-09-20,True,"6,500,000",False,عمارة
6814851,https://sa.aqar.fm/عمائر-للبيع/مكة-المكرمة/حي-الاندلس/شارع-196-جبل-السيدة-حي-الأندلس-مدينة-مكة-المكرمة-منطقة-مكة-المكرمة-6814851,"عمارة للبيع في شارع 196 جبل السيدة, حي الأندلس, مدينة مكة المكرمة, منطقة مكة المكرمة",700000,224,,,,11,حي الاندلس,مكة المكرمة,حي الاندلس,"بيت شعبي قديم للبيع او استثمار زاوية على شارعين من 5 متر .
بالمنطقة المركزية ( العتيبية ) 
الكهرباء والماء موجود بالعمارة

500 متر عن نفق جرول الموصل للحرم .
جميع الخدمات موجودة بالحي
البيع 700 الف ريال

للتواصل واتس : 505928000",21.440936,39.823018,https://images.aqar.fm/webp/750x0/props/048240437_1786375381735.jpg,1,خالد صالح بن عوده المحيميد,مكتب خالد صالح بن عوده المحيميد العقاري,1,2026-08-10,2026-09-08,2026-09-18,258,2026-09-20,True,"700,000",False,عمارة
6444200,https://sa.aqar.fm/عمائر-للبيع/مكة-المكرمة/حي-الهنداوية/شارع-مسجد-الامير-احمد-حي-الرصيفة-مدينة-مكة-المكرمة-منطقة-مكة-المكرمة-6444200,"عمارة للبيع في شارع مسجد الامير احمد, حي الرصيفة, مدينة مكة المكرمة, منطقة مكة المكرمة",6000000,992,,,,11,حي الهنداوية,مكة المكرمة,حي الهنداوية,"عمارة في حي الرصيفة - مكة
قريبة من محطة القطار و الدائري الثالث و شارع الستين المتجه الى الحرم

----------

عمارة بدخل شهري يصل الى 21,500 و دخل سنوي يصل الى 258,000
بـ ٤ أدوار وسطح + مبنى إضافي، ١٧ شقة ، ٢ ملحق
١٠ عدادات كهرباء، ١ عداد ماء، ٢ خزانات ماء كبيرة = ٦ تريلات
٧ شقق خلفية لها أبواب طوارئ، سلم طوارئ
غرفة حارس مع حمام ، حوش كبير٣ أبواب
مسبح",21.413638,39.794595,https://images.aqar.fm/webp/750x0/props/000624239_1761663735391.jpg | https://images.aqar.fm/webp/750x0/props/000624239_1761663735389.jpg | https://images.aqar.fm/webp/750x0/props/000624233_1761663735392.jpg | https://images.aqar.fm/webp/750x0/props/000624233_1761663735393.jpg | https://images.aqar.fm/webp/750x0/props/000624236_1761663735392.jpg | https://images.aqar.fm/webp/750x0/props/000624233_1761663735399.jpg | https://images.aqar.fm/webp/750x0/props/000624237_1761663735439.jpg,7,مصعب حبيب الله محمد رحيم التركستاني,مكتب ناجز الغربية للخدمات العقارية,1,2025-10-28,2026-09-18,2026-09-18,486,2026-09-20,True,"6,000,000",False,عمارة
6849613,https://sa.aqar.fm/عمائر-للبيع/مكة-المكرمة/حي-الشوقية/شارع-عبدالله-بن-عبد-مناف-السلمي-حي-الشوقية-مدينة-مكة-المكرمة-منطقة-مكة-المكرمة-6849613,"عمارة للبيع في شارع عبدالله بن عبد مناف السلمي, حي الشوقية, مدينة مكة المكرمة, منطقة مكة المكرمة",4200000,690,,,,11,حي الشوقية,مكة المكرمة,حي الشوقية,"🛑 فرصه عقارية مميزه 🛑 
🛑*للبيــــع* 🛑 
📍 *مكة المكرمة - حي الشوقية 
عمر العقار 13 سنة الحالة نظيفة .
مساحه العقار 690 متر مربع
كل دور يتكون من شقتين بمساحات واسعه 
تقسيم الشقق كالتالي /
خمسة غرف + ثلاث دورات مياه + صاله بمساحة مميزه + مطبخ 
الملحق عباره عن روف كامل بمساحة واسعه و مميزه + سطح بمساحة واسعه 
بالقرب من جميع الخدمات و على بعد دقيقتين من الطريق الدائري الثالث
*المطلوب* 🛑
*فقط 4.200.000 الف  ريال*
ترخيص اعلان/
7201047085
التواصل ع الأرقام التالية:
((الرقم يظهر عند الضغط على اتصال))
((الرقم يظهر عند الضغط على اتصال))",21.390978,39.795977,https://images.aqar.fm/webp/750x0/props/016274623_1788116751906.jpg,1,عبدالرحمن ناشع عبدالله الشهري,شركة تبادل الأعمال العقارية,1,2026-08-30,2026-08-30,2026-09-20,98,2026-09-20,True,"4,200,000",False,عمارة
6853192,https://sa.aqar.fm/عمائر-للبيع/مكة-المكرمة/حي-الرصيفة/شارع-النعمة-حي-الرصيفة-مدينة-مكة-المكرمة-منطقة-مكة-المكرمة-6853192,"عمارة للبيع في شارع النعمة, حي الرصيفة, مدينة مكة المكرمة, منطقة مكة المكرمة",2500000,738,,,,11,حي الرصيفة,مكة المكرمة,حي الرصيفة,"عقار في الرصيفة بمساحة 738 م2
يقدم هذا المبنى فرصة فريدة للاستثمار في منطقة الرصيفة النابضة بالحياة بمكة. مثالي للمطورين والمستثمرين، يقع العقار في موقع استراتيجي يوفر الوصول السهل إلى المرافق والخدمات الأساسية. يمتد المبنى على مساحة كبيرة، مما يجعله مناسبًا لأغراض تجارية أو سكنية مختلفة.",21.411209,39.790952,https://images.aqar.fm/webp/750x0/props/037880482_1788291973707.jpg | https://images.aqar.fm/webp/750x0/props/037880486_1788291973710.jpg | https://images.aqar.fm/webp/750x0/props/037880484_1788291973711.png,3,مازن بن جميل بن احمد ظفر,شركة إلمام للخدمات العقارية,1,2026-09-01,2026-09-01,2026-09-01,102,2026-09-20,True,"2,500,000",False,عمارة
6801013,https://sa.aqar.fm/عمائر-للبيع/مكة-المكرمة/حي-الحمراء-و-ام-الجود/شارع-خالد-بن-خويلد-الهذلي-رضي-الله-عنه-حي-أم-الجود-مدينة-مكة-المكرمة-منطقة-مكة-المكرمة-6801013,"عمارة للبيع في شارع خالد بن خويلد الهذلي رضي الله عنه, حي أم الجود, مدينة مكة المكرمة, منطقة مكة المكرمة",4000000,691,,,,11,حي الحمراء و ام الجود,مكة المكرمة,حي الحمراء و ام الجود,"عمارة للبيع – حي الزايدي

فرصة استثمارية مميزة لامتلاك عمارة في موقع ممتاز بحي الزايدي، تقع مباشرة أمام مسجد جامع، وتتميز بتصميم عملي ومداخل مستقلة توفر الخصوصية للسكان.

مواصفات العقار:

* بدروم.
* الدور الأول: شقتان، كل شقة تتكون من 4 غرف، صالة، مطبخ، ودورات مياه، ومؤجرة حاليًا، مع مدخل مستقل.
* الدور الثاني: شقتان، كل شقة تتكون من 5 غرف، صالة، مطبخ، ودورات مياه، مع مدخل مستقل.
* الملحق (السطح).

تتميز العمارة بموقعها الحيوي أمام المسجد الجامع وقربها من جميع الخدمات، مما يجعلها خيارًا مناسبًا للسكن أو الاستثمار وتحقيق عائد إيجاري.

يوجد تفاوض في السعر في حال الرغبة الجادة للشراء

للاستفسار ولمزيد من التفاصيل، يرجى التواصل.

((الرقم يظهر عند الضغط على اتصال))
((الرقم يظهر عند الضغط على اتصال))",21.398811,39.707813,https://images.aqar.fm/webp/750x0/props/003732932_1785935481546.jpg | https://images.aqar.fm/webp/750x0/props/003732930_1785935552685.jpg | https://images.aqar.fm/webp/750x0/props/003732932_1785935552688.jpg | https://images.aqar.fm/webp/750x0/props/003732930_1785935593027.jpg | https://images.aqar.fm/webp/750x0/props/003732936_1785935593031.jpg,5,سلطان سمير منصور فقيه,مؤسسة ميمارا آدفانسد فور ماركتينج آند ريال إستيت سيرفيسز,1,2026-08-01,2026-08-31,2026-09-10,328,2026-09-20,True,"4,000,000",False,عمارة
6835045,https://sa.aqar.fm/عمائر-للبيع/مكة-المكرمة/حي-الاندلس/شارع-66-جبل-السيدة-حي-الأندلس-مدينة-مكة-المكرمة-منطقة-مكة-المكرمة-6835045,"عمارة للبيع في شارع 66 جبل السيدة, حي الأندلس, مدينة مكة المكرمة, منطقة مكة المكرمة",770000,115,,,,11,حي الاندلس,مكة المكرمة,حي الاندلس,"للبيع أرض مقام عليها مبنى قديم
مكون من محلين وعشر غرف
في موقع مميز جداً وقريب من نفق المشاه
المؤدي إلى التوسعة الشمالية",21.438202,39.826157,https://images.aqar.fm/webp/750x0/props/004833688_1787391229030.jpg | https://images.aqar.fm/webp/750x0/props/004833683_1787391229054.jpg | https://images.aqar.fm/webp/750x0/props/004833689_1787391229046.jpg,3,ابراهيم محمد,مؤسسة جبل العقارية,1,2026-08-22,2026-08-22,2026-09-19,239,2026-09-20,True,"770,000",False,عمارة
6809398,https://sa.aqar.fm/عمائر-للبيع/مكة-المكرمة/حي-التنعيم/شارع-ام-العلاء-بنت-الحافظ-حي-وادي-جليل-مدينة-مكة-المكرمة-منطقة-مكة-المكرمة-6809398,"عمارة للبيع في شارع ام العلاء بنت الحافظ, حي وادي جليل, مدينة مكة المكرمة, منطقة مكة المكرمة",950000,456,,,,11,حي التنعيم,مكة المكرمة,حي التنعيم,"عمارة للبيع بمخطط السقياني ( وادي جليل ) 

بالقرب من شارع الحج 

المساحة : 456 م 2 

مخطط : 1 / 17 / 41 / أ

شمالا : شارع عرض 20 م بطول 19 
جنوبا : بطول 19
شرقا : بطول 24
غربا : بطول 24


لمزيد من التفاصل و العروض : ((الرقم يظهر عند الضغط على اتصال))",21.478888,39.835674,https://images.aqar.fm/webp/750x0/props/021108912_1787750623779.jpg | https://images.aqar.fm/webp/750x0/props/021108915_1787750651320.jpg,2,مؤيد عبدالله عيد الحربي,شركة المبنى الأفضل لادارة الأملاك,1,2026-08-06,2026-09-04,2026-09-12,237,2026-09-20,True,"950,000",False,عمارة
6752226,https://sa.aqar.fm/عمائر-للبيع/مكة-المكرمة/حي-الراشدية/شارع-القدسية-حي-السلام-مدينة-مكة-المكرمة-منطقة-مكة-المكرمة-6752226,"عمارة للبيع في شارع القدسية, حي السلام, مدينة مكة المكرمة, منطقة مكة المكرمة",1750000,392,,,,11,حي الراشدية,مكة المكرمة,حي الراشدية,"فيلا سكنية للبيع الشرائع

- المساحة 392 متر
- مدخل لكل شقة
- الدور الأرضي: أربع غرف, مطبخ, صالة, دورتين مياه, دورة مياه بالغرفة الرئيسية, غرفة سائق مع دورة مياه خارجية
- الدور الأول: أربع غرف, مطبخ, صالة, صالة استقبال, دورتين مياه مع مغاسل خارجية للضيوف, غرفة عاملة بمنافعها 
- الملحق: غرفة بمنافعها
- سطح
- موقف لسيارتين صغيرة
- قريبة من الخدمات العامة


للتواصل والإستفسار: ((الرقم يظهر عند الضغط على اتصال))",21.462771,39.952116,https://images.aqar.fm/webp/750x0/props/037592323_1782727099616.jpg | https://images.aqar.fm/webp/750x0/props/037592327_1782727099598.jpg | https://images.aqar.fm/webp/750x0/props/037592323_1782727099606.jpg | https://images.aqar.fm/webp/750x0/props/037592327_1782727099606.jpg,4,حمد فهد بن حمد النافع,شركة حمد فهد النافع العقارية شخص واحد قابضة,1,2026-06-29,2026-08-26,2026-09-20,908,2026-09-20,True,"1,750,000",False,عمارة
6844343,https://sa.aqar.fm/عمائر-للبيع/مكة-المكرمة/حي-الخضراء/شارع-ابراهيم-بن-محمد-بن-مسعور-حي-الخضراء-مدينة-مكة-المكرمة-منطقة-مكة-المكرمة-6844343,"عمارة للبيع في شارع ابراهيم بن محمد بن مسعور, حي الخضراء, مدينة مكة المكرمة, منطقة مكة المكرمة",3200000,607,,,,10,حي الخضراء,مكة المكرمة,حي الخضراء,"عمارة في مكة حي الخضراء الشرائع 
سته شقق
الدوراللارضي والأول شقتين خمس غرف وثلاث حمامات 
الدور الثاني شقتين من ثلاث غرف وحمامين وسطح 
وتوجد فيلا في العوالي",21.463575,39.925616,https://images.aqar.fm/webp/750x0/props/033316379_1787829218729.jpg | https://images.aqar.fm/webp/750x0/props/033316370_1787829218802.jpg | https://images.aqar.fm/webp/750x0/props/033316376_1787829218773.jpg | https://images.aqar.fm/webp/750x0/props/033316375_1787829218861.jpg,4,خضر ابن حنتول ابن مهارب شريف,شركة خبراء الفن للتصميم شركة شخص واحد,1,2026-08-27,2026-08-27,2026-09-18,168,2026-09-20,True,"3,200,000",False,عمارة
6605996,https://sa.aqar.fm/عمائر-للبيع/مكة-المكرمة/حي-الزهراء/شارع-زينب-بنت-عبدالله-حي-الزهراء-مدينة-مكة-المكرمة-منطقة-مكة-المكرمة-6605996,"عمارة للبيع في شارع زينب بنت عبدالله, حي الزهراء, مدينة مكة المكرمة, منطقة مكة المكرمة",12000000,528,,,,11,حي الزهراء,مكة المكرمة,حي الزهراء,"◇ نوع العقار والمساحـة: عدد (2) عماير سكنيه بصكين محدثه ومستقلة ومتجاورة في حوش واحد مساحة كل عمارة 750م تقريباً الاجمالي 1500م تقريباً ( البيع سواء او التأجير سواء) 
◇ مدينة العقــار والحــي: مكة مخطط الحمراء 

◇ استخـــــدام العقــار: سكني

◇ عــدد أدوار العقــار: عمارة رقم (1على ثلاث شوارع ) تتكون من (3طوابق) عمارة رقم (2على شارعين متظاهرة) تتكون من ( 4 طوابق ) 

◇ عدد وحدات العقار: عمارة (1) العمارة الأولى على ثلاثة شوارع شرقية شمالية غربية مكونة من قبو وثلاثة أدوار، الدور الأول مكون من مجالس استقبال وغرفتين نوم  و 4 دورات مياه ومطبخ وصالات جلوس، والدور الثاني والثالث كل دور يوجد فيه شقتين مساحة كل شقة ٣٠٠ متر تقريباً وكل شقة تتكون من خمسة غرف وصالة ومطبخ وثلاث دورات مياه ومدخلين رئيسين لكل شقة وملحق بالسطح مكون من غرفة ودورة مياه يوجد العمارة يوجد بها مكيفات ومصعد
العمارة الثانية على شارعين متظاهرة غربية شرقية مساحتها ٧٠٠ متر تقريباً يوجد 
فيها قبو وأربعة أدوار متكررة.
الدور الأرضي يوجد فيه شقتين وكل شقة فيها أربعة غرف ودورتين مياه ومطبخ وكل شقة لها مدخل واحد. 
الدور الأول والثاني والثالث كل دور يتكون من شقتين يوجد فيها خمسة غرف وثلاثة دورات مياه ومطبخ ومدخلين مساحة كل شقة تقريباً ٣٠٠ متر. 
يوجد ملحق في السطح يتكون من غرفة ودورة مياه. يوجد فيها مصعد راكب ومكيفات راكبه ( مميزات العقار يبعد عن الحرم 8-10 دقايق يبعد عن الدائري الثالث 200م ويبعد عن الدائري الرابع 3كم  يبعد عن محطة القطار 6-8 دقايق وتبعد عن طريق جدة السريع 2كم ويبعد عن ممشى الحمراء 4 دقايق جميع الخدمات متوفره ) 
حد الايجار 340 


◇ حـد البيـع : 12 مليون السعر في تفاوض",21.431936,39.800519,https://images.aqar.fm/webp/750x0/props/012270374_1772069776167.jpg,1,اسماء العتيبي,شركة مكتب فخامة المباني للعقارات,1,2026-02-26,2026-09-17,2026-09-19,382,2026-09-20,True,"12,000,000",False,عمارة
6544290,https://sa.aqar.fm/عمائر-للبيع/مكة-المكرمة/حي-الجامعة/شارع-التطور-حي-الجامعة-مدينة-مكة-المكرمة-منطقة-مكة-المكرمة-6544290,"عمارة للبيع في شارع التطور, حي الجامعة, مدينة مكة المكرمة, منطقة مكة المكرمة",4000000,400,,,,11,حي الجامعة,مكة المكرمة,حي الجامعة,"عمارة سكنية على شارعين للبيع بالعزيزية مخطط البنك تتكون من دورين 4 شقق كل شقة من 4 غرف موقع مميز على شارعين 3 درجة من شارع الهداية بالعزيزية الغني عن التعريف فرصة للإستثمار في الـتأجير لبعثات الحج العماير المجاورة تتأجر على بعثة الحج الهندية فرصة لتطوير العقار واستغلاله للتأجير في موسم الحج أو تأجيره على حالته كشقق سكنية

للستفسار التواصل على الرقم 
((رقم المعلن يظهر عند التواصل))",21.388747,39.876412,https://images.aqar.fm/webp/750x0/props/002428466_1768253710273.jpg | https://images.aqar.fm/webp/750x0/props/002428468_1768253725975.jpg | https://images.aqar.fm/webp/750x0/props/002428465_1768253725983.jpg | https://images.aqar.fm/webp/750x0/props/002428468_1768253725993.jpg | https://images.aqar.fm/webp/750x0/props/002428461_1768253726001.jpg | https://images.aqar.fm/webp/750x0/props/002428461_1768253725981.jpg | https://images.aqar.fm/webp/750x0/props/002428468_1768253733011.jpg | https://images.aqar.fm/webp/750x0/props/002428461_1768253732998.jpg,8,فايز على بن محمد بجيرى,مؤسسة مكتب فايز على بن محمد بجيرى للعقارات,1,2026-01-12,2026-01-12,2026-08-17,475,2026-09-20,True,"4,000,000",False,عمارة
6594710,https://sa.aqar.fm/عمائر-للبيع/مكة-المكرمة/حي-الرصيفة/شارع-شارع-اوس-بن-جبير-الانصاري-حي-الرصيفة-مدينة-مكة-المكرمة-منطقة-مكة-المكرمة-6594710,"عمارة للبيع في شارع شارع اوس بن جبير الانصاري, حي الرصيفة, مدينة مكة المكرمة, منطقة مكة المكرمة",5000000,727,,,,11,حي الرصيفة,مكة المكرمة,حي الرصيفة,"للبيع عمارة سكنية بمكة بحي الرصيفة بالقرب من محطة القطار
مساحتها 725 على شارع  15 بجنبها مسجد وهابير بندة
عمرها 16 سنوات
 مكونة ومواقف سيارات  على مساحة البناء وميزان وثلاثه ادوار متكرره 
وفيها 8 شقق  وكل دور فيها شقتين وكل شقه من 7 غرف و4 حمامات  وصالة ومطبخ مساحة الشقة 250 م",21.406889,39.786381,https://images.aqar.fm/webp/750x0/props/002428464_1771350747718.jpg,1,فايز على بن محمد بجيرى,مؤسسة مكتب فايز على بن محمد بجيرى للعقارات,1,2026-02-17,2026-09-09,2026-09-09,691,2026-09-20,True,"5,000,000",False,عمارة
6815408,https://sa.aqar.fm/عمائر-للبيع/مكة-المكرمة/حي-الكعكية/شارع-ابو-امامه-الحارثي-رضى-الله-عنه-حي-الكعكية-مدينة-مكة-المكرمة-منطقة-مكة-المكرمة-6815408,"عمارة للبيع في شارع ابو امامه الحارثي رضى الله عنه, حي الكعكية, مدينة مكة المكرمة, منطقة مكة المكرمة",12500000,696,,,,11,حي الكعكية,مكة المكرمة,حي الكعكية,"فرصة استثمارية بعوائد قائمة 
عمارة سكنية تجارية مقامة على صكين بمساحة إجمالية 1,406 م²، تتكون من 3 أدوار، وتضم 8 محلات تجارية مؤجرة، لتجمع بين الاستثمار السكني والتجاري في فرصة واحدة.",21.384951,39.811355,https://images.aqar.fm/webp/750x0/props/002692631_1786991622428.jpg,1,أحمد الزهراني,شركة درر الجزيرة العقارية ,1,2026-08-10,2026-08-10,2026-09-01,145,2026-09-20,True,"12,500,000",False,عمارة
6869823,https://sa.aqar.fm/عمائر-للبيع/مكة-المكرمة/حي-العوالي/شارع-عبدالعزيز-كردي-حي-العوالي-مدينة-مكة-المكرمة-منطقة-مكة-المكرمة-6869823,"عمارة للبيع في شارع عبدالعزيز كردي, حي العوالي, مدينة مكة المكرمة, منطقة مكة المكرمة",4800000,900,,,,11,حي العوالي,مكة المكرمة,حي العوالي,"للبيع عماره في العوالي اخر شارع عبدالعزيز كردي قريب من الدفاع المدني ومسجد وحديقة  المساحة 900م  دورين / الدور الاول شقتين كل شقه بمدخل خارجي خاص  وتفصيلها :  الشقة 1 5 غرف كبيرة + صالة كبيرة +  4 حمامات + خزين + غرفة خادمة بحمامها + مطبخ كبير + حوش مستقل  الشقة 2 /  نفس التصميم   / الدور الثاني شقتين منها شقه بنظام فيلا متصله بملحق كبير  وتفصيلها :  الشقة 3  6 غرف كبيرة + صالة كبيرة +  4 حمامات + خزين + غرفة خادمة بحمامها + مطبخ كبير  شقة نظام فيلا 4 شقة مع ملحق  الشقة تتكون من 7 غرف كبيرة  +  صالة كبيرة جدا + مطبخ صغير للخدمة + 4حمامات + خزين + الملحق بدرج داخلي يتكون من 2 صالة كبيرة جدا + 3 غرف كبيرة + غرفة غسيل و كوي و منشر + مطبخ كبير + 3  حمامات
ويوجد غرفة حارس و غرفة سواق بحمامها ومطبخها   المطلوب ٤ مليون و٨٠٠ الف",21.350503,39.900005,https://images.aqar.fm/webp/750x0/props/006006724_1789167138966.jpg,1,حسن عطيه عبدالله المالكي,مكتب الرامز للعقارات,1,2026-09-11,2026-09-11,2026-09-13,88,2026-09-20,True,"4,800,000",False,عمارة
6832654,https://sa.aqar.fm/عمائر-للبيع/مكة-المكرمة/حي-النوارية/شارع-المزاوي-حي-النوارية-مدينة-مكة-المكرمة-منطقة-مكة-المكرمة-6832654,"عمارة للبيع في شارع المزاوي, حي النوارية, مدينة مكة المكرمة, منطقة مكة المكرمة",3200000,675,,,,11,حي النوارية,مكة المكرمة,حي النوارية,"عمارة سكنية للبيع العمرة الجديدة
- المساحة 675 متر
مكونة من:
أربعة أدوار كل دور مكون من
- الدور الأول والثاني: خمسة غرف, صالة, مطبخ, ثلاثة دورات مياه
- الدور الثالث والرابع مفتوحة على بعض ومكونة من: أربعة غرف, صالة, مطبخ, ثلاثة دورات مياه
- حوش 
- بيت شعر",21.55756,39.773132,https://images.aqar.fm/webp/750x0/props/037592321_1787225916376.jpg | https://images.aqar.fm/webp/750x0/props/037592321_1787225916378.jpg | https://images.aqar.fm/webp/750x0/props/037592323_1787225916378.jpg | https://images.aqar.fm/webp/750x0/props/037592325_1787225916381.jpg,4,حمد فهد بن حمد النافع,شركة حمد فهد النافع العقارية شخص واحد قابضة,1,2026-08-20,2026-09-18,2026-09-20,111,2026-09-20,True,"3,200,000",False,عمارة
6860205,https://sa.aqar.fm/عمائر-للبيع/مكة-المكرمة/حي-الحمراء-و-ام-الجود/شارع-إبراهيم-بن-النبي-صلي-الله-علية-وسلم-حي-أم-الجود-مدينة-مكة-المكرمة-منطقة-مكة-المكرمة-6860205,"عمارة للبيع في شارع إبراهيم بن النبي صلي الله علية وسلم, حي أم الجود, مدينة مكة المكرمة, منطقة مكة المكرمة",3800000,600,,,,0,حي الحمراء و ام الجود,مكة المكرمة,حي الحمراء و ام الجود,"🌐مكتب البُقعة البيضاء للخدمات العقارية🌐
🔳 عمار تجارية سكنية للبيع ( عظم ) 
📍 مكة المكرمة التخصصي الزايدي 
♦️ مساحة 600 م٢
♦️ واجهه شمال شارع عرض 40 م
♦️دورين وملحق 
▪️ الدور الارضي 
♦️ 4 محلات تجارية 
♦️  شقة 3 غرف وصالة ومطبخ و 2 دورات مياه  
▪️ الدور الاول 
♦️ شقتين من 4 غرف وصاله ومطبخ و 3 دورات مياه ومخزن
▪️ الملحق 
♦️ شقة 3 غرف وصاله ومطبخ و 2 دورات مياه
♦️ مؤسس مصعد 

💰 المطلوب : 3 مليون و 800 الف


🥇رخصة فال : 1200016092

📱للتواصل رقم : ((الرقم يظهر عند الضغط على اتصال))",21.404303,39.700962,https://images.aqar.fm/webp/750x0/props/040200304_1788702837210.jpg | https://images.aqar.fm/webp/750x0/props/040200305_1788702837175.jpg,2,محمد ماجد بن راشد السعيد,مكتب البقعة البيضاء للخدمات العقارية,1,2026-09-06,2026-09-06,2026-09-19,66,2026-09-20,True,"3,800,000",False,عمارة
6817825,https://sa.aqar.fm/عمائر-للبيع/مكة-المكرمة/حي-الاندلس/شارع-11-جبل-السيدة-حي-الأندلس-مدينة-مكة-المكرمة-منطقة-مكة-المكرمة-6817825,"عمارة للبيع في شارع 11 جبل السيدة, حي الأندلس, مدينة مكة المكرمة, منطقة مكة المكرمة",1600000,206,,,,11,حي الاندلس,مكة المكرمة,حي الاندلس,"للبيع عمارة مساحتها 106 متر
الموقع مميز جداً بقرب نفق المشاة بالحجون
والمؤدي إلى توسعة الحرم الشمالية",21.439103,39.824183,https://images.aqar.fm/webp/750x0/props/004833682_1786504611850.jpg | https://images.aqar.fm/webp/750x0/props/004833688_1786504611864.jpg,2,ابراهيم محمد,مؤسسة جبل العقارية,1,2026-08-12,2026-09-10,2026-09-19,116,2026-09-20,True,"1,600,000",False,عمارة
6580351,https://sa.aqar.fm/عمائر-للبيع/مكة-المكرمة/حي-الخضراء/شارع-محمد-صالح-ابراهيم-خزامي-حي-الخضراء-مدينة-مكة-المكرمة-منطقة-مكة-المكرمة-6580351,"عمارة للبيع في شارع محمد صالح ابراهيم خزامي, حي الخضراء, مدينة مكة المكرمة, منطقة مكة المكرمة",5500000,600,,,,11,حي الخضراء,مكة المكرمة,حي الخضراء,"🪧عماره للبيع🪧 
       ♦️مساحه 600م♦️
     🪧المسوق الحصري🪧 
    شركة بيت الامتار للعقارات 
        لتواصل، ، ابوفهد
         ((رقم المعلن يظهر عند التواصل))
..العماره الان غير مؤجره.. 

عباره عن دورين  وملحق
5شقق __4 محلات
عمر العماره 20سنه 
ابوفهد 
((رقم المعلن يظهر عند التواصل))",21.462497,39.932745,https://images.aqar.fm/webp/750x0/props/028316572_1770507700697.jpg,1,عبدالعزيز محمد عبدالعزيز البدري,شركة بيت الامتار للعقارات,1,2026-02-07,2026-08-30,2026-09-18,909,2026-09-20,True,"5,500,000",False,عمارة
6863584,https://sa.aqar.fm/عمائر-للبيع/مكة-المكرمة/حي-المرسلات/شارع-محمد-بن-أحمد-البيروني-حي-المرسلات-مدينة-مكة-المكرمة-منطقة-مكة-المكرمة-6863584,"عمارة للبيع في شارع محمد بن أحمد البيروني, حي المرسلات, مدينة مكة المكرمة, منطقة مكة المكرمة",12000000,612,,,,11,حي المرسلات,مكة المكرمة,حي المرسلات,"🔴 عمارة للبيع 
- الموقع: مكة المكرمة/ حي العزيزية امام قصر الامير سلطان درجة ثانية 
- المكونات: تتكون من اربعة ادوار وملحق الدور الارضي مجلس كبير 15*15 مع غرفتين ومطبخ ودورة مياه والدور الاول والثاني والثالث والرابع مكون من شقق مكونة من خمسة غرف وصالة ومطبخ وغرفة عاملة منزلية والدور الخامس مكون ملحق من غرفين ودوراتين مياه وصالة صغيرة وسطوح خاص ويوجد في الحوش غرفتين ودورة مياه ومطبخ 
- المميزات: تبعد عن الحرم 10 دقائق وتقع بين منى ومزدلفة ب 500 متر البناء بناء شخصي والحوش يتسع الى 8 سيارات ويوجد عقد صيانة سنوي للمصعد ماركة المصعد شندلر الالمانية 
المطلوب: 12 مليون 
وللتفاصيل اكثر التواصل: ((الرقم يظهر عند الضغط على اتصال))
رقم الترخيص: 7201442229",21.396503,39.890796,https://images.aqar.fm/webp/750x0/props/009381004_1788855694910.jpg | https://images.aqar.fm/webp/750x0/props/009381005_1788855694917.jpg | https://images.aqar.fm/webp/750x0/props/009381001_1788855694898.jpg | https://images.aqar.fm/webp/750x0/props/009381003_1788855694905.jpg,4,اوسيد عبدالمنعم,مؤسسة روح المدى,1,2026-09-08,2026-09-08,2026-09-14,48,2026-09-20,True,"12,000,000",False,عمارة
6794416,https://sa.aqar.fm/عمائر-للبيع/مكة-المكرمة/حي-الشهداء/شارع-طريق-المدينة-المنورة-حي-الشهداء-مدينة-مكة-المكرمة-منطقة-مكة-المكرمة-6794416,"عمارة للبيع في شارع طريق المدينة المنورة, حي الشهداء, مدينة مكة المكرمة, منطقة مكة المكرمة",6000000,550,,,,11,حي الشهداء,مكة المكرمة,حي الشهداء,"للبيع عمارة تجارية سكنية فرصه

🔺مؤجر على صيدلية النهدي - بدخل ٦.٦٪؜
متبقي ٤ سنوات في العقد

📍مكة المكرمة الشهداء
بعد فول الغامدي - صيدلية النهدي
.
🔶 مكونات العقار:- 
▪️عدد الأدوار= 3
▪️كل دور مساحه مفتوحه 
▪️مساحة الارض ٥٥٠م 
على طريق المدينه وممر خلفي ٦ 
.
🔴المطلوب:- ٦ مليون ريال 
.
◾️للاستفسار:-
((الرقم يظهر عند الضغط على اتصال)) 
((الرقم يظهر عند الضغط على اتصال))",21.456911,39.807508,https://images.aqar.fm/webp/750x0/props/000083257_1785244228287.jpg,1,حمزه احمد عبدالقادر العيدروس,شركة النهدي للاستثمارات العقارية  شركة النهدي للاستثمارات التجارية,1,2026-07-28,2026-08-26,2026-08-31,94,2026-09-20,True,"6,000,000",False,عمارة
6868014,https://sa.aqar.fm/عمائر-للبيع/مكة-المكرمة/حي-الجميزة/شارع-18-الجميزة-2-حي-الجميزة-مدينة-مكة-المكرمة-منطقة-مكة-المكرمة-6868014,"عمارة للبيع في شارع 18 الجميزة 2, حي الجميزة, مدينة مكة المكرمة, منطقة مكة المكرمة",15000000,315,,,,11,حي الجميزة,مكة المكرمة,حي الجميزة,"فرصة عقارية مميزة بالقرب من الحرم المكي، على بعد نحو 1.5 كم.
العقار نافذ مباشرة على الشارع العام وفي موقع حيوي مناسب للاستثمار.",21.438465,39.832324,https://images.aqar.fm/webp/750x0/props/050881337_1789050670847.jpg,1,خديجه عصام,مؤسسة مطارح,1,2026-09-10,2026-09-10,2026-09-19,42,2026-09-20,True,"15,000,000",False,عمارة
6806195,https://sa.aqar.fm/عمائر-للبيع/مكة-المكرمة/حي-الشهداء/شارع-المنطقة-الشرقية-حي-الملك-فهد-مدينة-مكة-المكرمة-منطقة-مكة-المكرمة-6806195,"عمارة للبيع في شارع المنطقة الشرقية, حي الملك فهد, مدينة مكة المكرمة, منطقة مكة المكرمة",3200000,528,,,,11,حي الشهداء,مكة المكرمة,حي الشهداء,"🏢 فرصة استثمارية مميزة – عمارة سكنية فاخرة للبيع في مكة المكرمة
إذا كنت تبحث عن عقار يجمع بين السكن الفاخر والعائد الاستثماري المضمون، فهذه العمارة تمثل فرصة مميزة في موقع استراتيجي داخل حدود الحرم.
📍 الموقع
حي الشهداء النموذجي (ربوة الشهداء) – مكة المكرمة.
السعر قابل للتفاوض 
داخل حدود الحرم.
يبعد عن المسجد الحرام حوالي 10 دقائق.
بجوار الدائري الثالث.
موقع هادئ يوفر الخصوصية وسهولة الوصول إلى جميع الخدمات.
📐 بيانات العقار
المساحة: 528.94 م².
عدد الشقق: 6 شقق.
تتكون العمارة من 3 أدوار بالإضافة إلى ملحق وسطح وبدروم.
صك إلكتروني محدث.
خالية من أي رهون أو مديونيات أو التزامات.
مصعد.
مواقف سيارات.
غاز مركزي.
ألياف بصرية (STC).
جميع الخدمات الأساسية متوفرة (كهرباء، مياه، صرف صحي).
🌟 مميزات العقار
تصميم عصري وتشطيبات مميزة.
موقع استثماري وسكني في أحد أفضل أحياء مكة المكرمة.
جميع شقق الدور الأرضي والدور الأول مؤجرة وتحقق دخلاً استثمارياً.
مناسبة للسكن والاستثمار معاً.
🕌 الخدمات القريبة
مسجد تقام فيه صلاة الجمعة والعيدين، مع حلقات لتحفيظ القرآن الكريم.
أسواق الشهداء.
مدارس ابتدائية وثانوية.
جميع الخدمات اليومية على مسافة قريبة.
للجادين فقط.
للاستفسار والتواصل، يرجى التواصل مباشرة.
((الرقم يظهر عند الضغط على اتصال))",21.462512,39.81142,https://images.aqar.fm/webp/750x0/props/017653372_1785868154340.jpg | https://images.aqar.fm/webp/750x0/props/017653375_1785943115327.jpg | https://images.aqar.fm/webp/750x0/props/017653375_1785868154261.jpg | https://images.aqar.fm/webp/750x0/props/017653375_1785868154255.jpg | https://images.aqar.fm/webp/750x0/props/017653374_1785868154259.jpg | https://images.aqar.fm/webp/750x0/props/017653376_1785868243480.jpg | https://images.aqar.fm/webp/750x0/props/017653375_1785868243554.jpg,7,علي ناصر علي الغامدي,مؤسسة قصر المنازل للعقار,1,2026-08-04,2026-09-03,2026-09-14,134,2026-09-20,True,"3,200,000",False,عمارة
6801002,https://sa.aqar.fm/عمائر-للبيع/مكة-المكرمة/حي-الجامعة/شارع-الشاكر-حي-الجامعة-مدينة-مكة-المكرمة-منطقة-مكة-المكرمة-6801002,"عمارة للبيع في شارع الشاكر, حي الجامعة, مدينة مكة المكرمة, منطقة مكة المكرمة",3750000,400,,,,11,حي الجامعة,مكة المكرمة,حي الجامعة,"عمارة هدد للبيع – حي العزيزية، مكة المكرمة

فرصة استثمارية مميزة لامتلاك عمارة هدد في موقع استراتيجي بحي العزيزية في مكة المكرمة، أحد أكثر الأحياء طلبًا وقربًا من الخدمات والمرافق الرئيسية.

تتميز العمارة بموقعها الحيوي وسهولة الوصول إلى الطرق الرئيسية، مما يجعلها خيارًا مناسبًا للمستثمرين والراغبين في إعادة التطوير أو إقامة مشروع عقاري جديد.

المميزات:

* تقع في حي العزيزية – مكة المكرمة.
* موقع مميز وقريب من جميع الخدمات.
* مناسبة لإعادة التطوير والاستثمار.
* فرصة واعدة في منطقة ذات طلب مرتفع.

للاستفسار ولمزيد من التفاصيل، يرجى التواصل.

((الرقم يظهر عند الضغط على اتصال))
((الرقم يظهر عند الضغط على اتصال))",21.400016,39.869733,https://images.aqar.fm/webp/750x0/props/003732934_1785622386233.jpg | https://images.aqar.fm/webp/750x0/props/003732932_1785622386238.jpg | https://images.aqar.fm/webp/750x0/props/003732934_1785622386243.jpg | https://images.aqar.fm/webp/750x0/props/003732937_1785622386232.jpg,4,سلطان سمير منصور فقيه,مؤسسة ميمارا آدفانسد فور ماركتينج آند ريال إستيت سيرفيسز,1,2026-08-01,2026-08-31,2026-09-10,112,2026-09-20,True,"3,750,000",False,عمارة
6858924,https://sa.aqar.fm/عمائر-للبيع/مكة-المكرمة/حي-العدل/شارع-بخروش-الزهراني-حي-العدل-مدينة-مكة-المكرمة-منطقة-مكة-المكرمة-6858924,"عمارة للبيع في شارع بخروش الزهراني, حي العدل, مدينة مكة المكرمة, منطقة مكة المكرمة",15000000,657,,,,11,حي العدل,مكة المكرمة,حي العدل,"للبيع فندق في  حي العدل بمكة المكرمة
موقع مميز في مخطط الأمير عبدالله الفيصل، قريب من أنفاق الملك فهد المؤدية إلى الحرم ومن جسر الجمرات.
المواصفات:
مساحة الأرض: 657 م²
مسطحات البناء: نحو 2,900 م²
بدروم + أرضي + 4 أدوار متكررة
- 90 غرفة فندقية
- 2 مصعد ميتسوبيشي
- 2 درج طوارئ
- مواقف سيارات
تصنيف فندقي: نجمة واحدة
تصريح إسكان: 350 حاجا
تشطيبات رخام وواجهة جرانيت
تم تجديد الفندق بالكامل هذا العام
عمر المبنى: 11 سنة
الدخل والاستثمار: الفندق مؤجر حاليا بعقد إلكتروني بدخل 500 ألف ريال سنويا، والمتبقي من العقد 3 سنوات.",21.434412,39.860582,https://images.aqar.fm/webp/750x0/props/050881334_1788624925807.jpg | https://images.aqar.fm/webp/750x0/props/050881337_1788624964729.jpg | https://images.aqar.fm/webp/750x0/props/050881330_1788624964770.jpg | https://images.aqar.fm/webp/750x0/props/050881337_1788624964858.jpg,4,خديجه عصام,مؤسسة مطارح,1,2026-09-05,2026-09-05,2026-09-19,61,2026-09-20,True,"15,000,000",False,عمارة
6812366,https://sa.aqar.fm/عمائر-للبيع/مكة-المكرمة/حي-الملك-فهد/شارع-احمد-بن-حاتم-الجرمي-حي-حارة-الباب-الجديد-مدينة-مكة-المكرمة-منطقة-مكة-المكرمة-6812366,"عمارة للبيع في شارع احمد بن حاتم الجرمي, حي حارة الباب الجديد, مدينة مكة المكرمة, منطقة مكة المكرمة",3000000,599,,,,8,حي الملك فهد,مكة المكرمة,حي الملك فهد,"عمارة للبيع ولي العهد 2

- المساحة 599.92 متر
مكونة من:
- دورين 
- الدور الأول: سبعة غرف كبيرة, أربعة دورات مياه, صالة, مطبخ, غرفة غسيل
- الدور الثاني مكون من شقتين كل شقة فيها: أربعة غرف كبيرة, ثلاثة دورات مياه, صالة, مطبخ
- بناء العمارة مؤسس على ستة أدوار 
- مواقف سيارات 



للتواصل والإستفسار: ((الرقم يظهر عند الضغط على اتصال))",21.311388,39.710316,https://images.aqar.fm/webp/750x0/props/037592327_1786268793831.jpg | https://images.aqar.fm/webp/750x0/props/037592326_1786268793843.jpg | https://images.aqar.fm/webp/750x0/props/037592321_1786268793848.jpg | https://images.aqar.fm/webp/750x0/props/037592325_1786268793853.jpg,4,حمد فهد بن حمد النافع,شركة حمد فهد النافع العقارية شخص واحد قابضة,1,2026-08-09,2026-09-07,2026-09-20,114,2026-09-20,True,"3,000,000",False,عمارة
6863643,https://sa.aqar.fm/عمائر-للبيع/مكة-المكرمة/حي-الحمراء-و-ام-الجود/شارع-جميل-بن-درام-العذرى-رضى-الله-عنه-حي-أم-الجود-مدينة-مكة-المكرمة-منطقة-مكة-المكرمة-6863643,"عمارة للبيع في شارع جميل بن درام العذرى رضى الله عنه, حي أم الجود, مدينة مكة المكرمة, منطقة مكة المكرمة",4000000,784,,,,0,حي الحمراء و ام الجود,مكة المكرمة,حي الحمراء و ام الجود,"للبيع عمارة سكنية في مكة المكرمة حي الزايدي: 
المساحة: 784
مكونة من دورين وملحق
- الدور الارضي مكون من شقتين:
شقة مكونة من 4 غرف + 3 دورات مياه + صالة + مطبخ 
شقة مكونة من 5 غرف + 4 دورات مياه + صالة + مطبخ
- الدور الاول شقتين:
شقة مكونة من 5 غرف + 3 دورات المياه + صالة + مطبخ
شقة مكونة من خمسة غرف + 4 دورات + صالة + مطبخ
- الملحق مكون من شقتين: 
شقة مكون غرفتين + 3 دورات مياه + صالة + سطح 
شقة مكون غرفتين + 3 دورات مياه + صالة + سطح  
السعر: 4 مليون قابل للتفاوض بالمعقول
رقم الترخيص: 7052043176
التواصل: ((الرقم يظهر عند الضغط على اتصال))
https://maps.app.goo.gl/Yzme9CUtFhVbUGPd7?g_st=ic",21.397758,39.703911,https://images.aqar.fm/webp/750x0/props/009381003_1788858743919.jpg | https://images.aqar.fm/webp/750x0/props/009381003_1788858743906.jpg | https://images.aqar.fm/webp/750x0/props/009381003_1788858744082.jpg,3,اوسيد عبدالمنعم,مؤسسة روح المدى,1,2026-09-08,2026-09-08,2026-09-14,88,2026-09-20,True,"4,000,000",False,عمارة
6711005,https://sa.aqar.fm/عمائر-للبيع/مكة-المكرمة/حي-الحمراء-و-ام-الجود/شارع-51-الحديبية-1-حي-الحديبية-مدينة-مكة-المكرمة-منطقة-مكة-المكرمة-6711005,"عمارة للبيع في شارع 51 الحديبية 1, حي الحديبية, مدينة مكة المكرمة, منطقة مكة المكرمة",2100000,1005,,,,5,حي الحمراء و ام الجود,مكة المكرمة,حي الحمراء و ام الجود,"🎗️🏢 **إعـــــــــلان عمــــارة للبيع** 🏢🎗️

✨🏙️ **عمارة للبيع – فرصة استثمارية مميزة** 🏙️✨

📍 **مكة المكرمة – حي الحديبة**
خلف محطة الدريس – طريق مكة جدة القديم

🌿 **موقع مخدوم تتوفر في محيطه الخدمات الأساسية.**

📐 **مساحة الأرض:** 1000 م²
🏗️ **مساحة البناء:** 500 م²
📏 **إجمالي مسطحات البناء:** 1300 م²

🏗️ **مكونات العمارة:**
▪️ 3 أدوار + ملحق
▪️ إجمالي **7 شقق**
▪️ الدور الأرضي مكتمل بالكامل
▪️ الدوران الثاني والثالث تأسيس سباكة وكهرباء

💰 **السعر المطلوب:**
**1,750,000 ريال**

📌 يوجد التزام قائم لدى البنك العقاري بمبلغ يقارب **350,000 ريال**.

📌 ويمكن للمشتري **تحمل القرض العقاري** وسداد قسط شهري يقارب **1,700 ريال**، وذلك لمن **لم يسبق له الاستفادة من البنك العقاري**.

🌿 موقع مخدوم تتوفر في محيطه الخدمات الأساسية.",21.423765,39.634556,https://images.aqar.fm/webp/750x0/props/037169675_1779740332287.jpg | https://images.aqar.fm/webp/750x0/props/037169679_1779740332286.jpg,2,احمد سعيد صافي العمري,مكتب وسيط الأجيال للخدمات العقارية,1,2026-05-25,2026-08-21,2026-09-19,349,2026-09-20,True,"2,100,000",False,عمارة
6647956,https://sa.aqar.fm/عمائر-للبيع/مكة-المكرمة/حي-الجميزة/شارع-طريق-المسجد-الحرام-حي-ريع-اذاخر-مدينة-مكه-المكرمه-منطقة-مكة-المكرمة-6647956,"عمارة للبيع في شارع طريق المسجد الحرام, حي ريع اذاخر, مدينة مكه المكرمه, منطقة مكة المكرمة",23000000,419,,,,11,حي الجميزة,مكة المكرمة,حي الجميزة,"تقدم لكم شركة أوان الرؤية العقارية 

مبنى تجاري/ سكني حسب المواصفات: 

المدينة: مكة المكرمة 

الحي :المعابدة 

العقار على 3 شوارع 
(طريق المسجد الحرام)

العقار مؤثث بالكامل 

المساحة الارض :419.97م 
مساحة المباني: 6965م 

يتكون من : 
- (بدروم + دور ارضي + 10 ادوار مكرر + الدور11 فله)
- معرض تجاري كبير 
- 30 شقة تتكون من 4 غرف كبيره 
- 2 مصاعد 

( عدد الغرف 129 غرفه تتسع لـ451 حاج)   

(يوجد تصريح إسكان حجاج)

واجهة : جنوبية

عمر العقار :اكثر من20 سنه

جميع الخدمات : متوفره 

سعر العقار :23,000,000﷼

للتواصل : 
عبدالعزيز : 0500755715",21.442099,39.83677,https://images.aqar.fm/webp/750x0/props/017709155_1775732514662.jpg | https://images.aqar.fm/webp/750x0/props/017709152_1775732514660.jpg,2,ناصر الراجحي,شركة أوان الرؤية العقارية,1,2026-04-09,2026-09-01,2026-09-19,384,2026-09-20,True,"23,000,000",False,عمارة
6623648,https://sa.aqar.fm/عمائر-للبيع/مكة-المكرمة/حي-الملك-فهد/شارع-ابي-القاسم-الزجاجي-حي-الشامية-الجديد-مدينة-مكة-المكرمة-منطقة-مكة-المكرمة-6623648,"عمارة للبيع في شارع ابي القاسم الزجاجي, حي الشامية الجديد, مدينة مكة المكرمة, منطقة مكة المكرمة",2700000,622,,,,10,حي الملك فهد,مكة المكرمة,حي الملك فهد,"عماره للبيع مساحه ٦٢٢ 
العقار داخل حد الحرم 
-عمر العقار سنه ونص 
-عدد الشقق ١٠ 
-مؤجره بالكامل عقود الكترونيه 
- الدور الارضي شقتين من ٥ غرف 
- الدور الاول ٤ شقق من ٤ غرف 
- الدور الثاني ٤ شقق من ٣ غرف 
الدخل حدود ٢٠٠ الف",21.32148,39.703111,https://images.aqar.fm/webp/750x0/props/006058163_1754243125954.jpg,1,ابراهيم احمد بن عبدالله قطش,شركة البيت اللامع العقارية,1,2026-03-12,2026-06-08,2026-09-13,909,2026-09-20,True,"2,700,000",False,عمارة
6652708,https://sa.aqar.fm/عمائر-للبيع/مكة-المكرمة/حي-العمرة-الجديدة/شارع-الطارفة-حي-العمرة-مدينة-مكة-المكرمة-منطقة-مكة-المكرمة-6652708,"عمارة للبيع في شارع الطارفة, حي العمرة, مدينة مكة المكرمة, منطقة مكة المكرمة",3000000,492,,,,8,حي العمرة الجديدة,مكة المكرمة,حي العمرة الجديدة,"عمارة للبيع العمرة الجديدة

- المساحة 492.15 متر
مكونة من:
ثلاثة أدوار وملحق
- الدور الأول: شقتين مكونة من, أربعة غرف, صالة, ثلاثة دورات مياه
- الدور الثاني والثالث: شقتين مكونة من, خمسة غرف, ثلاثة دورات مياه
- الملحق: شقتين مكونة من, غرفتين, دورتين مياه, مطبخ, سطح
- مواقف سيارات
- مصعد


للتواصل والإستفسار: 0555970373",21.564245,39.775858,https://images.aqar.fm/webp/750x0/props/037592320_1776069845872.jpg | https://images.aqar.fm/webp/750x0/props/037592321_1776069845876.jpg | https://images.aqar.fm/webp/750x0/props/037592329_1776069845874.jpg | https://images.aqar.fm/webp/750x0/props/037592324_1776069845882.jpg,4,حمد فهد بن حمد النافع,شركة حمد فهد النافع العقارية شخص واحد قابضة,1,2026-04-13,2026-09-05,2026-09-20,901,2026-09-20,True,"3,000,000",False,عمارة
6817817,https://sa.aqar.fm/عمائر-للبيع/مكة-المكرمة/حي-المعابدة/شارع-الملاوي-حي-المعابده-مدينة-مكة-المكرمة-منطقة-مكة-المكرمة-6817817,"عمارة للبيع في شارع الملاوي, حي المعابده, مدينة مكة المكرمة, منطقة مكة المكرمة",990000,109,,,,11,حي المعابدة,مكة المكرمة,حي المعابدة,"للبيع عمارة مساحتها 109 متر
مكونة من محلين و 10 غرف
الموقع مميز جداً و على شارع رئيسي",21.438003,39.8417,https://images.aqar.fm/webp/750x0/props/004833681_1786504064951.jpg,1,ابراهيم محمد,مؤسسة جبل العقارية,1,2026-08-12,2026-09-10,2026-09-19,218,2026-09-20,True,"990,000",False,عمارة
6817931,https://sa.aqar.fm/عمائر-للبيع/مكة-المكرمة/حي-الخنساء/شارع-الحج-حي-الخنساء-مدينة-مكة-المكرمة-منطقة-مكة-المكرمة-6817931,"عمارة للبيع في شارع الحج, حي الخنساء, مدينة مكة المكرمة, منطقة مكة المكرمة",7500000,507,,,,11,حي الخنساء,مكة المكرمة,حي الخنساء,"للبيع عمارة تجارية على شارع الحج
وهو من الشوارع الرئيسية بالمنطقة المركزية
تمتاز بقربها من المشاعر
تتكون من 4 محلات و 9 شقق
كامل العمارة مؤجرة بثلاثة عقود فقط",21.452954,39.847044,https://images.aqar.fm/webp/750x0/props/004833686_1786518758910.jpg,1,ابراهيم محمد,مؤسسة جبل العقارية,1,2026-08-12,2026-09-10,2026-09-19,85,2026-09-20,True,"7,500,000",False,عمارة
6634388,https://sa.aqar.fm/عمائر-للبيع/مكة-المكرمة/حي-النزهة/شارع-عبد-الملك-بن-عبد-الملك-بن-درباس-حي-النزهة-مدينة-مكة-المكرمة-منطقة-مكة-المكرمة-6634388,"عمارة للبيع في شارع عبد الملك بن عبد الملك بن درباس, حي النزهة, مدينة مكة المكرمة, منطقة مكة المكرمة",4000000,520,,,,11,حي النزهة,مكة المكرمة,حي النزهة,"عمارة للبيع 

- المساحة 520 متر
مكونة من:
ستة شقق و روف
- الدور الأرضي: ثلاثة غرف, مطبخ, دورتين مياه, صالة
- الدور الأول والثاني: أربعة غرف, دورتين مياه, صالة, مطبخ
- الروف مكون من, صالونين إستقبال كبيرة, صالة, مطبخ رئيسي, غرفة خادمة, دورة مياه, غرفة طعام, غرفتين, دورتين مياه
- الدور الرابع (الملحق): غرفة ماستر بدورة مياه, غرفتين نوم, صالة, مطبخ سيرفس, دورة مياه


للتواصل والإستفسار: 0555970373",21.435068,39.783458,https://images.aqar.fm/webp/750x0/props/037592327_1774783351997.jpg | https://images.aqar.fm/webp/750x0/props/037592324_1774783351995.jpg | https://images.aqar.fm/webp/750x0/props/037592323_1774783351996.jpg | https://images.aqar.fm/webp/750x0/props/037592324_1774783351996.jpg,4,حمد فهد بن حمد النافع,شركة حمد فهد النافع العقارية شخص واحد قابضة,1,2026-03-29,2026-09-19,2026-09-20,465,2026-09-20,True,"4,000,000",False,عمارة
6554397,https://sa.aqar.fm/عمائر-للبيع/مكة-المكرمة/حي-بطحاء-قريش/شارع-الحسن-بن-حمزه-حي-بطحاء-قريش-مدينة-مكة-المكرمة-منطقة-مكة-المكرمة-6554397,"عمارة للبيع في شارع الحسن بن حمزه, حي بطحاء قريش, مدينة مكة المكرمة, منطقة مكة المكرمة",2600000,620,,,,8,حي بطحاء قريش,مكة المكرمة,حي بطحاء قريش,"عمارة سكنية بطحاء قريش

- المساحة 620 م
مكونة من  دورين وملحق
- أربعة شقق كل دور شقتين 
- الملحق عظم
- حوش


للتواصل والإستفسار: ((رقم المعلن يظهر عند التواصل))",21.362095,39.823883,https://images.aqar.fm/webp/750x0/props/037592326_1768912540892.jpg | https://images.aqar.fm/webp/750x0/props/037592325_1768912540890.jpg | https://images.aqar.fm/webp/750x0/props/037592322_1768912540903.jpg,3,حمد فهد بن حمد النافع,شركة حمد فهد النافع العقارية شخص واحد قابضة,1,2026-01-20,2026-09-17,2026-09-20,2155,2026-09-20,True,"2,600,000",False,عمارة
6482034,https://sa.aqar.fm/عمائر-للبيع/مكة-المكرمة/حي-الملك-فهد/شارع-أحمد-بن-مطرف-حي-حارة-الباب-الجديد-مدينة-مكة-المكرمة-منطقة-مكة-المكرمة-6482034,"عمارة للبيع في شارع أحمد بن مطرف, حي حارة الباب الجديد, مدينة مكة المكرمة, منطقة مكة المكرمة",5000000,600,,,,5,حي الملك فهد,مكة المكرمة,حي الملك فهد,"عمارة للبيع ولي العهد 2

- المساحة 600 متر
مكونة من:
-  ستة شقق في الأسفل غير مشطبة وملحق مشطب مع السطح  
- الدور الأرضي: أربع غرف, صالة, أربع دورات مياه, غرفة عاملة
- الدور الأول والثاني: أربع شقق مكونة من, خمسة غرف, أربع دورات مياه, صالة, مطبخ, غرفة عاملة
- يوجد كاميرات مراقبة
- يوجد حديقة وممشى قريبة من العمارة


للتواصل والإستفسار: ((رقم المعلن يظهر عند التواصل))",21.308748,39.704308,https://images.aqar.fm/webp/750x0/props/037592326_1764160487112.jpg | https://images.aqar.fm/webp/750x0/props/037592320_1764160487113.jpg | https://images.aqar.fm/webp/750x0/props/037592324_1764160487120.jpg | https://images.aqar.fm/webp/750x0/props/037592329_1764160487122.jpg,4,حمد فهد بن حمد النافع,شركة حمد فهد النافع العقارية شخص واحد قابضة,1,2025-11-26,2026-03-27,2026-09-20,794,2026-09-20,True,"5,000,000",False,عمارة
6827983,https://sa.aqar.fm/عمائر-للبيع/مكة-المكرمة/حي-الشوقية/شارع-المليحه-السفلي-حي-المحمدية-مدينة-مكة-المكرمة-منطقة-مكة-المكرمة-6827983,"عمارة للبيع في شارع المليحه السفلي, حي المحمدية, مدينة مكة المكرمة, منطقة مكة المكرمة",2200000,805,,,,11,حي الشوقية,مكة المكرمة,حي الشوقية,"عمارة للبيع حي جنوب المسفلة (السبهاني اخر ممشى الشوقية القديم)
مساحة 805
عمر العقار اكثر من 30 سنة
🏢 *عمارة للبيع في حي السبهاني بمدينة مكة المكرمة * 
🏢 *مساحة العمارة  805 م ( على شارع 15 )*
🏢  تحتوي على شقتين و ملحق 
 🏢 الدور الأرضي 6 غرف و  3 دورات مياه و صالتين و مطبخ
الدور الأول 7 غرف 3 دورات مياه و مطبخ و غرفة غسيل و صالتين 
🏢 محلق 
🏢 العمارة مع خزان مياه واحد 
🏢غرفة سائق 
 🏢حوش كبير  

السعر 2 مليون و 200 الف 
((الرقم يظهر عند الضغط على اتصال))",21.359685,39.78461,https://images.aqar.fm/webp/750x0/props/002428468_1786995369728.jpg | https://images.aqar.fm/webp/750x0/props/002428463_1786995374202.jpg,2,فايز على بن محمد بجيرى,مؤسسة مكتب فايز على بن محمد بجيرى للعقارات,1,2026-08-17,2026-09-16,2026-09-16,221,2026-09-20,True,"2,200,000",False,عمارة
6827144,https://sa.aqar.fm/عمائر-للبيع/مكة-المكرمة/حي-الحجون/شارع-188-البياري-حي-الحجون-مدينة-مكة-المكرمة-منطقة-مكة-المكرمة-6827144,"عمارة للبيع في شارع 188 البياري, حي الحجون, مدينة مكة المكرمة, منطقة مكة المكرمة",4000000,161,,,,11,حي الحجون,مكة المكرمة,حي الحجون,"للبيع مبنى فندقي بحي جرول🏨 

*عدد 22 جناح (غرفة بحمام داخلي)🚾
*المبنى مجدد بالكامل تشطيب فندقي عالي⭐️⭐️
*يبعد عن نفق المشاه 4-5 دقائق📍
*يبعد عن الحرم 12-15 دقيقة مشياً بالأقدام🕋🚶‍♂️
*جميع نوافذ الغرف مطلة على الشارع وليس منور🪟
*متوفر مواقف سيارات مجانية أمام المبنى🚗
*طفايات حرائق في جميع المرافق🧯",21.437774,39.818195,https://images.aqar.fm/webp/750x0/props/004833683_1786968664984.jpg | https://images.aqar.fm/webp/750x0/props/004833689_1786968664999.jpg | https://images.aqar.fm/webp/750x0/props/004833681_1786968664984.jpg | https://images.aqar.fm/webp/750x0/props/004833685_1786968664913.jpg | https://images.aqar.fm/webp/750x0/props/004833685_1786968664993.jpg | https://images.aqar.fm/webp/750x0/props/004833683_1786968664919.jpg,6,ابراهيم محمد,مؤسسة جبل العقارية,1,2026-08-17,2026-09-15,2026-09-19,116,2026-09-20,True,"4,000,000",False,عمارة
6763066,https://sa.aqar.fm/عمائر-للبيع/مكة-المكرمة/حي-الزهراء/شارع-مسجد-بن-حسن-حي-الزهراء-مدينة-مكة-المكرمة-منطقة-مكة-المكرمة-6763066,"عمارة للبيع في شارع مسجد بن حسن, حي الزهراء, مدينة مكة المكرمة, منطقة مكة المكرمة",21000000,1093,,,,11,حي الزهراء,مكة المكرمة,حي الزهراء,"🕋 أرض سكنيّة للبيع في حي جرول (مكة المكرمة)
فرصة استثمارية مميزة بالقرب من المنطقة المركزية!
 المساحة: 1093.26 م².
يوجد مبنى  يتكون من
دورين الدور الاول أربع غرف دورتين مياة وصاله ومطبخ 
الدور الثاني اربعه غرف وثلاث دورات مياه 
وغرفة شغالة مع دورة مياه مستقله.

الاستخدام: سكني (مثالي لبناء عمارة شقق تمليك فاخرة أو مجمع خاص).
 المميزات: موقع استراتيجي حيوي، محاط بالخدمات، وجاهز للتطوير الفوري.
📞 للتواصل المباشر والمعاينة: ((الرقم يظهر عند الضغط على اتصال))",21.429367,39.799165,https://images.aqar.fm/webp/750x0/props/006511883_1783377740749.jpg | https://images.aqar.fm/webp/750x0/props/006511887_1783377740750.jpg,2,خالد ال فايد,مكتب التكتيك للخدمات العقارية,1,2026-07-06,2026-08-05,2026-09-19,223,2026-09-20,True,"21,000,000",False,عمارة
6831713,https://sa.aqar.fm/عمائر-للبيع/مكة-المكرمة/حي-العمرة-الجديدة/شارع-البرك-حي-العمرة-مدينة-مكة-المكرمة-منطقة-مكة-المكرمة-6831713,"عمارة للبيع في شارع البرك, حي العمرة, مدينة مكة المكرمة, منطقة مكة المكرمة",2700000,610,,,,11,حي العمرة الجديدة,مكة المكرمة,حي العمرة الجديدة,"🏢 **للبيع عمارة سكنية مميزة على شارعين – حي النور | مخطط بدر**
** مساحة : 610م
✨ **موقع حيوي ومتكامل الخدمات:**

📍 خلف جامع المصباح مباشرة
🌳 بجوار حديقة عامة
🏫 قريبة من مجمع مدارس وروضة أطفال
🛣️ تقع على شارعين وتتميز بسهولة الدخول والخروج

🏠 **مكونات العمارة: دورين وملحق**

🔸 **الدور الأرضي – شقتان:**

1️⃣ **الشقة الأولى:**
• 3 غرف واسعة
• صالة كبيرة
• مطبخ
• دورتا مياه
• مدخلان: مدخل من الحوش ومدخل من الباب الرئيسي

2️⃣ **الشقة الثانية:**
• 3 غرف
• صالة
• مطبخ
• مدخل من الباب الرئيسي
• مدخل مستقل من الشارع الآخر

👤 توجد غرفة حارس واسعة بمدخل مستقل.

🔸 **الدور الأول – شقتان:**

1️⃣ **الشقة الأولى:**
• 4 غرف واسعة
• صالة كبيرة
• مطبخ
• دورتا مياه
• غرفة عاملة

2️⃣ **الشقة الثانية:**
• 3 غرف
• صالة كبيرة
• مطبخ
• دورتا مياه

🔸 **الملحق:**

🏡 شقة تتكون من:
• 3 غرف
• صالة واسعة
• مطبخ
• دورتا مياه

🌤️ مقابل الشقة سطح مستقل، يحتوي على غرفة كبيرة ودورات مياه، بالإضافة إلى سطح علوي آخر.

🚗 **مميزات إضافية:**

✅ حوشان داخل العمارة
✅ بوابة كراج
✅ باب يربط الكراج بغرفة الحارس
✅ تم تجديد العمارة
✅ خزان أرضي كبير يستوعب قرابة 8 وايتات مياه
✅ الكهرباء والمياه والصرف الصحي واصلة
✅ مناسبة للسكن العائلي أو الاستثمار والتأجير

📞 **للتواصل والاستفسار:**
**مكتب المعالم المميزة للخدمات العقارية**
📱 ((الرقم يظهر عند الضغط على اتصال))
🔖 رخصة فال: 1200017157
📄 رقم ترخيص الإعلان: **[7201094161]**

#عمارة_للبيع #عقارات_مكة #فرصة_عقارية #المعالم_المميزة",21.568901,39.781339,https://images.aqar.fm/webp/750x0/props/001054762_1787164536146.jpg | https://images.aqar.fm/webp/750x0/props/001054764_1787164536147.png | https://images.aqar.fm/webp/750x0/props/001054769_1787164536159.jpg | https://images.aqar.fm/webp/750x0/props/001054765_1787164564590.jpg | https://images.aqar.fm/webp/750x0/props/001054762_1787259622037.jpg,5,علي سعد ظافر القرني,مكتب المعالم المميزة للخدمات العقارية,1,2026-08-19,2026-09-18,2026-09-18,138,2026-09-20,True,"2,700,000",False,عمارة
6771007,https://sa.aqar.fm/عمائر-للبيع/مكة-المكرمة/حي-بطحاء-قريش/شارع-علي-بن-اسعد-الخطيب-حي-بطحاء-قريش-مدينة-مكة-المكرمة-منطقة-مكة-المكرمة-6771007,"عمارة للبيع في شارع علي بن اسعد الخطيب, حي بطحاء قريش, مدينة مكة المكرمة, منطقة مكة المكرمة",5000000,610,,,,10,حي بطحاء قريش,مكة المكرمة,حي بطحاء قريش,"تفاصيل العمارة (حي بطحاء قريش النموذجي) 
مساحة الارض 610
عدد الادوار : بدروم +دور ارضي+4 ادوار متكررة +مبيت
مساحة البناء: 2426.98م2
عمر العقار 9 سنة تقريبا 
عدد الشقق: 17 شقة وتفاصيلها كالتالي:
1 شقة خمسة غرف 
2 شقتين اربع غرف مع حوش صغير
10 شقق ثلاثة غرف 
3 شقق غرفتين 
1 شقة غرفة وصالة 
1 ملحق غرفة وصالة 

مؤجرة 350 ألف بدون البدروم 

تتميز العمارة بموقع قريب من الشارع العام وبجانب ممشى بطحاء قريش النموذجي بداية الحي وبجوارها مباشرة مسجد
توجد جميع الخدمات مياه كهرباء
يوجد عقد مع شركة موبايلي ( برج )",21.376135,39.830962,https://images.aqar.fm/webp/750x0/props/045148845_1744103516915.jpg | https://images.aqar.fm/webp/750x0/props/045148847_1744103516915.jpg | https://images.aqar.fm/webp/750x0/props/045148845_1744103897584.jpg | https://images.aqar.fm/webp/750x0/props/045148844_1786305803776.jpg,4,بدر محمد بن عوده الجهني,مؤسسة الحلول الصائبة للعقارات,1,2026-07-12,2026-09-09,2026-09-19,265,2026-09-20,True,"5,000,000",False,عمارة
6700139,https://sa.aqar.fm/عمائر-للبيع/مكة-المكرمة/حي-الملك-فهد/شارع-أبي-محمد-البهاء-حي-الشامية-الجديد-مدينة-مكة-المكرمة-منطقة-مكة-المكرمة-6700139,"عمارة للبيع في شارع أبي محمد البهاء, حي الشامية الجديد, مدينة مكة المكرمة, منطقة مكة المكرمة",550000,198,,,,0,حي الملك فهد,مكة المكرمة,حي الملك فهد,شقة بمساحة 200متر تتكون من  خمس غرف 3 حمامات ومطبخ وصاله وغرفة غسيل بمخطط ولي العهد رقم واحد داخل حدود الحرم  بجوار جامع الامير تركي,21.319943,39.686766,https://images.aqar.fm/webp/750x0/props/052791972_1778995640520.jpg | https://images.aqar.fm/webp/750x0/props/052791971_1778995640520.jpg | https://images.aqar.fm/webp/750x0/props/052791973_1778995640521.jpg | https://images.aqar.fm/webp/750x0/props/052791970_1778995640523.jpg | https://images.aqar.fm/webp/750x0/props/052791973_1778995640588.jpg | https://images.aqar.fm/webp/750x0/props/052791979_1778995640552.jpg | https://images.aqar.fm/webp/750x0/props/052791979_1778995640539.jpg | https://images.aqar.fm/webp/750x0/props/052791978_1778995640540.jpg | https://images.aqar.fm/webp/750x0/props/052791977_1778995640539.jpg | https://images.aqar.fm/webp/750x0/props/052791970_1778995640519.jpg | https://images.aqar.fm/webp/750x0/props/052791978_1778995640519.jpg | https://images.aqar.fm/webp/750x0/props/052791978_1778995640522.jpg | https://images.aqar.fm/webp/750x0/props/052791979_1778995640561.jpg | https://images.aqar.fm/webp/750x0/props/052791972_1778995640553.jpg | https://images.aqar.fm/webp/750x0/props/052791973_1778995640554.jpg,15,محسنه بنت مران بن مشيط الفهمي,مؤسسة المعمار المتقدمة للمقاولات عامة,1,2026-05-17,2026-09-10,2026-09-10,1175,2026-09-20,True,"550,000",False,عمارة
6499853,https://sa.aqar.fm/عمائر-للبيع/مكة-المكرمة/حي-الملك-فهد/شارع-شارع-الأمير-ناصر-بن-عبد-العزيز-آل-سعود-حي-الملك-فهد-مدينة-مكة-المكرمة-منطقة-مكة-المكرمة-6499853,"عمارة للبيع في شارع شارع الأمير ناصر بن عبد العزيز آل سعود, حي الملك فهد, مدينة مكة المكرمة, منطقة مكة المكرمة",12000000,750,,,,9,حي الملك فهد,مكة المكرمة,حي الملك فهد,"عمارة سكنية تجارية تحتوي على :
4 محلات تجارية
4 ادوار + سطح + بدروم
16 شقة 
دخل عالي ولله الحمد
موقع مميز على شارع 40م وبالقرب من جامع البلد الامين الحضاري",21.381816,39.770856,https://images.aqar.fm/webp/750x0/props/014597037_1766907560596.jpg | https://images.aqar.fm/webp/750x0/props/014597037_1766907565223.jpg | https://images.aqar.fm/webp/750x0/props/014597034_1766907572415.jpg | https://images.aqar.fm/webp/750x0/props/014597030_1766907577318.jpg,4,محمد مصطفى,مؤسسة ادارة المباني العقارية,1,2025-12-09,2025-12-09,2026-07-29,956,2026-09-20,True,"12,000,000",False,عمارة
6682769,https://sa.aqar.fm/عمائر-للبيع/مكة-المكرمة/حي-الشوقية/شارع-شارع-عبدالله-بن-ثعلبه-الخزرج-حي-الشوقية-مدينة-مكة-المكرمة-منطقة-مكة-المكرمة-6682769,"عمارة للبيع في شارع شارع عبدالله بن ثعلبه الخزرج, حي الشوقية, مدينة مكة المكرمة, منطقة مكة المكرمة",7500000,630,,,,0,حي الشوقية,مكة المكرمة,حي الشوقية,"عماره للبيع
دور مواقف 
9 وحدات 
مكونات الروف
اطلاله مميزه على برج الساعه
مدخلين يسار للشقه
ومدخل يمين للسطح
5 غرف
غرفة شغاله بدورة مياه
غرفة غسيل
مستودع
صاله 
5 دورات مياه
المساحه الصافيه 430 متر
دور كامل
خزانات مستقله لكل وحدة
مكونات الشقه
مساحه 206 متر
5 غرف 
صاله
غرفة شغاله بدورة مياه
غرفة غسيل
اربع دورات مياه
مطبخ امريكي
خزانات مستقله
مساحة الارض 630 متر
شارع 15 وممر 6 متر
مسجد وحديقه
بجوار مسجد بن عقيل 
مخطط الشوقيه بمكه داخل حد الحرم",21.376503,39.801154,https://images.aqar.fm/webp/750x0/props/000281511_1781041783977.jpg | https://images.aqar.fm/webp/750x0/props/000281510_1781084696625.jpg | https://images.aqar.fm/webp/750x0/props/000281516_1781084696637.jpg | https://images.aqar.fm/webp/750x0/props/000281514_1781084696559.jpg | https://images.aqar.fm/webp/750x0/props/000281519_1781084696566.jpg | https://images.aqar.fm/webp/750x0/props/000281516_1781084696552.jpg | https://images.aqar.fm/webp/750x0/props/000281516_1781084696660.jpg | https://images.aqar.fm/webp/750x0/props/000281516_1785126780087.jpg | https://images.aqar.fm/webp/750x0/props/000281515_1785126780083.jpg | https://images.aqar.fm/webp/750x0/props/000281518_1785126780076.jpg | https://images.aqar.fm/webp/750x0/props/000281515_1785126780080.jpg | https://images.aqar.fm/webp/750x0/props/000281517_1785126780081.jpg | https://images.aqar.fm/webp/750x0/props/000281512_1785126780087.jpg | https://images.aqar.fm/webp/750x0/props/000281514_1785126780076.jpg | https://images.aqar.fm/webp/750x0/props/000281514_1785126780084.jpg | https://images.aqar.fm/webp/750x0/props/000281514_1785126815385.jpg | https://images.aqar.fm/webp/750x0/props/000281518_1785126815387.jpg | https://images.aqar.fm/webp/750x0/props/000281514_1785126815344.jpg | https://images.aqar.fm/webp/750x0/props/000281517_1785126815244.jpg | https://images.aqar.fm/webp/750x0/props/000281516_1785126815337.jpg | https://images.aqar.fm/webp/750x0/props/000281516_1785126815345.jpg,21,عبير عقيل بن ناصر اللهيبي,مؤسسة تمليك الراقي للتطوير العقاري,1,2026-05-05,2026-07-31,2026-09-20,779,2026-09-20,True,"7,500,000",False,عمارة
6801279,https://sa.aqar.fm/عمائر-للبيع/مكة-المكرمة/حي-الرصيفة/شارع-الاغر-ابن-يسار-المزني-حي-الرصيفة-مدينة-مكة-المكرمة-منطقة-مكة-المكرمة-6801279,"عمارة للبيع في شارع الاغر ابن يسار المزني, حي الرصيفة, مدينة مكة المكرمة, منطقة مكة المكرمة",12000000,864,,,,0,حي الرصيفة,مكة المكرمة,حي الرصيفة,عمارة سكنية بمواصفات فندقيه من ١٨ شقة كل شقة بخزان ارضى وعلوي مستقل +خرائط دفاع مدنى+شبكة واي فاي+كمرات فيجن+نظام صوتى+استقبال+مواقف تبعدعن الحرم ٣.٥٠ كيلوا وعن قطار الحرمين ٨٠٠م وعن مسارمكه ١كيلوا,21.410289,39.794362,https://images.aqar.fm/webp/750x0/props/049598883_1786598259083.jpg | https://images.aqar.fm/webp/750x0/props/049598888_1786598347884.jpg | https://images.aqar.fm/webp/750x0/props/049598880_1786598436542.jpg | https://images.aqar.fm/webp/750x0/props/049598881_1786598506306.jpg | https://images.aqar.fm/webp/750x0/props/049598887_1786598601969.jpg | https://images.aqar.fm/webp/750x0/props/049598887_1786598640757.jpg | https://images.aqar.fm/webp/750x0/props/049598888_1786598653701.jpg | https://images.aqar.fm/webp/750x0/props/049598889_1786598678650.jpg | https://images.aqar.fm/webp/750x0/props/049598889_1786598696603.jpg | https://images.aqar.fm/webp/750x0/props/049598882_1786598781204.jpg | https://images.aqar.fm/webp/750x0/props/049598885_1786598813937.jpg | https://images.aqar.fm/webp/750x0/props/049598880_1786598828272.jpg | https://images.aqar.fm/webp/750x0/props/049598882_1786599196452.jpg,13,جميل عبدالله,,,2026-08-02,2026-08-31,2026-09-19,264,2026-09-20,True,"12,000,000",False,عمارة
6724724,https://sa.aqar.fm/عمائر-للبيع/مكة-المكرمة/حي-الهجرة/شارع-شارعزيد-بن-اسلم-عجلان-حي-الهجرة-مدينة-مكة-المكرمة-منطقة-مكة-المكرمة-6724724,"عمارة للبيع في شارع شارعزيد بن اسلم عجلان, حي الهجرة, مدينة مكة المكرمة, منطقة مكة المكرمة",3000000,500,,,,11,حي الهجرة,مكة المكرمة,حي الهجرة,"عماره للبيع ثمان شقق 
الموقع //مكه المكرمه قريبه من مشروع زمزم 
ومواقف كدي  العمر 29سنه 
مؤجره بالكامل ايجارات قديمه 
السعر المطلوب 3 مليون",21.381187,39.833152,https://images.aqar.fm/webp/750x0/props/016429184_1780983850757.jpg | https://images.aqar.fm/webp/750x0/props/016429183_1782745457743.jpg,2,عائشه عسيري,مؤسسة وسم المنهل العقارية,1,2026-06-08,2026-09-04,2026-09-16,584,2026-09-20,True,"3,000,000",False,عمارة
6701664,https://sa.aqar.fm/عمائر-للبيع/مكة-المكرمة/حي-الراشدية/شارع-شارع-المزاحمية-حي-التروية-مدينة-مكة-المكرمة-منطقة-مكة-المكرمة-6701664,"عمارة للبيع في شارع شارع المزاحمية, حي التروية, مدينة مكة المكرمة, منطقة مكة المكرمة",1800000,392,,,,11,حي الراشدية,مكة المكرمة,حي الراشدية,"عمارة بمخطط 2 قريب من مستوصف الحكومي وقريب من جميع الخدمات ركنية على شارعين مساحة 392 متر 
مكونه  دورين 
الدور الاول مكون من 6 غرف وثلاث دورات مياة ومطبخ وصالة مدخلين للشقة 

الدور الثاني شقتين 
كل شقة 4 غرف ودورتين مياة ومطبخ وكل شقة مدخلين لها 
4 عدادات كهرباء متوفرة 
عداد مياة متوفر 
عليها رهن للبنك بمبلغ بسيط والمبلغ المطلوب شامل الرهن مليون و ثمان مية الف قابل للتفاوض",21.469315,39.968829,https://images.aqar.fm/webp/750x0/props/000039624_1779071484640.jpg,1,ريان خلف,شركة عرام العقارية,1,2026-05-18,2026-09-15,2026-09-15,264,2026-09-20,True,"1,800,000",False,عمارة
6664537,https://sa.aqar.fm/عمائر-للبيع/مكة-المكرمة/حي-الكعكية/شارع-بنو-عدوان-حي-الصفوة-مدينة-مكه-المكرمه-منطقة-مكة-المكرمة-6664537,"عمارة للبيع في شارع بنو عدوان, حي الصفوة, مدينة مكه المكرمه, منطقة مكة المكرمة",3450000,540,,,,10,حي الكعكية,مكة المكرمة,حي الكعكية,"مكونة من ثلاث أدوار وملحق (8شقق ) الدور أرضي عبارة عن شقتني :
الشقة الأولى :تتكون من 4 غرف و مطبخ و صالة و 3 دورات مياه و غرفة غسيل و مستودع و مدخلني مستقلني.
الشقة الثانية : تتكون من 3 غرف و مطبخ و صالة و 3 دورات مياه و غرفة غسيل و مستودع و مدخل واحد.
الدور الأول والثاين عبارة عن 4 شقق : تتكون من 5 غرف و مطبخ و صالة و 3 دورات مياه و غرفة غسيل و مستودع و مدخلني مستقلني.
السطح عبارة عن شقتني كل شقة : 3 غرف و مطبخ و صالة و 3 دورات مياه و غرفة غسيل و مستودع وسطح خاص مبدخلني .
ويوجد بالعامرة غرفة حارس : 3 غرف و مطبخ و صالة و 3 دورات مياه و غرفة غسيل و مستودع وسطح خاص مبدخلن",21.341815,39.78346,https://images.aqar.fm/webp/750x0/props/002692633_1776788663341.jpg,1,أحمد الزهراني,شركة درر الجزيرة العقارية ,1,2026-04-21,2026-08-16,2026-09-01,929,2026-09-20,True,"3,450,000",False,عمارة
6820391,https://sa.aqar.fm/عمائر-للبيع/مكة-المكرمة/حي-الملك-فهد/شارع-اللصيفاء-حي-الملك-فهد-مدينة-مكة-المكرمة-منطقة-مكة-المكرمة-6820391,"عمارة للبيع في شارع اللصيفاء, حي الملك فهد, مدينة مكة المكرمة, منطقة مكة المكرمة",5000000,124,,,,0,حي الملك فهد,مكة المكرمة,حي الملك فهد,"فرصة عقارية عمارة في حي الملك فهد بالشوقية 
مساحة الأرض 771  م2 
عرض الشارع : 20 متر 

مكونة من خمسة أدوار وملحق 
كل دور أربع وحدات سكنية 

عدد الشقق 16  بالإضافة لشقتين في الملحق بسطح مستقل لكل شقة 

مساحة الشقة الأمامية 145 م2 حسب الطبيعة و 137 م2 حسب الصك 

مساحة الشقة الخلفية 123 م2 حسب الطبيعة والصك 

الشقة مكونة من ثلاث غرف وثلاث دورات مياه وصالة ومطبخ ولها موقف سيارة خاص


- أصدرت شهادة الأشغال 
- أفرزت الصكوك 
- أطلق التيار الكهربائي 
- تأسست الكهرباء 
- تأسست السباكة والغاز 
- تم عمل العزل للخزان الأرضي 
- تم تركيب خزانين علوية سعة 6000 للخزان
- مليسه بالكامل 
يوجد بها 19 عداد كهرباء",21.381347,39.77149,https://images.aqar.fm/webp/750x0/props/001054769_1786623981655.jpg,1,علي سعد ظافر القرني,مكتب المعالم المميزة للخدمات العقارية,1,2026-08-13,2026-09-11,2026-09-18,157,2026-09-20,True,"5,000,000",False,عمارة
6789226,https://sa.aqar.fm/عمائر-للبيع/مكة-المكرمة/حي-العزيزية/شارع-طريق-الطائف-حي-العزيزية-مدينة-مكة-المكرمة-منطقة-مكة-المكرمة-6789226,"عمارة للبيع في شارع طريق الطائف, حي العزيزية, مدينة مكة المكرمة, منطقة مكة المكرمة",100000000,1576,,,,11,حي العزيزية,مكة المكرمة,حي العزيزية,"للبيع برج فندقي في العزيزية ( مكة المكرمة )

يبعد عن الحرم 4 كم 7 دقائق بالنقل العام.

المساحة : 1576 م 
عدد الغرف : 352 غرفة مع دورة مياه لكل غرفة
عدد الادوار : 20 دور + 4 محلات تجارية 
مسطحات البناء : 22532 م 
العمر : 18 سنة 
عدد الاسرة حاليا :  1650 سرير 

الفندق غير مؤجر حاليا و يحتاج الى صيانة و ترميم",21.410786,39.858397,https://images.aqar.fm/webp/750x0/props/000291785_1784974598957.jpg,1,خالد عبدالعزيز سليمان السويد,شركة سيل العقارية شركة شخص واحد,1,2026-07-25,2026-08-23,2026-09-12,444,2026-09-20,True,"100,000,000",False,عمارة
6552395,https://sa.aqar.fm/عمائر-للبيع/مكة-المكرمة/حي-العدل/شارع-مصعب-بن-عبد-الله-حي-العدل-مدينة-مكة-المكرمة-منطقة-مكة-المكرمة-6552395,"عمارة للبيع في شارع مصعب بن عبد الله, حي العدل, مدينة مكة المكرمة, منطقة مكة المكرمة",3200000,625,,,,11,حي العدل,مكة المكرمة,حي العدل,"عمارة للبيع المعيصم

- المساحة 625 متر
مكونة من:
أربعة شقق كل دور شقتين, سطح, ملحق بجانب السطح
- الشقة الواحدة تتكون من: خمسة غرف, صالة, ثلاث دورات مياه, مطبخ
- الملحق: صالة, مطبخ, دورة مياه, غرفة مضافة له من السطح بسقف هنقر
- السطح: غرفة واحدة بسقف هنقر



للتواصل والإستفسار: ((رقم المعلن يظهر عند التواصل))",21.45866,39.89115,https://images.aqar.fm/webp/750x0/props/037592320_1768809402084.jpg | https://images.aqar.fm/webp/750x0/props/037592324_1768809402062.jpg | https://images.aqar.fm/webp/750x0/props/037592326_1768809402077.jpg | https://images.aqar.fm/webp/750x0/props/037592329_1768809402060.jpg,4,حمد فهد بن حمد النافع,شركة حمد فهد النافع العقارية شخص واحد قابضة,1,2026-01-19,2026-09-17,2026-09-17,602,2026-09-20,True,"3,200,000",False,عمارة
6864454,https://sa.aqar.fm/عمائر-للبيع/مكة-المكرمة/حي-الخضراء/شارع-رئاب-بن-عمرو-الليثي-رضي-الله-عنه-حي-الصفاء-مدينة-مكة-المكرمة-منطقة-مكة-المكرمة-6864454,"عمارة للبيع في شارع رئاب بن عمرو الليثي رضي الله عنه, حي الصفاء, مدينة مكة المكرمة, منطقة مكة المكرمة",1332000,466,,,,0,حي الخضراء,مكة المكرمة,حي الخضراء,"رقم العرض : ( 90 ) 
🏠 النوع: عمارة دور على دور 
📍الموقع: مكة المكرمة - حي الشرائع 
📏 المساحة: ( 466 م²)
🏠0️⃣ الدور : الارضي
✨ المواصفات: ( غرف 4 . صالة . مطبخ . غرفة غسيل . 3 دورات مياه . حوش  )
🏠1️⃣ الدور : الاول 
5 غرف . صالة . مطبخ . غرفة غسيل . 3 دورات مياه 
🏠2️⃣ الملحق : 
سطح 
💰 السعر: ( مليون و 332 ألف) 
 المميزات:  خزان سفلي وعلوي - يوجد جميع الضمانات - تامين ضد العيوب الخفية . ضمانات على السباكة والكهرباء توصل إلى ٢٥ سنه  . مؤسس على ادوار إضافية .",21.445491,39.955088,https://images.aqar.fm/webp/750x0/props/002018501_1788882467819.jpg | https://images.aqar.fm/webp/750x0/props/002018506_1788882467825.jpg | https://images.aqar.fm/webp/750x0/props/002018501_1788882498984.jpg | https://images.aqar.fm/webp/750x0/props/002018502_1788882499017.jpg | https://images.aqar.fm/webp/750x0/props/002018500_1788882498999.jpg | https://images.aqar.fm/webp/750x0/props/002018504_1788882516092.jpg | https://images.aqar.fm/webp/750x0/props/002018509_1788882499011.jpg | https://images.aqar.fm/webp/750x0/props/002018501_1788882499011.jpg | https://images.aqar.fm/webp/750x0/props/002018506_1788882498994.jpg | https://images.aqar.fm/webp/750x0/props/002018506_1788882498998.jpg | https://images.aqar.fm/webp/750x0/props/002018503_1788882499007.jpg | https://images.aqar.fm/webp/750x0/props/002018502_1788882516098.jpg | https://images.aqar.fm/webp/750x0/props/002018501_1788882516077.jpg | https://images.aqar.fm/webp/750x0/props/002018503_1788882516098.jpg | https://images.aqar.fm/webp/750x0/props/002018502_1788882516082.jpg,15,سحر الحساني,مؤسسة تمليك العقارية,1,2026-09-08,2026-09-08,2026-09-19,190,2026-09-20,True,"1,332,000",False,عمارة
6657584,https://sa.aqar.fm/عمائر-للبيع/مكة-المكرمة/حي-العزيزية/شارع-البراعم-حي-العزيزية-مدينة-مكة-المكرمة-منطقة-مكة-المكرمة-6657584,"عمارة للبيع في شارع البراعم, حي العزيزية, مدينة مكة المكرمة, منطقة مكة المكرمة",7000000,750,,,,11,حي العزيزية,مكة المكرمة,حي العزيزية,"مميزات العقار 
مساحة كبيرة ومميزة:مساحة 4,472.77 م² يعطي مرونة عالية في
الاستخدام والتطوير والتقسيم.
3 ّ عمائر متجاورة: هذا يسهل الإدارة والتشغيل والصيانة مقارنة بعقارات متفرقة.
وجود ملاحق أرضية: ميزة إضافية للاستغلال (سكن، خدمات، مخازن، أو وحدات
إضافية مؤجرة).
تنوع في الوحدات: مناسب لتأجير شقق بأحجام مختلفة (عائلات، أفراد، موظفين).
تجميع عقاري قوي: وجود أكثر من مبنى في موقع واحد يزيد من القوة التشغيلية
والقيمة السوقية.",21.41298,39.860151,https://images.aqar.fm/webp/750x0/props/002692636_1776353554374.jpg,1,أحمد الزهراني,شركة درر الجزيرة العقارية ,1,2026-04-16,2026-08-10,2026-09-01,242,2026-09-20,True,"7,000,000",False,عمارة
6825694,https://sa.aqar.fm/عمائر-للبيع/مكة-المكرمة/حي-الجامعة/شارع-مسجد-علي-بن-أبي-طالب-حي-الجامعة-مدينة-مكة-المكرمة-منطقة-مكة-المكرمة-6825694,"عمارة للبيع في شارع مسجد علي بن أبي طالب, حي الجامعة, مدينة مكة المكرمة, منطقة مكة المكرمة",15000000,2500,,,,11,حي الجامعة,مكة المكرمة,حي الجامعة,"للبيع فيلا سكنية بمكة العزيزية 📍
بموقع فندقي واعد ✨
خلف سوق المجاز مباشرة 🏪وابراج الراجحي 🏢
موقع استراتيجي بمساحة 2,500 م² ✅
على شارعين (12م + 12م) ✅
 وسط منطقة فندقية بالكامل. 
 منطقة بناء/مبنى من 5 أدوار يضم 125 غرفة 
بطاقة استيعابية تتجاوز 500 حاج 🏨
مما يحقق عائداً موسمياً متوقعاً
 يصل إلى 2,000,000 ريال 💵
 في موسم الحج ورمضان وبقية السنه اضافة 
الى فرصة مثالية للتطوير الفندقي وتحقيق أعلى تدفق استثماري.

السعر 15,000,000 ريال 

((الرقم يظهر عند الضغط على اتصال))
((الرقم يظهر عند الضغط على اتصال))",21.403373,39.871938,https://images.aqar.fm/webp/750x0/props/000083258_1786889649018.jpg | https://images.aqar.fm/webp/750x0/props/000083255_1786889649184.jpg,2,حمزه احمد عبدالقادر العيدروس,شركة النهدي للاستثمارات العقارية  شركة النهدي للاستثمارات التجارية,1,2026-08-16,2026-09-14,2026-09-14,106,2026-09-20,True,"15,000,000",False,عمارة
6863546,https://sa.aqar.fm/عمائر-للبيع/مكة-المكرمة/حي-العزيزية/شارع-الاسراء-حي-العزيزية-مدينة-مكة-المكرمة-منطقة-مكة-المكرمة-6863546,"عمارة للبيع في شارع الاسراء, حي العزيزية, مدينة مكة المكرمة, منطقة مكة المكرمة",11000000,625,,,,11,حي العزيزية,مكة المكرمة,حي العزيزية,"عمارة للبيع 
* الموقع: العزيزية خلف مطعم البيك بالقرب من شارع صدقي
* المكونات: مكونة من أربعة أدوار و 8 شقق وبدروم محل تجاري تجارية وعلى ثلاث شوارع 
* مساحة الأرض: 625
* ⁠نظام غرفة بحمام عدد الغرف 36 غرفة مع دورة مياه + غرفتين في الحوش
* المميزات: مؤجرة تشغيل شخصي الدخل بحدود 385,200 الف من غير الحج لانها غير مصرحة لو صرحت الدخل يزيد وتمتاز بالقرب من منى والجمرات 
المطلوب: 11 مليون قابل للتفاوض بالمعقول
رقم الترخيص: 7201114199

* التواصل: ((الرقم يظهر عند الضغط على اتصال))",21.41678,39.862922,https://images.aqar.fm/webp/750x0/props/009381005_1788854329539.jpg | https://images.aqar.fm/webp/750x0/props/009381003_1788854329286.jpg | https://images.aqar.fm/webp/750x0/props/009381000_1788854329535.jpg | https://images.aqar.fm/webp/750x0/props/009381003_1788854329317.jpg | https://images.aqar.fm/webp/750x0/props/009381009_1788854329541.jpg | https://images.aqar.fm/webp/750x0/props/009381007_1788854329536.jpg,6,اوسيد عبدالمنعم,مؤسسة روح المدى,1,2026-09-08,2026-09-08,2026-09-14,46,2026-09-20,True,"11,000,000",False,عمارة
6608157,https://sa.aqar.fm/عمائر-للبيع/مكة-المكرمة/حي-الحمراء-و-ام-الجود/شارع-الحرث-بن-أبي-سبرة-رضي-الله-عنه-حي-أم-الجود-مدينة-مكة-المكرمة-منطقة-مكة-المكرمة-6608157,"عمارة للبيع في شارع الحرث بن أبي سبرة  رضي الله عنه, حي أم الجود, مدينة مكة المكرمة, منطقة مكة المكرمة",3000000,700,,,,10,حي الحمراء و ام الجود,مكة المكرمة,حي الحمراء و ام الجود,"عماره سكنيه للبيع بمكه حي الزايدي 
موقع مميز بجوار مسجد ومواقف 
المساحه ٧٠٠م 
مكونه من دورين وملحق كل دور شقتين من خمس غرف
والملحق شقه ٤ غرف غير مكتملة التشطيب.
العمر ١٠ سنوات 
المطلوب  ٣ مليون",21.399635,39.707385,https://images.aqar.fm/webp/750x0/props/006006727_1772227322819.jpg,1,حسن عطيه عبدالله المالكي,مكتب الرامز للعقارات,1,2026-02-27,2026-08-21,2026-09-12,1811,2026-09-20,True,"3,000,000",False,عمارة
6725587,https://sa.aqar.fm/عمائر-للبيع/مكة-المكرمة/حي-الزهراء/شارع-36-الزهراء-الوسطى-حي-الزهراء-مدينة-مكة-المكرمة-منطقة-مكة-المكرمة-6725587,"عمارة للبيع في شارع 36 الزهراء الوسطى, حي الزهراء, مدينة مكة المكرمة, منطقة مكة المكرمة",1000000,145,,,,11,حي الزهراء,مكة المكرمة,حي الزهراء,"للبيع عمارة سكنية بمكة المكرمة – حي الزهراء
فرصة استثمارية مميزة بالقرب من المسجد الحرام، حيث يبعد العقار حوالي 10 دقائق مشياً عن الحرم.
مواصفات العقار:
• عمارة سكنية مسلحة.
• تقع في حي الزهراء بمكة المكرمة.
• مساحة الأرض: 145.73 متر مربع.
• عدد الغرف: 8 غرف.
• متوفر جميع الخدمات الأساسية (كهرباء – مياه – صرف صحي).
• موقع حيوي قريب من الخدمات والمرافق.
مناسبة للاستثمار السكني أو التأجير، وتتميز بقربها من المنطقة المركزية والمسجد الحرام.
للتواصل والاستفسار ومعرفة السعر والتفاصيل الإضافية يرجى التواصل مباشر",21.423079,39.805516,https://images.aqar.fm/webp/750x0/props/043763255_1781007118549.jpg | https://images.aqar.fm/webp/750x0/props/043763258_1781007118392.jpg | https://images.aqar.fm/webp/750x0/props/043763257_1781007119237.jpg,3,محمد سعيد محمد فلاته,مؤسسة خدمة كوم للخدمات التجارية,1,2026-06-09,2026-09-04,2026-09-04,770,2026-09-20,True,"1,000,000",False,عمارة
6855029,https://sa.aqar.fm/عمائر-للبيع/مكة-المكرمة/حي-العوالي/شارع-ابراهيم-الجفالي-حي-العوالي-مدينة-مكة-المكرمة-منطقة-مكة-المكرمة-6855029,"عمارة للبيع في شارع ابراهيم الجفالي, حي العوالي, مدينة مكة المكرمة, منطقة مكة المكرمة",28000000,2500,,,,11,حي العوالي,مكة المكرمة,حي العوالي,"في العوالي…
فرصة استثمارية مميزة

📍 مكة المكرمة – حي العوالي

عقار استثماري متعدد الاستخدامات

رقم الإعلان:
7201113011

موقع استراتيجي

على شارع إبراهيم الجفالي التجاري
على 3 شوارع

* 10 محلات تجارية والدخل قائم
* 4 شقق سكنية متنوعة
* مغسلة سيارات مؤجرة
* أرض فضاء واسعة
* المساحة 2,500 م² تقريباً
* فرصة تطوير مستقبلية واعدة

السعر المطلوب

28,000,000 ريال سعودي
سعر نهائي

للتواصل والاستفسار

📱 ((الرقم يظهر عند الضغط على اتصال))

فال للخدمات العقارية والعامة

رقم رخصة فال:
1200048087

📍 مكة المكرمة – حي العوالي

بيع – شراء – إدارة أملاك – توثيق عقود",21.355908,39.876534,https://images.aqar.fm/webp/750x0/props/054226921_1788373723756.jpg,1,محمد الحازمي,مكتب محمد مبارك الحازمي للخدمات العامة,1,2026-09-02,2026-09-02,2026-09-19,175,2026-09-20,True,"28,000,000",False,عمارة
6805663,https://sa.aqar.fm/عمائر-للبيع/مكة-المكرمة/حي-الهجرة/شارعرافع-بن-النعمان-بن-زيد-بن-لبيدن-حي-كدي-مدينة-مكة-المكرمة-منطقة-مكة-المكرمة-6805663,"عمارة للبيع في شارعرافع بن النعمان بن زيد بن لبيدن, حي كدي, مدينة مكة المكرمة, منطقة مكة المكرمة",2500000,599,,,,11,حي الهجرة,مكة المكرمة,حي الهجرة,"عمارة سكنية في مكة المكرمه 
حي كدي 
مساحتها ٦٠٠ متر مربع 
واجهة غربية
شارع عرض ١٥ متر 

تتكون من  ٣ ادوار و سطوح و بدروم 
و السطح الرابع فيه ملحقين 

كل دور فيه شقتين 
الشقة تتكون من ٣ غرف و حمامين و مطبخ",21.390476,39.837151,https://images.aqar.fm/webp/750x0/props/034741416_1785850481396.jpg | https://images.aqar.fm/webp/750x0/props/034741412_1785850481398.jpg | https://images.aqar.fm/webp/750x0/props/034741412_1786011199277.jpg | https://images.aqar.fm/webp/750x0/props/034741418_1786011199289.jpg,4,نوف محمد سراج هلال,مؤسسة نوف محمد سراج هلال التجارية,1,2026-08-04,2026-09-02,2026-09-04,160,2026-09-20,True,"2,500,000",False,عمارة
6714516,https://sa.aqar.fm/عمائر-للبيع/مكة-المكرمة/حي-النزهة/شارع-شارع-البوصلة-حي-النزهة-مدينة-مكة-المكرمة-منطقة-مكة-المكرمة-6714516,"عمارة للبيع في شارع شارع البوصلة, حي النزهة, مدينة مكة المكرمة, منطقة مكة المكرمة",2500000,625,,,,11,حي النزهة,مكة المكرمة,حي النزهة,"– عمارة سكنية للبيع 🏢 
📍مكة المكرمة- حي النزهة - شارع الستين
 المساحة: 625 م2

▫◽▫

- عرض الشارع: 10م
- عمر العقار: 35 سنة
- عدد الأدوار: 4 أدوار (7 شقق) + ملحق
- موقع العقار مميز ومعروف .. على بعد دقيقة من مركز تسوق حديث (السرايا مول) و خلف سوق الحجاز 
- مقابل لقطار الحرمين ويبعد عن الحرم ۱۰ دقائق وقريب من مجمع مدارس منطقة بها جميع الخدمات

دخلها السنوي : 120 الف تقريبا
المطلوب: 2,500,000 ريال",21.42707,39.78488,https://images.aqar.fm/webp/750x0/props/004851469_1780303445131.jpg,1,فارس القحطاني,مؤسسة إعتزاز العقارية,1,2026-06-01,2026-08-27,2026-09-17,440,2026-09-20,True,"2,500,000",False,عمارة
6745602,https://sa.aqar.fm/عمائر-للبيع/مكة-المكرمة/حي-الشوقية/شارع-الرحيبات-حي-المحمدية-مدينة-مكة-المكرمة-منطقة-مكة-المكرمة-6745602,"عمارة للبيع في شارع الرحيبات, حي المحمدية, مدينة مكة المكرمة, منطقة مكة المكرمة",3000000,750,,,,11,حي الشوقية,مكة المكرمة,حي الشوقية,"عمارة للبيع حي السبهاني مكة
تتكون من : 
بدروم كبير ويوجد به غرفتين وعدد 2 دورات مياة
الدور الأرضي يتكون من شقتين :
كل شقة عدد 4 غرف وصالة ومطبخ وعدد 3 دورات مياة 
الدور الأول  يتكون من شقة كبير يمكن فصلها الى شقتين :
يوجد بها 6 غرف وعدد 2 صالة وعدد 1 صالة طعام وعدد 5 دورات مياه 
ومقلط كبير للضيافة 
الدور الثاني يتكون من :
عدد 2 غرف نوم ومطبخ وعدد 1 دورة مياه 
مساحتها في الصك 750 متر مربع
عمرها تقريبا 24 سنه 

للاستفسار التواصل بالواتساب او الاتصال على الرقم :
 
شركة نجيد العقارية
رقم رخصة فال : 1200022435
رقم ترخيص الاعلان: 7201016744",21.357607,39.790158,https://images.aqar.fm/webp/750x0/props/035392552_1731334993429.jpg | https://images.aqar.fm/webp/750x0/props/035392558_1731335027444.jpg | https://images.aqar.fm/webp/750x0/props/035392558_1731335034147.jpg | https://images.aqar.fm/webp/750x0/props/035392556_1731335088989.jpg | https://images.aqar.fm/webp/750x0/props/035392552_1731335121439.jpg | https://images.aqar.fm/webp/750x0/props/035392553_1782251376068.jpg,6,احمد بن يحي,شركة نجيد العقارية,1,2026-06-23,2026-08-21,2026-08-21,480,2026-09-20,True,"3,000,000",False,عمارة
6652125,https://sa.aqar.fm/عمائر-للبيع/مكة-المكرمة/حي-النسيم/شارع-مصطفيعرقسوس-حي-السنابل-مدينة-مكة-المكرمة-منطقة-مكة-المكرمة-6652125,"عمارة للبيع في شارع مصطفيعرقسوس, حي السنابل, مدينة مكة المكرمة, منطقة مكة المكرمة",7000000,625,,,,11,حي النسيم,مكة المكرمة,حي النسيم,"عمارة للبيع
حي السنابل (ستر اللحياني سابقا)
موقع مميز على حرف T

المساحة: 625 م٢

اجمالي مسطحات البناء: 3657 م٢

بدروم + دور مواقف + ٥ ادوار + مبيتات

شقتين في الدور

المطلوب: 7,000,000 صافي

قابل للتفاوض",21.387661,39.867471,https://images.aqar.fm/webp/750x0/props/004611121_1777307444044.jpg | https://images.aqar.fm/webp/750x0/props/004611126_1777307469204.jpg | https://images.aqar.fm/webp/750x0/props/004611128_1777307469257.jpg | https://images.aqar.fm/webp/750x0/props/004611120_1777307478592.jpg | https://images.aqar.fm/webp/750x0/props/004611121_1777307487306.jpg | https://images.aqar.fm/webp/750x0/props/004611127_1777307496995.jpg | https://images.aqar.fm/webp/750x0/props/004611129_1777307503750.jpg | https://images.aqar.fm/webp/750x0/props/004611122_1777307511936.jpg | https://images.aqar.fm/webp/750x0/props/004611122_1777307518035.jpg | https://images.aqar.fm/webp/750x0/props/004611126_1777307524622.jpg,10,عبدالرحمن عبدالله بن حبيب الله بخاري,مؤسسة الحل المتطور التجارية,1,2026-04-12,2026-04-12,2026-09-17,181,2026-09-20,True,"7,000,000",False,عمارة
6807966,https://sa.aqar.fm/عمائر-للبيع/مكة-المكرمة/حي-الملك-فهد/شارع-المبداء-حي-الملك-فهد-مدينة-مكة-المكرمة-منطقة-مكة-المكرمة-6807966,"عمارة للبيع في شارع المبداء, حي الملك فهد, مدينة مكة المكرمة, منطقة مكة المكرمة",5000000,750,,,,6,حي الملك فهد,مكة المكرمة,حي الملك فهد,"عمارة على شارع تجاري 
٣ ادوار ٦ شقق 
العمر ٦ سنوات 

يوجد ارض خلف المبنى ملك البلديه  يوجد معامله لضمها

لتواصل مع مسؤول المبيعات والتسويق 

((الرقم يظهر عند الضغط على اتصال))",21.380544,39.774071,https://images.aqar.fm/webp/750x0/props/054302251_1785957188326.jpg,1,فواز العمري,مؤسسة رواسي الإنجاز الإنشائية,1,2026-08-05,2026-09-04,2026-09-15,183,2026-09-20,True,"5,000,000",False,عمارة
6818075,https://sa.aqar.fm/عمائر-للبيع/مكة-المكرمة/حي-الشوقية/شارع-عبدالله-بن-ثعلبه-الانصاري-حي-الشوقية-مدينة-مكة-المكرمة-منطقة-مكة-المكرمة-6818075,"عمارة للبيع في شارع عبدالله بن ثعلبه الانصاري, حي الشوقية, مدينة مكة المكرمة, منطقة مكة المكرمة",2650000,595,,,,11,حي الشوقية,مكة المكرمة,حي الشوقية,"المساحة 595.27
 على شارعين 15 شمالي ،15 م غربي 
الموقع : مكة حي الشوقية
المكونات :
بدروم ( دور تسوية) فيه شقة وخلفها 5 غرف كل غرفة بحمام خاص ( الغرف موجرة )

الدور الارضي عبارة عن 7 غرف وصالة ومطبخ و3 دورات مياه وحوش وديوانية بالحوش 
الدور الاول عبارة عن شقتين حسب تصريح البناء
الاولى 5 غرف وصالة ومطبخ و3 دورات مياه ومدخلين

الشقة الثانية 
4 غرف وصالة ومطبخ و3 دورات مياه ومدخلين 

مقابلها مسجد جديد
مشترك في المياه والصرف الصحي 
قريبه من الممشى الجديد
وحولها المطاعم والمحلات التجارية والمدارس 

العمر تقريباً 12 او 13 سنة
معلومة :
العمارة على صندوق العقاري النظام القديم ( 300 الف )
المتبقي لفك الرهن حول 130 الف",21.380499,39.795977,https://images.aqar.fm/webp/750x0/props/001440254_1786526619103.jpg | https://images.aqar.fm/webp/750x0/props/001440257_1786526618923.jpg,2,رياض احمد,شركة المهرة لخدمات الأعمال,1,2026-08-12,2026-09-10,2026-09-17,196,2026-09-20,True,"2,650,000",False,عمارة
6807845,https://sa.aqar.fm/عمائر-للبيع/مكة-المكرمة/حي-المسفلة/شارع-ابراهيم-الخليل-حي-جرهم-الجنوبي-مدينة-مكة-المكرمة-منطقة-مكة-المكرمة-6807845,"عمارة للبيع في شارع ابراهيم الخليل, حي جرهم الجنوبي, مدينة مكة المكرمة, منطقة مكة المكرمة",220000000,1440,,,,4,حي المسفلة,مكة المكرمة,حي المسفلة,عماره للبيع مكونه من 11 دور تبعد عن الحرم المكي 900 متر علي شارع ابرهيم الخليل مباشره,21.409871,39.819675,https://images.aqar.fm/webp/750x0/props/009277449_1785952675278.jpg | https://images.aqar.fm/webp/750x0/props/009277441_1785952675252.jpg,2,محمد ابراهيم,مكتب محمد ابراهيم الشبرمي للعقارات,1,2026-08-05,2026-09-04,2026-09-10,1134,2026-09-20,True,"220,000,000",False,عمارة
6797121,https://sa.aqar.fm/عمائر-للبيع/مكة-المكرمة/حي-الراشدية/شارع-طريق-الجعرانة-حي-اليمامة-مدينة-مكة-المكرمة-منطقة-مكة-المكرمة-6797121,"عمارة للبيع في شارع طريق الجعرانة, حي اليمامة, مدينة مكة المكرمة, منطقة مكة المكرمة",3500000,661,,,,11,حي الراشدية,مكة المكرمة,حي الراشدية,"عمارة تجارية سكنية - دخل 110 ألف

الموقع : مكة المكرمة - حي اليمامة

- المساحة : 661 م

( تفاصيل العقار )
المبنى يتكون من:
- فيلا + 3 شقق سكنية.
- 5 محلات تجارية واجهة حيوية).
-بدروم واسع + خدمات متكاملة

المميزات الاستثمارية:
الدخل السنوي: يتجاوز 110,000 ريال.
المرونة: تصميم داخلي ذكي يسمح بتعديل الوحدات بسهولة. المنطقة حيوية وتشهد نمو مستمر.

✅️فرصة نادرة للمستثمرين والعوائل الكبيرة.",21.490685,39.966727,https://images.aqar.fm/webp/750x0/props/052587921_1785383317418.jpg,1,ثامر بن عطيه بن صالح المالكي,مؤسسة ثامر عطيه المالكي,1,2026-07-30,2026-08-28,2026-09-18,146,2026-09-20,True,"3,500,000",False,عمارة
6778296,https://sa.aqar.fm/عمائر-للبيع/مكة-المكرمة/حي-الشوقية/شارع-الممراح-حي-المحمدية-مدينة-مكة-المكرمة-منطقة-مكة-المكرمة-6778296,"عمارة للبيع في شارع الممراح, حي المحمدية, مدينة مكة المكرمة, منطقة مكة المكرمة",5000000,600,,,,11,حي الشوقية,مكة المكرمة,حي الشوقية,"🏢 فرصة استثمارية لا تعوض – عمارة سكنية للبيع في مكة المكرمة

عمارة سكنية مميزة بحالة ممتازة، تقع في موقع استراتيجي بحي المحمدية، مناسبة للسكن والاستثمار، وعلى شارع واسع بعرض 24 متر.

📍 الموقع:
مكة المكرمة – حي المحمدية

📐 مساحة الأرض:
600 م²
عمر العمارة 12  سنة

🏢 مكونات العقار:

* بدروم
* دور أرضي
* 3 أدوار متكررة

⚡ الخدمات:

* العدادات الكهرباء مكتملة
* عداد مياه مستقل
* مدخل رئيسي فاخر
* مواقف داخلية واسعة

✨ مميزات العمارة:
✅ بدروم بمساحات واسعة ومواقف سيارات
✅ موقع حيوي قريب من جميع الخدمات
✅ تشطيب جيد مع صيانة دورية
✅ مناسبة للسكن العائلي أو الاستثمار
✅ تصميم عملي ومساحات ممتازة

📄 الملكية:
وثيقة ملكية صادرة من البورصة العقارية.

📍 حدود الأرض:

* شمالاً: قطعة 1029 بطول 25 م
* جنوباً: قطعة 1027 بطول 25 م
* شرقاً: قطعة 1030 بطول 24 م
* غرباً: شارع عرض 24 م

📞 للتواصل والاستفسار:
((الرقم يظهر عند الضغط على اتصال))

🔖 رقم رخصة فال:
1100290204

📢 رقم الترخيص الإعلاني:
7100301539

#عقار_للبيع #عمارة_للبيع #مكة_المكرمة #حي_المحمدية #استثمار_عقاري #عقارات_مكة #فرصة_استثمارية #عقارات_السعودية",21.354519,39.786304,https://images.aqar.fm/webp/750x0/props/049251412_1784300923956.jpg,1,احمد سعد,مكتب كود اليسر,1,2026-07-17,2026-07-17,2026-09-13,192,2026-09-20,True,"5,000,000",False,عمارة
6657591,https://sa.aqar.fm/عمائر-للبيع/مكة-المكرمة/حي-العزيزية/شارع-البراعم-حي-العزيزية-مدينة-مكة-المكرمة-منطقة-مكة-المكرمة-6657591,"عمارة للبيع في شارع البراعم, حي العزيزية, مدينة مكة المكرمة, منطقة مكة المكرمة",7000000,735,,,,11,حي العزيزية,مكة المكرمة,حي العزيزية,"مميزات العقار
مساحة كبيرة ومميزة: إجمالي مساحة 4,472.77 م² يعطي مرونة عالية في
الاستخدام والتطوير والتقسيم.
3 ّ عمائر متجاورة: هذا يسهل الإدارة والتشغيل والصيانة مقارنة بعقارات متفرقة.
وجود ملاحق أرضية: ميزة إضافية للاستغلال (سكن، خدمات، مخازن، أو وحدات
إضافية مؤجرة).
تنوع في الوحدات: مناسب لتأجير شقق بأحجام مختلفة (عائلات، أفراد، موظفين).
تجميع عقاري قوي: وجود أكثر من مبنى في موقع واحد يزيد من القوة التشغيلية
والقيمة السوقية.",21.412663,39.859764,https://images.aqar.fm/webp/750x0/props/002692638_1776353373313.jpg,1,أحمد الزهراني,شركة درر الجزيرة العقارية ,1,2026-04-16,2026-08-10,2026-09-01,334,2026-09-20,True,"7,000,000",False,عمارة
6776400,https://sa.aqar.fm/عمائر-للبيع/مكة-المكرمة/حي-الخنساء/شارع-89-الخنساء-حي-الخنساء-مدينة-مكة-المكرمة-منطقة-مكة-المكرمة-6776400,"عمارة للبيع في شارع 89 الخنساء, حي الخنساء, مدينة مكة المكرمة, منطقة مكة المكرمة",970000,322,,,,11,حي الخنساء,مكة المكرمة,حي الخنساء,"عمارة للبيع 

مكة المكرمة _ حي الخنساء 
المساحة: 322

عدد الشقق: 4 شقق  كل شقة 4غرف  ودورتين مياه و مطبخ وصالة للكل شقة 

مساحة كل شقة 140 م²


3ملاحق : 
*ملحق تسوية غرفتين
**ملحق غرفتين بالسطح*
*ملحق اخر غرفة مع حمام بالسطح

عدادت الكهرباء : 5
الماء : شبكة 
الصرف الصحي شبكة 

عرض الشارع : 10 م


الدخل السنوي : 75000  ريال 

الصك الكتروني 
مأجرة بعقود الكترونية 

ماعليها اي التزمات او رهن 


المطلوب: 
970,000 الف ريال

للتواصل: ((الرقم يظهر عند الضغط على اتصال))",21.449009,39.844883,https://images.aqar.fm/webp/750x0/props/010751357_1784396932999.jpg | https://images.aqar.fm/webp/750x0/props/010751355_1784396932994.jpg,2,سعد الثبيتي,مؤسسة مرقاة البناء للتطوير والاستثمار العقاري,1,2026-07-16,2026-09-12,2026-09-12,314,2026-09-20,True,"970,000",False,عمارة
6713286,https://sa.aqar.fm/عمائر-للبيع/مكة-المكرمة/حي-الشوقية/شارع-مالك-المغربي-حي-المحمدية-مدينة-مكة-المكرمة-منطقة-مكة-المكرمة-6713286,"عمارة للبيع في شارع مالك المغربي, حي المحمدية, مدينة مكة المكرمة, منطقة مكة المكرمة",4600000,500,,,,0,حي الشوقية,مكة المكرمة,حي الشوقية,"*عمارة استثمارية للبيع في مكة – حي الشوقية (موقع ممتاز)*
فرصة مميزة للاستثمار بدخل سنوي ٤٥٠ الف ريال عمارة سكنية *جديدة ومفروشه بالكامل* في أحد أفضل أحياء مكة المكرمة، *حي الشوقية* ، بموقع قريب من شارع *الدكتور عبدالقادر كوشك*، وقريبة من جميع الخدمات الحيوية.

*تفاصيل العمارة:*
* عدد الشقق: ١٧ شقة
* التوزيع:*
* 2 شقه : غرفه +صاله+ مطبخ
* 2 شقة: ٢ غرف + صالة + مطبخ
* 12 شقة: غرفتين + صالة + مطبخ
* 1 شقة: 3 غرف + صالة + مطبخ + سطح خاص

*مميزات العقار:*
* عمارة *جديدة بالكامل*
* *مصعد جديد* يخدم جميع الأدوار
* مؤثثة تأثيث ممتاز وجاهزة للتشغيل الفوري
* جميع الشقق مجهزة بالكامل:
* مكيفات جديدة
* ثلاجات جديدة
* تلفزيونات جديدة
* مايكرويف وغلايات
* أدوات مطبخ متكاملة
* تشطيب مناسب للتأجير السكني أو الفندقي
* موقع حيوي عالي الطلب يضمن استثماراً مستقراً
* المصعد وجميع الأجهزة تحت الضمان

*الموقع:*
* مكة المكرمة – حي الشوقية
* بالقرب من شارع الدكتور عبدالقادر كوشك
* سهولة الوصول إلى الطرق الرئيسية والخدمات

*سعر البيع:*
4,600,000 ريال سعودي
(قابل للتفاوض للجادين)

*ملاحظة:*
العقار فرصة استثمارية جاهزة للتشغيل مباشرة دون أي تكاليف إضافية. الدخل الحالي الان للعماره 370000 الف  عقود الكترونيه  ,الدخل المتوقع بعد تاجير الشقق بالكامل 456000الف ريال .

*للتواصل:*
 ((((الرقم يظهر عند الضغط على اتصال))))",21.370454,39.781736,https://images.aqar.fm/webp/750x0/props/044383847_1780184977358.jpg | https://images.aqar.fm/webp/750x0/props/044383841_1780184978886.jpg | https://images.aqar.fm/webp/750x0/props/044383844_1780184980719.jpg | https://images.aqar.fm/webp/750x0/props/044383848_1780184973812.jpg | https://images.aqar.fm/webp/750x0/props/044383846_1780184970489.jpg | https://images.aqar.fm/webp/750x0/props/044383840_1780184983333.jpg | https://images.aqar.fm/webp/750x0/props/044383845_1780184984856.jpg | https://images.aqar.fm/webp/750x0/props/044383844_1780184986474.jpg | https://images.aqar.fm/webp/750x0/props/044383842_1780184987670.jpg | https://images.aqar.fm/webp/750x0/props/044383847_1780184988973.jpg | https://images.aqar.fm/webp/750x0/props/044383844_1780184990630.jpg | https://images.aqar.fm/webp/750x0/props/044383847_1780184992419.jpg | https://images.aqar.fm/webp/750x0/props/044383845_1780184995441.jpg | https://images.aqar.fm/webp/750x0/props/044383843_1780184997891.jpg | https://images.aqar.fm/webp/750x0/props/044383845_1780185000758.jpg | https://images.aqar.fm/webp/750x0/props/044383843_1780185003371.jpg | https://images.aqar.fm/webp/750x0/props/044383844_1780185007613.jpg,17,محمد دخيل,مكتب بنيان العون العقارية,1,2026-05-30,2026-05-30,2026-09-20,219,2026-09-20,True,"4,600,000",False,عمارة
6808788,https://sa.aqar.fm/عمائر-للبيع/مكة-المكرمة/حي-الاندلس/حي-الأندلس-مدينة-مكة-المكرمة-منطقة-مكة-المكرمة-6808788,"عمارة للبيع في حي الأندلس, مدينة مكة المكرمة, منطقة مكة المكرمة",3000000,400,,,,0,حي الاندلس,مكة المكرمة,حي الاندلس,"بيع عمارة عظم سكنية في حي الأندلس 📍

📐 المساحة : 400م2
الأطوال : 20x20

متوفر رخصة بناء ومخطط للعمارة؛
بناء 3 أدوار ونصف
 مؤسسة 7 شقق سكنية 

🧭 الواجهة :
جنوبية على شارع 25م


رقم التواصل : ((الرقم يظهر عند الضغط على اتصال))
🛑 يمنع الوسطاء 🛑",21.442018,39.827528,https://images.aqar.fm/webp/750x0/props/048434599_1786014116991.jpg | https://images.aqar.fm/webp/750x0/props/048434591_1786014336633.jpg | https://images.aqar.fm/webp/750x0/props/048434593_1786014119291.jpg,3,مشعل سليمان,شركة النموذجية الاولى للتطوير والاستثمار العقاري,1,2026-08-06,2026-09-04,2026-09-19,124,2026-09-20,True,"3,000,000",False,عمارة
6626554,https://sa.aqar.fm/عمائر-للبيع/مكة-المكرمة/حي-البحيرات/شارع-اسماعيل-بن-اسحاق-القاضي-حي-البحيرات-مدينة-مكة-المكرمة-منطقة-مكة-المكرمة-6626554,"عمارة للبيع في شارع اسماعيل بن اسحاق القاضي, حي البحيرات, مدينة مكة المكرمة, منطقة مكة المكرمة",3500000,625,,,,11,حي البحيرات,مكة المكرمة,حي البحيرات,"للتوضيح 
العمارة عبارة عن عمارتين كل عمارة مساحة ٦٢٥ 
المساحة الإجمالية ١٢٥٠ 
كل عمارة مدخل منفصل دورين",21.478427,39.788815,https://images.aqar.fm/webp/750x0/props/008893300_1773678746621.jpg,1,روان احمد,مكتب مقام الثقة للخدمات العقارية,1,2026-03-16,2026-03-16,2026-03-16,145,2026-09-20,True,"3,500,000",False,عمارة
6659081,https://sa.aqar.fm/عمائر-للبيع/مكة-المكرمة/حي-بطحاء-قريش/شارع-أسماء-بنت-عميس-رضي-الله-عنها-حي-السوق-الجديد-مدينة-مكة-المكرمة-منطقة-مكة-المكرمة-6659081,"عمارة للبيع في شارع أسماء بنت عميس رضي الله عنها, حي السوق الجديد, مدينة مكة المكرمة, منطقة مكة المكرمة",2550000,512,,,,11,حي بطحاء قريش,مكة المكرمة,حي بطحاء قريش,"🏢 عمارة استثمارية مميزة للبيع في بطحاء قريش – مكة المكرمة

📍 موقع استراتيجي على خط الدائري الرابع
✨ فرصة ذهبية للاستثمار بعائد ثابت

🔹 تفاصيل العقار:
	•	دور أرضي + دور أول  + روف
	•	العمارة مجددة بالكامل (جاهزة للسكن والاستثمار فوراً)

🔸 تقسيم الشقق:

🏠 الدور الأرضي:
	•	شقتين
	•	كل شقة: 4 غرف + 2 حمام + صالة + مطبخ

🏠 الدور الأول:
	•	شقتين
	•	كل شقة: 4 غرف + 2 حمام + صالة + مطبخ

🏠 الدور الثاني:
	•	شقتين
	•	كل شقة: 4 غرف + 2 حمام + صالة + مطبخ

🏠 الروف:
	•	3 شقق
	•	كل شقة: غرفتين + صالة + 2 حمام

💰 الدخل السنوي: 140,000 ريال
📈 عائد استثماري ممتاز ومستقر

🌟 المميزات:
	•	موقع حيوي قريب من الأسواق والخدمات
	•	حي هادئ ومناسب للسكن العائلي
	•	سهولة الوصول للطرق الرئيسية

💵 السعر المطلوب:
2,550,000 ريال فقط

📞 فرصة نادرة للمستثمرين – دخل جاهز وعقار مجدد بالكامل في موقع مميز بمكة",21.353058,39.824453,https://images.aqar.fm/webp/750x0/props/008913313_1776463315640.jpg,1,عبدالرحمن ابراهيم محمد اليحيا,مؤسسة فلك الرزق,1,2026-04-17,2026-09-10,2026-09-10,1387,2026-09-20,True,"2,550,000",False,عمارة
6801217,https://sa.aqar.fm/عمائر-للبيع/مكة-المكرمة/حي-الشرائع/شارع-الاذخر-حي-المقام-مدينة-مكة-المكرمة-منطقة-مكة-المكرمة-6801217,"عمارة للبيع في شارع الاذخر, حي المقام, مدينة مكة المكرمة, منطقة مكة المكرمة",1450000,400,,,,10,حي الشرائع,مكة المكرمة,حي الشرائع,"مبنى سكني واستثماري للبيع في مكة المكرمة

- الموقع حي المقام 
- المساحة 400 متر مربع

تفاصيل العقار:
التقسيم: يتكون من شقتين (دور أرضي) + ملحق علوي
- الدخل السنوي: 36000 ريال .

الخدمات متكاملة كهرباء، مياه، صرف صحى هاتف ثابت، وإنترنت ألياف ضوئية",21.500949,39.939275,https://images.aqar.fm/webp/750x0/props/052587926_1785647314093.jpg,1,ثامر بن عطيه بن صالح المالكي,مؤسسة ثامر عطيه المالكي,1,2026-08-02,2026-08-31,2026-09-18,336,2026-09-20,True,"1,450,000",False,عمارة
6852648,https://sa.aqar.fm/عمائر-للبيع/مكة-المكرمة/حي-الحمراء-و-ام-الجود/شارع-الامير-محمد-ابن-نايف-ابن-عبدالعزيز-الفرعي-حي-أم-الجود-مدينة-مكة-المكرمة-منطقة-مكة-المكرمة-6852648,"عمارة للبيع في شارع الامير محمد ابن نايف ابن عبدالعزيز الفرعي, حي أم الجود, مدينة مكة المكرمة, منطقة مكة المكرمة",4700000,564,,,,0,حي الحمراء و ام الجود,مكة المكرمة,حي الحمراء و ام الجود,"عمارة عظم بموقع مميز بمخطط الزايدي مكه المكرمه 
مشطبه من الداخل 50٪ 
ترخيصها سكني تجاري على شارعين  64م و 15م 
صك إلكتروني مساحتها : 564م 
كل الأوراق سليمه ونظامية وحسب نظام الكود السعودي 
مكونه من اربع ادوار كل دور  شقتين 
بالاصافه إلى 4 فتحات تجاريه 
يوجد مصعد ولكن يحتاج استكمال تركيب 
سبب بيع العقار ( وفاة المالك والورثة غير متفرغين بتاتا )",21.410985,39.707427,https://images.aqar.fm/webp/750x0/props/042237098_1788274807806.jpg | https://images.aqar.fm/webp/750x0/props/042237092_1788274807818.jpg | https://images.aqar.fm/webp/750x0/props/042237097_1788274807822.jpg | https://images.aqar.fm/webp/750x0/props/042237097_1788274807796.jpg | https://images.aqar.fm/webp/750x0/props/042237093_1788274807822.jpg | https://images.aqar.fm/webp/750x0/props/042237096_1788274807818.jpg | https://images.aqar.fm/webp/750x0/props/042237097_1788274899443.jpg | https://images.aqar.fm/webp/750x0/props/042237095_1788274899438.jpg | https://images.aqar.fm/webp/750x0/props/042237093_1788274899441.jpg | https://images.aqar.fm/webp/750x0/props/042237099_1788274899444.jpg | https://images.aqar.fm/webp/750x0/props/042237095_1788274899441.jpg | https://images.aqar.fm/webp/750x0/props/042237093_1788274899427.jpg | https://images.aqar.fm/webp/750x0/props/042237090_1788274899440.jpg,13,ريان عبدالقادر أحمد حقاش,مؤسسة واحة الصمود العقاريه,1,2026-09-01,2026-09-01,2026-09-12,58,2026-09-20,True,"4,700,000",False,عمارة
6735823,https://sa.aqar.fm/عمائر-للبيع/مكة-المكرمة/حي-الكعكية/شارع-احمد-بن-عبدالله-العجلي-حي-الكعكية-مدينة-مكة-المكرمة-منطقة-مكة-المكرمة-6735823,"عمارة للبيع في شارع احمد بن عبدالله العجلي, حي الكعكية, مدينة مكة المكرمة, منطقة مكة المكرمة",6000000,385,,,,11,حي الكعكية,مكة المكرمة,حي الكعكية,يتكون من ٣ ادوار وبدروم وروف الدور الاول شقتين والثانى والثالث شقه بمساحه العماره بالكامل به سبع غرف والدور الرابع شقه صغيره وبها مصعد العمارة موقعها ممتاز للاستثمار  الغرض من البيع السفر,21.385348,39.821328,https://images.aqar.fm/webp/750x0/props/012159304_1781643905353.jpg | https://images.aqar.fm/webp/750x0/props/012159309_1781643905356.jpg | https://images.aqar.fm/webp/750x0/props/012159308_1781643905367.jpg | https://images.aqar.fm/webp/750x0/props/012159301_1781643905352.jpg | https://images.aqar.fm/webp/750x0/props/012159305_1781643905399.jpg | https://images.aqar.fm/webp/750x0/props/012159303_1781643905362.jpg | https://images.aqar.fm/webp/750x0/props/012159307_1781643905367.jpg | https://images.aqar.fm/webp/750x0/props/012159303_1781643905350.jpg | https://images.aqar.fm/webp/750x0/props/012159305_1781643932570.jpg | https://images.aqar.fm/webp/750x0/props/012159305_1781643932571.jpg | https://images.aqar.fm/webp/750x0/props/012159306_1781643932590.jpg | https://images.aqar.fm/webp/750x0/props/012159309_1781643932606.jpg | https://images.aqar.fm/webp/750x0/props/012159304_1781643932560.jpg | https://images.aqar.fm/webp/750x0/props/012159302_1781643932595.jpg | https://images.aqar.fm/webp/750x0/props/012159304_1781643932563.jpg | https://images.aqar.fm/webp/750x0/props/012159305_1781643932576.jpg,16,عبدالرحمن بن مبارك بن حمود الحازمي,مكتب عبدالرحمن بن مبارك بن حمود الحازمي للخدمات العقارية,1,2026-06-16,2026-06-16,2026-08-09,99,2026-09-20,True,"6,000,000",False,عمارة
6679450,https://sa.aqar.fm/عمائر-للبيع/مكة-المكرمة/حي-العتيبية/شارع-غير-مسمى-حي-العتيبية-مدينة-مكة-المكرمة-منطقة-مكة-المكرمة-6679450,"عمارة للبيع في شارع غير مسمى, حي العتيبية, مدينة مكة المكرمة, منطقة مكة المكرمة",900000,178,,,,11,حي العتيبية,مكة المكرمة,حي العتيبية,"السلام عليكم 
عمارتين متجاورة الاول على الشارع العام غير نجاري موزي لشارع الجزاير التجاري امام حديقة النور العمارة الاول دور ارضي شقتين و دور اول شقتين 3 غرف  و صالة و مطبخ 2 حمامات و غرفتين و  مطبخ 2 حمامات الدور الثاني نفس الاول و ملحق غرفتين مطبخ 2 حمامات مع السطوح العمارة الثانية خلفة الارضي 3 غرف و صالة و مطبخ 2 حمامات الاول نفس الارضي الثاني نفسة يوجد مصعد فل وتماتيك",21.445804,39.820201,https://images.aqar.fm/webp/750x0/props/008754203_1777807150984.jpg | https://images.aqar.fm/webp/750x0/props/008754204_1777807150984.jpg | https://images.aqar.fm/webp/750x0/props/008754200_1777807151012.jpg | https://images.aqar.fm/webp/750x0/props/008754200_1777807150999.jpg | https://images.aqar.fm/webp/750x0/props/008754200_1777807151008.jpg | https://images.aqar.fm/webp/750x0/props/008754204_1777807150989.jpg | https://images.aqar.fm/webp/750x0/props/008754204_1777807150994.jpg | https://images.aqar.fm/webp/750x0/props/008754206_1777807151007.jpg | https://images.aqar.fm/webp/750x0/props/008754202_1777807151003.jpg | https://images.aqar.fm/webp/750x0/props/008754204_1777807150994.jpg | https://images.aqar.fm/webp/750x0/props/008754203_1777807151008.jpg | https://images.aqar.fm/webp/750x0/props/008754209_1777807151012.jpg | https://images.aqar.fm/webp/750x0/props/008754201_1777807151006.jpg | https://images.aqar.fm/webp/750x0/props/008754206_1777807151003.jpg,14,كامل بن سليم بن سليمان الوافى,مؤسسة مكتب بحر الجودة للخدمات الالكترونية,1,2026-05-03,2026-05-03,2026-05-31,129,2026-09-20,True,"900,000",False,عمارة
6658854,https://sa.aqar.fm/عمائر-للبيع/مكة-المكرمة/حي-الخنساء/شارع-18-الخنساء-حي-الخنساء-مدينة-مكة-المكرمة-منطقة-مكة-المكرمة-6658854,"عمارة للبيع في شارع 18 الخنساء, حي الخنساء, مدينة مكة المكرمة, منطقة مكة المكرمة",3500000,544,,,,11,حي الخنساء,مكة المكرمة,حي الخنساء,"فرصة استثمارية سكنية مميزة في قلب مكة المكرمة 🏗️
للبيع أو للايجار عمارة سكنية بموقع استراتيجي وحيوي يربط بين ريع ذاخر وحي الخنساء، تتميز بمساحات واسعة ودخل مستمر.
📍 الموقع والمواصفات:
• الموقع: مكة المكرمة - منطقة (ريع ذاخر / الخنساء).
• مساحة الأرض: 544 متر مربع.
• عدد الأدوار: 3 أدوار.
• عدد الوحدات: 6 شقق سكنية واسعة جداً.
💰 البيانات المالية والاستثمارية:
• الدخل الحالي: 90,000 ريال سنويًا (مؤجرة حالياً).
• الدخل السابق (القدرة التأجيرية): وصل إلى 132,000 ريال سنويًا.
• القيمة المضافة: العمارة تمتاز بمساحات شقق كبيرة، مما يجعلها مرغوبة جداً للعوائل أو لإعادة الاستثمار بنظام التأجير الموسمي.",21.45217,39.841262,https://images.aqar.fm/webp/750x0/props/049741440_1776444179649.jpg | https://images.aqar.fm/webp/750x0/props/049741449_1776444179652.jpg | https://images.aqar.fm/webp/750x0/props/049741441_1776444467229.jpg,3,عطية الزهرانى,مؤسسة إضمامة العقارية,1,2026-04-17,2026-09-10,2026-09-10,161,2026-09-20,True,"3,500,000",False,عمارة
6841194,https://sa.aqar.fm/عمائر-للبيع/مكة-المكرمة/حي-الاندلس/شارع-الجزائر-حي-العتيبية-مدينة-مكة-المكرمة-منطقة-مكة-المكرمة-6841194,"عمارة للبيع في شارع الجزائر, حي العتيبية, مدينة مكة المكرمة, منطقة مكة المكرمة",1200000,101,,,,11,حي الاندلس,مكة المكرمة,حي الاندلس,"بيانات العقار:

* الموقع: مكة المكرمة الاندلس شارع الجزائر
* مساحة الأرض: 102 متر مربع
* عدد الأدوار الفعلي: اربعة الدور وملحق
* عدد الشقق: 4 من 4 غرف و2 حمام وصالة ومطبخ
* عدد المحلات: 2
*
*
* يوجد مصعد: / لا
 

البيانات الاستثمارية:

* الدخل السنوي الحالي: 120 الف ريال

* 
* السعر المطلوب للبيع1200000 ريال
*قابلية التفاوض

بيانات مهمة:

* الصك إلكتروني ومحدث: نعم 
* لاتوجد مخالفات أو ملاحظات على العقار
*  على وجهتين شارع تجاري  وشارع نافذ",21.44593,39.82082,https://images.aqar.fm/webp/750x0/props/054226923_1787673112945.jpg,1,محمد الحازمي,مكتب محمد مبارك الحازمي للخدمات العامة,1,2026-08-25,2026-08-25,2026-09-18,113,2026-09-20,True,"1,200,000",False,عمارة
6850094,https://sa.aqar.fm/عمائر-للبيع/مكة-المكرمة/حي-الزاهر/شارع-قصر-الضيافة-حي-الزاهر-مدينة-مكة-المكرمة-منطقة-مكة-المكرمة-6850094,"عمارة للبيع في شارع قصر الضيافة, حي الزاهر, مدينة مكة المكرمة, منطقة مكة المكرمة",17000000,928,,,,11,حي الزاهر,مكة المكرمة,حي الزاهر,"موقع العقار في مكه الكرمه حي الزاهر شارع الضيافه عباره عن عماره سكنيه مساحة الارض 928م  مكونه من بدروم ودور ارضي وسته ادوار متكرره ودور مرتد اخير
الدور الارضي محلات تجاريه وشقتين والادوار المتكرره اربع شقق من اربع غرف للدور الواحد
العماره مؤجره بالكامل",21.440182,39.796352,https://images.aqar.fm/webp/750x0/props/003479567_1788156893707.jpg,1,زهير بن عبدالرحيم بن محمد باماقوس,مؤسسة الجزيره للانشاء والتجارةلصاحبها زهير عبدالرحيم محمد باماقوس,1,2026-08-31,2026-08-31,2026-08-31,100,2026-09-20,True,"17,000,000",False,عمارة
6836121,https://sa.aqar.fm/عمائر-للبيع/مكة-المكرمة/حي-النزهة/شارع-المواردي-حي-النزهة-مدينة-مكة-المكرمة-منطقة-مكة-المكرمة-6836121,"عمارة للبيع في شارع المواردي, حي النزهة, مدينة مكة المكرمة, منطقة مكة المكرمة",1900000,486,,,,11,حي النزهة,مكة المكرمة,حي النزهة,"وصف العقار:
عمارة هدد قائمة في منطقة عمائر،
مسموح البناء 4 أدوار.
تقع على شارعين، وهي ميزة نادرة تزيد من القيمة الاستثمارية للموقع.

مناسبة لإعادة التطوير بعدة نماذج، مثل:
- شقق تمليك
- شقق فندقية
- سكن استثماري
مميزات الموقع ✨

✔ قريبة من الحرم المكي، تبعد عن الحرم المكي 10دقايق تقريبا ٦ كيلو  مع طلب مرتفع على مدار العام.
✔ منطقة حيوية ومخدومة بالكامل.
               [جوار السرايا مول ]
✔ سهولة الوصول من الطرق الرئيسية.
✔ محاطة بخدمات تجارية ومراكز تسوق.
✔ مناسبة للاستثمار طويل وقصير المدى.
✔ موقع مثالي لمشاريع السكن أو الضيافة.
✔ موجهة للمطورين الجادين فقط.

⭐ ميزة تسويقية إضافية للموقع:

موقع استثماري مرن يخدم أكثر من نموذج تطوير؛ فالقرب من الحرم المكي، إلى جانب وقوع العقار على شارعين وإمكانية إعادة تطويره، يمنح المطور فرصة اختيار النموذج الأنسب للسوق، سواء كان سكنيًا أو فندقيًا أو استثماريًا، مما يعزز من جاذبية الفرصة الاستثمارية ويمنحها قابلية تسويقية أعلى.",21.429474,39.78427,https://images.aqar.fm/webp/750x0/props/045154109_1787430361979.jpg | https://images.aqar.fm/webp/750x0/props/045154107_1787430332194.jpg,2,عبدالله خالد,مؤسسة دليل الأصول العقارية,1,2026-08-22,2026-08-22,2026-09-18,127,2026-09-20,True,"1,900,000",False,عمارة
6871079,https://sa.aqar.fm/عمائر-للبيع/مكة-المكرمة/حي-الشرائع/حي-اليمامة-مدينة-مكة-المكرمة-منطقة-مكة-المكرمة-6871079,"عمارة للبيع في حي اليمامة, مدينة مكة المكرمة, منطقة مكة المكرمة",1100000,364,,,,0,حي الشرائع,مكة المكرمة,حي الشرائع,‏عماره دور جديد للبيع - بناء شخصي - فرصة للسكن أو للاستثمار - شرائع المجاهدين حي اليمامة المساحة 364 موقع مميز - شارعين (شارع أمامي حوالي 22م تجاري + شارع 4م من الخلف) مواقف سيارات واسعة - مؤسس على ثلاثة أدوار - صك ألكتروني - يقبل البنك - مكون من 5 غرف وصالة واسعة ومطبخ وغرفة غسيل ومخزن وثلاث دورات مياه ومؤسس مصعد - على الكود السعودي - ضمانات التعاونية للتأمين - جميع الخدمات متوفرة وقريبة جداً (كهرباء - صرف صحي - عداد مياه - إنارة - سوبر ماركت وغيرها),21.518576,39.935586,https://images.aqar.fm/webp/750x0/props/041140977_1789237304581.jpg | https://images.aqar.fm/webp/750x0/props/041140976_1789237304586.jpg | https://images.aqar.fm/webp/750x0/props/041140976_1789237304580.jpg | https://images.aqar.fm/webp/750x0/props/041140974_1789237304426.jpg | https://images.aqar.fm/webp/750x0/props/041140975_1789237304567.jpg | https://images.aqar.fm/webp/750x0/props/041140973_1789237304570.jpg | https://images.aqar.fm/webp/750x0/props/041140978_1789237304581.jpg | https://images.aqar.fm/webp/750x0/props/041140976_1789237304575.jpg,8,سالم عالي,مؤسسة سالم عالي علي المالكي,1,2026-09-12,2026-09-12,2026-09-12,59,2026-09-20,True,"1,100,000",False,عمارة
6812790,https://sa.aqar.fm/عمائر-للبيع/مكة-المكرمة/حي-الراشدية/شارع-عمرو-ابن-الطفيل-ابن-عمرو-حي-الكوثر-مدينة-مكة-المكرمة-منطقة-مكة-المكرمة-6812790,"عمارة للبيع في شارع عمرو ابن الطفيل ابن عمرو, حي الكوثر, مدينة مكة المكرمة, منطقة مكة المكرمة",2300000,414,,,,10,حي الراشدية,مكة المكرمة,حي الراشدية,"عمارة تجارية سكنية 

الموقع : الشرايع مخطط 4
مكونات العمارة : 6 شقق سكنية + 3 محلات تجارية معى ميزانين
على شارع 40 تجاري 
الشقق مؤاجرة بالكامل 
محل مؤجر ومتبقي محلين غير مؤاجرة 
الدخل لكامل العمارة 126000ريال للسنة",21.459548,39.97471,https://images.aqar.fm/webp/750x0/props/009245293_1786285116191.jpg | https://images.aqar.fm/webp/750x0/props/009245294_1786285122815.png,2,عبدالمجيد السبيعي,شركة كنف العمران,1,2026-08-09,2026-08-09,2026-09-07,270,2026-09-20,True,"2,300,000",False,عمارة
6812796,https://sa.aqar.fm/عمائر-للبيع/مكة-المكرمة/حي-الراشدية/شارع-عمرو-ابن-الطفيل-ابن-عمرو-حي-الكوثر-مدينة-مكة-المكرمة-منطقة-مكة-المكرمة-6812796,"عمارة للبيع في شارع عمرو ابن الطفيل ابن عمرو, حي الكوثر, مدينة مكة المكرمة, منطقة مكة المكرمة",2100000,412,,,,9,حي الراشدية,مكة المكرمة,حي الراشدية,"عمارة تجارية سكنية

الموقع : الشرايع مخطط 4
مكونات العمارة : 6 شقق سكنية + 3 محلات تجارية معى ميزانين
على شارع 40 تجاري
الشقق مؤاجرة بالكامل
المحلات غير مؤاجرة 
الدخل لكامل العمارة 124000ريال للسنة",21.459587,39.974936,https://images.aqar.fm/webp/750x0/props/009245291_1786285300057.jpg | https://images.aqar.fm/webp/750x0/props/009245290_1786285308778.png,2,عبدالمجيد السبيعي,شركة كنف العمران,1,2026-08-09,2026-08-09,2026-09-07,233,2026-09-20,True,"2,100,000",False,عمارة
6861249,https://sa.aqar.fm/عمائر-للبيع/مكة-المكرمة/حي-الخنساء/شارع-300-جبل-النور-1-حي-وادي-جليل-مدينة-مكة-المكرمة-منطقة-مكة-المكرمة-6861249,"عمارة للبيع في شارع 300 جبل النور 1, حي وادي جليل, مدينة مكة المكرمة, منطقة مكة المكرمة",5000000,162,,,,11,حي الخنساء,مكة المكرمة,حي الخنساء,"🏡 عقار للإيجار – 45,000 ريال سنويًا

عقار واسع ومناسب للعائلات، موزع على دورين وملحق:

**الدور الأول:**
• 4 غرف
• صالة
• مطبخ
• 3 دورات مياه

**الدور الثاني:**
• غرفتان
• مطبخ
• دورتا مياه

**الملحق:**
• غرفة إضافية

💰 **الإيجار السنوي: 45,000 ريال**

عقار بتوزيع عملي ومساحات متعددة، مناسب للعائلة ويمنح خصوصية وراحة بين الأدوار.

للتفاصيل والمعاينة يرجى التواصل على رقم الجوال ((الرقم يظهر عند الضغط على اتصال))",21.456128,39.849272,https://images.aqar.fm/webp/750x0/props/017199086_1788728713618.jpg,1,محمد سراج,مؤسسة رونق الأعمال للتسويق,1,2026-09-06,2026-09-06,2026-09-20,27,2026-09-20,True,"5,000,000",False,عمارة
6783186,https://sa.aqar.fm/عمائر-للبيع/مكة-المكرمة/حي-الراشدية/شارع-المنجور-حي-التروية-مدينة-مكة-المكرمة-منطقة-مكة-المكرمة-6783186,"عمارة للبيع في شارع المنجور, حي التروية, مدينة مكة المكرمة, منطقة مكة المكرمة",1700000,400,,,,7,حي الراشدية,مكة المكرمة,حي الراشدية,"عماره للبيع الشرائع ملحق 2
حي التروية
درجه ثانيه من شارع القادسيه
الدور الارضي شقتين من ثلاث غرف
الدور الاول شقتين من اربع غرف
جميع الخدمات متوفرة
محطة النقل العام
مطلوب /
مليون و700 قابل للتفاوض",21.465456,39.972817,https://images.aqar.fm/webp/750x0/props/042667176_1786195579074.jpg,1,صيده جردي علي كلبي,مؤسسة صيده جردي كلبي العقارية,1,2026-07-20,2026-07-20,2026-09-18,584,2026-09-20,True,"1,700,000",False,عمارة
6816936,https://sa.aqar.fm/عمائر-للبيع/مكة-المكرمة/حي-العمرة-الجديدة/شارع-البحيري-حي-العمرة-مدينة-مكة-المكرمة-منطقة-مكة-المكرمة-6816936,"عمارة للبيع في شارع البحيري, حي العمرة, مدينة مكة المكرمة, منطقة مكة المكرمة",2500000,781,,,,11,حي العمرة الجديدة,مكة المكرمة,حي العمرة الجديدة,للبيع عمارة سكنية دورين 4 شقق بمساحة 781 م مكة المكرمة - مخطط العمرة 6,21.572756,39.776836,https://images.aqar.fm/webp/750x0/props/054573654_1786466815732.jpg,1,معتوق بن عليان بن حامد السلمي,مكتب أرجاء الغربية للعقارات,1,2026-08-11,2026-09-09,2026-09-09,154,2026-09-20,True,"2,500,000",False,عمارة
6818646,https://sa.aqar.fm/عمائر-للبيع/مكة-المكرمة/حي-العزيزية/شارع-المنار-حي-العزيزية-مدينة-مكة-المكرمة-منطقة-مكة-المكرمة-6818646,"عمارة للبيع في شارع المنار, حي العزيزية, مدينة مكة المكرمة, منطقة مكة المكرمة",3500000,393,,,,11,حي العزيزية,مكة المكرمة,حي العزيزية,"للبيع عمارة هدد بمكة المكرمة في حي العزيزية بمحبس الجن 
 المساحة 394 متر 
تبعد عن الحرم 15 دقيقه تقريبا 
المنطقة مميزة جدا وفرصة استثمارية ممتازة",21.422232,39.859913,https://images.aqar.fm/webp/750x0/props/045835952_1786546235261.jpg | https://images.aqar.fm/webp/750x0/props/045835959_1786546261707.jpg,2,فارس سعيد,شركة وان واي العقارية,1,2026-08-12,2026-08-12,2026-09-15,132,2026-09-20,True,"3,500,000",False,عمارة
6851433,https://sa.aqar.fm/عمائر-للبيع/مكة-المكرمة/حي-التنعيم/شارع-3-التنعيم-4-حي-التنعيم-مدينة-مكة-المكرمة-منطقة-مكة-المكرمة-6851433,"عمارة للبيع في شارع 3 التنعيم 4, حي التنعيم, مدينة مكة المكرمة, منطقة مكة المكرمة",3000000,523,,,,5,حي التنعيم,مكة المكرمة,حي التنعيم,"فرصة استثمارية مميزة بمكة – حي العمرة
عمارة سكنية مؤجرة بالكامل، مكونة من 9 وحدات سكنية مع بدروم ومواقف سيارات ومصعد.

• مساحة الأرض: 523.6م²
• مسطحات البناء: 1,926م²
• عمر العقار: 5–6 سنوات تقريبًا
• الدخل السنوي الحالي: 143,000 ريال
• ومتوقع ارتفاع الدخل من بداية العام القادم
• السعر المطلوب: 3,000,000 ريال
• قابل للتفاوض للجادين بعد المعاينة

عقار قائم ومؤجر بالكامل، مناسب للمستثمر الباحث عن أصل عقاري جاهز ودخل قائم في مكة المكرمة.

📞 ((الرقم يظهر عند الضغط على اتصال))
مؤسسة الشموخ الحديثة للعقارات
ترخيص الإعلان العقاري: 7201111918",21.51201,39.793499,https://images.aqar.fm/webp/750x0/props/052110491_1788205952062.jpg | https://images.aqar.fm/webp/750x0/props/052110499_1788205952121.jpg | https://images.aqar.fm/webp/750x0/props/052110490_1788205952053.jpg | https://images.aqar.fm/webp/750x0/props/052110496_1788205952127.jpg | https://images.aqar.fm/webp/750x0/props/052110493_1788205952046.jpg,5,عبدالله هشام,مكتب الشموخ الحديثة للعقارات,1,2026-08-31,2026-08-31,2026-09-18,90,2026-09-20,True,"3,000,000",False,عمارة
6816999,https://sa.aqar.fm/عمائر-للبيع/مكة-المكرمة/حي-النوارية/شارع-البريمي-حي-النوارية-مدينة-مكة-المكرمة-منطقة-مكة-المكرمة-6816999,"عمارة للبيع في شارع البريمي, حي النوارية, مدينة مكة المكرمة, منطقة مكة المكرمة",2400000,738,,,,2,حي النوارية,مكة المكرمة,حي النوارية,للبيع عمارة عظم 3 ادوار وملحق - عدد الشقق 8 المساحة 738 م مكة المكرمة - زهرة العمرة 9,21.531079,39.779191,https://images.aqar.fm/webp/750x0/props/054573655_1786468311318.jpg,1,معتوق بن عليان بن حامد السلمي,مكتب أرجاء الغربية للعقارات,1,2026-08-11,2026-09-09,2026-09-09,163,2026-09-20,True,"2,400,000",False,عمارة
6870763,https://sa.aqar.fm/عمائر-للبيع/مكة-المكرمة/حي-الشوقية/شارع-محمد-بن-عكرمه-حي-ولي-العهد-مكة-منطقة-مكة-المكرمة-6870763,"عمارة للبيع في شارع القميعة, حي المحمدية, مدينة مكة المكرمة, منطقة مكة المكرمة",6500000,702,,,,5,حي الشوقية,مكة المكرمة,حي الشوقية,"🏢 عمارة استثمارية للبيع – مكة المكرمة | مخطط السبهاني

📐 مساحة الأرض: 702 م²
🏗️ مساحة البناء: 1,588.63 م²
🕰️ عمر العقار: 10 سنوات
📈 الدخل السنوي الحالي: قرابة 120,000 ريال

🔹 العمارة مكونة من 6 شقق، منها 5 شقق مؤجرة:

▪️ 4 شقق تتكون كل شقة من:
5 غرف + صالة + 3 دورات مياه + مطبخ + غرفة عاملة + غرفة غسيل.

▪️ شقة واحدة:
3 غرف + صالة + دورتين مياه + مطبخ.

▪️ شقة واحدة:
3 غرف + صالة + دورتين مياه + مطبخ + غرفة عاملة + غرفة غسيل.

🔹 السطح:
مجلس كبير + دورة مياه.

✨ مميزات العمارة:
• واجهات خارجية من الرخام.
• تشطيب الشقق الداخلي بالرخام.
• بيت الدرج سيراميك.
• مصعد كبير.
• مياه محلاة وصرف صحي.
• خدمة فايبر.
• 5 مواقف سيارات خارجية.
• بدروم يتسع لـ3 سيارات صغيرة.

📍 موقع مميز وقريب من الخدمات:
🕌 مسجد على بُعد نحو 50 مترًا.
🛒 مركز تسوق كبير على بُعد نحو 70 مترًا.
🚶 قريب من ممشى السبهاني وممشى الشوقية.
🏫 قريب من المدارس الحكومية.


✅ عقار قائم ومدر للدخل، بمساحة كبيرة وموقع مخدوم .

صفة المعلن مالك",21.357903782443305,39.78475162035791,https://images.aqar.fm/webp/750x0/props/011505742_1789366005724.jpg | https://images.aqar.fm/webp/750x0/props/011505741_1789366031124.jpg | https://images.aqar.fm/webp/750x0/props/011505743_1789366111278.jpg | https://images.aqar.fm/webp/750x0/props/011505746_1789366151050.jpg | https://images.aqar.fm/webp/750x0/props/011505740_1789366194194.jpg | https://images.aqar.fm/webp/750x0/props/011505741_1789366230705.jpg,6,هتان بن محمد بن حسن حافظ,,,2026-09-12,2026-09-17,2026-09-20,28,2026-09-20,True,"6,500,000",False,عمارة
6841990,https://sa.aqar.fm/عمائر-للبيع/مكة-المكرمة/حي-الشوقية/شارع-مالك-بن-مسعود-الخزرجي-حي-الشوقية-مدينة-مكة-المكرمة-منطقة-مكة-المكرمة-6841990,"عمارة للبيع في شارع مالك بن مسعود الخزرجي, حي الشوقية, مدينة مكة المكرمة, منطقة مكة المكرمة",2200000,540,,,,7,حي الشوقية,مكة المكرمة,حي الشوقية,"✅للبيع عماره بالشوقيه 
✅مساحه الارض  540 م
✅شارع 15 م شمال 
✅العمر 7 سنوات 
- دور مواقف غير مشطب
- دور اول شقتين متقابله من 4 غرف وصاله جاهزه 
- دور ثاني شقتين متقابله من 5 غرف احدهم غير مشطبه
- ملحق 6 غرف غير مشطب
 ✅بالإمكان زياده دورين متكرر 
✅مؤسس مصعد 
✅ومؤسسه كذالك على تحمل 6 ادوار 
✅بناء شخصي 
✅واصلة شبكة الماء والصرف الصحي أكرمكم الله 
✅صك مسجل عيني وإفراغ فوري وتصريح بناء وخرائط وتقرير فني بسلامه المبنى 
✅بناء نظامي لايوجد مخالفات وكل شي موحود من مستندات رسميه 
✅خزان كبير الى 7 تريلات 
✅العماره عليها تقيم رسمي معتمد قبل 9 أشهر ب2 مليون و550 الف

❗️البيع الان بسعر مناسب جداً
 ب2 مليون و200 الف كاااش فقط
 ( لاتقبل البنوك )

الوسيط ماجد : ((الرقم يظهر عند الضغط على اتصال))
رخصة فال : 1100017743
ترخيص الإعلان : 7100314352
تاريخ إنتهاء الترخيص : 10/07/2027",21.385444,39.799769,https://images.aqar.fm/webp/750x0/props/020463261_1787702500924.jpg | https://images.aqar.fm/webp/750x0/props/020463269_1787702500914.jpg | https://images.aqar.fm/webp/750x0/props/020463260_1787702500916.jpg,3,ماجد صفر عيظه الفهمي ,,,2026-08-25,2026-08-25,2026-09-18,269,2026-09-20,True,"2,200,000",False,عمارة
6836042,https://sa.aqar.fm/عمائر-للبيع/مكة-المكرمة/حي-الجامعة/شارع-اليسير-حي-الجامعة-مدينة-مكة-المكرمة-منطقة-مكة-المكرمة-6836042,"عمارة للبيع في شارع اليسير, حي الجامعة, مدينة مكة المكرمة, منطقة مكة المكرمة",2300000,364,,,,11,حي الجامعة,مكة المكرمة,حي الجامعة,"عمارة مؤجرة للبيع مكة العزيزية حي الجامعة
فرصة استثمارية ممتازة 👌💰✔️
واجهة شمالية 
عرض الشارع 10 م والطول 18.55 م
6 عدادات كهرباء ⚡️
لكل شقة عداد كهرباء وعداد خدمات
العمر أكثر من 30 سنه
قريب للخدماات والمساجد 
قريب للحرم المكي الشريف 

- *المساحة:* 364 م²
- *عدد الأدوار:* 3 أدوار + سطحين + 6 شقق 
⁠
◾️الدور الأرضي شقتين
 كل شقة 3 غرف + مطبخ + 2 حمام

◾️الدور الأول شقتين
 كل شقة 3 غرف + مطبخ + 2 حمام

◾️الدور الثاني شقة واحدة
 3 غرف + مطبخ + 2 حمام + سطح

◾️الدور الثالث شقة واحدة
 غرفة + مطبخ + حمام + سطح

السعر  2 مليون و 300 ألف 
الدخل 85 ألف 

⭐️ترخيص اعلان 7201097996",21.394549,39.880518,https://images.aqar.fm/webp/750x0/props/003640853_1787427179759.jpg | https://images.aqar.fm/webp/750x0/props/003640850_1787612947244.jpg | https://images.aqar.fm/webp/750x0/props/003640857_1787612947407.jpg | https://images.aqar.fm/webp/750x0/props/003640857_1787612947239.jpg | https://images.aqar.fm/webp/750x0/props/003640857_1787612947392.jpg | https://images.aqar.fm/webp/750x0/props/003640859_1787612947455.jpg | https://images.aqar.fm/webp/750x0/props/003640854_1787612947396.jpg | https://images.aqar.fm/webp/750x0/props/003640856_1787612947250.jpg | https://images.aqar.fm/webp/750x0/props/003640854_1787612947278.jpg | https://images.aqar.fm/webp/750x0/props/003640852_1787612972880.jpg | https://images.aqar.fm/webp/750x0/props/003640858_1787612973026.jpg | https://images.aqar.fm/webp/750x0/props/003640852_1787612972889.jpg | https://images.aqar.fm/webp/750x0/props/003640850_1787612972878.jpg | https://images.aqar.fm/webp/750x0/props/003640854_1787612972889.jpg | https://images.aqar.fm/webp/750x0/props/003640850_1787612973084.jpg | https://images.aqar.fm/webp/750x0/props/003640857_1787612972883.jpg | https://images.aqar.fm/webp/750x0/props/003640858_1787612972877.jpg | https://images.aqar.fm/webp/750x0/props/003640853_1787612995550.jpg | https://images.aqar.fm/webp/750x0/props/003640856_1787612995556.jpg | https://images.aqar.fm/webp/750x0/props/003640852_1787612995705.jpg | https://images.aqar.fm/webp/750x0/props/003640855_1787612995703.jpg | https://images.aqar.fm/webp/750x0/props/003640852_1787612995712.jpg | https://images.aqar.fm/webp/750x0/props/003640855_1787612995548.jpg | https://images.aqar.fm/webp/750x0/props/003640856_1787612995758.jpg | https://images.aqar.fm/webp/750x0/props/003640857_1787612995711.jpg | https://images.aqar.fm/webp/750x0/props/003640854_1787613042364.jpg | https://images.aqar.fm/webp/750x0/props/003640859_1787613042536.jpg | https://images.aqar.fm/webp/750x0/props/003640855_1787613042529.jpg | https://images.aqar.fm/webp/750x0/props/003640857_1787613042570.jpg | https://images.aqar.fm/webp/750x0/props/003640854_1787613042533.jpg,30,تهاني محمد بن سعيد باخنبري,,,2026-08-22,2026-08-25,2026-09-04,62,2026-09-20,True,"2,300,000",False,عمارة
6655673,https://sa.aqar.fm/عمائر-للبيع/مكة-المكرمة/حي-الراشدية/شارع-ذو-عمرو-الحميري-حي-الكوثر-مدينة-مكة-المكرمة-منطقة-مكة-المكرمة-6655673,"عمارة للبيع في شارع ذو عمرو الحميري, حي الكوثر, مدينة مكة المكرمة, منطقة مكة المكرمة",3200000,394,,,,9,حي الراشدية,مكة المكرمة,حي الراشدية,"- نقدم لكم خدمات متكاملة في مجال الوساطة العقارية:
عمارة تجارية للبيع مخطط 4 الشرائع موقع مميز وقريبة لجميع الخدمات وهي كتالي
المساحة 395متر
3 ادوار وملحق 
4 محلات تجارية
6 شقق كل شقة 4 غرف 
شارع. 40 متر شرقي
شارع. 20 متر جنوبي",21.461132,39.971724,https://images.aqar.fm/webp/750x0/props/045982026_1776233204961.jpg,1,فيصل بن عبدالله,مؤسسة فيصل بن عبدالله البقمي,1,2026-04-15,2026-04-15,2026-07-11,141,2026-09-20,True,"3,200,000",False,عمارة
6496364,https://sa.aqar.fm/عمائر-للبيع/مكة-المكرمة/حي-الملك-فهد/شارع-الحارث-بن-وهب-رضي-الله-عنه-حي-الملك-فهد-مدينة-مكة-المكرمة-منطقة-مكة-المكرمة-6496364,"عمارة للبيع في شارع الحارث بن وهب رضي الله عنه, حي الملك فهد, مدينة مكة المكرمة, منطقة مكة المكرمة",6500000,750,,,,6,حي الملك فهد,مكة المكرمة,حي الملك فهد,"عمارة سكنية واجهه شمالية ثاني درجة من الشارع الرئيسي تحتوي على 
5 طوابق بإجمالي عدد 9 شقق
كل طابق يحتوي على عدد 2 شقه 
كل شقة تحتوي على 5 غرف + 1 غرفة خادمة + 1 مطبخ + 1 صالة +4 دورات مياه",21.382354,39.781971,https://images.aqar.fm/webp/750x0/props/014597034_1765112806649.jpg,1,محمد مصطفى,مؤسسة ادارة المباني العقارية,1,2025-12-07,2025-12-07,2026-08-04,938,2026-09-20,True,"6,500,000",False,عمارة
6548949,https://sa.aqar.fm/عمائر-للبيع/مكة-المكرمة/حي-الشوقية/شارع-شارع-عبدالله-بن-ثعلبه-الخزرج-حي-الشوقية-مدينة-مكة-المكرمة-منطقة-مكة-المكرمة-6548949,"عمارة للبيع في شارع شارع عبدالله بن ثعلبه الخزرج, حي الشوقية, مدينة مكة المكرمة, منطقة مكة المكرمة",4500000,660,,,,0,حي الشوقية,مكة المكرمة,حي الشوقية,"عمارة سكنية بحي الشوقية.
العمارة جديدة ومكونة من أربعة أدوار وملحق 
دور أرضي ( مواقف سيارات ) غير مشطب
دور أول وثاني غير مشطب  كل دور يحوي شقتين من خمسة غرف وخمس دورات مياة وغرفة غسيل وصالة ومطبخ 
ودور ثالث يحوي شقتين مشطبتين من خمسة غرف وخمس دورات مياة وغرفة غسيل وصالة ومطبخ 
وملحق علوي غير مشطلب. 
تأسيس مصعد 
عدادات الكهرباء ( 8 )
العقار جديد تماماً وبناء شخصي على اشتراطات رخصة البدلية
مع إمكانية زيادة دور اضافي
صك العقار محدث 
الموقع متميز ومكتمل الخدمات الحكومية والعامة.
الحي في عمومه نشط وحيوي تجاريا وسكانيا
داخل حد الحرم ويبعد عن الحرم 15 دقيقة
السعر /4.500.000ريال 
رقم التواصل / ((رقم المعلن يظهر عند التواصل))",21.37697,39.799938,https://images.aqar.fm/webp/750x0/props/015402281_1768567079620.jpg | https://images.aqar.fm/webp/750x0/props/015402287_1768567091292.jpg | https://images.aqar.fm/webp/750x0/props/015402285_1768567091293.jpg | https://images.aqar.fm/webp/750x0/props/015402286_1768567091292.jpg | https://images.aqar.fm/webp/750x0/props/015402289_1768567105821.jpg | https://images.aqar.fm/webp/750x0/props/015402287_1768567105847.jpg | https://images.aqar.fm/webp/750x0/props/015402283_1768567105826.jpg | https://images.aqar.fm/webp/750x0/props/015402288_1768567105892.jpg | https://images.aqar.fm/webp/750x0/props/015402280_1768567105916.jpg | https://images.aqar.fm/webp/750x0/props/015402287_1768567105856.jpg | https://images.aqar.fm/webp/750x0/props/015402280_1768567105897.jpg | https://images.aqar.fm/webp/750x0/props/015402286_1768567105892.jpg | https://images.aqar.fm/webp/750x0/props/015402280_1768567105910.jpg | https://images.aqar.fm/webp/750x0/props/015402289_1768567105940.jpg | https://images.aqar.fm/webp/750x0/props/015402281_1768567105927.jpg | https://images.aqar.fm/webp/750x0/props/015402289_1768567105829.jpg | https://images.aqar.fm/webp/750x0/props/015402286_1768567105868.jpg | https://images.aqar.fm/webp/750x0/props/015402283_1768567116806.jpg | https://images.aqar.fm/webp/750x0/props/015402287_1768567116835.jpg | https://images.aqar.fm/webp/750x0/props/015402289_1768567116807.jpg | https://images.aqar.fm/webp/750x0/props/015402282_1768567116835.jpg | https://images.aqar.fm/webp/750x0/props/015402289_1768567116807.jpg | https://images.aqar.fm/webp/750x0/props/015402286_1768567116838.jpg | https://images.aqar.fm/webp/750x0/props/015402285_1768567116809.png,24,ابراهيم عبدالرحمن بن عمري السلمي,,,2026-01-16,2026-01-16,2026-09-17,206,2026-09-20,True,"4,500,000",False,عمارة
6751840,https://sa.aqar.fm/عمائر-للبيع/مكة-المكرمة/حي-الخضراء/شارع-عبدالرحمن-بن-ابزي-الخزاعي-حي-الخضراء-مدينة-مكة-المكرمة-منطقة-مكة-المكرمة-6751840,"عمارة للبيع في شارع عبدالرحمن بن ابزي الخزاعي, حي الخضراء, مدينة مكة المكرمة, منطقة مكة المكرمة",5900000,750,,,,0,حي الخضراء,مكة المكرمة,حي الخضراء,"🚨 *فرصة استثمارية مميزة للبيع في مكة المكرمة – حي الخضراء* 🚨
مبنى سكني تجاري (مطبخ جاهز) بموقع استراتيجي على شارع رئيسي وحالة ممتازة بعد الصيانة!

📍 *تفاصيل الموقع* :
المدينة: مكة المكرمة.
*الحي-: حي الخضراء.
*رقم المخطط*: 1/20/16/6.
*رقم القطعة*: 1185.

📐 *مواصفات العقار والشارع*:
*المساحة الإجمالية*: 750 متر مربع.
*نوع العقار*: مبنى سكني/تجاري (مستغل كمطبخ).
*واجهة العقار*: يقع على شارع بعرض 32 متراً .

💰 *القيمة الاستثمارية والمالية*:
*الدخل السابق*: كان مؤجراً بمبلغ 450,000 ريال سعودي سنويًا.

*الوضع الحالي*: بعد خروج المستأجر، تم عمل صيانات شاملة وتحديثات كاملة للمبنى، وهو الآن في حالة ممتازة وجاهز للتشغيل الفوري بأعلى كفاءة أو لإعادة الاستثمار.

*سعر البيع: 5,900,000 ريال سعودي*.
📞 *للتواصل والاستفسار*:
*المعلن:* بدر السليماني
*رقم الجوال:* ((الرقم يظهر عند الضغط على اتصال)) أو ((الرقم يظهر عند الضغط على اتصال))

*رخصة فال:* 1100177562#
*ترخيص إعلان:* 7100295191#

https://maps.app.goo.gl/grKUjtkXnsLQZe3x5",21.464507,39.924897,https://images.aqar.fm/webp/750x0/props/000951968_1782682336520.png | https://images.aqar.fm/webp/750x0/props/000951963_1782682342544.png | https://images.aqar.fm/webp/750x0/props/000951962_1782682350420.png | https://images.aqar.fm/webp/750x0/props/000951963_1782682356296.png | https://images.aqar.fm/webp/750x0/props/000951968_1782682362746.png | https://images.aqar.fm/webp/750x0/props/000951963_1782682362751.png | https://images.aqar.fm/webp/750x0/props/000951962_1782682362756.png | https://images.aqar.fm/webp/750x0/props/000951968_1782682362756.png | https://images.aqar.fm/webp/750x0/props/000951966_1782682362779.png | https://images.aqar.fm/webp/750x0/props/000951966_1782682362778.png,10,بدر عمر مسعود السليماني,,,2026-06-28,2026-06-28,2026-07-24,270,2026-09-20,True,"5,900,000",False,عمارة
6725200,https://sa.aqar.fm/عمائر-للبيع/مكة-المكرمة/حي-البحيرات/شارع-هلال-الربعي-حي-السلامة-مدينة-مكة-المكرمة-منطقة-مكة-المكرمة-6725200,"عمارة للبيع في شارع هلال الربعي, حي السلامة, مدينة مكة المكرمة, منطقة مكة المكرمة",5000000,600,,,,0,حي البحيرات,مكة المكرمة,حي البحيرات,"عمارة سكنية مخطط الغدير (حي السلامه ) داخل حد الحرم
واجهة شمالية عرض الشارع ١٥ متر ،، صك الكتروني ،، رقم القطعة ٣١٢ ،،  مكونة من دور مواقف واربعة ادوار متكررة وملحق بخارجة وسطح الملحق (  ٨ شقق ،،  كل شقه ٥ غرف ومطبخ وغرفة غسيل و٣ دورات مياه وبلكونه ، وصالة ،، 
الملحق مكون من ٤ دورات مياه ،، مطبخين ،، غرفة غسيل ،، صاله كبيرة ،، ٦ غرف ) 
ملاحظة / يوجد شقة واحدة فقط مشطبة بالكامل . 
مساحة الارض ٦٠٠ متر مربع ،
ملاحظة / تم تاسيس المصعد من السكك والابواب 
شاملة جميع الخدمات ( كهرباء ،، موية ،، صرف صحي ) 
يوجد في العمارة خزانين ،، واجهة العمارة واجهة  فاخرة (جي آر  سي ) ، مدخل العمارة رخام 

سعر البيع : ( ٥ مليون ) قابل للتفاوض البسيط .",21.46674,39.790812,https://images.aqar.fm/webp/750x0/props/025273499_1780985924399.jpg | https://images.aqar.fm/webp/750x0/props/025273499_1780985924391.jpg | https://images.aqar.fm/webp/750x0/props/025273496_1780985924399.jpg | https://images.aqar.fm/webp/750x0/props/025273496_1780985924380.jpg,4,خالد عاطي بن عطاالله الحربي,,,2026-06-09,2026-06-09,2026-09-10,556,2026-09-20,True,"5,000,000",False,عمارة
6875939,https://sa.aqar.fm/عمائر-للبيع/مكة-المكرمة/حي-الضيافة/شارع-الامام-البخاري-حي-الضيافة-مدينة-مكة-المكرمة-منطقة-مكة-المكرمة-6875939,"عمارة للبيع في شارع الامام البخاري, حي الضيافة, مدينة مكة المكرمة, منطقة مكة المكرمة",7500,642,,,,11,حي الضيافة,مكة المكرمة,حي الضيافة,"السلام عليكم ورحمة الله وبركاته

اللهم صلِّ وسلم على سيدنا ونبينا محمد

عرض عقاري مميز – حصري لدى التميمي العقارية

نأسف من التعامل مع الوسطاء والمكاتب العقارية، ونرحب بالتواصل المباشر من المشتري الجاد فقط.

فيلا تجارية على قطعة أرض تجارية | مخطط النزهة – مكة المكرمة
الموقع:

	•	على شارعين: 20م و15م
	•	درجة ثانية من الشارع العام (قرب شارع الإمام البخاري)
	•	على بعد 3.5 كم من الحرم المكي الشريف
	•	ضمن منطقة استثمارية معتمدة لإنشاء عمارة فندقية مفروشة

تفاصيل الصك:

	•	صك إلكتروني جاهز
	•	المساحة الإجمالية: 642 م²
	•	الاستخدام: تجاري / سكني
	•	فيلا تجارية قديمة قائمة حالياً على الأرض

الدخل التشغيلي الحالي (مؤجر بالكامل):

الايجارات قابله للتطوير طبعا 
الفيلا	60,000 ريال
محل الخضار	30,000 ريال
محل البقالة	50,000 ريال
الإجمالي	140,000 ريال

السعر: 8500  للمتر (السوم)

فرصة استثمارية:
موقع نادر يجمع بين القرب من الحرم المكي ودخل تشغيلي قائم فعلياً، مع إمكانية إعادة التطوير لمشروع فندقي مفروش ضمن منطقة استثمارية معتمدة — عقار يحقق عائداً حالياً ويحمل قيمة مستقبلية مضاعفة.

هذا العرض حصري لدينا فقط.

للتواصل والمعاينة: ((الرقم يظهر عند الضغط على اتصال))
أبو فهد – التميمي العقاريه",21.435268,39.798193,https://images.aqar.fm/webp/750x0/props/036541056_1789483835563.jpg | https://images.aqar.fm/webp/750x0/props/036541050_1789484227783.jpg,2,احمد فهد,,,2026-09-15,2026-09-15,2026-09-18,30,2026-09-20,True,"7,500",False,عمارة
6716598,https://sa.aqar.fm/عمائر-للبيع/مكة-المكرمة/حي-العوالي/شارع-شارع-النيم-حي-العوالي-مدينة-مكة-المكرمة-منطقة-مكة-المكرمة-6716598,"عمارة للبيع في شارع شارع النيم, حي العوالي, مدينة مكة المكرمة, منطقة مكة المكرمة",3100000,900,,,,11,حي العوالي,مكة المكرمة,حي العوالي,"*عمارة سكنية مؤجرة للبيع | مكة - العوالي داخل الحد* 🏢

*التفاصيل:*
- *الموقع:* العوالي - داخل الحد - بجوار مسجد وحديقة
- *المساحة:* 900 م²
- *الشوارع:* على شارع 12 م + ممر خلفي 6 م

*مكونات العمارة:*
- *10 شقق* سكنية
- *بدروم*
- *ملحق أرضي*
- *توزيع الشقق:* غرفتين + مطبخ + دورات مياه
- بعض الشقق بصالة وبعضها بدون صالة

*الخدمات:*
- الماء والصرف والألياف البصرية واصلة
- العمارة مجددة من الداخل بالكامل
- عمر البناء: أكثر من 20 سنة

*الدخل:*
*180,000 ريال سنوياً*
بعقود إلكترونية موثقة

*السعر:*
*3,200,000 ريال* قابل للتفاوض

*التراخيص:*
- *ترخيص إعلان:* 7200990122
- *رخصة فال:* 1100015211",21.346739,39.914073,https://images.aqar.fm/webp/750x0/props/003640850_1784157108845.jpg | https://images.aqar.fm/webp/750x0/props/003640851_1784157108837.jpg,2,تهاني محمد بن سعيد باخنبري,,,2026-06-02,2026-08-29,2026-09-04,467,2026-09-20,True,"3,100,000",False,عمارة
6579013,https://sa.aqar.fm/عمائر-للبيع/مكة-المكرمة/حي-النسيم/شارع-صفوان-بن-اليمان-حي-النسيم-مدينة-مكة-المكرمة-منطقة-مكة-المكرمة-6579013,"عمارة للبيع في شارع صفوان بن اليمان , حي النسيم, مدينة مكة المكرمة, منطقة مكة المكرمة",11000000,630,,,,11,حي النسيم,مكة المكرمة,حي النسيم,"العمارة تقع بمكة المكرمة قريب من المشاعر المقدسة في حي النسيم خلف جامع الأميرة فهده السديري تتكون من خمس طوابق وملحق وبدروم وبها تسع شقق ( شقتين منها تتكون من اربع غرف وصالة ومطبخ وثلاث دورات مياه ) 
وست شقق تتكون من ( خمس غرف وصاله ومطبخ وثلاث دورات ) 
وبها ملحق غرفتين ومنافعهما .
مؤجرة بالكامل ايجار سنوي .
البدروم مكيف 
ودور مواقف مكيف أيضا 
جميع اشتراطات الدفاع المدني لتصريح الحج متوفرة",21.373732,39.87715,https://images.aqar.fm/webp/750x0/props/050913134_1770417996017.jpg | https://images.aqar.fm/webp/750x0/props/050913137_1770418186365.jpg | https://images.aqar.fm/webp/750x0/props/050913139_1770418201861.jpg,3,عدنان عثمان,مكتب عقد ودار للخدمات العقارية,1,2026-02-06,2026-08-29,2026-08-29,766,2026-09-20,True,"11,000,000",False,عمارة
6509271,https://sa.aqar.fm/عمائر-للبيع/مكة-المكرمة/حي-الضيافة/شارع-الاتقان-حي-الضيافة-مدينة-مكة-المكرمة-منطقة-مكة-المكرمة-6509271,"عمارة للبيع في شارع الاتقان, حي الضيافة, مدينة مكة المكرمة, منطقة مكة المكرمة",5000000,414,,,,11,حي الضيافة,مكة المكرمة,حي الضيافة,"عمارة للبيع في حي النزهة امام نادي النجوم
تفاصيل العمارة:
الدور الأرضي شقتين من غرفتين وحمام ومطبخ
الدور الثاني والثالث من شقتين كل شقه من ثلاثه غرف وحمامين ومطبخ وصاله
ومصرح من البلدية ببناء ٣ ادوار اضافية
السعر قابل للتفاوض",21.433662,39.799477,https://images.aqar.fm/webp/750x0/props/049283835_1765899599217.jpg,1,باسل عاطف,شركة وان واي تسعة للسياحة,1,2025-12-16,2026-09-06,2026-09-06,254,2026-09-20,True,"5,000,000",False,عمارة
6575403,https://sa.aqar.fm/عمائر-للبيع/مكة-المكرمة/حي-الشرائع/شارع-شارع-1-شرائع-المجاهدين-حي-اليمامة-مدينة-مكة-المكرمة-منطقة-مكة-المكرمة-6575403,"عمارة للبيع في شارع شارع 1 شرائع المجاهدين, حي اليمامة, مدينة مكة المكرمة, منطقة مكة المكرمة",1688000,787,,,,11,حي الشرائع,مكة المكرمة,حي الشرائع,"عمارة دورين وملحق
الموقع 
شرائع المجاهدين 
جوار بقاله وجدان 
ومصلى العيد 
المسجد الجامع 
قريب من جميع الخدمات : الصيدليه والبقاله والمغسله والصراف والمدرسه 
قريبة من خط المجاهدين العام تبعد 30 ثانيه  بالسياره

المساحة 787 بصك الكتروني محدث 
الكروكيات ورخصة البناء موجوده 

يوجد 2 خزانات ماء كبيرة جداً 
واحد تابع للعماره 
والثاني احتياط
العمارة على 4 شوارع
شارعها تجاري مقام فيه محلات بالعماير الي امامها 
الحوش يشيل 8 سيارات بالراحة 
العمارة تتكون من :
دورين وملحق 
الدور الارضي مدخل مستقل يتكون من :
 3 غرف نوم واحدة من الغرف لها مستودع ملابس 
صاله كبيره 
مجلس رجال كبير  
مقلط طعام 
مطبخ  ومستودع للمطبخ 
3 حمامات 
مستودع خارجي 
حوش كبير 
الدور الثاني مدخل مستقل يتكون من : 
شقتين كل شقة تتكون من 4 غرف وصالة ومطبخ ودورات مياه

الملحق يتكون من :
 4 غرف وصالة ودورات مياه 

عمر العقار 22 سنه 
تم الترميم والصيانة الدورية  
يوجد اشتراك مياه وصرف 
الحي مسموح فيه بالبناء الى 3 ادوار وملحق 
( العماره ماجره بالكامل )
مؤجره بمبلغ 62400 الف سنوياً ايجار قديم 
الحالي المتوقع يصل 100 الف
الحوش يتسع لبناء عمارة ثانية

المطلوب 
2مليون 250 الف
قابل للتفاوض",21.49558,39.95929,https://images.aqar.fm/webp/750x0/props/046877666_1770189209436.jpg | https://images.aqar.fm/webp/750x0/props/046877661_1770189209451.jpg | https://images.aqar.fm/webp/750x0/props/046877669_1770189266884.jpg | https://images.aqar.fm/webp/750x0/props/046877666_1770189266721.jpg | https://images.aqar.fm/webp/750x0/props/046877664_1770189266734.jpg,5,تركي بن وزن بن تركي الشهري,,,2026-02-04,2026-08-26,2026-09-15,1237,2026-09-20,True,"1,688,000",False,عمارة
6638377,https://sa.aqar.fm/عمائر-للبيع/مكة-المكرمة/حي-العدل/شارع-يونس-بن-عمر-حي-العدل-مدينة-مكة-المكرمة-منطقة-مكة-المكرمة-6638377,"عمارة للبيع في شارع يونس بن عمر, حي العدل, مدينة مكة المكرمة, منطقة مكة المكرمة",2200000,400,,,,11,حي العدل,مكة المكرمة,حي العدل,"فرصة استثماريه للبيع عمارة مكه المكرمة حي العدل الغسالة
العقار عمره 21 سنه
كل دور شقه خمس غرف وثلاث حمامات ومطبخ وصالتين
والملحق 3 غرف وحمامين وصاله ومطبخ
شقتين تم تقسيمهم لغرفتين وصاله ومطبخ وحمام
وشقه ثلاث غرف وصاله ومطبخ وحمامين
كلها مؤجره
دخلها السنوي 168 الف
كلها بعقود الكترونيه موثقه
اربعه ادوار وملحق
الجاد يتواصل ويبشر بالخير
((الرقم يظهر عند الضغط على اتصال))",21.448811,39.872937,https://images.aqar.fm/webp/750x0/props/004628475_1789182261367.jpg | https://images.aqar.fm/webp/750x0/props/004628472_1775076558488.jpg | https://images.aqar.fm/webp/750x0/props/004628471_1775076559017.jpg | https://images.aqar.fm/webp/750x0/props/004628472_1775076559360.jpg | https://images.aqar.fm/webp/750x0/props/004628475_1775076559693.jpg | https://images.aqar.fm/webp/750x0/props/004628475_1775076560613.jpg | https://images.aqar.fm/webp/750x0/props/004628475_1775076560946.jpg | https://images.aqar.fm/webp/750x0/props/004628477_1775076561407.jpg,8,حسين الزهراني,,,2026-04-01,2026-04-01,2026-09-18,372,2026-09-20,True,"2,200,000",False,عمارة
6758502,https://sa.aqar.fm/عمائر-للبيع/مكة-المكرمة/حي-الجامعة/شارع-الثمار-حي-الجامعة-مكة-منطقة-مكة-المكرمة-6758502,"عمارة للبيع في شارع الثمار, حي الجامعة, مدينة مكة المكرمة, منطقة مكة المكرمة",2700000,400,,,,11,حي الجامعة,مكة المكرمة,حي الجامعة,"عمارة سكنيه للبيع بمكة المكرمة
في العزيزيه حي الجامعة 
بين شارعين تجاريه الشيخ بن حميد و عبدالله خياط
ودرجه ثالثه من طريق الملك خالد وسط العزيزية
الرابط بين الدائري الثالث والرابع
قريبه من الكعبة المشرفه ومن مشعر منى
عبارة عن دورين بها سته وحدات بمنافعها
وحدة بها اربع غرف
وحدة بها ثلاث غرف
وحدتين بها غرتين
وحدتين بها غرفه
و بوابه دخول موقف للسيارة و غرفة للسائق بمنافعها
مؤجرة بالكامل والدخل قابل للزيادة
منطقة استثمارية منافسة
المساحة 400 بالصك 
ولها معاملة جاهزة لشراء زائدة تنظيمية بمساحة 90 متر ليصبح اجمالي المساحة 490م
شارع عرض 10م 
ويمكن تعديله بالصك ليصبح 12م اسوةً بالجار. 
المبلغ المطلوب 2,900,000 قابل للتفاوض للجاد.",21.396078,39.870373,https://images.aqar.fm/webp/750x0/props/003654993_1784364517749.jpg | https://images.aqar.fm/webp/750x0/props/003654998_1784364592289.jpg | https://images.aqar.fm/webp/750x0/props/003654994_1784364648232.jpg | https://images.aqar.fm/webp/750x0/props/003654997_1784364669312.jpg | https://images.aqar.fm/webp/750x0/props/003654998_1784364696549.jpg | https://images.aqar.fm/webp/750x0/props/003654994_1784364736297.jpg | https://images.aqar.fm/webp/750x0/props/003654999_1784364801064.jpg,7,ضيف الله سعيد عوض الزهرانى,,,2026-07-03,2026-07-18,2026-09-20,303,2026-09-20,True,"2,700,000",False,عمارة
6841151,https://sa.aqar.fm/عمائر-للبيع/مكة-المكرمة/حي-الخنساء/شارع-273-جبل-النور-1-حي-وادي-جليل-مدينة-مكة-المكرمة-منطقة-مكة-المكرمة-6841151,"عمارة للبيع في شارع 273 جبل النور 1, حي وادي جليل, مدينة مكة المكرمة, منطقة مكة المكرمة",1000000,173,,,,11,حي الخنساء,مكة المكرمة,حي الخنساء,"منزل مؤجر للبيع مكة وادي جليل جبل النور 1

*الموقع ذهبي:*
📍 يبعد 3 دقائق عن منى
📍 10 دقائق عن المسجد الحرام
📍 جميع الخدمات حوله - مدارس - مساجد - أسواق

*مواصفات المنزل:*
- *الأرض:* مستوية بواجهتين وزقاق
- *التكوين:* 3 طوابق + سطح
- *كل طابق:* 5 غرف + 2 دورة مياه + صالة كبيرة + مطبخ
- *السطح:* ملحق غرفة + دورة مياه
- *الخدمات:* عداد كهرباء وماء مستقل لكل طابق

مناسب جداً للسكن أو الاستثمار
⚡️المساحة 173.47
⚡️العمر 28 سنة 
⚡️السعر مليون قابل للتفاوض
⚡️مؤجر دورين فقط كل دور 18 ألف سنويا",21.454651,39.847904,https://images.aqar.fm/webp/750x0/props/003640859_1787671647531.jpg | https://images.aqar.fm/webp/750x0/props/003640852_1787671647533.jpg | https://images.aqar.fm/webp/750x0/props/003640858_1787671647509.jpg,3,تهاني محمد بن سعيد باخنبري,,,2026-08-25,2026-08-25,2026-09-04,96,2026-09-20,True,"1,000,000",False,عمارة
6801006,https://sa.aqar.fm/عمائر-للبيع/مكة-المكرمة/حي-البحيرات/شارع-شهيد-الدين-ثم-الوطن-عايش-احمد-نمر-الشنبري-حي-البحيرات-مدينة-مكة-المكرمة-منطقة-مكة-المكرمة-6801006,"عمارة للبيع في شارع شهيد الدين ثم الوطن عايش احمد نمر الشنبري, حي البحيرات, مدينة مكة المكرمة, منطقة مكة المكرمة",1750000,312,,,,0,حي البحيرات,مكة المكرمة,حي البحيرات,"🏡 للبيع عمارة دوبلكس جديدة (لم تُسكن) – نظام شقة فوق شقة

📍 الموقع: مكة المكرمة – مخطط النخيل (البحيرات) | داخل حد الحرم

📐 المساحة: 312 م² | 🛣️ الشارع: 15 م | 🧭 الواجهة: شمالية

📜 رقم تصريح الإعلان: 7100304973

🔹 تفاصيل العقار:
الدور الأرضي: 4 غرف + صالة كبيرة + 4 دورات مياه + غرفة غسيل + مدخل مستقل.

الدور الأول: 5 غرف + صالة كبيرة + 4 دورات مياه + غرفة غسيل + مدخل مستقل.

الملحق: مجلس فخم بمساحة (9×6م) مع دورة مياه.

✨ المميزات والضمانات:
✅ جديدة بالكامل ولم تُسكن من قبل.

✅ داخل حدود الحرم المكي الشريف.

✅ مداخل وعدادات كهرباء مستقلة لكل شقة (مناسبة لسكن عائلتين أو للاستثمار).

✅ متوفر جميع الخدمات (مياه تحلية، صرف صحي، بالقرب من جامع كبير ومراكز تجارية).

✅ تشطيبات فاخرة، أدوات كهربائية من الفنار (ضمان 25 سنة)، ومواسير سباكة خليجي (حار).

✅ ضمان العيوب الخفية لمدة 10 سنوات من شركة التعاونية.

✅ صك إلكتروني جاهز للإفراغ الفوري.

💰 السعر المطلوب: 1,750,000 ريال سعودي

📞 للتواصل والاستفسار: ((الرقم يظهر عند الضغط على اتصال))",21.468841,39.786403,https://images.aqar.fm/webp/750x0/props/000908043_1787000826877.jpg | https://images.aqar.fm/webp/750x0/props/000908045_1787000826927.jpg | https://images.aqar.fm/webp/750x0/props/000908047_1787000826842.jpg | https://images.aqar.fm/webp/750x0/props/000908049_1787000987252.jpg | https://images.aqar.fm/webp/750x0/props/000908041_1787000987408.jpg | https://images.aqar.fm/webp/750x0/props/000908048_1787000987248.jpg | https://images.aqar.fm/webp/750x0/props/000908049_1787000987406.jpg | https://images.aqar.fm/webp/750x0/props/000908049_1787000987253.jpg | https://images.aqar.fm/webp/750x0/props/000908048_1787000987253.jpg | https://images.aqar.fm/webp/750x0/props/000908049_1787001053385.jpg | https://images.aqar.fm/webp/750x0/props/000908048_1787001053563.jpg | https://images.aqar.fm/webp/750x0/props/000908045_1787001053556.jpg | https://images.aqar.fm/webp/750x0/props/000908048_1787001053387.jpg | https://images.aqar.fm/webp/750x0/props/000908041_1787001053385.jpg | https://images.aqar.fm/webp/750x0/props/000908045_1787001053390.jpg | https://images.aqar.fm/webp/750x0/props/000908042_1787001053385.jpg | https://images.aqar.fm/webp/750x0/props/000908049_1787001053388.jpg | https://images.aqar.fm/webp/750x0/props/000908048_1787001172151.jpg | https://images.aqar.fm/webp/750x0/props/000908048_1787001172130.jpg | https://images.aqar.fm/webp/750x0/props/000908048_1787001172176.jpg | https://images.aqar.fm/webp/750x0/props/000908045_1787001172174.jpg | https://images.aqar.fm/webp/750x0/props/000908046_1787001172116.jpg | https://images.aqar.fm/webp/750x0/props/000908049_1787160884419.jpg,23,عدنان محمد على,,,2026-08-01,2026-08-31,2026-09-15,508,2026-09-20,True,"1,750,000",False,عمارة
6818816,https://sa.aqar.fm/عمائر-للبيع/مكة-المكرمة/حي-العمرة-الجديدة/شارع-الدليميه-حي-العمرة-مدينة-مكة-المكرمة-منطقة-مكة-المكرمة-6818816,"عمارة للبيع في شارع الدليميه, حي العمرة, مدينة مكة المكرمة, منطقة مكة المكرمة",1900000,600,,,,11,حي العمرة الجديدة,مكة المكرمة,حي العمرة الجديدة,"� للبيع في مكة المكرمة – النوارية
📍 بجوار مدرسة صقل المواهب
عقار مكوّن من دورين + ملحق:
🔹 الدور الأرضي:
• 6 غرف
• صالة كبيرة
• مطبخ
• 4 دورات مياه
🔹 الدور الأول:
• 6 غرف
• صالة كبيرة
• مطبخ
• 4 دورات مياه
🔹 الملحق:
• غرفتين
• مطبخ
• دورتين مياه
📐 مساحة الأرض: 600م2
عرض الشارع: 15م
❌ لا يوجد مصعد
💰 السعر: 1,900,000 ريال
📞 للتواصل والمعاينة:
((الرقم يظهر عند الضغط على اتصال))",21.571085,39.786086,https://images.aqar.fm/webp/750x0/props/045961576_1786550140452.jpg,1,رزق الله اليزيدي,,,2026-08-12,2026-09-10,2026-09-16,164,2026-09-20,True,"1,900,000",False,عمارة
6646987,https://sa.aqar.fm/عمائر-للبيع/مكة-المكرمة/حي-بطحاء-قريش/شارع-يحيى-الانصاري-حي-بطحاء-قريش-مدينة-مكة-المكرمة-منطقة-مكة-المكرمة-6646987,"عمارة للبيع في شارع يحيى الانصاري, حي بطحاء قريش, مدينة مكة المكرمة, منطقة مكة المكرمة",3800000,550,,,,11,حي بطحاء قريش,مكة المكرمة,حي بطحاء قريش,"للبيع عمارة سكنية بطحاء قريش
الحد : 3 مليون و  800 الف
مكونة من  3  اداور - شقق
🛑متوفر : 
1- مصعد 
2- كراج  سيارة وغرفة كبيره 
فوق الكراج مع حمام ومطبخ سيرفس 
3- مواقف تخدم الشقق مع مظلة سيارات
مكونات الشقق :
🛑الدور الارضي : 
شقة رقم 1 :مكونة من 3 غرف وصاله كبيره 
وحمامين ومطبخ وفي باب للحوش من المطبخ
شقة رقم 2 : مكونه من 4 غرف وصاله و3 حمامات 
وصاله ومطبخ 
🛑الدور الاول : 
عدد2 شقة كل شقة مكونه من 4 غرف و3 حمامات وصاله ومطبخ 
🛑الدور  الثاني : 
مكونه من دور كامل فيه 6 غرف نوم و 5 حمامات
ومطبخ وصالة طعام ومجلس للضيوف كبير جدا
وصاله كبيره  ، شقتين مفتوحه على بعض 
🛑السطح : 
مكون من غرفة غسيل وغرفة خادمة 
🛑معلومات العمارة :
المساحة : 550
واجهة العمارة :شرقية
25   الواجهة  -  العمق 22 
6  عدادت كهرباء لكل شقه 
1 عداد كهرباء للمصعد وغرفة السايق
الماء : خزان مشترك كبير
العمر تقريبا : 17
البناء شخصي وجودة عالية",21.369488,39.822327,https://images.aqar.fm/webp/750x0/props/030326877_1761608693482.jpg,1,ممدوح العنزي,,,2026-04-08,2026-04-08,2026-09-17,897,2026-09-20,True,"3,800,000",False,عمارة
6636920,https://sa.aqar.fm/عمائر-للبيع/مكة-المكرمة/حي-الشوقية/شارع-الكداديه-الغربيه-حي-العكيشية-مدينة-مكة-المكرمة-منطقة-مكة-المكرمة-6636920,"عمارة للبيع في شارع الكداديه الغربيه, حي العكيشية, مدينة مكة المكرمة, منطقة مكة المكرمة",4200000,520,,,,0,حي الشوقية,مكة المكرمة,حي الشوقية,"بسم الله الرحمن الرحيم ، ماشاء الله تبارك الله 
نعلن عن 
عرض مميز ورائع بموقعه داخل حد الحرم وهو عبارة عن عمارة سكنية على شارعين في حي العكيشية مخطط السبهاني داخل حد الحرم و سهل الدخول الخروج وبالقرب من الخدمات والمسجد 
تتكون العمارة من بدروم + دور مواقف + ٤ ادوار مكرر + ملحق روف 
يوجد في كل دور شقتين  عدد 2مداخل  و 5 غرف و 1صالة ومطبخ و ٣ دورات مياه و خزان مياه مستقل لكل شقة وعداد كهرباء مستقل لكل شقة 
الملحق عباره عن 5غرف وصاله ومطبخ و4 دورات مياه 
التفاصيل : 
كل شقه لها خزان علوي وسفلي معزول و مستقل 
العماره واجهتها حجر اردني 
تأسيس الكهرباء جاهز (الفنار)
تأسيس السباكه خليجي وجاهز
اللياسه من الداخل منتهيه بالكامل 
الأساس لبشه لكامل الارض
عدادات الكهرباء موجوده 
شغل شخصي 
البيع على حالتها

وصلى الله وسلم وبارك على نبينا محمد وآله وصحبه أجمعين",21.351031,39.785792,https://images.aqar.fm/webp/750x0/props/028237427_1774981017794.jpg | https://images.aqar.fm/webp/750x0/props/028237427_1774981017790.jpg | https://images.aqar.fm/webp/750x0/props/028237428_1774981017786.jpg | https://images.aqar.fm/webp/750x0/props/028237428_1774981017783.jpg | https://images.aqar.fm/webp/750x0/props/028237426_1774981017833.jpg | https://images.aqar.fm/webp/750x0/props/028237425_1774981017824.jpg | https://images.aqar.fm/webp/750x0/props/028237427_1774981017828.jpg | https://images.aqar.fm/webp/750x0/props/028237425_1774981017835.jpg,8,سلمان سليمان محمد الشهري,,,2026-03-31,2026-08-24,2026-09-13,888,2026-09-20,True,"4,200,000",False,عمارة
6795213,https://sa.aqar.fm/عمائر-للبيع/مكة-المكرمة/حي-البحيرات/شارع-المازني-حي-البحيرات-مدينة-مكة-المكرمة-منطقة-مكة-المكرمة-6795213,"عمارة للبيع في شارع المازني, حي البحيرات, مدينة مكة المكرمة, منطقة مكة المكرمة",3700000,887,,,,11,حي البحيرات,مكة المكرمة,حي البحيرات,ارض تجارية للبيع علي شارعين  موقع مشهور ممميز مدخل البحيرات العام  مكونة من خمس محلات تعمل جميعا وبدخل وفيلا وشقة مستقلة متوفر جميع الخدمات المشتري الجاد يتفضل واتساب او اتصال,21.477788,39.790753,https://images.aqar.fm/webp/750x0/props/044266211_1785270745835.jpg | https://images.aqar.fm/webp/750x0/props/044266217_1785270745846.jpg | https://images.aqar.fm/webp/750x0/props/044266219_1785270745861.jpg | https://images.aqar.fm/webp/750x0/props/044266214_1785270745867.jpg | https://images.aqar.fm/webp/750x0/props/044266211_1785270745869.jpg | https://images.aqar.fm/webp/750x0/props/044266217_1785270745861.jpg | https://images.aqar.fm/webp/750x0/props/044266211_1785270745854.jpg | https://images.aqar.fm/webp/750x0/props/044266214_1785270745867.jpg,8,محمد بن علي بن سراج حكيم,,,2026-07-28,2026-08-27,2026-09-17,172,2026-09-20,True,"3,700,000",False,عمارة
6496486,https://sa.aqar.fm/عمائر-للبيع/مكة-المكرمة/حي-الخالدية/شارع-نظام-الملك-الطوسي-حي-الخالدية-مدينة-مكة-المكرمة-منطقة-مكة-المكرمة-6496486,"عمارة للبيع في شارع نظام الملك الطوسي, حي الخالدية, مدينة مكة المكرمة, منطقة مكة المكرمة",6000000,400,,,,11,حي الخالدية,مكة المكرمة,حي الخالدية,"للبيع عمارة مساحة 400واجهة جنوبي شارع 15   مكة المكرمة حي الخالدية رقم 1 درجة ثانية من الشارع الرئيسي جميع الخدمات متوفرة 
ماء ، كهرباء ، صرف صحي ، ألياف بصرية ، خزان غاز موصل لكامل الشقق ،
متوفر غرفة حارس
((((((يوجد مصعد )))))))
5 شقق ، كل شقة 5 غرف و ثلاث دورات مياة و مطبخ و صالة
6 عددات كهرباء
📍موقع مميز قريب جداً للحرم )
(📍قريب لقطار الحرمين)
 📍 قريب مسار مكه
(السعي والضريبة على المشتري )
السعر 6مليون 
التواصل ((رقم المعلن يظهر عند التواصل))",21.400495,39.802795,https://images.aqar.fm/webp/750x0/props/014701549_1765116555686.jpg | https://images.aqar.fm/webp/750x0/props/014701541_1765116555694.jpg | https://images.aqar.fm/webp/750x0/props/014701549_1765116555688.jpg | https://images.aqar.fm/webp/750x0/props/014701547_1765116555707.jpg | https://images.aqar.fm/webp/750x0/props/014701542_1765116555705.jpg | https://images.aqar.fm/webp/750x0/props/014701540_1765116555723.jpg | https://images.aqar.fm/webp/750x0/props/014701544_1765116583224.jpg | https://images.aqar.fm/webp/750x0/props/014701546_1765116583226.jpg | https://images.aqar.fm/webp/750x0/props/014701544_1765116583242.jpg | https://images.aqar.fm/webp/750x0/props/014701545_1765116583228.jpg | https://images.aqar.fm/webp/750x0/props/014701544_1765116583227.jpg | https://images.aqar.fm/webp/750x0/props/014701543_1765116583225.jpg | https://images.aqar.fm/webp/750x0/props/014701549_1765118083589.jpg,13,فارس عبدالرحمن,,,2025-12-07,2025-12-07,2026-09-20,701,2026-09-20,True,"6,000,000",False,عمارة
6778360,https://sa.aqar.fm/عمائر-للبيع/مكة-المكرمة/حي-العكيشية/شارع-ثقاف-بن-عمرو-العدواني-حي-المسيال-الجديد-مدينة-مكة-المكرمة-منطقة-مكة-المكرمة-6778360,"عمارة للبيع في شارع ثقاف بن عمرو العدواني, حي المسيال الجديد, مدينة مكة المكرمة, منطقة مكة المكرمة",1150000,570,,,,0,حي العكيشية,مكة المكرمة,حي العكيشية,"*عمارة عظم دور واحد للبيع | مكة - ولي العهد 6* 🏗️

*التفاصيل الأساسية:*
- *الموقع:* حي ولي العهد 6 - قريبة من الشارع العام
- *رقم القطعة:* 2390
- *مساحة الأرض:* 570 م² | *أبعاد:* 30 م × 19 م
- *السعر:* 1,150,000 ريال

*مواصفات العمارة:*
- *النوع:* بناء عظم دور واحد - بناء شخصي
- *التكوين:* شقتين مستقلة
- *توزيع كل شقة:*
 - 4 غرف
 - صالة
 - 3 دورات مياه
 - مستودع

*الضمانات والجودة:*
1. *تصوير لجميع مراحل البناء* متوفر
2. *إشراف هندسي* على جميع مراحل البناء
3. *تقرير سلامة المبنى* متوفر
4. *الأرض مدفونة بتراب صبير*
5. *جميع الفواتير متوفرة:* كهرباء + سباكة + حديد

---

*مميزات:*
موقع حيوي + بناء شخصي بإشراف + إمكانية الإكمال حسب رغبتك + جميع الضمانات والفواتير موجودة",21.262648,39.831099,https://images.aqar.fm/webp/750x0/props/003640858_1784303549177.jpg,1,تهاني محمد بن سعيد باخنبري,,,2026-07-17,2026-07-17,2026-09-04,368,2026-09-20,True,"1,150,000",False,عمارة
6718564,https://sa.aqar.fm/عمائر-للبيع/مكة-المكرمة/حي-الزاهر/شارع-ياسر-بن-مالك-رضى-الله-عنه-حي-الزاهر-مدينة-مكة-المكرمة-منطقة-مكة-المكرمة-6718564,"عمارة للبيع في شارع ياسر بن مالك رضى الله عنه, حي الزاهر, مدينة مكة المكرمة, منطقة مكة المكرمة",2800000,450,,,,11,حي الزاهر,مكة المكرمة,حي الزاهر,"🛑عماره للبيع بحي الزاهر  
🛑المساحه : 400 متر مربع
🛑 المكونات :
* 18 شقه مفروشة
🛑مكونات الشقق :
* 8 شقق من غرفه مفروشه
* ⁠10 شقق من غرفتين مفروشه
🛑المميزات :
قريبه من جميع الخدمات ويوجد فيها مصعد 
🛑🛑حاله العماره :مفروشه بالكامل  و مؤجره بالكامل بعقود الكترونيه 
🛑🛑المطلوب ( 2,800,000 )

https://maps.google.com/?q=21.442383,39.792442

للتواصل :

((الرقم يظهر عند الضغط على اتصال))

((الرقم يظهر عند الضغط على اتصال))",21.442134,39.792573,https://images.aqar.fm/webp/750x0/props/009465147_1780568651456.jpg | https://images.aqar.fm/webp/750x0/props/009465148_1780568651443.jpg | https://images.aqar.fm/webp/750x0/props/009465144_1780568651453.jpg,3,معاذ عماد فواد بحري,,,2026-06-04,2026-08-30,2026-09-16,306,2026-09-20,True,"2,800,000",False,عمارة
6793412,https://sa.aqar.fm/عمائر-للبيع/مكة-المكرمة/حي-العدل/شارع-عبد-الكريم-بن-جهيان-حي-جبل-النور-مدينة-مكة-المكرمة-منطقة-مكة-المكرمة-6793412,"عمارة للبيع في شارع عبد الكريم بن جهيان, حي جبل النور, مدينة مكة المكرمة, منطقة مكة المكرمة",3000000,460,,,,11,حي العدل,مكة المكرمة,حي العدل,,21.447477,39.860412,https://images.aqar.fm/webp/750x0/props/002434288_1785181311134.jpg | https://images.aqar.fm/webp/750x0/props/002434280_1785181368879.jpg | https://images.aqar.fm/webp/750x0/props/002434289_1785181369025.jpg,3,عبدالله البقمي,,,2026-07-27,2026-08-26,2026-09-14,130,2026-09-20,True,"3,000,000",False,عمارة
6795186,https://sa.aqar.fm/عمائر-للبيع/مكة-المكرمة/حي-الشهداء/شارع-شمس-الدين-حي-الشهداء-مدينة-مكة-المكرمة-منطقة-مكة-المكرمة-6795186,"عمارة للبيع في شارع شمس الدين, حي الشهداء, مدينة مكة المكرمة, منطقة مكة المكرمة",1250000,241,,,,11,حي الشهداء,مكة المكرمة,حي الشهداء,عمارة للبيع بالشهداء مكه المكرمة داخل الحد ١٠دقائق للحرم المكي خلف مصرف الراجحي ثلاث شقق وملحق مواقف سيارات متوفر جميع الخدمات  المشتري الجاد يتفضل واتساب او اتصال,21.45865,39.80666,https://images.aqar.fm/webp/750x0/props/044266211_1785269426412.jpg | https://images.aqar.fm/webp/750x0/props/044266214_1785269426561.jpg | https://images.aqar.fm/webp/750x0/props/044266215_1785269426431.jpg | https://images.aqar.fm/webp/750x0/props/044266218_1785269426532.jpg,4,محمد بن علي بن سراج حكيم,,,2026-07-28,2026-08-27,2026-09-17,158,2026-09-20,True,"1,250,000",False,عمارة
6774846,https://sa.aqar.fm/عمائر-للبيع/مكة-المكرمة/حي-الرصيفة/شارع-عبدالله-عريف-حي-الرصيفة-مدينة-مكة-المكرمة-منطقة-مكة-المكرمة-6774846,"عمارة للبيع في شارع عبدالله عريف, حي الرصيفة, مدينة مكة المكرمة, منطقة مكة المكرمة",15000000,774,,,,11,حي الرصيفة,مكة المكرمة,حي الرصيفة,"🏢 للبيع – عمارة تجارية مميزة في مكة المكرمة | حي الرصيفة

✨ فرصة استثمارية بعائد مرتفع وموقع استراتيجي على شارعين.

📍 الموقع: مكة المكرمة – حي الرصيفة.

📐 المساحة: 774 م².

🛣️ الواجهات: • شارع تجاري بعرض 32م شرقاً. • شارع بعرض 15م جنوباً.

🏗️ مكونات العقار: • 4 أدوار سكنية. • دور محلات تجارية. • بدروم كبير مخصص لمواقف السيارات. • عدد 7 محلات تجارية. • عدد 8 شقق + ملحق. • تم تحويل الشقق إلى نظام غرفة وحمام لزيادة العائد الاستثماري. • عدد الغرف يقارب 50 غرفة.

💰 الدخل الحالي: من 600,000 إلى 700,000 ريال سنوياً.

📈 الدخل المتوقع: قد يصل إلى 1,000,000 ريال سنوياً عند التشغيل بنظام تأجير الغرف.

📡 ميزة إضافية: يوجد برج STC مؤجر على سطح العمارة بعائد 100,000 ريال سنوياً.

✅ موقع مميز. ✅ واجهتان على شارعين. ✅ دخل ثابت وقابل للنمو. ✅ جميع الوثائق سليمة. ✅ مناسبة للمستثمرين الباحثين عن عائد مرتفع.

💰 المطلوب: 15,000,000 ريال (قابل للتفاوض).

📞 للتواصل والاستفسار: ((الرقم يظهر عند الضغط على اتصال))",21.411043,39.789185,https://images.aqar.fm/webp/750x0/props/031639945_1784112677375.jpg,1,مسا عبدالله هاشم العرابي,,,2026-07-15,2026-09-11,2026-09-19,233,2026-09-20,True,"15,000,000",False,عمارة
6840282,https://sa.aqar.fm/عمائر-للبيع/مكة-المكرمة/حي-العتيبية/شارع-93-العتيبية-حي-العتيبية-مدينة-مكة-المكرمة-منطقة-مكة-المكرمة-6840282,"عمارة للبيع في شارع 93 العتيبية, حي العتيبية, مدينة مكة المكرمة, منطقة مكة المكرمة",700000,238,,,,11,حي العتيبية,مكة المكرمة,حي العتيبية,"عمارة للبيع
في مكة حي الزاهر
على شارع  6م  متفرع من شارع الحج
مجددة

تحتوي  على  دورين  باربع شقق  مؤجر منها ثلاث شقق
وفي الاسفل غرفة مع حمام
المساحة 238م٢

قريبة من جميع الخدمات
دخل استثماري فوري
المطلوب 700 الف
 للتواصل ((الرقم يظهر عند الضغط على اتصال))",21.448188,39.811271,https://images.aqar.fm/webp/750x0/props/033087718_1787640841260.jpg | https://images.aqar.fm/webp/750x0/props/033087719_1787640841056.jpg | https://images.aqar.fm/webp/750x0/props/033087711_1787640841058.jpg | https://images.aqar.fm/webp/750x0/props/033087711_1787640841055.jpg | https://images.aqar.fm/webp/750x0/props/033087716_1787640841055.jpg | https://images.aqar.fm/webp/750x0/props/033087713_1787640841060.jpg | https://images.aqar.fm/webp/750x0/props/033087714_1787640841056.jpg,7,مشعل بن زبن بن ماضي المطيري,,,2026-08-25,2026-08-25,2026-09-18,161,2026-09-20,True,"700,000",False,عمارة
6562368,https://sa.aqar.fm/عمائر-للبيع/مكة-المكرمة/حي-الملك-فهد/شارع-المنصوري-حي-الشامية-الجديد-مدينة-مكة-المكرمة-منطقة-مكة-المكرمة-6562368,"عمارة للبيع في شارع المنصوري, حي الشامية الجديد, مدينة مكة المكرمة, منطقة مكة المكرمة",1750000,864,,,,8,حي الملك فهد,مكة المكرمة,حي الملك فهد,"عمارة تقع في مكة المكرمة حي الشامية الجديد شارع قلعة سمعان شارع المنصوري تتكون من 8 شقق 
واجهة العقار شمالية.",21.326997,39.696914,https://images.aqar.fm/webp/750x0/props/046116281_1769974986070.jpg,1,فهد بن عبدالله بن عبدالعزيز الحوشاني,,,2026-01-26,2026-06-20,2026-09-06,452,2026-09-20,True,"1,750,000",False,عمارة
6843545,https://sa.aqar.fm/عمائر-للبيع/مكة-المكرمة/حي-النزهة/شارع-اسحاق-بن-مخلد-حي-النزهة-مدينة-مكة-المكرمة-منطقة-مكة-المكرمة-6843545,"عمارة للبيع في شارع اسحاق بن مخلد, حي النزهة, مدينة مكة المكرمة, منطقة مكة المكرمة",7500000,705,,,,0,حي النزهة,مكة المكرمة,حي النزهة,"(الرجاء التواصل من المشتري فقط نعتذر من المكاتب والوسطاء )
بسم الله الرحمن الرحيم عمارة مميزة جدا في موقع استراتيجي مكة حي النزهه 

مواصفات العماره : 
مساحة الارض ٧٠٠ م مستويه تماماً
مكونه من اربع ادوار وملحق ودور مواقف 
عدد ١٠ شقق ٨ شقق من ٥ غرف ومطبخ وصالة واربع حمامات وغرفة شغالة وغرفة غسيل 
عدد ٢ شقق بالملحق من ٣ غرف ومطبخ وصالة و٣حمامات وغرفة غسيل وسطح خارجي لكل شقة 
جميع الشقق مدخلين وتاسيس تسليك مكيفات إسبلت وغاز مركزي وتسليك غسالة صحون في جميع المطابخ وتاسيس تسليك فايبر في الشقق 
تشطيب وادوات صحية وكهربائية لوكس 
مصعد من شركة كويو مستورد بالكامل من الخارج ومذهب وتتسع الكابينة لعدد ١٣ شخص . 
تشطيب فخم وراقي 
السوم 7 مليون و 500 والبيع قريب جدا فرق السوم للصامل الشراي 
للتواصل واتس ابو فهد ((الرقم يظهر عند الضغط على اتصال))",21.437805,39.781825,https://images.aqar.fm/webp/750x0/props/036541059_1787771804587.jpg | https://images.aqar.fm/webp/750x0/props/036541057_1787771754454.jpg | https://images.aqar.fm/webp/750x0/props/036541057_1787771754478.jpg | https://images.aqar.fm/webp/750x0/props/036541057_1787771754456.jpg | https://images.aqar.fm/webp/750x0/props/036541054_1787771754446.jpg | https://images.aqar.fm/webp/750x0/props/036541052_1787771754455.jpg | https://images.aqar.fm/webp/750x0/props/036541056_1787771754487.jpg | https://images.aqar.fm/webp/750x0/props/036541051_1787771754485.jpg | https://images.aqar.fm/webp/750x0/props/036541053_1787771754470.jpg | https://images.aqar.fm/webp/750x0/props/036541054_1787771789512.jpg | https://images.aqar.fm/webp/750x0/props/036541050_1787771789542.jpg | https://images.aqar.fm/webp/750x0/props/036541055_1787771789502.jpg | https://images.aqar.fm/webp/750x0/props/036541050_1787771789499.jpg | https://images.aqar.fm/webp/750x0/props/036541055_1787771789500.jpg | https://images.aqar.fm/webp/750x0/props/036541054_1787771789500.jpg | https://images.aqar.fm/webp/750x0/props/036541055_1787771789489.jpg | https://images.aqar.fm/webp/750x0/props/036541053_1787771789490.jpg | https://images.aqar.fm/webp/750x0/props/036541057_1787771804595.jpg | https://images.aqar.fm/webp/750x0/props/036541051_1787771804576.jpg | https://images.aqar.fm/webp/750x0/props/036541051_1789597512524.jpg,20,احمد فهد,,,2026-08-26,2026-08-26,2026-09-18,68,2026-09-20,True,"7,500,000",False,عمارة
6828650,https://sa.aqar.fm/عمائر-للبيع/مكة-المكرمة/حي-الجامعة/حي-الجامعة-مدينة-مكة-المكرمة-منطقة-مكة-المكرمة-6828650,"عمارة للبيع في حي الجامعة, مدينة مكة المكرمة, منطقة مكة المكرمة",6250000,190,,,,11,حي الجامعة,مكة المكرمة,حي الجامعة,"⭕️فرصة مميزة ⭕️
💎فندق للبيع او الاستثمار

+ فندق في مكه العزيزة شارع الملك عبدالله 
+  بعد مكه مول
+ قريبه جدا من منى
+ محلات و ميزان وبدروم و خمسه أدوار متكرره وملحق
+ مساحة الارض 192 متر
+ مساحة البناء 1575 متر
+ 17 شقه
+ مؤثثه بالكامل
+ قديما مصرحه 150 حاج
+ ثلاث محلات تجاريه
+ نظام حريق متكامل
+ نظام انتر نت
+ نظام رش الي
+ نظام انذار
+ مضخة حريق
+ مولد كهربائي
+ نظام دش مركزي

دخلها :
-المحلات مؤجرة حول ٢٠٠ الف ريال

-باقي العماره كانت مؤجرة ٢٥٠ الف ريال وقابل للزياده بعقود جديده",21.394503,39.883379,https://images.aqar.fm/webp/750x0/props/003119793_1787045152970.jpg | https://images.aqar.fm/webp/750x0/props/003119799_1787045152911.jpg | https://images.aqar.fm/webp/750x0/props/003119792_1787045152914.jpg,3,محمد سعد احمد الغامدي,,,2026-08-18,2026-09-16,2026-09-17,78,2026-09-20,True,"6,250,000",False,عمارة
6801097,https://sa.aqar.fm/عمائر-للبيع/مكة-المكرمة/حي-الملك-فهد/شارع-البدر-الفيومي-حي-الشامية-الجديد-مدينة-مكة-المكرمة-منطقة-مكة-المكرمة-6801097,"عمارة للبيع في شارع البدر الفيومي, حي الشامية الجديد, مدينة مكة المكرمة, منطقة مكة المكرمة",3020000,792,,,,10,حي الملك فهد,مكة المكرمة,حي الملك فهد,"📍 الموقع: مخطط ولي العهد (1)، درجة ثانية من شارع الستين (ظهيرة)، واجهة غربية، شارع 25م.
* مساحة الأرض: 792 م2
* الأبعاد: 22 × 36 م
* عمر العقار: 10 سنوات
* عدد الشقق: 7 شقق
* دور أرضي + دور أول + ملحق
* مواقف سيارات مظللة
* مدخل جانبي
* زجاج دبل لجميع النوافذ مع شتر
* خزان سفلي كبير معزول + عدد 2 خزانات علوية
* غرفة حارس مستقلة
تفاصيل الشقق:
* شقتان بالدور الأرضي (5 غرف و6 غرف).
* 3 شقق بالدور الأول (كل شقة 4 غرف وصالة ومطبخ و3 دورات مياه).
* شقتان بالملحق مع أسطح مستقلة.
✅ عمارة مناسبة للاستثمار والسكن، بموقع مميز داخل حد الحرم وقريبة من شارع الستين.

السعر 3200000 شامل السعي والضريبة",21.324347,39.682271,https://images.aqar.fm/webp/750x0/props/017810397_1786029324314.jpg | https://images.aqar.fm/webp/750x0/props/017810392_1786029324313.jpg | https://images.aqar.fm/webp/750x0/props/017810394_1786029356697.jpg | https://images.aqar.fm/webp/750x0/props/017810391_1786029356639.jpg,4,محمد عبدالوهاب عابدين القثامي,,,2026-08-01,2026-09-10,2026-09-18,161,2026-09-20,True,"3,020,000",False,عمارة
6474321,https://sa.aqar.fm/عمائر-للبيع/مكة-المكرمة/حي-الخالدية/شارع-محمد-صالح-قزاز-حي-الخالدية-مدينة-مكة-المكرمة-منطقة-مكة-المكرمة-6474321,"عمارة للبيع في شارع محمد صالح قزاز, حي الخالدية, مدينة مكة المكرمة, منطقة مكة المكرمة",6000000,661,,,,11,حي الخالدية,مكة المكرمة,حي الخالدية,"للبيع عمارة تجارية سكنية - حي الخالدية بمكة المكرمة

مساحة 662 متر

شارع 35 تجاري

((عليها برج موبايلي مؤجر)) 

4 أدوار + دور مواقف

عدد 8 شقق:-
كل شقة 5 غرف + 3 حمامات + صالة + مطبخ. 

بالاضافة إلى شقتين بالسطح:-
شقة من غرفتين + مطبخ + حمام
شقة من غرفة + مطبخ + حمام 

الدخل الحالي: حوالي 360 ألف.",21.400307,39.800532,https://images.aqar.fm/webp/750x0/props/004667264_1789369185902.jpg,1,فهد عبدالعزيز سعد الحارثي,,,2025-11-20,2025-11-20,2026-09-17,625,2026-09-20,True,"6,000,000",False,عمارة
6570901,https://sa.aqar.fm/عمائر-للبيع/مكة-المكرمة/حي-الخنساء/شارع-جبل-النور-حي-جبل-النور-مدينة-مكة-المكرمة-منطقة-مكة-المكرمة-6570901,"عمارة للبيع في شارع جبل النور, حي جبل النور, مدينة مكة المكرمة, منطقة مكة المكرمة",3750000,514,,,,11,حي الخنساء,مكة المكرمة,حي الخنساء,"‏عمارة في جبل النور خمسة أدوار ثمانية شقق سبع محلات على ثلاثة واجهات للبيع 

‏الدور الأرضي
‏سبعة محلات
‏شقة غرفتين ودورتين مياه ومطبخ
‏بدروم
‏غرفة حارس
‏غرفة خزان

‏الدور الأول
‏ شقتين خمسة غرف
‏الشقة اليمين خمسة غرف وصالة ودورتين مياه ومطبخ
‏الشقة اليسار ‏خمسة غرف وصالة وثلاثة دورات مياه مطبخ

‏الدور الثاني مكرر
‏الدور الثالث مكرر

‏الدور الرابع
‏شقة ملحق غرفتين وصالة ودورتين مياه ومطبخ
‏خارجة (سطح)

‏الدور الخامس سطح الخدمات

‏الدخل التقريبي
‏20,300 شهري
‏243,600 سنوي

‏الدخل الحالي التقريبي
‏17,100 جميع شقق + محلين 

‏المزايا
‏على ثلاثة شوارع
‏المساحة 500
‏الماء عداد
‏قريبة من الجامع
‏شارع 12 حيوي
‏على شارع جبل النور القديم
‏يوجد مجمع مدارس قريب
‏قريبة جدا من الخدمات
‏أقل من 20 دقيقة إلى الحرم
‏داخل الحد
‏منطقة غير موقوفة 

‏الرجاء عند المعاينة التنسيق مسبقا لوجود مستأجرين وملاك

رخصة فال : 1100254750 
ترخيص الاعلان : 7100256648

‏ ‏5,000,000 ‏صافي للمالك قابل للتفاوض البيع كاش فقط ولا تقبل بنك
يرجى التنسيق للزيارة مسبقا

المؤيد – وسيط ومسوق عقاري فرد مصرح
للتواصل: ((الرقم يظهر عند الضغط على اتصال))
سناب: almoaidrealesta
تيك توك: almoaid.realestat",21.447284,39.855138,https://images.aqar.fm/webp/750x0/props/042573896_1769948900514.jpg | https://images.aqar.fm/webp/750x0/props/042573890_1769948900519.jpg | https://images.aqar.fm/webp/750x0/props/042573899_1769948900540.jpg | https://images.aqar.fm/webp/750x0/props/042573899_1769948900554.jpg | https://images.aqar.fm/webp/750x0/props/042573896_1769948900542.jpg | https://images.aqar.fm/webp/750x0/props/042573899_1769948900554.jpg | https://images.aqar.fm/webp/750x0/props/042573896_1769948900552.jpg,7,مؤيد هاني حسن باشهاب,,,2026-02-01,2026-08-23,2026-09-18,464,2026-09-20,True,"3,750,000",False,عمارة
6475650,https://sa.aqar.fm/عمائر-للبيع/مكة-المكرمة/حي-الملك-فهد/شارع-اصيل-الدين-احمد-بن-محمد-حي-الفلق-الجديد-مدينة-مكة-المكرمة-منطقة-مكة-المكرمة-6475650,"عمارة للبيع في شارع اصيل الدين احمد بن محمد, حي الفلق الجديد, مدينة مكة المكرمة, منطقة مكة المكرمة",850000,501,,,,0,حي الملك فهد,مكة المكرمة,حي الملك فهد,"للبيع دور في ولي العهد 
الفلق الجديد  - المروج 
دور اوضي كامل 
الدور الثاني 
موسس شقتين و ثلاث خزانات ارضيه كل خزان بسعة 33 طن 
مساحة الارض 501 
الواجهة جنوبيه شارع 20 متر 
البيت حر ويبقل البيع بنك او كاش 

للتواصل واتساب : ((رقم المعلن يظهر عند التواصل))
رقم الاعلان 
98112",21.281553,39.731983,https://images.aqar.fm/webp/750x0/props/000470615_1763719819395.jpg | https://images.aqar.fm/webp/750x0/props/000470615_1763719819376.jpg | https://images.aqar.fm/webp/750x0/props/000470610_1763719819386.jpg | https://images.aqar.fm/webp/750x0/props/000470614_1763719819414.jpg | https://images.aqar.fm/webp/750x0/props/000470619_1763719819413.jpg | https://images.aqar.fm/webp/750x0/props/000470613_1763719819377.jpg,6,صالح مرعي بن يسلم الصيعري,,,2025-11-21,2026-07-28,2026-09-15,2035,2026-09-20,True,"850,000",False,عمارة
6583605,https://sa.aqar.fm/عمائر-للبيع/مكة-المكرمة/حي-العكيشية/شارع-ازور-حي-المسيال-الجديد-مدينة-مكة-المكرمة-منطقة-مكة-المكرمة-6583605,"عمارة للبيع في شارع ازور, حي المسيال الجديد, مدينة مكة المكرمة, منطقة مكة المكرمة",2700000,550,,,,0,حي العكيشية,مكة المكرمة,حي العكيشية,"عمارة للبيع مكة، ولي العهد 6 مخطط المسيال الجديد ، شارع ازور
العقار جديد .",21.265079,39.834043,https://images.aqar.fm/webp/750x0/props/046116284_1770670068119.jpg,1,فهد بن عبدالله بن عبدالعزيز الحوشاني,,,2026-02-09,2026-07-10,2026-09-06,658,2026-09-20,True,"2,700,000",False,عمارة
6724630,https://sa.aqar.fm/عمائر-للبيع/مكة-المكرمة/حي-العوالي/شارع-195-الحسينية-حي-العوالي-مكة-منطقة-مكة-المكرمة-6724630,"عمارة للبيع في شارع 195 الحسينية, حي الحسينية, مدينة مكة المكرمة, منطقة مكة المكرمة",800000,400,,,,3,حي العوالي,مكة المكرمة,حي العوالي,"للبيع عمارة سكنية في مكة المكرمة – حي الحسينية

فرصة مميزة للسكن والاستثمار، عمارة سكنية على أرض بمساحة 400 م² وبواجهة شرقية، تقع في حي الحسينية بمكة المكرمة، وتتكون من 3 شقق مستقلة بتشطيب جيد جدًا وجاهزة للسكن.

مواصفات العقار:

* مساحة الأرض: 400 م².
* واجهة شرقية.
* شقتين في الدور الأرضي تم فتحهما على بعض لتصبحا شقة واحدة متكاملة مكوّنة من ست غرف، مع إمكانية إعادة فصلهما إلى شقتين مستقلتين. كما توجد في الدور العلوي شقة مستقلة.
* أكثر من 5 غرف.
* صالات بمساحة ممتازة .
* عدة دورات مياه.
* غرف نوم بمساحات ممتازة.
* تشطيبات حديثة.
* جبس وإنارة ديكورية.
* مواقف سيارات.
* ساحة خارجية.
* صك إلكتروني ساري وفعال.

مميزات العقار:

* مناسب للسكن العائلي أو الاستثمار.
* إمكانية تحقيق دخل إيجاري من الشقق.
* جاهز للسكن الفوري.
* موقع هادئ وقريب من الخدمات.
* فرصة مناسبة للراغبين في التملك أو الاستثمار العقاري بمكة المكرمة.

السعر: على السوم

للتواصل والاستفسار:",21.29204392016425,39.905771209267094,https://images.aqar.fm/webp/750x0/props/011697850_1780940187057.jpg | https://images.aqar.fm/webp/750x0/props/011697854_1780940187366.jpg | https://images.aqar.fm/webp/750x0/props/011697853_1780940187043.jpg | https://images.aqar.fm/webp/750x0/props/011697856_1780941025943.jpg | https://images.aqar.fm/webp/750x0/props/011697852_1780941025912.jpg | https://images.aqar.fm/webp/750x0/props/011697851_1780941025907.jpg | https://images.aqar.fm/webp/750x0/props/011697859_1780941025908.jpg | https://images.aqar.fm/webp/750x0/props/011697854_1780941025922.jpg | https://images.aqar.fm/webp/750x0/props/011697859_1780941025922.jpg | https://images.aqar.fm/webp/750x0/props/011697859_1780941025924.jpg | https://images.aqar.fm/webp/750x0/props/011697853_1780941025926.jpg,11,انس بن محمدسعيد بن يسر يسر,,,2026-06-08,2026-06-11,2026-09-05,607,2026-09-20,True,"800,000",False,عمارة
6784652,https://sa.aqar.fm/عمائر-للبيع/مكة-المكرمة/حي-الرصيفة/شارع-البسالة-حي-الرصيفة-مدينة-مكة-المكرمة-منطقة-مكة-المكرمة-6784652,"عمارة للبيع في شارع البسالة, حي الرصيفة, مدينة مكة المكرمة, منطقة مكة المكرمة",6500000,728,,,,11,حي الرصيفة,مكة المكرمة,حي الرصيفة,"للبيع عمارة فاخرة في مكة المكرمة، حي الرصيفة في موقع مميز قريب من الطريق الدائري الثالث وطريق جدة.
مكونه من اربعة ادوار سكنية وعدد: 8 شقق سكنية وملحق في السطح عبارة عن غرفة بمنافعها .

# كل دور شقتين كل شقة من خمس غرف وصالة و مطبخ وغرفة شغالة وعدد ٣ حمامات.
# شقتين الدور الرابع غير موجرة و ساكن فيها المالك.
# السطح عبارة عن غرفة وحمام ومطبخ.

العمارة بناء شخصي من المالك وبجودة عالية.",21.410679,39.783991,https://images.aqar.fm/webp/750x0/props/004856227_1784667272786.jpg | https://images.aqar.fm/webp/750x0/props/004856225_1784667273105.jpg | https://images.aqar.fm/webp/750x0/props/004856228_1784667272780.jpg | https://images.aqar.fm/webp/750x0/props/004856220_1784667272786.jpg | https://images.aqar.fm/webp/750x0/props/004856229_1784667272778.jpg | https://images.aqar.fm/webp/750x0/props/004856225_1784667272786.jpg | https://images.aqar.fm/webp/750x0/props/004856220_1784667272705.jpg,7,رائد محمد نديم,,,2026-07-21,2026-09-18,2026-09-20,176,2026-09-20,True,"6,500,000",False,عمارة
6724281,https://sa.aqar.fm/عمائر-للبيع/مكة-المكرمة/حي-العمرة-الجديدة/شارع-شارع-139-العمرة-3-حي-العمرة-مدينة-مكة-المكرمة-منطقة-مكة-المكرمة-6724281,"عمارة للبيع في شارع شارع 139 العمرة 3, حي العمرة, مدينة مكة المكرمة, منطقة مكة المكرمة",1350000,456,,,,11,حي العمرة الجديدة,مكة المكرمة,حي العمرة الجديدة,"للبيع عمارة بالنوارية الشرقية حي الوسيعة بمكة المكرمة 
 مساحة ٤٥٦م 
٤ واجهات  
 شارع ٢٠م جنوبي
تتكون من دورين
الدور الاول شقة كبيرة ستة غرف ومطبخ
الدور الثاني شقتين كل شقة اربع غرف ومطبخ
الشارع الرئيسي جنوبا ٢٠ م
يوجد ثلاث عدادات كهرباء وعداد موية شغالة قريبة من مسجد غازي اللحياني
العمر + ٢٣ سنة ( تحتاج صيانه وترميم بسيطه )
مطلوب مليون و350الف قابل للتفاوض
رخصة فال / 1100003414
عقد الوساطة/ 6100346997
ترخيص الإعلان/ 7100289147
للتواصل / 0553776116 ابو بندر",21.546919,39.790113,https://images.aqar.fm/webp/750x0/props/016567165_1780929686216.jpg | https://images.aqar.fm/webp/750x0/props/016567163_1780929686135.jpg | https://images.aqar.fm/webp/750x0/props/016567165_1780929686180.jpg,3,محمد احمد محمد الزهراني ,,,2026-06-08,2026-09-03,2026-09-14,373,2026-09-20,True,"1,350,000",False,عمارة
6660380,https://sa.aqar.fm/عمائر-للبيع/مكة-المكرمة/حي-الهجرة/شارع-شارع-ثعلبه-بن-عمرو-الخزرجي-حي-الهجرة-مدينة-مكة-المكرمة-منطقة-مكة-المكرمة-6660380,"عمارة للبيع في شارع شارع ثعلبه بن عمرو الخزرجي, حي الهجرة, مدينة مكة المكرمة, منطقة مكة المكرمة",2500000,625,,,,11,حي الهجرة,مكة المكرمة,حي الهجرة,"🏢عمارة استثمارية مميزة للبيع – فرصة ذهبية في مكة

📍 مكة المكرمة – حي الهجرة (مدخل جبل ثور)
خلف محطة السرور – دقيقة واحدة من الدائري الثالث

⸻

💡 ميزة تنافسية:
للمستثمرين
الموقع أهم من عمر العقار
موقع استثماري قابل للتطوير وإعادة البناء

⸻

📐 تفاصيل العقار:

🔹 المساحة: 625 م²
🔹 العمر: حوالي 40 سنة
🔹 عدد الأدوار: 3 أدوار + سطح
🔹 إجمالي الغرف: 16 غرفة
🔹 حوش جانبي

⸻

🧱 التقسيم:

▪ الدور الأول: شقة غرفتين + خزان ماء + غرفة حارس
▪ الدور الثاني: شقة 3 غرف + شقة مجلس
▪ الدور الثالث: شقتين (كل شقة 4 غرف)
▪ السطح: بدون ملحق

⸻

⭐ مميزات العقار:

✔ موقع قريب من الدائري الثالث
✔ حي حيوي ومطلوب للإيجار
✔ مناسب للاستثمار وإعادة التأهيل أو التطوير
✔ مساحة ممتازة في موقع استراتيجي",21.38778,39.847221,https://images.aqar.fm/webp/750x0/props/001864630_1776555353007.jpg | https://images.aqar.fm/webp/750x0/props/001864637_1776555399201.jpg | https://images.aqar.fm/webp/750x0/props/001864632_1776555694174.jpg | https://images.aqar.fm/webp/750x0/props/001864634_1776555720082.jpg | https://images.aqar.fm/webp/750x0/props/001864630_1776555720077.jpg,5,مانع العتيبي,,,2026-04-18,2026-09-13,2026-09-13,520,2026-09-20,True,"2,500,000",False,عمارة
6567598,https://sa.aqar.fm/عمائر-للبيع/مكة-المكرمة/حي-الاندلس/شارع-عباس-الدوري-حي-ريع-زاخر-مكة-منطقة-مكة-المكرمة-6567598,"عمارة للبيع في شارع عباس الدوري, حي ريع اذاخر, مدينة مكة المكرمة, منطقة مكة المكرمة",4500000,400,,,,3,حي الاندلس,مكة المكرمة,حي الاندلس,"عماره للبيع بريع ذاخر خلف بلديه المعابده ٥ ادوار ونص 
١٠ شقق ٤ غرف والسطح شقه كبيره 
يوجد قبو 
يوجد مواقف ارضيه مع غرفه حارس وحمام 
تبعد عن الحرم اقل من ٣ كيلو
العماره شبه جديده سكنت لمده ٣ سنوات تقريبا
يوجد مصعد",21.455001537670192,39.836074106707834,https://images.aqar.fm/webp/750x0/props/029202690_1769695320242.jpg,1,بندر عبدالعزيز عبدالله,,,2026-01-29,2026-02-01,2026-09-14,340,2026-09-20,True,"4,500,000",False,عمارة
6708615,https://sa.aqar.fm/عمائر-للبيع/مكة-المكرمة/حي-الملك-فهد/شارع-الامير-بدر-ابن-سلطان-ابن-عبدالعزيز-سعود-حي-الشامية-الجديد-مدينة-مكة-المكرمة-6708615,"عمارة للبيع في شارع الامير بدر ابن سلطان ابن عبدالعزيز سعود, حي الشامية الجديد, مدينة مكة المكرمة",6500000,864,,,,8,حي الملك فهد,مكة المكرمة,حي الملك فهد,"عماره تجارية - سكنيه 

📍 مكة المكرمة – ولي العهد (الشامية الجديدة)

🔹 المساحة: 864م²
🔹 شارع 60م – شارع الأمير بدر بن سلطان بن عبدالعزيز آل سعود
🔹 العمر: 8 سنوات

✨ مميزات العقار:
▪️ 3 فتحات تجارية
▪️ 10 شقق سكنية
▪️ شقتان غير مشطبتين
▪️ استديو غير مشطب
▪️ فيلا روف مستقلة

🏠 تفاصيل الشقق:
🛏️ 4 غرف
🛋️ صالة
🚿 دورتين مياه

🏠 تفاصيل الروف:
▪️ 7 غرف
▪️ 4 دورات مياه
▪️ سطح خاص صغير

💰 الدخل الحالي: 410,000 ريال سنوياً

📈 نسبة العائد المتوقعه بعد انتهاء تشطيبات الشقق المتبقيه: 8.65%

💵 المطلوب: 6,800,000 ريال قابله للتفاوض

📞 للتواصل والاستفسارات 0500944916",21.328242,39.682729,https://images.aqar.fm/webp/750x0/props/027689986_1780721196074.jpg,1,زينه محمد صالح الشهري,,,2026-05-23,2026-09-16,2026-09-18,423,2026-09-20,True,"6,500,000",False,عمارة
6801697,https://sa.aqar.fm/عمائر-للبيع/مكة-المكرمة/حي-الخنساء/شارع-عبدالسلام-حافظ-حي-جبل-النور-مدينة-مكة-المكرمة-منطقة-مكة-المكرمة-6801697,"عمارة للبيع في شارع عبدالسلام حافظ, حي جبل النور, مدينة مكة المكرمة, منطقة مكة المكرمة",1500000,380,,,,11,حي الخنساء,مكة المكرمة,حي الخنساء,"للبيع عمارة سكنية – مكة المكرمة (حي شمال شرق جبل النور)

فرصة استثمارية مميزة في موقع حيوي.

مواصفات العقار:

* مساحة الأرض: 380 م²
* الموقع: مكة المكرمة – حي شمال شرق جبل النور
* رقم المخطط: 1/15/201
* رقم القطعة: 325
* مكونة من 3 أدوار
* 3 شقق (شقة في كل دور)
* كل شقة تتكون من:
    * 5 غرف
    * صالة
    * مطبخ
    * حمامين
* عداد كهرباء مستقل لكل شقة
* واجهة على شارع بعرض 15 متر
* صك إلكتروني جاهز

للتواصل والاستفسار يرجى التواصل على الخاص أو الاتصال مباشر",21.446824,39.856692,https://images.aqar.fm/webp/750x0/props/018284016_1785673309871.jpg | https://images.aqar.fm/webp/750x0/props/018284011_1785673309943.jpg | https://images.aqar.fm/webp/750x0/props/018284019_1785673309851.jpg | https://images.aqar.fm/webp/750x0/props/018284018_1785673309977.jpg | https://images.aqar.fm/webp/750x0/props/018284010_1785673309950.jpg | https://images.aqar.fm/webp/750x0/props/018284013_1785673309856.jpg | https://images.aqar.fm/webp/750x0/props/018284018_1785673309982.jpg,7,محمد احمد محمد الحارثي,,,2026-08-02,2026-08-02,2026-09-18,206,2026-09-20,True,"1,500,000",False,عمارة
6793490,https://sa.aqar.fm/عمائر-للبيع/مكة-المكرمة/حي-العدل/شارع-احمد-مكي-حي-العدل-مدينة-مكة-المكرمة-منطقة-مكة-المكرمة-6793490,"عمارة للبيع في شارع احمد مكي, حي العدل, مدينة مكة المكرمة, منطقة مكة المكرمة",1350000,400,,,,11,حي العدل,مكة المكرمة,حي العدل,عمارة للبيع بالعدل داخل الحد مخطط تنظيمي معتمد متوفر جميع الخدامات  7شقق وملحق  مداخلين  وتم تخفيض السعر المشري الجاد يتفضل واتساب اتصال,21.449129,39.866187,https://images.aqar.fm/webp/750x0/props/044266210_1788978292482.jpg | https://images.aqar.fm/webp/750x0/props/044266211_1788978292443.jpg | https://images.aqar.fm/webp/750x0/props/044266212_1788978292443.jpg | https://images.aqar.fm/webp/750x0/props/044266215_1788978292502.jpg | https://images.aqar.fm/webp/750x0/props/044266214_1788978292495.jpg | https://images.aqar.fm/webp/750x0/props/044266213_1788978292457.jpg | https://images.aqar.fm/webp/750x0/props/044266215_1788978292459.jpg | https://images.aqar.fm/webp/750x0/props/044266219_1788978292454.jpg | https://images.aqar.fm/webp/750x0/props/044266211_1788978308070.jpg | https://images.aqar.fm/webp/750x0/props/044266212_1788978308102.jpg,10,محمد بن علي بن سراج حكيم,,,2026-07-27,2026-08-26,2026-09-17,328,2026-09-20,True,"1,350,000",False,عمارة
6833195,https://sa.aqar.fm/عمائر-للبيع/مكة-المكرمة/حي-بطحاء-قريش/شارع-عبد-العزيز-الميموني-حي-بطحاء-قريش-مدينة-مكة-المكرمة-منطقة-مكة-المكرمة-6833195,"عمارة للبيع في شارع عبد العزيز الميموني, حي بطحاء قريش, مدينة مكة المكرمة, منطقة مكة المكرمة",5000000,610,,,,10,حي بطحاء قريش,مكة المكرمة,حي بطحاء قريش,"عمارة للبيع حي بطحاء قريش 
مكونة من 3 ادوار 

بدروم + دور ارضي + دور اول + دور ثاني + سطح

عدد الشقق 6

تفاصيل العمارة
المساحة 610 
الدور الارضي شقتين كل شقة 4 غرف + صالة + مطبخ + غرفة غسيل
 
الدور الاول شقتين كل شقة ٥ غرف + صالة + مطبخ + غرفة غسيل

الدور الثاني شقتين كل شقة ٥ غرف + صالة + مطبخ + غرفة غسيل

مميزات العقار 
مصعد راكب 
واجهة حجر 
كل شقة لها مدخلين 
مدخل للضيوف ومدخل للعائلة
عمر البناء 10 سنوات 
موقع مميز قريبة من طريق الدائري الثالث وطريق ذات النطاقين وقريبة من شارع عتاب ابن اسيد (طريق البطحاء العام)
وقريبة من ممشى بطحاء قريش 

مؤجرة حاليا 4 شقق ب 100 الف 

ابو فهد للتسويق العقاري",21.376094,39.831463,https://images.aqar.fm/webp/750x0/props/043108402_1787242778213.jpg | https://images.aqar.fm/webp/750x0/props/043108403_1787242778240.jpg | https://images.aqar.fm/webp/750x0/props/043108405_1787242778252.jpg | https://images.aqar.fm/webp/750x0/props/043108406_1787242778235.jpg | https://images.aqar.fm/webp/750x0/props/043108401_1787242778062.jpg | https://images.aqar.fm/webp/750x0/props/043108401_1787242778225.jpg | https://images.aqar.fm/webp/750x0/props/043108401_1787242778270.jpg,7,عبدالله بن فهد بن عبدالله المرشد,,,2026-08-20,2026-09-18,2026-09-18,104,2026-09-20,True,"5,000,000",False,عمارة
6871636,https://sa.aqar.fm/عمائر-للبيع/مكة-المكرمة/حي-الجامعة/شارع-ديوان-جهلة-حي-الجامعة-مدينة-مكة-المكرمة-منطقة-مكة-المكرمة-6871636,"عمارة للبيع في شارع ديوان جهلة, حي الجامعة, مدينة مكة المكرمة, منطقة مكة المكرمة",6500000,625,,,,11,حي الجامعة,مكة المكرمة,حي الجامعة,"فرصه مميزه
عماره سكنيه

- عماره بمكه المكرمه بالجامعه /العزيزيه
- شارع الملك خالد اتجاه منى
- ظهيره التجاري
- على شارعين 27م الواجهة
- المساحه 625 م
- بدروم (٥ غرف وحمام ومطبخ)
- و اربعه ادوار (شقتين بكل دور - اربعه غرف كل شقه) 
- و ملحق وبيت شعر كبير
- غاز مركزي
- ملحق  اضافي منفصل في الحوش (دورين مكون من مكتبين وغرفة ومطبخ صغير وحمام)",21.399349,39.87194,https://images.aqar.fm/webp/750x0/props/003119794_1789279653999.jpg | https://images.aqar.fm/webp/750x0/props/003119796_1789279654055.jpg | https://images.aqar.fm/webp/750x0/props/003119797_1789279654065.jpg | https://images.aqar.fm/webp/750x0/props/003119794_1789279653973.jpg | https://images.aqar.fm/webp/750x0/props/003119797_1789279653973.jpg | https://images.aqar.fm/webp/750x0/props/003119796_1789279653974.jpg | https://images.aqar.fm/webp/750x0/props/003119792_1789279653984.jpg | https://images.aqar.fm/webp/750x0/props/003119794_1789279653976.jpg,8,محمد سعد احمد الغامدي,,,2026-09-13,2026-09-13,2026-09-17,28,2026-09-20,True,"6,500,000",False,عمارة
6671621,https://sa.aqar.fm/عمائر-للبيع/مكة-المكرمة/حي-بطحاء-قريش/شارع-آمنة-بنت-ابي-الخيار-رضي-الله-عنها-حي-السوق-الجديد-مدينة-مكة-المكرمة-منطقة-مكة-المكرمة-6671621,"عمارة للبيع في شارع آمنة بنت ابي الخيار رضي الله عنها, حي السوق الجديد, مدينة مكة المكرمة, منطقة مكة المكرمة",3200000,550,,,,0,حي بطحاء قريش,مكة المكرمة,حي بطحاء قريش,"عمارة عظم للبيع 
مكة المكرمة - بطحاء قريش
مساحة الارض 550 م 
عدد الادوار 2 
 الدورالأول: مكون من شقتين كل شقة مكونة من :
5 غرف 
صالة 
 مطبخ 
4دورات مياه 
غرفة غسيل

الدور الثاني  : مكون من شقتين كل شقة مكونة من :
5 غرف 
صالة 
 مطبخ 
4دورات مياه 
غرفة غسيل

تم تأسيس الكهرباء والسباكة وتم الانتهاء من أعمال التلييس الداخلي والجبس",21.352316,39.825436,https://images.aqar.fm/webp/750x0/props/001360206_1777285109503.jpg | https://images.aqar.fm/webp/750x0/props/001360203_1777285120757.jpg | https://images.aqar.fm/webp/750x0/props/001360205_1777285120756.jpg | https://images.aqar.fm/webp/750x0/props/001360205_1777285120759.jpg | https://images.aqar.fm/webp/750x0/props/001360209_1777285134301.jpg,5,طاهر عطيه,,,2026-04-27,2026-07-23,2026-07-23,357,2026-09-20,True,"3,200,000",False,عمارة
6835067,https://sa.aqar.fm/عمائر-للبيع/مكة-المكرمة/حي-الملك-فهد/شارع-الحارث-التميمي-حي-الشامية-الجديد-مدينة-مكة-المكرمة-منطقة-مكة-المكرمة-6835067,"عمارة للبيع في شارع الحارث التميمي, حي الشامية الجديد, مدينة مكة المكرمة, منطقة مكة المكرمة",4200000,292,,,,0,حي الملك فهد,مكة المكرمة,حي الملك فهد,"العماره مساحتها 900

،،،،ثلاثه دور وروف   ،،كل دور فيه 4شقق ،،،منها 8شقق كل شقه مكونه من 3غرف وصاله وثلاثه حمامات ومطبخ ،،واربع شقق مكونه من ثلاث غرف وصاله وغرفه شغاله وثلاثه حمامات ومغسله ،،،الروف مكون من 6غرف وصاله وغرفه شغاله وسته حمامات ومطبخ
دور مواقف لسيارات
ولي العهد ٤
شارع خمسة وعشرين
يوجد اصنصير",21.292191,39.68558,https://images.aqar.fm/webp/750x0/props/012179351_1787393606130.jpg,1,رهام عصام بن عبدالعزيز فلمبان,,,2026-08-22,2026-08-22,2026-08-22,66,2026-09-20,True,"4,200,000",False,عمارة
6826115,https://sa.aqar.fm/عمائر-للبيع/مكة-المكرمة/حي-الجامعة/شارع-الإعلام-حي-الجامعة-مدينة-مكة-المكرمة-منطقة-مكة-المكرمة-6826115,"عمارة للبيع في شارع الإعلام, حي الجامعة, مدينة مكة المكرمة, منطقة مكة المكرمة",6000000,625,,,,11,حي الجامعة,مكة المكرمة,حي الجامعة,"الموقع : للبيع عمارة مكة  
العزيزية حي الجامعة -خلف سوق السلام-شارع الاعلام
الموقع قريب من كبري الملك خالد
.
مساحة الارض: 625م✅
مساحة البناء : 400م✅
عرض الشارع : 10م✅
.

تاريخ رخصة البناء 1405 
وتم ترميم قبل 16 سنة 
العمارة 3 طوابق+ الدور الارضي✅
 اساسات العمارة تتحمل 4 طوابق واكثر✅

مكونه 8 شقق

مصعد ✅

بدوم 
مكون من :
مساحة فارغة مكيفة + 3 غرف وغرفة مستودع 

غرفة حارس خارجية
السعي والضريبه على المشتري 
السعر 6مليون قابل للتفاوض 
التواصل ((الرقم يظهر عند الضغط على اتصال))",21.40369,39.870284,https://images.aqar.fm/webp/750x0/props/014701546_1786904453349.jpg,1,فارس عبدالرحمن,,,2026-08-16,2026-09-15,2026-09-20,70,2026-09-20,True,"6,000,000",False,عمارة
6810096,https://sa.aqar.fm/عمائر-للبيع/مكة-المكرمة/حي-السليمانية/شارع-101-الملاوي-الجنوبية-حي-السليمانية-الشرقي-مدينة-مكة-المكرمة-منطقة-مكة-المكرمة-6810096,"عمارة للبيع في شارع 101 الملاوي الجنوبية, حي السليمانية الشرقي, مدينة مكة المكرمة, منطقة مكة المكرمة",20000000,373,,,,11,حي السليمانية,مكة المكرمة,حي السليمانية,"‏ فرصة استثمارية التطويرية لعقار للبيع مع مبنى قائم


فرصة استثمارية نادرة في قلب مكة المكرمة

للبيع عقار أربع أدوار ستة شقق للبيع في شعب عامر في المنطقة المركزية للحرم بموقع استراتيجي في حي شعب عامر أحد أحياء المنطقة المركزية والمسجد الحرام

مميزات العقار:
موقع داخل حي شعب عامر بمكة المكرمة
صك واحد يشمل أرض مستوية وجزء جبلي ما يمنح مرونة في الاستخدام
مبنى قائم قديم وتعتبر القيمة الأساسية في الأرض وموقعها
القرب من الطرق الرئيسية المؤدية إلى المنطقة المركزية الدائري الاول والثاني
القرب من الجبال التاريخيه المعروفه ومشاريعها (جبل خندمه وجبل السودان)
مناسب لمن يبحث عن أرض داخل نطاق عمراني قائم
تبعد عن الحرم مسافة 20 دقيقة مشي
‏3 دقائق بالسيارة تقريبا

لماذا هذا العقار؟
العقار يُعرض كأصل عقاري قائم في موقع داخل النطاق العمراني لمكة المكرمة
والقرار الاستثماري يعتمد على تقدير المشتري لقيمة الموقع والاستخدام الحالي وفق الأنظمة المعمول بها

للتواصل ومعاينة العقار يرجى التواصل واتساب مباشرة

رخصه فال: 1100254750 
ترخيص اعلاني: 7100299722

‏ 20,000,000 ‏صافي للمالك قابل للتفاوض البيع كاش فقط ولا تقبل بنك
يرجى التنسيق للزيارة مسبقا

المؤيد – وسيط ومسوق عقاري فرد مصرح
للتواصل: ((الرقم يظهر عند الضغط على اتصال))
سناب: almoaidrealesta
تيك توك: almoaid.realestat",21.430941,39.8348,https://images.aqar.fm/webp/750x0/props/042573896_1786085043909.jpg | https://images.aqar.fm/webp/750x0/props/042573898_1786085051015.jpg | https://images.aqar.fm/webp/750x0/props/042573897_1786085060339.jpg | https://images.aqar.fm/webp/750x0/props/042573896_1786085068530.jpg,4,مؤيد هاني حسن باشهاب,,,2026-08-07,2026-09-05,2026-09-18,393,2026-09-20,True,"20,000,000",False,عمارة
6754758,https://sa.aqar.fm/عمائر-للبيع/مكة-المكرمة/حي-الملك-فهد/شارع-الامير-بدر-ابن-سلطان-ابن-عبدالعزيز-سعود-حي-الشامية-الجديد-مدينة-مكة-المكرمة-6754758,"عمارة للبيع في شارع الامير بدر ابن سلطان ابن عبدالعزيز سعود, حي الشامية الجديد, مدينة مكة المكرمة",11000000,151,,,,6,حي الملك فهد,مكة المكرمة,حي الملك فهد,,21.31822,39.682602,https://images.aqar.fm/webp/750x0/props/037258117_1783164460219.jpg,1,عبدالعزيز بهيان مانع القرني,,,2026-07-01,2026-07-30,2026-09-14,262,2026-09-20,True,"11,000,000",False,عمارة
6603479,https://sa.aqar.fm/عمائر-للبيع/مكة-المكرمة/حي-الرصيفة/شارع-شارع-حذيفة-بن-اسيد-حي-الرصيفة-مدينة-مكة-المكرمة-منطقة-مكة-المكرمة-6603479,"عمارة للبيع في شارع شارع حذيفة بن اسيد, حي الرصيفة, مدينة مكة المكرمة, منطقة مكة المكرمة",6500000,819,,,,8,حي الرصيفة,مكة المكرمة,حي الرصيفة,"🚨للبيع 🚨
النوع عمارة سكنية 
رقم القطعة 1868 
المساحة 819م
الموقع مكة المكرمة- الرصيفة الجديدة
الواجهة جنوبية شارع 12م وشمالا حديقة

مكونة من
4 شقق تتكون من 5 غرف و3 دوارت مياة وصاله كبيرة
الدور الثالث عبارة عن ڤيلا تتكون من 8 غرف و6 دورات مياة وصاله كبيرة
الملحق 3 غرف و3 دورات مياة و صالة كبيرة
فيها غاز مركزي ومخارج للطوارئ
وغرفه خاصه للحارس مع دوره مياة

المطلوب 6 مليون و500  

للاستفسار
ابو صهيب ((رقم المعلن يظهر عند التواصل))
رخصة فال 1100030008",21.406341,39.794223,https://images.aqar.fm/webp/750x0/props/003302778_1771945351227.jpg | https://images.aqar.fm/webp/750x0/props/003302778_1771945351224.jpg | https://images.aqar.fm/webp/750x0/props/003302774_1771945351051.jpg,3,سامر بن شمس الدين بن مهدي الكندي,,,2026-02-24,2026-08-18,2026-09-19,454,2026-09-20,True,"6,500,000",False,عمارة
6875266,https://sa.aqar.fm/عمائر-للبيع/مكة-المكرمة/حي-الجامعة/طريق-الطائف-حي-الجامعة-مكة-منطقة-مكة-المكرمة-6875266,"عمارة للبيع في شارع طريق الطائف, حي الجامعة, مدينة مكة المكرمة, منطقة مكة المكرمة",11000000,625,,,,11,حي الجامعة,مكة المكرمة,حي الجامعة,"عمارة للبيع في مكة المكرمة
الموقع:حي العزيزية الجنوبي، تبعد اقل من 15 دقيقة عن المسجد الحرام.
مساحة الارض: 625م
عرض الشارع: 10م غربي، مطلة على شارع العزيزية الجنوبية العام المتجه الى الحرم المكي

تفاصيل المبنى:
عدد الادوار: 6 
عدد الشقق: 22 

الدخل السنوي للعمارة: 
250-300 الف 

مطلوب 11 مليون صافي",21.392998,39.871403,https://images.aqar.fm/webp/750x0/props/010520485_1789455101908.jpg | https://images.aqar.fm/webp/750x0/props/010520481_1789455101909.jpg | https://images.aqar.fm/webp/750x0/props/010520480_1789455102068.jpg | https://images.aqar.fm/webp/750x0/props/010520486_1789455101906.jpg | https://images.aqar.fm/webp/750x0/props/010520484_1789499990683.jpg,5,عبدالعزيز عبدالرحمن,,,2026-09-15,2026-09-15,2026-09-18,31,2026-09-20,True,"11,000,000",False,عمارة
6795250,https://sa.aqar.fm/عمائر-للبيع/مكة-المكرمة/حي-العدل/شارع-1-الغسالة-6-حي-العدل-مدينة-مكة-المكرمة-منطقة-مكة-المكرمة-6795250,"عمارة للبيع في شارع 1 الغسالة 6, حي العدل, مدينة مكة المكرمة, منطقة مكة المكرمة",1300000,400,,,,11,حي العدل,مكة المكرمة,حي العدل,عمارة للبيع بمنطقة العدل مخطط تنظيمي معتمد خمس شقق متوفر جميع الخدمات  مؤجرة بالكامل المشتري الجاد يتفضل واتساب او اتصال  تم تخفيض السعر,21.447238,39.874179,https://images.aqar.fm/webp/750x0/props/044266213_1785272502698.jpg | https://images.aqar.fm/webp/750x0/props/044266213_1785272502725.jpg | https://images.aqar.fm/webp/750x0/props/044266211_1785272502740.jpg | https://images.aqar.fm/webp/750x0/props/044266217_1785272502747.jpg | https://images.aqar.fm/webp/750x0/props/044266219_1785272502848.jpg | https://images.aqar.fm/webp/750x0/props/044266213_1785272502800.jpg,6,محمد بن علي بن سراج حكيم,,,2026-07-28,2026-08-27,2026-09-17,186,2026-09-20,True,"1,300,000",False,عمارة
6315861,https://sa.aqar.fm/عمائر-للبيع/مكة-المكرمة/حي-الكعكية/طريق-الليث-حي-ولي-العهد-مكة-منطقة-مكة-المكرمة-6315861,"عمارة للبيع في شارع طريق الليث , حي العكيشية, مدينة مكة المكرمة, منطقة مكة المكرمة",22000000,625,,,,0,حي الكعكية,مكة المكرمة,حي الكعكية,"مبنى تجاري سكني للبيع . مساحة الارض ٦٢٨ م . اشتراطات ١٠ ادوار . 
يتكون من معرض تجاري بمساحة ٦٠٠ م موجر بعقد سنوي على وزارة السياحة . 
+ فيلا سكنية علوية موجرة بعقد سنوي بمدخل جانبي و مصعد مستقل . 
اجمالي الدخل مليون ريال سنويا 
المطلوب ٢٥ مليون ريال",21.355662123195476,39.790193270335,https://images.aqar.fm/webp/750x0/props/001620640_1754324944922.jpg | https://images.aqar.fm/webp/750x0/props/001620643_1754324927321.jpg | https://images.aqar.fm/webp/750x0/props/001620649_1754324927325.jpg | https://images.aqar.fm/webp/750x0/props/001620644_1758462794059.jpg,4,ريان يوسف,,,2025-08-04,2026-08-02,2026-09-17,1930,2026-09-20,True,"22,000,000",False,عمارة
6772765,https://sa.aqar.fm/عمائر-للبيع/مكة-المكرمة/حي-الملك-فهد/حي-ولي-العهد-منطقة-مكة-المكرمة-6772765,"عمارة للبيع في شارع فيصل ابن فهد ابن عبدالعزيز, حي حارة الباب الجديد, مدينة مكة المكرمة, منطقة مكة المكرمة",4000000,600,,,,7,حي الملك فهد,مكة المكرمة,حي الملك فهد,$5f,21.333985159770446,39.71582603126288,https://images.aqar.fm/webp/750x0/props/008200806_1783992433702.jpg | https://images.aqar.fm/webp/750x0/props/008200804_1783992551335.jpg | https://images.aqar.fm/webp/750x0/props/008200806_1783992551339.jpg | https://images.aqar.fm/webp/750x0/props/008200800_1783992551339.jpg | https://images.aqar.fm/webp/750x0/props/008200803_1784568942104.jpg | https://images.aqar.fm/webp/750x0/props/008200804_1784568957912.jpg | https://images.aqar.fm/webp/750x0/props/008200801_1784568972386.jpg | https://images.aqar.fm/webp/750x0/props/008200800_1784568972442.jpg | https://images.aqar.fm/webp/750x0/props/008200809_1784568983938.jpg | https://images.aqar.fm/webp/750x0/props/008200802_1784568997574.jpg | https://images.aqar.fm/webp/750x0/props/008200804_1784569073135.jpg,11,يحي عبدالله يحي العسيري,,,2026-07-14,2026-07-20,2026-09-14,346,2026-09-20,True,"4,000,000",False,عمارة
6573409,https://sa.aqar.fm/عمائر-للبيع/مكة-المكرمة/حي-النسيم/شارع-شريح-بن-الحارث-حي-النسيم-مدينة-مكة-المكرمة-منطقة-مكة-المكرمة-6573409,"عمارة للبيع في شارع شريح بن الحارث, حي النسيم, مدينة مكة المكرمة, منطقة مكة المكرمة",6000000,600,,,,8,حي النسيم,مكة المكرمة,حي النسيم,"عمارة للبيع مكه المكرمة حي النسيم قرب العوالي قريبه من مستشفى قوى الامان شارع 15شرقي مساحة 600
العمر 7 سنوات تقريباً 
فيها مصعد 
مكونة من 9 شقق مؤجره 
الدخل 270 الف 
السعي والضريبه على المشتري ))
السعر 6 مليون
التواصل ((رقم المعلن يظهر عند التواصل))",21.36687,39.882631,https://images.aqar.fm/webp/750x0/props/014701541_1738425335737.jpg | https://images.aqar.fm/webp/750x0/props/014701541_1738425335716.jpg | https://images.aqar.fm/webp/750x0/props/014701540_1738425335758.jpg,3,فارس عبدالرحمن,,,2026-02-02,2026-08-25,2026-09-20,1132,2026-09-20,True,"6,000,000",False,عمارة
6463852,https://sa.aqar.fm/عمائر-للبيع/مكة-المكرمة/حي-الملك-فهد/شارع-ابي-بكر-الاجري-حي-الشامية-الجديد-مدينة-مكة-المكرمة-منطقة-مكة-المكرمة-6463852,"عمارة للبيع في شارع ابي بكر الاجري, حي الشامية الجديد, مدينة مكة المكرمة, منطقة مكة المكرمة",2850000,864,,,,6,حي الملك فهد,مكة المكرمة,حي الملك فهد,"للبيع عمارة عظم سكنيه مميزه الدور الارضي مشطب وساكن فيه راعيه
المساحه 864 م 
المواصفات : 
يوجد 11 شقه 
وثمان مواقف وممكن اكثر
كل شقه فيها اربع غرف وصاله ومطبخ ومخزم ودورات مياه كما يوجد في بعض الشقق خمس غرف وصاله 
ثلاث ادوار وملحق 

ملاحظه : يجب اخذ  موعد مسبق  للمعاينه 
السعر 2.850.000 ريال 
للتواصل 
ابو احمد 
((رقم المعلن يظهر عند التواصل))",21.325028,39.680381,https://images.aqar.fm/webp/750x0/props/042912066_1762888202294.jpg | https://images.aqar.fm/webp/750x0/props/042912061_1762888202296.jpg,2,يوسف حميدان سالم العقيدي,,,2025-11-11,2025-11-11,2026-09-20,1648,2026-09-20,True,"2,850,000",False,عمارة
6700969,https://sa.aqar.fm/عمائر-للبيع/مكة-المكرمة/حي-الرصيفة/شارع-شارع-الامير-ناصر-بن-سعود-بن-فرحان-حي-الرصيفة-مدينة-مكة-المكرمة-منطقة-مكة-المكرمة-6700969,"عمارة للبيع في شارع شارع الامير ناصر بن سعود بن فرحان, حي الرصيفة, مدينة مكة المكرمة, منطقة مكة المكرمة",3990000,623,,,,11,حي الرصيفة,مكة المكرمة,حي الرصيفة,"عمارة تجارية للبيع في حي الرصيفة📍 بالقرب من مشروع مسار وعلى شارع الأمير ناصر📍 مباشرة على طريق الحرم

العقار بموقع حيوي واستراتيجي يخدم النشاط التجاري والسكني، ويتميز بسهولة الوصول وقربه من أهم المشاريع التطويرية في مكة المكرمة.

🔹 مكونات العقار:▪️ 6 شقق سكنية▪️▪️ موقع مميز وحركة عالية

✨ فرصة ممتازة للمستثمرين الباحثين عن دخل واستثمار واعد في موقع استثنائي.",21.410177,39.790716,https://images.aqar.fm/webp/750x0/props/013160492_1779031628250.jpg,1,حمد خالد بن حمد الجهنى,,,2026-05-17,2026-05-17,2026-06-18,162,2026-09-20,True,"3,990,000",False,عمارة
6869682,https://sa.aqar.fm/عمائر-للبيع/مكة-المكرمة/حي-الشوقية/شارع-رافع-بن-الحارث-بن-الأوسي-حي-الشوقية-مدينة-مكة-المكرمة-منطقة-مكة-المكرمة-6869682,"عمارة للبيع في شارع رافع بن الحارث بن الأوسي, حي الشوقية, مدينة مكة المكرمة, منطقة مكة المكرمة",5000000,441,,,,11,حي الشوقية,مكة المكرمة,حي الشوقية,"عمارة استثمارية للبيع | حي الخالدية — على بعد نحو 4.5 كم من الحرم المكي

فرصة استثمارية مميزة في أحد الأحياء السكنية العريقة بمكة المكرمة، بموقع يجمع بين الاستقرار السكني والقرب الفعلي من الحرم المكي الشريف.

الموقع:
حي الخالدية، خلف مركز كودو، بالقرب من شرطة المنصور — على بعد نحو 4.5 كم (خط مستقيم) من الحرم المكي الشريف، ما يجعله خياراً مناسباً للسكن العائلي أو للاستثمار في التأجير على مدار العام.
المواصفات:

	•	المساحة: 420 متراً مربعاً
	•	عرض الشارع: 20 متراً
	•	عدد الأدوار: 3 أدوار
	•	عدد الوحدات: 6 شقق سكنية (شقتان في كل دور)
	•	تفاصيل الشقة الواحدة: 4 غرف، حمامان، صالة

حالة الإشغال:

	•	4 شقق مسكونة من قبل العائلة
	•	شقتان مؤجرتان حالياً، ما يوفر دخلاً تأجيرياً مباشراً منذ يوم التملك

السعر: 5,000,000 ريال (قابل للتفاوض)

ملاحظة هامة: العمارة مرهونة حالياً لدى البنك بمبلغ 150,000 ريال، ويتم التنسيق لتسوية هذا المبلغ ضمن إجراءات البيع والإفراغ.

للاستفسار والمعاينة الميدانية، تواصل معنا مباشرة عبر الواتساب: ((الرقم يظهر عند الضغط على اتصال))

منصة التميمي للخدمات العقارية
أحمد فهد — خبير ومستشار عقاري",21.39618,39.788434,https://images.aqar.fm/webp/750x0/props/036541050_1789157059372.jpg | https://images.aqar.fm/webp/750x0/props/036541053_1789157059392.jpg,2,احمد فهد,,,2026-09-11,2026-09-11,2026-09-18,32,2026-09-20,True,"5,000,000",False,عمارة
6674544,https://sa.aqar.fm/عمائر-للبيع/مكة-المكرمة/حي-التيسير/شارع-شارع-23-التيسير-حي-التيسير-مدينة-مكة-المكرمة-منطقة-مكة-المكرمة-6674544,"عمارة للبيع في شارع شارع 23 التيسير, حي التيسير, مدينة مكة المكرمة, منطقة مكة المكرمة",2500000,320,,,,11,حي التيسير,مكة المكرمة,حي التيسير,"🏢 عمارة استثمارية للبيع – مكة (حي التيسير)
📍 موقع مميز قريب من الحرم وجوار مشاريع كبرى

💰 السعر: 2,500,000 ريال
📊 الدخل السنوي: 96,000 ريال

🔹 6 شقق (كل دور شقتين)
🔹 المساحة: 320 م²
🔹 مؤجرة (عوائل)
🔹 عمر العقار: أكثر من 10 سنوات

📍 على شارعين:

* رئيسي عرض 5.5 م
* فرعي عرض 3.5 م

📍 مميزات الموقع:

* 🚗 14 دقيقة إلى المسجد الحرام
* 🚗 5 دقائق إلى مسار بارك
* بالقرب من مشاريع تطويرية كبرى

✨ مميزات استثمارية:

* دخل قائم ومستقر
* موقع قابل لارتفاع القيمة
* فرصة لرفع العائد مع التطوير",21.425036,39.808982,https://images.aqar.fm/webp/750x0/props/016524713_1777447066251.jpg,1,فارس بن مسفر بن علي القرني,,,2026-04-29,2026-05-28,2026-07-22,475,2026-09-20,True,"2,500,000",False,عمارة
6690194,https://sa.aqar.fm/عمائر-للبيع/مكة-المكرمة/حي-العمرة-الجديدة/شارع-الدليمية-حي-العمرة-مدينة-مكة-المكرمة-منطقة-مكة-المكرمة-6690194,"عمارة للبيع في شارع الدليمية, حي العمرة, مدينة مكة المكرمة, منطقة مكة المكرمة",1650000,500,,,,6,حي العمرة الجديدة,مكة المكرمة,حي العمرة الجديدة,"✅الغرض : بيع فقط
✅الموقع : حي النوارية - بمخطط زمزم
✅العقار   : عمارة شقتين مفتوحه على بعض نظام فيلا
✅الملكية : صك مسجل عيني إفراغ فوري
✅العمر    : 6 سنوات
✅مساحة الارض : 500 متر
✅الشارع  : 12 متر
✅المصعد : مؤسس له
✅الخزان  : واحد كبير
⭐مكونات العقار :-
✅عمارة شقتين مفتوحه على بعض نظام فيلا بالإمكان فصلهم لشقتين 
⭐الإضافات :-
✅التشطيب ذات جوده عاليه وشغل مودرن حديث
✅شبكة ماء وصرف أكرمكم الله واصله
✅كاميرات مراقبة
مجموع الغرف :
8 غرف بمنافعها + صالتين + 4دورات مياة + غرفتين غسيل
✅أمام مرافق وخدمات عامه
✅تأسيس البناء : 3 ادوار وملحق
ملاحظة : يوجد رهن لاحد البنوك بمبلغ قرابة ال700 الف

👍الوسيط ماجــــد /      0509059050
👍رخصة فـــــال       /    1100017743
👍ترخيــص الإعـــلان  /  7100281918
👍تاريــخ إنتهـــاء الترخيـــص / 10/05/2027

💵السعر المطلوب شامل الرهن :
مليون و650 الف ريال كااش فقط،",21.572256,39.78775,https://images.aqar.fm/webp/750x0/props/020463265_1778410445778.jpg | https://images.aqar.fm/webp/750x0/props/020463263_1778410445794.jpg | https://images.aqar.fm/webp/750x0/props/020463265_1778410445792.jpg | https://images.aqar.fm/webp/750x0/props/020463264_1778410445779.jpg,4,ماجد صفر عيظه الفهمي ,,,2026-05-10,2026-09-03,2026-09-18,905,2026-09-20,True,"1,650,000",False,عمارة
6464402,https://sa.aqar.fm/عمائر-للبيع/مكة-المكرمة/حي-بطحاء-قريش/شارع-جليلة-بنت-عبدالجليل-حي-السوق-الجديد-مدينة-مكة-المكرمة-منطقة-مكة-المكرمة-6464402,"عمارة للبيع في شارع جليلة بنت عبدالجليل, حي السوق الجديد, مدينة مكة المكرمة, منطقة مكة المكرمة",3650000,529,,,,11,حي بطحاء قريش,مكة المكرمة,حي بطحاء قريش,"للبيع عماره في بطحاء قريش 
مساحة 530 شارع 15شمالي
طريق جانبي بعرض ٦ الى ٨ متر للدور الارضي غير نافذ يخدم الدور الارضي
٨ شقق + شقتين صغار 
مصعد ٤ وقفات
مياه صرف كهرباء متوفر 
موقع قريب من الدائري الرابع
الارضي يستوعب ٦ سيارات على الاقل
مواقف اماميه تستوعب ٦ سيارات
العمر اكثر من ١٤ سنه
بالقرب من العمارة مدارس بنين وبنات وجوامع ومواقع تجارية.طريق سهل ومباشر الى مواقف كدي والمسجد الحرام اشارة ضوئية واحده.
اجمالي الايجارات السنويه حوالي ١٨٠ الف ريال.)))
السعي والضريبة على المشتري 
السعر 3مليون و650الف
قابل للتفاوض المقبول.
التواصل ((رقم المعلن يظهر عند التواصل))",21.350954,39.828687,https://images.aqar.fm/webp/750x0/props/014701546_1762943550533.jpg | https://images.aqar.fm/webp/750x0/props/014701546_1762943566902.jpg | https://images.aqar.fm/webp/750x0/props/014701543_1762943566904.jpg,3,فارس عبدالرحمن,,,2025-11-12,2025-11-12,2026-09-20,969,2026-09-20,True,"3,650,000",False,عمارة
6514332,https://sa.aqar.fm/عمائر-للبيع/مكة-المكرمة/حي-الخنساء/شارع-سفيان-بن-معمر-حي-وادي-جليل-مدينة-مكة-المكرمة-منطقة-مكة-المكرمة-6514332,"عمارة للبيع في شارع سفيان بن معمر, حي وادي جليل, مدينة مكة المكرمة, منطقة مكة المكرمة",1430000,500,,,,11,حي الخنساء,مكة المكرمة,حي الخنساء,"للبيع عمارة مكه حي وادي جليل 

🛑(((((((الموقع غير دقيق )))))🛑

🛑السعي بذمة الي يوصل الموقع🛑

مساحة 500 ✅

واجهة جنوبي عرض الشارع 30✅

((((((((شارع تجاري)))))))) يوجد محل ✅

مكونه من 4شقق وملحق وخمس عددات كهرباء مؤجر كلها الى شقة واحده 
السعي والضريبة على المشتري 
مسيوم مليون و300الف 

التواصل ((رقم المعلن يظهر عند التواصل))",21.463205,39.853125,https://images.aqar.fm/webp/750x0/props/014701547_1766257533559.jpg | https://images.aqar.fm/webp/750x0/props/014701543_1766257533563.jpg | https://images.aqar.fm/webp/750x0/props/014701547_1766257548185.jpg,3,فارس عبدالرحمن,,,2025-12-20,2025-12-20,2026-09-20,1109,2026-09-20,True,"1,430,000",False,عمارة
6854075,https://sa.aqar.fm/عمائر-للبيع/مكة-المكرمة/حي-البحيرات/شارع-محمود-الفروضي-حي-البحيرات-مدينة-مكة-المكرمة-منطقة-مكة-المكرمة-6854075,"عمارة للبيع في شارع محمود الفروضي, حي البحيرات, مدينة مكة المكرمة, منطقة مكة المكرمة",2400000,420,,,,9,حي البحيرات,مكة المكرمة,حي البحيرات,"عماره للبيع | حي البحيرات
بالقرب من التنعيم
مساحتها 420 متر
الواجهة شماليه
عرض الشارع 15 متر
عمرها 8 سنوات
تتكون من 3 ادوار فيها 7 شقق
—
في الدور الارضي والثاني والثالث 
كل دور مكون من شقتين 
كل شقة تتكون من ؛
4 غرف
صاله
مطبخ
3 دورات مياه
في الدور الرابع شقه فقط تتكون من ؛
غرفتين
صاله
مطبخ
3 دورات مياه
—
كل شقه لها عقد مستقل
تدخل نهاية السنه تقريبا 120 الف
عداد الكهرباء خاص بكل شقه
عداد الماء مشترك 
يوجد مصعد
—
سعر البيع 2 مليون و 400 الف
—
لتواصل واتس اب /
((الرقم يظهر عند الضغط على اتصال))",21.509463,39.786322,https://images.aqar.fm/webp/750x0/props/033597806_1788349892775.jpg,1,الشيماء احمد,,,2026-09-02,2026-09-02,2026-09-19,150,2026-09-20,True,"2,400,000",False,عمارة
6849583,https://sa.aqar.fm/عمائر-للبيع/مكة-المكرمة/حي-العمرة-الجديدة/حي-العمرة-مدينة-مكة-المكرمة-منطقة-مكة-المكرمة-6849583,"عمارة للبيع في حي العمرة, مدينة مكة المكرمة, منطقة مكة المكرمة",2200000,699,,,,10,حي العمرة الجديدة,مكة المكرمة,حي العمرة الجديدة,"عمارة للبيع في مكه حي العمره الجديده مخطط الطيب
المساحه 699.48 متر 
4 شقق مؤجره ماعدا الملحق
المبنى دورين وملحق :
-الدور الارضي :
-شقتين منفصله 
كل شقه ( 5 غرف + 3 دورات مياه + صاله + مطبخ )
-الدور الاول :
شقتين منفصله
كل شقه ( 6 غرف + 3 دورات مياه + صاله + مطبخ )
-الملحق :
مكون من ( 8 غرف + 6 دورات مياه + صالتين + مطبخ + مستودع + سطح كبير )
-مميزات العقار :
-متوفر الكهرباء والمياه والصرف الصحي والالياف البصريه
-متوفر غرفة سائق او حارس
-يوجد تأسيس مصعد
-امام مسجد وحديقه وملاعب
-بجوار مجمع مدارس للاولاد والبنات
-سكن عوائل 
-عمر العقار 10 سنوات
-سعر البيع / 2 مليون 200",21.571345,39.779483,https://images.aqar.fm/webp/750x0/props/001884726_1788115966602.jpg | https://images.aqar.fm/webp/750x0/props/001884728_1788116020030.jpg | https://images.aqar.fm/webp/750x0/props/001884726_1788272266768.jpg | https://images.aqar.fm/webp/750x0/props/001884724_1788272266771.jpg | https://images.aqar.fm/webp/750x0/props/001884725_1788272266782.jpg | https://images.aqar.fm/webp/750x0/props/001884721_1788272266786.jpg | https://images.aqar.fm/webp/750x0/props/001884726_1788272266795.jpg,7,سعود سلطان بن عليثه الدعجاني,,,2026-08-30,2026-08-30,2026-09-19,125,2026-09-20,True,"2,200,000",False,عمارة
6707503,https://sa.aqar.fm/عمائر-للبيع/مكة-المكرمة/حي-الشوقية/شارع-شارع-عبد-الله-بن-العباس-رضى-الله-عنه-حي-المحمدية-مدينة-مكة-المكرمة-منطقة-مكة-المكرمة-6707503,"عمارة للبيع في شارع شارع عبد الله بن العباس رضى الله عنه, حي المحمدية, مدينة مكة المكرمة, منطقة مكة المكرمة",11500000,761,,,,11,حي الشوقية,مكة المكرمة,حي الشوقية,"عماره في الشوقية مكة المكرمة شارع عبدالله بن عباس

مكونه من 4 ادوار وملحق 18شقة 5 فتحات

4 شقة مكونه من 4 غرف
13 شقة مكونه من 3 غرف
ملحق مكون من غرفة

شقه في الأرضي من غرفتين
بدروم بمساحة العماره كامل
4 فتحات مع الميزان كامل

البيع 13 مليون قابل لتفاوض",21.373607,39.794177,https://images.aqar.fm/webp/750x0/props/028264250_1779431939198.jpg | https://images.aqar.fm/webp/750x0/props/028264259_1779859674391.jpg | https://images.aqar.fm/webp/750x0/props/028264255_1779859674393.jpg | https://images.aqar.fm/webp/750x0/props/028264251_1779859674399.jpg | https://images.aqar.fm/webp/750x0/props/028264257_1779859674407.jpg | https://images.aqar.fm/webp/750x0/props/028264250_1779859674596.jpg | https://images.aqar.fm/webp/750x0/props/028264259_1779859674613.jpg | https://images.aqar.fm/webp/750x0/props/028264250_1779859674622.jpg | https://images.aqar.fm/webp/750x0/props/028264257_1779859674619.jpg,9,محمد ناصر ابراهيم العتيبي,,,2026-05-22,2026-09-15,2026-09-15,438,2026-09-20,True,"11,500,000",False,عمارة
6637051,https://sa.aqar.fm/عمائر-للبيع/مكة-المكرمة/حي-الملك-فهد/شارع-المتوكلين-حي-الملك-فهد-مدينة-مكة-المكرمة-منطقة-مكة-المكرمة-6637051,"عمارة للبيع في شارع المتوكلين, حي الملك فهد, مدينة مكة المكرمة, منطقة مكة المكرمة",2000000,400,,,,7,حي الملك فهد,مكة المكرمة,حي الملك فهد,عمارة دورين وملحق في إسكان الشوقية بمكة المكرمة مساحتها ٤٠٠م,21.39238,39.784614,https://images.aqar.fm/webp/750x0/props/026865787_1774988120038.jpg | https://images.aqar.fm/webp/750x0/props/026865786_1774988120163.jpg | https://images.aqar.fm/webp/750x0/props/026865789_1774988120155.jpg | https://images.aqar.fm/webp/750x0/props/026865787_1774988120177.jpg | https://images.aqar.fm/webp/750x0/props/026865785_1774988120182.jpg | https://images.aqar.fm/webp/750x0/props/026865784_1774988120175.jpg | https://images.aqar.fm/webp/750x0/props/026865784_1774988120170.jpg | https://images.aqar.fm/webp/750x0/props/026865789_1774988120037.jpg,8,سعد سليم رجاء القرشي,,,2026-03-31,2026-03-31,2026-07-08,1125,2026-09-20,True,"2,000,000",False,عمارة
6511565,https://sa.aqar.fm/عمائر-للبيع/مكة-المكرمة/حي-العزيزية/شارع-المعسكر-الكشفي-حي-العزيزية-مدينة-مكة-المكرمة-منطقة-مكة-المكرمة-6511565,"عمارة للبيع في شارع المعسكر الكشفي, حي العزيزية, مدينة مكة المكرمة, منطقة مكة المكرمة",13000000,1042,,,,11,حي العزيزية,مكة المكرمة,حي العزيزية,"عمارة سكنيه بمكه المكرمه بحي العزيزيه 1,042.41 م 
مكونات المبنى بدروم + مواقف + ارضي + 3 متكرر + مبيتات 
الغرف 75 غرفة علبها تصريح حجاج 400 حاج",21.411655,39.861132,https://images.aqar.fm/webp/750x0/props/001074936_1771401055265.jpg | https://images.aqar.fm/webp/750x0/props/001074932_1771401055263.jpg,2,سيف ثامر لافي السلمي,,,2025-12-18,2025-12-18,2026-04-11,520,2026-09-20,True,"13,000,000",False,عمارة
6823957,https://sa.aqar.fm/عمائر-للبيع/مكة-المكرمة/حي-التقوى/شارع-سهيل-بن-وهب-الفهري-حي-كدي-مدينة-مكة-المكرمة-منطقة-مكة-المكرمة-6823957,"عمارة للبيع في شارع سهيل بن وهب الفهري, حي كدي, مدينة مكة المكرمة, منطقة مكة المكرمة",6800000,590,,,,8,حي التقوى,مكة المكرمة,حي التقوى,عمارة واقعه في كدي تبعد ثلاث دقائق عن مواقف كدي وقريبة جدا من الحرم تبعد 10 دقائق فقط وقريبة من الدائري الثالث ومتوفر جميع الخدمات مكونة من 12 شقة والدور الخامس رووف مستقل مؤجرة بالكامل من المالك مباشرة,21.386625,39.832286,https://images.aqar.fm/webp/750x0/props/004535043_1786810740705.jpg | https://images.aqar.fm/webp/750x0/props/004535049_1786810740711.jpg | https://images.aqar.fm/webp/750x0/props/004535040_1786810740724.jpg | https://images.aqar.fm/webp/750x0/props/004535048_1786810740707.jpg | https://images.aqar.fm/webp/750x0/props/004535040_1786810740727.jpg | https://images.aqar.fm/webp/750x0/props/004535044_1786810740704.jpg | https://images.aqar.fm/webp/750x0/props/004535041_1786810740722.jpg,7,ريان فؤاد محمد باخدلق ,,,2026-08-15,2026-09-13,2026-09-13,98,2026-09-20,True,"6,800,000",False,عمارة
6744647,https://sa.aqar.fm/عمائر-للبيع/مكة-المكرمة/حي-السليمانية/شارع-الرشيدي-حي-السليمانية-الشرقي-مدينة-مكة-المكرمة-منطقة-مكة-المكرمة-6744647,"عمارة للبيع في شارع الرشيدي, حي السليمانية الشرقي, مدينة مكة المكرمة, منطقة مكة المكرمة",300000000,359,,,,11,حي السليمانية,مكة المكرمة,حي السليمانية,"فرصة نادرة – فندق قائم ومشغل في مكة المكرمة

للبيع فندق مرخص في مكة المكرمة – حي السليمانية (موقع مميز)

* اضافة إلى ارض حكر بصك مستقل ملاصقة بمساحة 160.87 م² للفندق مشمولة في نفس الصفقة

مواصفات العقار:
• مساحة الأرض: 359.19 م²
• إجمالي المسطحات المبنية: 5,269.26 م²
• ترخيص حج: ٦٠٠+ سرير
• عدد الأدوار: 13 دوراً (أرضي + 12 دوراً)
• عدد الغرف: 135 غرفة
• عدد الأسرة: 528 سريراً
• عدد المطابخ: 13
• عدد المصاعد: 3
• مرخص ومصنف من وزارة السياحة
• تصريح إسكان حجاج قائم
• رخصة دفاع مدني سارية و أنظمة سلامة وأمن وإنذار مكتملة

إجمالي المساحة: (359.19 م² + 160.87 م²) = 520.06 م²

مميزات الموقع:
• يقع بحي السليمانية غزة
• المنطقة المركزية وخطوط نقل الحجاج والمعتمرين

العقار قائم ومجهز ويعتبر فرصة مناسبة للمستثمرين وشركات التشغيل الفندقي وصناديق الاستثمار العقاري.

العرض للمشتري مباشرة منعا للاحراج

السعر: 300 مليون",21.432948,39.829609,https://images.aqar.fm/webp/750x0/props/027475914_1782215699941.jpg,1,فيصل فهد,,0,2026-06-23,2026-06-23,2026-08-27,1883,2026-09-20,True,"300,000,000",False,عمارة
6835120,https://sa.aqar.fm/عمائر-للبيع/مكة-المكرمة/حي-الاندلس/شارع-226-جبل-السيدة-حي-الأندلس-مدينة-مكة-المكرمة-منطقة-مكة-المكرمة-6835120,"عمارة للبيع في شارع 226 جبل السيدة, حي الأندلس, مدينة مكة المكرمة, منطقة مكة المكرمة",700000,170,,,,11,حي الاندلس,مكة المكرمة,حي الاندلس,"مكة المكرمة 🕋

عمارة سكنية للبيع 🏬

📍الموقع: حي العتيبية - شارع الاندلس
📐 المساحة: 170.16 متر مربع مكونه من :-
5 ادوار
5 وحدات
12 غرفة
متوفر خدمة 🚰 الماء 🔌 والكهرباء.

✨ يتميز العقار بقربه من :- 
- جامع عباد بن ناشي بمسافة (40) متر 
- قريب من سوق العتيبية بمسافة (200) متر
- قريب من سوبرماركت النوري بمسافة (150) متر
- يبعد عن المسجد الحرام بمسافة (2) كيلو متر
- قريب من مطل جبل السيدة بمسافة (500) متر

للتواصل /
📞 رقم الجوال : ((الرقم يظهر عند الضغط على اتصال))
🔖 رقم رخصة فال: 1100039720
📜 رقم ترخيص الاعلان: 7100313050

⏫ مباشر",21.443331,39.820825,https://images.aqar.fm/webp/750x0/props/003765750_1787396726408.jpg | https://images.aqar.fm/webp/750x0/props/003765758_1787396726180.jpg | https://images.aqar.fm/webp/750x0/props/003765759_1787396726275.jpg | https://images.aqar.fm/webp/750x0/props/003765754_1787396726418.jpg,4,مازن احمد بن جابر الجودي,,,2026-08-22,2026-08-22,2026-09-19,48,2026-09-20,True,"700,000",False,عمارة
6797535,https://sa.aqar.fm/عمائر-للبيع/مكة-المكرمة/حي-الروضة/شارع-الضمير-حي-الروضة-مدينة-مكة-المكرمة-منطقة-مكة-المكرمة-6797535,"عمارة للبيع في شارع الضمير, حي الروضة, مدينة مكة المكرمة, منطقة مكة المكرمة",6000000,561,,,,11,حي الروضة,مكة المكرمة,حي الروضة,عبارة عن عمارة سكنية مكونة من اربعة ادوار  موقع مميز قريب من الحرم المكي والمشاعر المقدسة,21.431192,39.859011,https://images.aqar.fm/webp/750x0/props/049557158_1785571689968.jpg,1,حسين بن علي بن تركي الشريف,,,2026-07-30,2026-08-28,2026-09-12,119,2026-09-20,True,"6,000,000",False,عمارة
6869067,https://sa.aqar.fm/عمائر-للبيع/مكة-المكرمة/حي-الحمراء-و-ام-الجود/شارع-ابو-نصر-الصواف-رضي-الله-عنه-مدينة-مكة-المكرمة-منطقة-مكة-المكرمة-6869067,"عمارة للبيع في شارع ابو نصر الصواف رضي الله عنه, مدينة مكة المكرمة, منطقة مكة المكرمة",30500000,544,,,,2,حي الحمراء و ام الجود,مكة المكرمة,حي الحمراء و ام الجود,عماره سكينه الموقع مكه الكرمه (حي الحمراء ) عمر العماره سنتين,21.435391,39.76583,https://images.aqar.fm/webp/750x0/props/001299248_1789128278764.jpg | https://images.aqar.fm/webp/750x0/props/001299244_1789128278745.jpg | https://images.aqar.fm/webp/750x0/props/001299240_1789128278738.jpg | https://images.aqar.fm/webp/750x0/props/001299249_1789128345015.jpg | https://images.aqar.fm/webp/750x0/props/001299247_1789128345003.jpg | https://images.aqar.fm/webp/750x0/props/001299249_1789128345047.jpg | https://images.aqar.fm/webp/750x0/props/001299245_1789128371102.jpg | https://images.aqar.fm/webp/750x0/props/001299249_1789128371110.jpg,8,طارق يحى حسن غنيم,,,2026-09-11,2026-09-11,2026-09-12,53,2026-09-20,True,"30,500,000",False,عمارة
6748664,https://sa.aqar.fm/عمائر-للبيع/مكة-المكرمة/حي-العكيشية/شارع-ابن-السوادي-حي-العكيشية-مكة-منطقة-مكة-المكرمة-6748664,"عمارة للبيع في شارع ابن السوادي, حي القشاشية الجديد, مدينة مكة المكرمة, منطقة مكة المكرمة",1500000,600,,,,0,حي العكيشية,مكة المكرمة,حي العكيشية,"بناء شخصي 
دور وشقة خلفية
يوجد تاسيس مصعد 
مدخل خاص للشقه الخلفية و الدور العلوي",21.226676311617233,39.833947519751,https://images.aqar.fm/webp/750x0/props/053594899_1782474596394.jpg | https://images.aqar.fm/webp/750x0/props/053594895_1782474596348.jpg | https://images.aqar.fm/webp/750x0/props/053594895_1782474596455.jpg | https://images.aqar.fm/webp/750x0/props/053594897_1782474596463.jpg | https://images.aqar.fm/webp/750x0/props/053594891_1782474596368.jpg | https://images.aqar.fm/webp/750x0/props/053594891_1782474596467.jpg | https://images.aqar.fm/webp/750x0/props/053594896_1782474596392.jpg | https://images.aqar.fm/webp/750x0/props/053594895_1782474596448.jpg | https://images.aqar.fm/webp/750x0/props/053594895_1782474632345.jpg | https://images.aqar.fm/webp/750x0/props/053594898_1782474632392.jpg | https://images.aqar.fm/webp/750x0/props/053594897_1782474632357.jpg | https://images.aqar.fm/webp/750x0/props/053594893_1782474632263.jpg | https://images.aqar.fm/webp/750x0/props/053594893_1782474632397.jpg | https://images.aqar.fm/webp/750x0/props/053594893_1782474632398.jpg | https://images.aqar.fm/webp/750x0/props/053594892_1782474632355.jpg | https://images.aqar.fm/webp/750x0/props/053594896_1782474632413.jpg | https://images.aqar.fm/webp/750x0/props/053594898_1782474659013.jpg | https://images.aqar.fm/webp/750x0/props/053594894_1782474659008.jpg | https://images.aqar.fm/webp/750x0/props/053594899_1782474659017.jpg | https://images.aqar.fm/webp/750x0/props/053594897_1782474658999.jpg | https://images.aqar.fm/webp/750x0/props/053594894_1782474659041.jpg | https://images.aqar.fm/webp/750x0/props/053594899_1782474658987.jpg | https://images.aqar.fm/webp/750x0/props/053594893_1782474659013.jpg | https://images.aqar.fm/webp/750x0/props/053594895_1782474659016.jpg,24,خالد بن سفر بن مرزوق المقاطي,,,2026-06-26,2026-06-26,2026-09-11,481,2026-09-20,True,"1,500,000",False,عمارة
6698496,https://sa.aqar.fm/عمائر-للبيع/مكة-المكرمة/حي-النزهة/شارع-الحارس-حي-النزهة-مدينة-مكة-المكرمة-منطقة-مكة-المكرمة-6698496,"عمارة للبيع في شارع الحارس, حي النزهة, مدينة مكة المكرمة, منطقة مكة المكرمة",4500000,525,,,,11,حي النزهة,مكة المكرمة,حي النزهة,"عماره للبيع واجهتين بجوار جامع مكونه من اربع ادوار وملحق ودور ارضي صاله كبيره خدمات وبدروم 
الدور الأول الى الرابع كل دور من شقتين 
الخامس ملحق شقة كاملة. وسطوح كبير.
مصعد
مؤجرة على مؤسسة ومستغلتها كمدرسة.
تبعد عن الحرم ربع ساعه بالسياره 
بالقرب من شارع الستين التجاري
عنوان الموقع الصحيح 
 https://maps.app.goo.gl/AezDX86hogiUG8Hn8?g_st=iw

للتواصل واتس اب",21.436924,39.785846,https://images.aqar.fm/webp/750x0/props/001427967_1778862766111.jpg | https://images.aqar.fm/webp/750x0/props/001427967_1778862766116.jpg | https://images.aqar.fm/webp/750x0/props/001427967_1778862766114.jpg | https://images.aqar.fm/webp/750x0/props/001427966_1778862766117.jpg,4,عبدالله احمد عبدالرحمن قزاز,,,2026-05-15,2026-05-16,2026-09-17,401,2026-09-20,True,"4,500,000",False,عمارة
6664089,https://sa.aqar.fm/عمائر-للبيع/مكة-المكرمة/حي-الراشدية/شارع-المسلة-حي-الشرائع-مكة-منطقة-مكة-المكرمة-6664089,"عمارة للبيع في شارع شارع المسلة, حي الشرائع, مدينة مكة المكرمة, منطقة مكة المكرمة",1600000,480,,,,11,حي الراشدية,مكة المكرمة,حي الراشدية,"للبيع عمارة سكنية مميزة (بناء ذاتي)

فرصة مميزة لامتلاك عمارة بحالة ممتازة، تم بناؤها بعناية فائقة وتحت إشراف هندسي كامل.

📍 تفاصيل العقار:

* عمارة مكونة من دورين + ملحق
* عمر العقار: 18 سنة
* البناء: شخصي (بجودة عالية)
* الحالة: ممتازة ولله الحمد
* سبب البيع: التملك الجديد

🧱 مكونات العمارة:

🔹 الدور الأرضي:

* 7 غرف
* صالة
* 3 دورات مياه

🔹 الدور الأول:

* شقتين
* كل شقة: 4 غرف + صالة + دورتين مياه

🔹 الملحق:

* غرفتين
* صالة
* دورة مياه

✨ المميزات:

* جميع الغرف واسعة (أقل غرفة بمساحة 4×5 متر)
* تشطيب مميز وعالي الجودة
* أرضيات سيراميك ممتازة وقابلة للتلميع
* تنفيذ البناء بإشراف هندسي دقيق
* خزانات مياه: أرضي + عدد 2 علوي
* جميع أعمال الكهرباء والإشراف الهندسي موثقة من بداية الإنشاء

📐 ملاحظات إضافية:

* مرفق كروكيات توضح إمكانية تقسيم الدور الأرضي والملحق إلى شقتين
* يوجد توضيح تفصيلي في الصور يبيّن توزيع أجزاء الشقق بشكل واضح
عداد لكل شقة 
عداد مياه 
خزانين منفصلة ارضية 
خزانين منفصلة علوية 
�",21.47566717725132,39.94716054045954,https://images.aqar.fm/webp/750x0/props/002484599_1776773247257.jpg | https://images.aqar.fm/webp/750x0/props/002484598_1776773247258.jpg | https://images.aqar.fm/webp/750x0/props/002484599_1776773247320.jpg | https://images.aqar.fm/webp/750x0/props/002484590_1776773247280.jpg | https://images.aqar.fm/webp/750x0/props/002484591_1776773247269.jpg | https://images.aqar.fm/webp/750x0/props/002484593_1776773247333.jpg | https://images.aqar.fm/webp/750x0/props/002484596_1776773247256.jpg | https://images.aqar.fm/webp/750x0/props/002484593_1776773385377.jpg,8,علي سعيد ابن ساعد الغامدي,,,2026-04-21,2026-04-21,2026-08-14,1580,2026-09-20,True,"1,600,000",False,عمارة
6813842,https://sa.aqar.fm/عمائر-للبيع/مكة-المكرمة/حي-الخضراء/شارع-البرج-حي-معاد-مدينة-مكة-المكرمة-منطقة-مكة-المكرمة-6813842,"عمارة للبيع في شارع البرج, حي معاد, مدينة مكة المكرمة, منطقة مكة المكرمة",3100000,900,,,,11,حي الخضراء,مكة المكرمة,حي الخضراء,"عمارة بحي الشرائع مخطط 3 داخل حد الحرم، بموقع مميز وقريب من الشارع العام.
📐 المساحة: 900 متر
📄 الصك: إلكتروني
📍 الموقع: ثالث قطعة من الشارع العام
 عرض الشارع: 20 متر

العمارة مكونة من 3 أدوار وملحق:
الدور الأول:
مكون من 3 شقق.
الدور الثاني:
مكون من 3 شقق، مؤجرة بالكامل ودخلها ممتاز.
الدور الثالث:
مكون من 3 شقق، ومنتهي من تأسيس أعمال:
* السباكة
* الكهرباء
* اللياسة
* أعمال الجبس
الملحق:
مكون من 9 غرف، ومنتهي من تأسيس أعمال:
* السباكة
* الكهرباء
* اللياسة
* أعمال الجبس
للتواصل والاستفسار ((الرقم يظهر عند الضغط على اتصال))",21.472095,39.935281,https://images.aqar.fm/webp/750x0/props/018834021_1787161514393.jpg,1,عبدالمجيد عادل,,,2026-08-10,2026-08-10,2026-09-17,260,2026-09-20,True,"3,100,000",False,عمارة
6659449,https://sa.aqar.fm/عمائر-للبيع/مكة-المكرمة/حي-العوالي/شارع-شارع-الصفوة-حي-العوالي-مدينة-مكة-المكرمة-منطقة-مكة-المكرمة-6659449,"عمارة للبيع في شارع شارع الصفوة, حي العوالي, مدينة مكة المكرمة, منطقة مكة المكرمة",4300000,900,,,,11,حي العوالي,مكة المكرمة,حي العوالي,"مبنى سكني للبيع

* المساحة: 900 م²
* الموقع: على شارع 25م (واجهة شرقية)
* المكونات: دورين، كل دور يحتوي على شقتين
* تفاصيل الشقق: كل شقة مكونة من خمس غرف مع كامل المرافق
* مميزات إضافية: فناء جانبي للمبنى
* الحالة الحالية: مؤجر بالكامل لإحدى الشركات لغرض سكن العاملات

عقار مميز بمواصفات عملية وموقع جيد، مناسب للاستثمار بعائد قائم",21.351955,39.893632,https://images.aqar.fm/webp/750x0/props/000990455_1776513097040.jpg,1,يوسف بن عبدالرحيم بن حسن المبعوث,,,2026-04-18,2026-09-10,2026-09-17,1101,2026-09-20,True,"4,300,000",False,عمارة
6848316,https://sa.aqar.fm/عمائر-للبيع/مكة-المكرمة/حي-بطحاء-قريش/حي-بطحاء-قريش-مكة-منطقة-مكة-المكرمة-6848316,"عمارة للبيع في شارع ابان بن سعيد رضى الله عنه, حي بطحاء قريش, مدينة مكة المكرمة, منطقة مكة المكرمة",5500000,542,,,,11,حي بطحاء قريش,مكة المكرمة,حي بطحاء قريش,"عمارة تجارية للبيع مفروشة بالكامل اثاث جديد والعمارة مجددة بالكامل 
عبارة عن ٦ شقق 
الشقة رقم ١ عبارة عن ٣ غرف و دورة مياة وصالة و مطبخ .
الشقة رقم ٢ عبارة عن غرفة نوم وحمام
الشقة رقم ٣ عبارة عن ٤ عرف نوم و صالة و مطبخ وحمامين 
الشقة رقم ٤ عبارة عن ٤ غرف نوم وصالة ومطبخ وحمامين 
شقة رقم ٥ عبارة عن غرفتين نوم وصالة ومطبخ وحمامين
شقة رقم ٦ عبارة عن غرفتين نوم وصالة ومطبخ وحمامين 
ويوجد بدروم بمساحة ١٠٠ متر .
و ٤ دكاكين",21.362328,39.830253,https://images.aqar.fm/webp/750x0/props/005995785_1788099317889.jpg | https://images.aqar.fm/webp/750x0/props/005995789_1788099317894.jpg | https://images.aqar.fm/webp/750x0/props/005995784_1788099317975.jpg | https://images.aqar.fm/webp/750x0/props/005995782_1788099317975.jpg | https://images.aqar.fm/webp/750x0/props/005995787_1788099317892.jpg | https://images.aqar.fm/webp/750x0/props/005995786_1788099318078.jpg | https://images.aqar.fm/webp/750x0/props/005995783_1788099318167.jpg,7,عبدالرحمن غلاب بن علي المالكي,,,2026-08-30,2026-08-30,2026-09-15,97,2026-09-20,True,"5,500,000",False,عمارة
6863347,https://sa.aqar.fm/عمائر-للبيع/مكة-المكرمة/حي-الجامعة/شارع-الايمان-حي-الجامعة-مدينة-مكة-المكرمة-منطقة-مكة-المكرمة-6863347,"عمارة للبيع في شارع الايمان, حي الجامعة, مدينة مكة المكرمة, منطقة مكة المكرمة",18000000,674,,,,11,حي الجامعة,مكة المكرمة,حي الجامعة,"فرصة استثمارية استثنائية للبيع

عمارة استثمارية بموقع حيوي ومميز في مكة المكرمة - حي العزيزيه الجنوبي بالقرب من إشارة عبداللّه الخياط، مجهزة بالكامل ومعدة للاستثمار في موسم الحج وتشغيلها على مدار العام 

تفاصيل العقار:
• المساحة: 675 متر مربع.
• الواجهة: شارع واحد (شارع الإيمان).
• مساحة البناء حول 3500
عمر العقار 11 سنه
• عدد الغرف: 65 غرفة مجهزة ومقسمة بعناية لاستيعاب أكبر عدد من النزلاء.
٠ عدد ٢ مصعد متسوبيشي 
٠ اثنين مخرج طوارئ 
. متوفر فيها كافة تجهيزات الدفاع المدني ومستلزمات الحج 
• الاستخدام السابق: كانت تُشغّل في موسم الحج فقط.

• تشغيل مستمر طوال العام: إمكانية رفع العائد الاستثماري من خلال تشغيلها طوال الـ 12 شهراً .

• موقع استراتيجي: قربها من شارع الملك خالد ومحطة الباصات 
• جاهزية عالية: توفر على المشتري تكاليف التأسيس والتجهيز، وجاهزة للتشغيل المباشر لتحقيق عائد سريع.",21.396534,39.870691,https://images.aqar.fm/webp/750x0/props/044343927_1788836171617.jpg,1,محمد عدنان,,,2026-09-08,2026-09-08,2026-09-12,38,2026-09-20,True,"18,000,000",False,عمارة
6538630,https://sa.aqar.fm/عمائر-للبيع/مكة-المكرمة/حي-الشوقية/شارععبدالله-بن-ثعلبه-الخزرج-حي-الشوقية-مكة-منطقة-مكة-المكرمة-6538630,"عمارة للبيع في شارع شارع عبدالله بن ثعلبه الخزرج, حي الشوقية, مدينة مكة المكرمة, منطقة مكة المكرمة",4200000,660,,,,1,حي الشوقية,مكة المكرمة,حي الشوقية,"عمارة سكنية قائمة للبيع في حي الشوقية بمخطط 64/7/1/أ المعتمد، 
تقع على شارع جنوبي عرض 15 متراً. تتكوّن من أربعة أدوار مع سطح. الدور الأرضي يضم مواقف سيارات وغرفة حارس وينقصه دهان الجرافيت. 
الدوران الأول والثاني منجزة فيهما أعمال السباكة والكهرباء والتكييف، وينقصهما الجبس والدهان والبلاط والشبابيك، ويحتوي كل دور على شقتين. الدور الثالث يضم شقتين بتشطيب فاخر ونظام سماعات. السطح يحتوي على دورتين مياه ويحتاج تشطيب. 
العمارة بنظام تمليك كامل بعدادات كهرباء وخزانات أرضية مستقلة (12 خزانات فعلياً). توجد إمكانية لبناء دور إضافي وملحق. 
السعر 4,500,000 ريال،
 ويمكنكم مشاهدة الفيديو والصور عبر الرابط التالي : https://photos.app.goo.gl/vDtWTw2UmGSBRfTf6      
أو بمسح الباركود المرفق بالصور .
----------------------------
موقع العقار :  MDSB3704 3704, شارع عبدالله بن ثعلبه الخزرج 24351 6706, حي الشوقية مكة المكرمة http://www.google.com/maps/place/21.37698501,39.7999189 

MDSB3704:عنوان العقار الوطني",21.376997920099985,39.79991427645902,https://images.aqar.fm/webp/750x0/props/035385578_1767869144951.jpg | https://images.aqar.fm/webp/750x0/props/035385571_1767869156523.jpg | https://images.aqar.fm/webp/750x0/props/035385579_1782089769077.jpg,3,ريان عصام سفرعلى حريري,,,2026-01-08,2026-01-08,2026-09-17,593,2026-09-20,True,"4,200,000",False,عمارة
6750072,https://sa.aqar.fm/عمائر-للبيع/مكة-المكرمة/حي-الهجرة/شارع-الفرقان-حي-كدي-مدينة-مكة-المكرمة-منطقة-مكة-المكرمة-6750072,"عمارة للبيع في شارع الفرقان, حي كدي, مدينة مكة المكرمة, منطقة مكة المكرمة",10000000,1000,,,,11,حي الهجرة,مكة المكرمة,حي الهجرة,"عمارة تجارية للبيع
- مساحة الارض ١٠٠٠ متر 
- الضلاع ٢٥ متر X ٤٠ متر
- عرض الشارع ٤٠ متر 

- مقام عليها عماره مكونه من بدروم و ٣ ادوار ( عمر العماره تقريباً ٣٠ سنه)

- يمكن استخراج تصريح لبناء:
فندق ١١ دور او شقق تمليك ٨ ادوار

- ⁠تم تجديد العماره بالكامل قبل سنه بمبلغ ٥٥٠،٠٠٠ ريال
- ⁠مؤجر بشيك واحد ١١٠،٠٠٠ ريال/ السنه


- ⁠المطلوب ١٠،٠٠٠،٠٠٠ ريال 


- الوكيل/ 542239008",21.387595,39.83671,https://images.aqar.fm/webp/750x0/props/007783223_1782580004235.jpg,1,مروان عبدالله,,,2026-06-27,2026-08-25,2026-09-19,207,2026-09-20,True,"10,000,000",False,عمارة
6868998,https://sa.aqar.fm/عمائر-للبيع/مكة-المكرمة/حي-الجميزة/شارع-346-الخنساء-حي-ريع-اذاخر-مدينة-مكة-المكرمة-منطقة-مكة-المكرمة-6868998,"عمارة للبيع في شارع 346 الخنساء, حي ريع اذاخر, مدينة مكة المكرمة, منطقة مكة المكرمة",23000000,193,,,,11,حي الجميزة,مكة المكرمة,حي الجميزة,"فرصة استثمارية بامتياز  العقار في موقع استراتيجي قريب من الحرم وسيدا 
خلف امانة العاصمة",21.442067,39.8371,https://images.aqar.fm/webp/750x0/props/014841992_1789124978054.jpg | https://images.aqar.fm/webp/750x0/props/014841996_1789124978048.jpg | https://images.aqar.fm/webp/750x0/props/014841992_1789124978046.jpg | https://images.aqar.fm/webp/750x0/props/014841991_1789124977926.jpg | https://images.aqar.fm/webp/750x0/props/014841995_1789124978047.jpg | https://images.aqar.fm/webp/750x0/props/014841997_1789124978051.jpg | https://images.aqar.fm/webp/750x0/props/014841992_1789124978062.jpg | https://images.aqar.fm/webp/750x0/props/014841992_1789124978127.jpg | https://images.aqar.fm/webp/750x0/props/014841996_1789125027589.jpg,9,احلام بنت البشير بن عبدالقادر السيد,,,2026-09-11,2026-09-11,2026-09-11,39,2026-09-20,True,"23,000,000",False,عمارة
6793855,https://sa.aqar.fm/عمائر-للبيع/مكة-المكرمة/حي-الاندلس/شارع-220-جبل-السيدة-حي-الأندلس-مدينة-مكة-المكرمة-منطقة-مكة-المكرمة-6793855,"عمارة للبيع في شارع 220 جبل السيدة, حي الأندلس, مدينة مكة المكرمة, منطقة مكة المكرمة",1500000,192,,,,11,حي الاندلس,مكة المكرمة,حي الاندلس,"الأرضي

* محل + غرفة بحمام.
* شقة: غرفتان + حمام + مطبخ.

الدور الأول

* شقة واحدة.
* 3 غرف + 2 حمام + صالة كبيرة + مطبخ.

الدور الثاني

* شقتان.
* كل شقة: غرفتان + حمام + مطبخ.

الدور الثالث

* شقتان.
* كل شقة: غرفتان + حمام + مطبخ.

⸻

العمارة الثانية

* 5 شقق.
* 5 أدوار.

الأرضي

* غرفتان + حمام + مطبخ.

الأدوار المتكررة (4 شقق)

* كل شقة: غرفتان + 2 حمام + مطبخ",21.442896,39.82006,https://images.aqar.fm/webp/750x0/props/015081314_1785218926592.jpg | https://images.aqar.fm/webp/750x0/props/015081311_1785218926589.jpg | https://images.aqar.fm/webp/750x0/props/015081315_1785218926579.jpg,3,الوليد خالد,,,2026-07-28,2026-08-26,2026-09-14,160,2026-09-20,True,"1,500,000",False,عمارة
6833918,https://sa.aqar.fm/عمائر-للبيع/مكة-المكرمة/حي-الشوقية/شارع-نصر-بن-الحارث-بن-كعب-حي-الشوقية-مدينة-مكة-المكرمة-منطقة-مكة-المكرمة-6833918,"عمارة للبيع في شارع نصر بن الحارث بن كعب, حي الشوقية, مدينة مكة المكرمة, منطقة مكة المكرمة",5700000,620,,,,8,حي الشوقية,مكة المكرمة,حي الشوقية,"السلام عليكم ورحمة الله وبركاته 🔘
حياكم الله ومرحبا ومسهلا
🔘ابوهلا للعقارات والتسويق🔘
حياكم الله عملاء حمدان الزهراني مجدداً :
رقم الرخصه
1100077867

العرض 📍مكة المكرمة حي الخالديه 
عمارة للبيع 6 ادوار كل دور شقة ٦ غرف
مساحة العماره 620 م

واجهة جنوبية، واجهتها حجر، 
بناء شخصي، ، تشطيب مميز، 
يوجد مسبح 🏊 
ويوجد مصعدين 
ويوجد الأثاث. بالتثمين غير سعر العمارة لمن لديه رغبة 


 عرض الشارع 15 متر  عمر العقار ٨ سنوات ،



_______________
المطلوب ✅✅

5 مليون و700 الف


للتواصل والاستفسار والعرض والطلب
((الرقم يظهر عند الضغط على اتصال))
((الرقم يظهر عند الضغط على اتصال))
👇🏻👇🏻
تنبيه هام:
اتقوا الله واحفظوا الحقوق، وأي نشر أو تسويق أو نقل لإعلاني دون الرجوع إليّ فأُشهد الله أن السعي والعمولة في ذمتكم أمام الله، ولا أُحلل استخدام الإعلان أو تداوله إلا بعد أخذ الإذن مني",21.386981,39.79329,https://images.aqar.fm/webp/750x0/props/006925224_1787279370784.jpg,1,حمدان الزهراني,,0,2026-08-21,2026-08-21,2026-09-18,136,2026-09-20,True,"5,700,000",False,عمارة
6640344,https://sa.aqar.fm/عمائر-للبيع/مكة-المكرمة/حي-العمرة-الجديدة/شارع-1-العمرة-حي-العمرة-الجديدة-مكة-منطقة-مكة-المكرمة-6640344,"عمارة للبيع في حي العمرة, مدينة مكة المكرمة, منطقة مكة المكرمة",1100000,803,,,,10,حي العمرة الجديدة,مكة المكرمة,حي العمرة الجديدة,"للبيع عمارة (دور وشقق) - شغل شخصي 🏠
العمارة تصميمها مريح للسكن ، وهذا تفصيلها:
• الدور الأرضي: دور كامل مستقل بمدخل خاص، وحوش واسع وشرح، وفيه مدخل سيارة وصالة كبيرة.
• الدور الأول: شقتين  مؤسسة سباكة وكهرباء بمدخل خاص، كل شقة فيها 3 غرف ومطبخ وحمامين. (فرصة تشطبها على ذوقك وتأجرها).
• الملحق: ملحق واسع 3 غرف، وفيه غرفة رابعة بدون سقف (تصلح جلسة خارجية أو حديقة علوية)، وله سطح خاص غير السطح اللي فوقه.
المميزات:
• فيها تأسيس مصعد جاهز لجميع الأدوار.
• مداخل الشقق مستقلة تماماً للي يبي خصوصية أو تأجير.
• مساحات خارجية متميزة (حوش وأسطح متعددة).
الوضع المالي:
عليها رهن للصندوق العقاري بمبلغ (300 ألف ريال)، والبيع يكون بسداد الرهن وفكه، والباقي للمالك عند الإفراغ.
للتواصل والاستفسار:",21.58810799768764,39.78666329291387,https://images.aqar.fm/webp/750x0/props/012220817_1775244612116.jpg | https://images.aqar.fm/webp/750x0/props/012220817_1775244612238.jpg | https://images.aqar.fm/webp/750x0/props/012220816_1775244612007.jpg | https://images.aqar.fm/webp/750x0/props/012220810_1775244612021.jpg | https://images.aqar.fm/webp/750x0/props/012220811_1775244612020.jpg | https://images.aqar.fm/webp/750x0/props/012220813_1775244612077.jpg | https://images.aqar.fm/webp/750x0/props/012220814_1775244612008.jpg | https://images.aqar.fm/webp/750x0/props/012220817_1775244612009.jpg,8,سالم بن فرج بن سالم المجنوني,,,2026-04-03,2026-04-22,2026-09-17,1268,2026-09-20,True,"1,100,000",False,عمارة
6768209,https://sa.aqar.fm/عمائر-للبيع/مكة-المكرمة/حي-الخضراء/شارع-مؤتة-حي-معاد-مدينة-مكة-المكرمة-منطقة-مكة-المكرمة-6768209,"عمارة للبيع في شارع مؤتة, حي معاد, مدينة مكة المكرمة, منطقة مكة المكرمة",4200000,900,,,,11,حي الخضراء,مكة المكرمة,حي الخضراء,"عماره بمكة المكرمة في حي الشرائع 
مكونه من دورين يوجد بها سبع شقق 
وخمس محلات تجاريه 
العماره مرممه من سباكة وكهرباء وبويات 
العماره كانت عليها سوم في السابق ٦ مليون و٣٠٠ الف 

حاليا سوم من رجال صااامل ب ٤ مليون صافي ورفض المالك 
الحد نهائي ب ٤ مليون و ٢٠٠ الف",21.469533,39.938981,https://images.aqar.fm/webp/750x0/props/023147518_1783711189247.jpg,1,محمد عبدالرحمن سعد الزير,,,2026-07-10,2026-09-07,2026-09-12,406,2026-09-20,True,"4,200,000",False,عمارة
6869724,https://sa.aqar.fm/عمائر-للبيع/مكة-المكرمة/حي-الحمراء-و-ام-الجود/شارع-الحجاج-بن-خلي-السلفي-رضي-الله-عنه-حي-أم-الجود-مدينة-مكة-المكرمة-منطقة-مكة-المكرمة-6869724,"عمارة للبيع في شارع الحجاج بن خلي السلفي رضي الله عنه, حي أم الجود, مدينة مكة المكرمة, منطقة مكة المكرمة",3100000,516,,,,11,حي الحمراء و ام الجود,مكة المكرمة,حي الحمراء و ام الجود,"عمارة دورين و ملحق على شارعين قريبه من طريق مكة جدة السريع
الدور الأرضي مفتوح ٦ غرف ٤ حمامات و صالة و مطبخ 
الدور الأول شقتين مفتوحه على بعض مع الملحق جاهزة لياسة و شبابيك و حلوق ابوب و جزء من البلاط و بعض الحمامات",21.404741,39.716045,https://images.aqar.fm/webp/750x0/props/003377379_1789160168448.jpg | https://images.aqar.fm/webp/750x0/props/003377374_1789160168490.jpg | https://images.aqar.fm/webp/750x0/props/003377374_1789160168469.jpg | https://images.aqar.fm/webp/750x0/props/003377373_1789160168479.jpg | https://images.aqar.fm/webp/750x0/props/003377372_1789160168475.jpg | https://images.aqar.fm/webp/750x0/props/003377372_1789160168465.jpg | https://images.aqar.fm/webp/750x0/props/003377374_1789160168481.jpg,7,علي سعد علي الشيخي,,,2026-09-11,2026-09-11,2026-09-11,95,2026-09-20,True,"3,100,000",False,عمارة
6850078,https://sa.aqar.fm/عمائر-للبيع/مكة-المكرمة/حي-الشوقية/شارع-أروي-بنت-المقوم-الهاشمية-حي-الشوقية-مدينة-مكة-المكرمة-منطقة-مكة-المكرمة-6850078,"عمارة للبيع في شارع أروي بنت المقوم الهاشمية, حي الشوقية, مدينة مكة المكرمة, منطقة مكة المكرمة",3500000,728,,,,11,حي الشوقية,مكة المكرمة,حي الشوقية,"فرصة استثمارية وتطويرية في حي الشوقية – مكة المكرمة

للبيع عمارة تجارية سكنية على شارع تجاري بعرض 30م في موقع حيوي بحي الشوقية، مناسبة للمستثمر أو المطور العقاري الباحث عن أصل عقاري في منطقة ذات كثافة سكانية ونشاط تجاري.

تفاصيل العقار:
• مساحة الأرض: 728م²
• الأبعاد: 28م × 26م
• الواجهة: غربية
• عرض الشارع: 30م
• رقم القطعة: 1273
• رقم المخطط: 1 / 29 / 8
• المبنى الحالي: دورين + بدروم
• عدد الشقق: 4 شقق
• كل شقة: 5 غرف + صالة + مطبخ + دورتين مياه
• عمر العقار: 30 سنة

لماذا العقار فرصة للمستثمر؟

يقع العقار على شارع تجاري وفي موقع حيوي بحي الشوقية تحيط به الأنشطة التجارية والخدمية، مما يمنحه ميزة جيدة للاستثمار والتطوير مستقبلاً.

كما أن مساحة الأرض 728م² والواجهة على شارع بعرض 30م تفتح خيارات متعددة للاستفادة من الموقع وإعادة تطوير العقار بما يتوافق مع الأنظمة والاشتراطات المعتمدة.

فرصة مناسبة للمطورين العقاريين الراغبين في الاستفادة من الموقع لإقامة مشروع تجاري سكني يجمع بين المحلات التجارية والوحدات السكنية.",21.387186,39.789926,https://images.aqar.fm/webp/750x0/props/038617524_1788154388474.jpg | https://images.aqar.fm/webp/750x0/props/038617522_1788154388471.jpg | https://images.aqar.fm/webp/750x0/props/038617527_1788154388471.jpg | https://images.aqar.fm/webp/750x0/props/038617523_1788154388482.jpg,4,سعود عوض,,,2026-08-31,2026-08-31,2026-09-17,57,2026-09-20,True,"3,500,000",False,عمارة
6808729,https://sa.aqar.fm/عمائر-للبيع/مكة-المكرمة/حي-الجميزة/شارع-26الجميزة2-حي-الجميزة-مدينة-مكة-المكرمة-منطقة-مكة-المكرمة-6808729,"عمارة للبيع في شارع 26الجميزة2, حي الجميزة, مدينة مكة المكرمة, منطقة مكة المكرمة",25000000,98,,,,11,حي الجميزة,مكة المكرمة,حي الجميزة,"فرصة استثمارية مميزة للبيع في مكة المكرمة – حي المعابدة (الجعفرية)

📍 الموقع: المعابدة – الجعفرية، خلف عمائر الأشراف.

🏢 مواصفات العقار:

* مساحة الأرض: 98 م²
* يتكون من:
    * دور أرضي
    * 4 أدوار متكررة
    * ملحق علوي
* عدد 22 غرفة، جميعها بدورات مياه مستقلة.
* محلات تجارية على الشارع، توفر دخلاً إضافيًا وفرصة استثمارية متميزة.

✅ العقار مناسب للاستثمار السكني أو التشغيلي، ويقع في موقع حيوي قريب من الخدمات والمرافق، مما يجعله خيارًا مثاليًا للراغبين في تحقيق عائد استثماري مستقر.


للاستفسار أو ترتيب موعد للمعاينة، يرجى التواصل على الخاص أو عبر رقم الاتصال.",21.437082,39.830582,https://images.aqar.fm/webp/750x0/props/003982243_1786011438779.jpg | https://images.aqar.fm/webp/750x0/props/003982246_1786011438707.jpg | https://images.aqar.fm/webp/750x0/props/003982241_1786011438702.jpg | https://images.aqar.fm/webp/750x0/props/003982244_1786011438710.jpg,4,نايف جمعان,,,2026-08-06,2026-09-04,2026-09-14,257,2026-09-20,True,"25,000,000",False,عمارة
6802605,https://sa.aqar.fm/عمائر-للبيع/مكة-المكرمة/حي-الرصيفة/شارع-الحارث-بن-زياد-الانصاري-حي-الرصيفة-مدينة-مكة-المكرمة-منطقة-مكة-المكرمة-6802605,"عمارة للبيع في شارع الحارث بن زياد الانصاري, حي الرصيفة, مدينة مكة المكرمة, منطقة مكة المكرمة",5000000,675,,,,11,حي الرصيفة,مكة المكرمة,حي الرصيفة,"العقارات اللامحدوده تتشرف بعرض عقار للبيع
منطقة عمائر خمس أدوار ترخيص سكني

و العفو من الوسطاء العرض للمشترين فقط

عمر العقار أكثر من 20 سنة وتم تجديده قبل 10 سنوات
له دخل 180 ألف ريال مع إمكانية زيادة الدخل إلى 200 ألف أو أكثر

مكون أربع أدوار وملحق

المساحة : 675 م2
شمالا  وجنوبا : بعرض 27 م
شرقا: بعرض 25 م + شارع 15 م على حرف T
غربا : بعرض 25 م

المطلوب الحالي 5 مليون للمالك

و العفو من الوسطاء العرض للمشترين فقط",21.404595,39.785025,https://images.aqar.fm/webp/750x0/props/012912625_1785699428607.jpg,1,ايمن عقيل,,,2026-08-02,2026-09-01,2026-09-19,99,2026-09-20,True,"5,000,000",False,عمارة
6835113,https://sa.aqar.fm/عمائر-للبيع/مكة-المكرمة/حي-الاندلس/شارع-226-جبل-السيدة-حي-الأندلس-مدينة-مكة-المكرمة-منطقة-مكة-المكرمة-6835113,"عمارة للبيع في شارع 226 جبل السيدة, حي الأندلس, مدينة مكة المكرمة, منطقة مكة المكرمة",800000,167,,,,11,حي الاندلس,مكة المكرمة,حي الاندلس,"*مكة المكرمة*  🕋

* عقار (1): *عمارة سكنية للبيع* 🏬

📍الموقع: حي العتيبية - شارع الاندلس
📐 المساحة: 167.83 متر مربع مكونه من :-
3 ادوار
6 شقق
17 غرفة
كل شقة بصالة ومطبخ و 2 دورة مياه
متوفر خدمة 🚰*الماء* 🔌 *والكهرباء.*
متوفر مواقف مجانية بجوار العقار.

✨ يتميز العقار بقربه من :- 
- جامع عباد بن ناشي بمسافة (40) متر 
- قريب من سوق العتيبية بمسافة (200) متر
- قريب من سوبرماركت النوري بسافة (150) متر
- يبعد عن المسجد الحرام بمسافة (2) كيلو متر
- قريب من مطل جبل السيدة بمسافة (500) متر


 للتواصل /
📞 رقم الجوال : 0555543194
🔖 رقم رخصة فال: 1100039720
📜 رقم ترخيص الاعلان: 7100313046

⏫ **",21.443257,39.820806,https://images.aqar.fm/webp/750x0/props/003765754_1787396095021.jpg | https://images.aqar.fm/webp/750x0/props/003765758_1787396095099.jpg | https://images.aqar.fm/webp/750x0/props/003765750_1787396095023.jpg | https://images.aqar.fm/webp/750x0/props/003765751_1787396094960.jpg,4,مازن احمد بن جابر الجودي,,,2026-08-22,2026-08-22,2026-09-19,75,2026-09-20,True,"800,000",False,عمارة
6847347,https://sa.aqar.fm/عمائر-للبيع/مكة-المكرمة/حي-الراشدية/شارع-لقمان-حي-الشرائع-مدينة-مكة-المكرمة-منطقة-مكة-المكرمة-6847347,"عمارة للبيع في شارع لقمان, حي الشرائع, مدينة مكة المكرمة, منطقة مكة المكرمة",2150000,650,,,,11,حي الراشدية,مكة المكرمة,حي الراشدية,"عماره للبيع داخل حد الحرم

الدور الاول/ شقتين كل شقة ٤ غرف و٣ دورات مياه ومطبخ وصاله

الدور الثاني/ شقتين كل شقة ٥ غرف و٣ دورات مياه ومطبخ وصاله

السطح/غرفة ماستر بدورة ماياه داخليخ",21.473238,39.942516,https://images.aqar.fm/webp/750x0/props/045743133_1759059600074.jpg | https://images.aqar.fm/webp/750x0/props/045743139_1759059939044.jpg | https://images.aqar.fm/webp/750x0/props/045743133_1759059939050.jpg,3,سعود مشعل بن محمد القرشي,,,2026-08-29,2026-08-29,2026-08-31,125,2026-09-20,True,"2,150,000",False,عمارة
6847019,https://sa.aqar.fm/عمائر-للبيع/مكة-المكرمة/حي-العمرة-الجديدة/شارع-البحيري-حي-العمرة-مدينة-مكة-المكرمة-منطقة-مكة-المكرمة-6847019,"عمارة للبيع في شارع البحيري, حي العمرة, مدينة مكة المكرمة, منطقة مكة المكرمة",1500000,443,,,,11,حي العمرة الجديدة,مكة المكرمة,حي العمرة الجديدة,"عمارة للبيع مكونة من خمس شقق مساحة الأرض 443 متر 
على شارعين  شمالي عرض  ١٥ متر غربي عرض ١٥ متر 
يوجد عداد كهرب خاص بكل شقة
عداد مياة واحد للعمارة كاملة يشمل الصرف الصحي
متوفر تأسيس مصعد 
الحي مكتمل الخدمات 
الدور الأول مكون من:
شقتين مكونة من 4 غرف ومطبخ ودورتين مياة الاولى مؤجرة ب  15.6 الف  والشقة الثانية  مؤجرة ب 12 الف 
الدور الثاني شقتين شقة خمس غرف وشقة 4 غرف ودورتين مياة ومطبخ
كل شقة مؤجرة ب 18 الف  
الملحق  مكون من شقة 4 غرف ومطبخ ودورتين مياة مؤجر ب 12 الف 

اجمالي الدخل السنوي 81600  ريال

المطلوب  مليون ونصف صافي غير شامل السعي والضريبة

التواصل عبر تطبيق عقار او واتس فقط 


رخصة فال 1100284765",21.574097,39.775638,https://images.aqar.fm/webp/750x0/props/014808713_1788011643129.jpg | https://images.aqar.fm/webp/750x0/props/014808717_1788011643138.jpg,2,عبدالرحمن ابراهيم,,,2026-08-29,2026-08-29,2026-09-19,151,2026-09-20,True,"1,500,000",False,عمارة
6874600,https://sa.aqar.fm/عمائر-للبيع/مكة-المكرمة/حي-الملك-فهد/شارع-حلة-الطواهرة-حي-الملك-فهد-مكة-منطقة-مكة-المكرمة-6874600,"عمارة للبيع في شارع حله الطواهره, حي البساتين, مدينة مكة المكرمة, منطقة مكة المكرمة",7500000,744,,,,0,حي الملك فهد,مكة المكرمة,حي الملك فهد,"عمارة مكونة من 3 ادوار وملحق
واجهتين جاية في ركنية على شوارع 15 م
الدور الارضي مشطب وعليه كهرباء 
يوجد 3 عدادات كهرباء لشقتين وخدمات
خزان ارضي جاهز 
بيارة جاهزة
كل دور شقتين من 5 غرف
مساحة الغرف واسعة
صالة كبيرة 7 في 5
موقع مميز قريب من الدائري الرابع وطريق جدة والصالة الاقتصادية والمول الجديد الهدى بارك اكبر مول في مكة
يبعد عن محطة القطار 8 دقائق 
يبعد عن الحرم 15 دقيقة 
حي هادئ بعيد عن الازعاج 
قريبا سيفتح طريق الامير نايف ويتصل بالزايدي ومخطط عمل كوبري فوق مسار القطار ويربط مخطط الهدى بمخطط البوابة والزائدي
الدور الأخير  الملاحق مهي مسقفة 
العمارة تحتاج اقل 800 الف لتشطيب باقي الادوار وسقف السطح
البيع من المالك مباشرة",21.39592,39.755924,https://images.aqar.fm/webp/750x0/props/000646061_1789407407761.jpg | https://images.aqar.fm/webp/750x0/props/000646063_1789407268265.jpg | https://images.aqar.fm/webp/750x0/props/000646064_1789407268265.jpg | https://images.aqar.fm/webp/750x0/props/000646060_1789407268264.jpg | https://images.aqar.fm/webp/750x0/props/000646065_1789407268264.jpg | https://images.aqar.fm/webp/750x0/props/000646066_1789407869717.jpg | https://images.aqar.fm/webp/750x0/props/000646069_1789407869713.jpg | https://images.aqar.fm/webp/750x0/props/000646069_1789407869715.jpg | https://images.aqar.fm/webp/750x0/props/000646064_1789407869715.jpg | https://images.aqar.fm/webp/750x0/props/000646064_1789408081060.jpg | https://images.aqar.fm/webp/750x0/props/000646064_1789408408797.jpg,11,يسن محمد محمدسعيد الاحمدي,,,2026-09-14,2026-09-14,2026-09-18,23,2026-09-20,True,"7,500,000",False,عمارة
6811874,https://sa.aqar.fm/عمائر-للبيع/مكة-المكرمة/حي-الشوقية/شارع-اسلم-الطائي-حي-ولي-العهد-مكة-منطقة-مكة-المكرمة-6811874,"عمارة للبيع في شارع معالي ابراهيم عبدالله العنقري, حي المحمدية, مدينة مكة المكرمة, منطقة مكة المكرمة",2500000,650,,,,11,حي الشوقية,مكة المكرمة,حي الشوقية,"عمارة مكونة من بدروم ودورين 
أرضي شقتين مفتوحة على بعض ممكن فصلها 
شقة من غرفتين مفتوحة على بعض استخدام مجلس
وغرفتين نوم و دورتين مياه وصاله كبيرة ومسبح
والشقة الثانية من غرفتين مفتوحة على بعض استخدام مجلس وثلاث غرف نوم وصالة صغيرة و دورتين مياه
ومطبخ كبير جدا مفتوح على الشقتين ( وصف الدور الأرضي) 
الدور الأول 
شقتين كل شقة من 5 غرف و دورتين مياه وصاله
العمارة أساسات 4 أدوار
العمارة على واجهتين شارع, 24م وشارع 15م
عمر العمارة 20سنه
درجة ثانية من شارع 60م
حي السبهاني نهاية ممشى الشوقية القديم
متوفر جميع خدمات الماء والصرف",21.360694503801838,39.78525960474306,https://images.aqar.fm/webp/750x0/props/020257344_1786223663723.jpg | https://images.aqar.fm/webp/750x0/props/020257345_1786223663716.jpg | https://images.aqar.fm/webp/750x0/props/020257342_1786223663735.jpg,3,عرفان بن محمدالطاف بن معراج الدين بت,,,2026-08-08,2026-08-09,2026-08-08,245,2026-09-20,True,"2,500,000",False,عمارة
6870383,https://sa.aqar.fm/عمائر-للبيع/مكة-المكرمة/حي-الزاهر/شارع-قصر-الضيافة-حي-الزاهر-مدينة-مكة-المكرمة-منطقة-مكة-المكرمة-6870383,"عمارة للبيع في شارع قصر الضيافة, حي الزاهر, مدينة مكة المكرمة, منطقة مكة المكرمة",9000000,500,,,,11,حي الزاهر,مكة المكرمة,حي الزاهر,"العماره الاولى
الارض على شارعين 1000 متر بصكين اكتروني كل صك بمساحة 500 م عليها عماره من  6 أ دوار
 بدروم بمساحة  العماره 
غرفة حارس   مطبخ حمام وغرفه وامامها  شقه صغيره من  مطبخ وحمام وغرف 
5 أدوار مكونه من 3 شقق 
شقتين مطله على الشارع العام 
وشقه  كامله مطله عل الشارع الخلفي  حق المخطط والدور السادس شقه واحد مكونه من  4 غرف وصاله  و دورات مياه 2 ومطبخ

اما الشقتين المطله عل الشارع  العام مكونه كل شقه من 5 غرف  3 دورات مياه مطبخ بلاكونه صاله 
الشقه  المقابله للشقتين  6 غرف ثلاث حمامات صاله بلكونه 
عدد الشقق  مع غرفة الحارس 18
يوجد سطحين 
وفي واجهة العماره عل الشارع العام  يوجد عدد 2 معارض
مصعد 1
يوجد مكتب بجانب مدخل العماره 
وغرفة كهرباء

الدخل 
580،000

المطلوب 9 مليون صافي",21.440079,39.791391,https://images.aqar.fm/webp/750x0/props/001365453_1789220465208.jpg | https://images.aqar.fm/webp/750x0/props/001365455_1789220465208.jpg,2,عبدالرحمن الحربي,,,2026-09-12,2026-09-12,2026-09-12,31,2026-09-20,True,"9,000,000",False,عمارة
6754767,https://sa.aqar.fm/عمائر-للبيع/مكة-المكرمة/حي-العوالي/شارع-عبد-الفتاح-راوه-حي-العوالي-مدينة-مكة-المكرمة-منطقة-مكة-المكرمة-6754767,"عمارة للبيع في شارع عبد الفتاح راوه, حي العوالي, مدينة مكة المكرمة, منطقة مكة المكرمة",5000000,690,,,,10,حي العوالي,مكة المكرمة,حي العوالي,"🏆 فرصة استثمارية مميزة – عمارة سكنية للبيع

📍 مكة المكرمة – حي العوالي

فرصة نادرة لامتلاك عمارة سكنية في أحد أكثر أحياء مكة المكرمة طلبًا، تتميز بموقعها على شارعين، وعائد استثماري قابل للنمو مع إمكانية رفع الدخل عند تأجير جميع الوحدات.

📐 تفاصيل العقار

🔹 الموقع: حي العوالي – مكة المكرمة
🔹 مساحة الأرض: 690 م²
🔹 الواجهة: على شارعين عرض 15 متر
🔹 عدد الوحدات: 5 شقق سكنية

💰 العائد الاستثماري

✅ الدخل الحالي: 100,000 ريال سنويًا
(نتيجة تأجير 3 شقق فقط)

✅ الشقتان المتبقيتان يشغلهما المالك حاليًا

📈 الدخل المتوقع عند تأجير جميع الشقق:
حوالي 200,000 ريال سنويًا

💵 سعر البيع

5,000,000 ريال

📋 بيانات الإعلان

رقم الإعلان: 7100293593

📍 رابط الموقع:
https://maps.app.goo.gl/UTc1ZePYMiS1RdrXA?g_st=iw
---
✨ مميزات العقار

- موقع مميز في حي راقٍ ومكتمل الخدمات.
- واجهتان على شارعين 15 متر، مما يعزز القيمة الاستثمارية.
- مناسب للاستثمار طويل الأجل وتحقيق دخل سنوي مستقر.
- إمكانية زيادة العائد مباشرة عند تأجير الوحدتين الشاغرتين.

📞 للتواصل والاستفسار ومعاينة العقار يرجى التواصل مع المعلن.",21.344787,39.904706,https://images.aqar.fm/webp/750x0/props/037258117_1786019335609.jpg | https://images.aqar.fm/webp/750x0/props/037258115_1786019335695.jpg | https://images.aqar.fm/webp/750x0/props/037258110_1786019335696.jpg,3,عبدالعزيز بهيان مانع القرني,,,2026-07-01,2026-07-30,2026-09-14,265,2026-09-20,True,"5,000,000",False,عمارة
6754399,https://sa.aqar.fm/عمائر-للبيع/مكة-المكرمة/حي-العتيبية/شارع-454-العتيبية-حي-العتيبية-مكة-منطقة-مكة-المكرمة-6754399,"عمارة للبيع في شارع 452 العتيبية, حي العتيبية, مدينة مكة المكرمة, منطقة مكة المكرمة",1000000,104,,,,11,حي العتيبية,مكة المكرمة,حي العتيبية,عمارة من دورين بمنطقة مكة المكرمة حي العتيبية اللصوص مرهونة لدى صندوق التنمية العقاري وسيتم فك الرهن وسداد المديونية من دفعة المشتري,21.448714556360557,39.821047780947524,https://images.aqar.fm/webp/750x0/props/007021195_1782839598402.jpg | https://images.aqar.fm/webp/750x0/props/007021199_1782839598397.jpg | https://images.aqar.fm/webp/750x0/props/007021191_1782839598397.jpg | https://images.aqar.fm/webp/750x0/props/007021193_1782839598396.jpg | https://images.aqar.fm/webp/750x0/props/007021191_1782839598398.jpg | https://images.aqar.fm/webp/750x0/props/007021195_1782839598405.jpg,6,سميره بنت عبدالله بن مسلم باهويني,,,2026-06-30,2026-07-02,2026-07-02,246,2026-09-20,True,"1,000,000",False,عمارة
6868375,https://sa.aqar.fm/عمائر-للبيع/مكة-المكرمة/حي-الشوقية/شارع-محمد-السمدي-حي-المحمدية-مدينة-مكة-المكرمة-منطقة-مكة-المكرمة-6868375,"عمارة للبيع في شارع محمد السمدي, حي المحمدية, مدينة مكة المكرمة, منطقة مكة المكرمة",2200000,500,,,,11,حي الشوقية,مكة المكرمة,حي الشوقية,"� عمارة للبيع في الشافعي – مكة المكرمة

📍 الموقع: الشافعي – مكة المكرمة
📐 المساحة: 500 م²
🏗️ نوع العقار: عمارة
🛣️ الشارع: 15 متر
🧭 الواجهة: جنوبية

🏠 تفاصيل العمارة

الدور الأرضي:
▪️ 6 غرف
▪️ مطبخ
▪️ 3 دورات مياه

الدور الثاني:
▪️ 6 غرف
▪️ مطبخ
▪️ 3 دورات مياه

الملحق:
▪️ غرفتان
▪️ دورة مياه

⭐ مميزات الموقع

▪️ داخل حد الحرم
▪️ قريب من الدائري الرابع
▪️ قريب من الشوقية
▪️ حي هادئ ومميز
▪️ قريب من مسجد
▪️ قريب من مجمع مدارس
▪️ مناسب للسكن والاستثمار

💰 السعر المطلوب: 2,200,000 ريال
🔹 قابل للتفاوض

📞 للتواصل والاستفسار:((الرقم يظهر عند الضغط على اتصال))",21.364405,39.774234,https://images.aqar.fm/webp/750x0/props/045961574_1789062717289.jpg,1,رزق الله اليزيدي,,,2026-09-10,2026-09-10,2026-09-16,67,2026-09-20,True,"2,200,000",False,عمارة
6682301,https://sa.aqar.fm/عمائر-للبيع/مكة-المكرمة/حي-الشرائع/شارع-فاطمة-بنت-ابي-طالب-حي-الشرائع-مكة-منطقة-مكة-المكرمة-6682301,"عمارة للبيع في شارع فاطمة بنت ابي طالب, حي المقام, مدينة مكة المكرمة, منطقة مكة المكرمة",1900000,350,,,,11,حي الشرائع,مكة المكرمة,حي الشرائع,عمارة شقق سكنيه داخل حد الحرم ومحلات تجاريه في شارع تجاري او للايجار بالكامل,21.487921457464367,39.930351326681674,https://images.aqar.fm/webp/750x0/props/050641562_1777924857267.jpg | https://images.aqar.fm/webp/750x0/props/050641563_1777924890348.jpg | https://images.aqar.fm/webp/750x0/props/050641562_1777924890398.jpg,3,اميره بنت فلحان بن فلاح العتيبي,,,2026-05-04,2026-05-04,2026-09-19,1154,2026-09-20,True,"1,900,000",False,عمارة
6869005,https://sa.aqar.fm/عمائر-للبيع/مكة-المكرمة/حي-الخنساء/شارع-345-الخنساء-حي-ريع-اذاخر-مدينة-مكة-المكرمة-منطقة-مكة-المكرمة-6869005,"عمارة للبيع في شارع 345 الخنساء, حي ريع اذاخر, مدينة مكة المكرمة, منطقة مكة المكرمة",12500000,277,,,,11,حي الخنساء,مكة المكرمة,حي الخنساء,العقار ماجر بالكامل حتى المحلات وبالامكان فسخ العقد,21.444522,39.836508,https://images.aqar.fm/webp/750x0/props/014841991_1789125579367.jpg | https://images.aqar.fm/webp/750x0/props/014841992_1789125579386.jpg | https://images.aqar.fm/webp/750x0/props/014841997_1789125579366.jpg | https://images.aqar.fm/webp/750x0/props/014841991_1789125579386.jpg | https://images.aqar.fm/webp/750x0/props/014841991_1789125579373.jpg | https://images.aqar.fm/webp/750x0/props/014841993_1789125579417.jpg | https://images.aqar.fm/webp/750x0/props/014841995_1789125579396.jpg | https://images.aqar.fm/webp/750x0/props/014841999_1789125579453.jpg,8,احلام بنت البشير بن عبدالقادر السيد,,,2026-09-11,2026-09-11,2026-09-11,41,2026-09-20,True,"12,500,000",False,عمارة
6798424,https://sa.aqar.fm/عمائر-للبيع/مكة-المكرمة/حي-الراشدية/شارع-الملك-خالد-بن-عبدالعزيز-الفرعي-حي-السلام-مدينة-مكة-المكرمة-منطقة-مكة-المكرمة-6798424,"عمارة للبيع في شارع الملك خالد بن عبدالعزيز الفرعي , حي السلام, مدينة مكة المكرمة, منطقة مكة المكرمة",4500000,394,,,,5,حي الراشدية,مكة المكرمة,حي الراشدية,"عمارة تجارية سكنية 
على شارع تجاري ٦٤
تتوفر كل الخدمات 
محلات تجارية مؤجره بالكامل
شقه ٣ غرف بمنافعها
شقه ٦ غرف بمنافعها
ملحق اربع غرف بسطح
مصعد راكب وشغال",21.460677,39.962382,https://images.aqar.fm/webp/750x0/props/000516185_1785447702904.png,1,محمد بن هلال بن عابد المقاطي,,,2026-07-30,2026-08-29,2026-08-29,231,2026-09-20,True,"4,500,000",False,عمارة
6715629,https://sa.aqar.fm/عمائر-للبيع/مكة-المكرمة/حي-الزهراء/شارع-شارع-461-الزهراءالوسطى-حي-الزهراء-مدينة-مكة-المكرمة-منطقة-مكة-المكرمة-6715629,"عمارة للبيع في شارع شارع 461 الزهراءالوسطى, حي الزهراء, مدينة مكة المكرمة, منطقة مكة المكرمة",3750000,448,,,,11,حي الزهراء,مكة المكرمة,حي الزهراء,"� عمارة للبيع في مكة المكرمة 
📍 موقع مميز تبعد عن الحرم خمس دقائق فقط حي الزهراء  وجهتين اماميه وخلفية  
🔹 المواصفات العامة: • المساحة: 448.52 م² • الصك: إلكتروني • عمر البناء: 35 سنة (تمت تجربته وصيانته) • مكونة من 3 أدوار + ملحق • 3 محلات تجارية مؤجرة • مواقف خارجية تتسع لـ 6 سيارات خلف المبنى • مساحة كافية لبناء مصعد مستقبلاً • الخزان الأرضي يسع 3 تريلات ماء • البيارة متصلة بالشبكة العامة  

🔹 تفاصيل الأدوار: كل دور يحتوي على شقتين منفصلتين، كل شقة مكونة من: • 4 غرف • صالة • مطبخ • حمّامين • بعضها يحتوي على بلكونة  المساحات: • الغرف: 4×5 و 4×4 • المطبخ: 4×4 • الصالة: 6×5 • الحمامات: 2×2 و 2×4  🔹 الملحق: • غرفة بمساحة 5×5 • حمام بمساحة 5×4  🔹 المحلات التجارية: • 3 دكاكين مؤجرة • مواقف خاصة: ◦ دكانان لكل منهما موقفان ◦ دكان واحد بموقف واحد  
💰 الدخل السنوي: 250,000 ريال (صافي)  
تم تنزيل السعر الى  2.500.000 ريال  📌 
قابل للتفاوض البسيط – السعر لا يشمل الضريبة والدلالة التواصل:",21.427303,39.794089,https://images.aqar.fm/webp/750x0/props/038198410_1780381909166.jpg | https://images.aqar.fm/webp/750x0/props/038198414_1780381909150.jpg | https://images.aqar.fm/webp/750x0/props/038198419_1780381909129.jpg,3,سهيل باسم,,,2026-06-02,2026-06-02,2026-09-19,224,2026-09-20,True,"3,750,000",False,عمارة
6773906,https://sa.aqar.fm/عمائر-للبيع/مكة-المكرمة/حي-النسيم/شارع-عبد-الوهاب-الطبري-حي-النسيم-مكة-منطقة-مكة-المكرمة-6773906,"عمارة للبيع في شارع 6299638, حي السنابل, مدينة مكة المكرمة, منطقة مكة المكرمة",2900000,625,,,,11,حي النسيم,مكة المكرمة,حي النسيم,للتواصل مباشرة مع المالك دون وجود أي وسيط ( ((الرقم يظهر عند الضغط على اتصال))),21.385336,39.86789,https://images.aqar.fm/webp/750x0/props/033576384_1784223911640.jpg,1,بندر بن عبدالرحمن بن عبدالله القرشي,,,2026-07-14,2026-07-16,2026-09-19,259,2026-09-20,True,"2,900,000",False,عمارة
6711563,https://sa.aqar.fm/عمائر-للبيع/مكة-المكرمة/حي-النوارية/شارع-الوجة-حي-النوارية-مكة-منطقة-مكة-المكرمة-6711563,"عمارة للبيع في شارع 355209, حي النوارية, مدينة مكة المكرمة, منطقة مكة المكرمة",1450000,779,,,,0,حي النوارية,مكة المكرمة,حي النوارية,"عماره جديده  
(تتكون من دورين )

🔶الموقع:
     زهرة العمره 

🔶وصف العقار:
- تصميم على الطراز الحديث.
- العماره قريبه من الدائري الرابع .
_ الواجهه  كلها حجر الرياض  .
-يبعد عن الشارع التجاري ١٠٠ متر .
- المساحه  ٣٦٠ متر
- الكهرباء تاسيس شركة الفنار.
-السباكه تأسيس خليجي.
- شغل شخصي وفاخر. 
-تم تأسيس مصعد. 
_ العقار تم تاسيسه على اربعه ادوار 
-صب الخرسانه لجميع مراحل العظم عن طريق شركة بن دبيس .
-يوجد صور للعقار  لجميع مراحل العظم.


🔶يتكون الدور الاول من:
- سته غرف .
- صاله كبيره. 
- مطبخ. 
-  ثلاث دورات مياه. 
-غرفة خدامه 


🔶يتكون الدور الثاني
-  سته غرف كبار 
- صاله كبيره 
-مطبخ  .
-ثلاث دورات مياه.
 

أنا المالك لهذا العقار 


🔶المطلوب:
————————
مليون وأربعمائة و خمسين  الف فقط",21.525967,39.780582,https://images.aqar.fm/webp/750x0/props/014662195_1779957639572.jpg | https://images.aqar.fm/webp/750x0/props/014662191_1779957639584.jpg | https://images.aqar.fm/webp/750x0/props/014662194_1779957639605.jpg | https://images.aqar.fm/webp/750x0/props/014662194_1779957639635.jpg | https://images.aqar.fm/webp/750x0/props/014662195_1779957639655.jpg | https://images.aqar.fm/webp/750x0/props/014662194_1783090848927.jpg,6,معتز محمد,,,2026-05-27,2026-07-03,2026-09-18,1534,2026-09-20,True,"1,450,000",False,عمارة
6716122,https://sa.aqar.fm/عمائر-للبيع/مكة-المكرمة/حي-المعابدة/شارع-شارع-الفلاح-حي-المعابده-مدينة-مكة-المكرمة-منطقة-مكة-المكرمة-6716122,"عمارة للبيع في شارع شارع الفلاح, حي المعابده, مدينة مكة المكرمة, منطقة مكة المكرمة",11800000,361,,,,7,حي المعابدة,مكة المكرمة,حي المعابدة,عمارة سكنية مخصصة للحجاج والمعتمرين، مكوّنة من 7 أدوار وتضم 47 غرفة مجهزة بتصميم مريح وخدمات متكاملة، توفر إقامة هادئة ومناسبة بالقرب من الخدمات والمرافق، مع توزيع عملي يلبي احتياجات الزوار ويوفر لهم الراحة والخصوصية طوال فترة الإقامة,21.432784,39.84753,https://images.aqar.fm/webp/750x0/props/026225076_1780408942413.jpg,1,عجلان بن عبدالله بن عجلان العجلان,,,2026-06-02,2026-08-28,2026-09-19,293,2026-09-20,True,"11,800,000",False,عمارة
6761767,https://sa.aqar.fm/عمائر-للبيع/مكة-المكرمة/حي-السلامة/شارع-احمد-الغزي-حي-السلامة-مدينة-مكة-المكرمة-منطقة-مكة-المكرمة-6761767,"عمارة للبيع في شارع احمد الغزي, حي السلامة, مدينة مكة المكرمة, منطقة مكة المكرمة",,,,,,,حي السلامة,مكة المكرمة,حي السلامة,,,,,,,,,,,,,2026-09-20,,طلب تسويق,True,عمارة
6787634,https://sa.aqar.fm/عمائر-للبيع/مكة-المكرمة/حي-الجامعة/شارع-السوسن-حي-الجامعة-مدينة-مكة-المكرمة-منطقة-مكة-المكرمة-6787634,"عمارة للبيع في شارع السوسن, حي الجامعة, مدينة مكة المكرمة, منطقة مكة المكرمة",15000000,550,,,,11,حي الجامعة,مكة المكرمة,حي الجامعة,"عمارة حج للبيع مقابل مسجد بن محفوظ تؤجر فقط في موسم الحج على  حجاج البعثة الهندية بمبلغ 850 الف مصرحة من وزارة السياحة 
يمكن اصدار تصريح دائم وتأجيرها طوال العام",21.387592,39.8803,https://images.aqar.fm/webp/750x0/props/000746435_1784829520724.jpg | https://images.aqar.fm/webp/750x0/props/000746437_1784829520736.jpg | https://images.aqar.fm/webp/750x0/props/000746431_1784829520832.jpg | https://images.aqar.fm/webp/750x0/props/000746439_1784829520738.jpg | https://images.aqar.fm/webp/750x0/props/000746433_1784829520784.jpg,5,عبدالمجيد بن هزاع بن عبدالله جفرى,,,2026-07-23,2026-08-22,2026-09-17,139,2026-09-20,True,"15,000,000",False,عمارة
6765969,https://sa.aqar.fm/عمائر-للبيع/مكة-المكرمة/حي-التنعيم/شارع-سمية-بنت-خلف-رضى-الله-عنها-حي-التنعيم-مدينة-مكة-المكرمة-منطقة-مكة-المكرمة-6765969,"عمارة للبيع في شارع سمية بنت خلف رضى الله عنها, حي التنعيم, مدينة مكة المكرمة, منطقة مكة المكرمة",5500000,600,,,,11,حي التنعيم,مكة المكرمة,حي التنعيم,‏عمارة سكنية تجارية واجهة الشرقية على شارع ‏خمسة ‏عشر ‏متر مربع في حي قرطبة درجة ثانية من شارع الحج مقابل شارع الجزائر,21.467961,39.825675,https://images.aqar.fm/webp/750x0/props/004989246_1783540401032.jpg,1,يوسف خلف مسفر الازوري,,,2026-07-08,2026-07-08,2026-07-08,11,2026-09-20,True,"5,500,000",False,عمارة
6730331,https://sa.aqar.fm/عمائر-للبيع/مكة-المكرمة/حي-العمرة-الجديدة/شارع-محمد-الكفيف-حي-العمرة-مدينة-مكة-المكرمة-منطقة-مكة-المكرمة-6730331,"عمارة للبيع في شارع محمد الكفيف, حي العمرة, مدينة مكة المكرمة, منطقة مكة المكرمة",1400000,432,,,,0,حي العمرة الجديدة,مكة المكرمة,حي العمرة الجديدة,"للبيع عماره 

دور وملحق 

بمخطط الطيب

موقع مميز 

من خمس غرف وصاله ومطبخ ودورات مياه وغرفة غسيل 

والملحق تتكون من مجلسين كبيره ودورات مياه وسطح 

المطلوب مليون و٤٠٠ الف صافي

للاتصال

((الرقم يظهر عند الضغط على اتصال))

مصلح المقاطي",21.570958,39.778396,https://images.aqar.fm/webp/750x0/props/001274883_1781294181540.jpg | https://images.aqar.fm/webp/750x0/props/001274880_1781294181587.jpg | https://images.aqar.fm/webp/750x0/props/001274888_1781294181587.jpg | https://images.aqar.fm/webp/750x0/props/001274885_1781294181600.jpg | https://images.aqar.fm/webp/750x0/props/001274887_1781294181631.jpg | https://images.aqar.fm/webp/750x0/props/001274889_1781294181626.jpg | https://images.aqar.fm/webp/750x0/props/001274887_1781294181647.jpg | https://images.aqar.fm/webp/750x0/props/001274887_1781294181646.jpg,8,مصلح العتيبي,,,2026-06-12,2026-09-08,2026-09-17,897,2026-09-20,True,"1,400,000",False,عمارة
6727022,https://sa.aqar.fm/عمائر-للبيع/مكة-المكرمة/حي-النزهة/شارع-الشيخ-عبد-الله-الخليفي-حي-النزهة-مدينة-مكة-المكرمة-منطقة-مكة-المكرمة-6727022,"عمارة للبيع في شارع الشيخ عبد الله الخليفي, حي النزهة, مدينة مكة المكرمة, منطقة مكة المكرمة",7500000,613,,,,11,حي النزهة,مكة المكرمة,حي النزهة,للبيع عمارة سكني تجاري في حي النزهه تتكون من دور ارضي سكني تجاري ويوجد محلات وعدد 2 دور متكرر وملحق وبيت درج وتتكون من 8 وحدات,21.431036,39.786513,https://images.aqar.fm/webp/750x0/props/051838375_1781089299474.jpg,1,خالد عبدالعزيز,,,2026-06-10,2026-09-05,2026-09-15,157,2026-09-20,True,"7,500,000",False,عمارة
6839756,https://sa.aqar.fm/عمائر-للبيع/مكة-المكرمة/حي-الزاهر/شارع-بشر-بن-السري-حي-الزاهر-مدينة-مكة-المكرمة-منطقة-مكة-المكرمة-6839756,"عمارة للبيع في شارع بشر بن السري, حي الزاهر, مدينة مكة المكرمة, منطقة مكة المكرمة",3000000,400,,,,11,حي الزاهر,مكة المكرمة,حي الزاهر,عمارة في حي الزاهر بدخل ممتاز جدا 235 الف وبسعر 3 مليون فقط يابلاش,21.443816,39.791118,https://images.aqar.fm/webp/750x0/props/028393584_1787600182379.jpg,1,محمد عبدالله مبارك القرشي,,,2026-08-24,2026-08-24,2026-08-24,42,2026-09-20,True,"3,000,000",False,عمارة
6860313,https://sa.aqar.fm/عمائر-للبيع/مكة-المكرمة/حي-الشوقية/شارع-شارع-عبدالله-بن-العباس-حي-الشوقية-مدينة-مكة-المكرمة-منطقة-مكة-المكرمة-6860313,"عمارة للبيع في شارع  شارع عبدالله بن العباس, حي الشوقية, مدينة مكة المكرمة, منطقة مكة المكرمة",7500000,600,,,,11,حي الشوقية,مكة المكرمة,حي الشوقية,عمارة تجارية بموقع مميز على شارع الاربعين احدي الشوارع الرئسيه في مكة المكرمة عمارة استثمارية بدخل مناسب عمارة نظيفة تتوفر فيه كل الخدمات مصعد مطلوب 7 مليون ونصف,21.391075,39.797258,https://images.aqar.fm/webp/750x0/props/010756564_1788705744687.jpg,1,عبدالله علي نغيمش العصلاني,,,2026-09-06,2026-09-06,2026-09-18,59,2026-09-20,True,"7,500,000",False,عمارة
6789415,https://sa.aqar.fm/عمائر-للبيع/مكة-المكرمة/حي-الجامعة/شارع-طيبة-حي-الجامعة-مدينة-مكة-المكرمة-منطقة-مكة-المكرمة-6789415,"عمارة للبيع في شارع طيبة, حي الجامعة, مدينة مكة المكرمة, منطقة مكة المكرمة",4100000,387,,,,11,حي الجامعة,مكة المكرمة,حي الجامعة,$5f,21.392519,39.879218,https://images.aqar.fm/webp/750x0/props/054220943_1784985273046.jpg | https://images.aqar.fm/webp/750x0/props/054220948_1784985273035.jpg | https://images.aqar.fm/webp/750x0/props/054220947_1784985273043.jpg | https://images.aqar.fm/webp/750x0/props/054220946_1784985273045.jpg,4,لؤى بن عباس بن احمد بخش,,,2026-07-25,2026-08-23,2026-09-12,75,2026-09-20,True,"4,100,000",False,عمارة
6739043,https://sa.aqar.fm/عمائر-للبيع/مكة-المكرمة/حي-الملك-فهد/شارع-صالح-طه-خصيفان-حي-الشامية-الجديد-مدينة-مكة-المكرمة-منطقة-مكة-المكرمة-6739043,"عمارة للبيع في شارع صالح طه خصيفان, حي الشامية الجديد, مدينة مكة المكرمة, منطقة مكة المكرمة",5000000,756,,,,0,حي الملك فهد,مكة المكرمة,حي الملك فهد,"🏢 للبيع – عمارة عظم تجارية سكنية مميزة

مكة المكرمة – حي ولي العهد 1
📍 الموقع:
https://maps.app.goo.gl/MG2bSVt8hZgGnC6G6
🕋 داخل حدود الحرم

فرصة استثمارية واعدة لامتلاك عقار متعدد الاستخدامات في موقع حيوي يجمع بين النشاط التجاري والسكني، ويتميز بقربه من الخدمات والمحاور الرئيسية، مما يجعله خيارًا مثاليًا للمستثمرين والمطورين العقاريين.

📐 بيانات العقار
▪️ مساحة الأرض: 756 م²
▪️ على واجهتين
▪️ إحدى الواجهات على شارع تجاري

🏗 مكونات العقار

🔹 الدور الأرضي
• 4 محلات تجارية
• ميزانين تجاري
• شقتان سكنيتان خلفية

🔹 الدور الأول (الميزانين)

🔹 الدور الثاني
• 3 شقق سكنية• كل شقة بمدخلين

🔹 الدور الثالث
• 3 شقق سكنية• كل شقة بمدخلين

🔹 الدور الرابع
• فيلا مستقلة

✨ مميزات العقار
✅ داخل حدود الحرم
✅ موقع استثماري مميز في حي يشهد نموًا عمرانيًا متسارعًا
✅ واجهة تجارية تحقق فرصًا استثمارية متعددة
✅ تصميم يجمع بين النشاط التجاري والسكني
✅ مناسب للتأجير وتحقيق عوائد مجزية
✅ هيكل عظم يمنح المشتري حرية كاملة في التشطيب والتطوير
✅ فرصة مناسبة للمستثمرين والمطورين العقاريين

💰 السعر المطلوب: 5,000,000 ريال

📞 مجموعة أبو أويس القرني العقارية
🔹 ترخيص إعلان معتمد7100292416
للتواصل
((الرقم يظهر عند الضغط على اتصال))
((الرقم يظهر عند الضغط على اتصال))",21.319386,39.692505,https://images.aqar.fm/webp/750x0/props/037258117_1781869505764.jpg,1,عبدالعزيز بهيان مانع القرني,,,2026-06-19,2026-08-16,2026-09-14,186,2026-09-20,True,"5,000,000",False,عمارة
6836994,https://sa.aqar.fm/عمائر-للبيع/مكة-المكرمة/حي-الخنساء/شارع-266-الخنساء-حي-الخنساء-مدينة-مكة-المكرمة-منطقة-مكة-المكرمة-6836994,"عمارة للبيع في شارع 266 الخنساء, حي الخنساء, مدينة مكة المكرمة, منطقة مكة المكرمة",1550000,147,,,,11,حي الخنساء,مكة المكرمة,حي الخنساء,"للبيع عمارة سكنية في حي المعابدة – مكة المكرمة

فرصة استثمارية مميزة بالقرب من المسجد الحرام.

تقع العمارة في حي المعابدة بموقع حيوي، وتبعد عن المسجد الحرام حوالي 3.1 كم، مع زمن وصول يقارب 9 دقائق بالسيارة، في موقع مميز على شارعين وقريب من جميع الخدمات والمرافق.

📐 تفاصيل العقار

* مساحة الأرض: 164.60 م².
* إجمالي مسطحات البناء: 534.86 م².
* 📍 تقع على شارعين.
* ⁠تم تجديد العقار قبل ١٦ سنة

🏠 توزيع العقار

الدور الأرضي

* 3 غرف.
* دورتا مياه.
* مطبخ.

الدور الأول

* شقتان، وكل شقة تتكون من:
    * غرفتين.
    * صالة صغيرة.
    * دورة مياه.

الدور الثاني

* شقتان، وكل شقة تتكون من:
    * غرفتين.
    * صالة صغيرة.
    * دورة مياه.

الدور الثالث

* غرفتان.
* دورة مياه.
* سطح.

⚙️ المرافق والخدمات

* 💧 خزان مياه أرضي مسلح.
* 💧 خزان مياه علوي مسلح.
* 💧 3 خزانات مياه علوية من الزامل.
* 🚰 عداد مياه واحد.
* ⚡ 3 عدادات كهرباء.
* ❄️ جميع الغرف مزودة بمكيفات مركبة وجاهزة للاستخدام.
* 🚨 العمارة مزودة بشبكة إنذار وإطفاء للحريق.

✨ مميزات العقار

* موقع مميز في حي المعابدة.
* واجهة على شارعين تمنح ميزة استثمارية أعلى.
* قريب من المسجد الحرام.
* قريب من المدارس والمساجد والخدمات.
* مناسب للسكن أو للاستثمار وتحقيق عائد إيجاري.

* سعر البيع: 
البيع: 1,600,000 ريال قابل للتفاوض 
السعي: ٢.٥٪؜",21.441237,39.84425,https://images.aqar.fm/webp/750x0/props/031348444_1787490988845.jpg | https://images.aqar.fm/webp/750x0/props/031348449_1787490988854.jpg | https://images.aqar.fm/webp/750x0/props/031348442_1787490988840.jpg | https://images.aqar.fm/webp/750x0/props/031348445_1787490988824.jpg | https://images.aqar.fm/webp/750x0/props/031348444_1787490988827.jpg | https://images.aqar.fm/webp/750x0/props/031348449_1787490988837.jpg | https://images.aqar.fm/webp/750x0/props/031348449_1787490988826.jpg | https://images.aqar.fm/webp/750x0/props/031348448_1787490988827.jpg | https://images.aqar.fm/webp/750x0/props/031348444_1787491013599.jpg | https://images.aqar.fm/webp/750x0/props/031348444_1787491013595.jpg | https://images.aqar.fm/webp/750x0/props/031348447_1787491043047.jpg,11,عبدالعزيز بن علي بن عبدالله الحميدان,,,2026-08-23,2026-08-23,2026-09-17,57,2026-09-20,True,"1,550,000",False,عمارة
6839733,https://sa.aqar.fm/عمائر-للبيع/مكة-المكرمة/حي-النزهة/شارع-اسحاق-بن-مخلد-حي-النزهة-مدينة-مكة-المكرمة-منطقة-مكة-المكرمة-6839733,"عمارة للبيع في شارع اسحاق بن مخلد, حي النزهة, مدينة مكة المكرمة, منطقة مكة المكرمة",3000000,506,,,,11,حي النزهة,مكة المكرمة,حي النزهة,عمارة للبيع داخل مكه في حي الزاهر على الطريق المؤدي للحرم بسعر 2 مليون و400 الف ودخل مايقل عن 105 الاف,21.43842,39.784071,https://images.aqar.fm/webp/750x0/props/028393584_1787599202215.jpg,1,محمد عبدالله مبارك القرشي,,,2026-08-24,2026-08-24,2026-08-24,50,2026-09-20,True,"3,000,000",False,عمارة
6798502,https://sa.aqar.fm/عمائر-للبيع/مكة-المكرمة/حي-السلامة/شارع-رافع-بن-معبد-الانصاري-رضي-الله-عنه-حي-أم-الجود-مدينة-مكة-المكرمة-منطقة-مكة-المكرمة-6798502,"عمارة للبيع في شارع رافع بن معبد الانصاري رضي الله عنه, حي أم الجود, مدينة مكة المكرمة, منطقة مكة المكرمة",3900000,900,,,,10,حي السلامة,مكة المكرمة,حي السلامة,"للبيع عمارة في الحمراء وام الجود 
🔴 المساحة 900
🔴 عدد الشقق 7 و ملحقين
🔴 جميع الشقق من 5 غرف ماعدا شقة من 4 غرف 
🔴 مدخلين لكل شقة
🔴 على شارعين
🔴 واجهتين حجر
🔴 عداد كهرباء مستقل لكل شقة
🔴 أمامها أرض حكومية
🔴 غرفة سائق بحمامها
🔴 مواقف سيارات 
🔴 خزان كبير جداً
🔴 مصعد 
🔴 سطحين

صك إكتروني جاهز للإفراغ
قريبة من المدارس الحكومية والاهلية
قريبة من قاعة بدر للأفراح

الحي به مراكز التسوق (بندة - العثيم - بن داوود )

قريبه من طريق الامير محمد بن سلمان (طريق جدة السريع)

المطلوب 4 مليون و300 الف قابل للتفاوض بحدود المعقول

للتواصل ((الرقم يظهر عند الضغط على اتصال))",21.421073,39.709126,https://images.aqar.fm/webp/750x0/props/054348741_1785453962936.jpg | https://images.aqar.fm/webp/750x0/props/054348742_1785453962844.jpg | https://images.aqar.fm/webp/750x0/props/054348746_1785453962859.jpg | https://images.aqar.fm/webp/750x0/props/054348745_1785453962858.jpg,4,هانى بن محمد بن مبروك الحربي,,,2026-07-30,2026-07-30,2026-09-08,172,2026-09-20,True,"3,900,000",False,عمارة
6877544,https://sa.aqar.fm/عمائر-للبيع/مكة-المكرمة/حي-الزاهر/شارع-11-الزاهر-حي-الزاهر-مدينة-مكة-المكرمة-منطقة-مكة-المكرمة-6877544,"عمارة للبيع في شارع 11 الزاهر, حي الزاهر, مدينة مكة المكرمة, منطقة مكة المكرمة",4000000,400,,,,11,حي الزاهر,مكة المكرمة,حي الزاهر,"​الموقع: مكة المكرمة - حي الزاهر - مخطط الأمير طلال بن منصور.
​المساحة: 400 متر مربع.
​الواجهات: على واجهتين (أمامية وخلفية)، الواجهة رخام.
​تفاصيل ومكونات العمارة:
​الدور الأرضي: دور كامل مواقف، ويحتوي على 4 غرف للسائقين (يمكن تأجيرها للعزاب).
​الأدوار المتكررة: تتكون من 4 أدوار متكررة، في كل دور شقتين.
​تفاصيل الشقق: كل شقة تتكون من:
​4 غرف.
​صالة.
​دورتين مياه.
​مطبخ.
​الملحق: يوجد به شقة مكونة من:
​غرفة.
​صالة.
​حمام.
​مطبخ.
​المميزات والخدمات:
​يوجد مصعد وعقد صيانة سنوي.
​العمارة سليمة من المشاكل الإنشائية (الحمد لله).
​قريبة من جميع الخدمات (مسجد، بقالة، ومطاعم).
​الصك: صك إلكتروني جديد.
​حالة الإيجار الحالية: جميع الشقق غير مؤجرة حالياً حسب رغبة الملاك، ما عدا شقة واحدة فقط.
​مميزات المنطقة: المنطقة هادئة ومرغوبة للإيجار والسكن لقربها من جميع الخدمات.
​موقع الحي ومميزاته:
​موقع الحي مميز وقريب من:
​الحرم الشريف.
​الخطوط الدائرية.
​خط جدة السريع.
​سوق الضيافة والجوازات.
​جامعة البنات.
​مستشفى الزاهر ومستوصف الصاعدي.",21.443799,39.792141,https://images.aqar.fm/webp/750x0/props/041799391_1780235992121.jpg | https://images.aqar.fm/webp/750x0/props/041799397_1780235992138.jpg,2,بدر هاشم محسن الزهراني,,,2026-09-16,2026-09-16,2026-09-19,13,2026-09-20,True,"4,000,000",False,عمارة
6770507,https://sa.aqar.fm/عمائر-للبيع/مكة-المكرمة/حي-الراشدية/شارع-النعايم-حي-الراشدية-مكة-منطقة-مكة-المكرمة-6770507,"عمارة للبيع في شارع النعايم, حي التروية, مدينة مكة المكرمة, منطقة مكة المكرمة",4200000,600,,,,2,حي الراشدية,مكة المكرمة,حي الراشدية,"عماره تجاريه سكنيه 4 محلات وميزان وبدروم و8 شقق 3 غرف بناء شخصي وكل وحده بصك مستقل صاحب العقار  والخيار مفتوح اذا يبي الشقق بدون المحلات او 6 شقق عادي نبيع 
الدخل السنوي 250000",21.475194878957087,39.9792333233955,https://images.aqar.fm/webp/750x0/props/001063955_1783871143271.jpg | https://images.aqar.fm/webp/750x0/props/001063957_1783871143274.jpg | https://images.aqar.fm/webp/750x0/props/001063953_1783871143271.jpg,3,عايد سعود سالم العتيبي ,,,2026-07-12,2026-07-14,2026-09-10,290,2026-09-20,True,"4,200,000",False,عمارة
6806927,https://sa.aqar.fm/عمائر-للبيع/مكة-المكرمة/حي-المعابدة/شارع-224-الملاوي-الشمالية-حي-المعابده-مدينة-مكة-المكرمة-منطقة-مكة-المكرمة-6806927,"عمارة للبيع في شارع 224 الملاوي الشمالية, حي المعابده, مدينة مكة المكرمة, منطقة مكة المكرمة",6000000,297,,,,11,حي المعابدة,مكة المكرمة,حي المعابدة,"بيت في مكة 3 ادوار
المساحة 
297.86 م
عبارة عن قطعتين بصك واحد مدمج 
حي المعابدة 

يبعد عن الحرم كيلو ونص 
سيرا على الاقدام 
4 دقايق 
وبالسيارة 
6 دقائق 

المطلوب 6 مليون 
علما ان العقار يستحق اكثر ولكن رغبة الورثة في البيع بشكل اسرع 

الحي حيوي وبالجانب المقابل فيه مشروع حاليا لبناء فنادق يعني بيكون لها مستقبل بإذن الله لانها بتكون محاطه بالفنادق وقريبة جدا للحرم 

المنطقة مرغوبة ومطلوبة ولا يوجد عليها اي قيود والله يبارك للي هي من نصيبة. 

مباشرة من المالك",21.438955,39.840405,https://images.aqar.fm/webp/750x0/props/003658173_1785924366861.jpg | https://images.aqar.fm/webp/750x0/props/003658170_1785924366856.jpg | https://images.aqar.fm/webp/750x0/props/003658171_1785924943351.jpg | https://images.aqar.fm/webp/750x0/props/003658176_1785924943170.jpg,4,عبدالله الدوسري,,,2026-08-05,2026-08-05,2026-09-10,82,2026-09-20,True,"6,000,000",False,عمارة
6734606,https://sa.aqar.fm/عمائر-للبيع/مكة-المكرمة/حي-النزهة/شارع-دار-الحديث-حي-النزهة-مدينة-مكة-المكرمة-منطقة-مكة-المكرمة-6734606,"عمارة للبيع في شارع دار الحديث, حي النزهة, مدينة مكة المكرمة, منطقة مكة المكرمة",3800000,602,,,,11,حي النزهة,مكة المكرمة,حي النزهة,"عمارة تجارية سكنية للبيع في حي النزهة 

عبارة عن أربع ادوار
15 شقة وبدروم بمساحة العمارة",21.426398,39.783847,https://images.aqar.fm/webp/750x0/props/049498574_1781589578461.jpg | https://images.aqar.fm/webp/750x0/props/049498571_1781589578460.jpg,2,عبدالرحمن بن ياسر بن محمد بخارى,,,2026-06-16,2026-09-11,2026-09-14,229,2026-09-20,True,"3,800,000",False,عمارة
6767367,https://sa.aqar.fm/عمائر-للبيع/مكة-المكرمة/حي-الشوقية/شارع-غاف-الجواء-حي-المحمدية-مدينة-مكة-المكرمة-منطقة-مكة-المكرمة-6767367,"عمارة للبيع في شارع غاف الجواء, حي المحمدية, مدينة مكة المكرمة, منطقة مكة المكرمة",1500000,550,,,,11,حي الشوقية,مكة المكرمة,حي الشوقية,"يقع العقار في منطقة عمائر ٤ ادوار وملحق ودور مواقف. الوضع الحالي للعقارة عبارة عن
دورين كل دور شقتين
كل شقة 3 غرف 2 حمام مطبخ 
يوجد بدروم 
الماء والصرف موجود 
5 عداد كهرباء
كان مؤجر ب ٨٠ ألف ريال في السنه
عمر العقار ٤٠ سنه",21.355563,39.784025,https://images.aqar.fm/webp/750x0/props/001663584_1783624753771.jpg | https://images.aqar.fm/webp/750x0/props/001663580_1783624753845.jpg | https://images.aqar.fm/webp/750x0/props/001663582_1783624825445.jpg,3,عبدالله محمدامين ارشد بنجر,,,2026-07-09,2026-08-08,2026-08-24,638,2026-09-20,True,"1,500,000",False,عمارة
6793094,https://sa.aqar.fm/عمائر-للبيع/مكة-المكرمة/حي-الخنساء/شارع-369-الخنساء-حي-ريع-اذاخر-مدينة-مكة-المكرمة-منطقة-مكة-المكرمة-6793094,"عمارة للبيع في شارع 369 الخنساء, حي ريع اذاخر, مدينة مكة المكرمة, منطقة مكة المكرمة",300000,191,,,,11,حي الخنساء,مكة المكرمة,حي الخنساء,"بيت شعبي للبيع
مكون من سبع غرف وحمامين ومطبخ عداد مويه واحد وكهرباء واحد قريب من الفنادق والمشاريع والحرم",21.447658,39.83918,https://images.aqar.fm/webp/750x0/props/053536101_1785527585835.jpg,1,محمد الزهراني,,,2026-07-27,2026-08-25,2026-09-17,349,2026-09-20,True,"300,000",False,عمارة
6637687,https://sa.aqar.fm/عمائر-للبيع/مكة-المكرمة/حي-الروضة/شارع-شارع-الضمير-حي-الروضة-مدينة-مكة-المكرمة-منطقة-مكة-المكرمة-6637687,"عمارة للبيع في شارع شارع الضمير, حي الروضة, مدينة مكة المكرمة, منطقة مكة المكرمة",6000000,750,,,,3,حي الروضة,مكة المكرمة,حي الروضة,"عمارة هدد للبيع
منطقة فنادق 
مكة المكرمة حي الروضة الششة
 موقع مميز واستثماري
المساحة 561م
توجد مساحة إضافية 600م في الخلف
منطقة 6 أدوار
بالقرب من مواقف الجمرات الحرم 
بين 
شارع الحج 
و طريق الملك فهد 
والامير ماجد بن عبدالعزيز
المطلوب 6,900,000﷼

التواصل واتساب",21.431208,39.858955,https://images.aqar.fm/webp/750x0/props/044558107_1775047610589.jpg | https://images.aqar.fm/webp/750x0/props/044558101_1775047627645.jpg | https://images.aqar.fm/webp/750x0/props/044558109_1789116270661.jpg | https://images.aqar.fm/webp/750x0/props/044558106_1789116270661.jpg | https://images.aqar.fm/webp/750x0/props/044558105_1789116270655.jpg | https://images.aqar.fm/webp/750x0/props/044558105_1789116270690.jpg | https://images.aqar.fm/webp/750x0/props/044558102_1789116270699.jpg,7,رامي سعيد بن عوظه العمري,,,2026-04-01,2026-04-01,2026-09-18,190,2026-09-20,True,"6,000,000",False,عمارة
6883096,https://sa.aqar.fm/عمائر-للبيع/مكة-المكرمة/حي-الشهداء/شارع-42-حي-الشهداء-حي-الشهداء-مدينة-مكة-المكرمة-منطقة-مكة-المكرمة-6883096,"عمارة للبيع في شارع 42 حي الشهداء, حي الشهداء, مدينة مكة المكرمة, منطقة مكة المكرمة",500000,303,,,,11,حي الشهداء,مكة المكرمة,حي الشهداء,"فرصة استثمارية مميزة: عمارة سكنية للبيع
نبذة عن العقار:
عمارة سكنية للبيع، 
تتميز بموقعها  في مكة المكرمة حي الشهداء، وبمساحة إجمالية للأرض تبلغ 303 متراً مربعاً.
تفاصيل ومكونات المبنى:
 * الدور الأول: يضم 3 غرف، صالة، مطبخ، مستودع، وحمام.
 * الدور الثاني: يضم 3 غرف، صالة، مجالس، مستودع، وحمام، 
بالإضافة إلى غرفة خارجية بحمام.",21.452343,39.805517,https://images.aqar.fm/webp/750x0/props/001028575_1789854271685.jpg | https://images.aqar.fm/webp/750x0/props/001028578_1789854271691.jpg | https://images.aqar.fm/webp/750x0/props/001028571_1789854271737.jpg | https://images.aqar.fm/webp/750x0/props/001028571_1789854271704.jpg,4,سعيد الزهراني,,,2026-09-19,2026-09-19,2026-09-19,5,2026-09-20,True,"500,000",False,عمارة
6565033,https://sa.aqar.fm/عمائر-للبيع/مكة-المكرمة/حي-الملك-فهد/شارع-محمد-السليماني-حي-ولي-العهد-مكة-المكرمة-منطقة-مكة-المكرمة-6565033,"عمارة للبيع في شارع محمد السليماني, حي حارة الباب الجديد, مدينة مكة المكرمة, منطقة مكة المكرمة",6000000,624,,,,2,حي الملك فهد,مكة المكرمة,حي الملك فهد,"عمارة تجارية  داخل حد الحرم
بناء شخصي تشطيب فاخر
عدد الأدوار  ( ٣ )
دور ارضي (٤) محلات و شقتين خلفية
الدور الثاني ميزانيين
الدور الثالث شقتين
خزانين كبيرة ارضي)
ثاني قطعة بعد دخلة شارع ٥٢",21.318607563048,39.709578586702214,https://images.aqar.fm/webp/750x0/props/018414189_1769535751078.jpg | https://images.aqar.fm/webp/750x0/props/018414181_1769535751086.jpg | https://images.aqar.fm/webp/750x0/props/018414189_1769535751074.jpg | https://images.aqar.fm/webp/750x0/props/018414182_1769535751075.jpg | https://images.aqar.fm/webp/750x0/props/018414183_1769535751075.jpg | https://images.aqar.fm/webp/750x0/props/018414183_1769535751078.jpg | https://images.aqar.fm/webp/750x0/props/018414182_1769535751080.jpg | https://images.aqar.fm/webp/750x0/props/018414188_1769535751082.jpg | https://images.aqar.fm/webp/750x0/props/018414185_1769535751080.jpg | https://images.aqar.fm/webp/750x0/props/018414183_1769535751080.jpg | https://images.aqar.fm/webp/750x0/props/018414182_1769535751094.jpg | https://images.aqar.fm/webp/750x0/props/018414185_1769535751079.jpg | https://images.aqar.fm/webp/750x0/props/018414187_1778913481564.jpg | https://images.aqar.fm/webp/750x0/props/018414181_1778913481573.jpg | https://images.aqar.fm/webp/750x0/props/018414180_1778913481582.jpg | https://images.aqar.fm/webp/750x0/props/018414183_1778913481574.jpg | https://images.aqar.fm/webp/750x0/props/018414180_1778913481582.jpg,17,سعيد بن فائز,,,2026-01-27,2026-01-27,2026-09-17,601,2026-09-20,True,"6,000,000",False,عمارة
6839739,https://sa.aqar.fm/عمائر-للبيع/مكة-المكرمة/حي-الراشدية/شارع-عقيل-ابن-مالك-الحميري-حي-الكوثر-مدينة-مكة-المكرمة-منطقة-مكة-المكرمة-6839739,"عمارة للبيع في شارع عقيل ابن مالك الحميري, حي الكوثر, مدينة مكة المكرمة, منطقة مكة المكرمة",2000000,400,,,,11,حي الراشدية,مكة المكرمة,حي الراشدية,عمارة في الشرايع مساحتها 400م والدخل 108 الاف بسعر 2 مليون كاش فقط,21.457588,39.966323,https://images.aqar.fm/webp/750x0/props/028393585_1787599491463.jpg,1,محمد عبدالله مبارك القرشي,,,2026-08-24,2026-08-24,2026-08-24,191,2026-09-20,True,"2,000,000",False,عمارة
6856151,https://sa.aqar.fm/عمائر-للبيع/مكة-المكرمة/حي-الكعكية/شارع-ام-المؤمنين-ام-سلمة-الانصارية-حي-الكعكية-مدينة-مكة-المكرمة-منطقة-مكة-المكرمة-6856151,"عمارة للبيع في شارع ام المؤمنين ام سلمة الانصارية, حي الكعكية, مدينة مكة المكرمة, منطقة مكة المكرمة",8000000,645,,,,11,حي الكعكية,مكة المكرمة,حي الكعكية,"عمارة سكنية تجارية للبيع — مكة المكرمة، حي ربوة كدى، مخطط رقم 1/7/54، قطعة رقم 607.

مساحة الأرض 645 م²، وإجمالي مسطح البناء 1,410 م²، مبنية بموجب رخصة بناء صادرة عام 1425هـ.

مكونات العمارة:
• الدور الأرضي: 3 محلات تجارية (محلان مفتوحان على بعضهما ومحل مستقل) بالإضافة إلى شقة سكنية.
• الدور الأول: شقتان.
• الدور الثاني: شقتان.
• الدور الثالث: ملحق علوي مع سطوح.

الشقق واسعة، والعمارة مؤجرة بالكامل حالياً بدخل سنوي إجمالي 140,000 ريال (40,000 ريال من المحلات و100,000 ريال من الشقق).

الواجهة غربية على شارع بعرض 25.20 م.

الحدود والأطوال:
شمالاً: قطعة رقم 609 بطول 30 م
جنوباً: قطعة رقم 605 بطول 30 م
شرقاً: قطعة رقم 606 بطول 21 م
غرباً: شارع عرض 25.20 م بطول 22 م

فرصة تناسب المستثمر الباحث عن أصل قائم بدخل ثابت في موقع مطلوب داخل مكة المكرمة، مع إمكانية إعادة التطوير مستقبلاً.

السعر المطلوب: 8,000,000 ريال.

البيع للعمارة كاملة بصك إلكتروني.",21.385566,39.817587,https://images.aqar.fm/webp/750x0/props/053979382_1788441768568.jpg | https://images.aqar.fm/webp/750x0/props/053979384_1788441768632.jpg | https://images.aqar.fm/webp/750x0/props/053979380_1788441768639.jpg,3,سليمان بن سامى بن سليمان بصير,,,2026-09-03,2026-09-03,2026-09-18,55,2026-09-20,True,"8,000,000",False,عمارة
6748305,https://sa.aqar.fm/عمائر-للبيع/مكة-المكرمة/حي-بطحاء-قريش/شارع-امامه-بنت-ابي-العاص-رضي-الله-عنها-حي-السوق-الجديد-مدينة-مكة-المكرمة-منطقة-مكة-المكرمة-6748305,"عمارة للبيع في شارع امامه بنت ابي العاص رضي الله عنها, حي السوق الجديد, مدينة مكة المكرمة, منطقة مكة المكرمة",2200000,568,,,,10,حي بطحاء قريش,مكة المكرمة,حي بطحاء قريش,"عمارة في مكة المكرمة في حي بطحاء قريش 
يوجد بها خمس شقق كل شقه من خمس غرف وصاله كبيره ومطبخ ودورتين مياه 
وجميع الشقق مؤجرة باكامل ودخلها تقريباً ١١٥ الف ريال 
والبيع سمح ان شاء الله 
السوم صافي اثنين مليون وميتين الف صافي والبيع قريب",21.352519,39.824329,https://images.aqar.fm/webp/750x0/props/023147510_1782422281118.jpg,1,محمد عبدالرحمن سعد الزير,,,2026-06-25,2026-08-23,2026-09-12,688,2026-09-20,True,"2,200,000",False,عمارة
6858887,https://sa.aqar.fm/عمائر-للبيع/مكة-المكرمة/حي-الخالدية/شارع-غازي-بن-ظافر-حي-الخالدية-مدينة-مكة-المكرمة-منطقة-مكة-المكرمة-6858887,"عمارة للبيع في شارع غازي بن ظافر, حي الخالدية, مدينة مكة المكرمة, منطقة مكة المكرمة",7000000,647,,,,11,حي الخالدية,مكة المكرمة,حي الخالدية,"عرض حصري 

المدينة :مكة المكرمة 

الحي : الخالدية

نوع العقار:فيلا دورين منفصله+ملحق 
بمدخل خاص+شقة

مساحة الارض :٦٥٠ 

عمر العقار : ٣٠ سنة +تم عمل تجديد لكامل المبنى من الخارج 

المميزات : داخل الحد تبعد عن الحرم المكي ١٠ كم+شارع تجاري ٢٥م + تصميم المبنى في البناء والتصريح ٦ ادوار + عدادان لكل عداد ٢٠٠ امبير +جميع الخدمات من ماء وكهرباء وصرف وفايبر +تكييف مركزي لكامل المبنى+جميع غرف النوم بحمام خاص+صالات واسعة +غرف كبيرة

السعر : ٧ مليون",21.40125,39.803922,https://images.aqar.fm/webp/750x0/props/032937555_1788624246010.jpg | https://images.aqar.fm/webp/750x0/props/032937553_1788624246002.jpg | https://images.aqar.fm/webp/750x0/props/032937555_1788624246005.jpg | https://images.aqar.fm/webp/750x0/props/032937558_1788624246004.jpg | https://images.aqar.fm/webp/750x0/props/032937559_1788624246016.jpg | https://images.aqar.fm/webp/750x0/props/032937550_1788624246016.jpg | https://images.aqar.fm/webp/750x0/props/032937555_1788624246011.jpg | https://images.aqar.fm/webp/750x0/props/032937557_1788624246028.jpg,8,عبدالعزيز فهد احمد الزهراني,,,2026-09-05,2026-09-05,2026-09-11,53,2026-09-20,True,"7,000,000",False,عمارة
6692014,https://sa.aqar.fm/عمائر-للبيع/مكة-المكرمة/حي-الكعكية/شارع-شارع-سواد-بن-غزية-البلوى-رضى-الله-عنه-حي-الكعكية-مدينة-مكة-المكرمة-منطقة-مكة-المكرمة-6692014,"عمارة للبيع في شارع شارع سواد بن غزية البلوى رضى الله عنه, حي الكعكية, مدينة مكة المكرمة, منطقة مكة المكرمة",5000000,400,,,,8,حي الكعكية,مكة المكرمة,حي الكعكية,"عمارة للبيع 
مكونة من أربع ادوار ودور ارضي وبدروم 
مصعد 
درج طواريء
مواقف سيارات 
محلات تجارية 

المبلغ المطلوب 6 مليون",21.383048,39.813147,https://images.aqar.fm/webp/750x0/props/018848403_1778503765814.jpg | https://images.aqar.fm/webp/750x0/props/018848407_1778503765803.jpg | https://images.aqar.fm/webp/750x0/props/018848406_1778503765818.jpg | https://images.aqar.fm/webp/750x0/props/018848409_1778503765806.jpg | https://images.aqar.fm/webp/750x0/props/018848408_1778503802572.jpg,5,آنس عبدالرحيم بن عبدالستار الدويرى,,,2026-05-11,2026-09-04,2026-09-04,199,2026-09-20,True,"5,000,000",False,عمارة
6593512,https://sa.aqar.fm/عمائر-للبيع/مكة-المكرمة/حي-العمرة-الجديدة/شارع-الظهراني-حي-العمرة-الجديدة-مكة-منطقة-مكة-المكرمة-6593512,"عمارة للبيع في شارع الظهراني, حي العمرة, مدينة مكة المكرمة, منطقة مكة المكرمة",1100000,420,,,,11,حي العمرة الجديدة,مكة المكرمة,حي العمرة الجديدة,"مساحة الارض 420 واجه شرقية 
العمارة مكونة من 3 ادوار الدور الثالث لم يكتمل.
كل دور فيه شقتين وكل شقه مكونه من ٤ غرف وحمامين ومطبخ. 
يوجد فالحوش غرفه ومجلس وحمام.

العمارة فيها صك الكتروني وجاهزة للنقل 
والمطلوب
950000",21.568406444934784,39.778437724899284,https://images.aqar.fm/webp/750x0/props/001774572_1771268856419.jpg | https://images.aqar.fm/webp/750x0/props/001774574_1771268856432.jpg | https://images.aqar.fm/webp/750x0/props/001774573_1771268899297.jpg | https://images.aqar.fm/webp/750x0/props/001774570_1771268906732.jpg | https://images.aqar.fm/webp/750x0/props/001774578_1771268913483.jpg | https://images.aqar.fm/webp/750x0/props/001774575_1771268913469.jpg | https://images.aqar.fm/webp/750x0/props/001774570_1771268913473.jpg | https://images.aqar.fm/webp/750x0/props/001774579_1771268924259.jpg | https://images.aqar.fm/webp/750x0/props/001774578_1771268924293.jpg | https://images.aqar.fm/webp/750x0/props/001774574_1771268924292.jpg,10,أنمار مير,,,2026-02-16,2026-08-23,2026-09-14,1465,2026-09-20,True,"1,100,000",False,عمارة
6659178,https://sa.aqar.fm/عمائر-للبيع/مكة-المكرمة/حي-البحيرات/شارع-أبو-بكر-بن-الوكيل-حي-البحيرات-مكة-منطقة-مكة-المكرمة-6659178,"عمارة للبيع في شارع 231075, حي البحيرات, مدينة مكة المكرمة, منطقة مكة المكرمة",3500000,449,,,,11,حي البحيرات,مكة المكرمة,حي البحيرات,"عمارة في حي البحيرات داخل حدود الحرم، على شارع 15 واجهتين ،امام حديقة عدد الغرف في الشقق (٢,٣,٤) غرف",21.473191,39.786972,https://images.aqar.fm/webp/750x0/props/006654628_1776478883892.jpg,1,طلال بن محمد بن محمدعلي نقلى,,,2026-04-18,2026-04-21,2026-09-19,331,2026-09-20,True,"3,500,000",False,عمارة
6448440,https://sa.aqar.fm/عمائر-للبيع/مكة-المكرمة/حي-البحيرات/شارع-أم-المومنين-عائشة-مكة-منطقة-مكة-المكرمة-6448440,"عمارة للبيع في شارع 22603811, حي البحيرات, مدينة مكة المكرمة, منطقة مكة المكرمة",1500000,353,,,,0,حي البحيرات,مكة المكرمة,حي البحيرات,"عماره جديده 
(تتكون من دورين )

🔶الموقع:
     زهرة العمره 

🔶وصف العقار:
- الواجهه شماليه 
- تصميم على الطراز الحديث.
- يبعد العقار ١٠٠ متر عن المطاعم والسوبر ماركات .
- خزان ارضي يتسع اربعه تريلات مويه .
-يبعد عن الشارع التجاري ١٠٠ متر .
- المساحه  ٣٤٠ متر
- الكهرباء تاسيس وتركيب شركة الفنار.
-السباكه تأسيس خليجي.
- شغل شخصي وفاخر. 
-تم تأسيس مصعد. 
-صب الخرسانه لجميع مراحل العظم عن طريق شركة بن دبيس .
-يوجد صور للعقار  لجميع مراحل العظم.


🔶يتكون الدور الاول من:
- سته غرف 
- صاله كبيره. 
- مطبخ. 
-  ثلاث دورات مياه. 
-غرفة غسيل. 
-  غرفة خدامه 

🔶يتكون الدور الثاني
-  سته غرف
- صاله كبيره 
-مطبخ  .
-ثلاث دورات مياه.
- غرفة خدامه 
- غرفة غسيل 
تنويه
     ""تم حجز عمارة واحده ومتبقي الي جنبها 
         

🔶المطلوب:
————————
مليون وخمسمايه الف صافي",21.474543,39.789665,https://images.aqar.fm/webp/750x0/props/014662196_1770077753944.jpg,1,معتز محمد,,,2025-11-01,2026-09-06,2026-09-12,2317,2026-09-20,True,"1,500,000",False,عمارة
6632627,https://sa.aqar.fm/عمائر-للبيع/مكة-المكرمة/حي-الحمراء-و-ام-الجود/شارع-محمد-بن-ابي-سهل-حي-الحمراء-وام-الجود-مكة-منطقة-مكة-المكرمة-6632627,"عمارة للبيع في شارع محمد بن ابي سهل, حي الحمراء, مدينة مكة المكرمة, منطقة مكة المكرمة",5200000,663,,,,10,حي الحمراء و ام الجود,مكة المكرمة,حي الحمراء و ام الجود,"🏢 فرصة استثمارية مميزة – عمارة للبيع في موقع استراتيجي 

📍 الموقع: بجانب ممشى الحمراء – موقع حيوي ومطلوب جدًا  
✨ قريبة جدًا من السوق  
⛽ على بعد خطوات من محطة ساسكو  
🌿 حي هادئ وراقي – مناسب جدا للسكن 

🔹 مميزات العمارة:
- واجهة شمالية غربية .
- موقع يجمع بين الهدوء والخدمات .
- قربها من ممشى الحمراء .
- تبعد عن الحرم 20 دقيقة ( قريبة جدا من مسار)
- سهولة الوصول من وإلى الموقع  

* العمارة مؤجرة بالكامل الدخل قرابة 7%

💼 فرصة ذهبية للمستثمرين  
الموقع من أهم عوامل النجاح العقاري، وهذه العمارة في موقع يجمع كل المزايا 👌  

📞 للتواصل والاستفسار:  

تتكون العمارة من 12 شقة كل شقة تتكون من :
5 غرف نوم 
3 دورات مياه 
1 صالة 
2 مجلس

* الدور الأرضي يتكون من شقتين كل شقة تتكون من 
4 غرف 
3 دورات مياه
1 مجلس 
1 صالة 

* المحلق يتكون من شقتين 
- الشقة الأولى تتكون من 
2 غرفة 
2 دورة مياه 
1 صالة 
1 مطبخ 
- الشقة الثانية تتكون من 
2 غرفة 
1 دورة مياه 
1 مجلس 
1 مطبخ 

رقم رخصة فال : 1200047974",21.424383,39.773083,https://images.aqar.fm/webp/750x0/props/049133303_1774617545431.jpg | https://images.aqar.fm/webp/750x0/props/049133302_1774617545477.jpg | https://images.aqar.fm/webp/750x0/props/049133308_1774617545467.jpg | https://images.aqar.fm/webp/750x0/props/049133303_1774617545471.jpg | https://images.aqar.fm/webp/750x0/props/049133309_1774617545481.jpg | https://images.aqar.fm/webp/750x0/props/049133308_1774617545433.jpg | https://images.aqar.fm/webp/750x0/props/049133309_1774617545478.jpg | https://images.aqar.fm/webp/750x0/props/049133305_1776466293788.jpg,8,عبدالرحمن بن ابراهيم بن محمد اليحيى,,,2026-03-27,2026-03-27,2026-09-19,1053,2026-09-20,True,"5,200,000",False,عمارة
6460321,https://sa.aqar.fm/عمائر-للبيع/مكة-المكرمة/حي-المرسلات/شارع-النخيل-حي-المرسلات-مكة-منطقة-مكة-المكرمة-6460321,"عمارة للبيع في شارع 2849388, حي المرسلات, مدينة مكة المكرمة, منطقة مكة المكرمة",5800000,499,,,,11,حي المرسلات,مكة المكرمة,حي المرسلات,العقار على ثلاث شوارع حي المرسلات يبعد عن منى ٣ دقايق مشي بالاقدام,21.400877,39.885067,https://images.aqar.fm/webp/750x0/props/001422351_1762702841707.jpg,1,عبدالرحمن بن محمد بن حسن القرشي,,,2025-11-09,2025-11-10,2026-09-18,513,2026-09-20,True,"5,800,000",False,عمارة
6412066,https://sa.aqar.fm/عمائر-للبيع/مكة-المكرمة/حي-النزهة/شارع-الجامعي-حي-النزهة-مدينة-مكه-المكرمه-منطقة-مكة-المكرمة-6412066,"عمارة للبيع في شارع الجامعي, حي النزهة, مدينة مكه المكرمه, منطقة مكة المكرمة",2500000,493,,,,11,حي النزهة,مكة المكرمة,حي النزهة,"عمارة قديمة(هدد) - حي النزهة - مكة المكرمة 
مساحة الأرض :٤٩٣،٤٢ م٢ 
مساحة مباني: ٨٦٩.٥٣ م٢

الوصف: عمارة قديمة مكونة من دورين و ملحق علوي

موقع مميز:
- ارض ٤ واجهات 
- ⁠منطقة عمائر ، تصريح أربعة ادوار 
- ⁠سهولة الوصول لمركز المدينة و المشاعر المقدسة 
- ⁠قريب من الحرم ، تكامل البنية التحتية ، توفر الخدمات في الموقع 
- ⁠توفر الخدمات الأساسية : مدارس ، مراكز تجارية ، مرافق صحية ، مساجد، 
- ⁠الموقع حيوي 

تفاصيل عمارة :

الدور الارضي : ١ غرف نوم+ ٢ صالة ضيوف + ٣ حمامات + مطبخ

الدور الأول يتكون ٣ غرف نوم + صالة ضيوف + ٣ حمام + مطبخ

الدور الثاني يتكون ٣ غرف نوم + ٢ صالة ضيوف + ٣ حمام + مطبخ

الملحق يتكون غرفة نوم + حمام+ مطبخ + صالة*

لايوجد مصعد - ٣ مداخل لعمارة

المطلوب : ٢،٥٠٠،٠٠٠ ريال سعودي صافي",21.43372,39.796539,https://images.aqar.fm/webp/750x0/props/034655276_1759693974488.jpg | https://images.aqar.fm/webp/750x0/props/034655272_1759693974490.jpg | https://images.aqar.fm/webp/750x0/props/034655272_1759693974489.jpg | https://images.aqar.fm/webp/750x0/props/034655275_1759693974497.jpg | https://images.aqar.fm/webp/750x0/props/034655274_1759693974502.jpg,5,بدر ايمن يوسف جان,,,2025-10-05,2026-09-12,2026-09-12,507,2026-09-20,True,"2,500,000",False,عمارة
6602643,https://sa.aqar.fm/عمائر-للبيع/مكة-المكرمة/حي-الملك-فهد/شارع-ابو-بكر-المالكي-حي-ولي-العهد-مكة-منطقة-مكة-المكرمة-6602643,"عمارة للبيع في شارع ابو بكر المالكي, حي الشامية الجديد, مدينة مكة المكرمة, منطقة مكة المكرمة",2100000,283,,,,0,حي الملك فهد,مكة المكرمة,حي الملك فهد,"🏢 عمارة جديدة للبيع – حي ولي العهد 3 (مكة)

📍 موقع مميز جدًا:
قريبة من مدرسة خولة للبنات، حديقة، مسجد، وعلى مقربة من شارع 60 الرئيسي

🔹 تفاصيل العمارة:
	•	المساحة: 283.5 م²
	•	مساحة البناء: 983.29 م²
	•	مكونة من: 4 أدوار + ملحق
	•	بناء شخصي (ليس تجاري)

🔸 الدور الأرضي:
	•	مواقف سيارات
	•	غرفة حارس مع حمام

🔸 الأدوار (الأول – الثاني – الثالث):
كل دور شقة مكونة من:
	•	4 غرف (منها غرفة ماستر)
	•	صالة كبيرة
	•	مطبخ مغلق
	•	3 حمامات
	•	غرفة غسيل + غرفة خادمة

🔸 الملحق:
	•	شقة غرفتين (منها ماستر)
	•	مطبخ أمريكي مفتوح على الصالة
	•	2 حمام
	•	3 أسطح خاصة
       •         امكانية تسقيف سطح لتصبح 3 غرف

⚙️ المميزات والخدمات:
	•	لكل شقة خزان مستقل (سفلي + علوي) – 4 خزانات
	•	عدادات كهرباء مستقلة – 5 عدادات
	•	تأمين التعاونية 10 سنوات
	•	شهادة إتمام بناء
	•	تأسيس مصعد
	•	كاميرات مراقبة (4 كاميرات)
	•	تأسيس ألياف ضوئية
	•	تمديدات مكيفات سبليت (نحاس أمريكي)

🧱 جودة البناء:
	•	الحديد: سابك
	•	السباكة: الخليج
	•	الكهرباء: الفنار + بحرة
	•	الخرسانة: شركة منازل
⸻

💰 الأسعار:
	•	العمارة: 2,100,000 ريال
	

📌 ملاحظات:
	•	البيع من المالك مباشرة
	•	لا يوجد سعي
	•	غير شامل الضريبة
	•	السعر قابل للتفاوض",21.30781038647151,39.67982023559716,https://images.aqar.fm/webp/750x0/props/001915355_1771884530855.jpg | https://images.aqar.fm/webp/750x0/props/001915353_1774335369749.jpg | https://images.aqar.fm/webp/750x0/props/001915358_1774335369737.jpg | https://images.aqar.fm/webp/750x0/props/001915355_1774335369749.jpg | https://images.aqar.fm/webp/750x0/props/001915359_1774335369742.jpg | https://images.aqar.fm/webp/750x0/props/001915350_1774335369737.jpg | https://images.aqar.fm/webp/750x0/props/001915358_1774335369741.jpg | https://images.aqar.fm/webp/750x0/props/001915354_1774335369748.jpg | https://images.aqar.fm/webp/750x0/props/001915353_1774335369745.jpg | https://images.aqar.fm/webp/750x0/props/001915350_1774335536253.jpg | https://images.aqar.fm/webp/750x0/props/001915351_1774335536270.jpg | https://images.aqar.fm/webp/750x0/props/001915359_1774335536266.jpg | https://images.aqar.fm/webp/750x0/props/001915354_1774335536262.jpg | https://images.aqar.fm/webp/750x0/props/001915357_1774335536316.jpg | https://images.aqar.fm/webp/750x0/props/001915352_1774335536321.jpg | https://images.aqar.fm/webp/750x0/props/001915356_1774335536308.jpg | https://images.aqar.fm/webp/750x0/props/001915359_1774335536324.jpg | https://images.aqar.fm/webp/750x0/props/001915350_1774345396458.jpg | https://images.aqar.fm/webp/750x0/props/001915353_1774345396466.jpg | https://images.aqar.fm/webp/750x0/props/001915353_1774345396467.jpg | https://images.aqar.fm/webp/750x0/props/001915357_1774345396459.jpg | https://images.aqar.fm/webp/750x0/props/001915355_1774609114774.jpg | https://images.aqar.fm/webp/750x0/props/001915357_1775980538887.jpg | https://images.aqar.fm/webp/750x0/props/001915353_1775980563300.jpg,24,محمد فؤاد عبدالرحيم بنجر,,,2026-02-23,2026-03-13,2026-09-19,1553,2026-09-20,True,"2,100,000",False,عمارة
6619684,https://sa.aqar.fm/عمائر-للبيع/مكة-المكرمة/حي-الملك-فهد/شارع-ابو-عبدالرحمن-السلمي-حي-ولي-العهد-مكة-منطقة-مكة-المكرمة-6619684,"عمارة للبيع في شارع ابو الحسن السروجي, حي الشامية الجديد, مدينة مكة المكرمة, منطقة مكة المكرمة",3500000,600,,,,0,حي الملك فهد,مكة المكرمة,حي الملك فهد,عمارة اربعة ادوار  دور مواقف ارضي اصنصير ستة شقق وملحق كل شقة خزان ارضي وعلوي مستقل وكذلك الملحق عدد الغرف الاجمالي ٣٤غرفة,21.304633450153403,39.687093465617245,https://images.aqar.fm/webp/750x0/props/051488315_1773054499515.jpg | https://images.aqar.fm/webp/750x0/props/051488311_1773054499509.jpg | https://images.aqar.fm/webp/750x0/props/051488311_1773054499530.jpg,3,سالم بن محمد بن صالح باصحيح,,,2026-03-09,2026-03-09,2026-09-06,331,2026-09-20,True,"3,500,000",False,عمارة
6455801,https://sa.aqar.fm/عمائر-للبيع/مكة-المكرمة/حي-الخالدية/شارع-ابن-الحسن-الهمداني-حي-الخالدية-مكة-منطقة-مكة-المكرمة-6455801,"عمارة للبيع في شارع ابن الحسن الهمداني, حي الخالدية, مدينة مكة المكرمة, منطقة مكة المكرمة",1700000,400,,,,11,حي الخالدية,مكة المكرمة,حي الخالدية,"ثلاثة ادوار وملحق
كل دور فيه شقة 5 غرف 3 حمامات
مطبخ داخله غرفة خادمة مع حمام 
صالة معيشة
الملحق فيه غرفة وحمام
فيها مصعد
عمر العقار 15 سنة
مستثمرة سبعه سنوات
من فبراير 2025",21.401915854611673,39.801780801041176,https://images.aqar.fm/webp/750x0/props/042070468_1762281535679.jpg,1,حبيب محمدمكي عبدالله خان سلتي,,,2025-11-05,2025-12-14,2026-09-19,1855,2026-09-20,True,"1,700,000",False,عمارة
6624629,https://sa.aqar.fm/عمائر-للبيع/مكة-المكرمة/حي-الزاهر/شارع-بشر-بن-السري-حي-الزاهر-مدينة-مكة-المكرمة-منطقة-مكة-المكرمة-6624629,"عمارة للبيع في شارع بشر بن السري, حي الزاهر, مدينة مكة المكرمة, منطقة مكة المكرمة",3000000,400,,,,11,حي الزاهر,مكة المكرمة,حي الزاهر,"� عمارة للبيع – مكة المكرمة
الموقع: حي الزاهر – مخطط الأمير طلال بن منصور

https://maps.app.goo.gl/pZZ1JVrxouqnNQ6i6?g_st=ipc

                                                                                                        
	•	داخل حد الحرم – واجهة رخام جنوبية
	•	المساحة: 400 م² (20 × 20)
	•	مكونة من: 4 أدوار + ملحق + مصعد
	•	البعد عن الحرم: 6 كم تقريبًا
	•	الاستخدام: يسمح بالتأجير في موسم الحج والعمرة
	•	عمر العقار:      ◦       الدور الأول والثاني: 33 سنة
	◦	الدور الثالث والرابع والملحق: 9 سنوات

🔸 تفاصيل الأدوار:
	•	الدور الأرضي: شقتان (كل شقة 4 غرف + مطبخ + 2 دورة مياه + صالة صغيرة)
	•	الدور الثاني: شقتان (كل شقة 3 غرف + مطبخ + 2 دورة مياه + مخزن)
	•	الدور الثالث: شقة واحدة (5 غرف + صالة كبيرة + 3 دورات مياه + غرفة غسيل)
	•	الدور الرابع: شقة واحدة (4 غرف + مطبخ + مستودع + 3 دورات مياه + غرفة غسيل)
       •  الملحق: شقة (3 غرف + مطبخ + مستودع + 2 دورة مياه)
	•	الحوش: مواقف سيارات + ممرات
	•	المصعد: يخدم جميع الأدوار + الملحق
	•	تمديد غاز مركزي: للدور الثالث والرابع والملحق
	•	غرفة حارس: مع دورة مياه.
⚡ عدادات الكهرباء: 7 عدادات
السعر : 3000000 ريال

📸 صور الشقق والأدوار :

https://drive.google.com/drive/folders/16CY6EL4tzCrNLG1DDXYyoG0iHGdCoeAE",21.443926,39.791293,https://images.aqar.fm/webp/750x0/props/016256610_1756307103991.jpg | https://images.aqar.fm/webp/750x0/props/016256614_1756307103744.jpg | https://images.aqar.fm/webp/750x0/props/016256615_1756307104011.jpg | https://images.aqar.fm/webp/750x0/props/016256614_1756307103810.jpg | https://images.aqar.fm/webp/750x0/props/016256614_1756307104001.jpg | https://images.aqar.fm/webp/750x0/props/016256616_1756307104022.jpg | https://images.aqar.fm/webp/750x0/props/016256616_1756307103981.jpg | https://images.aqar.fm/webp/750x0/props/016256612_1756307104026.jpg,8,حمد ناصر محمد المري,,,2026-03-14,2026-03-14,2026-09-19,392,2026-09-20,True,"3,000,000",False,عمارة
6546230,https://sa.aqar.fm/عمائر-للبيع/مكة-المكرمة/حي-العتيبية/شارع-الحج-حي-العتيبية-مدينة-مكة-المكرمة-منطقة-مكة-المكرمة-6546230,"عمارة للبيع في شارع الحج, حي العتيبية, مدينة مكة المكرمة, منطقة مكة المكرمة",4000000,251,,,,11,حي العتيبية,مكة المكرمة,حي العتيبية,"▪️عمارة تجارية للبيع - مكة المكرمة ، شارع الحج ◾️
🌟 فرصة استثمار مميزة 🌟
منطقة أبراج 30 طابق ، تبعد عن الحرم المكي قرابة 4كم .
▫️المساحة : 251.55م ، بالاضافة الى ارض جبلية خلف المبنى.
▫️الواجهة : غربية على شارع 40م تقريباً
▫️العمارة مكونة من : 4 طوابق + ملحق ، 7 شقق ، محل تجاري بالطابق السفلي. ( العمارة مؤجرة بالكامل ).
▫️الصك إلكتروني
🔹المطلوب : 4 مليون صافي🔹
للتواصل /
واتساب: ((رقم المعلن يظهر عند التواصل))
اتصال :  ((رقم المعلن يظهر عند التواصل))
ترخيص الإعلان العقاري رقم( 7100251705 )",21.451874,39.811728,https://images.aqar.fm/webp/750x0/props/002021807_1768386181654.jpg,1,عبدالسلام علي,,,2026-01-14,2026-01-14,2026-09-18,573,2026-09-20,True,"4,000,000",False,عمارة
6628263,https://sa.aqar.fm/عمائر-للبيع/مكة-المكرمة/حي-الراشدية/شارع-خباب-الزبيدي-رضي-الله-عنه-حي-الشرائع-مدينة-مكة-المكرمة-منطقة-مكة-المكرمة-6628263,"عمارة للبيع في شارع خباب الزبيدي رضي الله عنه, حي الشرائع, مدينة مكة المكرمة, منطقة مكة المكرمة",1000,400,,,,6,حي الراشدية,مكة المكرمة,حي الراشدية,بيع عمارة ثلاثة الدوار  الدور الأول فيه شقه و دور ثاني فيه شقتين و دور الثالث نظام فيلا  في مخطط الشرائع رقم 9 قيمة البيع ثلاثة مليون ريال,21.478705,39.943622,https://images.aqar.fm/webp/750x0/props/035837619_1773869303440.jpg | https://images.aqar.fm/webp/750x0/props/035837614_1773869303620.jpg,2,خالد شديد عايض المطيري,,,2026-03-18,2026-09-09,2026-09-09,1639,2026-09-20,True,"1,000",False,عمارة
6580181,https://sa.aqar.fm/عمائر-للبيع/مكة-المكرمة/حي-الخضراء/شارع-نواس-بن-سمعان-العامري-رضي-الله-عنه-حي-الخضراء-مدينة-مكة-المكرمة-منطقة-مكة-المكرمة-6580181,"عمارة للبيع في شارع نواس بن سمعان العامري رضي الله عنه, حي الخضراء, مدينة مكة المكرمة, منطقة مكة المكرمة",2500000,669,,,,0,حي الخضراء,مكة المكرمة,حي الخضراء,$5b,21.465187,39.920019,https://images.aqar.fm/webp/750x0/props/010484035_1770496595539.jpg | https://images.aqar.fm/webp/750x0/props/010484036_1770496595573.jpg | https://images.aqar.fm/webp/750x0/props/010484037_1770496595567.jpg,3,محمد ناصر سعود الرمثي,,,2026-02-07,2026-02-07,2026-08-10,209,2026-09-20,True,"2,500,000",False,عمارة
6411906,https://sa.aqar.fm/عمائر-للبيع/مكة-المكرمة/حي-الملك-فهد/شارع-سمنان-حي-الملك-فهد-مكة-منطقة-مكة-المكرمة-6411906,"عمارة للبيع في شارع 2838602, حي البساتين, مدينة مكه المكرمه, منطقة مكة المكرمة",6000000,894,,,,0,حي الملك فهد,مكة المكرمة,حي الملك فهد,"عماره في مدينة مكة المكرمة حي الهدى ، مكونه من ثلاثه ادوار وملحق
داخل حد الحرم  
 ١ /الدور الارضي شقتين 
الشقه الاولى . ثلاث غرف وصاله ومطبخ وثلاث دورات مياه
الشقه الثانيه . خمس غرف ومطبخ وصاله واربع دورات مياه 
 ٢/ الدور الثاني  ثلاث شقق 
الشقه الاولى خمس غرف وصاله ومطبخ واربع دورات مياه 
الشقه الثانيه اربع غرف وصاله ومطبخ وثلاث دورات مياه 
الشقه الثالثه خمس غرف وصاله ومطبخ وثلاث دورات مياه 
٣/ الدور الثالث ثلاث شقق 
تفصيل الشقق في الثالث نفس الثاني 
٤/ الملحق شقه واحدة 
الملحق خمس غرف وصاله ومطبخ واربع دورات مياه + السطح مستقل + مدخل خاص من اسفل + خزان سفلي خاص وخزان علوي خاص العماره بدرج خاص ومصعد خاص 
الثلاث الادوار مدخل خاص ومصعد خاص 
 العماره جديده لم تسكن 
 غرفه حارس و وصاله ومطبخ ودرة مياه جانبيه مستقله  في الحوش 
غرفه حارس و ودورة مياه جانبيه مستقله 
 مساحة الارض الاجماليه ٨٩٤.٩٨ م",21.408979,39.748998,https://images.aqar.fm/webp/750x0/props/023562933_1759687176648.jpg | https://images.aqar.fm/webp/750x0/props/023562933_1759688171990.jpg | https://images.aqar.fm/webp/750x0/props/023562930_1759688171997.jpg | https://images.aqar.fm/webp/750x0/props/023562931_1759688171994.jpg | https://images.aqar.fm/webp/750x0/props/023562933_1759688171986.jpg | https://images.aqar.fm/webp/750x0/props/023562930_1759688171983.jpg | https://images.aqar.fm/webp/750x0/props/023562937_1759688172004.jpg | https://images.aqar.fm/webp/750x0/props/023562935_1759688172065.jpg | https://images.aqar.fm/webp/750x0/props/023562936_1759688171992.jpg,9,ماجد عبدالعزيز ابراهيم عيدان,,,2025-10-05,2025-10-06,2026-09-20,1097,2026-09-20,True,"6,000,000",False,عمارة
6672708,https://sa.aqar.fm/عمائر-للبيع/مكة-المكرمة/حي-الشوقية/شارع-المجرا-حي-المحمدية-مدينة-مكة-المكرمة-منطقة-مكة-المكرمة-6672708,"عمارة للبيع في شارع المجرا, حي المحمدية, مدينة مكة المكرمة, منطقة مكة المكرمة",7000000,608,,,,0,حي الشوقية,مكة المكرمة,حي الشوقية,"عمارة تصميم حديث في حي الشوقية مكة المكرمة 
مساحة 608  متر شارع 15 م التشطيب سوبر لوكس 
12 شقة من ٤  غرف  و ٣ حمامات و صالة و مطبخ و غرفة خادمة 
٢ شقة روف من ٤ غرف و ٣ حمامات وصالة وغرفة خادمة وسطح خاص
مواقف سيارات + بدروم كبير مجهز كصالة مناسبات + سطح علوي 
الموقع خلف مسجد البخاري شارع عبدالله بن عباس
المطلوب ٧ مليون ريال 
رقم رخصة فال 110018325",21.373462,39.792139,https://images.aqar.fm/webp/750x0/props/047377775_1777330114664.jpg | https://images.aqar.fm/webp/750x0/props/047377777_1777330114664.jpg,2,تركي بن عبدالرحمن بن عبدالقادر السكتاوى,,,2026-04-27,2026-05-27,2026-06-20,301,2026-09-20,True,"7,000,000",False,عمارة
6470371,https://sa.aqar.fm/عمائر-للبيع/مكة-المكرمة/حي-الخنساء/حي-ريع-ذاخر-مكة-منطقة-مكة-المكرمة-6470371,"عمارة للبيع في شارع شارع 92 ريع أذاخر 2, حي ريع اذاخر, مدينة مكة المكرمة, منطقة مكة المكرمة",8000000,870,,,,11,حي الخنساء,مكة المكرمة,حي الخنساء,محاذية لمشروع ذاخر الجديد وفندق نوفتيل,21.444914263982444,39.835871449147234,https://images.aqar.fm/webp/750x0/props/001422352_1763373460396.jpg | https://images.aqar.fm/webp/750x0/props/001422354_1763373460405.jpg | https://images.aqar.fm/webp/750x0/props/001422355_1763373460405.jpg,3,عبدالرحمن بن محمد بن حسن القرشي,,,2025-11-17,2025-11-19,2026-09-18,394,2026-09-20,True,"8,000,000",False,عمارة
6593666,https://sa.aqar.fm/عمائر-للبيع/مكة-المكرمة/حي-الشوقية/حي-ولي-العهد-مكة-منطقة-مكة-المكرمة-6593666,"عمارة للبيع في شارع ضبيا, حي المحمدية, مدينة مكة المكرمة, منطقة مكة المكرمة",2000000,550,,,,11,حي الشوقية,مكة المكرمة,حي الشوقية,"عمارة للبيع بمخطط السبهاني
قريبة من :
1. مسجد السبيل
٢. هوم ماركت
٣. ممشى السبهاني
يبعد عن الحرم 10 ك بالسيارة 15 -20 دقيقة
داخل النطاق الدائري الرابع ويبعد بدقيقتين عنه، منطقة 4 ادوار
شارع 15 مساحة 550م رقم القطعة 817 ، دورين من 4 شقق
كل شقة 4 غرف ، مدخل + صالة، 2 حمام ، السطح مكون من ملحقين من 3غرف كبيرة +3 حمامات
إجمالي الغرف بالمنزل 20 غرفة 
مؤسس مصعد , حوش كامل حول المنزل ، غرفة حارس بحمام .
جميع الخدمات موجودة / مياه ، صرف صحي ، كهرباء ، فايبر انترنت
المطلوب : 2000000 قابل للتفاوض
الموقع : https://maps.app.goo.gl/CrhQbKogYc8vW2gx8",21.35675194024119,39.78391067164705,https://images.aqar.fm/webp/750x0/props/042999254_1771275560718.jpg | https://images.aqar.fm/webp/750x0/props/042999254_1771275572978.jpg,2,وليد سليمان مكي منشي,,,2026-02-16,2026-02-17,2026-09-11,1127,2026-09-20,True,"2,000,000",False,عمارة
6844239,https://sa.aqar.fm/عمائر-للبيع/مكة-المكرمة/حي-العمرة-الجديدة/شارع-135-الفرقان-حي-الفرقان-مدينة-مكة-المكرمة-منطقة-مكة-المكرمة-6844239,"عمارة للبيع في شارع 135 الفرقان, حي الفرقان, مدينة مكة المكرمة, منطقة مكة المكرمة",2000000,771,,,,3,حي العمرة الجديدة,مكة المكرمة,حي العمرة الجديدة,"🏢 عمارة للبيع | العمرة الجديدة – مكة
📍 شارع الفرقان – العمرة الجديدة
📐 مساحة الأرض: 700م² | مساحة البناء: 500م²
🏗️ عمر العقار: 3 سنوات
🏠 مكونة من شقتين، كل شقة: ▫️ 5 غرف
▫️ صالة
▫️ مطبخ
▫️ 2 دورات مياه
💰 المطلوب: 2,000,000 ريال
💳 جميع خيارات الدفع متاحة",21.590771,39.806638,https://images.aqar.fm/webp/750x0/props/047085050_1787825264273.jpg,1,سعد راشد معيض الشلوي,شركة الحلول المتفوقة المحدودة شركة شخص واحد,1,2026-08-27,2026-08-27,2026-09-19,42,2026-09-20,True,"2,000,000",False,عمارة
6763084,https://sa.aqar.fm/عمائر-للبيع/مكة-المكرمة/حي-بطحاء-قريش/شارع-الشهاب-المرحومي-حي-بطحاء-قريش-مدينة-مكة-المكرمة-منطقة-مكة-المكرمة-6763084,"عمارة للبيع في شارع الشهاب المرحومي, حي بطحاء قريش, مدينة مكة المكرمة, منطقة مكة المكرمة",4800000,894,,,,11,حي بطحاء قريش,مكة المكرمة,حي بطحاء قريش,"للبيع عماره سكنيه استثماريه في مكه حي بطحاء قريش
٠ مصعدين للعماره
• المساحة 894 م

مكونه من ثلاث ادوار وملحق نصف دور 
- الملحق عباره عن فيلا مع السطح مكونه من ٦ غرف نوم وصالتين و 6 دوراة مياه و مجلسين 
عدد الشقق 12  في كل دور 4 شقق كل شقة مكونه من 5 غرف وصاله و3 دوراة مياه
 وفيها بدروم كبير على شكل صاله كبيره ودورة مياه ودرجين داخلي 

أجمالي عدد الغرف 67 غرفة 
مميزات العماره 
الحي هادي جدا وقريبه من الحرم تبعد عن الحرم تقريبا ١٥ إلى ٢٠ دقيقه
قريب من الخدمات 

عدادات الكهرباء مكتمله ١٣ عداد والخدمات عداد المجموع ١٤

المطلوب ٥ مليون",21.370247,39.825171,https://images.aqar.fm/webp/750x0/props/020047553_1783378173212.jpg | https://images.aqar.fm/webp/750x0/props/020047555_1783378238998.jpg | https://images.aqar.fm/webp/750x0/props/020047559_1783378239007.jpg,3,فوزيه احمد عبدالله الغامدي,مكتب أملاك المملكه العقارية,1,2026-07-06,2026-09-03,2026-09-04,311,2026-09-20,True,"4,800,000",False,عمارة
6558203,https://sa.aqar.fm/عمائر-للبيع/مكة-المكرمة/حي-البحيرات/شارع-جارية-بن-عبد-الله-الأشجعي-حي-البحيرات-مدينة-مكة-المكرمة-منطقة-مكة-المكرمة-6558203,"عمارة للبيع في شارع جارية بن عبد الله الأشجعي, حي البحيرات, مدينة مكة المكرمة, منطقة مكة المكرمة",1350000,458,,,,11,حي البحيرات,مكة المكرمة,حي البحيرات,"عمارة سكنية للبيع

| حي: البحيرات
| المساحة: 458.8 متر 
| الشارع: 15 متر 
| الواجهة: شمالية
| عدد الادوار: 3 ادوار  

| تتكون من: 
- الدور الارضي/ شقة 4 غرف
- الدور الاول/ شقة 6 غرف
- الدور الاخير/ شقتين ( شقة غرفتين و شقة 3 غرف)




| السعر: 1.350.000 ريال صافي
( لا يشمل السعي و الضريبة )


لمعرفة المزيد و استقبال عروضكم
و طلباتكم تواصلوا معنا عبر: 

((رقم المعلن يظهر عند التواصل))
((رقم المعلن يظهر عند التواصل))
‏Info@almahafeth.sa 

كما يمكنكم زيارة موقعنا الالكتروني: 
www.almahafeth.sa

نسعد بخدمتكم",21.472514,39.787019,https://images.aqar.fm/webp/750x0/props/049664075_1787311617373.png,1,ماجد ال سعد,شركة المحافظ الموحدة العقارية,1,2026-01-22,2026-01-22,2026-09-19,1785,2026-09-20,True,"1,350,000",False,عمارة
6815159,https://sa.aqar.fm/عمائر-للبيع/مكة-المكرمة/حي-النوارية/شارع-البشامه-حي-النوارية-مدينة-مكة-المكرمة-منطقة-مكة-المكرمة-6815159,"عمارة للبيع في شارع البشامه, حي النوارية, مدينة مكة المكرمة, منطقة مكة المكرمة",3500000,696,,,,11,حي النوارية,مكة المكرمة,حي النوارية,"للبيع عمارة سكنية وتجارية في زهرة العمرة – مكة

 الموقع: زهرة العمرة
 المساحة: حوالي 700 م²
 الواجهة: شمالية
 الموقع: قريبة من الخط السريع
 الشارع: تجاري بعرض 32م

 تفاصيل العقار:

* دورين + ملحق
* عدد 4 شقق
* عمر العقار حوالي 20 سنة
* الشقق حاليًا غير مؤجرة
* الدخل الإيجاري المتوقع للشقق: من 80 إلى 120 ألف ريال سنويًا حسب قيمة الإيجار

 المطلوب: 3,500,000 ريال

العقار مناسب للسكن والاستثمار، وموقعه مميز لقربه من الخط السريع ووقوعه على شارع تجاري.

للتواصل والاستفسار: التواصل على الخاص.",21.530173,39.783047,https://images.aqar.fm/webp/750x0/props/052151825_1786383844370.jpg,1,ابتسام معوض,شركة فرصة للتطوير والاستثمار العقاري,1,2026-08-10,2026-09-09,2026-09-20,102,2026-09-20,True,"3,500,000",False,عمارة
6793261,https://sa.aqar.fm/عمائر-للبيع/مكة-المكرمة/حي-الملك-فهد/شارع-الأمير-مقرن-بن-عبدالعزيز-آل-سعود-حي-الشامية-الجديد-مدينة-مكة-المكرمة-منطقة-مكة-المكرمة-6793261,"عمارة للبيع في شارع الأمير مقرن بن عبدالعزيز آل سعود, حي الشامية الجديد, مدينة مكة المكرمة, منطقة مكة المكرمة",1300000,517,,,,0,حي الملك فهد,مكة المكرمة,حي الملك فهد,"الحجاز للخدمات العقارية 

بيع | شراء | تسويق | إدارة أملاك | توثيق عقود الإيجار

📄 رقم رخصة فال: 1200004861
📄 رقم ترخيص الإعلان: 7201058831

━━━━━━━━━━━━━━━━━━

🏡 للبيع عمارة دورين وملحق في مخطط ولي العهد 3 📍

الدور الأرضي:

* مجلس
* مجلس نساء
* صالة
* مطبخ
* غرفتا نوم
* 3 دورات مياه
* غرفة غسيل

الدور الأول:

* مجلس
* غرفة طعام
* مجلس نساء
* صالة
* مطبخ
* غرفتا نوم
* 3 دورات مياه
* غرفة غسيل

الملحق:

* غرفتان
* صالة
* مطبخ أمريكي
* دورتا مياه
* سطحان (أمامي وخلفي)

✨ المميزات:

* مدخلان (حوش + مدخل سيارة خاص)
* خزانات مستقلة
* تشطيب مودرن
* تأسيس مصعد
* شارع 15م
* ضمانات السباكة والكهرباء
* كرت إشراف هندسي
* جميع الضمانات الإنشائية والكهربائية ✅

━━━━━━━━━━━━━━━━━━

📐 المساحة: 300 م²
💰 السعر: 1,300,000 ريال

📞 للتواصل: ((الرقم يظهر عند الضغط على اتصال))

━━━━━━━━━━━━━━━━━━

تابعنا على منصات التواصل الاجتماعي:

🤳 سناب شات:
snapchat.com/t/RdEy3wEq

📱 تيك توك:
tiktok.com/@alhijaz_2030",21.338705,39.695662,https://images.aqar.fm/webp/750x0/props/027447295_1771616466087.jpg | https://images.aqar.fm/webp/750x0/props/027447299_1771616474027.jpg | https://images.aqar.fm/webp/750x0/props/027447297_1771616474038.jpg | https://images.aqar.fm/webp/750x0/props/027447292_1771616474051.jpg | https://images.aqar.fm/webp/750x0/props/027447290_1771616474046.jpg | https://images.aqar.fm/webp/750x0/props/027447298_1771616474050.jpg | https://images.aqar.fm/webp/750x0/props/027447295_1771616474055.jpg | https://images.aqar.fm/webp/750x0/props/027447298_1771616474052.jpg | https://images.aqar.fm/webp/750x0/props/027447291_1771616474054.jpg | https://images.aqar.fm/webp/750x0/props/027447299_1771616487252.jpg | https://images.aqar.fm/webp/750x0/props/027447293_1771616487276.jpg | https://images.aqar.fm/webp/750x0/props/027447292_1771616487368.jpg | https://images.aqar.fm/webp/750x0/props/027447292_1771616487400.jpg | https://images.aqar.fm/webp/750x0/props/027447296_1771616487513.jpg | https://images.aqar.fm/webp/750x0/props/027447292_1771616487532.jpg | https://images.aqar.fm/webp/750x0/props/027447296_1771616487445.jpg | https://images.aqar.fm/webp/750x0/props/027447299_1771616487519.jpg | https://images.aqar.fm/webp/750x0/props/027447294_1771616502310.jpg,18,ياسر ناصر,مكتب الحجاز دليلك للخدمات العقارية,1,2026-07-27,2026-08-26,2026-09-18,108,2026-09-20,True,"1,300,000",False,عمارة
6794552,https://sa.aqar.fm/عمائر-للبيع/مكة-المكرمة/حي-الملك-فهد/شارع-الأمير-مقرن-بن-عبدالعزيز-آل-سعود-حي-الشامية-الجديد-مدينة-مكة-المكرمة-منطقة-مكة-المكرمة-6794552,"عمارة للبيع في شارع الأمير مقرن بن عبدالعزيز آل سعود, حي الشامية الجديد, مدينة مكة المكرمة, منطقة مكة المكرمة",1280000,411,,,,0,حي الملك فهد,مكة المكرمة,حي الملك فهد,"الحجاز للخدمات العقارية 

بيع | شراء | تسويق | إدارة أملاك | توثيق عقود إيجار

رقم رخصة فال: 1200004861
رقم ترخيص الإعلان: 7201060250

━━━━━━━━━━━━━━━━━━

🏡 للبيع عمارة دورين في مخطط ولي العهد 3 📍

✨ تفاصيل العقار:

🔹 الدور الأرضي:

* مجلس
* مجلس نساء
* غرفتا نوم
* صالة
* مطبخ
* غرفة غسيل
* 3 دورات مياه

🔹 الدور الأول:

* مجلس
* غرفة طعام
* مجلس نساء
* غرفتا نوم
* صالة
* مطبخ
* 3 دورات مياه

🌟 المميزات:

* مدخلان
* حوش
* مدخل سيارة خاص
* خزانات مستقلة
* تشطيب مودرن
* تأسيس مصعد
* شارع 25م
* ضمانات السباكة والكهرباء
* كرت إشراف هندسي
* جميع الضمانات الإنشائية والكهربائية متوفرة ✅

📐 المساحة: 300 م²
💰 السعر: 1,280,000 ريال

📞 للتواصل والاستفسار:

((الرقم يظهر عند الضغط على اتصال))

━━━━━━━━━━━━━━━━━━

تابعنا على منصات التواصل الاجتماعي:

🤳 سناب شات:
snapchat.com/t/RdEy3wEq

📱 تيك توك:
tiktok.com/@alhijaz_2030",21.33866,39.695643,https://images.aqar.fm/webp/750x0/props/027447296_1779559505192.jpg | https://images.aqar.fm/webp/750x0/props/027447291_1779559517787.jpg | https://images.aqar.fm/webp/750x0/props/027447291_1779559517775.jpg | https://images.aqar.fm/webp/750x0/props/027447293_1779559517799.jpg | https://images.aqar.fm/webp/750x0/props/027447297_1779559517786.jpg | https://images.aqar.fm/webp/750x0/props/027447293_1779559517745.jpg | https://images.aqar.fm/webp/750x0/props/027447290_1779559517749.jpg | https://images.aqar.fm/webp/750x0/props/027447295_1779559517774.jpg | https://images.aqar.fm/webp/750x0/props/027447292_1779559650008.jpg | https://images.aqar.fm/webp/750x0/props/027447290_1779559650061.jpg | https://images.aqar.fm/webp/750x0/props/027447290_1779559665966.jpg,11,ياسر ناصر,مكتب الحجاز دليلك للخدمات العقارية,1,2026-07-28,2026-08-26,2026-09-18,239,2026-09-20,True,"1,280,000",False,عمارة
6873042,https://sa.aqar.fm/عمائر-للبيع/مكة-المكرمة/حي-البحيرات/حي-البحيرات-مدينة-مكة-المكرمة-منطقة-مكة-المكرمة-6873042,"عمارة للبيع في حي البحيرات, مدينة مكة المكرمة, منطقة مكة المكرمة",1550000,476,,,,0,حي البحيرات,مكة المكرمة,حي البحيرات,$5e,21.482675,39.7767,https://images.aqar.fm/webp/750x0/props/027447293_1789329814829.jpg | https://images.aqar.fm/webp/750x0/props/027447294_1789329820094.jpg | https://images.aqar.fm/webp/750x0/props/027447293_1789329831918.jpg | https://images.aqar.fm/webp/750x0/props/027447291_1789329831732.jpg | https://images.aqar.fm/webp/750x0/props/027447291_1789329831887.jpg | https://images.aqar.fm/webp/750x0/props/027447291_1789329831737.jpg | https://images.aqar.fm/webp/750x0/props/027447296_1789329831897.jpg | https://images.aqar.fm/webp/750x0/props/027447297_1789329831761.jpg | https://images.aqar.fm/webp/750x0/props/027447299_1789329831760.jpg | https://images.aqar.fm/webp/750x0/props/027447297_1789329831766.jpg | https://images.aqar.fm/webp/750x0/props/027447292_1789329842734.jpg | https://images.aqar.fm/webp/750x0/props/027447298_1789329853117.jpg,12,ياسر ناصر,مكتب الحجاز دليلك للخدمات العقارية,1,2026-09-13,2026-09-13,2026-09-18,50,2026-09-20,True,"1,550,000",False,عمارة
6873048,https://sa.aqar.fm/عمائر-للبيع/مكة-المكرمة/حي-الملك-فهد/شارع-الحارث-بن-أوس-الثقفي-حي-الفلق-الجديد-مدينة-مكة-المكرمة-منطقة-مكة-المكرمة-6873048,"عمارة للبيع في شارع الحارث بن أوس الثقفي, حي الفلق الجديد, مدينة مكة المكرمة, منطقة مكة المكرمة",1100000,300,,,,0,حي الملك فهد,مكة المكرمة,حي الملك فهد,"الحجاز للخدمات العقارية 

بيع | شراء | تسويق | إدارة أملاك | توثيق عقود إيجار

رقم رخصة فال: 1200004861
رقم ترخيص الإعلان: 7201131779

━━━━━━━━━━━━━━━━━━

🏢 للبيع عمارة دورين في مخطط ولي العهد 4 📍

🏠 الدور الأرضي:

• مجلس رجال
• مجلس نساء
• صالة
• مطبخ
• غرفتا نوم
• 3 دورات مياه
• غرفة غسيل

🏠 الدور الأول:

• مجلس رجال
• غرفة طعام
• مجلس نساء
• صالة
• مطبخ
• غرفتا نوم
• 3 دورات مياه
• غرفة غسيل

━━━━━━━━━━━━━━━━━━

⭐ مميزات العقار:

✅ مدخلين
✅ حوش
✅ مدخل سيارة خاص
✅ خزانات مستقلة
✅ تشطيب مودرن
✅ تأسيس مصعد
✅ شارع 15م
✅ ضمانات السباكة والكهرباء
✅ كرت إشراف هندسي
✅ جميع الضمانات الإنشائية والكهربائية

━━━━━━━━━━━━━━━━━━

📐 المساحة: 300 متر مربع
💰 السعر: 1,100,000 ريال

━━━━━━━━━━━━━━━━━━

📞 للتواصل:
((الرقم يظهر عند الضغط على اتصال))

الحجاز للخدمات العقارية
نستقبل عروضكم وطلباتكم العقارية",21.282634,39.684414,https://images.aqar.fm/webp/750x0/props/027447297_1789330080954.jpg | https://images.aqar.fm/webp/750x0/props/027447291_1789330087459.jpg | https://images.aqar.fm/webp/750x0/props/027447292_1789330099137.jpg | https://images.aqar.fm/webp/750x0/props/027447293_1789330099145.jpg | https://images.aqar.fm/webp/750x0/props/027447295_1789330098962.jpg | https://images.aqar.fm/webp/750x0/props/027447290_1789330099141.jpg | https://images.aqar.fm/webp/750x0/props/027447291_1789330099139.jpg | https://images.aqar.fm/webp/750x0/props/027447296_1789330099134.jpg | https://images.aqar.fm/webp/750x0/props/027447299_1789330098949.jpg | https://images.aqar.fm/webp/750x0/props/027447297_1789330099131.jpg | https://images.aqar.fm/webp/750x0/props/027447298_1789330120410.jpg | https://images.aqar.fm/webp/750x0/props/027447299_1789330120572.jpg | https://images.aqar.fm/webp/750x0/props/027447291_1789330132253.jpg,13,ياسر ناصر,مكتب الحجاز دليلك للخدمات العقارية,1,2026-09-13,2026-09-13,2026-09-18,43,2026-09-20,True,"1,100,000",False,عمارة
6720765,https://sa.aqar.fm/عمائر-للبيع/مكة-المكرمة/حي-الشوقية/شارع-رأس-ابي-الموج-حي-المحمدية-مدينة-مكة-المكرمة-منطقة-مكة-المكرمة-6720765,"عمارة للبيع في شارع رأس ابي الموج, حي المحمدية, مدينة مكة المكرمة, منطقة مكة المكرمة",8500000,810,,,,11,حي الشوقية,مكة المكرمة,حي الشوقية,":
## 🏢 **عمارة استثمارية مميزة للبيع في قلب الشوقية، مكة المكرمة**
**فرصة استثمارية استثنائية بموقع استراتيجي نابض بالحياة، قريبة من الحرم الشريف وتتمتع بكافة الخدمات المتكاملة وبنية تحتية جاهزة.**
### 📌 **مواصفات العقار الفنية:**
 * **المساحة:** 810 متر مربع.
 * **الواجهة:** شمالية.
 * **الغرض:** سكني.
 * **عرض الشارع:** 16 متر.
 * **عمر العقار:** 8 سنوات (بحالة مميزة وشبه جديدة).
 * **عدد الشقق الحالية:** 12 شقة.
 * **الميزة الإضافية:** مسموح بنظام البناء لـ (دورين إضافيين) لزيادة العائد الاستثماري.
### ✨ **مميزات الموقع والخدمات:**
 * **الموقع:** في قلب حي الشوقية النابض، بالقرب من الطريق الدائري الثالث والدائري الرابع، مما يسهل الحركة والوصول من وإلى الحرم الشريف وجميع الاتجاهات.
 * **القرب من الخدمات:** دقيقتان مشياً على الأقدام من الشارع الرئيسي، ومجاورة مباشرة لمسجد وحديقة.
 * **حالة المبنى:** العقار سليم تماماً ومن كل شيء بحالة مميزة جداً (شبه جديدة).
 * **الخدمات الأساسية:** متوفر كهرباء ومياه وصرف صحي .",21.373523,39.785665,https://images.aqar.fm/webp/750x0/props/052623996_1780728533610.jpg | https://images.aqar.fm/webp/750x0/props/052623993_1780728533593.jpg | https://images.aqar.fm/webp/750x0/props/052623992_1780728533592.jpg | https://images.aqar.fm/webp/750x0/props/052623998_1780728533591.jpg,4,أحمد علي فايز,شركة أرسان الحجاز العقارية,1,2026-06-06,2026-09-01,2026-09-19,131,2026-09-20,True,"8,500,000",False,عمارة
6871371,https://sa.aqar.fm/عمائر-للبيع/مكة-المكرمة/حي-الملك-فهد/شارع-الأمير-مقرن-بن-عبدالعزيز-آل-سعود-حي-الشامية-الجديد-مدينة-مكة-المكرمة-منطقة-مكة-المكرمة-6871371,"عمارة للبيع في شارع الأمير مقرن بن عبدالعزيز آل سعود, حي الشامية الجديد, مدينة مكة المكرمة, منطقة مكة المكرمة",1300000,453,,,,0,حي الملك فهد,مكة المكرمة,حي الملك فهد,"الحجاز للخدمات العقارية

بيع | شراء | تسويق | إدارة أملاك | توثيق عقود إيجار

رقم رخصة فال: 1200004861
رقم ترخيص الإعلان: 7201129411

━━━━━━━━━━━━━━━━━━

🏠 للبيع عمارة دورين في مخطط ولي العهد 3 📍

🔹 الدور الأرضي:

• مجلس رجال
• غرفة طعام
• 2 غرفة نوم
• صالة
• مطبخ
• 3 دورات مياه

🔹 الدور الأول:

• مجلس رجال
• غرفة طعام
• مجلس نساء
• 2 غرفة نوم
• صالة
• مطبخ
• 3 دورات مياه

✨ مميزات العقار:

✅ مدخلين
✅ حوش
✅ مدخل سيارة خاص
✅ خزانات مستقلة
✅ تشطيب مودرن
✅ تأسيس مصعد
✅ شارعين 15م
✅ ضمانات سباكة وكهرباء
✅ كرت إشراف هندسي

━━━━━━━━━━━━━━━━━━

📐 المساحة: 300 م²

💰 المطلوب: 1,300,000 ريال

📞 للتواصل: ((الرقم يظهر عند الضغط على اتصال))

الحجاز للخدمات العقارية
خبرة.. ثقة.. واستثمار ناجح",21.338706,39.695581,https://images.aqar.fm/webp/750x0/props/027447299_1789246793580.jpg | https://images.aqar.fm/webp/750x0/props/027447291_1789246799600.jpg | https://images.aqar.fm/webp/750x0/props/027447294_1789246811749.jpg | https://images.aqar.fm/webp/750x0/props/027447293_1789246812018.jpg | https://images.aqar.fm/webp/750x0/props/027447291_1789246811868.jpg | https://images.aqar.fm/webp/750x0/props/027447297_1789246812009.jpg | https://images.aqar.fm/webp/750x0/props/027447297_1789246811861.jpg | https://images.aqar.fm/webp/750x0/props/027447298_1789246812010.jpg | https://images.aqar.fm/webp/750x0/props/027447295_1789246812019.jpg | https://images.aqar.fm/webp/750x0/props/027447297_1789246812042.jpg | https://images.aqar.fm/webp/750x0/props/027447293_1789246832534.jpg | https://images.aqar.fm/webp/750x0/props/027447290_1789246832531.jpg | https://images.aqar.fm/webp/750x0/props/027447290_1789246832527.jpg | https://images.aqar.fm/webp/750x0/props/027447295_1789246832534.jpg | https://images.aqar.fm/webp/750x0/props/027447291_1789246843799.jpg,15,ياسر ناصر,مكتب الحجاز دليلك للخدمات العقارية,1,2026-09-12,2026-09-12,2026-09-18,18,2026-09-20,True,"1,300,000",False,عمارة
6587151,https://sa.aqar.fm/عمائر-للبيع/مكة-المكرمة/حي-النزهة/شارع-مسجد-بن-حسن-حي-النزهة-مدينة-مكة-المكرمة-منطقة-مكة-المكرمة-6587151,"عمارة للبيع في شارع مسجد بن حسن, حي النزهة, مدينة مكة المكرمة, منطقة مكة المكرمة",6000000,625,,,,11,حي النزهة,مكة المكرمة,حي النزهة,"شركة سهم العقارية 
رقم العرض 366
للتواصل / ((رقم المعلن يظهر عند التواصل))
___
للبيع عمارة تجارية أربعة أدوار في مكة المكرمة - حي النزهة
المساحة: 625 متر مربع
المطلوب: 6,000,000
___
-الدخل الحالي: 250,000
-شارع شمالي عرض 15 متر 
-أربعة شقق من 5 غرف وثلاثة دورات مياة وصاله ومطبخ
-اربعه محلات تجارية 
-منطقة فنادق 
-15 دقيقة تقريبا للحرم المكي الشريف",21.435223,39.791267,https://images.aqar.fm/webp/750x0/props/021331985_1770873829705.jpg,1,بدور بندر,مكتب سهم الغرب للخدمات العقارية,1,2026-02-12,2026-09-03,2026-09-20,241,2026-09-20,True,"6,000,000",False,عمارة
6875835,https://sa.aqar.fm/عمائر-للبيع/مكة-المكرمة/حي-العمرة-الجديدة/شارع-البحاري-حي-العمرة-مدينة-مكة-المكرمة-منطقة-مكة-المكرمة-6875835,"عمارة للبيع في شارع البحاري, حي العمرة, مدينة مكة المكرمة, منطقة مكة المكرمة",1100000,500,,,,11,حي العمرة الجديدة,مكة المكرمة,حي العمرة الجديدة,"� عمارة للبيع | حي العمرة الجديد – مكة المكرمة

📍 الموقع: حي العمرة الجديد – مكة المكرمة
🎥 تنبيه مهم: مرفق بالإعلان فيديو تفصيلي للعقار.

✨ مواصفات العقار

* 🏗️ عمارة مرممة بالكامل ومضمونة.
* تتكون من دورين ونصف.
* تتكون حاليًا من 3 وحدات سكنية، مع إمكانية تقسيمها إلى 4 وحدات.
* 🚪 مدخل مستقل لدرج المستأجرين.
* 🏡 مجلس خارجي مع مطبخ ودورتي مياه، ويمكن الاستفادة منه كـ غرفة سائق أو تأجيره بشكل مستقل.
* يوجد سطح للدور الأول وسطح للدور الثاني.
* ⚡ 3 عدادات كهرباء مستقلة.
* 📅 عمر العقار: 20 سنة تقريبًا.
* 📜 الصك مسجل عينيًا.

💰 السعر

آخر سوم: 950,000 ريال
🔥 السعر المطلوب: 1,100,000 ريال سعودي

⸻

🏢 الكثيري العقارية

شريكك العقاري الموثوق

نسوق عقاراتكم بيعًا وتأجيرًا، وندير أملاككم باحترافية عالية وخبرة ممتدة تضمن لكم راحة البال.

خدماتنا التسويقية المتكاملة:
📸 تصوير جوي احترافي للعقار
🎨 تصميم إعلاني جذاب
🔒 حلول أمنية: كاميرات مراقبة وأقفال ذكية
🧹 خدمات لوجستية: حارس وتنظيف مستمر
📑 توثيق عقود الإيجار بأقل الأسعار

🛡️ منشأة مرخصة وموثوقة

رخصة فال للوساطة والتسويق: 1200030391
عضوية شبكة إيجار: EJAR_92045379
السجل التجاري: 1009085763
مسجل عقاري مرخص: 2223005248

📞 للتواصل – اتصال أو واتساب:
((الرقم يظهر عند الضغط على اتصال))",21.570143,39.787163,https://images.aqar.fm/webp/750x0/props/042412816_1789822962943.jpg | https://images.aqar.fm/webp/750x0/props/042412818_1789481000750.jpg | https://images.aqar.fm/webp/750x0/props/042412817_1789481000744.png | https://images.aqar.fm/webp/750x0/props/042412810_1789487669865.jpg | https://images.aqar.fm/webp/750x0/props/042412813_1789481001054.jpg | https://images.aqar.fm/webp/750x0/props/042412815_1789540658799.jpg | https://images.aqar.fm/webp/750x0/props/042412817_1789540658809.jpg | https://images.aqar.fm/webp/750x0/props/042412811_1789540658798.jpg | https://images.aqar.fm/webp/750x0/props/042412819_1789540658807.jpg | https://images.aqar.fm/webp/750x0/props/042412811_1789540658809.jpg | https://images.aqar.fm/webp/750x0/props/042412812_1789540658813.jpg | https://images.aqar.fm/webp/750x0/props/042412816_1789540658819.jpg | https://images.aqar.fm/webp/750x0/props/042412814_1789540658818.jpg,13,لولوه حمد سعد الكثيري,مؤسسة لولوه حمد سعد الكثيري للعقارات,1,2026-09-15,2026-09-15,2026-09-19,52,2026-09-20,True,"1,100,000",False,عمارة
6760193,https://sa.aqar.fm/عمائر-للبيع/مكة-المكرمة/حي-الملك-فهد/شارع-الامير-سعد-ابن-فهد-ابن-سعد-حي-الشامية-الجديد-مدينة-مكة-المكرمة-منطقة-مكة-المكرمة-6760193,"عمارة للبيع في شارع الامير سعد ابن فهد ابن سعد, حي الشامية الجديد, مدينة مكة المكرمة, منطقة مكة المكرمة",4500000,600,,,,1,حي الملك فهد,مكة المكرمة,حي الملك فهد,"عمارة سكني تجاري للبيع في موقع جديد ومميز داخل حد الحرم
• تتكون من 4 ادوار وملحق 
الدور الارضي 1
الميزان 1
الدور الاول 2
الدور الثاني 2
وشقه ملحق
• كل شقة 5 غرف وصالة و3 دوراة مياة
•جميع الشقق مؤجره متبقي شقة واحدة ومحل واحد.
• دخلها السنوي تقريباً 250 الف.

السعر 4,500,000 ريال قابل للتفاوض للجاد",21.320834,39.700725,https://images.aqar.fm/webp/750x0/props/053132217_1783242698245.jpg,1,أحمد علي فايز,شركة أرسان الحجاز العقارية,1,2026-07-05,2026-09-01,2026-09-19,186,2026-09-20,True,"4,500,000",False,عمارة
6867013,https://sa.aqar.fm/عمائر-للبيع/مكة-المكرمة/حي-الملك-فهد/شارع-الأمير-مقرن-بن-عبدالعزيز-آل-سعود-حي-الشامية-الجديد-مدينة-مكة-المكرمة-منطقة-مكة-المكرمة-6867013,"عمارة للبيع في شارع الأمير مقرن بن عبدالعزيز آل سعود, حي الشامية الجديد, مدينة مكة المكرمة, منطقة مكة المكرمة",1250000,432,,,,0,حي الملك فهد,مكة المكرمة,حي الملك فهد,"الحجاز للخدمات العقارية

بيع | شراء | تسويق | إدارة أملاك | توثيق عقود إيجار

رقم رخصة فال: 1200004861
رقم ترخيص الإعلان: 7201126341

━━━━━━━━━━━━━━━━━━
للبيع | عمارة دورين في مخطط ولي العهد 3 🏠📍
✨ تفاصيل العقار:
🔹 الدور الأرضي:
• مجلس
• مجلس نساء
• غرفتا نوم
• صالة
• مطبخ
• غرفة غسيل
• 3 دورات مياه
🔹 الدور الأول:
• مجلس
• غرفة طعام
• مجلس نساء
• غرفتا نوم
• صالة
• مطبخ
• 3 دورات مياه
🌟 مميزات العقار:
• مدخلان
• حوش
• مدخل سيارة خاص
• خزانات مستقلة
• تشطيب مودرن
• تأسيس مصعد
• شارع 15
• ضمانات السباكة والكهرباء
• كرت إشراف هندسي
• جميع الضمانات الإنشائية والكهربائية متوفرة ✅
📐 المساحة: 300 م2

💰 السعر: 1,250,000 ريال

📞 للتواصل والاستفسار:

((الرقم يظهر عند الضغط على اتصال))
━━━━━━━━━━━━━━━━━━
📱 تابعنا على منصات التواصل الاجتماعي:

‏🤳🏼 سناب شات 

‏snapchat.com/t/RdEy3wEq

‏📱 تيك توك

‏tiktok.com/@alhijaz_2030",21.338699,39.69573,https://images.aqar.fm/webp/750x0/props/027447299_1788985481001.jpg | https://images.aqar.fm/webp/750x0/props/027447298_1788985491418.jpg | https://images.aqar.fm/webp/750x0/props/027447291_1788985491383.jpg | https://images.aqar.fm/webp/750x0/props/027447291_1788985491370.jpg | https://images.aqar.fm/webp/750x0/props/027447293_1788985491412.jpg | https://images.aqar.fm/webp/750x0/props/027447290_1788985491421.jpg | https://images.aqar.fm/webp/750x0/props/027447290_1788985491415.jpg | https://images.aqar.fm/webp/750x0/props/027447296_1788985491403.jpg | https://images.aqar.fm/webp/750x0/props/027447292_1788985500953.jpg | https://images.aqar.fm/webp/750x0/props/027447296_1788985500949.jpg | https://images.aqar.fm/webp/750x0/props/027447298_1788985500951.jpg | https://images.aqar.fm/webp/750x0/props/027447297_1788985510885.jpg,12,ياسر ناصر,مكتب الحجاز دليلك للخدمات العقارية,1,2026-09-09,2026-09-09,2026-09-18,31,2026-09-20,True,"1,250,000",False,عمارة
6854132,https://sa.aqar.fm/عمائر-للبيع/مكة-المكرمة/حي-المعابدة/شارع-التوبة-حي-المعابده-مدينة-مكة-المكرمة-منطقة-مكة-المكرمة-6854132,"عمارة للبيع في شارع التوبة, حي المعابده, مدينة مكة المكرمة, منطقة مكة المكرمة",8000000,505,,,,11,حي المعابدة,مكة المكرمة,حي المعابدة,"⚡️العرض حصري مباشر من المالك⚡️
‎🏢 هامة التميز للمقاولات العامة والتسويق 
العقاري
‎ 🔴للبيع او للإستثمار عماره بمكه المكرم🔴
‎📍 الموقع: حي الملك فيصل – بين شارع الحج وطريق الملك فهد 🕋 داخل حدود الحرم 📏 تبعد عن المسجد الحرام حوالي 4 كم تقريبًا 📍 قريبة من الجمرات
‎🏠 تفاصيل العقار:
* 	• 	مساحة الأرض: 500 م²
* 	• 	العمارة تحتوي على 10 شقق
* 	• 	كل شقة تتكون من:
    * 	• 	4 غرف
    * 	• 	صالة
    * 	• 	مطبخ
    * 	• 	دورتين مياه
* 	• 	موقع مميز وسهل الوصول
* 	• 	مناسبة للاستثمار والتأجير، خصوصًا للحجاج والمعتمرين
‎💰 فرصة استثمارية واعدة في موقع مميز بمكة المكرمة، ومناسبة للمستثمرين الراغبين في الاستفادة من الطلب على الوحدات السكنية.
‎📞 للاستفسار والتواصل هامة التميز للمقاولات العامة والتسويق العقاري
 🔹 الجادين فقط",21.434135,39.855696,https://images.aqar.fm/webp/750x0/props/048821121_1788351361050.jpg | https://images.aqar.fm/webp/750x0/props/048821120_1788351361037.jpg,2,نوف الدوسري,مؤسسة هامة التميز للمقاولات العامة,1,2026-09-02,2026-09-02,2026-09-17,24,2026-09-20,True,"8,000,000",False,عمارة
6765059,https://sa.aqar.fm/عمائر-للبيع/مكة-المكرمة/حي-الملك-فهد/شارع-ربيعة-بن-المتفق-العقيلي-رضي-الله-عنه-حي-البساتين-مدينة-مكة-المكرمة-منطقة-مكة-المكرمة-6765059,"عمارة للبيع في شارع ربيعة بن المتفق العقيلي رضي الله عنه, حي البساتين, مدينة مكة المكرمة, منطقة مكة المكرمة",3000000,866,,,,0,حي الملك فهد,مكة المكرمة,حي الملك فهد,"عمارة مميزة للبيع في مخطط الهدى - حي الملك فهد 📍

بناء شخصي و عقار جديد 🌟

واجهات رخام ✨

تحتوي العمارة على 10 شقق ⚡️

للمزيد من التفاصيل يرجى التواصل 🟢",21.406238,39.751916,https://images.aqar.fm/webp/750x0/props/047245548_1783510364703.jpg,1,عمر سامي,مؤسسة المورد الحوت للتجارة,1,2026-07-08,2026-09-04,2026-09-04,381,2026-09-20,True,"3,000,000",False,عمارة
6737713,https://sa.aqar.fm/عمائر-للبيع/مكة-المكرمة/حي-الهجرة/شارعالحكم-بن-منهال-حي-كدي-مدينة-مكة-المكرمة-منطقة-مكة-المكرمة-6737713,"عمارة للبيع في شارعالحكم بن منهال, حي كدي, مدينة مكة المكرمة, منطقة مكة المكرمة",10000000,744,,,,11,حي الهجرة,مكة المكرمة,حي الهجرة,"فرصة استثمارية استثنائية في أطهر البقاع (مكة المكرمة - كدي)
امتلك عمارة تجارية سكنية بموقع استراتيجي نادر!
 الموقع: حي كدي – دقائق معدودة من الحرم المكي الشريف، على شوارع رئيسية حيوية وسهلة الوصول.
 المميزات:
 منطقة ذات طلب عالٍ جداً للـتأجير الموسمي (الحج والعمرة) والسنوي.
 بنية تحتية متكاملة وقريبة من كافة الخدمات ومواقف كدي الشهيرة.
 مساحة ممتازة وتصميم يستوعب عوائد استثمارية تصاعدية.

فرصة ذهبية لتأمين دخل مستدام وعائد استثماري مضمون.

الايجارالشهري1200 شامل الكهرباء والماء والصرف الصحي

ايجارالحج 270 حاج2000 ريال


للاستفسار  ((الرقم يظهر عند الضغط على اتصال))
ابو علي الشهري : مؤسسة رمضاء العقارية بالرياض / حي السليمانية / نسعد بخدمتكم وتسويق عقاراتكم في جميع مناطق ومحافظات المملكة سواءً بيع او شراء او تأجير",21.390476,39.840737,https://images.aqar.fm/webp/750x0/props/007461213_1781775499499.jpg | https://images.aqar.fm/webp/750x0/props/007461214_1781775516823.jpg | https://images.aqar.fm/webp/750x0/props/007461217_1781775516823.jpg | https://images.aqar.fm/webp/750x0/props/007461215_1781775516817.jpg | https://images.aqar.fm/webp/750x0/props/007461215_1781775516836.jpg | https://images.aqar.fm/webp/750x0/props/007461214_1781775516823.jpg | https://images.aqar.fm/webp/750x0/props/007461217_1781775516813.jpg | https://images.aqar.fm/webp/750x0/props/007461214_1781775516811.jpg | https://images.aqar.fm/webp/750x0/props/007461211_1781775540238.jpg,9,خالد سليمان علي العقل,مؤسسة رمضاء العقارية,1,2026-06-18,2026-09-13,2026-09-19,96,2026-09-20,True,"10,000,000",False,عمارة
6445367,https://sa.aqar.fm/عمائر-للبيع/مكة-المكرمة/حي-الملك-فهد/شارع-عبد-الله-بن-الحرث-بن-عبد-المطلب-حي-طوى-مدينة-مكة-المكرمة-منطقة-مكة-المكرمة-6445367,"عمارة للبيع في شارع عبد الله بن الحرث بن عبد المطلب, حي طوى, مدينة مكة المكرمة, منطقة مكة المكرمة",5000000,580,,,,5,حي الملك فهد,مكة المكرمة,حي الملك فهد,"عمارة تجارية سكنية للبيع التخصصي

- المساحة 580.63 متر
مكونة من:
- الدور الأول: خمسة محلات 
- الدور الثاني: الميزان 
- الدور الثالث: شقة, ستة غرف, خمسة دورات مياه
- الدور الرابع والخامس فيلا مكونة من ثمانية غرف, ثمانية دورات مياه, درج داخلي, مصعد داخلي
- غرفتين, دورتين مياه للسائق 
- مصعدين غير مركبة, داخلي خاص بالفيلا, خارجي
- خزانين مياه


للتواصل والإستفسار: ((رقم المعلن يظهر عند التواصل))",21.371192,39.718133,https://images.aqar.fm/webp/750x0/props/037592328_1761740695273.jpg | https://images.aqar.fm/webp/750x0/props/037592325_1761740695278.jpg | https://images.aqar.fm/webp/750x0/props/037592327_1761740695277.jpg | https://images.aqar.fm/webp/750x0/props/037592323_1761740695269.jpg,4,حمد فهد بن حمد النافع,شركة حمد فهد النافع العقارية شخص واحد قابضة,1,2025-10-29,2026-03-27,2026-09-20,722,2026-09-20,True,"5,000,000",False,عمارة
6655428,https://sa.aqar.fm/عمائر-للبيع/مكة-المكرمة/حي-الملك-فهد/شارع-ابو-مروان-بن-حيان-حي-الشامية-الجديد-مدينة-مكة-المكرمة-منطقة-مكة-المكرمة-6655428,"عمارة للبيع في شارع ابو مروان بن حيان, حي الشامية الجديد, مدينة مكة المكرمة, منطقة مكة المكرمة",2800000,615,,,,5,حي الملك فهد,مكة المكرمة,حي الملك فهد,"عمارة للبيع – مكة المكرمة

في حي الشامية الجديد – ولي العهد 3
داخل حد الحرم – تبعد عن الحرم المكي 27 دقيقة فقط

📐 المساحة: 615 م²
🛣️ الشوارع: على شارعين (15م / 20م)

🏠 تفاصيل العقار:
	•مكونة من 4 شقق
	•شقة واحدة جاهزة بالكامل (مطبخ + دورات مياه + تكييف)
	•3شقق شبه جاهزة (تحتاج أبواب ونوافذ فقط)
⚙️ الخدمات:

	•كهرباء جاهزة ✅
	•صرف صحي جاهز ✅
	•إنارة جاهزة ✅
	•مصعد مؤسس له ✅


🏗️ مميزات إضافية:
	•بناء شخصي
	•تصلح سكن خاص أو استثمار
	•مسموح البناء حتى 5 أدوار (حسب الكروكي)

💰 المطلوب: 2,800,000 ريال
📌 عليها رهن متبقي: 450,000 ريال",21.313461,39.677183,https://images.aqar.fm/webp/750x0/props/039849665_1778836503104.jpg | https://images.aqar.fm/webp/750x0/props/039849668_1778836519733.jpg,2,بندر مرعي حسين قماش,شركة سمار العقارية,1,2026-04-14,2026-09-07,2026-09-18,318,2026-09-20,True,"2,800,000",False,عمارة
6443610,https://sa.aqar.fm/عمائر-للبيع/مكة-المكرمة/حي-الخنساء/شارع-آجلي-حي-وادي-جليل-مدينة-مكة-المكرمة-منطقة-مكة-المكرمة-6443610,"عمارة للبيع في شارع آجلي, حي وادي جليل, مدينة مكة المكرمة, منطقة مكة المكرمة",1800000,500,,,,11,حي الخنساء,مكة المكرمة,حي الخنساء,"🏠 عمارة للبيع – مكة المكرمة (مخطط وادي جليل – شارع الحج)

📍 الموقع: مخطط وادي جليل، مقابل قاعة الأفراح، ثاني درجة من الشارع العام (عرض 32 م)
📐 المساحة: 500 م²

مواصفات العمارة:
	•	مكوّنة من 4 شقق + شقتين في البدروم
	•	الدور الأول: شقتان (كل شقة 4 غرف + مطبخ + دورتا مياه + مدخلين)
	•	الدور الثاني: شقتان (كل شقة 5 غرف + مطبخ + دورتا مياه + مدخلين)
	•	البدروم: شقتان (كل شقة 3 غرف + مطبخ + دورتا مياه + مدخلين)
	•	عدد المواقف: 5 سيارات
	•	العمر التقريبي: 18 سنة
	•	بدون مصعد
	•	مؤجرة بالكامل

💰 المطلوب: 1,900,000 ريال صافي
🏦 يوجد عليها بنك بقيمة تقريبية 700,000 ريال، والسعر شامل البيعة",21.462092,39.857519,https://images.aqar.fm/webp/750x0/props/037581385_1761641140023.jpg | https://images.aqar.fm/webp/750x0/props/037581380_1761641140017.jpg,2,هشام الحربي,مؤسسة السرار العقارية,1,2025-10-28,2025-10-28,2026-09-12,994,2026-09-20,True,"1,800,000",False,عمارة
6722985,https://sa.aqar.fm/عمائر-للبيع/مكة-المكرمة/حي-الشوقية/شارع-رأس-ابي-الموج-حي-المحمدية-مدينة-مكة-المكرمة-منطقة-مكة-المكرمة-6722985,"عمارة للبيع في شارع رأس ابي الموج, حي المحمدية, مدينة مكة المكرمة, منطقة مكة المكرمة",8500000,810,,,,6,حي الشوقية,مكة المكرمة,حي الشوقية,"🕌 فرصة استثمارية نادرة في مكة المكرمة
هل تبحث عن عقار يدرّ عليك دخلاً ثابتاً في أقدس بقاع الأرض؟
عمارة سكنية راقية في حي المحمدية
على بُعد 12 كيلومتراً فقط من الحرم المكي الشريف
──────────────────────
📐 تفاصيل العقار
──────────────────────
المساحة الإجمالية: 810 م²
12 شقة سكنية موزّعة كالتالي:
▪️ 8 شقق بـ 4 غرف نوم
▪️ 2 شقة بـ 3 غرف نوم
▪️ 2 شقة بـ 2 غرفة نوم
──────────────────────
💰 العائد الاستثماري
──────────────────────
الدخل الإيجاري الحالي: 300,000 ريال سنوياً
وهذا قبل استغلال الطابقين الإضافيين المرخّص بناؤهما!
──────────────────────
🏗️ ميزة لا تجدها في كل عقار
──────────────────────
الترخيص يتيح بناء دورين إضافيين فوق العمارة الحالية
يعني دخلك يتضاعف دون شراء عقار جديد
──────────────────────
📍 لماذا هذا الموقع تحديداً؟
──────────────────────
✅ 12 كم عن الحرم المكي — الطلب الإيجاري لا يتوقف طوال العام
✅ حي المحمدية الراقي — من أكثر الأحياء طلباً في مكة
✅ بجوار مطاعم ومراكز خدمات متكاملة
✅ سهولة وصول ومواصلات ممتازة
──────────────────────
⏳ فرص كهذه لا تنتظر
──────────────────────
العقارات القريبة من الحرم تُباع قبل أن يعرفها الجميع
للاستفسار والمعاينة تواصل معنا الآن

0532100530
0532100431",21.373522,39.785725,https://images.aqar.fm/webp/750x0/props/013793292_1780851048680.jpg,1,عبدالرحمن حمود ذياب الرشيدي,شركة كفة الجودة العقارية,1,2026-06-07,2026-09-03,2026-09-19,157,2026-09-20,True,"8,500,000",False,عمارة
6552371,https://sa.aqar.fm/عمائر-للبيع/مكة-المكرمة/حي-العدل/شارع-محايل-عسير-حي-وادي-جليل-مدينة-مكة-المكرمة-منطقة-مكة-المكرمة-6552371,"عمارة للبيع في شارع محايل عسير, حي وادي جليل, مدينة مكة المكرمة, منطقة مكة المكرمة",4500000,158,,,,0,حي العدل,مكة المكرمة,حي العدل,"_شركة دروب الاستقرار العقاري 
نعرض لكم عمارة للبيع شقق فاخرة 🏡 
المشروع يتكون من 12 شقه للبيع بالكامل 
●●السعر 4.500.000 مليون 
موقعها - مكه المكرمة - حي وادي جليل
المشروع قريب من جميع الخدمات 
يقع المشروع على  شارع 15 
         ( المواصفات )✅
  ٥غرف +٣دورات مياه +مطبخ +صالة ✅
  ٤ غرف +٣دورات مياه +مطبخ+صالة 
ويوحد شقق مدخلين جميع اورق العقار جاهز 
⏪مساحات مختلف لشقق  📐 
أخصائي التسويق  محمد ابوزيد 
للاستفسارات و رفع الطلبات
*التواصل :* 0536145550
اتم استعداد تصوير وتسويق *العروض العقارية*
شركة دروب الاستقرار العقاريه 
رقم ترخيص الاعلان  7100026105
0536071110    الـمـعـلـن 0140616
0542240777      س ت 1010378236
0536145550      الـتـصـنـيـف : 859
ترخيص الهيئة العامة للعقار 1100004051

موقع العقار https://maps.app.goo.gl/yE5Lr9U2vKTqUDrMA",21.465082,39.861136,https://images.aqar.fm/webp/750x0/props/002926449_1768808899139.jpg | https://images.aqar.fm/webp/750x0/props/002926443_1768808898960.jpg | https://images.aqar.fm/webp/750x0/props/002926445_1768808916117.jpg | https://images.aqar.fm/webp/750x0/props/002926440_1768808916268.jpg | https://images.aqar.fm/webp/750x0/props/002926449_1768808916402.jpg | https://images.aqar.fm/webp/750x0/props/002926444_1768808916414.jpg | https://images.aqar.fm/webp/750x0/props/002926449_1768808916534.jpg | https://images.aqar.fm/webp/750x0/props/002926443_1768808916652.jpg | https://images.aqar.fm/webp/750x0/props/002926443_1768808916822.jpg | https://images.aqar.fm/webp/750x0/props/002926443_1768808916823.jpg | https://images.aqar.fm/webp/750x0/props/002926442_1768808916958.jpg | https://images.aqar.fm/webp/750x0/props/002926440_1768808917049.jpg | https://images.aqar.fm/webp/750x0/props/002926446_1768808917086.jpg | https://images.aqar.fm/webp/750x0/props/002926445_1768808917207.jpg | https://images.aqar.fm/webp/750x0/props/002926448_1768808917214.jpg | https://images.aqar.fm/webp/750x0/props/002926444_1768808917332.jpg,16,أحمد            علي             عبدالله         القفاري        ,شركة دروب الاستقرار,1,2026-01-19,2026-08-24,2026-09-18,48,2026-09-20,True,"4,500,000",False,عمارة
6699657,https://sa.aqar.fm/عمائر-للبيع/مكة-المكرمة/حي-الزاهر/شارع-عثمان-العكبري-حي-الزاهر-مدينة-مكة-المكرمة-منطقة-مكة-المكرمة-6699657,"عمارة للبيع في شارع عثمان العكبري, حي الزاهر, مدينة مكة المكرمة, منطقة مكة المكرمة",3000000,739,,,,11,حي الزاهر,مكة المكرمة,حي الزاهر,"فرصة ذهبية للمطورين والمستثمرين في مكة  حي الزاهر -عماره بمساحة 740م² وتصريح 5 أدوار
الموقع الاستراتيجي: مكة المكرمة - حي  الزاهر - حي حيوي وواعد استثمارياً.أبرز مميزات العقار (القيمة الحقيقية):
نظام البناء: يسمح ببناء 5 أدوار (تصريح بناء مرتفع يضمن أقصى استفادة من مساحة الأرض).
مساحة الأرض: 739.65 متر مربع (مساحة مثالية لبناء مجمع سكني أو فندقي).
الواجهة: تقع على شارع عرض 12 متر.تفاصيل المبنى الحالي:عقار قائم (عمره 35 سنة) 
يضم 
دور أرضي + دور أول + ملحق
.توزيع الوحدات: 8 شقق (كل دور 4 شقق) + ملحق واسع (3 غرف وصالة وحمامين).ميزة إضافية: الدور الأول مفتوح حالياً، مما يسهل عمليات الترميم أو إعادة التقسيم الفوري.
الخدمات: متوفر 9 عدادات كهرباء (8 سكني + 1 خدمات)، مما يوفر تكاليف التأسيس الجديدة.لماذا تستثمر في هذا العقار؟
قيمة الأرض: السعر يركز على قيمة الأرض الاستراتيجية في منطقة تسمح بتعدد الأدوار.عائد استثماري عالي: القدرة على تحويل المبنى الحالي إلى برج سكني من 5 أدوار يضاعف عدد الشقق والدخل السنوي.جاهزية الخدمات: وجود عدد كبير من العدادات والمرافق يختصر وقت التطوير.ا
لسعر المطلوب:💰 3,000,000 ريال (ثلاثة ملايين ريال)
للتواصل معا مباشرة:📱 0500028135",21.445266,39.800137,https://images.aqar.fm/webp/750x0/props/043275290_1778949148958.jpg,1,احمد فاطم,مؤسسة بسل العقارية,1,2026-05-16,2026-07-13,2026-08-15,184,2026-09-20,True,"3,000,000",False,عمارة
6656332,https://sa.aqar.fm/عمائر-للبيع/مكة-المكرمة/حي-بطحاء-قريش/حي-بطحاء-قريش-مدينة-مكة-المكرمة-منطقة-مكة-المكرمة-6656332,"عمارة للبيع في حي بطحاء قريش, مدينة مكة المكرمة, منطقة مكة المكرمة",5150000,784,,,,11,حي بطحاء قريش,مكة المكرمة,حي بطحاء قريش,"عمارة سكنية للبيع: 
الموقع : 
مكة بطحاء قريش 
تتكون من اربع ادور",21.370378,39.834555,https://images.aqar.fm/webp/750x0/props/051239980_1776264523599.jpg,1,الحارث العمري,شركة أصول وسهول,1,2026-04-15,2026-09-08,2026-09-17,480,2026-09-20,True,"5,150,000",False,عمارة
6607178,https://sa.aqar.fm/عمائر-للبيع/مكة-المكرمة/حي-النزهة/شارع-مسجد-بن-حسن-حي-النزهة-مدينة-مكة-المكرمة-منطقة-مكة-المكرمة-6607178,"عمارة للبيع في شارع مسجد بن حسن, حي النزهة, مدينة مكة المكرمة, منطقة مكة المكرمة",6000000,625,,,,11,حي النزهة,مكة المكرمة,حي النزهة,"عماره للبيع تجاريه 
في مكه المكرمه
السعر /6000000
محلات تجاريه 
وأربع شقق",21.435223,39.791267,https://images.aqar.fm/webp/750x0/props/008397435_1772141777679.jpg | https://images.aqar.fm/webp/750x0/props/008397439_1772141777679.jpg | https://images.aqar.fm/webp/750x0/props/008397438_1772141777681.jpg,3,فهد ناصر,مؤسسة وادي فهد العقارية,1,2026-02-26,2026-02-26,2026-08-15,205,2026-09-20,True,"6,000,000",False,عمارة
6552369,https://sa.aqar.fm/عمائر-للبيع/مكة-المكرمة/حي-العدل/شارع-محايل-عسير-حي-وادي-جليل-مدينة-مكة-المكرمة-منطقة-مكة-المكرمة-6552369,"عمارة للبيع في شارع محايل عسير, حي وادي جليل, مدينة مكة المكرمة, منطقة مكة المكرمة",4500000,158,,,,0,حي العدل,مكة المكرمة,حي العدل,"_شركة دروب الاستقرار العقاري 
نعرض لكم عمارة للبيع شقق فاخرة 🏡 
المشروع يتكون من 12 شقه للبيع بالكامل 
●●السعر 4.500.000 مليون 
موقعها - مكه المكرمة - حي وادي جليل
المشروع قريب من جميع الخدمات 
يقع المشروع على  شارع 15 
         ( المواصفات )✅
  ٥غرف +٣دورات مياه +مطبخ +صالة ✅
  ٤ غرف +٣دورات مياه +مطبخ+صالة 
ويوحد شقق مدخلين جميع اورق العقار جاهز 
⏪مساحات مختلف لشقق  📐 
أخصائي التسويق  محمد ابوزيد 
للاستفسارات و رفع الطلبات
*التواصل :* ((رقم المعلن يظهر عند التواصل))
اتم استعداد تصوير وتسويق *العروض العقارية*
شركة دروب الاستقرار العقاريه 
رقم ترخيص الاعلان  7100026105
((رقم المعلن يظهر عند التواصل))    الـمـعـلـن 0140616
((رقم المعلن يظهر عند التواصل))      س ت 1010378236
((رقم المعلن يظهر عند التواصل))      الـتـصـنـيـف : 859
ترخيص الهيئة العامة للعقار 1100004051

موقع العقار https://maps.app.goo.gl/yE5Lr9U2vKTqUDrMA",21.465082,39.861136,https://images.aqar.fm/webp/750x0/props/002926445_1768808773579.jpg | https://images.aqar.fm/webp/750x0/props/002926442_1768808773959.jpg | https://images.aqar.fm/webp/750x0/props/002926441_1768808775013.jpg | https://images.aqar.fm/webp/750x0/props/002926449_1768808773856.jpg | https://images.aqar.fm/webp/750x0/props/002926441_1768808773476.jpg | https://images.aqar.fm/webp/750x0/props/002926449_1768808773742.jpg | https://images.aqar.fm/webp/750x0/props/002926449_1768808774100.jpg | https://images.aqar.fm/webp/750x0/props/002926443_1768808774237.jpg | https://images.aqar.fm/webp/750x0/props/002926448_1768808774337.jpg | https://images.aqar.fm/webp/750x0/props/002926447_1768808774432.jpg | https://images.aqar.fm/webp/750x0/props/002926449_1768808774536.jpg | https://images.aqar.fm/webp/750x0/props/002926445_1768808774627.jpg | https://images.aqar.fm/webp/750x0/props/002926447_1768808774720.jpg | https://images.aqar.fm/webp/750x0/props/002926447_1768808774824.jpg | https://images.aqar.fm/webp/750x0/props/002926446_1768808774920.jpg | https://images.aqar.fm/webp/750x0/props/002926449_1768808775149.jpg | https://images.aqar.fm/webp/750x0/props/002926448_1768808775253.jpg | https://images.aqar.fm/webp/750x0/props/002926448_1768808775367.jpg | https://images.aqar.fm/webp/750x0/props/002926446_1768808775398.jpg | https://images.aqar.fm/webp/750x0/props/002926444_1768808775490.jpg | https://images.aqar.fm/webp/750x0/props/002926443_1768808775590.jpg,21,أحمد            علي             عبدالله         القفاري        ,شركة دروب الاستقرار,1,2026-01-19,2026-01-19,2026-09-18,169,2026-09-20,True,"4,500,000",False,عمارة
6795198,https://sa.aqar.fm/عمائر-للبيع/مكة-المكرمة/حي-العدل/شارع-8-الغسالة-7-حي-العدل-مدينة-مكة-المكرمة-منطقة-مكة-المكرمة-6795198,"عمارة للبيع في شارع 8 الغسالة 7, حي العدل, مدينة مكة المكرمة, منطقة مكة المكرمة",11500000,463,,,,2,حي العدل,مكة المكرمة,حي العدل,"الوصف
فرصة نادرة واستثمارية لعوائد ماليه ممتازة للبيع عمارة في حي العدل
بمساحة اجمالية ٩١١ صكين الالكترونيه
متر ٦ ادوار على ٣ شوارع
مكونه من
١- قبو يتسع ٢٥ سيارة
٢- عدد ٢٠ شقة منها:
أ- عدد ١٤ شقة ٤ غرف وصالة ومطبخ ودورتين مياه
ب- عدد ٦ شقق ٣ غرف وصالة ودورتين مياه
المميزات:
١- ١٦ دقيقه عن الحرم
٢- وجود مصعد
٣- مطابقة لشروط الحج والعمرة
٤- اكتمال الخدمات",21.443419,39.868482,https://images.aqar.fm/webp/750x0/props/036893409_1785269733001.jpg | https://images.aqar.fm/webp/750x0/props/036893406_1785269753587.jpg | https://images.aqar.fm/webp/750x0/props/036893404_1785269773046.jpg | https://images.aqar.fm/webp/750x0/props/036893407_1785269786559.jpg | https://images.aqar.fm/webp/750x0/props/036893403_1785269806692.jpg | https://images.aqar.fm/webp/750x0/props/036893404_1785269822611.jpg | https://images.aqar.fm/webp/750x0/props/036893401_1785269861319.jpg | https://images.aqar.fm/webp/750x0/props/036893400_1785269888195.jpg | https://images.aqar.fm/webp/750x0/props/036893409_1785269888069.jpg | https://images.aqar.fm/webp/750x0/props/036893405_1785269888206.jpg | https://images.aqar.fm/webp/750x0/props/036893400_1785269888201.jpg | https://images.aqar.fm/webp/750x0/props/036893404_1785269888195.jpg | https://images.aqar.fm/webp/750x0/props/036893400_1785269888077.jpg | https://images.aqar.fm/webp/750x0/props/036893409_1785269888203.jpg | https://images.aqar.fm/webp/750x0/props/036893409_1785269888199.jpg | https://images.aqar.fm/webp/750x0/props/036893407_1785269927995.jpg | https://images.aqar.fm/webp/750x0/props/036893408_1785269928117.jpg | https://images.aqar.fm/webp/750x0/props/036893403_1785269927981.jpg | https://images.aqar.fm/webp/750x0/props/036893404_1785269928003.jpg | https://images.aqar.fm/webp/750x0/props/036893402_1785269928121.jpg | https://images.aqar.fm/webp/750x0/props/036893406_1785269928133.jpg,21,محمد عبدالعزيز عبدالله ال عثمان,مكتب محمد عبدالعزيز ال عثمان للعقارات,1,2026-07-28,2026-08-27,2026-09-17,92,2026-09-20,True,"11,500,000",False,عمارة
6483326,https://sa.aqar.fm/عمائر-للبيع/مكة-المكرمة/حي-الكعكية/شارع-عكرمه-بن-خالد-حي-الكعكية-مدينة-مكة-المكرمة-منطقة-مكة-المكرمة-6483326,"عمارة للبيع في شارع عكرمه بن خالد, حي الكعكية, مدينة مكة المكرمة, منطقة مكة المكرمة",2800000,702,,,,11,حي الكعكية,مكة المكرمة,حي الكعكية,"عمارة للبيع المحمدية

- المساحة 702 متر
مكونة من:
- الدور الأول: شقتين مكونة من, خمس غرف, صالة واسعة, مطبخ
- الدور الثاني: شقتين مكونة من, خمس غرف, صالة واسعة, مطبخ


للتواصل والإستفسار: ((رقم المعلن يظهر عند التواصل))",21.385479,39.810109,https://images.aqar.fm/webp/750x0/props/037592325_1764247711917.jpg | https://images.aqar.fm/webp/750x0/props/037592323_1764247711920.jpg | https://images.aqar.fm/webp/750x0/props/037592327_1764247711916.jpg,3,حمد فهد بن حمد النافع,شركة حمد فهد النافع العقارية شخص واحد قابضة,1,2025-11-27,2026-03-27,2026-09-20,1346,2026-09-20,True,"2,800,000",False,عمارة
6484473,https://sa.aqar.fm/عمائر-للبيع/مكة-المكرمة/حي-الخضراء/شارع-عمرو-ابن-هشام-ابن-عمرو-ابن-ربيعة-حي-الخضراء-مدينة-مكة-المكرمة-منطقة-مكة-المكرمة-6484473,"عمارة للبيع في شارع عمرو ابن هشام ابن عمرو ابن ربيعة, حي الخضراء, مدينة مكة المكرمة, منطقة مكة المكرمة",3600000,690,,,,9,حي الخضراء,مكة المكرمة,حي الخضراء,"🌐مكتب البُقعة البيضاء للخدمات العقارية🌐
🔳 عماره للبيع 
📍 مكة المكرمة الخضراء 
♦️ مساحة 690م٢
♦️ثلاثة ادوار وملحق
♦️ 8 شقق / شقتين من 3 غرف / اربعه شقق من 4 غرف / شقتين من 5 غرف 
♦️ بدروم 
♦️ مصعد 
♦️ 9 عدادت كهرباء كل شقه عداد وعداد للخدمات 
♦️ العمر 9 سنوات 

💰 المطلوب : 3 مليون و 600 الف 

🥇رخصة فال : 1200016092

📱للتواصل رقم : ((رقم المعلن يظهر عند التواصل))",21.460151,39.904864,https://images.aqar.fm/webp/750x0/props/040200302_1778948626283.jpg | https://images.aqar.fm/webp/750x0/props/040200300_1764338742914.jpg,2,محمد ماجد بن راشد السعيد,مكتب البقعة البيضاء للخدمات العقارية,1,2025-11-28,2026-02-24,2026-09-19,1025,2026-09-20,True,"3,600,000",False,عمارة
6482020,https://sa.aqar.fm/عمائر-للبيع/مكة-المكرمة/حي-الراشدية/شارع-سلطانه-حي-البيعة-مدينة-مكة-المكرمة-منطقة-مكة-المكرمة-6482020,"عمارة للبيع في شارع سلطانه, حي البيعة, مدينة مكة المكرمة, منطقة مكة المكرمة",1500000,400,,,,8,حي الراشدية,مكة المكرمة,حي الراشدية,"عمارة للبيع الراشدية 2

- المساحة 400 متر
مكونة من:
- الدور الأرضي: شقة واحدة مكونة من, ستة غرف, ثلاث دورات مياه, مطبخ مفتوح على صالة كبيرة
- الدور الأول: شقتين كل شقة مكونة من, أربعة غرف, دورتين مياه, صالة, مطبخ
- الدور الأول يوجد بها شقة مشطبة, والأخرى شقة عظم


للتواصل والإستفسار: ((رقم المعلن يظهر عند التواصل))",21.452706,40.006651,https://images.aqar.fm/webp/750x0/props/037592326_1764160328147.jpg | https://images.aqar.fm/webp/750x0/props/037592321_1764160328151.jpg | https://images.aqar.fm/webp/750x0/props/037592329_1764160328150.jpg | https://images.aqar.fm/webp/750x0/props/037592324_1764160328162.jpg,4,حمد فهد بن حمد النافع,شركة حمد فهد النافع العقارية شخص واحد قابضة,1,2025-11-26,2026-03-27,2026-09-20,1265,2026-09-20,True,"1,500,000",False,عمارة
6708119,https://sa.aqar.fm/عمائر-للبيع/مكة-المكرمة/حي-الهجرة/شارع-شارع-سعد-بن-مالك-ابو-سهل-حي-كدي-مدينة-مكة-المكرمة-منطقة-مكة-المكرمة-6708119,"عمارة للبيع في شارع شارع سعد بن مالك ابو سهل, حي كدي, مدينة مكة المكرمة, منطقة مكة المكرمة",3750000,700,,,,11,حي الهجرة,مكة المكرمة,حي الهجرة,"عمارة للبيع بحي الهجره (قابل للتفاوض)
فرصة استثمارية مميزة بعائد سنوي قائم وقابل للزيادة

📍 الموقع: حي الهجره
(خلف شركة الكهرباء) 
📐 مساحة العقار: 700م²

💰 الدخل السنوي الحالي: 75,000 ريال
📈 قابل للزيادة ليصل إلى 90,000 ريال سنوياً

العمارة مناسبة للاستثمار العقاري وتحقيق دخل مستمر، وتتميز بموقع حيوي وقربها من الخدمات والمرافق، مما يجعلها فرصة ممتازة للمستثمرين الباحثين عن عائد مستقر ونمو مستقبلي.

للتواصل والاستفسار يرجى التواصل على الخاص او عن طريق الرقم الظاهر",21.391764,39.844525,https://images.aqar.fm/webp/750x0/props/027959290_1779493679611.jpg | https://images.aqar.fm/webp/750x0/props/027959295_1779493681383.jpg | https://images.aqar.fm/webp/750x0/props/027959295_1779493682918.jpg,3,عبدالله بن محمد,مؤسسة مشاريع الصفوة,1,2026-05-22,2026-08-18,2026-09-15,280,2026-09-20,True,"3,750,000",False,عمارة
6751948,https://sa.aqar.fm/عمائر-للبيع/مكة-المكرمة/حي-الملك-فهد/شارع-حسن-العجيمي-حي-الشامية-الجديد-مدينة-مكة-المكرمة-منطقة-مكة-المكرمة-6751948,"عمارة للبيع في شارع حسن العجيمي, حي الشامية الجديد, مدينة مكة المكرمة, منطقة مكة المكرمة",1900000,540,,,,0,حي الملك فهد,مكة المكرمة,حي الملك فهد,"🏨 عمارة للبيع في مخطط ولي العهد 3

📍 الموقع: ولي العهد 3  – مكة المكرمة
📏 المساحة: 540م
🔹 الوحدة: عمارة
✔ تشطيب راقي

🧱 مواصفات العمارة:
*مكونة من دورين:
*كل دور شقتين

*الدور الأرضي مكون من شقتين:
- 4 غرف 
- ⁠3 دورات مياة
- ⁠صالة
- ⁠مطبخ
- ⁠غرفة غسيل

*الدور الاول مكون من شقتين:
- ⁠5غرف
- ⁠3 دورات مياة
- ⁠صالة
- ⁠مطبخ
- ⁠غرفة غسيل

✨ مميزات العقار:
- ⁠سطح بمساحة ممتازة
- ⁠مصعد 
- ⁠واجهة رخام
- ⁠مستودع
- ⁠موقع مناسب للسكن الهادئ او لمن يبحث عن الخصوصية
- ⁠تصميم وتشطيب راقي جداً
 💰للبيع: ,2,100,000",21.31481,39.686788,https://images.aqar.fm/webp/750x0/props/030534523_1782691655353.jpg | https://images.aqar.fm/webp/750x0/props/030534529_1782691655393.jpg | https://images.aqar.fm/webp/750x0/props/030534527_1782691655452.jpg | https://images.aqar.fm/webp/750x0/props/030534521_1782691655453.jpg | https://images.aqar.fm/webp/750x0/props/030534522_1782691655455.jpg | https://images.aqar.fm/webp/750x0/props/030534528_1783452764441.jpg | https://images.aqar.fm/webp/750x0/props/030534522_1783452764448.jpg | https://images.aqar.fm/webp/750x0/props/030534525_1783452764444.jpg | https://images.aqar.fm/webp/750x0/props/030534520_1783452764458.jpg | https://images.aqar.fm/webp/750x0/props/030534527_1783452764445.jpg | https://images.aqar.fm/webp/750x0/props/030534526_1783452764445.jpg | https://images.aqar.fm/webp/750x0/props/030534527_1783452764448.jpg | https://images.aqar.fm/webp/750x0/props/030534524_1783452764455.jpg | https://images.aqar.fm/webp/750x0/props/030534528_1783452786092.jpg | https://images.aqar.fm/webp/750x0/props/030534521_1783452786109.jpg | https://images.aqar.fm/webp/750x0/props/030534522_1783452786095.jpg | https://images.aqar.fm/webp/750x0/props/030534529_1783452786099.jpg | https://images.aqar.fm/webp/750x0/props/030534523_1783452786104.jpg,18,حسن عادل,مؤسسة اللؤلؤة السوداء الحديثة العالمية,1,2026-06-29,2026-08-26,2026-09-17,641,2026-09-20,True,"1,900,000",False,عمارة
6761210,https://sa.aqar.fm/عمائر-للبيع/مكة-المكرمة/حي-الملك-فهد/شارع-الأمير-مقرن-بن-عبدالعزيز-آل-سعود-حي-الشامية-الجديد-مدينة-مكة-المكرمة-منطقة-مكة-المكرمة-6761210,"عمارة للبيع في شارع الأمير مقرن بن عبدالعزيز آل سعود, حي الشامية الجديد, مدينة مكة المكرمة, منطقة مكة المكرمة",1900000,540,,,,0,حي الملك فهد,مكة المكرمة,حي الملك فهد,"الحجاز للخدمات العقارية

بيع | شراء | تسويق | إدارة أملاك | توثيق عقود إيجار

📄 رقم رخصة فال: 1200004861
📢 رقم ترخيص الإعلان: 7201030428

━━━━━━━━━━━━━━━━━━

🏢 للبيع عمارة سكنية في مخطط ولي العهد 3 – مكة المكرمة 📍

✨ فرصة استثمارية مميزة في أحد الأحياء الواعدة، مناسبة للسكن أو الاستثمار بعائد مجزٍ.

مواصفات العقار:

✅ عمارة مكونة من دورين
✅ تضم 4 شقق
✅ المساحة: 540 م²

🔹 الدور الأول:

* شقتان.
* كل شقة تتكون من:
    * 4 غرف
    * صالة
    * مطبخ
    * غرفة غسيل
    * 3 دورات مياه

🔹 الدور الثاني:

* شقتان.
* كل شقة تتكون من:
    * 5 غرف
    * صالة
    * مطبخ
    * غرفة غسيل
    * 3 دورات مياه

💰 السعر المطلوب: 1,900,000 ريال

📞 للتواصل والاستفسار:
((الرقم يظهر عند الضغط على اتصال))

🏢 الحجاز للخدمات العقارية

━━━━━━━━━━━━━━━━━━

📲 تابع أحدث عروضنا العقارية:

👻 سناب شات
snapchat.com/t/RdEy3wEq

🎵 تيك توك
tiktok.com/@alhijaz_2030

━━━━━━━━━━━━━━━━━━

نساعدك في بيع وشراء وتسويق العقارات بأفضل الفرص وأعلى المصداقية.
نسعد بخدمتكم وتقديم أفضل الفرص العقارية. ✨",21.338674,39.695622,https://images.aqar.fm/webp/750x0/props/027447298_1783278833334.jpg | https://images.aqar.fm/webp/750x0/props/027447291_1783278844177.jpg | https://images.aqar.fm/webp/750x0/props/027447298_1783278844177.jpg | https://images.aqar.fm/webp/750x0/props/027447292_1783278844180.jpg | https://images.aqar.fm/webp/750x0/props/027447294_1783278844174.jpg | https://images.aqar.fm/webp/750x0/props/027447294_1783278844176.jpg | https://images.aqar.fm/webp/750x0/props/027447295_1783278844178.jpg | https://images.aqar.fm/webp/750x0/props/027447297_1783278844174.jpg | https://images.aqar.fm/webp/750x0/props/027447295_1783278844176.jpg | https://images.aqar.fm/webp/750x0/props/027447298_1783278859773.jpg | https://images.aqar.fm/webp/750x0/props/027447294_1783278859802.jpg | https://images.aqar.fm/webp/750x0/props/027447299_1783278859806.jpg | https://images.aqar.fm/webp/750x0/props/027447296_1783278859784.jpg | https://images.aqar.fm/webp/750x0/props/027447296_1783278859800.jpg | https://images.aqar.fm/webp/750x0/props/027447296_1783278868247.jpg,15,ياسر ناصر,مكتب الحجاز دليلك للخدمات العقارية,1,2026-07-05,2026-09-02,2026-09-18,210,2026-09-20,True,"1,900,000",False,عمارة
6812209,https://sa.aqar.fm/عمائر-للبيع/مكة-المكرمة/حي-الملك-فهد/شارع-ابو-مروان-بن-حيان-حي-الشامية-الجديد-مدينة-مكة-المكرمة-منطقة-مكة-المكرمة-6812209,"عمارة للبيع في شارع ابو مروان بن حيان, حي الشامية الجديد, مدينة مكة المكرمة, منطقة مكة المكرمة",3000000,615,,,,6,حي الملك فهد,مكة المكرمة,حي الملك فهد,"عمارة للبيع ولي العهد 3

- المساحة 615 متر
مكونة من:
- دورين 4 شقق
- شقة جاهزة, ثلاثة شقق شبه جاهزة ينقص لها أبواب نوافذ فقط

للتواصل والإستفسار: ((رقم المعلن يظهر عند التواصل))",21.313461,39.677183,https://images.aqar.fm/webp/750x0/props/037592328_1786260808258.jpg | https://images.aqar.fm/webp/750x0/props/037592325_1786260808250.jpg | https://images.aqar.fm/webp/750x0/props/037592321_1786260808261.jpg | https://images.aqar.fm/webp/750x0/props/037592322_1786260808257.jpg,4,حمد فهد بن حمد النافع,شركة حمد فهد النافع العقارية شخص واحد قابضة,1,2026-08-09,2026-09-07,2026-09-20,45,2026-09-20,True,"3,000,000",False,عمارة
6753982,https://sa.aqar.fm/عمائر-للبيع/مكة-المكرمة/حي-الشوقية/شارع-رأس-ابي-الموج-حي-المحمدية-مدينة-مكة-المكرمة-منطقة-مكة-المكرمة-6753982,"عمارة للبيع في شارع رأس ابي الموج, حي المحمدية, مدينة مكة المكرمة, منطقة مكة المكرمة",7500000,810,,,,11,حي الشوقية,مكة المكرمة,حي الشوقية,"عمارة سكنية للبيع
مكة المكرمة - حي المحمدية (الشوقية)
▫️▫️▫️
المساحة: 810 م²
واجهة شمالية بعرض 20م
عمر العقار: 9 سنوات
▫️▫️▫️
تتكون العمارة من:
3 أدوار
4 شقق لكل دور
▫️▫️▫️
تفاصيل الشقق:
شقتان مكونة من 3 غرف وحمامين
شقتان مكونة من غرفتين وحمامين
8 شقق مكونة من 4 غرف وحمامين
▫️▫️▫️
المميزات:
مخزن داخلي لكل شقة
12 عداد كهرباء
عقود إيجار موثقة شهرياً عبر منصة إيجار
….",21.373889,39.785516,https://images.aqar.fm/webp/750x0/props/004851467_1782828695207.jpg | https://images.aqar.fm/webp/750x0/props/004851460_1782828735476.jpg,2,فارس القحطاني,مؤسسة إعتزاز العقارية,1,2026-06-30,2026-08-27,2026-09-17,100,2026-09-20,True,"7,500,000",False,عمارة
6495889,https://sa.aqar.fm/عمائر-للبيع/مكة-المكرمة/حي-الملك-فهد/شارع-ابو-الحسن-السروجي-حي-الشامية-الجديد-مدينة-مكة-المكرمة-منطقة-مكة-المكرمة-6495889,"عمارة للبيع في شارع ابو الحسن السروجي, حي الشامية الجديد, مدينة مكة المكرمة, منطقة مكة المكرمة",3200000,600,,,,0,حي الملك فهد,مكة المكرمة,حي الملك فهد,"❇️ فرصة ذهبية جداً للسكن و الاستثمار
🔶عماره سكنية فاخره بتطيب مضمون في موقع مميز للبيع 
📍الموقع: حي ولي العهد 3 
🔺 عدد الشقق: ٧ شقق 
🔺 كل شقة ٥ غرف 
♦️تجمع بين التصميم العصري والمساحات الواسعة مما يجعلها خياراً مناسباً للسكن العائلي او الاستثمار المربح♦️

❇️ مميزات المشروع:
🔺مساحة الأرض ٦٠٠ م 
🔺 عدد الادوار ٣ أدوار +  ملحق
🔺 دور مواقف سيارات  
🔺 الموقع: شارع 25 ونافذ على شارع الستين
🔺 القرب من المراكز و الخدمات التجارية 
🔺مساحات واسعة للشقق 
🔺 تصميم عصري حديث 
🔺مصعد اتوماتيكي كامل وعليه ضمان سنتان القطع مع الصيانه وضمان 15 سنة على المكينة 
🔶 خزانات مياه مستقلة لكل شقة خزان سفلي وعلوي مستقل 
🔹️ضمان على الكهرباء والسباكة (3 سنوات)
🔹️ضمانات على الأبواب (10 سنوات) الأبواب PVC و WPC
⚡️ضمان على الهيكل الإنشائي (عقد اشراف ع العظم من مكتب هندسي) 
🔶لكل شقة عداد كهربائي مستقل🔶
🔶جميع تمديدات المكيفات اسبلت🔶
🔶 غرفة حارس
🔶 المسجد على بعد خطوات 🕌 

❇️ تفاصيل الشقق: 
🔺 الشقق مكونة 5 غرف واسعة منها غرفة مدمجة مع الصالة بمساحة كبيرة وبطريقة عصرية وغرفة ماستر كبيرة مع حجرة ملابس 
🔶 3 دورات مياه 
🔶 غرفة للغسيل ومستودع
____________________
❇️ الملحق مكون من: 
🔹️4 غرف وصاله (منها غرفة ماستر) واسعة 
⚡️3 دورات مياه 
⚡️غرفة للغسيل وغرفة خادمة 
⚡️وسطحين تابعة لها مطلة على الشارع الرئيسي
____________________
❇️ المطلوب ٣.٢٠٠ مليون ( ⛔️ صافي )",21.30463,39.687089,https://images.aqar.fm/webp/750x0/props/042991313_1758704414151.jpg | https://images.aqar.fm/webp/750x0/props/042991315_1758704414087.jpg | https://images.aqar.fm/webp/750x0/props/042991311_1771594455328.jpg | https://images.aqar.fm/webp/750x0/props/042991316_1771594455338.jpg | https://images.aqar.fm/webp/750x0/props/042991310_1771594455336.jpg | https://images.aqar.fm/webp/750x0/props/042991315_1771594455317.jpg | https://images.aqar.fm/webp/750x0/props/042991318_1771594455326.jpg | https://images.aqar.fm/webp/750x0/props/042991310_1771594455350.jpg | https://images.aqar.fm/webp/750x0/props/042991312_1771594455339.jpg | https://images.aqar.fm/webp/750x0/props/042991315_1771594455336.jpg | https://images.aqar.fm/webp/750x0/props/042991311_1771594558596.jpg | https://images.aqar.fm/webp/750x0/props/042991310_1771594558564.jpg | https://images.aqar.fm/webp/750x0/props/042991317_1771594558560.jpg | https://images.aqar.fm/webp/750x0/props/042991315_1771594558614.jpg | https://images.aqar.fm/webp/750x0/props/042991310_1771594558589.jpg | https://images.aqar.fm/webp/750x0/props/042991317_1771594558574.jpg,16,انور بن مصلح بن جمعان اللحيانى,,,2025-12-07,2025-12-07,2026-09-20,868,2026-09-20,True,"3,200,000",False,عمارة
6761437,https://sa.aqar.fm/عمائر-للبيع/مكة-المكرمة/حي-الشوقية/شارع-طريق-الليث-حي-المحمدية-مدينة-مكة-المكرمة-منطقة-مكة-المكرمة-6761437,"عمارة للبيع في شارع طريق الليث , حي المحمدية, مدينة مكة المكرمة, منطقة مكة المكرمة",6000000,417,,,,3,حي الشوقية,مكة المكرمة,حي الشوقية,"عمارة سكنية فاخرة للبيع
مكة المكرمه - حي السبهاني
مساحة :625 متر
▫️▫️▫️
تتكون من 4 أدوار وملحق مستقل 
وتضم 8شقق وملحق مستقل 
8 مواقف خاصة للسيارات
▫️▫️▫️
للتواصل :((الرقم يظهر عند الضغط على اتصال))",21.351917,39.777114,https://images.aqar.fm/webp/750x0/props/004851469_1783293495476.jpg | https://images.aqar.fm/webp/750x0/props/004851462_1783293574088.jpg,2,فارس القحطاني,مؤسسة إعتزاز العقارية,1,2026-07-05,2026-09-02,2026-09-11,219,2026-09-20,True,"6,000,000",False,عمارة
6716862,https://sa.aqar.fm/عمائر-للبيع/مكة-المكرمة/حي-الحمراء-و-ام-الجود/شارع-لا-يوجد-حي-الحديبية-مدينة-مكة-المكرمة-منطقة-مكة-المكرمة-6716862,"عمارة للبيع في شارع لا يوجد, حي الحديبية, مدينة مكة المكرمة, منطقة مكة المكرمة",1500000,352,,,,11,حي الحمراء و ام الجود,مكة المكرمة,حي الحمراء و ام الجود,"عمارة سكنية للبيع

1- مكونة من 3 أدوار
2- تحتوي على 6 شقق سكنية
3- 5 عدادات كهرباء
4- خزان مياه كبير
5- بعض الشقق مؤثثة
6- بعض الشقق تحتوي على مكيفات
7- مطابخ راكبة
8- مداخل مستقلة للشقق

مناسبة للسكن أو الاستثمار",21.414584,39.657664,https://images.aqar.fm/webp/750x0/props/036855413_1785441864569.jpg,1,سعد سلطان,مؤسسة ديار النخبة للتسويق,1,2026-06-02,2026-08-29,2026-09-18,215,2026-09-20,True,"1,500,000",False,عمارة
6790912,https://sa.aqar.fm/عمائر-للبيع/مكة-المكرمة/حي-العزيزية/شارع-الاصرار-حي-العزيزية-مدينة-مكة-المكرمة-منطقة-مكة-المكرمة-6790912,"عمارة للبيع في شارع الاصرار, حي العزيزية, مدينة مكة المكرمة, منطقة مكة المكرمة",8000000,625,,,,11,حي العزيزية,مكة المكرمة,حي العزيزية,"فرصة استثمارية مميزة في مكة المكرمة – حي العزيزية (محبس الجن)
 أرض للبيع بموقع استراتيجي
📍 الموقع: مكة المكرمة – العزيزية (محبس الجن)
📐 المساحة: 625 م²
🛣️ على واجهتين

✨ مناسبة للاستثمار وإقامة مشروع سكني أو تجاري، في موقع حيوي قريب من الخدمات والمرافق.",21.417125,39.863301,https://images.aqar.fm/webp/750x0/props/054244088_1785068466501.jpg | https://images.aqar.fm/webp/750x0/props/054244089_1785068466493.jpg | https://images.aqar.fm/webp/750x0/props/054244085_1785068466588.jpg | https://images.aqar.fm/webp/750x0/props/054244088_1785068466515.jpg | https://images.aqar.fm/webp/750x0/props/054244082_1785068466604.jpg,5,تركي النجار,شركة تركي فؤاد النجار القابضة شخص واحد قابضة,1,2026-07-26,2026-08-24,2026-09-14,130,2026-09-20,True,"8,000,000",False,عمارة
6671757,https://sa.aqar.fm/عمائر-للبيع/مكة-المكرمة/حي-العزيزية/شارع-الانهار-حي-العزيزية-مدينة-مكة-المكرمة-منطقة-مكة-المكرمة-6671757,"عمارة للبيع في شارع الانهار, حي العزيزية, مدينة مكة المكرمة, منطقة مكة المكرمة",4500000,750,,,,11,حي العزيزية,مكة المكرمة,حي العزيزية,"عرض عقاري مميز جدا بمكة المكرمة -حي العزيزية بمكة المكرمة - قريب جدا من الجمرات والمشاعر المقدسة 

🔸للبيع /عقار بموقع مميز بمكة المكرمة - حي العزيزية - قريب جدا من منطقة الجمرات والمشاعر المقدسة. 

🔸 المساحة ٧٥٠ م.

🔸على ثلاث واجهات: شارع١٠م+مواقف سيارات+ ممر٦م 

🔸 مبني عليها عمارة قديمة.
 
🔸الموقع على خرائط قوقل:
https://maps.google.com/?q=21.415953,39.867359

🔸 صفة العرض: مباشر وحصري .",21.416084,39.867477,https://images.aqar.fm/webp/750x0/props/052036600_1777292871299.jpg | https://images.aqar.fm/webp/750x0/props/052036600_1777292871302.jpg | https://images.aqar.fm/webp/750x0/props/052036609_1777292871314.jpg | https://images.aqar.fm/webp/750x0/props/052036605_1777292871301.jpg | https://images.aqar.fm/webp/750x0/props/052036609_1777292871292.jpg | https://images.aqar.fm/webp/750x0/props/052036608_1777292871296.jpg,6,علي بن عبدالله بن سعد الصميل,شركة تبيان العالمية,1,2026-04-27,2026-08-21,2026-09-02,312,2026-09-20,True,"4,500,000",False,عمارة
6865066,https://sa.aqar.fm/عمائر-للبيع/مكة-المكرمة/حي-الخنساء/شارع-261-جبل-النور-1-حي-وادي-جليل-مدينة-مكة-المكرمة-منطقة-مكة-المكرمة-6865066,"عمارة للبيع في شارع 261 جبل النور 1, حي وادي جليل, مدينة مكة المكرمة, منطقة مكة المكرمة",4800000,401,,,,11,حي الخنساء,مكة المكرمة,حي الخنساء,"🌟 فرصة استثمارية مميزة 🌟

*للبيع أرض مقام  عليها عمارة قديمة بعائد ويوجد عليها رخصة بناء فندق*

*القيمة قيمة أرض*

المنطقة: مكة المكرمة
الحي: وادي جليل - طريق الحج
الشوارع: 27 م غرب ، 6.25 م شمال
المساحة: 401 م
رقم القطعة: 5583

بالقرب من/
* على طريق الحج.
* بالقرب من طريق الملك فيصل.
* يبعد عن الحرم 8 Km.
* بالقرب من الخدمات.

تتكون من/
* دورين (أرضي تجاري، علوي سكني).

الدخل السنوي/
* موجرة على تموينات بقيمة 80,000 ريال سنويًا ويزيد بنسبة 20% سنويًا، وموثق العقد في منصة ايجار.

للإستفسار والتواصل 📞

551118480
551112543
534003808",21.453646,39.847164,https://images.aqar.fm/webp/750x0/props/052396425_1789064521381.jpg | https://images.aqar.fm/webp/750x0/props/052396420_1788902243848.jpg | https://images.aqar.fm/webp/750x0/props/052396426_1788901337887.jpg | https://images.aqar.fm/webp/750x0/props/052396425_1788901337901.jpg | https://images.aqar.fm/webp/750x0/props/052396425_1788901337912.jpg,5,المقداد ماجد عبدالعزيز الهزاني,مؤسسة فوادن الاعمار,1,2026-09-08,2026-09-08,2026-09-18,32,2026-09-20,True,"4,800,000",False,عمارة
6847723,https://sa.aqar.fm/عمائر-للبيع/مكة-المكرمة/حي-الملك-فهد/شارع-الامير-سعد-ابن-فهد-ابن-سعد-حي-الشامية-الجديد-مدينة-مكة-المكرمة-منطقة-مكة-المكرمة-6847723,"عمارة للبيع في شارع الامير سعد ابن فهد ابن سعد, حي الشامية الجديد, مدينة مكة المكرمة, منطقة مكة المكرمة",4200000,600,,,,0,حي الملك فهد,مكة المكرمة,حي الملك فهد,"فرصة استثمارية مميزة - عمارة تجارية سكنية للبيع | حي ولي العهد ٢ - مكة المكرمة
( الرجاء التواصل من المشتري فقط نعتذر من المكاتب والوسطاء 
مساحه 600 متر 
تطرح للبيع عمارة تجارية سكنية بموقع استراتيجي متميز على شارع ٣٢ بحي ولي العهد الثاني، تتكون من سبع شقق سكنية وأربعة محلات تجارية.

مواصفات العقار:

	•	سبع شقق سكنية، كل شقة تتكون من خمس غرف وثلاث دورات مياه
	•	أربعة محلات تجارية
	•	تشطيب راقٍ من الدرجة الأولى
	•	بدروم مخصص كمواقف سيارات
	•	العقار مكتمل الخدمات

العائد الاستثماري:
الدخل 
يقارب ٢٠٠ ألف ريال سنوياً، مع إمكانية تطوير هذا العائد بسهولة، مما يجعل العقار فرصة استثمارية واعدة بعائد مجزٍ.

السعر: ٤,٢٠٠,٠٠٠ ريال (قابل للتفاوض مع المشتري الجاد)

ملاحظة هامة: التعامل مباشرة مع المالك، ونعتذر عن التواصل مع المكاتب العقارية والوسطاء.

للاستفسار والمعاينة، يرجى التواصل مباشره واتس اب ابو فهد 0580944539",21.320831,39.700721,https://images.aqar.fm/webp/750x0/props/036541053_1788026075242.jpg | https://images.aqar.fm/webp/750x0/props/036541050_1788026075243.jpg | https://images.aqar.fm/webp/750x0/props/036541056_1788026075235.jpg | https://images.aqar.fm/webp/750x0/props/036541056_1788026075230.jpg | https://images.aqar.fm/webp/750x0/props/036541054_1788026075253.jpg | https://images.aqar.fm/webp/750x0/props/036541058_1788026075225.jpg | https://images.aqar.fm/webp/750x0/props/036541058_1788026075246.jpg | https://images.aqar.fm/webp/750x0/props/036541054_1788026075237.jpg | https://images.aqar.fm/webp/750x0/props/036541057_1788026109881.jpg | https://images.aqar.fm/webp/750x0/props/036541050_1788026109851.jpg | https://images.aqar.fm/webp/750x0/props/036541050_1788026109838.jpg | https://images.aqar.fm/webp/750x0/props/036541058_1788026109843.jpg | https://images.aqar.fm/webp/750x0/props/036541056_1788026109885.jpg | https://images.aqar.fm/webp/750x0/props/036541059_1788026109880.jpg | https://images.aqar.fm/webp/750x0/props/036541054_1788026109876.jpg,15,احمد فهد,,,2026-08-29,2026-08-29,2026-09-18,22,2026-09-20,True,"4,200,000",False,عمارة
6401124,https://sa.aqar.fm/عمائر-للبيع/مكة-المكرمة/حي-العدل/شارع-محايل-عسير-حي-وادي-جليل-مدينة-مكه-المكرمه-منطقة-مكة-المكرمة-6401124,"عمارة للبيع في شارع محايل عسير, حي وادي جليل, مدينة مكه المكرمه, منطقة مكة المكرمة",4500000,158,,,,1,حي العدل,مكة المكرمة,حي العدل,"_شركة دروب الاستقرار العقاري 
نعرض لكم عمارة للبيع شقق فاخرة 🏡 
المشروع يتكون من 12 شقه للبيع بالكامل 
●●السعر 6.000.000 مليون 
موقعها - مكه المكرمة - حي وادي جليل
المشروع قريب من جميع الخدمات 
يقع المشروع على  شارع 15 
         ( المواصفات )✅
  ٥غرف +٣دورات مياه +مطبخ +صالة ✅
  ٤ غرف +٣دورات مياه +مطبخ+صالة 
ويوحد شقق مدخلين جميع اورق العقار جاهز 
⏪مساحات مختلف لشقق  📐 
اتم استعداد تصوير وتسويق *العروض العقارية*
شركة دروب الاستقرار العقاريه 
رقم ترخيص الاعلان  7100026105
((رقم المعلن يظهر عند التواصل))    الـمـعـلـن 0140616
((رقم المعلن يظهر عند التواصل))      س ت 1010378236
((رقم المعلن يظهر عند التواصل))      الـتـصـنـيـف : 859
ترخيص الهيئة العامة للعقار 1100004051

موقع العقار https://maps.app.goo.gl/yE5Lr9U2vKTqUDrMA",21.465095,39.861119,https://images.aqar.fm/webp/750x0/props/002926446_1759054700987.jpg | https://images.aqar.fm/webp/750x0/props/002926447_1759054700976.jpg | https://images.aqar.fm/webp/750x0/props/002926445_1759054700981.jpg | https://images.aqar.fm/webp/750x0/props/002926443_1759054700980.jpg | https://images.aqar.fm/webp/750x0/props/002926448_1759054700975.jpg | https://images.aqar.fm/webp/750x0/props/002926440_1759054700986.jpg | https://images.aqar.fm/webp/750x0/props/002926443_1759054700986.jpg | https://images.aqar.fm/webp/750x0/props/002926449_1759054700985.jpg,8,أحمد            علي             عبدالله         القفاري        ,شركة دروب الاستقرار,1,2025-09-28,2025-09-28,2026-09-18,179,2026-09-20,True,"4,500,000",False,عمارة
6670155,https://sa.aqar.fm/عمائر-للبيع/مكة-المكرمة/حي-البحيرات/شارع-ابن-النديم-حي-البحيرات-مدينة-مكة-المكرمة-منطقة-مكة-المكرمة-6670155,"عمارة للبيع في شارع ابن النديم, حي البحيرات, مدينة مكة المكرمة, منطقة مكة المكرمة",1450000,600,,,,6,حي البحيرات,مكة المكرمة,حي البحيرات,"🏡✨ فيلا للبيع – مكة المكرمة (حي التنعيم 3) ✨🏡

فرصة مميزة للاستثمار والسكن 💫  
فيلا مؤجرة بالكامل، بعوائد قائمة وموقع ممتاز

📍 الموقع: مكة المكرمة – حي التنعيم (رقم 3)  

🏠 مكونة من:  
🔹 دورين + ملحق  
🔹 تقريباً 12 غرفة  
🔹 7 حمامات  

📐 الواجهات:  
⬅️ شمالية على شارع  
➡️ شرقية على شارع  
⬇️ جنوبية على ممر  
✨ على ثلاث واجهات  

💼 الفيلا مؤجرة بالكامل – مناسبة للاستثمار بعائد جاهز  

📞 للتواصل والاستفسار:   أو  ",21.50568,39.78325,https://images.aqar.fm/webp/750x0/props/034140771_1777198787476.jpg,1,محمد خالد عبدالعزيز الصديق,مؤسسة ألفا تيم لخدمات الأعمال,1,2026-04-26,2026-05-25,2026-07-27,895,2026-09-20,True,"1,450,000",False,عمارة
6471245,https://sa.aqar.fm/عمائر-للبيع/مكة-المكرمة/حي-الراشدية/شارع-سلطانه-حي-البيعة-مدينة-مكة-المكرمة-منطقة-مكة-المكرمة-6471245,"عمارة للبيع في شارع سلطانه, حي البيعة, مدينة مكة المكرمة, منطقة مكة المكرمة",1300000,400,,,,8,حي الراشدية,مكة المكرمة,حي الراشدية,"للبيع عمارة دورين في حي الراشدية 2 على واجهتين خلف المول الجديد 
المساحة : 400 متر 
شارع عرض 15 جنوبا 
ممر بعرض 5 متر شمالا و يليه مواقف سيارات ثم يليه شارع عرض 11 متر 
الاطوال 20 في عمق 20 
رقم القطعة : 71 
رقم المخطط : 1 / 20 / 60 

مواصفات العمارة 

عماره دورين بداية مخطط الراشدية 2 خلف المول
الجديد 
عمر العقار 8 سنوات 
العماره مكونه من دور ارضي
6 غرف مع المجالس و ٣ دورات مياه ومطبخ وصاله مفتوحه على 
المطبخ 
و الدور الاول عباره عن شقتين كل شقه 4 غرف
و حمامين و صاله و مطبخ

( السعر مليون و 300 الف ريال صافي )",21.452706,40.006651,https://images.aqar.fm/webp/750x0/props/041877691_1763405788044.jpg | https://images.aqar.fm/webp/750x0/props/041877695_1763405788027.jpg | https://images.aqar.fm/webp/750x0/props/041877691_1763405807614.jpg | https://images.aqar.fm/webp/750x0/props/041877692_1763405807626.jpg | https://images.aqar.fm/webp/750x0/props/041877690_1763405807607.jpg | https://images.aqar.fm/webp/750x0/props/041877692_1763405807607.jpg | https://images.aqar.fm/webp/750x0/props/041877690_1763405807612.jpg | https://images.aqar.fm/webp/750x0/props/041877698_1763405807617.jpg,8,بندر حماد عائض الشدادي,,,2025-11-17,2025-11-17,2026-09-20,1172,2026-09-20,True,"1,300,000",False,عمارة
6781345,https://sa.aqar.fm/عمائر-للبيع/مكة-المكرمة/حي-العزيزية/شارع-الإصرار-حي-العزيزية-مدينة-مكة-المكرمة-منطقة-مكة-المكرمة-6781345,"عمارة للبيع في شارع الإصرار, حي العزيزية, مدينة مكة المكرمة, منطقة مكة المكرمة",1500000,625,,,,11,حي العزيزية,مكة المكرمة,حي العزيزية,"ملاحظه 
السعر مليون 500 بالوحده الموجود سته وحدات والمبلغ كامل 8 مليون والبيع بالكامل

📢 فرصة استثمارية مميزة في مكة المكرمة – حي العزيزية (محبس الجن)

🏡 أرض للبيع بموقع استراتيجي
📍 الموقع: مكة المكرمة – العزيزية (محبس الجن)
📐 المساحة: 625 م²
🛣️ على واجهتين

✨ مناسبة للاستثمار وإقامة مشروع سكني أو تجاري، في موقع حيوي قريب من الخدمات والمرافق",21.417172,39.863247,https://images.aqar.fm/webp/750x0/props/000391752_1784483475431.jpg | https://images.aqar.fm/webp/750x0/props/000391756_1784483475415.jpg | https://images.aqar.fm/webp/750x0/props/000391755_1784483475420.jpg | https://images.aqar.fm/webp/750x0/props/000391754_1784483475424.jpg | https://images.aqar.fm/webp/750x0/props/000391757_1784483475428.jpg,5,تركي فؤاد سعيد النجار,شركة تركي فؤاد النجار القابضة شخص واحد قابضة,1,2026-07-19,2026-09-16,2026-09-16,281,2026-09-20,True,"1,500,000",False,عمارة
6839501,https://sa.aqar.fm/عمائر-للبيع/مكة-المكرمة/حي-الهجرة/شارع-سعد-بن-مالك-ابو-سهل-حي-كدي-مدينة-مكة-المكرمة-منطقة-مكة-المكرمة-6839501,"عمارة للبيع في شارع سعد بن مالك ابو سهل, حي كدي, مدينة مكة المكرمة, منطقة مكة المكرمة",4500000,700,,,,10,حي الهجرة,مكة المكرمة,حي الهجرة,"عقار بحي كدي 
بمساحة ٧٠٠م 
٤ ادوار 
٦ شقق واسعة 
واجهه مميزة 
وصول جميع الخدمات 
مسطحات بناء ٢٤٥٠م",21.391741,39.844496,https://images.aqar.fm/webp/750x0/props/003733905_1787592347113.jpg | https://images.aqar.fm/webp/750x0/props/003733907_1787679863617.jpg | https://images.aqar.fm/webp/750x0/props/003733906_1787679863618.jpg | https://images.aqar.fm/webp/750x0/props/003733904_1787679863624.jpg,4,حمد ناصر حمد,شركة دواوين الانماء العقارية شركة شخص واحد,1,2026-08-24,2026-08-24,2026-08-25,35,2026-09-20,True,"4,500,000",False,عمارة
6870580,https://sa.aqar.fm/عمائر-للبيع/مكة-المكرمة/حي-الروضة/شارع-الصبر-حي-الروضة-مدينة-مكة-المكرمة-منطقة-مكة-المكرمة-6870580,"عمارة للبيع في شارع الصبر, حي الروضة, مدينة مكة المكرمة, منطقة مكة المكرمة",10000000,496,,,,9,حي الروضة,مكة المكرمة,حي الروضة,"� للبيع | عمارة فندقية استثمارية في مكة المكرمة

📍 موقع مميز في حي الروضة – مكة المكرمة
فرصة استثمارية مميزة لامتلاك عمارة فندقية بتصميم عصري وتشطيب فاخر، وموقع حيوي بالقرب من جميع الخدمات.

🏢 مواصفات العقار:

* 4 أدوار بتشطيب فاخر
* عدد الغرف: 52 غرفة
* عدد الأجنحة: 214
* غرف ثلاثية ورباعية
* جميع الغرف مزودة بأوفيس
* عدد المصاعد: 2
* عدد صالات الطعام: 2
* مصلى
* خدمات متكاملة
* موقع حيوي وقريب من جميع الخدمات

📍 مميزات الموقع:

* تبعد عن الحرم المكي حوالي 3 كيلومترات
* تبعد عن الجمرات 800 متر
* قريبة من جامع ابن عبيد
* في حي الروضة بموقع استراتيجي
* قريبة من حديقة عامة
* جميع الخدمات متوفرة
* تصميم عصري وتشطيب فاخر

للتواصل والاستفسار متاحيين لخدمتكم على مدار الساعة.

مداد ترحب بكم...",21.428259,39.852384,https://images.aqar.fm/webp/750x0/props/009835925_1789225226736.jpg | https://images.aqar.fm/webp/750x0/props/009835923_1789225226686.jpg | https://images.aqar.fm/webp/750x0/props/009835926_1789225226684.jpg | https://images.aqar.fm/webp/750x0/props/009835928_1789225226710.jpg | https://images.aqar.fm/webp/750x0/props/009835928_1789225226821.jpg | https://images.aqar.fm/webp/750x0/props/009835928_1789225226780.jpg | https://images.aqar.fm/webp/750x0/props/009835924_1789225226845.jpg | https://images.aqar.fm/webp/750x0/props/009835925_1789225226859.jpg | https://images.aqar.fm/webp/750x0/props/009835929_1789225226871.jpg | https://images.aqar.fm/webp/750x0/props/009835926_1789225226900.jpg | https://images.aqar.fm/webp/750x0/props/009835927_1789225226809.jpg | https://images.aqar.fm/webp/750x0/props/009835928_1789225226924.jpg,12,محمد عبدالعزيز,مؤسسة ميداد آر إي إل,1,2026-09-12,2026-09-12,2026-09-12,19,2026-09-20,True,"10,000,000",False,عمارة
6722039,https://sa.aqar.fm/عمائر-للبيع/مكة-المكرمة/حي-النزهة/شارع-الحاسم-حي-النزهة-مدينة-مكة-المكرمة-منطقة-مكة-المكرمة-6722039,"عمارة للبيع في شارع الحاسم, حي النزهة, مدينة مكة المكرمة, منطقة مكة المكرمة",5100000,520,,,,11,حي النزهة,مكة المكرمة,حي النزهة,"🏢 دارا العقارية

فرصة استثمارية مميزة للبيع – عمارة سكنية مؤجرة بالكامل في مكة المكرمة (حي النزهة)

📍 الموقع: حي النزهة خلف جامع الصبان
📐 المساحة: 530 م²
🛣️ شارع 20 متر
📄 صك إلكتروني
🏗️ العمر: 15 سنة
🔧 العمارة مرممة ومجددة بشكل مستمر وتحت متابعة وصيانة دورية.

تفاصيل العقار:
• 6 أدوار بالإضافة إلى دور ملحق.
• جميع الوحدات مؤجرة بالكامل.
• ملاصق للعقار زقاق جانبي يمكن الاستفادة منه في إنشاء سلم طوارئ عند الرغبة في استثماره لخدمة الحجاج والمعتمرين.

توزيع الوحدات:
• الدور الأرضي والأول: وحدة كاملة (فيلا) بحوش خاص ومدخلين مستقلين، مع إمكانية تقسيمها إلى شقق.
• الدور الثاني: شقتان.
• الدور الثالث: شقتان.
• الدور الرابع: شقتان.
• الدور الخامس: شقة روف.
• دور الملحق: شقة + غرفة ستوديو مستقلة.

✅ موقع مميز في حي راقٍ.
✅ دخل استثماري قائم.
✅ مناسب للاستثمار السكني أو التطوير المستقبلي.

للاستفسار ومعرفة المزيد من التفاصيل، الرجاء التواصل عبر الواتساب",21.438508,39.786669,https://images.aqar.fm/webp/750x0/props/006950582_1780807133446.jpg | https://images.aqar.fm/webp/750x0/props/006950580_1780807133430.jpg | https://images.aqar.fm/webp/750x0/props/006950580_1780807133446.jpg | https://images.aqar.fm/webp/750x0/props/006950584_1780807133451.jpg | https://images.aqar.fm/webp/750x0/props/006950589_1780807133446.jpg | https://images.aqar.fm/webp/750x0/props/006950589_1780807133439.jpg,6,عبدالرحمن سالم,مؤسسة احمد سالم عبدالصمد الجحدلي العقارية,1,2026-06-07,2026-06-07,2026-08-27,157,2026-09-20,True,"5,100,000",False,عمارة
6855590,https://sa.aqar.fm/عمائر-للبيع/مكة-المكرمة/حي-التنعيم/شارع-عمرو-بن-شجيره-حي-التنعيم-مدينة-مكة-المكرمة-منطقة-مكة-المكرمة-6855590,"عمارة للبيع في شارع عمرو بن شجيره, حي التنعيم, مدينة مكة المكرمة, منطقة مكة المكرمة",4400000,1250,,,,11,حي التنعيم,مكة المكرمة,حي التنعيم,"فرصة للنخبة | قصر مصغر (عظم) للبيع في مكة المكرمة – صمّم تشطيبك الفاخر بنفسك
لكل من يبحث عن التميز والخصوصية؛ امتلك قصراً مصغراً تحت الإنشاء (لم يشطب بعد)، مبنياً بأعلى معايير الجودة الإنشائية بمخطط البوقري بحي العمرة، بموقع مهيب على 3 شوارع وإطلالة مباشرة باتجاه الدائري الرابع.
(مرفق صور تصورية تلهمك فخامة التصميم بعد التشطيب)
الموقع والواجهات (إطلالة استثنائية وهيبة للموقع)
الموقع: مكة المكرمة – حي العمرة – مخطط البوقري.
القرب من الطرق: يبعد حوالي 300 متر فقط عن حرم الطريق الدائري الرابع (سهولة تامة في الدخول والخروج).
الواجهات: يمتد العقار على 3 شوارع بعرض 15 مترًا كالتالي:
واجهة شمالية: بطول تقريبي 30 مترًا مطلة باتجاه الدائري الرابع.
واجهة غربية: بطول تقريبي 50 مترًا.
واجهة جنوبية.


ميزة هندسية استثنائية (خصوصية مطلقة ورؤية كاشفة)
تم توزيع النوافذ والشبابيك بعبقرية هندسية تحقق أقصى درجات الأمان والراحة:
خصوصية تامة 100%: تصميم الشبابيك يضمن عدم كشف الجيران للمنزل؛ فعند فتحها لا يستطيع أي جار رؤية ما بداخل القصر.
رؤية محيطية كاشفة: تتيح لك زوايا النوافذ المبتكرة معرفة القادمين إلى القصر من كل اتجاه بوضوح دون أن يراك أحد.
المساحة والأرض
إجمالي مساحة الأرض: 1,250 متر مربع (مكون من قطعتين متجاورتين مدمجتين في البناء):
القطعة الأولى: بمساحة 433.40 م².
القطعة الثانية: بمساحة 816.60 م².
الهيكل الإنشائي والتصميم الداخلي (مبنى خرساني مسلح متكامل)
المبنى قائم بالكامل على مساحة الأرض، بتوزيع يوفر أعلى مستويات الرفاهية:
البدروم: مساحة مفتوحة بالكامل على كامل مساحة البناء، جاهز لتطويعه حسب رغبتك (صالات سينما، جيم، مجالس ضيافة، أو مواقف سيارات).
الجناح الترفيهي:
تأسيس مسبح داخلي مغطى",21.517067,39.798263,https://images.aqar.fm/webp/750x0/props/034805221_1788415214468.jpg | https://images.aqar.fm/webp/750x0/props/034805226_1788415225221.jpg,2,تركي دخيل الله علي المطيري,مؤسسة شمس العروس العقارية,1,2026-09-03,2026-09-03,2026-09-03,25,2026-09-20,True,"4,400,000",False,عمارة
6868547,https://sa.aqar.fm/عمائر-للبيع/مكة-المكرمة/حي-العزيزية/شارع-الغنائم-حي-العزيزية-مدينة-مكة-المكرمة-منطقة-مكة-المكرمة-6868547,"عمارة للبيع في شارع الغنائم, حي العزيزية, مدينة مكة المكرمة, منطقة مكة المكرمة",9000000,748,,,,10,حي العزيزية,مكة المكرمة,حي العزيزية,"🌟 فرصة استثمارية مميزة 🌟

*عمارة تجارية سكنية مرخصة كسكن حجاج من وزارة الحج و وزارة السياحة*

المنطقة: مكة المكرمة
الحي: العزيزية
الشوارع: 10 م ، 6 م
المساحة: 748.22 م
المخطط: 1 /21 /4ب /2 
رقم القطعة: 49

بالقرب من/
* طريق العزيزية العام.
* بالقرب من قطار المشاعر (محطة منى - الجمرات).
* بالقرب من طريق الملك عبدالعزيز.
* يبعد عن الحرم 8.5 Km
* بالقرب من الخدمات.

تتكون من/
* 4 أدوار .
* 2 مصاعد.
* 12 جناح .
* 73 غرفة.
* مصرح ب عدد 385 حاج
* كل جناح يحتوي على مطبخ.
* مطابخ واسعة للدور الارضي، مدخل للخدمات ، غرف نفايات ، غرف غسيل.
* مصلى بالدور الارضي + جلسات انتظار.
* سلالم طوارئ.
* نظام إطفاء حرائق متكامل.
* مصرحة سكن حجاج من وزارة السياحة ، وزارة الحج والعمرة.

الدخل السنوي/
 7% تقريبا قابل للزيادة

موجرة على مشغل بقيمة 600,000 ريال سنوي، وموثق العقد في منصة ايجار، وينتهي في تاريخ 2026/12/24

السعر قابل للتفاوض …

للإستفسار والتواصل 📞

551118480
551112543
534003808",21.416613,39.866522,https://images.aqar.fm/webp/750x0/props/052396424_1789067525090.jpg | https://images.aqar.fm/webp/750x0/props/052396429_1789067703408.jpg | https://images.aqar.fm/webp/750x0/props/052396422_1789067948063.jpg | https://images.aqar.fm/webp/750x0/props/052396425_1789067863266.jpg | https://images.aqar.fm/webp/750x0/props/052396428_1789067703408.jpg | https://images.aqar.fm/webp/750x0/props/052396422_1789067703409.jpg | https://images.aqar.fm/webp/750x0/props/052396420_1789067703433.jpg | https://images.aqar.fm/webp/750x0/props/052396427_1789067948054.jpg | https://images.aqar.fm/webp/750x0/props/052396428_1789067703438.jpg | https://images.aqar.fm/webp/750x0/props/052396426_1789067863278.jpg | https://images.aqar.fm/webp/750x0/props/052396427_1789067863256.jpg | https://images.aqar.fm/webp/750x0/props/052396422_1789067863277.jpg | https://images.aqar.fm/webp/750x0/props/052396424_1789067948044.jpg | https://images.aqar.fm/webp/750x0/props/052396424_1789067703421.jpg | https://images.aqar.fm/webp/750x0/props/052396421_1789067948038.jpg | https://images.aqar.fm/webp/750x0/props/052396428_1789067948043.jpg | https://images.aqar.fm/webp/750x0/props/052396421_1789067948040.jpg | https://images.aqar.fm/webp/750x0/props/052396422_1789067948046.jpg | https://images.aqar.fm/webp/750x0/props/052396423_1789067863240.jpg | https://images.aqar.fm/webp/750x0/props/052396427_1789067863264.jpg | https://images.aqar.fm/webp/750x0/props/052396427_1789067863238.jpg | https://images.aqar.fm/webp/750x0/props/052396427_1789067863241.jpg | https://images.aqar.fm/webp/750x0/props/052396421_1789067948054.jpg,23,المقداد ماجد عبدالعزيز الهزاني,مؤسسة فوادن الاعمار,1,2026-09-10,2026-09-10,2026-09-18,33,2026-09-20,True,"9,000,000",False,عمارة
6617607,https://sa.aqar.fm/عمائر-للبيع/مكة-المكرمة/حي-النزهة/شارع-مسجد-بن-حسن-حي-النزهة-مدينة-مكة-المكرمة-منطقة-مكة-المكرمة-6617607,"عمارة للبيع في شارع مسجد بن حسن, حي النزهة, مدينة مكة المكرمة, منطقة مكة المكرمة",6000000,625,,,,11,حي النزهة,مكة المكرمة,حي النزهة,عمارة للبيع تقع في مكة المكرمة حب النزهه شارع مسجد بن حسن مخطط فيصل بن بدر واجهة العقار شمالية عدد الغرف 20,21.435223,39.791267,https://images.aqar.fm/webp/750x0/props/046116281_1772912226630.jpg,1,فهد بن عبدالله بن عبدالعزيز الحوشاني,,,2026-03-07,2026-07-10,2026-09-06,138,2026-09-20,True,"6,000,000",False,عمارة
6874817,https://sa.aqar.fm/عمائر-للبيع/مكة-المكرمة/حي-بطحاء-قريش/شارع-عماره-بن-صفوان-حي-بطحاء-قريش-مدينة-مكة-المكرمة-منطقة-مكة-المكرمة-6874817,"عمارة للبيع في شارع عماره بن صفوان, حي بطحاء قريش, مدينة مكة المكرمة, منطقة مكة المكرمة",500000,166,,,,2,حي بطحاء قريش,مكة المكرمة,حي بطحاء قريش,"شقق للبيع في مدينة مكة المكرمة حي بطحاء قريش داخل حد الحرم🕋
شقق بتشطيب ممتاز وراقي 🏠💯
مميزات المشروع ✨
10 دقائق عن المسجد الحرام 🕋
بجوار مسجد 
خزانات مستقلة 
كاميرات مراقبة 
تأسيس مكيفات سبليت 
أبواب WPC
موقف سيارة خاص مستقل 
بالقرب من حافلات الباص 
بالقرب من مركز صحي 

وتوجد ضمانات تصل إلى 25 سنة 

📞: ((الرقم يظهر عند الضغط على اتصال))

رقم الترخيص الإعلاني: 7100319859
رخصة فال: 1100312304",21.355794,39.831038,https://images.aqar.fm/webp/750x0/props/054619805_1789415842035.jpg | https://images.aqar.fm/webp/750x0/props/054619800_1789415842037.jpg | https://images.aqar.fm/webp/750x0/props/054619803_1789415842043.jpg | https://images.aqar.fm/webp/750x0/props/054619801_1789415842032.jpg | https://images.aqar.fm/webp/750x0/props/054619803_1789415842040.jpg | https://images.aqar.fm/webp/750x0/props/054619804_1789415842036.jpg,6,خالد بن محمد بن سعيد باهويني,,,2026-09-14,2026-09-14,2026-09-16,61,2026-09-20,True,"500,000",False,عمارة
6699462,https://sa.aqar.fm/عمائر-للبيع/مكة-المكرمة/حي-المعابدة/شارع-التوبة-حي-المعابده-مدينة-مكة-المكرمة-منطقة-مكة-المكرمة-6699462,"عمارة للبيع في شارع التوبة, حي المعابده, مدينة مكة المكرمة, منطقة مكة المكرمة",6000000,505,,,,11,حي المعابدة,مكة المكرمة,حي المعابدة,"عماره بمكه للبيع او للاستثمار فرصه ثمينه جدا للراغبين في الاستثمار

عمارة بواجهه حجر في مكه بحي الأمير عبدالله الفيصل ( الششه ) بمساحة 505 م وشارع عرض 12 م مكونه من اربع ادوار بأجمالي 10 شقق ومصعد وكل شقه عباره عن 4 غرف وصاله ودورتين مياه ومطبخ ..
تقع العماره بموقع مميز جدا لقربها من الشارع العام المتجه لمنى والحرم ( منطقة حج ) ..

للمعلوميه / ارجو التواصل على الواتساب فقط للجادين .

ارقام التواصل /
-   
- ⁠  
- ⁠ ",21.434135,39.855696,https://images.aqar.fm/webp/750x0/props/007710954_1778942756381.jpg | https://images.aqar.fm/webp/750x0/props/007710953_1778942756304.jpg | https://images.aqar.fm/webp/750x0/props/007710958_1779460543820.jpg,3,محمد ناصر,,,2026-05-16,2026-08-11,2026-09-12,249,2026-09-20,True,"6,000,000",False,عمارة
6725041,https://sa.aqar.fm/عمائر-للبيع/مكة-المكرمة/حي-الملك-فهد/شارع-المنصوري-حي-ولي-العهد-مكة-منطقة-مكة-المكرمة-6725041,"عمارة للبيع في شارع 7524246, حي الشامية الجديد, مدينة مكة المكرمة, منطقة مكة المكرمة",1700000,864,,,,0,حي الملك فهد,مكة المكرمة,حي الملك فهد,"عمارة عظم للبيع بمكة المكرمة (أنا المالك تواصل معي مباشره )
داخل حدود الحرم مسجله عينيا 
- مخطط ولي العهد (1)
-شارع 15 شمالي مسفلت  المنطقه مستويه 
- مساحة الارض (864م مربع ) قريبه  جدا من شارع  ٣٢(ابو هريره)  التجاري 
- ⁠وقريبه من  مجمعات مدارس  وكافيهات 
- ⁠موقع حيوي 
-دورين :
-الدور الارضي مساحته (561.52م)
وفيه 4 وحدات سكنيه:
شقتين من 4 غرف وصاله
وشقتين من 3 غرف وصاله ومدخلين
-الدور الثاني مساحته (623.32م)
وفيه:اربع وحدات سكنية
شقتين من 4 غرف وصاله
وشقتين من 3 غرف وصاله ومدخلين
_ توجد 3 مناور بالعمارة
-الخزان الارضي: (المسطح الخارجي للخزان132.78م مربع) وجهاته الاربع معزولة بالقار وعزلها بالرول طبقتين 
-البيارة: مساحةتمتيرها 
9.60م مربع
-سور خاص بالعمارة من جهاتها الثلاث مبني على ميدة 
- يوجد بيت للمصعد  
-البناء شخصي بإشراف مكتب هندسي وتم تصوير البناء بجميع مراحله ومخططات تفصيلية
-استخدام افضل ادوات البناء 
-الحي مكتمل الخدمات والمرافق والمطاعم)
خرائط معتمدة نظامية من مكتب  الهندسي (القايد)
‏مؤسس أربع أدوار ملحق",21.326984,39.69693,https://images.aqar.fm/webp/750x0/props/005139731_1780962051258.jpg | https://images.aqar.fm/webp/750x0/props/005139733_1780965772997.jpg | https://images.aqar.fm/webp/750x0/props/005139739_1780965773011.jpg | https://images.aqar.fm/webp/750x0/props/005139733_1780965772998.jpg | https://images.aqar.fm/webp/750x0/props/005139731_1780965820229.jpg | https://images.aqar.fm/webp/750x0/props/005139733_1780965820215.jpg,6,وفاء نغيمش احمد الحربي,,,2026-06-08,2026-06-09,2026-09-19,414,2026-09-20,True,"1,700,000",False,عمارة
6874383,https://sa.aqar.fm/عمائر-للبيع/مكة-المكرمة/حي-الشوقية/شارع-معتب-بن-قشير-الاوسي-حي-الشوقية-مدينة-مكة-المكرمة-منطقة-مكة-المكرمة-6874383,"عمارة للبيع في شارع معتب بن قشير الاوسي, حي الشوقية, مدينة مكة المكرمة, منطقة مكة المكرمة",890000,206,,,,0,حي الشوقية,مكة المكرمة,حي الشوقية,"شقق للبيع في مكه المكرمه 
حي الشوقيه 
مساحه 200 لكل شقه
عدد ٨ شقق
موقع حيوي واستثماري 
الشقق عليها ضمانات وتامين كامل 
الاسعار تبدا من 780 الف الى 980 الف 
التواصل واتس / 054867194",21.383104,39.788425,https://images.aqar.fm/webp/750x0/props/023749101_1789403565110.jpg | https://images.aqar.fm/webp/750x0/props/023749107_1789403565168.jpg | https://images.aqar.fm/webp/750x0/props/023749107_1789403565115.jpg | https://images.aqar.fm/webp/750x0/props/023749106_1789403565104.jpg | https://images.aqar.fm/webp/750x0/props/023749102_1789403565121.jpg | https://images.aqar.fm/webp/750x0/props/023749109_1789403565101.jpg | https://images.aqar.fm/webp/750x0/props/023749106_1789403565116.jpg | https://images.aqar.fm/webp/750x0/props/023749102_1789403565116.jpg | https://images.aqar.fm/webp/750x0/props/023749106_1789403582173.jpg | https://images.aqar.fm/webp/750x0/props/023749107_1789403582189.jpg | https://images.aqar.fm/webp/750x0/props/023749104_1789403582201.jpg | https://images.aqar.fm/webp/750x0/props/023749109_1789403582204.jpg | https://images.aqar.fm/webp/750x0/props/023749100_1789403582205.jpg | https://images.aqar.fm/webp/750x0/props/023749103_1789403582193.jpg | https://images.aqar.fm/webp/750x0/props/023749106_1789403582245.jpg | https://images.aqar.fm/webp/750x0/props/023749107_1789403582199.jpg,16,فارس مريزيق بن حضيرم السلمي,,,2026-09-14,2026-09-14,2026-09-14,42,2026-09-20,True,"890,000",False,عمارة
6562346,https://sa.aqar.fm/عمائر-للبيع/مكة-المكرمة/حي-العسيلة/شارع-مخطط-البوابه-حي-العسيلة-مدينة-مكة-المكرمة-منطقة-مكة-المكرمة-6562346,"عمارة للبيع في شارع مخطط البوابه , حي العسيلة, مدينة مكة المكرمة, منطقة مكة المكرمة",5000000,580,,,,0,حي العسيلة,مكة المكرمة,حي العسيلة,للبيع عمارة في مكة المكرمة، حي طوى مخطط بوابة 3 للتفاوض والشراء تواصل معنا .,21.51008,39.881233,https://images.aqar.fm/webp/750x0/props/046116283_1769389365846.jpg,1,فهد بن عبدالله بن عبدالعزيز الحوشاني,,,2026-01-26,2026-06-20,2026-09-06,410,2026-09-20,True,"5,000,000",False,عمارة
6852369,https://sa.aqar.fm/عمائر-للبيع/مكة-المكرمة/حي-النزهة/شارع-مستشفى-الرفيع-حي-النزهة-مدينة-مكة-المكرمة-منطقة-مكة-المكرمة-6852369,"عمارة للبيع في شارع مستشفى الرفيع, حي النزهة, مدينة مكة المكرمة, منطقة مكة المكرمة",4500000,625,,,,11,حي النزهة,مكة المكرمة,حي النزهة,"عمارة قديمه 
موقع مميز ومنطقة ابراج 
حي النزهة تبعد ٤كيلو تقريباً عن الحرم 
ثلاث ادوار وملحق 
الدور الاول محلات تجاريه وشقه بالخلف 
الثاني شقتين 
الثالث مفتوح مع بعض 
الملحق شقه
العماريه فاضيه الان لغرض البيع او الترميم",21.428719,39.787455,https://images.aqar.fm/webp/750x0/props/012042402_1788266444783.jpg | https://images.aqar.fm/webp/750x0/props/012042402_1788266444763.jpg,2,حسن الغامدي,,,2026-09-01,2026-09-01,2026-09-10,22,2026-09-20,True,"4,500,000",False,عمارة
6699199,https://sa.aqar.fm/عمائر-للبيع/مكة-المكرمة/حي-الملك-فهد/شارع-ابو-الحسن-السروجي-حي-الشامية-الجديد-مدينة-مكة-المكرمة-منطقة-مكة-المكرمة-6699199,"عمارة للبيع في شارع ابو الحسن السروجي, حي الشامية الجديد, مدينة مكة المكرمة, منطقة مكة المكرمة",3500000,600,,,,0,حي الملك فهد,مكة المكرمة,حي الملك فهد,"عمارة سكنية تقع في مكة حي ولي العهد 3 الشامية الجديد، شارع ابو الحسن السروجي 
1. واجهة العقار: جنوبية
2. عمر العقار:جديد
3. الخدمات:ماء كهرباء صرف صحي
4. عرض الشارع:25م
5. ⁠السعر:4000000",21.30463,39.687089,https://images.aqar.fm/webp/750x0/props/046116288_1778933377804.jpg | https://images.aqar.fm/webp/750x0/props/046116288_1778933377843.jpg | https://images.aqar.fm/webp/750x0/props/046116287_1778933377805.jpg,3,فهد بن عبدالله بن عبدالعزيز الحوشاني,,,2026-05-16,2026-06-14,2026-09-06,245,2026-09-20,True,"3,500,000",False,عمارة
6803091,https://sa.aqar.fm/عمائر-للبيع/مكة-المكرمة/حي-الملك-فهد/شارع-الامير-سعد-ابن-فهد-ابن-سعد-حي-الشامية-الجديد-مدينة-مكة-المكرمة-منطقة-مكة-المكرمة-6803091,"عمارة للبيع في شارع الامير سعد ابن فهد ابن سعد, حي الشامية الجديد, مدينة مكة المكرمة, منطقة مكة المكرمة",3700000,600,,,,1,حي الملك فهد,مكة المكرمة,حي الملك فهد,عماره تجاري سكن للبيع 7 شقق وأربع محلات متوفر جميع الخدمات عمرها سنه. وله دخل مميز. المشتري الجاد يتفضل واتساب او اتصال,21.320831,39.700721,https://images.aqar.fm/webp/750x0/props/044266217_1785730300018.jpg | https://images.aqar.fm/webp/750x0/props/044266210_1785730300018.jpg | https://images.aqar.fm/webp/750x0/props/044266214_1785730300017.jpg | https://images.aqar.fm/webp/750x0/props/044266212_1785730300018.jpg | https://images.aqar.fm/webp/750x0/props/044266210_1785730300016.jpg | https://images.aqar.fm/webp/750x0/props/044266219_1785730300016.jpg | https://images.aqar.fm/webp/750x0/props/044266212_1785730300018.jpg | https://images.aqar.fm/webp/750x0/props/044266213_1785730300018.jpg,8,محمد بن علي بن سراج حكيم,,,2026-08-03,2026-09-01,2026-09-17,129,2026-09-20,True,"3,700,000",False,عمارة
6803104,https://sa.aqar.fm/عمائر-للبيع/مكة-المكرمة/حي-الملك-فهد/شارع-التدمري-حي-الشامية-الجديد-مدينة-مكة-المكرمة-منطقة-مكة-المكرمة-6803104,"عمارة للبيع في شارع التدمري, حي الشامية الجديد, مدينة مكة المكرمة, منطقة مكة المكرمة",1800000,864,,,,1,حي الملك فهد,مكة المكرمة,حي الملك فهد,"عمارة للبيع عظم 8شقق   ولي العهد 1 داخل الحد  علي التشطيب  تصميم عل مقربة دقيقتين من شارع الهاشمي التجاري  نطاق مميز. موقع حيوي 
المشتري الحاد يتفضل واتساب او اتصال. للتفاوض والتفاصيل",21.32626,39.69741,https://images.aqar.fm/webp/750x0/props/044266218_1785733043182.jpg | https://images.aqar.fm/webp/750x0/props/044266217_1785733043144.jpg | https://images.aqar.fm/webp/750x0/props/044266210_1785733043135.jpg | https://images.aqar.fm/webp/750x0/props/044266218_1785733043144.jpg | https://images.aqar.fm/webp/750x0/props/044266215_1785733043135.jpg | https://images.aqar.fm/webp/750x0/props/044266211_1785733043139.jpg | https://images.aqar.fm/webp/750x0/props/044266219_1785733043137.jpg,7,محمد بن علي بن سراج حكيم,,,2026-08-03,2026-09-01,2026-09-17,462,2026-09-20,True,"1,800,000",False,عمارة
6795575,https://sa.aqar.fm/عمائر-للبيع/مكة-المكرمة/حي-الهجرة/شارع-االطريق-الدائري-الثالث-حي-كدي-مدينة-مكة-المكرمة-منطقة-مكة-المكرمة-6795575,"عمارة للبيع في شارع االطريق الدائري الثالث, حي كدي, مدينة مكة المكرمة, منطقة مكة المكرمة",8200000,500,,,,11,حي الهجرة,مكة المكرمة,حي الهجرة,"📍 الموقع: حي الهجرة – مكة المكرمة.
🛣️ واجهة مباشرة على طريق الدائري الثالث.
📐 مساحة الأرض: 500 م².
🕌 يبعد حوالي 7 دقائق فقط عن المسجد الحرام.
⭐ موقع استراتيجي في أحد أكثر المواقع حيوية داخل مكة المكرمة.
✅ مناسب للاستثمار والتطوير أو الاستخدام التجاري والسكني.
✅ سهولة الوصول إلى الطرق الرئيسية والخدمات.
📞 للتواصل والاستفسار: ((الرقم يظهر عند الضغط على اتصال))
رخصة فال: 1100264396
ترخيص الإعلان: 7100305235
رامي باحشوان للعقارات",21.38966,39.843355,https://images.aqar.fm/webp/750x0/props/001545239_1785299863589.jpg | https://images.aqar.fm/webp/750x0/props/001545235_1785299855449.jpg | https://images.aqar.fm/webp/750x0/props/001545236_1785299855485.jpg | https://images.aqar.fm/webp/750x0/props/001545232_1785299855519.jpg,4,رامى علي,,,2026-07-29,2026-08-27,2026-09-05,84,2026-09-20,True,"8,200,000",False,عمارة
6704802,https://sa.aqar.fm/عمائر-للبيع/مكة-المكرمة/حي-النزهة/شارع-شارع-مستشفى-الرفيع-حي-النزهة-مدينة-مكة-المكرمة-منطقة-مكة-المكرمة-6704802,"عمارة للبيع في شارع شارع مستشفى الرفيع, حي النزهة, مدينة مكة المكرمة, منطقة مكة المكرمة",6000000,625,,,,11,حي النزهة,مكة المكرمة,حي النزهة,"🔹مكة المكرمة
🔹حي النزهة
🔹عماره البيع
🔹سكنى تجاري
🔹المساحة625م
🔹25/25
ا🔹لموقع مميز ونشط
🔹شارع مستشفي الرفيع نافذ ل شارع الستين عبدالله عريف(الرصيفه 
🔹يوجد محلات وشقق مؤجره 

ا💰لسعر 6 مليون ريال
للتواصل ((الرقم يظهر عند الضغط على اتصال))",21.428719,39.787455,https://images.aqar.fm/webp/750x0/props/006232976_1779223655142.jpg | https://images.aqar.fm/webp/750x0/props/006232976_1779223655114.jpg | https://images.aqar.fm/webp/750x0/props/006232979_1789455638483.jpg,3,فيصل مسعد سعد الحربي,,,2026-05-19,2026-06-18,2026-09-19,239,2026-09-20,True,"6,000,000",False,عمارة
6516189,https://sa.aqar.fm/عمائر-للبيع/مكة-المكرمة/حي-العوالي/شارع-شارع-النيم-حي-العوالي-مدينة-مكة-المكرمة-منطقة-مكة-المكرمة-6516189,"عمارة للبيع في شارع شارع النيم, حي العوالي, مدينة مكة المكرمة, منطقة مكة المكرمة",3200000,900,,,,11,حي العوالي,مكة المكرمة,حي العوالي,"عمارة للبيع مكه المكرمه حي العوالي داخل حد الحرم  بموقع ممتاز فرصه للمستثمر
بجوار مسجد وحديقة وتحفيظ قران للنساء
المساحة ٩٠٠ م
على شارع ١٢ م وممر ٦ م خلفي
دورين وملحق وبدروم 
٧ شقق ( ٣ شقق ٤ غرف + ٣ شقق ٣ غرف وشقة غرفتين)
وبدروم
ملحق ارضي غرفتين
غرفة حارس
حوش كبير بمدخل سيارة 
العمارة في حالة تجديد حاليا وهي  بحالة جيدة
الدخل التقريبي ٥%

مع المالك مباشره 
لتواصل والاستفسار ((رقم المعلن يظهر عند التواصل))

من لديه عقار يرغب تسويقه يتواصل معي",21.346931,39.913918,https://images.aqar.fm/webp/750x0/props/004628479_1766388800656.jpg | https://images.aqar.fm/webp/750x0/props/004628474_1766593924213.jpg | https://images.aqar.fm/webp/750x0/props/004628479_1766593924194.jpg | https://images.aqar.fm/webp/750x0/props/004628472_1766593924201.jpg | https://images.aqar.fm/webp/750x0/props/004628472_1772276355506.jpg,5,حسين الزهراني,,,2025-12-22,2025-12-22,2026-09-18,545,2026-09-20,True,"3,200,000",False,عمارة
6835352,https://sa.aqar.fm/عمائر-للبيع/مكة-المكرمة/حي-الملك-فهد/شارع-ابو-مروان-بن-حيان-حي-الشامية-الجديد-مدينة-مكة-المكرمة-منطقة-مكة-المكرمة-6835352,"عمارة للبيع في شارع ابو مروان بن حيان, حي الشامية الجديد, مدينة مكة المكرمة, منطقة مكة المكرمة",1300000,453,,,,0,حي الملك فهد,مكة المكرمة,حي الملك فهد,"🔥 فلة فاخرة للبيع مكة المكرمة – مخطط ولي العهد 3

✨ فلة بمواصفات مميزة تجمع بين الفخامة، المساحة، والموقع الاستراتيجي.

📐 المساحة: 312م²
🧱 واجهة رخام فاخرة
🚗 شارعين 15 + 15

🏠 التفاصيل:
• دورين، وكل دور بمدخلين مستقلين
• مجالس مستقلة
• الدور الأول: 4 غرف + صالة + مطبخ + 3 دورات مياه
• الدور الثاني: 5 غرف + صالة + مطبخ + 3 دورات مياه
• تأسيس 3 أدوار + ملحق
• تأسيس مصعد
• تشطيب مودرن فاخر
• تأمين وضمانات تصل إلى 10 سنوات

📍 الموقع:
⭐ قريب من حدود الحرم
⭐ قريب من الشوارع الرئيسية، ومنها شارع 60
⭐ بالقرب من مسجد وحديقة
⭐ قريب من شارع تجاري وجميع الخدمات

💰 السعر: 1,300,000 ريال صافي
💳 كاش أو تمويل بنكي
⚡ إفراغ فوري",21.31331,39.676358,https://images.aqar.fm/webp/750x0/props/033327868_1787406923954.jpg | https://images.aqar.fm/webp/750x0/props/033327868_1787406923997.jpg | https://images.aqar.fm/webp/750x0/props/033327862_1787406923947.jpg | https://images.aqar.fm/webp/750x0/props/033327864_1787406924002.jpg | https://images.aqar.fm/webp/750x0/props/033327869_1787406923957.jpg | https://images.aqar.fm/webp/750x0/props/033327869_1787406923956.jpg | https://images.aqar.fm/webp/750x0/props/033327864_1787406926059.jpg | https://images.aqar.fm/webp/750x0/props/033327869_1787406923969.jpg | https://images.aqar.fm/webp/750x0/props/033327862_1787406947410.jpg | https://images.aqar.fm/webp/750x0/props/033327864_1787406947386.jpg | https://images.aqar.fm/webp/750x0/props/033327864_1787406947403.jpg | https://images.aqar.fm/webp/750x0/props/033327868_1787406947410.jpg | https://images.aqar.fm/webp/750x0/props/033327860_1787406947205.jpg | https://images.aqar.fm/webp/750x0/props/033327868_1787406947218.jpg | https://images.aqar.fm/webp/750x0/props/033327869_1787406949427.jpg | https://images.aqar.fm/webp/750x0/props/033327865_1787406947226.jpg,16,عبدالعزيز فهد عوض الثبيتي,,,2026-08-22,2026-08-22,2026-09-20,261,2026-09-20,True,"1,300,000",False,عمارة
6855582,https://sa.aqar.fm/عمائر-للبيع/مكة-المكرمة/حي-النزهة/شارع-عبد-الملك-بن-عبد-الملك-بن-درباس-حي-النزهة-مدينة-مكة-المكرمة-منطقة-مكة-المكرمة-6855582,"عمارة للبيع في شارع عبد الملك بن عبد الملك بن درباس, حي النزهة, مدينة مكة المكرمة, منطقة مكة المكرمة",3000000,604,,,,11,حي النزهة,مكة المكرمة,حي النزهة,"في قلب مكة المكرمة. عمارة سكنية للبيع في حي الستين بمساحة604 متر مربع، واجهة غربية وشارع 20 متر، تبعد حوالي كيلومتر عن الطريق الدائري الثالث، وقرابة15 دقيقة عن المسجد الحرام. العقار مرمم حديثاً ومزود بمصعد وأربع عدادات كهرباء. مكوّن من دور تسوية، ودور أرضي مؤجر حالياً بـ 35 ألف ريال سنوياً، ودورين متكررين بنظام دوبلكس بالإضافة إلى ملحق. قريب من المدارس والمعاهد والمطاعم ومراكز التسوق والبنوك والمستشفى والحدائق ومركز الشرطة والدفاع المدني. 

السعر/3 مليون و150 الف. شامل للسعي 
للتواصل والاستفسار
((الرقم يظهر عند الضغط على اتصال)) 
العرض مخصص للمشترين الجادين.",21.436857,39.784247,https://images.aqar.fm/webp/750x0/props/041925662_1788414331853.jpg | https://images.aqar.fm/webp/750x0/props/041925662_1788747192360.jpg | https://images.aqar.fm/webp/750x0/props/041925667_1788747225011.jpg,3,عبدالعليم عامر تركي العتيبي,,,2026-09-03,2026-09-03,2026-09-17,24,2026-09-20,True,"3,000,000",False,عمارة
6548584,https://sa.aqar.fm/عمائر-للبيع/مكة-المكرمة/حي-الخنساء/شارع-آجلي-حي-وادي-جليل-مدينة-مكة-المكرمة-منطقة-مكة-المكرمة-6548584,"عمارة للبيع في شارع آجلي, حي وادي جليل, مدينة مكة المكرمة, منطقة مكة المكرمة",2000000,500,,,,11,حي الخنساء,مكة المكرمة,حي الخنساء,"عماره للبيع
الموقع شارع الحج مكه مخطط وادي جليل مقابل قاعة الافراح ثاني درجه من الشارع العام 32م المساحه 500م
عماره مكونة من اربع شقق وشقتين في البدروم
الدور الاول تتكون من شقتين كل شقه من اربع غرف ومطبخ ودورتين مياه مدخلين لكل شقه
الدور الثاني تتكون من شقتين كل شقه من خمس غرف وطبخ ودورتين مياه مدخلين لكل شقه
البدروم من شقتين كل شقه من ثلاث غرف ومطبخ ودورتين مياه ومدخلين لكل شقه (لايوجد مصعد)
تتوفر مواقف لعدد خمس سيارات
عمر العقار 18 تقريباً سنه مؤجره بالكامل
الدخل اكثر من ١٠٠ الف 
المطلوب 2 مليون
العقار مرهون ب ٨٠٠ الف 
والسعر شامل الرهن 
رقم الاعلان 56234",21.462092,39.857519,https://images.aqar.fm/webp/750x0/props/000470617_1750916671684.jpg | https://images.aqar.fm/webp/750x0/props/000470619_1750916671817.jpg | https://images.aqar.fm/webp/750x0/props/000470612_1750916671815.jpg | https://images.aqar.fm/webp/750x0/props/000470612_1750916671721.jpg | https://images.aqar.fm/webp/750x0/props/000470610_1750916671819.jpg,5,صالح مرعي بن يسلم الصيعري,,,2026-01-15,2026-06-29,2026-09-15,365,2026-09-20,True,"2,000,000",False,عمارة
6837447,https://sa.aqar.fm/عمائر-للبيع/مكة-المكرمة/حي-الملك-فهد/شارع-الامير-سعد-ابن-فهد-ابن-سعد-حي-الشامية-الجديد-مدينة-مكة-المكرمة-منطقة-مكة-المكرمة-6837447,"عمارة للبيع في شارع الامير سعد ابن فهد ابن سعد, حي الشامية الجديد, مدينة مكة المكرمة, منطقة مكة المكرمة",3800000,600,,,,1,حي الملك فهد,مكة المكرمة,حي الملك فهد,"عمارة سكنية تجارية على شارع 32 م
في مكة المكرمة حي ولي العهد 2 ( الشامية الجديد )

اربع اداور و ملحق ( سبع شقق من 5 غرف كبيرة مساحة كل شقة 200 م تقريباً )
4 محلات

الشقق مؤجرة بالكامل 
المحلات مؤجر منها اثنان

السعر : 3 مليون و 800 الف ريال",21.320826,39.700851,https://images.aqar.fm/webp/750x0/props/028457107_1787501958112.jpg,1,عبدالله محي محي الشمراني,,,2026-08-23,2026-08-23,2026-09-17,92,2026-09-20,True,"3,800,000",False,عمارة
6752163,https://sa.aqar.fm/عمائر-للبيع/مكة-المكرمة/حي-النزهة/شارع-مسجد-بن-حسن-حي-النزهة-مدينة-مكة-المكرمة-منطقة-مكة-المكرمة-6752163,"عمارة للبيع في شارع مسجد بن حسن, حي النزهة, مدينة مكة المكرمة, منطقة مكة المكرمة",6000000,625,,,,11,حي النزهة,مكة المكرمة,حي النزهة,"### 🔸 فرصة استثمارية ذهبية في مكة المكرمة 🔸
تملّك عقاراً في موقع استراتيجي بـ **حي النزهة**، يجمع بين القيمة الحالية وإمكانية التطوير الفندقي المستقبلي.
**📍 تفاصيل العقار:**
 * **المساحة:** 625 م² (تجاري/سكني).
 * **الموقع:** حي النزهة، شارع تجاري (عرض 15م).
 * **المكونات:** 4 أدوار، 4 محلات تجارية، و4 شقق (كل شقة 5 غرف).
 * **الدخل السنوي:** 200,000 ريال.
 * **الحالة:** صك إلكتروني جاهز للإفراغ (لا توجد التزامات).
**💡 لماذا هذا العقار؟**
 * موقع مثالي للاستثمار الفندقي.
 * حي مكتمل الخدمات وقريب من الحرم.
 * عمر العقار 30+ عام (فرصة للهدم وإعادة التطوير الفندقي).
**💰 القيمة المطلوبة:**
 * **السعر:** 6,000,000 ريال (غير شامل الضريبة والسعي).
 * **عرض خاص:** سعي مخفّض **2% فقط** لفترة محدودة.
**🔗 موقع العقار:** اضغط هنا
**للتواصل والاستفسار:**
📞 اتصال: ((الرقم يظهر عند الضغط على اتصال))
🟢 واتساب: ((الرقم يظهر عند الضغط على اتصال))
**أحمد الغامدي للعقار** | رخصة فال: 1100107757
*ننصح دائماً بالمعاينة على أرض الواقع.*",21.435223,39.791267,https://images.aqar.fm/webp/750x0/props/011138663_1782723201325.jpg,1,احمد الغامدي,,,2026-06-29,2026-07-28,2026-08-26,69,2026-09-20,True,"6,000,000",False,عمارة
6655422,https://sa.aqar.fm/عمائر-للبيع/مكة-المكرمة/حي-الشوقية/شارع-مويسل-حي-المحمدية-مدينة-مكة-المكرمة-منطقة-مكة-المكرمة-6655422,"عمارة للبيع في شارع مويسل, حي المحمدية, مدينة مكة المكرمة, منطقة مكة المكرمة",20000000,1000,,,,7,حي الشوقية,مكة المكرمة,حي الشوقية,$5f,21.375684,39.787119,https://images.aqar.fm/webp/750x0/props/023558183_1776197335309.jpg | https://images.aqar.fm/webp/750x0/props/023558181_1776197335227.jpg | https://images.aqar.fm/webp/750x0/props/023558189_1776197335228.jpg | https://images.aqar.fm/webp/750x0/props/023558189_1776197335370.jpg | https://images.aqar.fm/webp/750x0/props/023558189_1776197335311.jpg,5,حسان حسن محمد عسيري,,,2026-04-14,2026-04-14,2026-07-29,159,2026-09-20,True,"20,000,000",False,عمارة
6725451,https://sa.aqar.fm/عمائر-للبيع/مكة-المكرمة/حي-الهجرة/شارع-شارعحصين-بن-وحوح-الاوس-حي-كدي-مدينة-مكة-المكرمة-منطقة-مكة-المكرمة-6725451,"عمارة للبيع في شارع شارعحصين بن وحوح الاوس, حي كدي, مدينة مكة المكرمة, منطقة مكة المكرمة",10000000,744,,,,11,حي الهجرة,مكة المكرمة,حي الهجرة,"� نزل  مفروش للبيع

📍 مكة المكرمة – كدى

📐 المساحة: 744.78 م²
🏢 5 أدوار + ملحق
🚗 دور كراج
🛗 عدد 2 مصاعد
🛏️ 34 غرفة مؤثثة
🧭 واجهة شمالية شرقية
🛣️ على شارعين (16م و10م)


💵 الدخل السنوي: 500,000 ريال

✨ فرصة استثمارية مميزة في موقع حيوي بمكة المكرمة.",21.390155,39.840864,https://images.aqar.fm/webp/750x0/props/049841796_1781002867541.jpg,1,طراد بن دخيل الله بن رابع السفياني,,,2026-06-09,2026-09-04,2026-09-14,107,2026-09-20,True,"10,000,000",False,عمارة
6798026,https://sa.aqar.fm/عمائر-للبيع/مكة-المكرمة/حي-الملك-فهد/حي-البساتين-مدينة-مكة-المكرمة-منطقة-مكة-المكرمة-6798026,"عمارة للبيع في حي البساتين, مدينة مكة المكرمة, منطقة مكة المكرمة",4500000,750,,,,0,حي الملك فهد,مكة المكرمة,حي الملك فهد,"🏢 عمارة مميزة للبيع في مكة المكرمة.

من المشاريع اللي شدت انتباهي بسبب موقعها وقربها من الدائري الرابع، بالإضافة إلى توزيعها ومساحاتها الواسعة.

📍 مكة المكرمة – مخطط الهدى
🛣️ قريبة من الدائري الرابع.
🕋 تبعد عن الحرم أقل من 10 دقائق بالسيارة تقريبًا.
🏢 3 أدوار + ملحق.
📐 مساحة الأرض: 750م².
💰 السعر المطلوب: 4,500,000

للاستفسار أو حجز موعد للمعاينة:
📞 ((الرقم يظهر عند الضغط على اتصال))",21.402044,39.729612,https://images.aqar.fm/webp/750x0/props/048906201_1785431214157.jpg | https://images.aqar.fm/webp/750x0/props/048906204_1785431214245.jpg | https://images.aqar.fm/webp/750x0/props/048906206_1785431214172.jpg | https://images.aqar.fm/webp/750x0/props/048906201_1785431214154.jpg | https://images.aqar.fm/webp/750x0/props/048906208_1785431214158.jpg | https://images.aqar.fm/webp/750x0/props/048906200_1785431214248.jpg | https://images.aqar.fm/webp/750x0/props/048906200_1785431214176.jpg | https://images.aqar.fm/webp/750x0/props/048906204_1785431214381.jpg,8,مهند بن عبدالغني بن محمد مغربي,,,2026-07-30,2026-08-28,2026-09-02,68,2026-09-20,True,"4,500,000",False,عمارة
6873561,https://sa.aqar.fm/عمائر-للبيع/مكة-المكرمة/حي-الزهراء/شارع-173-الزهراء-الوسطى-حي-الزهراء-مدينة-مكة-المكرمة-منطقة-مكة-المكرمة-6873561,"عمارة للبيع في شارع 173 الزهراء الوسطى, حي الزهراء, مدينة مكة المكرمة, منطقة مكة المكرمة",21000000,302,,,,11,حي الزهراء,مكة المكرمة,حي الزهراء,عمارة في مكة المكرمة                                          .,21.424089,39.798111,,,مشرف بن احمد بن سعيد الغامدي,شركة عقار ون للعقار,1,2026-09-14,2026-09-14,2026-09-14,16,2026-09-20,True,"21,000,000",False,عمارة
6561823,https://sa.aqar.fm/عمائر-للبيع/مكة-المكرمة/حي-الزاهر/شارع-عثمان-العكبري-حي-الزاهر-مدينة-مكة-المكرمة-منطقة-مكة-المكرمة-6561823,"عمارة للبيع في شارع عثمان العكبري, حي الزاهر, مدينة مكة المكرمة, منطقة مكة المكرمة",3000000,739,,,,11,حي الزاهر,مكة المكرمة,حي الزاهر,"عمارة سكنية للبيع - مكة المكرمة - حي الزاهر 
* صك محدث
* إفراغ فوري",21.445249,39.800106,https://images.aqar.fm/webp/750x0/props/026478217_1769361295710.jpg | https://images.aqar.fm/webp/750x0/props/026478211_1769361304906.jpg | https://images.aqar.fm/webp/750x0/props/026478215_1769361309518.jpg | https://images.aqar.fm/webp/750x0/props/026478210_1769361312996.jpg,4,ريان صلاح احمد موصلي,,,2026-01-25,2026-01-25,2026-03-25,320,2026-09-20,True,"3,000,000",False,عمارة
6848861,https://sa.aqar.fm/عمائر-للبيع/مكة-المكرمة/حي-التنعيم/شارع-عمرو-بن-شجيره-حي-التنعيم-مدينة-مكة-المكرمة-منطقة-مكة-المكرمة-6848861,"عمارة للبيع في شارع عمرو بن شجيره, حي التنعيم, مدينة مكة المكرمة, منطقة مكة المكرمة",4400000,1250,,,,11,حي التنعيم,مكة المكرمة,حي التنعيم,"مكة المكرمة | حي التنعيم

🏷️قصر عظم  للبيع على 3 شوارع 

◾ إجمالي مساحة الأرض: 1,250 م2
◾ يتكوّن من قطعتين متجاورتين:
• القطعة الأولى: 433.40 م2
• القطعة الثانية: 816.60 م2
◾ مبنى خرساني مسلح على كامل القطعتين
◾ يقع على 3 شوارع بعرض 15 م
◾ واجهات شمالية وجنوبية وغربية
◾ يبعد نحو 300 م عن الطريق الدائري الرابع
◾ بدروم بكامل مساحة البناء، مفتوح وقابل للتقسيم
◾ مسبح داخلي مغطى بمقاس 10 × 4 م
◾ مسبح خاص للأطفال
◾ حديقة داخلية مزودة بإضاءة علوية Skylight
◾ الدور الأرضي: 6 غرف
◾ الدور الأول: مساحة مفتوحة قابلة للتقسيم حسب الاستخدام
◾ الملحق: 4 غرف
◾ عدد 3 مصاعد
◾ رامب للسيارات يسمح بالصعود والنزول من الشارع إلى الدور الأرضي
◾ عدد 2 خزان مياه بسعة كبيرة
◾ قابل للفصل إلى وحدتين مستقلتين، لكل وحدة مدخل وخدمات ومصعد خاص
◾ مناسب ليكون قصرًا سكنيًا فاخرًا أو مشروعًا استثماريًا
◾ فرصة مميزة لاستكمال البناء والتشطيب وفق الرغبة والاستفادة من تعدد الواجهات والمساحات المفتوحة
للتواصل:
🌐 Malakq.sa📞 0566671537
ترخيص الإعلان 7100314441 | رخصة فال 1100251271",21.517067,39.798263,https://images.aqar.fm/webp/750x0/props/026186680_1788095251889.jpg | https://images.aqar.fm/webp/750x0/props/026186680_1788095252049.jpg | https://images.aqar.fm/webp/750x0/props/026186683_1788095252041.jpg | https://images.aqar.fm/webp/750x0/props/026186684_1788095251893.jpg | https://images.aqar.fm/webp/750x0/props/026186689_1788095251886.jpg | https://images.aqar.fm/webp/750x0/props/026186686_1788095252025.jpg | https://images.aqar.fm/webp/750x0/props/026186680_1788095252021.jpg | https://images.aqar.fm/webp/750x0/props/026186684_1788095252061.jpg,8,ملاك الودعانى,,,2026-08-30,2026-08-30,2026-09-04,43,2026-09-20,True,"4,400,000",False,عمارة
6665456,https://sa.aqar.fm/عمائر-للبيع/مكة-المكرمة/حي-النوارية/5011-النوارية-مكة-24213-7988-حي-النوارية-مكة-منطقة-مكة-المكرمة-6665456,"عمارة للبيع في شارع 5622013, حي النوارية, مدينة مكة المكرمة, منطقة مكة المكرمة",4000000,696,,,,11,حي النوارية,مكة المكرمة,حي النوارية,"عمارة سكنية بزهرة العمرة واجهة شمالية على شارع تجاري ٢٠, و قريبة من الخط السريع ، دورين و ملحق عدد الغرف 4",21.529906,39.782832,https://images.aqar.fm/webp/750x0/props/006654626_1776852901476.jpg,1,طلال بن محمد بن محمدعلي نقلى,,,2026-04-22,2026-04-22,2026-09-19,483,2026-09-20,True,"4,000,000",False,عمارة
6467591,https://sa.aqar.fm/عمائر-للبيع/مكة-المكرمة/حي-النزهة/شارع-مسجد-بن-حسن-حي-النزهة-مكة-منطقة-مكة-المكرمة-6467591,"عمارة للبيع في شارع مسجد بن حسن, حي النزهة, مدينة مكة المكرمة, منطقة مكة المكرمة",6000000,625,,,,11,حي النزهة,مكة المكرمة,حي النزهة,,21.435223480748622,39.79126669238814,https://images.aqar.fm/webp/750x0/props/049515656_1763204857195.jpg | https://images.aqar.fm/webp/750x0/props/049515652_1763204857193.jpg | https://images.aqar.fm/webp/750x0/props/049515653_1764327330194.jpg | https://images.aqar.fm/webp/750x0/props/049515656_1764327330198.jpg,4,هند بنت فراج بن سعيد الحازمى,,,2025-11-15,2025-12-15,2026-09-16,491,2026-09-20,True,"6,000,000",False,عمارة
6853938,https://sa.aqar.fm/عمائر-للبيع/مكة-المكرمة/حي-العمرة-الجديدة/شارع-129-الفرقان-حي-الفرقان-مدينة-مكة-المكرمة-منطقة-مكة-المكرمة-6853938,"عمارة للبيع في شارع 129 الفرقان, حي الفرقان, مدينة مكة المكرمة, منطقة مكة المكرمة",2000000,771,,,,5,حي العمرة الجديدة,مكة المكرمة,حي العمرة الجديدة,"🏢 عمارة سكنية للبيع | مكة المكرمة

📍 الموقع: العمرة الجديدة – شارع الفرقان

📐 مساحة الأرض: 700 م²
🏗️ مساحة البناء: 500 م²

تفاصيل العقار:
• العمارة مكوّنة من شقتين سكنيتين
• كل شقة تتكون من:

* 5 غرف
* صالة
* مطبخ
* 2 دورة مياه

✨ موقع مميز ومساحة مناسبة للسكن أو الاستثمار

📞 للتواصل والاستفسار:
((الرقم يظهر عند الضغط على اتصال))",21.590241,39.807436,https://images.aqar.fm/webp/750x0/props/020467373_1788345459010.jpg | https://images.aqar.fm/webp/750x0/props/020467370_1788345458983.jpg | https://images.aqar.fm/webp/750x0/props/020467370_1788345459011.jpg | https://images.aqar.fm/webp/750x0/props/020467372_1788345458998.jpg,4,حسام عبدالله عتيق المبارك ,,,2026-09-02,2026-09-02,2026-09-19,43,2026-09-20,True,"2,000,000",False,عمارة
6789344,https://sa.aqar.fm/عمائر-للبيع/مكة-المكرمة/حي-الملك-فهد/حي-البساتين-مدينة-مكة-المكرمة-منطقة-مكة-المكرمة-6789344,"عمارة للبيع في حي البساتين, مدينة مكة المكرمة, منطقة مكة المكرمة",4500000,750,,,,0,حي الملك فهد,مكة المكرمة,حي الملك فهد,"🏢 عمارة مميزة للبيع في مكة المكرمة.

من المشاريع اللي شدت انتباهي بسبب موقعها وقربها من الدائري الرابع، بالإضافة إلى توزيعها ومساحاتها الواسعة.

📍 مكة المكرمة – مخطط الهدى
🛣️ قريبة من الدائري الرابع.
🕋 تبعد عن الحرم أقل من 10 دقائق بالسيارة تقريبًا.
🏢 3 أدوار + ملحق.
📐 مساحة الأرض: 750م².
💰 السعر المطلوب: 4,500,000 ريال.

للاستفسار أو حجز موعد للمعاينة:
📞 ((الرقم يظهر عند الضغط على اتصال))
‎الترخيص الإعلاني:7100303900
رخصة فال:1100300646",21.402044,39.729612,https://images.aqar.fm/webp/750x0/props/048906203_1784981727889.jpg | https://images.aqar.fm/webp/750x0/props/048906208_1784981727885.jpg | https://images.aqar.fm/webp/750x0/props/048906205_1784981727885.jpg | https://images.aqar.fm/webp/750x0/props/048906209_1784981727856.jpg | https://images.aqar.fm/webp/750x0/props/048906204_1784981727863.jpg | https://images.aqar.fm/webp/750x0/props/048906208_1784981727906.jpg | https://images.aqar.fm/webp/750x0/props/048906205_1784981727875.jpg | https://images.aqar.fm/webp/750x0/props/048906202_1784981727871.jpg | https://images.aqar.fm/webp/750x0/props/048906207_1784981772977.jpg | https://images.aqar.fm/webp/750x0/props/048906203_1784981772987.jpg | https://images.aqar.fm/webp/750x0/props/048906209_1784981772810.jpg | https://images.aqar.fm/webp/750x0/props/048906208_1784981772804.jpg | https://images.aqar.fm/webp/750x0/props/048906208_1784981772798.jpg | https://images.aqar.fm/webp/750x0/props/048906205_1784981772809.jpg | https://images.aqar.fm/webp/750x0/props/048906204_1784981772795.jpg | https://images.aqar.fm/webp/750x0/props/048906204_1784981772868.jpg | https://images.aqar.fm/webp/750x0/props/048906206_1784981839608.jpg | https://images.aqar.fm/webp/750x0/props/048906207_1784981839607.jpg | https://images.aqar.fm/webp/750x0/props/048906206_1784981839772.jpg | https://images.aqar.fm/webp/750x0/props/048906207_1784981839621.jpg,20,مهند بن عبدالغني بن محمد مغربي,,,2026-07-25,2026-08-23,2026-09-02,98,2026-09-20,True,"4,500,000",False,عمارة
6740218,https://sa.aqar.fm/عمائر-للبيع/مكة-المكرمة/حي-الهجرة/شارعحصين-بن-وحوح-الاوس-حي-كدي-مدينة-مكة-المكرمة-منطقة-مكة-المكرمة-6740218,"عمارة للبيع في شارعحصين بن وحوح الاوس, حي كدي, مدينة مكة المكرمة, منطقة مكة المكرمة",10000000,744,,,,11,حي الهجرة,مكة المكرمة,حي الهجرة,"‏34 شقة الشقة مكونة من غرفتين وحمام و ركن بوفيه في السيب
السعرقابل للتفاوض",21.39016,39.840844,https://images.aqar.fm/webp/750x0/props/022782474_1781960814912.jpg | https://images.aqar.fm/webp/750x0/props/022782471_1781960814902.jpg | https://images.aqar.fm/webp/750x0/props/022782474_1781960814899.jpg | https://images.aqar.fm/webp/750x0/props/022782472_1781960814912.jpg | https://images.aqar.fm/webp/750x0/props/022782474_1781960814951.jpg | https://images.aqar.fm/webp/750x0/props/022782476_1781960814897.jpg | https://images.aqar.fm/webp/750x0/props/022782473_1781960814902.jpg,7,محمد صالح بن عبدالعزيز التويجري,,,2026-06-20,2026-06-20,2026-07-20,25,2026-09-20,True,"10,000,000",False,عمارة
6571037,https://sa.aqar.fm/عمائر-للبيع/مكة-المكرمة/حي-بطحاء-قريش/شارع-عبد-الواحد-المالقي-حي-بطحاء-قريش-مدينة-مكة-المكرمة-منطقة-مكة-المكرمة-6571037,"عمارة للبيع في شارع عبد الواحد المالقي, حي بطحاء قريش, مدينة مكة المكرمة, منطقة مكة المكرمة",4800000,784,,,,11,حي بطحاء قريش,مكة المكرمة,حي بطحاء قريش,"عماره للبيع ببطحاء قريش . مكونه من
3 ادوار 
ملحق
بدروم

* الموقع / بطحاء قريش . مكه المكرمه.
* ⁠مساحة الارض  المقام عليها العماره ( 784).
* ⁠عدد الادوار 3دور+ ملحق+ بدروم .
* ⁠عمر العقار 20 سنه تقريباً
* ⁠عدد الشقق6 شقق تفاصيلها كتالى 
(( ⁠2شقق كل شقه تتكون من⁠4غرف +صاله+3حمام+مطبخ+ مدخلين))

((⁠4شقق كل شقه تتكون من 
5غرف+صاله+3حمام+مطبخ+مدخلين))

* المبيتات تتكون من (( 3غرف+صاله+مطبخ+2 حمام)) 

* الدخل يتجاوز 200000 فى السنه تقريباً 
* مميزات العقار 
تتميز العماره من قربها من الشارع العام وقربها من الخدمات من مطاعم وكفيات واسواق مركزيه وقربها من ممشي بطحاء قريش النموذجى وقربها من الجامع وغيرها من الخدمات .",21.370745,39.83429,https://images.aqar.fm/webp/750x0/props/010484038_1769954595284.jpg | https://images.aqar.fm/webp/750x0/props/010484030_1769954595285.jpg | https://images.aqar.fm/webp/750x0/props/010484030_1769954595319.jpg | https://images.aqar.fm/webp/750x0/props/010484037_1769954595305.jpg | https://images.aqar.fm/webp/750x0/props/010484038_1769954595303.jpg,5,محمد ناصر سعود الرمثي,,,2026-02-01,2026-02-01,2026-04-19,226,2026-09-20,True,"4,800,000",False,عمارة
6715147,https://sa.aqar.fm/عمائر-للبيع/مكة-المكرمة/حي-العزيزية/شارع-الغنائم-حي-العزيزية-مدينة-مكة-المكرمة-منطقة-مكة-المكرمة-6715147,"عمارة للبيع في شارع الغنائم, حي العزيزية, مدينة مكة المكرمة, منطقة مكة المكرمة",11600000,748,,,,11,حي العزيزية,مكة المكرمة,حي العزيزية,"عماره للبيع ٧٥٠م
بالعزيزية 
ثلاث أدوار ومحلات ومصعد وقبوا 
على شارعين ٧٣ غرفة 
عليها تصارح حج
الاستفسار ابوعبدالعزيز",21.416613,39.866522,https://images.aqar.fm/webp/750x0/props/000627546_1780689426610.jpg,1,سليمان عبدالعزيز بن سليمان الراشد,,,2026-06-01,2026-06-01,2026-09-18,243,2026-09-20,True,"11,600,000",False,عمارة
6524317,https://sa.aqar.fm/عمائر-للبيع/مكة-المكرمة/حي-الشوقية/شارع-اسلم-الطائي-حي-ولي-العهد-مكة-منطقة-مكة-المكرمة-6524317,"عمارة للبيع في شارع اسلم الطائي, حي المحمدية, مدينة مكة المكرمة, منطقة مكة المكرمة",4200000,687,,,,10,حي الشوقية,مكة المكرمة,حي الشوقية,"عمارة للبيع في السبهاني مكونة من ثلاث ادوار  مع امكانية بناء دورين اضافيين ،عشر شقق ،فيها مصعد، مؤجرة بالكامل 
من المالك مباشرة ولا يوجد سعي..البيع للجادين فقط ومن اراد الاستثمار ..كاش فقط ولا نقبل البنك",21.35666905052422,39.7868717413036,https://images.aqar.fm/webp/750x0/props/006350674_1766935524205.jpg | https://images.aqar.fm/webp/750x0/props/006350671_1766935524220.jpg,2,عبدالرحيم بن يحيى بن عبدالعزيز الايوبي,,,2025-12-28,2025-12-28,2026-09-19,860,2026-09-20,True,"4,200,000",False,عمارة
6760556,https://sa.aqar.fm/عمائر-للبيع/مكة-المكرمة/حي-المعابدة/شارع-ريع-المسكين-حي-المعابده-مدينة-مكة-المكرمة-منطقة-مكة-المكرمة-6760556,"عمارة للبيع في شارع ريع المسكين, حي المعابده, مدينة مكة المكرمة, منطقة مكة المكرمة",6000000,418,,,,11,حي المعابدة,مكة المكرمة,حي المعابدة,"🛑 موقع مميز بالقرب من الحرم المكي ومشعر منى فرصة للمستثمريين واصحاب الفنادق والشقق المفروشة🛑

تقع في المعابده حي الروضة خلف صيدلية النهدي منطقة فنادق قريبة من الحرم تقريبا من 3 كيلو الى 4 كيلو وقريبة ايضا من مشعر منى يمكن اصدار تصريح بناء 7 ادوار

🛑يوجد ارض اخرى لصيقة من الخلف يمكن ايصالها معاً مساحتها 410.31🛑

السعر 6 مليون صافي قابل للتفاوض مع الجاد.",21.435403,39.846796,,,أحمد علي فايز,شركة أرسان الحجاز العقارية,1,2026-07-05,2026-09-01,2026-09-19,93,2026-09-20,True,"6,000,000",False,عمارة
6513087,https://sa.aqar.fm/عمائر-للبيع/مكة-المكرمة/حي-الجامعة/شارع-شارع-الحمد-حي-الجامعة-مدينة-مكة-المكرمة-منطقة-مكة-المكرمة-6513087,"عمارة للبيع في شارع شارع الحمد, حي الجامعة, مدينة مكة المكرمة, منطقة مكة المكرمة",5700000,750,,,,11,حي الجامعة,مكة المكرمة,حي الجامعة,"✨عمار للبيع في مكة ✨

🔻موقع العقار : مكة - العزيزيه شارع عبدالله خياط - شارع سكني
🔻عمر العقار : فوق ٢٠ سنه -نظيفة - صيانة دائمة 
🔻صك الكتروني
🔻مساحتها : ٧٥٠م
دخلها المالي :ممتاز وهي تتكون من عشره شقق وخمسه شقق ساكن فيها صاحب العماره وغير محسوبه في الايجار 
🔻مواصفات العمارة :
عدد الشقق ١٠
شقة ارضي من ٤ غرف وحمامين وصاله
شقة ارضي من ٢ غرفه وصاله ومطبخ امريكي وحمام 
٥شقق من ٦ غرف وصاله و٣ حمامات وشقه من ٧ غرف وملاحقاتها 
٢ شقة من ٤ غرف وصاله و٣ حمامات وكل شقه امامها سطح وفوقها سطح 
🔻المميزات : 
كراج سيارت يتسع اكثر من ٦ سيارات 
وبداخله ديوانيه وغرفه حارس وحمام 
جميع الشقق مؤجره 
وتعتبر تاني قطعه من المسجد وجميع الخدمات متوفره وقريبه من الاسواق ومكه مول وتبعد عن الحرم ١٠ دقائق بسياره 
ومنطقه العزيزيه تعتبر الان مركزية لقربها من المشاعر والحرم المكي
دخلها الان في ازدياد
السعر : ٦ مليون",21.396015,39.878335,,,مؤيد محمد بن اسماعيل رواس,,,2025-12-19,2025-12-19,2026-02-09,103,2026-09-20,True,"5,700,000",False,عمارة
6870533,https://sa.aqar.fm/عمائر-للبيع/مكة-المكرمة/حي-الملك-فهد/شارع-ابو-مروان-بن-حيان-حي-الشامية-الجديد-مدينة-مكة-المكرمة-منطقة-مكة-المكرمة-6870533,"عمارة للبيع في شارع ابو مروان بن حيان, حي الشامية الجديد, مدينة مكة المكرمة, منطقة مكة المكرمة",1300000,453,,,,0,حي الملك فهد,مكة المكرمة,حي الملك فهد,"الحاكم للتسويق العقاري

فلة فاخرة للبيع مكة المكرمة مخطط ولي العهد 3

فلة بمواصفات مميزة تجمع بين الفخامة المساحة والموقع الاستراتيجي.

 المساحة: 312م2
 واجهة رخام فاخرة
 شارعين 15 + 15

 
 دورين، وكل دور بمدخلين مستقلين مجالس مستقلة
الدور الأول: 4 غرف + صالة + مطبخ + 3 دورات مياه
الدور الثاني: 5 غرف + صالة + مطبخ + 3 دورات مياه
تأسيس 3 أدوار + ملحق
تأسيس مصعد تشطيب مودرن فاخر
تأمين وضمانات تصل إلى 10 سنوات

الموقع:
 قريب من حدود الحرم
 قريب من الشوارع الرئيسية ومنها شارع 60
بالقرب من مسجد وحديقة
 قريب من شارع تجاري وجميع الخدمات

💰 السعر: 1,300,000 ريال صافي",21.31331,39.676358,,,فاطمه العتيبى,مؤسسة الحاكم للمقاولات,1,2026-09-12,2026-09-12,2026-09-20,49,2026-09-20,True,"1,300,000",False,عمارة
6726988,https://sa.aqar.fm/عمائر-للبيع/مكة-المكرمة/حي-الجامعة/شارع-الدعوة-حي-الجامعة-مدينة-مكة-المكرمة-منطقة-مكة-المكرمة-6726988,"عمارة للبيع في شارع الدعوة, حي الجامعة, مدينة مكة المكرمة, منطقة مكة المكرمة",4750000,394,,,,11,حي الجامعة,مكة المكرمة,حي الجامعة,"للبيع عمارة في العزيزية مكونة من اربع ادوار على شارعين شارع ٢٠ متر وشارع ثاني ١٥ متر
في موقع مميز بجوار سواق العزيزية وسوق السلام وسوق ذي المجاز وبالقرب من كبري منى او للإيجار لمن يرغب الايجار او الاستثمار",21.401339,39.869391,,,ناصر بن محمد بن ناصر العبيد,,,2026-06-10,2026-09-05,2026-09-05,113,2026-09-20,True,"4,750,000",False,عمارة
6661758,https://sa.aqar.fm/عمائر-للبيع/مكة-المكرمة/حي-العوالي/شارع-مسجد-ذي-النورين-حي-العوالي-مكة-منطقة-مكة-المكرمة-6661758,"عمارة للبيع في شارع الثماية, حي العوالي, مدينة مكة المكرمة, منطقة مكة المكرمة",6000000,738,,,,10,حي العوالي,مكة المكرمة,حي العوالي,"⭐️ فرصة استثمارية سكنية في حي العوالي أرقى أحياء مكة المكرمة ⭐️

🏡 بناية راقية تحتوي على :

دور أرضي بمواصفات فيلا للعوائل الكبيرة يتكون من :

- حوش وجلسة خارجية محاطة بالأشجار
- مدخلين
- مجلس
- غرفة طعام
- صالة كبيرة
- صالة أخرى
- مطبخ كبير
- مخزن
- بدروم كبير
- 5 غرف نوم
- غرفة خادمة
- ملحق خارجي ديوانية
+
🔹 شقة صغيرة في الدور الأرضي مكونة من :

- مدخل خاص
- غرفتين نوم
- صالة
- مطبخ
- حوش صغير


🔸الدور الثاني يحتوي على 4 شقق بثلاث وأربع غرف بمساحة 120 متر لكل شقة


غرفة مصعد مجهزة
مكيفات سبيلت
تشطيب فاخر


📞 التواصل واتساب فقط",21.355738614838916,39.89895943207929,,,محمد عمر محمد الشمسان,,,2026-04-19,2026-05-03,2026-09-13,486,2026-09-20,True,"6,000,000",False,عمارة
6650804,https://sa.aqar.fm/عمائر-للبيع/مكة-المكرمة/حي-الملك-فهد/شارع-الأمير-عبدالله-بن-بندر-بن-عبدالعزيز-آل-سعود-حي-الشامية-الجديد-مدينة-مكة-المكرمة-6650804,"عمارة للبيع في شارع الأمير عبدالله بن بندر بن عبدالعزيز آل سعود, حي الشامية الجديد, مدينة مكة المكرمة",6500000,858,,,,0,حي الملك فهد,مكة المكرمة,حي الملك فهد,"العقار / عمارة تجارية للبيع 
المدينة / مكة - مخطط ولي العهد 1
المساحة / 858 م 
الشارع /  52 + 25 + مسجد 
العمر / جديدة 
المكونات/ 4 أدوار : 
بدروم + 4 محلات + 3 أدوار متكرر 
17 شقة من 3 غرف وصالة ودورتين مياة 
مكيفات اسبليت راكبه + مطابخ 
المطلوب / 6.850 مليون 
https://maps.app.goo.gl/nV4YopefDmk4DJKZA?g_st=aw

يوجد خطاب رغبة للإيجار من جهه حكومية بقيمة 750 الف ورفض المالك

المسوق الحصري/ أركان وأساس العقارية

للتواصل / 0567888974 ابو نايف",21.329429,39.674214,,,عبدالرحمن سامي علي العقل,مؤسسة اركان واساس للعقار,1,2026-04-11,2026-09-04,2026-09-04,216,2026-09-20,True,"6,500,000",False,عمارة
6698827,https://sa.aqar.fm/عمائر-للبيع/مكة-المكرمة/حي-العمرة-الجديدة/شارع-البواشرة-حي-العمرة-مدينة-مكة-المكرمة-منطقة-مكة-المكرمة-6698827,"عمارة للبيع في شارع البواشرة, حي العمرة, مدينة مكة المكرمة, منطقة مكة المكرمة",3500000,821,,,,7,حي العمرة الجديدة,مكة المكرمة,حي العمرة الجديدة,"عمارتين في صك واحد
عدد الشقق 12

العمارة الاولى الي على الشارع التجارية 
اربع فتحتات تجارية مستاجرة من قبل شركة

عدد الشقق 4
كل شقة مكونة من3 غرف ودورتين مياة ومطبخ وصالة
يوجد مصعد

العمارة الثانية
عدد الشقق 8
الدور الاول شقتين من اربع غرف وحمامين ومطبخ وصالة
 الدور الثاني والثالت والرابع 
من خمس غرف وحماميين ومطبخ وصالة 
يوجد مصعد 

يوجد تصاريح وضع تسوية من البلدية على العمارتين 

‎العمارة سليمة نظامياً، ومطابقة لكافة اشتراطات البلدية، ولا توجد عليها أي مخالفات.""

الدخل تقريبا 200
الدخل قابل للزيادة",21.54508,39.796188,,,بكر بن خلف بن عوض  الله السلمي,,,2026-05-15,2026-09-09,2026-09-19,198,2026-09-20,True,"3,500,000",False,عمارة
6768222,https://sa.aqar.fm/عمائر-للبيع/مكة-المكرمة/حي-الخنساء/شارع-512-الخنساء-حي-الخنساء-مدينة-مكة-المكرمة-منطقة-مكة-المكرمة-6768222,"عمارة للبيع في شارع 512 الخنساء, حي الخنساء, مدينة مكة المكرمة, منطقة مكة المكرمة",700000,224,,,,11,حي الخنساء,مكة المكرمة,حي الخنساء,"عماره قديمه بحس الخنساء بمكة المكرمة
عمر العقار اكثر من ٤٠ عام 
البيع سمح 
العرض جديد 
لا يوجد سوم",21.444259,39.847516,,,محمد عبدالرحمن سعد الزير,,,2026-07-10,2026-09-07,2026-09-12,240,2026-09-20,True,"700,000",False,عمارة
6835209,https://sa.aqar.fm/عمائر-للبيع/مكة-المكرمة/حي-التقوى/شارع-19-الخميم-حي-كدي-مكة-منطقة-مكة-المكرمة-6835209,عمارة للبيع في شارع 19 الخميم ، حي كدي ، مكة ، منطقة مكة المكرمة,5000000,512,,,,26,حي التقوى,مكة المكرمة,حي التقوى,"عمارة بالششه ،العمارة ٤ ادوار مع الأرضي 
الدور الأرضي فيه شقة غرفتين وصالة
الدور الأول والثاني والثالث كل دور فيه شقتين والشقة من ٥ غرف 
والملحق فيه ٣ غرف",21.393612,39.830334,https://images.aqar.fm/webp/750x0/props/031634300_1787399446609.jpg,1,عبدالله فالح,مكتب تمايز الجنوب للعقارات,1,2026-08-22,,2026-09-11,25,2026-09-20,False,طلب تسويق,False,عمارة
6865164,https://sa.aqar.fm/عمائر-للبيع/مكة-المكرمة/حي-الراشدية/شارع-الفقهاء-حي-الراشدية-مكة-منطقة-مكة-المكرمة-6865164,عمارة للبيع في شارع الفقهاء ، حي الراشدية ، مكة ، منطقة مكة المكرمة,2352000,784,,,,30,حي الراشدية,مكة المكرمة,حي الراشدية,$5c,21.464335,39.966984,https://images.aqar.fm/webp/750x0/props/007027050_1788901239659.jpg | https://images.aqar.fm/webp/750x0/props/007027059_1788901239646.jpg | https://images.aqar.fm/webp/750x0/props/007027052_1788901239651.jpg | https://images.aqar.fm/webp/750x0/props/007027050_1788901239647.jpg | https://images.aqar.fm/webp/750x0/props/007027055_1788901239646.jpg | https://images.aqar.fm/webp/750x0/props/007027057_1788901239648.jpg | https://images.aqar.fm/webp/750x0/props/007027053_1788901239713.jpg,7,اسمهان بنت جهانقير بن علي حسين علي,,,2026-09-08,,2026-09-08,8,2026-09-20,False,طلب تسويق,False,عمارة
6881834,https://sa.aqar.fm/عمائر-للبيع/مكة-المكرمة/حي-البحيرات/شارع-أحمد-بن-حاتم-حي-البحيرات-مدينة-مكة-المكرمة-منطقة-مكة-المكرمة-6881834,"عمارة للبيع في شارع أحمد بن حاتم, حي البحيرات, مدينة مكة المكرمة, منطقة مكة المكرمة",3500000,745,,,,11,حي البحيرات,مكة المكرمة,حي البحيرات,"العقار مكون من أربع ادوار وملحق
عدد الشقق 9 
كل دور فيه شقتين
كل شقة مكونه من 5 غرف وصالة ومطبخ و3 دوارت مياة

الملحق مكون من 3 غرف وصالة ومطبخ ودورتين مياة 

يوجد مصعد 
العقار داخل حد الحرم
بجانب العقار توجد حديقة",21.472006,39.785599,,,بكر بن خلف بن عوض  الله السلمي,,,2026-09-19,2026-09-19,2026-09-19,9,2026-09-20,True,"3,500,000",False,عمارة
6846272,https://sa.aqar.fm/عمائر-للبيع/مكة-المكرمة/حي-الملك-فهد/شارع-صالح-طه-خصيفان-حي-الشامية-الجديد-مدينة-مكة-المكرمة-منطقة-مكة-المكرمة-6846272,"عمارة للبيع في شارع صالح طه خصيفان, حي الشامية الجديد, مدينة مكة المكرمة, منطقة مكة المكرمة",5500000,615,,,,0,حي الملك فهد,مكة المكرمة,حي الملك فهد,"عمارة تجارية يمكن استثمارها باكثر من طريقة على شارع ٥٢ متر جديدة بالكامل تم بناءها بمعايير جودة عالية، مكونة من صالة ميزانين و١٨ غرفة في ٣ وحدات ٦ منها في الدور الاول و ١٢ في الدور الثالث

السعر قابل للتفاوض",21.316663,39.676319,,,عبدالله بن عبدالعزيز بن محمد الكثيري,,,2026-08-28,2026-08-28,2026-08-28,48,2026-09-20,True,"5,500,000",False,عمارة
6767871,https://sa.aqar.fm/عمائر-للبيع/مكة-المكرمة/حي-الخنساء/شارع-261-جبل-النور-1-حي-وادي-جليل-مدينة-مكة-المكرمة-منطقة-مكة-المكرمة-6767871,"عمارة للبيع في شارع 261 جبل النور 1, حي وادي جليل, مدينة مكة المكرمة, منطقة مكة المكرمة",6000000,401,,,,11,حي الخنساء,مكة المكرمة,حي الخنساء,"للبيع عماره فرصه تكون فندق
تجارية على شارع الحج عليها تصريح بناء من ١٨ الى ٢٠ دور 
مساحة 401.31م
زاوية على شارع الحج وترتبط مع الدائري
للاستفسار 
ابو عبدالعزيز 
((الرقم يظهر عند الضغط على اتصال))
((الرقم يظهر عند الضغط على اتصال))",21.453655,39.847135,,,سليمان عبدالعزيز بن سليمان الراشد,,,2026-07-10,2026-07-10,2026-09-03,60,2026-09-20,True,"6,000,000",False,عمارة
6593522,https://sa.aqar.fm/عمائر-للبيع/مكة-المكرمة/حي-النسيم/شارع-ستر-اللحياني-حي-النسيم-مدينة-مكة-المكرمة-منطقة-مكة-المكرمة-6593522,"عمارة للبيع في شارع ستر اللحياني , حي النسيم, مدينة مكة المكرمة, منطقة مكة المكرمة",2500000,238,,,,11,حي النسيم,مكة المكرمة,حي النسيم,عمارة، تقع في النسيم العزيزية، شارع ستر اللحياني. حي السنابا الواجهه غربيه جنوبية,21.382316,39.871883,,,فهد بن عبدالله بن عبدالعزيز الحوشاني,,,2026-02-16,2026-06-13,2026-09-06,949,2026-09-20,True,"2,500,000",False,عمارة
6853511,https://sa.aqar.fm/عمائر-للبيع/مكة-المكرمة/حي-الشوقية/شارع-مويسل-حي-المحمدية-مدينة-مكة-المكرمة-منطقة-مكة-المكرمة-6853511,"عمارة للبيع في شارع مويسل, حي المحمدية, مدينة مكة المكرمة, منطقة مكة المكرمة",22000000,1000,,,,11,حي الشوقية,مكة المكرمة,حي الشوقية,"للبيع عمارة مكتبية في المحمدية مكة المكرمة

المساحة :  1000 متر 
الواجهه  علي شارعين متظاهره 
العمارة ٨ ادوار على صكين الكترونية.
(بدروم+معرض ارضي+دور ميزانين + دور مواقف+
+عدد ٣ ادوار مكاتب مكررة+ دور مبيتات شقق) وفي دور تحت البدروم اضافي غير مستعمل بسبب شروط الدفاع المدني.
يوجد عدد ٢ مصاعد.

باقي وحدات التي لم تؤجر   

الدخل السنوي حاليا مليون و400 الف ريال 

وسوف يصل إلى مليون و500 الف
 بعد اكتمال تأجير جميع المكاتب
معرض دور ارضي
عدد ١٩ مكتب
يوجد تصريح دفاع مدني وشهادة امتثال للعمارة.
خدمة الصرف الصحي تم توصيلها.

السعر 22 مليون",21.375684,39.787119,,,موضي حمد هجرس الباهلي,شركة مهادا العقارية شركة شخص واحد,1,2026-09-02,2026-09-02,2026-09-19,49,2026-09-20,True,"22,000,000",False,عمارة
6790413,https://sa.aqar.fm/عمائر-للبيع/مكة-المكرمة/حي-الملك-فهد/شارع-أبو-الفرج-الاصفهاني-حي-الشامية-الجديد-مدينة-مكة-المكرمة-منطقة-مكة-المكرمة-6790413,"عمارة للبيع في شارع أبو الفرج الاصفهاني, حي الشامية الجديد, مدينة مكة المكرمة, منطقة مكة المكرمة",410000,154,,,,1,حي الملك فهد,مكة المكرمة,حي الملك فهد,"السلام عليكم ..
اللهم صل وسلم على نبينا محمد..

للبيع | شقة مميزة في مكة المكرمة

فرصة رائعة لامتلاك شقة حديثة، عمرها سنة واحدة فقط، بتشطيب راقٍ ومساحات واسعة، ومناسبة للسكن العائلي.
السلام عليكم ..
اللهم صل وسلم على نبينا محمد..
( شقه لبيع )
تفاصيل العقار:

المساحة: 154.23 م²

4 غرف

3 دورات مياه

غرفة نوم رئيسية (ماستر)

صالة كبيرة جدًا

مدخلان مستقلان

شقة أمامية

الدور الثالث

مصعد

موقف سيارة خاص

خزان علوي وخزان سفلي مستقلان

المميزات:

عمر العقار سنة واحدة فقط.
نظيفة جدًا وجاهزة للسكن.

تصميم عملي وتشطيب حديث.
للاستفسار أو حجز موعد للمعاينة، يرجى التواصل.",21.314844,39.687457,,,تهاني الثبيتي,,,2026-07-26,2026-07-26,2026-09-19,145,2026-09-20,True,"410,000",False,عمارة
6878950,https://sa.aqar.fm/عمائر-للبيع/مكة-المكرمة/حي-الهجرة/شارعاسماء-بنت-سعيد-رضي-الله-عنها-حي-الهجرة-مكة-منطقة-مكة-المكرمة-6878950,عمارة للبيع في شارعاسماء بنت سعيد رضي الله عنها ، حي الهجرة ، مكة ، منطقة مكة المكرمة,2200000,400,,,,35,حي الهجرة,مكة المكرمة,حي الهجرة,"🏢 عقار استثماري للبيع – حي الهجرة | مكة المكرمة
فرصة عقارية مميزة في حي الهجرة بمكة المكرمة، بموقع استراتيجي يجمع بين القرب من المسجد الحرام وسهولة الوصول إلى الطرق والمحاور الرئيسية، مما يجعله مناسبًا للسكن والاستثمار طويل المدى.
العقار مقام على أرض بمساحة 400 م²، على شارع عرض 12 متر بواجهة غربية، ويتكون من 6 شقق سكنية، ويخدمه 6 عدادات كهرباء مستقلة وعداد مياه. كما أن المنطقة مسموح فيها ببناء أدوار متكررة وفق الأنظمة والاشتراطات المعتمدة، مما يعزز من إمكانات تطوير العقار والاستفادة الاستثمارية منه مستقبلًا.
📍 مميزات الموقع: قريب من المسجد الحرام، وقريب من الطريق الدائري الثالث، وسهل الوصول منه إلى مختلف أحياء مكة والمرافق والخدمات، ويقع في منطقة سكنية ذات أهمية استثمارية.
مناسب للمستثمر الباحث عن عقار قائم بدخل من عدة وحدات، مع إمكانية الاستفادة من الموقع والتطوير مستقبلًا.
حي الهجرة – مكة المكرمة | 400م² | 6 شقق | 6 عدادات كهرباء | شارع 12م غربي",21.382283,39.833815,https://images.aqar.fm/webp/750x0/props/003725330_1789632568996.jpg | https://images.aqar.fm/webp/750x0/props/003725335_1789632580147.jpg | https://images.aqar.fm/webp/750x0/props/003725337_1789632580155.jpg | https://images.aqar.fm/webp/750x0/props/003725330_1789632580180.jpg,4,عبدالله عبدالعزيز عبد الله الكثيري,مؤسسة ديار الحمدانية للعقار,1,2026-09-17,,2026-09-17,4,2026-09-20,False,طلب تسويق,False,عمارة
6531119,https://sa.aqar.fm/عمائر-للبيع/مكة-المكرمة/حي-الرصيفة/شارع-الشجاعة-حي-الرصيفة-مدينة-مكة-المكرمة-منطقة-مكة-المكرمة-6531119,"عمارة للبيع في شارع الشجاعة, حي الرصيفة, مدينة مكة المكرمة, منطقة مكة المكرمة",8500000,750,,,,10,حي الرصيفة,مكة المكرمة,حي الرصيفة,"فرصة استثمارية مميزة | للبيع عمارة سكنية بمكة – حي الرصيفة

مكة المكرمة – حي الرصيفة
قريبة من:
✅ المدارس
✅ المساجد
✅ الخدمات العامة
✅ الطرق الرئيسية

🏗️ مواصفات العقار:
	•	🔹 عدد الشقق: 18 شقة سكنية
	•	🔹 عدد الأدوار: 4 أدوار + ملحق يحتوي على شقتين
	•	🔹 مساحة الأرض: 750 م²
	•	🔹 مساحة المباني: 3,880 م²
	•	🔹 الواجهة: شمالية
	•	🔹 عدد المصاعد: 2 مصعد
	•	🔹 درج رئيسي + درج طوارئ
	•	🔹 مواقف سيارات: دور أرضي + بدروم
	•	🔹 أنظمة السلامة: إنذار وإطفاء متكاملة
	•	🔹 الخدمات متوفرة بالكامل:
⚡ كهرباء | 💧 ماء | 🔥 غاز مركزي

⭐ مميزات إضافية:

✔ موقع حيوي وسهل الوصول
✔ تشطيب جيد وجاهزة للتشغيل
✔ مناسبة للاستثمار طويل المدى
✔ طلب عالي على الإيجار بالمنطقة
في مجال للتفاوض في السعر",21.410395,39.785304,,,خالد بن صالح بن علي الصاعدي,,,2026-01-02,2026-01-02,2026-06-22,388,2026-09-20,True,"8,500,000",False,عمارة
6745592,https://sa.aqar.fm/عمائر-للبيع/مكة-المكرمة/حي-البحيرات/شارع-عمر-بن-عروه-حي-البحيرات-مكة-المكرمة-منطقة-مكة-المكرمة-6745592,عمارة للبيع في شارع عمر بن عروه ، حي البحيرات ، مكة المكرمة ، منطقة مكة المكرمة,650000,200,,,,0,حي البحيرات,مكة المكرمة,حي البحيرات,"شقق تمليك الفهد مشروع (103)مكه المكرمه حي الفيحاء الجديده 

🏡✨ امتلك خصوصيتك ورفاهيتك في شقق 
فاخرة بتصاميم عصرية ومساحات واسعة
تشطيبات راقية • ضمانات متكاملة • استقلالية كاملة لكل شقة
📍فرصة سكن   


🔹 كل شقة مستقلة في الدور لخصوصية وراحة أكبر
🔹 عدد 2 مصعد لخدمة السكان
🔹 تشطيبات ممتازة ومواصفات عالية الجودة

━━━━━━━━━━━

🌟 النموذج A    عدد(٢) شقه
شقة بمساحة 170م²
▫️ 4 غرف
▫️ 3 دورات مياه
▫️ صالة واسعة
▫️ مطبخ
▫️ غرفة غسيل
 السعر : 620000 الف 
━━━━━━━━━━━

🌟 النموذج B  عدد (٦)
شقة بمساحة 200م²
▫️ 5 غرف
▫️ 4 دورات مياه
▫️ صالة واسعة
▫️ مطبخ
▫️ غرفة غسيل
السعر: 650000 الف
━━━━━━━━━━━

🌟 النموذج C – روف / ملحق
بمساحة 165م²
▫️ 4 غرف
▫️ 3 دورات مياه
▫️ صالة
▫️ مطبخ
▫️ سطحين خاصين
السعر: 750000 الف
━━━━━━━━━━━

✅ المواصفات والمميزات:
✔️ تأمين شامل
✔️ ضمانات على السباكة والكهرباء
✔️ خزان علوي وخزان أرضي مستقل لكل شقة
✔️ عداد كهرباء مستقل
✔️ عداد مياه مستقل
✔️ موقف سيارة خاص",21.510441,39.765324,https://images.aqar.fm/webp/750x0/props/007333334_1782250565094.jpg | https://images.aqar.fm/webp/750x0/props/007333338_1782250565058.jpg | https://images.aqar.fm/webp/750x0/props/007333331_1782250565091.jpg | https://images.aqar.fm/webp/750x0/props/007333335_1782250565092.jpg | https://images.aqar.fm/webp/750x0/props/007333339_1782250565095.jpg | https://images.aqar.fm/webp/750x0/props/007333336_1782250565088.jpg | https://images.aqar.fm/webp/750x0/props/007333334_1782250565092.jpg | https://images.aqar.fm/webp/750x0/props/007333334_1782250565090.jpg | https://images.aqar.fm/webp/750x0/props/007333330_1782250587067.jpg | https://images.aqar.fm/webp/750x0/props/007333331_1782250587072.jpg | https://images.aqar.fm/webp/750x0/props/007333330_1782250587078.jpg | https://images.aqar.fm/webp/750x0/props/007333332_1782250587094.jpg | https://images.aqar.fm/webp/750x0/props/007333335_1782250587083.jpg | https://images.aqar.fm/webp/750x0/props/007333331_1782250587113.jpg | https://images.aqar.fm/webp/750x0/props/007333330_1782250587092.jpg | https://images.aqar.fm/webp/750x0/props/007333333_1782250587079.jpg,16,ظافر بن عوضه بن شايخ الشهري,,,2026-06-23,,2026-09-12,51,2026-09-20,False,طلب تسويق,False,عمارة
6838910,https://sa.aqar.fm/عمائر-للبيع/مكة-المكرمة/حي-الهجرة/شارعثابت-بن-خالد-النجاري-حي-الهجرة-مكة-منطقة-مكة-المكرمة-6838910,عمارة للبيع في شارعثابت بن خالد النجاري ، حي الهجرة ، مكة ، منطقة مكة المكرمة,3000000,660,,,,8,حي الهجرة,مكة المكرمة,حي الهجرة,,21.387642,39.846788,https://images.aqar.fm/webp/750x0/props/031224188_1787575019190.jpg | https://images.aqar.fm/webp/750x0/props/031224188_1787575025980.jpg | https://images.aqar.fm/webp/750x0/props/031224184_1787575032069.jpg,3,ايمن عبدالرحيم عمر حلوانى,,,2026-08-24,,2026-08-24,26,2026-09-20,False,طلب تسويق,False,عمارة
6775365,https://sa.aqar.fm/عمائر-للبيع/مكة-المكرمة/حي-الراشدية/حي-الراشدية-مكة-منطقة-مكة-المكرمة-6775365,عمارة للبيع في حي الراشدية ، مكة ، منطقة مكة المكرمة,1100000,400,,,,18,حي الراشدية,مكة المكرمة,حي الراشدية,"العمارة مؤجرة بعقد سنوي تتكون من شقتين ويمكن اعادة تقسيمها لاكثر من شقتين ومجددة بالكامل من الداخل من حيث الكهرباء والسباكة 
غرف واسعة 
بجاور مسجد
((الرقم يظهر عند الضغط على اتصال))للتواصل ابويوسف 
حي متكامل الخدمات",21.462914,39.958897,https://images.aqar.fm/webp/750x0/props/054001303_1784125759688.jpg,1,حفيظه بنت الحاج بن يوسف اخويه,,,2026-07-15,,2026-09-19,59,2026-09-20,False,طلب تسويق,False,عمارة
6874919,https://sa.aqar.fm/عمائر-للبيع/مكة-المكرمة/حي-الخنساء/شارع-445-الخنساء-حي-الخنساء-مكة-منطقة-مكة-المكرمة-6874919,عمارة للبيع في شارع 445 الخنساء ، حي الخنساء ، مكة ، منطقة مكة المكرمة,730000,196,,,,30,حي الخنساء,مكة المكرمة,حي الخنساء,"عمارة دورين و ملحق و حوش مؤجرة و موقعها بين الخنساء و المعابدة
 
نازلة مباشرة على الشارع العام بجانب مبنى سكن الممرضات 

تبعد عن الحرم 2 كيلو 

موقعها حيوي جدا على الأسواق و الشارع العام (شارع الحج و جبل النور) و قريبة من الجامعة و المدارس و يناسب السكن و الاستثمار عوائل عزاب عمالة 

خدماته مياه كهرباء صرف صحي

لها اربع مداخل ثلاثة منها تنزل على الشارع العام مباشرة

واجهته شرق و له واجهتين مساحة الواجهتين تكفي سيارتين 

السيارة تصل للبيت بدون مشاكل و فيه مواقف و برحة لركن السيارة",21.447962,39.848273,https://images.aqar.fm/webp/750x0/props/010334197_1789419597575.jpg | https://images.aqar.fm/webp/750x0/props/010334191_1789419597575.jpg | https://images.aqar.fm/webp/750x0/props/010334194_1789419597527.jpg | https://images.aqar.fm/webp/750x0/props/010334190_1789419767225.jpg,4,فاتن الزهراني,,,2026-09-14,,2026-09-20,13,2026-09-20,False,طلب تسويق,False,عمارة
6823106,https://sa.aqar.fm/عمائر-للبيع/مكة-المكرمة/حي-الجامعة/شارع-الإعلام-حي-الجامعة-مكة-منطقة-مكة-المكرمة-6823106,عمارة للبيع في شارع الإعلام ، حي الجامعة ، مكة ، منطقة مكة المكرمة,6000000,625,,,,36,حي الجامعة,مكة المكرمة,حي الجامعة,"الموقع :
العزيزية حي الجامعة -خلف سوق السلام-شارع الاعلام
الموقع قريب من كبري الملك خالد
.
مساحة الارض: 625م
مساحة البناء : 400م
عرض الشارع : 10م
.

تاريخ رخصة البناء 1405 
وتم ترميم قبل 16 سنة 
العمارة 3 طوابق+ الدور الارضي
 اساسات العمارة تتحمل 4 طوابق واكثر

مكونه 8 شقق

مصعد 

بدوم 
مكون من :
مساحة فارغة مكيفة + 3 غرف وغرفة مستودع 

غرفة حارس خارجية


للتواصل والاستفسار واتس اب :
((الرقم يظهر عند الضغط على اتصال))",21.40369,39.870316,https://images.aqar.fm/webp/750x0/props/001300228_1786769434729.jpg,1,عبدالعزيز فؤاد محمد الثقفي,,,2026-08-15,,2026-08-15,23,2026-09-20,False,طلب تسويق,False,عمارة
6755990,https://sa.aqar.fm/عمائر-للبيع/مكة-المكرمة/حي-الشرائع/شارع-الأخيضر-حي-الشرائع-مكة-منطقة-مكة-المكرمة-6755990,عمارة للبيع في شارع الأخيضر ، حي الشرائع ، مكة ، منطقة مكة المكرمة,2000000,380,,,,8,حي الشرائع,مكة المكرمة,حي الشرائع,"فلة روف واربع شقق من اربع غرف ومدخلين 
شقة الدور الارضي ثلاث وشقة غرفتين ومجلس كبير الدور الارضي استقبال الضيوف بناء شخصي خزان ١٦ متر",21.49819,39.940266,https://images.aqar.fm/webp/750x0/props/004008387_1782943941782.jpg | https://images.aqar.fm/webp/750x0/props/004008387_1782943994440.jpg,2,فهد بن محيسن بن عيد القثامي,,,2026-07-01,,2026-07-01,115,2026-09-20,False,طلب تسويق,False,عمارة
6856023,https://sa.aqar.fm/عمائر-للبيع/مكة-المكرمة/حي-التنعيم/شارع-ركانة-بن-عبد-يزيد-رضى-الله-عنه-حي-التنعيم-مكة-منطقة-مكة-المكرمة-6856023,عمارة للبيع في شارع ركانة بن عبد يزيد رضى الله عنه ، حي التنعيم ، مكة ، منطقة مكة المكرمة,6000000,1178,,,,6,حي التنعيم,مكة المكرمة,حي التنعيم,$5d,21.461797,39.808839,https://images.aqar.fm/webp/750x0/props/000399252_1788435186101.jpg,1,مهند بن سعيد بن سعد الجدعاني,,,2026-09-03,,2026-09-03,13,2026-09-20,False,طلب تسويق,False,عمارة
6846897,https://sa.aqar.fm/عمائر-للبيع/مكة-المكرمة/حي-الاندلس/حي-ريع-ذاخر-مكة-منطقة-مكة-المكرمة-6846897,عمارة للبيع في حي ريع ذاخر ، مكة ، منطقة مكة المكرمة,3000000,299,,,,30,حي الاندلس,مكة المكرمة,حي الاندلس,"‏عمارة للبيع
‏ثاني قطعة على شارع الحج
‏وجهتين غربي  شمالي",21.476318,39.841789,https://images.aqar.fm/webp/750x0/props/055065659_1788017255650.jpg | https://images.aqar.fm/webp/750x0/props/055065658_1788017255645.jpg,2,عدنان بن عبدالستار بن محمد دنه,,,2026-08-29,,2026-08-29,10,2026-09-20,False,طلب تسويق,False,عمارة
6858513,https://sa.aqar.fm/عمائر-للبيع/مكة-المكرمة/حي-الراشدية/شارع-الغزير-حي-الراشدية-مكة-منطقة-مكة-المكرمة-6858513,عمارة للبيع في شارع الغزير ، حي الراشدية ، مكة ، منطقة مكة المكرمة,2000000,400,,,,30,حي الراشدية,مكة المكرمة,حي الراشدية,"مساحة الارض ٤٠٠ متر مربع
ثلاثة ادوار كل دور شقة و ملحق نص شقة مع سطوح
عدد غرف الدور الارضي و الاول و الثاني ٦ غرف و اربع حمامات و مطبخ
الملحق ٣ غرف و حمامين و مطبخ
يوجد مصعد فالعمارة
عمر الدور الارضي و الاول ٤٥ سنة تقريباً و الثاني و الثالث و الملحق ١٠ سنين

رقم التواصل ((الرقم يظهر عند الضغط على اتصال))",21.464341,39.953318,https://images.aqar.fm/webp/750x0/props/011952227_1788610473500.jpg | https://images.aqar.fm/webp/750x0/props/011952221_1788610473542.jpg | https://images.aqar.fm/webp/750x0/props/011952220_1788610473581.jpg | https://images.aqar.fm/webp/750x0/props/011952228_1788610473610.jpg | https://images.aqar.fm/webp/750x0/props/011952228_1788610473627.jpg | https://images.aqar.fm/webp/750x0/props/011952221_1788610473663.jpg,6,محمد الحازمى,,,2026-09-05,,2026-09-05,10,2026-09-20,False,طلب تسويق,False,عمارة
6792229,https://sa.aqar.fm/عمائر-للبيع/مكة-المكرمة/حي-الخنساء/شارع-يحيى-بن-الحكم-حي-جبل-النور-مكة-منطقة-مكة-المكرمة-6792229,عمارة للبيع في شارع يحيى بن الحكم ، حي جبل النور ، مكة ، منطقة مكة المكرمة,180000,380,,,,30,حي الخنساء,مكة المكرمة,حي الخنساء,,21.446028,39.854795,https://images.aqar.fm/webp/750x0/props/029023953_1785133021727.jpg | https://images.aqar.fm/webp/750x0/props/029023955_1785133021723.jpg | https://images.aqar.fm/webp/750x0/props/029023953_1785133021715.jpg | https://images.aqar.fm/webp/750x0/props/029023954_1785133021731.jpg,4,فيصل عباد عبيد القرشي,,,2026-07-27,,2026-07-27,21,2026-09-20,False,طلب تسويق,False,عمارة
6762530,https://sa.aqar.fm/عمائر-للبيع/مكة-المكرمة/حي-الخنساء/شارع-سفيان-بن-معمر-حي-وادي-جليل-مكة-منطقة-مكة-المكرمة-6762530,عمارة للبيع في شارع سفيان بن معمر ، حي وادي جليل ، مكة ، منطقة مكة المكرمة,2500000,500,,,,25,حي الخنساء,مكة المكرمة,حي الخنساء,"للبيع 
العنوان
مكة المكرمة شارع الحج وادي جليل قبال مسجد الأمير عبد الرحمن بن سعود بجوار جبل النور على شارع تجاري عرض ٣٢ م
 مساحة الأرض ٥٠٠  الواجهة شرقية غربية
قايم عليها عمارة من دورين وملحق كل دور شقتين الشقة رقم ٣ اربع غرف بصالة ومطبخ وحمامين  وباقي الثلاثة الشقق مكونة من ٣ غرف ومطبخ وغرفة غسيل  وحمامين وملحق مكون من غرفتين بصالة ومطبخ وبها دكان مع حمام وغرفة في الحوش مساحتها ٣x٦ بحمام 
العمارة مجددة  معروضة للبيع .
السعر قابل للتفاوض مع المشتري الجاد",21.463202,39.853138,https://images.aqar.fm/webp/750x0/props/053814825_1783357425668.jpg | https://images.aqar.fm/webp/750x0/props/053814823_1783357425675.jpg | https://images.aqar.fm/webp/750x0/props/053814825_1783357425674.jpg | https://images.aqar.fm/webp/750x0/props/053814828_1783357425742.jpg | https://images.aqar.fm/webp/750x0/props/053814824_1783357425737.jpg | https://images.aqar.fm/webp/750x0/props/053814824_1783357425739.jpg | https://images.aqar.fm/webp/750x0/props/053814826_1783357425736.jpg | https://images.aqar.fm/webp/750x0/props/053814823_1783357425735.jpg | https://images.aqar.fm/webp/750x0/props/053814827_1783357460730.jpg | https://images.aqar.fm/webp/750x0/props/053814826_1783357460732.jpg | https://images.aqar.fm/webp/750x0/props/053814825_1783357460735.jpg | https://images.aqar.fm/webp/750x0/props/053814821_1783357460730.jpg | https://images.aqar.fm/webp/750x0/props/053814827_1783357460732.jpg | https://images.aqar.fm/webp/750x0/props/053814825_1783357460748.jpg | https://images.aqar.fm/webp/750x0/props/053814822_1783357460737.jpg | https://images.aqar.fm/webp/750x0/props/053814825_1783357460733.jpg,16,حسام بن محمد بن حسين سروجي,,,2026-07-06,,2026-07-20,25,2026-09-20,False,طلب تسويق,False,عمارة
6883172,https://sa.aqar.fm/عمائر-للبيع/مكة-المكرمة/حي-الشوقية/شارع-مبارك-الصائغ-حي-ولي-العهد-مكة-منطقة-مكة-المكرمة-6883172,عمارة للبيع في شارع مبارك الصائغ ، حي ولي العهد ، مكة ، منطقة مكة المكرمة,2500000,550,,,,15,حي الشوقية,مكة المكرمة,حي الشوقية,"عماره سكنيه  مكونه من ثلاث ادوار
الدور الارضي شقه والدور الثاني شقتين والدور الثالث شقه 
موقع مميز. قريب من جميع الخدمات 
قيمة المياه مدفوعه لمدة خمس سنوات واكثر  حسب الاستهلاك",21.372929,39.781719,https://images.aqar.fm/webp/750x0/props/055526014_1789860920215.jpg | https://images.aqar.fm/webp/750x0/props/055526010_1789860920254.jpg | https://images.aqar.fm/webp/750x0/props/055526014_1789860920213.jpg,3,عادل بن محمد بن غرامه الاسمري,,,2026-09-19,,2026-09-19,3,2026-09-20,False,طلب تسويق,False,عمارة
6845436,https://sa.aqar.fm/عمائر-للبيع/مكة-المكرمة/حي-بطحاء-قريش/شارع-ابو-محاسن-بن-القطب-حي-بطحاء-قريش-مكة-منطقة-مكة-المكرمة-6845436,عمارة للبيع في شارع ابو محاسن بن القطب ، حي بطحاء قريش ، مكة ، منطقة مكة المكرمة,3000000,370,,,,15,حي بطحاء قريش,مكة المكرمة,حي بطحاء قريش,"عمارة للبيع 🏢

* مساحة الأرض: 400م²
* مساحة البناء: 370م²
* العمر: تقريبًا 15 سنة
* تتكون من 3 أدوار + ملحق
* يوجد مصعد راكب على أساس
* جميع الأدوار مؤجرة ما عدا الملحق.

الأدوار الثلاثة:
كل دور شقة دور كامل، تتكون من 6 غرف + صالة + مطبخ + 3 دورات مياه + مدخلين، ومساحات الغرف واسعة خصوصًا المجالس.

الدور الأرضي: بالإضافة إلى ذلك يوجد غرفة مستودع.

الملحق:
غرفتان + صالة + مطبخ + دورتان مياه + سطح خاص 

المميزات:
بينه وبين المسجد بيت ، والبقالة 5 دقائق مشي، والممشى 10 دقائق مشي",21.373421,39.824654,https://images.aqar.fm/webp/750x0/props/055037827_1787879105236.jpg,1,علي بن محمد بن علي الزهراني,,,2026-08-28,,2026-08-28,24,2026-09-20,False,طلب تسويق,False,عمارة
6806052,https://sa.aqar.fm/عمائر-للبيع/مكة-المكرمة/حي-بطحاء-قريش/شارع-ابن-يعقوب-الجميل-حي-بطحاء-قريش-مكة-منطقة-مكة-المكرمة-6806052,عمارة للبيع في شارع ابن يعقوب الجميل ، حي بطحاء قريش ، مكة ، منطقة مكة المكرمة,3200000,561,,,,15,حي بطحاء قريش,مكة المكرمة,حي بطحاء قريش,"عمر العقار 15 سنه
6 شقق 
واحدة من اربع غرف و 3 حمامات وصاله وطبخ نظام امريكي
والخمس شقق من خمس غوف ٤ حمامات وصاله وطبخ نظام امريكي
يوجد مصعد 
خزان كبير يتسع 8 تريلات
مياه الحكومة والصرف الصحي واصل
كل شقة عداد كهرباء مستقل
غرفة حارس
لايوجد ملحق",21.367594,39.821194,https://images.aqar.fm/webp/750x0/props/001021844_1785862344207.jpg | https://images.aqar.fm/webp/750x0/props/001021846_1785862344216.jpg | https://images.aqar.fm/webp/750x0/props/001021840_1785862344215.jpg | https://images.aqar.fm/webp/750x0/props/001021842_1785862344256.jpg | https://images.aqar.fm/webp/750x0/props/001021846_1785862344225.jpg | https://images.aqar.fm/webp/750x0/props/001021844_1785862344227.jpg | https://images.aqar.fm/webp/750x0/props/001021844_1785862344225.jpg | https://images.aqar.fm/webp/750x0/props/001021844_1785862400103.jpg,8,حسام مصطفى حامد شلضوم,,,2026-08-04,,2026-09-04,41,2026-09-20,False,طلب تسويق,False,عمارة
6807198,https://sa.aqar.fm/عمائر-للبيع/مكة-المكرمة/حي-الشوقية/شارععبدالله-بن-ثعلبه-الانصاري-حي-الشوقية-مكة-منطقة-مكة-المكرمة-6807198,عمارة للبيع في شارععبدالله بن ثعلبه الانصاري ، حي الشوقية ، مكة ، منطقة مكة المكرمة,2650000,595,,,,12,حي الشوقية,مكة المكرمة,حي الشوقية,"مكة حي الشوقية 
مكونات العقار :
دور تسوية ودورين علوية
على شارعين 15
مقابل مسجد وسط الحي 
متوفر حولها جميع الخدمات",21.380749,39.795967,https://images.aqar.fm/webp/750x0/props/011444827_1785932176630.jpg | https://images.aqar.fm/webp/750x0/props/011444826_1785932176622.jpg | https://images.aqar.fm/webp/750x0/props/011444824_1785932176630.jpg | https://images.aqar.fm/webp/750x0/props/011444826_1785932176645.jpg | https://images.aqar.fm/webp/750x0/props/011444828_1785932176623.jpg,5,خالد بن عبدالله,,,2026-08-05,,2026-08-15,32,2026-09-20,False,طلب تسويق,False,عمارة
6869103,https://sa.aqar.fm/عمائر-للبيع/مكة-المكرمة/حي-الراشدية/حي-الراشدية-مكة-منطقة-مكة-المكرمة-6869103,عمارة للبيع في حي الراشدية ، مكة ، منطقة مكة المكرمة,3000000,600,,,,7,حي الراشدية,مكة المكرمة,حي الراشدية,"العماره مكونه من ثلاث ادوار كل دور شقتين الشقق في الدور الأرضي تتكون من اربع غرف صاله مطبخ حمامين 
الدور الثاني والثالث كل دور شقتين وتتكون كل شقة من خمس غرف وصاله ومطبخ وحمامين 
يوجد في السطح غرفة بحمامها 
يوجد مصعد",21.477945,39.985058,https://images.aqar.fm/webp/750x0/props/041101995_1789129483092.jpg,1,ربيع فيصل حمزه أشقر,,,2026-09-11,,2026-09-11,13,2026-09-20,False,طلب تسويق,False,عمارة
6880299,https://sa.aqar.fm/عمائر-للبيع/مكة-المكرمة/حي-التنعيم/حي-التنعيم-مكة-منطقة-مكة-المكرمة-6880299,عمارة للبيع في حي التنعيم ، مكة ، منطقة مكة المكرمة,5000000,458,,,,0,حي التنعيم,مكة المكرمة,حي التنعيم,عمارة عظم من ستة ادوار مليسة من الداخل بالكامل، عشره شقق والدور الاخير فلة روف بسبعه غرف وسطح خاص وسطح العماره يحتوي على ملحق غرفتين وحمام ،وتم وضع قواعد الاسبليت وإطارات الابواب الحديد ،و توفر خدمة الكهرباء والماء والصرف الصحي وخدمة الألياف البصرية وتم تجهيز بئر المصعد و من الخارج عليها البويه ولا ينقصها غير الواجهة فقط ويوجد بدروم بارتفاع ١٥ متر يمكن استغلاله كغرف للسائقين ، والسعر قابل للتفاوض للتواصل ((الرقم يظهر عند الضغط على اتصال)),21.46966,39.824547,https://images.aqar.fm/webp/750x0/props/055380332_1789683473515.jpg | https://images.aqar.fm/webp/750x0/props/055380332_1789683473515.jpg,2,سميره بنت عياد بن محسن الحربي,,,2026-09-17,,2026-09-17,5,2026-09-20,False,طلب تسويق,False,عمارة
6727781,https://sa.aqar.fm/عمائر-للبيع/مكة-المكرمة/حي-الشرائع/حي-جعرانة-الجعرانة-منطقة-مكة-المكرمة-6727781,عمارة للبيع في حي جعرانة ، الجعرانة ، منطقة مكة المكرمة,900000,1307,,,,4,حي الشرائع,مكة المكرمة,حي الشرائع,"عمارة شقتين مؤسس اربع أدوار
مسلح بصك الكتروني وكروكيات ورخصة بناء
مصعد
المساحة 1307م
على شارع 15 وممر 2متر
مسطح البناء 25*18،5 غير الارتداد
خزان 11*4 نزول 4 متر
شقتين كل شقة 4غرف و4 حمام و مطبخ و صالتين 6*4 و 7*4
مؤسس 4 سبيلت مكيف الصالات والمطابخ
حوشين لكل شقة مدخل عوائل بحوش مستقل غير المدخل الرئيسي للعمارة
عدادين كهرب لكل شقة عداد
مكة جعرانه حي الفهد
سكن عوائل
الواجهة غربية شمالية
عمر العقار 3 سنوات
شارع تجاري
8 غرف
شقتين
دور
حوشين
مؤسس مصعد
مواقف خاصة
رقم الترخيص 7201105703",21.556648,39.954422,,,منيع بن مانع بن سليمان العتيبي,,,2026-06-10,,2026-07-06,26,2026-09-20,False,طلب تسويق,False,عمارة
6740103,https://sa.aqar.fm/عمائر-للبيع/مكة-المكرمة/حي-الملك-فهد/حي-ولي-العهد-منطقة-مكة-المكرمة-6740103,عمارة للبيع في حي ولي العهد ، منطقة مكة المكرمة,2300000,600,,,,3,حي الملك فهد,مكة المكرمة,حي الملك فهد,عمارة في لسان مخطط رقم ٢ ولي العهد  بها عدد٤ محلات تجارية وخلفها عدد ٢ شقة مكونة من ٣ غرف بمنافعها,21.332377,39.713816,,,مهدى بن زايد,,,2026-06-20,,2026-09-12,25,2026-09-20,False,طلب تسويق,False,عمارة
6836950,https://sa.aqar.fm/عمائر-للبيع/مكة-المكرمة/حي-الملك-فهد/شارع-ابراهيم-الخطيب-حي-ولي-العهد-مكة-منطقة-مكة-المكرمة-6836950,عمارة للبيع في شارع ابراهيم الخطيب ، حي ولي العهد ، مكة ، منطقة مكة المكرمة,4800000,896,,,,9,حي الملك فهد,مكة المكرمة,حي الملك فهد,"عماره بمخطط واحد دخل سنوي ٢٠٠ الف 

مكونه من ٦ شقق وفيلا الشقق كبار والفيلا كبيره 

خزان ٢٥ تريلا 

بدروم 

مواقف سيارات.",21.323378,39.683937,,,رامى هاشم محمد فيزو,,,2026-08-23,,2026-08-23,7,2026-09-20,False,طلب تسويق,False,عمارة
6869081,https://sa.aqar.fm/عمائر-للبيع/مكة-المكرمة/حي-الخنساء/حي-الخنساء-مكة-منطقة-مكة-المكرمة-6869081,عمارة للبيع في حي الخنساء ، مكة ، منطقة مكة المكرمة,2000000,450,,,,35,حي الخنساء,مكة المكرمة,حي الخنساء,"عماره سكنيه في شارع تجاري 

تتكون من داورين الارضي شقتين كل شقه من غرفتين 

الاول دور كامل من خمس غرف ومطبخ وثلاث حمامات 

يوجد حوش كبير 

الموقع على زاويه شارعين 
شارع عشرين 
شارع سته متر 

الشارع فيه محلات تجاريه وحركة قوية 

الموقع عليه رخصة بناء 6 الدوار 
الرخصه نحتاج تجديد 

للتواصل ((الرقم يظهر عند الضغط على اتصال))
اتصل او واتس",21.448803,39.847741,,,هاني بن سعيد بن جابر الكريدمي,,,2026-09-11,,2026-09-11,5,2026-09-20,False,طلب تسويق,False,عمارة
6703005,https://sa.aqar.fm/عمائر-للبيع/مكة-المكرمة/حي-الخضراء/شارع-أسيد-بن-سعيه-القرظي-حي-الخضراء-مكة-منطقة-مكة-المكرمة-6703005,عمارة للبيع في شارع أسيد بن سعيه القرظي ، حي الخضراء ، مكة ، منطقة مكة المكرمة,2500000,560,,,,12,حي الخضراء,مكة المكرمة,حي الخضراء,"عمارة بمخطط 12 مساحة560.05م داخل حد الحرم مكونه دورين موسس مصعد كل دور شقتين الدور الاول كل شقة مدخلين 4 غرف مطبخ صاله 3 حمامات 
الدور الثاني شقتين مدخلين 5 غرف مطبخ صاله 3 حمامات 
الدخل السنوي 88 الف ريال حاليا مؤجره
عليها قرض عقاري متبقي 300000 الف ريال",21.457849,39.93013,https://images.aqar.fm/webp/750x0/props/004125440_1779132177421.jpg | https://images.aqar.fm/webp/750x0/props/004125448_1779132177647.jpg | https://images.aqar.fm/webp/750x0/props/004125448_1779132372167.jpg,3,مصلح بن بخيت بن حميد القرشى,,,2026-05-18,,2026-07-26,148,2026-09-20,False,طلب تسويق,False,عمارة
6836830,https://sa.aqar.fm/عمائر-للبيع/مكة-المكرمة/حي-الراشدية/شارع-زهير-بن-عوف-بن-الحارث-رضي-الله-عنه-حي-الراشدية-مكة-منطقة-مكة-المكرمة-6836830,عمارة للبيع في شارع زهير بن عوف بن الحارث رضي الله عنه ، حي الراشدية ، مكة ، منطقة مكة المكرمة,1500000,400,,,,2,حي الراشدية,مكة المكرمة,حي الراشدية,عماره من دورين الدور الارضي كامل من5 غرف وصاله ومطبخ و3 دورات مياه الدور الثاني شقتين عظم,21.484865,39.951916,https://images.aqar.fm/webp/750x0/props/029588440_1787484426327.jpg | https://images.aqar.fm/webp/750x0/props/029588440_1787484426329.jpg,2,نواف منصور جرادان الحارثى,,,2026-08-23,,2026-08-23,20,2026-09-20,False,طلب تسويق,False,عمارة
6833510,https://sa.aqar.fm/عمائر-للبيع/مكة-المكرمة/حي-الاندلس/شارع-529-جبل-السيدة-حي-الأندلس-مكة-منطقة-مكة-المكرمة-6833510,عمارة للبيع في شارع 529 جبل السيدة ، حي الأندلس ، مكة ، منطقة مكة المكرمة,3900000,406,,,,28,حي الاندلس,مكة المكرمة,حي الاندلس,"نوع العقار: مبنى مسلح (سكني).

  المدينة / المنطقة: مكة المكرمة - بلدي العتيبية الفرعية (حي العتيبية - اللصوص). 

 استخدام الموقع: سكني. 

 طبيعة الأرض: جبلية (منطقة عشوائية قائمة). 

 المساحة الإجمالية: م406.52

الشمال: بطول م24.10  (يحده سكة نافذة بعرض م3.45 إلى م4.80
 الجنوب: بطول مجموع م23.00 (مقسم إلى م19.30 { م} + 3.70) (يحده سكة نافذة ومبنى مسلح مجاور).  
الشرق: بطول م17.45 (يحده سكة نافذة بعرض م5.20).  
الغرب: بطول م13.55 (مقسم إلى م12.40 { م} + 1.15 مع انكسارات) (يحده مبنى مسلح وسكة غير نافذة).  

معلومات القرار المساحي والاعتماد
المكتب الهندسي: الأبعاد المتقنة للاستشارات الهندسية (مكة المكرمة - العزيزية). 
 تاريخ اعتماد القرار المساحي: 1447/06/13 هـ.  
رقم المصور الجوي: AC-24

يقع العقار على بُعد 3 إلى 4.5 كيلومتر تقريباً عن ساحات المسجد الحرام (جهة باب الملك فهد أو الحجون).",21.450014,39.825234,https://images.aqar.fm/webp/750x0/props/054845024_1787255150042.png,1,محمد بن اسامه بن محمد صالح المصرى,,,2026-08-20,,2026-08-20,9,2026-09-20,False,طلب تسويق,False,عمارة
6299030,https://sa.aqar.fm/عمائر-للبيع/مكة-المكرمة/حي-العزيزية/شارع-العطر-حي-العزيزية-مكة-منطقة-مكة-المكرمة-6299030,عمارة للبيع في شارع العطر ، حي العزيزية ، مكة ، منطقة مكة المكرمة,21000000,1169,,,,15,حي العزيزية,مكة المكرمة,حي العزيزية,عمارة سكنية بحي العزيزية بالقرب من جامعة أم القرى للجاد والمهيم يمكن التواصل حلال الواتس اب وشكراا,21.410547,39.86479,https://images.aqar.fm/webp/750x0/props/015901066_1753345342112.jpg | https://images.aqar.fm/webp/750x0/props/015901062_1753345374909.jpg | https://images.aqar.fm/webp/750x0/props/015901060_1753345388841.jpg | https://images.aqar.fm/webp/750x0/props/015901064_1753345401206.jpg | https://images.aqar.fm/webp/750x0/props/015901060_1753345518115.jpg | https://images.aqar.fm/webp/750x0/props/015901064_1753345543830.jpg | https://images.aqar.fm/webp/750x0/props/015901064_1753345561616.jpg | https://images.aqar.fm/webp/750x0/props/015901061_1753345578555.jpg | https://images.aqar.fm/webp/750x0/props/015901060_1753345665912.jpg | https://images.aqar.fm/webp/750x0/props/015901061_1753345764802.jpg,10,عبدالله علي عبدالله القهيدان ,,,2025-07-24,,2026-09-14,225,2026-09-20,False,طلب تسويق,False,عمارة
6817785,https://sa.aqar.fm/عمائر-للبيع/مكة-المكرمة/حي-الخالدية/شارع-9-الخالدية-حي-الخالدية-مكة-منطقة-مكة-المكرمة-6817785,عمارة للبيع في شارع 9 الخالدية ، حي الخالدية ، مكة ، منطقة مكة المكرمة,5000000,418,,,,34,حي الخالدية,مكة المكرمة,حي الخالدية,عماره مكونه من 3ادوار كل دور في شقتين وكل شقه مكونه من 4غرف 2دوراة مياه صاله صغيره مطبخ,21.398155,39.791588,,,عبده بن محمد بن احمد حنتول,,,2026-08-12,,2026-08-12,19,2026-09-20,False,طلب تسويق,False,عمارة
6792223,https://sa.aqar.fm/عمائر-للبيع/مكة-المكرمة/حي-الخنساء/شارع-اجود-بن-زامل-حي-جبل-النور-مكة-منطقة-مكة-المكرمة-6792223,عمارة للبيع في شارع اجود بن زامل ، حي جبل النور ، مكة ، منطقة مكة المكرمة,2000000,380,,,,30,حي الخنساء,مكة المكرمة,حي الخنساء,,21.445791,39.85811,https://images.aqar.fm/webp/750x0/props/051855698_1785132138766.jpg | https://images.aqar.fm/webp/750x0/props/051855693_1785132138775.jpg | https://images.aqar.fm/webp/750x0/props/051855693_1785132138773.jpg | https://images.aqar.fm/webp/750x0/props/051855699_1785132138761.jpg | https://images.aqar.fm/webp/750x0/props/051855696_1785132159821.jpg | https://images.aqar.fm/webp/750x0/props/051855690_1785132159819.jpg,6,عبدالرحمن بن مطلق بن معيش اللحياني,,,2026-07-27,,2026-07-27,22,2026-09-20,False,طلب تسويق,False,عمارة
6830746,https://sa.aqar.fm/عمائر-للبيع/مكة-المكرمة/حي-الحمراء-و-ام-الجود/شارع-ابن-الجزري-حي-أم-الجود-مكة-منطقة-مكة-المكرمة-6830746,عمارة للبيع في شارع ابن الجزري ، حي أم الجود ، مكة ، منطقة مكة المكرمة,8500000,1380,,,,12,حي الحمراء و ام الجود,مكة المكرمة,حي الحمراء و ام الجود,"مكة المكرمة 
مخطط الحمراء 
للبيع موقع تجاري استثماري على شارع الممشى .. 
الموقع عباره عن ارضين مساحة كل ارض ٦٩٠ متر 
المساحه للارضين ١٣٨٠متر 
مبني عليها محلات تجاريه 
الدخل ٢٧٠ الف بعقد ينتهي قريباً 

المطلوب ٨ مليون ونص  صافي 



 
رخصة فال 1100165228
العرض للمشتري الجاد فقط",21.425976,39.773655,,,فائزه حسين,,,2026-08-19,,2026-08-19,24,2026-09-20,False,طلب تسويق,False,عمارة
6870455,https://sa.aqar.fm/عمائر-للبيع/مكة-المكرمة/حي-الراشدية/شارع-عبدالرحمن-بن-خراش-الأنصاري-رضي-الله-عنه-حي-الراشدية-مكة-منطقة-مكة-المكرمة-6870455,عمارة للبيع في شارع عبدالرحمن بن خراش الأنصاري رضي الله عنه ، حي الراشدية ، مكة ، منطقة مكة المكرمة,2400000,400,,,,10,حي الراشدية,مكة المكرمة,حي الراشدية,,21.481483,39.951958,https://images.aqar.fm/webp/750x0/props/013809831_1789222145682.jpg,1,عادل بن عيضه بن منصور الحتيرشى,,,2026-09-12,,2026-09-12,13,2026-09-20,False,طلب تسويق,False,عمارة
6779914,https://sa.aqar.fm/عمائر-للبيع/مكة-المكرمة/حي-الزهراء/حي-الزهراء-مكة-منطقة-مكة-المكرمة-6779914,عمارة للبيع في حي الزهراء ، مكة ، منطقة مكة المكرمة,2000000,176,,,,35,حي الزهراء,مكة المكرمة,حي الزهراء,,21.425179,39.803649,,,فيصل بن محمود بن محمد العبيدي,,,2026-07-18,,2026-07-30,23,2026-09-20,False,طلب تسويق,False,عمارة
6757908,https://sa.aqar.fm/عمائر-للبيع/مكة-المكرمة/حي-الشوقية/شارع-محمد-ابن-جبير-حي-الشوقية-مكة-منطقة-مكة-المكرمة-6757908,عمارة للبيع في شارع محمد ابن جبير ، حي الشوقية ، مكة ، منطقة مكة المكرمة,11500000,700,,,,19,حي الشوقية,مكة المكرمة,حي الشوقية,"🏢 عمارة للبيع – فرصة استثمارية مميزة في مكة المكرمة
عمارة استثمارية للبيع في حي الخالدية / الشوقية بمدينة مكة المكرمة، تقع على طريق رئيسي وحيوي بالقرب من جميع الخدمات والمرافق، وتُعد فرصة ممتازة للمستثمرين الباحثين عن دخل ثابت وموقع مميز.
🔹 تفاصيل العقار: • المساحة: 700 متر • عدد الأدوار: 5 أدوار • مكونة من 4 أدوار + ملحق • الدور الأول والثاني مؤجران تجارياً لمطعم • عدد الشقق: 5 شقق غير مشطبة
💰 الدخل السنوي: 350,000 ريال سنوياً من المطعم فقط
📍 المميزات: ✔ موقع استراتيجي على شارع رئيسي ✔ دخل استثماري ممتاز ✔ جميع الخدمات متوفرة ✔ مناسبة للاستثمار والتطوير
للتواصل والاستفسار يرجى التواصل على الخاص.",21.389149,39.786739,,,عصام بن محمد بن عبدالغني امام,,,2026-07-03,,2026-07-03,27,2026-09-20,False,طلب تسويق,False,عمارة
6867281,https://sa.aqar.fm/عمائر-للبيع/مكة-المكرمة/حي-الحمراء-و-ام-الجود/شارع-عبدالله-ابن-حمير-الاشجعي-حي-أم-الجود-مكة-منطقة-مكة-المكرمة-6867281,عمارة للبيع في شارع عبدالله ابن حمير الاشجعي ، حي أم الجود ، مكة ، منطقة مكة المكرمة,3400000,837,,,,8,حي الحمراء و ام الجود,مكة المكرمة,حي الحمراء و ام الجود,"عمارة سكن خاص 3 ادوار  السبب الانتقال 
الموقع مخطط معتمد وحي راقي وهادي",21.416613,39.701237,,,خالد صالح ناهض الظاهري,,,2026-09-10,,2026-09-10,9,2026-09-20,False,طلب تسويق,False,عمارة
6840573,https://sa.aqar.fm/عمائر-للبيع/مكة-المكرمة/حي-النزهة/شارع-مسجد-بن-حسن-حي-النزهة-مكة-منطقة-مكة-المكرمة-6840573,عمارة للبيع في شارع مسجد بن حسن ، حي النزهة ، مكة ، منطقة مكة المكرمة,4000000,625,,,,35,حي النزهة,مكة المكرمة,حي النزهة,"فرصة إستثمار....

عمارة قديمة شاغره و جاهزه للترميم أو الهدد.

أرض ٦٢٥، شارع أحمد شكري، حي النزهة، مكة المكرمة.

الموقع مناسب جداََ للإستثمار.

كهرباء واصلة،
مياه واصلة،
صرف صحي واصلة،
صك إلكتروني،

المطلوب ٤ مليون ريال سعودي.
البيع سمح و مسهل.",21.434114,39.795521,,,سمير بن طلال بن محمد حلمي,,,2026-08-25,,2026-08-25,10,2026-09-20,False,طلب تسويق,False,عمارة
6838675,https://sa.aqar.fm/عمائر-للبيع/مكة-المكرمة/حي-الشوقية/شارع-جبل-لظه-حي-ولي-العهد-مكة-منطقة-مكة-المكرمة-6838675,عمارة للبيع في شارع جبل لظه ، حي ولي العهد ، مكة ، منطقة مكة المكرمة,1900000,575,,,,28,حي الشوقية,مكة المكرمة,حي الشوقية,"السلام عليكم ورحمة الله وبركاته

مساحة الأرض 575 مربع
 ٢٥ متر عرض الواجهة
٢٣ متر امتداد
الموقع 
ثاني بلوك في ممشى الشوقية القديم
امام استراحة القاري سابقاً
قريب جداً من مسجد القطري
جميع الخدمات واصلة للحي ( مياه - كهرباء - صرف صحي - انترنت ألياف )

دور ارضي فيلا 
الدور الاول شقتين
التواصل
((الرقم يظهر عند الضغط على اتصال))",21.364614,39.790184,https://images.aqar.fm/webp/750x0/props/001699001_1787568827031.jpg | https://images.aqar.fm/webp/750x0/props/001699002_1787568827034.jpg,2,ماجد فيصل راجح الخزاعي ,,,2026-08-24,,2026-08-24,23,2026-09-20,False,طلب تسويق,False,عمارة
6660783,https://sa.aqar.fm/عمائر-للبيع/مكة-المكرمة/حي-التيسير/شارع-الطريق-الدائري-الثاني-الفرعي-حي-التيسير-مدينة-مكة-المكرمة-منطقة-مكة-المكرمة-6660783,"عمارة للبيع في شارع الطريق الدائري الثاني الفرعي, حي التيسير, مدينة مكة المكرمة, منطقة مكة المكرمة",4000000,158,,,,11,حي التيسير,مكة المكرمة,حي التيسير,"🕋 فرصة استثمارية ذهبية بجوار الحرم المكي الشريف
للبيع عمارة سكنية تجارية في حي التيسير - مكة المكرمة
تتميز بموقعها الاستراتيجي وقربها الاستثنائي من المنطقة المركزية، مما يجعلها خياراً مثالياً للاستثمار الآمن أو السكن.
📍 الموقع والمساحة:
• الحي: حي التيسير (قلب مكة المكرمة).
• المساحة: 158.38 متر مربع.
• الارتباط: قريبة جداً من طريق الملك عبدالعزيز وبجوار الطريق الدائري الثاني الفرعي، مما يضمن سهولة الوصول من وإلى الحرم.
🏗️ تفاصيل العقار:
• عدد الأدوار: 3 طوابق.
• التقسيم: شقق سكنية مقسمة بعناية + 2 محل تجاري في الموقع.
• الحالة القانونية: صك إلكتروني حر (جاهز للإفراغ).
💰 لغة الأرقام (الاستثمار):
• الدخل السنوي الحالي: 70,000 ريال.
• فرصة النمو: إمكانية كبيرة لزيادة الدخل السنوي نظراً لموقع العقار الحيوي وطلب المنطقة.
💵 السعر المطلوب: البيع لأعلى سعر 
📞 للتواصل والاستفسار:  ",21.427935,39.809745,https://images.aqar.fm/webp/750x0/props/001393262_1776596936679.jpg | https://images.aqar.fm/webp/750x0/props/001393261_1776830261799.jpg | https://images.aqar.fm/webp/750x0/props/001393265_1776830261801.jpg | https://images.aqar.fm/webp/750x0/props/001393265_1776830261801.jpg | https://images.aqar.fm/webp/750x0/props/001393261_1776830261798.jpg | https://images.aqar.fm/webp/750x0/props/001393266_1776830261802.jpg | https://images.aqar.fm/webp/750x0/props/001393266_1776830272047.jpg | https://images.aqar.fm/webp/750x0/props/001393268_1776877200971.jpg,8,فلاح راضي,مؤسسة سهم الفلاح,1,2026-04-19,2026-04-19,2026-05-19,289,2026-09-20,True,"4,000,000",False,عمارة
6754947,https://sa.aqar.fm/عمائر-للبيع/مكة-المكرمة/حي-بطحاء-قريش/شارع-رشيد-الكيلاني-حي-بطحاء-قريش-مدينة-مكة-المكرمة-منطقة-مكة-المكرمة-6754947,"عمارة للبيع في شارع رشيد الكيلاني, حي بطحاء قريش, مدينة مكة المكرمة, منطقة مكة المكرمة",2850000,503,,,,11,حي بطحاء قريش,مكة المكرمة,حي بطحاء قريش,"عمارة للبيع في موقع متميز جدا في بطحاء قريش - مكة المكرمة
العمارة تتكون من:

الدور الأرضي: شقتين - كل شقة تتكون من:
عدد 3 غرفة + عدد 3 دورات مياه + صالة + مطبخ

الدور الأول: شقتين – كل شقة تتكون من:
عدد 4 غرفة + عدد 3 دورات مياه + صالة + مطبخ

الدور الثاني: شقتين - كل شقة تتكون من:
عدد 2 غرفة + عدد 3 دورات مياه + صالة + مطبخ + سطح

بناء شخصي - 7 عدادات كهرباء – مصعد 4 فتحات 
اشتراك ماء وصرف - خزان أرضي كبير جدا
السعر = 2,850,000 (اثنان مليون وثمان مائة وخمسون ألف ريال)
المساحة = 503 متر مربع
تواصل معنا عبر الاتصال على الخط الساخن 8002450000 مجانا واسأل عن عرض رقم 361
مواعيد الاتصال: من السبت الى الخميس من الساعة 10 صباحاً الى الساعة 10 مساءً
او قم بزيارة موقعنا الالكتروني واستكشف مزيدا من الفرص المميزة www.alabannq.com
شركة العبنق العقارية
 وجهتك الاولى نحو تجربة عقارية متميزة وفريدة من نوعها
رقم الرخصة: 1200007304",21.354393,39.835314,https://images.aqar.fm/webp/750x0/props/006407734_1782895183504.jpg | https://images.aqar.fm/webp/750x0/props/006407733_1782895183463.jpg | https://images.aqar.fm/webp/750x0/props/006407736_1782895183466.jpg | https://images.aqar.fm/webp/750x0/props/006407738_1782895183510.jpg,4,فهاد بن سعد بن منصور السبيعي,شركة العبنق العقارية,1,2026-07-01,2026-08-28,2026-09-19,498,2026-09-20,True,"2,850,000",False,عمارة
6708444,https://sa.aqar.fm/عمائر-للبيع/مكة-المكرمة/حي-الهجرة/شارع-شارع-سلمة-بن-سلامة-بني-زغبة-حي-الهجرة-مدينة-مكة-المكرمة-منطقة-مكة-المكرمة-6708444,"عمارة للبيع في شارع شارع سلمة بن سلامة بني زغبة, حي الهجرة, مدينة مكة المكرمة, منطقة مكة المكرمة",45000000,2300,,,,10,حي الهجرة,مكة المكرمة,حي الهجرة,"عمارتين متظاهرة للبيع فرصة عقارية استثمارية مميزة بمكة المكرمة  🏡 

✨ مميزات و مواصفات العقار:
• بالقرب من الحرم المكي و المنطقه المركزية
•على شارعين متظاهرين خلف المحكمة الإدارية.
• 64 شقة    
• عدد الاسرة : 1000 سرير تقريبا 
• 47 موقف سيارة 
• ⁠المساحة 2300 متر 
• ثلاث سلالم طوارئ 
• ⁠6 مصاعد 
• ⁠نظام النت و الكاميرات والصوتيات متوفر في كل غرفة وممر .
• ⁠كل غرفة 4 اسره مع الدواليب 
• ⁠64 مطبخ بالمواقد و غسالات ملابس و غلايات 
• ⁠انابيب الغاز من النوع الجديد الفيبر 
• ⁠الممرات رخام مع الجدران 
• ⁠مناسبه لتكون فندق أو نزل أو شقق مخدومة 
• ⁠الخزان يستوعب 390 صهريج ماء ولا يحتاج إعادة تعبئة الا بعد اكثر من 3 اشهر

يوجد فيلا في الدور العلوي بمساحة ٣٠٠ متر فيها مجلسين وصالة وأربع غرف نوم وأربع دورات مياه ومصعد خاص ومطبخ أمريكي 
الفرش للفيلا فندقي ومؤثث للأستعمال الشخصي 

يصل دخلها الى ٥ مليون ريال بعد توفيق الله ثم إدارة لديها الخبره  

📍 الموقع مميز وقريب من :
• طريق الدائري الثالث 
• طريق ابراهيم الخليل
• شارع أجياد   

📞 للتواصل والحجز:
واتساب: [📲] ((الرقم يظهر عند الضغط على اتصال))
واتساب: [📲] ((الرقم يظهر عند الضغط على اتصال))
 اتصال: [📞]   ((الرقم يظهر عند الضغط على اتصال))",21.379724,39.835983,https://images.aqar.fm/webp/750x0/props/035028626_1779541761169.jpg | https://images.aqar.fm/webp/750x0/props/035028621_1780745780719.jpg | https://images.aqar.fm/webp/750x0/props/035028627_1780745780712.jpg | https://images.aqar.fm/webp/750x0/props/035028624_1780745780737.jpg | https://images.aqar.fm/webp/750x0/props/035028626_1780745780717.jpg | https://images.aqar.fm/webp/750x0/props/035028620_1780745780730.jpg | https://images.aqar.fm/webp/750x0/props/035028622_1780745780720.jpg | https://images.aqar.fm/webp/750x0/props/035028625_1780745780717.jpg | https://images.aqar.fm/webp/750x0/props/035028627_1780745780804.jpg | https://images.aqar.fm/webp/750x0/props/035028621_1780745802308.jpg | https://images.aqar.fm/webp/750x0/props/035028621_1780745802309.jpg | https://images.aqar.fm/webp/750x0/props/035028623_1780745802302.jpg | https://images.aqar.fm/webp/750x0/props/035028626_1780745802309.jpg | https://images.aqar.fm/webp/750x0/props/035028620_1780745802298.jpg | https://images.aqar.fm/webp/750x0/props/035028625_1780745802308.jpg | https://images.aqar.fm/webp/750x0/props/035028621_1780745802303.jpg | https://images.aqar.fm/webp/750x0/props/035028622_1780745802295.jpg,17,حمد المهيدب,مكتب حمد سعود المهيدب للتطوير والاستثمار العقاري,1,2026-05-23,2026-09-16,2026-09-20,886,2026-09-20,True,"45,000,000",False,عمارة
6877251,https://sa.aqar.fm/عمائر-للبيع/مكة-المكرمة/حي-الزهراء/شارع-46-الزهراء-الوسطى-حي-الزهراء-مدينة-مكة-المكرمة-منطقة-مكة-المكرمة-6877251,"عمارة للبيع في شارع 46 الزهراء الوسطى, حي الزهراء, مدينة مكة المكرمة, منطقة مكة المكرمة",1133952,93,,,,11,حي الزهراء,مكة المكرمة,حي الزهراء,"*للبيع عماره بحي الهنداوية بمكة المكرمة*
المساحة : 275.17م
الواجهة : شمالية شرقية 5.97م
 التفاصيل : ارضي +دورين متكرر + ملحق 
بعدد  اجمالي ١٤ غرفة

الموقع : https://maps.app.goo.gl/QTyGGQWs2B9roivK7?g_st=iw

البيع : 2,700,000﷼

نسعد بتواصلكم على الأرقام التالية
((الرقم يظهر عند الضغط على اتصال))
((الرقم يظهر عند الضغط على اتصال))
((الرقم يظهر عند الضغط على اتصال))",21.424021,39.80652,https://images.aqar.fm/webp/750x0/props/003627835_1789552412716.jpg | https://images.aqar.fm/webp/750x0/props/003627832_1789552424675.jpg | https://images.aqar.fm/webp/750x0/props/003627839_1789552424751.jpg | https://images.aqar.fm/webp/750x0/props/003627833_1789552424769.jpg | https://images.aqar.fm/webp/750x0/props/003627837_1789552424663.jpg | https://images.aqar.fm/webp/750x0/props/003627832_1789552424677.jpg | https://images.aqar.fm/webp/750x0/props/003627837_1789552424780.jpg | https://images.aqar.fm/webp/750x0/props/003627839_1789552424677.jpg,8,نايف عبدالرحمن حمد الغفيص,شركة الخزامى القابضة,1,2026-09-16,2026-09-16,2026-09-16,31,2026-09-20,True,"1,133,952",False,عمارة
6677847,https://sa.aqar.fm/عمائر-للبيع/مكة-المكرمة/حي-الرصيفة/شارع-البراء-بن-معرور-حي-الرصيفة-مدينة-مكة-المكرمة-منطقة-مكة-المكرمة-6677847,"عمارة للبيع في شارع البراء بن معرور, حي الرصيفة, مدينة مكة المكرمة, منطقة مكة المكرمة",6500000,669,,,,11,حي الرصيفة,مكة المكرمة,حي الرصيفة,"موقعها الرصيفة 
المساحة الإجمالية ٦٦٩م
عمارة ركن  من ٣ادوار 
كل دور شقتين
كل شقة ٤ غرف
صالتين 
دورات مياه عدد٢
كذلك يوجد ملحق غرفتين
وصالة ودورة مياه 
 البدروم يحتوي على شقتين
كل شقة غرفتين 
ومطبخ ودورة مياه لكل منها
وغرفتين مستقلة
وموقف يتسع لي ٣ سيارات ممكن تكون هدد وتمليك نموذجي",21.403214,39.785039,https://images.aqar.fm/webp/750x0/props/024289518_1777710045346.jpg | https://images.aqar.fm/webp/750x0/props/024289512_1777710045359.jpg | https://images.aqar.fm/webp/750x0/props/024289514_1777710045346.jpg,3,اماني بنت محمد,مؤسسة الصفوه تاون العقاريه,1,2026-05-02,2026-08-26,2026-09-19,269,2026-09-20,True,"6,500,000",False,عمارة
6840356,https://sa.aqar.fm/عمائر-للبيع/مكة-المكرمة/حي-الراشدية/شارع-جميل-بن-جمح-الجمحي-رضي-الله-عنه-حي-الراشدية-مدينة-مكة-المكرمة-منطقة-مكة-المكرمة-6840356,"عمارة للبيع في شارع جميل بن جمح الجمحي رضي الله عنه, حي الراشدية, مدينة مكة المكرمة, منطقة مكة المكرمة",2000000,600,,,,0,حي الراشدية,مكة المكرمة,حي الراشدية,"عماره عظم 

مكونة من:
ثلاث ادوار وملحق 

-الدور الارضي:
 شقتين كل شقه 5 غرف وصاله و3 دورات مياه ومطبخ بمستودع
-الدور الاول:
 شقتين كل شقه 5 غرف وصاله و3 دورات مياه ومطبخ بمستودع
-الدور الثاني:
 دور كامل مع الملحق بدرج داخلي نظام فيلا.

يوجد تاسيس للمصعد
خزان الماء مساحته (4.40*15.80) 66.29م",21.486289,39.99732,https://images.aqar.fm/webp/750x0/props/037592327_1787644762631.jpg | https://images.aqar.fm/webp/750x0/props/037592324_1787644782220.jpg | https://images.aqar.fm/webp/750x0/props/037592324_1787644776540.jpg | https://images.aqar.fm/webp/750x0/props/037592327_1787644789501.jpg,4,حمد فهد بن حمد النافع,شركة حمد فهد النافع العقارية شخص واحد قابضة,1,2026-08-25,2026-08-25,2026-09-20,146,2026-09-20,True,"2,000,000",False,عمارة
6749002,https://sa.aqar.fm/عمائر-للبيع/مكة-المكرمة/حي-الجامعة/شارع-الفكر-حي-الجامعة-مدينة-مكة-المكرمة-منطقة-مكة-المكرمة-6749002,"عمارة للبيع في شارع الفكر, حي الجامعة, مدينة مكة المكرمة, منطقة مكة المكرمة",4000000,625,,,,11,حي الجامعة,مكة المكرمة,حي الجامعة,فيها ٩ شقق لكل شقه مدخلين مجلس ومقلط و صالة وغرفتين نوم ومطبخ دورتين مياه,21.402449,39.871103,https://images.aqar.fm/webp/750x0/props/042980264_1782495033384.jpg,1,محمد زامل راشد الهزاني,شركة سجه العقارية,1,2026-06-26,2026-08-24,2026-09-09,178,2026-09-20,True,"4,000,000",False,عمارة
6657604,https://sa.aqar.fm/عمائر-للبيع/مكة-المكرمة/حي-العزيزية/شارع-العود-حي-العزيزية-مدينة-مكة-المكرمة-منطقة-مكة-المكرمة-6657604,"عمارة للبيع في شارع العود, حي العزيزية, مدينة مكة المكرمة, منطقة مكة المكرمة",7000000,750,,,,11,حي العزيزية,مكة المكرمة,حي العزيزية,"مميزات العقار 
مساحة كبيرة ومميزة: إجمالي مساحة 4,472.77 م² يعطي مرونة عالية في
الاستخدام والتطوير والتقسيم.
3 ّ عمائر متجاورة: هذا يسهل الإدارة والتشغيل والصيانة مقارنة بعقارات متفرقة.
وجود ملاحق أرضية: ميزة إضافية للاستغلال (سكن، خدمات، مخازن، أو وحدات
إضافية مؤجرة).
تنوع في الوحدات: مناسب لتأجير شقق بأحجام مختلفة (عائلات، أفراد، موظفين).
تجميع عقاري قوي: وجود أكثر من مبنى في موقع واحد يزيد من القوة التشغيلية
والقيمة السوقية.",21.413152,39.859936,https://images.aqar.fm/webp/750x0/props/002692631_1776343352894.jpg,1,أحمد الزهراني,شركة درر الجزيرة العقارية ,1,2026-04-16,2026-08-10,2026-09-01,200,2026-09-20,True,"7,000,000",False,عمارة
6666417,https://sa.aqar.fm/عمائر-للبيع/مكة-المكرمة/حي-النزهة/شارع-شارع-اليقين-حي-النزهة-مدينة-مكة-المكرمة-منطقة-مكة-المكرمة-6666417,"عمارة للبيع في شارع شارع اليقين, حي النزهة, مدينة مكة المكرمة, منطقة مكة المكرمة",7000000,576,,,,11,حي النزهة,مكة المكرمة,حي النزهة,"عمارة تجارية للبيع – مكة المكرمة – حي النزهة 
فرصة استثمارية مميزة، 
عمارة قائمة على أرض مساحتها 576.9 م²، رقم القطعة 1 من المخطط رقم 1/19/29، 
بموقع مميز على شارعين.

العقار مكون من الدور الأرضي محلات تجارية 
+ 4 أدوار، ويوجد حوش جانبي بمساحة تقارب 5 أمتار.
مناسب للاستثمار التجاري والسكني، 
في موقع حيوي ومميز",21.437601,39.790285,https://images.aqar.fm/webp/750x0/props/038637101_1776887422144.jpg | https://images.aqar.fm/webp/750x0/props/038637101_1776887422173.jpg | https://images.aqar.fm/webp/750x0/props/038637105_1776887422142.jpg,3,وليد بن حسن,مؤسسة الوجهات السبعة العقارية,1,2026-04-22,2026-04-22,2026-05-20,168,2026-09-20,True,"7,000,000",False,عمارة
6725146,https://sa.aqar.fm/عمائر-للبيع/مكة-المكرمة/حي-الشوقية/شارع-المتان-حي-ولي-العهد-مكة-منطقة-مكة-المكرمة-6725146,"عمارة للبيع في شارع المتان, حي المحمدية, مدينة مكة المكرمة, منطقة مكة المكرمة",3000000,522,,,,11,حي الشوقية,مكة المكرمة,حي الشوقية,عمارة في موقع مميز بمدينة مكة المكرمة حي الشوقية الموقع مميز للتطوير العقاري ، على شارعين مكونة من دورين وملحق الملحق مكون غرفتين وصالة كبيرة ومطبخ ودورتين مياه ، والشقق مكونة من 5 شقق وثلاث دورات مياه ومطبخ وصالة وغرفة غسيل  ، عمر العقار قديم,21.375080142477735,39.78914977837756,https://images.aqar.fm/webp/750x0/props/033822321_1782032027458.jpg | https://images.aqar.fm/webp/750x0/props/033822325_1782032044644.jpg | https://images.aqar.fm/webp/750x0/props/033822323_1782032137863.jpg | https://images.aqar.fm/webp/750x0/props/033822324_1782032161870.jpg | https://images.aqar.fm/webp/750x0/props/033822325_1782032180211.jpg | https://images.aqar.fm/webp/750x0/props/033822324_1782032210625.jpg,6,وائل بن عبدالله بن محمد نافع,,,2026-06-09,2026-06-09,2026-09-05,530,2026-09-20,True,"3,000,000",False,عمارة
6490084,https://sa.aqar.fm/عمائر-للبيع/مكة-المكرمة/حي-الخضراء/شارع-عصيمه-الاشجعي-حي-الخضراء-مدينة-مكة-المكرمة-منطقة-مكة-المكرمة-6490084,"عمارة للبيع في شارع عصيمه الاشجعي, حي الخضراء, مدينة مكة المكرمة, منطقة مكة المكرمة",3150000,750,,,,11,حي الخضراء,مكة المكرمة,حي الخضراء,"عمارة للبيع 

مكة المكرمة

المعيصم

المساحة 750 متر 

التفاصيل :

عدد الشقق (8)

الدور ارضي ٣ شقق  :
- شقتين  عددالغرف  4 + صاله + 2 دورات مياه 
- شقه 5 غرف + صاله +  3 دورات مياه 
ـــــــــــــ 
 
الدور الأول ٣ شقق  : 
- شقتين  عددالغرف 4 + صاله + 2 دورات مياه 
- شقه 5 غرف + صاله +  3 دورات مياه 
ـــــــــــــ 
 
الدور الثاني :
- شقه عددالغرف 4 + صاله + 2 دورات مياه وسطح 

- شقه 5 غرف + صاله +  3 دورات مياه وسطح 
ـــــــــــــ

غرفة حارس

الدخل السنوي (166,800 الف)

قابل للزياده جميع الايجارات بالسعر المخفض القديم

المطلوب 4,200,000

      قابل للتفاوض ‏",21.459547,39.91243,https://images.aqar.fm/webp/750x0/props/046877662_1764684472241.jpg | https://images.aqar.fm/webp/750x0/props/046877668_1764684482278.jpg | https://images.aqar.fm/webp/750x0/props/046877661_1764684482286.jpg | https://images.aqar.fm/webp/750x0/props/046877668_1764684497881.jpg | https://images.aqar.fm/webp/750x0/props/046877663_1764684497865.jpg | https://images.aqar.fm/webp/750x0/props/046877662_1764684497870.jpg | https://images.aqar.fm/webp/750x0/props/046877669_1764684497865.jpg | https://images.aqar.fm/webp/750x0/props/046877667_1764684497917.jpg | https://images.aqar.fm/webp/750x0/props/046877668_1764684497871.jpg | https://images.aqar.fm/webp/750x0/props/046877661_1764684497890.jpg,10,تركي بن وزن بن تركي الشهري,,,2025-12-02,2025-12-02,2026-09-01,1220,2026-09-20,True,"3,150,000",False,عمارة
6635479,https://sa.aqar.fm/عمائر-للبيع/مكة-المكرمة/حي-الشوقية/شارع-شارع-معوذ-بن-عمرو-بن-الجموح-حي-الشوقية-مدينة-مكة-المكرمة-منطقة-مكة-المكرمة-6635479,"عمارة للبيع في شارع شارع معوذ بن عمرو بن الجموح, حي الشوقية, مدينة مكة المكرمة, منطقة مكة المكرمة",5500000,725,,,,11,حي الشوقية,مكة المكرمة,حي الشوقية,"للبيع عمارة بالخالدية 2 
مساحة 725 
شارعين 15 والجهة الاخرى 6 م وحديقة لم تنشاء 
10 عدادات
10 شقق 
العمر 25 
(مؤجره باقي المعلومات الدقيقه)🛑 واتسب 0540483663🛑
السعي والضريبة على المشتري 
السعر 5 مليون و500 الف شامل الصندوق 400 الف",21.392413,39.791104,https://images.aqar.fm/webp/750x0/props/014701549_1774878997468.jpg | https://images.aqar.fm/webp/750x0/props/014701545_1774878997453.jpg,2,فارس عبدالرحمن,,,2026-03-30,2026-08-22,2026-09-20,563,2026-09-20,True,"5,500,000",False,عمارة
6536141,https://sa.aqar.fm/عمائر-للبيع/مكة-المكرمة/حي-العدل/شارع-1-جبل-النور-1-حي-جبل-النور-مكة-منطقة-مكة-المكرمة-6536141,"عمارة للبيع في شارع شارع جبل النور, حي جبل النور, مدينة مكة المكرمة, منطقة مكة المكرمة",1200000,600,,,,0,حي العدل,مكة المكرمة,حي العدل,"# الصلاة  والسلام على رسول الله صل الله عليه وسلم #
داخل حد الحرم المكي عمارة عظم ٣ ادوار وملحق في مخطط حي جبل النور نافذة على شارع حسين سرحان التجاري كلية الخدمات متوفرة من مدارس ومحلات تجارية واماكن تراثية وترفيهيه قريبة جدا من متحف حراء الثقافي. 
موجود صكها الكتروني جميع اوراقها وخرائط وتصريح البناء
ممكن التفاوض في السعر للكاش
التواصل أبو فيصل",21.4535859983604,39.86448401989523,https://images.aqar.fm/webp/750x0/props/000558191_1767707299265.jpg | https://images.aqar.fm/webp/750x0/props/000558198_1767707299160.jpg | https://images.aqar.fm/webp/750x0/props/000558198_1767707298902.jpg | https://images.aqar.fm/webp/750x0/props/000558194_1767707299181.jpg | https://images.aqar.fm/webp/750x0/props/000558191_1767707298719.jpg | https://images.aqar.fm/webp/750x0/props/000558195_1767707298832.jpg | https://images.aqar.fm/webp/750x0/props/000558192_1767707299064.jpg | https://images.aqar.fm/webp/750x0/props/000558195_1767707299369.jpg,8,يحى حمزه محمد الغاطس ,,,2026-01-06,2026-01-06,2026-09-19,1893,2026-09-20,True,"1,200,000",False,عمارة
6658150,https://sa.aqar.fm/عمائر-للبيع/مكة-المكرمة/حي-الراشدية/شارع-محمد-صالح-باشراحيل-حي-السلام-مدينة-مكة-المكرمة-منطقة-مكة-المكرمة-6658150,"عمارة للبيع في شارع محمد صالح باشراحيل, حي السلام, مدينة مكة المكرمة, منطقة مكة المكرمة",2800000,400,,,,11,حي الراشدية,مكة المكرمة,حي الراشدية,"فرصة استثمارية مميزة في مكة المكرمة عمارة سكنية تجارية بعائد ثابت

عمارة سكنية تجارية تقع في موقع حيوي على شارع 36 حي الشرائع شارع محمد باشراحيل (الخط الاصفر)، تتميز بموقع استراتيجي وحركة تجارية نشطة.

تفاصيل العقار:
       العمر : +20
المساحة: 400 م²
	الواجهة على شارع تجاري بعرض 36 متر

مكونات العمارة:
		4 محلات تجارية على الشارع
		شقة أرضية خلفية (غرفتين + خدماتها)
		دور أول:
		6 غرف
		صالة واسعة
		مطبخ
		3 دورات مياه
		مستودع
		ملحق علوي: غرفتين + خدماتها
		سطح

الدخل السنوي:
123,000 ريال قابل للزيادة (مؤجر بعقود قائمة)

مميزات إضافية:
		دخل مستقر وقابل للزيادة
		مناسبة للاستثمار طويل المدى
		موقع يخدم الكثافة السكانية والنشاط التجاري

قيمة العقار 2,800,000 ريال قابل للتفاوض",21.46523,39.960856,https://images.aqar.fm/webp/750x0/props/002692499_1776363209894.jpg | https://images.aqar.fm/webp/750x0/props/002692499_1776363209891.jpg | https://images.aqar.fm/webp/750x0/props/002692494_1776363209882.jpg,3,ثامر عبدالله حسن الاسمري,,,2026-04-16,2026-09-09,2026-09-09,840,2026-09-20,True,"2,800,000",False,عمارة
6849126,https://sa.aqar.fm/عمائر-للبيع/مكة-المكرمة/حي-العمرة-الجديدة/شارع-السليلة-حي-العمرة-الجديدة-مكة-منطقة-مكة-المكرمة-6849126,"عمارة للبيع في شارع 7069119, حي العمرة, مدينة مكة المكرمة, منطقة مكة المكرمة",1550000,460,,,,0,حي العمرة الجديدة,مكة المكرمة,حي العمرة الجديدة,"للبيع عمارة سكنيه مكونه من شقه فوق شقة  
مساحة الارض 460 م 
كل شقه مكونه من ٥ غرف مطبخ صاله ٤ حمام مساحات واسعه وكبيره 
واصل ماء وصرف  تشطيب فاخر 
الموقع 
النوارية مخطط الطيب والتفاصيل الاخرى التواصل واتس",21.57251,39.779739,https://images.aqar.fm/webp/750x0/props/003419232_1789843039293.jpg | https://images.aqar.fm/webp/750x0/props/003419239_1789843039297.jpg | https://images.aqar.fm/webp/750x0/props/003419231_1789843039305.jpg | https://images.aqar.fm/webp/750x0/props/003419237_1789843039284.jpg | https://images.aqar.fm/webp/750x0/props/003419231_1789843039279.jpg | https://images.aqar.fm/webp/750x0/props/003419237_1789843039306.jpg | https://images.aqar.fm/webp/750x0/props/003419234_1789843039304.jpg | https://images.aqar.fm/webp/750x0/props/003419236_1789843039292.jpg,8,فايز بن حميد بن رازن الصاعدي,,,2026-08-30,2026-08-30,2026-09-19,117,2026-09-20,True,"1,550,000",False,عمارة
6839750,https://sa.aqar.fm/عمائر-للبيع/مكة-المكرمة/حي-الرصيفة/شارع-البسالة-حي-الرصيفة-مدينة-مكة-المكرمة-منطقة-مكة-المكرمة-6839750,"عمارة للبيع في شارع البسالة, حي الرصيفة, مدينة مكة المكرمة, منطقة مكة المكرمة",4000000,735,,,,11,حي الرصيفة,مكة المكرمة,حي الرصيفة,عمارة في الرصيفة في اقرب احياء مكه للحرم علىى مساحة 735م وبسعر 3 مليون و500 شامل,21.410721,39.784191,https://images.aqar.fm/webp/750x0/props/028393586_1787599849225.jpg,1,محمد عبدالله مبارك القرشي,,,2026-08-24,2026-08-24,2026-08-24,47,2026-09-20,True,"4,000,000",False,عمارة
6786108,https://sa.aqar.fm/عمائر-للبيع/مكة-المكرمة/حي-الشرائع/حي-الشرائع-مكة-منطقة-مكة-المكرمة-6786108,"عمارة للبيع في شارع البليدة, حي المقام, مدينة مكة المكرمة, منطقة مكة المكرمة",2550000,675,,,,11,حي الشرائع,مكة المكرمة,حي الشرائع,"عماره مكونة من دورين (الدور الارضي مدخلين للنساء والرجال ) مدخل خاص لدور الثاني للشقق 
دور ارضيً كامل مكون من ٧ غرف ٣ خمامات وشقة مدخلين و ٣ غرف ومطبخ ٢ حمام 
الدور الثاني مكونه من اربع شقق 
كل شقة مكونه من ٣ غرف ومطبخ وصالة وحمامان ومدخلين
ملحق غرفتين وحمام وتم تقسيم السطح لقسمين
تم تاسيس مصعد
عدد ٢ خزان ماء 
عدد ٧  عداد كهرباء
عدد ١ عداد ماء
يوجد خزان غاز سعة ١٠٠٠ م٣
يوحد ٧ مواقف سيارات ومظلة لعدد سيارتين",21.49060843704415,39.94293599170039,https://images.aqar.fm/webp/750x0/props/054162804_1784742156169.jpg | https://images.aqar.fm/webp/750x0/props/054162807_1784742156091.jpg | https://images.aqar.fm/webp/750x0/props/054162805_1784742156101.jpg | https://images.aqar.fm/webp/750x0/props/054162806_1784742156225.jpg | https://images.aqar.fm/webp/750x0/props/054162807_1784742156171.jpg | https://images.aqar.fm/webp/750x0/props/054162805_1784742156189.jpg | https://images.aqar.fm/webp/750x0/props/054162807_1784742156201.jpg | https://images.aqar.fm/webp/750x0/props/054162809_1784742156197.jpg,8,الحميدي بن حمود بن طلق العتيبي,,,2026-07-22,2026-07-22,2026-09-10,343,2026-09-20,True,"2,550,000",False,عمارة
6684518,https://sa.aqar.fm/عمائر-للبيع/مكة-المكرمة/حي-النزهة/شارع-شارع-الإنسانية-حي-النزهة-مدينة-مكة-المكرمة-منطقة-مكة-المكرمة-6684518,"عمارة للبيع في شارع شارع الإنسانية, حي النزهة, مدينة مكة المكرمة, منطقة مكة المكرمة",7000000,550,,,,0,حي النزهة,مكة المكرمة,حي النزهة,"عمارة جديدة كليا
مكة حي النزهة
قريب من الستين
١٠ شقق
شقتين كل دور 
خزان منفصل وموقف خاص
المساحه حوالي 218 متر الشقه
5 غرف منها غرفه ماستر
3 حمامات
مطبخ مع غرفة شغاله صغيره بحمام
صاله
الارض ٥٥٠م

للبيع العمارة بالكامل ٧ مليون شامل الضريبة 
مباشر مع المالك",21.434014,39.786384,https://images.aqar.fm/webp/750x0/props/009424320_1778053044298.jpg | https://images.aqar.fm/webp/750x0/props/009424326_1778053044307.jpg | https://images.aqar.fm/webp/750x0/props/009424326_1778053044299.jpg | https://images.aqar.fm/webp/750x0/props/009424329_1778053044300.jpg | https://images.aqar.fm/webp/750x0/props/009424323_1778053044313.jpg | https://images.aqar.fm/webp/750x0/props/009424321_1778053044302.jpg | https://images.aqar.fm/webp/750x0/props/009424326_1778053044308.jpg | https://images.aqar.fm/webp/750x0/props/009424321_1778053044312.jpg,8,محمد بن احمد بن محمد باطرفي,,,2026-05-06,2026-08-30,2026-08-30,267,2026-09-20,True,"7,000,000",False,عمارة
6528787,https://sa.aqar.fm/عمائر-للبيع/مكة-المكرمة/حي-الملك-فهد/شارع-ابو-بكر-بن-فتحون-حي-الشامية-الجديد-مدينة-مكة-المكرمة-منطقة-مكة-المكرمة-6528787,"عمارة للبيع في شارع ابو بكر بن فتحون, حي الشامية الجديد, مدينة مكة المكرمة, منطقة مكة المكرمة",2550000,615,,,,9,حي الملك فهد,مكة المكرمة,حي الملك فهد,"عمارة سكنية على شارع 25م وفي موقع حيوي قريب من شارع الستين التجاري وجامع، مناسبة للاستثمار طويل المدى أو السكن مع عائد.

📐 مساحة الأرض: 615 م²
🏗 عمر العقار: 9 سنوات
🧭 واجهة شمالية

⸻

🏢 مكونات العمارة
	•	5 شقق سكنية متنوعة المساحات
	•	شقة دوبلكس (نظام فيلا) بدورين مع سطح
	•	محل (مكتب) خارجي
	•	بدروم غير مشطب (قابل للاستثمار مستقبلاً)
	•	مصعد مؤسس
	•	مدخل جانبي + حوش
	•	غرفة سائق بدورة مياه

⸻

💡 مميزات استثمارية

✅ مكه | ولي العهد 
✅ قابلية تأجير عالية
✅ تنوع وحدات (شقق + فيلا + محل)
✅ إمكانية رفع العائد بتشطيب البدروم
✅ قريب من الخدمات والمساجد والطرق الرئيسية

⸻

💰 السعر المطلوب: 2,550,000 ريال 

✅ قابل للتفاوض 
✅ غير شامل السعي",21.312439,39.681226,https://images.aqar.fm/webp/750x0/props/049841794_1767200934861.jpg | https://images.aqar.fm/webp/750x0/props/049841798_1767200934849.jpg,2,طراد بن دخيل الله بن رابع السفياني,,,2025-12-31,2025-12-31,2026-09-14,1062,2026-09-20,True,"2,550,000",False,عمارة
6550339,https://sa.aqar.fm/عمائر-للبيع/مكة-المكرمة/حي-الكعكية/شارع-جبل-غياهب-حي-ولي-العهد-مكة-منطقة-مكة-المكرمة-6550339,"عمارة للبيع في شارع جبل غياهب, حي المحمدية, مدينة مكة المكرمة, منطقة مكة المكرمة",5250000,726,,,,11,حي الكعكية,مكة المكرمة,حي الكعكية,"نسبة ‎%‎66.66 (ثلثين العماره المعروضه) للبيع
وتقسيمها:
دور ارضي شقتين
شقه دور 1
شقه دور 2
شقه دور 3
دور 4 كامل مع السطح
الشقه الواحده بها 5 غرف ومطبخ وصاله و 4 حمامات
مميزات العماره
قريبه من الاسواق
وقريبه من المدارس البنين والبنات
بجوار المسجد
ممشى قريب
المواقف متوفره
السعر قابل للتفاوض.",21.370886,39.798889,https://images.aqar.fm/webp/750x0/props/031330804_1768671440105.jpg,1,عبدالعزيز بن محمد بن حمدان الزهراني,,,2026-01-17,2026-01-18,2026-09-11,763,2026-09-20,True,"5,250,000",False,عمارة
6859984,https://sa.aqar.fm/عمائر-للبيع/مكة-المكرمة/حي-الشهداء/شارع-13-الشهداء-حي-الشهداء-مدينة-مكة-المكرمة-منطقة-مكة-المكرمة-6859984,"عمارة للبيع في شارع 13 الشهداء, حي الشهداء, مدينة مكة المكرمة, منطقة مكة المكرمة",15000000,1271,,,,11,حي الشهداء,مكة المكرمة,حي الشهداء,"للبيع  عمارة مؤجره ايجار قديم الشقق فقط بدون المحلات التجارية وبدون الحوش الخلفي ( كان الحوش مطلوب ورشة سيارات )حوالي اربعمائية الف ريال المفروض الايجار مع الدكاكين والورشة يكون الايجار مليون وثلاثمائة الف ريال 
كوني في الرياض وغير متفرغة لها اريد بيعها
العمارة مؤجرة عقد قديم وهذه السنة الأخيرة والمستأجر قال اذا تمت البيعة أخرج من العمارة ماابغى الا مصلحتكم جزاه الله خيرا
للبيع فرصة استثمارية عمارة مع حوش تجارية داخل حدود الحرم مكة المكرمة المساحة الكلية حوالي 1300 م  مع خرائط لانشاء فندق 
سعر المتر 10000 ريال

انا مؤجرة العمارة ايجار قديم الشقق فقط بدون المحلات التجارية وبدون الحوش الخلفي ( كان الحوش مطلوب ورشة سيارات )حوالي اربعمائية الف ريال المفروض الايجار مع الدكاكين والورشة يكون الايجار مليون وثلاثمائة الف ريال 
كوني في الرياض وغير متفرغة لها اريد بيعها



مطلوب للأرض مع العقار 15 مليون قابل للتفاوض 

الموقع في الطريق المؤدي الى مسجد التنعيم ( مسجد أم المؤمنين عائشة رضي الله عنها ) مسجد العمرة داخل حدود الحرم",21.455242,39.80859,https://images.aqar.fm/webp/750x0/props/004176919_1788704629508.jpg,1,عبدالكريم ابراهيم بن رسلان العنزي,شركة ابداع العالمية للتطوير والاستثمار العقاري ,1,2026-09-06,2026-09-06,2026-09-14,43,2026-09-20,True,"15,000,000",False,عمارة
6576207,https://sa.aqar.fm/عمائر-للبيع/مكة-المكرمة/حي-النسيم/شارع-الدامغة-حي-النسيم-مدينة-مكة-المكرمة-منطقة-مكة-المكرمة-6576207,"عمارة للبيع في شارع الدامغة, حي النسيم, مدينة مكة المكرمة, منطقة مكة المكرمة",12000000,600,,,,0,حي النسيم,مكة المكرمة,حي النسيم,"مبنى مجهز لإسكان الحجاج 
المبنى جديد ولم سكن 
التواصل واتساب",21.372441,39.875384,https://images.aqar.fm/webp/750x0/props/014195112_1770218366985.jpg | https://images.aqar.fm/webp/750x0/props/014195113_1770218367024.jpg | https://images.aqar.fm/webp/750x0/props/014195110_1770218367040.jpg | https://images.aqar.fm/webp/750x0/props/014195111_1770218367009.jpg | https://images.aqar.fm/webp/750x0/props/014195111_1770218367151.jpg | https://images.aqar.fm/webp/750x0/props/014195112_1770218367034.jpg | https://images.aqar.fm/webp/750x0/props/014195112_1770218366988.jpg | https://images.aqar.fm/webp/750x0/props/014195117_1770218367048.jpg,8,علي ناصر,مؤسسة دار سقيفة,1,2026-02-04,2026-09-01,2026-09-01,874,2026-09-20,True,"12,000,000",False,عمارة
6517194,https://sa.aqar.fm/عمائر-للبيع/مكة-المكرمة/حي-العوالي/شارع-شارع-النيم-حي-العوالي-مدينة-مكة-المكرمة-منطقة-مكة-المكرمة-6517194,"عمارة للبيع في شارع شارع النيم, حي العوالي, مدينة مكة المكرمة, منطقة مكة المكرمة",3500000,900,,,,11,حي العوالي,مكة المكرمة,حي العوالي,"للبيع عمارة في العوالي في موقع ممتاز
بجوار مسجد وحديقة وتحفيظ قران للنساء
المساحة : 900 متر 
على شارع 12 متر شرقا 
وممر 6 متر خلفي غربا 
عمر العقار : 35 سنه تقريبا 
رقم القطعة : 3039 
رقم المخطط : 1 / 21 / 26 
الاطوال 30 في عمق 30 
مواصفات العمارة 
دورين وملحق وبدروم 
7 شقق ( 3 شقق 4 غرف + 3 شقق 3 غرف و شقة غرفتين )
و بدروم
غرفة حارس
حوش كبير بمدخل سيارة 
العمارة في حالة تجديد حاليا وهي  بحالة جيدة
( المطلوب 3 مليون و 500 الف ريال صافي ) قابل للتفاوض",21.34676,39.914093,https://images.aqar.fm/webp/750x0/props/041877690_1766425215380.jpg,1,بندر حماد عائض الشدادي,,,2025-12-22,2025-12-22,2026-09-20,623,2026-09-20,True,"3,500,000",False,عمارة
6762096,https://sa.aqar.fm/عمائر-للبيع/مكة-المكرمة/حي-البحيرات/شارع-جارية-بن-عبد-الله-الأشجعي-حي-البحيرات-مدينة-مكة-المكرمة-منطقة-مكة-المكرمة-6762096,"عمارة للبيع في شارع جارية بن عبد الله الأشجعي, حي البحيرات, مدينة مكة المكرمة, منطقة مكة المكرمة",1350000,458,,,,11,حي البحيرات,مكة المكرمة,حي البحيرات,"🕋 فرصة للتملك داخل حد الحرم مكة المكرمة
📍 حي التنعيم
📐 مساحة الأرض: 458 م2
💰 السعر: 1,350,000 ريال
موقع استراتيجي يجمع بين القيمة السكنية والاستثمارية، ويعد من المواقع الواعدة في مكة المكرمة.
مميزات الموقع ; داخل حد الحرم.
• بالقرب من مسجد التنعيم (مسجد عائشة) ميقات أهل مكة والمعتمرين.
• يقع على طريق المدينة المنورة، أحد أهم المحاور الرئيسية المؤدية إلى مكة.
• سهولة الوصول إلى المسجد الحرام.
• مناسب لبناء فيلا سكنية أو مشروع استثماري.
• موقع يخدم السكان والمعتمرين على مدار العام.
📞 للتواصل: ((الرقم يظهر عند الضغط على اتصال))",21.472509,39.787113,https://images.aqar.fm/webp/750x0/props/044274874_1783343675118.jpg,1,محمد بن عبدالوهاب بن مبروك الرشيدي,,,2026-07-06,2026-07-06,2026-07-27,207,2026-09-20,True,"1,350,000",False,عمارة
6605336,https://sa.aqar.fm/عمائر-للبيع/مكة-المكرمة/حي-النزهة/شارع-الممرض-حي-النزهة-مدينة-مكة-المكرمة-منطقة-مكة-المكرمة-6605336,"عمارة للبيع في شارع الممرض, حي النزهة, مدينة مكة المكرمة, منطقة مكة المكرمة",12000000,743,,,,0,حي النزهة,مكة المكرمة,حي النزهة,"عمارة استثمارية للبيع – مكة – الستين الجديدة

فرصة استثمارية مميزة في موقع حيوي على شارع الستين الجديدة
عمارة مكتملة وجاهزة للتأجير – تشطيب نظيف وتنظيم ممتاز.

📍 الموقع: مكة المكرمة – الستين الجديدة
📐 المساحة: 743 م² تقريباً
🅿️ مواقف سيارات واسعة
💧 خزان أرضي كبير جدًا يشيل أكثر من 25 تريلا (ميزة قوية تخدم العمارة بالكامل بدون قلق مياه)

⸻

تفاصيل العمارة:

🔹 عدد الشقق: 20 شقة
	•	2 شقة في دور التسوية
	•	4 شقق في الدور المتكرر الأول
	•	4 شقق في الدور المتكرر الثاني
	•	4 شقق في الدور المتكرر الثالث
	•	4 شقق في الدور المتكرر الرابع
	•	2 شقة في الملحق

التقسيم ممتاز ومناسب للتأجير العائلي.

⸻

الدخل المتوقع:

💰 أقل تقدير لإيجار الشقة الواحدة: 25,000 ريال سنوياً
📊 إجمالي دخل سنوي تقريبي: 500,000 ريال

دخل ثابت وقابل للزيادة حسب إدارة التأجير.

⸻

مميزات إضافية:

✔️ واجهة حجر أنيقة
✔️ عدادات كهرباء مستقلة
✔️ مواقف منظمة
✔️ موقع مرغوب وسهل الوصول
✔️ مناسبة للاستثمار طويل المدى

⸻

العمارة مناسبة لمن يبحث عن استثمار بعائد قوي في موقع حيوي بمكة.

للتواصل الجاد فقط
 
 ",21.432726,39.78357,,,طاهر عبدالرحمن,شركة دؤوم العقارية,1,2026-02-25,2026-02-25,2026-03-11,17,2026-09-20,True,"12,000,000",False,عمارة
6759877,https://sa.aqar.fm/عمائر-للبيع/مكة-المكرمة/حي-النوارية/شارع-المزاوي-حي-النوارية-مكة-منطقة-مكة-المكرمة-6759877,عمارة للبيع في شارع المزاوي ، حي النوارية ، مكة ، منطقة مكة المكرمة,3200000,675,,,,11,حي النوارية,مكة المكرمة,حي النوارية,"عمارة سكنية 4 ادوار مؤجر دورين و الدورين الاخيرة مفتوحه من الداخل نظام امريكي جزء من الارض يوجد بها بيت شعر مجهزة كاملاً الخط الثاني من الشارع العام قريبه جميع الخدمات و المدارس و المساجد بجوار مستوصف المتحدون النواريه 
دخل الشقتين 46000
السعر 3200000 ريال و قابل للتفاوض
((الرقم يظهر عند الضغط على اتصال))",21.557564,39.773163,https://images.aqar.fm/webp/750x0/props/053776553_1783203293340.jpg | https://images.aqar.fm/webp/750x0/props/053776556_1783203293339.jpg | https://images.aqar.fm/webp/750x0/props/053776551_1783203293629.jpg | https://images.aqar.fm/webp/750x0/props/053776555_1783203293345.jpg | https://images.aqar.fm/webp/750x0/props/053776554_1783203293617.jpg | https://images.aqar.fm/webp/750x0/props/053776558_1783203293633.jpg | https://images.aqar.fm/webp/750x0/props/053776557_1783203293335.jpg | https://images.aqar.fm/webp/750x0/props/053776550_1783203293540.jpg | https://images.aqar.fm/webp/750x0/props/053776557_1783203310001.jpg | https://images.aqar.fm/webp/750x0/props/053776555_1783203309820.jpg | https://images.aqar.fm/webp/750x0/props/053776551_1783203310001.jpg | https://images.aqar.fm/webp/750x0/props/053776557_1783203309720.jpg | https://images.aqar.fm/webp/750x0/props/053776559_1783203309721.jpg | https://images.aqar.fm/webp/750x0/props/053776554_1783203309729.jpg | https://images.aqar.fm/webp/750x0/props/053776555_1783203309723.jpg | https://images.aqar.fm/webp/750x0/props/053776552_1783203309721.jpg | https://images.aqar.fm/webp/750x0/props/053776553_1783203320684.jpg,17,رهف بنت معتوق بن عبدالقادر سخاخنى,,,2026-07-04,,2026-07-05,57,2026-09-20,False,طلب تسويق,False,عمارة
6752899,https://sa.aqar.fm/عمائر-للبيع/مكة-المكرمة/حي-الخنساء/حي-ريع-ذاخر-مكة-منطقة-مكة-المكرمة-6752899,عمارة للبيع في حي ريع ذاخر ، مكة ، منطقة مكة المكرمة,2000000,858,,,,36,حي الخنساء,مكة المكرمة,حي الخنساء,"عمارة سكنية في وادي جليل
مكونه من أربعة شقق
مع قطعة أرض
سكن 
المساحة 1224 متر
الواجهة 
عمر العقار 
شارع 
شقة
3 أدوار",21.459713,39.839939,https://images.aqar.fm/webp/750x0/props/004309386_1782752766887.jpg,1,فايزه بنت احمد سعيد بو,,,2026-06-29,,2026-06-29,14,2026-09-20,False,طلب تسويق,False,عمارة
6831865,https://sa.aqar.fm/عمائر-للبيع/مكة-المكرمة/حي-الملك-فهد/شارع-السمو-حي-الملك-فهد-مكة-منطقة-مكة-المكرمة-6831865,عمارة للبيع في شارع السمو ، حي الملك فهد ، مكة ، منطقة مكة المكرمة,2000000,400,,,,30,حي الملك فهد,مكة المكرمة,حي الملك فهد,"فيلا في اسكان الرصيفه
 حي الملك فهد
✅المساحه 400
✅الفيلا دورين ملحق 
✅الدور الاول 
5 غرف+ 3 حمامات +صاله +مطبخ +مطبخ اظافي 
........
✅الدور التاني 
زياده غرفه
6غرف بمنافعها    
والباقي نظامه زي الدور الاول
 مطبخ اظافي 
✅الملحق 
فقط عظم 
تم البناء 
4غرف بمنافعها 
وتم التوقف لعدم السيوله 
مطلوب 
2مليون 
الان
فرصه لاتعوص 
💸💸💸💸 


المميزات 
✅توجد حديقه 
🚶‍♂️🚶‍♂️🚶‍♂️🚶‍♂️
✅مسجد
🚶‍♂️🚶‍♂️🚶‍♂️🚶‍♂️
✅سوبر ماركت
🚶‍♂️🚶‍♂️🚶‍♂️🚶‍♂️
✅مدارس حكومي 
🚶‍♂️🚶‍♂️🚶‍♂️🚶‍♂️
✅بنده
🚶‍♂️🚶‍♂️🚶‍♂️🚶‍♂️
((الرقم يظهر عند الضغط على اتصال))
الصور
🔻🔻🔻🔻
6939 الكروان، الملك فهد، مكة 24341 4667
https://goo.gl/maps/AQ8YPahJEMwkTepX6",21.407949,39.776726,,,طارق بن ابراهيم بن محمد بيك ,,,2026-08-19,,2026-08-21,12,2026-09-20,False,طلب تسويق,False,عمارة
6717713,https://sa.aqar.fm/عمائر-للبيع/مكة-المكرمة/حي-العمرة-الجديدة/شارع-ابراهيم-محمد-اللحياني-حي-العمرة-مدينة-مكة-المكرمة-منطقة-مكة-المكرمة-6717713,"عمارة للبيع في شارع ابراهيم محمد اللحياني, حي العمرة, مدينة مكة المكرمة, منطقة مكة المكرمة",2700000,634,,,,11,حي العمرة الجديدة,مكة المكرمة,حي العمرة الجديدة,"🏢 للبيع عمارة سكنية استثمارية في مكة المكرمة

تعلن شركة قلعة العرب العقارية عن فرصة استثمارية مميزة لامتلاك عمارة سكنية في أحد أرقى أحياء مكة المكرمة.

📍 الموقع:
مكة المكرمة – حي العمرة الجديدة
شارع إبراهيم محمد اللحياني

🔹 مواصفات العقار:

مساحة الأرض: 634 م²
العمارة على شارعين (20م و15م)
مدخلان مستقلان
عدد الوحدات: 9 شقق + 3 ملاحق
4 شقق مكونة من 4 غرف
شقتان مكونتان من 3 غرف
3 ملاحق سكنية
عمر العقار: 12 سنة
العقار مؤجر بالكامل حالياً بعقود قائمة

💼 مميزات استثمارية:

دخل إيجاري قائم ومستقر
موقع متميز في حي راقٍ وحيوي
سهولة الوصول والخدمات المحيطة
واجهتان على شارعين تزيدان من القيمة الاستثمارية للعقار

💰 السعر المطلوب:
2,700,000 ريال سعودي
(مليونان وسبعمائة ألف ريال سعودي)",21.561435,39.775254,https://images.aqar.fm/webp/750x0/props/017855771_1780852442777.jpg | https://images.aqar.fm/webp/750x0/props/017855778_1780852442759.jpg | https://images.aqar.fm/webp/750x0/props/017855773_1780852442758.jpg | https://images.aqar.fm/webp/750x0/props/017855773_1780852442764.jpg | https://images.aqar.fm/webp/750x0/props/017855773_1780852442771.jpg,5,راكان علي ناصر القحطاني,شركة قلعة العرب العقارية شركة شخص واحد ذات مسؤولية محدودة,1,2026-06-03,2026-08-29,2026-09-19,584,2026-09-20,True,"2,700,000",False,عمارة
6724203,https://sa.aqar.fm/عمائر-للبيع/مكة-المكرمة/حي-الراشدية/شارع-اسماعيل-منكابو-الخالدي-حي-الشرائع-مدينة-مكة-المكرمة-منطقة-مكة-المكرمة-6724203,"عمارة للبيع في شارع اسماعيل منكابو الخالدي, حي الشرائع, مدينة مكة المكرمة, منطقة مكة المكرمة",1900000,460,,,,11,حي الراشدية,مكة المكرمة,حي الراشدية,"عمارة سكنيه للبيع تتكون من:
دور أرضي + دور أول + ملحق

الدور الأرضي يتكون من شقتين:
لكل شقه عدد 3 غرف + صالة + عدد 2 دورة مياه

 الدور الأول يتكون من شقتين:
لكل شقه عدد 4 غرف + صالة + عدد 2 دورة مياه

 الملحق يتكون من شقتين:
لكل شقه عدد غرفتين + صالة + دورة مياه
* فرصة استثمارية مميزة في عمارة مكونة من دورين وملحق
تضم 6 شقق سكنية بتصميم عملي يلبي احتياجات الأسر والمستثمرين.

* تعدد الوحدات السكنية للعمارة مما يمنحها مرونة عالية في التأجير 
ويعزز فرص تحقيق دخل شهري مستقر.

* تصميم مناسب للسكن العائلي أو الاستثمار العقاري
مع إمكانية الاستفادة من كل وحدة بشكل مستقل.

* خيار مثالي لمن يبحث عن عقار 
يجمع بين القيمة السكنية والعائد الاستثماري الواعد على المدى الطويل.

عمر العقار - أكثر من 9 سنوات	
المساحة - 460 متر مربع	
السعر - 1,900,000 مليون وتسعمائة ألف ريال سعودي


تواصل معنا عبر الاتصال على الخط الساخن 8002450000 مجانا واسأل عن عرض رقم (318)

مواعيد الاتصال:
من السبت الى الخميس من الساعة 10 صباحاً الى الساعة 10 مساءً
او قم بزيارة موقعنا الالكتروني واستكشف مزيدا من الفرص المميزة
www.alabannq.com
العبنق للعقارات وادارة الاملاك
وجهتك الاولى نحو تجربة عقارية متميزة وفريدة من نوعها
رقم الرخصة: 1200007304",21.473178,39.952731,https://images.aqar.fm/webp/750x0/props/006407739_1780927585284.jpg | https://images.aqar.fm/webp/750x0/props/006407734_1780927677262.jpg | https://images.aqar.fm/webp/750x0/props/006407731_1780927677246.jpg | https://images.aqar.fm/webp/750x0/props/006407732_1780927677264.jpg | https://images.aqar.fm/webp/750x0/props/006407732_1780927677267.jpg | https://images.aqar.fm/webp/750x0/props/006407734_1780927677265.jpg | https://images.aqar.fm/webp/750x0/props/006407739_1780927688934.jpg | https://images.aqar.fm/webp/750x0/props/006407733_1780927688953.jpg | https://images.aqar.fm/webp/750x0/props/006407735_1780927688932.jpg | https://images.aqar.fm/webp/750x0/props/006407734_1780927688935.jpg | https://images.aqar.fm/webp/750x0/props/006407734_1780927688932.jpg,11,فهاد بن سعد بن منصور السبيعي,شركة العبنق العقارية,1,2026-06-08,2026-09-03,2026-09-19,820,2026-09-20,True,"1,900,000",False,عمارة
6620419,https://sa.aqar.fm/عمائر-للبيع/مكة-المكرمة/حي-الخالدية/شارع-مانع-المريدي-حي-الخالدية-مدينة-مكة-المكرمة-منطقة-مكة-المكرمة-6620419,"عمارة للبيع في شارع مانع المريدي, حي الخالدية, مدينة مكة المكرمة, منطقة مكة المكرمة",3000000,583,,,,11,حي الخالدية,مكة المكرمة,حي الخالدية,"فرصة استثمارية مميزة لامتلاك عمارة في موقع استراتيجي في حي الخالدية بمكة المكرمة، أحد الأحياء الحيوية القريبة من الحرم والمشاعر المقدسة، ويتميز بكثرة الطلب على السكن والاستثمار العقاري.
📍 الموقع: مكة المكرمة – حي العزيزية
🏢 نوع العقار: عمارة سكنية
📐 المساحة: (583) متر مربع
🏠 عدد الغرف: (25)
🛣 عرض الشارع: (15)

مميزات العقار:

موقع مميز قريب من الخدمات والأسواق والمساجد

قريب من الطرق الرئيسية المؤدية للحرم والمشاعر

مناسب للاستثمار أو التأجير الموسمي والسنوي

حي حيوي يشهد طلباً مرتفعاً على الإيجارات والسكن


📞 للتواصل: (((رقم المعلن يظهر عند التواصل)))",21.407705,39.801451,https://images.aqar.fm/webp/750x0/props/051328650_1773093457174.jpg | https://images.aqar.fm/webp/750x0/props/051328651_1773093457175.jpg | https://images.aqar.fm/webp/750x0/props/051328654_1773093470966.jpg | https://images.aqar.fm/webp/750x0/props/051328655_1773093470972.jpg | https://images.aqar.fm/webp/750x0/props/051328651_1773093470968.jpg | https://images.aqar.fm/webp/750x0/props/051328655_1773093470969.jpg | https://images.aqar.fm/webp/750x0/props/051328651_1773093470972.jpg | https://images.aqar.fm/webp/750x0/props/051328656_1773093470980.jpg | https://images.aqar.fm/webp/750x0/props/051328650_1773093470998.jpg | https://images.aqar.fm/webp/750x0/props/051328657_1773093471001.jpg | https://images.aqar.fm/webp/750x0/props/051328650_1773093470994.jpg | https://images.aqar.fm/webp/750x0/props/051328656_1773093470997.jpg,12,ماجد محيل,شركة أفينور,1,2026-03-09,2026-03-09,2026-04-08,590,2026-09-20,True,"3,000,000",False,عمارة
6834356,https://sa.aqar.fm/عمائر-للبيع/مكة-المكرمة/حي-العمرة-الجديدة/شارع-محمد-الهاروني-حي-العمرة-مدينة-مكة-المكرمة-منطقة-مكة-المكرمة-6834356,"عمارة للبيع في شارع محمد الهاروني, حي العمرة, مدينة مكة المكرمة, منطقة مكة المكرمة",1800000,690,,,,8,حي العمرة الجديدة,مكة المكرمة,حي العمرة الجديدة,"عمارة استثمارية للبيع | مكة المكرمة – النوارية

فرصة استثمارية مميزة لامتلاك عمارة سكنية مؤجرة بالكامل لشركة أبانا بعائد إيجاري قائم، ومقامة على أرض بمساحة 690.85 م² حسب صك الملكية، وبموقع مميز على حرف T.

📍 الموقع
مكة المكرمة – النوارية
حسب الصك: حي العمرة الجديدة

📐 بيانات العقار حسب الصك
• رقم القطعة: 1340
• رقم المخطط: 1 / 32 / 1
• مساحة الأرض: 690.85 م²
• شرقًا: شارع بعرض 15م وبطول 20.5م
• جنوبًا: قطعة رقم 1342 بطول 33.7م

🏠 الدور الأرضي
شقتان، كل شقة تتكون من:
• 4 غرف
• صالة
• مطبخ
• 3 دورات مياه

🏠 الدور الأول
شقتان، كل شقة تتكون من:
• 5 غرف
• صالة
• مطبخ
• 3 دورات مياه

🏡 الملحق
• غرفتان
• مطبخ
• دورتا مياه

✨ مواصفات ومميزات العقار:
• عمر العقار: 14 سنة
• العمارة مؤسسة لتركيب مصعد
• موقع مميز على حرف T
• 4 شقق بالإضافة إلى الملحق
• مؤجرة بالكامل بعقد قائم
• مناسبة للاستثمار وتحقيق دخل إيجاري

💰 العائد الإيجاري:
• المستأجر: شركة أبانا
• الإيجار السنوي: 92,500 ريال
• السداد: دفعة واحدة

💵 السعر المطلوب: 1,800,000 ريال

📌 يوجد على العقار التزام للصندوق العقاري بمبلغ يقارب 160,000 ريال.

📞 للتواصل والاستفسار
☎️ الرقم الموحد: 920017364
🏠 قسم البيع والاستثمار: ((الرقم يظهر عند الضغط على اتصال))
🔑 قسم التأجير: ((الرقم يظهر عند الضغط على اتصال))
👤 خدمة العملاء: ((الرقم يظهر عند الضغط على اتصال))
👤 خدمة العملاء: ((الرقم يظهر عند الضغط على اتصال))
🛠️ قسم الصيانة والتكييف: ((الرقم يظهر عند الضغط على اتصال))

📧 aqar@smsamm.com
🌐 alsmsam.com
📢 تيليجرام: @alsmsamalaqari

الصمصام العقاري
وسيط عقاري مرخص | رخصة فال: 1200005524
📢 ترخيص الإعلان العقاري: 7201096407

عندما تجتمع الخبرة العقارية بالتسويق الذكي✅",21.555915,39.787025,https://images.aqar.fm/webp/750x0/props/002033285_1787328163554.jpg | https://images.aqar.fm/webp/750x0/props/002033289_1787328163555.jpg,2,ضيف الله بخيت زاعب المتعاني,مؤسسة الصمصام للخدمات العقارية,1,2026-08-21,2026-09-19,2026-09-19,199,2026-09-20,True,"1,800,000",False,عمارة
6442354,https://sa.aqar.fm/عمائر-للبيع/مكة-المكرمة/حي-الملك-فهد/شارع-ابو-بكر-بن-حيان-حي-الشامية-الجديد-مدينة-مكة-المكرمة-منطقة-مكة-المكرمة-6442354,"عمارة للبيع في شارع ابو بكر بن حيان, حي الشامية الجديد, مدينة مكة المكرمة, منطقة مكة المكرمة",1900000,622,,,,0,حي الملك فهد,مكة المكرمة,حي الملك فهد,"عمارة عظم للبيع ولي العهد 3

- المساحة 622.5 متر
مكونة من:
- الدور الأول: مواقف, دورين كل دور شقتين من خمسة غرف
- فيلا دور مكونة من سبعة غرف, سطح 

للتواصل والإستفسار: ((رقم المعلن يظهر عند التواصل))",21.313007,39.682093,https://images.aqar.fm/webp/750x0/props/037592324_1761570257772.jpg | https://images.aqar.fm/webp/750x0/props/037592323_1761570204920.jpg | https://images.aqar.fm/webp/750x0/props/037592322_1761570204918.jpg | https://images.aqar.fm/webp/750x0/props/037592326_1761570204926.jpg,4,حمد فهد بن حمد النافع,شركة حمد فهد النافع العقارية شخص واحد قابضة,1,2025-10-27,2026-03-27,2026-09-20,2596,2026-09-20,True,"1,900,000",False,عمارة
6424948,https://sa.aqar.fm/عمائر-للبيع/مكة-المكرمة/حي-الشوقية/شارع-وادي-جيزان-حي-المحمدية-مدينة-مكه-المكرمه-منطقة-مكة-المكرمة-6424948,"عمارة للبيع في شارع وادي جيزان, حي المحمدية, مدينة مكه المكرمه, منطقة مكة المكرمة",2300000,487,,,,11,حي الشوقية,مكة المكرمة,حي الشوقية,"عمارة دورين وملحق للبيع المحمدية

- المساحة 487.5 متر
مكونة من:
- الدور الأرضي: خمسة غرف واحده منهم مستقلة, صالة, أربع دورات مياه واحد مع الغرفة المستقلة
- الدور الأول:  سبعة غرف, صالة, أربع دورات مياه
- الدور الثاني: سطوح, ملحق, ثلاثة غرف, دورة مياه

للتواصل والإستفسار: ((رقم المعلن يظهر عند التواصل))",21.374547,39.786989,https://images.aqar.fm/webp/750x0/props/037592325_1760525270817.jpg | https://images.aqar.fm/webp/750x0/props/037592329_1760525270816.jpg | https://images.aqar.fm/webp/750x0/props/037592328_1760525270817.jpg,3,حمد فهد بن حمد النافع,شركة حمد فهد النافع العقارية شخص واحد قابضة,1,2025-10-15,2026-09-17,2026-09-20,1896,2026-09-20,True,"2,300,000",False,عمارة
6784551,https://sa.aqar.fm/عمائر-للبيع/مكة-المكرمة/حي-الخضراء/شارع-ربيعه-بن-عوف-رضي-الله-عنه-حي-الصفاء-مدينة-مكة-المكرمة-منطقة-مكة-المكرمة-6784551,"عمارة للبيع في شارع ربيعه بن عوف رضي الله عنه, حي الصفاء, مدينة مكة المكرمة, منطقة مكة المكرمة",2100000,500,,,,10,حي الخضراء,مكة المكرمة,حي الخضراء,"عمارة مكة حي الشراىع مخطط 11
المساحة 500 
شارع 20 
دورين وملحق وبدروم
7 شقق
مؤسس مصعد 
السعر 2100000",21.447152,39.958147,https://images.aqar.fm/webp/750x0/props/002449042_1784662897711.jpg | https://images.aqar.fm/webp/750x0/props/002449046_1784662897695.jpg,2,سلطان بن حماد بن حسين الحجي,مؤسسة الدانة الواعدة,1,2026-07-21,2026-09-18,2026-09-18,519,2026-09-20,True,"2,100,000",False,عمارة
6803217,https://sa.aqar.fm/عمائر-للبيع/مكة-المكرمة/حي-البحيرات/شارع-أم-المؤمنين-عائشة-بنت-أبي-بكر-رضي-الله-عنها-حي-البحيرات-مدينة-مكة-المكرمة-منطقة-مكة-المكرمة-6803217,"عمارة للبيع في شارع أم المؤمنين عائشة بنت أبي بكر رضي الله عنها, حي البحيرات, مدينة مكة المكرمة, منطقة مكة المكرمة",13000000,1230,,,,11,حي البحيرات,مكة المكرمة,حي البحيرات,"للبيع عمارة سكنية تجارية في حي البحيرات – مكة المكرمة

فرصة استثمارية مميزة لامتلاك عمارة في موقع بارز، مناسبة لإقامة مشروع تجاري، وتتميز بثلاث واجهات:

واجهة شرقية رئيسية على شارع تجاري بعرض 45 مترًا.
واجهة شمالية على شارع فرعي بعرض 5.95 متر.
واجهة جنوبية على شارع فرعي بعرض 9.80 متر.

تفاصيل العقار:

الاستخدام: سكني – تجاري.
المساحة: 1,230.65 م².
عدد الأدوار: دوران.
عدد الوحدات: 4 وحدات.
إجمالي الغرف: 16 غرفة.
عدد مواقف السيارات: 8 مواقف.
الخدمات المتوفرة: المياه والكهرباء والصرف الصحي.",21.475368,39.79134,https://images.aqar.fm/webp/750x0/props/017199083_1785824827633.jpg | https://images.aqar.fm/webp/750x0/props/017199080_1786298229397.jpg | https://images.aqar.fm/webp/750x0/props/017199084_1786298229287.jpg,3,محمد سراج,مؤسسة رونق الأعمال للتسويق,1,2026-08-03,2026-09-01,2026-09-20,233,2026-09-20,True,"13,000,000",False,عمارة
6624218,https://sa.aqar.fm/عمائر-للبيع/مكة-المكرمة/حي-النزهة/شارع-الحلاج-حي-النزهة-مدينة-مكة-المكرمة-منطقة-مكة-المكرمة-6624218,"عمارة للبيع في شارع الحلاج, حي النزهة, مدينة مكة المكرمة, منطقة مكة المكرمة",8000000,400,,,,0,حي النزهة,مكة المكرمة,حي النزهة,"نقدم لكم فرصة استثنائية لامتلاك مبنى سكني يقع في منطقة النزهة التي تحظى بطلب كبير في مكة. هذه الملكية مثالية للمستثمرين الذين يتطلعون لتعزيز محفظتهم في سوق سريع النمو. بسعر إجمالي قدره 8,000,000 ريال سعودي، يقدم هذا المبنى السكني لوحة فارغة لتطويرات سكنية مختلفة أو عمليات إيجار.
تتكون من ثمان وحدات :
عدد (٣) شقق دورين
عدد (٤) شقق دور واحد
عدد(١) الملاحق 
عدد الغرف في العمارة كاملة يتجاوز ٥٥ غرفة 

ميزات العقار:
- الموقع: النزهة، مكة
- الغرض: للبيع
- السعر: 8,000,000ريال سعودي
- العقار مؤجر سنوي بقيمة 720.000 والمالك لايمانع خصم الدفعة المستلمة من قيمة البيع، ولحاجة المالك لسيولة يعتبر هذا العقار فرصة، وكذلك المالك ما عنده مشكلة بالتفاوض 
- النوع: مبنى سكني
- المساحة الإجمالية: ٤٠٠ متر مربع
- مفروش: لا



تشمل المرافق:
- الكهرباء
- إمدادات المياه
- الصرف الصحي

يقع هذا المبنى في موقع ممتاز يتميز بالقرب من الخدمات الأساسية والمرافق. نظرًا لموقعه الاستراتيجي في مكة.",21.437809,39.784243,https://images.aqar.fm/webp/750x0/props/042633487_1773429087178.jpg,1,اسامه عبدالمحسن عبدالله المرشد,شركة أجود التمليك للتطوير العقاري,1,2026-03-13,2026-03-13,2026-08-31,1173,2026-09-20,True,"8,000,000",False,عمارة
6610079,https://sa.aqar.fm/عمائر-للبيع/مكة-المكرمة/حي-الشوقية/شارع-شارع-أروي-بنت-المقوم-الهاشمية-حي-الشوقية-مدينة-مكة-المكرمة-منطقة-مكة-المكرمة-6610079,"عمارة للبيع في شارع شارع أروي بنت المقوم الهاشمية, حي الشوقية, مدينة مكة المكرمة, منطقة مكة المكرمة",4500000,630,,,,11,حي الشوقية,مكة المكرمة,حي الشوقية,"🏢 عمارة سكنية استثمارية داخل حد الحرم – حي الشوقية بـ مكة المكرمة
📍 الموقع: حي الشوقية – مكة المكرمة
✔ داخل حد الحرم
✔ بجوار ممشى زين الهلالية
✔ قريبة من المسجد والمدارس
✔ قريبـة من الحرم المكي 
✔ قريبـة من محطة قطار الحرمين
✔ منطقة مخدومة بجميع الخدمات والاحتياجات اليوميه
✔ تقع على شارع 25 متر – واجهة شرقية
📐 مواصفات العمارة
المساحة: 630 م²
عدد الأدوار: 5 أدوار
عدد الشقق: شقتان في كل دور (إجمالي 10 شقق)
تفاصيل كل شقة:
5 غرف
مطبخ
مستودع
3 دورات مياه
عمر العقار: 22 سنة
💰 الدخل والعائد الاستثماري
الدخل السنوي: 270,000 ريال
عقد إيجار قائم لمدة 5 سنوات حتى عام ٢٠٣٠
عائد ثابت ومضمون
📞 للتواصل والإستفسار
ثوبان العقارية
وسيط عقاري معتمد – رخصة فال: 1100195494
جوال:  
ترخيص رقم 7100264610",21.382052,39.789687,https://images.aqar.fm/webp/750x0/props/004632645_1773353856958.jpg | https://images.aqar.fm/webp/750x0/props/004632648_1773353889471.jpg | https://images.aqar.fm/webp/750x0/props/004632648_1773353924724.jpg | https://images.aqar.fm/webp/750x0/props/004632645_1773353942357.jpg | https://images.aqar.fm/webp/750x0/props/004632647_1773353961324.jpg | https://images.aqar.fm/webp/750x0/props/004632644_1773353994626.jpg,6,عيسى احمد علي عسيري,,,2026-03-01,2026-03-01,2026-07-21,403,2026-09-20,True,"4,500,000",False,عمارة
6536375,https://sa.aqar.fm/عمائر-للبيع/مكة-المكرمة/حي-الخنساء/شارع-255-جبل-النور-1-حي-وادي-جليل-مدينة-مكة-المكرمة-منطقة-مكة-المكرمة-6536375,"عمارة للبيع في شارع 255 جبل النور 1, حي وادي جليل, مدينة مكة المكرمة, منطقة مكة المكرمة",1600000,296,,,,11,حي الخنساء,مكة المكرمة,حي الخنساء,"🏢 عمارة سكنية للبيع – بصك إلكتروني

📍 مكة المكرمة | ثالث قطعة من شارع الحج

✨ موقع استثنائي داخل حد الحرم

تبعد عن المسجد الحرام ≈ 4 كم
تبعد عن الدائري الثالث 50 م فقط
على شارعين بعرض 8 م و6 م
موقع حيوي ومطلوب للسكن والاستثمار

🧱 مواصفات العمارة
المساحة: 273.20 م²

عدد الأدوار: 3 أدوار
عدد الشقق: 6 شقق (كل دور شقتين)
ملحق
بدروم
3 دكاكين تجارية 

🏠 تفاصيل الشقق
🔹 شقتان
غرفتان + صالة
حمامين
مطبخ
🔹 4 شقق
3 غرف + صالة
حمامين
مطبخ
💎 مميزات إضافية
✔ داخل حد الحرم
✔ مناسبة للاستثمار أو السكن
✔ بصك إلكتروني جاهز للإفراغ",21.453456,39.847697,https://images.aqar.fm/webp/750x0/props/039985589_1767713281877.jpg | https://images.aqar.fm/webp/750x0/props/039985583_1767713281341.jpg | https://images.aqar.fm/webp/750x0/props/039985589_1767713281379.jpg | https://images.aqar.fm/webp/750x0/props/039985586_1767713281379.jpg | https://images.aqar.fm/webp/750x0/props/039985584_1767713281483.jpg | https://images.aqar.fm/webp/750x0/props/039985588_1767713281575.jpg | https://images.aqar.fm/webp/750x0/props/039985588_1767713281648.jpg | https://images.aqar.fm/webp/750x0/props/039985580_1767713281631.jpg | https://images.aqar.fm/webp/750x0/props/039985589_1767713281648.jpg | https://images.aqar.fm/webp/750x0/props/039985584_1767713281770.jpg | https://images.aqar.fm/webp/750x0/props/039985588_1767713281881.jpg | https://images.aqar.fm/webp/750x0/props/039985583_1767713281852.jpg | https://images.aqar.fm/webp/750x0/props/039985582_1767713281915.jpg | https://images.aqar.fm/webp/750x0/props/039985589_1767713282056.jpg | https://images.aqar.fm/webp/750x0/props/039985585_1767713282134.jpg | https://images.aqar.fm/webp/750x0/props/039985586_1767713282145.jpg | https://images.aqar.fm/webp/750x0/props/039985584_1767713282229.jpg,17,منصور عبدالرحيم,,,2026-01-06,2026-01-06,2026-09-17,613,2026-09-20,True,"1,600,000",False,عمارة
6726466,https://sa.aqar.fm/عمائر-للبيع/مكة-المكرمة/حي-الرصيفة/شارع-الحباب-بن-جزء-بن-عمرو-الظفري-حي-الرصيفة-مدينة-مكه-المكرمه-منطقة-مكة-المكرمة-6726466,"عمارة للبيع في شارع الحباب بن جزء بن عمرو الظفري, حي الرصيفة, مدينة مكه المكرمه, منطقة مكة المكرمة",2800000,840,,,,0,حي الرصيفة,مكة المكرمة,حي الرصيفة,"عمارة عظم بحي الرصيفة 
موقع مميز قريبة من مشروع مسار مكة ومحطة القطار 
خلف لولو هايبر ماركت 
مساحة الارض 840
 دور ارضي مواقف 11 سيارة
دور اول شقتين 6 غرف صالة 4 حمامات مطبخ وغرفة خادمة و غسيل مسطح بناء دور الاول 545 متر
دور ثاني شقتين 6 غرف صالة 4 حمامات مطبخ وغرفة خادمة و غسيل مسطح بناء الدور الثاني 614 متر",21.403927,39.785888,https://images.aqar.fm/webp/750x0/props/002667803_1744824662524.jpg | https://images.aqar.fm/webp/750x0/props/002667805_1744824662504.jpg | https://images.aqar.fm/webp/750x0/props/002667808_1744824662508.jpg | https://images.aqar.fm/webp/750x0/props/002667808_1744824662489.jpg,4,احمد عبدالرحمن احمد القحطاني,,,2026-06-09,2026-09-05,2026-09-16,247,2026-09-20,True,"2,800,000",False,عمارة
6744659,https://sa.aqar.fm/عمائر-للبيع/مكة-المكرمة/حي-الجامعة/شارع-الشيخ-عبدالله-خياط-حي-الجامعة-مدينة-مكة-المكرمة-منطقة-مكة-المكرمة-6744659,"عمارة للبيع في شارع الشيخ عبدالله خياط, حي الجامعة, مدينة مكة المكرمة, منطقة مكة المكرمة",30000000,884,,,,11,حي الجامعة,مكة المكرمة,حي الجامعة,"عمارة تجارية  "" مكه المكرمة"" حي العزيزية 
بالقرب من نفق منى 
علبها جميع مواصفات الدفاع المدني و عليها تصريح للحجاج
واجهة شمالية 
على الشارع العام ""عبدالله الخياط"" شارع تجاري 30
مساحة الارض :884.98
مساحة البناء التقريبيه :5686
موزعه على :
1- بدروم 
2- دور ارضي
3- ميزانين
4- خمسة ادوار متكرره
5- مبيتات
يوجد بها خزان ارضي وخزان علوي
ومصاعد ومحل تجاري كبير
""تم منح رخص البناء الجديده في نفس المنطقه عدد ادوار زياده واصبح 16 دور يمكن اضافتها على نفس المبنى """,21.398973,39.86914,https://images.aqar.fm/webp/750x0/props/027475919_1782216055326.jpg,1,فيصل فهد,,0,2026-06-23,2026-06-23,2026-09-19,379,2026-09-20,True,"30,000,000",False,عمارة
6793841,https://sa.aqar.fm/عمائر-للبيع/مكة-المكرمة/حي-النزهة/شارع-الشريعة-حي-النزهة-مدينة-مكة-المكرمة-منطقة-مكة-المكرمة-6793841,"عمارة للبيع في شارع الشريعة, حي النزهة, مدينة مكة المكرمة, منطقة مكة المكرمة",4000000,780,,,,11,حي النزهة,مكة المكرمة,حي النزهة,"عمارة سكنية بمكة حي النزهة النموذجي
مساحة ٧٨٠م 
مكونة من ٧ شقق
واجهة شرقية شارع ٢٠م",21.436024,39.78374,https://images.aqar.fm/webp/750x0/props/000817406_1785215902620.jpg,1,ماهر صالح عبدالله مغربي,,,2026-07-28,2026-08-26,2026-09-07,119,2026-09-20,True,"4,000,000",False,عمارة
6790889,https://sa.aqar.fm/عمائر-للبيع/مكة-المكرمة/حي-البحيرات/شارع-التنعيم-حي-السلامة-مدينة-مكة-المكرمة-منطقة-مكة-المكرمة-6790889,"عمارة للبيع في شارع التنعيم , حي السلامة, مدينة مكة المكرمة, منطقة مكة المكرمة",480000,178,,,,11,حي البحيرات,مكة المكرمة,حي البحيرات,"للبيع عمارة 3 ادوار كل دور شقة ب3 غرف و2 دورة مياه ومطبخ 
مؤجره والدخل حدود 36 الف سنوي
ملاحظة الدور الثاني والثالث بعداد كهرباء مشترك (شقتين بعداد مشترك )",21.465797,39.79859,https://images.aqar.fm/webp/750x0/props/001365450_1785067476441.jpg | https://images.aqar.fm/webp/750x0/props/001365459_1785067476448.jpg,2,عبدالرحمن الحربي,,,2026-07-26,2026-08-24,2026-08-24,357,2026-09-20,True,"480,000",False,عمارة
6382987,https://sa.aqar.fm/عمائر-للبيع/مكة-المكرمة/حي-الجامعة/شارع-الكرامة-حي-الجامعة-مكة-منطقة-مكة-المكرمة-6382987,"عمارة للبيع في شارع شارع الكرامة, حي الجامعة, مدينة مكة المكرمة, منطقة مكة المكرمة",6250000,625,,,,11,حي الجامعة,مكة المكرمة,حي الجامعة,"للبيع عمارة بمساحة ارض 625 م2 في حي العزيزية
شارع 10م واجهتها عرض 25م
واجهة العمارة تقاطع حرف T 
قابلة لبناء عمارة متعددة الادوار

قريبة من 
مسجد الحارثي و حديقة الإيمان العامة 
شارع عبدالله خياط التجاري 
طريق الملك خالد و طريق مكة الطايف
الدائري الثالث 

للإستفسار الرجاء التواصل على الواتساب فقط
  ",21.394745693008403,39.87271027003862,https://images.aqar.fm/webp/750x0/props/032797260_1757355886535.jpg | https://images.aqar.fm/webp/750x0/props/032797268_1757356668544.jpg | https://images.aqar.fm/webp/750x0/props/032797268_1757356687620.jpg | https://images.aqar.fm/webp/750x0/props/032797264_1757356933944.jpg | https://images.aqar.fm/webp/750x0/props/032797263_1757357432357.png,5,معن عبدالمنعم بن محمد جنيد سمباوا,,,2025-09-15,2025-10-21,2026-08-17,298,2026-09-20,True,"6,250,000",False,عمارة
6571956,https://sa.aqar.fm/عمائر-للبيع/مكة-المكرمة/حي-الزاهر/شارع-معاوية-بن-خديج-رضى-الله-حي-الزاهر-مدينة-مكة-المكرمة-منطقة-مكة-المكرمة-6571956,"عمارة للبيع في شارع معاوية بن خديج رضى الله, حي الزاهر, مدينة مكة المكرمة, منطقة مكة المكرمة",3000000,400,,,,11,حي الزاهر,مكة المكرمة,حي الزاهر,"إعلان بيع عمارة
الموقع:تقع على شارعين على شكل حرف T.
المساحة:400 متر مربع.
بالقرب من جميع الخدمات خلف مستوصف الصاعدي 
تبعد عن طريق جدة ٣ دقائق
وتبعد عن الحرم ١٠ دقائق 

البدروم:

غرفتين بحمامين.
مستودع (10x9 متر مربع).
مكان يتسع لأربع سيارات.


الدور الأرضي:

غرفة صالون كبيرة.
ثلاث غرف.
ثلاثة حمامات.
مطبخ (30x6.30 متر مربع).


الدور الأول:

شقة بكامل المساحة.
4 غرف.
3 حمامات.
صالة.
مطبخ.


الدور الثاني:

شقتين:
شقة: غرفتين وحمام وصالة.
شقة: 3 غرف وحمامين ومطبخ وصالة (4x4 متر مربع).


الدور الثالث: 
شقتين:
شقة: غرفتين وحمام وصالة.
شقة: 3 غرف وحمامين ومطبخ وصالة (4x4 متر مربع).

الدور الرابع : شقة: غرفة وحمام وصالة.
شقة: 3 غرف وحمامين ومطبخ وصالة (4x4 متر مربع

السطوح:

شقة: 3 غرف وحمام ومطبخ.
غرفة صغيرة بجانبها حمام للسطوح.

المصعد:يتسع لثلاثة أشخاص، من الدور الأرضي إلى السطوح.",21.440937,39.790603,https://images.aqar.fm/webp/750x0/props/044591603_1767550551602.jpg | https://images.aqar.fm/webp/750x0/props/044591605_1767550551562.jpg | https://images.aqar.fm/webp/750x0/props/044591602_1767550551527.jpg | https://images.aqar.fm/webp/750x0/props/044591601_1767550551596.jpg | https://images.aqar.fm/webp/750x0/props/044591604_1767550700124.jpg | https://images.aqar.fm/webp/750x0/props/044591607_1767550551595.jpg | https://images.aqar.fm/webp/750x0/props/044591606_1767550700122.jpg | https://images.aqar.fm/webp/750x0/props/044591600_1767550551594.jpg | https://images.aqar.fm/webp/750x0/props/044591603_1767550551597.jpg,9,محمد بن خالد بن محمود جمال,,,2026-02-02,2026-08-24,2026-08-24,557,2026-09-20,True,"3,000,000",False,عمارة
6658766,https://sa.aqar.fm/عمائر-للبيع/مكة-المكرمة/حي-الملك-فهد/شارع-الأمير-عبدالله-بن-بندر-بن-عبدالعزيز-آل-سعود-حي-الشامية-الجديد-مدينة-مكة-المكرمة-6658766,"عمارة للبيع في شارع الأمير عبدالله بن بندر بن عبدالعزيز آل سعود, حي الشامية الجديد, مدينة مكة المكرمة",6500000,858,,,,0,حي الملك فهد,مكة المكرمة,حي الملك فهد,"العقار / عمارة تجارية للبيع 
المدينة / مكة - مخطط ولي العهد 1
المساحة / 858 م 
الشارع /  52 + 25 + مسجد 
العمر / جديدة 
المكونات/ 4 أدوار : 
بدروم + 4 محلات + 3 أدوار متكرر 
17 شقة من 3 غرف وصالة ودورتين مياة 
المطلوب / 6.850 مليون 
https://maps.app.goo.gl/nV4YopefDmk4DJKZA?g_st=aw",21.329429,39.674214,https://images.aqar.fm/webp/750x0/props/006699861_1776438213312.jpg,1,عبدالرحمن سامي علي العقل,مؤسسة اركان واساس للعقار,1,2026-04-17,2026-09-10,2026-09-10,214,2026-09-20,True,"6,500,000",False,عمارة
6596697,https://sa.aqar.fm/عمائر-للبيع/مكة-المكرمة/حي-الجامعة/شارع-شارع-الشروق-حي-الجامعة-مدينة-مكة-المكرمة-منطقة-مكة-المكرمة-6596697,"عمارة للبيع في شارع شارع الشروق, حي الجامعة, مدينة مكة المكرمة, منطقة مكة المكرمة",13000000,525,,,,11,حي الجامعة,مكة المكرمة,حي الجامعة,"عمارة شبه فندقية مجهزة ومرخصة بالكامل

بيانات العقار:
مساحة الأرض: 525 م
مسطحات البناء: ~ 3,000م
عرض الشارع: 15م

تفاصيل المبنى:
عدد الأدوار : 8 
(1 بدروم + 1 دور استقبال + 1 دور أول + 4 أدوار متكررة + 1 دور ملحق)

عدد الغرف: 52 غرفة 
(كل غرفة بحمام خاص)
عدد المطابخ: 11 مطبخ
عدد المصاعد: 2 (شندلر)
السلالم: سلم رئيسي + سلم طوارئ
سعة الخزان: 970 متر مكعب

التشطيبات وجودة البناء :
الواجهة والمدخل من الخارج: رخام فاخر
مناطق الاستقبال والمصاعد والبدروم: أرضيات وجدران رخامية
أرضيات الغرف والشقق: بورسلان
الأسقف: جبس ديكوري مع إضاءة مخفية ومباشرة في كامل المبنى.
العزل: عزل مائي وحراري للسطح الأساسي وسطح الملحق + عزل مائي لجميع دورات المياه والمطابخ
المتانة الهيكلية وإمكانية التوسع: الهيكل الإنشائي والأساسات مصممة ومُنفذة لتحمل إضافة طابقين مستقبلاً حسب المخططات الهندسية المعتمدة.

التجهيزات:
جميع الغرف مؤثثة ومجهزة بالكامل وكذلك المطابخ.
يتوفر أثاث إضافي يغطي احتياج موسم الحج محفوظ في البدروم.",21.392132,39.873257,https://images.aqar.fm/webp/750x0/props/024701848_1771473891998.jpg | https://images.aqar.fm/webp/750x0/props/024701844_1771473891996.jpg,2,عبدالله بن ابراهيم بن احمد جنادي,شركة لوغاريتم,1,2026-02-19,2026-07-14,2026-08-29,446,2026-09-20,True,"13,000,000",False,عمارة
6650754,https://sa.aqar.fm/عمائر-للبيع/مكة-المكرمة/حي-الرصيفة/شارع-النعمان-بن-خدمه-حي-الرصيفة-مدينة-مكة-المكرمة-منطقة-مكة-المكرمة-6650754,"عمارة للبيع في شارع النعمان بن خدمه, حي الرصيفة, مدينة مكة المكرمة, منطقة مكة المكرمة",3000000,746,,,,11,حي الرصيفة,مكة المكرمة,حي الرصيفة,"عمارة تقع في مكة المكرمة، الرصيفة شارع نعمان بن خدمة.
تتكون من دورين، بكل دور شقتين يوجد 5 عدادات كهرباء ، وعداد ماء 
موصفاتها : عقار عبارة عن مبنى سكني مكون من دور أرضي ودور اول : 
الدور الارضي شقتين كل شقة مكونه من ( 4غرف +صاله +مطبخ + دورتي مياه )
الدور الاول شقتين كل شقة مكونه من ( 4غرف +صاله +مطبخ + دورتي مياه 
عرض الشارع : 12م 
واجهه العقار : شمال 
خدمات العقار : قريب من الدائري الثالث + ومحطة القطار 
عمر العقار : +30 سنة 
عدد الغرف : 16",21.409557,39.784698,https://images.aqar.fm/webp/750x0/props/046116280_1775936592703.jpg | https://images.aqar.fm/webp/750x0/props/046116281_1775936592680.jpg | https://images.aqar.fm/webp/750x0/props/046116287_1775936592719.jpg | https://images.aqar.fm/webp/750x0/props/046116280_1775936592765.jpg,4,فهد بن عبدالله بن عبدالعزيز الحوشاني,,,2026-04-11,2026-07-10,2026-09-06,417,2026-09-20,True,"3,000,000",False,عمارة
6611100,https://sa.aqar.fm/عمائر-للبيع/مكة-المكرمة/حي-الرصيفة/شارع-النعمان-بن-خدمه-حي-الرصيفة-مكة-منطقة-مكة-المكرمة-6611100,"عمارة للبيع في شارع  شارع النعمان بن خدمه, حي الرصيفة, مدينة مكة المكرمة, منطقة مكة المكرمة",3000000,746,,,,11,حي الرصيفة,مكة المكرمة,حي الرصيفة,"العقار عبارة عن مبنى سكني مكون من دور أرضي و دور أول :
الدور الارضي شقتين كل شقة مكونه من: (4 غرف+صالة+مطبخ+دورتي مياة)
الدور الأول شقتين كل شقة مكونه من: (4 غرف+صالة+مطبخ+دورتي مياة)
العقار قريب جدا من محطة القطار والدائري الثالث وخلف برج الشريف الإداري (تايم تاور)",21.409552,39.784706,https://images.aqar.fm/webp/750x0/props/044743161_1788272926258.jpg | https://images.aqar.fm/webp/750x0/props/044743167_1788272932791.jpg,2,عبدالغفار عبدالله,,,2026-03-02,2026-03-02,2026-09-13,747,2026-09-20,True,"3,000,000",False,عمارة
6850806,https://sa.aqar.fm/عمائر-للبيع/مكة-المكرمة/حي-المعابدة/شارع-15-الملاوي-الشمالية-حي-المعابده-مدينة-مكة-المكرمة-منطقة-مكة-المكرمة-6850806,"عمارة للبيع في شارع 15 الملاوي الشمالية, حي المعابده, مدينة مكة المكرمة, منطقة مكة المكرمة",60000000,359,,,,11,حي المعابدة,مكة المكرمة,حي المعابدة,"فندق للبيع في حي المعابده في مكه المكرمه على الشارع العام 

1-عدد الغرف 247 غرفه 
2-بدروم 
3-دور ارضي 
4-دور مصلى 
5-دور مطعم 
6-دور خدمات 
7-دور ارضي تجاري 
8-دور ميزان 
تفاصبل اخرى : 13 دور مكرر ,مؤجر بعقد اكتروني",21.439835,39.841936,,,عبدالعزيز السبيت,شركة صواب للاستثمار,1,2026-08-31,2026-08-31,2026-08-31,22,2026-09-20,True,"60,000,000",False,عمارة
6815492,https://sa.aqar.fm/عمائر-للبيع/مكة-المكرمة/حي-الاندلس/شارع-179-جبل-السيدة-حي-الأندلس-مكة-منطقة-مكة-المكرمة-6815492,عمارة للبيع في شارع 179 جبل السيدة ، حي الأندلس ، مكة ، منطقة مكة المكرمة,500000,106,,,,30,حي الاندلس,مكة المكرمة,حي الاندلس,بيت شعبي +مسلح,21.440111,39.823779,https://images.aqar.fm/webp/750x0/props/048197331_1786394112963.jpg | https://images.aqar.fm/webp/750x0/props/048197333_1786394112962.jpg | https://images.aqar.fm/webp/750x0/props/048197331_1786394112963.jpg | https://images.aqar.fm/webp/750x0/props/048197338_1786394112964.jpg,4,خالد سليمان مسلم الجهنى,,,2026-08-10,,2026-08-10,21,2026-09-20,False,طلب تسويق,False,عمارة
6883194,https://sa.aqar.fm/عمائر-للبيع/مكة-المكرمة/حي-الشوقية/شارع-ليث-الحمامي-حي-ولي-العهد-مكة-منطقة-مكة-المكرمة-6883194,عمارة للبيع في شارع ليث الحمامي ، حي ولي العهد ، مكة ، منطقة مكة المكرمة,2500000,550,,,,15,حي الشوقية,مكة المكرمة,حي الشوقية,"عماره سكنيه مكونه من ثلاث ادوار 
الدور الاول شقه  مدخلين مكونه من 7 غرف و4 دورات  مياه ومطبخ وصاله 
الدور الثاني شقتين كل سقه 5 غرف و3 دورات مياه وطبخ وصاله 
الدور الثالث شقه مكونه من 4 غرف وصاله و3 دورات مياه ومطبخ 
المصعد مؤسس 
المياه مدفوعه مقدم لمده خمس سنوات واكثر حسب الاستهلاك 
مؤسس تمديد غاز",21.365721,39.778,https://images.aqar.fm/webp/750x0/props/055526017_1789864136229.jpg | https://images.aqar.fm/webp/750x0/props/055526019_1789864136231.jpg | https://images.aqar.fm/webp/750x0/props/055526016_1789864136226.jpg,3,عادل بن محمد بن غرامه الاسمري,,,2026-09-20,,2026-09-20,3,2026-09-20,False,طلب تسويق,False,عمارة
6590368,https://sa.aqar.fm/عمائر-للبيع/مكة-المكرمة/حي-الخضراء/شارع-نواس-بن-سمعان-العامري-رضي-الله-عنه-حي-الخضراء-مدينة-مكة-المكرمة-منطقة-مكة-المكرمة-6590368,"عمارة للبيع في شارع نواس بن سمعان العامري رضي الله عنه, حي الخضراء, مدينة مكة المكرمة, منطقة مكة المكرمة",2600000,669,,,,10,حي الخضراء,مكة المكرمة,حي الخضراء,$5b,21.465147,39.919997,https://images.aqar.fm/webp/750x0/props/041929911_1771100052465.jpg | https://images.aqar.fm/webp/750x0/props/041929918_1771100052468.jpg,2,محمد عبدالرحمن عبدالله الغامدي,,,2026-02-14,2026-02-14,2026-06-16,272,2026-09-20,True,"2,600,000",False,عمارة
6802510,https://sa.aqar.fm/عمائر-للبيع/مكة-المكرمة/حي-الرصيفة/شارع-رضي-الدين-الفاسي-حي-الرصيفة-مدينة-مكة-المكرمة-منطقة-مكة-المكرمة-6802510,"عمارة للبيع في شارع رضي الدين الفاسي, حي الرصيفة, مدينة مكة المكرمة, منطقة مكة المكرمة",5800000,725,,,,11,حي الرصيفة,مكة المكرمة,حي الرصيفة,"(off-101)

للبيع عمارة سكنية- مكة المكرمة، حي الرصيفة الجديد

المساحة: 725متر مربع

تفاصيل العقار:
تتكون من ٤ أدوار وملحق
- دور أرضي شقتين : ٥ غرف و ٣ غرف بمنافعها
- دور الميزان شقتين : كل شقة ٥ غرف بمنافعهم
- ٣ أدوار متكررة شقتين في كل دور : كل شقة ٥ غرف بمنافعها
- ملحق : غرفتين بمنافعهم


مميزات العقار:
واجهتين :
شمالا : شارع عرض ١٢ متر
غربا : شارع عرض ١٢ متر

* العمارة مؤجرة بالكامل
* الدخل 250 - 300 ألف سنوياً
* العمارة يمكن تأجيرها موسم العمرة والحج
* قريبة من جميع الخدمات ومن محطة القطار

السعر المطلوب: 5.8 مليون ريال صافي
السعي: 2.5%


للاستفسار :
دار يوسف العقارية
أمينة الحربي
((الرقم يظهر عند الضغط على اتصال))",21.409932,39.79269,https://images.aqar.fm/webp/750x0/props/019487783_1788710709551.png | https://images.aqar.fm/webp/750x0/props/019487789_1785696801064.jpg | https://images.aqar.fm/webp/750x0/props/019487788_1785696800989.jpg | https://images.aqar.fm/webp/750x0/props/019487789_1785696801142.jpg,4,يوسف كامل,مؤسسة دار يوسف,1,2026-08-02,2026-09-01,2026-09-19,204,2026-09-20,True,"5,800,000",False,عمارة
6496476,https://sa.aqar.fm/عمائر-للبيع/مكة-المكرمة/حي-الزهراء/شارع-69-الزهراء-الوسطى-حي-الزهراء-مدينة-مكه-المكرمه-منطقة-مكة-المكرمة-6496476,"عمارة للبيع في شارع 69 الزهراء الوسطى, حي الزهراء, مدينة مكه المكرمه, منطقة مكة المكرمة",1800000,282,,,,11,حي الزهراء,مكة المكرمة,حي الزهراء,"للبيع عمارة في الهنداوية خلف مسجد بن حسن
تحتوي على 3 ادوار وملحق وحوش كل دور يتكون من عدد 2 شقة
وتحتوي كل شقه على 2 غرفه + 2 حمام + 1 صالة + 1 مطبخ
الملحق يحتوي على 1 غرفة + 1 حمام +1 مطبخ + سطح
والحوش يحتوي على شقة 4 غرف + 2 حمام .",21.425439,39.803536,https://images.aqar.fm/webp/750x0/props/014597038_1767264317661.jpg | https://images.aqar.fm/webp/750x0/props/014597037_1767264325582.jpg | https://images.aqar.fm/webp/750x0/props/014597033_1767264330109.jpg,3,محمد مصطفى,مؤسسة ادارة المباني العقارية,1,2025-12-07,2025-12-07,2026-07-30,771,2026-09-20,True,"1,800,000",False,عمارة
6666760,https://sa.aqar.fm/عمائر-للبيع/مكة-المكرمة/حي-الكعكية/شارع-ابي-حنيفة-الخطيبي-حي-الصفوة-مدينة-مكة-المكرمة-منطقة-مكة-المكرمة-6666760,"عمارة للبيع في شارع ابي حنيفة الخطيبي, حي الصفوة, مدينة مكة المكرمة, منطقة مكة المكرمة",10000000,607,,,,0,حي الكعكية,مكة المكرمة,حي الكعكية,"فرصة استثمارية نادرة – مطبخ إعاشة مؤجر بعائد ثابت في مكة المكرمة

📍 الموقع: مكة المكرمة – مخطط الصفوة - داخل الدائري الرابع
الوصف العقاري:
استثمار جاهز ومُدر للدخل في قطاع الإعاشة، بمواصفات تشغيلية عالية وتجهيزات متكاملة، ومؤجر بعقد طويل الأجل يضمن استقرار العائد.

📑 تفاصيل العقار:

* رقم المخطط: ك د / 1 / 7 / 126
* رقم القطعة: 3714
* مساحة الأرض: 600 م²
* مساحة التشغيل (حسب الرخصة): 1282.1 م²
* مطبخ مجهز بالكامل وجاهز للتشغيل الفوري
* مؤجر لشركة قائمة بعقد موثق عبر منصة إيجار

✨ المميزات:

* عدد 8 ثلاجات حديثة (ضمان شامل + صيانة لمدة سنتين)
* عدد 2 مصعد (صيانة شاملة لمدة سنتين)
* مكيفات راكبة
* أنظمة سلامة متكاملة
* كاميرات مراقبة
* تجهيز كامل لصالة الطبخ بكافة المعدات
* عقد إيجار طويل الأجل (10 سنوات)
* دخل سنوي ثابت: 900,000 ريال
* بداية العقد: 1 شوال 1447هـ
* عائد استثماري: 9% سنويًا

السعر المطلوب:
10,000,000 ريال صافي

⸻
📞 للتواصل والاستفسار:
* 0555553980 – قسم البيع والاستثمار
* 0554446779 – قسم التأجير
* 0555915120 – خدمة العملاء
* 0555091610 – خدمة العملاء
* 0539999724 – قسم الصيانة
* ☎️ الرقم الموحد: 920017364

📩 البريد الإلكتروني: aqar@smsamm.com
📢 قناة التليجرام: alsmsamalaqari

📜 وسيط عقاري مرخص ومعتمد لدى الهيئة العامة للعقار
* رخصة فال: 1200005524

🔹 ترخيص الإعلان العقاري: 7200946036

🏢 الصمصام العقاري | عندما تجتمع الخبرة العقارية بالتسويق الذكي",21.343767,39.786468,https://images.aqar.fm/webp/750x0/props/002033283_1776930855728.jpg | https://images.aqar.fm/webp/750x0/props/002033280_1776930864539.jpg,2,ضيف الله بخيت زاعب المتعاني,مؤسسة الصمصام للخدمات العقارية,1,2026-04-23,2026-09-15,2026-09-15,475,2026-09-20,True,"10,000,000",False,عمارة
6738569,https://sa.aqar.fm/عمائر-للبيع/مكة-المكرمة/حي-الملك-فهد/شارع-تاج-الدين-السبكي-حي-الشامية-الجديد-مدينة-مكة-المكرمة-منطقة-مكة-المكرمة-6738569,"عمارة للبيع في شارع تاج الدين السبكي, حي الشامية الجديد, مدينة مكة المكرمة, منطقة مكة المكرمة",1850000,600,,,,10,حي الملك فهد,مكة المكرمة,حي الملك فهد,"اربع شقق. الدور الأرضي  شقتين من اربع غرف وأربعه حمام ومطبخ وصاله 

الدور الاول شقتين من خمس غرف وأربعه حمام ومطبخ وصاله 
مساحات شاسعه المشتري الجاد يتفضل واتساب او اتصال",21.316643,39.686209,https://images.aqar.fm/webp/750x0/props/044266219_1789356044705.jpg | https://images.aqar.fm/webp/750x0/props/044266210_1789356044720.jpg | https://images.aqar.fm/webp/750x0/props/044266219_1789356044716.jpg | https://images.aqar.fm/webp/750x0/props/044266212_1789356044717.jpg | https://images.aqar.fm/webp/750x0/props/044266218_1789356044732.jpg | https://images.aqar.fm/webp/750x0/props/044266214_1789356044731.jpg | https://images.aqar.fm/webp/750x0/props/044266210_1789356044733.jpg | https://images.aqar.fm/webp/750x0/props/044266212_1789356044734.jpg,8,محمد بن علي بن سراج حكيم,,,2026-06-18,2026-08-23,2026-09-17,573,2026-09-20,True,"1,850,000",False,عمارة
6780307,https://sa.aqar.fm/عمائر-للبيع/مكة-المكرمة/حي-الملك-فهد/شارع-الستين-حي-الشامية-الجديد-مدينة-مكة-المكرمة-منطقة-مكة-المكرمة-6780307,"عمارة للبيع في شارع الستين, حي الشامية الجديد, مدينة مكة المكرمة, منطقة مكة المكرمة",3500000,828,,,,0,حي الملك فهد,مكة المكرمة,حي الملك فهد,"العماره مكونه من فله وخمسه شقق
فيها 7 غرف و6 حمامات ومطبخ ومؤسس مصعد
4 غرف مكيفه تكييف مركزي جاهزه للتشغيل وفيها3 مداخل وحوش امامي للفله
 خمس شقق
شقتين فيها 4 غرف وصاله و3 حمامات وغرفه غسيل
وشقتين فيها 5 غرف و3 حمامات
وشقه فيها 6 غرف و3 حمامات
مؤسس تكييف اسبلت كامل العماره والشقق وفيها مصعد
وفيه غرفه مستقله بحمام جانبيه في الملحق
لكل شقه خزان مستقل سعته 60 طن
الفله ايضا فيها خزان مستقل
العماره مليسه بالكامل مؤسس السباكه والكهرباء تاسيس غاز مركزي
مدفوع قيمه التأمين
الدفعه الأولى
العقار في ولي العهد 4 شارع امامي
وممر جانبي
بجوار (متوسطة فاطمة بنت الخطاب - بنات -)
مساحه الارض 828 م
مسطح البناء مايقارب 1500م
العقار مرهون لبنك الاهلي باقي عليه مايقارب 400 الف
المطلوب صافي 3مليون و500 الف شامل الرهن
مكتب زهرة النرجس للعقارات
رقم الترخيص : 50021504",21.287839,39.677619,https://images.aqar.fm/webp/750x0/props/004704390_1784440245802.jpg,1,عبدالغني بندر,مؤسسة زهرة النرجس للعقارات,1,2026-07-19,2026-07-19,2026-08-23,134,2026-09-20,True,"3,500,000",False,عمارة
6656204,https://sa.aqar.fm/عمائر-للبيع/مكة-المكرمة/حي-الملك-فهد/شارع-الأمير-عبدالله-بن-بندر-بن-عبدالعزيز-آل-سعود-حي-الشامية-الجديد-مدينة-مكة-المكرمة-6656204,"عمارة للبيع في شارع الأمير عبدالله بن بندر بن عبدالعزيز آل سعود, حي الشامية الجديد, مدينة مكة المكرمة",6500000,858,,,,0,حي الملك فهد,مكة المكرمة,حي الملك فهد,"لعقار / عمارة تجارية للبيع 
المدينة / مكة - مخطط ولي العهد 1
المساحة / 858 م 
الشارع /  52 + 25 + مسجد 
العمر / جديدة 
المكونات/ 4 أدوار : 
بدروم + 4 محلات + 3 أدوار متكرر 
17 شقة من 3 غرف وصالة ودورتين مياة 
المطلوب / 6.850 مليون 
https://maps.app.goo.gl/nV4YopefDmk4DJKZA?g_st=aw

يوجد خطاب رغبة للإيجار من جهه حكومية بقيمة 750 الف ورفض المالك
للتواصل والإستفسار 0562984060   ابو سعود
مؤسسة اركان واساس العقارية جدة حي السلامة شارع عبد الرحمن السديري",21.329429,39.674214,https://images.aqar.fm/webp/750x0/props/009988268_1776260831158.jpg,1,عبدالرحمن سامي علي العقل,مؤسسة اركان واساس للعقار,1,2026-04-15,2026-09-07,2026-09-07,263,2026-09-20,True,"6,500,000",False,عمارة
6739974,https://sa.aqar.fm/عمائر-للبيع/مكة-المكرمة/حي-النوارية/شارع-تمرية-حي-النوارية-مكة-منطقة-مكة-المكرمة-6739974,"عمارة للبيع في شارع 24015959, حي النوارية, مدينة مكة المكرمة, منطقة مكة المكرمة",4000000,502,,,,1,حي النوارية,مكة المكرمة,حي النوارية,,21.55372,39.774095,https://images.aqar.fm/webp/750x0/props/021949459_1782728121426.jpg | https://images.aqar.fm/webp/750x0/props/021949457_1782728140757.jpg | https://images.aqar.fm/webp/750x0/props/021949453_1782728167946.jpg | https://images.aqar.fm/webp/750x0/props/021949457_1782728186394.jpg | https://images.aqar.fm/webp/750x0/props/021949451_1782728194266.jpg | https://images.aqar.fm/webp/750x0/props/021949452_1782728230285.jpg,6,خلف بن عابد بن معلا العتيبي,,,2026-06-20,2026-07-04,2026-06-29,280,2026-09-20,True,"4,000,000",False,عمارة
6851646,https://sa.aqar.fm/عمائر-للبيع/مكة-المكرمة/حي-العدل/شارع-يحيى-بن-عمر-المكي-حي-العدل-مدينة-مكة-المكرمة-منطقة-مكة-المكرمة-6851646,"عمارة للبيع في شارع يحيى بن عمر المكي, حي العدل, مدينة مكة المكرمة, منطقة مكة المكرمة",3200000,347,,,,0,حي العدل,مكة المكرمة,حي العدل,"الغرض | إعلان للبيع
رقم العرض | 6000930
عمارة سكنية للبيع
المساحة | 348 م²
الموقع | منطقة مكة المكرمة - مكة المكرمة - الغساله
━━━━━━━━━━━━━━
المحتويات |
* عدد ( 4 ) أدوار سكنية
* عدد ( 1 ) ملحق علوي
* عدد ( 1 ) مصعد
* عدد ( 1 ) غرفة حارس
تفاصيل الأدوار |
* عدد ( 5 ) غرفة
* عدد ( 4 ) دورات مياه
* عدد ( 1 ) صالة
* عدد ( 1 ) مطبخ
* عدد ( 1 ) غرفة غسيل
* عدد ( 1 ) غرفة خادمة
تفاصيل الملحق  |
* عدد ( 2  ) غرفة
* عدد ( 2 ) دورات مياه
* عدد ( 1 ) صالة
* عدد ( 1 ) مطبخ
* عدد ( 1 ) غرفة غسيل
* عدد ( 1 ) غرفة خادمة
المميزات |
* عداد  كهرباء مستقل لكل وحدة سكنية
* عداد مياه مستقل لكل وحدة سكنية
* موقف خاص لكل وحدة سكنية
* مخرج طؤارى بالأضافة للدرج الأساسي
━━━━━━━━━━━━━━
السعر | 3,200,000 ريال
الترخيص الإعلاني | 7201110594
موقع العقار ( لوكيشن ) | https://www.google.com/maps?q=21.449976,39.8760328
━━━━━━━━━━━━━━
المعلـــــن | عاجل العقارية
رخصة فـال | 1200026165
رقم الجوال | ((الرقم يظهر عند الضغط على اتصال))
رقم الجوال | ((الرقم يظهر عند الضغط على اتصال))
للعــــروض | https://linktr.ee/ajel.com.sa",21.449828,39.873575,https://images.aqar.fm/webp/750x0/props/003694971_1788215696229.jpg | https://images.aqar.fm/webp/750x0/props/003694977_1788215728622.jpg | https://images.aqar.fm/webp/750x0/props/003694970_1788215728625.jpg | https://images.aqar.fm/webp/750x0/props/003694977_1788215728636.jpg | https://images.aqar.fm/webp/750x0/props/003694974_1788215728636.jpg | https://images.aqar.fm/webp/750x0/props/003694976_1788215757663.jpg | https://images.aqar.fm/webp/750x0/props/003694979_1788215757599.jpg | https://images.aqar.fm/webp/750x0/props/003694975_1788215757608.jpg | https://images.aqar.fm/webp/750x0/props/003694974_1788215757600.jpg | https://images.aqar.fm/webp/750x0/props/003694976_1788215757600.jpg | https://images.aqar.fm/webp/750x0/props/003694979_1788215757602.jpg | https://images.aqar.fm/webp/750x0/props/003694975_1788215757672.jpg | https://images.aqar.fm/webp/750x0/props/003694977_1788215757674.jpg | https://images.aqar.fm/webp/750x0/props/003694974_1788215757665.jpg | https://images.aqar.fm/webp/750x0/props/003694975_1788215757689.jpg | https://images.aqar.fm/webp/750x0/props/003694979_1788215757679.jpg | https://images.aqar.fm/webp/750x0/props/003694977_1788215757702.jpg,17,ابراهيم الرشيدي,مؤسسة عاجل العقارية,1,2026-08-31,2026-08-31,2026-09-19,76,2026-09-20,True,"3,200,000",False,عمارة
6413627,https://sa.aqar.fm/عمائر-للبيع/مكة-المكرمة/حي-الراشدية/شارع-لبيد-ابن-ربيعة-ابن-مالك-حي-البيعة-مدينة-مكه-المكرمه-منطقة-مكة-المكرمة-6413627,"عمارة للبيع في شارع لبيد ابن ربيعة ابن مالك, حي البيعة, مدينة مكه المكرمه, منطقة مكة المكرمة",1800000,400,,,,10,حي الراشدية,مكة المكرمة,حي الراشدية,"بمكة المكرمة - الراشدية 2 
عمارة تجارية للبيع 
مساحة الارض 400 م 
عرض الشارع : 30 م 
الواجهة : شمالية 20 م 
عمر العقار : 15 سنة 
مكونات العقار :- 
-محلات تجارية 
-الدور الاول : شقة غرفتين 
-الدور الثاني : شقتين من 3 غرف 
-الملحق : شقة 3 غرف 
( دخل الشقق 50 الف فقط ) 
( المحلات غير مؤجرة ) 
المطلوب : 1,800,000 
العرض للمشتري فقط 
للتواصل : ((رقم المعلن يظهر عند التواصل))",21.455177,40.029073,https://images.aqar.fm/webp/750x0/props/015063525_1784476939101.jpg,1,عدنان سعد,مكتب كيان العاصمة للعقار,1,2025-10-06,2025-10-06,2026-09-13,1394,2026-09-20,True,"1,800,000",False,عمارة
6444937,https://sa.aqar.fm/عمائر-للبيع/مكة-المكرمة/حي-الخالدية/شارع-محمد-صالح-قزاز-حي-الخالدية-مدينة-مكة-المكرمة-منطقة-مكة-المكرمة-6444937,"عمارة للبيع في شارع محمد صالح قزاز, حي الخالدية, مدينة مكة المكرمة, منطقة مكة المكرمة",7000000,606,,,,11,حي الخالدية,مكة المكرمة,حي الخالدية,"عمارة سكنية تجارية في موقع متميز على الشارع الرئيسي لمدخل الخالدية امام برج مشارق درجة ثالثة من الدائري الثالث 
مكونة من 9 شقق من اربع غرف وميزان ومحلين تجاريين",21.396638,39.798749,https://images.aqar.fm/webp/750x0/props/006044852_1762289736772.jpg | https://images.aqar.fm/webp/750x0/props/006044855_1762289736704.jpg | https://images.aqar.fm/webp/750x0/props/006044855_1762289736769.jpg,3,يوسف بن عبدالرحمن,مؤسسة يوسف عبدالرحمن عبدالعزيز الهويش للخدمات العقارية,1,2025-10-29,2025-10-29,2026-09-20,1012,2026-09-20,True,"7,000,000",False,عمارة
6851650,https://sa.aqar.fm/عمائر-للبيع/مكة-المكرمة/حي-النزهة/شارع-المجتهد-حي-النزهة-مدينة-مكة-المكرمة-منطقة-مكة-المكرمة-6851650,"عمارة للبيع في شارع المجتهد, حي النزهة, مدينة مكة المكرمة, منطقة مكة المكرمة",3200000,612,,,,11,حي النزهة,مكة المكرمة,حي النزهة,"🏢 عمارة عظم للبيع  – مكة المكرمة | حي الستين

فرصة عقارية واستثمارية مميزة في موقع استراتيجي بمكة المكرمة.

📍 الموقع: حي الستين
📍 زاوية شارعين بعرض 20 متر
📍 موقع حيوي وقريب من الخدمات الرئيسية

▪️ مساحة الأرض: 612.5 م²
▪️ بدروم + دور أرضي + 3 أدوار
▪️ 8 شقق سكنية + ملحق
▪️ مصعد
▪️ رخصة بناء مجددة
▪️ الهيكل الإنشائي قائم (عظم)
▪️ مخططات معتمدة وجاهزة للاستكمال



💰 السعر المطلوب: 3200000 ريال قابل للتفاوض للجادين. 

📞 للتواصل والاستفسار:
((الرقم يظهر عند الضغط على اتصال))
📱 واتساب متاح",21.431877,39.782962,https://images.aqar.fm/webp/750x0/props/052110499_1788216473524.jpg | https://images.aqar.fm/webp/750x0/props/052110496_1788216473534.jpg | https://images.aqar.fm/webp/750x0/props/052110494_1788216473537.jpg,3,عبدالله هشام,مكتب الشموخ الحديثة للعقارات,1,2026-08-31,2026-08-31,2026-09-18,70,2026-09-20,True,"3,200,000",False,عمارة
6768401,https://sa.aqar.fm/عمائر-للبيع/مكة-المكرمة/حي-العدل/شارع-عبيده-السلماني-حي-جبل-النور-مدينة-مكة-المكرمة-منطقة-مكة-المكرمة-6768401,"عمارة للبيع في شارع عبيده السلماني, حي جبل النور, مدينة مكة المكرمة, منطقة مكة المكرمة",2100000,400,,,,11,حي العدل,مكة المكرمة,حي العدل,"للبيع عماره في جبل النور
مساحتها ٤٠٠ م✅
8 عدادات كهرباء✅
٤ شقق مدخلين كل شقه من ٤ غرف وصاله و ٣ حمامات ومطبخ

وشقة كبيره دور كامل ( فيلا ) تتكون من
٧غرف كبيره ومطبخ كبير

وملحق غرفتين وسطح
ومصعد وغرفه حارس

((كان فيها عقد اسكان للحج ويمكن تجديده✅))))))
150 متر عن طريق الملك فيصل ✅
500متر عن جامع الملك عبدالعزيز ✅


السعي والضريبة على المشتري 
السعر مليونين و100 الف",21.44644,39.859432,https://images.aqar.fm/webp/750x0/props/014701549_1783729629166.jpg,1,فارس عبدالرحمن,,,2026-07-11,2026-09-07,2026-09-20,193,2026-09-20,True,"2,100,000",False,عمارة
6863316,https://sa.aqar.fm/عمائر-للبيع/مكة-المكرمة/حي-الكعكية/شارع-جبل-غياهب-حي-المحمدية-مدينة-مكة-المكرمة-منطقة-مكة-المكرمة-6863316,"عمارة للبيع في شارع جبل غياهب, حي المحمدية, مدينة مكة المكرمة, منطقة مكة المكرمة",5250000,726,,,,11,حي الكعكية,مكة المكرمة,حي الكعكية,"عمارة من سبعة شقق، تقع في مكة المكرمة المحمدية جبل غياهب. 
1. واجهة العقار:جنوبية شرقية
2. الخدمات؛ماء كهرباء صرف صحي
3. عرض الشارع:20م
4. ⁠السعر:5،250000
5. ⁠مساحة العقار 726م",21.370894,39.798876,https://images.aqar.fm/webp/750x0/props/046116285_1788830273616.jpg,1,فهد بن عبدالله بن عبدالعزيز الحوشاني,,,2026-09-08,2026-09-08,2026-09-08,24,2026-09-20,True,"5,250,000",False,عمارة
6858189,https://sa.aqar.fm/عمائر-للبيع/مكة-المكرمة/حي-الراشدية/شارع-الحارث-بن-عمرو-بن-مؤمل-بن-حبيب-رضي-الله-عنه-حي-الشرائع-مدينة-مكة-المكرمة-منطقة-مكة-المكرمة-6858189,"عمارة للبيع في شارع الحارث بن عمرو بن مؤمل بن حبيب رضي الله عنه, حي الشرائع, مدينة مكة المكرمة, منطقة مكة المكرمة",1600000,522,,,,6,حي الراشدية,مكة المكرمة,حي الراشدية,"🏡 للبيع عمارة سكنية مميزة – مكة المكرمة | الراشدية 1 (مخطط 14)

📍 الموقع: مكة المكرمة – الراشدية 1 – مخطط 14
📐 مساحة الأرض: 522 م²
🏗️ عمر العقار: 6 سنوات
🕌 الموقع: بجوار مسجد مباشرة
✅ البناء: بناء شخصي بجودة عالية، والمصعد مؤسس (فتحات الأبواب جاهزة).

تفاصيل العقار:

🔹 الدور الأرضي:

* شقة مستقلة تتكون من:
    * 4 غرف
    * صالة
    * مطبخ
    * دورتي مياه
* مجلس كبير جدًا يمكن تقسيمه وتحويله إلى شقة مستقلة، مما يزيد من العائد الاستثماري.

🔹 الدور الأول:

* 4 غرف نوم.
* غرفة ماستر واسعة.
* 3 دورات مياه.
* صالة كبيرة مفتوحة على جلسة خارجية بمساحة 11 × 6 متر.
* مطبخ.

🔹 الملحق:

* غرفة.
* صالة.
* مطبخ.
* دورة مياه.
* غرفة مستقلة إضافية على السطح.

✨ مميزات العقار:

* بناء شخصي وليس تجاري.
* موقع مميز وهادئ.
* بجوار مسجد مباشرة.
* مساحات واسعة وتصميم عملي.
* مؤسس لتركيب مصعد.
* مناسب للسكن العائلي الكبير أو للاستثمار وتأجير الوحدات.

💰 السعر: مليون و٦٠٠ تفاوض بسيط .

📞 للتواصل: خاص او على الرقم ((الرقم يظهر عند الضغط على اتصال))",21.48208,39.989663,https://images.aqar.fm/webp/750x0/props/004454928_1788591800583.jpg,1,حنان بنت مصلح بن عثمان الكربي,,,2026-09-05,2026-09-05,2026-09-05,121,2026-09-20,True,"1,600,000",False,عمارة
6723573,https://sa.aqar.fm/عمائر-للبيع/مكة-المكرمة/حي-التنعيم/شارع-شارع-88-النبعة-حي-التنعيم-مدينة-مكة-المكرمة-منطقة-مكة-المكرمة-6723573,"عمارة للبيع في شارع شارع 88 النبعة, حي التنعيم, مدينة مكة المكرمة, منطقة مكة المكرمة",1500000,299,,,,11,حي التنعيم,مكة المكرمة,حي التنعيم,"السلام عليكم
للبيع عقار مكوّن من أربع شقق، كل شقة تتكون من أربع غرف وصالة ومطبخ ودورتين مياه ، موزعة على دورين مع سطح. العقار مؤجّر بالكامل، ويبلغ الدخل السنوي 48,000﷼ الموقع: العمرة – حي النبعة، خلف دار الفتيات. المطلوب : مليون ونصف وقابل للتفاوض",21.493383,39.796164,https://images.aqar.fm/webp/750x0/props/019386640_1780895059506.jpg | https://images.aqar.fm/webp/750x0/props/019386648_1780895059501.jpg | https://images.aqar.fm/webp/750x0/props/019386642_1780895059518.jpg,3,عبدالله محمد بن عبدالله سمان,,,2026-06-08,2026-06-08,2026-06-08,37,2026-09-20,True,"1,500,000",False,عمارة
6847685,https://sa.aqar.fm/عمائر-للبيع/مكة-المكرمة/حي-النزهة/شارع-عبد-الملك-بن-عبد-الملك-بن-درباس-حي-النزهة-مدينة-مكة-المكرمة-منطقة-مكة-المكرمة-6847685,"عمارة للبيع في شارع عبد الملك بن عبد الملك بن درباس, حي النزهة, مدينة مكة المكرمة, منطقة مكة المكرمة",3000000,604,,,,11,حي النزهة,مكة المكرمة,حي النزهة,"عمارة سكنية للبيع في حي الستين – مكة المكرمة 📍

فرصة مميزة للسكن بموقع حيوي قريب من الطريق الدائري الثالث داخل الحد وجميع الخدمات الأساسية.

▪️ مساحة الأرض: 604 م²
▪️ الواجهة: غربية
▪️ شارع عرض 20 متر
▪️ تبعد حوالي 1 كم عن الطريق الدائري الثالث
▪️ تبعد حوالي 15 دقيقة عن المسجد الحرام
▪️ عمر العقار: 30 سنة – مرمم حديثاً
▪️ يوجد مصعد

🏢 مكونات العمارة:
دور تسوية + أرضي + دورين متكررة + ملحق

🔹 دور التسوية:
غرفة سائق + مستودع + مواقف لـ 3 سيارات + صالة استقبال كبيرة

🔹 الدور الأرضي:
شقة مستقلة بمدخل وحوش خاص
تتكون من:
5 غرف + صالة كبيرة مفتوحة + 4 دورات مياه + مطبخ مع مخزن
💰 مؤجرة حالياً بـ 35,000 ريال سنوياً

🔹 الأدوار العلوية بنظام دوبلكس مفتوح:
كل دور يحتوي على:
5 غرف + 2 صالون كبير + صالة واسعة مفتوحة + 7 دورات مياه + 2 مطبخ كبير

🔹 الملحق:
غرفة خادمة + غرفة غسيل + سطح واسع

⚡️ عدد 4 عدادات كهرباء

📍 جميع الخدمات متوفرة بالقرب من العقار:
مدارس، مطاعم، مراكز تسوق، بنوك، مستشفى، حدائق، مركز شرطة، دفاع مدني وغيرها

💰 المطلوب: 3,300,000 ريال
عقار مناسب للسكن العائلي في موقع مميز داخل مكة المكرمة",21.436866,39.784235,https://images.aqar.fm/webp/750x0/props/052520401_1788025178630.jpg | https://images.aqar.fm/webp/750x0/props/052520409_1788025178642.jpg | https://images.aqar.fm/webp/750x0/props/052520403_1788025212630.jpg,3,اديب بن سمير بن رشدي اورقنجى,مؤسسة خوارزم الحجاز,1,2026-08-29,2026-08-29,2026-09-19,44,2026-09-20,True,"3,000,000",False,عمارة
6563991,https://sa.aqar.fm/عمائر-للبيع/مكة-المكرمة/حي-الكعكية/شارع-عكرمه-بن-خالد-حي-الكعكية-مدينة-مكة-المكرمة-منطقة-مكة-المكرمة-6563991,"عمارة للبيع في شارع عكرمه بن خالد, حي الكعكية, مدينة مكة المكرمة, منطقة مكة المكرمة",2300000,702,,,,11,حي الكعكية,مكة المكرمة,حي الكعكية,"⛔️ المطلوب: ٢ مليون و ٥٠٠ 

🔺عمارة للبيع في حي الكعكية 
🔺 المساحة : ٧٠٠ م 
🔺 شارع عرض ٢٠م
🔺تقع العمارة في موقع مميز بالقرب من الواحة مول 
🔺القرب من الخدمات التجارية 
🔺تقع بين الدائري الثالث و الرابع مما يسهل الدخول والخروج للمخطط
🔶العمارة عبارة دورين مكونة من ٤ شقق 
🔶كل شقة مكونة من ٥ غرف + صالة واسعة 
🔶العمارة مؤسسة على اربع أدوار 
🔶عمرها ١٩ سنة و حالياً مؤجرة ايجار سنوي بـ ١٠٠ الف ريال 

❇️ المطلوب : ٢ مليون و ٥٠٠ ألف

يسعدنا تواصلكم لتفاصيل أكثر
❇️إطلالة عقار .. عقار و استثمار  ((رقم المعلن يظهر عند التواصل))",21.385493,39.810128,https://images.aqar.fm/webp/750x0/props/042991315_1769488078946.jpg | https://images.aqar.fm/webp/750x0/props/042991314_1769488107245.jpg | https://images.aqar.fm/webp/750x0/props/042991311_1769488107278.jpg | https://images.aqar.fm/webp/750x0/props/042991312_1769488107217.jpg,4,انور بن مصلح بن جمعان اللحيانى,,,2026-01-27,2026-08-28,2026-09-20,378,2026-09-20,True,"2,300,000",False,عمارة
6637693,https://sa.aqar.fm/عمائر-للبيع/مكة-المكرمة/حي-السلامة/شارع-191-حي-السلامة-الجنوبية-حي-السلامة-مكة-منطقة-مكة-المكرمة-6637693,"عمارة للبيع في شارع شارع 212 حي السلامة الجنوبية, حي السلامة, مدينة مكة المكرمة, منطقة مكة المكرمة",2000000,352,,,,11,حي السلامة,مكة المكرمة,حي السلامة,عماره سكنيه خمس عدادات خزان كبير وفيها خدمات المياه وصك اكتروني ولا عليها اي التزامات مؤجره بالكامل وبعض الشقق مؤثثه بالكامل وخلفها ارض في المنصه مساحتها اكثر من ١٠٠٠ متر,21.4447429223648,39.777043773516546,https://images.aqar.fm/webp/750x0/props/001324441_1775047922370.jpg | https://images.aqar.fm/webp/750x0/props/001324445_1775047922406.jpg | https://images.aqar.fm/webp/750x0/props/001324442_1775047922348.jpg | https://images.aqar.fm/webp/750x0/props/001324444_1775047922316.jpg | https://images.aqar.fm/webp/750x0/props/001324446_1775047922344.jpg | https://images.aqar.fm/webp/750x0/props/001324444_1775047922307.jpg | https://images.aqar.fm/webp/750x0/props/001324444_1775047922297.jpg | https://images.aqar.fm/webp/750x0/props/001324441_1775047922313.jpg,8,محمد علي محمد الشهري,,,2026-04-01,2026-04-06,2026-09-14,458,2026-09-20,True,"2,000,000",False,عمارة
6753116,https://sa.aqar.fm/عمائر-للبيع/مكة-المكرمة/حي-العوالي/شارع-البويرك-حي-العوالي-مدينة-مكة-المكرمة-منطقة-مكة-المكرمة-6753116,"عمارة للبيع في شارع البويرك, حي العوالي, مدينة مكة المكرمة, منطقة مكة المكرمة",4000000,884,,,,11,حي العوالي,مكة المكرمة,حي العوالي,"عماره للبيع العوالي خلف مدارس البشري بنين تتكون من :

المساحة (( 884  )) متر

-العماره علي حرف T شارعين 15 متر أمامها مواقف واليمين 
حديقه ومسجد.

-عدد الشقق   (( 13 )) شقه 

-الدور الأرضي (( 5 )) شقق

-الدور الاول (( 6 )) شقق

-المحلق   (( 2  )) شقه

-بدروم بكامل  العماره 

-مصعد 

-العقار مؤجر كامل 

-اجمالي عدد الغرف (( 43 )) غرفه

-وجهة العقار 37 متر 

-عمر العقار حدود 18سنه

-السعر المطلوب (( 4 مليون )) و500",21.355877,39.917,https://images.aqar.fm/webp/750x0/props/001884729_1782761195949.jpg | https://images.aqar.fm/webp/750x0/props/001884720_1782761224440.jpg | https://images.aqar.fm/webp/750x0/props/001884727_1782761224433.jpg | https://images.aqar.fm/webp/750x0/props/001884723_1782761224443.jpg | https://images.aqar.fm/webp/750x0/props/001884725_1782761224451.jpg | https://images.aqar.fm/webp/750x0/props/001884720_1782761224443.jpg | https://images.aqar.fm/webp/750x0/props/001884723_1782761224598.jpg | https://images.aqar.fm/webp/750x0/props/001884724_1782761224438.jpg,8,سعود سلطان بن عليثه الدعجاني,,,2026-06-29,2026-06-29,2026-09-19,554,2026-09-20,True,"4,000,000",False,عمارة
6871111,https://sa.aqar.fm/عمائر-للبيع/مكة-المكرمة/حي-النزهة/شارع-عبد-الملك-بن-عبد-الملك-بن-درباس-حي-النزهة-مدينة-مكة-المكرمة-منطقة-مكة-المكرمة-6871111,"عمارة للبيع في شارع عبد الملك بن عبد الملك بن درباس, حي النزهة, مدينة مكة المكرمة, منطقة مكة المكرمة",5000000,520,,,,10,حي النزهة,مكة المكرمة,حي النزهة,"عمارة سكنية للبيع – مكة المكرمة | حي النزهة

فرصة استثمارية مميزة لعمارة سكنية مؤجرة بالكامل، تقع في حي النزهة بمكة المكرمة خلف جامع الصبان، في موقع راقٍ وعلى شارع بعرض 20 متر.

كما يوجد بجانب العقار زقاق جانبي نافذ، مما يتيح إمكانية دراسة إضافة سلم طوارئ من جهة الزقاق في حال الرغبة في تطوير استخدام العقار مستقبلًا، وذلك وفق الأنظمة والاشتراطات المعتمدة.

تفاصيل العقار
المساحة: 530 م²
عدد الأدوار: 6 أدوار + ملحق
عمر العقار: 15 سنة
صك إلكتروني
الوحدات مؤجرة بالكامل
العقار يتم ترميمه وتجديده باستمرار
الملاك يقيمون في العقار ويتابعون أعمال الصيانة بشكل مستمر
توزيع الوحدات

الدور الأرضي + الدور الأول
وحدة كاملة بنظام فيلا، وتضم:

حوش أرضي كبير خاص
مدخلين خاصين
إمكانية تقسيم الوحدة إلى شقق
مدخل مستقل لسكان الأدوار العلوية

الدور الثاني

شقة: 5 غرف + غرفة خادمة + 3 دورات مياه
شقة: 3 غرف + 2 دورة مياه

الدور الثالث

شقة: 4 غرف + غرفة خادمة + 3 دورات مياه
شقة: 4 غرف + 3 دورات مياه

الدور الرابع

شقتان
كل شقة: 4 غرف + 3 دورات مياه

الدور الخامس – روف

6 غرف
4 دورات مياه
غرفة خادمة

دور الملحق

شقة: 3 غرف + 2 دورة مياه
غرفة ستوديو مستقلة بدورة مياه
أبرز المميزات

موقع مميز في حي النزهة، وحدات متنوعة، إشغال كامل، صيانة مستمرة، ومدخل مستقل للأدوار العلوية، مما يجعل العقار مناسبًا لمن يبحث عن أصل عقاري قائم بعائد وتأجير فعلي مع إمكانية دراسة تطوير الاستخدام مستقبلًا وفق الأنظمة.",21.437979,39.785034,https://images.aqar.fm/webp/750x0/props/001328873_1789238173155.jpg | https://images.aqar.fm/webp/750x0/props/001328870_1789238173057.jpg | https://images.aqar.fm/webp/750x0/props/001328876_1789238172944.jpg | https://images.aqar.fm/webp/750x0/props/001328874_1789238172949.jpg | https://images.aqar.fm/webp/750x0/props/001328874_1789238172956.jpg | https://images.aqar.fm/webp/750x0/props/001328877_1789238173117.jpg | https://images.aqar.fm/webp/750x0/props/001328873_1789238173118.jpg | https://images.aqar.fm/webp/750x0/props/001328877_1789238173128.jpg | https://images.aqar.fm/webp/750x0/props/001328874_1789238173025.jpg | https://images.aqar.fm/webp/750x0/props/001328874_1789238173033.jpg | https://images.aqar.fm/webp/750x0/props/001328876_1789238173036.jpg | https://images.aqar.fm/webp/750x0/props/001328873_1789238173034.jpg | https://images.aqar.fm/webp/750x0/props/001328871_1789238173032.jpg | https://images.aqar.fm/webp/750x0/props/001328879_1789238172941.jpg | https://images.aqar.fm/webp/750x0/props/001328878_1789238172938.jpg | https://images.aqar.fm/webp/750x0/props/001328872_1789238173038.jpg | https://images.aqar.fm/webp/750x0/props/001328875_1789238173121.jpg | https://images.aqar.fm/webp/750x0/props/001328878_1789238173120.jpg | https://images.aqar.fm/webp/750x0/props/001328875_1789238173134.jpg | https://images.aqar.fm/webp/750x0/props/001328870_1789238173134.jpg | https://images.aqar.fm/webp/750x0/props/001328875_1789238173271.jpg | https://images.aqar.fm/webp/750x0/props/001328878_1789238172945.jpg,22,عبدالعزيز فاضل,شركة اطوار السعودية للتسويق العقاري,1,2026-09-12,2026-09-12,2026-09-16,21,2026-09-20,True,"5,000,000",False,عمارة
6350233,https://sa.aqar.fm/عمائر-للبيع/مكة-المكرمة/حي-العدل/شارع-ثبير-حي-جبل-النور-مكة-منطقة-مكة-المكرمة-6350233,عمارة للبيع في شارع ثبير ، حي جبل النور ، مكة ، منطقة مكة المكرمة,3500000,462,,,,5,حي العدل,مكة المكرمة,حي العدل,"السعر قابل للتفاوض
‎عمارة ثلاثة أدوار وملحق وبدروم كل دور من شقتين والملحق شقتين حي الغساله مخطط حراء ومساحتها ( ٤٦٢ ) متر مربع على شارعين 
‎١/ غرف عدد ( ٣٢ )غرفه
‎٢/ مطبخ عدد ( ٨ ) مطابخ بعازل مائي مع المخازن التابعه لها
‎٣/ حمامات عدد ( ٣٢ )حمام بعازل مائي 
‎٤/ المصاعد عدد ( ٢ ) بعدد ثمانية راكب للمصعد الواحد واحد منها جاهز وشغال 
‎٥/ درج طوارئ عدد ( ٢ ) واحد منها نازل للبدروم والبوابة والاخر للبوابة 
‎٦/ سطحين أمامي وخلفي مع عازل مائي وحراري 
‎٧/ خزان معزول بسعة ( ١٤ ) تريله ماء 
‎٨/ بدروم بحمام ومغاسل له بوابه داخليه وبوابه خارجيه
‎٩/ جميعها مكيفه من شركة يورك من الجفالي والبويات الداخليه والخارجية من الجزيره 
‎١٠/ براميل الماءعدد(  ٢ ) الزامل بسعة خمسة الاف لتر كل واحد الفين وخمسمائة لتر
‎١١/ الاساسات والاعمدة ( ١٦ / ١٨) حديد سابك بالخرائط والكوروكيات
‎١٢/ الواجهه حجر أردني مع رخام 
‎١٠/ أنظمة السلامة وطفيات الحريق راكبه وجاهزه",21.44401,39.865616,https://images.aqar.fm/webp/750x0/props/047808666_1756138992467.jpg | https://images.aqar.fm/webp/750x0/props/047808662_1756138991874.jpg | https://images.aqar.fm/webp/750x0/props/047808668_1756138991891.jpg | https://images.aqar.fm/webp/750x0/props/047808666_1756138991874.jpg | https://images.aqar.fm/webp/750x0/props/047808665_1756138992283.jpg,5,عبدالرحمن عيد بن عويض السلمي,,,2025-08-25,,2026-09-19,177,2026-09-20,False,طلب تسويق,False,عمارة
6867305,https://sa.aqar.fm/عمائر-للبيع/مكة-المكرمة/حي-الزاهر/حي-الزاهر-مكة-منطقة-مكة-المكرمة-6867305,عمارة للبيع في حي الزاهر ، مكة ، منطقة مكة المكرمة,4000000,400,,,,25,حي الزاهر,مكة المكرمة,حي الزاهر,عماره 4 ادوار  وملحق علوي ومصعد,21.443926,39.792503,https://images.aqar.fm/webp/750x0/props/001749026_1789016177032.jpg,1,عماد بن عبدالرحمن بن محمد باناعمه,,,2026-09-10,,2026-09-10,17,2026-09-20,False,طلب تسويق,False,عمارة
6483315,https://sa.aqar.fm/عمائر-للبيع/مكة-المكرمة/حي-الشوقية/شارع-شارع-عمرو-بن-مالك-بن-عمير-حي-الشوقية-مدينة-مكة-المكرمة-منطقة-مكة-المكرمة-6483315,"عمارة للبيع في شارع شارع عمرو بن مالك بن عمير, حي الشوقية, مدينة مكة المكرمة, منطقة مكة المكرمة",3000000,630,,,,11,حي الشوقية,مكة المكرمة,حي الشوقية,"عمارة للبيع  الشوقية

- المساحة 630 متر
مكونة من:
- الدور الأرضي: شقتين مكونة من, أربع غرف, ثلاث دورات مياه, صالة, مطبخ
- الدور الأول: شقتين مكونة من, خمس غرف, ثلاث دورات مياه, صالة, مطبخ
- الملحق الرئيسي: صالون نساء, صالون رجال, صالة, ثلاث غرف نوم, أربع دورات مياه, مطبخ, مخزن
- الملحق الإضافي: غرفة نوم, دورة مياه, صالة بإطلالة على السطح, مطبخ أمريكي 
- السطح يوجد به خيمة مؤثثة ومجهزة بالكامل تتكون من ثلاث غرف
- على مقربة من جميع الخدمات الحيوية: مطاعم, مقاهي, متاجر
- على مقربة من ممشى الشوقية الجديد
- يبعد ثمانية كم عن المسجد الحرام


للتواصل والإستفسار: ((رقم المعلن يظهر عند التواصل))",21.382013,39.79326,https://images.aqar.fm/webp/750x0/props/037592327_1764246726086.jpg | https://images.aqar.fm/webp/750x0/props/037592324_1764246726087.jpg | https://images.aqar.fm/webp/750x0/props/037592328_1764246726089.jpg | https://images.aqar.fm/webp/750x0/props/037592325_1771228610545.jpg,4,حمد فهد بن حمد النافع,شركة حمد فهد النافع العقارية شخص واحد قابضة,1,2025-11-27,2026-03-27,2026-09-20,1853,2026-09-20,True,"3,000,000",False,عمارة
6883604,https://sa.aqar.fm/عمائر-للبيع/مكة-المكرمة/حي-العمرة-الجديدة/شارع-الجنيون-حي-العمرة-مدينة-مكة-المكرمة-منطقة-مكة-المكرمة-6883604,"عمارة للبيع في شارع الجنيون, حي العمرة, مدينة مكة المكرمة, منطقة مكة المكرمة",1600000,450,,,,11,حي العمرة الجديدة,مكة المكرمة,حي العمرة الجديدة,"عمارة للببع 
 موقع مميز 
مكة - النوارية - مخطط سلمان 
مساحة الارض ٤٥٠م٢
الدور الأرضي شقة ٥ غرف 
الدور الأول شقتين كل شقة ٤ غرف 
الدور الثاني شقتين شقة ٤ غرف وشقة ٣ غرف 
ملحق صغير غرفة وحمام 
على شارع ١٥م 
عمر العمارة فوق٢٠ سنة 
العمارة مجددة وفيها شقق مؤجرة 

قريبة من الخدمات 
قريبة من المدارس 
بجوار مسجد جامع 
قريبة من الشارع التجاري 
متوفر شبكة الماء - الصرف الصحي- الالياف البصرية 
مطلوب مليون و٦٠٠ قابل للتفاوض 

كاش وليس عن طريق البنك 
واتس ((الرقم يظهر عند الضغط على اتصال))",21.553521,39.781443,,,صالح بن عواض,مكتب النخبة لخدمتكم العقارية,1,2026-09-20,2026-09-20,2026-09-20,2,2026-09-20,True,"1,600,000",False,عمارة
6392178,https://sa.aqar.fm/عمائر-للبيع/مكة-المكرمة/حي-الحمراء-و-ام-الجود/شارع-ابو-المحاسن-الخياط-حي-أم-الجود-مكة-منطقة-مكة-المكرمة-6392178,"عمارة للبيع في شارع 20258703, حي الحمراء, مدينة مكة المكرمة, منطقة مكة المكرمة",3500000,607,,,,6,حي الحمراء و ام الجود,مكة المكرمة,حي الحمراء و ام الجود,"عمارة للبيع مكونه من ٩ شقق.  
التفاصيل. كتالي.    ٤ شقق. من. ٥ عرف وصالة ومطبخ. و٣ حمامات.   مساحة كل شقة ١٧٠م

٣شقق من. ٤ غرف.  وصالة ومطبخ. و٣ حمات. مساحة كل شقة ١٥٠م. 

٢ شقتين من ٣ غرف. وصالة ومطبخ و٣ حمامات.   مساحة. الشقة. ١٣٠م.  
+ ٤ غرف.   بالمواقف.     +  مصعد.  + لكل شقة خزان.  علوي وارضي.     قريب من. جميع. الخدامات.  ومن ممشي الحمراء. وجامع.  العنود.    وجامع. الهدي.  منطقة راقيه.  حيث. الهدؤ.   تبعد عن الحرم. المكي. ١٠ دقيقة.  من اطلالة العمارة تشوف.  الحرم.    السعر المطلوب.  ٣ مليون. وخمسمائة. الف ريال.   لزبون الجاد",21.426317,39.769697,https://images.aqar.fm/webp/750x0/props/018389151_1758463071675.jpg,1,غرمان علي صغير آل مريف,مؤسسة اكنان المطور للعقار,1,2025-09-21,2026-09-20,2026-09-15,2786,2026-09-20,True,"3,500,000",False,عمارة
6884033,https://sa.aqar.fm/عمائر-للبيع/مكة-المكرمة/حي-العزيزية/شارع-الهيئة-حي-العزيزية-مدينة-مكة-المكرمة-منطقة-مكة-المكرمة-6884033,"عمارة للبيع في شارع الهيئة, حي العزيزية, مدينة مكة المكرمة, منطقة مكة المكرمة",55000000,750,,,,11,حي العزيزية,مكة المكرمة,حي العزيزية,"للبيع عمارة بحي محبس الجن ٥ طوابق 
كل طابق شقتين 
السعر ٥.٥٠٠.٠٠٠",21.420264,39.862607,https://images.aqar.fm/webp/750x0/props/034384639_1789914708676.jpg | https://images.aqar.fm/webp/750x0/props/034384633_1789914708665.jpg | https://images.aqar.fm/webp/750x0/props/034384636_1789914708720.jpg | https://images.aqar.fm/webp/750x0/props/034384632_1789914708642.jpg,4,عبدالله بن خالد بن عبدالله السلطان,مؤسسة عبدالله خالد بن عبدالله السلطان العقارية,1,2026-09-20,2026-09-20,2026-09-20,4,2026-09-20,True,"55,000,000",False,عمارة
6885056,https://sa.aqar.fm/عمائر-للبيع/مكة-المكرمة/حي-الخالدية/شارع-صيفي-بن-عامر-حي-الخالدية-مدينة-مكة-المكرمة-منطقة-مكة-المكرمة-6885056,"عمارة للبيع في شارع صيفي بن عامر, حي الخالدية, مدينة مكة المكرمة, منطقة مكة المكرمة",11000000,722,,,,4,حي الخالدية,مكة المكرمة,حي الخالدية,"فرصة استثمارية مميزة في حي الخالدية 1 – خلف مستودعات الشربتلي، عمارة بتشطيبات فاخرة وتجهيزات متكاملة، ومناسبة للاستثمار في موسم الحج.

تفاصيل العقار:

* مساحة الأرض: 722م²
* واجهتان على شارعين، عرض كل شارع 15م
* بدروم + دور مواقف + 4 أدوار سكنية
* 16 شقة
* كل شقة مكونة من 4 غرف
* لكل غرفة حمام مستقل
* أرضيات ومغاسل رخام
* واجهات رخامية
* البدروم رخام
* مصعدان فوجي
* خزان مياه بسعة 30 تريلا
* فيلا بمساحة 350م²
* الموقف مجهز بالرخام والاستقبال
* العمارة جاهزة للتصنيف
* الدخل السنوي للحج فقط: من 650,000 إلى 700,000 ريال

💰 السعر: 11,000,000 ريال
قابل للتفاوض للجادين

📍 الموقع: مكة – الخالدية 1 – خلف مستودعات الشربتلي

📞 للتواصل والاستفسار: ((الرقم يظهر عند الضغط على اتصال))
مؤسسة الشموخ الحديثة للعقارات
رقم ترخيص الإعلان العقاري: 72011397454",21.405957,39.797887,https://images.aqar.fm/webp/750x0/props/052110492_1789940231372.jpg | https://images.aqar.fm/webp/750x0/props/052110495_1789940231370.jpg | https://images.aqar.fm/webp/750x0/props/052110497_1789940231330.jpg | https://images.aqar.fm/webp/750x0/props/052110494_1789940231370.jpg | https://images.aqar.fm/webp/750x0/props/052110491_1789940231373.jpg | https://images.aqar.fm/webp/750x0/props/052110491_1789940231371.jpg | https://images.aqar.fm/webp/750x0/props/052110496_1789940231368.jpg | https://images.aqar.fm/webp/750x0/props/052110497_1789940231380.jpg,8,عبدالله هشام,مكتب الشموخ الحديثة للعقارات,1,2026-09-20,2026-09-20,2026-09-20,2,2026-09-21,True,"11,000,000",False,عمارة
6885045,https://sa.aqar.fm/عمائر-للبيع/مكة-المكرمة/حي-الراشدية/شارع-الكروم-حي-الراشدية-مدينة-مكة-المكرمة-منطقة-مكة-المكرمة-6885045,"عمارة للبيع في شارع الكروم, حي الراشدية, مدينة مكة المكرمة, منطقة مكة المكرمة",3000000,600,,,,6,حي الراشدية,مكة المكرمة,حي الراشدية,"العماره تتكون من 6 شقق مؤجرة بالكامل 
الارضي شقتين كل شقه اربع غرف ومطبخ وصاله وحمامين 
الدور الاول شقتين كل شقة تتكون من 5 غرف ومطبخ وصاله وحمامين 
والدور الثاني نفس الاول 
بالاضافه يوجد غرفه في السطوح بحمام 
ويوجد مصعد 
العمارة مؤجرة بالكامل 
دخل العمارة السنوي تقريباً : يتراوح من 80 الى 120
( عمر العقار تقريباً 6 سنوات )
المطلوب : 3,000,000 قابل للتفاوض البسيط للجاد
( غير شامل السعي 2.5% )",21.478353,39.983968,https://images.aqar.fm/webp/750x0/props/054629518_1789939915377.jpg,1,عبدالله عبدالرحمن,,,2026-09-20,2026-09-20,2026-09-20,3,2026-09-21,True,"3,000,000",False,عمارة
6885411,https://sa.aqar.fm/عمائر-للبيع/مكة-المكرمة/حي-البحيرات/شارع-الارطاوية-حي-العقبة-الشمالي-مدينة-مكة-المكرمة-منطقة-مكة-المكرمة-6885411,"عمارة للبيع في شارع الارطاوية, حي العقبة الشمالي, مدينة مكة المكرمة, منطقة مكة المكرمة",3300000,600,,,,7,حي البحيرات,مكة المكرمة,حي البحيرات,"شركة سهم العقارية
رقم العرض 480
للتواصل / ((الرقم يظهر عند الضغط على اتصال))
___
للبيع عمارة في موقع مميز على واجهتين 
في مكة المكرمة - العمره - داخل حدود الحرم المكي
المساحة: 600 متر مربع
المطلوب: 3,300,000
___
-مكونة من دور مواقف ودورين شقق وسطح
-دور المواقف يتسع لـ7 سيارات بالإضافة لـ4 مواقف خارجية
-الدور الأول ثلاثة شقق من ثلاثة غرف وثلاثة دورات مياة وصاله ومطبخ
-الدور الثاني ثلاثة شقق من ثلاثة غرف وثلاثة دورات مياة وصالة ومطبخ
-السطح يحتوي على مجلس كبير مع دورة مياة ومغاسل خارجية
___
-مصعد قولدن لاين
-7 عدادات كهرباء
-مؤجرة بقيمة 120 ألف عقود الكترونية
-بناء شخصي بجودة عالية مؤسس لـ 7 أدوار
-تم الحصول على شهادة الأشغال إتمام البناء
-الماء شبكة مع العين مع خزان يتسع لـ 12 وايت
لمزيد من الاستفسارات فضلا التواصل مع الرقم",21.505204,39.762072,,,بدور بندر,مكتب سهم الغرب للخدمات العقارية,1,2026-09-21,2026-09-21,2026-09-21,1,2026-09-21,True,"3,300,000",False,عمارة
6886918,https://sa.aqar.fm/عمائر-للبيع/مكة-المكرمة/حي-العزيزية/شارع-الهيئة-حي-العزيزية-مدينة-مكة-المكرمة-منطقة-مكة-المكرمة-6886918,"عمارة للبيع في شارع الهيئة, حي العزيزية, مدينة مكة المكرمة, منطقة مكة المكرمة",5500000,750,,,,11,حي العزيزية,مكة المكرمة,حي العزيزية,"للبيع فرصه استثماريه مميزه عمارة ٥ طوابق 
١٠ شقق 
كل شقه ٥ غرف",21.420264,39.862607,https://images.aqar.fm/webp/750x0/props/034384633_1790022777379.jpg | https://images.aqar.fm/webp/750x0/props/034384635_1790022777223.jpg | https://images.aqar.fm/webp/750x0/props/034384630_1790022777394.jpg | https://images.aqar.fm/webp/750x0/props/034384639_1790022777383.jpg | https://images.aqar.fm/webp/750x0/props/034384634_1790022777399.jpg | https://images.aqar.fm/webp/750x0/props/034384636_1790022777207.jpg,6,عبدالله بن خالد بن عبدالله السلطان,مؤسسة عبدالله خالد بن عبدالله السلطان العقارية,1,2026-09-21,2026-09-21,2026-09-21,2,2026-09-21,True,"5,500,000",False,عمارة
