listing_id,url,title,price,area_sqm,rooms,bathrooms,livings,age_years,district,city,direction,description,latitude,longitude,images,images_count,advertiser_name,advertiser_company,advertiser_type,created_at,published_at,last_update,views,date_scraped,published,price_text,price_was_missing,property_type
6731672,https://sa.aqar.fm/فلل-للبيع/الرياض/شرق-الرياض/حي-الصفا/شارع-أحمد-بن-أصبغ-حي-الصفاء-مدينة-الرياض-منطقة-الرياض-6731672,"فيلا للبيع في شارع أحمد بن أصبغ, حي الصفاء, مدينة الرياض, منطقة الرياض",2100000,200,4,5,3,0,حي الصفا,الرياض,شرق الرياض,"🌟موقع استراتيجي🌟
فلل سكنية فاخرة وفخمة وعصرية✨
مشروع فلل جوهرة الريادة | حي الصفا

📍المشروع يبعد عن طريق النهضة  2 دقيقتين
📍وعن محطة المترو 2 دقيقتين 
📍وعن مشروع seven 4 دقائق
📍 وعن جامع الراجحي 6 دقائق
📍 وعن طريق خريص 6 دقائق 
📍وعن حديقة الملك عبدالله 9 دقائق
📍 وعن الدائري الشرقي 5 دقائق

قريب جدا من الخدمات والمسجد والحديقة 

——————————
🌟مميزات المشروع:
-تكييف مركزي ❄️
-تأسيس مكيفات ❄️
-مواقف سيارات خاصة 🚗
-واجهات خارجية حديثة 🌟
-نظام دخول ذكي 
-عدادات مياه وكهرباء مستقله ⚡️
-خزانات مستقلة 💦
-تأسيس كاميرات خارجية 📷

اسعار مدروسة وما تحصل مثلها ان شاءالله 😉

المكونات:
-موقف سيارة خاص
-مجلس مع مغاسل ودورة مياه مستقلة
-صالتي جلوس
-صالة طعام
-مطبخ
-4 غرف نوم منها اثنتان ماستر
ويوجد نموذج اخر  كلها ماستر
-غرفة خادمة
-غرفة غسيل
-سطح خاص

البيع بدون سعي!!!

ضمانات تصل حتى 25 سنة 🌟🌟
وضمان شامل على المطور سنتين 😍

الصامل له سعر خاص

للتفاصيل والأسعار - المبيعات
551118480",24.667165,46.760016,https://images.aqar.fm/webp/750x0/props/052396429_1781960148308.jpg | https://images.aqar.fm/webp/750x0/props/052396426_1781960172249.jpg | https://images.aqar.fm/webp/750x0/props/052396421_1781960172201.jpg | https://images.aqar.fm/webp/750x0/props/052396421_1781960172219.jpg | https://images.aqar.fm/webp/750x0/props/052396420_1781960222082.jpg | https://images.aqar.fm/webp/750x0/props/052396427_1781960222087.jpg | https://images.aqar.fm/webp/750x0/props/052396429_1781960222089.jpg | https://images.aqar.fm/webp/750x0/props/052396427_1781960276554.jpg | https://images.aqar.fm/webp/750x0/props/052396420_1781960276561.jpg | https://images.aqar.fm/webp/750x0/props/052396425_1781960276543.jpg | https://images.aqar.fm/webp/750x0/props/052396421_1781960276588.jpg | https://images.aqar.fm/webp/750x0/props/052396429_1781960276552.jpg | https://images.aqar.fm/webp/750x0/props/052396423_1781960276562.jpg | https://images.aqar.fm/webp/750x0/props/052396427_1781960276593.jpg | https://images.aqar.fm/webp/750x0/props/052396420_1781960276552.jpg | https://images.aqar.fm/webp/750x0/props/052396424_1781960307146.jpg | https://images.aqar.fm/webp/750x0/props/052396422_1781960307112.jpg | https://images.aqar.fm/webp/750x0/props/052396420_1781960307107.jpg | https://images.aqar.fm/webp/750x0/props/052396422_1781960307116.jpg | https://images.aqar.fm/webp/750x0/props/052396421_1781960307146.jpg | https://images.aqar.fm/webp/750x0/props/052396424_1781960307146.jpg | https://images.aqar.fm/webp/750x0/props/052396426_1781960307106.jpg | https://images.aqar.fm/webp/750x0/props/052396428_1781960307149.jpg | https://images.aqar.fm/webp/750x0/props/052396424_1781960383909.jpg | https://images.aqar.fm/webp/750x0/props/052396420_1781960383877.jpg | https://images.aqar.fm/webp/750x0/props/052396423_1781960383887.jpg,26,المقداد ماجد عبدالعزيز الهزاني,مؤسسة فوادن الاعمار,1,2026-06-13,2026-06-13,2026-08-19,226,2026-08-23,True,"2,100,000",False,فيلا
6650792,https://sa.aqar.fm/فلل-للبيع/الرياض/شرق-الرياض/حي-الصفا/شارع-الصفا-حي-الصفاء-مدينة-الرياض-منطقة-الرياض-6650792,"فيلا للبيع في شارع الصفا, حي الصفاء, مدينة الرياض, منطقة الرياض",5200000,400,,0,0,0,حي الصفا,الرياض,شرق الرياض,$5b,24.666888,46.776261,https://images.aqar.fm/webp/750x0/props/046116284_1775939352104.jpg | https://images.aqar.fm/webp/750x0/props/046116282_1775939352112.jpg | https://images.aqar.fm/webp/750x0/props/046116284_1775939352105.jpg | https://images.aqar.fm/webp/750x0/props/046116281_1775939352124.jpg | https://images.aqar.fm/webp/750x0/props/046116289_1775939352119.jpg | https://images.aqar.fm/webp/750x0/props/046116283_1775939352170.jpg | https://images.aqar.fm/webp/750x0/props/046116289_1775939352116.jpg,7,فهد بن عبدالله بن عبدالعزيز الحوشاني,,,2026-04-11,2026-07-10,2026-08-18,255,2026-08-23,True,"5,200,000",False,فيلا
6743768,https://sa.aqar.fm/فلل-للبيع/الرياض/شرق-الرياض/حي-الصفا/طريق-النهضة-حي-الصفا-الرياض-منطقة-الرياض-6743768,فيلا للبيع في طريق النهضة ، حي الصفا ، الرياض ، منطقة الرياض,3000000,625,7,6,2,30,حي الصفا,الرياض,شرق الرياض,"للبيع فيلا دورين مفصوله حي الصفا مناسبة للمستثمر و السكن

معلومات الفيلا 

المساحة 625
على شارع ٢٠ غربي 
 
عمرها اكثر من ٣٥ سنه 
مجددة ، ومفصولة بالكامل دورين
تبعد عن الدائري الشرقي ٢٠٠ متر 
قريبه من مركز الحبيب الطبي (الجديد )
دورين 
الدور الأرضي مطبخ مستودع للمطبخ + ثلاث غرف + صالة + مجلس+ دورتين مياه + ملحق خارجي مع حمام وحوش .
الدور الأول بمدخل خاص مجلس + صالة + مطبخ + غرفتين نوم + دورتين مياه + ملحق علوي مع دورة المياه .
غاز مركزي

النطاق الشامل للخدمات العقاريه 

مع الوكيل مباشر 

057o572552 / 057o579559 للاستفسار",24.666773,46.764799,,,بندر خالد عبدالله الشثري,مؤسسة النطاق الشامل للخدمات العقارية,1,2026-06-22,,2026-08-18,93,2026-08-23,False,طلب تسويق,False,فيلا
6547556,https://sa.aqar.fm/فلل-للبيع/الرياض/شرق-الرياض/حي-الصفا/شارع-عمر-بن-أحمد-بن-العديم-حي-الصفاء-مدينة-الرياض-منطقة-الرياض-6547556,"فيلا للبيع في شارع عمر بن أحمد بن العديم, حي الصفاء, مدينة الرياض, منطقة الرياض",2340000,3904,4,1,0,0,حي الصفا,الرياض,شرق الرياض,"مشروع فلل بعد - شركة نقش للاستثمار
مكون من 18 فيلا بمساحات متنوعة

————————————

*فيلا زاوية / 216 م*
*2,450,000*

*فيلا وسط / 216*
*2,350,000*

*فيلا وسط / 224م*
*2,480,000*

*_______________________*

*موقع المشروع 📍*

https://maps.app.goo.gl/oZabCNKByPwqzg1B6?g_stg_st=ipc


————————————

تواصل معنا : 920031327",24.667939,46.768288,https://images.aqar.fm/webp/750x0/props/036351425_1784803672200.jpg,1,عبدالرحمن محمد عبدالله البصيلي,شركة نقش للاستثمار,1,2026-01-15,2026-01-15,2026-07-27,3365,2026-08-23,True,"2,340,000",False,فيلا
6652975,https://sa.aqar.fm/فلل-للبيع/الرياض/شرق-الرياض/حي-الصفا/شارع-الصفا-حي-الصفاء-مدينة-الرياض-منطقة-الرياض-6652975,"فيلا للبيع في شارع الصفا, حي الصفاء, مدينة الرياض, منطقة الرياض",3500000,336,,5,4,0,حي الصفا,الرياض,شرق الرياض,"🌟 Brand New Villa for Sale 🌟

Neighborhood: Al Safa

Golden Square

Near Noor Al Huda Mosque

Luxury Finishing
Stone Facade

Area: 336 sq m
15m North Street
20m South Street

The villa's layout is well-organized and includes:

(7 suites)

All master suites

Elevator available and ready
Near Noor Al Huda Mosque
• 3 electricity meters
• Close to the Eastern Ring Road
• In the Golden Square
• Close to a school complex
• Close to all services

Current Asking Price:

3,450,000 SAR

Sale is imminent

Directly with the owner
Abu Salman Al Mahous
0595412500

🌟 للبيع فلة جديدة 🌟 

الحي: الصفا  

المربع الذهبي 

`قريبة من جامع نور الهدى`

تشطيب فاخر 
واجهات حجر

المساحة: 336 م
شارع 15 شمالي
شارع 20 جنوبي

مخطط الفله مرتب يحتوي :
 ( 7 أجنحة )
`كلها ماستر`
متوفر وجاهز ( مصعد )
قريبة من جامع نور الهدى شيبة الحمد 
• 3 عدادات كهرباء 
• قريية من الدائري الشرقي 
• في المخطط الذهبي
• قريبة من مجمع مدارس 
•قريبة من جميع الخدمات 

السوم الآن :
3،450،000

والبيع قريب

مع المالك مباشرة 
أبو سلمان المهوس 
0595412500",24.668684,46.775804,https://images.aqar.fm/webp/750x0/props/005327810_1776081686971.jpg | https://images.aqar.fm/webp/750x0/props/005327816_1776081696591.jpg | https://images.aqar.fm/webp/750x0/props/005327811_1776081696589.jpg | https://images.aqar.fm/webp/750x0/props/005327814_1776081696591.jpg | https://images.aqar.fm/webp/750x0/props/005327813_1776081696676.jpg | https://images.aqar.fm/webp/750x0/props/005327810_1776081696687.jpg | https://images.aqar.fm/webp/750x0/props/005327812_1776081696591.jpg | https://images.aqar.fm/webp/750x0/props/005327813_1776081696589.jpg | https://images.aqar.fm/webp/750x0/props/005327818_1776081696668.jpg,9,عبدالرحمن المهوس,,,2026-04-13,2026-05-12,2026-07-10,773,2026-08-23,True,"3,500,000",False,فيلا
6749185,https://sa.aqar.fm/فلل-للبيع/الرياض/شرق-الرياض/حي-الصفا/شارع-يحيى-بن-إسماعيل-حي-الصفاء-مدينة-الرياض-منطقة-الرياض-6749185,"فيلا للبيع في شارع يحيى بن إسماعيل, حي الصفاء, مدينة الرياض, منطقة الرياض",2150000,200,4,1,0,0,حي الصفا,الرياض,شرق الرياض,"للبيع فيلا فاخرة
واجهة شرقية مساحة 200 متر السعر: 2,150,000 ريال
المواصفات:
غرفة سائق
نموذج بملحق خارجي
خمس غرف نوم",24.668895,46.75867,https://images.aqar.fm/webp/750x0/props/031906814_1782505745317.jpg | https://images.aqar.fm/webp/750x0/props/031906814_1782505745317.jpg,2,خالد حمد,مؤسسة رداح العقارية,1,2026-06-26,2026-07-26,2026-07-26,132,2026-08-23,True,"2,150,000",False,فيلا
6771764,https://sa.aqar.fm/فلل-للبيع/الرياض/شرق-الرياض/حي-الصفا/شارع-الأمير-عبدالمحسن-بن-عبدالعزيز-حي-الصفا-الرياض-منطقة-الرياض-6771764,فيلا للبيع في شارع الأمير عبدالمحسن بن عبدالعزيز ، حي الصفا ، الرياض ، منطقة الرياض,3000000,253,4,5,2,0,حي الصفا,الرياض,شرق الرياض,فلل رواس,24.662662,46.761538,https://images.aqar.fm/webp/750x0/props/036351423_1783950953333.jpg | https://images.aqar.fm/webp/750x0/props/036351428_1783950953348.jpg | https://images.aqar.fm/webp/750x0/props/036351425_1783950953368.jpg | https://images.aqar.fm/webp/750x0/props/036351428_1783950953368.jpg | https://images.aqar.fm/webp/750x0/props/036351425_1783950953368.png | https://images.aqar.fm/webp/750x0/props/036351427_1783950953366.png | https://images.aqar.fm/webp/750x0/props/036351423_1783950953368.png,7,عبدالرحمن محمد عبدالله البصيلي,شركة نقش للاستثمار,1,2026-07-13,,2026-07-13,94,2026-08-23,False,طلب تسويق,False,فيلا
6571245,https://sa.aqar.fm/فلل-للبيع/الرياض/شرق-الرياض/حي-الصفا/شارع-ممر14-حي-الصفا-الرياض-منطقة-الرياض-6571245,"فيلا للبيع في شارع 25098060, حي الصفاء, مدينة الرياض, منطقة الرياض",2750000,300,5,5,3,0,حي الصفا,الرياض,شرق الرياض,"الفيلا الأخيرة بالمشروع

تشطيب مميز

أسقف مرتفعة   + ٤م

موقع رائع ومرتفع",24.66354,46.773334,https://images.aqar.fm/webp/750x0/props/006464667_1769960967553.jpg | https://images.aqar.fm/webp/750x0/props/006464669_1769960967547.jpg,2,صلاح بن عبدالعزيز بن علي الراجحي,,,2026-02-01,2026-02-01,2026-08-14,5834,2026-08-23,True,"2,750,000",False,فيلا
6820886,https://sa.aqar.fm/فلل-للبيع/الرياض/شرق-الرياض/حي-الصفا/حي-الصفاء-مدينة-الرياض-منطقة-الرياض-6820886,"فيلا للبيع في حي الصفاء, مدينة الرياض, منطقة الرياض",1750000,200,5,5,2,0,حي الصفا,الرياض,شرق الرياض,"للبيع          : فيلا 
الحي         : الصفا 
المساحه  : ٢٠٠م
الشارع       : ١٨م 
الواجهه   : غرب 
البيع       : مليون و ٧٥٠ الف
#️⃣المواصفات#️⃣ مدخل سياره، مجلس، مقلط، صاله، مطبخ ودورة مياه 
#️⃣الدور الأول#️⃣ ٤ غرف نوم وصاله ودورتين مياه 
#️⃣السطح#️⃣ صاله وسطح وغرفه ودورة مياه ومؤسس لغرفه اضافيه",24.671889,46.759634,https://images.aqar.fm/webp/750x0/props/001388170_1786639919521.jpg | https://images.aqar.fm/webp/750x0/props/001388177_1786639919525.jpg | https://images.aqar.fm/webp/750x0/props/001388176_1786639919687.jpg | https://images.aqar.fm/webp/750x0/props/001388173_1786639919596.jpg | https://images.aqar.fm/webp/750x0/props/001388179_1786639919603.jpg | https://images.aqar.fm/webp/750x0/props/001388172_1786639919730.jpg | https://images.aqar.fm/webp/750x0/props/001388174_1786639919775.jpg | https://images.aqar.fm/webp/750x0/props/001388175_1786639919805.jpg | https://images.aqar.fm/webp/750x0/props/001388176_1786639919872.jpg | https://images.aqar.fm/webp/750x0/props/001388173_1786639919944.jpg,10,محمد الدرعاني,شركة مجموعة الدرعاني العقارية,1,2026-08-13,2026-08-13,2026-08-23,321,2026-08-23,True,"1,750,000",False,فيلا
6535054,https://sa.aqar.fm/فلل-للبيع/الرياض/شرق-الرياض/حي-الصفا/حي-الصفاء-مدينة-الرياض-منطقة-الرياض-6535054,"فيلا للبيع في حي الصفاء, مدينة الرياض, منطقة الرياض",1350000,258,5,4,2,0,حي الصفا,الرياض,شرق الرياض,"تاون هاوس علوي للبيع بحي الصفا:
مساحة: 258م
عرض الشارع: 20م
مدخل للسيارة
مدخلين

يتكون من:
الدور الاول:
مجلس رجال مع بلكونة
صالة
غرفه نوم
مطبخ
دورتين مياه

الدور العلوي:
عدد 3 غرف نوم منهم غرفة ماستر
غرفه خادمة
دورة مياه
سطح

المميزات:
علي بضع دقائق من طريق عمر بن الخطاب
علي بضع دقائق من طريق النهضة
علي بضع دقائق من طريق الامير متعب بن عبد العزيز
علي بضع دقائق من محطات النقل السريع

السعر: 1,400,000 ألف ريال قابل للتفاوض

للتواصل والاستفسار: ((رقم المعلن يظهر عند التواصل))



متوفر لدينا خدمة توثيق عقود الإيجار السكني والتجاري عبر منصة إيجار بسرعة وموثوقية، بشكل رسمي ومعتمد.
تواصل الآن وخلّص عقدك بسهولة: ((رقم المعلن يظهر عند التواصل))

إتــحــاد الــنــجــاح لـلــعــقــارات
كل خدماتك العقارية في مكان واحد",24.664618,46.771515,https://images.aqar.fm/webp/750x0/props/007690302_1767632914131.jpg | https://images.aqar.fm/webp/750x0/props/007690307_1767632913777.jpg | https://images.aqar.fm/webp/750x0/props/007690300_1767632913776.jpg | https://images.aqar.fm/webp/750x0/props/007690306_1767632913776.jpg | https://images.aqar.fm/webp/750x0/props/007690305_1767632913788.jpg | https://images.aqar.fm/webp/750x0/props/007690301_1767632913808.jpg | https://images.aqar.fm/webp/750x0/props/007690304_1767632913807.jpg | https://images.aqar.fm/webp/750x0/props/007690304_1767632913818.jpg | https://images.aqar.fm/webp/750x0/props/007690307_1767632913822.jpg | https://images.aqar.fm/webp/750x0/props/007690301_1767632913821.jpg | https://images.aqar.fm/webp/750x0/props/007690306_1767632913978.jpg | https://images.aqar.fm/webp/750x0/props/007690308_1767632913983.jpg | https://images.aqar.fm/webp/750x0/props/007690309_1767632913992.jpg | https://images.aqar.fm/webp/750x0/props/007690300_1767632913992.jpg | https://images.aqar.fm/webp/750x0/props/007690303_1767632914005.jpg | https://images.aqar.fm/webp/750x0/props/007690307_1767632914020.jpg | https://images.aqar.fm/webp/750x0/props/007690305_1767632914020.jpg | https://images.aqar.fm/webp/750x0/props/007690303_1767632914048.jpg | https://images.aqar.fm/webp/750x0/props/007690306_1767632914050.jpg | https://images.aqar.fm/webp/750x0/props/007690303_1767632914053.jpg | https://images.aqar.fm/webp/750x0/props/007690303_1767632914088.jpg | https://images.aqar.fm/webp/750x0/props/007690303_1767632914073.jpg | https://images.aqar.fm/webp/750x0/props/007690305_1767632914080.jpg | https://images.aqar.fm/webp/750x0/props/007690305_1767632914095.jpg | https://images.aqar.fm/webp/750x0/props/007690300_1767632914097.jpg | https://images.aqar.fm/webp/750x0/props/007690301_1767632914125.jpg | https://images.aqar.fm/webp/750x0/props/007690300_1767632914120.jpg | https://images.aqar.fm/webp/750x0/props/007690300_1767632914121.jpg | https://images.aqar.fm/webp/750x0/props/007690300_1767632914134.jpg | https://images.aqar.fm/webp/750x0/props/007690302_1767632914178.jpg | https://images.aqar.fm/webp/750x0/props/007690304_1767632914150.jpg,31,عبدالله مسفر سالم العرجاني,مكتب اتحاد النجاح للعقارات,1,2026-01-05,2026-01-05,2026-08-18,13451,2026-08-23,True,"1,350,000",False,فيلا
6551880,https://sa.aqar.fm/فلل-للبيع/الرياض/شرق-الرياض/حي-الصفا/حي-الصفاء-مدينة-الرياض-منطقة-الرياض-6551880,"فيلا للبيع في حي الصفاء, مدينة الرياض, منطقة الرياض",2200000,200,4,7,2,0,حي الصفا,الرياض,شرق الرياض,"فيلا دوبلكس للبيع بحي الصفا تتكون من:
الدور الأرضي:
حوش بمدخل سيارة
مجلس
صالة
مطبخ
دورتين مياه

الدور الأول:
عدد 4 غرف نوم منهم 3 غرف ماستر
دورة مياه

الدور الثاني:
صالة مع بلكونة
دورة مياه
غرفة خادمة بدورة مياه
سطح

المساحة: 200م
الواجهة: جنوبية
عرض الشارع: 20م

المميزات:
مؤسس للمصعد
الموقع علي بعد خطوات من شارع الامير متعب بن عبدالعزيز
ضمانات علي التاسيس بالكامل

السعر: 2,200,000 الف ريال

للتواصل والاستفسار: ((رقم المعلن يظهر عند التواصل))



متوفر لدينا خدمة توثيق عقود الإيجار السكني والتجاري عبر منصة إيجار بسرعة وموثوقية، بشكل رسمي ومعتمد.
تواصل الآن وخلّص عقدك بسهولة: ((رقم المعلن يظهر عند التواصل))

إتــحــاد الــنــجــاح لـلــعــقــارات
كل خدماتك العقارية في مكان واحد",24.667173,46.772317,https://images.aqar.fm/webp/750x0/props/007690302_1768759357479.jpg | https://images.aqar.fm/webp/750x0/props/007690304_1768759357460.jpg | https://images.aqar.fm/webp/750x0/props/007690305_1768759357451.jpg | https://images.aqar.fm/webp/750x0/props/007690305_1768759357218.jpg | https://images.aqar.fm/webp/750x0/props/007690302_1768759357502.jpg | https://images.aqar.fm/webp/750x0/props/007690304_1768759357152.jpg | https://images.aqar.fm/webp/750x0/props/007690303_1768759357500.jpg | https://images.aqar.fm/webp/750x0/props/007690307_1768759357215.jpg | https://images.aqar.fm/webp/750x0/props/007690300_1768759357497.jpg | https://images.aqar.fm/webp/750x0/props/007690304_1768759357156.jpg | https://images.aqar.fm/webp/750x0/props/007690304_1768759357224.jpg | https://images.aqar.fm/webp/750x0/props/007690303_1768759357218.jpg | https://images.aqar.fm/webp/750x0/props/007690301_1768759357177.jpg | https://images.aqar.fm/webp/750x0/props/007690300_1768759357180.jpg | https://images.aqar.fm/webp/750x0/props/007690307_1768759357189.jpg | https://images.aqar.fm/webp/750x0/props/007690300_1768759357148.jpg | https://images.aqar.fm/webp/750x0/props/007690300_1768759357185.jpg | https://images.aqar.fm/webp/750x0/props/007690306_1768759357146.jpg | https://images.aqar.fm/webp/750x0/props/007690301_1768759357174.jpg,19,عبدالله مسفر سالم العرجاني,مكتب اتحاد النجاح للعقارات,1,2026-01-18,2026-01-18,2026-08-18,2530,2026-08-23,True,"2,200,000",False,فيلا
6713884,https://sa.aqar.fm/فلل-للبيع/الرياض/شرق-الرياض/حي-الصفا/شارع-رافع-بن-يزيد-الأنصاري-حي-الصفاء-مدينة-الرياض-منطقة-الرياض-6713884,"فيلا للبيع في شارع رافع بن يزيد الأنصاري, حي الصفاء, مدينة الرياض, منطقة الرياض",2150000,276,5,,1,0,حي الصفا,الرياض,شرق الرياض,"فيلا للبيع بحي الصفا 

موقع مميز وقريب من محطة مترو جرير
قريب من جميع الخدمات 
مؤسس لها مصعد 
 شارع 25
 المساحة: 200 م²

 مواصفات الفيلا:

 الدور الأرضي:

مجلس 
صالة
مطبخ 
دورتا مياه
غرفة خادمة
تكييف كاست للمطبخ

 الدور الأول:

اربع غرف نوم اثنتان منها ماستر 

 الدور الثاني:

غرفة نوم
صالة
غرفة غسيل
دورة مياه

للتواصل والاستفسارات 
((الرقم يظهر عند الضغط على اتصال))
((الرقم يظهر عند الضغط على اتصال))",24.669102,46.759041,https://images.aqar.fm/webp/750x0/props/000142653_1781797851022.png | https://images.aqar.fm/webp/750x0/props/000142653_1780245336045.jpg | https://images.aqar.fm/webp/750x0/props/000142651_1781797561305.jpg | https://images.aqar.fm/webp/750x0/props/000142652_1781797561284.jpg | https://images.aqar.fm/webp/750x0/props/000142650_1781797561222.jpg | https://images.aqar.fm/webp/750x0/props/000142658_1781797561239.jpg | https://images.aqar.fm/webp/750x0/props/000142656_1781797561273.jpg | https://images.aqar.fm/webp/750x0/props/000142659_1781797561239.jpg | https://images.aqar.fm/webp/750x0/props/000142653_1781797561251.jpg | https://images.aqar.fm/webp/750x0/props/000142656_1781797561256.jpg | https://images.aqar.fm/webp/750x0/props/000142650_1781797561267.jpg | https://images.aqar.fm/webp/750x0/props/000142653_1781797561233.jpg | https://images.aqar.fm/webp/750x0/props/000142656_1781797561269.jpg | https://images.aqar.fm/webp/750x0/props/000142653_1781797561234.jpg | https://images.aqar.fm/webp/750x0/props/000142657_1781797561289.jpg | https://images.aqar.fm/webp/750x0/props/000142656_1781797561304.jpg | https://images.aqar.fm/webp/750x0/props/000142654_1781797561285.jpg | https://images.aqar.fm/webp/750x0/props/000142655_1781797561311.jpg | https://images.aqar.fm/webp/750x0/props/000142655_1781797561300.jpg | https://images.aqar.fm/webp/750x0/props/000142654_1781797561284.jpg | https://images.aqar.fm/webp/750x0/props/000142654_1781797561204.jpg | https://images.aqar.fm/webp/750x0/props/000142651_1781797561291.jpg | https://images.aqar.fm/webp/750x0/props/000142651_1781797575501.jpg | https://images.aqar.fm/webp/750x0/props/000142659_1781797578814.jpg,24,صالح ناهض هملان البقمي,مؤسسة مكتب قطب الشمال للخدمات العقارية,1,2026-05-31,2026-07-28,2026-08-20,603,2026-08-23,True,"2,150,000",False,فيلا
6661240,https://sa.aqar.fm/فلل-للبيع/الرياض/شرق-الرياض/حي-الصفا/شارع-عيسى-الملاحي-حي-الصفاء-مدينة-الرياض-منطقة-الرياض-6661240,"فيلا للبيع في شارع عيسى الملاحي, حي الصفاء, مدينة الرياض, منطقة الرياض",1900000,200,5,3,3,0,حي الصفا,الرياض,شرق الرياض,"🏡 للبيع فيلا دوبلكس في حي الصفا

فرصة سكنية مميزة بسعر مغري وموقع قريب من أهم الطرق
⸻
📍 تفاصيل العقار:

* الموقع: حي الصفا
* المساحة: 200 م²
* الواجهة: جنوبية
* عرض الشارع: 20 متر

⸻
🏠 مكونات الفيلا:

الدور الأرضي:

* حوش بمدخل سيارة
* مجلس
* صالة
* مطبخ
* دورتين مياه

الدور الأول:

* 4 غرف نوم (3 منها ماستر)
* دورة مياه

الدور الثاني:

* صالة مع بلكونة
* دورة مياه
* غرفة خادمة بدورة مياه
* سطح

⸻

✨ المميزات:

* موقع مميز قريب من شارع الأمير متعب بن عبدالعزيز
* شارع واسع 20 متر
* مؤسس مصعد
* تصميم عملي مناسب للعوائل
* ضمانات على التأسيس بالكامل

⸻

💰 السعر:

1,900,000 ريال

✨ فرصة ممتازة مقارنة بأسعار الحي 

مجموعة الدرعاني للإستثمارات العقارية  نسعد بتواصلكم بالاتصال او الواتس آب     

✅ 0551063337
✅ 0532213711",24.669683,46.771974,https://images.aqar.fm/webp/750x0/props/005052913_1776613030670.jpg | https://images.aqar.fm/webp/750x0/props/005052916_1776613030867.jpg | https://images.aqar.fm/webp/750x0/props/005052913_1776613030850.jpg | https://images.aqar.fm/webp/750x0/props/005052912_1776613030850.jpg,4,محمد الدرعاني,شركة مجموعة الدرعاني العقارية,1,2026-04-19,2026-08-14,2026-08-23,3218,2026-08-23,True,"1,900,000",False,فيلا
6622696,https://sa.aqar.fm/فلل-للبيع/الرياض/شرق-الرياض/حي-الصفا/شارع-محمد-بن-علي-التونسي-حي-الصفاء-مدينة-الرياض-منطقة-الرياض-6622696,"فيلا للبيع في شارع محمد بن علي التونسي, حي الصفاء, مدينة الرياض, منطقة الرياض",1249000,374,5,4,0,0,حي الصفا,الرياض,شرق الرياض,$5f,24.655821,46.756052,https://images.aqar.fm/webp/750x0/props/048808175_1773267210070.jpg | https://images.aqar.fm/webp/750x0/props/048808174_1773267231077.jpg | https://images.aqar.fm/webp/750x0/props/048808179_1773267231070.jpg,3,عبدالعزيز الجلعود,شركة راكز العقارية شركة شخص واحد,1,2026-03-11,2026-08-04,2026-08-23,3672,2026-08-23,True,"1,249,000",False,فيلا
6764830,https://sa.aqar.fm/فلل-للبيع/الرياض/شرق-الرياض/حي-الصفا/شارع-فاطمة-الزهراء-حي-الصفا-الرياض-منطقة-الرياض-6764830,"فيلا للبيع في شارع 0000, حي الصفاء, مدينة الرياض, منطقة الرياض",1485000,238,4,5,1,0,حي الصفا,الرياض,شرق الرياض,"*للبيع : تاون هاوس*  
الحي : الصفا 
المساحة : 240 م + 100 م اجزاء خاصة 
الواجهة شمال غرب مقابل حديقة حسب المخطط 
المواصفات : مدخل سيارة  . مجلس . مقلط . صالة . مطبخ . غرفة خادمة . غرفتين نوم واحدة ماستر 
الدور الاول : غرفتين نوم كلها ماستر 
الضمانات 
ضمان العيوب الخفية 10 سنوات 
ضمان افياش ومفاتيح الكهرباء 20 سنة 
ضمان مواسير السباكة 15 سنة 
ضمان الابواب الداخلية 10 سنوات 
ضمان الخلاطات والانارة 3 سنوات",24.663507706868042,46.75999982579371,https://images.aqar.fm/webp/750x0/props/007483853_1783498416924.jpg,1,محمد خالد ابراهيم الفعيم ,,,2026-07-08,2026-07-08,2026-08-19,1354,2026-08-23,True,"1,485,000",False,فيلا
6792468,https://sa.aqar.fm/فلل-للبيع/الرياض/شرق-الرياض/حي-الصفا/شارع-ابن-الخليفة-حي-الصفاء-مدينة-الرياض-منطقة-الرياض-6792468,"فيلا للبيع في شارع ابن الخليفة, حي الصفاء, مدينة الرياض, منطقة الرياض",2500000,612,4,0,0,11,حي الصفا,الرياض,شرق الرياض,"نعرض لكم فرصة استثمارية مميزة بحي الملز الرياض: 

فلة سكنية على مخطط ١٧٥١ قطعة ٣٦، مساحة الأرض ٦١٢٫٥ متر، ثلاثة أدوار وثمانية عشر وحدة، على شارعين عرض ٢٠ متر، بصك إلكتروني نظيف بدون قيود، ومؤجرة بعقود موثقة في إيجار بدخل تشغيلي قائم.

للجادين والاستفسار: مفتاح الثقة العقارية – جوال ((الرقم يظهر عند الضغط على اتصال))",24.664771,46.753572,https://images.aqar.fm/webp/750x0/props/052567583_1785147688150.jpg | https://images.aqar.fm/webp/750x0/props/052567582_1785147688135.jpg,2,يوسف غباش,شركة تراستي كيز,1,2026-07-27,2026-07-27,2026-08-03,94,2026-08-23,True,"2,500,000",False,فيلا
6686242,https://sa.aqar.fm/فلل-للبيع/الرياض/شرق-الرياض/حي-الصفا/شارع-ابن-الخليفة-حي-الصفاء-مدينة-الرياض-منطقة-الرياض-6686242,"فيلا للبيع في شارع ابن الخليفة, حي الصفاء, مدينة الرياض, منطقة الرياض",3500000,612,5,5,4,11,حي الصفا,الرياض,شرق الرياض,"للبيع فيلا استثمارية أو أرض مميزة بموقع زاوية

📍 الموقع: زاوية جنوبية غربية على شوارع 20م
📐 المساحة: 612.5 م² تقريباً
📏 الأطوال: 25 × 24.5
🏠 العمر: 29 سنة

▪️ العقار عبارة عن دورين
▪️ كل دور يتكون من 5 غرف
▪️ مؤجر بالكامل حالياً
▪️ الدخل السنوي: 150,000 ريال


العقار مناسب للاستثمار بعائد قائم، كما يعتبر فرصة ممتازة لإعادة التطوير وبيعها كأرض بحكم الموقع والمساحة المميزة",24.664771,46.753572,https://images.aqar.fm/webp/750x0/props/020065618_1778139761655.jpg | https://images.aqar.fm/webp/750x0/props/020065616_1778139761649.jpg,2,ساره راجح محمد الشهري,,,2026-05-07,2026-08-02,2026-08-21,264,2026-08-23,True,"3,500,000",False,فيلا
6525546,https://sa.aqar.fm/فلل-للبيع/الرياض/شرق-الرياض/حي-الصفا/شارع-حمودة-بن-عطية-حي-الصفاء-مدينة-الرياض-منطقة-الرياض-6525546,"فيلا للبيع في شارع حمودة بن عطية, حي الصفاء, مدينة الرياض, منطقة الرياض",1990000,400,4,5,1,0,حي الصفا,الرياض,شرق الرياض,"فيلا للبيع   -   على الخارطة

بيات هليز الصفا | مشروع فلل فاخرة
حي الصفا – الرياض

فلة فاخرة في مشروع بيات هليز الصفا من تطوير شركة دار بيات للتطوير والاستثمار العقاري، بتصاميم عصرية وجودة تنفيذ عالية، خيار مثالي للسكن الراقي أو الاستثمار.

✨
🏡 فلل سكنية متعددة النماذج
🛏️ 4 غرف نوم واسعة
🛋️ صالات معيشة عصرية
🍳 مطابخ عملية
🚿 دورات مياه بتشطيبات فاخرة
تبدأ من :
2،050،000 ريال


📍 موقع استراتيجي في حي الصفا – الرياض

https://maps.app.goo.gl/XvYEHeqpuqeq5uKR8?g_st=ipc

قريب من الطرق الرئيسية والخدمات الحيوية، مع سهولة الوصول إلى أهم مرافق المدينة.

🚗 مواقف سيارات خاصة
🏗️ تصميم معماري حديث مودرن
💎 تشطيبات عالية الجودة
📈 فرصة سكنية واستثمارية مميزة

📎 للاطلاع على المخططات والتفاصيل الكاملة، يرجى مراجعة البروشور المرفق:

https://drive.google.com/file/d/1-bJJir1gqsJOsPA2kcNK0lrGrDQxUjsr/view?usp=drivesdk

☎️ بالخدمة لأي تفاصيل أخرى
((رقم المعلن يظهر عند التواصل))",24.669535,46.760318,https://images.aqar.fm/webp/750x0/props/030414684_1767009172220.jpg | https://images.aqar.fm/webp/750x0/props/030414687_1767009172231.jpg | https://images.aqar.fm/webp/750x0/props/030414686_1767009172226.jpg | https://images.aqar.fm/webp/750x0/props/030414685_1767009172228.jpg | https://images.aqar.fm/webp/750x0/props/030414686_1767009172242.jpg | https://images.aqar.fm/webp/750x0/props/030414685_1767009172232.jpg | https://images.aqar.fm/webp/750x0/props/030414689_1767009172188.jpg | https://images.aqar.fm/webp/750x0/props/030414685_1767009172235.jpg | https://images.aqar.fm/webp/750x0/props/030414688_1767009172241.jpg | https://images.aqar.fm/webp/750x0/props/030414681_1767009172241.jpg | https://images.aqar.fm/webp/750x0/props/030414680_1767009172241.jpg | https://images.aqar.fm/webp/750x0/props/030414683_1767009172245.jpg | https://images.aqar.fm/webp/750x0/props/030414685_1767009172240.jpg | https://images.aqar.fm/webp/750x0/props/030414680_1767009172241.jpg | https://images.aqar.fm/webp/750x0/props/030414687_1767009172251.jpg | https://images.aqar.fm/webp/750x0/props/030414683_1767009172252.jpg | https://images.aqar.fm/webp/750x0/props/030414684_1767009172265.jpg | https://images.aqar.fm/webp/750x0/props/030414684_1767009172254.jpg | https://images.aqar.fm/webp/750x0/props/030414687_1767009172146.jpg | https://images.aqar.fm/webp/750x0/props/030414689_1767009172142.jpg | https://images.aqar.fm/webp/750x0/props/030414685_1767009172154.jpg | https://images.aqar.fm/webp/750x0/props/030414688_1767009172159.jpg | https://images.aqar.fm/webp/750x0/props/030414684_1767009172156.jpg | https://images.aqar.fm/webp/750x0/props/030414680_1767009172158.jpg | https://images.aqar.fm/webp/750x0/props/030414682_1767009172160.jpg | https://images.aqar.fm/webp/750x0/props/030414688_1767009172169.jpg | https://images.aqar.fm/webp/750x0/props/030414684_1778148788227.jpg | https://images.aqar.fm/webp/750x0/props/030414684_1778148788230.jpg | https://images.aqar.fm/webp/750x0/props/030414681_1778148788253.jpg | https://images.aqar.fm/webp/750x0/props/030414687_1778148856821.jpg,30,ناصر عبدالله ناصر المقبل,شركة دار بيات للتطوير والاستثمار العقاري,1,2025-12-29,2025-12-29,2026-08-20,3280,2026-08-23,True,"1,990,000",False,فيلا
6593471,https://sa.aqar.fm/فلل-للبيع/الرياض/شرق-الرياض/حي-الصفا/شارع-عمر-بن-الخطاب-حي-الصفاء-مدينة-الرياض-منطقة-الرياض-6593471,"فيلا للبيع في شارع عمر بن الخطاب, حي الصفاء, مدينة الرياض, منطقة الرياض",1200000,171,3,1,0,0,حي الصفا,الرياض,شرق الرياض,"للبيع بنت هاوس بحي الصفا مساحة ١٧١م 
يتكون من :
 مدخل سياره و مؤسس مصعد
 الدور الاول مجلس و صاله و غرفه نوم و مطبخ
 الدور الثاني ٣ غرف نوم و سطح
عرض الشارع ٢٠ غربي 

السعر مليون و  200 الف

ويوجد تاون هاوس",24.663715,46.775043,https://images.aqar.fm/webp/750x0/props/043967258_1771267973155.jpg | https://images.aqar.fm/webp/750x0/props/043967259_1771267972858.jpg | https://images.aqar.fm/webp/750x0/props/043967253_1771267972903.jpg | https://images.aqar.fm/webp/750x0/props/043967254_1771267972933.jpg | https://images.aqar.fm/webp/750x0/props/043967256_1771267972930.jpg | https://images.aqar.fm/webp/750x0/props/043967257_1771267973089.jpg | https://images.aqar.fm/webp/750x0/props/043967256_1771267973110.jpg | https://images.aqar.fm/webp/750x0/props/043967254_1771267973111.jpg,8,بشرى عبدالكريم,مؤسسة بيت الحكمة للخدمات العقارية,1,2026-02-16,2026-06-14,2026-08-21,4669,2026-08-23,True,"1,200,000",False,فيلا
6561463,https://sa.aqar.fm/فلل-للبيع/الرياض/شرق-الرياض/حي-الصفا/شارع-الامير-متعب-بن-عبدالعزيز-حي-الصفاء-مدينة-الرياض-منطقة-الرياض-6561463,"فيلا للبيع في شارع الامير متعب بن عبدالعزيز, حي الصفاء, مدينة الرياض, منطقة الرياض",2100000,338,4,,,0,حي الصفا,الرياض,شرق الرياض,"بدأ البيع في مشروع المجالات 78 تاون هاوس في حي الصفا
تاون هاوس فاخر بمساحة 542م2.
موقع مميز شرق مدينة الرياض نافذ على طريق عمر بن الخطاب رضي الله عنه وبالقرب من طريق الدائري الشرقي.
إشراف هندسي على كافة مراحل المشروع.
مواصفات ومرافق خاصة تعزز الاستقلالية والخصوصية
ضمانات متعددة تصل إلى 30 سنة.
تأمين ضد العيوب الخفية لمدة 10 سنوات.
خدمات مجانية للسنة الأولى.

المميزات
واجهات رخامية
مصعد راكب
تكييف مخفي
موقفين خاصة
مدخل خاص
مجلس مفصول
 3غرف ماستر
غرفة غسيل
غرفة خادمة
مستودع
حوش خاص
سطح خاص
بلكونة
دخول ذكي
كاميرات مراقبة
نوافذ عازلة
دش مطري
كراسي معلقة
استقلالية في عدادات المياه والكهرباء وخزان المياه.",24.66479,46.776132,https://images.aqar.fm/webp/750x0/props/040665689_1769351052902.jpg | https://images.aqar.fm/webp/750x0/props/040665689_1769351052891.jpg | https://images.aqar.fm/webp/750x0/props/040665687_1769351052895.jpg | https://images.aqar.fm/webp/750x0/props/040665687_1769351052895.jpg | https://images.aqar.fm/webp/750x0/props/040665687_1769351052888.jpg | https://images.aqar.fm/webp/750x0/props/040665684_1769351052905.jpg | https://images.aqar.fm/webp/750x0/props/040665680_1769351052895.jpg,7,طارق سليمان عبدالرحمن المحيذيف,شركة مغنى التميز العقارية شركة شخص واحد,1,2026-01-25,2026-08-17,2026-08-17,4587,2026-08-23,True,"2,100,000",False,فيلا
6614821,https://sa.aqar.fm/فلل-للبيع/الرياض/شرق-الرياض/حي-الصفا/شارع-زينب-الأنصارية-حي-الصفاء-مدينة-الرياض-منطقة-الرياض-6614821,"فيلا للبيع في شارع زينب الأنصارية, حي الصفاء, مدينة الرياض, منطقة الرياض",3100000,300,6,5,0,0,حي الصفا,الرياض,شرق الرياض,"تقدم مؤسسة نهج الحضارة للتطوير العقاري فلل سكنية مميزة للبيع في حي الصفا بمدينة الرياض، بتصميم حديث ومساحات عملية تناسب احتياجات الأسرة العصرية.

⸻

🏡 تفاصيل الفيلا

📐 المساحة: 300 م²

الدور الأرضي:
       • مداخل سمارات 
       • ملحق خارجي
	•مجلس رجال واسع بدورة مياه ومغاسل مستقلة
	•صالة عائلية كبيرة بإطلالة مميزة
	•صالة طعام 
	•مطبخ واسع بتصميم عملي
	•مستودع
      • غرفة خادمه بدورة المياه
      • غرفة غسيل 
	•دورات مياه

الدور الأول:
	•يتكون من 4 غرف نوم مع دورة مياه خاصة من ضمنها غرفة نوم ماستر مع غرفة ملابس 

	•صالة عائلية علوية


الشقه :
       • مدخل خاص
	•غرفتين نوم 
	•دورتين مياه
      •صالة عائلية
      • مطبخ
      • مجلس رجال 
	•سطح خاص مناسب للجلسات

❄️المميزات الفنيه :
✅تأسيس مصعد 
✅تأسيس تكييف مخفي لمجلس الرجال والصاله الرئيسيه وغرفة النوم الماستر 

🛡️ الضمانات

✅ ضمانات على الهيكل الإنشائي
✅ ضمانات السباكة
✅ ضمانات الكهرباء
✅ضمانات على الأبواب الداخليه 
✅ضمانات العزل المائي 
✅تأمين ضد العيوب الخفية 
✅ إشراف هندسي أثناء التنفيذ
✅ استخدام مواد بناء عالية الجودة


💰 السعر: 3,100,000 ريال",24.66764,46.772022,https://images.aqar.fm/webp/750x0/props/033972133_1772680547973.jpg | https://images.aqar.fm/webp/750x0/props/033972131_1772680548006.jpg | https://images.aqar.fm/webp/750x0/props/033972135_1772680547997.jpg | https://images.aqar.fm/webp/750x0/props/033972135_1772680548003.jpg | https://images.aqar.fm/webp/750x0/props/033972131_1772680547980.jpg | https://images.aqar.fm/webp/750x0/props/033972133_1772680547985.jpg | https://images.aqar.fm/webp/750x0/props/033972133_1772680548011.jpg | https://images.aqar.fm/webp/750x0/props/033972139_1772680547983.jpg,8,محمد المطيري,,,2026-03-05,2026-03-05,2026-08-22,1459,2026-08-23,True,"3,100,000",False,فيلا
6692425,https://sa.aqar.fm/فلل-للبيع/الرياض/شرق-الرياض/حي-الصفا/شارع-شارع-عقبة-الفارسي-حي-الصفاء-مدينة-الرياض-منطقة-الرياض-6692425,"فيلا للبيع في شارع شارع عقبة الفارسي, حي الصفاء, مدينة الرياض, منطقة الرياض",2900000,300,5,5,2,0,حي الصفا,الرياض,شرق الرياض,,24.667983,46.77224,https://images.aqar.fm/webp/750x0/props/044861732_1778513744848.jpg | https://images.aqar.fm/webp/750x0/props/044861738_1778513808161.jpg | https://images.aqar.fm/webp/750x0/props/044861730_1778513889070.jpg | https://images.aqar.fm/webp/750x0/props/044861732_1778513898851.jpg | https://images.aqar.fm/webp/750x0/props/044861730_1778513898856.jpg | https://images.aqar.fm/webp/750x0/props/044861735_1778513918671.jpg | https://images.aqar.fm/webp/750x0/props/044861733_1778513918649.jpg | https://images.aqar.fm/webp/750x0/props/044861733_1778513959941.jpg | https://images.aqar.fm/webp/750x0/props/044861735_1778513959915.jpg | https://images.aqar.fm/webp/750x0/props/044861739_1778513959930.jpg | https://images.aqar.fm/webp/750x0/props/044861730_1778513959941.jpg | https://images.aqar.fm/webp/750x0/props/044861739_1778513976635.jpg | https://images.aqar.fm/webp/750x0/props/044861736_1778513976631.jpg | https://images.aqar.fm/webp/750x0/props/044861731_1778513976633.jpg | https://images.aqar.fm/webp/750x0/props/044861739_1778513976648.jpg | https://images.aqar.fm/webp/750x0/props/044861735_1778513976649.jpg | https://images.aqar.fm/webp/750x0/props/044861734_1778513976635.jpg | https://images.aqar.fm/webp/750x0/props/044861734_1778513976646.jpg | https://images.aqar.fm/webp/750x0/props/044861733_1778513976646.jpg,19,ابراهيم بن محمد بن صالح البريدي,,,2026-05-11,2026-08-06,2026-08-23,856,2026-08-23,True,"2,900,000",False,فيلا
6697251,https://sa.aqar.fm/فلل-للبيع/الرياض/شرق-الرياض/حي-الصفا/شارع-الامير-متعب-بن-عبدالعزيز-حي-الصفاء-مدينة-الرياض-منطقة-الرياض-6697251,"فيلا للبيع في شارع الامير متعب بن عبدالعزيز, حي الصفاء, مدينة الرياض, منطقة الرياض",1890000,308,4,5,3,0,حي الصفا,الرياض,شرق الرياض,"بدأ البيع | مشروع المجالات 70 ( الفيّة )
📍 حي الصفا

تاون هاوس بتصميم راقٍ وتشطيبات عالية الجودة
بــمساحة إجمالية  470م²

⸻

🔹 الجودة والضمان

• إشراف هندسي على جميع مراحل المشروع
• ضمانات متعددة تصل إلى 30 سنة
• تأمين ضد العيوب الخفية لمدة 10 سنوات
• خدمات مجانية مقدمة للسنة الأولى 

⸻

🔹 المميزات

- فيلا مستقله 
- ⁠الخوصوصية التامة 
- ⁠عدادات كهرباء ومياه مفصولة 
- مصعد راكب، ومجهزة بنظام تكييف 
• نوافذ عازلة 
• موقفين خاصة
- 4 غرف نوم
- مجلس ضيافة وصالة طعام وصالة معيشة  
• تفاصيل فاخرة (دش مطري – كراسي معلّقة. 

⸻

🏡المجالات 70 ( الفية )
فخامة متوازنة… وتفاصيل صُنعت لتدوم.",24.667001,46.775045,https://images.aqar.fm/webp/750x0/props/047137205_1778768366460.jpg | https://images.aqar.fm/webp/750x0/props/047137205_1778768366290.jpg | https://images.aqar.fm/webp/750x0/props/047137203_1778768366118.jpg | https://images.aqar.fm/webp/750x0/props/047137206_1778768366292.jpg | https://images.aqar.fm/webp/750x0/props/047137200_1778768366682.jpg | https://images.aqar.fm/webp/750x0/props/047137203_1778768366681.jpg | https://images.aqar.fm/webp/750x0/props/047137205_1778768366460.jpg | https://images.aqar.fm/webp/750x0/props/047137205_1778768366290.jpg | https://images.aqar.fm/webp/750x0/props/047137203_1778768366118.jpg | https://images.aqar.fm/webp/750x0/props/047137206_1778768366292.jpg | https://images.aqar.fm/webp/750x0/props/047137200_1778768366682.jpg | https://images.aqar.fm/webp/750x0/props/047137203_1778768366681.jpg,12,طارق سليمان عبدالرحمن المحيذيف,شركة مغنى التميز العقارية شركة شخص واحد,1,2026-05-14,2026-08-09,2026-08-09,1513,2026-08-23,True,"1,890,000",False,فيلا
6632115,https://sa.aqar.fm/فلل-للبيع/الرياض/شرق-الرياض/حي-الصفا/شارع-شارع-عرض-18-حي-الصفاء-مدينة-الرياض-منطقة-الرياض-6632115,"فيلا للبيع في شارع شارع عرض 18, حي الصفاء, مدينة الرياض, منطقة الرياض",1900000,292,6,4,2,0,حي الصفا,الرياض,شرق الرياض,"مشروع اثمار نخبة
مساحات مختلفه و اسعار مميزه

مساحات تصل 309.49 متر

مواصفات المشروع
4غرفة نوم ٥+حمام+غرفة طعام+ ٣مصعد
+مطبخ+مغسلة+غرفة معيشة+غرفة
خادمة+مجلس+ ٣درج

ضمانات تصل 25 سنه",24.668534,46.758633,https://images.aqar.fm/webp/750x0/props/050175640_1774542802385.jpg | https://images.aqar.fm/webp/750x0/props/050175647_1774542802385.jpg | https://images.aqar.fm/webp/750x0/props/050175644_1774542802385.jpg | https://images.aqar.fm/webp/750x0/props/050175645_1774542802453.jpg | https://images.aqar.fm/webp/750x0/props/050175648_1774542802383.jpg | https://images.aqar.fm/webp/750x0/props/050175644_1774542802383.jpg | https://images.aqar.fm/webp/750x0/props/050175649_1774542802387.jpg | https://images.aqar.fm/webp/750x0/props/050175649_1774542802389.jpg | https://images.aqar.fm/webp/750x0/props/050175645_1774542802385.jpg | https://images.aqar.fm/webp/750x0/props/050175640_1774542802386.jpg | https://images.aqar.fm/webp/750x0/props/050175648_1774542802384.jpg | https://images.aqar.fm/webp/750x0/props/050175642_1774542802592.jpg | https://images.aqar.fm/webp/750x0/props/050175648_1774542802595.jpg | https://images.aqar.fm/webp/750x0/props/050175643_1774542802384.jpg | https://images.aqar.fm/webp/750x0/props/050175640_1774542802385.jpg | https://images.aqar.fm/webp/750x0/props/050175640_1774542802386.jpg | https://images.aqar.fm/webp/750x0/props/050175640_1774542802602.jpg | https://images.aqar.fm/webp/750x0/props/050175649_1774542802383.jpg | https://images.aqar.fm/webp/750x0/props/050175646_1774542802384.jpg | https://images.aqar.fm/webp/750x0/props/050175642_1774542802596.jpg,20,حسين مفلح,شركة همه للتطوير العقاري,1,2026-03-26,2026-08-19,2026-08-19,1272,2026-08-23,True,"1,900,000",False,فيلا
6658105,https://sa.aqar.fm/فلل-للبيع/الرياض/شرق-الرياض/حي-الصفا/شارع-محمد-بن-يعقوب-حي-الصفاء-مدينة-الرياض-منطقة-الرياض-6658105,"فيلا للبيع في شارع محمد بن يعقوب, حي الصفاء, مدينة الرياض, منطقة الرياض",1280000,235,5,5,2,0,حي الصفا,الرياض,شرق الرياض,"🏡 تاون هاوس علوي فاخر للبيع – حي الصفا

🔹 تفاصيل الوحدة:

الدور الأول:
	•	مجلس واسع مع بلكونة
	•	دورة مياه
	•	صالة رحبة
	•	مطبخ مغلق
	•	غرفة متعددة الاستخدام
	•	دورة مياه

الدور الثاني:
	•	3 غرف نوم (منها غرفة ماستر)
	•	صالة
	•	غرفة عاملة
	•	سطح خاص
	•	إجمالي دورات المياه: 3

🔹 المميزات:
	•	تأمين من شركة التعاونية لمدة 10 سنوات
	•	ضمانات تصل حتى 25 سنة
	•	تأسيس مصعد
	•	عدادات كهرباء ومياه مستقلة
	•	مدخل سيارة
	•	مدخلين منفصلين للدور الأول

📐 المساحة: 235 م²

💰 السعر: 
حالياً : 1،280،000
سابقاً : 1،400،000

📞 للتواصل: ((الرقم يظهر عند الضغط على اتصال))

📄 رخصة فال: 1100293093
📢 تصريح إعلاني: 7100274662

———————————————————-

🏡 Luxury Townhouse for Sale – Al Safa District

A great opportunity to own a modern home with an elegant design and well-planned spaces in a quiet and well-serviced neighborhood ✨

🔹 Property Details:

Ground Floor:
	•	Spacious majlis with balcony
	•	Bathroom
	•	Spacious living hall
	•	Closed kitchen
	•	Multi-purpose room
	•	Bathroom

First Floor:
	•	3 bedrooms (including 1 master bedroom)
	•	Living area
	•	Maid’s room
	•	Private rooftop
	•	Total bathrooms: 3

🔹 Features:
	•	10-year insurance by Tawuniya
	•	Guarantees up to 25 years
	•	Elevator provision
	•	Independent electricity and water meters
	•	Private parking
	•	Two separate entrances for the ground floor

📐 Area: 235 sqm

📞 Contact: ((الرقم يظهر عند الضغط على اتصال))

📄 Fal License: 1100293093
📢 Ad Permit: 7100274662

———————————————————",24.664741,46.771627,https://images.aqar.fm/webp/750x0/props/044861733_1776360775548.jpg | https://images.aqar.fm/webp/750x0/props/044861732_1776360826333.jpg | https://images.aqar.fm/webp/750x0/props/044861734_1776360858380.jpg | https://images.aqar.fm/webp/750x0/props/044861739_1776360924418.jpg | https://images.aqar.fm/webp/750x0/props/044861735_1776360952213.jpg | https://images.aqar.fm/webp/750x0/props/044861737_1776360952210.jpg | https://images.aqar.fm/webp/750x0/props/044861734_1776361004460.jpg | https://images.aqar.fm/webp/750x0/props/044861736_1776361004447.jpg | https://images.aqar.fm/webp/750x0/props/044861730_1776361004462.jpg | https://images.aqar.fm/webp/750x0/props/044861732_1776361004459.jpg | https://images.aqar.fm/webp/750x0/props/044861739_1776361004460.jpg | https://images.aqar.fm/webp/750x0/props/044861739_1776361004461.jpg | https://images.aqar.fm/webp/750x0/props/044861736_1776361004461.jpg | https://images.aqar.fm/webp/750x0/props/044861734_1776361123946.jpg | https://images.aqar.fm/webp/750x0/props/044861731_1776361123953.jpg | https://images.aqar.fm/webp/750x0/props/044861736_1776361123949.jpg | https://images.aqar.fm/webp/750x0/props/044861738_1776361123950.jpg | https://images.aqar.fm/webp/750x0/props/044861731_1776361123958.jpg | https://images.aqar.fm/webp/750x0/props/044861738_1776361123942.jpg,19,ابراهيم بن محمد بن صالح البريدي,,,2026-04-16,2026-08-11,2026-08-23,4363,2026-08-23,True,"1,280,000",False,فيلا
6543460,https://sa.aqar.fm/فلل-للبيع/الرياض/شرق-الرياض/حي-الصفا/شارع-محمد-بن-داود-بن-الجراح-حي-الصفاء-مدينة-الرياض-منطقة-الرياض-6543460,"فيلا للبيع في شارع محمد بن داود بن الجراح, حي الصفاء, مدينة الرياض, منطقة الرياض",3000000,375,4,7,3,0,حي الصفا,الرياض,شرق الرياض,"فيلا في ريفييرا 51
- تملك مسكنك الآن بموقع مميز بشرق الرياض في حي الصفا

• مميزات الفيلا :
- مساحات واسعة
- الفيلا مؤثثة 
- مدخل سيارة
- مساحة خارجية 
- أكثر من تيراس
- سطح 
- غرفة سائق
- غرفة عاملة 
- ضمانات تصل إلى 25 سنة

للتواصل : ((رقم المعلن يظهر عند التواصل))

#تملك الفخامة",24.663066,46.768079,https://images.aqar.fm/webp/750x0/props/000407422_1768222454930.jpg | https://images.aqar.fm/webp/750x0/props/000407424_1768222454203.jpg | https://images.aqar.fm/webp/750x0/props/000407428_1768222454848.jpg | https://images.aqar.fm/webp/750x0/props/000407429_1768222454211.jpg | https://images.aqar.fm/webp/750x0/props/000407428_1768222454280.jpg | https://images.aqar.fm/webp/750x0/props/000407420_1768222454794.jpg | https://images.aqar.fm/webp/750x0/props/000407429_1768222454789.jpg | https://images.aqar.fm/webp/750x0/props/000407425_1768222454788.jpg | https://images.aqar.fm/webp/750x0/props/000407426_1768222454828.jpg | https://images.aqar.fm/webp/750x0/props/000407424_1768222454827.jpg | https://images.aqar.fm/webp/750x0/props/000407429_1768222454948.jpg | https://images.aqar.fm/webp/750x0/props/000407421_1768222454969.jpg | https://images.aqar.fm/webp/750x0/props/000407423_1768222454342.jpg | https://images.aqar.fm/webp/750x0/props/000407427_1768222454516.jpg | https://images.aqar.fm/webp/750x0/props/000407426_1768222454521.jpg | https://images.aqar.fm/webp/750x0/props/000407424_1768222454581.jpg | https://images.aqar.fm/webp/750x0/props/000407427_1768222454585.jpg | https://images.aqar.fm/webp/750x0/props/000407421_1768222454601.jpg | https://images.aqar.fm/webp/750x0/props/000407422_1768222454649.jpg | https://images.aqar.fm/webp/750x0/props/000407422_1768222454681.jpg | https://images.aqar.fm/webp/750x0/props/000407423_1768222454698.jpg | https://images.aqar.fm/webp/750x0/props/000407428_1768222454709.jpg | https://images.aqar.fm/webp/750x0/props/000407424_1768222454703.jpg | https://images.aqar.fm/webp/750x0/props/000407426_1768222454278.jpg | https://images.aqar.fm/webp/750x0/props/000407420_1768222454275.jpg | https://images.aqar.fm/webp/750x0/props/000407424_1768222454312.jpg | https://images.aqar.fm/webp/750x0/props/000407420_1768222454308.jpg | https://images.aqar.fm/webp/750x0/props/000407427_1768222454307.jpg | https://images.aqar.fm/webp/750x0/props/000407426_1768222454310.jpg | https://images.aqar.fm/webp/750x0/props/000407425_1768222454344.jpg,30,عبدالرحمن عبدالله محمد العجلان,شركة محمد ومصعب عبدالله العجلان الاستثمارية شركة مساهمة غير مدرجة,1,2026-01-12,2026-01-12,2026-08-18,2210,2026-08-23,True,"3,000,000",False,فيلا
6787012,https://sa.aqar.fm/فلل-للبيع/الرياض/شرق-الرياض/حي-الصفا/شارع-محمد-بن-عمر-العرابي-حي-الصفاء-مدينة-الرياض-منطقة-الرياض-6787012,"فيلا للبيع في شارع محمد بن عمر العرابي, حي الصفاء, مدينة الرياض, منطقة الرياض",2350000,200,5,5,2,0,حي الصفا,الرياض,شرق الرياض,"الكتابة
🏡 فيلا دبلكس للبيع – حي الصفا
📍 الموقع: حي الصفا – موقع مميز جدًا
تفاصيل العقار
📐 المساحة: 200 م²
🛣️ الواجهة: شرقية
🚗 عرض الشارع: 20 متر
🏠 تتكون من 3 أدوار
الدور الأرضي
ملحق خارجي مستقل
مجلس رجال مع دورة مياه
صالة عائلية واسعة ومريحة
دورة مياه
مطبخ كبير
مساحة إضافية متعددة الاستخدامات
الدور الثاني
3 غرف نوم
غرفتان ماستر
دورة مياه تخدم الغرفة الثالثة
الدور الثالث
صالة علوية
منطقة مخصصة للغسيل
غرفة خادمة مع دورة مياه
سطح خدمات
غرفة واسعة مع دورة مياه
مميزات الموقع
✅ قريب من شارع الأمير متعب بن عبدالعزيز
✅ قريب من شارع عمر بن الخطاب
✅ قريب من الطريق الدائري الشرقي
✅ قريب من مسجد الراجحي
✅ جميع الخدمات الأساسية والترفيهية متوفرة بالقرب من العقار
💰 السعر: 2,350,000 ريال
📞 للتواصل والاستفسار، يرجى التواصل معنا على الواتس ((الرقم يظهر عند الضغط على اتصال))",24.66888,46.772667,https://images.aqar.fm/webp/750x0/props/045652965_1784810135740.jpg | https://images.aqar.fm/webp/750x0/props/045652968_1784810021595.jpg | https://images.aqar.fm/webp/750x0/props/045652965_1784810038794.jpg | https://images.aqar.fm/webp/750x0/props/045652963_1784810044722.jpg | https://images.aqar.fm/webp/750x0/props/045652967_1784810089426.jpg,5,محمد بن خلف بن جزاء الشكره,شركة هالاس,1,2026-07-23,2026-07-23,2026-08-23,637,2026-08-23,True,"2,350,000",False,فيلا
6792682,https://sa.aqar.fm/فلل-للبيع/الرياض/شرق-الرياض/حي-الصفا/حي-الصفاء-مدينة-الرياض-منطقة-الرياض-6792682,"فيلا للبيع في حي الصفاء, مدينة الرياض, منطقة الرياض",2500000,200,4,5,2,0,حي الصفا,الرياض,شرق الرياض,"فيلا دوبلكس فاخرة للبيع بأرقى مشاريع حي الصفا تتكون من: [S--V -102]
حوش مع جلسة خارجية يمكن تعديلها إلى ملحق أو غرفة سائق
مجلس مع دورة مياه بمغاسل
صالة
مطبخ أمريكي
صالة طعام
دورة مياه
غرفة غسيل
غرفة خادمة بدورة مياه
ـــــــــ الدور الاول ـــــــــــ
ثلاث غرف نوم منهم غرفة ماستر بجزء ملابس
ـــــــــ الدور الثاني ـــــــــــ
غرفة نوم ماستر
مخزن
سطح وسيع

مساحة الأرض: 200م²
مسطح البناء: 315م²

المميزات:
جميع الادوار ارتفاع صافي 3م
ضمانات على التاسيس والتشطيب بالكامل (عوازل - كهرباء - سباكة - دهانات - ابواب)
تكييفات مخفية للمجلس والصالة وغرفة النوم الرئيسية
تأسيس للمصعد
باب خارجي حديد للسيارة وايضا باب الافراد دبل صاج 2مل

السعر: 2,500,000 ريال

للتواصل والاستفسار: ((الرقم يظهر عند الضغط على اتصال))

إتــحــاد الــنــجــاح لـلــعــقــارات",24.665134,46.762006,https://images.aqar.fm/webp/750x0/props/007690300_1785157474772.png | https://images.aqar.fm/webp/750x0/props/007690308_1785157480407.jpg | https://images.aqar.fm/webp/750x0/props/007690300_1785157484460.jpg | https://images.aqar.fm/webp/750x0/props/007690305_1785157499088.jpg | https://images.aqar.fm/webp/750x0/props/007690302_1785157502653.jpg | https://images.aqar.fm/webp/750x0/props/007690309_1785157528641.jpg | https://images.aqar.fm/webp/750x0/props/007690306_1785157532034.jpg | https://images.aqar.fm/webp/750x0/props/007690301_1785157537132.jpg | https://images.aqar.fm/webp/750x0/props/007690307_1785157541737.jpg | https://images.aqar.fm/webp/750x0/props/007690300_1785157549107.jpg | https://images.aqar.fm/webp/750x0/props/007690305_1785157552570.jpg | https://images.aqar.fm/webp/750x0/props/007690301_1785157555746.jpg | https://images.aqar.fm/webp/750x0/props/007690308_1785157560189.jpg | https://images.aqar.fm/webp/750x0/props/007690309_1785157583148.jpg | https://images.aqar.fm/webp/750x0/props/007690300_1785157588059.jpg | https://images.aqar.fm/webp/750x0/props/007690307_1785157592187.jpg | https://images.aqar.fm/webp/750x0/props/007690301_1785157594612.jpg | https://images.aqar.fm/webp/750x0/props/007690308_1785157599896.jpg | https://images.aqar.fm/webp/750x0/props/007690307_1785157603048.jpg,19,عبدالله مسفر سالم العرجاني,مكتب اتحاد النجاح للعقارات,1,2026-07-27,2026-07-27,2026-08-18,193,2026-08-23,True,"2,500,000",False,فيلا
6648482,https://sa.aqar.fm/فلل-للبيع/الرياض/شرق-الرياض/حي-الصفا/حي-الصفاء-مدينة-الرياض-منطقة-الرياض-6648482,"فيلا للبيع في حي الصفاء, مدينة الرياض, منطقة الرياض",2300000,400,5,5,3,0,حي الصفا,الرياض,شرق الرياض,"دبلكس فاخره للبيع
احجز وحدتك الان

- ريفا 21 و 22 و 23 و 24 دبلكس نموذج A ✅
شارع 25 غربي | مساحة الأرض: 200 متر | المسطح: 425 متر 📍

مكونة من:
* الدور الأرضي: موقف سيارة داخلي + حوش + ملحق خارجي + مجلس استقبال + صالة معيشة واسعة مع منطقه طعام + مطبخ + 2 دورة مياه
* الدور الأول: 1 غرفة نوم رئيسية تشمل على غرفه ملابس ودورة مياه + غرفه نوم تشمل دورة مياه خاصة + 2 غرفه نوم بدورة مياه مشتركة
* الدور الثاني: 1 غرفه نوم + صالة معيشة + دورة مياه + غرفه خادمه مع دورة مياه + سطح 🛏️
 - تشمل: مصعد 🛗  - تشمل: تكييف مخفي وكاسيت واسبيلت ❄️ - تشمل: أجهزة المنزل الذكي للتحكم في الإضاءة والتكييف والاقفال الذكية 🏠",24.662049,46.769969,https://images.aqar.fm/webp/750x0/props/031666160_1777545449414.jpg | https://images.aqar.fm/webp/750x0/props/031666167_1777545463362.jpg | https://images.aqar.fm/webp/750x0/props/031666162_1777545468177.jpg | https://images.aqar.fm/webp/750x0/props/031666160_1777545475316.jpg | https://images.aqar.fm/webp/750x0/props/031666165_1777545502785.jpg | https://images.aqar.fm/webp/750x0/props/031666164_1777545508655.jpg,6,محمد عبدالله عبدالعزيز,مؤسسة مساكن ريفا للتطوير العقاري,1,2026-04-09,2026-08-03,2026-08-19,2205,2026-08-23,True,"2,300,000",False,فيلا
6810826,https://sa.aqar.fm/فلل-للبيع/الرياض/شرق-الرياض/حي-الصفا/شارع-عمر-حي-الصفاء-مدينة-الرياض-منطقة-الرياض-6810826,"فيلا للبيع في شارع عمر , حي الصفاء, مدينة الرياض, منطقة الرياض",2050000,300,5,0,0,0,حي الصفا,الرياض,شرق الرياض,دبلكس في حي الصفا بتصميم جميل وبجانب خدمات في الموقع.,24.664275,46.774799,,,يوسف محمد,شركة السهم العربي للتطوير العقاري ,1,2026-08-08,2026-08-08,2026-08-19,150,2026-08-23,True,"2,050,000",False,فيلا
6600693,https://sa.aqar.fm/فلل-للبيع/الرياض/شرق-الرياض/حي-الصفا/شارع-عامر-بن-قيس-حي-الصفاء-مدينة-الرياض-منطقة-الرياض-6600693,"فيلا للبيع في شارع عامر بن قيس, حي الصفاء, مدينة الرياض, منطقة الرياض",1700000,200,5,5,2,0,حي الصفا,الرياض,شرق الرياض,"🏡✨ فرصة تملك فلل بتصميم راقي ✨🏡
موقع استراتيجي شرق الرياض وتحديداً ( الصفا )
📍 غربيه شارع 18م
تصميم عملي ومساحات واسعة تناسب العائلة 👌
فيلا دوبلكس درج داخلي مساحة 200 م 
🔹 الدور الأرضي 
• 🛋 مجلس بدورة مياه 
• 🏠 صالة واسعة
• 🍽 مطبخ
🔹الدور الأول 
• 🛏🛏 غرفتين نوم بدورة مياه مستقلة (ماستر )
• 🛏 🛏 غرفتين نوم 
🔹الدور الثاني 
•صاله 
•🛏 غرفة نوم و دورة مياه 
•غرفة خادمة وغسيل ودورة مياه 
• سطح بمساحة واسعه 
💰 السعر: 2,100,000 ريال 
للتفاصيل والتواصل 📲

المسوق الحصري : ((رقم المعلن يظهر عند التواصل))

لا تفوت فرصة التملك في موقع مميز وبمواصفات راقية ✨",24.669025,46.758356,https://images.aqar.fm/webp/750x0/props/043051228_1771770923202.jpg | https://images.aqar.fm/webp/750x0/props/043051229_1771770969799.jpg | https://images.aqar.fm/webp/750x0/props/043051226_1771771033251.jpg | https://images.aqar.fm/webp/750x0/props/043051228_1771771033256.jpg | https://images.aqar.fm/webp/750x0/props/043051225_1771771033269.jpg | https://images.aqar.fm/webp/750x0/props/043051229_1771771033253.jpg | https://images.aqar.fm/webp/750x0/props/043051227_1771771033278.jpg | https://images.aqar.fm/webp/750x0/props/043051223_1771771033257.jpg | https://images.aqar.fm/webp/750x0/props/043051222_1771771033252.jpg | https://images.aqar.fm/webp/750x0/props/043051225_1771771064689.jpg | https://images.aqar.fm/webp/750x0/props/043051225_1771771064690.jpg | https://images.aqar.fm/webp/750x0/props/043051223_1771771064699.jpg | https://images.aqar.fm/webp/750x0/props/043051224_1771771064707.jpg | https://images.aqar.fm/webp/750x0/props/043051222_1771771064703.jpg | https://images.aqar.fm/webp/750x0/props/043051220_1771771064719.jpg | https://images.aqar.fm/webp/750x0/props/043051229_1771771090414.jpg | https://images.aqar.fm/webp/750x0/props/043051226_1771771090397.jpg,17,موضي قبلان,,,2026-02-22,2026-08-15,2026-08-15,1294,2026-08-23,True,"1,700,000",False,فيلا
6762886,https://sa.aqar.fm/فلل-للبيع/الرياض/شرق-الرياض/حي-الصفا/شارع-الشارع-حي-الصفاء-مدينة-الرياض-منطقة-الرياض-6762886,"فيلا للبيع في شارع الشارع, حي الصفاء, مدينة الرياض, منطقة الرياض",1988000,200,4,5,3,0,حي الصفا,الرياض,شرق الرياض,$5e,24.664499,46.76033,https://images.aqar.fm/webp/750x0/props/039565776_1783367985050.png | https://images.aqar.fm/webp/750x0/props/039565770_1783368018954.jpg | https://images.aqar.fm/webp/750x0/props/039565777_1783368018947.jpg | https://images.aqar.fm/webp/750x0/props/039565775_1783368018947.jpg | https://images.aqar.fm/webp/750x0/props/039565774_1783368018950.jpg | https://images.aqar.fm/webp/750x0/props/039565775_1783368018952.jpg | https://images.aqar.fm/webp/750x0/props/039565774_1783368018959.jpg | https://images.aqar.fm/webp/750x0/props/039565774_1783368018955.jpg | https://images.aqar.fm/webp/750x0/props/039565779_1783368019146.jpg | https://images.aqar.fm/webp/750x0/props/039565779_1783368019146.jpg,10,علي عبدالله,شركة مساكن طوبى العقارية,1,2026-07-06,2026-08-05,2026-08-07,225,2026-08-23,True,"1,988,000",False,فيلا
6458585,https://sa.aqar.fm/فلل-للبيع/الرياض/شرق-الرياض/حي-الصفا/شارع-إسماعيل-بن-أمية-حي-الصفاء-مدينة-الرياض-منطقة-الرياض-6458585,"فيلا للبيع في شارع إسماعيل بن أمية, حي الصفاء, مدينة الرياض, منطقة الرياض",5200000,400,4,1,1,0,حي الصفا,الرياض,شرق الرياض,$5d,24.666888,46.776261,https://images.aqar.fm/webp/750x0/props/039121004_1762610678193.jpg | https://images.aqar.fm/webp/750x0/props/039121002_1762610678449.jpg,2,عبدالملك ابراهيم محمد الجمعان,شركة بنايات نجد للتسويق شخص واحد,1,2025-11-08,2025-11-08,2026-07-22,953,2026-08-23,True,"5,200,000",False,فيلا
6745604,https://sa.aqar.fm/فلل-للبيع/الرياض/شرق-الرياض/حي-الصفا/شارع-ابي-الفضل-المنصوري-حي-الصفاء-مدينة-الرياض-منطقة-الرياض-6745604,"فيلا للبيع في شارع ابي الفضل المنصوري, حي الصفاء, مدينة الرياض, منطقة الرياض",2150000,200,6,5,3,0,حي الصفا,الرياض,شرق الرياض,"سيرين حي الصفا

* فيلا بمساحة ٢٠٠ متر.
* الواجهة شرقية.
* عرض الشارع ٢٥ متر.
* موقع مميز غرب طريق النهضة و جنوب طريق صلاح الدين الأيوبي.
* إشراف هندسي لجميع المراحل.
* ضمانات تمتد إلى ٣٠ عام.
* تأمين ضد العيوب الخفية لمدة ١٠ سنوات.
* صيانة مجانية لمدة عام.
* يسعدنا تواصلكم من الساعة ٤ عصراً حتى ١٠ مساءً",24.668895,46.75867,https://images.aqar.fm/webp/750x0/props/000553098_1782250766613.jpg | https://images.aqar.fm/webp/750x0/props/000553096_1782250766666.jpg | https://images.aqar.fm/webp/750x0/props/000553097_1782250766622.jpg | https://images.aqar.fm/webp/750x0/props/000553096_1782250795687.jpg | https://images.aqar.fm/webp/750x0/props/000553092_1782250808948.jpg | https://images.aqar.fm/webp/750x0/props/000553096_1782250833334.jpg | https://images.aqar.fm/webp/750x0/props/000553090_1782250833327.jpg | https://images.aqar.fm/webp/750x0/props/000553097_1782250833277.jpg | https://images.aqar.fm/webp/750x0/props/000553091_1782250860516.jpg | https://images.aqar.fm/webp/750x0/props/000553099_1782250860522.jpg | https://images.aqar.fm/webp/750x0/props/000553093_1782250879093.jpg | https://images.aqar.fm/webp/750x0/props/000553092_1782250910174.jpg | https://images.aqar.fm/webp/750x0/props/000553092_1782250959539.jpg | https://images.aqar.fm/webp/750x0/props/000553097_1782250959546.jpg | https://images.aqar.fm/webp/750x0/props/000553096_1782250973939.jpg | https://images.aqar.fm/webp/750x0/props/000553096_1782250999686.jpg | https://images.aqar.fm/webp/750x0/props/000553095_1782250999693.jpg | https://images.aqar.fm/webp/750x0/props/000553096_1782251030284.jpg | https://images.aqar.fm/webp/750x0/props/000553092_1782251030261.jpg | https://images.aqar.fm/webp/750x0/props/000553095_1782251086612.jpg | https://images.aqar.fm/webp/750x0/props/000553096_1782251086579.jpg | https://images.aqar.fm/webp/750x0/props/000553094_1782251086609.jpg | https://images.aqar.fm/webp/750x0/props/000553099_1782251086578.jpg | https://images.aqar.fm/webp/750x0/props/000553093_1782251086616.jpg | https://images.aqar.fm/webp/750x0/props/000553091_1782251086670.jpg | https://images.aqar.fm/webp/750x0/props/000553094_1782251251815.jpg | https://images.aqar.fm/webp/750x0/props/000553099_1782251261984.jpg | https://images.aqar.fm/webp/750x0/props/000553093_1782251270839.jpg,28,عبدالعزيز خالد,شركة يمامة للتطوير والاستثمار العقاري,1,2026-06-23,2026-08-21,2026-08-23,2916,2026-08-23,True,"2,150,000",False,فيلا
6733277,https://sa.aqar.fm/فلل-للبيع/الرياض/شرق-الرياض/حي-الصفا/شارع-رقم-144-حي-الصفاء-مدينة-الرياض-منطقة-الرياض-6733277,"فيلا للبيع في شارع رقم 144, حي الصفاء, مدينة الرياض, منطقة الرياض",1800000,200,4,0,0,0,حي الصفا,الرياض,شرق الرياض,"فلل درج داخلي فقط 
مساحة 200 
شارع 18 جنوبي 
ضمانات شامله ( سباك وكهرب وعوازل واخرى ) 
تكييف مركزي راكب
حي الصفاء الرياض. 
لتواصل والاستفسار/ ((الرقم يظهر عند الضغط على اتصال)) بصمة الكون العقارية",24.667145,46.772273,https://images.aqar.fm/webp/750x0/props/019001300_1781482051728.jpg | https://images.aqar.fm/webp/750x0/props/019001309_1781482051720.jpg,2,نوف محمد وهق السبيعي,مؤسسة مكتب بصمة الكون للخدمات العقارية,1,2026-06-15,2026-08-12,2026-08-12,949,2026-08-23,True,"1,800,000",False,فيلا
6697259,https://sa.aqar.fm/فلل-للبيع/الرياض/شرق-الرياض/حي-الصفا/شارع-الامير-متعب-بن-عبدالعزيز-حي-الصفاء-مدينة-الرياض-منطقة-الرياض-6697259,"فيلا للبيع في شارع الامير متعب بن عبدالعزيز, حي الصفاء, مدينة الرياض, منطقة الرياض",1890000,312,4,5,3,0,حي الصفا,الرياض,شرق الرياض,"بدأ البيع | مشروع المجالات 70 ( الفيّة )
📍 حي الصفا

تاون هاوس بتصميم راقٍ وتشطيبات عالية الجودة
بــمساحة إجمالية  470م²

⸻

🔹 الجودة والضمان

• إشراف هندسي على جميع مراحل المشروع
• ضمانات متعددة تصل إلى 30 سنة
• تأمين ضد العيوب الخفية لمدة 10 سنوات
• خدمات مجانية مقدمة للسنة الأولى 

⸻

🔹 المميزات

- فيلا مستقله 
- ⁠الخوصوصية التامة 
- ⁠عدادات كهرباء ومياه مفصولة 
- مصعد راكب، ومجهزة بنظام تكييف 
• نوافذ عازلة 
• موقفين خاصة
- 4 غرف نوم
- مجلس ضيافة وصالة طعام وصالة معيشة  
• تفاصيل فاخرة (دش مطري – كراسي معلّقة. 

⸻

🏡المجالات 70 ( الفية )
فخامة متوازنة… وتفاصيل صُنعت لتدوم.",24.668496,46.774271,https://images.aqar.fm/webp/750x0/props/047137205_1778768643966.jpg | https://images.aqar.fm/webp/750x0/props/047137205_1778768643623.jpg | https://images.aqar.fm/webp/750x0/props/047137206_1778768643553.jpg | https://images.aqar.fm/webp/750x0/props/047137208_1778768643727.jpg | https://images.aqar.fm/webp/750x0/props/047137206_1778768643798.jpg | https://images.aqar.fm/webp/750x0/props/047137203_1778768644190.jpg | https://images.aqar.fm/webp/750x0/props/047137205_1778768643966.jpg | https://images.aqar.fm/webp/750x0/props/047137205_1778768643623.jpg | https://images.aqar.fm/webp/750x0/props/047137206_1778768643553.jpg | https://images.aqar.fm/webp/750x0/props/047137208_1778768643727.jpg | https://images.aqar.fm/webp/750x0/props/047137206_1778768643798.jpg | https://images.aqar.fm/webp/750x0/props/047137203_1778768644190.jpg,12,طارق سليمان عبدالرحمن المحيذيف,شركة مغنى التميز العقارية شركة شخص واحد,1,2026-05-14,2026-08-09,2026-08-09,1876,2026-08-23,True,"1,890,000",False,فيلا
6785669,https://sa.aqar.fm/فلل-للبيع/الرياض/شرق-الرياض/حي-الصفا/حي-الصفاء-مدينة-الرياض-منطقة-الرياض-6785669,"فيلا للبيع في حي الصفاء, مدينة الرياض, منطقة الرياض",5500000,400,5,,,0,حي الصفا,الرياض,شرق الرياض,السلام عليكم ورحمة الله وبركاته للللللللللللللللللللللللللللللللللللللللللل للللللللللللللللللللللللللللللللللللللللللل للللللللللللللللللللللللللللللللللللللللللل,24.666888,46.776261,,,خالد سعود,شركة حدائق نجد العقارية,1,2026-07-22,2026-08-20,2026-08-22,64,2026-08-23,True,"5,500,000",False,فيلا
6786192,https://sa.aqar.fm/فلل-للبيع/الرياض/شرق-الرياض/حي-الصفا/شارع-ابن-التبان-حي-الصفاء-مدينة-الرياض-منطقة-الرياض-6786192,"فيلا للبيع في شارع ابن التبان, حي الصفاء, مدينة الرياض, منطقة الرياض",1600000,281,4,1,1,0,حي الصفا,الرياض,شرق الرياض,"🛑 نرجو قراءة التفاصيل 👇 🛑
للبيع         : تاون هاوس ارضي
الحي        : الصفا 
المساحه : ٢٨١م
الشارع     : ١٨م
الواجهه  : شرق
البيع       : مليون و ٦٠٠ الف
#️⃣المواصفات#️⃣
مجلس ومقلط مفتوح على الحاله وصاله ومطبخ ومستودع وغرفتين نوم ،،درج يطلع للدور الأول غرفتين نوم درج يطلع إلى السطح ،،غرفة خادمه وسطح
🛑 يوجد جميع الضمانات ويوجد تأمين ملاذ ١٠ سنوات💥 يوجد تاون هاوس علوي 🛑 البيع مليون و 300 الف",24.674851,46.777481,https://images.aqar.fm/webp/750x0/props/001388174_1787125426643.jpg | https://images.aqar.fm/webp/750x0/props/001388173_1787125426269.jpg | https://images.aqar.fm/webp/750x0/props/001388174_1787125426318.jpg | https://images.aqar.fm/webp/750x0/props/001388176_1787125426487.jpg | https://images.aqar.fm/webp/750x0/props/001388171_1787125426794.jpg | https://images.aqar.fm/webp/750x0/props/001388172_1787125426922.jpg | https://images.aqar.fm/webp/750x0/props/001388172_1787125427077.jpg | https://images.aqar.fm/webp/750x0/props/001388176_1787125427294.jpg | https://images.aqar.fm/webp/750x0/props/001388172_1787125427446.jpg | https://images.aqar.fm/webp/750x0/props/001388177_1787125464605.jpg | https://images.aqar.fm/webp/750x0/props/001388176_1787125464777.jpg,11,محمد الدرعاني,شركة مجموعة الدرعاني العقارية,1,2026-07-22,2026-08-21,2026-08-23,2663,2026-08-23,True,"1,600,000",False,فيلا
6622689,https://sa.aqar.fm/فلل-للبيع/الرياض/شرق-الرياض/حي-الصفا/شارع-محمود-عبدالله-قاري-حي-الصفاء-مدينة-الرياض-منطقة-الرياض-6622689,"فيلا للبيع في شارع محمود عبدالله قاري, حي الصفاء, مدينة الرياض, منطقة الرياض",2050000,200,5,5,2,0,حي الصفا,الرياض,شرق الرياض,$5d,24.655783,46.756025,https://images.aqar.fm/webp/750x0/props/048808173_1773266818262.jpg | https://images.aqar.fm/webp/750x0/props/048808173_1773266818286.jpg | https://images.aqar.fm/webp/750x0/props/048808174_1773266818528.jpg | https://images.aqar.fm/webp/750x0/props/048808170_1773266818278.jpg,4,عبدالعزيز الجلعود,شركة راكز العقارية شركة شخص واحد,1,2026-03-11,2026-08-04,2026-08-23,669,2026-08-23,True,"2,050,000",False,فيلا
6805218,https://sa.aqar.fm/فلل-للبيع/الرياض/شرق-الرياض/حي-الصفا/شارع-محمد-راشد-البكري-حي-الصفاء-مدينة-الرياض-منطقة-الرياض-6805218,"فيلا للبيع في شارع محمد راشد البكري, حي الصفاء, مدينة الرياض, منطقة الرياض",2200000,200,4,5,2,0,حي الصفا,الرياض,شرق الرياض,"✨ سديم تاون ✨

فلل عصرية من شركة الرمز العقارية، تجمع بين رحابة المساحات، وجودة البناء، والتشطيبات المتقنة، لتوفر لك ولعائلتك أسلوب حياة راقيًا.

🏡 مساحة الأرض تبدأ من : 200م² 🏗️ ومسطح البناء يبدأ من : 325م²

□ مجلس منفصل
□ مطبخ مغلق
□ تأسيس مصعد
□ ٤غرف نوم ( ٢ماستر )
□ غرفة سائق 
□ غرفة سائق
□ غرفة عاملة 
□ صالة سفلية وعلوية
□ ارتداد جانبي وخلفي 
□ سطحين
□ البيع على الخارطة بنسبة انجاز 77%

 💰 تبدأ الأسعار من : 2,200,000 ريال



📞 للحجز أو الاستفسار: ((الرقم يظهر عند الضغط على اتصال))

#اكسبلور #عقارات #فيلا #عقارات_الرياض #الصفا",24.666159,46.76557,https://images.aqar.fm/webp/750x0/props/037633480_1787135197881.jpg | https://images.aqar.fm/webp/750x0/props/037633481_1787135198041.jpg | https://images.aqar.fm/webp/750x0/props/037633481_1787135198057.jpg | https://images.aqar.fm/webp/750x0/props/037633486_1787135198142.jpg | https://images.aqar.fm/webp/750x0/props/037633480_1787135198248.jpg | https://images.aqar.fm/webp/750x0/props/037633480_1787135198344.jpg | https://images.aqar.fm/webp/750x0/props/037633486_1787135198464.jpg | https://images.aqar.fm/webp/750x0/props/037633480_1787135198663.jpg,8,حمد محمود بن محمد,,,2026-08-04,2026-08-04,2026-08-22,383,2026-08-23,True,"2,200,000",False,فيلا
6381283,https://sa.aqar.fm/فلل-للبيع/الرياض/شرق-الرياض/حي-الصفا/شارع-محمد-بن-داود-بن-الجراح-حي-الصفاء-مدينة-الرياض-منطقة-الرياض-6381283,"فيلا للبيع في شارع محمد بن داود بن الجراح, حي الصفاء, مدينة الرياض, منطقة الرياض",2999000,375,4,6,3,0,حي الصفا,الرياض,شرق الرياض,"ريفييرا 51
- تملك مسكنك الآن بموقع مميز بشرق الرياض في حي الصفا

• ضمانات تصل إلى 25 سنة

للتواصل : ((رقم المعلن يظهر عند التواصل))

#تملك الفخامة",24.663066,46.768079,https://images.aqar.fm/webp/750x0/props/000407420_1757853996444.jpg | https://images.aqar.fm/webp/750x0/props/000407428_1757853996440.jpg | https://images.aqar.fm/webp/750x0/props/000407424_1757853996427.jpg | https://images.aqar.fm/webp/750x0/props/000407426_1757853996449.jpg | https://images.aqar.fm/webp/750x0/props/000407427_1757853996427.jpg | https://images.aqar.fm/webp/750x0/props/000407425_1757853996438.jpg | https://images.aqar.fm/webp/750x0/props/000407420_1757853996435.jpg,7,عبدالرحمن عبدالله محمد العجلان,شركة محمد ومصعب عبدالله العجلان الاستثمارية شركة مساهمة غير مدرجة,1,2025-09-14,2025-09-14,2026-08-23,4207,2026-08-23,True,"2,999,000",False,فيلا
6518132,https://sa.aqar.fm/فلل-للبيع/الرياض/شرق-الرياض/حي-الصفا/شارع-حمودة-بن-عطية-حي-الصفاء-مدينة-الرياض-منطقة-الرياض-6518132,"فيلا للبيع في شارع حمودة بن عطية, حي الصفاء, مدينة الرياض, منطقة الرياض",2050000,400,4,4,2,0,حي الصفا,الرياض,شرق الرياض,"مشروع بيات هيلز | Bayat Hills 🏗️💎

المطور :  شركة دار بيات للتطوير العقاري
​📍 حي الصفا - الرياض (بالقرب من مترو جرير وسفن الرياض).
📄 بيع على الخارطة.
📐 مساحات بناء: 334 م - 447 م.
🏘️ 10 نماذج وتصاميم مختلفة.
​تضم الفلل:
مجلس فخم | صالة واسعة | مطبخ مفتوح ومغلق | تراس | غرفة خادمة وسائق | موقف خاص | مصعد مؤسس 
​📞 احجز فلتك الآن في بيات هيلز: 
((رقم المعلن يظهر عند التواصل))",24.670028,46.760066,https://images.aqar.fm/webp/750x0/props/016770300_1766495599521.jpg | https://images.aqar.fm/webp/750x0/props/016770307_1766495599512.jpg | https://images.aqar.fm/webp/750x0/props/016770307_1766495599493.jpg | https://images.aqar.fm/webp/750x0/props/016770307_1766495599511.jpg | https://images.aqar.fm/webp/750x0/props/016770306_1766495599507.jpg | https://images.aqar.fm/webp/750x0/props/016770308_1766495599498.jpg | https://images.aqar.fm/webp/750x0/props/016770304_1766495599533.jpg,7,ناصر عبدالله ناصر المقبل,شركة دار بيات للتطوير والاستثمار العقاري,1,2025-12-23,2025-12-23,2026-06-10,1445,2026-08-23,True,"2,050,000",False,فيلا
6588842,https://sa.aqar.fm/فلل-للبيع/الرياض/شرق-الرياض/حي-الصفا/شارع-الحكيمة-حي-الصفاء-مدينة-الرياض-منطقة-الرياض-6588842,"فيلا للبيع في شارع الحكيمة, حي الصفاء, مدينة الرياض, منطقة الرياض",4550000,741,,5,3,11,حي الصفا,الرياض,شرق الرياض,$5c,24.674971,46.773587,https://images.aqar.fm/webp/750x0/props/044861736_1771156428909.jpg | https://images.aqar.fm/webp/750x0/props/044861732_1771156438382.jpg | https://images.aqar.fm/webp/750x0/props/044861734_1771156467717.jpg | https://images.aqar.fm/webp/750x0/props/044861730_1771156481526.jpg | https://images.aqar.fm/webp/750x0/props/044861738_1771156490203.jpg | https://images.aqar.fm/webp/750x0/props/044861739_1771156501706.jpg | https://images.aqar.fm/webp/750x0/props/044861736_1771156512328.jpg | https://images.aqar.fm/webp/750x0/props/044861737_1771156525764.jpg | https://images.aqar.fm/webp/750x0/props/044861733_1771156525763.jpg | https://images.aqar.fm/webp/750x0/props/044861730_1771156525764.jpg,10,ابراهيم بن محمد بن صالح البريدي,,,2026-02-13,2026-08-06,2026-08-23,2461,2026-08-23,True,"4,550,000",False,فيلا
6614838,https://sa.aqar.fm/فلل-للبيع/الرياض/شرق-الرياض/حي-الصفا/شارع-زينب-الأنصارية-حي-الصفاء-مدينة-الرياض-منطقة-الرياض-6614838,"فيلا للبيع في شارع زينب الأنصارية, حي الصفاء, مدينة الرياض, منطقة الرياض",3300000,325,6,0,0,0,حي الصفا,الرياض,شرق الرياض,$5d,24.667593,46.77191,https://images.aqar.fm/webp/750x0/props/033972131_1772681133435.jpg | https://images.aqar.fm/webp/750x0/props/033972137_1772681133428.jpg | https://images.aqar.fm/webp/750x0/props/033972137_1772681133422.jpg | https://images.aqar.fm/webp/750x0/props/033972131_1772681133434.jpg | https://images.aqar.fm/webp/750x0/props/033972137_1772681133419.jpg | https://images.aqar.fm/webp/750x0/props/033972133_1772681133419.jpg | https://images.aqar.fm/webp/750x0/props/033972132_1772681133417.jpg | https://images.aqar.fm/webp/750x0/props/033972137_1772681241299.jpg,8,محمد المطيري,,,2026-03-05,2026-03-05,2026-08-19,1451,2026-08-23,True,"3,300,000",False,فيلا
6725342,https://sa.aqar.fm/فلل-للبيع/الرياض/شرق-الرياض/حي-الصفا/شارع-احمد-بن-اصبغ-حي-الصفاء-مدينة-الرياض-منطقة-الرياض-6725342,"فيلا للبيع في شارع احمد بن اصبغ, حي الصفاء, مدينة الرياض, منطقة الرياض",2150000,200,,5,3,0,حي الصفا,الرياض,شرق الرياض,"مشروع فلل جوهرة الريادة – حي الصفا

يقدم مشروع فلل جوهرة الريادة نموذجًا سكنيًا متكاملًا يجمع بين جودة التنفيذ، وحداثة التصميم، والموقع الاستراتيجي، بمساحات تلبي احتياجات الأسرة العصرية.

تفاصيل المشروع

* مساحة الأرض: 200 م²
* مسطحات البناء: تصل إلى 390 م²

مميزات المشروع

* تكييف مركزي
* تأسيس مكيفات
* مواقف سيارات خاصة
* واجهات خارجية حديثة
* نظام دخول ذكي
* خزانات وعدادات مستقلة
* تأسيس كاميرات خارجية

الموقع

يبعد المشروع عن:

* دقيقتين من محطة حي جرير
* دقيقتين من طريق النهضة
* ⁠4 دقائق عن مشروع SEVEN
* 5 دقائق من الطريق الدائري الشرقي
* 6 دقائق من جامع الراجحي
* ⁠6 دقائق عن طريق خريص 
* 9 دقائق من حديقة الملك عبدالله
* ⁠14 دقيقة عن المتحف الوطني وحصن المصمك 
⁠

مكونات الفيلا

* موقف سيارة خاص
* مجلس مع مغاسل و دورة مياه خاصة 
* صالتا جلوس
* صالة طعام
* مطبخ
* 4 غرف نوم، منها غرفتان ماستر
( يوجد نموذج آخر جميع الغرف ماستر )
* غرفة خادمة
* غرفة غسيل
* ⁠سطح خاص 

للاستفسار وحجز موعد المعاينة:

  

مشروع جوهرة الريادة… حيث تلتقي جودة البناء مع التصميم العصري والموقع المميز لتوفير تجربة سكنية متكاملة",24.667262,46.759989,https://images.aqar.fm/webp/750x0/props/041486364_1780998411444.jpg | https://images.aqar.fm/webp/750x0/props/041486360_1780998411441.jpg | https://images.aqar.fm/webp/750x0/props/041486367_1780999359858.jpg | https://images.aqar.fm/webp/750x0/props/041486368_1780999359609.jpg | https://images.aqar.fm/webp/750x0/props/041486361_1780999359783.jpg | https://images.aqar.fm/webp/750x0/props/041486360_1780999359634.jpg | https://images.aqar.fm/webp/750x0/props/041486368_1780999360346.jpg | https://images.aqar.fm/webp/750x0/props/041486361_1780999360335.jpg | https://images.aqar.fm/webp/750x0/props/041486360_1780999360327.jpg | https://images.aqar.fm/webp/750x0/props/041486361_1780999359712.jpg | https://images.aqar.fm/webp/750x0/props/041486361_1780999359727.jpg | https://images.aqar.fm/webp/750x0/props/041486361_1780999359729.jpg | https://images.aqar.fm/webp/750x0/props/041486369_1780999359797.jpg | https://images.aqar.fm/webp/750x0/props/041486361_1780999359529.jpg | https://images.aqar.fm/webp/750x0/props/041486361_1780999359585.jpg | https://images.aqar.fm/webp/750x0/props/041486369_1780999360366.jpg | https://images.aqar.fm/webp/750x0/props/041486365_1780999360454.jpg | https://images.aqar.fm/webp/750x0/props/041486365_1780999360455.jpg | https://images.aqar.fm/webp/750x0/props/041486365_1780999360411.jpg | https://images.aqar.fm/webp/750x0/props/041486360_1780999360352.jpg | https://images.aqar.fm/webp/750x0/props/041486365_1780999360399.jpg | https://images.aqar.fm/webp/750x0/props/041486363_1780999360358.jpg | https://images.aqar.fm/webp/750x0/props/041486367_1780999359865.jpg | https://images.aqar.fm/webp/750x0/props/041486368_1780999359879.jpg | https://images.aqar.fm/webp/750x0/props/041486367_1780999360317.jpg | https://images.aqar.fm/webp/750x0/props/041486367_1780999360323.jpg | https://images.aqar.fm/webp/750x0/props/041486360_1780999359665.jpg | https://images.aqar.fm/webp/750x0/props/041486366_1780999359686.jpg,28,عبدالله بن محمد بن عبدالله البريدي,شركة ريادة الشرق العقارية  قابضة,1,2026-06-09,2026-08-06,2026-08-12,491,2026-08-23,True,"2,150,000",False,فيلا
6787220,https://sa.aqar.fm/فلل-للبيع/الرياض/شرق-الرياض/حي-الصفا/شارع-حمودة-بن-عطية-حي-الصفاء-مدينة-الرياض-منطقة-الرياض-6787220,"فيلا للبيع في شارع حمودة بن عطية, حي الصفاء, مدينة الرياض, منطقة الرياض",2050000,400,4,7,2,0,حي الصفا,الرياض,شرق الرياض,"- إمتلك فيلا راقية في مشروع بيات هيلز التابع لشركة دار بيات للتطوير العقاري

- بنظام البيع على الخارطة ترخيص رقم: 796
- تاريخ التسليم: 2027/10/1
- تقبل الدعم السكني وتقبل البنوك

مواصفات الفيلا :
- دور أرضي
مجلس مستقل بمدخل ودورة مياه بدورة مياه + صالة واسعة + مطبخ بقسمين مغلق ومفتوح+ موقف داخلي وارتداد خلفي
- دور أول:
أربعة غرف نوم واسعة بدورات مياه
- دور أخير
صالة + غرفة للغسيل + غرفة خادمة + سطح مقسم

مميزات الفيلا:
- تشطيبات عالية الجودة
- تكييف مركزي راكب لغرف النوم الرئيسية وللدور اﻷرضي
- مصعد مؤسس مع إمكانية التركيب
- غرفة سائق بدورة مياه
- شوارع واسعة
- نافذ بشكل مباشر على أهم المشاريع والطرق الرئيسية
- مخطط بمستقبل رائع للسكن أو الاستثمار
- دفعات مرنة",24.669535,46.760318,https://images.aqar.fm/webp/750x0/props/030647728_1784816646264.jpg | https://images.aqar.fm/webp/750x0/props/030647722_1784816646271.jpg | https://images.aqar.fm/webp/750x0/props/030647729_1784816646270.jpg | https://images.aqar.fm/webp/750x0/props/030647721_1784816646272.jpg,4,ناصر عبدالله ناصر المقبل,شركة دار بيات للتطوير والاستثمار العقاري,1,2026-07-23,2026-08-21,2026-08-21,262,2026-08-23,True,"2,050,000",False,فيلا
6771103,https://sa.aqar.fm/فلل-للبيع/الرياض/شرق-الرياض/حي-الصفا/شارع-محمد-بن-الهيثم-بن-شبابه-حي-الجزيرة-الرياض-منطقة-الرياض-6771103,فيلا للبيع في شارع محمد بن الهيثم بن شبابه ، حي الجزيرة ، الرياض ، منطقة الرياض,2600000,300,3,2,1,2,حي الصفا,الرياض,شرق الرياض,"السلام عليكم 
فيلا عظم مساحتها 300 للبيع يوجد فيه قبو داخلي وقبو خارجي من الحوش منفصله ويوجد شقه البناء واقف علو الدور الثاني الدور الاول كامل 
البيع علو السوم اخر سومه 2.300.000",24.669233,46.779633,,,محمد منصور محمد السويح,,,2026-07-13,,2026-07-13,68,2026-08-23,False,طلب تسويق,False,فيلا
6827272,https://sa.aqar.fm/فلل-للبيع/الرياض/شرق-الرياض/حي-الصفا/شارع-أبي-المعمر-الأنصاري-حي-الصفاء-مدينة-الرياض-منطقة-الرياض-6827272,"فيلا للبيع في شارع أبي المعمر الأنصاري, حي الصفاء, مدينة الرياض, منطقة الرياض",3800000,625,,0,0,11,حي الصفا,الرياض,شرق الرياض,"*** ✨اعلان 777 للبيع فيلا حي الصفا عبارة عن دورين مفصوله تنفع للمستثمر والسكن او مطور عقاري  لعرضها عالشارع  ✨ ***

السلام عليكم ورحمة الله وبركاته
اتمنى الجميع يكون طيب وبخير 

نحن مكتب النطاق الشامل للخدمات العقاريه 
رخصة وساطة والتسويق العقاري : 1200010410

تحت ادارة شباب سعوديين 
 

‎مواصفات العقار  :

للبيع فيلا دورين مفصوله حي الصفا 

معلومات الفيلا 

المساحة 625 م
على شارع ٢٠ غربي 
 
عمرها اكثر من ٣٥ سنه 
مجددة ، ومفصولة بالكامل دورين
تبعد عن الدائري الشرقي ٢٠٠ متر 
قريبه من مركز الحبيب الطبي (الجديد )
دورين 
الدور الأرضي مطبخ مستودع للمطبخ + ثلاث غرف + صالة + مجلس+ دورتين مياه + ملحق خارجي مع حمام وحوش .
الدور الأول بمدخل خاص مجلس + صالة + مطبخ + غرفتين نوم + دورتين مياه + ملحق علوي مع دورة المياه .
غاز مركزي

البيع 
3 مليون و 800 الف غير شامل ضريبه وسعي 


‎للاتصال والاستفسار يسعدنا خدمتكم اتصال او واتس اب:-

اروى 
055898o286
بندر خالد 
057o572552
عبدالكريم 
057o579559

مكتب النطاق الشامل للخدمات العقارية
إدارة شباب سعوديين بالكامل
نسعد بخدمتكم ونرحب بالجميع",24.673359,46.77656,https://images.aqar.fm/webp/750x0/props/027469464_1786972944019.jpg | https://images.aqar.fm/webp/750x0/props/027469463_1786972952159.jpg | https://images.aqar.fm/webp/750x0/props/027469462_1786972952157.jpg | https://images.aqar.fm/webp/750x0/props/027469464_1786972952148.jpg | https://images.aqar.fm/webp/750x0/props/027469468_1786972952274.jpg | https://images.aqar.fm/webp/750x0/props/027469468_1786972952306.jpg,6,بندر خالد عبدالله الشثري,مؤسسة النطاق الشامل للخدمات العقارية,1,2026-08-17,2026-08-17,2026-08-22,227,2026-08-23,True,"3,800,000",False,فيلا
6818663,https://sa.aqar.fm/فلل-للبيع/الرياض/شرق-الرياض/حي-الصفا/شارع-حمزة-بن-عطية-حي-الصفاء-مدينة-الرياض-منطقة-الرياض-6818663,"فيلا للبيع في شارع حمزة بن عطية, حي الصفاء, مدينة الرياض, منطقة الرياض",1990000,200,4,5,2,0,حي الصفا,الرياض,شرق الرياض,"🌟 | بـيـات هـيـلـز الـصـفـا
 🏠 | فلل فاخرة للبيع في حي الصفا


امتلك فلة فاخرة في مشروع : 
بيات هيلز الصفا من تطوير شركة دار بيات للتطوير والاستثمار العقاري، بتصاميم عصرية وجودة تنفيذ عالية، خيار مثالي للسكن الراقي أو الاستثمار.

✨| مميزات المشروع :
🔸10 نماذج متعددة تلبي جميع الاحتياجات .
🔸تشطيبات عالية الجودة .
🔸تكييف مركزي مخفي .
🔸4 غرف نوم واسعة .
🔸صالات معيشة عصرية .
🔸مصاعد مؤسسة .
🔸غرفة سائق بدورة مياه . 
🔸غرفة عاملة وغرفة غسيل .
🔸مسطحات بناء تصل حتى (437)م.

⏳| مميزات الموقع :
▫️طريق النهضة (دقيقة)
▫️محطة المترو ( دقيقتين )
▫️مشروع سيفين (4 دقائق )
▫️الدايري الشرقي (5 دقائق )
▫️جامع الراجحي ( 6 دقائق ) 
▫️العثيم مول ( 8 دقائق ) 
▫️عيادات سليمان الحبيب ( 10 دقائق )

📐 | مساحة الارض : من 200م وحتى : 302م
📐 | مسطحات البناء : من 333م وحتى : 437م 

◾️| الأسعار: ابتداء من 1،990،000

• البيع على الخارطة
• تاريخ التسليم : 10 / 2027
⁠
📞 | للتواصل والاستفسار :
((الرقم يظهر عند الضغط على اتصال)) 
((الرقم يظهر عند الضغط على اتصال))",24.667696,46.761144,https://images.aqar.fm/webp/750x0/props/044861732_1786547930075.jpg | https://images.aqar.fm/webp/750x0/props/044861732_1786547992321.jpg | https://images.aqar.fm/webp/750x0/props/044861734_1786548009669.jpg | https://images.aqar.fm/webp/750x0/props/044861732_1786548009677.jpg | https://images.aqar.fm/webp/750x0/props/044861739_1786548027670.jpg | https://images.aqar.fm/webp/750x0/props/044861732_1786548053893.jpg | https://images.aqar.fm/webp/750x0/props/044861739_1786548063480.jpg | https://images.aqar.fm/webp/750x0/props/044861736_1786548077738.jpg | https://images.aqar.fm/webp/750x0/props/044861734_1786548100403.jpg | https://images.aqar.fm/webp/750x0/props/044861733_1786548100523.jpg | https://images.aqar.fm/webp/750x0/props/044861738_1786548100411.jpg | https://images.aqar.fm/webp/750x0/props/044861732_1786548100557.jpg | https://images.aqar.fm/webp/750x0/props/044861738_1786548100436.jpg | https://images.aqar.fm/webp/750x0/props/044861731_1786548122990.jpg | https://images.aqar.fm/webp/750x0/props/044861737_1786548141274.jpg | https://images.aqar.fm/webp/750x0/props/044861732_1786548141289.jpg | https://images.aqar.fm/webp/750x0/props/044861730_1786548141280.jpg | https://images.aqar.fm/webp/750x0/props/044861735_1786548141148.jpg | https://images.aqar.fm/webp/750x0/props/044861732_1786548151231.jpg,19,ابراهيم بن محمد بن صالح البريدي,,,2026-08-12,2026-08-12,2026-08-23,227,2026-08-23,True,"1,990,000",False,فيلا
6605658,https://sa.aqar.fm/فلل-للبيع/الرياض/شرق-الرياض/حي-الصفا/شارع-عمر-بن-الخطاب-حي-الصفاء-مدينة-الرياض-منطقة-الرياض-6605658,"فيلا للبيع في شارع عمر بن الخطاب, حي الصفاء, مدينة الرياض, منطقة الرياض",1350000,171,3,1,0,0,حي الصفا,الرياض,شرق الرياض,"للبيع تاون هاوس وبنتهاوس حي الصفا مساحة الأرض ٣٠٠م 

التاون هاوس مساحة ٢٦٦م 
يتكون من: 
الدور الأرضي مدخل سيارة ومجلس ومقلط وصالة وغرفتين ومطبخ
الدور العلوي غرفتين نوم
 السطح غرفة خادمه وغسيل وغرفة 
 *
البنتهاوس مساحة ١٧١م
يتكون من :
مدخل سيارة ومؤسس مصعد 
الدور الأول مجلس رجال وصالة وغرفة نوم ومطبخ
 الدور الثاني ٣ غرف وصالة وغرفة خادمة وغسيل وسطح
 *
عرض شارع ٢٠ غربي",24.663458,46.771363,,,بشرى عبدالكريم,مؤسسة بيت الحكمة للخدمات العقارية,1,2026-02-25,2026-06-14,2026-08-10,1849,2026-08-23,True,"1,350,000",False,فيلا
6645466,https://sa.aqar.fm/فلل-للبيع/الرياض/شرق-الرياض/حي-الصفا/شارع-رقم-298-حي-الصفاء-مدينة-الرياض-منطقة-الرياض-6645466,"فيلا للبيع في شارع رقم 298, حي الصفاء, مدينة الرياض, منطقة الرياض",5200000,400,6,5,2,0,حي الصفا,الرياض,شرق الرياض,$5c,24.666888,46.776261,https://images.aqar.fm/webp/750x0/props/045910865_1775577858439.jpg | https://images.aqar.fm/webp/750x0/props/045910864_1775577858566.jpg | https://images.aqar.fm/webp/750x0/props/045910863_1775577858437.jpg,3,حماد ثامر حامد الظفيري,مؤسسة ثقة النرجس العقارية,1,2026-04-07,2026-08-01,2026-08-12,441,2026-08-23,True,"5,200,000",False,فيلا
6520138,https://sa.aqar.fm/فلل-للبيع/الرياض/شرق-الرياض/حي-الصفا/شارع-حمودة-بن-عطية-حي-الصفاء-مدينة-الرياض-منطقة-الرياض-6520138,"فيلا للبيع في شارع حمودة بن عطية, حي الصفاء, مدينة الرياض, منطقة الرياض",1990000,400,4,,,0,حي الصفا,الرياض,شرق الرياض,"فيلا للبيع   -   في مشروع

بيات هليز الصفا | مشروع فلل فاخرة
حي الصفا – الرياض

فلة فاخرة في مشروع بيات هليز الصفا من تطوير شركة دار بيات للتطوير والاستثمار العقاري، بتصاميم عصرية وجودة تنفيذ عالية، خيار مثالي للسكن الراقي أو الاستثمار.

✨
🏡 فلل سكنية متعددة النماذج
🛏️ 4 غرف نوم واسعة
🛋️ صالات معيشة عصرية
🍳 مطابخ عملية
🚿 دورات مياه بتشطيبات فاخرة
تبدأ من :
2،050،000 ريال


📍 موقع استراتيجي في حي الصفا – الرياض

https://maps.app.goo.gl/XvYEHeqpuqeq5uKR8?g_st=ipc

قريب من الطرق الرئيسية والخدمات الحيوية، مع سهولة الوصول إلى أهم مرافق المدينة.

🚗 مواقف سيارات خاصة
🏗️ تصميم معماري حديث مودرن
💎 تشطيبات عالية الجودة
📈 فرصة سكنية واستثمارية مميزة

📎 للاطلاع على المخططات والتفاصيل الكاملة، يرجى مراجعة البروشور المرفق:

https://drive.google.com/file/d/1-bJJir1gqsJOsPA2kcNK0lrGrDQxUjsr/view?usp=drivesdk

☎️ بالخدمة لأي تفاصيل أخرى
((رقم المعلن يظهر عند التواصل))",24.670028,46.760066,https://images.aqar.fm/webp/750x0/props/040054323_1766600564306.jpg | https://images.aqar.fm/webp/750x0/props/040054327_1766600611206.jpg | https://images.aqar.fm/webp/750x0/props/040054325_1766600611243.jpg | https://images.aqar.fm/webp/750x0/props/040054323_1766600611221.jpg | https://images.aqar.fm/webp/750x0/props/040054321_1766600611229.jpg | https://images.aqar.fm/webp/750x0/props/040054327_1766600611239.jpg,6,ناصر عبدالله ناصر المقبل,شركة دار بيات للتطوير والاستثمار العقاري,1,2025-12-24,2025-12-24,2026-08-19,1368,2026-08-23,True,"1,990,000",False,فيلا
6825126,https://sa.aqar.fm/فلل-للبيع/الرياض/شرق-الرياض/حي-الصفا/شارع-رافع-الانصاري-حي-الصفاء-مدينة-الرياض-منطقة-الرياض-6825126,"فيلا للبيع في شارع رافع الانصاري , حي الصفاء, مدينة الرياض, منطقة الرياض",2150000,324,4,5,3,0,حي الصفا,الرياض,شرق الرياض,"🏡| فيلا فاخرة للبيع بحي الصفا :
من مشروع فلل سـيـريـن بحي الصفا 

•مساحة الارض : 200م
•مسطح البناء : 324م
•الواجهه : شرقية - عرض الشارع 25م

💫| تفاصيل الفيلا :

◾️الدور الارضي : 
مجلس - دورة مياه 
صالة واسعة - تأسيس مصعد - دورة مياه
مطبخ مغلق - غرفة غسيل - غرفة عاملة بدورة مياه - غرفة سائق بدورة مياه .

◾️الدور الاول : 
3 غرف نوم ( جميعها ماستر ) 
صالة .

◾️الدور الثاني : 
غرفة مع دورة مياه 
صالة واسعة - سطح خاص .
إجمالي دورات المياه في الفيلا ( 8 ) 

✨| مميزات المشروع :
🔸صيانة مجانية لمدة سنة من المطور .
🔸واجهة المشروع شرقية - عرض الشارع 25م.
🔸ضمانات تصل حتى ( 25 ) سنة .
🔸كل فيلا تحتوي على : غرفة سائق وغرفة عاملة .
🔸تكييف مركزي للدور الارضي وغرفة النوم الرئيسية .
🔸تأسيس للمصعد .

⏳| أوقات الوصول :
▫️محطة ميترو جرير (دقيقتين)
▫️طريق النهضة (دقيقتين)
▫️مشروع سيفين (4 دقائق)
▫️الدايري الشرقي (5 دقائق) 
▫️جامع الراجحي (6 دقائق)

•السعر : 2,150,000
البيع بدون سعي .

📞| للتواصل والاستفسار :
((الرقم يظهر عند الضغط على اتصال))",24.668907,46.758695,https://images.aqar.fm/webp/750x0/props/044861735_1787405194355.jpg | https://images.aqar.fm/webp/750x0/props/044861739_1787405210801.jpg | https://images.aqar.fm/webp/750x0/props/044861730_1787405234795.jpg | https://images.aqar.fm/webp/750x0/props/044861737_1787405273244.jpg | https://images.aqar.fm/webp/750x0/props/044861731_1787405393183.jpg | https://images.aqar.fm/webp/750x0/props/044861731_1787405418485.jpg | https://images.aqar.fm/webp/750x0/props/044861731_1787405455908.jpg | https://images.aqar.fm/webp/750x0/props/044861738_1787405490629.jpg | https://images.aqar.fm/webp/750x0/props/044861736_1787405727406.jpg | https://images.aqar.fm/webp/750x0/props/044861736_1787405743513.jpg | https://images.aqar.fm/webp/750x0/props/044861730_1787405753587.jpg | https://images.aqar.fm/webp/750x0/props/044861731_1787405763510.jpg | https://images.aqar.fm/webp/750x0/props/044861738_1787405781210.jpg | https://images.aqar.fm/webp/750x0/props/044861731_1787405781216.jpg | https://images.aqar.fm/webp/750x0/props/044861735_1787405795418.jpg | https://images.aqar.fm/webp/750x0/props/044861734_1787405808050.jpg | https://images.aqar.fm/webp/750x0/props/044861736_1787405808157.jpg | https://images.aqar.fm/webp/750x0/props/044861733_1787405818572.jpg | https://images.aqar.fm/webp/750x0/props/044861736_1787406388062.jpg | https://images.aqar.fm/webp/750x0/props/044861735_1787406429544.jpg,20,ابراهيم بن محمد بن صالح البريدي,,,2026-08-16,2026-08-16,2026-08-23,34,2026-08-23,True,"2,150,000",False,فيلا
6518039,https://sa.aqar.fm/فلل-للبيع/الرياض/شرق-الرياض/حي-الصفا/شارع-حمودة-بن-عطية-حي-الصفاء-مدينة-الرياض-منطقة-الرياض-6518039,"فيلا للبيع في شارع حمودة بن عطية, حي الصفاء, مدينة الرياض, منطقة الرياض",1990000,200,4,5,2,0,حي الصفا,الرياض,شرق الرياض,"- إمتلك فيلا راقية في مشروع بيات هيلز التابع لشركة دار بيات للتطوير العقاري

- بنظام البيع على الخارطة ترخيص رقم: 796
- تاريخ التسليم: 2027/10/1
- تقبل الدعم السكني وتقبل البنوك

مواصفات الفيلا : 
- دور أرضي
 *مجلس مستقل بمدخل ودورة مياه بدورة مياه
 *صالة واسعة 
*مطبخ بقسمين مغلق ومفتوح
* دورة مياه
موقف داخلي وارتداد خلفي 
- دور أول: 
أربعة غرف نوم واسعة بدورات مياه مع اختلاف النماذج
- دور أخير
صالة + غرفة للغسيل + غرفة خادمة + سطح مقسم

مميزات الفيلا: 
- تشطيبات عالية الجودة
- تكييف مركزي راكب لغرف النوم الرئيسية وللدور اﻷرضي 
- مصعد مؤسس مع إمكانية التركيب 
- غرفة سائق بدورة مياه 
- شوارع واسعة 
- نافذ بشكل مباشر على أهم المشاريع والطرق الرئيسية 
- مخطط بمستقبل رائع للسكن أو الاستثمار 
- دفعات مرنة 

تواصل معي الان للطلاع على برشور المشروع واحجز موعدك لزيارة فيلا العرض: ((الرقم يظهر عند الضغط على اتصال))

البيع بدون سعي",24.670028,46.760066,https://images.aqar.fm/webp/750x0/props/050108950_1777717303945.jpg | https://images.aqar.fm/webp/750x0/props/050108951_1777717303951.jpg | https://images.aqar.fm/webp/750x0/props/050108952_1777717303951.jpg | https://images.aqar.fm/webp/750x0/props/050108958_1777717303955.jpg | https://images.aqar.fm/webp/750x0/props/050108957_1777717303978.jpg | https://images.aqar.fm/webp/750x0/props/050108954_1781094479700.jpg | https://images.aqar.fm/webp/750x0/props/050108959_1781094479682.jpg | https://images.aqar.fm/webp/750x0/props/050108953_1781094479848.jpg | https://images.aqar.fm/webp/750x0/props/050108958_1781094479696.jpg | https://images.aqar.fm/webp/750x0/props/050108956_1781094479881.jpg | https://images.aqar.fm/webp/750x0/props/050108958_1781094700994.jpg | https://images.aqar.fm/webp/750x0/props/050108954_1781094701113.jpg | https://images.aqar.fm/webp/750x0/props/050108950_1781094749122.jpg,13,ناصر عبدالله ناصر المقبل,شركة دار بيات للتطوير والاستثمار العقاري,1,2025-12-23,2025-12-23,2026-08-22,2423,2026-08-23,True,"1,990,000",False,فيلا
6680861,https://sa.aqar.fm/فلل-للبيع/الرياض/شرق-الرياض/حي-الصفا/حي-الصفاء-مدينة-الرياض-منطقة-الرياض-6680861,"فيلا للبيع في حي الصفاء, مدينة الرياض, منطقة الرياض",2190000,200,5,5,1,0,حي الصفا,الرياض,شرق الرياض,$5b,24.667421,46.767863,https://images.aqar.fm/webp/750x0/props/044682542_1784533789015.png | https://images.aqar.fm/webp/750x0/props/044682549_1784533789009.png | https://images.aqar.fm/webp/750x0/props/044682541_1784533803581.png | https://images.aqar.fm/webp/750x0/props/044682549_1784533803586.png | https://images.aqar.fm/webp/750x0/props/044682544_1784533789011.png | https://images.aqar.fm/webp/750x0/props/044682546_1784533789006.png | https://images.aqar.fm/webp/750x0/props/044682544_1784533803583.png | https://images.aqar.fm/webp/750x0/props/044682540_1784533803569.png | https://images.aqar.fm/webp/750x0/props/044682545_1784533803573.png | https://images.aqar.fm/webp/750x0/props/044682542_1784534444968.png | https://images.aqar.fm/webp/750x0/props/044682543_1784534444966.png | https://images.aqar.fm/webp/750x0/props/044682542_1784534444971.png | https://images.aqar.fm/webp/750x0/props/044682546_1784534444967.png | https://images.aqar.fm/webp/750x0/props/044682548_1784534474485.jpg,14,فيصل حسين,شركة متمم للمقاولات,1,2026-05-04,2026-07-30,2026-08-20,1518,2026-08-23,True,"2,190,000",False,فيلا
6752911,https://sa.aqar.fm/فلل-للبيع/الرياض/شرق-الرياض/حي-الصفا/شارع-12-أمامه-مرفق-يليه-المسجد-حي-الصفاء-مدينة-الرياض-منطقة-الرياض-6752911,"فيلا للبيع في شارع 12 أمامه مرفق يليه المسجد, حي الصفاء, مدينة الرياض, منطقة الرياض",2900000,300,7,5,3,0,حي الصفا,الرياض,شرق الرياض,"✨فلة بتصميم عصري وأنيق 
📍حي الصفا
📐 300م
🔺شارع شمالي يليه ميدان
🔺غرفة سائق
🔺مصعد راكب 

◾️مكونات الفيلا :

🔹 الدور الأرضي : مجلس خارجي + مجلس داخلي + مقلط ( مختصر ) + صالة واسعة يمكن توزيعها حسب الاحتياج + غرفة خادمة مع دورة المياه + مطبخ مع مستودع وتأسيس غسيل + 3 دورات مياه

🔹 الدور الأول ( العلوي ) : صالة + 4 غرف نوم توزيعها كالتالي
* ⁠ ( جناح رئيسي بإطلالة ) 
* ⁠( وغرفة ماستر )
* ⁠وغرفتين ستاندر مع دورة مياه مشتركة

🔹 الدور الثاني ( الملحق ) : صالة مُطلّة على السطح + غرفة مع دورة مياه + سطح ثاني",24.668029,46.772347,https://images.aqar.fm/webp/750x0/props/005831076_1782758316602.jpg,1,يوسف مبارك,,,2026-06-29,2026-07-28,2026-08-21,450,2026-08-23,True,"2,900,000",False,فيلا
6781102,https://sa.aqar.fm/فلل-للبيع/الرياض/شرق-الرياض/حي-الصفا/شارع-القرية-الخضراء-حي-الصفاء-مدينة-الرياض-منطقة-الرياض-6781102,"فيلا للبيع في شارع القرية الخضراء, حي الصفاء, مدينة الرياض, منطقة الرياض",2550000,266,4,0,0,0,حي الصفا,الرياض,شرق الرياض,"ادوار رقم ٢
الدور الأرضي 
المساحه الأرض:٢٢٧م
مسطح البناء:١٦٧م
المكونات:
الدور الأرضي
مجلس
صاله
مدخل سياره داخلي
٣ غرف نوم
مطبخ
غرفة خادمه
٤ حمامات
السعر :1.150.000
………..
الدور الأول +الثاني
المسطح:١٩٠م
الدور الأول
مجلس
صاله
٢غرفة نوم
مطبخ
غرفة خادمه
٤ حمامات
بلكونه لكل غرفه
الدور الثاني
٢غرفة نوم
صاله
٢حمام
السعر الدور الأول+الثاني:١.٢٩٠.٠٠٠
الموقع
https://maps.app.goo.gl/qdvebJJdhVr8YYvh9?g_st=ic",24.664783,46.761537,https://images.aqar.fm/webp/750x0/props/004576133_1770742505874.jpg | https://images.aqar.fm/webp/750x0/props/004576133_1770742505914.jpg | https://images.aqar.fm/webp/750x0/props/004576132_1784565965389.jpg | https://images.aqar.fm/webp/750x0/props/004576139_1784565965389.jpg | https://images.aqar.fm/webp/750x0/props/004576136_1784565965387.jpg | https://images.aqar.fm/webp/750x0/props/004576136_1784565965387.jpg | https://images.aqar.fm/webp/750x0/props/004576138_1784565965388.jpg,7,صالح بن سليمان بن محمد القاضي,شركة لمسة العقارية,1,2026-07-19,2026-08-17,2026-08-17,319,2026-08-23,True,"2,550,000",False,فيلا
6593458,https://sa.aqar.fm/فلل-للبيع/الرياض/شرق-الرياض/حي-الصفا/شارع-الامير-متعب-بن-عبدالعزيز-حي-الصفاء-مدينة-الرياض-منطقة-الرياض-6593458,"فيلا للبيع في شارع الامير متعب بن عبدالعزيز, حي الصفاء, مدينة الرياض, منطقة الرياض",1600000,266,3,3,1,0,حي الصفا,الرياض,شرق الرياض,"للبيع تاون هاوس و بنتهاوس بحي الصفا
 
التاون هاوس مساحة ٢٦٦م
الدور الأرضي مدخل سيارة 
ومجلس ومقلط مفتوح على الصالة ومطبخ ومستودع وغرفتين نوم
الدور الأول غرفتين نوم 
السطح غرفة خادمة وسطح 
 *السعر مليون و ٦٠٠ الف* 

البنت هاوس مساحة ٢٥٨م
مدخل سيارة ومؤسس مصعد 
الدور الأول مجلس وصالة ومطبخ وغرفة نوم
الدور الثاني ٣ غرف نوم وصالة وغرفة خادمة وسطح 
 *السعر مليون و ٣٠٠ الف* 

عرض الشارع ١٨ شرقي
 
🛑 يوجد جميع الضمانات ويوجد تأمين التعاونية ١٠ سنوات",24.665224,46.774913,https://images.aqar.fm/webp/750x0/props/043967252_1785351112756.jpg | https://images.aqar.fm/webp/750x0/props/043967258_1785351112120.jpg | https://images.aqar.fm/webp/750x0/props/043967252_1785351112364.jpg | https://images.aqar.fm/webp/750x0/props/043967252_1785351112531.jpg | https://images.aqar.fm/webp/750x0/props/043967258_1785351112528.jpg | https://images.aqar.fm/webp/750x0/props/043967254_1785351112527.jpg | https://images.aqar.fm/webp/750x0/props/043967255_1785351112617.jpg | https://images.aqar.fm/webp/750x0/props/043967259_1785351112765.jpg | https://images.aqar.fm/webp/750x0/props/043967257_1785351112756.jpg | https://images.aqar.fm/webp/750x0/props/043967250_1785351112844.jpg | https://images.aqar.fm/webp/750x0/props/043967250_1785351112844.jpg | https://images.aqar.fm/webp/750x0/props/043967258_1785351112982.jpg | https://images.aqar.fm/webp/750x0/props/043967251_1785351113071.jpg,13,بشرى عبدالكريم,مؤسسة بيت الحكمة للخدمات العقارية,1,2026-02-16,2026-06-14,2026-08-21,6475,2026-08-23,True,"1,600,000",False,فيلا
6658057,https://sa.aqar.fm/فلل-للبيع/الرياض/شرق-الرياض/حي-الصفا/شارع-محمد-بن-هيثم-حي-الصفاء-مدينة-الرياض-منطقة-الرياض-6658057,"فيلا للبيع في شارع محمد بن هيثم , حي الصفاء, مدينة الرياض, منطقة الرياض",1900000,200,4,5,2,0,حي الصفا,الرياض,شرق الرياض,"نستقبل طلباتكم وعروضكم من المالك او الوكيل 
ونعرضها بطريقة احترافية وحديثة
    🏡 فيلا دبلكس للبيع – موقع مميز 🔥
فرصة رائعة لامتلاك فيلا فاخرة بتصميم عملي ومساحات واسعة، مناسبة للسكن العائلي.
━━━ 🏠 تفاصيل الفيلا ━━━
🔹 الدور الأرضي:
استقبال واسع
مدخل سيارة 🚗
مدخل نساء مستقل
صالة كبيرة
مجلس
عدد 2 دورة مياه مع مغاسل
مطبخ كبير
مقلط
حوش
🔹 الدور الأول:
4 غرف نوم
منها 3 غرف ماستر
4 دورات مياه
🔹 الدور الثالث (ملحق):
مجلس كبير
غرفة خادمة
2 دورة مياه
عدد 2 سطح 
يوجد تاسيس مصعد
كل الضمانات على العقار موجودة...
شارع 20 متر جنوبي
━━━ 📍 مميزات الموقع ━━━
قريب جداً من المسجد 🕌
قريب من شارع عمر بن الخطاب
قريب من محطة المترو 🚇
قريب من الدائري الشرقي",24.667145,46.772273,https://images.aqar.fm/webp/750x0/props/045652962_1776358497452.jpg | https://images.aqar.fm/webp/750x0/props/045652964_1776358497015.jpg | https://images.aqar.fm/webp/750x0/props/045652963_1776358497275.jpg | https://images.aqar.fm/webp/750x0/props/045652961_1776358497464.jpg | https://images.aqar.fm/webp/750x0/props/045652965_1776358497593.jpg | https://images.aqar.fm/webp/750x0/props/045652961_1776358497647.jpg | https://images.aqar.fm/webp/750x0/props/045652969_1776358497700.jpg | https://images.aqar.fm/webp/750x0/props/045652961_1776358497803.jpg | https://images.aqar.fm/webp/750x0/props/045652963_1776358497906.jpg | https://images.aqar.fm/webp/750x0/props/045652964_1776358498003.jpg | https://images.aqar.fm/webp/750x0/props/045652964_1776358498129.jpg | https://images.aqar.fm/webp/750x0/props/045652968_1776358498216.jpg | https://images.aqar.fm/webp/750x0/props/045652964_1776358498304.jpg | https://images.aqar.fm/webp/750x0/props/045652962_1776358498360.jpg | https://images.aqar.fm/webp/750x0/props/045652968_1776358498417.jpg | https://images.aqar.fm/webp/750x0/props/045652969_1776358498509.jpg | https://images.aqar.fm/webp/750x0/props/045652966_1776358498616.jpg | https://images.aqar.fm/webp/750x0/props/045652964_1776358498744.jpg | https://images.aqar.fm/webp/750x0/props/045652969_1776358498831.jpg | https://images.aqar.fm/webp/750x0/props/045652969_1776358499030.jpg | https://images.aqar.fm/webp/750x0/props/045652963_1776358499040.jpg | https://images.aqar.fm/webp/750x0/props/045652967_1776358499307.jpg | https://images.aqar.fm/webp/750x0/props/045652961_1776358499504.jpg | https://images.aqar.fm/webp/750x0/props/045652969_1776358499532.jpg | https://images.aqar.fm/webp/750x0/props/045652963_1776358499616.jpg | https://images.aqar.fm/webp/750x0/props/045652967_1776358500801.jpg | https://images.aqar.fm/webp/750x0/props/045652969_1776358500904.jpg | https://images.aqar.fm/webp/750x0/props/045652964_1776358501068.jpg | https://images.aqar.fm/webp/750x0/props/045652964_1776358501067.jpg | https://images.aqar.fm/webp/750x0/props/045652963_1776358501166.jpg,30,محمد بن خلف بن جزاء الشكره,شركة هالاس,1,2026-04-16,2026-07-13,2026-08-23,1210,2026-08-23,True,"1,900,000",False,فيلا
6733113,https://sa.aqar.fm/فلل-للبيع/الرياض/شرق-الرياض/حي-الصفا/شارع-محمد-بن-الهيثم-بن-شبابه-حي-الصفاء-مدينة-الرياض-منطقة-الرياض-6733113,"فيلا للبيع في شارع محمد بن الهيثم بن شبابه, حي الصفاء, مدينة الرياض, منطقة الرياض",1690000,251,6,5,2,0,حي الصفا,الرياض,شرق الرياض,"للباحثين عن جودة البناء ورحابة المسكن والاستقلالية التّامة

بنتهاوس للبيع في المربع الذهبي لحي الصفا الجديد

تبعد دقائق عن:

مستشفى الدكتور سليمان الحبيب الجديد

مشروع سفن الترفيهي

خط المترو البرتقالي ومحطة جرير

جامع الراجحي

طريق الدائري الشرقي

مكونات البنتهاوس الارضي:
الدور الارضي:
كراج سيارة ومدخل مستقل ، حوش جانبي ، مجلس ، صالة فسيحة ، مطبخ مغلق ، غرفة خادمة ، ركن غسيل ، 2 دورات مياه

الدور الاول:
غرفة نوم ماستر ، غرفتين نوم ودورة مياه

سعر البيع : 1,690,000 ريال

مكونات البنتهاوس العلوي:
الدور الارضي:
كراج سيارة ومدخل مستقل ، ملحق بدورة مياة ، درج خاص ومصعد خاص

الدور الاول:
مجلس ، طاولة طعام ، صالة ، مطبخ مستقل قابل للاغلاق ، دورتين مياه

الدور الثاني:
ركن غسيل ، غرفة خادمة ، 3 غرف نوم كلها ماستر ، سطح فسيح

سعر البيع : 1,690,000 ريال

Penthouse for sale in the Golden Square of the new Al Safa district

Minutes away from:

The new Dr. Sulaiman Al Habib Hospital

Seven Entertainment Project

The Orange Metro Line and Jarir Station

Al Rajhi Mosque

Eastern Ring Road

Ground floor penthouse features:

Ground floor:
Garage, side yard, majlis, living room,kitchen, maid's room, laundry, 2 bathrooms

1st floor:
Master bedroom, 2 bedrooms and bathroom

price: SAR 1,690,000

Upper floor penthouse features:

Ground floor:
Garage, diwaniya with bathroom, private staircase and elevator

1st floor:
Majlis, dining, living room, kitchen, 2 bathrooms

2nd floor:
Laundry, maid's room, 3 master bedrooms, terrace

price: 1,690,000 SAR",24.669649,46.77963,,,يوسف علي صالح الشايع,,,2026-06-14,2026-07-14,2026-07-14,2532,2026-08-23,True,"1,690,000",False,فيلا
6821268,https://sa.aqar.fm/فلل-للبيع/الرياض/شرق-الرياض/حي-الصفا/شارع-عمر-بن-الخطاب-حي-الصفاء-مدينة-الرياض-منطقة-الرياض-6821268,"فيلا للبيع في شارع عمر بن الخطاب, حي الصفاء, مدينة الرياض, منطقة الرياض",1600000,281,3,1,0,0,حي الصفا,الرياض,شرق الرياض,"للبيع تاون هاوس و بنت هاوس بحي الصفا
 
التاون هاوس مساحة ٢٨١م
الدور الأرضي مدخل سيارة 
ومجلس ومقلط مفتوح على الصالة ومطبخ ومستودع وغرفتين نوم
الدور الأول غرفتين نوم 
السطح غرفة خادمة وسطح 
 *السعر مليون و ٦٠٠ الف* 

البنت هاوس مساحة ٢٥٨م 
مدخل سيارة ومؤسس مصعد 
الدور الأول مجلس وصالة ومطبخ وغرفة نوم
الدور الثاني ٣ غرف نوم وصالة وغرفة خادمة وسطح 
 *السعر مليون و ٣٠٠ الف* 

عرض الشارع ١٨ شرقي
يوجد جميع الضمانات ويوجد تأمين ملاذ ١٠ سنوات",24.660952,46.768494,https://images.aqar.fm/webp/750x0/props/043967250_1786650881458.jpg | https://images.aqar.fm/webp/750x0/props/043967251_1786650880947.jpg | https://images.aqar.fm/webp/750x0/props/043967253_1786650881030.jpg | https://images.aqar.fm/webp/750x0/props/043967252_1786650881167.jpg | https://images.aqar.fm/webp/750x0/props/043967251_1786650881181.jpg | https://images.aqar.fm/webp/750x0/props/043967259_1786650881241.jpg | https://images.aqar.fm/webp/750x0/props/043967258_1786650881398.jpg | https://images.aqar.fm/webp/750x0/props/043967257_1786650881392.jpg | https://images.aqar.fm/webp/750x0/props/043967250_1786650881459.jpg | https://images.aqar.fm/webp/750x0/props/043967253_1786650881681.jpg | https://images.aqar.fm/webp/750x0/props/043967250_1786650881877.jpg | https://images.aqar.fm/webp/750x0/props/043967258_1786650880494.jpg | https://images.aqar.fm/webp/750x0/props/043967255_1786650880576.jpg | https://images.aqar.fm/webp/750x0/props/043967250_1786650881458.jpg | https://images.aqar.fm/webp/750x0/props/043967251_1786650880947.jpg | https://images.aqar.fm/webp/750x0/props/043967253_1786650881030.jpg | https://images.aqar.fm/webp/750x0/props/043967252_1786650881167.jpg | https://images.aqar.fm/webp/750x0/props/043967251_1786650881181.jpg | https://images.aqar.fm/webp/750x0/props/043967259_1786650881241.jpg | https://images.aqar.fm/webp/750x0/props/043967258_1786650881398.jpg | https://images.aqar.fm/webp/750x0/props/043967257_1786650881392.jpg | https://images.aqar.fm/webp/750x0/props/043967250_1786650881459.jpg | https://images.aqar.fm/webp/750x0/props/043967253_1786650881681.jpg | https://images.aqar.fm/webp/750x0/props/043967250_1786650881877.jpg | https://images.aqar.fm/webp/750x0/props/043967258_1786650880494.jpg | https://images.aqar.fm/webp/750x0/props/043967255_1786650880576.jpg,26,بشرى عبدالكريم,مؤسسة بيت الحكمة للخدمات العقارية,1,2026-08-13,2026-08-13,2026-08-23,794,2026-08-23,True,"1,600,000",False,فيلا
6519522,https://sa.aqar.fm/فلل-للبيع/الرياض/شرق-الرياض/حي-الصفا/شارع-حمودة-بن-عطية-حي-الصفاء-مدينة-الرياض-منطقة-الرياض-6519522,"فيلا للبيع في شارع حمودة بن عطية, حي الصفاء, مدينة الرياض, منطقة الرياض",1990000,415,4,4,2,0,حي الصفا,الرياض,شرق الرياض,"بدأ البيع الآن

بيات هليز الصفا | مشروع فلل فاخرة
في حي الصفا – الرياض
البيع على الخارطة.

امتلك فلة فاخرة في مشروع بيات هليز الصفا من تطوير شركة دار بيات للتطوير والاستثمار العقاري، بتصاميم عصرية وجودة تنفيذ عالية، خيار مثالي للسكن الراقي أو الاستثمار.

 تفاصيل الفلل
 مجلس ضيوف
 صالات معيشة عصرية
 4 غرف نوم واسعة
 مطابخ عملية
 دورات مياه بتشطيبات فاخرة
غرفة خادمة 
غرفة غسيل 
غرفة سائق

 المساحة 200م² 

التسليم اكتوبر 2027م

المميزات
المصعد مؤسس
 مواقف سيارات خاصة
 تصميم معماري حديث مودرن
 تشطيبات عالية الجودة
 فرصة سكنية واستثمارية مميزة
 فلل سكنية متعددة النماذج

واجهة المشروع شرقية وشمالية وعرض الشارع 20 والجهة الغربيه عرض الشارع 18
قريب من المناطق الحيوية والتعليمية والترفيهية والمراكز الطبية والتجارية


📍 موقع استراتيجي في حي الصفا – الرياض

قريب من الطرق الرئيسية والخدمات الحيوية:
1 د من محطة مترو جرير
4 د من سفن SEVEN الرياض 
9د جامع الراجحي 
وبالقرب من طريق خريص
16د من حديقة الملك سلمان 

للتواصل :
اماني القحطاني
((رقم المعلن يظهر عند التواصل))",24.670028,46.760066,https://images.aqar.fm/webp/750x0/props/041572030_1766577733628.jpg | https://images.aqar.fm/webp/750x0/props/041572038_1766577733640.jpg | https://images.aqar.fm/webp/750x0/props/041572030_1766577733626.jpg | https://images.aqar.fm/webp/750x0/props/041572032_1766577733628.jpg | https://images.aqar.fm/webp/750x0/props/041572034_1766577733639.jpg | https://images.aqar.fm/webp/750x0/props/041572032_1766577990558.jpg | https://images.aqar.fm/webp/750x0/props/041572031_1766577990538.jpg | https://images.aqar.fm/webp/750x0/props/041572031_1766577990469.jpg | https://images.aqar.fm/webp/750x0/props/041572034_1766577990492.jpg | https://images.aqar.fm/webp/750x0/props/041572036_1766577990635.jpg | https://images.aqar.fm/webp/750x0/props/041572032_1766577990460.jpg | https://images.aqar.fm/webp/750x0/props/041572030_1766577990155.jpg | https://images.aqar.fm/webp/750x0/props/041572033_1766577990130.jpg | https://images.aqar.fm/webp/750x0/props/041572036_1766577990526.jpg | https://images.aqar.fm/webp/750x0/props/041572033_1766577990110.jpg | https://images.aqar.fm/webp/750x0/props/041572036_1766577990648.jpg | https://images.aqar.fm/webp/750x0/props/041572039_1766577990631.jpg | https://images.aqar.fm/webp/750x0/props/041572036_1766577990112.jpg | https://images.aqar.fm/webp/750x0/props/041572032_1766577990443.jpg | https://images.aqar.fm/webp/750x0/props/041572038_1766577990480.jpg | https://images.aqar.fm/webp/750x0/props/041572033_1766577990533.jpg | https://images.aqar.fm/webp/750x0/props/041572036_1766579506299.jpg | https://images.aqar.fm/webp/750x0/props/041572031_1766579570563.jpg | https://images.aqar.fm/webp/750x0/props/041572035_1766579506289.jpg | https://images.aqar.fm/webp/750x0/props/041572033_1766579506287.jpg | https://images.aqar.fm/webp/750x0/props/041572030_1766579663147.jpg | https://images.aqar.fm/webp/750x0/props/041572032_1766579663146.jpg | https://images.aqar.fm/webp/750x0/props/041572039_1766579663146.jpg | https://images.aqar.fm/webp/750x0/props/041572030_1766579861194.jpg | https://images.aqar.fm/webp/750x0/props/041572031_1766579861194.jpg | https://images.aqar.fm/webp/750x0/props/041572038_1766579861195.jpg,31,ناصر عبدالله ناصر المقبل,شركة دار بيات للتطوير والاستثمار العقاري,1,2025-12-24,2025-12-24,2026-08-23,1620,2026-08-23,True,"1,990,000",False,فيلا
6642536,https://sa.aqar.fm/فلل-للبيع/الرياض/شرق-الرياض/حي-الصفا/حي-الصفاء-مدينة-الرياض-منطقة-الرياض-6642536,"فيلا للبيع في حي الصفاء, مدينة الرياض, منطقة الرياض",1950000,300,5,5,3,1,حي الصفا,الرياض,شرق الرياض,"فيلا دبلكس بحي الصفا ✨
مساحه حسب الصك 300 متر ✨
مساحة الارض 200 متر عرض 10 عمق 20 ✨
شارع عرض 20 متر ✨

عداد كهرباء و مياه مستقلة 
مدخل سيارة 

الدور الارضي يتكون : 
ملحق بدورة مياه 
مجلس بدورة مياه 
مطبخ مقفول (المطبخ راكب) 
صالة 

الدور الاول يتكون :
3 غرف نوم ( فيهم واحده ماستر )
صالة مع دورة مياه قابله لتحويلها غرفه نوم

الدور الثاني يتكون : 
1 غرفة نوم ( ماستر ) 
صالة مع دورة مياه 
سطح خاص واسع 

نسعد بخدمتكم على الرقم : 
0582550662",24.664203,46.774743,https://images.aqar.fm/webp/750x0/props/031666162_1775405697472.jpg | https://images.aqar.fm/webp/750x0/props/031666166_1775405770771.jpg | https://images.aqar.fm/webp/750x0/props/031666166_1775405770770.jpg | https://images.aqar.fm/webp/750x0/props/031666161_1775405811051.jpg | https://images.aqar.fm/webp/750x0/props/031666168_1775405811040.jpg | https://images.aqar.fm/webp/750x0/props/031666165_1775405827574.jpg | https://images.aqar.fm/webp/750x0/props/031666162_1775405841414.jpg | https://images.aqar.fm/webp/750x0/props/031666161_1775405847791.jpg | https://images.aqar.fm/webp/750x0/props/031666164_1775405854376.jpg | https://images.aqar.fm/webp/750x0/props/031666164_1775405862231.jpg | https://images.aqar.fm/webp/750x0/props/031666164_1775405882799.jpg,11,محمد عبدالله عبدالعزيز,مؤسسة مساكن ريفا للتطوير العقاري,1,2026-04-05,2026-07-30,2026-08-19,2867,2026-08-23,True,"1,950,000",False,فيلا
6590494,https://sa.aqar.fm/فلل-للبيع/الرياض/شرق-الرياض/حي-الصفا/حي-الصفاء-مدينة-الرياض-منطقة-الرياض-6590494,"فيلا للبيع في حي الصفاء, مدينة الرياض, منطقة الرياض",3000000,336,7,5,4,0,حي الصفا,الرياض,شرق الرياض,$5d,24.668684,46.775804,https://images.aqar.fm/webp/750x0/props/050735286_1773541391090.jpg | https://images.aqar.fm/webp/750x0/props/050735284_1773541391512.jpg | https://images.aqar.fm/webp/750x0/props/050735287_1773541391895.jpg | https://images.aqar.fm/webp/750x0/props/050735280_1773541392196.jpg | https://images.aqar.fm/webp/750x0/props/050735285_1773541392675.jpg | https://images.aqar.fm/webp/750x0/props/050735281_1773541393007.jpg | https://images.aqar.fm/webp/750x0/props/050735284_1773541393496.jpg | https://images.aqar.fm/webp/750x0/props/050735282_1773541393883.jpg | https://images.aqar.fm/webp/750x0/props/050735287_1773541394284.jpg | https://images.aqar.fm/webp/750x0/props/050735288_1773541394923.jpg | https://images.aqar.fm/webp/750x0/props/050735282_1773541395244.jpg | https://images.aqar.fm/webp/750x0/props/050735285_1773541395727.jpg | https://images.aqar.fm/webp/750x0/props/050735281_1773541396120.jpg | https://images.aqar.fm/webp/750x0/props/050735287_1773541396517.jpg,14,عبدالله بن عبدالرحمن بن علي الهمش,,1,2026-02-14,2026-07-10,2026-08-22,916,2026-08-23,True,"3,000,000",False,فيلا
6786138,https://sa.aqar.fm/فلل-للبيع/الرياض/شرق-الرياض/حي-الصفا/حي-الصفاء-مدينة-الرياض-منطقة-الرياض-6786138,"فيلا للبيع في حي الصفاء, مدينة الرياض, منطقة الرياض",5500000,400,5,,,0,حي الصفا,الرياض,شرق الرياض,"بسم الله الرحمن الرحيم  //////////////////////////////////::""""""""""""""/////«/////////////////////////////////////////////////////////////",24.666888,46.776261,,,خالد سعود,شركة حدائق نجد العقارية,1,2026-07-22,2026-08-21,2026-08-22,62,2026-08-23,True,"5,500,000",False,فيلا
6794841,https://sa.aqar.fm/فلل-للبيع/الرياض/شرق-الرياض/حي-الصفا/شارع-بدون-حي-الصفاء-مدينة-الرياض-منطقة-الرياض-6794841,"فيلا للبيع في شارع بدون, حي الصفاء, مدينة الرياض, منطقة الرياض",2150000,200,4,0,0,0,حي الصفا,الرياض,شرق الرياض,"فيلا فاخره للبيع (مشروع سيرين)
على مساحة ارض 200م بمسطحات بناء حوالي 350م
الواجهه شرقيه بشارع عرض 20م 
تفاصيل الفيلا 
حوش بموقف سياره داخلي وباب بأذرع اتوماتيك
مجلس رجال بدورة مياه للضيوف
صاله عائليه واسعه وشرحة بإطلالات جميله على احواض تشجير
دورة مياه للعائله
مطبخ مغلق مع غرفة غسيل وغرفة خادمه بدورة مياه
الدور الاول 
غرفة نوم رئيسيه واسعه 
غرفتين نوم ماستر 
صاله 
الدور الثاني 
غرفة نوم 
صاله 
وسطح خاص 

مميزات الفيلا 
تكييف مخفي راكب للدور الارضي كامل وغرفة النوم الرئيسيه
غرفة سائق 
ضمانات تصل الى 25سنه
تأسيس مصعد",24.668895,46.75867,https://images.aqar.fm/webp/750x0/props/001761569_1785256933523.jpg | https://images.aqar.fm/webp/750x0/props/001761568_1785256933524.jpg | https://images.aqar.fm/webp/750x0/props/001761565_1785256933443.jpg | https://images.aqar.fm/webp/750x0/props/001761569_1785256933533.jpg | https://images.aqar.fm/webp/750x0/props/001761560_1785256933532.jpg | https://images.aqar.fm/webp/750x0/props/001761567_1785256933524.jpg | https://images.aqar.fm/webp/750x0/props/001761560_1785256954003.jpg | https://images.aqar.fm/webp/750x0/props/001761560_1785256953943.jpg | https://images.aqar.fm/webp/750x0/props/001761563_1785256953971.jpg | https://images.aqar.fm/webp/750x0/props/001761567_1785256953998.jpg | https://images.aqar.fm/webp/750x0/props/001761567_1785256953922.jpg | https://images.aqar.fm/webp/750x0/props/001761560_1785256953994.jpg | https://images.aqar.fm/webp/750x0/props/001761560_1785256953934.jpg | https://images.aqar.fm/webp/750x0/props/001761568_1785256953926.jpg | https://images.aqar.fm/webp/750x0/props/001761568_1785256961440.jpg | https://images.aqar.fm/webp/750x0/props/001761568_1785256961447.jpg,16,عبدالاله صالح,شركة أوفرز العقارية,1,2026-07-28,2026-07-28,2026-08-16,87,2026-08-23,True,"2,150,000",False,فيلا
6763230,https://sa.aqar.fm/فلل-للبيع/الرياض/شرق-الرياض/حي-الصفا/شارع-سعيد-المنوفي-حي-الصفاء-مدينة-الرياض-منطقة-الرياض-6763230,"فيلا للبيع في شارع سعيد المنوفي, حي الصفاء, مدينة الرياض, منطقة الرياض",1983250,200,4,5,3,0,حي الصفا,الرياض,شرق الرياض,"صفوة فيلا
مشروع سكني فاخر في حي الصفا، يضم 12 فيلا بتصاميم ونماذج متنوعة ومساحات مدروسة بعناية لتناسب مختلف الاحتياجات، تحت إشراف مهندسين ذوي خبرة تمتد لما يقارب 30 عامًا داخل وخارج منطقة الرياض، مع تشطيبات عالية الجودة تجمع بين الفخامة والأناقة والعملية.

‏الفلل في المنتصف جميعها مساحتها 200 متر 

دخول ذكي للأبواب الرئيسيه
باب كراج مستقل 

مكونات الفيلا:
الدور الارضي:
‏ملحق أرضي
‏مجلس رجال
‏صالة طعام
‏صالة الضيوف مع دورة مياه
‏مطبخ
‏ارتداد خلفي للفيلا

‏الدور الثاني:
‏صالة
‏ماستر روم مع دورة مياه خاصة
‏ثلاث غرف نوم مع دورة مياه

‏الدور الثالث:
‏غرفة نوم مع دورة مياه
‏صالة
‏بوفيه
‏غرفة خادمة مع دورة مياه


الضمانات:
10 سنوات ضمان ضد العيوب الخفية من شركة
التعاونية

سنة ضمان من الملاك على أي مشكلة لا سمح اللّٰه

25 سنه على الافياش و القواطع

‏الجهة الشرقية فيها مصعد راكب
و الجهة الغربية بدون مصاعد مع زيادة في عدد الغرف

الاسعار
‏مع مصعد بسعر 1.988.250 ريال
بدون مصعد بسعر 1,983,000 ريال",24.664499,46.76033,https://images.aqar.fm/webp/750x0/props/041646638_1783394249465.jpg | https://images.aqar.fm/webp/750x0/props/041646631_1783394249444.jpg | https://images.aqar.fm/webp/750x0/props/041646633_1783394249461.jpg | https://images.aqar.fm/webp/750x0/props/041646636_1783394249439.jpg | https://images.aqar.fm/webp/750x0/props/041646633_1783394249433.jpg | https://images.aqar.fm/webp/750x0/props/041646631_1783394249438.jpg | https://images.aqar.fm/webp/750x0/props/041646638_1783394249438.jpg | https://images.aqar.fm/webp/750x0/props/041646636_1783394249441.jpg | https://images.aqar.fm/webp/750x0/props/041646636_1783394286220.jpg | https://images.aqar.fm/webp/750x0/props/041646633_1783394286225.jpg | https://images.aqar.fm/webp/750x0/props/041646631_1783394286218.jpg | https://images.aqar.fm/webp/750x0/props/041646633_1783394286231.jpg | https://images.aqar.fm/webp/750x0/props/041646633_1783394286214.jpg | https://images.aqar.fm/webp/750x0/props/041646632_1783394286229.jpg | https://images.aqar.fm/webp/750x0/props/041646637_1783394286214.jpg,15,فهد سليمان بن فهد العقيلي,,,2026-07-07,2026-08-05,2026-08-21,280,2026-08-23,True,"1,983,250",False,فيلا
6697236,https://sa.aqar.fm/فلل-للبيع/الرياض/شرق-الرياض/حي-الصفا/شارع-الامير-متعب-بن-عبدالعزيز-حي-الصفاء-مدينة-الرياض-منطقة-الرياض-6697236,"فيلا للبيع في شارع الامير متعب بن عبدالعزيز, حي الصفاء, مدينة الرياض, منطقة الرياض",1890000,312,4,5,3,0,حي الصفا,الرياض,شرق الرياض,"بدأ البيع | مشروع المجالات 70 ( الفيّة )
📍 حي الصفا

تاون هاوس بتصميم راقٍ وتشطيبات عالية الجودة
بــمساحة إجمالية  470م²

⸻

🔹 الجودة والضمان

• إشراف هندسي على جميع مراحل المشروع
• ضمانات متعددة تصل إلى 30 سنة
• تأمين ضد العيوب الخفية لمدة 10 سنوات
• خدمات مجانية مقدمة للسنة الأولى 

⸻

🔹 المميزات

- فيلا مستقله 
- ⁠الخوصوصية التامة 
- ⁠عدادات كهرباء ومياه مفصولة 
- مصعد راكب، ومجهزة بنظام تكييف 
• نوافذ عازلة 
• موقفين خاصة
- 4 غرف نوم
- مجلس ضيافة وصالة طعام وصالة معيشة  
• تفاصيل فاخرة (دش مطري – كراسي معلّقة. 

⸻

🏡المجالات 70 ( الفية )
فخامة متوازنة… وتفاصيل صُنعت لتدوم.",24.666472,46.775284,https://images.aqar.fm/webp/750x0/props/047137208_1778768304920.jpg | https://images.aqar.fm/webp/750x0/props/047137205_1778768304586.jpg | https://images.aqar.fm/webp/750x0/props/047137204_1778768304752.jpg | https://images.aqar.fm/webp/750x0/props/047137204_1778768304486.jpg | https://images.aqar.fm/webp/750x0/props/047137207_1778768304495.jpg | https://images.aqar.fm/webp/750x0/props/047137202_1778768305118.jpg,6,طارق سليمان عبدالرحمن المحيذيف,شركة مغنى التميز العقارية شركة شخص واحد,1,2026-05-14,2026-08-09,2026-08-13,1967,2026-08-23,True,"1,890,000",False,فيلا
6765092,https://sa.aqar.fm/فلل-للبيع/الرياض/شرق-الرياض/حي-الصفا/شارع-محمد-بن-داود-بن-الجراح-حي-الصفا-الرياض-منطقة-الرياض-6765092,"فيلا للبيع في شارع الأصبهاني, حي الصفاء, مدينة الرياض, منطقة الرياض",2200000,220,4,5,2,0,حي الصفا,الرياض,شرق الرياض,"🏡✨ فيلا دوبلكس جديدة للبيع – حي الصفا، الرياض 📍🏙️

إذا كنت تبحث عن منزل يجمع بين ✨ الحداثة، 🏡 الرحابة، 📍 والموقع المميز، فهذه الفيلا تستحق اهتمامك 👌

🏗️ تقع الفيلا ضمن مشروع الرمز العقارية – سديم فيلا (المرحلة الأولى)، مساحة الوحدة 266م² 📐 ومساحة ارض 220م²  وواجهة شمالية 🧭، وتصميم دوبلكس حديث 🏠✨ يوفر لك مساحة مريحة وعملية تناسب احتياجات العائلة 👨‍👩‍👧‍👦💙

🌟 أبرز المميزات:

🛏️ • 4 غرف نوم (منها 2 غرف نوم ماستر)
🛋️ • غرفتا استقبال / مجلس
🚿 • 5+ دورات مياه
📱 • فيلا ذكية
🍳 • مطبخ
🧹 • غرفة خادمة
🏢 • 3 طوابق بتصميم عملي
❄️ • تكييف مركزي
🌿 • حوش خاص
🚗 • مدخل سيارة
📹 • كاميرات مراقبة
🧹 • مكنسة مركزية
💧⚡ • جميع الخدمات متوفرة: ماء وكهرباء
🚇 • قريبة من محطة المترو
✨ • الفيلا جديدة

📍 الموقع: حي الصفا، مدينة الرياض
📐 مساحة الوحدة: 266م²
📐 مساحة الارض: 220م²
🧭 الواجهة: شمالية
🏠 نوع العقار: فيلا دوبلكس

💰 السعر شامل السعي ✨",24.662292,46.768009,https://images.aqar.fm/webp/750x0/props/053848564_1783511398115.jpg | https://images.aqar.fm/webp/750x0/props/053848562_1783511398131.jpg | https://images.aqar.fm/webp/750x0/props/053848563_1783511398123.jpg | https://images.aqar.fm/webp/750x0/props/053848564_1783511398127.jpg | https://images.aqar.fm/webp/750x0/props/053848569_1783511398084.jpg | https://images.aqar.fm/webp/750x0/props/053848561_1783511398121.jpg | https://images.aqar.fm/webp/750x0/props/053848563_1786444289449.jpg,7,عبير فهد,,,2026-07-08,2026-07-08,2026-08-23,1527,2026-08-23,True,"2,200,000",False,فيلا
6812565,https://sa.aqar.fm/فلل-للبيع/الرياض/شرق-الرياض/حي-الصفا/شارع-ابراهيم-بن-جمعه-حي-الصفاء-مدينة-الرياض-منطقة-الرياض-6812565,"فيلا للبيع في شارع ابراهيم بن جمعه, حي الصفاء, مدينة الرياض, منطقة الرياض",1300000,279,4,5,0,0,حي الصفا,الرياض,شرق الرياض,"بنتهاوس فاخر للبيع بحي الصفا :
موقع متميز من قلب حي الصفا بمدينة الرياض .

•تفاصيل الوحدة :
مساحة العقار  الاجمالية : 279متر .
واجهه غربيه - عرض الشارع 17متر

الدور الاول : 
مجلس واسع مع بلكونه - دورة مياه 
صالة واسعة - مطبخ مغلق - غرفة - دورة مياه .

الدور الثاني : 
3 غرف ( 1 ماستر ) صالة - غرفة عامله 
سطح - إجمالي دورات المياه (3) .

✨| مميزات العقار :
🔸تأمين شركة التعاونية (10) سنوات .
🔸ضمانات تصل حتى (25)سنة .
🔸بجوار مخطط المسجد والحديقة .
🔸عدادات الكهرباء والماء مستقلة .
🔸تأسيس مصعد .
🔸مدخل سيارة .
🔸مدخلين للدور الاول .
🔸سطح خاص .


⏳| مميزات الموقع :
♦️الدايري الشرقي (4) دقائق .
♦️محطة الميترو (4) دقائق .
♦️جامع الراجحي (5) دقائق .
♦️مركز الحبيب الطبي (4) دقائق .
♦️مجمع رمال سنتر التجاري (7) دقائق .

•السعر : 1،280,000
( البيع بدون سعي )

•للحجز والاستفسار  :
((الرقم يظهر عند الضغط على اتصال))
((الرقم يظهر عند الضغط على اتصال))
((الرقم يظهر عند الضغط على اتصال))",24.664512,46.77112,https://images.aqar.fm/webp/750x0/props/044861733_1786360342264.jpg | https://images.aqar.fm/webp/750x0/props/044861736_1786360373947.jpg | https://images.aqar.fm/webp/750x0/props/044861737_1786360373948.jpg | https://images.aqar.fm/webp/750x0/props/044861739_1786360373964.jpg | https://images.aqar.fm/webp/750x0/props/044861733_1786360373953.jpg | https://images.aqar.fm/webp/750x0/props/044861738_1786360373959.jpg | https://images.aqar.fm/webp/750x0/props/044861734_1786360373967.jpg | https://images.aqar.fm/webp/750x0/props/044861739_1786360373967.jpg | https://images.aqar.fm/webp/750x0/props/044861734_1786360373962.jpg | https://images.aqar.fm/webp/750x0/props/044861736_1786360402005.jpg | https://images.aqar.fm/webp/750x0/props/044861730_1786360402016.jpg | https://images.aqar.fm/webp/750x0/props/044861738_1786360402026.jpg | https://images.aqar.fm/webp/750x0/props/044861730_1786360402023.jpg | https://images.aqar.fm/webp/750x0/props/044861732_1786360402025.jpg | https://images.aqar.fm/webp/750x0/props/044861737_1786360402025.jpg | https://images.aqar.fm/webp/750x0/props/044861733_1786360402029.jpg | https://images.aqar.fm/webp/750x0/props/044861736_1786360402028.jpg | https://images.aqar.fm/webp/750x0/props/044861737_1786360419829.jpg,18,ابراهيم بن محمد بن صالح البريدي,,,2026-08-09,2026-08-09,2026-08-23,532,2026-08-23,True,"1,300,000",False,فيلا
6621541,https://sa.aqar.fm/فلل-للبيع/الرياض/شرق-الرياض/حي-الصفا/شارع-محمد-بن-عمر-العرابي-حي-الصفاء-مدينة-الرياض-منطقة-الرياض-6621541,"فيلا للبيع في شارع محمد بن عمر العرابي, حي الصفاء, مدينة الرياض, منطقة الرياض",2350000,200,5,5,1,0,حي الصفا,الرياض,شرق الرياض,"دبلكس للبيع
 حي الصفا 

مواصفات الدبلكس:
مساحة الدبلكس 200 متر 
شارع 20 شرقي درج وصالة 
مؤسس لها مصعد 

يتكون الدور الارضي : 
- مدخل سيارة
- ملحق خارجي 
- مجلس 
- صالة واسعة 
- مطبخ 
 - دورة مياه عدد اثنان.

والدور الاول :
عدد 3 غرف
 - غرفتين ماستر (منها غرفة كبيرة الرئيسية)
 - غرفة نوم مع دورة مياه مشترك بالصالة

الدور الثاني:
 غرفة خادمة مع دورة مياه
وغرفتين نوم وحده منها ماستر 
- وغرفة غسيل مع ساحة صغيرة للنشر
- ساحة سطح كبيرة",24.668961,46.772625,https://images.aqar.fm/webp/750x0/props/035137283_1773178250443.jpg,1,نواف وليد,,,2026-03-10,2026-08-03,2026-08-23,1668,2026-08-23,True,"2,350,000",False,فيلا
6479631,https://sa.aqar.fm/فلل-للبيع/الرياض/شرق-الرياض/حي-الصفا/شارع-عمر-بن-الخطاب-حي-الصفاء-مدينة-الرياض-منطقة-الرياض-6479631,"فيلا للبيع في شارع عمر بن الخطاب, حي الصفاء, مدينة الرياض, منطقة الرياض",1150000,258,5,4,1,0,حي الصفا,الرياض,شرق الرياض,"🛑نرجو قراءة التفاصيل 👇🛑
للبيع          : تاون هاوس  علوي 
الحي         : الصفا 
المساحه  : ٢٥٨
الشارع      : ١٥٠م
الواجهه   : شرق 
#️⃣المواصفات#️⃣
#️⃣التاون هاوس علوي #️⃣ 
مدخل سياره، مجلس، غرفه، صاله، مطبخ،  
#️⃣فوق ٣ غرف نوم، ،،سطح🛑البيع مليون و 150 الف",24.662631,46.772973,https://images.aqar.fm/webp/750x0/props/001388179_1764093103602.jpg,1,محمد الدرعاني,شركة مجموعة الدرعاني العقارية,1,2025-11-24,2025-11-24,2026-08-23,8987,2026-08-23,True,"1,150,000",False,فيلا
6622668,https://sa.aqar.fm/فلل-للبيع/الرياض/شرق-الرياض/حي-الصفا/شارع-بدوي-أحمد-محمد-حي-الصفاء-مدينة-الرياض-منطقة-الرياض-6622668,"فيلا للبيع في شارع بدوي أحمد محمد, حي الصفاء, مدينة الرياض, منطقة الرياض",2449000,250,5,5,3,0,حي الصفا,الرياض,شرق الرياض,$5d,24.655541,46.755581,https://images.aqar.fm/webp/750x0/props/048808173_1773266011350.jpg | https://images.aqar.fm/webp/750x0/props/048808172_1773266011377.jpg | https://images.aqar.fm/webp/750x0/props/048808172_1773266011359.jpg,3,عبدالعزيز الجلعود,شركة راكز العقارية شركة شخص واحد,1,2026-03-11,2026-08-04,2026-08-23,973,2026-08-23,True,"2,449,000",False,فيلا
6808674,https://sa.aqar.fm/فلل-للبيع/الرياض/شرق-الرياض/حي-الصفا/شارع-زيد-بن-ابي-رافع-الانصاري-حي-الصفاء-مدينة-الرياض-منطقة-الرياض-6808674,"فيلا للبيع في شارع زيد بن ابي رافع الانصاري, حي الصفاء, مدينة الرياض, منطقة الرياض",2150000,200,4,5,3,0,حي الصفا,الرياض,شرق الرياض,"🏡 فلل فاخرة للبيع بتشطيبات راقية

امتلك فيلا عصرية تجمع بين جودة البناء، وفخامة التشطيبات، والموقع المميز.

✨ مواصفات الفيلا:

* 4 غرف نوم (منها غرفة ماستر)
* مجلس مستقل
* صالتان (الدور الأول والدور الثاني)
* مطبخ
* مخزن
* غرفة سائق
* غرفة عاملة
* مكيفة بالكامل بتكييف مخفي

🌿 ما يميز الفيلا:

* تصميم يوفر مساحات واسعة ومريحة
* شبابيك كبيرة تمنح إضاءة طبيعية طوال اليوم
* إطلالات جميلة على الحديقة
* غرفة ماستر واسعة بتصميم عملي وأنيق

📍 تفاصيل العقار:

* مساحة الأرض: 200 م²
* مساحة البناء: 330 م²
* واجهة شرقية
* شارع بعرض 25 متر
* موقع مميز غرب طريق النهضة وجنوب طريق صلاح الدين الأيوبي

🛠️ مزايا المشروع:

* إشراف هندسي على جميع مراحل التنفيذ
* ضمانات تمتد حتى 30 عامًا
* تأمين ضد العيوب الخفية لمدة 10 سنوات
* صيانة مجانية لمدة عام

لم يتبقَّ سوى 3 فلل فقط",24.668895,46.75867,https://images.aqar.fm/webp/750x0/props/048660981_1786008422097.jpg | https://images.aqar.fm/webp/750x0/props/048660981_1786008474641.jpg | https://images.aqar.fm/webp/750x0/props/048660981_1786008474830.jpg | https://images.aqar.fm/webp/750x0/props/048660981_1786008468690.jpg | https://images.aqar.fm/webp/750x0/props/048660986_1786008468710.jpg | https://images.aqar.fm/webp/750x0/props/048660984_1786008468694.jpg | https://images.aqar.fm/webp/750x0/props/048660986_1786008474650.jpg | https://images.aqar.fm/webp/750x0/props/048660988_1786008468693.jpg | https://images.aqar.fm/webp/750x0/props/048660986_1786008474645.jpg | https://images.aqar.fm/webp/750x0/props/048660986_1786008474637.jpg | https://images.aqar.fm/webp/750x0/props/048660984_1786008474638.jpg | https://images.aqar.fm/webp/750x0/props/048660989_1786008474648.jpg | https://images.aqar.fm/webp/750x0/props/048660983_1786008474640.jpg | https://images.aqar.fm/webp/750x0/props/048660985_1786008474676.jpg | https://images.aqar.fm/webp/750x0/props/048660986_1786008474792.jpg | https://images.aqar.fm/webp/750x0/props/048660986_1786008474791.jpg | https://images.aqar.fm/webp/750x0/props/048660988_1786008474797.jpg | https://images.aqar.fm/webp/750x0/props/048660985_1786008474653.jpg | https://images.aqar.fm/webp/750x0/props/048660980_1786008474828.jpg | https://images.aqar.fm/webp/750x0/props/048660980_1786008474846.jpg | https://images.aqar.fm/webp/750x0/props/048660987_1786008474801.jpg | https://images.aqar.fm/webp/750x0/props/048660981_1786008474802.jpg | https://images.aqar.fm/webp/750x0/props/048660989_1786008474806.jpg,23,حمزه بن رائد بن عزت ريدان,شركة لاند أوف ذا بريفز,1,2026-08-06,2026-08-06,2026-08-15,62,2026-08-23,True,"2,150,000",False,فيلا
6775753,https://sa.aqar.fm/فلل-للبيع/الرياض/شرق-الرياض/حي-الصفا/شارع-ابن-سناء-الملك-حي-الصفاء-مدينة-الرياض-منطقة-الرياض-6775753,"فيلا للبيع في شارع ابن سناء الملك, حي الصفاء, مدينة الرياض, منطقة الرياض",3000000,619,,0,0,11,حي الصفا,الرياض,شرق الرياض,"للبيع فيلا 619 متر - حي الصفاء
المساحة الاجمالية : 619 متر مربع
العقار على شارعين 
واجهة العقار : جنوبية - شرقية
عرض الشارع : 16 متر بطول 22.5 متر
العقار عبارة عن فيلا تتكون من ( دورين + ملحق )
الدور الأرضي: يتكون ( 3 دورات مياه + ملحق خارجي + مجلس + 3 غرق + مخزن + ملقط + صالة + مطبخ  )
الدور العلوي: يتكون من ( 3 غرف + صالة + مجلس + مطبخ + مخزن + ملحق + 3 دورات مياة) 
عدادين كهرب  
الموقع - حي الصفاء

عمر العقار : أكثر من 10 سنوات 
عرض الشارع : 16 متر 
الوجهة : جنوبية شرقية 
السعر : 3,000,000 عدا ضريبة القيمة المضافة 

اللوكيشن :
https://maps.app.goo.gl/ZCzZvNr3k38bxsPi6?g_st=ic

أرقام التواصل :
أبو عبد المحسن : ((الرقم يظهر عند الضغط على اتصال))
رقم إدارة البيع : 0115001308",24.667399,46.755181,https://images.aqar.fm/webp/750x0/props/026332078_1784136772354.jpg | https://images.aqar.fm/webp/750x0/props/026332077_1784136772297.jpg,2,تركي احمد,شركة تتمة العقارية,1,2026-07-15,2026-08-14,2026-08-20,230,2026-08-23,True,"3,000,000",False,فيلا
6737431,https://sa.aqar.fm/فلل-للبيع/الرياض/شرق-الرياض/حي-الصفا/شارع-أحمد-بن-أصبغ-حي-الصفاء-مدينة-الرياض-منطقة-الرياض-6737431,"فيلا للبيع في شارع أحمد بن أصبغ, حي الصفاء, مدينة الرياض, منطقة الرياض",2050000,330,4,5,2,0,حي الصفا,الرياض,شرق الرياض,$5e,24.666812,46.760217,https://images.aqar.fm/webp/750x0/props/044861737_1781745240174.jpg | https://images.aqar.fm/webp/750x0/props/044861731_1781745253340.jpg | https://images.aqar.fm/webp/750x0/props/044861737_1781745272561.jpg | https://images.aqar.fm/webp/750x0/props/044861736_1781745287315.jpg | https://images.aqar.fm/webp/750x0/props/044861732_1781745297085.jpg | https://images.aqar.fm/webp/750x0/props/044861736_1781745310539.jpg | https://images.aqar.fm/webp/750x0/props/044861735_1781745324714.jpg | https://images.aqar.fm/webp/750x0/props/044861736_1781745338767.jpg | https://images.aqar.fm/webp/750x0/props/044861731_1781745363596.jpg | https://images.aqar.fm/webp/750x0/props/044861731_1781745363604.jpg | https://images.aqar.fm/webp/750x0/props/044861737_1781745393403.jpg | https://images.aqar.fm/webp/750x0/props/044861734_1781745393457.jpg | https://images.aqar.fm/webp/750x0/props/044861738_1781745412898.jpg | https://images.aqar.fm/webp/750x0/props/044861737_1781745412833.jpg | https://images.aqar.fm/webp/750x0/props/044861731_1781745427470.jpg | https://images.aqar.fm/webp/750x0/props/044861738_1781745442700.jpg | https://images.aqar.fm/webp/750x0/props/044861731_1781745453216.jpg | https://images.aqar.fm/webp/750x0/props/044861733_1781745453224.jpg | https://images.aqar.fm/webp/750x0/props/044861733_1781745453224.jpg,19,ابراهيم بن محمد بن صالح البريدي,,,2026-06-18,2026-08-15,2026-08-23,804,2026-08-23,True,"2,050,000",False,فيلا
6614801,https://sa.aqar.fm/فلل-للبيع/الرياض/شرق-الرياض/حي-الصفا/شارع-زينب-الأنصارية-حي-الصفاء-مدينة-الرياض-منطقة-الرياض-6614801,"فيلا للبيع في شارع زينب الأنصارية, حي الصفاء, مدينة الرياض, منطقة الرياض",2850000,300,6,5,3,0,حي الصفا,الرياض,شرق الرياض,"تقدم مؤسسة نهج الحضارة للتطوير العقاري فلل سكنية مميزة للبيع في حي الصفا بمدينة الرياض، بتصميم حديث ومساحات عملية تناسب احتياجات الأسرة العصرية.

⸻

🏡 تفاصيل الفيلا

📐 المساحة: 300 م²

الدور الأرضي:
               • مداخل سمارات 
               • ملحق خارجي
	•مجلس رجال واسع بدورة مياه ومغاسل مستقلة
	•	صالة عائلية كبيرة بإطلالة مميزة
	•	صالة طعام 
	•	مطبخ واسع بتصميم عملي
	•	مستودع
      • غرفة خادمه بدورة المياه
      • غرفة غسيل 
	•	دورات مياه

الدور الأول:
	•يتكون من 4 غرف نوم مع دورة مياه خاصة من ضمنها غرفة نوم ماستر مع غرفة ملابس 

	•	صالة عائلية علوية


الملحق العلوي:
	•	غرفتين نوم 
	•	دورتين مياه
      •     صالة عائلية
	•	سطح خاص مناسب للجلسات

المميزات الفنيه :
✅تأسيس مصعد 
✅تأسيس تكييف مخفي لمجلس الرجال والصاله الرئيسيه وغرفة النوم الماستر 

🛡️ الضمانات

✅ ضمانات على الهيكل الإنشائي
✅ ضمانات السباكة
✅ ضمانات الكهرباء
✅ضمانات على الأبواب الداخليه 
✅ضمانات العزل المائي 
✅ضمان ضد العيوب الخفية 
✅ إشراف هندسي أثناء التنفيذ
✅ استخدام مواد بناء عالية الجودة


💰 السعر: 2,850,000 ريال",24.667686,46.772129,https://images.aqar.fm/webp/750x0/props/033972139_1772678523155.jpg | https://images.aqar.fm/webp/750x0/props/033972135_1772678523156.jpg | https://images.aqar.fm/webp/750x0/props/033972132_1772678523175.jpg | https://images.aqar.fm/webp/750x0/props/033972135_1772678523226.jpg | https://images.aqar.fm/webp/750x0/props/033972131_1772678523163.jpg | https://images.aqar.fm/webp/750x0/props/033972130_1772678523224.jpg | https://images.aqar.fm/webp/750x0/props/033972132_1772678523182.jpg | https://images.aqar.fm/webp/750x0/props/033972137_1772678556543.jpg,8,محمد المطيري,,,2026-03-05,2026-03-05,2026-08-22,1193,2026-08-23,True,"2,850,000",False,فيلا
6740465,https://sa.aqar.fm/فلل-للبيع/الرياض/شرق-الرياض/حي-الصفا/حي-الصفاء-مدينة-الرياض-منطقة-الرياض-6740465,"فيلا للبيع في حي الصفاء, مدينة الرياض, منطقة الرياض",1900000,353,5,5,2,0,حي الصفا,الرياض,شرق الرياض,"مشروع العبرة 4 

بسم الله الرحمن الرحيم
الرجاء قراءة الاعلان بشكل واضح
السلام عليكم ورحمة الله وبركاته

🔷للبيع فلة درج داخلية في مخطط الصفاء
 
‏الفله 
تتكون من : 

- 5 غرف ماستر 
- ⁠مصعد خاص
- 8 دورة مياه
- مطبخ مستقل
- ⁠مجلس
- صاله
- ⁠غرفة خادمة مؤسسة 
- ⁠غرفة سائق 
- ⁠مستودع
- ⁠ترأس خارجيه 
‏مروش خارجية
تشجير خارجي

🔴ملاحظه الكهرباء مفصول الكل وحدة والماء خزانات مستقله

البيع /
 مليون 900 الف 

البيع بدون سعي 


‏يوجد تأمين 10 سنوات وشهادة إتمام بناء
📞 للتواصل 

 ابو عبدالرحمن   ((الرقم يظهر عند الضغط على اتصال))

شركة العبره العقارية
خدماتنا :تسويق -ادراة املاك -تطوير عقاري -كتابة عقود الكترونيه -اتحاد ملاك -خدمات البيع على الخارطة أوقات العمل من ٤ عصرًا حتى ١٠ مساءً
واتساب ٢٤ ساعه",24.662098,46.760442,https://images.aqar.fm/webp/750x0/props/001209249_1781969045052.jpg | https://images.aqar.fm/webp/750x0/props/001209249_1781969286055.jpg,2,عثمان عبدالرحمن بن عثمان العبره,شركة ركن العبرة للتطوير والاستثمار العقاري,1,2026-06-20,2026-08-18,2026-08-18,884,2026-08-23,True,"1,900,000",False,فيلا
6722840,https://sa.aqar.fm/فلل-للبيع/الرياض/شرق-الرياض/حي-الصفا/شارع-ابن-أبي-ذئب-حي-الصفاء-مدينة-الرياض-منطقة-الرياض-6722840,"فيلا للبيع في شارع ابن أبي ذئب, حي الصفاء, مدينة الرياض, منطقة الرياض",4000000,300,5,7,4,0,حي الصفا,الرياض,شرق الرياض,فيلا للبيع فيلا بناء شخصي فاخر النوع فيلا العمر جديد الطُوابق 4 حي الصفا - الرياض المساحة 300 ‎حمامات 10 حالة البناء ٢جم ا التشطيب غرف النوم 5 الواجهة شمالية,24.671454,46.778046,https://images.aqar.fm/webp/750x0/props/015790519_1780846081933.jpg | https://images.aqar.fm/webp/750x0/props/015790514_1780846085819.jpg | https://images.aqar.fm/webp/750x0/props/015790516_1780846089629.jpg | https://images.aqar.fm/webp/750x0/props/015790512_1780846093432.jpg | https://images.aqar.fm/webp/750x0/props/015790518_1780846095354.jpg | https://images.aqar.fm/webp/750x0/props/015790516_1780846098184.jpg | https://images.aqar.fm/webp/750x0/props/015790519_1780846100246.jpg | https://images.aqar.fm/webp/750x0/props/015790516_1780846102403.jpg | https://images.aqar.fm/webp/750x0/props/015790510_1780846104448.jpg | https://images.aqar.fm/webp/750x0/props/015790510_1780846106350.jpg | https://images.aqar.fm/webp/750x0/props/015790519_1780846108425.jpg | https://images.aqar.fm/webp/750x0/props/015790514_1780846110865.jpg | https://images.aqar.fm/webp/750x0/props/015790519_1780846113070.jpg | https://images.aqar.fm/webp/750x0/props/015790516_1780846115604.jpg | https://images.aqar.fm/webp/750x0/props/015790515_1780846117669.jpg | https://images.aqar.fm/webp/750x0/props/015790519_1780846120020.jpg | https://images.aqar.fm/webp/750x0/props/015790514_1780846122590.jpg | https://images.aqar.fm/webp/750x0/props/015790514_1780846124983.jpg | https://images.aqar.fm/webp/750x0/props/015790514_1780846127466.jpg | https://images.aqar.fm/webp/750x0/props/015790519_1780846129428.jpg | https://images.aqar.fm/webp/750x0/props/015790517_1780846131408.jpg | https://images.aqar.fm/webp/750x0/props/015790515_1780846133275.jpg | https://images.aqar.fm/webp/750x0/props/015790514_1780846135574.jpg | https://images.aqar.fm/webp/750x0/props/015790512_1780846137766.jpg,24,عبدالله النافع,مؤسسة مكتب النافع للعقارات,1,2026-06-07,2026-08-04,2026-08-04,1579,2026-08-23,True,"4,000,000",False,فيلا
6592786,https://sa.aqar.fm/فلل-للبيع/الرياض/شرق-الرياض/حي-الصفا/حي-الصفاء-مدينة-الرياض-منطقة-الرياض-6592786,"فيلا للبيع في حي الصفاء, مدينة الرياض, منطقة الرياض",3100000,336,7,,,0,حي الصفا,الرياض,شرق الرياض,$5d,24.668684,46.775804,https://images.aqar.fm/webp/750x0/props/047039892_1771259838870.jpg | https://images.aqar.fm/webp/750x0/props/047039897_1771259838870.jpg | https://images.aqar.fm/webp/750x0/props/047039890_1771259884170.jpg | https://images.aqar.fm/webp/750x0/props/047039897_1771259884177.jpg | https://images.aqar.fm/webp/750x0/props/047039892_1771259884157.jpg | https://images.aqar.fm/webp/750x0/props/047039892_1771259884169.jpg | https://images.aqar.fm/webp/750x0/props/047039891_1771259884158.jpg | https://images.aqar.fm/webp/750x0/props/047039899_1771259884160.jpg | https://images.aqar.fm/webp/750x0/props/047039895_1771259884183.jpg | https://images.aqar.fm/webp/750x0/props/047039894_1771259884188.jpg,10,مشاري بن نعيم بن وصل الحنيني,مؤسسة مكتب روعة الملقا العقارية,1,2026-02-16,2026-02-16,2026-08-22,1195,2026-08-23,True,"3,100,000",False,فيلا
6751850,https://sa.aqar.fm/فلل-للبيع/الرياض/شرق-الرياض/حي-الصفا/شارع-٦٧٨-حي-الصفاء-مدينة-الرياض-منطقة-الرياض-6751850,"فيلا للبيع في شارع ٦٧٨, حي الصفاء, مدينة الرياض, منطقة الرياض",1900000,200,5,5,1,0,حي الصفا,الرياض,شرق الرياض,"للبيع فيلا مودرن درج صاله حي الصفا ٢٠٠م  
       مواصفات الفيلا 

الدور الارضي مدخل سياره و مجلس و صاله طعام و صاله عائلية و مطبخ ومؤسس مصعد 

الدور العلوي ٤ غرف نوم 

السطح صاله و غرفه خادمه 

السعر  مليون ٩٥٠

الواجهه ٢٠ جنوبي",24.667335,46.772721,https://images.aqar.fm/webp/750x0/props/043963835_1782714794116.jpg | https://images.aqar.fm/webp/750x0/props/043963834_1782714794276.jpg | https://images.aqar.fm/webp/750x0/props/043963830_1782714794105.jpg | https://images.aqar.fm/webp/750x0/props/043963830_1782714794118.jpg | https://images.aqar.fm/webp/750x0/props/043963838_1782714794106.jpg | https://images.aqar.fm/webp/750x0/props/043963837_1782714794280.jpg | https://images.aqar.fm/webp/750x0/props/043963831_1782714794295.jpg | https://images.aqar.fm/webp/750x0/props/043963830_1782714794278.jpg | https://images.aqar.fm/webp/750x0/props/043963836_1782714794290.jpg | https://images.aqar.fm/webp/750x0/props/043963831_1782714794515.jpg | https://images.aqar.fm/webp/750x0/props/043963837_1782714794503.jpg | https://images.aqar.fm/webp/750x0/props/043963830_1782714794514.jpg | https://images.aqar.fm/webp/750x0/props/043963830_1782714794513.jpg | https://images.aqar.fm/webp/750x0/props/043963830_1782714794538.jpg,14,بشرى عبدالكريم,مؤسسة بيت الحكمة للخدمات العقارية,1,2026-06-28,2026-06-28,2026-08-23,971,2026-08-23,True,"1,900,000",False,فيلا
6518332,https://sa.aqar.fm/فلل-للبيع/الرياض/شرق-الرياض/حي-الصفا/شارع-حمودة-بن-عطية-حي-الصفاء-مدينة-الرياض-منطقة-الرياض-6518332,"فيلا للبيع في شارع حمودة بن عطية, حي الصفاء, مدينة الرياض, منطقة الرياض",1990000,200,4,5,2,0,حي الصفا,الرياض,شرق الرياض,"فلة للبيع 
في مشروع 
بيات هليز الصفا | مشروع فلل فاخرة
في حي الصفا – الرياض

فلة فاخرة في مشروع بيات هليز الصفا من تطوير شركة دار بيات للتطوير والاستثمار العقاري، بتصاميم عصرية وجودة تنفيذ عالية، خيار مثالي للسكن الراقي أو الاستثمار.

✨
🏡 فلل سكنية متعددة النماذج
🛏️ 4 غرف نوم واسعة
🛋️ صالات معيشة عصرية
🍳 مطابخ عملية
🚿 دورات مياه بتشطيبات فاخرة
📐 مساحات تتراوح بين 200م² إلى 302م²
💰 الأسعار:
من 2،050،000 ريال
إلى 2،900،000 ريال

📍 موقع استراتيجي في حي الصفا – الرياض

https://maps.app.goo.gl/XvYEHeqpuqeq5uKR8?g_st=ipc

قريب من الطرق الرئيسية والخدمات الحيوية، مع سهولة الوصول إلى أهم مرافق المدينة.

🚗 مواقف سيارات خاصة
🏗️ تصميم معماري حديث مودرن
💎 تشطيبات عالية الجودة
📈 فرصة سكنية واستثمارية مميزة

📎 للاطلاع على المخططات والتفاصيل الكاملة، يرجى مراجعة البروشور المرفق:

https://drive.google.com/file/d/1-bJJir1gqsJOsPA2kcNK0lrGrDQxUjsr/view?usp=drivesdk

☎️ بالخدمة لأي تفاصيل أخرى
ناصر السحيباني
((رقم المعلن يظهر عند التواصل))",24.670028,46.760066,https://images.aqar.fm/webp/750x0/props/030414743_1766501234632.jpg | https://images.aqar.fm/webp/750x0/props/030414747_1766501234638.jpg | https://images.aqar.fm/webp/750x0/props/030414742_1766501234652.jpg | https://images.aqar.fm/webp/750x0/props/030414745_1766501234657.jpg | https://images.aqar.fm/webp/750x0/props/030414741_1766501234653.jpg | https://images.aqar.fm/webp/750x0/props/030414743_1766501234652.jpg | https://images.aqar.fm/webp/750x0/props/030414740_1766502441298.jpg | https://images.aqar.fm/webp/750x0/props/030414741_1766502441296.jpg | https://images.aqar.fm/webp/750x0/props/030414749_1766502441319.jpg | https://images.aqar.fm/webp/750x0/props/030414745_1766502441307.jpg,10,ناصر عبدالله ناصر المقبل,شركة دار بيات للتطوير والاستثمار العقاري,1,2025-12-23,2025-12-23,2026-07-25,2053,2026-08-23,True,"1,990,000",False,فيلا
6809131,https://sa.aqar.fm/فلل-للبيع/الرياض/شرق-الرياض/حي-الصفا/حي-الصفاء-مدينة-الرياض-منطقة-الرياض-6809131,"فيلا للبيع في حي الصفاء, مدينة الرياض, منطقة الرياض",2350000,400,4,6,1,0,حي الصفا,الرياض,شرق الرياض,"✨ مشروع مزن الصفا 
🏘️ يتكون المشروع من فلل سكنية بنماذج متعددة
📅 تاريخ التسليم: 01/06/2027
📍 شمال الرياض - حي الصفا  ، ويبعد:
- طريق النهضة  1د 
- طريق عمر بن الخطاب 2د
- طريق صلاح الدين الأيوبي  5د
✨ مميزات المشروع:
- 4 غرف نوم 
- غرفة سائق 
- مصعد 

*البيع بدون سعي*

للاستفسارات : 
((الرقم يظهر عند الضغط على اتصال))",24.665134,46.762006,https://images.aqar.fm/webp/750x0/props/026236729_1786025753306.jpg,1,صالح ابراهيم,شركة الذراع الأيمن العقارية,1,2026-08-06,2026-08-06,2026-08-15,96,2026-08-23,True,"2,350,000",False,فيلا
6697631,https://sa.aqar.fm/فلل-للبيع/الرياض/شرق-الرياض/حي-الصفا/شارع-الشارع-حي-الصفاء-مدينة-الرياض-منطقة-الرياض-6697631,"فيلا للبيع في شارع الشارع, حي الصفاء, مدينة الرياض, منطقة الرياض",2900000,300,5,0,0,0,حي الصفا,الرياض,شرق الرياض,"فيلا استثنائية في حي الصفا ✨

حين تجتمع فخامة التصميم مع رحابة المساحات… تكون النتيجة منزلًا يليق بذائقتك الرفيعة.

▪️ مساحة الأرض: ٣٠٠ م²
▪️ مسطح البناء: ٥٠٠ م²

بتفاصيل سكنية صُممت بعناية لتمنحك أسلوب حياة أكثر رفاهية وخصوصية:

— ٣ صالات فسيحة بإضاءات ومساحات تمنح المنزل طابعًا مترفًا
— مجلس أنيق لاستقبال الضيوف
— غرفة طعام مستقلة
— ملحق متعدد الاستخدامات
— ٥ أجنحة نوم ماستر بتصاميم راقية
— غرفة خادمة
— غرفة غسيل
— غرفة سواق

📍موقع واعد بالخدمات المعيشية والحدائق، يمنحك جودة حياة متكاملة وسكنًا أكثر راحة وهدوءًا، في حي الصفا، على بعد ٩٥٠ م من طريق الدائري الشرقي، و١٫٢ كم من جامع الراجحي، و١٫٣ كم من محطة القطار.

للتواصل / 0533060494

عنوان للفخامة… وتفاصيل صُنعت لمن يبحث عن مستوى سكن مختلف",24.667983,46.77224,https://images.aqar.fm/webp/750x0/props/042821399_1778779122327.jpg | https://images.aqar.fm/webp/750x0/props/042821396_1778779122353.jpg | https://images.aqar.fm/webp/750x0/props/042821391_1778779122366.jpg | https://images.aqar.fm/webp/750x0/props/042821393_1778779122334.jpg | https://images.aqar.fm/webp/750x0/props/042821398_1778779122340.jpg | https://images.aqar.fm/webp/750x0/props/042821398_1778779122383.jpg | https://images.aqar.fm/webp/750x0/props/042821390_1778779149712.jpg | https://images.aqar.fm/webp/750x0/props/042821394_1778779149715.jpg | https://images.aqar.fm/webp/750x0/props/042821396_1778779149769.jpg | https://images.aqar.fm/webp/750x0/props/042821393_1778779149726.jpg | https://images.aqar.fm/webp/750x0/props/042821398_1778779149707.jpg | https://images.aqar.fm/webp/750x0/props/042821398_1778779149733.jpg | https://images.aqar.fm/webp/750x0/props/042821394_1778779149734.jpg | https://images.aqar.fm/webp/750x0/props/042821395_1778779149737.jpg | https://images.aqar.fm/webp/750x0/props/042821391_1778779174908.jpg | https://images.aqar.fm/webp/750x0/props/042821399_1778779174887.jpg | https://images.aqar.fm/webp/750x0/props/042821393_1778779174903.jpg | https://images.aqar.fm/webp/750x0/props/042821399_1778779174884.jpg | https://images.aqar.fm/webp/750x0/props/042821390_1778779174877.jpg | https://images.aqar.fm/webp/750x0/props/042821395_1778779174921.jpg | https://images.aqar.fm/webp/750x0/props/042821395_1778779174936.jpg | https://images.aqar.fm/webp/750x0/props/042821395_1778779174872.jpg,22,ابراهيم المطلق,,,2026-05-14,2026-08-10,2026-08-22,876,2026-08-23,True,"2,900,000",False,فيلا
6697256,https://sa.aqar.fm/فلل-للبيع/الرياض/شرق-الرياض/حي-الصفا/شارع-الامير-متعب-بن-عبدالعزيز-حي-الصفاء-مدينة-الرياض-منطقة-الرياض-6697256,"فيلا للبيع في شارع الامير متعب بن عبدالعزيز, حي الصفاء, مدينة الرياض, منطقة الرياض",1890000,311,4,5,3,0,حي الصفا,الرياض,شرق الرياض,"بدأ البيع | مشروع المجالات 70 ( الفيّة )
📍 حي الصفا

تاون هاوس بتصميم راقٍ وتشطيبات عالية الجودة
بــمساحة إجمالية  470م²

⸻

🔹 الجودة والضمان

• إشراف هندسي على جميع مراحل المشروع
• ضمانات متعددة تصل إلى 30 سنة
• تأمين ضد العيوب الخفية لمدة 10 سنوات
• خدمات مجانية مقدمة للسنة الأولى 

⸻

🔹 المميزات

- فيلا مستقله 
- ⁠الخوصوصية التامة 
- ⁠عدادات كهرباء ومياه مفصولة 
- مصعد راكب، ومجهزة بنظام تكييف 
• نوافذ عازلة 
• موقفين خاصة
- 4 غرف نوم
- مجلس ضيافة وصالة طعام وصالة معيشة  
• تفاصيل فاخرة (دش مطري – كراسي معلّقة. 

⸻

🏡المجالات 70 ( الفية )
فخامة متوازنة… وتفاصيل صُنعت لتدوم.",24.668072,46.774487,https://images.aqar.fm/webp/750x0/props/047137201_1778768507581.jpg | https://images.aqar.fm/webp/750x0/props/047137207_1778768507093.jpg | https://images.aqar.fm/webp/750x0/props/047137200_1778768506898.jpg | https://images.aqar.fm/webp/750x0/props/047137204_1778768507093.jpg | https://images.aqar.fm/webp/750x0/props/047137204_1778768507144.jpg | https://images.aqar.fm/webp/750x0/props/047137201_1778768507367.jpg | https://images.aqar.fm/webp/750x0/props/047137201_1778768507581.jpg | https://images.aqar.fm/webp/750x0/props/047137207_1778768507093.jpg | https://images.aqar.fm/webp/750x0/props/047137200_1778768506898.jpg | https://images.aqar.fm/webp/750x0/props/047137204_1778768507093.jpg | https://images.aqar.fm/webp/750x0/props/047137204_1778768507144.jpg | https://images.aqar.fm/webp/750x0/props/047137201_1778768507367.jpg,12,طارق سليمان عبدالرحمن المحيذيف,شركة مغنى التميز العقارية شركة شخص واحد,1,2026-05-14,2026-08-09,2026-08-09,1953,2026-08-23,True,"1,890,000",False,فيلا
6447787,https://sa.aqar.fm/فلل-للبيع/الرياض/شرق-الرياض/حي-الصفا/شارع-الأمير-متعب-بن-عبدالعزيز-حي-الصفا-الرياض-منطقة-الرياض-6447787,"فيلا للبيع في شارع 4326934, حي الصفاء, مدينة الرياض, منطقة الرياض",5000000,400,7,5,2,0,حي الصفا,الرياض,شرق الرياض,فيلا درج داخلي + شقتين + استيديو,24.666887621000047,46.77626119750005,https://images.aqar.fm/webp/750x0/props/015898188_1761907052008.jpg | https://images.aqar.fm/webp/750x0/props/015898180_1761907063861.jpg,2,احمد بن محمد بن عبدالله آل عثوان,,,2025-10-31,2025-11-03,2026-08-14,1809,2026-08-23,True,"5,000,000",False,فيلا
6682291,https://sa.aqar.fm/فلل-للبيع/الرياض/شرق-الرياض/حي-الصفا/شارع-ابن-الخليفة-حي-الصفاء-مدينة-الرياض-منطقة-الرياض-6682291,"فيلا للبيع في شارع ابن الخليفة, حي الصفاء, مدينة الرياض, منطقة الرياض",2800000,612,4,1,0,11,حي الصفا,الرياض,شرق الرياض,"للبيع فيلا بقيمه ارض زاويه سكنيه في حي الصفا
عرض الشارع 20في 20
المساحه 612
الاطوال 25في 24.5
السوم ٢ مليون و ٣٠٠ الاف
مباشر من المالك",24.664771,46.753572,https://images.aqar.fm/webp/750x0/props/049036599_1777924665561.jpg,1,عبدالملك ابراهيم محمد الجمعان,شركة بنايات نجد للتسويق شخص واحد,1,2026-05-04,2026-07-31,2026-08-23,299,2026-08-23,True,"2,800,000",False,فيلا
6574762,https://sa.aqar.fm/فلل-للبيع/الرياض/شرق-الرياض/حي-الصفا/حي-الصفاء-مدينة-الرياض-منطقة-الرياض-6574762,"فيلا للبيع في حي الصفاء, مدينة الرياض, منطقة الرياض",3300000,336,7,7,4,0,حي الصفا,الرياض,شرق الرياض,$5d,24.668656,46.775751,https://images.aqar.fm/webp/750x0/props/007690304_1770138659971.jpg | https://images.aqar.fm/webp/750x0/props/007690306_1770138659992.jpg | https://images.aqar.fm/webp/750x0/props/007690302_1770138659992.jpg | https://images.aqar.fm/webp/750x0/props/007690302_1770138660017.jpg | https://images.aqar.fm/webp/750x0/props/007690302_1770138659998.jpg | https://images.aqar.fm/webp/750x0/props/007690304_1770138660196.jpg | https://images.aqar.fm/webp/750x0/props/007690306_1770138660033.jpg | https://images.aqar.fm/webp/750x0/props/007690304_1770138660015.jpg | https://images.aqar.fm/webp/750x0/props/007690303_1770138660217.jpg | https://images.aqar.fm/webp/750x0/props/007690301_1770138660158.jpg | https://images.aqar.fm/webp/750x0/props/007690307_1770138660184.jpg | https://images.aqar.fm/webp/750x0/props/007690309_1770138660028.jpg | https://images.aqar.fm/webp/750x0/props/007690307_1770138660241.jpg | https://images.aqar.fm/webp/750x0/props/007690305_1770138660230.jpg | https://images.aqar.fm/webp/750x0/props/007690304_1770138660267.jpg | https://images.aqar.fm/webp/750x0/props/007690303_1770138660253.jpg | https://images.aqar.fm/webp/750x0/props/007690300_1770138660278.jpg | https://images.aqar.fm/webp/750x0/props/007690300_1770138660297.jpg | https://images.aqar.fm/webp/750x0/props/007690306_1770138660346.jpg | https://images.aqar.fm/webp/750x0/props/007690304_1770138660305.jpg | https://images.aqar.fm/webp/750x0/props/007690301_1770138660318.jpg | https://images.aqar.fm/webp/750x0/props/007690309_1770138660363.jpg | https://images.aqar.fm/webp/750x0/props/007690301_1770138660324.jpg | https://images.aqar.fm/webp/750x0/props/007690301_1770138660344.jpg | https://images.aqar.fm/webp/750x0/props/007690307_1770138660409.jpg | https://images.aqar.fm/webp/750x0/props/007690308_1770138660439.jpg | https://images.aqar.fm/webp/750x0/props/007690304_1770138660403.jpg | https://images.aqar.fm/webp/750x0/props/007690300_1770138660384.jpg | https://images.aqar.fm/webp/750x0/props/007690306_1770138660369.jpg,29,عبدالله مسفر سالم العرجاني,مكتب اتحاد النجاح للعقارات,1,2026-02-03,2026-07-28,2026-08-18,4470,2026-08-23,True,"3,300,000",False,فيلا
6719155,https://sa.aqar.fm/فلل-للبيع/الرياض/شرق-الرياض/حي-الصفا/شارع-الشارع-حي-الصفاء-مدينة-الرياض-منطقة-الرياض-6719155,"فيلا للبيع في شارع الشارع, حي الصفاء, مدينة الرياض, منطقة الرياض",2100000,200,5,5,2,0,حي الصفا,الرياض,شرق الرياض,$5e,24.666986,46.760129,https://images.aqar.fm/webp/750x0/props/042821399_1780590332449.jpg | https://images.aqar.fm/webp/750x0/props/042821399_1780590332479.jpg | https://images.aqar.fm/webp/750x0/props/042821398_1780590736538.jpg | https://images.aqar.fm/webp/750x0/props/042821397_1780590736539.jpg | https://images.aqar.fm/webp/750x0/props/042821393_1780590736608.jpg | https://images.aqar.fm/webp/750x0/props/042821399_1780590736538.jpg | https://images.aqar.fm/webp/750x0/props/042821397_1780590736572.jpg | https://images.aqar.fm/webp/750x0/props/042821390_1780590736565.jpg | https://images.aqar.fm/webp/750x0/props/042821395_1780590736543.jpg | https://images.aqar.fm/webp/750x0/props/042821394_1780590754876.jpg | https://images.aqar.fm/webp/750x0/props/042821394_1780590754818.jpg | https://images.aqar.fm/webp/750x0/props/042821395_1780590754854.jpg | https://images.aqar.fm/webp/750x0/props/042821396_1780590754830.jpg | https://images.aqar.fm/webp/750x0/props/042821392_1780590754842.jpg | https://images.aqar.fm/webp/750x0/props/042821399_1780590754839.jpg | https://images.aqar.fm/webp/750x0/props/042821393_1780590754859.jpg | https://images.aqar.fm/webp/750x0/props/042821391_1780590754881.jpg,17,ابراهيم المطلق,,,2026-06-04,2026-08-02,2026-08-22,501,2026-08-23,True,"2,100,000",False,فيلا
6775354,https://sa.aqar.fm/فلل-للبيع/الرياض/شرق-الرياض/حي-الصفا/شارع-رفاعة-بن-عرابة-حي-الصفاء-مدينة-الرياض-منطقة-الرياض-6775354,"فيلا للبيع في شارع رفاعة بن عرابة, حي الصفاء, مدينة الرياض, منطقة الرياض",2100000,200,4,5,2,0,حي الصفا,الرياض,شرق الرياض,"✨ مشروع - جوهرة الريادة

في قلب حي الصفا تشرق (جوهرة الريادة) كعنوان للفخامة والهدوء، فلل عصرية بتصاميم أنيقة ومساحات مدروسة تمنحك أسلوب حياة راقٍ بالقرب من أهم الخدمات والطرق الحيوية في مدينة الرياض .

🔅| مميزات المشروع :
✅ مساحات بناء تصل إلى 370 . 
✅ ضمانات تمتد حتى 25 سنة .
✅ مصاعد راكبة وجاهزة .
✅ عدادات وخزانات مستقلة .
✅ تأسيس لكاميرات المراقبة .
✅ مطابخ مغلقة .
✅ غرف للعاملات
✅ غرف غسيل .
‏✅ 4 غرف نوم .
✅ دخول ذكي .
‏✅ سطح خاص .
‏‏
⏳| أوقات الوصول :
🔸محطة ميترو جرير (دقيقتين)
🔸طريق النهضة (دقيقتين)
🔸مشروع سيفين (4 دقائق)
🔸الدايري الشرقي (5 دقائق) 
🔸جامع الراجحي (6 دقائق) 

💵 | الاسعار :
2،149،000
(البيع بدون سعي)

📱| للتواصل والاستفسار :
((الرقم يظهر عند الضغط على اتصال))",24.667095,46.760318,https://images.aqar.fm/webp/750x0/props/044861734_1784297570715.jpg | https://images.aqar.fm/webp/750x0/props/044861735_1784297617441.jpg | https://images.aqar.fm/webp/750x0/props/044861735_1784297630091.jpg | https://images.aqar.fm/webp/750x0/props/044861732_1784297645962.jpg | https://images.aqar.fm/webp/750x0/props/044861734_1784297655969.jpg | https://images.aqar.fm/webp/750x0/props/044861734_1784297674902.jpg | https://images.aqar.fm/webp/750x0/props/044861733_1784297694824.jpg | https://images.aqar.fm/webp/750x0/props/044861736_1784297732440.jpg | https://images.aqar.fm/webp/750x0/props/044861733_1784297744789.jpg | https://images.aqar.fm/webp/750x0/props/044861735_1784297759974.jpg | https://images.aqar.fm/webp/750x0/props/044861730_1784297781117.jpg | https://images.aqar.fm/webp/750x0/props/044861739_1784297814592.jpg | https://images.aqar.fm/webp/750x0/props/044861733_1784297837658.jpg | https://images.aqar.fm/webp/750x0/props/044861736_1784297873051.jpg | https://images.aqar.fm/webp/750x0/props/044861733_1784297922484.jpg | https://images.aqar.fm/webp/750x0/props/044861731_1784298033026.jpg | https://images.aqar.fm/webp/750x0/props/044861730_1784298040375.jpg | https://images.aqar.fm/webp/750x0/props/044861737_1784298053727.jpg,18,ابراهيم بن محمد بن صالح البريدي,,,2026-07-15,2026-08-13,2026-08-23,224,2026-08-23,True,"2,100,000",False,فيلا
6809070,https://sa.aqar.fm/فلل-للبيع/الرياض/شرق-الرياض/حي-الصفا/شارع-ممر17-حي-الصفا-الرياض-منطقة-الرياض-6809070,"فيلا للبيع في شارع 1331742, حي الصفاء, مدينة الرياض, منطقة الرياض",2850000,300,6,5,3,0,حي الصفا,الرياض,شرق الرياض,"فيلا مستقله جديده تتميز بقربها  من المسجد والحديقه وكذالك تفتح على مرفق خاص 

من اراد الصور يتواصل معل على الواتساب",24.668029033834355,46.772347011208005,https://images.aqar.fm/webp/750x0/props/000198009_1786023738132.jpg,1,رحيم براك طليع المطيري,,,2026-08-06,2026-08-09,2026-08-06,103,2026-08-23,True,"2,850,000",False,فيلا
6479812,https://sa.aqar.fm/فلل-للبيع/الرياض/شرق-الرياض/حي-الصفا/شارع-عمر-بن-الخطاب-حي-الصفاء-مدينة-الرياض-منطقة-الرياض-6479812,"فيلا للبيع في شارع عمر بن الخطاب, حي الصفاء, مدينة الرياض, منطقة الرياض",1600000,281,6,5,1,0,حي الصفا,الرياض,شرق الرياض,"🛑نرجو قراءة التفاصيل 👇🛑
للبيع         : تاون هاوس  
الحي         : الصفا 
المساحه  : ٢٨١م 
الشارع      : ١٨م
الواجهه    : شرق 
#️⃣المواصفات#️⃣
#️⃣التاون هاوس الأرضي#️⃣ ٢٨١م
ندخل سياره، مجلس، مقلط، صاله، مطبخ، مستودع، حوش، غرفتين نوم
#️⃣فوق غرفتين نوم، ،،فوق سطح🛑البيع مليون 600 الف
#️⃣البنت هاوس العلوي #️⃣١٩٣م،،، مجلس   صاله، غرفة نوم  ، مطبخ، #️⃣فوق ٣ غرف نوم وصاله وغرفة خادمه وسطح 💥مؤسس مصعد 🛑 البيع مليون و 250 الف",24.661797,46.770942,https://images.aqar.fm/webp/750x0/props/001388179_1784985765080.jpg | https://images.aqar.fm/webp/750x0/props/001388173_1783869002038.jpg | https://images.aqar.fm/webp/750x0/props/001388176_1783869002057.jpg | https://images.aqar.fm/webp/750x0/props/001388178_1784985765284.jpg | https://images.aqar.fm/webp/750x0/props/001388177_1784985765281.jpg | https://images.aqar.fm/webp/750x0/props/001388174_1784985765286.jpg | https://images.aqar.fm/webp/750x0/props/001388172_1784985765277.jpg | https://images.aqar.fm/webp/750x0/props/001388176_1784985765295.jpg | https://images.aqar.fm/webp/750x0/props/001388171_1784985765476.jpg | https://images.aqar.fm/webp/750x0/props/001388176_1784985765493.jpg,10,محمد الدرعاني,شركة مجموعة الدرعاني العقارية,1,2025-11-24,2025-11-24,2026-08-23,8605,2026-08-23,True,"1,600,000",False,فيلا
6632139,https://sa.aqar.fm/فلل-للبيع/الرياض/شرق-الرياض/حي-الصفا/شارع-شارع-عرض-18-حي-الصفاء-مدينة-الرياض-منطقة-الرياض-6632139,"فيلا للبيع في شارع شارع عرض 18, حي الصفاء, مدينة الرياض, منطقة الرياض",1960000,292,6,3,2,0,حي الصفا,الرياض,شرق الرياض,"مشروع رفاهـ 57 
مساحات مختلفه 
مساحة الفيلا 278.66 متر
مواصفات المشروع 

مجلس و مقلط و 2 صالات و غرف نوم و غرفة خادمة و غرفة سائق",24.668527,46.758615,https://images.aqar.fm/webp/750x0/props/050175641_1774544392489.jpg | https://images.aqar.fm/webp/750x0/props/050175644_1774544395377.jpg | https://images.aqar.fm/webp/750x0/props/050175643_1774544397780.jpg | https://images.aqar.fm/webp/750x0/props/050175642_1774544405062.jpg | https://images.aqar.fm/webp/750x0/props/050175642_1774544405060.jpg | https://images.aqar.fm/webp/750x0/props/050175642_1774544405064.jpg | https://images.aqar.fm/webp/750x0/props/050175649_1774544405069.jpg | https://images.aqar.fm/webp/750x0/props/050175640_1774544408183.jpg | https://images.aqar.fm/webp/750x0/props/050175643_1774544411320.jpg | https://images.aqar.fm/webp/750x0/props/050175649_1774544414044.jpg | https://images.aqar.fm/webp/750x0/props/050175642_1774544417032.jpg | https://images.aqar.fm/webp/750x0/props/050175647_1774544420287.jpg | https://images.aqar.fm/webp/750x0/props/050175648_1774544423178.jpg | https://images.aqar.fm/webp/750x0/props/050175646_1774544425719.jpg | https://images.aqar.fm/webp/750x0/props/050175641_1774544429924.jpg | https://images.aqar.fm/webp/750x0/props/050175641_1774544432138.jpg | https://images.aqar.fm/webp/750x0/props/050175644_1774544435422.jpg | https://images.aqar.fm/webp/750x0/props/050175644_1774544437894.jpg,18,حسين مفلح,شركة همه للتطوير العقاري,1,2026-03-26,2026-08-19,2026-08-19,1472,2026-08-24,True,"1,960,000",False,فيلا
