listing_id,url,title,price,area_sqm,rooms,bathrooms,livings,age_years,district,city,direction,description,latitude,longitude,images,images_count,advertiser_name,advertiser_company,advertiser_type,created_at,published_at,last_update,views,date_scraped,published,price_text,price_was_missing,property_type
6746940,https://sa.aqar.fm/فلل-للبيع/الرياض/جنوب-الرياض/حي-طيبة/شارع-العزيزيه-حي-طيبة-مدينة-الرياض-منطقة-الرياض-6746940,"فيلا للبيع في شارع العزيزيه, حي طيبة, مدينة الرياض, منطقة الرياض",490000,201,5,3,2,0,حي طيبة,الرياض,جنوب الرياض,"بسم الله الرحمن الرحيم 
اسعد الله اوقاتكم بكل خير
💫تفاصيل العقار 
▫️حي طيبه  قريب لجميع الخدمات المدارس وحدائق ومراكز تسويق 
▫️نوع العقار 
تاون هاوس علوي ٤٩٠
تاون هاوس ارضي ٣ ادوار ٥٨٠ الف 
▫️مساحه العقار ٢٧٠م 
▫️وصف العقار
تاون هاوس علوي مدخل سياره مجلس رجال مقلط صاله مطبخ ٣غرف نوم منهم غرفه ماستر مع السطح
💫 نقدم لك عقار بتصميم عصري وتشطيبات فاخرة، جاهز للسكن الفوري أو الاستثمار الناجح يلبي احتياجات العائله.
💫مشاريع بمختلف الاسعار المميزه والمساحات المتنوعه 
💫نتعامل مع جميع البنوك والشركات الخاصة 
💫نوفر اعلي تمويل متاح بأقل هامش ربح وتوحيد الاقساط 
نوفر سداد المديونيات وتوفير الدفعه الاولي مجاناااااا بدون فوائد 
💫لدينا حلول تمويليه سهله وميسره للمدنيين والعسكريين والمتقاعدين .
💫امكانيه تحويل من بنك لاخر 
💫انهاء الاجراءت البنكيه في أسرع وقت ممكن
💫 يتوافر جميع الضمانات من كهرباء وسباكه وعوازل وغيرها من ضمانات وتأمين شامل علي المبني علي الكود السعودي الجديد 
تواصل معنا واتساب او اتصال
مشروع (( 7 ))",24.548841,46.805569,https://images.aqar.fm/webp/750x0/props/011167298_1785294210623.jpg | https://images.aqar.fm/webp/750x0/props/011167297_1785293762519.jpg | https://images.aqar.fm/webp/750x0/props/011167293_1785293530964.jpg | https://images.aqar.fm/webp/750x0/props/011167292_1785293530976.jpg | https://images.aqar.fm/webp/750x0/props/011167298_1785293531025.jpg | https://images.aqar.fm/webp/750x0/props/011167296_1785293531162.jpg | https://images.aqar.fm/webp/750x0/props/011167295_1785294210662.jpg,7,جبر لافي عوض العتيبي,مؤسسة أوائل الرياض العقارية,1,2026-06-24,2026-08-22,2026-08-22,1063,2026-08-23,True,"490,000",False,فيلا
6749214,https://sa.aqar.fm/فلل-للبيع/الرياض/جنوب-الرياض/حي-طيبة/شارع-العزيزيه-حي-طيبة-مدينة-الرياض-منطقة-الرياض-6749214,"فيلا للبيع في شارع العزيزيه, حي طيبة, مدينة الرياض, منطقة الرياض",550000,167,4,,,0,حي طيبة,الرياض,جنوب الرياض,"مشروع 9
السلام عليكم ورحمة الله وبركاته 
فرصة العمر لا تتكرر
بتدور على الاناقه في التصميم واستغلال المساحات
بتدور على توفير المال والمصداقيه في التعامل
ابشر باللي يطيب خاطرك
نقدم لكم مشروع تاون هاوس فاخره
في حي: طيبه العزيزية
السعر: ارضى دورين 550 الف 
علوي 550 الف 
شقه 450 الف 
وجهه:
عرض الشارع :
نوفر سداد المديونيات والدفعه الأولى 10٪ مجانًا وبدون أي فوائد
نختصر عليك الوقت ولذالك نتعامل َع جميع البنوك والشركات التمويليه العقاريه مع إمكانية التحويل من بنك لبنك اخر وتسهيل كل الأمور
مع عليك اللي ان نتواصل معنا واتس أو اتصال
(مشروع 9)",24.547237,46.802338,https://images.aqar.fm/webp/750x0/props/011167291_1782507879235.jpg | https://images.aqar.fm/webp/750x0/props/011167293_1782507935678.jpg | https://images.aqar.fm/webp/750x0/props/011167297_1782507935576.jpg | https://images.aqar.fm/webp/750x0/props/011167291_1782507935774.jpg | https://images.aqar.fm/webp/750x0/props/011167292_1782507935877.jpg | https://images.aqar.fm/webp/750x0/props/011167297_1782507935952.jpg | https://images.aqar.fm/webp/750x0/props/011167299_1782507936035.jpg | https://images.aqar.fm/webp/750x0/props/011167297_1782507936126.jpg | https://images.aqar.fm/webp/750x0/props/011167290_1782507935914.jpg | https://images.aqar.fm/webp/750x0/props/011167294_1782507936143.jpg | https://images.aqar.fm/webp/750x0/props/011167290_1782507936232.jpg | https://images.aqar.fm/webp/750x0/props/011167296_1782507935490.jpg | https://images.aqar.fm/webp/750x0/props/011167297_1782507935586.jpg | https://images.aqar.fm/webp/750x0/props/011167297_1782507935651.jpg | https://images.aqar.fm/webp/750x0/props/011167290_1782507935884.jpg,15,جبر لافي عوض العتيبي,مؤسسة أوائل الرياض العقارية,1,2026-06-26,2026-07-26,2026-08-23,400,2026-08-23,True,"550,000",False,فيلا
6749312,https://sa.aqar.fm/فلل-للبيع/الرياض/جنوب-الرياض/حي-طيبة/شارع-الازهار-حي-طيبة-مدينة-الرياض-منطقة-الرياض-6749312,"فيلا للبيع في شارع الازهار, حي طيبة, مدينة الرياض, منطقة الرياض",550000,193,4,4,1,0,حي طيبة,الرياض,جنوب الرياض,"مشروع ١٠

فرصة مميزة - تاون هاوس علوي للبيع بحي طيبه

📍 مساحة 250م | واجهة شماليه | شارع 20م
💰 السعر: 550 ألف ريال فقط

✨ مميزات العقار:
الدور الاول :
✔ مدخل سيارة
✔ مجلس رجال
✔ صاله
✔ مطبخ

الدور الثاني : 
✔ 4 غرفة نوم منهم اثنين  ماستر 
✔ دورة مياة 
✔ سطح صغير 

موقع مميز وتصميم عملي مناسب للسكن العائلي.",24.547192,46.831438,https://images.aqar.fm/webp/750x0/props/011167292_1782519857117.jpg | https://images.aqar.fm/webp/750x0/props/011167297_1782519856903.jpg | https://images.aqar.fm/webp/750x0/props/011167295_1782519856496.jpg | https://images.aqar.fm/webp/750x0/props/011167290_1782519856503.jpg | https://images.aqar.fm/webp/750x0/props/011167290_1782519856497.jpg | https://images.aqar.fm/webp/750x0/props/011167296_1782519856503.jpg | https://images.aqar.fm/webp/750x0/props/011167294_1782519856501.jpg | https://images.aqar.fm/webp/750x0/props/011167290_1782519856750.jpg | https://images.aqar.fm/webp/750x0/props/011167293_1782519856746.jpg | https://images.aqar.fm/webp/750x0/props/011167297_1782519856746.jpg | https://images.aqar.fm/webp/750x0/props/011167296_1782519856774.jpg | https://images.aqar.fm/webp/750x0/props/011167293_1782519856993.jpg | https://images.aqar.fm/webp/750x0/props/011167296_1782519857097.jpg | https://images.aqar.fm/webp/750x0/props/011167294_1782519857244.jpg | https://images.aqar.fm/webp/750x0/props/011167292_1782519857117.jpg | https://images.aqar.fm/webp/750x0/props/011167297_1782519856903.jpg | https://images.aqar.fm/webp/750x0/props/011167295_1782519856496.jpg | https://images.aqar.fm/webp/750x0/props/011167290_1782519856503.jpg | https://images.aqar.fm/webp/750x0/props/011167290_1782519856497.jpg | https://images.aqar.fm/webp/750x0/props/011167296_1782519856503.jpg | https://images.aqar.fm/webp/750x0/props/011167294_1782519856501.jpg | https://images.aqar.fm/webp/750x0/props/011167290_1782519856750.jpg | https://images.aqar.fm/webp/750x0/props/011167293_1782519856746.jpg | https://images.aqar.fm/webp/750x0/props/011167297_1782519856746.jpg | https://images.aqar.fm/webp/750x0/props/011167296_1782519856774.jpg | https://images.aqar.fm/webp/750x0/props/011167293_1782519856993.jpg | https://images.aqar.fm/webp/750x0/props/011167296_1782519857097.jpg | https://images.aqar.fm/webp/750x0/props/011167294_1782519857244.jpg,28,جبر لافي عوض العتيبي,مؤسسة أوائل الرياض العقارية,1,2026-06-27,2026-07-26,2026-08-21,288,2026-08-23,True,"550,000",False,فيلا
6810361,https://sa.aqar.fm/فلل-للبيع/الرياض/جنوب-الرياض/حي-طيبة/شارع-ابن-نعيم-حي-طيبة-مدينة-الرياض-منطقة-الرياض-6810361,"فيلا للبيع في شارع ابن نعيم, حي طيبة, مدينة الرياض, منطقة الرياض",450000,167,4,4,2,0,حي طيبة,الرياض,جنوب الرياض,"بسم الله الرحمن الرحيم 
اسعد الله اوقاتكم بكل خير
💫تفاصيل العقار 
▫️حي طيبه  قريب لجميع الخدمات المدارس وحدائق ومراكز تسويق 
▫️نوع العقار تاون هاوس علوي 
▫️مساحه العقار ٢٥٠م 
▫️وصف العقار
تاون هاوس علوي درج داخلي
 مدخل سياره مجلس رجال مقلط صاله مطبخ ٣غرف نوم منهم غرفه ماستر مع السطح
💫 نقدم لك عقار بتصميم عصري وتشطيبات فاخرة، جاهز للسكن الفوري أو الاستثمار الناجح يلبي احتياجات العائله.
💫مشاريع بمختلف الاسعار المميزه والمساحات المتنوعه 
💫نتعامل مع جميع البنوك والشركات الخاصة 
💫نوفر اعلي تمويل متاح بأقل هامش ربح وتوحيد الاقساط 
💫نوفر سداد المديونيات وتوفير الدفعه الاولي مجاناااااا بدون فوائد 
💫لدينا حلول تمويله سهله وميسره للمدنيين والعسكريين والمتقاعدين .
💫امكانيه تحويل من بنك لاخر 
💫انهاء الاجراءت البنكيه في أسرع وقت ممكن
💫 يتوافر جميع الضمانات من كهرباء وسباكه وعوازل وغيرها من ضمانات وتأمين شامل علي المبني علي الكود السعودي الجديد 
تواصل معنا واتساب او اتصال
مشروع (( 7 ))",24.548503,46.801622,https://images.aqar.fm/webp/750x0/props/011167293_1786181667865.jpg | https://images.aqar.fm/webp/750x0/props/011167295_1786181668365.jpg | https://images.aqar.fm/webp/750x0/props/011167299_1786181667870.jpg | https://images.aqar.fm/webp/750x0/props/011167293_1786181667926.jpg | https://images.aqar.fm/webp/750x0/props/011167292_1786181667981.jpg | https://images.aqar.fm/webp/750x0/props/011167298_1786181667867.jpg | https://images.aqar.fm/webp/750x0/props/011167295_1786181668106.jpg | https://images.aqar.fm/webp/750x0/props/011167291_1786181668041.jpg | https://images.aqar.fm/webp/750x0/props/011167290_1786181668114.jpg | https://images.aqar.fm/webp/750x0/props/011167292_1786181668155.jpg | https://images.aqar.fm/webp/750x0/props/011167290_1786181668284.jpg | https://images.aqar.fm/webp/750x0/props/011167298_1786181668287.jpg | https://images.aqar.fm/webp/750x0/props/011167297_1786181668407.jpg,13,جبر لافي عوض العتيبي,مؤسسة أوائل الرياض العقارية,1,2026-08-07,2026-08-07,2026-08-22,92,2026-08-23,True,"450,000",False,فيلا
6771001,https://sa.aqar.fm/فلل-للبيع/الرياض/جنوب-الرياض/حي-طيبة/شارع-العويقليه-حي-طيبة-مدينة-الرياض-منطقة-الرياض-6771001,"فيلا للبيع في شارع العويقليه, حي طيبة, مدينة الرياض, منطقة الرياض",570000,265,4,5,2,0,حي طيبة,الرياض,جنوب الرياض,"🤝السلام عليكم ورحمة الله 🤝 اسعد الله اوقاتكم بكل خير بيت العمر فيلا تاون هاوس درج صاله للبيع الفيلا تتكون من الدور الاول 🧏‍♂️ مدخل سياره خاص،،، مجلس رجال مع دوره مياه ومغاسل،،، مقلط،،، مطبخ كبير مع مستودع،،، صاله كبيره مع مدخل نساء خاص ،،،  غرفتين نوم مع حمام مشترك 🧏‍♂️ الدور الثاني يتكون من 🧏‍♂️ غرفتين نوم مع حمام مشترك 🧏‍♂️

المساحه 265 متر
السعر 570 الف قابل للتفاوض 
الشارع  18 متر


التعامل مع جميع البنوك
مدعوم او غير مدعوم 
نوفر لك الدفعه المقدمه مجانا....
اشراف هندسي 
✅بناء على الكود السعودي 
✅تأمين الهيكل الانشائي 10 سنوات 
✅ تأمين العزل المائي 50 سنوات 
✅ ضمان الافياش 30 سنه 
✅ضمان الاناره 10سنه",24.549111,46.800682,https://images.aqar.fm/webp/750x0/props/041683199_1783891732793.jpg | https://images.aqar.fm/webp/750x0/props/041683195_1783891732904.jpg | https://images.aqar.fm/webp/750x0/props/041683191_1783891733687.jpg | https://images.aqar.fm/webp/750x0/props/041683197_1783891733687.jpg | https://images.aqar.fm/webp/750x0/props/041683191_1783891733685.jpg | https://images.aqar.fm/webp/750x0/props/041683195_1783891733773.jpg | https://images.aqar.fm/webp/750x0/props/041683192_1783891733858.jpg | https://images.aqar.fm/webp/750x0/props/041683191_1783891733864.jpg | https://images.aqar.fm/webp/750x0/props/041683193_1783891733862.jpg | https://images.aqar.fm/webp/750x0/props/041683196_1783891733941.jpg | https://images.aqar.fm/webp/750x0/props/041683190_1783891732972.jpg | https://images.aqar.fm/webp/750x0/props/041683194_1783891733058.jpg | https://images.aqar.fm/webp/750x0/props/041683191_1783891733110.jpg | https://images.aqar.fm/webp/750x0/props/041683198_1783891733291.jpg | https://images.aqar.fm/webp/750x0/props/041683195_1783891733687.jpg | https://images.aqar.fm/webp/750x0/props/041683199_1783891732793.jpg | https://images.aqar.fm/webp/750x0/props/041683195_1783891732904.jpg | https://images.aqar.fm/webp/750x0/props/041683191_1783891733687.jpg | https://images.aqar.fm/webp/750x0/props/041683197_1783891733687.jpg | https://images.aqar.fm/webp/750x0/props/041683191_1783891733685.jpg | https://images.aqar.fm/webp/750x0/props/041683195_1783891733773.jpg | https://images.aqar.fm/webp/750x0/props/041683192_1783891733858.jpg | https://images.aqar.fm/webp/750x0/props/041683191_1783891733864.jpg | https://images.aqar.fm/webp/750x0/props/041683193_1783891733862.jpg | https://images.aqar.fm/webp/750x0/props/041683196_1783891733941.jpg | https://images.aqar.fm/webp/750x0/props/041683190_1783891732972.jpg | https://images.aqar.fm/webp/750x0/props/041683194_1783891733058.jpg | https://images.aqar.fm/webp/750x0/props/041683191_1783891733110.jpg | https://images.aqar.fm/webp/750x0/props/041683198_1783891733291.jpg | https://images.aqar.fm/webp/750x0/props/041683195_1783891733687.jpg,30,محمد جبريل,,,2026-07-12,2026-08-11,2026-08-23,271,2026-08-23,True,"570,000",False,فيلا
6755305,https://sa.aqar.fm/فلل-للبيع/الرياض/جنوب-الرياض/حي-طيبة/شارع-داريا-حي-طيبة-مدينة-الرياض-منطقة-الرياض-6755305,"فيلا للبيع في شارع داريا, حي طيبة, مدينة الرياض, منطقة الرياض",650000,201,4,0,0,0,حي طيبة,الرياض,جنوب الرياض,"مشروع 2
حي طيبة بالرياض
دور ارضي نظام تاون هاوس
درج داخلي 
مساحة الارض ٢٥٠ متر
السعر 650 الف
العلوي مع ملحق بالسطح 
السعر 550 الف",24.553922,46.837037,https://images.aqar.fm/webp/750x0/props/011167290_1782912305413.jpg | https://images.aqar.fm/webp/750x0/props/011167290_1782912312217.jpg | https://images.aqar.fm/webp/750x0/props/011167290_1782912425442.jpg | https://images.aqar.fm/webp/750x0/props/011167292_1782912425471.jpg | https://images.aqar.fm/webp/750x0/props/011167294_1782912917250.jpg | https://images.aqar.fm/webp/750x0/props/011167297_1782912917427.jpg | https://images.aqar.fm/webp/750x0/props/011167295_1782912917209.jpg | https://images.aqar.fm/webp/750x0/props/011167294_1782912917269.jpg | https://images.aqar.fm/webp/750x0/props/011167293_1782912917263.jpg | https://images.aqar.fm/webp/750x0/props/011167290_1782912917259.jpg | https://images.aqar.fm/webp/750x0/props/011167293_1782912917253.jpg | https://images.aqar.fm/webp/750x0/props/011167295_1782912917267.jpg | https://images.aqar.fm/webp/750x0/props/011167297_1782912939202.jpg | https://images.aqar.fm/webp/750x0/props/011167299_1782912939170.jpg | https://images.aqar.fm/webp/750x0/props/011167299_1782912939197.jpg | https://images.aqar.fm/webp/750x0/props/011167299_1782912939196.jpg | https://images.aqar.fm/webp/750x0/props/011167291_1782912939210.jpg,17,جبر لافي عوض العتيبي,مؤسسة أوائل الرياض العقارية,1,2026-07-01,2026-07-30,2026-08-21,629,2026-08-23,True,"650,000",False,فيلا
6751826,https://sa.aqar.fm/فلل-للبيع/الرياض/جنوب-الرياض/حي-طيبة/شارع-العزيزيه-حي-طيبة-مدينة-الرياض-منطقة-الرياض-6751826,"فيلا للبيع في شارع العزيزيه, حي طيبة, مدينة الرياض, منطقة الرياض",550000,288,3,5,3,0,حي طيبة,الرياض,جنوب الرياض,"السلام عليكم ورحمة الله وبركاته 
فرصه العمر لا تتكرر
بتدوور علي الأناقة في التصميم واستغلال المساحات 
بتدور على توفير المال والمصداقية في التعامل
ابشر باللي يطيب خاطرك 

نقدم لكم فيلا فاخره:
في حي : طيبه 
وجهه    : شماليه 
السعر بدون اثاث : التاون هاوس الارضي عليه ٥٥٠ الف 
التاون هاوس علوي عليه ٥٥٠ الف 
السعر موثث : التاون هاوس الارضي عليه ٦٧٠ الف 
التاون هاوس العلوي عليه ٦٧٠ الف 
عرض الشارع: 20م 
- تملك منزلك مع توفير الحلول والتسهيلات العقاريه للعسكرين والمدنين 
- في مستشارك الامثل نقدم لك استثناءات من البنوك ونوفر لك التمويل
- باسرع وقت واقل نسبه واعلي مبلغ متاح !!
( وقارن بين حسبتنا وحسب البنوك بنفسك !)
- توفير مبلغ فائض فوق قيمه العقار للاثاث 
* توفير الدفعه الاولي مجانا 
* تصفية الالتزامات في بنك العميل 
* اشراف علي التقييم بشكل مباشر للتقييم جيد ولعدم بخس ثمن العقار 
* التعامل مع ادارة البنوك مباشرة
* توفير جميع العروض ☆
كود ((5))",24.548352,46.808684,https://images.aqar.fm/webp/750x0/props/011167296_1782681376663.jpg | https://images.aqar.fm/webp/750x0/props/011167298_1782684848814.jpg | https://images.aqar.fm/webp/750x0/props/011167295_1785876503867.jpg | https://images.aqar.fm/webp/750x0/props/011167299_1785876503181.jpg | https://images.aqar.fm/webp/750x0/props/011167294_1785876503336.jpg | https://images.aqar.fm/webp/750x0/props/011167291_1785876503430.jpg | https://images.aqar.fm/webp/750x0/props/011167297_1785876503972.jpg | https://images.aqar.fm/webp/750x0/props/011167292_1785876504059.jpg | https://images.aqar.fm/webp/750x0/props/011167296_1785876503507.jpg | https://images.aqar.fm/webp/750x0/props/011167291_1785876503771.jpg | https://images.aqar.fm/webp/750x0/props/011167293_1785876503679.jpg | https://images.aqar.fm/webp/750x0/props/011167296_1785876503251.jpg | https://images.aqar.fm/webp/750x0/props/011167298_1785876503103.jpg | https://images.aqar.fm/webp/750x0/props/011167291_1785876502923.jpg | https://images.aqar.fm/webp/750x0/props/011167296_1785876502740.jpg | https://images.aqar.fm/webp/750x0/props/011167297_1785876503015.jpg | https://images.aqar.fm/webp/750x0/props/011167298_1785876503594.jpg,17,جبر لافي عوض العتيبي,مؤسسة أوائل الرياض العقارية,1,2026-06-28,2026-07-28,2026-08-22,263,2026-08-23,True,"550,000",False,فيلا
6831800,https://sa.aqar.fm/فلل-للبيع/الرياض/جنوب-الرياض/حي-طيبة/حي-طيبة-مدينة-الرياض-منطقة-الرياض-6831800,"فيلا للبيع في حي طيبة, مدينة الرياض, منطقة الرياض",850000,318,7,0,0,0,حي طيبة,الرياض,جنوب الرياض,"فله مودرن تشطيب ممتاز المساحه 318 شارع  15 شمالي 
الدور الارضي 
مجلس رجال  مقلط   غرفة كبار سن  مطبخ  
الدور الاول 
اربع غرف نوم 2 ماستر  وصاله 
ا",24.548335,46.80842,https://images.aqar.fm/webp/750x0/props/011820234_1787166560971.jpg | https://images.aqar.fm/webp/750x0/props/011820230_1787166560977.jpg | https://images.aqar.fm/webp/750x0/props/011820232_1787166560972.jpg | https://images.aqar.fm/webp/750x0/props/011820230_1787166560979.jpg | https://images.aqar.fm/webp/750x0/props/011820238_1787166560973.jpg,5,عامر عمران,مكتب مشارف الشمال للعقارات,1,2026-08-19,2026-08-19,2026-08-23,59,2026-08-23,True,"850,000",False,فيلا
6750147,https://sa.aqar.fm/فلل-للبيع/الرياض/جنوب-الرياض/حي-طيبة/شارع-ابن-نعيم-حي-طيبة-مدينة-الرياض-منطقة-الرياض-6750147,"فيلا للبيع في شارع ابن نعيم, حي طيبة, مدينة الرياض, منطقة الرياض",540000,167,3,4,2,0,حي طيبة,الرياض,جنوب الرياض,"بسم الله الرحمن الرحيم 
اسعد الله اوقاتكم بكل خير
💫تفاصيل العقار 
▫️حي طيبه  قريب لجميع الخدمات المدارس وحدائق ومراكز تسويق 
▫️نوع العقار 
للبيع تاون هاوس علوي ٥٤٠ الف 
تاون هاوس ارضي ٦٢٠الف 
▫️مساحه العقار ٣٠٠م 
▫️وصف العقار
تاون هاوس علوي مدخل سياره مجلس رجال مقلط صاله مطبخ ٣غرف نوم منهم غرفه ماستر مع السطح
💫 نقدم لك عقار بتصميم عصري وتشطيبات فاخرة، جاهز للسكن الفوري أو الاستثمار الناجح يلبي احتياجات العائله.
💫مشاريع بمختلف الاسعار المميزه والمساحات المتنوعه 
💫نتعامل مع جميع البنوك والشركات الخاصة 
💫نوفر اعلي تمويل متاح بأقل هامش ربح وتوحيد الاقساط 
نوفر سداد المديونيات وتوفير الدفعه الاولي مجاناااااا بدون فوائد 
💫لدينا حلول تمويليه سهله وميسره للمدنيين والعسكريين والمتقاعدين .
💫امكانيه تحويل من بنك لاخر 
💫انهاء الاجراءت البنكيه في أسرع وقت ممكن
💫 يتوافر جميع الضمانات من كهرباء وسباكه وعوازل وغيرها من ضمانات وتأمين شامل علي المبني علي الكود السعودي الجديد 
تواصل معنا واتساب او اتصال
مشروع (( 7 ))",24.547694,46.802156,https://images.aqar.fm/webp/750x0/props/011167293_1782582938892.jpg | https://images.aqar.fm/webp/750x0/props/011167297_1782582840314.jpg | https://images.aqar.fm/webp/750x0/props/011167290_1782582840372.jpg | https://images.aqar.fm/webp/750x0/props/011167295_1782582840134.jpg | https://images.aqar.fm/webp/750x0/props/011167293_1782582840228.jpg | https://images.aqar.fm/webp/750x0/props/011167291_1782582839708.jpg | https://images.aqar.fm/webp/750x0/props/011167296_1782582839791.jpg | https://images.aqar.fm/webp/750x0/props/011167298_1782582839855.jpg | https://images.aqar.fm/webp/750x0/props/011167294_1782582839726.jpg | https://images.aqar.fm/webp/750x0/props/011167293_1782582839909.jpg | https://images.aqar.fm/webp/750x0/props/011167292_1782582839947.jpg | https://images.aqar.fm/webp/750x0/props/011167296_1782582839983.jpg | https://images.aqar.fm/webp/750x0/props/011167299_1782582840028.jpg | https://images.aqar.fm/webp/750x0/props/011167297_1782582840091.jpg | https://images.aqar.fm/webp/750x0/props/011167297_1782582839788.jpg | https://images.aqar.fm/webp/750x0/props/011167295_1782582840178.jpg | https://images.aqar.fm/webp/750x0/props/011167291_1782582840273.jpg | https://images.aqar.fm/webp/750x0/props/011167293_1782582938892.jpg | https://images.aqar.fm/webp/750x0/props/011167297_1782582840314.jpg | https://images.aqar.fm/webp/750x0/props/011167290_1782582840372.jpg | https://images.aqar.fm/webp/750x0/props/011167295_1782582840134.jpg | https://images.aqar.fm/webp/750x0/props/011167293_1782582840228.jpg | https://images.aqar.fm/webp/750x0/props/011167291_1782582839708.jpg | https://images.aqar.fm/webp/750x0/props/011167296_1782582839791.jpg | https://images.aqar.fm/webp/750x0/props/011167298_1782582839855.jpg | https://images.aqar.fm/webp/750x0/props/011167294_1782582839726.jpg | https://images.aqar.fm/webp/750x0/props/011167293_1782582839909.jpg | https://images.aqar.fm/webp/750x0/props/011167292_1782582839947.jpg | https://images.aqar.fm/webp/750x0/props/011167296_1782582839983.jpg | https://images.aqar.fm/webp/750x0/props/011167299_1782582840028.jpg | https://images.aqar.fm/webp/750x0/props/011167297_1782582840091.jpg | https://images.aqar.fm/webp/750x0/props/011167297_1782582839788.jpg | https://images.aqar.fm/webp/750x0/props/011167295_1782582840178.jpg | https://images.aqar.fm/webp/750x0/props/011167291_1782582840273.jpg,34,جبر لافي عوض العتيبي,مؤسسة أوائل الرياض العقارية,1,2026-06-27,2026-07-27,2026-08-22,272,2026-08-23,True,"540,000",False,فيلا
6799310,https://sa.aqar.fm/فلل-للبيع/الرياض/جنوب-الرياض/حي-طيبة/شارع-رفحاء-حي-طيبة-مدينة-الرياض-منطقة-الرياض-6799310,"فيلا للبيع في شارع رفحاء, حي طيبة, مدينة الرياض, منطقة الرياض",480000,300,4,5,3,0,حي طيبة,الرياض,جنوب الرياض,"السلام عليكم ورحمة الله وبركاته 
فرصه العمر لا تتكرر
بتدوور علي الأناقة في التصميم واستغلال المساحات 
بتدور على توفير المال والمصداقية في التعامل
ابشر باللي يطيب خاطرك 

نقدم لكم فيلا فاخره:
في حي : طيبه 
مساحة  : 300 متر 
السعر    :الفيلا العلوي عليه 530 الف حدها 480 الف 
وجهه    : شماليه 
عرض الشارع: 20م 
- تملك منزلك مع توفير الحلول والتسهيلات العقاريه للعسكرين والمدنين 
- في مستشارك الامثل نقدم لك استثناءات من البنوك ونوفر لك التمويل
- باسرع وقت واقل نسبه واعلي مبلغ متاح !!
( وقارن بين حسبتنا وحسب البنوك بنفسك !)
- توفير مبلغ فائض فوق قيمه العقار للاثاث 
* توفير الدفعه الاولي مجانا 
* تصفية الالتزامات في بنك العميل 
* اشراف علي التقييم بشكل مباشر للتقييم جيد ولعدم بخس ثمن العقار 
* التعامل مع ادارة البنوك مباشرة
* توفير جميع العروض ☆
كود ((5))",24.549048,46.801724,https://images.aqar.fm/webp/750x0/props/011167293_1785537098516.jpg | https://images.aqar.fm/webp/750x0/props/011167299_1785537099540.jpg | https://images.aqar.fm/webp/750x0/props/011167293_1785537098405.jpg | https://images.aqar.fm/webp/750x0/props/011167294_1785537098601.jpg | https://images.aqar.fm/webp/750x0/props/011167299_1785537098781.jpg | https://images.aqar.fm/webp/750x0/props/011167291_1785537099451.jpg | https://images.aqar.fm/webp/750x0/props/011167297_1785537099657.jpg | https://images.aqar.fm/webp/750x0/props/011167291_1785537099768.jpg | https://images.aqar.fm/webp/750x0/props/011167296_1785537099863.jpg | https://images.aqar.fm/webp/750x0/props/011167294_1785537099360.jpg | https://images.aqar.fm/webp/750x0/props/011167293_1785537098700.jpg | https://images.aqar.fm/webp/750x0/props/011167298_1785537098993.jpg | https://images.aqar.fm/webp/750x0/props/011167297_1785537099076.jpg | https://images.aqar.fm/webp/750x0/props/011167298_1785537098215.jpg | https://images.aqar.fm/webp/750x0/props/011167299_1785537098867.jpg | https://images.aqar.fm/webp/750x0/props/011167299_1785537099162.jpg | https://images.aqar.fm/webp/750x0/props/011167299_1785537099273.jpg,17,جبر لافي عوض العتيبي,مؤسسة أوائل الرياض العقارية,1,2026-07-31,2026-07-31,2026-08-22,220,2026-08-23,True,"480,000",False,فيلا
6584876,https://sa.aqar.fm/فلل-للبيع/الرياض/جنوب-الرياض/حي-طيبة/شارع-طيبه-حي-طيبة-مدينة-الرياض-منطقة-الرياض-6584876,"فيلا للبيع في شارع طيبه, حي طيبة, مدينة الرياض, منطقة الرياض",690000,200,5,5,2,0,حي طيبة,الرياض,جنوب الرياض,"للبيع تاون هاوس ارضى بحى طيبه 
تشطيب فاخر وموقع ممتاز 
 مساحه كبيره وحوش كبير
وعرض الان لفتره محدوده السعر 550الف
ابوشهاب",24.549951,46.827832,https://images.aqar.fm/webp/750x0/props/050269000_1770741543697.jpg | https://images.aqar.fm/webp/750x0/props/050269000_1770741543809.jpg,2,جابر ال فهاد,شركة ركائز الروعة,1,2026-02-10,2026-08-04,2026-08-23,1061,2026-08-23,True,"690,000",False,فيلا
6769515,https://sa.aqar.fm/فلل-للبيع/الرياض/جنوب-الرياض/حي-طيبة/شارع-الصبيات-حي-طيبة-مدينة-الرياض-منطقة-الرياض-6769515,"فيلا للبيع في شارع الصبيات, حي طيبة, مدينة الرياض, منطقة الرياض",380000,166,4,0,0,0,حي طيبة,الرياض,جنوب الرياض,"🏡 للبيع ادور سكنية في حي طيبة – جنوب الرياض

فرصة تملك مميزة في حي طيبة جنوب الرياض بتشطيبات فاخرة وتصاميم عصرية، مع خيارات متعددة تناسب جميع الاحتياجات والميزانيات.

🏠 الخيارات المتوفرة:

🔹 120م²

💰 380,000 ريال

* 3 غرف نوم
* مجلس
* صالة
* مطبخ
* 3 دورات مياه
* غرفة خادمة
* سطح خاص

🔹 150م²

💰 480,000 ريال

* 3 غرف نوم
* مجلس
* صالة
* مطبخ
* 3 دورات مياه
* غرفة خادمة
* غرفة غسيل

🔹 160م²

💰 520,000 ريال

* 3 غرف نوم
* مجلس
* صالة
* مطبخ
* 3 دورات مياه
* غرفة خادمة
* غرفة غسيل
* حوش خاص

🔹 200م²

💰 ابتداءً من 600,000 ريال

* 3 غرف نوم
* مجلس
* صالة
* مطبخ
* 3 دورات مياه
* غرفة خادمة
* غرفة غسيل
* حوش خاص

⭐ كما يتوفر نموذج مميز بمساحة 200م² بسعر 650,000 ريال.

⸻

✨ مميزات المشروع

✅ تشطيبات فاخرة وعصرية.
✅ تصميم عملي يناسب العائلات.
✅ مساحات وأسعار متنوعة.
✅ موقع مميز في حي طيبة جنوب الرياض.
✅ جاهزة للسكن والإفراغ الفوري.

⸻

🛡️ ضمانات تمنحك راحة البال

✔️ تنفيذ وفق الكود السعودي الجديد.
✔️ إشراف هندسي معتمد.
✔️ جميع الضمانات النظامية.
✔️ تأمين لمدة 10 سنوات ضد العيوب الخفية من التعاونية.

⸻

💳 خيارات شراء مرنة

✔️ يقبل الدعم السكني.
✔️ التمويل البنكي.
✔️ الدفع النقدي.
✔️ مناسب لجميع الجهات والقطاعات.

⸻

📍 لا تدفع أي عمولة… تعامل مباشر مع وكيل المشروع.

📞 للتواصل وحجز موعد المعاينة:
((الرقم يظهر عند الضغط على اتصال))

⏳ سارع بالحجز، فالعدد محدود والأسعار الحالية فرصة لا تُعوّض.",24.552489,46.836521,https://images.aqar.fm/webp/750x0/props/012418541_1783801742036.jpg,1,سلطان محمد احمد اليامي,,,2026-07-11,2026-08-10,2026-08-23,112,2026-08-23,True,"380,000",False,فيلا
6612294,https://sa.aqar.fm/فلل-للبيع/الرياض/جنوب-الرياض/حي-طيبة/شارع-ابن-صديق-حي-طيبة-مدينة-الرياض-منطقة-الرياض-6612294,"فيلا للبيع في شارع ابن صديق, حي طيبة, مدينة الرياض, منطقة الرياض",680000,233,6,0,0,0,حي طيبة,الرياض,جنوب الرياض,"7100245463
7100245463
7100245463
7100245463
7100245463
7100245463",24.561205,46.823832,https://images.aqar.fm/webp/750x0/props/042914505_1772583148040.jpg | https://images.aqar.fm/webp/750x0/props/042914508_1772583166990.jpg | https://images.aqar.fm/webp/750x0/props/042914501_1772583166452.jpg | https://images.aqar.fm/webp/750x0/props/042914507_1772583166459.jpg | https://images.aqar.fm/webp/750x0/props/042914509_1772583166993.jpg | https://images.aqar.fm/webp/750x0/props/042914506_1772583166997.jpg,6,ماجد البقمي,,0,2026-03-03,2026-03-03,2026-08-18,771,2026-08-23,True,"680,000",False,فيلا
6790314,https://sa.aqar.fm/فلل-للبيع/الرياض/جنوب-الرياض/حي-طيبة/شارع-الأمير-سعود-بن-محمد-بن-مقرن-حي-طيبة-مدينة-الرياض-منطقة-الرياض-6790314,"فيلا للبيع في شارع الأمير سعود بن محمد بن مقرن, حي طيبة, مدينة الرياض, منطقة الرياض",550000,167,6,5,1,0,حي طيبة,الرياض,جنوب الرياض,,24.54395,46.830404,https://images.aqar.fm/webp/750x0/props/019015304_1785025042388.jpg | https://images.aqar.fm/webp/750x0/props/019015307_1785025080354.jpg | https://images.aqar.fm/webp/750x0/props/019015301_1785025080346.jpg | https://images.aqar.fm/webp/750x0/props/019015300_1785025080358.jpg | https://images.aqar.fm/webp/750x0/props/019015301_1785025080336.jpg | https://images.aqar.fm/webp/750x0/props/019015305_1785025080356.jpg | https://images.aqar.fm/webp/750x0/props/019015302_1785025080351.jpg | https://images.aqar.fm/webp/750x0/props/019015303_1785025080353.jpg | https://images.aqar.fm/webp/750x0/props/019015307_1785025080346.jpg | https://images.aqar.fm/webp/750x0/props/019015308_1785025125802.jpg | https://images.aqar.fm/webp/750x0/props/019015303_1785025125804.jpg | https://images.aqar.fm/webp/750x0/props/019015309_1785025125812.jpg | https://images.aqar.fm/webp/750x0/props/019015308_1785025125821.jpg | https://images.aqar.fm/webp/750x0/props/019015307_1785025125808.jpg | https://images.aqar.fm/webp/750x0/props/019015307_1785025125820.jpg | https://images.aqar.fm/webp/750x0/props/019015306_1785025125813.jpg | https://images.aqar.fm/webp/750x0/props/019015306_1785025125812.jpg | https://images.aqar.fm/webp/750x0/props/019015307_1785025153808.jpg | https://images.aqar.fm/webp/750x0/props/019015302_1785025153799.jpg | https://images.aqar.fm/webp/750x0/props/019015308_1785025153788.jpg | https://images.aqar.fm/webp/750x0/props/019015307_1785025153808.jpg | https://images.aqar.fm/webp/750x0/props/019015303_1785025153810.jpg | https://images.aqar.fm/webp/750x0/props/019015308_1785025153811.jpg | https://images.aqar.fm/webp/750x0/props/019015307_1785025153790.jpg | https://images.aqar.fm/webp/750x0/props/019015303_1785025153807.jpg,25,عبدالله علي,,0,2026-07-26,2026-07-26,2026-08-20,297,2026-08-23,True,"550,000",False,فيلا
6490801,https://sa.aqar.fm/فلل-للبيع/الرياض/جنوب-الرياض/حي-طيبة/شارع-جراب-حي-طيبة-مدينة-الرياض-منطقة-الرياض-6490801,"فيلا للبيع في شارع جراب, حي طيبة, مدينة الرياض, منطقة الرياض",645000,193,5,1,0,0,حي طيبة,الرياض,جنوب الرياض,"فيلا تاون هاوس  دورين 

مساحه 250 متر 
السعر 645 الف الأرضي 
العلوي 595 الف 

مدخلين رجال ونساء 
مدخل سياره
مجلس رجال مع دور مياة 
مقلط (صاله طعام) 
مطبخ بمستودع 
مجلس نساء يفتح علي صاله 
غترفين نوم مع دور مياة 

الدور الاول
صاله صغير 
 غرف نوم ماستر 
غرف نوم مع دور مياة خارجي

قريبه من جميع الخدمات 
25 سنه سباكه وكهرباء وعوازل 
10سنوات تأمين شامل",24.561114,46.822812,https://images.aqar.fm/webp/750x0/props/049597737_1764709222543.jpg | https://images.aqar.fm/webp/750x0/props/049597731_1764709222224.jpg | https://images.aqar.fm/webp/750x0/props/049597730_1764709222307.jpg | https://images.aqar.fm/webp/750x0/props/049597738_1764709222208.jpg | https://images.aqar.fm/webp/750x0/props/049597731_1764709222310.jpg | https://images.aqar.fm/webp/750x0/props/049597736_1764709222404.jpg,6,وضحاء الحارثي,مؤسسة نبض الديار,1,2025-12-02,2025-12-02,2026-08-23,1161,2026-08-23,True,"645,000",False,فيلا
6790322,https://sa.aqar.fm/فلل-للبيع/الرياض/جنوب-الرياض/حي-طيبة/شارع-الأمير-سعود-بن-محمد-بن-مقرن-حي-طيبة-مدينة-الرياض-منطقة-الرياض-6790322,"فيلا للبيع في شارع الأمير سعود بن محمد بن مقرن, حي طيبة, مدينة الرياض, منطقة الرياض",500000,167,6,0,0,0,حي طيبة,الرياض,جنوب الرياض,,24.543904,46.830409,https://images.aqar.fm/webp/750x0/props/019015300_1785026342033.jpg | https://images.aqar.fm/webp/750x0/props/019015309_1785026342042.jpg | https://images.aqar.fm/webp/750x0/props/019015303_1785026495770.jpg | https://images.aqar.fm/webp/750x0/props/019015301_1785026495779.jpg | https://images.aqar.fm/webp/750x0/props/019015300_1785026495764.jpg,5,عبدالله علي,,0,2026-07-26,2026-07-26,2026-08-20,362,2026-08-23,True,"500,000",False,فيلا
6754814,https://sa.aqar.fm/فلل-للبيع/الرياض/جنوب-الرياض/حي-طيبة/شارع-ابن-جبير-حي-طيبة-الرياض-منطقة-الرياض-6754814,فيلا للبيع في شارع ابن جبير ، حي طيبة ، الرياض ، منطقة الرياض,1030000,250,5,5,1,0,حي طيبة,الرياض,جنوب الرياض,فلل دبلكس وفله  حي طيبه تشطيب فاخر وضمانات على السباكه والكهرباء وتامين ضد العيوب الخفيه,24.542118,46.810358,https://images.aqar.fm/webp/750x0/props/051795373_1782882917594.jpg,1,حسون كردي,,,2026-07-01,,2026-08-21,32,2026-08-23,False,طلب تسويق,False,فيلا
6769542,https://sa.aqar.fm/فلل-للبيع/الرياض/جنوب-الرياض/حي-طيبة/شارع-اللؤلؤة-حي-طيبة-مدينة-الرياض-منطقة-الرياض-6769542,"فيلا للبيع في شارع اللؤلؤة, حي طيبة, مدينة الرياض, منطقة الرياض",380000,128,4,0,0,0,حي طيبة,الرياض,جنوب الرياض,"🏡 للبيع ادور سكنية في حي طيبة – جنوب الرياض

فرصة تملك مميزة في حي طيبة جنوب الرياض بتشطيبات فاخرة وتصاميم عصرية، مع خيارات متعددة تناسب جميع الاحتياجات والميزانيات.

🏠 الخيارات المتوفرة:

🔹 120م²

💰 380,000 ريال

* 3 غرف نوم
* مجلس
* صالة
* مطبخ
* 3 دورات مياه
* غرفة خادمة
* سطح خاص

🔹 150م²

💰 480,000 ريال

* 3 غرف نوم
* مجلس
* صالة
* مطبخ
* 3 دورات مياه
* غرفة خادمة
* غرفة غسيل

🔹 160م²

💰 520,000 ريال

* 3 غرف نوم
* مجلس
* صالة
* مطبخ
* 3 دورات مياه
* غرفة خادمة
* غرفة غسيل
* حوش خاص

🔹 200م²

💰 ابتداءً من 600,000 ريال

* 3 غرف نوم
* مجلس
* صالة
* مطبخ
* 3 دورات مياه
* غرفة خادمة
* غرفة غسيل
* حوش خاص

⭐ كما يتوفر نموذج مميز بمساحة 200م² بسعر 650,000 ريال.

⸻

✨ مميزات المشروع

✅ تشطيبات فاخرة وعصرية.
✅ تصميم عملي يناسب العائلات.
✅ مساحات وأسعار متنوعة.
✅ موقع مميز في حي طيبة جنوب الرياض.
✅ جاهزة للسكن والإفراغ الفوري.

⸻

🛡️ ضمانات تمنحك راحة البال

✔️ تنفيذ وفق الكود السعودي الجديد.
✔️ إشراف هندسي معتمد.
✔️ جميع الضمانات النظامية.
✔️ تأمين لمدة 10 سنوات ضد العيوب الخفية من التعاونية.

⸻

💳 خيارات شراء مرنة

✔️ يقبل الدعم السكني.
✔️ التمويل البنكي.
✔️ الدفع النقدي.
✔️ مناسب لجميع الجهات والقطاعات.

⸻

📍 لا تدفع أي عمولة… تعامل مباشر مع وكيل المشروع.

📞 للتواصل وحجز موعد المعاينة:
((الرقم يظهر عند الضغط على اتصال))

⏳ سارع بالحجز، فالعدد محدود والأسعار الحالية فرصة لا تُعوّض.",24.550583,46.85721,https://images.aqar.fm/webp/750x0/props/012418547_1783803055550.jpg,1,سلطان محمد احمد اليامي,,,2026-07-11,2026-08-10,2026-08-23,452,2026-08-23,True,"380,000",False,فيلا
6745971,https://sa.aqar.fm/فلل-للبيع/الرياض/جنوب-الرياض/حي-طيبة/شارع-العزيزيه-حي-طيبة-مدينة-الرياض-منطقة-الرياض-6745971,"فيلا للبيع في شارع العزيزيه, حي طيبة, مدينة الرياض, منطقة الرياض",500000,201,5,4,3,0,حي طيبة,الرياض,جنوب الرياض,"بسم الله الرحمن الرحيم 
اسعد الله اوقاتكم بكل خير
💫تفاصيل العقار 
▫️حي طيبه  قريب لجميع الخدمات المدارس وحدائق ومراكز تسويق 
▫️نوع العقار 
▫️تاون هاوس علوي مساحه ٢٤٥م 
يتكون من مدخل سيارة ومجلس رجال بحمام مقلط صاله ٣ غرف نوم ومطبخ ٢ صاله عليه ٥٠٠ الف درج خارجي 
تاون هاوس متوفر علوي وارضي 
▫️مساحه العقار ٢٧٠م درج داخلي
▫️وصف العقار
مدخل سياره مجلس رجال مقلط صاله مطبخ ٤ غرف نوم منهم غرفه ماستر مع السطح
💫 نقدم لك عقار بتصميم عصري وتشطيبات فاخرة، جاهز للسكن الفوري أو الاستثمار الناجح يلبي احتياجات العائله.
💫مشاريع بمختلف الاسعار المميزه والمساحات المتنوعه 
💫نتعامل مع جميع البنوك والشركات الخاصة 
💫نوفر اعلي تمويل متاح بأقل هامش ربح وتوحيد الاقساط 
نوفر سداد المديونيات وتوفير الدفعه الاولي مجاناااااا بدون فوائد 
💫لدينا حلول تمويليه سهله وميسره للمدنيين والعسكريين والمتقاعدين .
💫امكانيه تحويل من بنك لاخر 
💫انهاء الاجراءت البنكيه في أسرع وقت ممكن
💫 يتوافر جميع الضمانات من كهرباء وسباكه وعوازل وغيرها من ضمانات وتأمين شامل علي المبني علي الكود السعودي الجديد 
تواصل معنا واتساب او اتصال
مشروع (( 7 ))",24.549928,46.808008,https://images.aqar.fm/webp/750x0/props/011167292_1786912548472.jpg | https://images.aqar.fm/webp/750x0/props/011167299_1786912512546.jpg | https://images.aqar.fm/webp/750x0/props/011167296_1786912512545.jpg | https://images.aqar.fm/webp/750x0/props/011167296_1786912513374.jpg | https://images.aqar.fm/webp/750x0/props/011167293_1786912513468.jpg | https://images.aqar.fm/webp/750x0/props/011167296_1786912513582.jpg | https://images.aqar.fm/webp/750x0/props/011167290_1786912513614.jpg | https://images.aqar.fm/webp/750x0/props/011167296_1786912513716.jpg | https://images.aqar.fm/webp/750x0/props/011167294_1786912513752.jpg | https://images.aqar.fm/webp/750x0/props/011167290_1786912513834.jpg | https://images.aqar.fm/webp/750x0/props/011167294_1786912513885.jpg | https://images.aqar.fm/webp/750x0/props/011167298_1786912513954.jpg | https://images.aqar.fm/webp/750x0/props/011167297_1786912514006.jpg | https://images.aqar.fm/webp/750x0/props/011167290_1786912514043.jpg,14,جبر لافي عوض العتيبي,مؤسسة أوائل الرياض العقارية,1,2026-06-24,2026-08-21,2026-08-22,1409,2026-08-23,True,"500,000",False,فيلا
6753867,https://sa.aqar.fm/فلل-للبيع/الرياض/جنوب-الرياض/حي-طيبة/شارع-الزايد-حي-طيبة-مدينة-الرياض-منطقة-الرياض-6753867,"فيلا للبيع في شارع الزايد, حي طيبة, مدينة الرياض, منطقة الرياض",1000000,242,3,5,2,0,حي طيبة,الرياض,جنوب الرياض,"🏡 للبيع منزل بتصميم عملي ومساحات واسعة

الدور الأرضي: مجلس + مقلط + دورة مياه بمدخل خاص | صالة + غرفة + دورة مياه + مطبخ.

الدور الأول: 4 غرف + صالة +3 دورات مياه (منها غرفتان رئيسيتان ماستر) + سطح + حوش + مدخل سيارة خاص.

✨ تصميم مميز، توزيع عملي، وخصوصية عالية تناسب العائلات.",24.553606,46.810337,https://images.aqar.fm/webp/750x0/props/042103513_1782823903442.jpg | https://images.aqar.fm/webp/750x0/props/042103513_1782823914674.jpg | https://images.aqar.fm/webp/750x0/props/042103515_1782823924025.jpg | https://images.aqar.fm/webp/750x0/props/042103513_1782823927525.jpg | https://images.aqar.fm/webp/750x0/props/042103515_1782823932094.jpg | https://images.aqar.fm/webp/750x0/props/042103516_1782823936341.jpg | https://images.aqar.fm/webp/750x0/props/042103511_1782823942347.jpg | https://images.aqar.fm/webp/750x0/props/042103515_1782823946963.jpg | https://images.aqar.fm/webp/750x0/props/042103513_1782823953654.jpg | https://images.aqar.fm/webp/750x0/props/042103518_1782823958430.jpg | https://images.aqar.fm/webp/750x0/props/042103512_1782823963375.jpg | https://images.aqar.fm/webp/750x0/props/042103512_1782823967732.jpg,12,عبدالله السبيعي,شركة سماية العقارية,1,2026-06-30,2026-07-29,2026-08-08,191,2026-08-23,True,"1,000,000",False,فيلا
6527504,https://sa.aqar.fm/فلل-للبيع/الرياض/جنوب-الرياض/حي-طيبة/شارع-ابن-نعيم-حي-طيبة-مدينة-الرياض-منطقة-الرياض-6527504,"فيلا للبيع في شارع ابن نعيم, حي طيبة, مدينة الرياض, منطقة الرياض",645000,200,5,4,1,0,حي طيبة,الرياض,جنوب الرياض,"السلام عليكم 
للبيع تاون هاوس 
حي طيبه
المساحه ٢٥٠م
السعر ٦٤٥ الف الارضي
العلوي ٥٩٥ الف
شغل عليه كافة الضمانات 
للتواصل مكتب عبدالعزيز السبيعي للعقارات 1",24.554177,46.816436,https://images.aqar.fm/webp/750x0/props/020143644_1767116077592.jpg | https://images.aqar.fm/webp/750x0/props/020143648_1767116077077.jpg | https://images.aqar.fm/webp/750x0/props/020143640_1767116077150.jpg | https://images.aqar.fm/webp/750x0/props/020143643_1767116077221.jpg | https://images.aqar.fm/webp/750x0/props/020143640_1767116077229.jpg | https://images.aqar.fm/webp/750x0/props/020143644_1767116077351.jpg | https://images.aqar.fm/webp/750x0/props/020143648_1767116077358.jpg | https://images.aqar.fm/webp/750x0/props/020143648_1767116077478.jpg | https://images.aqar.fm/webp/750x0/props/020143649_1767116077640.jpg | https://images.aqar.fm/webp/750x0/props/020143648_1767116077763.jpg | https://images.aqar.fm/webp/750x0/props/020143649_1767116077875.jpg,11,عبدالعزيز سعد الحميدي السبيعي,مؤسسة مكتب عبدالعزيز سعد الحميدي السبيعي للعقارات,1,2025-12-30,2025-12-30,2026-08-18,1712,2026-08-23,True,"645,000",False,فيلا
6810360,https://sa.aqar.fm/فلل-للبيع/الرياض/جنوب-الرياض/حي-طيبة/شارع-ابن-نعيم-حي-طيبة-مدينة-الرياض-منطقة-الرياض-6810360,"فيلا للبيع في شارع ابن نعيم, حي طيبة, مدينة الرياض, منطقة الرياض",550000,206,4,4,2,0,حي طيبة,الرياض,جنوب الرياض,"بسم الله الرحمن الرحيم 
اسعد الله اوقاتكم بكل خير
💫تفاصيل العقار 
▫️حي طيبه  قريب لجميع الخدمات المدارس وحدائق ومراكز تسويق 
▫️نوع العقار تاون هاوس ارضي 
▫️مساحه العقار ٢٧٠م 
▫️وصف العقار
تاون هاوس درج داخلي مدخل سياره مجلس رجال مقلط صاله مطبخ ٤ غرف نوم منهم غرفه ماستر 

💫 نقدم لك عقار بتصميم عصري وتشطيبات فاخرة، جاهز للسكن الفوري أو الاستثمار الناجح يلبي احتياجات العائله.
💫مشاريع بمختلف الاسعار المميزه والمساحات المتنوعه 
💫نتعامل مع جميع البنوك والشركات الخاصة 
💫نوفر اعلي تمويل متاح بأقل هامش ربح وتوحيد الاقساط 
💫نوفر سداد المديونيات وتوفير الدفعه الاولي مجاناااااا بدون فوائد 
💫لدينا حلول تمويله سهله وميسره للمدنيين والعسكريين والمتقاعدين .
💫امكانيه تحويل من بنك لاخر 
💫انهاء الاجراءت البنكيه في أسرع وقت ممكن
💫 يتوافر جميع الضمانات من كهرباء وسباكه وعوازل وغيرها من ضمانات وتأمين شامل علي المبني علي الكود السعودي الجديد 
تواصل معنا واتساب او اتصال
مشروع (( 7 ))",24.548398,46.801751,https://images.aqar.fm/webp/750x0/props/011167293_1786182040884.jpg | https://images.aqar.fm/webp/750x0/props/011167291_1786182040791.jpg | https://images.aqar.fm/webp/750x0/props/011167295_1786182040814.jpg | https://images.aqar.fm/webp/750x0/props/011167298_1786182040968.jpg | https://images.aqar.fm/webp/750x0/props/011167291_1786182018376.jpg | https://images.aqar.fm/webp/750x0/props/011167291_1786182018388.jpg | https://images.aqar.fm/webp/750x0/props/011167298_1786182018432.jpg | https://images.aqar.fm/webp/750x0/props/011167293_1786182018524.jpg | https://images.aqar.fm/webp/750x0/props/011167291_1786182018386.jpg | https://images.aqar.fm/webp/750x0/props/011167294_1786182018585.jpg | https://images.aqar.fm/webp/750x0/props/011167290_1786182018584.jpg | https://images.aqar.fm/webp/750x0/props/011167297_1786182018637.jpg | https://images.aqar.fm/webp/750x0/props/011167296_1786182018625.jpg | https://images.aqar.fm/webp/750x0/props/011167297_1786182018721.jpg | https://images.aqar.fm/webp/750x0/props/011167297_1786182018846.jpg,15,جبر لافي عوض العتيبي,مؤسسة أوائل الرياض العقارية,1,2026-08-07,2026-08-07,2026-08-21,49,2026-08-23,True,"550,000",False,فيلا
6779862,https://sa.aqar.fm/فلل-للبيع/الرياض/جنوب-الرياض/حي-طيبة/شارع-طريق-بورسعيد-حي-طيبة-مدينة-الرياض-منطقة-الرياض-6779862,"فيلا للبيع في شارع طريق بورسعيد, حي طيبة, مدينة الرياض, منطقة الرياض",500000,167,5,,1,0,حي طيبة,الرياض,جنوب الرياض,"رقم العرض (3049)

🏡 تاون هاوس علوي للبيع

تفاصيل العقار:

- مساحة الأرض: 263 م²
- مساحة الوحدة: 206 م²
- الواجهة: شمالية
- عرض الشارع: 20 متر
- سطح خاص
- عداد كهرباء مستقل
- عداد مياه مستقل
- درج داخلي

مكونات العقار:

الدور الأول:

- مجلس رجال
- صالة
- مطبخ
- دورتا مياه

الدور الثاني:

- 3 غرف نوم ماستر

📲 للاستفسار والمعاينة يرجى التواصل واتساب.",24.553255,46.81911,https://images.aqar.fm/webp/750x0/props/044193080_1784401496018.jpg | https://images.aqar.fm/webp/750x0/props/044193081_1784401496036.jpg,2,صالح بن مسعد بن عبداللطيف الحربي,شركة ديار فيو للخدمات العقارية,1,2026-07-18,2026-08-17,2026-08-17,238,2026-08-23,True,"500,000",False,فيلا
6530586,https://sa.aqar.fm/فلل-للبيع/الرياض/جنوب-الرياض/حي-طيبة/شارع-ابن-نعيم-حي-طيبة-مدينة-الرياض-منطقة-الرياض-6530586,"فيلا للبيع في شارع ابن نعيم, حي طيبة, مدينة الرياض, منطقة الرياض",550000,200,5,3,1,0,حي طيبة,الرياض,جنوب الرياض,"السلام عليكم ورحمة الله وبركاته اسعد الله اوقاتكم بكل خير.
للبيع ادور تاون هاوس موجود في حي طيبه اسعار تبدأ من ٥٧٠ بدون سعي 
كما يوجد لدينا عروض تناسب الجميع فيلال وشقق وادوار بصك مساحات وأسعار مختلف تبدأ من400 الف موجود جميع أنحاء  الرياض
كما يوجد لدينا سداد مديونيات وحلول الدفعة
نتعامل مع جميع البنوك والشركات الخاصة
للتواصل واتساب 0 ابو عبدالله",24.554968,46.816975,https://images.aqar.fm/webp/750x0/props/020143645_1767346731281.jpg | https://images.aqar.fm/webp/750x0/props/020143646_1767346731300.jpg | https://images.aqar.fm/webp/750x0/props/020143647_1767346732478.jpg | https://images.aqar.fm/webp/750x0/props/020143642_1767346732331.jpg | https://images.aqar.fm/webp/750x0/props/020143646_1767346731862.jpg | https://images.aqar.fm/webp/750x0/props/020143640_1767346731866.jpg | https://images.aqar.fm/webp/750x0/props/020143645_1767346731783.jpg | https://images.aqar.fm/webp/750x0/props/020143648_1767346731026.jpg | https://images.aqar.fm/webp/750x0/props/020143647_1767346731028.jpg | https://images.aqar.fm/webp/750x0/props/020143648_1767346731634.jpg | https://images.aqar.fm/webp/750x0/props/020143647_1767346731780.jpg | https://images.aqar.fm/webp/750x0/props/020143648_1767346731896.jpg | https://images.aqar.fm/webp/750x0/props/020143645_1767346732316.jpg,13,عبدالعزيز سعد الحميدي السبيعي,مؤسسة مكتب عبدالعزيز سعد الحميدي السبيعي للعقارات,1,2026-01-02,2026-01-02,2026-08-22,1943,2026-08-23,True,"550,000",False,فيلا
6584952,https://sa.aqar.fm/فلل-للبيع/الرياض/جنوب-الرياض/حي-طيبة/شارع-طيبه-حي-طيبة-مدينة-الرياض-منطقة-الرياض-6584952,"فيلا للبيع في شارع طيبه, حي طيبة, مدينة الرياض, منطقة الرياض",645000,167,5,1,0,0,حي طيبة,الرياض,جنوب الرياض,"للبيع تاون هاوس ارضى بحى طيبة
تشطيب فاخر وموقع ممتاز 
المساحه 250 متر 
السعر 550 الف  لفتره محدوده
كما يوجد شقق بمداخل خاصه
ابوشهاب",24.54307,46.821452,https://images.aqar.fm/webp/750x0/props/050269008_1770743843241.jpg | https://images.aqar.fm/webp/750x0/props/050269002_1770743843430.jpg | https://images.aqar.fm/webp/750x0/props/050269006_1770743843493.jpg | https://images.aqar.fm/webp/750x0/props/050269005_1770743843564.jpg | https://images.aqar.fm/webp/750x0/props/050269005_1770743843565.jpg,5,جابر ال فهاد,شركة ركائز الروعة,1,2026-02-10,2026-08-04,2026-08-23,1732,2026-08-23,True,"645,000",False,فيلا
6639932,https://sa.aqar.fm/فلل-للبيع/الرياض/جنوب-الرياض/حي-طيبة/شارع-ابن-شاكر-حي-طيبة-مدينة-الرياض-منطقة-الرياض-6639932,"فيلا للبيع في شارع ابن شاكر, حي طيبة, مدينة الرياض, منطقة الرياض",1100000,246,7,0,0,3,حي طيبة,الرياض,جنوب الرياض,"فلا درج صاله للبيع 
مجلس و مقلط وصاله ومطبخ 
اربع غرف نوم و اربع دورات مياه 
مرهون العقار للبنك 
البيع كاش",24.556733,46.806071,https://images.aqar.fm/webp/750x0/props/050921882_1775218290314.jpg | https://images.aqar.fm/webp/750x0/props/050921886_1775218290329.jpg | https://images.aqar.fm/webp/750x0/props/050921881_1775218290321.jpg,3,عبدالرحمن المالكي,مكتب أكناف القرار للعقارات,1,2026-04-03,2026-08-09,2026-08-18,724,2026-08-23,True,"1,100,000",False,فيلا
6774508,https://sa.aqar.fm/فلل-للبيع/الرياض/جنوب-الرياض/حي-طيبة/شارع-العزيزيه-حي-طيبة-مدينة-الرياض-منطقة-الرياض-6774508,"فيلا للبيع في شارع العزيزيه, حي طيبة, مدينة الرياض, منطقة الرياض",580000,167,4,4,2,0,حي طيبة,الرياض,جنوب الرياض,"بسم الله الرحمن الرحيم 
اسعد الله اوقاتكم بكل خير
💫تفاصيل العقار 
▫️حي طيبه  قريب لجميع الخدمات المدارس وحدائق ومراكز تسويق 
▫️نوع العقار 
تاون هاوس ٣ ادوار ٥٨٠ الف 
تاون هاوس علوي دورين ٥٣٠ الف
▫️مساحه العقار ٢٥٠م 
▫️وصف العقار
تاون هاوس  مدخل سياره مجلس رجال مقلط صاله مطبخ ٤ غرف نوم منهم غرفه ماستر مع السطح
💫 نقدم لك عقار بتصميم عصري وتشطيبات فاخرة، جاهز للسكن الفوري أو الاستثمار الناجح يلبي احتياجات العائله.
💫مشاريع بمختلف الاسعار المميزه والمساحات المتنوعه 
💫نتعامل مع جميع البنوك والشركات الخاصة 
💫نوفر اعلي تمويل متاح بأقل هامش ربح وتوحيد الاقساط 
نوفر سداد المديونيات وتوفير الدفعه الاولي مجاناااااا بدون فوائد 
💫لدينا حلول تمويليه سهله وميسره للمدنيين والعسكريين والمتقاعدين .
💫امكانيه تحويل من بنك لاخر 
💫انهاء الاجراءت البنكيه في أسرع وقت ممكن
💫 يتوافر جميع الضمانات من كهرباء وسباكه وعوازل وغيرها من ضمانات وتأمين شامل علي المبني علي الكود السعودي الجديد 
تواصل معنا واتساب او اتصال
مشروع (( 7 ))",24.547733,46.803946,https://images.aqar.fm/webp/750x0/props/011167291_1785603452286.jpg | https://images.aqar.fm/webp/750x0/props/011167297_1785603452922.jpg | https://images.aqar.fm/webp/750x0/props/011167296_1785603452955.jpg | https://images.aqar.fm/webp/750x0/props/011167294_1785603452363.jpg | https://images.aqar.fm/webp/750x0/props/011167295_1785603452416.jpg | https://images.aqar.fm/webp/750x0/props/011167296_1785603452418.jpg | https://images.aqar.fm/webp/750x0/props/011167293_1785603452420.jpg | https://images.aqar.fm/webp/750x0/props/011167293_1785603452540.jpg | https://images.aqar.fm/webp/750x0/props/011167297_1785603452637.jpg | https://images.aqar.fm/webp/750x0/props/011167292_1785603452670.jpg | https://images.aqar.fm/webp/750x0/props/011167297_1785603452668.jpg | https://images.aqar.fm/webp/750x0/props/011167295_1785603452780.jpg | https://images.aqar.fm/webp/750x0/props/011167295_1785603452820.jpg | https://images.aqar.fm/webp/750x0/props/011167298_1785603452879.jpg | https://images.aqar.fm/webp/750x0/props/011167297_1785603453059.jpg,15,جبر لافي عوض العتيبي,مؤسسة أوائل الرياض العقارية,1,2026-07-15,2026-08-13,2026-08-22,233,2026-08-23,True,"580,000",False,فيلا
6751781,https://sa.aqar.fm/فلل-للبيع/الرياض/جنوب-الرياض/حي-طيبة/شارع-العزيزيه-حي-طيبة-مدينة-الرياض-منطقة-الرياض-6751781,"فيلا للبيع في شارع العزيزيه, حي طيبة, مدينة الرياض, منطقة الرياض",480000,300,4,5,3,0,حي طيبة,الرياض,جنوب الرياض,"السلام عليكم ورحمة الله وبركاته 
فرصه العمر لا تتكرر
بتدوور علي الأناقة في التصميم واستغلال المساحات 
بتدور على توفير المال والمصداقية في التعامل
ابشر باللي يطيب خاطرك 
نقدم لكم تاون هاوس
في حي : طيبه
السعر    :تاون هاوس ارضي عليه 590 الف قابل للتفاوض 
تاون هاوس علوي عليه 480 الف 
كما جميع المساحات والاسعار 
وجهه    : شماليه
عرض الشارع: 20م 
- تملك منزلك مع توفير الحلول والتسهيلات العقاريه للعسكرين والمدنين 
- في مستشارك الامثل نقدم لك استثناءات من البنوك ونوفر لك التمويل
- باسرع وقت واقل نسبه واعلي مبلغ متاح !!
( وقارن بين حسبتنا وحسب البنوك بنفسك !)
- توفير مبلغ فائض فوق قيمه العقار للاثاث 
* توفير الدفعه الاولي مجانا 
* تصفية الالتزامات في بنك العميل 
* اشراف علي التقييم بشكل مباشر للتقييم جيد ولعدم بخس ثمن العقار 
* التعامل مع ادارة البنوك مباشرة
* توفير جميع العروض ☆
كود ((5))",24.546654,46.80229,https://images.aqar.fm/webp/750x0/props/011167295_1782678790166.jpg | https://images.aqar.fm/webp/750x0/props/011167297_1782683035656.jpg | https://images.aqar.fm/webp/750x0/props/011167290_1782683036322.jpg | https://images.aqar.fm/webp/750x0/props/011167296_1782683035056.jpg | https://images.aqar.fm/webp/750x0/props/011167299_1782683035092.jpg | https://images.aqar.fm/webp/750x0/props/011167295_1782683035150.jpg | https://images.aqar.fm/webp/750x0/props/011167296_1782683035488.jpg | https://images.aqar.fm/webp/750x0/props/011167297_1782683035754.jpg | https://images.aqar.fm/webp/750x0/props/011167299_1782683035805.jpg | https://images.aqar.fm/webp/750x0/props/011167294_1782683036020.jpg | https://images.aqar.fm/webp/750x0/props/011167291_1782683036495.jpg | https://images.aqar.fm/webp/750x0/props/011167294_1782683035965.jpg | https://images.aqar.fm/webp/750x0/props/011167297_1782683034789.jpg | https://images.aqar.fm/webp/750x0/props/011167295_1782683034926.jpg | https://images.aqar.fm/webp/750x0/props/011167296_1782683035195.jpg | https://images.aqar.fm/webp/750x0/props/011167290_1782683036323.jpg | https://images.aqar.fm/webp/750x0/props/011167296_1782683036105.jpg | https://images.aqar.fm/webp/750x0/props/011167298_1782683035414.jpg | https://images.aqar.fm/webp/750x0/props/011167291_1782683035420.jpg | https://images.aqar.fm/webp/750x0/props/011167296_1782683035412.jpg,20,جبر لافي عوض العتيبي,مؤسسة أوائل الرياض العقارية,1,2026-06-28,2026-07-28,2026-08-22,875,2026-08-23,True,"480,000",False,فيلا
6770978,https://sa.aqar.fm/فلل-للبيع/الرياض/جنوب-الرياض/حي-طيبة/حي-طيبة-مدينة-الرياض-منطقة-الرياض-6770978,"فيلا للبيع في حي طيبة, مدينة الرياض, منطقة الرياض",850000,300,4,5,2,0,حي طيبة,الرياض,جنوب الرياض,"🤝السلام عليكم ورحمة الله 🤝 اسعد الله اوقاتكم بكل خير بيت العمر فيلا دوبلكس درج صاله مع شقه تتكون من 🧏‍♂️ مدخل سياره خاص 🧏‍♂️ مجلس رجال مع دوره مياه ومغاسل 🧏‍♂️ مقلط 🧏‍♂️ صاله كبيره مع مدخل نساء خاص 🧏‍♂️ مطبخ كبير 🧏‍♂️ 2غرفتين نوم مع حمام مشترك 🧏‍♂️ حوش خلفي 🧏‍♂️ الدور الثاني يتكون من 🧏‍♂️ غرفتين نوم مع حمام ماستر مستقل 🧏‍♂️ صاله 🧏‍♂️

المساحه 300 متر
السعر  850 الف 
الشارع 18 متر

التعامل مع جميع البنوك
مدعوم او غير مدعوم 
نوفر لك الدفعه المقدمه مجانا....
اشراف هندسي 
✅بناء على الكود السعودي 
✅تأمين الهيكل الانشائي 10 سنوات 
✅ تأمين العزل المائي 50 سنوات 
✅ ضمان الافياش 30 سنه 
✅ضمان الاناره 10سنه",24.548986,46.800599,https://images.aqar.fm/webp/750x0/props/041683192_1783890105392.jpg | https://images.aqar.fm/webp/750x0/props/041683198_1783890105496.jpg | https://images.aqar.fm/webp/750x0/props/041683193_1783890105293.jpg | https://images.aqar.fm/webp/750x0/props/041683197_1783890105580.jpg | https://images.aqar.fm/webp/750x0/props/041683192_1783890105620.jpg | https://images.aqar.fm/webp/750x0/props/041683191_1783890105675.jpg | https://images.aqar.fm/webp/750x0/props/041683192_1783890105724.jpg | https://images.aqar.fm/webp/750x0/props/041683198_1783890105731.jpg | https://images.aqar.fm/webp/750x0/props/041683199_1783890105016.jpg | https://images.aqar.fm/webp/750x0/props/041683192_1783890105186.jpg | https://images.aqar.fm/webp/750x0/props/041683196_1783890105231.jpg | https://images.aqar.fm/webp/750x0/props/041683195_1783890105297.jpg | https://images.aqar.fm/webp/750x0/props/041683192_1783890105374.jpg | https://images.aqar.fm/webp/750x0/props/041683192_1783890105471.jpg | https://images.aqar.fm/webp/750x0/props/041683192_1783890105392.jpg | https://images.aqar.fm/webp/750x0/props/041683198_1783890105496.jpg | https://images.aqar.fm/webp/750x0/props/041683193_1783890105293.jpg | https://images.aqar.fm/webp/750x0/props/041683197_1783890105580.jpg | https://images.aqar.fm/webp/750x0/props/041683192_1783890105620.jpg | https://images.aqar.fm/webp/750x0/props/041683191_1783890105675.jpg | https://images.aqar.fm/webp/750x0/props/041683192_1783890105724.jpg | https://images.aqar.fm/webp/750x0/props/041683198_1783890105731.jpg | https://images.aqar.fm/webp/750x0/props/041683199_1783890105016.jpg | https://images.aqar.fm/webp/750x0/props/041683192_1783890105186.jpg | https://images.aqar.fm/webp/750x0/props/041683196_1783890105231.jpg | https://images.aqar.fm/webp/750x0/props/041683195_1783890105297.jpg | https://images.aqar.fm/webp/750x0/props/041683192_1783890105374.jpg | https://images.aqar.fm/webp/750x0/props/041683192_1783890105471.jpg,28,محمد جبريل,,,2026-07-12,2026-08-11,2026-08-23,653,2026-08-23,True,"850,000",False,فيلا
6806476,https://sa.aqar.fm/فلل-للبيع/الرياض/جنوب-الرياض/حي-طيبة/شارع-ابن-نعيم-حي-طيبة-مدينة-الرياض-منطقة-الرياض-6806476,"فيلا للبيع في شارع ابن نعيم, حي طيبة, مدينة الرياض, منطقة الرياض",950000,300,5,5,5,0,حي طيبة,الرياض,جنوب الرياض,"السلام عليكم ورحمة الله وبركاته 
فرصه العمر لا تتكرر
بتدوور علي الأناقة في التصميم واستغلال المساحات 
بتدور على توفير المال والمصداقية في التعامل
ابشر باللي يطيب خاطرك 

نقدم لكم فيلا فاخره:
في حي : طيبه 
مساحة  : 300 متر 
السعر    : فيلا دوبلكس عليه مليون قابل للتفاوض 
كما يوجد دوبلكسات بأسعار أخري ومساحات وتصميمات أخري 
ويوجد زاويه ويوجد شارع واحد 
ويوجد درج صاله مع شقه 
ويوجد تاون هاوس بشقه خاصه 
عرض الشارع: 20م 
- تملك منزلك مع توفير الحلول والتسهيلات العقاريه للعسكرين والمدنين 
- في مستشارك الامثل نقدم لك استثناءات من البنوك ونوفر لك التمويل
- باسرع وقت واقل نسبه واعلي مبلغ متاح !!
( وقارن بين حسبتنا وحسب البنوك بنفسك !)
- توفير مبلغ فائض فوق قيمه العقار للاثاث 
* توفير الدفعه الاولي مجانا 
* تصفية الالتزامات في بنك العميل 
* اشراف علي التقييم بشكل مباشر للتقييم جيد ولعدم بخس ثمن العقار 
* التعامل مع ادارة البنوك مباشرة
* توفير جميع العروض ☆
كود ((5))",24.548412,46.80173,https://images.aqar.fm/webp/750x0/props/011167292_1785881584741.jpg | https://images.aqar.fm/webp/750x0/props/011167292_1785881584741.jpg,2,جبر لافي عوض العتيبي,مؤسسة أوائل الرياض العقارية,1,2026-08-04,2026-08-04,2026-08-22,169,2026-08-23,True,"950,000",False,فيلا
6779721,https://sa.aqar.fm/فلل-للبيع/الرياض/جنوب-الرياض/حي-طيبة/شارع-ابن-نعيم-حي-طيبة-مدينة-الرياض-منطقة-الرياض-6779721,"فيلا للبيع في شارع ابن نعيم, حي طيبة, مدينة الرياض, منطقة الرياض",550000,206,5,5,1,0,حي طيبة,الرياض,جنوب الرياض,"رقم العرض (3048)

🏡 تاون هاوس أرضي للبيع بحي طيبة 

تفاصيل العقار:

- مساحة الأرض: 263 م²
- مساحة الوحدة: 206 م²
- الواجهة: شمالية
- عرض الشارع: 15 متر
- مدخل سيارة
- حوش
- عداد كهرباء مستقل
- عداد مياه مستقل
- درج داخلي

مكونات العقار:

الدور الأرضي:

- مجلس رجال
- صالة
- مطبخ
- دورتا مياه

الدور الأول:

- 3 غرف نوم ماستر

📲 للاستفسار والمعاينة يرجى التواصل واتساب.",24.554292,46.814132,https://images.aqar.fm/webp/750x0/props/044193080_1784395883735.jpg,1,صالح بن مسعد بن عبداللطيف الحربي,شركة ديار فيو للخدمات العقارية,1,2026-07-18,2026-08-17,2026-08-17,224,2026-08-23,True,"550,000",False,فيلا
6765759,https://sa.aqar.fm/فلل-للبيع/الرياض/جنوب-الرياض/حي-طيبة/شارع-شهاب-بن-ابي-بكر-حي-طيبة-مدينة-الرياض-منطقة-الرياض-6765759,"فيلا للبيع في شارع شهاب بن ابي بكر, حي طيبة, مدينة الرياض, منطقة الرياض",1050000,217,4,0,0,2,حي طيبة,الرياض,جنوب الرياض,$5c,24.550177,46.801946,https://images.aqar.fm/webp/750x0/props/052007494_1783532220453.jpg | https://images.aqar.fm/webp/750x0/props/052007490_1783532220454.jpg | https://images.aqar.fm/webp/750x0/props/052007499_1783532220463.jpg | https://images.aqar.fm/webp/750x0/props/052007490_1783532220565.jpg | https://images.aqar.fm/webp/750x0/props/052007493_1783532220455.jpg | https://images.aqar.fm/webp/750x0/props/052007490_1783532220457.jpg | https://images.aqar.fm/webp/750x0/props/052007492_1783532220458.jpg | https://images.aqar.fm/webp/750x0/props/052007497_1783532220557.jpg,8,مريم الصحفي,,,2026-07-08,2026-07-08,2026-08-18,279,2026-08-23,True,"1,050,000",False,فيلا
6770991,https://sa.aqar.fm/فلل-للبيع/الرياض/جنوب-الرياض/حي-طيبة/شارع-العويقلية-حي-طيبة-مدينة-الرياض-منطقة-الرياض-6770991,"فيلا للبيع في شارع العويقلية, حي طيبة, مدينة الرياض, منطقة الرياض",620000,300,4,5,2,0,حي طيبة,الرياض,جنوب الرياض,"🤝السلام عليكم ورحمة الله 🤝 اسعد الله اوقاتكم بكل خير بيت العمر فيلا تاون هاوس درج صاله للبيع الفيلا تتكون من الدور الاول 🧏‍♂️ مدخل سياره خاص 🧏‍♂️ مجلس رجال مع دوره مياه ومغاسل 🧏‍♂️ مقلط 🧏‍♂️ صاله كبيره مع مدخل نساء خاص 🧏‍♂️ مطبخ كبير 🧏‍♂️ غرفه كبار السن مع دوره مياه ومغاسل 🧏‍♂️ الدور الثاني يتكون 🧏‍♂️ صاله 🧏‍♂️ غرفتين نوم مع حمام ماستر مستقل 🧏‍♂️ الدور الثالث يتكون من 🧏‍♂️ سطح كبير 🧏‍♂️

المساحه 280 متر
السعر 620الف قابل للتفاوض
الشارع 18 متر



التعامل مع جميع البنوك
مدعوم او غير مدعوم 
نوفر لك الدفعه المقدمه مجانا....
اشراف هندسي 
✅بناء على الكود السعودي 
✅تأمين الهيكل الانشائي 10 سنوات 
✅ تأمين العزل المائي 50 سنوات 
✅ ضمان الافياش 30 سنه 
✅ضمان الاناره 10سنه",24.552704,46.798648,https://images.aqar.fm/webp/750x0/props/041683199_1783891228437.jpg | https://images.aqar.fm/webp/750x0/props/041683199_1783891228329.jpg | https://images.aqar.fm/webp/750x0/props/041683199_1783891228507.jpg | https://images.aqar.fm/webp/750x0/props/041683195_1783891228510.jpg | https://images.aqar.fm/webp/750x0/props/041683197_1783891228600.jpg | https://images.aqar.fm/webp/750x0/props/041683198_1783891227741.jpg | https://images.aqar.fm/webp/750x0/props/041683196_1783891227793.jpg | https://images.aqar.fm/webp/750x0/props/041683199_1783891227791.jpg | https://images.aqar.fm/webp/750x0/props/041683190_1783891227877.jpg | https://images.aqar.fm/webp/750x0/props/041683191_1783891228203.jpg | https://images.aqar.fm/webp/750x0/props/041683196_1783891228252.jpg | https://images.aqar.fm/webp/750x0/props/041683199_1783891228317.jpg | https://images.aqar.fm/webp/750x0/props/041683196_1783891228405.jpg | https://images.aqar.fm/webp/750x0/props/041683192_1783891227567.jpg,14,محمد جبريل,,,2026-07-12,2026-08-11,2026-08-23,402,2026-08-23,True,"620,000",False,فيلا
6484970,https://sa.aqar.fm/فلل-للبيع/الرياض/جنوب-الرياض/حي-طيبة/شارع-حسين-بن-حمد-حي-طيبة-مدينة-الرياض-منطقة-الرياض-6484970,"فيلا للبيع في شارع حسين بن حمد, حي طيبة, مدينة الرياض, منطقة الرياض",595000,200,5,5,2,0,حي طيبة,الرياض,جنوب الرياض,"السلام عليكم 
يوجد لدينا أدوار تاون هاوس
تشطيب مودرن 
 بحي طيبه 
المساحه : 250 م
 السعر :595.000الف
عالكود السعودي الجديد 
متوفر عليها جميع الضمانات 

✅️لدينا عروض مختلفه تناسب جميع العملاء 
✅️نوفر لك العقار المناسب لتمويلك بجنوب وغرب الرياض 
✅️نوفر الحلول التمويليه المناسبه لجميع العملاء 

نسعد بتواصلكم وتلقي استفساراتكم
((رقم المعلن يظهر عند التواصل))",24.547334,46.825218,https://images.aqar.fm/webp/750x0/props/002969484_1764374248135.jpg | https://images.aqar.fm/webp/750x0/props/002969486_1764374247029.jpg | https://images.aqar.fm/webp/750x0/props/002969485_1764374247246.jpg | https://images.aqar.fm/webp/750x0/props/002969483_1764374247342.jpg | https://images.aqar.fm/webp/750x0/props/002969480_1764374247479.jpg | https://images.aqar.fm/webp/750x0/props/002969487_1764374248583.jpg | https://images.aqar.fm/webp/750x0/props/002969487_1764374248799.jpg | https://images.aqar.fm/webp/750x0/props/002969489_1764374248934.jpg | https://images.aqar.fm/webp/750x0/props/002969485_1764374249046.jpg | https://images.aqar.fm/webp/750x0/props/002969485_1764374249201.jpg | https://images.aqar.fm/webp/750x0/props/002969489_1764374249215.jpg | https://images.aqar.fm/webp/750x0/props/002969484_1764374249382.jpg | https://images.aqar.fm/webp/750x0/props/002969488_1764374250787.jpg | https://images.aqar.fm/webp/750x0/props/002969482_1764374250918.jpg | https://images.aqar.fm/webp/750x0/props/002969481_1764374251082.jpg | https://images.aqar.fm/webp/750x0/props/002969485_1764374251247.jpg | https://images.aqar.fm/webp/750x0/props/002969481_1764374251249.jpg | https://images.aqar.fm/webp/750x0/props/002969486_1764374251454.jpg | https://images.aqar.fm/webp/750x0/props/002969483_1764374251761.jpg | https://images.aqar.fm/webp/750x0/props/002969488_1764374251890.jpg | https://images.aqar.fm/webp/750x0/props/002969483_1764374251892.jpg | https://images.aqar.fm/webp/750x0/props/002969482_1764374252760.jpg | https://images.aqar.fm/webp/750x0/props/002969487_1764374252960.jpg | https://images.aqar.fm/webp/750x0/props/002969488_1764374253072.jpg | https://images.aqar.fm/webp/750x0/props/002969483_1764374253096.jpg | https://images.aqar.fm/webp/750x0/props/002969487_1764374253204.jpg,26,عبدالعزيز عمر,شركة سكاي لاين فيو العقارية,1,2025-11-29,2025-11-29,2026-08-10,942,2026-08-23,True,"595,000",False,فيلا
6799301,https://sa.aqar.fm/فلل-للبيع/الرياض/جنوب-الرياض/حي-طيبة/شارع-ابن-نعيم-حي-طيبة-مدينة-الرياض-منطقة-الرياض-6799301,"فيلا للبيع في شارع ابن نعيم, حي طيبة, مدينة الرياض, منطقة الرياض",480000,280,4,5,3,0,حي طيبة,الرياض,جنوب الرياض,"السلام عليكم ورحمة الله وبركاته 
فرصه العمر لا تتكرر
بتدوور علي الأناقة في التصميم واستغلال المساحات 
بتدور على توفير المال والمصداقية في التعامل
ابشر باللي يطيب خاطرك 

نقدم لكم فيلا فاخره:
في حي : طيبه 
مساحة  : 280 متر 
السعر    :الفيلا الارضي عليه 600الف قابله للتفاوض البسيط 
الفيلا العلويه عليها 500 الف قابله للتفاوض البسيط 
الفيلا العلوي موسسه مصعد وبها اتنين درج داخلى وخارجي 
والفيلا الارضي بها غرفه خادمه وحوش خلفي 
وجهه    : مختلف الوجهات
عرض الشارع: 20م 
امام مرافق تجاريه وحديقه 
- تملك منزلك مع توفير الحلول والتسهيلات العقاريه للعسكرين والمدنين 
- في مستشارك الامثل نقدم لك استثناءات من البنوك ونوفر لك التمويل
- باسرع وقت واقل نسبه واعلي مبلغ متاح !!
( وقارن بين حسبتنا وحسب البنوك بنفسك !)
- توفير مبلغ فائض فوق قيمه العقار للاثاث 
* توفير الدفعه الاولي مجانا 
* تصفية الالتزامات في بنك العميل 
* اشراف علي التقييم بشكل مباشر للتقييم جيد ولعدم بخس ثمن العقار 
* التعامل مع ادارة البنوك مباشرة
* توفير جميع العروض ☆
كود ((5))",24.54831,46.801365,https://images.aqar.fm/webp/750x0/props/011167290_1785868217506.jpg | https://images.aqar.fm/webp/750x0/props/011167295_1785868217314.jpg | https://images.aqar.fm/webp/750x0/props/011167291_1785868217409.jpg | https://images.aqar.fm/webp/750x0/props/011167299_1785868216472.jpg | https://images.aqar.fm/webp/750x0/props/011167292_1785868216577.jpg | https://images.aqar.fm/webp/750x0/props/011167296_1785868216529.jpg | https://images.aqar.fm/webp/750x0/props/011167296_1785868216672.jpg | https://images.aqar.fm/webp/750x0/props/011167290_1785868217212.jpg | https://images.aqar.fm/webp/750x0/props/011167295_1785868217119.jpg | https://images.aqar.fm/webp/750x0/props/011167294_1785868216966.jpg | https://images.aqar.fm/webp/750x0/props/011167291_1785868216856.jpg | https://images.aqar.fm/webp/750x0/props/011167292_1785868216774.jpg | https://images.aqar.fm/webp/750x0/props/011167292_1785868216757.jpg | https://images.aqar.fm/webp/750x0/props/011167296_1785868216491.jpg | https://images.aqar.fm/webp/750x0/props/011167295_1785868216487.jpg,15,جبر لافي عوض العتيبي,مؤسسة أوائل الرياض العقارية,1,2026-07-31,2026-07-31,2026-08-22,225,2026-08-23,True,"480,000",False,فيلا
6482521,https://sa.aqar.fm/فلل-للبيع/الرياض/جنوب-الرياض/حي-طيبة/شارع-رشاد-حي-طيبة-مدينة-الرياض-منطقة-الرياض-6482521,"فيلا للبيع في شارع رشاد, حي طيبة, مدينة الرياض, منطقة الرياض",595000,200,5,5,2,0,حي طيبة,الرياض,جنوب الرياض,"تاون هاوس علوي مودرن 
مساحه 250م
الشارع 20م 
كل الضمانات والتسهيلات موجوده 
يوجد لدينا مساحات واسعار مختلفه في جميع انحاء الرياض 
للتواصل واتس او اتصال 
((رقم المعلن يظهر عند التواصل))",24.550129,46.829201,https://images.aqar.fm/webp/750x0/props/049438258_1764176998193.jpg | https://images.aqar.fm/webp/750x0/props/049438253_1764176996446.jpg | https://images.aqar.fm/webp/750x0/props/049438259_1764176996610.jpg | https://images.aqar.fm/webp/750x0/props/049438257_1764176996775.jpg | https://images.aqar.fm/webp/750x0/props/049438253_1764176996801.jpg | https://images.aqar.fm/webp/750x0/props/049438255_1764176996955.jpg | https://images.aqar.fm/webp/750x0/props/049438252_1764176997142.jpg | https://images.aqar.fm/webp/750x0/props/049438251_1764176997147.jpg | https://images.aqar.fm/webp/750x0/props/049438254_1764176997332.jpg | https://images.aqar.fm/webp/750x0/props/049438252_1764176997417.jpg | https://images.aqar.fm/webp/750x0/props/049438257_1764176997583.jpg | https://images.aqar.fm/webp/750x0/props/049438254_1764176997796.jpg | https://images.aqar.fm/webp/750x0/props/049438251_1764176997874.jpg | https://images.aqar.fm/webp/750x0/props/049438257_1764176998013.jpg,14,عبدالعزيز عمر,شركة سكاي لاين فيو العقارية,1,2025-11-26,2025-11-26,2026-08-10,1537,2026-08-23,True,"595,000",False,فيلا
6821216,https://sa.aqar.fm/فلل-للبيع/الرياض/جنوب-الرياض/حي-طيبة/حي-طيبة-مدينة-الرياض-منطقة-الرياض-6821216,"فيلا للبيع في حي طيبة, مدينة الرياض, منطقة الرياض",980000,395,6,0,0,0,حي طيبة,الرياض,جنوب الرياض,"للبيع دبلكسات
جديده
 - الدار البيضا ( طيبه )
مساحة الارض ٢٥٠ متر
الواجهه جنوبية ١٥ متر
المواصفات 🔽
الدور الارضي : غرفة سايق ومجلس ومقلط ودورة مياه وصالة ومطبخ ومستودع ودورة مياه
الدور الاول : ٤ غرف ٢ ماستر و٢ مشتركة بدورة مياه
الدور الثاني : غرفة شغاله وغرفة غسيل ملابس",24.542504,46.811328,https://images.aqar.fm/webp/750x0/props/011533659_1787473257184.jpg | https://images.aqar.fm/webp/750x0/props/011533657_1787473257220.jpg | https://images.aqar.fm/webp/750x0/props/011533654_1787473257219.jpg | https://images.aqar.fm/webp/750x0/props/011533658_1787473257229.jpg,4,عائشه الفريدي,,,2026-08-13,2026-08-13,2026-08-23,147,2026-08-23,True,"980,000",False,فيلا
6777453,https://sa.aqar.fm/فلل-للبيع/الرياض/جنوب-الرياض/حي-طيبة/حي-طيبة-مدينة-الرياض-منطقة-الرياض-6777453,"فيلا للبيع في حي طيبة, مدينة الرياض, منطقة الرياض",480000,166,3,0,0,0,حي طيبة,الرياض,جنوب الرياض,"شقق الدبلكيسة تمليك فاخرة للبيع | حي طيبه الرياض 

امتلك شقتك الآن في موقع مميز، بتصاميم عصرية وتشطيبات عالية الجودة، مع ضمانات شاملة تمنحك راحة البال.

✨ تفاصيل الشقق:
🔹 3 غرف نوم
🔹 مجلس
🔹 صالة واسعة
🔹 مطبخ

‎🔹 3 دورات مياه
🔹 غرفة غسيل
🔹 بعض الوحدات تحتوي على غرفة خادمة أو سطح خاص

📐 المساحات:
▪️ من 120 م² إلى 160 م²
سطح وكراج

💰 الأسعار:
ابتداءً من 380,000 ريال
حتى 520,000ريال

⭐ المميزات:
✅ مدخل مستقل
✅ واجهات أمامية وخلفية وزوايا
✅ جميع الأدوار متوفرة
✅ موقع حيوي قريب من المدارس والخدمات

🛠️ الضمانات:
✔️ تأمين العيوب الخفية (الهيكل الإنشائي) لمدة 10 سنوات
✔️ ضمان العزل المائي والحراري حتى 10 سنوات
✔️ ضمان السباكة حتى 50 سنة
✔️ ضمان الكهرباء:

* القواطع والبريكرات: 25 سنة
* الأفياش والمفاتيح: 25 سنة
* الإضاءة: 2–3 سنوات
* المراوح: 6 سنوات

🏗️ جودة التنفيذ:
✔️ إشراف هندسي معتمد
✔️ فحص فني من جهات مختصة
✔️ مواد بناء وتشطيبات عالية الجودة
✔️ تنفيذ مطابق لكود البناء السعودي

🌟 مزايا إضافية:
✔️ تصاميم عصرية
✔️ تشطيبات راقية
✔️ جاهزة للسكن
✔️ مناسبة للسكن والاستثمار
من المالك مباشرة 
📞 للحجز والاستفسار:
((الرقم يظهر عند الضغط على اتصال))",24.549827,46.810653,https://images.aqar.fm/webp/750x0/props/052882551_1784224498388.jpg | https://images.aqar.fm/webp/750x0/props/052882558_1784224498276.jpg | https://images.aqar.fm/webp/750x0/props/052882557_1784224498383.jpg | https://images.aqar.fm/webp/750x0/props/052882551_1784224498399.jpg | https://images.aqar.fm/webp/750x0/props/052882555_1784224498303.jpg | https://images.aqar.fm/webp/750x0/props/052882553_1784224498406.jpg | https://images.aqar.fm/webp/750x0/props/052882556_1784224498322.jpg | https://images.aqar.fm/webp/750x0/props/052882553_1784224498320.jpg,8,مريم بنت يحي بن عايض الاحمري,,0,2026-07-16,2026-08-15,2026-08-23,611,2026-08-23,True,"480,000",False,فيلا
6819450,https://sa.aqar.fm/فلل-للبيع/الرياض/جنوب-الرياض/حي-طيبة/حي-طيبة-مدينة-الرياض-منطقة-الرياض-6819450,"فيلا للبيع في حي طيبة, مدينة الرياض, منطقة الرياض",1150000,435,4,0,0,0,حي طيبة,الرياض,جنوب الرياض,"للبيع فيلا درج داخلي 
بمخطط 3533 حي طيبة  

*تتكون من* : مجلس رجال + دورة مياه + مقلط + صاله + مطبخ + دورة مياه 

العلوي : 4 غرف نوم ماستر + صاله 

السطح : صاله + غرفه ماستر + غرفه غسيل 

✅ تقبل جميع البنوك . 

📍ونقدم لكم خدمة البحث عن العقار وعرض وتسويق عقاركم عن طريق وسائل التواصل الاجتماعي 📲 والمنصات العقاري المرخصة 🌐
المفوض مكتب الشارع الثاني العقاري 
‏ لتواصل ↓
((الرقم يظهر عند الضغط على اتصال)) - ((الرقم يظهر عند الضغط على اتصال))
*لتواصل* : ‏wa.me/((الرقم يظهر عند الضغط على اتصال))

*سناب شات* : 
‏https://snapchat.com/t/HKl4PWkg",24.54853,46.804758,https://images.aqar.fm/webp/750x0/props/004814669_1786567248885.jpg | https://images.aqar.fm/webp/750x0/props/004814667_1786567260797.jpg | https://images.aqar.fm/webp/750x0/props/004814662_1786567285152.jpg | https://images.aqar.fm/webp/750x0/props/004814668_1786567285150.jpg | https://images.aqar.fm/webp/750x0/props/004814669_1786567285149.jpg | https://images.aqar.fm/webp/750x0/props/004814667_1786567285215.jpg | https://images.aqar.fm/webp/750x0/props/004814663_1786567285151.jpg | https://images.aqar.fm/webp/750x0/props/004814669_1786567285210.jpg | https://images.aqar.fm/webp/750x0/props/004814660_1786567285056.jpg | https://images.aqar.fm/webp/750x0/props/004814662_1786571486303.jpg,10,خالد نايف عايد الرويلي,مكتب الشارع الثاني العقاري,1,2026-08-12,2026-08-12,2026-08-16,136,2026-08-23,True,"1,150,000",False,فيلا
6750149,https://sa.aqar.fm/فلل-للبيع/الرياض/جنوب-الرياض/حي-طيبة/شارع-العزيزيه-حي-طيبة-مدينة-الرياض-منطقة-الرياض-6750149,"فيلا للبيع في شارع العزيزيه, حي طيبة, مدينة الرياض, منطقة الرياض",480000,187,3,3,2,0,حي طيبة,الرياض,جنوب الرياض,"بسم الله الرحمن الرحيم 
اسعد الله اوقاتكم بكل خير
💫تفاصيل العقار 
▫️حي طيبه  قريب لجميع الخدمات المدارس وحدائق ومراكز تسويق 
▫️نوع العقار تاون 
للبيع تاون هاوس علوي ٤٨٠ الف 
للبيع تاون هاوس ارضي ٦٣٠  الف 
دور ارضي ٤٩٠ الف 
▫️مساحه العقار ٢٧٠م 
▫️وصف العقار
تاون هاوس علوي مدخل سياره مجلس رجال مقلط صاله مطبخ ٣غرف نوم منهم غرفه ماستر مع السطح
💫 نقدم لك عقار بتصميم عصري وتشطيبات فاخرة، جاهز للسكن الفوري أو الاستثمار الناجح يلبي احتياجات العائله.
💫مشاريع بمختلف الاسعار المميزه والمساحات المتنوعه 
💫نتعامل مع جميع البنوك والشركات الخاصة 
💫نوفر اعلي تمويل متاح بأقل هامش ربح وتوحيد الاقساط 
نوفر سداد المديونيات وتوفير الدفعه الاولي مجاناااااا بدون فوائد 
💫لدينا حلول تمويليه سهله وميسره للمدنيين والعسكريين والمتقاعدين .
💫امكانيه تحويل من بنك لاخر 
💫انهاء الاجراءت البنكيه في أسرع وقت ممكن
💫 يتوافر جميع الضمانات من كهرباء وسباكه وعوازل وغيرها من ضمانات وتأمين شامل علي المبني علي الكود السعودي الجديد 
تواصل معنا واتساب او اتصال
مشروع (( 7 ))",24.547599,46.802129,https://images.aqar.fm/webp/750x0/props/011167291_1782583510725.jpg | https://images.aqar.fm/webp/750x0/props/011167291_1782583510726.jpg | https://images.aqar.fm/webp/750x0/props/011167294_1782583510456.jpg | https://images.aqar.fm/webp/750x0/props/011167295_1782583510888.jpg | https://images.aqar.fm/webp/750x0/props/011167294_1782583510523.jpg | https://images.aqar.fm/webp/750x0/props/011167295_1782583510535.jpg | https://images.aqar.fm/webp/750x0/props/011167298_1782583510453.jpg | https://images.aqar.fm/webp/750x0/props/011167292_1782583510333.jpg | https://images.aqar.fm/webp/750x0/props/011167292_1782583510272.jpg | https://images.aqar.fm/webp/750x0/props/011167291_1782583510254.jpg | https://images.aqar.fm/webp/750x0/props/011167297_1782583510281.jpg | https://images.aqar.fm/webp/750x0/props/011167298_1782583510356.jpg | https://images.aqar.fm/webp/750x0/props/011167291_1782583510540.jpg | https://images.aqar.fm/webp/750x0/props/011167298_1782583510628.jpg | https://images.aqar.fm/webp/750x0/props/011167291_1782583510725.jpg | https://images.aqar.fm/webp/750x0/props/011167291_1782583510726.jpg | https://images.aqar.fm/webp/750x0/props/011167294_1782583510456.jpg | https://images.aqar.fm/webp/750x0/props/011167295_1782583510888.jpg | https://images.aqar.fm/webp/750x0/props/011167294_1782583510523.jpg | https://images.aqar.fm/webp/750x0/props/011167295_1782583510535.jpg | https://images.aqar.fm/webp/750x0/props/011167298_1782583510453.jpg | https://images.aqar.fm/webp/750x0/props/011167292_1782583510333.jpg | https://images.aqar.fm/webp/750x0/props/011167292_1782583510272.jpg | https://images.aqar.fm/webp/750x0/props/011167291_1782583510254.jpg | https://images.aqar.fm/webp/750x0/props/011167297_1782583510281.jpg | https://images.aqar.fm/webp/750x0/props/011167298_1782583510356.jpg | https://images.aqar.fm/webp/750x0/props/011167291_1782583510540.jpg | https://images.aqar.fm/webp/750x0/props/011167298_1782583510628.jpg,28,جبر لافي عوض العتيبي,مؤسسة أوائل الرياض العقارية,1,2026-06-27,2026-07-27,2026-08-22,411,2026-08-23,True,"480,000",False,فيلا
6598295,https://sa.aqar.fm/فلل-للبيع/الرياض/جنوب-الرياض/حي-طيبة/شارع-المنتدى-حي-طيبة-مدينة-الرياض-منطقة-الرياض-6598295,"فيلا للبيع في شارع المنتدى, حي طيبة, مدينة الرياض, منطقة الرياض",1150000,292,,0,0,6,حي طيبة,الرياض,جنوب الرياض,"المساحة 292.56 م
  
مدخل سيارة  مشب حوش 
الدور الارضي 
 مدخل رجال  مجلس  ومغسلة وحمام. مقلط .
 مدخل نساء  صالة كبيرة تعتبر مجلس. دورة مياة مطبخ .
 درج . 
الدور الاول 
صالة .دورة مياة. 4 غرف نوم 
 ثنتين ماستر 
درج . 
الدور الثاني 
  الملحق  مغسلة . دورة مياة . غرفة . سطح

مرهونة للبنك الاهلي 

سعر البيع صافي 1.150.000
مليون ومية وخمسين الف شامل الرهن 

 قابل للتفاوض بالمعقول

للاستفسار  ((رقم المعلن يظهر عند التواصل))
ابو علي الشهري : مؤسسة رمضاء العقارية بالرياض / حي السليمانية / نسعد بخدمتكم وتسويق عقاراتكم في جميع مناطق ومحافظات المملكة سواءً بيع او شراء او تأجير",24.555986,46.810813,https://images.aqar.fm/webp/750x0/props/007461211_1771597540953.jpg | https://images.aqar.fm/webp/750x0/props/007461215_1771597540950.jpg | https://images.aqar.fm/webp/750x0/props/007461215_1771597541096.jpg | https://images.aqar.fm/webp/750x0/props/007461210_1771597540944.jpg | https://images.aqar.fm/webp/750x0/props/007461211_1771597540956.jpg | https://images.aqar.fm/webp/750x0/props/007461218_1771597540955.jpg | https://images.aqar.fm/webp/750x0/props/007461213_1771597540951.jpg,7,خالد سليمان علي العقل,مؤسسة رمضاء العقارية,1,2026-02-20,2026-08-13,2026-08-20,842,2026-08-23,True,"1,150,000",False,فيلا
6769538,https://sa.aqar.fm/فلل-للبيع/الرياض/جنوب-الرياض/حي-طيبة/شارع-عبدالقادر-بن-محمد-حي-طيبة-مدينة-الرياض-منطقة-الرياض-6769538,"فيلا للبيع في شارع عبدالقادر بن محمد, حي طيبة, مدينة الرياض, منطقة الرياض",380000,166,4,0,0,0,حي طيبة,الرياض,جنوب الرياض,"🏡 للبيع ادور سكنية في حي طيبة – جنوب الرياض

فرصة تملك مميزة في حي طيبة جنوب الرياض بتشطيبات فاخرة وتصاميم عصرية، مع خيارات متعددة تناسب جميع الاحتياجات والميزانيات.

🏠 الخيارات المتوفرة:

🔹 120م²

💰 380,000 ريال

* 3 غرف نوم
* مجلس
* صالة
* مطبخ
* 3 دورات مياه
* غرفة خادمة
* سطح خاص

🔹 150م²

💰 480,000 ريال

* 3 غرف نوم
* مجلس
* صالة
* مطبخ
* 3 دورات مياه
* غرفة خادمة
* غرفة غسيل

🔹 160م²

💰 520,000 ريال

* 3 غرف نوم
* مجلس
* صالة
* مطبخ
* 3 دورات مياه
* غرفة خادمة
* غرفة غسيل
* حوش خاص

🔹 200م²

💰 ابتداءً من 600,000 ريال

* 3 غرف نوم
* مجلس
* صالة
* مطبخ
* 3 دورات مياه
* غرفة خادمة
* غرفة غسيل
* حوش خاص

⭐ كما يتوفر نموذج مميز بمساحة 200م² بسعر 650,000 ريال.

⸻

✨ مميزات المشروع

✅ تشطيبات فاخرة وعصرية.
✅ تصميم عملي يناسب العائلات.
✅ مساحات وأسعار متنوعة.
✅ موقع مميز في حي طيبة جنوب الرياض.
✅ جاهزة للسكن والإفراغ الفوري.

⸻

🛡️ ضمانات تمنحك راحة البال

✔️ تنفيذ وفق الكود السعودي الجديد.
✔️ إشراف هندسي معتمد.
✔️ جميع الضمانات النظامية.
✔️ تأمين لمدة 10 سنوات ضد العيوب الخفية من التعاونية.

⸻

💳 خيارات شراء مرنة

✔️ يقبل الدعم السكني.
✔️ التمويل البنكي.
✔️ الدفع النقدي.
✔️ مناسب لجميع الجهات والقطاعات.

⸻

📍 لا تدفع أي عمولة… تعامل مباشر مع وكيل المشروع.

📞 للتواصل وحجز موعد المعاينة:
((الرقم يظهر عند الضغط على اتصال))

⏳ سارع بالحجز، فالعدد محدود والأسعار الحالية فرصة لا تُعوّض.",24.552481,46.835732,https://images.aqar.fm/webp/750x0/props/012418544_1783802907435.jpg,1,سلطان محمد احمد اليامي,,,2026-07-11,2026-08-10,2026-08-23,196,2026-08-23,True,"380,000",False,فيلا
6831754,https://sa.aqar.fm/فلل-للبيع/الرياض/جنوب-الرياض/حي-طيبة/حي-طيبة-مدينة-الرياض-منطقة-الرياض-6831754,"فيلا للبيع في حي طيبة, مدينة الرياض, منطقة الرياض",1100000,445,,0,0,0,حي طيبة,الرياض,جنوب الرياض,"فله مودرن تشطيب ممتاز  قريبه من الخدمات المساحه 265 مع شقه فوق 
خزانين ماء منفصله 2 عداد كهرباء 
الادور الارضي  
مجلس رجال   مقلط   صاله كبيره   غرفة كبار سن   مطبخ   
الدور الاول 
اريع غرف نوم 2 ماستر  وصاله  
الدور الثاني  
شقه تتكون من ثلاث  غرف نوم ودورتين ميه ومطبخ",24.548344,46.808473,https://images.aqar.fm/webp/750x0/props/011820236_1787165092123.jpg | https://images.aqar.fm/webp/750x0/props/011820235_1787165092124.jpg | https://images.aqar.fm/webp/750x0/props/011820232_1787165092123.jpg | https://images.aqar.fm/webp/750x0/props/011820236_1787165092118.jpg | https://images.aqar.fm/webp/750x0/props/011820234_1787165092131.jpg,5,عامر عمران,مكتب مشارف الشمال للعقارات,1,2026-08-19,2026-08-19,2026-08-23,24,2026-08-23,True,"1,100,000",False,فيلا
6752966,https://sa.aqar.fm/فلل-للبيع/الرياض/جنوب-الرياض/حي-طيبة/شارع-العزيزيه-حي-طيبة-مدينة-الرياض-منطقة-الرياض-6752966,"فيلا للبيع في شارع العزيزيه, حي طيبة, مدينة الرياض, منطقة الرياض",570000,281,4,5,3,0,حي طيبة,الرياض,جنوب الرياض,"السلام عليكم ورحمة الله وبركاته 
فرصه العمر لا تتكرر
بتدوور علي الأناقة في التصميم واستغلال المساحات 
بتدور على توفير المال والمصداقية في التعامل
ابشر باللي يطيب خاطرك 

نقدم لكم فيلا تاون هاوس فاخره:
وجهه    : شماليه
عرض الشارع: 20م 
المساحه : 300 متر 
السعر : التاون هاوس الارضي عليه 600 الف بعد التفاوض 570 الف 
التاون هاوس العلوي عليه 530 الف 
- تملك منزلك مع توفير الحلول والتسهيلات العقاريه للعسكرين والمدنين 
- في مستشارك الامثل نقدم لك استثناءات من البنوك ونوفر لك التمويل
- باسرع وقت واقل نسبه واعلي مبلغ متاح !!
( وقارن بين حسبتنا وحسب البنوك بنفسك !)
- توفير مبلغ فائض فوق قيمه العقار للاثاث 
* توفير الدفعه الاولي مجانا 
* تصفية الالتزامات في بنك العميل 
* اشراف علي التقييم بشكل مباشر للتقييم جيد ولعدم بخس ثمن العقار 
* التعامل مع ادارة البنوك مباشرة
* توفير جميع العروض ☆
كود ((5))",24.54722,46.802783,https://images.aqar.fm/webp/750x0/props/011167292_1785068104309.jpg | https://images.aqar.fm/webp/750x0/props/011167295_1785068105246.jpg | https://images.aqar.fm/webp/750x0/props/011167296_1785068104828.jpg | https://images.aqar.fm/webp/750x0/props/011167299_1785068105467.jpg | https://images.aqar.fm/webp/750x0/props/011167294_1785068104404.jpg | https://images.aqar.fm/webp/750x0/props/011167293_1785068104652.jpg | https://images.aqar.fm/webp/750x0/props/011167297_1785068104907.jpg | https://images.aqar.fm/webp/750x0/props/011167295_1785068105163.jpg | https://images.aqar.fm/webp/750x0/props/011167293_1785068105363.jpg | https://images.aqar.fm/webp/750x0/props/011167296_1785068105037.jpg | https://images.aqar.fm/webp/750x0/props/011167295_1785068103692.jpg | https://images.aqar.fm/webp/750x0/props/011167299_1785068103784.jpg | https://images.aqar.fm/webp/750x0/props/011167298_1785068103909.jpg | https://images.aqar.fm/webp/750x0/props/011167299_1785068104104.jpg | https://images.aqar.fm/webp/750x0/props/011167294_1785068104113.jpg | https://images.aqar.fm/webp/750x0/props/011167295_1785068104198.jpg | https://images.aqar.fm/webp/750x0/props/011167292_1785068104515.jpg | https://images.aqar.fm/webp/750x0/props/011167297_1785068105571.jpg | https://images.aqar.fm/webp/750x0/props/011167292_1785068104738.jpg,19,جبر لافي عوض العتيبي,مؤسسة أوائل الرياض العقارية,1,2026-06-29,2026-07-29,2026-08-22,258,2026-08-23,True,"570,000",False,فيلا
6799326,https://sa.aqar.fm/فلل-للبيع/الرياض/جنوب-الرياض/حي-طيبة/شارع-العزيزيه-حي-طيبة-مدينة-الرياض-منطقة-الرياض-6799326,"فيلا للبيع في شارع العزيزيه, حي طيبة, مدينة الرياض, منطقة الرياض",460000,250,4,5,3,0,حي طيبة,الرياض,جنوب الرياض,"السلام عليكم ورحمة الله وبركاته 
فرصه العمر لا تتكرر
بتدوور علي الأناقة في التصميم واستغلال المساحات 
بتدور على توفير المال والمصداقية في التعامل
ابشر باللي يطيب خاطرك 

نقدم لكم فيلا فاخره:
في حي : طيبه 
مساحة  : 250 متر 
السعر    :الفيلا الارضيه عليها 550 الف 
الفيلا العلويه عليها 460 الف 
وجهه    : شماليه
عرض الشارع: 20م 
- تملك منزلك مع توفير الحلول والتسهيلات العقاريه للعسكرين والمدنين 
- في مستشارك الامثل نقدم لك استثناءات من البنوك ونوفر لك التمويل
- باسرع وقت واقل نسبه واعلي مبلغ متاح !!
( وقارن بين حسبتنا وحسب البنوك بنفسك !)
- توفير مبلغ فائض فوق قيمه العقار للاثاث 
* توفير الدفعه الاولي مجانا 
* تصفية الالتزامات في بنك العميل 
* اشراف علي التقييم بشكل مباشر للتقييم جيد ولعدم بخس ثمن العقار 
* التعامل مع ادارة البنوك مباشرة
* توفير جميع العروض ☆
كود ((5))",24.54447,46.803832,https://images.aqar.fm/webp/750x0/props/011167294_1785524880820.jpg | https://images.aqar.fm/webp/750x0/props/011167292_1785533292131.jpg | https://images.aqar.fm/webp/750x0/props/011167296_1785533292814.jpg | https://images.aqar.fm/webp/750x0/props/011167294_1785533291988.jpg | https://images.aqar.fm/webp/750x0/props/011167296_1785533292879.jpg | https://images.aqar.fm/webp/750x0/props/011167291_1785533292461.jpg | https://images.aqar.fm/webp/750x0/props/011167295_1785533292685.jpg | https://images.aqar.fm/webp/750x0/props/011167299_1785533292385.jpg | https://images.aqar.fm/webp/750x0/props/011167290_1785533292309.jpg | https://images.aqar.fm/webp/750x0/props/011167297_1785533292216.jpg | https://images.aqar.fm/webp/750x0/props/011167293_1785533292517.jpg | https://images.aqar.fm/webp/750x0/props/011167296_1785533292628.jpg,12,جبر لافي عوض العتيبي,مؤسسة أوائل الرياض العقارية,1,2026-07-31,2026-07-31,2026-08-23,325,2026-08-23,True,"460,000",False,فيلا
6799240,https://sa.aqar.fm/فلل-للبيع/الرياض/جنوب-الرياض/حي-طيبة/شارع-العزيزيه-حي-طيبة-مدينة-الرياض-منطقة-الرياض-6799240,"فيلا للبيع في شارع العزيزيه, حي طيبة, مدينة الرياض, منطقة الرياض",470000,182,3,3,2,0,حي طيبة,الرياض,جنوب الرياض,"بسم الله الرحمن الرحيم 
اسعد الله اوقاتكم بكل خير
💫تفاصيل العقار 
▫️حي طيبه قريب لجميع الخدمات المدارس وحدائق ومراكز تسويق 
▫️نوع العقار تاون هاوس علوي 
▫️مساحه العقار ٣٠٠م 
▫️وصف العقار
تاون هاوس علوي مدخل سياره مجلس رجال مقلط صاله مطبخ ٣غرف نوم منهم غرفه ماستر مع السطح
💫 نقدم لك عقار بتصميم عصري وتشطيبات فاخرة، جاهز للسكن الفوري أو الاستثمار الناجح يلبي احتياجات العائله.
💫مشاريع بمختلف الاسعار المميزه والمساحات المتنوعه 
💫نتعامل مع جميع البنوك والشركات الخاصة 
💫نوفر اعلي تمويل متاح بأقل هامش ربح وتوحيد الاقساط 
نوفر سداد المديونيات وتوفير الدفعه الاولي مجاناااااا بدون فوائد 
💫لدينا حلول تمويليه سهله وميسره للمدنيين والعسكريين والمتقاعدين .
💫امكانيه تحويل من بنك لاخر 
💫انهاء الاجراءت البنكيه في أسرع وقت ممكن
💫 يتوافر جميع الضمانات من كهرباء وسباكه وعوازل وغيرها من ضمانات وتأمين شامل علي المبني علي الكود السعودي الجديد 
تواصل معنا واتساب او اتصال
مشروع (( 7 ))",24.54847,46.807692,https://images.aqar.fm/webp/750x0/props/011167298_1785520571358.jpg | https://images.aqar.fm/webp/750x0/props/011167298_1785520571358.jpg | https://images.aqar.fm/webp/750x0/props/011167298_1785533143972.jpg | https://images.aqar.fm/webp/750x0/props/011167290_1785533143474.jpg | https://images.aqar.fm/webp/750x0/props/011167296_1785533143629.jpg | https://images.aqar.fm/webp/750x0/props/011167298_1785533143721.jpg | https://images.aqar.fm/webp/750x0/props/011167292_1785533143594.jpg | https://images.aqar.fm/webp/750x0/props/011167296_1785533143477.jpg | https://images.aqar.fm/webp/750x0/props/011167298_1785533143738.jpg | https://images.aqar.fm/webp/750x0/props/011167296_1785533143733.jpg | https://images.aqar.fm/webp/750x0/props/011167291_1785533143805.jpg | https://images.aqar.fm/webp/750x0/props/011167298_1785533143965.jpg,12,جبر لافي عوض العتيبي,مؤسسة أوائل الرياض العقارية,1,2026-07-31,2026-07-31,2026-08-22,155,2026-08-23,True,"470,000",False,فيلا
6799322,https://sa.aqar.fm/فلل-للبيع/الرياض/جنوب-الرياض/حي-طيبة/شارع-العزيزيه-حي-طيبة-مدينة-الرياض-منطقة-الرياض-6799322,"فيلا للبيع في شارع العزيزيه, حي طيبة, مدينة الرياض, منطقة الرياض",500000,250,4,5,3,0,حي طيبة,الرياض,جنوب الرياض,"السلام عليكم ورحمة الله وبركاته 
فرصه العمر لا تتكرر
بتدوور علي الأناقة في التصميم واستغلال المساحات 
بتدور على توفير المال والمصداقية في التعامل
ابشر باللي يطيب خاطرك 

نقدم لكم فيلا فاخره:
في حي : طيبه 
مساحة  : 250 متر 
السعر    : الفيلا الارضيه عليها 550 الف 
وجهه    : الفيلا العلويه عليها 500 الف 
عرض الشارع: 20م امام المشروع خدمات تجاريه 
- تملك منزلك مع توفير الحلول والتسهيلات العقاريه للعسكرين والمدنين 
- في مستشارك الامثل نقدم لك استثناءات من البنوك ونوفر لك التمويل
- باسرع وقت واقل نسبه واعلي مبلغ متاح !!
( وقارن بين حسبتنا وحسب البنوك بنفسك !)
- توفير مبلغ فائض فوق قيمه العقار للاثاث 
* توفير الدفعه الاولي مجانا 
* تصفية الالتزامات في بنك العميل 
* اشراف علي التقييم بشكل مباشر للتقييم جيد ولعدم بخس ثمن العقار 
* التعامل مع ادارة البنوك مباشرة
* توفير جميع العروض ☆
كود ((5))",24.547095,46.803714,https://images.aqar.fm/webp/750x0/props/011167297_1786908885645.jpg | https://images.aqar.fm/webp/750x0/props/011167298_1786908750500.jpg | https://images.aqar.fm/webp/750x0/props/011167296_1786908749711.jpg | https://images.aqar.fm/webp/750x0/props/011167291_1786908749804.jpg | https://images.aqar.fm/webp/750x0/props/011167291_1786908749935.jpg | https://images.aqar.fm/webp/750x0/props/011167296_1786908749935.jpg | https://images.aqar.fm/webp/750x0/props/011167292_1786908750138.jpg | https://images.aqar.fm/webp/750x0/props/011167292_1786908750338.jpg | https://images.aqar.fm/webp/750x0/props/011167292_1786908750420.jpg | https://images.aqar.fm/webp/750x0/props/011167295_1786908749711.jpg | https://images.aqar.fm/webp/750x0/props/011167298_1786908749725.jpg | https://images.aqar.fm/webp/750x0/props/011167295_1786908750038.jpg | https://images.aqar.fm/webp/750x0/props/011167292_1786908749812.jpg,13,جبر لافي عوض العتيبي,مؤسسة أوائل الرياض العقارية,1,2026-07-31,2026-07-31,2026-08-22,122,2026-08-23,True,"500,000",False,فيلا
6811016,https://sa.aqar.fm/فلل-للبيع/الرياض/جنوب-الرياض/حي-طيبة/شارع-العويقليه-حي-طيبة-مدينة-الرياض-منطقة-الرياض-6811016,"فيلا للبيع في شارع العويقليه, حي طيبة, مدينة الرياض, منطقة الرياض",1050000,217,7,5,3,2,حي طيبة,الرياض,جنوب الرياض,$5c,24.55015,46.800118,https://images.aqar.fm/webp/750x0/props/005405665_1786196018465.jpg | https://images.aqar.fm/webp/750x0/props/005405661_1786196031396.jpg | https://images.aqar.fm/webp/750x0/props/005405669_1786196031494.jpg | https://images.aqar.fm/webp/750x0/props/005405660_1786196031393.jpg | https://images.aqar.fm/webp/750x0/props/005405664_1786196031405.jpg | https://images.aqar.fm/webp/750x0/props/005405661_1786196031393.jpg | https://images.aqar.fm/webp/750x0/props/005405664_1786196031402.jpg | https://images.aqar.fm/webp/750x0/props/005405664_1786196031402.jpg | https://images.aqar.fm/webp/750x0/props/005405668_1786196031554.jpg,9,مساعد محمد بن علي الزهراني,مكتب مساعد محمد بن علي الزهراني للعقارات,1,2026-08-08,2026-08-08,2026-08-23,91,2026-08-23,True,"1,050,000",False,فيلا
6442951,https://sa.aqar.fm/فلل-للبيع/الرياض/جنوب-الرياض/حي-طيبة/شارع-الأمير-سعود-بن-محمد-بن-مقرن-حي-طيبة-مدينة-الرياض-منطقة-الرياض-6442951,"فيلا للبيع في شارع الأمير سعود بن محمد بن مقرن, حي طيبة, مدينة الرياض, منطقة الرياض",680000,250,5,5,1,0,حي طيبة,الرياض,جنوب الرياض,"تاون هاوس في حي طيبه جديد وتصميم عصري وحديث
 مساحته 250   
طابقين و ٣ غرف نوم ماستر 
وحده تحت غرفه مسنين 
 ومجلس ومقلط 
 ومطبخ ودرج بوسط الصاله 
 و٤ دورات مياه 
ومدخل سياره
 للتواصل ابو عدي ((رقم المعلن يظهر عند التواصل))",24.54456,46.829764,https://images.aqar.fm/webp/750x0/props/050269000_1777550094733.jpg | https://images.aqar.fm/webp/750x0/props/050269000_1777550094039.jpg | https://images.aqar.fm/webp/750x0/props/050269009_1777550094346.jpg | https://images.aqar.fm/webp/750x0/props/050269009_1777550094348.jpg | https://images.aqar.fm/webp/750x0/props/050269002_1777550094043.jpg | https://images.aqar.fm/webp/750x0/props/050269006_1777550094142.jpg | https://images.aqar.fm/webp/750x0/props/050269000_1777550094284.jpg | https://images.aqar.fm/webp/750x0/props/050269008_1777550094279.jpg | https://images.aqar.fm/webp/750x0/props/050269003_1777550094502.jpg | https://images.aqar.fm/webp/750x0/props/050269007_1777550094501.jpg | https://images.aqar.fm/webp/750x0/props/050269000_1777550094567.jpg | https://images.aqar.fm/webp/750x0/props/050269001_1777550094570.jpg | https://images.aqar.fm/webp/750x0/props/050269008_1777550094736.jpg | https://images.aqar.fm/webp/750x0/props/050269002_1777550094795.jpg,14,جابر ال فهاد,شركة ركائز الروعة,1,2025-10-27,2025-10-27,2026-08-23,1569,2026-08-23,True,"680,000",False,فيلا
6701399,https://sa.aqar.fm/فلل-للبيع/الرياض/جنوب-الرياض/حي-طيبة/حي-طيبة-مدينة-الرياض-منطقة-الرياض-6701399,"فيلا للبيع في حي طيبة, مدينة الرياض, منطقة الرياض",800000,70,5,,,0,حي طيبة,الرياض,جنوب الرياض,"فيلا للبيع تتكون من مشب ومجلس ومقلط 
ًوغرف مسنين ومطبخ وصاله ودورتين مياه و٣غرف وصاله مع غرفه مستر و٢دورات
طيبة العزيزيه عليها جميع الضمنات مع تامين ملاذ
البيع 800,000
https://maps.app.goo.gl/PdT8qvr2pho42AiP7?g_st=ac",24.54826,46.813282,,,نوره البقمي,مؤسسة رعد السحاب للخدمات العقارية,1,2026-05-17,2026-08-13,2026-08-13,596,2026-08-23,True,"800,000",False,فيلا
6752816,https://sa.aqar.fm/فلل-للبيع/الرياض/جنوب-الرياض/حي-طيبة/شارع-العزيزيه-حي-طيبة-مدينة-الرياض-منطقة-الرياض-6752816,"فيلا للبيع في شارع العزيزيه, حي طيبة, مدينة الرياض, منطقة الرياض",580000,206,4,4,0,0,حي طيبة,الرياض,جنوب الرياض,"مشروع 9
السلام عليكم ورحمة الله وبركاته 
فرصة العمر لا تتكرر
بتدور على الاناقه في التصميم واستغلال المساحات
بتدور على توفير المال والمصداقيه في التعامل
ابشر باللي يطيب خاطرك
نقدم لكم مشروع تاون هاوس فاخره
في حي: طيبه العزيزية 
السعر: تاون ارضى 580 الف  3 أدوار نفس الدوبلكس 
علوي دورين 540 الف 
وجهه: جنوبي 
عرض الشارع : 15م 
نوفر سداد المديونيات والدفعه الأولى 10٪ مجانًا وبدون أي فوائد
نختصر عليك الوقت ولذالك نتعامل َع جميع البنوك والشركات التمويليه العقاريه مع إمكانية التحويل من بنك لبنك اخر وتسهيل كل الأمور
مع عليك اللي ان نتواصل معنا واتس أو اتصال
(مشروع 9)",24.547375,46.802546,https://images.aqar.fm/webp/750x0/props/011167292_1786367044021.jpg | https://images.aqar.fm/webp/750x0/props/011167295_1786367067681.jpg | https://images.aqar.fm/webp/750x0/props/011167294_1786367067762.jpg | https://images.aqar.fm/webp/750x0/props/011167297_1786367067156.jpg | https://images.aqar.fm/webp/750x0/props/011167296_1786367067245.jpg | https://images.aqar.fm/webp/750x0/props/011167296_1786367067360.jpg | https://images.aqar.fm/webp/750x0/props/011167293_1786367067442.jpg | https://images.aqar.fm/webp/750x0/props/011167295_1786367067680.jpg | https://images.aqar.fm/webp/750x0/props/011167295_1786367067564.jpg | https://images.aqar.fm/webp/750x0/props/011167297_1786367067867.jpg | https://images.aqar.fm/webp/750x0/props/011167290_1786367067965.jpg,11,جبر لافي عوض العتيبي,مؤسسة أوائل الرياض العقارية,1,2026-06-29,2026-07-28,2026-08-23,282,2026-08-23,True,"580,000",False,فيلا
6663051,https://sa.aqar.fm/فلل-للبيع/الرياض/جنوب-الرياض/حي-طيبة/شارع-الأمير-سعود-بن-محمد-بن-مقرن-حي-طيبة-مدينة-الرياض-منطقة-الرياض-6663051,"فيلا للبيع في شارع الأمير سعود بن محمد بن مقرن, حي طيبة, مدينة الرياض, منطقة الرياض",730000,251,4,,,0,حي طيبة,الرياض,جنوب الرياض,"تاون هاوس ارضي يتكون من
مجلس رجال ومقلط وصالة ومطبخ غرفة كبار سن
الدور الاول ثلاث غرف ماستر
خزان ارضي مستقل جميع الضمانات موجودة
السعر قابل للتفاوض للتواصل ابو شهاب 0581041760",24.543952,46.830373,https://images.aqar.fm/webp/750x0/props/050269001_1776707123591.jpg | https://images.aqar.fm/webp/750x0/props/050269002_1776707123492.jpg | https://images.aqar.fm/webp/750x0/props/050269004_1776707123671.jpg | https://images.aqar.fm/webp/750x0/props/050269005_1776707123747.jpg | https://images.aqar.fm/webp/750x0/props/050269009_1776707123834.jpg | https://images.aqar.fm/webp/750x0/props/050269001_1776707123909.jpg | https://images.aqar.fm/webp/750x0/props/050269005_1776707123995.jpg | https://images.aqar.fm/webp/750x0/props/050269006_1776707124090.jpg | https://images.aqar.fm/webp/750x0/props/050269006_1776707124189.jpg | https://images.aqar.fm/webp/750x0/props/050269006_1776707124296.jpg | https://images.aqar.fm/webp/750x0/props/050269002_1776707124434.jpg | https://images.aqar.fm/webp/750x0/props/050269005_1776707124538.jpg | https://images.aqar.fm/webp/750x0/props/050269009_1776707124668.jpg,13,جابر ال فهاد,شركة ركائز الروعة,1,2026-04-20,2026-08-15,2026-08-23,582,2026-08-23,True,"730,000",False,فيلا
6769518,https://sa.aqar.fm/فلل-للبيع/الرياض/جنوب-الرياض/حي-طيبة/شارع-النسور-حي-طيبة-مدينة-الرياض-منطقة-الرياض-6769518,"فيلا للبيع في شارع النسور, حي طيبة, مدينة الرياض, منطقة الرياض",380000,124,4,0,0,0,حي طيبة,الرياض,جنوب الرياض,"🏡 للبيع ادور سكنية في حي طيبة – جنوب الرياض

فرصة تملك مميزة في حي طيبة جنوب الرياض بتشطيبات فاخرة وتصاميم عصرية، مع خيارات متعددة تناسب جميع الاحتياجات والميزانيات.

🏠 الخيارات المتوفرة:

🔹 120م²

💰 380,000 ريال

* 3 غرف نوم
* مجلس
* صالة
* مطبخ
* 3 دورات مياه
* غرفة خادمة
* سطح خاص

🔹 150م²

💰 480,000 ريال

* 3 غرف نوم
* مجلس
* صالة
* مطبخ
* 3 دورات مياه
* غرفة خادمة
* غرفة غسيل

🔹 160م²

💰 520,000 ريال

* 3 غرف نوم
* مجلس
* صالة
* مطبخ
* 3 دورات مياه
* غرفة خادمة
* غرفة غسيل
* حوش خاص

🔹 200م²

💰 ابتداءً من 600,000 ريال

* 3 غرف نوم
* مجلس
* صالة
* مطبخ
* 3 دورات مياه
* غرفة خادمة
* غرفة غسيل
* حوش خاص

⭐ كما يتوفر نموذج مميز بمساحة 200م² بسعر 650,000 ريال.

⸻

✨ مميزات المشروع

✅ تشطيبات فاخرة وعصرية.
✅ تصميم عملي يناسب العائلات.
✅ مساحات وأسعار متنوعة.
✅ موقع مميز في حي طيبة جنوب الرياض.
✅ جاهزة للسكن والإفراغ الفوري.

⸻

🛡️ ضمانات تمنحك راحة البال

✔️ تنفيذ وفق الكود السعودي الجديد.
✔️ إشراف هندسي معتمد.
✔️ جميع الضمانات النظامية.
✔️ تأمين لمدة 10 سنوات ضد العيوب الخفية من التعاونية.

⸻

💳 خيارات شراء مرنة

✔️ يقبل الدعم السكني.
✔️ التمويل البنكي.
✔️ الدفع النقدي.
✔️ مناسب لجميع الجهات والقطاعات.

⸻

📍 لا تدفع أي عمولة… تعامل مباشر مع وكيل المشروع.

📞 للتواصل وحجز موعد المعاينة:
((الرقم يظهر عند الضغط على اتصال))

⏳ سارع بالحجز، فالعدد محدود والأسعار الحالية فرصة لا تُعوّض.",24.550835,46.836608,https://images.aqar.fm/webp/750x0/props/012418543_1783801852147.jpg,1,سلطان محمد احمد اليامي,,,2026-07-11,2026-08-10,2026-08-23,230,2026-08-23,True,"380,000",False,فيلا
6818945,https://sa.aqar.fm/فلل-للبيع/الرياض/جنوب-الرياض/حي-طيبة/شارع-الخوارزمي-حي-طيبة-مدينة-الرياض-منطقة-الرياض-6818945,"فيلا للبيع في شارع الخوارزمي, حي طيبة, مدينة الرياض, منطقة الرياض",1600000,330,6,0,0,0,حي طيبة,الرياض,جنوب الرياض,"ڤيلا مكونة من ٣ ادوار مع سطح 
الدور الارضي مكون من صاله ومطبخ ودورتين مياة و مجلس ومقلط  وملحق خارجي
الدور الثاني 
٤ غرف ( يوجد غرفة ماستر ) مع ثلاث دورات مياة وصالة 
الدور الثالث 
غرفتين مع دورة مياة وصاله وسطح كبير 
مساحة الحوش كبيرة تغطي ٧ سيارات  )",24.558917,46.807803,,,مازن عبيد دبيس الرشيدي,مكتب علو المقام للخدمات العقاريه,1,2026-08-12,2026-08-12,2026-08-23,20,2026-08-23,True,"1,600,000",False,فيلا
6802752,https://sa.aqar.fm/فلل-للبيع/الرياض/جنوب-الرياض/حي-طيبة/شارع-رفحاء-حي-طيبة-مدينة-الرياض-منطقة-الرياض-6802752,"فيلا للبيع في شارع رفحاء, حي طيبة, مدينة الرياض, منطقة الرياض",530000,250,4,4,2,0,حي طيبة,الرياض,جنوب الرياض,"🟥⬛️🟦🟧🟩🟪🟫🟨🟥🟦🟧🟩 السلام عليكم ورحمة الله وبركاته. اسعد الله اوقاتكم بكل خير عملائنا الكرام ٠ 
فرصه العمر لن تتكرر 🎊🎉
 بتدوور علي الأناقة في التصميم واستغلال المساحات 💯
 بتدور على توفير المال والمصداقية في التعامل
 ابشر باللي يطيب خاطرك 💯
 نقدم لكم تاون هاوس فاخره: 
في حي  : طيبة
 مساحة  : 250 م 
 السعر    : 530 ألف للعلوي و 580 ألف للارضي
 واجهة    : شماليه 
 الشارع  : 20 م 
 تشطيب سوبر سوبر لوكس
 نوفر تسديد المديونيات والدفعه الاولي 10% مجاناااااااا وبدون أي فوائد 👍👍
 نختصر عليك الوقت ولذلك نتعامل مع جميع البنوك والشركات التمويليه العقاريه مع إمكانية التحويل من بنك الي بنك اخر وتسهيل كل الامور 👍
 من الاخر هات فرشك واحنا نسلمك المفتاح👍
 مش عليك إلا ان تتواصل معنا واتس اب او اتصال. مشروع (( 6 ))",24.549048,46.801724,https://images.aqar.fm/webp/750x0/props/011167299_1785705903305.jpg | https://images.aqar.fm/webp/750x0/props/011167290_1785705903136.jpg | https://images.aqar.fm/webp/750x0/props/011167296_1785705903134.jpg | https://images.aqar.fm/webp/750x0/props/011167299_1785705903207.jpg | https://images.aqar.fm/webp/750x0/props/011167299_1785705903305.jpg | https://images.aqar.fm/webp/750x0/props/011167290_1785705903136.jpg | https://images.aqar.fm/webp/750x0/props/011167296_1785705903134.jpg | https://images.aqar.fm/webp/750x0/props/011167299_1785705903207.jpg,8,جبر لافي عوض العتيبي,مؤسسة أوائل الرياض العقارية,1,2026-08-02,2026-08-02,2026-08-23,108,2026-08-23,True,"530,000",False,فيلا
6514376,https://sa.aqar.fm/فلل-للبيع/الرياض/جنوب-الرياض/حي-طيبة/شارع-جراب-حي-طيبة-مدينة-الرياض-منطقة-الرياض-6514376,"فيلا للبيع في شارع جراب, حي طيبة, مدينة الرياض, منطقة الرياض",500000,167,4,4,2,0,حي طيبة,الرياض,جنوب الرياض,"السلام عليكم ورحمة الله وبركاته 
نقدم لكم مشروع تاون هاوس نظام دورين 
السعر 550 الف للارضى والعلوى  

للتواصل والاستفسار/ ((ابو فيصل))",24.562122,46.823699,https://images.aqar.fm/webp/750x0/props/042529647_1766259758461.jpg | https://images.aqar.fm/webp/750x0/props/042529645_1766259758465.jpg | https://images.aqar.fm/webp/750x0/props/042529642_1766259758466.jpg | https://images.aqar.fm/webp/750x0/props/042529645_1766259758468.jpg,4,مشاعل دعيرم بن جربوع العتيبي,مؤسسة مكتب بداية جديدة للخدمات العقارية,1,2025-12-20,2025-12-20,2026-08-23,2786,2026-08-23,True,"500,000",False,فيلا
6806481,https://sa.aqar.fm/فلل-للبيع/الرياض/جنوب-الرياض/حي-طيبة/شارع-ابن-نعيم-حي-طيبة-مدينة-الرياض-منطقة-الرياض-6806481,"فيلا للبيع في شارع ابن نعيم, حي طيبة, مدينة الرياض, منطقة الرياض",480000,300,4,5,3,0,حي طيبة,الرياض,جنوب الرياض,"السلام عليكم ورحمة الله وبركاته 
فرصه العمر لا تتكرر
بتدوور علي الأناقة في التصميم واستغلال المساحات 
بتدور على توفير المال والمصداقية في التعامل
ابشر باللي يطيب خاطرك 

نقدم لكم فيلا فاخره:
في حي : طيبه
مساحة  : 300 متر 
السعر    : تاون هاوس علوي دورين عليه 580 الف السعر الحين حد 480 الف 
عرض الشارع: 20م 
- تملك منزلك مع توفير الحلول والتسهيلات العقاريه للعسكرين والمدنين 
- في مستشارك الامثل نقدم لك استثناءات من البنوك ونوفر لك التمويل
- باسرع وقت واقل نسبه واعلي مبلغ متاح !!
( وقارن بين حسبتنا وحسب البنوك بنفسك !)
- توفير مبلغ فائض فوق قيمه العقار للاثاث 
* توفير الدفعه الاولي مجانا 
* تصفية الالتزامات في بنك العميل 
* اشراف علي التقييم بشكل مباشر للتقييم جيد ولعدم بخس ثمن العقار 
* التعامل مع ادارة البنوك مباشرة
* توفير جميع العروض ☆
كود ((5))",24.548585,46.801967,https://images.aqar.fm/webp/750x0/props/011167292_1785881936973.jpg | https://images.aqar.fm/webp/750x0/props/011167299_1785881936874.jpg | https://images.aqar.fm/webp/750x0/props/011167296_1785881936573.jpg | https://images.aqar.fm/webp/750x0/props/011167293_1785881936582.jpg | https://images.aqar.fm/webp/750x0/props/011167294_1785881937044.jpg | https://images.aqar.fm/webp/750x0/props/011167298_1785881937144.jpg | https://images.aqar.fm/webp/750x0/props/011167298_1785881936787.jpg | https://images.aqar.fm/webp/750x0/props/011167293_1785881936862.jpg | https://images.aqar.fm/webp/750x0/props/011167292_1785881936950.jpg | https://images.aqar.fm/webp/750x0/props/011167294_1785881936567.jpg | https://images.aqar.fm/webp/750x0/props/011167297_1785881936674.jpg | https://images.aqar.fm/webp/750x0/props/011167294_1785881936635.jpg | https://images.aqar.fm/webp/750x0/props/011167296_1785881936770.jpg | https://images.aqar.fm/webp/750x0/props/011167298_1785881937070.jpg | https://images.aqar.fm/webp/750x0/props/011167293_1785881937172.jpg | https://images.aqar.fm/webp/750x0/props/011167294_1785881937246.jpg | https://images.aqar.fm/webp/750x0/props/011167292_1785881936973.jpg | https://images.aqar.fm/webp/750x0/props/011167299_1785881936874.jpg | https://images.aqar.fm/webp/750x0/props/011167296_1785881936573.jpg | https://images.aqar.fm/webp/750x0/props/011167293_1785881936582.jpg | https://images.aqar.fm/webp/750x0/props/011167294_1785881937044.jpg | https://images.aqar.fm/webp/750x0/props/011167298_1785881937144.jpg | https://images.aqar.fm/webp/750x0/props/011167298_1785881936787.jpg | https://images.aqar.fm/webp/750x0/props/011167293_1785881936862.jpg | https://images.aqar.fm/webp/750x0/props/011167292_1785881936950.jpg | https://images.aqar.fm/webp/750x0/props/011167294_1785881936567.jpg | https://images.aqar.fm/webp/750x0/props/011167297_1785881936674.jpg | https://images.aqar.fm/webp/750x0/props/011167294_1785881936635.jpg | https://images.aqar.fm/webp/750x0/props/011167296_1785881936770.jpg | https://images.aqar.fm/webp/750x0/props/011167298_1785881937070.jpg | https://images.aqar.fm/webp/750x0/props/011167293_1785881937172.jpg | https://images.aqar.fm/webp/750x0/props/011167294_1785881937246.jpg,32,جبر لافي عوض العتيبي,مؤسسة أوائل الرياض العقارية,1,2026-08-04,2026-08-04,2026-08-22,487,2026-08-23,True,"480,000",False,فيلا
6415911,https://sa.aqar.fm/فلل-للبيع/الرياض/جنوب-الرياض/حي-طيبة/حي-طيبة-مدينة-الرياض-منطقة-الرياض-6415911,"فيلا للبيع في حي طيبة, مدينة الرياض, منطقة الرياض",720000,234,6,1,0,0,حي طيبة,الرياض,جنوب الرياض,"🌐
    رقم العرض : 340 .
  
نوع العقار : تاون هاوس 3 ادوار.
موقع العقار : حي طيبة.
المساحه : 281م.
عمر العقار :جديد . 

الشوارع :
شرقي : 15م .



التفاصيل 👇

يتكون من : 
3 غرف وحدة منهم ماستر + مطبخ + صاله +مجلس +مقلط +مدخل سيارة +حوش+ سطح.


اللوكيشن👇
يرسل بتنسيق مع المشتري 


السعر : 720,000﷼.

 التواص على الرقم : ((رقم المعلن يظهر عند التواصل)) .

الي عنده عقار يبينا نعرضه يتواصل معي على نفس الرقم نسوق في جميع أنحاء منطقة الرياض 
 
على المشتري أو وكيله المعاينة والفحص في الموقع.",24.541467,46.808116,,,ناصر علي بن محمدابراهيم التميمي,مكتب انجاز العصر للخدمات العقارية,1,2025-10-08,2025-10-08,2026-08-22,1011,2026-08-23,True,"720,000",False,فيلا
6777404,https://sa.aqar.fm/فلل-للبيع/الرياض/جنوب-الرياض/حي-طيبة/حي-طيبة-مدينة-الرياض-منطقة-الرياض-6777404,"فيلا للبيع في حي طيبة, مدينة الرياض, منطقة الرياض",520000,159,3,0,0,0,حي طيبة,الرياض,جنوب الرياض,"🏡 شقق الدبلكيسة تمليك فاخرة للبيع | حي طيبه الرياض 

امتلك شقتك الآن في موقع مميز، بتصاميم عصرية وتشطيبات عالية الجودة، مع ضمانات شاملة تمنحك راحة البال.

✨ تفاصيل الشقق:
🔹 3 غرف نوم
🔹 مجلس
🔹 صالة واسعة
🔹 مطبخ

‎🔹 3 دورات مياه
🔹 غرفة غسيل
🔹 بعض الوحدات تحتوي على غرفة خادمة أو سطح خاص

📐 المساحات:
▪️ من 120 م² إلى 160 م²
▪️ سطح وكراج 

💰 الأسعار:
ابتداءً من 380,000 ريال
حتى 520,000ريال

⭐ المميزات:
✅ مدخل مستقل
✅ واجهات أمامية وخلفية وزوايا
✅ جميع الأدوار متوفرة
✅ موقع حيوي قريب من المدارس والخدمات

🛠️ الضمانات:
✔️ تأمين العيوب الخفية (الهيكل الإنشائي) لمدة 10 سنوات
✔️ ضمان العزل المائي والحراري حتى 10 سنوات
✔️ ضمان السباكة حتى 50 سنة
✔️ ضمان الكهرباء:

* القواطع والبريكرات: 25 سنة
* الأفياش والمفاتيح: 25 سنة
* الإضاءة: 2–3 سنوات
* المراوح: 6 سنوات

🏗️ جودة التنفيذ:
✔️ إشراف هندسي معتمد
✔️ فحص فني من جهات مختصة
✔️ مواد بناء وتشطيبات عالية الجودة
✔️ تنفيذ مطابق لكود البناء السعودي

🌟 مزايا إضافية:
✔️ تصاميم عصرية
✔️ تشطيبات راقية
✔️ جاهزة للسكن
✔️ مناسبة للسكن والاستثمار
من دون سعى 
📞 للحجز والاستفسار:
((الرقم يظهر عند الضغط على اتصال))",24.549877,46.810536,https://images.aqar.fm/webp/750x0/props/052882559_1784222900172.jpg | https://images.aqar.fm/webp/750x0/props/052882558_1784222900074.jpg | https://images.aqar.fm/webp/750x0/props/052882555_1784222900075.jpg | https://images.aqar.fm/webp/750x0/props/052882558_1784222900073.jpg | https://images.aqar.fm/webp/750x0/props/052882558_1784222900085.jpg | https://images.aqar.fm/webp/750x0/props/052882557_1784222900087.jpg | https://images.aqar.fm/webp/750x0/props/052882553_1784222900156.jpg | https://images.aqar.fm/webp/750x0/props/052882557_1784222900086.jpg,8,مريم بنت يحي بن عايض الاحمري,,0,2026-07-16,2026-08-15,2026-08-23,153,2026-08-23,True,"520,000",False,فيلا
6753861,https://sa.aqar.fm/فلل-للبيع/الرياض/جنوب-الرياض/حي-طيبة/شارع-29-طيبة-حي-طيبة-مدينة-الرياض-منطقة-الرياض-6753861,"فيلا للبيع في شارع 29 طيبة, حي طيبة, مدينة الرياض, منطقة الرياض",1000000,239,3,5,2,0,حي طيبة,الرياض,جنوب الرياض,🏡 للبيع منزل بتصميم عملي ومساحات واسعة الدور الأرضي: مجلس + مقلط + دورة مياه بمدخل خاص | صالة + غرفة + دورة مياه + مطبخ. الدور الأول: 4غرف + صالة +3دورات مياه (منها غرفتان رئيسيتان ماستر) + سطح + حوش + مدخل سيارة خاص. ✨ تصميم مميز، توزيع عملي، وخصوصية عالية تناسب العائلات.,24.553534,46.810372,https://images.aqar.fm/webp/750x0/props/042103511_1782823432585.jpg | https://images.aqar.fm/webp/750x0/props/042103511_1782823437722.jpg | https://images.aqar.fm/webp/750x0/props/042103517_1782823442883.jpg | https://images.aqar.fm/webp/750x0/props/042103514_1782823455019.jpg | https://images.aqar.fm/webp/750x0/props/042103519_1782823465379.jpg | https://images.aqar.fm/webp/750x0/props/042103510_1782823473456.jpg | https://images.aqar.fm/webp/750x0/props/042103511_1782823478087.jpg | https://images.aqar.fm/webp/750x0/props/042103519_1782823482096.jpg | https://images.aqar.fm/webp/750x0/props/042103518_1782823487570.jpg | https://images.aqar.fm/webp/750x0/props/042103513_1782823491092.jpg | https://images.aqar.fm/webp/750x0/props/042103518_1782823496799.jpg | https://images.aqar.fm/webp/750x0/props/042103519_1782823500861.jpg | https://images.aqar.fm/webp/750x0/props/042103517_1782823505507.jpg | https://images.aqar.fm/webp/750x0/props/042103510_1782823510637.jpg | https://images.aqar.fm/webp/750x0/props/042103513_1782823515268.jpg | https://images.aqar.fm/webp/750x0/props/042103514_1782823520860.jpg | https://images.aqar.fm/webp/750x0/props/042103516_1782823525988.jpg | https://images.aqar.fm/webp/750x0/props/042103511_1782823529899.jpg | https://images.aqar.fm/webp/750x0/props/042103512_1782823535704.jpg,19,عبدالله السبيعي,شركة سماية العقارية,1,2026-06-30,2026-07-29,2026-08-08,410,2026-08-23,True,"1,000,000",False,فيلا
6517594,https://sa.aqar.fm/فلل-للبيع/الرياض/جنوب-الرياض/حي-طيبة/شارع-جراب-حي-طيبة-مدينة-الرياض-منطقة-الرياض-6517594,"فيلا للبيع في شارع جراب, حي طيبة, مدينة الرياض, منطقة الرياض",680000,233,6,2,0,0,حي طيبة,الرياض,جنوب الرياض,"للتواصل ((رقم المعلن يظهر عند التواصل))

فيلا للبيع
فيلا للبيع
فيلا للبيع
فيلا للبيع
فيلا للبيع",24.562109,46.820292,https://images.aqar.fm/webp/750x0/props/042914507_1766523067626.jpg | https://images.aqar.fm/webp/750x0/props/042914504_1766523091116.jpg | https://images.aqar.fm/webp/750x0/props/042914507_1766523091128.jpg | https://images.aqar.fm/webp/750x0/props/042914504_1766523091184.jpg | https://images.aqar.fm/webp/750x0/props/042914501_1766523091134.jpg | https://images.aqar.fm/webp/750x0/props/042914507_1766523091162.jpg | https://images.aqar.fm/webp/750x0/props/042914507_1766523091195.jpg | https://images.aqar.fm/webp/750x0/props/042914508_1766523091241.jpg | https://images.aqar.fm/webp/750x0/props/042914509_1766523091250.jpg | https://images.aqar.fm/webp/750x0/props/042914509_1766523142392.jpg | https://images.aqar.fm/webp/750x0/props/042914500_1766523142399.jpg | https://images.aqar.fm/webp/750x0/props/042914500_1766523142409.jpg | https://images.aqar.fm/webp/750x0/props/042914507_1766523142430.jpg | https://images.aqar.fm/webp/750x0/props/042914503_1766523142524.jpg | https://images.aqar.fm/webp/750x0/props/042914506_1766523142501.jpg,15,ماجد البقمي,,0,2025-12-23,2025-12-23,2026-08-18,1387,2026-08-23,True,"680,000",False,فيلا
6805753,https://sa.aqar.fm/فلل-للبيع/الرياض/جنوب-الرياض/حي-طيبة/شارع-الخوارزمي-حي-طيبة-مدينة-الرياض-منطقة-الرياض-6805753,"فيلا للبيع في شارع الخوارزمي, حي طيبة, مدينة الرياض, منطقة الرياض",1600000,330,7,,,0,حي طيبة,الرياض,جنوب الرياض,"​🏡 فرصة عقارية مميزة | فيلا فاخرة للبيع (من المالك مباشرة) 💎
✨ مؤسسة إنماء الضواحي للخدمات العقارية وإدارة الأملاك ✨
​فرصة استثمارية وسكنية راقية لراغبي المساحات الواسعة والتصميم المتكامل! 🌟
​📍 مواصفات الفيلا:
تتكون من 3 أدوار + سطح واسع وتفصيلها كالتالي:
​🔹 الدور الأرضي (ضيافة واستقبال):
• مجلس رجال فخم 🛋️
• مقلط (صالة طعام) 🍽️
• صالة عائلية واسعة ☕
• مطبخ 🍳
• ملحق خارجي 🏕️
• 2 دورة مياة 🚿
​🔹 الدور الثاني (قسم النوم والراحة):
• 4 غرف نوم (منها غرفة ماستر خادمة ومستقلة) 🛏️
• صالة عائلية 🛋️
• 3 دورات مياة 🧼
​🔹 الدور الثالث (الملحق العلوي):
• غرفتين إضافية 🛏️
• صالة ☕
• دورة مياة 🚿
• سطح واسع كشتة/جلسات خارجية 🌌
​🚘 مميزات إضافية:
• حوش واسع جداً يتسع لـ 7 سيارات 🚗🚗
​💰 السعر المطلوب: 1,600,000 ريال (مليون وستمائة ألف ريال)
​📌 تنويه: السعي في ذمة من يصل للعقار عن طريق مكتبنا.
​📞 للإستفسار والتواصل:
((الرقم يظهر عند الضغط على اتصال))
​#عقارات #فيلا_للبيع #عقارات_الرياض #إنماء_الضواحي #فرصة_عقارية #فيلل_للبيع",24.558904,46.807858,https://images.aqar.fm/webp/750x0/props/041685301_1785853434264.jpg | https://images.aqar.fm/webp/750x0/props/041685307_1785853433982.jpg | https://images.aqar.fm/webp/750x0/props/041685306_1785853433964.jpg | https://images.aqar.fm/webp/750x0/props/041685301_1785853434105.jpg | https://images.aqar.fm/webp/750x0/props/041685301_1785853433971.jpg | https://images.aqar.fm/webp/750x0/props/041685309_1785853434025.jpg | https://images.aqar.fm/webp/750x0/props/041685304_1785853434221.jpg | https://images.aqar.fm/webp/750x0/props/041685306_1785853434208.jpg | https://images.aqar.fm/webp/750x0/props/041685301_1785853434335.jpg | https://images.aqar.fm/webp/750x0/props/041685306_1785853434401.jpg,10,احمد بن علي بن مبطي الزهراني,مكتب انماء الضواحي للعقارات,1,2026-08-04,2026-08-04,2026-08-23,99,2026-08-23,True,"1,600,000",False,فيلا
6796513,https://sa.aqar.fm/فلل-للبيع/الرياض/جنوب-الرياض/حي-طيبة/شارع-أبي-القاسم-بن-مكي-حي-طيبة-مدينة-الرياض-منطقة-الرياض-6796513,"فيلا للبيع في شارع أبي القاسم بن مكي, حي طيبة, مدينة الرياض, منطقة الرياض",1550000,312,6,0,0,0,حي طيبة,الرياض,جنوب الرياض,"فيلا للبيع تتكون من دور +دور+ شقه كل دور منفصل بجميع خدماته 
يتكون الدور الارضي من
مجاس  مقلط ٣ غرف نون ٤ دورات مياه حوش مدخل يباره  وصاله


الدور العلوي 
مجلس ومقلط و٣ غرف نوم و٣ دورات مياه وصاله 

الدور الثالث يتكون
من شقه ملحق 
مجاس
و٣ غرف نوم مع سطح
لمن يرغب في السكن والاستثمار
ملاحظه في حال عدم الرد التواصل وتساب",24.553478,46.7995,https://images.aqar.fm/webp/750x0/props/000387917_1785343585564.jpg | https://images.aqar.fm/webp/750x0/props/000387914_1785343605148.jpg | https://images.aqar.fm/webp/750x0/props/000387917_1785343605132.jpg | https://images.aqar.fm/webp/750x0/props/000387917_1785343605123.jpg | https://images.aqar.fm/webp/750x0/props/000387918_1785343605135.jpg | https://images.aqar.fm/webp/750x0/props/000387911_1785343605129.jpg | https://images.aqar.fm/webp/750x0/props/000387918_1785343605144.jpg | https://images.aqar.fm/webp/750x0/props/000387911_1785343605126.jpg | https://images.aqar.fm/webp/750x0/props/000387912_1785343605138.jpg | https://images.aqar.fm/webp/750x0/props/000387916_1785343626597.jpg | https://images.aqar.fm/webp/750x0/props/000387918_1785343626588.jpg | https://images.aqar.fm/webp/750x0/props/000387910_1785343626593.jpg | https://images.aqar.fm/webp/750x0/props/000387913_1785343626586.jpg | https://images.aqar.fm/webp/750x0/props/000387912_1785343626606.jpg | https://images.aqar.fm/webp/750x0/props/000387916_1785343626581.jpg | https://images.aqar.fm/webp/750x0/props/000387914_1785343626462.jpg | https://images.aqar.fm/webp/750x0/props/000387911_1785343626590.jpg | https://images.aqar.fm/webp/750x0/props/000387914_1785343641649.jpg | https://images.aqar.fm/webp/750x0/props/000387917_1785343641523.jpg | https://images.aqar.fm/webp/750x0/props/000387910_1785343641652.jpg | https://images.aqar.fm/webp/750x0/props/000387914_1785343641662.jpg | https://images.aqar.fm/webp/750x0/props/000387912_1785343641663.jpg | https://images.aqar.fm/webp/750x0/props/000387914_1785343641646.jpg,23,الأنور نويجم,مؤسسة ركن الفهد للعقارات,1,2026-07-29,2026-07-29,2026-08-21,218,2026-08-23,True,"1,550,000",False,فيلا
6612300,https://sa.aqar.fm/فلل-للبيع/الرياض/جنوب-الرياض/حي-طيبة/شارع-عبدالعزيز-الإحسائي-حي-طيبة-مدينة-الرياض-منطقة-الرياض-6612300,"فيلا للبيع في شارع عبدالعزيز الإحسائي, حي طيبة, مدينة الرياض, منطقة الرياض",580000,177,6,0,0,0,حي طيبة,الرياض,جنوب الرياض,"7100245452
7100245452
7100245452
7100245452
7100245452",24.552804,46.8238,https://images.aqar.fm/webp/750x0/props/042914509_1772583777657.jpg | https://images.aqar.fm/webp/750x0/props/042914505_1772583790335.jpg | https://images.aqar.fm/webp/750x0/props/042914507_1772583790345.jpg | https://images.aqar.fm/webp/750x0/props/042914505_1772583792312.jpg | https://images.aqar.fm/webp/750x0/props/042914503_1772583790370.jpg | https://images.aqar.fm/webp/750x0/props/042914502_1772583792332.jpg,6,ماجد البقمي,,0,2026-03-03,2026-03-03,2026-08-18,535,2026-08-23,True,"580,000",False,فيلا
6820933,https://sa.aqar.fm/فلل-للبيع/الرياض/جنوب-الرياض/حي-طيبة/شارع-حسين-بن-حمد-حي-طيبة-مدينة-الرياض-منطقة-الرياض-6820933,"فيلا للبيع في شارع حسين بن حمد, حي طيبة, مدينة الرياض, منطقة الرياض",850000,250,6,5,3,0,حي طيبة,الرياض,جنوب الرياض,"السلام عليكم ورحمة الله وبركاتة 
فيلا دوبلكس
 مساحه ٢٥٠ متر 
واجهه شماليه 
شارع ١٨ متر 
السعر ٨٥٠ الف قابل لي التفاوض

الدور الاول...
مدخل سياره وحوش ومجلس رجال بالمغاسل والحمام ومقلط وصاله مع مدخل خاص بالنساء و مطبخ مع مستودع و غرفه نوم ب دوره مياه خارجيه 
صاله مع دورة مياه و اربع غرف نوم غرفتين ماستر و غرفتين مشترك 
الدور الثاني..
غرفه نوم ب دوره مياه خارجيه و غرفه مؤسسة و سطح كبير

للتواصل والاستفسار 
((الرقم يظهر عند الضغط على اتصال))",24.549287,46.82359,https://images.aqar.fm/webp/750x0/props/044777355_1786640033929.jpg | https://images.aqar.fm/webp/750x0/props/044777350_1786640034350.jpg | https://images.aqar.fm/webp/750x0/props/044777351_1786640034576.jpg | https://images.aqar.fm/webp/750x0/props/044777353_1786640033927.jpg | https://images.aqar.fm/webp/750x0/props/044777355_1786640033661.jpg | https://images.aqar.fm/webp/750x0/props/044777354_1786640033664.jpg | https://images.aqar.fm/webp/750x0/props/044777351_1786640033722.jpg | https://images.aqar.fm/webp/750x0/props/044777350_1786640033898.jpg | https://images.aqar.fm/webp/750x0/props/044777354_1786640033894.jpg | https://images.aqar.fm/webp/750x0/props/044777357_1786640034117.jpg | https://images.aqar.fm/webp/750x0/props/044777359_1786640034148.jpg | https://images.aqar.fm/webp/750x0/props/044777358_1786640034119.jpg | https://images.aqar.fm/webp/750x0/props/044777350_1786640034175.jpg | https://images.aqar.fm/webp/750x0/props/044777353_1786640034353.jpg | https://images.aqar.fm/webp/750x0/props/044777354_1786640034371.jpg | https://images.aqar.fm/webp/750x0/props/044777357_1786640034373.jpg | https://images.aqar.fm/webp/750x0/props/044777353_1786640034558.jpg | https://images.aqar.fm/webp/750x0/props/044777358_1786640034576.jpg | https://images.aqar.fm/webp/750x0/props/044777353_1786640034581.jpg | https://images.aqar.fm/webp/750x0/props/044777351_1786640034601.jpg | https://images.aqar.fm/webp/750x0/props/044777355_1786640033929.jpg | https://images.aqar.fm/webp/750x0/props/044777350_1786640034350.jpg | https://images.aqar.fm/webp/750x0/props/044777351_1786640034576.jpg | https://images.aqar.fm/webp/750x0/props/044777353_1786640033927.jpg | https://images.aqar.fm/webp/750x0/props/044777355_1786640033661.jpg | https://images.aqar.fm/webp/750x0/props/044777354_1786640033664.jpg | https://images.aqar.fm/webp/750x0/props/044777351_1786640033722.jpg | https://images.aqar.fm/webp/750x0/props/044777350_1786640033898.jpg | https://images.aqar.fm/webp/750x0/props/044777354_1786640033894.jpg | https://images.aqar.fm/webp/750x0/props/044777357_1786640034117.jpg | https://images.aqar.fm/webp/750x0/props/044777359_1786640034148.jpg | https://images.aqar.fm/webp/750x0/props/044777358_1786640034119.jpg | https://images.aqar.fm/webp/750x0/props/044777350_1786640034175.jpg | https://images.aqar.fm/webp/750x0/props/044777353_1786640034353.jpg | https://images.aqar.fm/webp/750x0/props/044777354_1786640034371.jpg | https://images.aqar.fm/webp/750x0/props/044777357_1786640034373.jpg | https://images.aqar.fm/webp/750x0/props/044777353_1786640034558.jpg | https://images.aqar.fm/webp/750x0/props/044777358_1786640034576.jpg | https://images.aqar.fm/webp/750x0/props/044777353_1786640034581.jpg | https://images.aqar.fm/webp/750x0/props/044777351_1786640034601.jpg,40,تماني بنت عقيل بن فارس العنزي,مكتب مساكن المهلهل,1,2026-08-13,2026-08-13,2026-08-22,64,2026-08-23,True,"850,000",False,فيلا
6799274,https://sa.aqar.fm/فلل-للبيع/الرياض/جنوب-الرياض/حي-طيبة/شارع-العزيزيه-حي-طيبة-مدينة-الرياض-منطقة-الرياض-6799274,"فيلا للبيع في شارع العزيزيه, حي طيبة, مدينة الرياض, منطقة الرياض",550000,201,4,,,0,حي طيبة,الرياض,جنوب الرياض,"مشروع 9
السلام عليكم ورحمة الله وبركاته 
فرصة العمر لا تتكرر
بتدور على الاناقه في التصميم واستغلال المساحات
بتدور على توفير المال والمصداقيه في التعامل
ابشر باللي يطيب خاطرك
نقدم لكم فيلا تاون هاوس فاخره
في حي: طيبه العزيزية 
مساحة: 250م
السعر: تاون ارضى 550 الف 
علوي 500الف 
وجهه: جنوبي 
عرض الشارع : 20م
نوفر سداد المديونيات والدفعه الأولى 10٪ مجانًا وبدون أي فوائد
نختصر عليك الوقت ولذالك نتعامل َع جميع البنوك والشركات التمويليه العقاريه مع إمكانية التحويل من بنك لبنك اخر وتسهيل كل الأمور
مع عليك اللي ان نتواصل معنا واتس أو اتصال
(مشروع 9)",24.546319,46.80298,https://images.aqar.fm/webp/750x0/props/011167294_1785521987868.jpg | https://images.aqar.fm/webp/750x0/props/011167291_1785521987561.jpg | https://images.aqar.fm/webp/750x0/props/011167291_1785521987302.jpg | https://images.aqar.fm/webp/750x0/props/011167296_1785521987379.jpg | https://images.aqar.fm/webp/750x0/props/011167295_1785521987428.jpg | https://images.aqar.fm/webp/750x0/props/011167295_1785521987472.jpg | https://images.aqar.fm/webp/750x0/props/011167293_1785521987573.jpg | https://images.aqar.fm/webp/750x0/props/011167294_1785521987628.jpg | https://images.aqar.fm/webp/750x0/props/011167299_1785521987703.jpg | https://images.aqar.fm/webp/750x0/props/011167299_1785521987748.jpg | https://images.aqar.fm/webp/750x0/props/011167297_1785521987819.jpg | https://images.aqar.fm/webp/750x0/props/011167297_1785521987815.jpg | https://images.aqar.fm/webp/750x0/props/011167290_1785521960529.jpg | https://images.aqar.fm/webp/750x0/props/011167299_1785521987317.jpg | https://images.aqar.fm/webp/750x0/props/011167291_1785521987918.jpg,15,جبر لافي عوض العتيبي,مؤسسة أوائل الرياض العقارية,1,2026-07-31,2026-07-31,2026-08-23,88,2026-08-23,True,"550,000",False,فيلا
6783812,https://sa.aqar.fm/فلل-للبيع/الرياض/جنوب-الرياض/حي-طيبة/شارع-قيس-بن-ثعلبة-حي-طيبة-مدينة-الرياض-منطقة-الرياض-6783812,"فيلا للبيع في شارع قيس بن ثعلبة, حي طيبة, مدينة الرياض, منطقة الرياض",850000,244,4,0,0,5,حي طيبة,الرياض,جنوب الرياض,"للبيع فيلا حي طيبة 
مساحة 244
الشارع 15 شرقي 
عمرها 5 سنوات 
نظام درج صالة
دور اول 4 غرف نوم
السعر 850 الف قابل للتفاوض 
للتواصل ((الرقم يظهر عند الضغط على اتصال))
للتواصل ((الرقم يظهر عند الضغط على اتصال))",24.555446,46.814866,https://images.aqar.fm/webp/750x0/props/051393695_1784636546971.jpg | https://images.aqar.fm/webp/750x0/props/051393697_1784636546939.jpg | https://images.aqar.fm/webp/750x0/props/051393690_1784636546952.jpg | https://images.aqar.fm/webp/750x0/props/051393699_1784636546951.jpg | https://images.aqar.fm/webp/750x0/props/051393696_1784636546942.jpg | https://images.aqar.fm/webp/750x0/props/051393696_1784636546945.jpg | https://images.aqar.fm/webp/750x0/props/051393694_1784636546950.jpg | https://images.aqar.fm/webp/750x0/props/051393693_1784636546953.jpg,8,سلطان بن عبدالملك بن احمد السنان,,,2026-07-21,2026-07-21,2026-07-23,0,2026-08-23,True,"850,000",False,فيلا
6644146,https://sa.aqar.fm/فلل-للبيع/الرياض/جنوب-الرياض/حي-طيبة/شارع-محمد-كامل-القصاب-حي-طيبة-مدينة-الرياض-منطقة-الرياض-6644146,"فيلا للبيع في شارع محمد كامل القصاب, حي طيبة, مدينة الرياض, منطقة الرياض",850000,277,7,0,0,0,حي طيبة,الرياض,جنوب الرياض,"🏡 فرصتك للسكن والاستثمار في آنٍ واحد!

نقدم لك نموذج تاون فيلا بتصميم عصري يجمع بين خصوصية التاون هاوس وميزة الشقة المستقلة 💎
 
✨ تفاصيل الدور الرئيسي:

مجلس واسع بتصميم أنيق لاستقبال ضيوفك براحة وفخامة

صالة طعام مستقلة

مطبخ عملي بمساحة مثالية

صالة جلوس عائلية واسعة ومضيئة

درج داخلي مريح بتصميم مدروس


🛏️ المساحات الخاصة:

غرفتين نوم ماستر بحمامات خاصة

غرفتين نوم إضافية

4 دورات مياه بتوزيع مثالي يخدم جميع أفراد الأسرة


🏢 ميزة إضافية رائعة:
شقة مستقلة بالكامل ✨
مثالية للاستثمار وتحقيق دخل إضافي أو لسكن أحد أفراد العائلة مع الحفاظ على الخصوصية التامة.

🌅 واجهة شرقية تمنحك إضاءة طبيعية جميلة صباح كل يوم.

🚗 مزايا خارجية متكاملة:

موقف خاص خارجي

كراج سيارة

حديقة خلفية للاستجمام

أحواش جانبية تزيد من المساحة والخصوصية

خزانات مستقلة


💫 منزل يجمع بين الرحابة، الخصوصية، وفرصة استثمار ذكية… كل ذلك في تصميم عملي يلبي احتياجات الأسرة العصرية.

للتفاصيل والحجز تواصل الآن 📞",24.544016,46.807812,https://images.aqar.fm/webp/750x0/props/051989554_1775494818240.jpg | https://images.aqar.fm/webp/750x0/props/051989551_1775494841036.jpg | https://images.aqar.fm/webp/750x0/props/051989550_1775494864586.jpg | https://images.aqar.fm/webp/750x0/props/051989558_1775494878703.jpg | https://images.aqar.fm/webp/750x0/props/051989553_1775494901734.jpg | https://images.aqar.fm/webp/750x0/props/051989555_1775494923265.jpg | https://images.aqar.fm/webp/750x0/props/051989551_1775494940598.jpg,7,عبدالله المطيري,مؤسسة مساكن الماس للتطوير العقاري,1,2026-04-06,2026-08-01,2026-08-18,2636,2026-08-23,True,"850,000",False,فيلا
6584926,https://sa.aqar.fm/فلل-للبيع/الرياض/جنوب-الرياض/حي-طيبة/شارع-طيبه-حي-طيبة-مدينة-الرياض-منطقة-الرياض-6584926,"فيلا للبيع في شارع طيبه, حي طيبة, مدينة الرياض, منطقة الرياض",595000,167,5,,,0,حي طيبة,الرياض,جنوب الرياض,"للبيع تاون هاوس علوى بحى طيبة 
تشطيب فاخر وموقع ممتاز 
المساحه 250 متر 
السعر 595 الف 
كما يوجد لدينا شقق مساحه كبيره وسعر مناسب
للتواصل ابو عدي ((رقم المعلن يظهر عند التواصل))",24.549855,46.831795,https://images.aqar.fm/webp/750x0/props/050269001_1770743157620.jpg,1,جابر ال فهاد,شركة ركائز الروعة,1,2026-02-10,2026-08-04,2026-08-23,884,2026-08-23,True,"595,000",False,فيلا
6754797,https://sa.aqar.fm/فلل-للبيع/الرياض/جنوب-الرياض/حي-طيبة/شارع-العزيزيه-حي-طيبة-مدينة-الرياض-منطقة-الرياض-6754797,"فيلا للبيع في شارع العزيزيه, حي طيبة, مدينة الرياض, منطقة الرياض",500000,201,4,3,2,0,حي طيبة,الرياض,جنوب الرياض,"بسم الله الرحمن الرحيم 
اسعد الله اوقاتكم بكل خير
💫تفاصيل العقار 
▫️حي طيبه قريب لجميع الخدمات المدارس وحدائق ومراكز تسويق 
▫️نوع العقار 
للبيع تاون هاوس علوي ٥٠٠ الف 
للبيع تاون هاوس ارضي ٦٠٠ الف ثلاث اداور
▫️مساحه العقار ٢٨٠م
▫️وصف العقار
تاون هاوس علوي مدخل سياره مجلس رجال مقلط صاله مطبخ ٣غرف نوم منهم غرفه ماستر 
💫 نقدم لك عقار بتصميم عصري وتشطيبات فاخرة، جاهز للسكن الفوري أو الاستثمار الناجح يلبي احتياجات العائله.
💫مشاريع بمختلف الاسعار المميزه والمساحات المتنوعه 
💫نتعامل مع جميع البنوك والشركات الخاصة 
💫نوفر اعلي تمويل متاح بأقل هامش ربح وتوحيد الاقساط 
نوفر سداد المديونيات وتوفير الدفعه الاولي مجاناااااا بدون فوائد 
💫لدينا حلول تمويليه سهله وميسره للمدنيين والعسكريين والمتقاعدين .
💫امكانيه تحويل من بنك لاخر 
💫انهاء الاجراءت البنكيه في أسرع وقت ممكن
💫 يتوافر جميع الضمانات من كهرباء وسباكه وعوازل وغيرها من ضمانات وتأمين شامل علي المبني علي الكود السعودي الجديد 
تواصل معنا واتساب او اتصال
مشروع (( 7 ))",24.548567,46.804567,https://images.aqar.fm/webp/750x0/props/011167298_1782878379298.jpg | https://images.aqar.fm/webp/750x0/props/011167290_1782878379515.jpg | https://images.aqar.fm/webp/750x0/props/011167299_1782878379351.jpg | https://images.aqar.fm/webp/750x0/props/011167293_1782878379539.jpg | https://images.aqar.fm/webp/750x0/props/011167292_1782878379575.jpg | https://images.aqar.fm/webp/750x0/props/011167293_1782878379641.jpg | https://images.aqar.fm/webp/750x0/props/011167291_1782878379696.jpg | https://images.aqar.fm/webp/750x0/props/011167298_1782878379481.jpg | https://images.aqar.fm/webp/750x0/props/011167299_1782878379441.jpg | https://images.aqar.fm/webp/750x0/props/011167297_1782878379285.jpg | https://images.aqar.fm/webp/750x0/props/011167295_1782878379247.jpg | https://images.aqar.fm/webp/750x0/props/011167293_1782878379337.jpg | https://images.aqar.fm/webp/750x0/props/011167298_1782878379298.jpg | https://images.aqar.fm/webp/750x0/props/011167290_1782878379515.jpg | https://images.aqar.fm/webp/750x0/props/011167299_1782878379351.jpg | https://images.aqar.fm/webp/750x0/props/011167293_1782878379539.jpg | https://images.aqar.fm/webp/750x0/props/011167292_1782878379575.jpg | https://images.aqar.fm/webp/750x0/props/011167293_1782878379641.jpg | https://images.aqar.fm/webp/750x0/props/011167291_1782878379696.jpg | https://images.aqar.fm/webp/750x0/props/011167298_1782878379481.jpg | https://images.aqar.fm/webp/750x0/props/011167299_1782878379441.jpg | https://images.aqar.fm/webp/750x0/props/011167297_1782878379285.jpg | https://images.aqar.fm/webp/750x0/props/011167295_1782878379247.jpg | https://images.aqar.fm/webp/750x0/props/011167293_1782878379337.jpg,24,جبر لافي عوض العتيبي,مؤسسة أوائل الرياض العقارية,1,2026-07-01,2026-07-30,2026-08-22,509,2026-08-23,True,"500,000",False,فيلا
6517599,https://sa.aqar.fm/فلل-للبيع/الرياض/جنوب-الرياض/حي-طيبة/شارع-عبدالعزيز-الإحسائي-حي-طيبة-مدينة-الرياض-منطقة-الرياض-6517599,"فيلا للبيع في شارع عبدالعزيز الإحسائي, حي طيبة, مدينة الرياض, منطقة الرياض",580000,177,6,2,0,0,حي طيبة,الرياض,جنوب الرياض,"للتواصل ((رقم المعلن يظهر عند التواصل))

فيلا للبيع
فيلا للبيع
فيلا للبيع
فيلا للبيع
فيلا للبيع
فيلا للبيع",24.552804,46.8238,https://images.aqar.fm/webp/750x0/props/042914501_1766540933121.jpg | https://images.aqar.fm/webp/750x0/props/042914507_1766540949853.jpg | https://images.aqar.fm/webp/750x0/props/042914503_1766540949865.jpg | https://images.aqar.fm/webp/750x0/props/042914506_1766540949899.jpg | https://images.aqar.fm/webp/750x0/props/042914504_1766540950001.jpg | https://images.aqar.fm/webp/750x0/props/042914504_1766540949967.jpg | https://images.aqar.fm/webp/750x0/props/042914506_1766540950053.jpg | https://images.aqar.fm/webp/750x0/props/042914501_1766540950028.jpg | https://images.aqar.fm/webp/750x0/props/042914507_1766540950063.jpg,9,ماجد البقمي,,0,2025-12-23,2025-12-23,2026-08-18,812,2026-08-23,True,"580,000",False,فيلا
6769530,https://sa.aqar.fm/فلل-للبيع/الرياض/جنوب-الرياض/حي-طيبة/شارع-المغاوير-حي-طيبة-مدينة-الرياض-منطقة-الرياض-6769530,"فيلا للبيع في شارع المغاوير, حي طيبة, مدينة الرياض, منطقة الرياض",380000,174,4,0,0,0,حي طيبة,الرياض,جنوب الرياض,"🏡 للبيع ادور سكنية في حي طيبة – جنوب الرياض

فرصة تملك مميزة في حي طيبة جنوب الرياض بتشطيبات فاخرة وتصاميم عصرية، مع خيارات متعددة تناسب جميع الاحتياجات والميزانيات.

🏠 الخيارات المتوفرة:

🔹 120م²

💰 380,000 ريال

* 3 غرف نوم
* مجلس
* صالة
* مطبخ
* 3 دورات مياه
* غرفة خادمة
* سطح خاص

🔹 150م²

💰 480,000 ريال

* 3 غرف نوم
* مجلس
* صالة
* مطبخ
* 3 دورات مياه
* غرفة خادمة
* غرفة غسيل

🔹 160م²

💰 520,000 ريال

* 3 غرف نوم
* مجلس
* صالة
* مطبخ
* 3 دورات مياه
* غرفة خادمة
* غرفة غسيل
* حوش خاص

🔹 200م²

💰 ابتداءً من 600,000 ريال

* 3 غرف نوم
* مجلس
* صالة
* مطبخ
* 3 دورات مياه
* غرفة خادمة
* غرفة غسيل
* حوش خاص

⭐ كما يتوفر نموذج مميز بمساحة 200م² بسعر 650,000 ريال.

⸻

✨ مميزات المشروع

✅ تشطيبات فاخرة وعصرية.
✅ تصميم عملي يناسب العائلات.
✅ مساحات وأسعار متنوعة.
✅ موقع مميز في حي طيبة جنوب الرياض.
✅ جاهزة للسكن والإفراغ الفوري.

⸻

🛡️ ضمانات تمنحك راحة البال

✔️ تنفيذ وفق الكود السعودي الجديد.
✔️ إشراف هندسي معتمد.
✔️ جميع الضمانات النظامية.
✔️ تأمين لمدة 10 سنوات ضد العيوب الخفية من التعاونية.

⸻

💳 خيارات شراء مرنة

✔️ يقبل الدعم السكني.
✔️ التمويل البنكي.
✔️ الدفع النقدي.
✔️ مناسب لجميع الجهات والقطاعات.

⸻

📍 لا تدفع أي عمولة… تعامل مباشر مع وكيل المشروع.

📞 للتواصل وحجز موعد المعاينة:
((الرقم يظهر عند الضغط على اتصال))

⏳ سارع بالحجز، فالعدد محدود والأسعار الحالية فرصة لا تُعوّض.",24.559058,46.83149,https://images.aqar.fm/webp/750x0/props/012418541_1783802263935.jpg,1,سلطان محمد احمد اليامي,,,2026-07-11,2026-08-10,2026-08-23,454,2026-08-23,True,"380,000",False,فيلا
6748345,https://sa.aqar.fm/فلل-للبيع/الرياض/جنوب-الرياض/حي-طيبة/شارع-رشاد-حي-طيبة-مدينة-الرياض-منطقة-الرياض-6748345,"فيلا للبيع في شارع رشاد, حي طيبة, مدينة الرياض, منطقة الرياض",500000,270,4,4,2,0,حي طيبة,الرياض,جنوب الرياض,"🟥⬛️🟦🟧🟩🟪🟫🟨🟥🟦🟧🟩 السلام عليكم ورحمة الله وبركاته. اسعد الله اوقاتكم بكل خير عملائنا الكرام ٠ 
فرصه العمر لن تتكرر 🎊🎉
 بتدوور علي الأناقة في التصميم واستغلال المساحات 💯
 بتدور على توفير المال والمصداقية في التعامل
 ابشر باللي يطيب خاطرك 💯
 نقدم لكم تاون هاوس فاخره: 
في حي  : طيبة 
 مساحة  : 270م 
 السعر    : 500 ألف للعلوي 
والارضي 580000
 واجهة    : شرقيه 
 الشارع  : 20 م 
 تشطيب سوبر سوبر لوكس
 نوفر تسديد المديونيات والدفعه الاولي 10% مجاناااااااا وبدون أي فوائد 👍👍
 نختصر عليك الوقت ولذلك نتعامل مع جميع البنوك والشركات التمويليه العقاريه مع إمكانية التحويل من بنك الي بنك اخر وتسهيل كل الامور 👍
 من الاخر هات فرشك واحنا نسلمك المفتاح👍
 مش عليك إلا ان تتواصل معنا واتس اب او اتصال. مشروع (( 6 ))",24.549335,46.829792,https://images.aqar.fm/webp/750x0/props/011167293_1786582824799.jpg,1,جبر لافي عوض العتيبي,مؤسسة أوائل الرياض العقارية,1,2026-06-25,2026-07-25,2026-08-23,875,2026-08-23,True,"500,000",False,فيلا
6749307,https://sa.aqar.fm/فلل-للبيع/الرياض/جنوب-الرياض/حي-طيبة/شارع-ابن-نعيم-حي-طيبة-مدينة-الرياض-منطقة-الرياض-6749307,"فيلا للبيع في شارع ابن نعيم, حي طيبة, مدينة الرياض, منطقة الرياض",550000,200,4,4,1,0,حي طيبة,الرياض,جنوب الرياض,"مشروع ١٠

فرصة مميزة - تاون هاوس ارضي للبيع بحي طيبه

📍 مساحة 250م | واجهة شرقية | شارع 20م
💰 السعر: 550 ألف ريال فقط

✨ مميزات العقار:
الدور الأرضي :
✔ مدخل سيارة
✔ مجلس رجال
✔ مقلط
✔ صاله
✔ مطبخ
✔ 2 غرفة نوم 

الدور الاول :
✔ 2 غرفة نوم منهم واحدة ماستر 
✔دورة مياة 

موقع مميز وتصميم عملي مناسب للسكن العائلي.",24.554038,46.813653,https://images.aqar.fm/webp/750x0/props/011167295_1782519241576.jpg | https://images.aqar.fm/webp/750x0/props/011167297_1782519241470.jpg | https://images.aqar.fm/webp/750x0/props/011167290_1782519241887.jpg | https://images.aqar.fm/webp/750x0/props/011167297_1782519240821.jpg | https://images.aqar.fm/webp/750x0/props/011167292_1782519240821.jpg | https://images.aqar.fm/webp/750x0/props/011167297_1782519240819.jpg | https://images.aqar.fm/webp/750x0/props/011167297_1782519240820.jpg | https://images.aqar.fm/webp/750x0/props/011167292_1782519240820.jpg | https://images.aqar.fm/webp/750x0/props/011167294_1782519241061.jpg | https://images.aqar.fm/webp/750x0/props/011167290_1782519241070.jpg | https://images.aqar.fm/webp/750x0/props/011167293_1782519241086.jpg | https://images.aqar.fm/webp/750x0/props/011167296_1782519241092.jpg | https://images.aqar.fm/webp/750x0/props/011167298_1782519241231.jpg | https://images.aqar.fm/webp/750x0/props/011167297_1782519241466.jpg | https://images.aqar.fm/webp/750x0/props/011167298_1782519241566.jpg | https://images.aqar.fm/webp/750x0/props/011167291_1782519241669.jpg | https://images.aqar.fm/webp/750x0/props/011167295_1782519241707.jpg | https://images.aqar.fm/webp/750x0/props/011167293_1782519241785.jpg,18,جبر لافي عوض العتيبي,مؤسسة أوائل الرياض العقارية,1,2026-06-27,2026-07-26,2026-08-21,352,2026-08-23,True,"550,000",False,فيلا
6490803,https://sa.aqar.fm/فلل-للبيع/الرياض/جنوب-الرياض/حي-طيبة/شارع-الرفاع-حي-طيبة-مدينة-الرياض-منطقة-الرياض-6490803,"فيلا للبيع في شارع الرفاع, حي طيبة, مدينة الرياض, منطقة الرياض",550000,163,5,4,1,0,حي طيبة,الرياض,جنوب الرياض,"فيلا تاون هاوس للبيع 
حي طيبة
مساحه ٢٥٠ متر 
السعر 645 الف الارضي
السعر 595 الف العلوي 


فيلا تاون هاوس نظام دورين 
مدخلين رجال ونساء 
مدخل سياره
مجلس رجال مع دور مياة 
مقلط 
مطبخ بمستودع 
مجلس نساء يفتح علي صاله 
غترفين نوم مع دور مياة 

الدور الاول
صاله صغير 
 غرف نوم ماستر 
غرف نوم مع دور مياة خارجي

قريبه من جميع الخدمات
 
ضمانات  25 سنه 
سباكه 
كهرب
عوازل 
10 سنين تأمين شامل شهادة ملاز",24.554508,46.830294,,,وضحاء الحارثي,مؤسسة نبض الديار,1,2025-12-02,2025-12-02,2026-08-23,620,2026-08-23,True,"550,000",False,فيلا
6402722,https://sa.aqar.fm/فلل-للبيع/الرياض/جنوب-الرياض/حي-طيبة/شارع-أبي-القاسم-بن-مكي-حي-طيبة-مدينة-الرياض-منطقة-الرياض-6402722,"فيلا للبيع في شارع أبي القاسم بن مكي, حي طيبة, مدينة الرياض, منطقة الرياض",870000,221,4,,,0,حي طيبة,الرياض,جنوب الرياض,"تاون هاوس دور ارضي وتاون هاوس دور علوي 
التاون هاوس الدور الارضي يتكون من 
 مجلس وصالة طعام مفتوحه على الصالة وصاله كبيره وغرفة نوم وحديقه خلفيه ومطبخ وغرفة خادمه بحمامها حمامين بالارضي ومدخل سياره 
والاول التابع له بدرج الصاله ٣ غرف نوم كل غرفه بحمام

الاول علوي 
مدخل سياره ومجلس وصاله ومطبخ ودرج صاله وتابع له بالملحق ٣ غرف نوم وصاله و٣ حمامات",24.554071,46.800683,https://images.aqar.fm/webp/750x0/props/043204360_1759140269642.jpg,1,نايف حمدان,,,2025-09-29,2025-09-29,2026-08-06,1123,2026-08-23,True,"870,000",False,فيلا
6754803,https://sa.aqar.fm/فلل-للبيع/الرياض/جنوب-الرياض/حي-طيبة/شارع-العزيزيه-حي-طيبة-مدينة-الرياض-منطقة-الرياض-6754803,"فيلا للبيع في شارع العزيزيه, حي طيبة, مدينة الرياض, منطقة الرياض",520000,206,4,3,2,0,حي طيبة,الرياض,جنوب الرياض,"بسم الله الرحمن الرحيم 
اسعد الله اوقاتكم بكل خير
💫تفاصيل العقار 
▫️حي طيبه  قريب لجميع الخدمات المدارس وحدائق ومراكز تسويق 
▫️نوع العقار 
للبيع دور ارضي ٥٢٠ الف  
للبيع دور علوي مع شقه ٦٠٠ الف
▫️مساحه العقار ٢٦٠م 
▫️وصف العقار
 مدخل سياره مجلس رجال مقلط صاله مطبخ ٣غرف نوم منهم غرفه ماستر 
💫 نقدم لك عقار بتصميم عصري وتشطيبات فاخرة، جاهز للسكن الفوري أو الاستثمار الناجح يلبي احتياجات العائله.
💫مشاريع بمختلف الاسعار المميزه والمساحات المتنوعه 
💫نتعامل مع جميع البنوك والشركات الخاصة 
💫نوفر اعلي تمويل متاح بأقل هامش ربح وتوحيد الاقساط 
نوفر سداد المديونيات وتوفير الدفعه الاولي مجاناااااا بدون فوائد 
💫لدينا حلول تمويليه سهله وميسره للمدنيين والعسكريين والمتقاعدين .
💫امكانيه تحويل من بنك لاخر 
💫انهاء الاجراءت البنكيه في أسرع وقت ممكن
💫 يتوافر جميع الضمانات من كهرباء وسباكه وعوازل وغيرها من ضمانات وتأمين شامل علي المبني علي الكود السعودي الجديد 
تواصل معنا واتساب او اتصال
مشروع (( 7 ))",24.547659,46.802858,https://images.aqar.fm/webp/750x0/props/011167297_1782880127001.jpg | https://images.aqar.fm/webp/750x0/props/011167297_1782880126730.jpg | https://images.aqar.fm/webp/750x0/props/011167293_1782880126689.jpg | https://images.aqar.fm/webp/750x0/props/011167296_1782880126768.jpg | https://images.aqar.fm/webp/750x0/props/011167290_1782880126797.jpg | https://images.aqar.fm/webp/750x0/props/011167296_1782880126807.jpg | https://images.aqar.fm/webp/750x0/props/011167292_1782880126906.jpg | https://images.aqar.fm/webp/750x0/props/011167296_1782880126930.jpg | https://images.aqar.fm/webp/750x0/props/011167293_1782880126995.jpg | https://images.aqar.fm/webp/750x0/props/011167291_1782880127041.jpg | https://images.aqar.fm/webp/750x0/props/011167297_1782880127001.jpg | https://images.aqar.fm/webp/750x0/props/011167297_1782880126730.jpg | https://images.aqar.fm/webp/750x0/props/011167293_1782880126689.jpg | https://images.aqar.fm/webp/750x0/props/011167296_1782880126768.jpg | https://images.aqar.fm/webp/750x0/props/011167290_1782880126797.jpg | https://images.aqar.fm/webp/750x0/props/011167296_1782880126807.jpg | https://images.aqar.fm/webp/750x0/props/011167292_1782880126906.jpg | https://images.aqar.fm/webp/750x0/props/011167296_1782880126930.jpg | https://images.aqar.fm/webp/750x0/props/011167293_1782880126995.jpg | https://images.aqar.fm/webp/750x0/props/011167291_1782880127041.jpg,20,جبر لافي عوض العتيبي,مؤسسة أوائل الرياض العقارية,1,2026-07-01,2026-07-30,2026-08-22,489,2026-08-23,True,"520,000",False,فيلا
6837522,https://sa.aqar.fm/فلل-للبيع/الرياض/جنوب-الرياض/حي-طيبة/شارع-الغزالة-حي-طيبة-مدينة-الرياض-منطقة-الرياض-6837522,"فيلا للبيع في شارع الغزالة, حي طيبة, مدينة الرياض, منطقة الرياض",1000000,340,5,,,5,حي طيبة,الرياض,جنوب الرياض,"فله للبيع مساحة الفله ٣٤٠ م 
دور واحد ٣غرف نوم مجلس صاله مطبخ مشب خارجي ٤ دورات مياة 
مخلين 
مؤسس شقتين للبناء 
البيع كاش فقط 
شارع ٣٠ م 
الواحهه شماليه 
نستقبل طلباتكم العقارية 
بيع شراء تاجير |",24.553736,46.806315,https://images.aqar.fm/webp/750x0/props/054926445_1787503904956.jpg,1,سلطان بن زيد بن محمد آل غنام,مؤسسة المنزل المكتمل للتطوير العقاري,1,2026-08-23,2026-08-23,2026-08-23,0,2026-08-23,True,"1,000,000",False,فيلا
6495683,https://sa.aqar.fm/فلل-للبيع/الرياض/جنوب-الرياض/حي-طيبة/شارع-رشاد-حي-طيبة-مدينة-الرياض-منطقة-الرياض-6495683,"فيلا للبيع في شارع رشاد, حي طيبة, مدينة الرياض, منطقة الرياض",595000,245,5,3,2,0,حي طيبة,الرياض,جنوب الرياض,"🔥تاون هاوس 
 
تاون هاوس علوي و أرضي 
مساحه245متر
السعر595ألف للعلوي
      الارضى 645 الف

التاون الارضي ( 645 الف)
* مدخل سياره ، حوش جانبي 
* مجلس رجال مع مغاسل ودورة مياه 
* مقلط ، مطبخ مع مستودع ، صاله كبيره 
* 2 غرفة نوم مع دورة مياه ومغاسل خارجيه 
*#درج في الصاله 
* 1 غرفة نوم ماستر رئيسيه كبيره 
* 1 غرفة نوم مع دورة مياه ومغاسل خارجيه


التاون العلوي ( 📢📢سعره595 الف)
* مدخل سياره 
* مجلس رجال مع مغاسل ودورة مياه 
* صاله كبيره مع دورة مياه ومغاسل 
* مطبخ 
*#درج في الصاله الي الدور الثاني 
* صاله كبيره 
* 1 غرفة نوم ماستر رئيسيه كبيره 
* 2 غرفة نوم مع دورة مياه ومغاسل خارجيه 
* سطح مؤسس غرفه ثاني

💥💥 نتعامل مع جميع البنوك والشركات التمويلية 
ولدينا أفضل الحلول التمويلية وسداد المديونيات وتوفير الدفعة المقدمة",24.54988,46.829802,https://images.aqar.fm/webp/750x0/props/049597565_1765053621752.jpg | https://images.aqar.fm/webp/750x0/props/049597560_1765053621582.jpg | https://images.aqar.fm/webp/750x0/props/049597564_1765053621735.jpg | https://images.aqar.fm/webp/750x0/props/049597563_1765053621648.jpg | https://images.aqar.fm/webp/750x0/props/049597566_1765053621398.jpg | https://images.aqar.fm/webp/750x0/props/049597563_1765053621495.jpg,6,وضحاء الحارثي,مؤسسة نبض الديار,1,2025-12-06,2025-12-06,2026-08-23,1365,2026-08-23,True,"595,000",False,فيلا
6743941,https://sa.aqar.fm/فلل-للبيع/الرياض/جنوب-الرياض/حي-طيبة/حي-طيبة-مدينة-الرياض-منطقة-الرياض-6743941,"فيلا للبيع في حي طيبة, مدينة الرياض, منطقة الرياض",550000,201,4,,,0,حي طيبة,الرياض,جنوب الرياض,"السلام عليكم ورحمة الله وبركاته
نقدم لكم تاون هاوس فاخره حي طيبه 250متر سعر٥٥٠الف
شارع 20متر
كود ٤",24.549673,46.831997,https://images.aqar.fm/webp/750x0/props/011167294_1782161128878.jpg,1,جبر لافي عوض العتيبي,مؤسسة أوائل الرياض العقارية,1,2026-06-22,2026-08-20,2026-08-23,482,2026-08-23,True,"550,000",False,فيلا
6769534,https://sa.aqar.fm/فلل-للبيع/الرياض/جنوب-الرياض/حي-طيبة/شارع-حسين-بن-حمد-حي-طيبة-مدينة-الرياض-منطقة-الرياض-6769534,"فيلا للبيع في شارع حسين بن حمد, حي طيبة, مدينة الرياض, منطقة الرياض",380000,203,6,0,0,0,حي طيبة,الرياض,جنوب الرياض,"🏡 للبيع ادور سكنية في حي طيبة – جنوب الرياض

فرصة تملك مميزة في حي طيبة جنوب الرياض بتشطيبات فاخرة وتصاميم عصرية، مع خيارات متعددة تناسب جميع الاحتياجات والميزانيات.

🏠 الخيارات المتوفرة:

🔹 120م²

💰 380,000 ريال

* 3 غرف نوم
* مجلس
* صالة
* مطبخ
* 3 دورات مياه
* غرفة خادمة
* سطح خاص

🔹 150م²

💰 480,000 ريال

* 3 غرف نوم
* مجلس
* صالة
* مطبخ
* 3 دورات مياه
* غرفة خادمة
* غرفة غسيل

🔹 160م²

💰 520,000 ريال

* 3 غرف نوم
* مجلس
* صالة
* مطبخ
* 3 دورات مياه
* غرفة خادمة
* غرفة غسيل
* حوش خاص

🔹 200م²

💰 ابتداءً من 600,000 ريال

* 3 غرف نوم
* مجلس
* صالة
* مطبخ
* 3 دورات مياه
* غرفة خادمة
* غرفة غسيل
* حوش خاص

⭐ كما يتوفر نموذج مميز بمساحة 200م² بسعر 650,000 ريال.

⸻

✨ مميزات المشروع

✅ تشطيبات فاخرة وعصرية.
✅ تصميم عملي يناسب العائلات.
✅ مساحات وأسعار متنوعة.
✅ موقع مميز في حي طيبة جنوب الرياض.
✅ جاهزة للسكن والإفراغ الفوري.

⸻

🛡️ ضمانات تمنحك راحة البال

✔️ تنفيذ وفق الكود السعودي الجديد.
✔️ إشراف هندسي معتمد.
✔️ جميع الضمانات النظامية.
✔️ تأمين لمدة 10 سنوات ضد العيوب الخفية من التعاونية.

⸻

💳 خيارات شراء مرنة

✔️ يقبل الدعم السكني.
✔️ التمويل البنكي.
✔️ الدفع النقدي.
✔️ مناسب لجميع الجهات والقطاعات.

⸻

📍 لا تدفع أي عمولة… تعامل مباشر مع وكيل المشروع.

📞 للتواصل وحجز موعد المعاينة:
((الرقم يظهر عند الضغط على اتصال))

⏳ سارع بالحجز، فالعدد محدود والأسعار الحالية فرصة لا تُعوّض.",24.549534,46.824015,https://images.aqar.fm/webp/750x0/props/012418543_1783802497580.jpg,1,سلطان محمد احمد اليامي,,,2026-07-11,2026-08-10,2026-08-23,543,2026-08-23,True,"380,000",False,فيلا
6817223,https://sa.aqar.fm/فلل-للبيع/الرياض/جنوب-الرياض/حي-طيبة/شارع-روضة-عشيران-حي-طيبة-مدينة-الرياض-منطقة-الرياض-6817223,"فيلا للبيع في شارع روضة عشيران, حي طيبة, مدينة الرياض, منطقة الرياض",550000,201,5,0,0,0,حي طيبة,الرياض,جنوب الرياض,"السلام عليكم ورحمة الله وبركاته 
اسعد الله اوقاتكم بكل خير 
للبيع فيلا تاون هاوس 

فلل تاون هاوس
بحي طيبه
المساحه 260 متر
السعر 550 الف
تفاصيل الفيلا من الداخل
الدور الارضي 
مدخل سياره ومجلس رجال بالمغاسل ومقلط وصاله ومطبخ معا مستودع
وغرفتين بحمام خارجي
#########
الدور العلوي
صاله و غرفه ماستر وغرفه بحمام خارجي
############
المؤسسه
بسعر 670 الف
للتواصل ((الرقم يظهر عند الضغط على اتصال))",24.549777,46.827538,https://images.aqar.fm/webp/750x0/props/051981772_1786474573776.jpg | https://images.aqar.fm/webp/750x0/props/051981774_1786474573763.jpg | https://images.aqar.fm/webp/750x0/props/051981775_1786474611709.jpg | https://images.aqar.fm/webp/750x0/props/051981772_1786474611703.jpg | https://images.aqar.fm/webp/750x0/props/051981776_1786474611714.jpg | https://images.aqar.fm/webp/750x0/props/051981778_1786474611707.jpg | https://images.aqar.fm/webp/750x0/props/051981779_1786474611723.jpg | https://images.aqar.fm/webp/750x0/props/051981779_1786474611705.jpg | https://images.aqar.fm/webp/750x0/props/051981778_1786474611715.jpg | https://images.aqar.fm/webp/750x0/props/051981777_1786474611704.jpg | https://images.aqar.fm/webp/750x0/props/051981771_1786474636391.jpg | https://images.aqar.fm/webp/750x0/props/051981777_1786474636395.jpg | https://images.aqar.fm/webp/750x0/props/051981772_1786474636399.jpg | https://images.aqar.fm/webp/750x0/props/051981772_1786474636393.jpg | https://images.aqar.fm/webp/750x0/props/051981779_1786474636392.jpg | https://images.aqar.fm/webp/750x0/props/051981773_1786474636393.jpg | https://images.aqar.fm/webp/750x0/props/051981778_1786474636393.jpg | https://images.aqar.fm/webp/750x0/props/051981776_1786474636401.jpg | https://images.aqar.fm/webp/750x0/props/051981773_1786474660687.jpg | https://images.aqar.fm/webp/750x0/props/051981772_1786474660678.jpg | https://images.aqar.fm/webp/750x0/props/051981779_1786474660677.jpg | https://images.aqar.fm/webp/750x0/props/051981779_1786474660686.jpg | https://images.aqar.fm/webp/750x0/props/051981778_1786474660668.jpg | https://images.aqar.fm/webp/750x0/props/051981773_1786474660681.jpg,24,مدى يحي ضيف الله ضائحي,مؤسسة مدى المنازل للعقارات,1,2026-08-11,2026-08-11,2026-08-11,52,2026-08-23,True,"550,000",False,فيلا
6811076,https://sa.aqar.fm/فلل-للبيع/الرياض/جنوب-الرياض/حي-طيبة/شارع-الغزاله-حي-طيبة-مدينة-الرياض-منطقة-الرياض-6811076,"فيلا للبيع في شارع الغزاله, حي طيبة, مدينة الرياض, منطقة الرياض",1050000,211,7,5,3,2,حي طيبة,الرياض,جنوب الرياض,$5c,24.550989,46.801733,https://images.aqar.fm/webp/750x0/props/005405661_1786197998081.jpg | https://images.aqar.fm/webp/750x0/props/005405663_1786198017697.jpg | https://images.aqar.fm/webp/750x0/props/005405661_1786198017835.jpg | https://images.aqar.fm/webp/750x0/props/005405664_1786198017787.jpg | https://images.aqar.fm/webp/750x0/props/005405665_1786198017796.jpg | https://images.aqar.fm/webp/750x0/props/005405662_1786198017793.jpg | https://images.aqar.fm/webp/750x0/props/005405662_1786198017816.jpg | https://images.aqar.fm/webp/750x0/props/005405665_1786198017691.jpg | https://images.aqar.fm/webp/750x0/props/005405663_1786198017823.jpg | https://images.aqar.fm/webp/750x0/props/005405662_1786198101341.jpg | https://images.aqar.fm/webp/750x0/props/005405660_1786198101246.jpg | https://images.aqar.fm/webp/750x0/props/005405665_1786198101272.jpg | https://images.aqar.fm/webp/750x0/props/005405664_1786198101281.jpg | https://images.aqar.fm/webp/750x0/props/005405661_1786198101250.jpg | https://images.aqar.fm/webp/750x0/props/005405668_1786198101246.jpg | https://images.aqar.fm/webp/750x0/props/005405666_1786198101336.jpg | https://images.aqar.fm/webp/750x0/props/005405662_1786198101295.jpg | https://images.aqar.fm/webp/750x0/props/005405662_1786198113485.jpg | https://images.aqar.fm/webp/750x0/props/005405669_1786198113350.jpg,19,مساعد محمد بن علي الزهراني,مكتب مساعد محمد بن علي الزهراني للعقارات,1,2026-08-08,2026-08-08,2026-08-23,118,2026-08-23,True,"1,050,000",False,فيلا
6754799,https://sa.aqar.fm/فلل-للبيع/الرياض/جنوب-الرياض/حي-طيبة/شارع-العزيزيه-حي-طيبة-مدينة-الرياض-منطقة-الرياض-6754799,"فيلا للبيع في شارع العزيزيه, حي طيبة, مدينة الرياض, منطقة الرياض",520000,201,4,3,2,0,حي طيبة,الرياض,جنوب الرياض,"بسم الله الرحمن الرحيم 
اسعد الله اوقاتكم بكل خير
💫تفاصيل العقار 
▫️حي طيبه قريب لجميع الخدمات المدارس وحدائق ومراكز تسويق 
▫️نوع العقار 
للبيع دور ارضي ٥٢٠ الف 
للبيع دور علوي مع ملحق  ٥٥٠ الف 
▫️مساحه العقار ٢٧٠م 
▫️وصف العقار
 مدخل سياره مجلس رجال مقلط صاله مطبخ ٣غرف نوم منهم غرفه ماستر 
💫 نقدم لك عقار بتصميم عصري وتشطيبات فاخرة، جاهز للسكن الفوري أو الاستثمار الناجح يلبي احتياجات العائله.
💫مشاريع بمختلف الاسعار المميزه والمساحات المتنوعه 
💫نتعامل مع جميع البنوك والشركات الخاصة 
💫نوفر اعلي تمويل متاح بأقل هامش ربح وتوحيد الاقساط 
نوفر سداد المديونيات وتوفير الدفعه الاولي مجاناااااا بدون فوائد 
💫لدينا حلول تمويليه سهله وميسره للمدنيين والعسكريين والمتقاعدين .
💫امكانيه تحويل من بنك لاخر 
💫انهاء الاجراءت البنكيه في أسرع وقت ممكن
💫 يتوافر جميع الضمانات من كهرباء وسباكه وعوازل وغيرها من ضمانات وتأمين شامل علي المبني علي الكود السعودي الجديد 
تواصل معنا واتساب او اتصال
مشروع (( 7 ))",24.54829,46.805102,https://images.aqar.fm/webp/750x0/props/011167298_1785579953639.jpg | https://images.aqar.fm/webp/750x0/props/011167291_1785579953639.jpg | https://images.aqar.fm/webp/750x0/props/011167293_1785579953662.jpg,3,جبر لافي عوض العتيبي,مؤسسة أوائل الرياض العقارية,1,2026-07-01,2026-07-30,2026-08-22,557,2026-08-23,True,"520,000",False,فيلا
6796785,https://sa.aqar.fm/فلل-للبيع/الرياض/جنوب-الرياض/حي-طيبة/شارع-الذهبي-حي-طيبة-مدينة-الرياض-منطقة-الرياض-6796785,"فيلا للبيع في شارع الذهبي, حي طيبة, مدينة الرياض, منطقة الرياض",1429000,394,,5,4,0,حي طيبة,الرياض,جنوب الرياض,"فله للبيع 
درج صاله وشقتين
حي طيبة القديم
جميع الخدمات موجودة 
شارعين 15/15 شمالي شرقي 
قريب المسجد والحديقة 
درج صاله تحت استقبال 
وفوق غرف نوم 
الشقق
كل شقه 3 غرف ومطبخ ودورتين مياه 

*حي مطلوب واسعار الايجارات فيه الشقق 30 الف*

البيع 
*مليون و430 الف*

*🔴السعي في ذمه من يوصل العقار من طرف مكتبنا🔴* 

https://maps.app.goo.gl/KqmAuMXv6g9kHDuW9?g_st=ic",24.553839,46.808192,https://images.aqar.fm/webp/750x0/props/005405660_1785353770106.jpg,1,مساعد محمد بن علي الزهراني,مكتب مساعد محمد بن علي الزهراني للعقارات,1,2026-07-29,2026-07-29,2026-08-18,363,2026-08-23,True,"1,429,000",False,فيلا
6500537,https://sa.aqar.fm/فلل-للبيع/الرياض/جنوب-الرياض/حي-طيبة/شارع-رشاد-حي-طيبة-مدينة-الرياض-منطقة-الرياض-6500537,"فيلا للبيع في شارع رشاد, حي طيبة, مدينة الرياض, منطقة الرياض",550000,163,5,5,1,0,حي طيبة,الرياض,جنوب الرياض,"تاون هاوس دورين للبيع 
حي طيبة

مساحه 250 متر 
السعر العلوي 595 الف 
السعر الأرضي 645 الف 

مدخل سياره 
درج 
الدور الاول مجلس رجال مع مغاسل ودوره مياه 
مجلس نساء مع مغاسل ودوره مياه 
ومطبخ 
درج داخلي 
غرفتين نوم مع دوره مياه خارجيه 
غرفه نوم ماستر 
إجمالي 3 غرف نوم 
مع سطح 

ضمانات 25 سنه 
سباكه كهرباء عوازل 
تأمين شامل علي الهيكل الانشائي والعيوب الخفيه شهاده ملاذ 10 سنوات 
خزان ارضي وعلوي مستقل 
عداد كهرب ومويه مستقل",24.54988,46.829802,https://images.aqar.fm/webp/750x0/props/049601449_1765312545128.jpg | https://images.aqar.fm/webp/750x0/props/049601442_1765312545024.jpg | https://images.aqar.fm/webp/750x0/props/049601440_1765312544347.jpg | https://images.aqar.fm/webp/750x0/props/049601445_1765312544463.jpg | https://images.aqar.fm/webp/750x0/props/049601441_1765312544635.jpg | https://images.aqar.fm/webp/750x0/props/049601447_1765312544638.jpg | https://images.aqar.fm/webp/750x0/props/049601447_1765312544765.jpg | https://images.aqar.fm/webp/750x0/props/049601444_1765312544863.jpg,8,وضحاء الحارثي,مؤسسة نبض الديار,1,2025-12-09,2025-12-09,2026-08-23,557,2026-08-23,True,"550,000",False,فيلا
6743976,https://sa.aqar.fm/فلل-للبيع/الرياض/جنوب-الرياض/حي-طيبة/شارع-الصفا-الملبد-حي-طيبة-مدينة-الرياض-منطقة-الرياض-6743976,"فيلا للبيع في شارع الصفا الملبد, حي طيبة, مدينة الرياض, منطقة الرياض",550000,250,5,4,2,0,حي طيبة,الرياض,جنوب الرياض,"🟥⬛️🟦🟧🟩🟪🟫🟨🟥🟦🟧🟩 السلام عليكم ورحمة الله وبركاته. اسعد الله اوقاتكم بكل خير عملائنا الكرام ٠ 
فرصه العمر لن تتكرر 🎊🎉
 بتدوور علي الأناقة في التصميم واستغلال المساحات 💯
 بتدور على توفير المال والمصداقية في التعامل
 ابشر باللي يطيب خاطرك 💯
 نقدم لكم تاون هاوس فاخره: 
في حي  : طيبة
 مساحة  : 250 م 
 السعر    : 550 ألف 
 واجهة    : شرقيه 
 الشارع  : 20 م 
 تشطيب سوبر سوبر لوكس
 نوفر تسديد المديونيات والدفعه الاولي 10% مجاناااااااا وبدون أي فوائد 👍👍
 نختصر عليك الوقت ولذلك نتعامل مع جميع البنوك والشركات التمويليه العقاريه مع إمكانية التحويل من بنك الي بنك اخر وتسهيل كل الامور 👍
 من الاخر هات فرشك واحنا نسلمك المفتاح👍
 مش عليك إلا ان تتواصل معنا واتس اب او اتصال. مشروع ((6 ))",24.55072,46.833,https://images.aqar.fm/webp/750x0/props/011167299_1783546223211.jpg | https://images.aqar.fm/webp/750x0/props/011167290_1782162876008.jpg | https://images.aqar.fm/webp/750x0/props/011167290_1782162874786.jpg | https://images.aqar.fm/webp/750x0/props/011167295_1782162875017.jpg | https://images.aqar.fm/webp/750x0/props/011167293_1782162875039.jpg | https://images.aqar.fm/webp/750x0/props/011167291_1782162875151.jpg | https://images.aqar.fm/webp/750x0/props/011167292_1782162875304.jpg | https://images.aqar.fm/webp/750x0/props/011167292_1782162875628.jpg | https://images.aqar.fm/webp/750x0/props/011167292_1782162875728.jpg | https://images.aqar.fm/webp/750x0/props/011167292_1782162875853.jpg | https://images.aqar.fm/webp/750x0/props/011167299_1782162876130.jpg,11,جبر لافي عوض العتيبي,مؤسسة أوائل الرياض العقارية,1,2026-06-22,2026-08-20,2026-08-23,935,2026-08-23,True,"550,000",False,فيلا
6788586,https://sa.aqar.fm/فلل-للبيع/الرياض/جنوب-الرياض/حي-طيبة/شارع-منصور-بن-محمد-بن-حمزة-حي-طيبة-مدينة-الرياض-منطقة-الرياض-6788586,"فيلا للبيع في شارع منصور بن محمد بن حمزة, حي طيبة, مدينة الرياض, منطقة الرياض",850000,181,,5,3,0,حي طيبة,الرياض,جنوب الرياض,"السلام عليكم ورحمة الله وبركاته اسعد الله أوقاتكم بكل خير للبيع 
فيلا دوبلكس مساحه ٢٥٠ متر 
وجهه شماليه 
شارع ١٨ متر 
عليها ٨٥٠ الف قابل لي التفاوض

الدور الاول...
مدخل سياره وحوش ومجلس رجال بالمغاسل والحمام ومقلط وصاله مع مدخل خاص بالنساء و مطبخ مع مستودع و غرفه نوم ب دوره مياه خارجيه 
صاله مع دورة مياه و اربع غرف نوم غرفتين ماستر و غرفتين مشترك 
الدور الثاني..
غرفه نوم ب دوره مياه خارجيه و غرفه مؤسسة و سطح كبير
الضمانات:* 
* كود سعودي 
* شهادات اشغال 
* إشراف هندسي 
* إطلاق تيار 
* *10* سنوات هيكل انشائي
* *20* سنه كهرباء 
* *50* سنه سباكه
* *ضمان* علي العوازل كامله 
* *ضمان* بوبات
* *ضمان* من الموسسه المطوره    
 علي المبنئ كامل لمدة *سنه*

كما يوجد لدينا عروض اخري ومسحات مختلفه و بأسعار مناسبه للجميع ولدينا فريق عمل متكامل علي اكمل وجه ويوجد أيضآ جميع الحلول التمويليه نتعامل مع جميع البنوك في جميع أنحاء المملكة العربية السعودية و نوفر لكم الدفعه الأولى مجانأ و بدون اي فوائد 

*للتواصل والاستفسار:* 

*ابو خالد  / ((الرقم يظهر عند الضغط على اتصال))",24.557499,46.814152,https://images.aqar.fm/webp/750x0/props/039881055_1784917524352.jpg | https://images.aqar.fm/webp/750x0/props/039881057_1784917523166.jpg | https://images.aqar.fm/webp/750x0/props/039881050_1784917522519.jpg | https://images.aqar.fm/webp/750x0/props/039881053_1784917523806.jpg | https://images.aqar.fm/webp/750x0/props/039881054_1784917521730.jpg | https://images.aqar.fm/webp/750x0/props/039881058_1784917521833.jpg | https://images.aqar.fm/webp/750x0/props/039881057_1784917521928.jpg | https://images.aqar.fm/webp/750x0/props/039881050_1784917522056.jpg | https://images.aqar.fm/webp/750x0/props/039881055_1784917522153.jpg | https://images.aqar.fm/webp/750x0/props/039881057_1784917522334.jpg | https://images.aqar.fm/webp/750x0/props/039881053_1784917522437.jpg | https://images.aqar.fm/webp/750x0/props/039881052_1784917522626.jpg | https://images.aqar.fm/webp/750x0/props/039881058_1784917522888.jpg | https://images.aqar.fm/webp/750x0/props/039881053_1784917523388.jpg | https://images.aqar.fm/webp/750x0/props/039881057_1784917523600.jpg | https://images.aqar.fm/webp/750x0/props/039881053_1784917523691.jpg | https://images.aqar.fm/webp/750x0/props/039881059_1784917523941.jpg | https://images.aqar.fm/webp/750x0/props/039881054_1784917524030.jpg | https://images.aqar.fm/webp/750x0/props/039881058_1784917524108.jpg | https://images.aqar.fm/webp/750x0/props/039881052_1784917524252.jpg | https://images.aqar.fm/webp/750x0/props/039881059_1784917524404.jpg | https://images.aqar.fm/webp/750x0/props/039881050_1784917524511.jpg | https://images.aqar.fm/webp/750x0/props/039881050_1784917524554.jpg | https://images.aqar.fm/webp/750x0/props/039881052_1784917525366.jpg | https://images.aqar.fm/webp/750x0/props/039881055_1784917525508.jpg | https://images.aqar.fm/webp/750x0/props/039881051_1784917525611.jpg | https://images.aqar.fm/webp/750x0/props/039881056_1784917525710.jpg | https://images.aqar.fm/webp/750x0/props/039881055_1784917525807.jpg,28,امنه احمد,مؤسسة امنه احمد جبران مجرشي للخدمات العقارية,1,2026-07-24,2026-07-24,2026-08-20,190,2026-08-23,True,"850,000",False,فيلا
6517596,https://sa.aqar.fm/فلل-للبيع/الرياض/جنوب-الرياض/حي-طيبة/شارع-الزلال-حي-طيبة-مدينة-الرياض-منطقة-الرياض-6517596,"فيلا للبيع في شارع الزلال, حي طيبة, مدينة الرياض, منطقة الرياض",680000,233,6,2,0,0,حي طيبة,الرياض,جنوب الرياض,"للتواصل ((رقم المعلن يظهر عند التواصل))

فيلا للــبيـع
فيلا للــبيـع
فيلا للــبيـع
فيلا للــبيـع",24.557455,46.825786,https://images.aqar.fm/webp/750x0/props/042914507_1766523221236.jpg | https://images.aqar.fm/webp/750x0/props/042914500_1766523237526.jpg | https://images.aqar.fm/webp/750x0/props/042914504_1766523237539.jpg | https://images.aqar.fm/webp/750x0/props/042914507_1766523237529.jpg | https://images.aqar.fm/webp/750x0/props/042914509_1766523237583.jpg | https://images.aqar.fm/webp/750x0/props/042914502_1766523237596.jpg | https://images.aqar.fm/webp/750x0/props/042914500_1766523237606.jpg | https://images.aqar.fm/webp/750x0/props/042914509_1766523237647.jpg | https://images.aqar.fm/webp/750x0/props/042914506_1766523237686.jpg,9,ماجد البقمي,,0,2025-12-23,2025-12-23,2026-08-18,1574,2026-08-23,True,"680,000",False,فيلا
6782145,https://sa.aqar.fm/فلل-للبيع/الرياض/جنوب-الرياض/حي-طيبة/شارع-الحافظ-بن-المعمر-حي-طيبة-مدينة-الرياض-منطقة-الرياض-6782145,"فيلا للبيع في شارع الحافظ بن المعمر, حي طيبة, مدينة الرياض, منطقة الرياض",950000,238,5,0,0,3,حي طيبة,الرياض,جنوب الرياض,"فلة للبيع بحي طيبة بأسعار تنافسية ومتناول الجميع 🤩

المساحة : 239م 
عمر العقار : 3 سنوات . 
الواجهة : 15 غربي . 

الفلة مكونة من : 

الدور الارضي : 
مدخل سيارة - ملحق - مجلس - مقلط - صالة - مجلس نساء - مطبخ - مستودع - 2 دورة مياه . 

الدور العلوي : 
صالة - ركن قهوة - 4 غرف نوم ( ثنين ماستر ) - غرفتين بينها دورة مياه . 

الدور الثاني : 
سطح خاص - غرفة عاملة بدورة مياه . 

https://maps.app.goo.gl/Hes4LyNeeXiGGkMQ7?g_st=ac

السعر : ١,٠٠٠,٠٠٠ ريال . 

للتواصل : ((الرقم يظهر عند الضغط على اتصال)) مبارك .",24.555461,46.814635,https://images.aqar.fm/webp/750x0/props/019602236_1784548272775.jpg | https://images.aqar.fm/webp/750x0/props/019602236_1784548272712.jpg | https://images.aqar.fm/webp/750x0/props/019602234_1784548272714.jpg | https://images.aqar.fm/webp/750x0/props/019602233_1784548272728.jpg | https://images.aqar.fm/webp/750x0/props/019602236_1784548272684.jpg | https://images.aqar.fm/webp/750x0/props/019602236_1784548272713.jpg | https://images.aqar.fm/webp/750x0/props/019602235_1784548272681.jpg | https://images.aqar.fm/webp/750x0/props/019602232_1784548291256.jpg | https://images.aqar.fm/webp/750x0/props/019602236_1784548291304.jpg,9,عايض سعد محمد القحطاني,مؤسسة مكتب عقود المستقبل للعقارات,1,2026-07-20,2026-08-18,2026-08-22,496,2026-08-23,True,"950,000",False,فيلا
6814783,https://sa.aqar.fm/فلل-للبيع/الرياض/جنوب-الرياض/حي-طيبة/شارع-طيب-الإسم-حي-طيبة-مدينة-الرياض-منطقة-الرياض-6814783,"فيلا للبيع في شارع طيب الإسم, حي طيبة, مدينة الرياض, منطقة الرياض",550000,201,5,5,1,0,حي طيبة,الرياض,جنوب الرياض,"فلل تاون هاوس
بحي طيبه
المساحه 260 متر
السعر 550 الف
تفاصيل الفيلا من الداخل
الدور الارضي 
مدخل سياره ومجلس رجال بالمغاسل ومقلط وصاله ومطبخ معا مستودع
وغرفتين بحمام خارجي
#########
الدور العلوي
صاله و غرفه ماستر وغرفه بحمام خارجي
############
المؤسسه
بسعر 670 الف",24.545724,46.826418,https://images.aqar.fm/webp/750x0/props/046987423_1786373718350.jpg | https://images.aqar.fm/webp/750x0/props/046987422_1786373717395.jpg | https://images.aqar.fm/webp/750x0/props/046987425_1786373717958.jpg | https://images.aqar.fm/webp/750x0/props/046987426_1786373717393.jpg | https://images.aqar.fm/webp/750x0/props/046987429_1786373717733.jpg | https://images.aqar.fm/webp/750x0/props/046987422_1786373717513.jpg | https://images.aqar.fm/webp/750x0/props/046987429_1786373717539.jpg | https://images.aqar.fm/webp/750x0/props/046987425_1786373717740.jpg | https://images.aqar.fm/webp/750x0/props/046987429_1786373717747.jpg | https://images.aqar.fm/webp/750x0/props/046987428_1786373717943.jpg | https://images.aqar.fm/webp/750x0/props/046987425_1786373717946.jpg | https://images.aqar.fm/webp/750x0/props/046987422_1786373718136.jpg | https://images.aqar.fm/webp/750x0/props/046987428_1786373718137.jpg | https://images.aqar.fm/webp/750x0/props/046987424_1786373718167.jpg | https://images.aqar.fm/webp/750x0/props/046987429_1786373718180.jpg | https://images.aqar.fm/webp/750x0/props/046987425_1786373718368.jpg | https://images.aqar.fm/webp/750x0/props/046987428_1786373718426.jpg | https://images.aqar.fm/webp/750x0/props/046987423_1786373718423.jpg | https://images.aqar.fm/webp/750x0/props/046987420_1786373718437.jpg | https://images.aqar.fm/webp/750x0/props/046987427_1786373718605.jpg | https://images.aqar.fm/webp/750x0/props/046987427_1786373718694.jpg | https://images.aqar.fm/webp/750x0/props/046987423_1786373718350.jpg | https://images.aqar.fm/webp/750x0/props/046987422_1786373717395.jpg | https://images.aqar.fm/webp/750x0/props/046987425_1786373717958.jpg | https://images.aqar.fm/webp/750x0/props/046987426_1786373717393.jpg | https://images.aqar.fm/webp/750x0/props/046987429_1786373717733.jpg | https://images.aqar.fm/webp/750x0/props/046987422_1786373717513.jpg | https://images.aqar.fm/webp/750x0/props/046987429_1786373717539.jpg | https://images.aqar.fm/webp/750x0/props/046987425_1786373717740.jpg | https://images.aqar.fm/webp/750x0/props/046987429_1786373717747.jpg | https://images.aqar.fm/webp/750x0/props/046987428_1786373717943.jpg | https://images.aqar.fm/webp/750x0/props/046987425_1786373717946.jpg | https://images.aqar.fm/webp/750x0/props/046987422_1786373718136.jpg | https://images.aqar.fm/webp/750x0/props/046987428_1786373718137.jpg | https://images.aqar.fm/webp/750x0/props/046987424_1786373718167.jpg | https://images.aqar.fm/webp/750x0/props/046987429_1786373718180.jpg | https://images.aqar.fm/webp/750x0/props/046987425_1786373718368.jpg | https://images.aqar.fm/webp/750x0/props/046987428_1786373718426.jpg | https://images.aqar.fm/webp/750x0/props/046987423_1786373718423.jpg | https://images.aqar.fm/webp/750x0/props/046987420_1786373718437.jpg | https://images.aqar.fm/webp/750x0/props/046987427_1786373718605.jpg | https://images.aqar.fm/webp/750x0/props/046987427_1786373718694.jpg,42,مدى يحي ضيف الله ضائحي,مؤسسة مدى المنازل للعقارات,1,2026-08-10,2026-08-10,2026-08-23,88,2026-08-23,True,"550,000",False,فيلا
6752052,https://sa.aqar.fm/فلل-للبيع/الرياض/جنوب-الرياض/حي-طيبة/شارع-حراضة-حي-طيبة-مدينة-الرياض-منطقة-الرياض-6752052,"فيلا للبيع في شارع حراضة, حي طيبة, مدينة الرياض, منطقة الرياض",1000000,395,6,0,0,0,حي طيبة,الرياض,جنوب الرياض,"� للبيع – ثلاث فلل مودرن في حي طيبة
فرصة مميزة لامتلاك فلل عصرية بتصميم فاخر وتشطيب راقٍ في موقع مميز بحي طيبة.

📍 الموقع: حي طيبة

🔸المواصفات

	•	واجهة شمالية شارع 15م
	•	المساحة: 250 م²
	• السعر : 1,000.000 

تفاصيل الفيلا:

🔹 الدور الأرضي:

	•	مدخل سيارة
	•	حوش 
	•	غرفة سائق
	•	مصعد راكب
	•	مجلس + مقلط
	•	صالة
	•	مطبخ
	

🔹 الدور الأول:

	•	صالة
	• 4 	غرف نوم 

🔹 الدور الثاني:

	•	صالة
	•	غرفتين نوم 
          • دورة مياه
	•	سطح
للتواصل مع المالك مباشره 

ابو تركي / ‭((الرقم يظهر عند الضغط على اتصال))‬",24.557796,46.82708,https://images.aqar.fm/webp/750x0/props/011171030_1782711345783.jpg,1,فهد بن بعيجان بن برجس العتيبي,,,2026-06-29,2026-07-28,2026-07-28,463,2026-08-23,True,"1,000,000",False,فيلا
6749209,https://sa.aqar.fm/فلل-للبيع/الرياض/جنوب-الرياض/حي-طيبة/حي-طيبة-مدينة-الرياض-منطقة-الرياض-6749209,"فيلا للبيع في حي طيبة, مدينة الرياض, منطقة الرياض",450000,206,4,4,2,0,حي طيبة,الرياض,جنوب الرياض,"مشروع 9
السلام عليكم ورحمة الله وبركاته 
فرصة العمر لا تتكرر
بتدور على الاناقه في التصميم واستغلال المساحات
بتدور على توفير المال والمصداقيه في التعامل
ابشر باللي يطيب خاطرك
نقدم لكم مشروع تاون هاوس أرضي وعلوي فاخره
في حي: طيبه العزيزية 
السعر: ارضى دور نفس الدوبلكس 550 الف 4 غرف غ المجالس 
علوي 460  الف 3 غرف نوم غير المجالس 
وجهه:جنوبي 
عرض الشارع : 20 م 
نوفر سداد المديونيات والدفعه الأولى 10٪ مجانًا وبدون أي فوائد
نختصر عليك الوقت ولذالك نتعامل َع جميع البنوك والشركات التمويليه العقاريه مع إمكانية التحويل من بنك لبنك اخر وتسهيل كل الأمور
مع عليك اللي ان نتواصل معنا واتس أو اتصال
(مشروع 9)",24.547756,46.802622,https://images.aqar.fm/webp/750x0/props/011167297_1786494847241.jpg,1,جبر لافي عوض العتيبي,مؤسسة أوائل الرياض العقارية,1,2026-06-26,2026-07-26,2026-08-23,386,2026-08-23,True,"450,000",False,فيلا
6755344,https://sa.aqar.fm/فلل-للبيع/الرياض/جنوب-الرياض/حي-طيبة/شارع-النسور-حي-طيبة-مدينة-الرياض-منطقة-الرياض-6755344,"فيلا للبيع في شارع النسور, حي طيبة, مدينة الرياض, منطقة الرياض",550000,201,4,0,0,0,حي طيبة,الرياض,جنوب الرياض,"مشروع 2
حي طيبة بالرياض
أدوار ارضي وعلوي نظام تاون هاوس 
مساحة 250م
سعر الأرضي والعلوي 550 الف
يوجد اشراف هندسي 
يوجد تامين علي العيوب الخفية من التعاونية 
يوجد ضمانات علي الأعمال",24.549146,46.831694,https://images.aqar.fm/webp/750x0/props/011167294_1782914166481.jpg | https://images.aqar.fm/webp/750x0/props/011167294_1782914204571.jpg | https://images.aqar.fm/webp/750x0/props/011167299_1782914204636.jpg | https://images.aqar.fm/webp/750x0/props/011167293_1782914204590.jpg | https://images.aqar.fm/webp/750x0/props/011167290_1782914204586.jpg | https://images.aqar.fm/webp/750x0/props/011167297_1782914204618.jpg | https://images.aqar.fm/webp/750x0/props/011167294_1782914204611.jpg | https://images.aqar.fm/webp/750x0/props/011167298_1782914204583.jpg | https://images.aqar.fm/webp/750x0/props/011167295_1782914204617.jpg,9,جبر لافي عوض العتيبي,مؤسسة أوائل الرياض العقارية,1,2026-07-01,2026-07-30,2026-08-21,369,2026-08-23,True,"550,000",False,فيلا
6517593,https://sa.aqar.fm/فلل-للبيع/الرياض/جنوب-الرياض/حي-طيبة/شارع-عبدالعزيز-الإحسائي-حي-طيبة-مدينة-الرياض-منطقة-الرياض-6517593,"فيلا للبيع في شارع عبدالعزيز الإحسائي, حي طيبة, مدينة الرياض, منطقة الرياض",580000,177,6,2,0,0,حي طيبة,الرياض,جنوب الرياض,"للتواصل ((رقم المعلن يظهر عند التواصل))

فيلا للبيع
فيلا للبيع
فيلا للبيع
فيلا للبيع
فيلا للبيع",24.552804,46.8238,https://images.aqar.fm/webp/750x0/props/042914500_1766541262813.jpg | https://images.aqar.fm/webp/750x0/props/042914504_1766541284569.jpg | https://images.aqar.fm/webp/750x0/props/042914509_1766541284622.jpg | https://images.aqar.fm/webp/750x0/props/042914504_1766541284627.jpg | https://images.aqar.fm/webp/750x0/props/042914506_1766541284626.jpg | https://images.aqar.fm/webp/750x0/props/042914507_1766541284703.jpg | https://images.aqar.fm/webp/750x0/props/042914506_1766541284701.jpg | https://images.aqar.fm/webp/750x0/props/042914509_1766541284671.jpg | https://images.aqar.fm/webp/750x0/props/042914507_1766541284760.jpg,9,ماجد البقمي,,0,2025-12-23,2025-12-23,2026-08-18,972,2026-08-23,True,"580,000",False,فيلا
6576778,https://sa.aqar.fm/فلل-للبيع/الرياض/جنوب-الرياض/حي-طيبة/شارع-المنتدى-حي-طيبة-مدينة-الرياض-منطقة-الرياض-6576778,"فيلا للبيع في شارع المنتدى, حي طيبة, مدينة الرياض, منطقة الرياض",1500000,292,4,0,0,11,حي طيبة,الرياض,جنوب الرياض,"المساحة 292.56 م
 السعر مليون و مية و خمسين الف ، 1.150.000 ريال ، قابل للتفاوض بالمعقول . 
  
مدخل سيارة  مشب حوش 
الدور الارضي 
 مدخل رجال  مجلس  ومغسلة وحمام. مقلط .
 مدخل نساء  صالة كبيرة تعتبر مجلس. دورة مياة مطبخ .
 درج . 
الدور الاول 
صالة .دورة مياة. 4 غرف نوم 
 ثنتين ماستر 
درج . 
الدور الثاني 
  الملحق  مغسلة . دورة مياة . غرفة . سطح",24.55599,46.810806,https://images.aqar.fm/webp/750x0/props/043973977_1770237081955.jpg | https://images.aqar.fm/webp/750x0/props/043973977_1770237081965.jpg | https://images.aqar.fm/webp/750x0/props/043973975_1770237081968.jpg | https://images.aqar.fm/webp/750x0/props/043973973_1770237082059.jpg | https://images.aqar.fm/webp/750x0/props/043973975_1770237082035.jpg | https://images.aqar.fm/webp/750x0/props/043973978_1770237082052.jpg | https://images.aqar.fm/webp/750x0/props/043973978_1770237082065.jpg,7,فيصل عادل زايد العتيبي,,,2026-02-04,2026-02-04,2026-04-12,46,2026-08-23,True,"1,500,000",False,فيلا
6530606,https://sa.aqar.fm/فلل-للبيع/الرياض/جنوب-الرياض/حي-طيبة/شارع-ابن-نعيم-حي-طيبة-مدينة-الرياض-منطقة-الرياض-6530606,"فيلا للبيع في شارع ابن نعيم, حي طيبة, مدينة الرياض, منطقة الرياض",595000,167,5,3,1,0,حي طيبة,الرياض,جنوب الرياض,"السلام عليكم ورحمة الله وبركاته 
لللبيع نقدا او بالتقسيط 
تاون هاوس 
حي طيبه
المساحه  ٢٥٠م
الاسعار  الارضي ٦٤٥ الف
العلوي ٥٩٥ الف
شغل عليه كافة الضمانات 
لدينا جميع العروض التي تناسب الجميع 
لدينا حلول تمويليه ميسره 
نتعامل مع جميع البنوك والشركات الخاصه 
للتواصل واتس اب 
((رقم المعلن يظهر عند التواصل))",24.554899,46.815529,https://images.aqar.fm/webp/750x0/props/020143648_1767347403579.jpg | https://images.aqar.fm/webp/750x0/props/020143648_1767347403015.jpg | https://images.aqar.fm/webp/750x0/props/020143640_1767347402722.jpg | https://images.aqar.fm/webp/750x0/props/020143643_1767347402722.jpg | https://images.aqar.fm/webp/750x0/props/020143642_1767347402747.jpg | https://images.aqar.fm/webp/750x0/props/020143643_1767347402750.jpg | https://images.aqar.fm/webp/750x0/props/020143643_1767347403016.jpg | https://images.aqar.fm/webp/750x0/props/020143640_1767347403012.jpg | https://images.aqar.fm/webp/750x0/props/020143649_1767347403010.jpg | https://images.aqar.fm/webp/750x0/props/020143648_1767347403042.jpg | https://images.aqar.fm/webp/750x0/props/020143645_1767347403405.jpg,11,عبدالعزيز سعد الحميدي السبيعي,مؤسسة مكتب عبدالعزيز سعد الحميدي السبيعي للعقارات,1,2026-01-02,2026-01-02,2026-08-18,2126,2026-08-23,True,"595,000",False,فيلا
6759983,https://sa.aqar.fm/فلل-للبيع/الرياض/جنوب-الرياض/حي-طيبة/شارع-المنذر-بن-عبدالله-حي-طيبة-مدينة-الرياض-منطقة-الرياض-6759983,"فيلا للبيع في شارع المنذر بن عبدالله, حي طيبة, مدينة الرياض, منطقة الرياض",1050000,211,4,0,0,2,حي طيبة,الرياض,جنوب الرياض,"فيلا فاخرة للبيع في جنوب الرياض حي طيبة) - 
امام مدرسة مباشرة على شارع واسع وموقف خاص الحي فيه كل الخدمات والمدارس وكل شي قريب منك
الموقع: جنوب الرياض - حي طيبة.
المساحة: 211 متر مربع.
عمر العقار: سنتين شبه جديدة.
الملحقات الإضافية تأسيس شقة علوية بمدخل خاص لم تُبنى بعد - فرصة استثمارية).
تفاصيل الفيلا:
الدور الأرضي: حوش بمدخل سيارة + مجلس مشب + مقلط +
صالتين واسعة + مطبخ + 2 دورة مياه.
الدور الأول: صالة واسعة + 4 غرف نوم منها غرفة ماستر بركن ملابس ودورة مياه خاصة + 3 غرف نوم متوسطة الحجم + دورة مياه.

الدور الثاني (السطح) : غرفة عاملة بدورة مياه + سطح واسع.

الخدمات والجاهزية

الكهرباء والمياه راكبة وشغالة.

مدعم بـ (أنتينا) لضمان تغطية إنترنت ممتازة وسريعة جداً.

الصرف الصحي جاهز للتوصيل فوراً للزبون الصامل.

تفاصيل البيع:
السعر : 1,200,000 ريال مليون ومائتين ألف طيب ريال). البيع كاش فقط العقار لا يقبل البنك).
ملاحظة :- تم تحسين اشياء كثيره في الفيلا منها ( تغيير ابواب للون الابيض، الافياش تم تغييرها بالكامل وكيلونات الابواب والحمات
اللي يخدم الصاله تم تركيب بلاط جديد",24.550307,46.801577,https://images.aqar.fm/webp/750x0/props/052007496_1783215461711.jpg | https://images.aqar.fm/webp/750x0/props/052007494_1783215461701.jpg | https://images.aqar.fm/webp/750x0/props/052007493_1783215461716.jpg | https://images.aqar.fm/webp/750x0/props/052007497_1783215461713.jpg | https://images.aqar.fm/webp/750x0/props/052007497_1783215461706.jpg | https://images.aqar.fm/webp/750x0/props/052007496_1783215461713.jpg | https://images.aqar.fm/webp/750x0/props/052007496_1783215461719.jpg | https://images.aqar.fm/webp/750x0/props/052007499_1783215461700.jpg,8,مريم الصحفي,,,2026-07-05,2026-07-05,2026-08-18,159,2026-08-23,True,"1,050,000",False,فيلا
6492701,https://sa.aqar.fm/فلل-للبيع/الرياض/جنوب-الرياض/حي-طيبة/شارع-الأمير-سعود-بن-محمد-بن-مقرن-حي-طيبة-مدينة-الرياض-منطقة-الرياض-6492701,"فيلا للبيع في شارع الأمير سعود بن محمد بن مقرن, حي طيبة, مدينة الرياض, منطقة الرياض",595000,193,5,,,0,حي طيبة,الرياض,جنوب الرياض,السلام عليكم ورحمة الله وبركاته اسعد الله أوقاتكم بكل خير اقدم لكم تاون هاوس علوي ٢٥٧ متر عليها ٥٩٥ الف وجها مختلفه الفيلا تتكون من مدخل سياره وحوش ومجلس رجال ومقلط وصاله ومطبخ و٤ غرف نوم ٢ موقع ممتاز به كافة الخدمات كما أننا نتعامل مع جميع البنوك وجميع الشركات ويوجد لدينا عروض أخرى للتواصل واتس أو اتصال,24.543956,46.830391,https://images.aqar.fm/webp/750x0/props/008564927_1764835884048.jpg | https://images.aqar.fm/webp/750x0/props/008564927_1764835883607.jpg | https://images.aqar.fm/webp/750x0/props/008564926_1764835883822.jpg | https://images.aqar.fm/webp/750x0/props/008564928_1764835883625.jpg | https://images.aqar.fm/webp/750x0/props/008564929_1764835883791.jpg | https://images.aqar.fm/webp/750x0/props/008564927_1764835883885.jpg | https://images.aqar.fm/webp/750x0/props/008564922_1764835883914.jpg | https://images.aqar.fm/webp/750x0/props/008564924_1764835884017.jpg | https://images.aqar.fm/webp/750x0/props/008564929_1764835884049.jpg | https://images.aqar.fm/webp/750x0/props/008564928_1764835884098.jpg | https://images.aqar.fm/webp/750x0/props/008564927_1764835884235.jpg | https://images.aqar.fm/webp/750x0/props/008564923_1764835884274.jpg | https://images.aqar.fm/webp/750x0/props/008564925_1764835884314.jpg | https://images.aqar.fm/webp/750x0/props/008564928_1764835884353.jpg | https://images.aqar.fm/webp/750x0/props/008564923_1764835884420.jpg,15,عهود محمد حمد الغامدي,مؤسسة دارك المشيد للخدمات العقارية,1,2025-12-04,2025-12-04,2026-08-23,1725,2026-08-23,True,"595,000",False,فيلا
6745944,https://sa.aqar.fm/فلل-للبيع/الرياض/جنوب-الرياض/حي-طيبة/شارع-العزيزيه-حي-طيبة-مدينة-الرياض-منطقة-الرياض-6745944,"فيلا للبيع في شارع العزيزيه, حي طيبة, مدينة الرياض, منطقة الرياض",480000,201,4,3,2,0,حي طيبة,الرياض,جنوب الرياض,"بسم الله الرحمن الرحيم 
اسعد الله اوقاتكم بكل خير
💫تفاصيل العقار 
▫️حي طيبه قريب لجميع الخدمات المدارس وحدائق ومراكز تسويق 
▫️نوع العقار 
​للبيع تاون هاوس علوي 
▫️مساحه العقار ٢٧٠م 
▫️وصف العقار
تاون هاوس علوي مدخل سياره مجلس رجال مقلط صاله مطبخ ٣غرف نوم منهم غرفه ماستر مع السطح
💫 نقدم لك عقار بتصميم عصري وتشطيبات فاخرة، جاهز للسكن الفوري أو الاستثمار الناجح يلبي احتياجات العائله.
💫مشاريع بمختلف الاسعار المميزه والمساحات المتنوعه 
💫نتعامل مع جميع البنوك والشركات الخاصة 
💫نوفر اعلي تمويل متاح بأقل هامش ربح وتوحيد الاقساط 
نوفر سداد المديونيات وتوفير الدفعه الاولي مجاناااااا بدون فوائد 
💫لدينا حلول تمويليه سهله وميسره للمدنيين والعسكريين والمتقاعدين .
💫امكانيه تحويل من بنك لاخر 
💫انهاء الاجراءت البنكيه في أسرع وقت ممكن
💫 يتوافر جميع الضمانات من كهرباء وسباكه وعوازل وغيرها من ضمانات وتأمين شامل علي المبني علي الكود السعودي الجديد 
تواصل معنا واتساب او اتصال
مشروع (( 7 ))",24.54667,46.803152,https://images.aqar.fm/webp/750x0/props/011167293_1785532088502.jpg | https://images.aqar.fm/webp/750x0/props/011167295_1785532088551.jpg | https://images.aqar.fm/webp/750x0/props/011167296_1785532088600.jpg | https://images.aqar.fm/webp/750x0/props/011167299_1785532088613.jpg,4,جبر لافي عوض العتيبي,مؤسسة أوائل الرياض العقارية,1,2026-06-24,2026-08-21,2026-08-22,2401,2026-08-23,True,"480,000",False,فيلا
6656570,https://sa.aqar.fm/فلل-للبيع/الرياض/جنوب-الرياض/حي-طيبة/شارع-الأمير-سعود-بن-محمد-بن-مقرن-حي-طيبة-مدينة-الرياض-منطقة-الرياض-6656570,"فيلا للبيع في شارع الأمير سعود بن محمد بن مقرن, حي طيبة, مدينة الرياض, منطقة الرياض",1500000,407,,0,0,0,حي طيبة,الرياض,جنوب الرياض,"🔵 فلة درج داخلي و شقتين 
🔴مساحة ٤٠٧ متر 

🔴زاوية على شارعين مقابل حديقه و مدرسة و خدمات الحي 
🔵الدور الارضي يتكون من مجلس رجال ومجلس نساء و مقلط وصاله و غرفة كبار سن ومطبخ و دورتين مياه

🔴الدور الاول غرفة نوم ماستر وغرفتين نوم مع دوره مياه وصاله 

🔵الملحق غرفة خادمه مع دوره مياه وصاله وسطح 
🔴الشقق تتكون من غرفتين نوم و صالة و دورتين مياة و مجلس رجال و مطبخ بالإضافة إلى سطح خاص 

🔴كامل الضمانات
🔴اشراف هندسي 
🔴تأمين على العيوب الخفية ١٠ سنوات شركة التعاونية 
🔴موقع ممتاز 
🔴السعر مليون و٤٥٠  الف ريال 🔥",24.543955,46.830389,https://images.aqar.fm/webp/750x0/props/040725163_1776271430398.jpg,1,مرضي حميد حمادى المطيرى,مؤسسة الابتكار المعماري للتطوير العقاري,1,2026-04-15,2026-08-10,2026-08-15,1295,2026-08-23,True,"1,500,000",False,فيلا
6769512,https://sa.aqar.fm/فلل-للبيع/الرياض/جنوب-الرياض/حي-طيبة/شارع-عيسى-بن-أبان-حي-طيبة-مدينة-الرياض-منطقة-الرياض-6769512,"فيلا للبيع في شارع عيسى بن أبان, حي طيبة, مدينة الرياض, منطقة الرياض",380000,166,4,0,0,0,حي طيبة,الرياض,جنوب الرياض,"🏡 للبيع ادور سكنية في حي طيبة – جنوب الرياض

فرصة تملك مميزة في حي طيبة جنوب الرياض بتشطيبات فاخرة وتصاميم عصرية، مع خيارات متعددة تناسب جميع الاحتياجات والميزانيات.

🏠 الخيارات المتوفرة:

🔹 120م²

💰 380,000 ريال

* 3 غرف نوم
* مجلس
* صالة
* مطبخ
* 3 دورات مياه
* غرفة خادمة
* سطح خاص

🔹 150م²

💰 480,000 ريال

* 3 غرف نوم
* مجلس
* صالة
* مطبخ
* 3 دورات مياه
* غرفة خادمة
* غرفة غسيل

🔹 160م²

💰 520,000 ريال

* 3 غرف نوم
* مجلس
* صالة
* مطبخ
* 3 دورات مياه
* غرفة خادمة
* غرفة غسيل
* حوش خاص

🔹 200م²

💰 ابتداءً من 600,000 ريال

* 3 غرف نوم
* مجلس
* صالة
* مطبخ
* 3 دورات مياه
* غرفة خادمة
* غرفة غسيل
* حوش خاص

⭐ كما يتوفر نموذج مميز بمساحة 200م² بسعر 650,000 ريال.

⸻

✨ مميزات المشروع

✅ تشطيبات فاخرة وعصرية.
✅ تصميم عملي يناسب العائلات.
✅ مساحات وأسعار متنوعة.
✅ موقع مميز في حي طيبة جنوب الرياض.
✅ جاهزة للسكن والإفراغ الفوري.

⸻

🛡️ ضمانات تمنحك راحة البال

✔️ تنفيذ وفق الكود السعودي الجديد.
✔️ إشراف هندسي معتمد.
✔️ جميع الضمانات النظامية.
✔️ تأمين لمدة 10 سنوات ضد العيوب الخفية من التعاونية.

⸻

💳 خيارات شراء مرنة

✔️ يقبل الدعم السكني.
✔️ التمويل البنكي.
✔️ الدفع النقدي.
✔️ مناسب لجميع الجهات والقطاعات.

⸻

📍 لا تدفع أي عمولة… تعامل مباشر مع وكيل المشروع.

📞 للتواصل وحجز موعد المعاينة:
((الرقم يظهر عند الضغط على اتصال))

⏳ سارع بالحجز، فالعدد محدود والأسعار الحالية فرصة لا تُعوّض.",24.550703,46.83169,https://images.aqar.fm/webp/750x0/props/012418540_1783801599996.jpg,1,سلطان محمد احمد اليامي,,,2026-07-11,2026-08-10,2026-08-23,215,2026-08-23,True,"380,000",False,فيلا
6748443,https://sa.aqar.fm/فلل-للبيع/الرياض/جنوب-الرياض/حي-طيبة/شارع-ابن-نعيم-حي-طيبة-مدينة-الرياض-منطقة-الرياض-6748443,"فيلا للبيع في شارع ابن نعيم, حي طيبة, مدينة الرياض, منطقة الرياض",490000,201,5,4,0,0,حي طيبة,الرياض,جنوب الرياض,"مشروع 9
السلام عليكم ورحمة الله وبركاته 
فرصة العمر لا تتكرر
بتدور على الاناقه في التصميم واستغلال المساحات
بتدور على توفير المال والمصداقيه في التعامل
ابشر باللي يطيب خاطرك
نقدم لكم فيلا تاون هاوس فاخره
في حي: طيبه العزيزية 
السعر: الأرضي ٣ أدوار 580 الف 
علوي دورين مع سطح 500 الف 
وجهه: جنوبيه 
عرض الشارع : 15م
نوفر سداد المديونيات والدفعه الأولى 10٪ مجانًا وبدون أي فوائد
نختصر عليك الوقت ولذالك نتعامل َع جميع البنوك والشركات التمويليه العقاريه مع إمكانية التحويل من بنك لبنك اخر وتسهيل كل الأمور
مع عليك اللي ان نتواصل معنا واتس أو اتصال
(مشروع 9)",24.549743,46.80461,https://images.aqar.fm/webp/750x0/props/011167292_1782432732938.jpg | https://images.aqar.fm/webp/750x0/props/011167297_1782432733006.jpg | https://images.aqar.fm/webp/750x0/props/011167294_1782432732363.jpg | https://images.aqar.fm/webp/750x0/props/011167290_1782432732699.jpg | https://images.aqar.fm/webp/750x0/props/011167292_1782432732472.jpg | https://images.aqar.fm/webp/750x0/props/011167295_1782432732565.jpg | https://images.aqar.fm/webp/750x0/props/011167297_1782432732615.jpg | https://images.aqar.fm/webp/750x0/props/011167295_1782432732830.jpg | https://images.aqar.fm/webp/750x0/props/011167297_1782432732704.jpg | https://images.aqar.fm/webp/750x0/props/011167294_1782432732720.jpg | https://images.aqar.fm/webp/750x0/props/011167299_1782432732532.jpg | https://images.aqar.fm/webp/750x0/props/011167297_1782432732859.jpg | https://images.aqar.fm/webp/750x0/props/011167293_1782432733071.jpg | https://images.aqar.fm/webp/750x0/props/011167292_1782432732938.jpg | https://images.aqar.fm/webp/750x0/props/011167297_1782432733006.jpg | https://images.aqar.fm/webp/750x0/props/011167294_1782432732363.jpg | https://images.aqar.fm/webp/750x0/props/011167290_1782432732699.jpg | https://images.aqar.fm/webp/750x0/props/011167292_1782432732472.jpg | https://images.aqar.fm/webp/750x0/props/011167295_1782432732565.jpg | https://images.aqar.fm/webp/750x0/props/011167297_1782432732615.jpg | https://images.aqar.fm/webp/750x0/props/011167295_1782432732830.jpg | https://images.aqar.fm/webp/750x0/props/011167297_1782432732704.jpg | https://images.aqar.fm/webp/750x0/props/011167294_1782432732720.jpg | https://images.aqar.fm/webp/750x0/props/011167299_1782432732532.jpg | https://images.aqar.fm/webp/750x0/props/011167297_1782432732859.jpg | https://images.aqar.fm/webp/750x0/props/011167293_1782432733071.jpg,26,جبر لافي عوض العتيبي,مؤسسة أوائل الرياض العقارية,1,2026-06-26,2026-07-25,2026-08-23,515,2026-08-23,True,"490,000",False,فيلا
6749493,https://sa.aqar.fm/فلل-للبيع/الرياض/جنوب-الرياض/حي-طيبة/شارع-العزيزيه-حي-طيبة-مدينة-الرياض-منطقة-الرياض-6749493,"فيلا للبيع في شارع العزيزيه, حي طيبة, مدينة الرياض, منطقة الرياض",500000,206,4,3,2,0,حي طيبة,الرياض,جنوب الرياض,"بسم الله الرحمن الرحيم 
اسعد الله اوقاتكم بكل خير
💫تفاصيل العقار 
▫️حي طيبه قريب لجميع الخدمات المدارس وحدائق ومراكز تسويق 
▫️نوع العقار 
تاون هاوس علوي ٥٠٠ الف
تاون هاوس ارضي ٥٥٠ الف
▫️مساحه العقار ٢٥٠م 
▫️وصف العقار
تاون هاوس علوي مدخل سياره مجلس رجال مقلط صاله مطبخ ٣غرف نوم منهم غرفه ماستر مع السطح
💫 نقدم لك عقار بتصميم عصري وتشطيبات فاخرة، جاهز للسكن الفوري أو الاستثمار الناجح يلبي احتياجات العائله.
💫مشاريع بمختلف الاسعار المميزه والمساحات المتنوعه 
💫نتعامل مع جميع البنوك والشركات الخاصة 
💫نوفر اعلي تمويل متاح بأقل هامش ربح وتوحيد الاقساط 
نوفر سداد المديونيات وتوفير الدفعه الاولي مجاناااااا بدون فوائد 
💫لدينا حلول تمويليه سهله وميسره للمدنيين والعسكريين والمتقاعدين .
💫امكانيه تحويل من بنك لاخر 
💫انهاء الاجراءت البنكيه في أسرع وقت ممكن
💫 يتوافر جميع الضمانات من كهرباء وسباكه وعوازل وغيرها من ضمانات وتأمين شامل علي المبني علي الكود السعودي الجديد 
تواصل معنا واتساب او اتصال
مشروع (( 7 ))",24.54728,46.802257,https://images.aqar.fm/webp/750x0/props/011167294_1785534308680.jpg | https://images.aqar.fm/webp/750x0/props/011167291_1785534308546.jpg | https://images.aqar.fm/webp/750x0/props/011167295_1785534308868.jpg | https://images.aqar.fm/webp/750x0/props/011167297_1785534332312.jpg | https://images.aqar.fm/webp/750x0/props/011167295_1785294449106.jpg | https://images.aqar.fm/webp/750x0/props/011167294_1782551814266.jpg | https://images.aqar.fm/webp/750x0/props/011167291_1785294448957.jpg | https://images.aqar.fm/webp/750x0/props/011167293_1785294448980.jpg | https://images.aqar.fm/webp/750x0/props/011167296_1785294449031.jpg | https://images.aqar.fm/webp/750x0/props/011167293_1785294449073.jpg,10,جبر لافي عوض العتيبي,مؤسسة أوائل الرياض العقارية,1,2026-06-27,2026-07-26,2026-08-21,302,2026-08-23,True,"500,000",False,فيلا
6753870,https://sa.aqar.fm/فلل-للبيع/الرياض/جنوب-الرياض/حي-طيبة/شارع-ضرية-حي-طيبة-مدينة-الرياض-منطقة-الرياض-6753870,"فيلا للبيع في شارع ضرية, حي طيبة, مدينة الرياض, منطقة الرياض",950000,195,3,3,2,0,حي طيبة,الرياض,جنوب الرياض,"🏡 للبيع منزل بتصميم عملي ومساحات واسعة

الدور الأرضي: مجلس + مقلط + دورة مياه بمدخل خاص | صالة + غرفة + دورة مياه + مطبخ.

الدور الأول: 4 غرف + صالة + 3 دورات مياه (منها غرفتان رئيسيتان ماستر) + سطح + حوش + مدخل سيارة خاص.

✨ تصميم مميز، توزيع عملي، وخصوصية عالية تناسب العائلات.",24.55381,46.810598,https://images.aqar.fm/webp/750x0/props/042103512_1782825013627.jpg | https://images.aqar.fm/webp/750x0/props/042103519_1782824294089.jpg | https://images.aqar.fm/webp/750x0/props/042103519_1782824306339.jpg | https://images.aqar.fm/webp/750x0/props/042103517_1782824322275.jpg | https://images.aqar.fm/webp/750x0/props/042103516_1782824335054.jpg | https://images.aqar.fm/webp/750x0/props/042103515_1782824346119.jpg | https://images.aqar.fm/webp/750x0/props/042103513_1782824357529.jpg | https://images.aqar.fm/webp/750x0/props/042103513_1782824368459.jpg | https://images.aqar.fm/webp/750x0/props/042103519_1782824376928.jpg | https://images.aqar.fm/webp/750x0/props/042103519_1782824386573.jpg | https://images.aqar.fm/webp/750x0/props/042103512_1782824392731.jpg | https://images.aqar.fm/webp/750x0/props/042103516_1782824401664.jpg | https://images.aqar.fm/webp/750x0/props/042103514_1782824408094.jpg | https://images.aqar.fm/webp/750x0/props/042103512_1782824412762.jpg | https://images.aqar.fm/webp/750x0/props/042103518_1782824418530.jpg | https://images.aqar.fm/webp/750x0/props/042103513_1782824423219.jpg | https://images.aqar.fm/webp/750x0/props/042103518_1782824427784.jpg | https://images.aqar.fm/webp/750x0/props/042103511_1782824432582.jpg | https://images.aqar.fm/webp/750x0/props/042103511_1782824438402.jpg | https://images.aqar.fm/webp/750x0/props/042103517_1782824443834.jpg | https://images.aqar.fm/webp/750x0/props/042103515_1782824450774.jpg | https://images.aqar.fm/webp/750x0/props/042103519_1782824461720.jpg | https://images.aqar.fm/webp/750x0/props/042103510_1782824466667.jpg | https://images.aqar.fm/webp/750x0/props/042103516_1782824472153.jpg | https://images.aqar.fm/webp/750x0/props/042103511_1782824476542.jpg | https://images.aqar.fm/webp/750x0/props/042103513_1782824480412.jpg | https://images.aqar.fm/webp/750x0/props/042103516_1782824484909.jpg | https://images.aqar.fm/webp/750x0/props/042103516_1782824495407.jpg | https://images.aqar.fm/webp/750x0/props/042103519_1782825019479.jpg,29,عبدالله السبيعي,شركة سماية العقارية,1,2026-06-30,2026-07-29,2026-07-29,229,2026-08-23,True,"950,000",False,فيلا
6799313,https://sa.aqar.fm/فلل-للبيع/الرياض/جنوب-الرياض/حي-طيبة/شارع-ابن-نعيم-حي-طيبة-مدينة-الرياض-منطقة-الرياض-6799313,"فيلا للبيع في شارع ابن نعيم, حي طيبة, مدينة الرياض, منطقة الرياض",500000,300,4,5,3,0,حي طيبة,الرياض,جنوب الرياض,"السلام عليكم ورحمة الله وبركاته 
فرصه العمر لا تتكرر
بتدوور علي الأناقة في التصميم واستغلال المساحات 
بتدور على توفير المال والمصداقية في التعامل
ابشر باللي يطيب خاطرك 

نقدم لكم فيلا فاخره:
في حي : طيبه 
مساحة  : 300 متر 
السعر    : الدور  الارضي عليه 500 الف 
الدور العلوي مع شقه عليه 600 الف 
تاون هاوس ارضي 650 الف 
تاون هاوس علوي 500 الف 
وجهه    : شماليه 
عرض الشارع: 20م 
- تملك منزلك مع توفير الحلول والتسهيلات العقاريه للعسكرين والمدنين 
- في مستشارك الامثل نقدم لك استثناءات من البنوك ونوفر لك التمويل
- باسرع وقت واقل نسبه واعلي مبلغ متاح !!
( وقارن بين حسبتنا وحسب البنوك بنفسك !)
- توفير مبلغ فائض فوق قيمه العقار للاثاث 
* توفير الدفعه الاولي مجانا 
* تصفية الالتزامات في بنك العميل 
* اشراف علي التقييم بشكل مباشر للتقييم جيد ولعدم بخس ثمن العقار 
* التعامل مع ادارة البنوك مباشرة
* توفير جميع العروض ☆
كود ((5))",24.548519,46.801738,https://images.aqar.fm/webp/750x0/props/011167291_1785534754121.jpg | https://images.aqar.fm/webp/750x0/props/011167294_1785534753143.jpg | https://images.aqar.fm/webp/750x0/props/011167298_1785534753299.jpg | https://images.aqar.fm/webp/750x0/props/011167298_1785534753725.jpg | https://images.aqar.fm/webp/750x0/props/011167297_1785534754412.jpg | https://images.aqar.fm/webp/750x0/props/011167297_1785534753077.jpg | https://images.aqar.fm/webp/750x0/props/011167290_1785534753187.jpg | https://images.aqar.fm/webp/750x0/props/011167296_1785534753456.jpg | https://images.aqar.fm/webp/750x0/props/011167290_1785534754333.jpg | https://images.aqar.fm/webp/750x0/props/011167297_1785534753995.jpg | https://images.aqar.fm/webp/750x0/props/011167299_1785534753628.jpg | https://images.aqar.fm/webp/750x0/props/011167294_1785534754317.jpg | https://images.aqar.fm/webp/750x0/props/011167291_1785534754021.jpg | https://images.aqar.fm/webp/750x0/props/011167290_1785534753855.jpg | https://images.aqar.fm/webp/750x0/props/011167292_1785534753632.jpg | https://images.aqar.fm/webp/750x0/props/011167291_1785534813777.jpg,16,جبر لافي عوض العتيبي,مؤسسة أوائل الرياض العقارية,1,2026-07-31,2026-07-31,2026-08-22,149,2026-08-23,True,"500,000",False,فيلا
6611274,https://sa.aqar.fm/فلل-للبيع/الرياض/جنوب-الرياض/حي-طيبة/شارع-المنتدى-حي-طيبة-مدينة-الرياض-منطقة-الرياض-6611274,"فيلا للبيع في شارع المنتدى, حي طيبة, مدينة الرياض, منطقة الرياض",1150000,292,5,0,0,5,حي طيبة,الرياض,جنوب الرياض,"المساحة 292.56 م
  
مدخل سيارة  مشب حوش 
الدور الارضي 
 مدخل رجال  مجلس  ومغسلة وحمام. مقلط .
 مدخل نساء  صالة كبيرة تعتبر مجلس. دورة مياة مطبخ .
 درج . 
الدور الاول 
صالة .دورة مياة. 4 غرف نوم 
 ثنتين ماستر 
درج . 
الدور الثاني 
  الملحق  مغسلة . دورة مياة . غرفة . سطح",24.55599,46.810806,https://images.aqar.fm/webp/750x0/props/039656648_1772452581186.jpg,1,ساره حسين,,,2026-03-02,2026-07-25,2026-08-06,114,2026-08-23,True,"1,150,000",False,فيلا
6799855,https://sa.aqar.fm/فلل-للبيع/الرياض/جنوب-الرياض/حي-طيبة/شارع-الغزاله-حي-طيبة-مدينة-الرياض-منطقة-الرياض-6799855,"فيلا للبيع في شارع الغزاله, حي طيبة, مدينة الرياض, منطقة الرياض",550000,201,6,3,2,0,حي طيبة,الرياض,جنوب الرياض,"تاون هاوس ارضي
مدخلين
مجلس رجال مع مقلط ودورت مياه وصاله ومطبخ ودوره مياه ومخزن صغير تحت الدرج غرفتين نوم
الدور الأول
غرفتين نوم منها واحده ماستر وصاله
تمويل عقاري لجميع القطاعات 
*حلول تمويلية ميسرة حسب الأنظمة
*التعاون مع البنوك وجميع الجهات المعتمدة التابعة لوزارة النقد 
*حلول تمويلية لمشاكل المديونيات والمتعثرات 
*توفير العقار المناسب",24.557395,46.809623,https://images.aqar.fm/webp/750x0/props/029984400_1785576908432.jpg | https://images.aqar.fm/webp/750x0/props/029984408_1785576907693.jpg | https://images.aqar.fm/webp/750x0/props/029984405_1785576907881.jpg | https://images.aqar.fm/webp/750x0/props/029984401_1785576908009.jpg | https://images.aqar.fm/webp/750x0/props/029984405_1785576908049.jpg | https://images.aqar.fm/webp/750x0/props/029984400_1785576908133.jpg | https://images.aqar.fm/webp/750x0/props/029984401_1785576908212.jpg | https://images.aqar.fm/webp/750x0/props/029984401_1785576908324.jpg | https://images.aqar.fm/webp/750x0/props/029984406_1785576908535.jpg | https://images.aqar.fm/webp/750x0/props/029984403_1785576908606.jpg | https://images.aqar.fm/webp/750x0/props/029984401_1785576908715.jpg | https://images.aqar.fm/webp/750x0/props/029984400_1785576908834.jpg | https://images.aqar.fm/webp/750x0/props/029984404_1785576908932.jpg | https://images.aqar.fm/webp/750x0/props/029984405_1785576909046.jpg | https://images.aqar.fm/webp/750x0/props/029984402_1785576909126.jpg | https://images.aqar.fm/webp/750x0/props/029984403_1785576909246.jpg | https://images.aqar.fm/webp/750x0/props/029984401_1785576909321.jpg | https://images.aqar.fm/webp/750x0/props/029984400_1785576909417.jpg | https://images.aqar.fm/webp/750x0/props/029984405_1785576909532.jpg | https://images.aqar.fm/webp/750x0/props/029984405_1785576909628.jpg,20,محمد صالح بن رشود العميري,,0,2026-08-01,2026-08-01,2026-08-23,193,2026-08-23,True,"550,000",False,فيلا
6681931,https://sa.aqar.fm/فلل-للبيع/الرياض/جنوب-الرياض/حي-طيبة/حي-طيبة-مدينة-الرياض-منطقة-الرياض-6681931,"فيلا للبيع في حي طيبة, مدينة الرياض, منطقة الرياض",550000,167,5,4,2,0,حي طيبة,الرياض,جنوب الرياض,"السلام عليكم ورحمة الله وبركاتة 
عرض لفتره لفتره محدوده الخصم من 595.000 الى 550.000
بدا البيع في مشروع المطلق ادوار وتاون هاوس بأسعار تبداء ( 595 الف ) لمن يبحث عن ادوار فاخرة وتاون هاوس بكامل الضمانات وتأمين ملاذ 10 سنوات 📝

بالقرب من جميع الخدمات والمدارس 👍🏻
ب 4 غرف نوم - 4 دورات مياه -صاله  -مجلس-مطبخ -مقلط -مدخل سياره
الضمانات 📄
1- الكهرباء والاسلاك والطبالين (ضمان 25 سنة)
2- السباكة شركة القبلان (ضمان 15 سنة)
3- ضمان تأمين ملاذ(10 سنوات)للعيوب الخفية على القواعد - الاعمدة - الاسقف- العزل- التشطيب النهائي
4-الخزانات الزامل (ضمان 10 سنوات)استبدال والصيانة مفتوحة 
5- الاسطح معزولة عزل مائي رولات وعزل حراري(ضمان 10 سنوات)
6- الابواب الاوتماتيك(ضمان 2سنة) 
7- جميع القواعد والميد والاسقف خرسانة جاهزة
8-حديد الخرسانات والبيارات دبل حديد 
9-جميع الارضيات مفروشة حديد وهرسانة جاهزة
10-جميع البلك الخارجي بلك معزول 
11- الزجاج الخارجي دبل كلاس 
12- الخزان الارضي معزول طبقتين 



https://maps.app.goo.gl/PWDbTrhSZv5WfxQG9?
g_st=ic

من خلال الاستثمار في العقارات ، فأنت تستثمر في مستقبلك.

عبدالرحمن بن محمد الداوود 
معتمد من الهيئة العامة للعقار
 رخصة فال / 1100268222
جوال /  ((الرقم يظهر عند الضغط على اتصال))
ونسعد بخدمتكم واستقبال طلباتكم وعرض عقاراتكم",24.548587,46.808112,https://images.aqar.fm/webp/750x0/props/029814622_1777912960751.jpg | https://images.aqar.fm/webp/750x0/props/029814628_1777912960795.jpg | https://images.aqar.fm/webp/750x0/props/029814629_1777912960798.jpg | https://images.aqar.fm/webp/750x0/props/029814623_1777912960751.jpg | https://images.aqar.fm/webp/750x0/props/029814626_1777912960837.jpg | https://images.aqar.fm/webp/750x0/props/029814622_1777912960841.jpg | https://images.aqar.fm/webp/750x0/props/029814622_1777912960756.jpg | https://images.aqar.fm/webp/750x0/props/029814623_1777912960801.jpg | https://images.aqar.fm/webp/750x0/props/029814624_1777912983029.jpg | https://images.aqar.fm/webp/750x0/props/029814620_1777912983071.jpg | https://images.aqar.fm/webp/750x0/props/029814624_1777912983073.jpg | https://images.aqar.fm/webp/750x0/props/029814624_1777912983069.jpg,12,عبدالرحمن محمد سعد الداوود,,,2026-05-04,2026-05-04,2026-07-16,422,2026-08-23,True,"550,000",False,فيلا
6656565,https://sa.aqar.fm/فلل-للبيع/الرياض/جنوب-الرياض/حي-طيبة/شارع-الطنيب-حي-طيبة-مدينة-الرياض-منطقة-الرياض-6656565,"فيلا للبيع في شارع الطنيب, حي طيبة, مدينة الرياض, منطقة الرياض",1150000,407,6,0,0,0,حي طيبة,الرياض,جنوب الرياض,"للبيع مباشر من المالك
🔵 فلة درج داخلي و شقة 
🔴

🔴 مقابل حديقه و مدرسة و خدمات الحي 
🔵الدور الارضي يتكون من مجلس رجال ومجلس نساء و مقلط وصاله و غرفة كبار سن ومطبخ و دورتين مياه

🔴الدور الاول غرفة نوم ماستر وغرفتين نوم مع دوره مياه وصاله 

🔵الملحق غرفة خادمه مع دوره مياه وصاله وسطح 
🔴الشقق تتكون من غرفتين نوم و صالة و دورتين مياة و مجلس رجال و مطبخ بالإضافة إلى سطح خاص 

🔴كامل الضمانات
🔴اشراف هندسي 
🔴تأمين على العيوب الخفية ١٠ سنوات شركة التعاونية 
🔴موقع ممتاز",24.549695,46.825972,https://images.aqar.fm/webp/750x0/props/040725167_1776271215368.jpg,1,مرضي حميد حمادى المطيرى,مؤسسة الابتكار المعماري للتطوير العقاري,1,2026-04-15,2026-08-10,2026-08-15,1476,2026-08-23,True,"1,150,000",False,فيلا
6751796,https://sa.aqar.fm/فلل-للبيع/الرياض/جنوب-الرياض/حي-طيبة/شارع-العزيزيه-حي-طيبة-مدينة-الرياض-منطقة-الرياض-6751796,"فيلا للبيع في شارع العزيزيه, حي طيبة, مدينة الرياض, منطقة الرياض",570000,300,3,5,3,0,حي طيبة,الرياض,جنوب الرياض,"السلام عليكم ورحمة الله وبركاته 
فرصه العمر لا تتكرر
بتدوور علي الأناقة في التصميم واستغلال المساحات 
بتدور على توفير المال والمصداقية في التعامل
ابشر باللي يطيب خاطرك 

نقدم لكم فيلا تاون هاوس فاخره:
في حي : طيبه
السعر    : ٥٧٠ الف ويوجد مساحات مختلفه بأسعار مختلفه 
وجهه    : جنوبيه
عرض الشارع: 20م 
- تملك منزلك مع توفير الحلول والتسهيلات العقاريه للعسكرين والمدنين 
- في مستشارك الامثل نقدم لك استثناءات من البنوك ونوفر لك التمويل
- باسرع وقت واقل نسبه واعلي مبلغ متاح !!
( وقارن بين حسبتنا وحسب البنوك بنفسك !)
- توفير مبلغ فائض فوق قيمه العقار للاثاث 
* توفير الدفعه الاولي مجانا 
* تصفية الالتزامات في بنك العميل 
* اشراف علي التقييم بشكل مباشر للتقييم جيد ولعدم بخس ثمن العقار 
* التعامل مع ادارة البنوك مباشرة
* توفير جميع العروض ☆
كود ((5))",24.545707,46.802622,https://images.aqar.fm/webp/750x0/props/011167299_1782679376527.jpg | https://images.aqar.fm/webp/750x0/props/011167298_1782750867296.jpg | https://images.aqar.fm/webp/750x0/props/011167295_1782750866982.jpg | https://images.aqar.fm/webp/750x0/props/011167298_1782750867185.jpg | https://images.aqar.fm/webp/750x0/props/011167299_1782750867364.jpg | https://images.aqar.fm/webp/750x0/props/011167296_1782750867567.jpg | https://images.aqar.fm/webp/750x0/props/011167292_1782750867663.jpg | https://images.aqar.fm/webp/750x0/props/011167292_1782750867782.jpg | https://images.aqar.fm/webp/750x0/props/011167292_1782750867130.jpg | https://images.aqar.fm/webp/750x0/props/011167298_1782750867462.jpg,10,جبر لافي عوض العتيبي,مؤسسة أوائل الرياض العقارية,1,2026-06-28,2026-07-28,2026-08-22,545,2026-08-23,True,"570,000",False,فيلا
6548506,https://sa.aqar.fm/فلل-للبيع/الرياض/جنوب-الرياض/حي-طيبة/شارع-الطنيب-حي-طيبة-مدينة-الرياض-منطقة-الرياض-6548506,"فيلا للبيع في شارع الطنيب, حي طيبة, مدينة الرياض, منطقة الرياض",645000,200,4,3,1,0,حي طيبة,الرياض,جنوب الرياض,"السلام عليكم ورحمة الله وبركاته 
اسعد الله اوقاتكم بكل خير وسعادة 
يعلن مكتب اصدار الغربيه للعقارات عن 
مجموعه تاون هاوس ارضي جديده للبيع كاش او بنك 
حى طيبه 
مساحه 257 
الارضي مكون من مدخل سياره مجلس مقلط صاله ومطبخ ومستودع  وغرفتين نوم درج داخلي فوق  غرفتين  نوم منهم غرفه ماستر 
السعر
الارضي 645
موقعها ممتاز ومتكامل الخدمات 
ويوجد لدينا جميع العروض فلل وادوار وشقق للبيع 
ويوجد لدينا جميع الحلول البنكيه والتعامل مع جميع البنوك والشركات",24.549351,46.826204,https://images.aqar.fm/webp/750x0/props/048003836_1768503554503.jpg | https://images.aqar.fm/webp/750x0/props/048003832_1768503555274.jpg | https://images.aqar.fm/webp/750x0/props/048003837_1768503555274.jpg | https://images.aqar.fm/webp/750x0/props/048003834_1768503554854.jpg | https://images.aqar.fm/webp/750x0/props/048003839_1768503554850.jpg | https://images.aqar.fm/webp/750x0/props/048003835_1768503554851.jpg | https://images.aqar.fm/webp/750x0/props/048003837_1768503554858.jpg | https://images.aqar.fm/webp/750x0/props/048003832_1768503555003.jpg | https://images.aqar.fm/webp/750x0/props/048003835_1768503555263.jpg | https://images.aqar.fm/webp/750x0/props/048003832_1768503555271.jpg | https://images.aqar.fm/webp/750x0/props/048003830_1768503555302.jpg | https://images.aqar.fm/webp/750x0/props/048003830_1768503555611.jpg | https://images.aqar.fm/webp/750x0/props/048003832_1768503555712.jpg,13,سباء صالح,مكتب اصدار الغربية للعقارات,1,2026-01-15,2026-01-15,2026-03-28,197,2026-08-23,True,"645,000",False,فيلا
6742084,https://sa.aqar.fm/فلل-للبيع/الرياض/جنوب-الرياض/حي-طيبة/شارع-العزيزيه-حي-طيبة-مدينة-الرياض-منطقة-الرياض-6742084,"فيلا للبيع في شارع العزيزيه, حي طيبة, مدينة الرياض, منطقة الرياض",480000,201,4,3,0,0,حي طيبة,الرياض,جنوب الرياض,"مشروع 9
السلام عليكم ورحمة الله وبركاته 
فرصة العمر لا تتكرر
بتدور على الاناقه في التصميم واستغلال المساحات
بتدور على توفير المال والمصداقيه في التعامل
ابشر باللي يطيب خاطرك
نقدم لكم تاون هاوس علوي  
في حي: طيبه العزيزية 
السعر:  480 الف 
وجهه: شرقيه 
عرض الشارع : 15م
نوفر سداد المديونيات والدفعه الأولى 10٪ مجانًا وبدون أي؛ فوائد
نختصر عليك الوقت ولذالك نتعامل َع جميع البنوك والشركات التمويليه العقاريه مع إمكانية التحويل من بنك لبنك اخر وتسهيل كل الأمور
مع عليك اللي ان نتواصل معنا واتس أو اتصال
(مشروع 9)",24.549306,46.806847,https://images.aqar.fm/webp/750x0/props/011167299_1785610431607.jpg,1,جبر لافي عوض العتيبي,مؤسسة أوائل الرياض العقارية,1,2026-06-21,2026-08-18,2026-08-23,796,2026-08-23,True,"480,000",False,فيلا
6608746,https://sa.aqar.fm/فلل-للبيع/الرياض/جنوب-الرياض/حي-طيبة/شارع-ابن-نعيم-حي-طيبة-مدينة-الرياض-منطقة-الرياض-6608746,"فيلا للبيع في شارع ابن نعيم, حي طيبة, مدينة الرياض, منطقة الرياض",595000,167,4,1,0,0,حي طيبة,الرياض,جنوب الرياض,"كود 7373
علوى اربع غرف السعر 595 الف
مدخل سياره ومجلس رجال وصاله ومطبخ 
فوق صاله واربع غرف منهم غرفتين ماستر والسطح.",24.549978,46.806964,,,مشاعل دعيرم بن جربوع العتيبي,مؤسسة مكتب بداية جديدة للخدمات العقارية,1,2026-02-28,2026-08-21,2026-08-23,619,2026-08-23,True,"595,000",False,فيلا
6664414,https://sa.aqar.fm/فلل-للبيع/الرياض/جنوب-الرياض/حي-طيبة/شارع-ضرية-حي-طيبة-مدينة-الرياض-منطقة-الرياض-6664414,"فيلا للبيع في شارع ضرية, حي طيبة, مدينة الرياض, منطقة الرياض",911000,252,4,5,2,2,حي طيبة,الرياض,جنوب الرياض,"فيلا ثلاث ادوار
الدور الاول
حوش بمدخل سيارة مدخلين نساء ورجال
ملحق
مجلس بدورة مياة ومغاسل
مقلط
صالتين ودورة مياه ومغاسل وحوش ثاني خاص بالصاله
مطبخ ومستودع وفيه مطبخ مركب
الدور الثاني
غرفتين ماستر بدورة مياة داخليه
وغرفتين بينهم دوره مياة
الدور الثالث غرفه غسيل مجهزه بمكان للغسالات ودوره مياة
وسطح
الفيلا فاضيه 
معروضه للايجار ايضا 
المساحة 252متر
الواجهة شمالية
4 غرف
صالتين
6 دورات مياة
عمر العقار 2 سنتين
شارع سكني
عرض الشارع 20 متر
يتوفر مطبخ
يتوفر درج
تتوفر غرفة شغالة
يتوفر حوش
يتوفر ملحق
مدخل سيارة",24.554239,46.810198,https://images.aqar.fm/webp/750x0/props/032314707_1776784719148.jpg,1,فايز الاحمري,شركة السهم الفضي للعقارات,1,2026-04-21,2026-08-15,2026-08-15,1040,2026-08-23,True,"911,000",False,فيلا
6663076,https://sa.aqar.fm/فلل-للبيع/الرياض/جنوب-الرياض/حي-طيبة/شارع-الأمير-سعود-بن-محمد-بن-مقرن-حي-طيبة-مدينة-الرياض-منطقة-الرياض-6663076,"فيلا للبيع في شارع الأمير سعود بن محمد بن مقرن, حي طيبة, مدينة الرياض, منطقة الرياض",600000,166,3,,,0,حي طيبة,الرياض,جنوب الرياض,"عرض خاص لفتره محدوده ب 500 الف تاون هاوس علوي  يتكون من 
مجلس رجال مجلس رجال وصالة كبيرة ومطبخ
الدور الاول صالة وثلاث غرف ماستر
يوجد سطح مستقل وخزان مياة مستقل
جميع الضمانات موجودة
للتواصل ابو شهاب ((الرقم يظهر عند الضغط على اتصال))",24.54392,46.830386,https://images.aqar.fm/webp/750x0/props/050269000_1776708003860.jpg | https://images.aqar.fm/webp/750x0/props/050269003_1776708003455.jpg | https://images.aqar.fm/webp/750x0/props/050269007_1776708003585.jpg | https://images.aqar.fm/webp/750x0/props/050269000_1776708003628.jpg | https://images.aqar.fm/webp/750x0/props/050269009_1776708003675.jpg | https://images.aqar.fm/webp/750x0/props/050269009_1776708003787.jpg | https://images.aqar.fm/webp/750x0/props/050269004_1776708003960.jpg | https://images.aqar.fm/webp/750x0/props/050269004_1776708004076.jpg | https://images.aqar.fm/webp/750x0/props/050269005_1776708004195.jpg | https://images.aqar.fm/webp/750x0/props/050269005_1776708004310.jpg | https://images.aqar.fm/webp/750x0/props/050269000_1776708004449.jpg | https://images.aqar.fm/webp/750x0/props/050269009_1776708004591.jpg | https://images.aqar.fm/webp/750x0/props/050269007_1776708004688.jpg,13,جابر ال فهاد,شركة ركائز الروعة,1,2026-04-20,2026-08-15,2026-08-23,1372,2026-08-23,True,"600,000",False,فيلا
6517598,https://sa.aqar.fm/فلل-للبيع/الرياض/جنوب-الرياض/حي-طيبة/شارع-الازهار-حي-طيبة-مدينة-الرياض-منطقة-الرياض-6517598,"فيلا للبيع في شارع الازهار, حي طيبة, مدينة الرياض, منطقة الرياض",580000,177,6,3,0,0,حي طيبة,الرياض,جنوب الرياض,"للتواصل ((رقم المعلن يظهر عند التواصل))

فيلا للبيع
فيلا للبيع
فيلا للبيع
فيلا للبيع
فيلا للبيع",24.545231,46.826975,https://images.aqar.fm/webp/750x0/props/042914504_1766541006433.jpg | https://images.aqar.fm/webp/750x0/props/042914506_1766541026583.jpg | https://images.aqar.fm/webp/750x0/props/042914503_1766541026675.jpg | https://images.aqar.fm/webp/750x0/props/042914505_1766541026644.jpg | https://images.aqar.fm/webp/750x0/props/042914504_1766541026729.jpg | https://images.aqar.fm/webp/750x0/props/042914507_1766541026733.jpg | https://images.aqar.fm/webp/750x0/props/042914500_1766541026737.jpg | https://images.aqar.fm/webp/750x0/props/042914507_1766541026776.jpg | https://images.aqar.fm/webp/750x0/props/042914509_1766541026807.jpg,9,ماجد البقمي,,0,2025-12-23,2025-12-23,2026-08-18,1017,2026-08-23,True,"580,000",False,فيلا
6751831,https://sa.aqar.fm/فلل-للبيع/الرياض/جنوب-الرياض/حي-طيبة/شارع-العزيزيه-حي-طيبة-مدينة-الرياض-منطقة-الرياض-6751831,"فيلا للبيع في شارع العزيزيه, حي طيبة, مدينة الرياض, منطقة الرياض",540000,300,4,5,3,0,حي طيبة,الرياض,جنوب الرياض,"السلام عليكم ورحمة الله وبركاته 
فرصه العمر لا تتكرر
بتدوور علي الأناقة في التصميم واستغلال المساحات 
بتدور على توفير المال والمصداقية في التعامل
ابشر باللي يطيب خاطرك 

نقدم لكم فيلا تاون هاوس فاخره:
في حي : طيبه
مساحه : 300 متر 
وجهه    : جنوبيه
عرض الشارع: 20م 
السعر : التاون هاوس الارضي عليه 650 الف 
التاون هاوس العلوي عليه 540 الف 
- تملك منزلك مع توفير الحلول والتسهيلات العقاريه للعسكرين والمدنين 
- في مستشارك الامثل نقدم لك استثناءات من البنوك ونوفر لك التمويل
- باسرع وقت واقل نسبه واعلي مبلغ متاح !!
( وقارن بين حسبتنا وحسب البنوك بنفسك !)
- توفير مبلغ فائض فوق قيمه العقار للاثاث 
* توفير الدفعه الاولي مجانا 
* تصفية الالتزامات في بنك العميل 
* اشراف علي التقييم بشكل مباشر للتقييم جيد ولعدم بخس ثمن العقار 
* التعامل مع ادارة البنوك مباشرة
* توفير جميع العروض ☆
كود ((5))",24.547221,46.80428,https://images.aqar.fm/webp/750x0/props/011167295_1782752721016.jpg | https://images.aqar.fm/webp/750x0/props/011167294_1782752721287.jpg | https://images.aqar.fm/webp/750x0/props/011167299_1782752721353.jpg | https://images.aqar.fm/webp/750x0/props/011167298_1782752721510.jpg | https://images.aqar.fm/webp/750x0/props/011167290_1782752721176.jpg | https://images.aqar.fm/webp/750x0/props/011167291_1782752720916.jpg | https://images.aqar.fm/webp/750x0/props/011167298_1782752720819.jpg | https://images.aqar.fm/webp/750x0/props/011167292_1782752720711.jpg | https://images.aqar.fm/webp/750x0/props/011167294_1782752720420.jpg | https://images.aqar.fm/webp/750x0/props/011167294_1782752720660.jpg | https://images.aqar.fm/webp/750x0/props/011167290_1782752720214.jpg | https://images.aqar.fm/webp/750x0/props/011167296_1782752720270.jpg | https://images.aqar.fm/webp/750x0/props/011167296_1782752719943.jpg | https://images.aqar.fm/webp/750x0/props/011167291_1782752720410.jpg | https://images.aqar.fm/webp/750x0/props/011167293_1782752720483.jpg | https://images.aqar.fm/webp/750x0/props/011167296_1782752721738.jpg | https://images.aqar.fm/webp/750x0/props/011167292_1782752721675.jpg | https://images.aqar.fm/webp/750x0/props/011167299_1782752721283.jpg | https://images.aqar.fm/webp/750x0/props/011167296_1782752721564.jpg | https://images.aqar.fm/webp/750x0/props/011167292_1782752720687.jpg,20,جبر لافي عوض العتيبي,مؤسسة أوائل الرياض العقارية,1,2026-06-28,2026-07-28,2026-08-22,832,2026-08-23,True,"540,000",False,فيلا
6655908,https://sa.aqar.fm/فلل-للبيع/الرياض/جنوب-الرياض/حي-طيبة/شارع-العلم-حي-طيبة-مدينة-الرياض-منطقة-الرياض-6655908,"فيلا للبيع في شارع العلم, حي طيبة, مدينة الرياض, منطقة الرياض",630000,234,3,,,0,حي طيبة,الرياض,جنوب الرياض,"النوع | تاون هاوس ارضي (٣ ادوار)

المساحات | ٢٨١م

الأسعار | ٦٣٠ ألف (قابلة للتفاوض)

الواجهة | شرقية 

الشارع | ١٥م

الحي | طيبة

خدماتنا/
	•	توفير دفعة أولى وسدادات للالتزامات بدون فوائد

	•	توفير محتسب من جميع البنوك وشركات التمويل لسهولة المقارنة بينهم وتحديد جهة التمويل الأفضل

	•	توفير الفائض 

	•	متابعة المعاملة مع جميع الجهات ذات العلاقة حتى الإفراغ

تفاصيل العقار/
تاون هاوس ارضي مكون من ٣ ادوار/
الدور الارضي: مجلس مقلط صالة مطبخ غرفة ماستر
الدور الاول: غرفتين نوم ودورة مياه 
الدور الثالث: سطح كبير 

(نستقبل عروضكم وعقاراتكم وتسويقها من قبل فريق متكامل)",24.513145,46.835448,https://images.aqar.fm/webp/750x0/props/013399190_1776247969304.jpg,1,عبدالرحمن محمد,مؤسسة ديار لتسويق العقاري,1,2026-04-15,2026-08-09,2026-08-23,1452,2026-08-23,True,"630,000",False,فيلا
6788786,https://sa.aqar.fm/فلل-للبيع/الرياض/جنوب-الرياض/حي-طيبة/شارع-عيسى-بن-أبان-حي-طيبة-مدينة-الرياض-منطقة-الرياض-6788786,"فيلا للبيع في شارع عيسى بن أبان, حي طيبة, مدينة الرياض, منطقة الرياض",850000,221,6,,,0,حي طيبة,الرياض,جنوب الرياض,"الضمانات:* 
* كود سعودي 
* شهادات اشغال 
* إشراف هندسي 
* إطلاق تيار 
* *10* سنوات هيكل انشائي
* *20* سنه كهرباء 
* *50* سنه سباكه
* *ضمان* علي العوازل كامله 
* *ضمان* بوبات
* *ضمان* من الموسسه المطوره    
 علي المبنئ كامل لمدة *سنه*

كما يوجد لدينا عروض اخري ومسحات مختلفه و بأسعار مناسبه للجميع ولدينا فريق عمل متكامل علي اكمل وجه ويوجد أيضآ جميع الحلول التمويليه نتعامل مع جميع البنوك في جميع أنحاء المملكة العربية السعودية و نوفر لكم الدفعه الأولى مجانأ و بدون اي فوائد 

*للتواصل والاستفسار:* 
((الرقم يظهر عند الضغط على اتصال))",24.551197,46.831384,https://images.aqar.fm/webp/750x0/props/052581137_1784928537680.jpg | https://images.aqar.fm/webp/750x0/props/052581134_1784928537302.jpg | https://images.aqar.fm/webp/750x0/props/052581130_1784928537372.jpg | https://images.aqar.fm/webp/750x0/props/052581131_1784928537468.jpg | https://images.aqar.fm/webp/750x0/props/052581135_1784928537542.jpg | https://images.aqar.fm/webp/750x0/props/052581134_1784928537641.jpg | https://images.aqar.fm/webp/750x0/props/052581137_1784928537758.jpg | https://images.aqar.fm/webp/750x0/props/052581131_1784928537833.jpg | https://images.aqar.fm/webp/750x0/props/052581136_1784928537935.jpg | https://images.aqar.fm/webp/750x0/props/052581132_1784928538045.jpg | https://images.aqar.fm/webp/750x0/props/052581131_1784928538119.jpg | https://images.aqar.fm/webp/750x0/props/052581138_1784928538211.jpg | https://images.aqar.fm/webp/750x0/props/052581130_1784928538284.jpg | https://images.aqar.fm/webp/750x0/props/052581130_1784928538354.jpg | https://images.aqar.fm/webp/750x0/props/052581130_1784928538418.jpg | https://images.aqar.fm/webp/750x0/props/052581131_1784928538501.jpg | https://images.aqar.fm/webp/750x0/props/052581131_1784928538561.jpg | https://images.aqar.fm/webp/750x0/props/052581137_1784928538645.jpg | https://images.aqar.fm/webp/750x0/props/052581132_1784928538706.jpg,19,تماني بنت عقيل بن فارس العنزي,مكتب مساكن المهلهل,1,2026-07-24,2026-08-23,2026-08-23,248,2026-08-23,True,"850,000",False,فيلا
6742023,https://sa.aqar.fm/فلل-للبيع/الرياض/جنوب-الرياض/حي-طيبة/شارع-العزيزيه-حي-طيبة-مدينة-الرياض-منطقة-الرياض-6742023,"فيلا للبيع في شارع العزيزيه, حي طيبة, مدينة الرياض, منطقة الرياض",550000,201,5,4,0,0,حي طيبة,الرياض,جنوب الرياض,"مشروع 9
السلام عليكم ورحمة الله وبركاته 
فرصة العمر لا تتكرر
بتدور على الاناقه في التصميم واستغلال المساحات
بتدور على توفير المال والمصداقيه في التعامل
ابشر باللي يطيب خاطرك
نقدم لكم فيلا فاخره
في حي: طيبه العزيزية 
السعر: 550 الف تاون هاوس أرضي وعلوي 
وجهه: شرقيه 
عرض الشارع : 20م
نوفر سداد المديونيات والدفعه الأولى 10٪ مجانًا وبدون أي فوائد
نختصر عليك الوقت ولذالك نتعامل َع جميع البنوك والشركات التمويليه العقاريه مع إمكانية التحويل من بنك لبنك اخر وتسهيل كل الأمور
مع عليك اللي ان تتواصل معنا واتس أو اتصال
(مشروع 9)",24.548142,46.810525,https://images.aqar.fm/webp/750x0/props/011167292_1782056139892.jpg | https://images.aqar.fm/webp/750x0/props/011167297_1782056140544.jpg | https://images.aqar.fm/webp/750x0/props/011167290_1782056140421.jpg | https://images.aqar.fm/webp/750x0/props/011167294_1782056139796.jpg | https://images.aqar.fm/webp/750x0/props/011167295_1782056140503.jpg | https://images.aqar.fm/webp/750x0/props/011167292_1782056140531.jpg | https://images.aqar.fm/webp/750x0/props/011167299_1782056140330.jpg | https://images.aqar.fm/webp/750x0/props/011167299_1782056140281.jpg | https://images.aqar.fm/webp/750x0/props/011167297_1782056140290.jpg | https://images.aqar.fm/webp/750x0/props/011167299_1782056140227.jpg | https://images.aqar.fm/webp/750x0/props/011167299_1782056140087.jpg | https://images.aqar.fm/webp/750x0/props/011167299_1782056140025.jpg | https://images.aqar.fm/webp/750x0/props/011167297_1782056139963.jpg | https://images.aqar.fm/webp/750x0/props/011167292_1782056139892.jpg | https://images.aqar.fm/webp/750x0/props/011167296_1782056140513.jpg | https://images.aqar.fm/webp/750x0/props/011167291_1782056139677.jpg | https://images.aqar.fm/webp/750x0/props/011167294_1782056139796.jpg | https://images.aqar.fm/webp/750x0/props/011167297_1782056139966.jpg | https://images.aqar.fm/webp/750x0/props/011167297_1782056139963.jpg | https://images.aqar.fm/webp/750x0/props/011167299_1782056140025.jpg | https://images.aqar.fm/webp/750x0/props/011167299_1782056140087.jpg | https://images.aqar.fm/webp/750x0/props/011167299_1782056140227.jpg | https://images.aqar.fm/webp/750x0/props/011167297_1782056140290.jpg | https://images.aqar.fm/webp/750x0/props/011167299_1782056140281.jpg | https://images.aqar.fm/webp/750x0/props/011167299_1782056140330.jpg | https://images.aqar.fm/webp/750x0/props/011167290_1782056140421.jpg | https://images.aqar.fm/webp/750x0/props/011167295_1782056140503.jpg | https://images.aqar.fm/webp/750x0/props/011167296_1782056140513.jpg | https://images.aqar.fm/webp/750x0/props/011167297_1782056140544.jpg | https://images.aqar.fm/webp/750x0/props/011167292_1782056140531.jpg,30,جبر لافي عوض العتيبي,مؤسسة أوائل الرياض العقارية,1,2026-06-21,2026-08-18,2026-08-23,375,2026-08-23,True,"550,000",False,فيلا
6799304,https://sa.aqar.fm/فلل-للبيع/الرياض/جنوب-الرياض/حي-طيبة/شارع-ابن-نعيم-حي-طيبة-مدينة-الرياض-منطقة-الرياض-6799304,"فيلا للبيع في شارع ابن نعيم, حي طيبة, مدينة الرياض, منطقة الرياض",550000,280,4,5,3,0,حي طيبة,الرياض,جنوب الرياض,"السلام عليكم ورحمة الله وبركاته 
فرصه العمر لا تتكرر
بتدوور علي الأناقة في التصميم واستغلال المساحات 
بتدور على توفير المال والمصداقية في التعامل
ابشر باللي يطيب خاطرك 

نقدم لكم فيلا فاخره:
في حي : طيبه 
مساحة  : 280 متر 
السعر    : الدور الارضي عليه 510 الف 
التاون هاوس العلوي عليه 520 الف درج داخلى 
امام مرفق تجاري وحديقه 
وجهه    : شماله كما يوجد وجهات مختلفه 
عرض الشارع: 20م 
- تملك منزلك مع توفير الحلول والتسهيلات العقاريه للعسكرين والمدنين 
- في مستشارك الامثل نقدم لك استثناءات من البنوك ونوفر لك التمويل
- باسرع وقت واقل نسبه واعلي مبلغ متاح !!
( وقارن بين حسبتنا وحسب البنوك بنفسك !)
- توفير مبلغ فائض فوق قيمه العقار للاثاث 
* توفير الدفعه الاولي مجانا 
* تصفية الالتزامات في بنك العميل 
* اشراف علي التقييم بشكل مباشر للتقييم جيد ولعدم بخس ثمن العقار 
* التعامل مع ادارة البنوك مباشرة
* توفير جميع العروض ☆
كود ((5))",24.547735,46.801708,https://images.aqar.fm/webp/750x0/props/011167293_1785868756164.jpg | https://images.aqar.fm/webp/750x0/props/011167295_1785868755543.jpg | https://images.aqar.fm/webp/750x0/props/011167295_1785868755218.jpg | https://images.aqar.fm/webp/750x0/props/011167293_1785868755243.jpg | https://images.aqar.fm/webp/750x0/props/011167295_1785868755338.jpg | https://images.aqar.fm/webp/750x0/props/011167294_1785868755336.jpg | https://images.aqar.fm/webp/750x0/props/011167298_1785868755638.jpg | https://images.aqar.fm/webp/750x0/props/011167290_1785868756068.jpg | https://images.aqar.fm/webp/750x0/props/011167296_1785868756307.jpg | https://images.aqar.fm/webp/750x0/props/011167294_1785868755975.jpg | https://images.aqar.fm/webp/750x0/props/011167295_1785868755213.jpg | https://images.aqar.fm/webp/750x0/props/011167296_1785868755677.jpg | https://images.aqar.fm/webp/750x0/props/011167290_1785868755773.jpg | https://images.aqar.fm/webp/750x0/props/011167299_1785868755875.jpg | https://images.aqar.fm/webp/750x0/props/011167291_1785868755444.jpg,15,جبر لافي عوض العتيبي,مؤسسة أوائل الرياض العقارية,1,2026-07-31,2026-07-31,2026-08-22,134,2026-08-23,True,"550,000",False,فيلا
6769532,https://sa.aqar.fm/فلل-للبيع/الرياض/جنوب-الرياض/حي-طيبة/شارع-رفحاء-حي-طيبة-مدينة-الرياض-منطقة-الرياض-6769532,"فيلا للبيع في شارع رفحاء, حي طيبة, مدينة الرياض, منطقة الرياض",380000,104,4,0,0,0,حي طيبة,الرياض,جنوب الرياض,"🏡 للبيع ادور سكنية في حي طيبة – جنوب الرياض

فرصة تملك مميزة في حي طيبة جنوب الرياض بتشطيبات فاخرة وتصاميم عصرية، مع خيارات متعددة تناسب جميع الاحتياجات والميزانيات.

🏠 الخيارات المتوفرة:

🔹 120م²

💰 380,000 ريال

* 3 غرف نوم
* مجلس
* صالة
* مطبخ
* 3 دورات مياه
* غرفة خادمة
* سطح خاص

🔹 150م²

💰 480,000 ريال

* 3 غرف نوم
* مجلس
* صالة
* مطبخ
* 3 دورات مياه
* غرفة خادمة
* غرفة غسيل

🔹 160م²

💰 520,000 ريال

* 3 غرف نوم
* مجلس
* صالة
* مطبخ
* 3 دورات مياه
* غرفة خادمة
* غرفة غسيل
* حوش خاص

🔹 200م²

💰 ابتداءً من 600,000 ريال

* 3 غرف نوم
* مجلس
* صالة
* مطبخ
* 3 دورات مياه
* غرفة خادمة
* غرفة غسيل
* حوش خاص

⭐ كما يتوفر نموذج مميز بمساحة 200م² بسعر 650,000 ريال.

⸻

✨ مميزات المشروع

✅ تشطيبات فاخرة وعصرية.
✅ تصميم عملي يناسب العائلات.
✅ مساحات وأسعار متنوعة.
✅ موقع مميز في حي طيبة جنوب الرياض.
✅ جاهزة للسكن والإفراغ الفوري.

⸻

🛡️ ضمانات تمنحك راحة البال

✔️ تنفيذ وفق الكود السعودي الجديد.
✔️ إشراف هندسي معتمد.
✔️ جميع الضمانات النظامية.
✔️ تأمين لمدة 10 سنوات ضد العيوب الخفية من التعاونية.

⸻

💳 خيارات شراء مرنة

✔️ يقبل الدعم السكني.
✔️ التمويل البنكي.
✔️ الدفع النقدي.
✔️ مناسب لجميع الجهات والقطاعات.

⸻

📍 لا تدفع أي عمولة… تعامل مباشر مع وكيل المشروع.

📞 للتواصل وحجز موعد المعاينة:
((الرقم يظهر عند الضغط على اتصال))

⏳ سارع بالحجز، فالعدد محدود والأسعار الحالية فرصة لا تُعوّض.",24.549995,46.803924,https://images.aqar.fm/webp/750x0/props/012418549_1783802363336.jpg,1,سلطان محمد احمد اليامي,,,2026-07-11,2026-08-10,2026-08-23,633,2026-08-23,True,"380,000",False,فيلا
6743991,https://sa.aqar.fm/فلل-للبيع/الرياض/جنوب-الرياض/حي-طيبة/شارع-الأهرامات-حي-طيبة-مدينة-الرياض-منطقة-الرياض-6743991,"فيلا للبيع في شارع الأهرامات, حي طيبة, مدينة الرياض, منطقة الرياض",600000,285,4,4,2,0,حي طيبة,الرياض,جنوب الرياض,"🟥⬛️🟦🟧🟩🟪🟫🟨🟥🟦🟧🟩
 السلام عليكم ورحمة الله وبركاته.
 اسعد الله اوقاتكم بكل خير عملائنا الكرام ٠ 
فرصه العمر لن تتكرر 🎊🎉
 بتدوور علي الأناقة في التصميم واستغلال المساحات 💯
 بتدور على توفير المال والمصداقية في التعامل
 ابشر باللي يطيب خاطرك 💯
 نقدم لكم تاون هاوس فاخره: 
في حي  : طيبة 
 مساحة  : 285م 
 السعر    : 700 ألف للارضي قابل للتفاوض 
 واجهة    : 600 ألف للعلوي قابل للتفاوض 
 الشارع  : 15 م 
 تشطيب سوبر سوبر لوكس
 نوفر تسديد المديونيات والدفعه الاولي 10% مجاناااااااا وبدون أي فوائد 👍👍
 نختصر عليك الوقت ولذلك نتعامل مع جميع البنوك والشركات التمويليه العقاريه مع إمكانية التحويل من بنك الي بنك اخر وتسهيل كل الامور 👍
 من الاخر هات فرشك واحنا نسلمك المفتاح👍
 مش عليك إلا ان تتواصل معنا واتس اب او اتصال. مشروع(( 6 ))",24.54988,46.831225,https://images.aqar.fm/webp/750x0/props/011167297_1783546670369.jpg | https://images.aqar.fm/webp/750x0/props/011167298_1783546669753.jpg | https://images.aqar.fm/webp/750x0/props/011167292_1783546669969.jpg | https://images.aqar.fm/webp/750x0/props/011167295_1783546670185.jpg | https://images.aqar.fm/webp/750x0/props/011167293_1783546670584.jpg,5,جبر لافي عوض العتيبي,مؤسسة أوائل الرياض العقارية,1,2026-06-22,2026-08-20,2026-08-23,373,2026-08-23,True,"600,000",False,فيلا
6697608,https://sa.aqar.fm/فلل-للبيع/الرياض/جنوب-الرياض/حي-طيبة/شارع-طيب-الإسم-حي-طيبة-مدينة-الرياض-منطقة-الرياض-6697608,"فيلا للبيع في شارع طيب الإسم, حي طيبة, مدينة الرياض, منطقة الرياض",550000,200,4,5,2,0,حي طيبة,الرياض,جنوب الرياض,"كودددددد 4
السلام عليكم ورحمه الله وبركاته اسعد الله اوقاتكم بكل خير  
مؤسسة وثائق التطوير العقارية 
يسعدنا أن نقدم لكم 
تاون هاوس 
بحى طيبه 
مساحته 250م
شارع 15
واجهه 
عليها   550    ألف
مدخل سياره مجلس رجال بالمغاسل مقلط صاله مطبخ غرفتين نوم 
فوق غرفتين نوم 
عليها كافة الضمانات  المطلوبة على العوازل والخزنات والبايكه والكهرباء والسباكه  ونتعامل مع جميع البنوك والشركات وتحويل من بنك لاخر  ونسعى فى توفير الدفعه الاولى مجانا وسداد المديونية وتخليص أمور  البنك 
كودددددد 4",24.546697,46.830386,https://images.aqar.fm/webp/750x0/props/045520926_1784731564329.jpg,1,عائشه علي,مؤسسة وثائق للتطوير العقاري,1,2026-05-14,2026-08-10,2026-08-17,504,2026-08-23,True,"550,000",False,فيلا
6482508,https://sa.aqar.fm/فلل-للبيع/الرياض/جنوب-الرياض/حي-طيبة/شارع-حسين-بن-حمد-حي-طيبة-مدينة-الرياض-منطقة-الرياض-6482508,"فيلا للبيع في شارع حسين بن حمد, حي طيبة, مدينة الرياض, منطقة الرياض",645000,200,5,5,0,0,حي طيبة,الرياض,جنوب الرياض,"بسم الله الرحمن الرحيم 
العروض الحصريه
غرب الرياض وجنوب الرياض
اسعار ممتازه مقابل القيمه
أدوار ارضيه وعلويه وشقق
طيبه. عكاظ. الجوهره. سما السعيدان
اسعار مختلفه
تبدأ من من 550الف
مساحات كبيره ومختلفة
تبدأ..
250م
ل..
400م
جميع التسهيلات موجودة لحين ما تستلم مفتاح بيتك بجميع ضمانته
للتواصل.
              ((رقم المعلن يظهر عند التواصل)) 
                                   نسعد بتواصلكم معنا",24.548428,46.825027,https://images.aqar.fm/webp/750x0/props/024102667_1764174753750.jpg | https://images.aqar.fm/webp/750x0/props/024102664_1764174752468.jpg | https://images.aqar.fm/webp/750x0/props/024102667_1764174753609.jpg | https://images.aqar.fm/webp/750x0/props/024102666_1764174753751.jpg | https://images.aqar.fm/webp/750x0/props/024102666_1764174753752.jpg | https://images.aqar.fm/webp/750x0/props/024102667_1764174753858.jpg | https://images.aqar.fm/webp/750x0/props/024102668_1764174753974.jpg | https://images.aqar.fm/webp/750x0/props/024102666_1764174754026.jpg | https://images.aqar.fm/webp/750x0/props/024102668_1764174754026.jpg | https://images.aqar.fm/webp/750x0/props/024102668_1764174754086.jpg | https://images.aqar.fm/webp/750x0/props/024102666_1764174754209.jpg | https://images.aqar.fm/webp/750x0/props/024102660_1764174754436.jpg | https://images.aqar.fm/webp/750x0/props/024102667_1764174754337.jpg | https://images.aqar.fm/webp/750x0/props/024102667_1764174754336.jpg | https://images.aqar.fm/webp/750x0/props/024102660_1764174754385.jpg,15,عبدالعزيز عمر,شركة سكاي لاين فيو العقارية,1,2025-11-26,2025-11-26,2026-08-10,736,2026-08-23,True,"645,000",False,فيلا
6491652,https://sa.aqar.fm/فلل-للبيع/الرياض/جنوب-الرياض/حي-طيبة/شارع-الأمير-سعود-بن-محمد-بن-مقرن-حي-طيبة-مدينة-الرياض-منطقة-الرياض-6491652,"فيلا للبيع في شارع الأمير سعود بن محمد بن مقرن, حي طيبة, مدينة الرياض, منطقة الرياض",645000,163,5,1,0,0,حي طيبة,الرياض,جنوب الرياض,السلام عليكم نقدم لكم تاون هاوس ارضي في حي طيبه ٦٤٥الف موجود عله جميع موجود عليها جميع الضمانات ونتعامل مع جميع البنوك والشركات للتواصل,24.545486,46.830201,,,عهود محمد حمد الغامدي,مؤسسة دارك المشيد للخدمات العقارية,1,2025-12-03,2025-12-03,2026-08-23,710,2026-08-23,True,"645,000",False,فيلا
6554532,https://sa.aqar.fm/فلل-للبيع/الرياض/جنوب-الرياض/حي-طيبة/حي-طيبة-مدينة-الرياض-منطقة-الرياض-6554532,"فيلا للبيع في حي طيبة, مدينة الرياض, منطقة الرياض",550000,200,5,3,2,0,حي طيبة,الرياض,جنوب الرياض,"للبيع  تاون هاوس ارضي  
مدخل سيارة ومجلس رجال وصاله ومقلط ومطبخ بمستودع وغرفتين نوم بدورة مياه ودرج داخلي
 الدور الأول غرفتين نوم منهم غرفه ماستر
المساحة 245م 
السعر 645الف 
الموقع  حي  طيبة 
للتواصل ((رقم المعلن يظهر عند التواصل))
 ابو حور",24.552883,46.81036,https://images.aqar.fm/webp/750x0/props/002452710_1768916601503.jpg | https://images.aqar.fm/webp/750x0/props/002452713_1768916600822.jpg | https://images.aqar.fm/webp/750x0/props/002452712_1768916600932.jpg | https://images.aqar.fm/webp/750x0/props/002452716_1768916601071.jpg | https://images.aqar.fm/webp/750x0/props/002452712_1768916601075.jpg | https://images.aqar.fm/webp/750x0/props/002452718_1768916601176.jpg | https://images.aqar.fm/webp/750x0/props/002452718_1768916601284.jpg | https://images.aqar.fm/webp/750x0/props/002452719_1768916601384.jpg | https://images.aqar.fm/webp/750x0/props/002452719_1768916601386.jpg | https://images.aqar.fm/webp/750x0/props/002452716_1768916601608.jpg | https://images.aqar.fm/webp/750x0/props/002452718_1768916601724.jpg | https://images.aqar.fm/webp/750x0/props/002452714_1768916601813.jpg | https://images.aqar.fm/webp/750x0/props/002452713_1768916601826.jpg | https://images.aqar.fm/webp/750x0/props/002452719_1768916601971.jpg,14,خالد العصيمي,شركة بنود العقارية,1,2026-01-20,2026-01-20,2026-08-23,1667,2026-08-23,True,"550,000",False,فيلا
6751933,https://sa.aqar.fm/فلل-للبيع/الرياض/جنوب-الرياض/حي-طيبة/شارع-العزيزيه-حي-طيبة-مدينة-الرياض-منطقة-الرياض-6751933,"فيلا للبيع في شارع العزيزيه, حي طيبة, مدينة الرياض, منطقة الرياض",550000,167,4,4,0,0,حي طيبة,الرياض,جنوب الرياض,"مشروع 9
السلام عليكم ورحمة الله وبركاته 
فرصة العمر لا تتكرر
بتدور على الاناقه في التصميم واستغلال المساحات
بتدور على توفير المال والمصداقيه في التعامل
ابشر باللي يطيب خاطرك
نقدم لكم مشروع تاون هاوس أرضي وعلوي فاخره
في حي: طيبه العزيزية 
السعر: ارضى 550 الف 
علوي 550 الف 
وجهه: جنوبي 
عرض الشارع : 20م
نوفر سداد المديونيات والدفعه الأولى 10٪ مجانًا وبدون أي فوائد
نختصر عليك الوقت ولذالك نتعامل َع جميع البنوك والشركات التمويليه العقاريه مع إمكانية التحويل من بنك لبنك اخر وتسهيل كل الأمور
مع عليك اللي ان نتواصل معنا واتس أو اتصال
(مشروع 9)",24.549416,46.806141,https://images.aqar.fm/webp/750x0/props/011167290_1785522895283.jpg | https://images.aqar.fm/webp/750x0/props/011167298_1784840335953.jpg | https://images.aqar.fm/webp/750x0/props/011167297_1784840425050.jpg | https://images.aqar.fm/webp/750x0/props/011167299_1784840424956.jpg | https://images.aqar.fm/webp/750x0/props/011167299_1784840425515.jpg | https://images.aqar.fm/webp/750x0/props/011167299_1784840425823.jpg | https://images.aqar.fm/webp/750x0/props/011167291_1784840425727.jpg | https://images.aqar.fm/webp/750x0/props/011167299_1784840425617.jpg | https://images.aqar.fm/webp/750x0/props/011167296_1784840424634.jpg | https://images.aqar.fm/webp/750x0/props/011167291_1784840424972.jpg | https://images.aqar.fm/webp/750x0/props/011167293_1784840425124.jpg | https://images.aqar.fm/webp/750x0/props/011167298_1784840425215.jpg | https://images.aqar.fm/webp/750x0/props/011167297_1784840425347.jpg | https://images.aqar.fm/webp/750x0/props/011167291_1784840425427.jpg | https://images.aqar.fm/webp/750x0/props/011167295_1784840424468.jpg | https://images.aqar.fm/webp/750x0/props/011167298_1784840424826.jpg | https://images.aqar.fm/webp/750x0/props/011167297_1784840425908.jpg,17,جبر لافي عوض العتيبي,مؤسسة أوائل الرياض العقارية,1,2026-06-28,2026-07-28,2026-08-23,272,2026-08-23,True,"550,000",False,فيلا
6769527,https://sa.aqar.fm/فلل-للبيع/الرياض/جنوب-الرياض/حي-طيبة/شارع-عفيف-حي-طيبة-مدينة-الرياض-منطقة-الرياض-6769527,"فيلا للبيع في شارع عفيف, حي طيبة, مدينة الرياض, منطقة الرياض",380000,166,4,0,0,0,حي طيبة,الرياض,جنوب الرياض,"🏡 للبيع ادور سكنية في حي طيبة – جنوب الرياض

فرصة تملك مميزة في حي طيبة جنوب الرياض بتشطيبات فاخرة وتصاميم عصرية، مع خيارات متعددة تناسب جميع الاحتياجات والميزانيات.

🏠 الخيارات المتوفرة:

🔹 120م²

💰 380,000 ريال

* 3 غرف نوم
* مجلس
* صالة
* مطبخ
* 3 دورات مياه
* غرفة خادمة
* سطح خاص

🔹 150م²

💰 480,000 ريال

* 3 غرف نوم
* مجلس
* صالة
* مطبخ
* 3 دورات مياه
* غرفة خادمة
* غرفة غسيل

🔹 160م²

💰 520,000 ريال

* 3 غرف نوم
* مجلس
* صالة
* مطبخ
* 3 دورات مياه
* غرفة خادمة
* غرفة غسيل
* حوش خاص

🔹 200م²

💰 ابتداءً من 600,000 ريال

* 3 غرف نوم
* مجلس
* صالة
* مطبخ
* 3 دورات مياه
* غرفة خادمة
* غرفة غسيل
* حوش خاص

⭐ كما يتوفر نموذج مميز بمساحة 200م² بسعر 650,000 ريال.

⸻

✨ مميزات المشروع

✅ تشطيبات فاخرة وعصرية.
✅ تصميم عملي يناسب العائلات.
✅ مساحات وأسعار متنوعة.
✅ موقع مميز في حي طيبة جنوب الرياض.
✅ جاهزة للسكن والإفراغ الفوري.

⸻

🛡️ ضمانات تمنحك راحة البال

✔️ تنفيذ وفق الكود السعودي الجديد.
✔️ إشراف هندسي معتمد.
✔️ جميع الضمانات النظامية.
✔️ تأمين لمدة 10 سنوات ضد العيوب الخفية من التعاونية.

⸻

💳 خيارات شراء مرنة

✔️ يقبل الدعم السكني.
✔️ التمويل البنكي.
✔️ الدفع النقدي.
✔️ مناسب لجميع الجهات والقطاعات.

⸻

📍 لا تدفع أي عمولة… تعامل مباشر مع وكيل المشروع.

📞 للتواصل وحجز موعد المعاينة:
((الرقم يظهر عند الضغط على اتصال))

⏳ سارع بالحجز، فالعدد محدود والأسعار الحالية فرصة لا تُعوّض.",24.552879,46.832989,https://images.aqar.fm/webp/750x0/props/012418542_1783802087981.jpg,1,سلطان محمد احمد اليامي,,,2026-07-11,2026-08-10,2026-08-23,263,2026-08-23,True,"380,000",False,فيلا
6799226,https://sa.aqar.fm/فلل-للبيع/الرياض/جنوب-الرياض/حي-طيبة/شارع-العزيزيه-حي-طيبة-مدينة-الرياض-منطقة-الرياض-6799226,"فيلا للبيع في شارع العزيزيه, حي طيبة, مدينة الرياض, منطقة الرياض",480000,201,3,,,0,حي طيبة,الرياض,جنوب الرياض,"مشروع 9
السلام عليكم ورحمة الله وبركاته 
فرصة العمر لا تتكرر
بتدور على الاناقه في التصميم واستغلال المساحات
بتدور على توفير المال والمصداقيه في التعامل
ابشر باللي يطيب خاطرك
نقدم لكم فيلا تاون هاوس علوي فاخره
في حي: طيبه العزيزية 
مساحة: 265م 
السعر: 500 الف فيها تفاوض بسيط 
وجهه: جنوبي 
عرض الشارع : 18م 
نوفر سداد المديونيات والدفعه الأولى 10٪ مجانًا وبدون أي فوائد
نختصر عليك الوقت ولذالك نتعامل َع جميع البنوك والشركات التمويليه العقاريه مع إمكانية التحويل من بنك لبنك اخر وتسهيل كل الأمور
مع عليك اللي ان نتواصل معنا واتس أو اتصال
(مشروع 9)",24.545797,46.806354,https://images.aqar.fm/webp/750x0/props/011167295_1785519796270.jpg,1,جبر لافي عوض العتيبي,مؤسسة أوائل الرياض العقارية,1,2026-07-31,2026-07-31,2026-08-23,318,2026-08-23,True,"480,000",False,فيلا
6570092,https://sa.aqar.fm/فلل-للبيع/الرياض/جنوب-الرياض/حي-طيبة/شارع-المنتدى-حي-طيبة-مدينة-الرياض-منطقة-الرياض-6570092,"فيلا للبيع في شارع المنتدى, حي طيبة, مدينة الرياض, منطقة الرياض",1150000,292,4,5,0,5,حي طيبة,الرياض,جنوب الرياض,"مساحة 292.56م² بتصميم عملي يوفر الخصوصية والراحة لكل أفراد الأسرة.

🔹 مدخل سيارة + مشب + حوش
🔹 مدخلين مستقلين (رجال / نساء)

الدور الأرضي:
مجلس رجال مع مغاسل ودورة مياه
مقلط
صالة واسعة
دورة مياه
مطبخ
درج داخلي

الدور الأول:
صالة عائلية
4 غرف نوم (2 ماستر)
دورة مياه

الملحق:
غرفة + دورة مياه + مغسلة + سطح خاص

قريب من الخدمات ويمنحك سكن عائلي مريح بتقسيم ذكي ومساحات مناسبة",24.55599,46.810806,https://images.aqar.fm/webp/750x0/props/046788932_1769881447718.jpg | https://images.aqar.fm/webp/750x0/props/046788939_1769881447687.jpg | https://images.aqar.fm/webp/750x0/props/046788933_1769881447714.jpg | https://images.aqar.fm/webp/750x0/props/046788937_1769881447731.jpg | https://images.aqar.fm/webp/750x0/props/046788934_1769881447708.jpg | https://images.aqar.fm/webp/750x0/props/046788933_1769881447734.jpg | https://images.aqar.fm/webp/750x0/props/046788939_1769881447703.jpg,7,ريما بنت ابراهيم بن سليمان المسيطير,,,2026-01-31,2026-01-31,2026-03-16,73,2026-08-23,True,"1,150,000",False,فيلا
6769522,https://sa.aqar.fm/فلل-للبيع/الرياض/جنوب-الرياض/حي-طيبة/شارع-أبحير-حي-طيبة-مدينة-الرياض-منطقة-الرياض-6769522,"فيلا للبيع في شارع أبحير, حي طيبة, مدينة الرياض, منطقة الرياض",380000,166,4,0,0,0,حي طيبة,الرياض,جنوب الرياض,"🏡 للبيع ادور سكنية في حي طيبة – جنوب الرياض

فرصة تملك مميزة في حي طيبة جنوب الرياض بتشطيبات فاخرة وتصاميم عصرية، مع خيارات متعددة تناسب جميع الاحتياجات والميزانيات.

🏠 الخيارات المتوفرة:

🔹 120م²

💰 380,000 ريال

* 3 غرف نوم
* مجلس
* صالة
* مطبخ
* 3 دورات مياه
* غرفة خادمة
* سطح خاص

🔹 150م²

💰 480,000 ريال

* 3 غرف نوم
* مجلس
* صالة
* مطبخ
* 3 دورات مياه
* غرفة خادمة
* غرفة غسيل

🔹 160م²

💰 520,000 ريال

* 3 غرف نوم
* مجلس
* صالة
* مطبخ
* 3 دورات مياه
* غرفة خادمة
* غرفة غسيل
* حوش خاص

🔹 200م²

💰 ابتداءً من 600,000 ريال

* 3 غرف نوم
* مجلس
* صالة
* مطبخ
* 3 دورات مياه
* غرفة خادمة
* غرفة غسيل
* حوش خاص

⭐ كما يتوفر نموذج مميز بمساحة 200م² بسعر 650,000 ريال.

⸻

✨ مميزات المشروع

✅ تشطيبات فاخرة وعصرية.
✅ تصميم عملي يناسب العائلات.
✅ مساحات وأسعار متنوعة.
✅ موقع مميز في حي طيبة جنوب الرياض.
✅ جاهزة للسكن والإفراغ الفوري.

⸻

🛡️ ضمانات تمنحك راحة البال

✔️ تنفيذ وفق الكود السعودي الجديد.
✔️ إشراف هندسي معتمد.
✔️ جميع الضمانات النظامية.
✔️ تأمين لمدة 10 سنوات ضد العيوب الخفية من التعاونية.

⸻

💳 خيارات شراء مرنة

✔️ يقبل الدعم السكني.
✔️ التمويل البنكي.
✔️ الدفع النقدي.
✔️ مناسب لجميع الجهات والقطاعات.

⸻

📍 لا تدفع أي عمولة… تعامل مباشر مع وكيل المشروع.

📞 للتواصل وحجز موعد المعاينة:
((الرقم يظهر عند الضغط على اتصال))

⏳ سارع بالحجز، فالعدد محدود والأسعار الحالية فرصة لا تُعوّض.",24.550781,46.832575,https://images.aqar.fm/webp/750x0/props/012418542_1783801987933.jpg,1,سلطان محمد احمد اليامي,,,2026-07-11,2026-08-10,2026-08-23,148,2026-08-23,True,"380,000",False,فيلا
6750458,https://sa.aqar.fm/فلل-للبيع/الرياض/جنوب-الرياض/حي-طيبة/شارع-العزيزيه-حي-طيبة-مدينة-الرياض-منطقة-الرياض-6750458,"فيلا للبيع في شارع العزيزيه, حي طيبة, مدينة الرياض, منطقة الرياض",480000,187,3,,,0,حي طيبة,الرياض,جنوب الرياض,"مشروع 9
السلام عليكم ورحمة الله وبركاته 
فرصة العمر لا تتكرر
بتدور على الاناقه في التصميم واستغلال المساحات
بتدور على توفير المال والمصداقيه في التعامل
ابشر باللي يطيب خاطرك
نقدم لكم مشروع أدوار كل دور بصك فاخره
في حي: طيبه العزيزية 
السعر: ارضى 480 الف 
علوي تاون هاوس 500 الف 
وجهه: جنوبي 
عرض الشارع : 15م 
نوفر سداد المديونيات والدفعه الأولى 10٪ مجانًا وبدون أي فوائد
نختصر عليك الوقت ولذالك نتعامل َع جميع البنوك والشركات التمويليه العقاريه مع إمكانية التحويل من بنك لبنك اخر وتسهيل كل الأمور
مع عليك اللي ان نتواصل معنا واتس أو اتصال
(مشروع 9)",24.547241,46.801726,https://images.aqar.fm/webp/750x0/props/011167298_1782599743858.jpg | https://images.aqar.fm/webp/750x0/props/011167292_1782599744027.jpg | https://images.aqar.fm/webp/750x0/props/011167292_1782599744208.jpg | https://images.aqar.fm/webp/750x0/props/011167290_1782599744127.jpg | https://images.aqar.fm/webp/750x0/props/011167293_1782599744057.jpg | https://images.aqar.fm/webp/750x0/props/011167296_1782599744114.jpg | https://images.aqar.fm/webp/750x0/props/011167290_1782599743868.jpg | https://images.aqar.fm/webp/750x0/props/011167293_1782599743780.jpg | https://images.aqar.fm/webp/750x0/props/011167295_1782599743929.jpg | https://images.aqar.fm/webp/750x0/props/011167295_1782599743947.jpg | https://images.aqar.fm/webp/750x0/props/011167295_1782599744195.jpg,11,جبر لافي عوض العتيبي,مؤسسة أوائل الرياض العقارية,1,2026-06-27,2026-07-27,2026-08-23,492,2026-08-23,True,"480,000",False,فيلا
6751799,https://sa.aqar.fm/فلل-للبيع/الرياض/جنوب-الرياض/حي-طيبة/شارع-العزيزيه-حي-طيبة-مدينة-الرياض-منطقة-الرياض-6751799,"فيلا للبيع في شارع العزيزيه, حي طيبة, مدينة الرياض, منطقة الرياض",500000,300,4,5,3,0,حي طيبة,الرياض,جنوب الرياض,"السلام عليكم ورحمة الله وبركاته 
فرصه العمر لا تتكرر
بتدوور علي الأناقة في التصميم واستغلال المساحات 
بتدور على توفير المال والمصداقية في التعامل
ابشر باللي يطيب خاطرك 

نقدم لكم فيلا تاون هاوس فاخره:
في حي : طيبه
المساحه: 300 متر 
السعر    :فيلا تاون هاوس (٣) دور عليها 630 الف
فيلا تاون هاوس 2 دور عليها 500 الف 
وجهه    : شماليه
عرض الشارع: 20م 
- تملك منزلك مع توفير الحلول والتسهيلات العقاريه للعسكرين والمدنين 
- في مستشارك الامثل نقدم لك استثناءات من البنوك ونوفر لك التمويل
- باسرع وقت واقل نسبه واعلي مبلغ متاح !!
( وقارن بين حسبتنا وحسب البنوك بنفسك !)
- توفير مبلغ فائض فوق قيمه العقار للاثاث 
* توفير الدفعه الاولي مجانا 
* تصفية الالتزامات في بنك العميل 
* اشراف علي التقييم بشكل مباشر للتقييم جيد ولعدم بخس ثمن العقار 
* التعامل مع ادارة البنوك مباشرة
* توفير جميع العروض ☆
كود ((5))",24.54625,46.803201,https://images.aqar.fm/webp/750x0/props/011167296_1785068843103.jpg | https://images.aqar.fm/webp/750x0/props/011167290_1785068842938.jpg | https://images.aqar.fm/webp/750x0/props/011167290_1785068843380.jpg | https://images.aqar.fm/webp/750x0/props/011167296_1785068843471.jpg | https://images.aqar.fm/webp/750x0/props/011167292_1785068843741.jpg | https://images.aqar.fm/webp/750x0/props/011167298_1785068843836.jpg | https://images.aqar.fm/webp/750x0/props/011167298_1785068843948.jpg | https://images.aqar.fm/webp/750x0/props/011167296_1785068844135.jpg | https://images.aqar.fm/webp/750x0/props/011167295_1785068843046.jpg | https://images.aqar.fm/webp/750x0/props/011167299_1785068843270.jpg | https://images.aqar.fm/webp/750x0/props/011167293_1785068843656.jpg | https://images.aqar.fm/webp/750x0/props/011167291_1785068842709.jpg | https://images.aqar.fm/webp/750x0/props/011167297_1785068842808.jpg | https://images.aqar.fm/webp/750x0/props/011167298_1785068843554.jpg | https://images.aqar.fm/webp/750x0/props/011167291_1785068844033.jpg | https://images.aqar.fm/webp/750x0/props/011167293_1785068843213.jpg,16,جبر لافي عوض العتيبي,مؤسسة أوائل الرياض العقارية,1,2026-06-28,2026-07-28,2026-08-22,470,2026-08-23,True,"500,000",False,فيلا
6517597,https://sa.aqar.fm/فلل-للبيع/الرياض/جنوب-الرياض/حي-طيبة/شارع-المحرق-حي-طيبة-مدينة-الرياض-منطقة-الرياض-6517597,"فيلا للبيع في شارع المحرق, حي طيبة, مدينة الرياض, منطقة الرياض",580000,177,6,2,0,0,حي طيبة,الرياض,جنوب الرياض,"للتواصل ((رقم المعلن يظهر عند التواصل))

فـيـلا للــبـيـع
فـيـلا للــبـيـع
فـيـلا للــبـيـع
فـيـلا للــبـيـع",24.555357,46.83277,https://images.aqar.fm/webp/750x0/props/042914504_1766541087137.jpg | https://images.aqar.fm/webp/750x0/props/042914506_1766541087106.jpg | https://images.aqar.fm/webp/750x0/props/042914505_1766541087148.jpg | https://images.aqar.fm/webp/750x0/props/042914506_1766541087176.jpg | https://images.aqar.fm/webp/750x0/props/042914506_1766541156502.jpg | https://images.aqar.fm/webp/750x0/props/042914500_1766541156517.jpg | https://images.aqar.fm/webp/750x0/props/042914501_1766541156530.jpg | https://images.aqar.fm/webp/750x0/props/042914508_1766541156610.jpg | https://images.aqar.fm/webp/750x0/props/042914505_1766541156598.jpg | https://images.aqar.fm/webp/750x0/props/042914500_1766541156695.jpg | https://images.aqar.fm/webp/750x0/props/042914501_1766541156680.jpg | https://images.aqar.fm/webp/750x0/props/042914508_1766541156668.jpg,12,ماجد البقمي,,0,2025-12-23,2025-12-23,2026-08-18,1392,2026-08-23,True,"580,000",False,فيلا
