listing_id,url,title,price,area_sqm,rooms,bathrooms,livings,age_years,district,city,direction,description,latitude,longitude,images,images_count,advertiser_name,advertiser_company,advertiser_type,created_at,published_at,last_update,views,date_scraped,published,price_text,price_was_missing,property_type
6786249,https://sa.aqar.fm/فلل-للبيع/الرياض/جنوب-الرياض/حي-عكاظ/شارع-ابن-سيدة-اللغوي-حي-عكاظ-مدينة-الرياض-منطقة-الرياض-6786249,"فيلا للبيع في شارع ابن سيدة اللغوي, حي عكاظ, مدينة الرياض, منطقة الرياض",730000,236,4,3,2,0,حي عكاظ,الرياض,جنوب الرياض,"🏡 فرصة سكنية واستثمارية فريدة في ) حي عكاظ (مخطط العجلان)
امتلك الآن تاون هاوس بتصميم عصري واستغلال ذكي للمساحات، يضمن لك ولعائلتك الراحة والخصوصية بالمنطقة الأكثر تميزاً
✨ أبرز مواصفات العقار
🚗 موقف خاص لسيارتك.
الدور الأرضي (مساحات استقبال واسعة)
مجلس ضيافة أنيق
صالة طعام (مقلط)
صالة نساء واسعة وشرحة مع دورة مياه خاصة
الدور العلوي (خصوصية تامة للعائلة)
صالة عائلية ملمومة
4 غرف نوم واسعة ومريحة
📍 الموقع: حي عكاظ - مخطط العجلان (موقع استراتيجي وقريب 
السعر 730 الف
الضمانات:* 
* كود سعودي 
* شهادات اشغال 
* إشراف هندسي 
* إطلاق تيار 
* *10* سنوات هيكل انشائي
* *20* سنه كهرباء 
* *50* سنه سباكه
* *ضمان* علي العوازل كامله 
* *ضمان* بوبات
* *ضمان* من الموسسه المطوره    
 علي المبنئ كامل لمدة *سنه*

كما يوجد لدينا عروض اخري ومسحات مختلفه و بأسعار مناسبه للجميع ولدينا فريق عمل متكامل علي اكمل وجه ويوجد أيضآ جميع الحلول التمويليه نتعامل مع جميع البنوك في جميع أنحاء المملكة العربية السعودية و نوفر لكم الدفعه الأولى مجانأ و بدون اي فوائد 

*للتواصل والاستفسار:* 

*((الرقم يظهر عند الضغط على اتصال))",24.509933,46.656807,https://images.aqar.fm/webp/750x0/props/048077742_1784747998238.jpg | https://images.aqar.fm/webp/750x0/props/048077743_1784747998363.jpg | https://images.aqar.fm/webp/750x0/props/048077747_1784747996732.jpg | https://images.aqar.fm/webp/750x0/props/048077741_1784747996997.jpg | https://images.aqar.fm/webp/750x0/props/048077742_1784747997027.jpg | https://images.aqar.fm/webp/750x0/props/048077743_1784747997160.jpg | https://images.aqar.fm/webp/750x0/props/048077741_1784747997237.jpg | https://images.aqar.fm/webp/750x0/props/048077749_1784747997287.jpg | https://images.aqar.fm/webp/750x0/props/048077744_1784747997458.jpg | https://images.aqar.fm/webp/750x0/props/048077740_1784747997606.jpg | https://images.aqar.fm/webp/750x0/props/048077743_1784747997646.jpg | https://images.aqar.fm/webp/750x0/props/048077747_1784747997961.jpg | https://images.aqar.fm/webp/750x0/props/048077744_1784747998106.jpg | https://images.aqar.fm/webp/750x0/props/048077743_1784747998363.jpg | https://images.aqar.fm/webp/750x0/props/048077741_1784747998609.jpg | https://images.aqar.fm/webp/750x0/props/048077746_1784747998604.jpg | https://images.aqar.fm/webp/750x0/props/048077745_1784747998870.jpg | https://images.aqar.fm/webp/750x0/props/048077745_1784747998864.jpg | https://images.aqar.fm/webp/750x0/props/048077749_1784747998864.jpg,19,تماني بنت عقيل بن فارس العنزي,مكتب مساكن المهلهل,1,2026-07-22,2026-08-21,2026-08-22,187,2026-08-23,True,"730,000",False,فيلا
6776721,https://sa.aqar.fm/فلل-للبيع/الرياض/جنوب-الرياض/حي-عكاظ/شارع-فارس-الأزدى-حي-عكاظ-مدينة-الرياض-منطقة-الرياض-6776721,"فيلا للبيع في شارع فارس الأزدى, حي عكاظ, مدينة الرياض, منطقة الرياض",1500000,395,5,5,0,5,حي عكاظ,الرياض,جنوب الرياض,"فيلا للبيع في شارع الربائع ، حي عريض ، الرياض  بسعر ١.٥٠٠.٠٠٠ ريال

مجلس خارجي مشب مساحة كبيره دوره مياه 
مجلس
مقلط 
صالتين 
مطبخ
غرفه ضيوف 
٣ دورات مياه 

الدور الأول ٥ غرف نوم وصاله 
غرفه علويه وسطح
سطح خلفي كبير بالاضافه الأمامي",24.503009,46.667053,https://images.aqar.fm/webp/750x0/props/053095737_1784200829132.jpg,1,صهيب العقيلي,مؤسسة رس الاسس العقارية,1,2026-07-16,2026-08-14,2026-08-23,490,2026-08-23,True,"1,500,000",False,فيلا
6427049,https://sa.aqar.fm/فلل-للبيع/الرياض/جنوب-الرياض/حي-عكاظ/حي-عكاظ-مدينة-الرياض-منطقة-الرياض-6427049,"فيلا للبيع في حي عكاظ, مدينة الرياض, منطقة الرياض",790000,247,4,4,1,0,حي عكاظ,الرياض,جنوب الرياض,"بسم ألله الرحمن الرحيم

كوووووود 28

 اسعد الله اوقاتكم بكل خير

 فيلا تاون هاوس ارضي 

الارضي
 يتكون من مدخل سياره مجلس رجال بالمغاسل ومقلط وصاله ومطبخ وحمام وغرفه كبار السن ماستر وحوش خلفي اطلع الدرج غرفتين نوم منهم غرفه ماستر اطلع الدرج سطح
 

 حي سما عكاظ 
  
 السعر      ويوجد تسديد جميع  المديونيات داخل البنك وخارجه
   توفير الدفعه بدون فوائد ويوجد جميع الضمانات اللازمة للعقار كل من السباكه والكهرباء والعوازل وخزنات المياه والبايكه ونتعامل مع جميع البنوك داخل المملكه ولدينا جميع الحلول التمويليه اللازمه
 
كوووووود 28",24.509108,46.642928,https://images.aqar.fm/webp/750x0/props/020124845_1760626907194.jpg | https://images.aqar.fm/webp/750x0/props/020124842_1760626906270.jpg | https://images.aqar.fm/webp/750x0/props/020124849_1760626906447.jpg | https://images.aqar.fm/webp/750x0/props/020124845_1760626906685.jpg | https://images.aqar.fm/webp/750x0/props/020124847_1760626906952.jpg | https://images.aqar.fm/webp/750x0/props/020124848_1760626907480.jpg | https://images.aqar.fm/webp/750x0/props/020124843_1760626907697.jpg | https://images.aqar.fm/webp/750x0/props/020124845_1760626907947.jpg | https://images.aqar.fm/webp/750x0/props/020124849_1760626908135.jpg | https://images.aqar.fm/webp/750x0/props/020124845_1760626908417.jpg | https://images.aqar.fm/webp/750x0/props/020124848_1760626908860.jpg | https://images.aqar.fm/webp/750x0/props/020124849_1760626909246.jpg | https://images.aqar.fm/webp/750x0/props/020124841_1760626909487.jpg | https://images.aqar.fm/webp/750x0/props/020124840_1760626909787.jpg | https://images.aqar.fm/webp/750x0/props/020124843_1760626910061.jpg | https://images.aqar.fm/webp/750x0/props/020124844_1760626910315.jpg | https://images.aqar.fm/webp/750x0/props/020124846_1760626910589.jpg | https://images.aqar.fm/webp/750x0/props/020124844_1760626910877.jpg,18,جبر لافي عوض العتيبي,مؤسسة اوائل نمار العقارية,1,2025-10-16,2025-10-16,2026-08-20,1378,2026-08-23,True,"790,000",False,فيلا
6696383,https://sa.aqar.fm/فلل-للبيع/الرياض/جنوب-الرياض/حي-عكاظ/شارع-جان-السليماني-حي-عكاظ-مدينة-الرياض-منطقة-الرياض-6696383,"فيلا للبيع في شارع جان السليماني, حي عكاظ, مدينة الرياض, منطقة الرياض",1550000,375,,5,3,0,حي عكاظ,الرياض,جنوب الرياض,"للبيـع فيلا حي عكاظ مع شقه
بالاثاث
المساحة 375م
الشارع 15م ساكني
الواجهة شمالية
عمر العقار 4سنوات
حره تقبل الكاش والبنك
البيع مليون و550
التفاصيل 
الدورالارضي عباره عن
مشب مع دوره مياة أكرمكم الله
+مجلس رجال بدوره مياه +
مقلط +صالتين استقبال +
غرفه كبار سن مع دوره مياه+
مطبخ +مستودع +حوش كبير
الدور العلوي 
غرفه ماستر مع غرفه ملابس ودوره مياه +غرفه ودوره مياه

شقه/ثلاث غرف مع صاله ومطبخ حمامين
شقه /مؤسس
مدخل خاص للشقق
غرفه سايق وحمامها

يلزم موعد مسبق لزيارة الفيلا",24.503176,46.672707,https://images.aqar.fm/webp/750x0/props/051374703_1778706112080.jpg | https://images.aqar.fm/webp/750x0/props/051374709_1778706111939.jpg | https://images.aqar.fm/webp/750x0/props/051374709_1778706112165.jpg | https://images.aqar.fm/webp/750x0/props/051374709_1778706112078.jpg | https://images.aqar.fm/webp/750x0/props/051374703_1778706111942.jpg | https://images.aqar.fm/webp/750x0/props/051374709_1778706111933.jpg | https://images.aqar.fm/webp/750x0/props/051374703_1778706112295.jpg,7,نوال العتيبي,مؤسسة مسكن الياسمين,1,2026-05-13,2026-08-09,2026-08-18,374,2026-08-23,True,"1,550,000",False,فيلا
6398007,https://sa.aqar.fm/فلل-للبيع/الرياض/جنوب-الرياض/حي-عكاظ/شارع-حامد-عبدالحفيظ-حي-عكاظ-مدينة-الرياض-منطقة-الرياض-6398007,"فيلا للبيع في شارع حامد عبدالحفيظ, حي عكاظ, مدينة الرياض, منطقة الرياض",730000,252,5,5,3,0,حي عكاظ,الرياض,جنوب الرياض,"حي عكاظ مخطط العجلان
تاون مساحه 300م 
شارع 18 م
امامي السعر 830الف
 
الاسعار قابله للتفاوض للصامل 

تتكون من مدخل سياره مجلس رجال مقلط صاله مطبخ
الاول ثلاث غرف منهم غرفه ماستر
الدور الثاني غرفتين نوم وصاله وسطح


الخلفي نفس التصميم ونفس كل شي

شغل شخصى ممتاز عليها جميع الضمانات الازمه وتامين ملاذ. 

للتواصل والاستفسار 
((رقم المعلن يظهر عند التواصل))",24.506379,46.66644,https://images.aqar.fm/webp/750x0/props/048087232_1758815511431.jpg | https://images.aqar.fm/webp/750x0/props/048087230_1758815511347.jpg,2,مشاعل دعيرم بن جربوع العتيبي,مؤسسة مكتب بداية جديدة للخدمات العقارية,1,2025-09-25,2025-09-25,2026-08-07,1048,2026-08-23,True,"730,000",False,فيلا
6715150,https://sa.aqar.fm/فلل-للبيع/الرياض/جنوب-الرياض/حي-عكاظ/شارع-النوارس-حي-عكاظ-مدينة-الرياض-منطقة-الرياض-6715150,"فيلا للبيع في شارع النوارس, حي عكاظ, مدينة الرياض, منطقة الرياض",1100000,299,6,,,0,حي عكاظ,الرياض,جنوب الرياض,"للبيع فيلا بحي عكاظ
المساحه 350م
عباره عن دورين وملحق
3 غرف نوم 
غرفة نوم ماستر 
غرفة خادمة ماستر بالملحق
صالتين 
مجلس 
درج صاله 
دورات مياه 
البيع مليون 100 
مباشر من المالك",24.50169,46.66324,,,صالح بن عبيد بن عايش العنزي,مكتب ابداع الصحافة للخدمات العقارية,1,2026-06-01,2026-07-30,2026-08-23,243,2026-08-23,True,"1,100,000",False,فيلا
6651796,https://sa.aqar.fm/فلل-للبيع/الرياض/جنوب-الرياض/حي-عكاظ/شارع-شمس-الدين-الحريري-حي-عكاظ-مدينة-الرياض-منطقة-الرياض-6651796,"فيلا للبيع في شارع شمس الدين الحريري, حي عكاظ, مدينة الرياض, منطقة الرياض",850000,247,3,1,0,0,حي عكاظ,الرياض,جنوب الرياض,"مساء الخير 🌟

نقدم لكم فيلل سكنية فاخره في مدينة الرياض 🏡

📍 الموقع: الرياض – حي العجلان  
🏘️ النوع: فلل سكنية مودرن دبلكسات
📐 المساحة: 247 م²  
💰 السعر: 850,000 ريال (قابل للتفاوض)  

📊 المتبقي من المشروع:  
(4 عقارات فقط) أرقام: 33 – 37 – 38 – 43  

✨ مميزات المشروع:
- موقع مميز وحيوي  
- تصميم عصري وتشطيب فاخر  
- جاهز للإفراغ الفوري  
- مناسب للسكن والاستثمار  
للإطلاع علي تفاصيل الفيلا نرجو مشاهدة الفيديو 
نسعد بخدمتكم 
يوجد لدينا حلول تمويليه ونتعامل مع جميع البنوك


🤝 تعاون مباشر وسرعة في إغلاق الصفقات  
 

 
📲 واتساب متوفر  

🚀 فرصة قوية — العدد محدود",24.50209,46.669326,https://images.aqar.fm/webp/750x0/props/051944474_1776006873421.jpg | https://images.aqar.fm/webp/750x0/props/051944476_1776006872798.jpg | https://images.aqar.fm/webp/750x0/props/051944471_1776006873028.jpg | https://images.aqar.fm/webp/750x0/props/051944473_1776006873125.jpg | https://images.aqar.fm/webp/750x0/props/051944470_1776006873629.jpg | https://images.aqar.fm/webp/750x0/props/051944471_1776006874042.jpg | https://images.aqar.fm/webp/750x0/props/051944477_1776006874084.jpg,7,فايز مصلح,مؤسسة فايز مصلح المطيري,1,2026-04-12,2026-08-06,2026-08-15,838,2026-08-23,True,"850,000",False,فيلا
6387635,https://sa.aqar.fm/فلل-للبيع/الرياض/جنوب-الرياض/حي-عكاظ/شارع-سديرة-حي-عكاظ-مدينة-الرياض-منطقة-الرياض-6387635,"فيلا للبيع في شارع سديرة, حي عكاظ, مدينة الرياض, منطقة الرياض",750000,247,5,,,0,حي عكاظ,الرياض,جنوب الرياض,"تاون هاوس للبيع 
شارع ٢٠ 
السعر ٨٧٠ 
للتواصل ((رقم المعلن يظهر عند التواصل)) 

علي جميع الضمانات",24.517052,46.665956,https://images.aqar.fm/webp/750x0/props/042501587_1758156923904.jpg | https://images.aqar.fm/webp/750x0/props/042501583_1758156923599.jpg | https://images.aqar.fm/webp/750x0/props/042501580_1758156923802.jpg | https://images.aqar.fm/webp/750x0/props/042501581_1758156924098.jpg | https://images.aqar.fm/webp/750x0/props/042501585_1758156924363.jpg | https://images.aqar.fm/webp/750x0/props/042501587_1758156924540.jpg | https://images.aqar.fm/webp/750x0/props/042501582_1758156924854.jpg | https://images.aqar.fm/webp/750x0/props/042501586_1758156925017.jpg | https://images.aqar.fm/webp/750x0/props/042501581_1758156925283.jpg | https://images.aqar.fm/webp/750x0/props/042501585_1758156925559.jpg | https://images.aqar.fm/webp/750x0/props/042501589_1758156925840.jpg | https://images.aqar.fm/webp/750x0/props/042501588_1758156926099.jpg | https://images.aqar.fm/webp/750x0/props/042501584_1758156926359.jpg | https://images.aqar.fm/webp/750x0/props/042501581_1758156926640.jpg | https://images.aqar.fm/webp/750x0/props/042501587_1758156926839.jpg | https://images.aqar.fm/webp/750x0/props/042501588_1758156927101.jpg | https://images.aqar.fm/webp/750x0/props/042501581_1758156927337.jpg,17,منيره خالد مقبل القحطاني,مؤسسة البداية الصحيحة للخدمات العقارية,1,2025-09-18,2025-09-18,2026-07-08,1692,2026-08-23,True,"750,000",False,فيلا
6592670,https://sa.aqar.fm/فلل-للبيع/الرياض/جنوب-الرياض/حي-عكاظ/شارع-عكاظ-عجلان-حي-عكاظ-مدينة-الرياض-منطقة-الرياض-6592670,"فيلا للبيع في شارع عكاظ عجلان, حي عكاظ, مدينة الرياض, منطقة الرياض",1350000,414,5,,,0,حي عكاظ,الرياض,جنوب الرياض,"فيلا مع شقة بمدخل خاص وتتكون من 
الارضي مدخل سيارة  - مجلس رجال - مقلط - صالة  - 
مطبخ - دورتين مياة 
الدور الاول صالة  واربع غرف نوم منها اثنين ماستر
ثلاث دورات مياة
الشقة تتكون من
مدخل سيارة - مجلس - غرفتين نوم غرفة ماستر
يوجد دورتين مياة وحوش وسطح
للتواصل ابو عدي ((رقم المعلن يظهر عند التواصل))",24.505094,46.678385,https://images.aqar.fm/webp/750x0/props/050269000_1771244053879.jpg | https://images.aqar.fm/webp/750x0/props/050269007_1771243979789.jpg | https://images.aqar.fm/webp/750x0/props/050269006_1771243979881.jpg | https://images.aqar.fm/webp/750x0/props/050269006_1771243979884.jpg | https://images.aqar.fm/webp/750x0/props/050269003_1771243980046.jpg | https://images.aqar.fm/webp/750x0/props/050269002_1771243980036.jpg | https://images.aqar.fm/webp/750x0/props/050269008_1771243980102.jpg | https://images.aqar.fm/webp/750x0/props/050269003_1771243980163.jpg | https://images.aqar.fm/webp/750x0/props/050269009_1771243980186.jpg | https://images.aqar.fm/webp/750x0/props/050269002_1771243980281.jpg | https://images.aqar.fm/webp/750x0/props/050269001_1771243980395.jpg | https://images.aqar.fm/webp/750x0/props/050269001_1771243980518.jpg | https://images.aqar.fm/webp/750x0/props/050269006_1771243980592.jpg | https://images.aqar.fm/webp/750x0/props/050269007_1771243980602.jpg | https://images.aqar.fm/webp/750x0/props/050269002_1771243980691.jpg | https://images.aqar.fm/webp/750x0/props/050269007_1771243980804.jpg | https://images.aqar.fm/webp/750x0/props/050269005_1771243980891.jpg | https://images.aqar.fm/webp/750x0/props/050269004_1771243980930.jpg | https://images.aqar.fm/webp/750x0/props/050269005_1771243981030.jpg | https://images.aqar.fm/webp/750x0/props/050269009_1771243981059.jpg | https://images.aqar.fm/webp/750x0/props/050269000_1771243981359.jpg | https://images.aqar.fm/webp/750x0/props/050269000_1771243981228.jpg,22,جابر ال فهاد,شركة ركائز الروعة,1,2026-02-16,2026-08-09,2026-08-23,850,2026-08-23,True,"1,350,000",False,فيلا
6756336,https://sa.aqar.fm/فلل-للبيع/الرياض/جنوب-الرياض/حي-عكاظ/شارع-الوتيرة-حي-عكاظ-مدينة-الرياض-منطقة-الرياض-6756336,"فيلا للبيع في شارع الوتيرة, حي عكاظ, مدينة الرياض, منطقة الرياض",1170000,391,,1,3,0,حي عكاظ,الرياض,جنوب الرياض,"🏢 فيلا زاوية بحي عكاظ
 📏مساحة ٣٢٠ متر 
 💸السعر 1,250,000
🏢يتكون الدور الأرضي من: مشب مع دورة مياه خارجية،مجلس،مقلط،صالة،مطبخ مع مستودع
الدور الأول يتكون من :
صالة و ٤ غرف نوم
الملحق يتكون من :
سطح و غرفة نوم
  🚨🚨🚨 يتوفر لدينا عروض لشقق وفلل وأدوار بصك وتاون هاوس ودوبلكسات في مختلف المناطق والمخططات والاحياء 🏦 نتعامل مع جميع البنوك والشركات التمويلية في جميع أنحاء المملكة ولدينا أفضل الحلول التمويلية وسداد المديونيات وتوفير الدفعة المقدمة",24.518646,46.666884,https://images.aqar.fm/webp/750x0/props/042973749_1782983817391.jpg | https://images.aqar.fm/webp/750x0/props/042973747_1782983816717.jpg | https://images.aqar.fm/webp/750x0/props/042973744_1782983816901.jpg | https://images.aqar.fm/webp/750x0/props/042973744_1782983816906.jpg | https://images.aqar.fm/webp/750x0/props/042973743_1782983816904.jpg | https://images.aqar.fm/webp/750x0/props/042973742_1782983816947.jpg | https://images.aqar.fm/webp/750x0/props/042973748_1782983817142.jpg | https://images.aqar.fm/webp/750x0/props/042973741_1782983817161.jpg | https://images.aqar.fm/webp/750x0/props/042973743_1782983817162.jpg | https://images.aqar.fm/webp/750x0/props/042973743_1782983817201.jpg | https://images.aqar.fm/webp/750x0/props/042973744_1782983817374.jpg | https://images.aqar.fm/webp/750x0/props/042973746_1782983817366.jpg | https://images.aqar.fm/webp/750x0/props/042973745_1782983817368.jpg | https://images.aqar.fm/webp/750x0/props/042973740_1782983817583.jpg | https://images.aqar.fm/webp/750x0/props/042973745_1782983817615.jpg | https://images.aqar.fm/webp/750x0/props/042973749_1782983817589.jpg | https://images.aqar.fm/webp/750x0/props/042973742_1782983817629.jpg | https://images.aqar.fm/webp/750x0/props/042973748_1782983817655.jpg | https://images.aqar.fm/webp/750x0/props/042973749_1782983817391.jpg | https://images.aqar.fm/webp/750x0/props/042973747_1782983816717.jpg | https://images.aqar.fm/webp/750x0/props/042973744_1782983816901.jpg | https://images.aqar.fm/webp/750x0/props/042973744_1782983816906.jpg | https://images.aqar.fm/webp/750x0/props/042973743_1782983816904.jpg | https://images.aqar.fm/webp/750x0/props/042973742_1782983816947.jpg | https://images.aqar.fm/webp/750x0/props/042973748_1782983817142.jpg | https://images.aqar.fm/webp/750x0/props/042973741_1782983817161.jpg | https://images.aqar.fm/webp/750x0/props/042973743_1782983817162.jpg | https://images.aqar.fm/webp/750x0/props/042973743_1782983817201.jpg | https://images.aqar.fm/webp/750x0/props/042973744_1782983817374.jpg | https://images.aqar.fm/webp/750x0/props/042973746_1782983817366.jpg | https://images.aqar.fm/webp/750x0/props/042973745_1782983817368.jpg | https://images.aqar.fm/webp/750x0/props/042973740_1782983817583.jpg | https://images.aqar.fm/webp/750x0/props/042973745_1782983817615.jpg | https://images.aqar.fm/webp/750x0/props/042973749_1782983817589.jpg | https://images.aqar.fm/webp/750x0/props/042973742_1782983817629.jpg | https://images.aqar.fm/webp/750x0/props/042973748_1782983817655.jpg,36,ورده علي احمد الناشري,مؤسسة الهرم الرابع للعقارات,1,2026-07-02,2026-07-31,2026-08-11,715,2026-08-23,True,"1,170,000",False,فيلا
6818820,https://sa.aqar.fm/فلل-للبيع/الرياض/جنوب-الرياض/حي-عكاظ/شارع-عبدالقادر-السعدي-حي-عكاظ-مدينة-الرياض-منطقة-الرياض-6818820,"فيلا للبيع في شارع عبدالقادر السعدي, حي عكاظ, مدينة الرياض, منطقة الرياض",1400000,325,,5,2,6,حي عكاظ,الرياض,جنوب الرياض,"فيلا دبلكس متلاصقه مساحه ٣٢٥ م 
شارع / ٢٥  شمالي 
العمر / ٦ سنوات 
البيت / حر بدون رهن عقاري 
الدور الارضي / 
مشب وحمام خارجي وحوش أمامي 
مجلس ومقلط وحمام رجال 
صالتين وحمام نساء ومطبخ وحوش خلفي 
الدور الاول / 
٤ غرف نوم وصاله وثنتين منها ماستر بحمامين وحمام واحد خارجي بين غرفتين 
الدور الثاني / 
غرفة خادمة وحمام 
الحي / عكاظ ( العجلان )
البيع / بالاثاث
البيع /  مليون و ٤٠٠ الف ريال 
التواصل اتصال واتس  ((الرقم يظهر عند الضغط على اتصال))
الصور والفيديو على الواتس 

نستقبل عروضكم ونلبي طلباتكم في جميع مخططات عريض بيع - شراء   - تسويق 
ويوجد قطع اراضي كبيره وصغيره باسعار مناسبه للجميع 
الافراغ الالكتروني فوري نخدمكم في جميع مناطق المملكه وانتم في مكانكم
لتواصل اتصال واتس ((الرقم يظهر عند الضغط على اتصال))
رقم رخصه فال 1200018869
مكتب مفتاح عريض للعقارات",24.502797,46.662884,https://images.aqar.fm/webp/750x0/props/000445267_1786550210920.jpg | https://images.aqar.fm/webp/750x0/props/000445265_1786550210931.jpg | https://images.aqar.fm/webp/750x0/props/000445268_1786550210817.jpg,3,حمد فلاح هادي القحطاني,مكتب مفتاح عريض العقارية,1,2026-08-12,2026-08-12,2026-08-21,76,2026-08-23,True,"1,400,000",False,فيلا
6819934,https://sa.aqar.fm/فلل-للبيع/الرياض/جنوب-الرياض/حي-عكاظ/شارع-الخطيب-التبريزي-حي-عكاظ-مدينة-الرياض-منطقة-الرياض-6819934,"فيلا للبيع في شارع الخطيب التبريزي, حي عكاظ, مدينة الرياض, منطقة الرياض",1200000,325,,0,0,1,حي عكاظ,الرياض,جنوب الرياض,"فيلا خاصة للبيع في حي عكاظ – 3 أدوار

فيلا حديثة بتصميم عملي ومساحات واسعة، مناسبة للسكن العائلي.

تفاصيل العقار:
• الموقع: حي عكاظ
• المساحة: 320م²
• عمر العقار: سنة ونصف
• عدد الأدوار: 3 أدوار
• السعر: 1,200,000 ريال
• العقار مرهون لدى البنك الأول

الدور الأرضي:
• مجلس ضيافة
• مقلط
• صالة واسعة
• مطبخ
• مجلس خارجي
• ملحق
• مسبح
• مدخل سيارة
• 3 دورات مياه

الدور الأول:
• 4 غرف نوم، جميعها ماستر
• الغرفة الرئيسية مطلة على واجهة الفيلا

الدور الثاني:
• غرفة خادمة ماستر
• غرفة غسيل متكاملة
• سطح",24.492962,46.654564,https://images.aqar.fm/webp/750x0/props/000377575_1786597369582.jpg | https://images.aqar.fm/webp/750x0/props/000377575_1786597843312.jpg | https://images.aqar.fm/webp/750x0/props/000377574_1786597843315.jpg | https://images.aqar.fm/webp/750x0/props/000377573_1786597843313.jpg | https://images.aqar.fm/webp/750x0/props/000377579_1786597843325.jpg | https://images.aqar.fm/webp/750x0/props/000377572_1786597843318.jpg | https://images.aqar.fm/webp/750x0/props/000377571_1786597843329.jpg | https://images.aqar.fm/webp/750x0/props/000377571_1786597843301.jpg | https://images.aqar.fm/webp/750x0/props/000377577_1786597863286.jpg | https://images.aqar.fm/webp/750x0/props/000377577_1786597863296.jpg,10,سالم مداوي,مؤسسة سقف الإبداع للعقارات,1,2026-08-13,2026-08-13,2026-08-22,182,2026-08-23,True,"1,200,000",False,فيلا
6443107,https://sa.aqar.fm/فلل-للبيع/الرياض/جنوب-الرياض/حي-عكاظ/شارع-النمور-حي-عكاظ-مدينة-الرياض-منطقة-الرياض-6443107,"فيلا للبيع في شارع النمور, حي عكاظ, مدينة الرياض, منطقة الرياض",730000,264,5,3,3,0,حي عكاظ,الرياض,جنوب الرياض,"😍(( فرصة عقارية مميزة جداًً ))😍     
    🔘🔽( مشروع فلل تاون هاوس ثلاث ادوار  وادوار مفصولة وشقق )🔽 
📍الموقع:جنوب الرياض، حي عكاظ( مخطط العجلان )📌 

               🔻بالمواصفات التالية🔻
🏠مساحة الارض (300)متر²
⭕💵السعر 850الف 

🛣عرض الشارع 20متر².   🌄الواجهة شرقية
             
1️⃣مواصفات الدور الارضي ::-
✍(مدخل سيارة ومدخلين رجال ونساء  _ حوش وموقف سيارة داخلي _مجلس رجال بدورة مياه ومغاسل _مقلط _ صالة _ مطبخ )

2️⃣مواصفات الدور الاول ::-
✍(3غرف نوم وصاله  منهم غرفة ماستر _ 2دورات مياه )

3️⃣مواصفات الدورالثاني::-
✍(_ صالة _ غرفتين نوم _ دورتين مياه _ سطح خاص ) 
_____________🔻خدماتنا🔻 _________🔚
🏦نتعامل مع كافه البنوك والشركات العقاريه 
ونوفر الدفعه الاولي (10%)المقدمه للعقار مجانا بدون فوائد ونوفر سداد المديونيات مجانا 
🏫يسعدنا استقبال جميع العروض العقاريه
🏪ويسعدنا استقبال تواصلكم معنا علي مدار اليوم ولدينا فريق عمل متكامل في خدمتكم",24.512057,46.657606,https://images.aqar.fm/webp/750x0/props/010279735_1761593654389.jpg | https://images.aqar.fm/webp/750x0/props/010279731_1761593654479.jpg | https://images.aqar.fm/webp/750x0/props/010279735_1761593654328.jpg | https://images.aqar.fm/webp/750x0/props/010279731_1761593654334.jpg | https://images.aqar.fm/webp/750x0/props/010279734_1761593654530.jpg | https://images.aqar.fm/webp/750x0/props/010279731_1761593654571.jpg | https://images.aqar.fm/webp/750x0/props/010279732_1761593654699.jpg | https://images.aqar.fm/webp/750x0/props/010279737_1761593654703.jpg | https://images.aqar.fm/webp/750x0/props/010279737_1761593654856.jpg | https://images.aqar.fm/webp/750x0/props/010279733_1761593654857.jpg | https://images.aqar.fm/webp/750x0/props/010279731_1761593654869.jpg | https://images.aqar.fm/webp/750x0/props/010279734_1761593654959.jpg | https://images.aqar.fm/webp/750x0/props/010279739_1761593655008.jpg | https://images.aqar.fm/webp/750x0/props/010279735_1761593655110.jpg | https://images.aqar.fm/webp/750x0/props/010279733_1761593655151.jpg | https://images.aqar.fm/webp/750x0/props/010279739_1761593655298.jpg | https://images.aqar.fm/webp/750x0/props/010279732_1761593655530.jpg | https://images.aqar.fm/webp/750x0/props/010279738_1761593655531.jpg,18,مشاعل دعيرم بن جربوع العتيبي,مؤسسة مكتب بداية جديدة للخدمات العقارية,1,2025-10-27,2025-10-27,2026-08-23,373,2026-08-23,True,"730,000",False,فيلا
6800996,https://sa.aqar.fm/فلل-للبيع/الرياض/جنوب-الرياض/حي-عكاظ/شارع-رحمه-الله-السندي-حي-عكاظ-مدينة-الرياض-منطقة-الرياض-6800996,"فيلا للبيع في شارع رحمه الله السندي, حي عكاظ, مدينة الرياض, منطقة الرياض",750000,199,3,0,0,0,حي عكاظ,الرياض,جنوب الرياض,"دور ارضي للبيع حي عكاظ 
المساحة 350 
شارع ٢٨ شرقي على مرفق 
بيت جديد عمره سنة ونص 
٣ غرف نوم 
مجلس 
مقلط 
صالة 
٣ دورات مياه 
شارع وسيع مواقف متوفرة 
له مستقبل كبير باذن الله بجانب القاعدة 

مخطط العجلان
رخصه فال ( 1100220860 )
ترخيص إعلاني رقم ( 7100306327 )
((الرقم يظهر عند الضغط على اتصال))",24.497378,46.660017,https://images.aqar.fm/webp/750x0/props/005951172_1785622162861.jpg | https://images.aqar.fm/webp/750x0/props/005951178_1785622187117.jpg | https://images.aqar.fm/webp/750x0/props/005951178_1785622187074.jpg | https://images.aqar.fm/webp/750x0/props/005951179_1785622187141.jpg | https://images.aqar.fm/webp/750x0/props/005951176_1785622187136.jpg | https://images.aqar.fm/webp/750x0/props/005951175_1785622187115.jpg | https://images.aqar.fm/webp/750x0/props/005951175_1785622187108.jpg | https://images.aqar.fm/webp/750x0/props/005951177_1785622187120.jpg,8,عبدالله بن مطلق بن فواز السبيعي,,,2026-08-01,2026-08-01,2026-08-23,115,2026-08-23,True,"750,000",False,فيلا
6661387,https://sa.aqar.fm/فلل-للبيع/الرياض/جنوب-الرياض/حي-عكاظ/شارع-عكرمه-بن-سليمان-حي-عكاظ-مدينة-الرياض-منطقة-الرياض-6661387,"فيلا للبيع في شارع عكرمه بن سليمان, حي عكاظ, مدينة الرياض, منطقة الرياض",850000,292,5,,,0,حي عكاظ,الرياض,جنوب الرياض,"السلام عليكم ورحمة

مكتب بداية للخدمات العقارية
اقدم لكم عرض مشروع 


تاون هاوس 3 ادوار
حى عكاظ 
شارع 20م 
السعر 880 الف امامى وخلفى 

مدخل سياره ومجلس رجال ومقلط وصاله 
الاول صاله و3 غرف منهم 1 ماستر
التانى صاله وغرفه وسطحين 





جميع الضمانات الازمه من كهرباء وعوازل وعليها شهاده اشراف هندسي ولعملاءنا الكرام جميع التسهيلات التمويليه والعقاريه وشهاده اتمام البناء موجوده

التواصل والاستفسار /// 0554190830
كل حلم له بداية ، وبداية التمليك تبدأ بخطوه مع بداية جديدة 🏠🏠",24.519768,46.682396,https://images.aqar.fm/webp/750x0/props/047625760_1776616838405.jpg,1,مشاعل دعيرم بن جربوع العتيبي,مؤسسة مكتب بداية جديدة للخدمات العقارية,1,2026-04-19,2026-08-15,2026-08-18,2026,2026-08-23,True,"850,000",False,فيلا
6765517,https://sa.aqar.fm/فلل-للبيع/الرياض/جنوب-الرياض/حي-عكاظ/شارع-عمر-بن-علي-حي-عكاظ-مدينة-الرياض-منطقة-الرياض-6765517,"فيلا للبيع في شارع عمر بن علي, حي عكاظ, مدينة الرياض, منطقة الرياض",1250000,315,,6,6,8,حي عكاظ,الرياض,جنوب الرياض,"للبيع دبلكس بشقة 
في حي عكاظ 
العمر : ٧ سنوات نظيفة وصالحة للسكن 
المساحة : ٣١٥م
شارع : ١٥ شمالي 
الدور الارضي / 
ملحق خارجي + مجلس رجال + مقلط + صالة واسعة + غرفة كبار سن + مطبخ + مطبخ خارجي وغرفة غسيل بحمامه مقفله بساندوتش بنل + دورتين مياة 
الدور الثاني / ٣ غرف نوم بدورتين مياة + سطح 
الشقة 
مجلس + صالة + مطبخ + غرفتين نوم + دورتين مياة 
عليها بنك ٧٠٠ الف 
البيع بمليون و ٢٥٠ الف
للتواصل: 
((الرقم يظهر عند الضغط على اتصال))",24.51286,46.675985,https://images.aqar.fm/webp/750x0/props/016226447_1783524477076.jpg | https://images.aqar.fm/webp/750x0/props/016226448_1783524487644.jpg | https://images.aqar.fm/webp/750x0/props/016226441_1783524507273.jpg | https://images.aqar.fm/webp/750x0/props/016226443_1783524539143.jpg | https://images.aqar.fm/webp/750x0/props/016226441_1783524543421.jpg | https://images.aqar.fm/webp/750x0/props/016226445_1783524547290.jpg | https://images.aqar.fm/webp/750x0/props/016226443_1783524552266.jpg | https://images.aqar.fm/webp/750x0/props/016226448_1783524556312.jpg | https://images.aqar.fm/webp/750x0/props/016226444_1783524558760.jpg | https://images.aqar.fm/webp/750x0/props/016226444_1783524563795.jpg | https://images.aqar.fm/webp/750x0/props/016226446_1783524566133.jpg | https://images.aqar.fm/webp/750x0/props/016226448_1783524568831.jpg | https://images.aqar.fm/webp/750x0/props/016226447_1783524637693.jpg | https://images.aqar.fm/webp/750x0/props/016226445_1783524646516.jpg | https://images.aqar.fm/webp/750x0/props/016226440_1785149787673.jpg,15,خالد احمد,مؤسسة واجهة عقارك للتطوير والاستثمار العقاري,1,2026-07-08,2026-07-08,2026-08-17,408,2026-08-23,True,"1,250,000",False,فيلا
6796219,https://sa.aqar.fm/فلل-للبيع/الرياض/جنوب-الرياض/حي-عكاظ/شارع-عباس-الجوهري-حي-عكاظ-مدينة-الرياض-منطقة-الرياض-6796219,"فيلا للبيع في شارع عباس الجوهري, حي عكاظ, مدينة الرياض, منطقة الرياض",700000,247,5,,,0,حي عكاظ,الرياض,جنوب الرياض,"للبيع تاون هاوس بحي عكاظ 
مساحات تبدا من ٢٤٥ متر
سعر تاون هاوس امامي ٨٥٠ الف
سعر تاون هاوس خلفيه ٧٠٠ الف
مكونه من مجلس وصاله ومقلط ومطبخ وبالاعلي ٥ غرف نوم والسطح .
كود ٢",24.501569,46.677073,https://images.aqar.fm/webp/750x0/props/040820584_1785333785186.jpg | https://images.aqar.fm/webp/750x0/props/040820582_1785333785333.jpg,2,فايز مصلح,مؤسسة فايز مصلح المطيري,1,2026-07-29,2026-07-29,2026-08-22,196,2026-08-23,True,"700,000",False,فيلا
6493372,https://sa.aqar.fm/فلل-للبيع/الرياض/جنوب-الرياض/حي-عكاظ/شارع-راعي-القاع-حي-عكاظ-مدينة-الرياض-منطقة-الرياض-6493372,"فيلا للبيع في شارع راعي القاع, حي عكاظ, مدينة الرياض, منطقة الرياض",2000000,480,7,5,2,0,حي عكاظ,الرياض,جنوب الرياض,"للبيع فيلا بشقتين جديده حي عكاظ 480م
الفيلا مكونه من :
ملحق خارجي حوش واسع ، 
مجلس رجال ومقلط مع دورة مياه ،
درج صاله كبيره ودورة مياه ومطبخ مع مستودع
غرفة كبار سن مع دورة مياه ،
الدور الاول 4 غرف نوم ماستر ،
الدور الثاني غرفه ماستر وغرفة غسيل وسطح كبير ،
الشقتين :
مكونه غرفتين نوم مع دورة مياه وصاله ومطبخ ،
مجلس رجال مع دورة مياه 
الشقه الثانيه نفس الشقه الاولى مع سطح",24.520476,46.655916,https://images.aqar.fm/webp/750x0/props/039401667_1764866662731.jpg,1,فهد الحارثي,,,2025-12-04,2025-12-04,2026-05-28,2098,2026-08-23,True,"2,000,000",False,فيلا
6830003,https://sa.aqar.fm/فلل-للبيع/الرياض/جنوب-الرياض/حي-عكاظ/شارع-الشامي-الصالحي-حي-عكاظ-مدينة-الرياض-منطقة-الرياض-6830003,"فيلا للبيع في شارع الشامي الصالحي, حي عكاظ, مدينة الرياض, منطقة الرياض",730000,252,5,5,2,0,حي عكاظ,الرياض,جنوب الرياض,"أسعد الله أوقاتكم بكل خير 🇸🇦
- يسعدني أن أقدم لكم عرضاً مميزاً 🏠
____________________________________

🟣 للبيع : تاون هاوس 3 ادوار بحي العجلان 🟣
تشطيب مودرن وديكورات مميزه وعليها كافة الضمانات اللازمة وقريبا من جميع الخدمات 🌿 👌 

🟣 المساحه : 300 م 🟣

🟣 السعر  : 730 الف  💸

💎💎    تفاصيل العقار    💎💎

✅️ تتكون من مدخل سياره مجلس رجال مقلط صاله مطبخ
الاول ثلاث غرف منهم غرفه ماستر
الدور الثاني غرفتين نوم وصاله وسطح
 🌟🌿
____________________________________

📝 خدماتنا :

1️⃣ نوفر لكم الدفعة الأولى المقدمة للبنك 
4️⃣ نقبل جميع الجهات ( مدنيين - عسكريين - قطاع خاص - قطاع عام ) .
5️⃣ إمكانية التحويل من بنك إلى بنك آخر .
6️⃣ لدينا عروض بجميع الأحياء تناسب الجميع .

للتواصل واتساب واتصال 🌿",24.511876,46.651021,https://images.aqar.fm/webp/750x0/props/050870823_1787084861408.jpg | https://images.aqar.fm/webp/750x0/props/050870824_1787084861285.jpg | https://images.aqar.fm/webp/750x0/props/050870825_1787084861287.jpg | https://images.aqar.fm/webp/750x0/props/050870821_1787084861299.jpg | https://images.aqar.fm/webp/750x0/props/050870828_1787084861375.jpg | https://images.aqar.fm/webp/750x0/props/050870822_1787084861488.jpg | https://images.aqar.fm/webp/750x0/props/050870826_1787084861538.jpg | https://images.aqar.fm/webp/750x0/props/050870828_1787084861543.jpg | https://images.aqar.fm/webp/750x0/props/050870821_1787084861661.jpg | https://images.aqar.fm/webp/750x0/props/050870821_1787084861657.jpg | https://images.aqar.fm/webp/750x0/props/050870825_1787084861847.jpg | https://images.aqar.fm/webp/750x0/props/050870823_1787084861408.jpg | https://images.aqar.fm/webp/750x0/props/050870824_1787084861285.jpg | https://images.aqar.fm/webp/750x0/props/050870825_1787084861287.jpg | https://images.aqar.fm/webp/750x0/props/050870821_1787084861299.jpg | https://images.aqar.fm/webp/750x0/props/050870828_1787084861375.jpg | https://images.aqar.fm/webp/750x0/props/050870822_1787084861488.jpg | https://images.aqar.fm/webp/750x0/props/050870826_1787084861538.jpg | https://images.aqar.fm/webp/750x0/props/050870828_1787084861543.jpg | https://images.aqar.fm/webp/750x0/props/050870821_1787084861661.jpg | https://images.aqar.fm/webp/750x0/props/050870821_1787084861657.jpg | https://images.aqar.fm/webp/750x0/props/050870825_1787084861847.jpg,22,مدى يحي ضيف الله ضائحي,مؤسسة مدى المنازل للعقارات,1,2026-08-18,2026-08-18,2026-08-23,36,2026-08-23,True,"730,000",False,فيلا
6366777,https://sa.aqar.fm/فلل-للبيع/الرياض/جنوب-الرياض/حي-عكاظ/شارع-عبداللطيف-المبارك-حي-عكاظ-مدينة-الرياض-منطقة-الرياض-6366777,"فيلا للبيع في شارع عبداللطيف المبارك, حي عكاظ, مدينة الرياض, منطقة الرياض",1300000,411,,5,3,0,حي عكاظ,الرياض,جنوب الرياض,"السلام عليكم ورحمة

مكتب بداية للخدمات العقارية
اقدم لكم عرض مشروع فلل 

فيلا درج صاله وشقه 
مساحة 270م علما بأن مسطح البناء للفيلا كامل والشقه 411 م 
شارع 20م
تفتح علي ممشي 

 1,350000


الفيلا استقبال كامل وغرف كبار سن 
العلوي 
صاله و4غرف نوم منهم غرفتين ماستر 


الشقه 

سطح كبير 
مجلس رجال 
صاله 
مطبخ 
غرفتين نوم منهم غرفه ماستر



جميع الضمانات الازمه من كهرباء وعوازل وعليها شهاده اشراف هندسي ولعملاءنا الكرام جميع التسهيلات التمويليه والعقاريه وشهاده اتمام البناء موجوده

التواصل والاستفسار /// ((رقم المعلن يظهر عند التواصل))
كل حلم له بداية ، وبداية التمليك تبدأ بخطوه مع بداية جديدة 🏠🏠",24.523026,46.652296,https://images.aqar.fm/webp/750x0/props/047625762_1756978742101.jpg | https://images.aqar.fm/webp/750x0/props/047625769_1756978748930.jpg,2,مشاعل دعيرم بن جربوع العتيبي,مؤسسة مكتب بداية جديدة للخدمات العقارية,1,2025-09-04,2025-09-04,2026-08-18,2838,2026-08-23,True,"1,300,000",False,فيلا
6751299,https://sa.aqar.fm/فلل-للبيع/الرياض/جنوب-الرياض/حي-عكاظ/شارع-الشهاب-المرحومي-حي-عكاظ-مدينة-الرياض-منطقة-الرياض-6751299,"فيلا للبيع في شارع الشهاب المرحومي, حي عكاظ, مدينة الرياض, منطقة الرياض",650000,183,6,4,1,1,حي عكاظ,الرياض,جنوب الرياض,"تاون هاوس للبيع 
6 غرف وصالة ومطبخ وثلاث دورات مياة وسطح 
عداد كهرباء خاص وخزان ماء وعداد ماء خاص 
البنيان جديد وعليه ضمانات 
البيع 650 الف قابل للتفاوض المعقول
ابو سعد : ((الرقم يظهر عند الضغط على اتصال))",24.508924,46.649179,https://images.aqar.fm/webp/750x0/props/006181050_1782660549556.jpg,1,محمد بن متعب,مؤسسة منقاش الخدمات العقارية,1,2026-06-28,2026-07-27,2026-08-20,1085,2026-08-23,True,"650,000",False,فيلا
6675616,https://sa.aqar.fm/فلل-للبيع/الرياض/جنوب-الرياض/حي-عكاظ/شارع-حسين-الأبريقي-حي-عكاظ-مدينة-الرياض-منطقة-الرياض-6675616,"فيلا للبيع في شارع حسين الأبريقي, حي عكاظ, مدينة الرياض, منطقة الرياض",720000,264,7,1,0,0,حي عكاظ,الرياض,جنوب الرياض,"فرصة مميزة للسكن أو الاستثمار بمواصفات عالية وجودة مضمونة ✨

**مؤسسة درة الإنشاءات والتشييد للمقاولات العامة**
تقدم لكم وحدات سكنية بتصميم عصري وتشطيبات راقية
📍 موقع مميز قريب من جميع الخدمات (مدارس – مساجد – أسواق – نادى رياضي - حدائق عامه -طرق رئيسية)

🔹 **تفاصيل الوحدة:**
تاون هاوس ارضى 
الدور الارضي يتكون من:
مجلس+ مقلط+ مطبخ+صالة 
دورتين مياه 
الدور الاول:
صالة 
3 نوم ماستر منهم واحدة ماستر 
دورتين مياه 
الدور الثاني:
صالة + غرفتين نوم 
دورة مياه + سطح
المساحة ٢٥٠ متر

🔐 **الضمانات:**
✔️ سباكة
✔️ كهرباء
✔️ عوازل
✔️ خزانات
✔️ مصاعد
✔️ إشراف هندسي
✔️ تأمين ملاذ
✔️ الدفاع المدني

⚡ **مزايا الوحدة:**

* عداد كهرباء مستقل
* خزان أرضي وخزان علوي مستقل

📄 **الأوراق مكتملة وجاهزة للإفراغ:**
صك | محضر فرز | رخصة بناء | شهادة إتمام بناء | تأمين

💎 **امتلك وحدتك الآن بثقة وأمان**
مع **شركة درة الإنشاءات والتشييد**

📞 **للتواصل والاستفسار:**
(0537003499)

🤝 **نسعد بخدمتكم**
*والله ولي التوفيق*",24.506971,46.67078,https://images.aqar.fm/webp/750x0/props/043687350_1777488150340.jpg | https://images.aqar.fm/webp/750x0/props/043687352_1777488149839.jpg | https://images.aqar.fm/webp/750x0/props/043687359_1777488150065.jpg | https://images.aqar.fm/webp/750x0/props/043687357_1777488150229.jpg | https://images.aqar.fm/webp/750x0/props/043687350_1777488150288.jpg | https://images.aqar.fm/webp/750x0/props/043687350_1777488150433.jpg | https://images.aqar.fm/webp/750x0/props/043687355_1777488150502.jpg | https://images.aqar.fm/webp/750x0/props/043687355_1777488150495.jpg | https://images.aqar.fm/webp/750x0/props/043687353_1777488150600.jpg | https://images.aqar.fm/webp/750x0/props/043687353_1777488150661.jpg | https://images.aqar.fm/webp/750x0/props/043687350_1777488150713.jpg | https://images.aqar.fm/webp/750x0/props/043687352_1777488150741.jpg | https://images.aqar.fm/webp/750x0/props/043687358_1777488150803.jpg | https://images.aqar.fm/webp/750x0/props/043687356_1777488150900.jpg | https://images.aqar.fm/webp/750x0/props/043687359_1777488150918.jpg | https://images.aqar.fm/webp/750x0/props/043687352_1777488150937.jpg | https://images.aqar.fm/webp/750x0/props/043687355_1777488151052.jpg | https://images.aqar.fm/webp/750x0/props/043687359_1777488151058.jpg | https://images.aqar.fm/webp/750x0/props/043687353_1777488151135.jpg | https://images.aqar.fm/webp/750x0/props/043687352_1777488151161.jpg,20,منيره مناحي بن جابر ال فهاد,مؤسسة درة الانشاءات والتشييد للمقاولات العامة,1,2026-04-29,2026-07-26,2026-08-23,175,2026-08-23,True,"720,000",False,فيلا
6744358,https://sa.aqar.fm/فلل-للبيع/الرياض/جنوب-الرياض/حي-عكاظ/شارع-الشامي-الصالحي-حي-عكاظ-مدينة-الرياض-منطقة-الرياض-6744358,"فيلا للبيع في شارع الشامي الصالحي, حي عكاظ, مدينة الرياض, منطقة الرياض",550000,270,7,5,2,0,حي عكاظ,الرياض,جنوب الرياض,"يتوفر لدينا تاون هاوس علوي حي سما عكاض شغل شخصي تصميم عصري 
يتكون من مدخل سياره - مدخلين - مجلس رجال مع دوره مياه -مقلط - صاله - دوره مياه - مطبخ 
الدور الثاني -  غرفه ودوره مياه - غرفه ماستر كبيره - سطح 
كل شي خاص ومنفصل عداد ماء عداد كهرباء خزان ارضي مستقل خزان علوي 
يتوفر جميع الضمانات البناء سباكه و كهرباء وعوازل حراريه وهيكل انشائي واشراف هندسي لمده ٢٥ سنه 
تامين شركه ملاذ للعيوب المخفيه 
تتوفر جميع الحلول البنكيه وسداد المديونيات 
توفير ‪ الفايض 
للتواصل : 

‪+966 55 969 3562‬

((الرقم يظهر عند الضغط على اتصال))",24.509241,46.649732,https://images.aqar.fm/webp/750x0/props/018974431_1782202448475.jpg | https://images.aqar.fm/webp/750x0/props/018974433_1782202448438.jpg | https://images.aqar.fm/webp/750x0/props/018974437_1782202448429.jpg | https://images.aqar.fm/webp/750x0/props/018974435_1782202448442.jpg | https://images.aqar.fm/webp/750x0/props/018974433_1782202448482.jpg | https://images.aqar.fm/webp/750x0/props/018974434_1782202448434.jpg | https://images.aqar.fm/webp/750x0/props/018974430_1782202448441.jpg | https://images.aqar.fm/webp/750x0/props/018974435_1782202448486.jpg | https://images.aqar.fm/webp/750x0/props/018974433_1782202496077.jpg | https://images.aqar.fm/webp/750x0/props/018974432_1782202496083.jpg | https://images.aqar.fm/webp/750x0/props/018974437_1782202496084.jpg | https://images.aqar.fm/webp/750x0/props/018974433_1782202496073.jpg | https://images.aqar.fm/webp/750x0/props/018974430_1782202496088.jpg | https://images.aqar.fm/webp/750x0/props/018974436_1782202496073.jpg | https://images.aqar.fm/webp/750x0/props/018974431_1782202496106.jpg | https://images.aqar.fm/webp/750x0/props/018974433_1782202496109.jpg,16,مشاعل محبوب,,0,2026-06-23,2026-08-20,2026-08-23,934,2026-08-23,True,"550,000",False,فيلا
6670044,https://sa.aqar.fm/فلل-للبيع/الرياض/جنوب-الرياض/حي-عكاظ/شارع-عبيدالله-الهذلي-حي-عكاظ-مدينة-الرياض-منطقة-الرياض-6670044,"فيلا للبيع في شارع عبيدالله الهذلي, حي عكاظ, مدينة الرياض, منطقة الرياض",660000,154,5,4,1,0,حي عكاظ,الرياض,جنوب الرياض,"نعرض لكم ما هوا مميز فرصه اثتثنائيه بتصميم انيق تاون هاوس علوي  فاخر بحي عكاظ   
عباره عن مجلس  وصاله و4 غرف نوم ومطبخ  ومستودع وثلاث دورات مياه وحوش خلفي 
يوجد جميع الضمانات .  
سباكه 
كهرباء 
عوازل 
خزانات 
مصاعد 
شهاده اشراف هندسي 
شهاده تأمين ملاذ
دفاع مدني 
كل شقه خزان ارضي خزان علوي ١٢طن مستقل
كل شقه عداد كهرباء مستقل 
جميع الاوراق موجوده 
صك. محضر فرز. رخصه بناء 
شهاده اتمام بناء 
التأمين علي المبني 
للتواصل 
0530016088
0556299441",24.514698,46.645373,https://images.aqar.fm/webp/750x0/props/043672514_1777191780056.jpg | https://images.aqar.fm/webp/750x0/props/043672513_1777191764113.jpg | https://images.aqar.fm/webp/750x0/props/043672517_1777191764120.jpg | https://images.aqar.fm/webp/750x0/props/043672514_1777191764110.jpg | https://images.aqar.fm/webp/750x0/props/043672514_1777191764110.jpg | https://images.aqar.fm/webp/750x0/props/043672511_1777191764120.jpg | https://images.aqar.fm/webp/750x0/props/043672514_1777191764109.jpg | https://images.aqar.fm/webp/750x0/props/043672512_1777191764224.jpg | https://images.aqar.fm/webp/750x0/props/043672510_1777191764116.jpg | https://images.aqar.fm/webp/750x0/props/043672515_1777191780057.jpg | https://images.aqar.fm/webp/750x0/props/043672513_1777191780053.jpg | https://images.aqar.fm/webp/750x0/props/043672517_1777191780061.jpg | https://images.aqar.fm/webp/750x0/props/043672519_1777191780056.jpg | https://images.aqar.fm/webp/750x0/props/043672514_1777191780056.jpg,14,منيره مناحي بن جابر ال فهاد,مؤسسة درة الانشاءات والتشييد للمقاولات العامة,1,2026-04-26,2026-08-20,2026-08-23,743,2026-08-23,True,"660,000",False,فيلا
6772977,https://sa.aqar.fm/فلل-للبيع/الرياض/جنوب-الرياض/حي-عكاظ/شارع-إسماعيل-القيسي-حي-عكاظ-مدينة-الرياض-منطقة-الرياض-6772977,"فيلا للبيع في شارع إسماعيل القيسي, حي عكاظ, مدينة الرياض, منطقة الرياض",750000,236,4,0,0,0,حي عكاظ,الرياض,جنوب الرياض,"فلل تاون هاوس 
المساحة 236,25
الواجهة غربيه 
الشارع ١٥ 
الحي مخطط العجلان 
السعر 750,000 قابل للتفاوض 
التفاصيل : 
مجلس ، مقلط ، صالتين، مطبخ ، غرفتين ماستر ، غرفتين نوم ، 5 دوراة مياه 
جميع الاوراق جاهزه",24.505409,46.673146,https://images.aqar.fm/webp/750x0/props/012175919_1784016608869.jpg | https://images.aqar.fm/webp/750x0/props/012175913_1784016608928.jpg | https://images.aqar.fm/webp/750x0/props/012175917_1784016608897.jpg | https://images.aqar.fm/webp/750x0/props/012175910_1784016608872.jpg | https://images.aqar.fm/webp/750x0/props/012175916_1784016608914.jpg | https://images.aqar.fm/webp/750x0/props/012175913_1784016608895.jpg | https://images.aqar.fm/webp/750x0/props/012175911_1784016608880.jpg | https://images.aqar.fm/webp/750x0/props/012175917_1784016608886.jpg,8,محمد بن سعود بن محمد ابونيان,,,2026-07-14,2026-08-12,2026-08-19,259,2026-08-23,True,"750,000",False,فيلا
6385719,https://sa.aqar.fm/فلل-للبيع/الرياض/جنوب-الرياض/حي-عكاظ/شارع-حجة-الإسلام-حي-عكاظ-مدينة-الرياض-منطقة-الرياض-6385719,"فيلا للبيع في شارع حجة الإسلام, حي عكاظ, مدينة الرياض, منطقة الرياض",750000,264,5,,,0,حي عكاظ,الرياض,جنوب الرياض,"عملائنا الكرام اسعد الله اوقاتكم بالخير والبركات 🤍 
نقدم لكم تاون هاوس 
تتميز المشروع بتصاميم معمارية حديثة وانيقة تجمع بين الجمالية والوظيفية 
مريحة وجذابة 
مساحات متنوعة
يقع الدور في موقع مميز يوفر سهولة الوصول الي المسجد  والمرافق الحيوية مثل المدارس المستشفيات مراكز التسويق مما يجعل الحياة اليومية اكثر سهولة وراحة 
تصاميم عصرية تامين ملاذ ضمان ٢٥ عام",24.506991,46.668604,https://images.aqar.fm/webp/750x0/props/048289808_1758054419239.jpg | https://images.aqar.fm/webp/750x0/props/048289808_1758054417416.jpg | https://images.aqar.fm/webp/750x0/props/048289801_1758054417599.jpg | https://images.aqar.fm/webp/750x0/props/048289802_1758054417606.jpg | https://images.aqar.fm/webp/750x0/props/048289805_1758054417674.jpg | https://images.aqar.fm/webp/750x0/props/048289806_1758054417709.jpg | https://images.aqar.fm/webp/750x0/props/048289801_1758054417886.jpg | https://images.aqar.fm/webp/750x0/props/048289803_1758054417935.jpg | https://images.aqar.fm/webp/750x0/props/048289808_1758054418053.jpg | https://images.aqar.fm/webp/750x0/props/048289805_1758054418266.jpg | https://images.aqar.fm/webp/750x0/props/048289807_1758054418262.jpg | https://images.aqar.fm/webp/750x0/props/048289806_1758054418440.jpg | https://images.aqar.fm/webp/750x0/props/048289804_1758054418944.jpg | https://images.aqar.fm/webp/750x0/props/048289801_1758054418945.jpg | https://images.aqar.fm/webp/750x0/props/048289809_1758054418944.jpg | https://images.aqar.fm/webp/750x0/props/048289805_1758054419020.jpg | https://images.aqar.fm/webp/750x0/props/048289801_1758054419069.jpg | https://images.aqar.fm/webp/750x0/props/048289808_1758054419236.jpg | https://images.aqar.fm/webp/750x0/props/048289808_1758054419357.jpg | https://images.aqar.fm/webp/750x0/props/048289809_1758054419537.jpg | https://images.aqar.fm/webp/750x0/props/048289800_1758054419683.jpg | https://images.aqar.fm/webp/750x0/props/048289802_1758054419826.jpg | https://images.aqar.fm/webp/750x0/props/048289800_1758054420002.jpg,23,منيره خالد مقبل القحطاني,مؤسسة البداية الصحيحة للخدمات العقارية,1,2025-09-16,2025-09-16,2026-08-20,285,2026-08-23,True,"750,000",False,فيلا
6592573,https://sa.aqar.fm/فلل-للبيع/الرياض/جنوب-الرياض/حي-عكاظ/شارع-عكاظ-عجلان-حي-عكاظ-مدينة-الرياض-منطقة-الرياض-6592573,"فيلا للبيع في شارع عكاظ عجلان, حي عكاظ, مدينة الرياض, منطقة الرياض",1300000,391,5,,,0,حي عكاظ,الرياض,جنوب الرياض,"فيلا درج صالة زاوية مع شقة بمدخل خاص علي شارعين
28*--15
الفيلا  الارضي يتكون من مدخل سيارة -مجلس رجال-مقلط-صالة-مطبخ -دورتين مياة
الدور الاول صالة واربع غرف نوم منها اثنين ماستر
ثلاث دورات مياة
الشقة تتكون من مدخل سيارة مع مستودع -مجلس
غرفتين نوم منها غرفة ماستر وحوش خاص وسطح
يوجد دورتين مياة
للتواصل ابو عدي ((رقم المعلن يظهر عند التواصل))",24.504802,46.679067,https://images.aqar.fm/webp/750x0/props/050269000_1771240013084.jpg | https://images.aqar.fm/webp/750x0/props/050269002_1771239860049.jpg | https://images.aqar.fm/webp/750x0/props/050269009_1771239860047.jpg | https://images.aqar.fm/webp/750x0/props/050269007_1771239860093.jpg | https://images.aqar.fm/webp/750x0/props/050269004_1771239860226.jpg | https://images.aqar.fm/webp/750x0/props/050269008_1771239860092.jpg | https://images.aqar.fm/webp/750x0/props/050269001_1771239860294.jpg | https://images.aqar.fm/webp/750x0/props/050269006_1771239860322.jpg | https://images.aqar.fm/webp/750x0/props/050269004_1771239860323.jpg | https://images.aqar.fm/webp/750x0/props/050269005_1771239860435.jpg | https://images.aqar.fm/webp/750x0/props/050269001_1771239860514.jpg | https://images.aqar.fm/webp/750x0/props/050269009_1771239860596.jpg | https://images.aqar.fm/webp/750x0/props/050269002_1771239860673.jpg | https://images.aqar.fm/webp/750x0/props/050269005_1771239860853.jpg | https://images.aqar.fm/webp/750x0/props/050269006_1771239860860.jpg | https://images.aqar.fm/webp/750x0/props/050269009_1771239860970.jpg | https://images.aqar.fm/webp/750x0/props/050269008_1771239861079.jpg | https://images.aqar.fm/webp/750x0/props/050269006_1771239861141.jpg | https://images.aqar.fm/webp/750x0/props/050269003_1771239861200.jpg | https://images.aqar.fm/webp/750x0/props/050269009_1771239861296.jpg | https://images.aqar.fm/webp/750x0/props/050269003_1771239861346.jpg | https://images.aqar.fm/webp/750x0/props/050269000_1771239861464.jpg | https://images.aqar.fm/webp/750x0/props/050269004_1771239861497.jpg | https://images.aqar.fm/webp/750x0/props/050269002_1771240012725.jpg | https://images.aqar.fm/webp/750x0/props/050269008_1771240012980.jpg,25,جابر ال فهاد,شركة ركائز الروعة,1,2026-02-16,2026-08-09,2026-08-23,684,2026-08-23,True,"1,300,000",False,فيلا
6496055,https://sa.aqar.fm/فلل-للبيع/الرياض/جنوب-الرياض/حي-عكاظ/شارع-الزنكلوني-حي-عكاظ-مدينة-الرياض-منطقة-الرياض-6496055,"فيلا للبيع في شارع الزنكلوني, حي عكاظ, مدينة الرياض, منطقة الرياض",860000,285,5,1,2,0,حي عكاظ,الرياض,جنوب الرياض,"- أسعد الله أوقاتكم بكل خير 🇸🇦
- يسعدني أن أقدم لكم عرضاً مميزاً 🏠
- للتواصل / ((رقم المعلن يظهر عند التواصل)) ابو رضا

🟣 للبيع : فيلا تاون هاوس امامي وخلفي ثلاث طوابق ( بحي سما عكاظ ) تشطيبات وديكورات فاخره جدا ويوجد كافة الضمانات وبالقرب من طريق ديراب والفحص الفني .

🔥سعر التاون هاوس : 860 الف .
 
🟣 الشارع : 15 م .

🟣 واجهة : جنوبية .
                  
💎💎    تفاصيل العقار    💎💎

🟣 مدخل خاص وسيارة  + مجلس بدورة مياه ومغاسل + مقلط + صاله + مطبخ + دورة مياه
درج داخلي يطلع ع صالة + 3 غرف نوم منهم واحدة ماستر + دورة مياه 
الملحق صالة + غرفتين نوم  + دورة مياه + سطح .",24.512538,46.64904,https://images.aqar.fm/webp/750x0/props/048992162_1765098257600.jpg | https://images.aqar.fm/webp/750x0/props/048992165_1765098257413.jpg | https://images.aqar.fm/webp/750x0/props/048992164_1765098257239.jpg | https://images.aqar.fm/webp/750x0/props/048992160_1765098256927.jpg | https://images.aqar.fm/webp/750x0/props/048992163_1765098257459.jpg | https://images.aqar.fm/webp/750x0/props/048992167_1765098256919.jpg | https://images.aqar.fm/webp/750x0/props/048992163_1765098257030.jpg | https://images.aqar.fm/webp/750x0/props/048992167_1765098257416.jpg | https://images.aqar.fm/webp/750x0/props/048992160_1765098257388.jpg | https://images.aqar.fm/webp/750x0/props/048992164_1765098257371.jpg | https://images.aqar.fm/webp/750x0/props/048992160_1765098257217.jpg | https://images.aqar.fm/webp/750x0/props/048992161_1765098257240.jpg | https://images.aqar.fm/webp/750x0/props/048992162_1765098257152.jpg | https://images.aqar.fm/webp/750x0/props/048992161_1765098257149.jpg | https://images.aqar.fm/webp/750x0/props/048992160_1765098257002.jpg | https://images.aqar.fm/webp/750x0/props/048992163_1765098256722.jpg | https://images.aqar.fm/webp/750x0/props/048992169_1765098256722.jpg | https://images.aqar.fm/webp/750x0/props/048992166_1765098256722.jpg | https://images.aqar.fm/webp/750x0/props/048992162_1765098256916.jpg,19,ثنوى محمد تني الدوسري,مؤسسة المسكن الشرقي للتطوير العقاري,1,2025-12-07,2025-12-07,2026-07-22,564,2026-08-23,True,"860,000",False,فيلا
6675655,https://sa.aqar.fm/فلل-للبيع/الرياض/جنوب-الرياض/حي-عكاظ/شارع-حسين-الأبريقي-حي-عكاظ-مدينة-الرياض-منطقة-الرياض-6675655,"فيلا للبيع في شارع حسين الأبريقي, حي عكاظ, مدينة الرياض, منطقة الرياض",720000,264,7,5,2,0,حي عكاظ,الرياض,جنوب الرياض,"نعرض لكم ما هوا مميزا 
تاون هاوس نظام دوبلكس ثلاث ادوار بحي عكاظ 
عباره عن 

تاون هاوس ارضى 
الدور الارضي يتكون من:
مجلس+ مقلط+ مطبخ+صالة 
دورتين مياه 
الدور الاول:
صالة 
3 نوم ماستر منهم واحدة ماستر 
دورتين مياه 
الدور الثاني:
صالة + غرفتين نوم 
دورة مياه + سطح
المساحة ٢٥٠ متر
السعر ٧٢٠ 

يوجد جميع الضمانات .  
سباكه 
كهرباء 
عوازل 
خزانات 
مصاعد 
شهاده اشراف هندسي 
شهاده تأمين ملاذ
دفاع مدني 
كل شقه خزان ارضي خزان علوي ١٢طن مستقل
كل شقه عداد كهرباء مستقل 
جميع الاوراق موجوده 
صك. محضر فرز. رخصه بناء 
شهاده اتمام بناء 
للتواصل 
0530016088
0556299441",24.506971,46.67078,https://images.aqar.fm/webp/750x0/props/043672518_1777490263227.jpg | https://images.aqar.fm/webp/750x0/props/043672518_1777490248140.jpg | https://images.aqar.fm/webp/750x0/props/043672510_1777490248133.jpg | https://images.aqar.fm/webp/750x0/props/043672514_1777490248149.jpg | https://images.aqar.fm/webp/750x0/props/043672514_1777490248156.jpg | https://images.aqar.fm/webp/750x0/props/043672512_1777490248170.jpg | https://images.aqar.fm/webp/750x0/props/043672511_1777490248138.jpg | https://images.aqar.fm/webp/750x0/props/043672518_1777490248170.jpg | https://images.aqar.fm/webp/750x0/props/043672517_1777490248148.jpg | https://images.aqar.fm/webp/750x0/props/043672519_1777490263225.jpg | https://images.aqar.fm/webp/750x0/props/043672515_1777490263218.jpg | https://images.aqar.fm/webp/750x0/props/043672519_1777490263231.jpg | https://images.aqar.fm/webp/750x0/props/043672510_1777490263236.jpg | https://images.aqar.fm/webp/750x0/props/043672518_1777490263224.jpg | https://images.aqar.fm/webp/750x0/props/043672513_1777490263239.jpg | https://images.aqar.fm/webp/750x0/props/043672512_1777490263241.jpg | https://images.aqar.fm/webp/750x0/props/043672512_1777490276219.jpg | https://images.aqar.fm/webp/750x0/props/043672513_1777490276230.jpg | https://images.aqar.fm/webp/750x0/props/043672511_1777490276233.jpg | https://images.aqar.fm/webp/750x0/props/043672512_1777490276225.jpg | https://images.aqar.fm/webp/750x0/props/043672513_1777490276222.jpg,21,منيره مناحي بن جابر ال فهاد,مؤسسة درة الانشاءات والتشييد للمقاولات العامة,1,2026-04-29,2026-07-26,2026-08-23,528,2026-08-23,True,"720,000",False,فيلا
6634339,https://sa.aqar.fm/فلل-للبيع/الرياض/جنوب-الرياض/حي-عكاظ/شارع-جعفر-بن-الحداد-حي-عكاظ-مدينة-الرياض-منطقة-الرياض-6634339,"فيلا للبيع في شارع جعفر بن الحداد, حي عكاظ, مدينة الرياض, منطقة الرياض",850000,213,5,5,3,0,حي عكاظ,الرياض,جنوب الرياض,"فيلا مميزة للبيع – حي عكاظ (العجلان)
📍 موقع استراتيجي قريب من طريق ديراب وقريب من قاعدة الملك سلمان
✨ مطلة على مسجد – شارع بعرض 28م

فرصة ذهبية لامتلاك فيلا بتصميم عصري ومساحات مدروسة تناسب العائلة ✨

📐 المساحة: 287 م²

⸻

🔹 تفاصيل الفيلا:

الدور الأرضي:
	•	مدخل سيارة 🚗
	•	مجلس 
	•	غرفة طعام
	•	صالة عائلية
	•	مطبخ
	•	دورتين مياه

الدور الأول:
	•	 صالة
	•	3 غرف نوم (واحدة ماستر)
	•	دورة مياه

الدور الثاني:
	•	صالة
	•	غرفة نوم
	•	غرفة غسيل بدورة مياه
	•	سطح 

⸻

🔹 المميزات:
	•	موقع مميز قريب من الطرق الرئيسية والخدمات
	•	إطلالة مباشرة على مسجد 🕌
	•	تصميم عملي وتشطيبات حديثة

⸻

🔹 الجودة والضمانات:
	•	🔌 أسلاك وكيابل الكهرباء: شركة الفنار – ضمان 20 سنة
	•	🚿 السباكة: شركة تحويل – ضمان 25 سنة
	•	💡 الإنارة والأفياش: شركة الرائد – ضمان 5 سنوات
	•	🛡️ العزل الحراري والمائي – ضمان 10 سنوات

⸻

💰 السعر: 900,000 ريال (قابل للتفاوض)

📞 للتواصل والمعاينة: ((الرقم يظهر عند الضغط على اتصال))",24.511203,46.672236,https://images.aqar.fm/webp/750x0/props/038981757_1774779931009.jpg | https://images.aqar.fm/webp/750x0/props/038981755_1774779931013.jpg,2,نوره عائض معيض الشهري,مكتب القواعد الماسية للعقارات,1,2026-03-29,2026-07-23,2026-08-23,1179,2026-08-23,True,"850,000",False,فيلا
6820286,https://sa.aqar.fm/فلل-للبيع/الرياض/جنوب-الرياض/حي-عكاظ/شارع-الحسن-بن-الهيثم-حي-عكاظ-مدينة-الرياض-منطقة-الرياض-6820286,"فيلا للبيع في شارع الحسن بن الهيثم, حي عكاظ, مدينة الرياض, منطقة الرياض",1330000,378,5,0,0,0,حي عكاظ,الرياض,جنوب الرياض,"دوبلكس مع شقه بسطح 
المساحه ٢٧٠
شارع:٢٥
الموقع :الرياض ،حي الشفا، 
مخطط سماء عكاظ 
مساحه الغرف كبيره والحوش أيضآ 

الدور الأرضي مكون من

. مجلس رجال
. مقلط
. صاله مجلس نساء كبيره 
غرفه كبار سن
. مطبخ 
. ٢ دوره مياه 

الدور الأول
. ٤غرفه  نوم و صاله و ١دورات مياه اعزك الله ٢غرفه ماستر  
الشقه :
١مجلس
١مطبخ 
٣غرف نوم واحده ماستر اثنين بدون ماستر


جميع الضمانات موجوده 

السعر:مليون و ٣٣٠ الف",24.512942,46.646349,https://images.aqar.fm/webp/750x0/props/006878257_1786619938076.jpg | https://images.aqar.fm/webp/750x0/props/006878254_1786619937920.jpg | https://images.aqar.fm/webp/750x0/props/006878250_1786619938075.jpg | https://images.aqar.fm/webp/750x0/props/006878258_1786619937933.jpg | https://images.aqar.fm/webp/750x0/props/006878253_1786619937920.jpg,5,محمد خالد,,,2026-08-13,2026-08-13,2026-08-13,147,2026-08-23,True,"1,330,000",False,فيلا
6482427,https://sa.aqar.fm/فلل-للبيع/الرياض/جنوب-الرياض/حي-عكاظ/شارع-ابن-سيدة-اللغوي-حي-عكاظ-مدينة-الرياض-منطقة-الرياض-6482427,"فيلا للبيع في شارع ابن سيدة اللغوي, حي عكاظ, مدينة الرياض, منطقة الرياض",750000,206,5,5,2,0,حي عكاظ,الرياض,جنوب الرياض,"دور علوي مودرن 
مساحه 330م 
عرض الشارع 20م 
كل الضمانات موجوده 
كل التسهيلات موجوده 
للتواصل واتس او اتصال 
((رقم المعلن يظهر عند التواصل))",24.507417,46.661141,https://images.aqar.fm/webp/750x0/props/049438253_1764173787779.jpg,1,عبدالعزيز عمر,شركة سكاي لاين فيو العقارية,1,2025-11-26,2025-11-26,2026-08-10,1058,2026-08-23,True,"750,000",False,فيلا
6506008,https://sa.aqar.fm/فلل-للبيع/الرياض/جنوب-الرياض/حي-عكاظ/شارع-النفوذ-حي-عكاظ-مدينة-الرياض-منطقة-الرياض-6506008,"فيلا للبيع في شارع النفوذ, حي عكاظ, مدينة الرياض, منطقة الرياض",760000,234,5,1,0,0,حي عكاظ,الرياض,جنوب الرياض,"السلام عليكم ورحمت الله وبركاته اسعد الله اوقاتكم بكل خير وسرور يوجد لدينا جميع العروض العقاريه شقق فلل تاون هاوس أرضي دورين 
دور ارضي بصك لحالو...مخطط نمار 320....
وجها شماليه.. شارع 17م..
مساحه 375م...
سعر 850 الف قابل للتفاوض 
تتكون من مدخل سيارة حوش مدخل نساء خاص...مشب خارجي...
مجلس رجل مع المغاسل ودورات المياه..مقلط طعام صاله.. مطبخ به مستودع...مجلس نساء خاص 3 غرف نوم منهم 1غرفه ماستر 
+4 دورات ميا:
للبيع دور أرضي بحي نمار
فرصة مميزة للسكن العائلي، دور أرضي بمساحة 375 م² يتميز بالرحابة والتصميم العملي، يوفر الراحة وسهولة الاستخدام، موقع هادئ وقريب من جميع الخدمات الأساسية، مع سهولة الوصول للطرق الرئيسية. خيار مثالي للسكن أو الاستثمار. التواصل والاستفسار 
((رقم المعلن يظهر عند التواصل))",24.513017,46.663494,https://images.aqar.fm/webp/750x0/props/035922380_1765712018525.jpg | https://images.aqar.fm/webp/750x0/props/035922388_1765712018516.jpg | https://images.aqar.fm/webp/750x0/props/035922385_1765712017593.jpg | https://images.aqar.fm/webp/750x0/props/035922383_1765712017602.jpg | https://images.aqar.fm/webp/750x0/props/035922387_1765712017772.jpg | https://images.aqar.fm/webp/750x0/props/035922386_1765712017576.jpg | https://images.aqar.fm/webp/750x0/props/035922383_1765712017819.jpg | https://images.aqar.fm/webp/750x0/props/035922380_1765712018050.jpg | https://images.aqar.fm/webp/750x0/props/035922383_1765712017827.jpg | https://images.aqar.fm/webp/750x0/props/035922386_1765712017885.jpg | https://images.aqar.fm/webp/750x0/props/035922384_1765712018067.jpg | https://images.aqar.fm/webp/750x0/props/035922382_1765712018125.jpg | https://images.aqar.fm/webp/750x0/props/035922384_1765712018133.jpg | https://images.aqar.fm/webp/750x0/props/035922380_1765712018128.jpg | https://images.aqar.fm/webp/750x0/props/035922381_1765712018504.jpg | https://images.aqar.fm/webp/750x0/props/035922385_1765712018507.jpg | https://images.aqar.fm/webp/750x0/props/035922386_1765712018545.jpg,17,تماني بنت عقيل بن فارس العنزي,مكتب مساكن المهلهل,1,2025-12-14,2025-12-14,2026-08-14,1692,2026-08-23,True,"760,000",False,فيلا
6769108,https://sa.aqar.fm/فلل-للبيع/الرياض/جنوب-الرياض/حي-عكاظ/شارع-حامد-القاري-حي-عكاظ-مدينة-الرياض-منطقة-الرياض-6769108,"فيلا للبيع في شارع حامد القاري, حي عكاظ, مدينة الرياض, منطقة الرياض",730000,264,6,5,3,0,حي عكاظ,الرياض,جنوب الرياض,"حي عكاظ مخطط العجلان
تاون مساحه 300م 
شارع 18 م
 خلفي 730 الف

تتكون من مدخل سياره مجلس رجال مقلط صاله مطبخ
الاول ثلاث غرف منهم غرفه ماستر
الدور الثاني غرفتين نوم وصاله وسطح",24.505737,46.668236,https://images.aqar.fm/webp/750x0/props/025998260_1783784458017.jpg | https://images.aqar.fm/webp/750x0/props/025998262_1783784455699.jpg | https://images.aqar.fm/webp/750x0/props/025998267_1783784455836.jpg | https://images.aqar.fm/webp/750x0/props/025998268_1783784455910.jpg | https://images.aqar.fm/webp/750x0/props/025998267_1783784456012.jpg | https://images.aqar.fm/webp/750x0/props/025998264_1783784456185.jpg | https://images.aqar.fm/webp/750x0/props/025998268_1783784456675.jpg | https://images.aqar.fm/webp/750x0/props/025998260_1783784456638.jpg | https://images.aqar.fm/webp/750x0/props/025998261_1783784456798.jpg | https://images.aqar.fm/webp/750x0/props/025998264_1783784456973.jpg | https://images.aqar.fm/webp/750x0/props/025998261_1783784457260.jpg | https://images.aqar.fm/webp/750x0/props/025998266_1783784457332.jpg | https://images.aqar.fm/webp/750x0/props/025998262_1783784457413.jpg | https://images.aqar.fm/webp/750x0/props/025998267_1783784457480.jpg | https://images.aqar.fm/webp/750x0/props/025998269_1783784457580.jpg | https://images.aqar.fm/webp/750x0/props/025998268_1783784457620.jpg | https://images.aqar.fm/webp/750x0/props/025998269_1783784457657.jpg | https://images.aqar.fm/webp/750x0/props/025998263_1783784457763.jpg | https://images.aqar.fm/webp/750x0/props/025998264_1783784457863.jpg | https://images.aqar.fm/webp/750x0/props/025998262_1783784458075.jpg | https://images.aqar.fm/webp/750x0/props/025998261_1783784458362.jpg | https://images.aqar.fm/webp/750x0/props/025998261_1783784458432.jpg | https://images.aqar.fm/webp/750x0/props/025998263_1783784458532.jpg | https://images.aqar.fm/webp/750x0/props/025998260_1783784458017.jpg | https://images.aqar.fm/webp/750x0/props/025998262_1783784455699.jpg | https://images.aqar.fm/webp/750x0/props/025998267_1783784455836.jpg | https://images.aqar.fm/webp/750x0/props/025998268_1783784455910.jpg | https://images.aqar.fm/webp/750x0/props/025998267_1783784456012.jpg | https://images.aqar.fm/webp/750x0/props/025998264_1783784456185.jpg | https://images.aqar.fm/webp/750x0/props/025998268_1783784456675.jpg | https://images.aqar.fm/webp/750x0/props/025998260_1783784456638.jpg | https://images.aqar.fm/webp/750x0/props/025998261_1783784456798.jpg | https://images.aqar.fm/webp/750x0/props/025998264_1783784456973.jpg | https://images.aqar.fm/webp/750x0/props/025998261_1783784457260.jpg | https://images.aqar.fm/webp/750x0/props/025998266_1783784457332.jpg | https://images.aqar.fm/webp/750x0/props/025998262_1783784457413.jpg | https://images.aqar.fm/webp/750x0/props/025998267_1783784457480.jpg | https://images.aqar.fm/webp/750x0/props/025998269_1783784457580.jpg | https://images.aqar.fm/webp/750x0/props/025998268_1783784457620.jpg | https://images.aqar.fm/webp/750x0/props/025998269_1783784457657.jpg | https://images.aqar.fm/webp/750x0/props/025998263_1783784457763.jpg | https://images.aqar.fm/webp/750x0/props/025998264_1783784457863.jpg | https://images.aqar.fm/webp/750x0/props/025998262_1783784458075.jpg | https://images.aqar.fm/webp/750x0/props/025998261_1783784458362.jpg | https://images.aqar.fm/webp/750x0/props/025998261_1783784458432.jpg | https://images.aqar.fm/webp/750x0/props/025998263_1783784458532.jpg,46,مشاعل دعيرم بن جربوع العتيبي,مؤسسة مكتب بداية جديدة للخدمات العقارية,1,2026-07-11,2026-08-09,2026-08-23,382,2026-08-23,True,"730,000",False,فيلا
6698676,https://sa.aqar.fm/فلل-للبيع/الرياض/جنوب-الرياض/حي-عكاظ/شارع-عباس-الجوهري-حي-عكاظ-مدينة-الرياض-منطقة-الرياض-6698676,"فيلا للبيع في شارع عباس الجوهري, حي عكاظ, مدينة الرياض, منطقة الرياض",1650000,358,5,5,5,2,حي عكاظ,الرياض,جنوب الرياض,"فله للبيع حي عكاظ
دور وشقتين 
مساحه ٤١٢م
شارع ١٥ شمالي

تتكون من
الدور الأرضي 
مدخل سياره حوش 
مجلس 
مقلط 
صالة جلوس 
صالة طعام 
٣ غرف نوم 
مطبخ 
و٦ دورات مياه 
ومستودع

الدور الثاني شقتين 
مدخلين 
مجلس 
ومقلط 
وصاله 
وغرفتين نوم 
ومطبخ 
ودورتين مياه 
كلها نفس الشي
*مرهونه للبنك ب  ٧٦٣ الف*

*والبيع مليون و٥٠٠ شامل البنك*

https://maps.app.goo.gl/rGDkBe5aUhUNmJS2A?g_st=ic

*🔴السعي في ذمه من يوصل العقار من طرف مكتبنا🔴*",24.501229,46.677618,https://images.aqar.fm/webp/750x0/props/005405665_1778873719209.jpg | https://images.aqar.fm/webp/750x0/props/005405667_1778873734842.jpg | https://images.aqar.fm/webp/750x0/props/005405664_1778873734803.jpg | https://images.aqar.fm/webp/750x0/props/005405661_1778873734812.jpg | https://images.aqar.fm/webp/750x0/props/005405669_1778873734826.jpg | https://images.aqar.fm/webp/750x0/props/005405666_1778873734830.jpg,6,مساعد محمد بن علي الزهراني,مكتب مساعد محمد بن علي الزهراني للعقارات,1,2026-05-15,2026-08-11,2026-08-11,588,2026-08-23,True,"1,650,000",False,فيلا
6490878,https://sa.aqar.fm/فلل-للبيع/الرياض/جنوب-الرياض/حي-عكاظ/شارع-خيمر-حي-عكاظ-مدينة-الرياض-منطقة-الرياض-6490878,"فيلا للبيع في شارع خيمر, حي عكاظ, مدينة الرياض, منطقة الرياض",720000,325,7,4,2,0,حي عكاظ,الرياض,جنوب الرياض,"تاون هاوس مودرن أمامي وخلفي🏣🏣
مساحة ٣٢٥م
يتكون من:
الدور الأرضي
مجلس مع دورة مياه ومغاسل 
مقلط
صالة مع دورة مياه ومغاسل
مطبخ
الدور الأول
٤غرف نوم
منهظ غرفتين ماستر
غرفتين مع دورة مياه مشتركة
صالة
كافة الضمانات
خزانات منفصلة 
علي طريق ديراب مباشرا
بجوار جميع الخدمات 
🏙🏙🕌🕌",24.507278,46.669689,https://images.aqar.fm/webp/750x0/props/049601443_1764715168824.jpg | https://images.aqar.fm/webp/750x0/props/049601446_1764715168553.jpg | https://images.aqar.fm/webp/750x0/props/049601447_1764715168614.jpg | https://images.aqar.fm/webp/750x0/props/049601446_1764715168716.jpg | https://images.aqar.fm/webp/750x0/props/049601449_1764715168579.jpg | https://images.aqar.fm/webp/750x0/props/049601447_1764715168631.jpg | https://images.aqar.fm/webp/750x0/props/049601445_1764715168973.jpg | https://images.aqar.fm/webp/750x0/props/049601446_1764715169121.jpg | https://images.aqar.fm/webp/750x0/props/049601444_1764715169233.jpg | https://images.aqar.fm/webp/750x0/props/049601440_1764715169356.jpg | https://images.aqar.fm/webp/750x0/props/049601441_1764715169466.jpg | https://images.aqar.fm/webp/750x0/props/049601447_1764715169573.jpg,12,وضحاء الحارثي,مؤسسة نبض الديار,1,2025-12-02,2025-12-02,2026-08-23,2585,2026-08-23,True,"720,000",False,فيلا
6597512,https://sa.aqar.fm/فلل-للبيع/الرياض/جنوب-الرياض/حي-عكاظ/شارع-عبدالعزيز-القاضي-حي-عكاظ-مدينة-الرياض-منطقة-الرياض-6597512,"فيلا للبيع في شارع عبدالعزيز القاضي, حي عكاظ, مدينة الرياض, منطقة الرياض",850000,247,6,0,0,0,حي عكاظ,الرياض,جنوب الرياض,"🏡 فيلا تاون هاوس للبيع – حي عكاظ – الرياض

فرصة تملك مميزة في موقع حيوي وقريب من جميع الخدمات ✨

📍 الموقع: حي عكاظ – الرياض
📐 المساحة: 300 م²
💰 السعر: 850,000 ريال (قابل للتفاوض)
🧭 الواجهة: جنوبية
🛣 الشارع: 15م

🔹 تفاصيل الفيلا:

🔸 الدور الأرضي:
مدخل سيارة 🚗
مجلس
غرفة طعام
صالة واسعة
مطبخ
2 دورات مياه

🔸 الدور الأول:
4 غرف نوم (جميعها ماستر) 🛏

🔸 الدور الثاني:
غرفتين نوم (واحدة ماستر)
سطح خاص

📞 للتواصل والاستفسار:
((رقم المعلن يظهر عند التواصل))

✨ كل حلم له بداية… وبداية التمليك تبدأ بخطوة مع القواعد الماسية 🏠",24.504723,46.680732,https://images.aqar.fm/webp/750x0/props/038981752_1771531086301.jpg,1,نوره عائض معيض الشهري,مكتب القواعد الماسية للعقارات,1,2026-02-19,2026-07-15,2026-08-23,1215,2026-08-23,True,"850,000",False,فيلا
6797072,https://sa.aqar.fm/فلل-للبيع/الرياض/جنوب-الرياض/حي-عكاظ/شارع-لقاح-حي-عكاظ-مدينة-الرياض-منطقة-الرياض-6797072,"فيلا للبيع في شارع لقاح, حي عكاظ, مدينة الرياض, منطقة الرياض",730000,264,7,0,0,0,حي عكاظ,الرياض,جنوب الرياض,"فيلا تاون هاوس ٣ دور  حي عكاض (عجلان ) شغل شخصي مودرن كل شي خاص ومنفصل من عداد كهرباء وعداء ماء وخزانات ارضي وعلوي 
قريب من المسجد والخدمات
يتكون من مدخل سياره - مجلس رجال -مقلط - مطبخ - ٣ صاله - ٥ غرف نوم - ٥ دورات مياه - سطح 
تتوفر جميع الضمانات البناء من سباكه وكهرباء وعوازل حراريه ومائيه وهيكل انشائي واشراف هندسي لمده ٢٥ سنه 
 وتامين على العيوب المخفيه من شركه ملاذ للتامين لمده ١٠ سنه
——-
تتوفر عروض اخرى من ادوار وشقق وفلل 
تخليص جميع المعاملات البنكيه وسداد المديونيات وتوفير فايض فوق قيمه العقار",24.504595,46.672596,https://images.aqar.fm/webp/750x0/props/018974434_1785374715882.jpg | https://images.aqar.fm/webp/750x0/props/018974430_1785375039380.jpg | https://images.aqar.fm/webp/750x0/props/018974431_1785375039359.jpg | https://images.aqar.fm/webp/750x0/props/018974431_1785375039368.jpg | https://images.aqar.fm/webp/750x0/props/018974433_1785375039372.jpg | https://images.aqar.fm/webp/750x0/props/018974434_1785375039368.jpg | https://images.aqar.fm/webp/750x0/props/018974431_1785375039370.jpg | https://images.aqar.fm/webp/750x0/props/018974432_1785375039390.jpg | https://images.aqar.fm/webp/750x0/props/018974432_1785375039392.jpg | https://images.aqar.fm/webp/750x0/props/018974431_1785375096127.jpg | https://images.aqar.fm/webp/750x0/props/018974438_1785375096131.jpg | https://images.aqar.fm/webp/750x0/props/018974431_1785375096122.jpg | https://images.aqar.fm/webp/750x0/props/018974438_1785375096123.jpg | https://images.aqar.fm/webp/750x0/props/018974438_1785375096146.jpg | https://images.aqar.fm/webp/750x0/props/018974438_1785375096131.jpg | https://images.aqar.fm/webp/750x0/props/018974434_1785375096128.jpg | https://images.aqar.fm/webp/750x0/props/018974432_1785375179248.jpg | https://images.aqar.fm/webp/750x0/props/018974439_1785375179264.jpg | https://images.aqar.fm/webp/750x0/props/018974430_1785375179261.jpg | https://images.aqar.fm/webp/750x0/props/018974438_1785375179267.jpg | https://images.aqar.fm/webp/750x0/props/018974438_1785375179263.jpg | https://images.aqar.fm/webp/750x0/props/018974434_1785375179258.jpg | https://images.aqar.fm/webp/750x0/props/018974435_1785375179250.jpg | https://images.aqar.fm/webp/750x0/props/018974433_1785375179280.jpg,24,مشاعل محبوب,,0,2026-07-30,2026-07-30,2026-08-23,53,2026-08-23,True,"730,000",False,فيلا
6700939,https://sa.aqar.fm/فلل-للبيع/الرياض/جنوب-الرياض/حي-عكاظ/شارع-عكرمه-بن-سليمان-حي-عكاظ-مدينة-الرياض-منطقة-الرياض-6700939,"فيلا للبيع في شارع عكرمه بن سليمان, حي عكاظ, مدينة الرياض, منطقة الرياض",1600000,375,5,,,9,حي عكاظ,الرياض,جنوب الرياض,"للبيع فيلا بحي عكاظ
المساحه 375م
الواجهة جنوبية 15م
العمر 9 سنوات
فيلا مستقله
دور وشقتين 
الدور عباره عن  5 غرف نوم وصاله ودورات مياه

الشقتين  غرفتين نوم ومجلس وصاله ومطبخ ودورتين مياه

السعر مليون 600 الف 
السوم وصل مليون 500 الف",24.519779,46.682956,https://images.aqar.fm/webp/750x0/props/005910738_1779030967784.jpg,1,صالح بن عبيد بن عايش العنزي,مكتب ابداع الصحافة للخدمات العقارية,1,2026-05-17,2026-08-12,2026-08-12,509,2026-08-23,True,"1,600,000",False,فيلا
6671764,https://sa.aqar.fm/فلل-للبيع/الرياض/جنوب-الرياض/حي-عكاظ/شارع-لقاح-حي-عكاظ-مدينة-الرياض-منطقة-الرياض-6671764,"فيلا للبيع في شارع لقاح, حي عكاظ, مدينة الرياض, منطقة الرياض",950000,268,5,5,2,4,حي عكاظ,الرياض,جنوب الرياض,"للبيع فلة دبلكس عكاظ العجلان 
فلة واجهة شمالية 
مساحة ٢٦٩
الشارع ٢٨ 
مقابل مرافق
مشب خارجي
مجلس رجال دورة مياه
صالة طعام 
صالة
مجلس نساء 
دورة مياه
مطبخ
الدور الاول 
٤ غرف نوم اثنتان ماستر واثنتان تخدمهما دورة مياه 
الدور الثاني 
غرفة مع دورة مياه وسطح
العمر ٤ سنوات 
فاضية ويمكن المعاينة اي وقت
السعر

البيع 950الف شهادة اتمام البناء باقي لها شهر او اقل بالنسبة للبنك المدعوم 
حرة وتقبل البنك و  الكاش

العرض حصري",24.503869,46.671877,,,فايز الاحمري,شركة السهم الفضي للعقارات,1,2026-04-27,2026-08-21,2026-08-21,290,2026-08-23,True,"950,000",False,فيلا
6748782,https://sa.aqar.fm/فلل-للبيع/الرياض/جنوب-الرياض/حي-عكاظ/شارع-حامد-عبدالحفيظ-حي-عكاظ-مدينة-الرياض-منطقة-الرياض-6748782,"فيلا للبيع في شارع حامد عبدالحفيظ, حي عكاظ, مدينة الرياض, منطقة الرياض",880000,266,5,,,0,حي عكاظ,الرياض,جنوب الرياض,السلام عليكم ورحمة الله وبركاته فيلا تاون هاوس العجلان مشروع ٤  للبيع عقار مميز بقربه من جميع الخدمات تشطيب جيد ومساحه تناسب احتياجات السكن و الاستثمار موقع حيوي سعر منافس جاهز للمعاينه يفتح عاي مسجد نوفر دفعه أولي اوسداد بدون فوايد,24.506975,46.668393,https://images.aqar.fm/webp/750x0/props/011167292_1782482862451.jpg | https://images.aqar.fm/webp/750x0/props/011167293_1782482862132.jpg | https://images.aqar.fm/webp/750x0/props/011167292_1782482862455.jpg,3,جبر لافي عوض العتيبي,مؤسسة أوائل الرياض العقارية,1,2026-06-26,2026-08-23,2026-08-23,240,2026-08-23,True,"880,000",False,فيلا
6675954,https://sa.aqar.fm/فلل-للبيع/الرياض/جنوب-الرياض/حي-عكاظ/شارع-حسين-الأبريقي-حي-عكاظ-مدينة-الرياض-منطقة-الرياض-6675954,"فيلا للبيع في شارع حسين الأبريقي, حي عكاظ, مدينة الرياض, منطقة الرياض",720000,264,7,5,2,0,حي عكاظ,الرياض,جنوب الرياض,"🔥 فرصة نادرة لا تفوت – تاون هاوس أرضي بحي العجلان 🔥
💥 السعر الجديد: 700,000 ريال فقط (بدل 720 ألف) – لفترة محدودة!

📍 موقع مميز قريب من جميع الخدمات

🏡 تفاصيل العقار:

🔹 الدور الأرضي: مجلس + مقلط + صالة واسعة + مطبخ
🛁 دورتين مياه

🔹 الدور الأول: صالة عائلية
3 غرف نوم (منها غرفة ماستر)
🛁 دورتين مياه

🔹 الدور الثاني: صالة
غرفتين نوم
🛁 دورة مياه + سطح خاص

📐 المساحة: 250 م²

✨ تصميم مريح + تقسيم عملي يناسب العائلة
✨ فرصة استثمار وسكن بسعر مميز جدًا

🚨 بادر بالحجز الآن – العرض هذا لفترة محدودة!

📲 للتواصل واتساب مباشرة:
0535003630",24.506971,46.67078,https://images.aqar.fm/webp/750x0/props/043828155_1777532859109.jpg | https://images.aqar.fm/webp/750x0/props/043828151_1777532858439.jpg | https://images.aqar.fm/webp/750x0/props/043828158_1777532858574.jpg | https://images.aqar.fm/webp/750x0/props/043828153_1777532858867.jpg | https://images.aqar.fm/webp/750x0/props/043828152_1777532859003.jpg | https://images.aqar.fm/webp/750x0/props/043828156_1777532859707.jpg | https://images.aqar.fm/webp/750x0/props/043828153_1777532859709.jpg | https://images.aqar.fm/webp/750x0/props/043828159_1777532859821.jpg | https://images.aqar.fm/webp/750x0/props/043828155_1777532860068.jpg | https://images.aqar.fm/webp/750x0/props/043828154_1777532860330.jpg | https://images.aqar.fm/webp/750x0/props/043828157_1777532860720.jpg | https://images.aqar.fm/webp/750x0/props/043828154_1777532861095.jpg | https://images.aqar.fm/webp/750x0/props/043828156_1777532861454.jpg | https://images.aqar.fm/webp/750x0/props/043828154_1777532861729.jpg | https://images.aqar.fm/webp/750x0/props/043828157_1777532861990.jpg | https://images.aqar.fm/webp/750x0/props/043828154_1777532862295.jpg | https://images.aqar.fm/webp/750x0/props/043828153_1777532862659.jpg | https://images.aqar.fm/webp/750x0/props/043828157_1777532862942.jpg | https://images.aqar.fm/webp/750x0/props/043828152_1777532863356.jpg,19,منيره مناحي بن جابر ال فهاد,مؤسسة درة الانشاءات والتشييد للمقاولات العامة,1,2026-04-30,2026-07-26,2026-08-23,251,2026-08-23,True,"720,000",False,فيلا
6751623,https://sa.aqar.fm/فلل-للبيع/الرياض/جنوب-الرياض/حي-عكاظ/شارع-محمد-البياري-حي-عكاظ-مدينة-الرياض-منطقة-الرياض-6751623,"فيلا للبيع في شارع محمد البياري, حي عكاظ, مدينة الرياض, منطقة الرياض",1800000,450,,0,0,10,حي عكاظ,الرياض,جنوب الرياض,"للتواصل : ((الرقم يظهر عند الضغط على اتصال))
فله درج صاله ثلاث شقق 
المساحه ٤٥٠ متر 
موصفات الدور الارضي 
مجلس مقلط صاله تحت وغرفه كبار سن غرفه الطعام 
دور الاول 
درج صاله ثلاث غرف كبار  ماستر

يوجد ثلاث شقق مؤجره 
البيع مليون ٨٠٠ غير شامل الرهن ٣٠٠ الف",24.5145,46.676787,https://images.aqar.fm/webp/750x0/props/046936760_1782670842712.jpg,1,فهد بن عبدالله بن زيد التميمي,مؤسسة فهد بن عبدالله بن زيد التميمي للمقاولات,1,2026-06-28,2026-07-28,2026-08-21,492,2026-08-23,True,"1,800,000",False,فيلا
6834306,https://sa.aqar.fm/فلل-للبيع/الرياض/جنوب-الرياض/حي-عكاظ/شارع-عبدالرحمن-المكودي-حي-عكاظ-مدينة-الرياض-منطقة-الرياض-6834306,"فيلا للبيع في شارع عبدالرحمن المكودي, حي عكاظ, مدينة الرياض, منطقة الرياض",950000,269,6,,,1,حي عكاظ,الرياض,جنوب الرياض,"فله 3 ادوار نظام تاون هاوس : 

الدور الارضي يحتوي على: 
صاله 
مقلط 
مجلس 
مطبخ 
دورتين مياه 

الدور الاول يحتوي على : 
صاله 
3 غرف نوم 
1 غرفة نوم ماستر
غرفتين
2 دورة مياه 

الدور الثالث يحتوي على : 
صاله 
1 غرفة نوم 

عدد 2 سطوح 

———————————————————

الموقع حي عكاظ / مخطط العجلان 

سعر البيع 950 الف 
البيت عليه بنك 720 الف
البيع شامل البنك 950، الف 
للتواصل /",24.497619,46.658778,https://images.aqar.fm/webp/750x0/props/048656213_1787324960792.jpg | https://images.aqar.fm/webp/750x0/props/048656214_1787324960391.jpg | https://images.aqar.fm/webp/750x0/props/048656212_1787324960586.jpg | https://images.aqar.fm/webp/750x0/props/048656217_1787324960186.jpg | https://images.aqar.fm/webp/750x0/props/048656214_1787324960268.jpg | https://images.aqar.fm/webp/750x0/props/048656218_1787324960385.jpg | https://images.aqar.fm/webp/750x0/props/048656217_1787324960435.jpg | https://images.aqar.fm/webp/750x0/props/048656217_1787324960582.jpg | https://images.aqar.fm/webp/750x0/props/048656219_1787324960654.jpg | https://images.aqar.fm/webp/750x0/props/048656219_1787324960781.jpg | https://images.aqar.fm/webp/750x0/props/048656218_1787324960856.jpg | https://images.aqar.fm/webp/750x0/props/048656217_1787324960981.jpg | https://images.aqar.fm/webp/750x0/props/048656212_1787324960994.jpg | https://images.aqar.fm/webp/750x0/props/048656217_1787324961059.jpg | https://images.aqar.fm/webp/750x0/props/048656213_1787324961131.jpg | https://images.aqar.fm/webp/750x0/props/048656213_1787324961214.jpg | https://images.aqar.fm/webp/750x0/props/048656212_1787324961313.jpg | https://images.aqar.fm/webp/750x0/props/048656213_1787324961321.jpg,18,راجح محمد,شركة املاك المشرق للعقارات,1,2026-08-21,2026-08-21,2026-08-23,16,2026-08-23,True,"950,000",False,فيلا
6383061,https://sa.aqar.fm/فلل-للبيع/الرياض/جنوب-الرياض/حي-عكاظ/شارع-ابن-سيدة-اللغوي-حي-عكاظ-مدينة-الرياض-منطقة-الرياض-6383061,"فيلا للبيع في شارع ابن سيدة اللغوي, حي عكاظ, مدينة الرياض, منطقة الرياض",750000,252,5,1,0,0,حي عكاظ,الرياض,جنوب الرياض,"""تاون هاوس فاخر بمساحة 300م² في قلب العجلان بالرياض – 3 أدوار تصميم عصري وسعر تنافسي 830 ألف فقط!""
مشروع عكاظ تاون هاوس – تملك فلتك بـ 830,000 ريال فقط!اغتنم الفرصة وامتلك فيلا تاون هاوس حديثة في واحد من أرقى أحياء جنوب الرياض – حي عكاظ. موقع استراتيجي قريب من الطرق الرئيسية والخدمات، يجمع بين الهدوء، الفخامة، وسهولة الوصول إلى كل ما تحتاجه في محيطك اليومي.📍 الموقع: حي عكاظ، عبر خريطة جوجل من هناتفاصيل الفيلا:المساحة: 300 م²السعر: 830,000 ريال فقط النوع: تاون هاوس أمامي وخلفيعدد الأدوار: 3 أدوار بتصميم عصري✅ الدور الأرضي مجلس رجال مقلط صالة فسيحةمطبخ عملي حوش ومدخل سيارة✅ الدور الأول3 غرف نوم (منها ماستر)صالة مريحة للعائلة✅ الدور الثاني غرفتين إضافيتين صالةسطح واسع مميزات المشروع:تصميم عصري يواكب متطلبات العائلة السعوديةبناء حديث مطابق للكود السعوديتشطيبات فاخرة بمواصفات هندسية عاليةموقع قريب من الأسواق والمدارس والخدمات الحيويةأسعار تنافسية مناسبة للتمويل العقاري📞 للتواصل والحجز:
سارع بالحجز قبل نفاد الوحدات – 100 فيلا متاحة فقط
📲 للإستفسار: ((رقم المعلن يظهر عند التواصل))",24.507903,46.659902,https://images.aqar.fm/webp/750x0/props/048258500_1757941600233.jpg | https://images.aqar.fm/webp/750x0/props/048258509_1757941597222.jpg | https://images.aqar.fm/webp/750x0/props/048258504_1757941597420.jpg | https://images.aqar.fm/webp/750x0/props/048258507_1757941597572.jpg | https://images.aqar.fm/webp/750x0/props/048258509_1757941597576.jpg | https://images.aqar.fm/webp/750x0/props/048258505_1757941597754.jpg | https://images.aqar.fm/webp/750x0/props/048258508_1757941598035.jpg | https://images.aqar.fm/webp/750x0/props/048258503_1757941598151.jpg | https://images.aqar.fm/webp/750x0/props/048258502_1757941598273.jpg | https://images.aqar.fm/webp/750x0/props/048258502_1757941598437.jpg | https://images.aqar.fm/webp/750x0/props/048258505_1757941598676.jpg | https://images.aqar.fm/webp/750x0/props/048258505_1757941598840.jpg | https://images.aqar.fm/webp/750x0/props/048258502_1757941598971.jpg | https://images.aqar.fm/webp/750x0/props/048258501_1757941599254.jpg | https://images.aqar.fm/webp/750x0/props/048258501_1757941599379.jpg | https://images.aqar.fm/webp/750x0/props/048258508_1757941599516.jpg | https://images.aqar.fm/webp/750x0/props/048258509_1757941599638.jpg | https://images.aqar.fm/webp/750x0/props/048258500_1757941599766.jpg | https://images.aqar.fm/webp/750x0/props/048258502_1757941599894.jpg | https://images.aqar.fm/webp/750x0/props/048258500_1757941600055.jpg | https://images.aqar.fm/webp/750x0/props/048258509_1757941600354.jpg | https://images.aqar.fm/webp/750x0/props/048258506_1757941600479.jpg,22,منيره خالد مقبل القحطاني,مؤسسة البداية الصحيحة للخدمات العقارية,1,2025-09-15,2025-09-15,2026-07-19,362,2026-08-23,True,"750,000",False,فيلا
6691227,https://sa.aqar.fm/فلل-للبيع/الرياض/جنوب-الرياض/حي-عكاظ/شارع-خيمر-حي-عكاظ-مدينة-الرياض-منطقة-الرياض-6691227,"فيلا للبيع في شارع خيمر, حي عكاظ, مدينة الرياض, منطقة الرياض",730000,264,5,0,0,0,حي عكاظ,الرياض,جنوب الرياض,"السلام عليكم ورحمة الله وبركاته نعرض لكم دور ارضي بصك ف حي العجلان مساحه 300 
يتكون من مدخل سياره ومجلس رجال ومقلط وصاله ومطبخ وثلاث غرف نوم وحده ماستر 
السعر 730 الف
عليها جميع الضمانات 
شهادة اتمام بناء 
اشراف هندسي 
تامين شركة ملاذ 
كما يوجد لدينا تسهيلات ف جميع البنوك والشركات 
توفير الدفعه الاولي للعميل 
للتواصل 0507959420",24.507092,46.670097,https://images.aqar.fm/webp/750x0/props/008317161_1778443734516.jpg | https://images.aqar.fm/webp/750x0/props/008317162_1778443734500.jpg | https://images.aqar.fm/webp/750x0/props/008317169_1778443734489.jpg | https://images.aqar.fm/webp/750x0/props/008317165_1778443734463.jpg | https://images.aqar.fm/webp/750x0/props/008317161_1778443734527.jpg | https://images.aqar.fm/webp/750x0/props/008317164_1778443734451.jpg,6,ريناد خالد مشبب القحطاني,مكتب دار المستفيد للعقارات,1,2026-05-10,2026-08-06,2026-08-20,465,2026-08-23,True,"730,000",False,فيلا
6772220,https://sa.aqar.fm/فلل-للبيع/الرياض/جنوب-الرياض/حي-عكاظ/شارع-عبيدالله-الهذلي-حي-عكاظ-مدينة-الرياض-منطقة-الرياض-6772220,"فيلا للبيع في شارع عبيدالله الهذلي, حي عكاظ, مدينة الرياض, منطقة الرياض",7500000,286,5,5,2,0,حي عكاظ,الرياض,جنوب الرياض,"🧏‍♂️السلام عليكم ورحمة الله 🧏‍♂️ اسعد الله اوقاتكم بكل خير بيت العمر دور ارضي للبيع الدور يتكون من 🧏‍♂️
مدخل سياره خاص ،،، مشب،،،، مجلس رجال مع دوره مياه ومغاسل.،،،، مقلط،،،،، صاله كبيره مع مدخل نساء خاص ،،، مطبخ كبير،،، غرفه نوم ماستر حمام مستقل،،، غرفتين نوم مع حمام مشترك،،،، حوش خلفي 🧏‍♂️

المساحه 330 متر
السعر 650 الف
الشارع 18 متر",24.514754,46.64468,https://images.aqar.fm/webp/750x0/props/041683193_1783963268529.jpg | https://images.aqar.fm/webp/750x0/props/041683192_1783963269040.jpg | https://images.aqar.fm/webp/750x0/props/041683196_1783963268478.jpg | https://images.aqar.fm/webp/750x0/props/041683197_1783963268587.jpg | https://images.aqar.fm/webp/750x0/props/041683194_1783963268875.jpg | https://images.aqar.fm/webp/750x0/props/041683192_1783963269137.jpg | https://images.aqar.fm/webp/750x0/props/041683195_1783963268504.jpg | https://images.aqar.fm/webp/750x0/props/041683192_1783963268475.jpg | https://images.aqar.fm/webp/750x0/props/041683193_1783963268649.jpg | https://images.aqar.fm/webp/750x0/props/041683191_1783963268663.jpg | https://images.aqar.fm/webp/750x0/props/041683193_1783963268739.jpg | https://images.aqar.fm/webp/750x0/props/041683192_1783963268751.jpg | https://images.aqar.fm/webp/750x0/props/041683195_1783963268862.jpg | https://images.aqar.fm/webp/750x0/props/041683190_1783963268953.jpg,14,محمد جبريل,,,2026-07-13,2026-07-27,2026-08-23,54,2026-08-23,True,"7,500,000",False,فيلا
6673695,https://sa.aqar.fm/فلل-للبيع/الرياض/جنوب-الرياض/حي-عكاظ/شارع-ناصر-بن-جعوان-حي-عكاظ-مدينة-الرياض-منطقة-الرياض-6673695,"فيلا للبيع في شارع ناصر بن جعوان, حي عكاظ, مدينة الرياض, منطقة الرياض",720000,264,5,0,0,0,حي عكاظ,الرياض,جنوب الرياض,"السلام عليكم ورحمه الله وبركاته 
أسعد الله أوقاتكم بكل خير عملائنا الكرام تقدم لكم شركه زوايه الابداع كل ماهوجديد في عالم العقار فيلا تاون هاوس
مساحه 300متر
السعر 720 الف﷼
شارع 18م
تشطيب ممتاز عليها كافه الضمانات من جميع التشطيبات 
العنوان حي عكاظ مخطط العجلان 
شغل راقي جدآ عليها اشراف هندسي دقيق ضمان من المالك مباشرة ضمنات سباكه كهرباء عوازل اساسات دهنات لمبات ابواب اقفال خزانات 
ويوجد عروض اخري بمساحات مختلفه واسعار متفاوته يوجد لدينا جميع الحلول التمويليه من البدايه حتي النهايه نسعي دائما لتوفير العقار المناسب 
توفير الدفعه الأولى مجانا 
سداد جميع المديونيات نتعامل مع جميع البنوك والشركات
رقم التواصل ((الرقم يظهر عند الضغط على اتصال))",24.504784,46.677291,,,وضحى ناشي عفار العتيبي,مؤسسة زوايا الإبداع للتطوير العقاري,1,2026-04-28,2026-07-24,2026-08-22,182,2026-08-23,True,"720,000",False,فيلا
6413487,https://sa.aqar.fm/فلل-للبيع/الرياض/جنوب-الرياض/حي-عكاظ/شارع-يوسف-نعمة-الله-حي-عكاظ-مدينة-الرياض-منطقة-الرياض-6413487,"فيلا للبيع في شارع يوسف نعمة الله, حي عكاظ, مدينة الرياض, منطقة الرياض",1900000,405,,5,2,3,حي عكاظ,الرياض,جنوب الرياض,"للبيع فيلا مع شقه دورين مودرن 
 فاخرة شغل شخصي
M

 في حي عكاظ افضل مخططات عكاظ
المساحة 405متر 
عمر العقار 3سنوات 
الواجهة شرقية 
الشارع سكني 18 مترعرض
عليها التزامات للبنك 350الف

حد المالك 2مليون و100الف
شامل المديونية 
غيرالضريبةوالسعى 

الشقة دوبلكس مستأجرة 
ب 35الف سنوية 

التفاصيل الفيلا 📥 📥 📥 
عبارة عن دور ارضي مع درج صاله+ملحق+مجلس واسع مع دورة مياة أكرمكم الله 
مقلط +صالة واسعة مع دورة مياه +غرفة نوم كبيرة جدا مع دورة مياة
مطبخ عادي ومطبخ متسخ مع غرفة خادمة وغرفة غسيل وودورة مياة
الدور العلوي 📥 
3 غرف نوم ماستر مع صالة واسعة 📥📥📥📥

يوجد غرفة سائق في سور

تفصيل الشقه 
 الشقة العلوية
 مدخل مستقل 
الدور الاول
مجلس مع دوره مياة
صاله واسعه مع دورة مياة
مطبخ مع غرفة خادمة مع غرفة غسيل ودورة مياة الدور الثاني
غرفتين نوم ماستر مع صاله واسعه وسطح كبير

الفيلا ساكنه 
يلازم موعدمسبق للمعاينه 
التواصل مؤسسة الاعمار الذكية
((رقم المعلن يظهر عند التواصل))واتساب",24.514239,46.675563,https://images.aqar.fm/webp/750x0/props/037868742_1759777713795.jpg | https://images.aqar.fm/webp/750x0/props/037868749_1759778064223.jpg | https://images.aqar.fm/webp/750x0/props/037868741_1759778064452.jpg | https://images.aqar.fm/webp/750x0/props/037868741_1759778064225.jpg | https://images.aqar.fm/webp/750x0/props/037868749_1759778064338.jpg | https://images.aqar.fm/webp/750x0/props/037868747_1759778064328.jpg | https://images.aqar.fm/webp/750x0/props/037868740_1759778064543.jpg | https://images.aqar.fm/webp/750x0/props/037868745_1759778064503.jpg | https://images.aqar.fm/webp/750x0/props/037868745_1759778064571.jpg | https://images.aqar.fm/webp/750x0/props/037868747_1759778064740.jpg | https://images.aqar.fm/webp/750x0/props/037868748_1759778064747.jpg | https://images.aqar.fm/webp/750x0/props/037868742_1759778064792.jpg | https://images.aqar.fm/webp/750x0/props/037868743_1759778064842.jpg | https://images.aqar.fm/webp/750x0/props/037868747_1759778064855.jpg | https://images.aqar.fm/webp/750x0/props/037868746_1759778064971.jpg | https://images.aqar.fm/webp/750x0/props/037868743_1759778064970.jpg,16,عبدالله بن حمد بن عبدالله العامر,مؤسسة الإعمار الذكيه للخدمات العقارية,1,2025-10-06,2025-10-06,2026-08-23,1946,2026-08-23,True,"1,900,000",False,فيلا
6563023,https://sa.aqar.fm/فلل-للبيع/الرياض/جنوب-الرياض/حي-عكاظ/حي-عكاظ-مدينة-الرياض-منطقة-الرياض-6563023,"فيلا للبيع في حي عكاظ, مدينة الرياض, منطقة الرياض",850000,285,7,,,0,حي عكاظ,الرياض,جنوب الرياض,"الآن  فرصة  لاصحاب الاستثمار او السكن الشخصي ،، 
فيلا تاون هاوس  بحي عكاظ  شامل كل الضمانات و المواصفات الحديثة  و باسعار تنافسية جدا ..
تتكون الفلل من 
 الدور الأرضي / 
مدخل سيارة 
مجلس - مغاسل - مقلط - صالة - مغاسل - مطبخ - درج 
صالة 
 الدور الاول 
صالة علوية - غرفة نوم ماستر - غرفتين نوم مع دورة مياه 
الدور العلوي 
صالة - غرفتين نوم مع دورة مياه و ارتداد خلفي - سطح 

قريبة من طريق ديراب 
قريبة من الشوارع الرئيسية و الخدمات 

لها كامل الضمانات و الاوراق المطلوبة ،

* اسألوا عن الحلول التمويلة معنا ،،، 

للتواصل : ابو بدر / ((رقم المعلن يظهر عند التواصل))",24.50685,46.647501,https://images.aqar.fm/webp/750x0/props/042098849_1769433564392.jpg | https://images.aqar.fm/webp/750x0/props/042098849_1769433563701.jpg | https://images.aqar.fm/webp/750x0/props/042098844_1769433563891.jpg | https://images.aqar.fm/webp/750x0/props/042098847_1769433563959.jpg | https://images.aqar.fm/webp/750x0/props/042098848_1769433564056.jpg | https://images.aqar.fm/webp/750x0/props/042098847_1769433564163.jpg | https://images.aqar.fm/webp/750x0/props/042098846_1769433564303.jpg | https://images.aqar.fm/webp/750x0/props/042098847_1769433564494.jpg | https://images.aqar.fm/webp/750x0/props/042098849_1769433564576.jpg | https://images.aqar.fm/webp/750x0/props/042098843_1769433564753.jpg | https://images.aqar.fm/webp/750x0/props/042098840_1769433564778.jpg,11,عبدالاله زيد,شركة قصر الرقي العقارية,1,2026-01-26,2026-08-18,2026-08-18,1801,2026-08-23,True,"850,000",False,فيلا
6784677,https://sa.aqar.fm/فلل-للبيع/الرياض/جنوب-الرياض/حي-عكاظ/شارع-ابن-سيدة-اللغوي-حي-عكاظ-مدينة-الرياض-منطقة-الرياض-6784677,"فيلا للبيع في شارع ابن سيدة اللغوي, حي عكاظ, مدينة الرياض, منطقة الرياض",730000,236,4,1,0,0,حي عكاظ,الرياض,جنوب الرياض,"الضمانات:* 
* كود سعودي 
* شهادات اشغال 
* إشراف هندسي 
* إطلاق تيار 
* *10* سنوات هيكل انشائي
* *20* سنه كهرباء 
* *50* سنه سباكه
* *ضمان* علي العوازل كامله 
* *ضمان* بوبات
* *ضمان* من الموسسه المطوره    
 علي المبنئ كامل لمدة *سنه*

كما يوجد لدينا عروض اخري ومسحات مختلفه و بأسعار مناسبه للجميع ولدينا فريق عمل متكامل علي اكمل وجه ويوجد أيضآ جميع الحلول التمويليه نتعامل مع جميع البنوك في جميع أنحاء المملكة العربية السعودية و نوفر لكم الدفعه الأولى مجانأ و بدون اي فوائد 

*للتواصل والاستفسار:* 
((((الرقم يظهر عند الضغط على اتصال))",24.509933,46.656807,https://images.aqar.fm/webp/750x0/props/052581130_1784668522784.jpg | https://images.aqar.fm/webp/750x0/props/052581136_1784668521435.jpg | https://images.aqar.fm/webp/750x0/props/052581138_1784668521624.jpg | https://images.aqar.fm/webp/750x0/props/052581132_1784668521765.jpg | https://images.aqar.fm/webp/750x0/props/052581138_1784668521873.jpg | https://images.aqar.fm/webp/750x0/props/052581137_1784668521916.jpg | https://images.aqar.fm/webp/750x0/props/052581136_1784668521976.jpg | https://images.aqar.fm/webp/750x0/props/052581138_1784668522053.jpg | https://images.aqar.fm/webp/750x0/props/052581134_1784668522139.jpg | https://images.aqar.fm/webp/750x0/props/052581132_1784668522421.jpg | https://images.aqar.fm/webp/750x0/props/052581136_1784668522416.jpg | https://images.aqar.fm/webp/750x0/props/052581135_1784668522471.jpg | https://images.aqar.fm/webp/750x0/props/052581137_1784668522432.jpg | https://images.aqar.fm/webp/750x0/props/052581131_1784668522500.jpg | https://images.aqar.fm/webp/750x0/props/052581130_1784668522605.jpg | https://images.aqar.fm/webp/750x0/props/052581137_1784668522661.jpg | https://images.aqar.fm/webp/750x0/props/052581135_1784668522731.jpg | https://images.aqar.fm/webp/750x0/props/052581131_1784668522854.jpg | https://images.aqar.fm/webp/750x0/props/052581132_1784668522921.jpg | https://images.aqar.fm/webp/750x0/props/052581139_1784668522973.jpg | https://images.aqar.fm/webp/750x0/props/052581132_1784668523044.jpg,21,تماني بنت عقيل بن فارس العنزي,مكتب مساكن المهلهل,1,2026-07-21,2026-08-20,2026-08-23,246,2026-08-23,True,"730,000",False,فيلا
6546067,https://sa.aqar.fm/فلل-للبيع/الرياض/جنوب-الرياض/حي-عكاظ/شارع-راجح-بن-قتادة-حي-عكاظ-مدينة-الرياض-منطقة-الرياض-6546067,"فيلا للبيع في شارع راجح بن قتادة, حي عكاظ, مدينة الرياض, منطقة الرياض",850000,245,4,,,0,حي عكاظ,الرياض,جنوب الرياض,"السلام عليكم ورحمة الله وبركاته

الإعلان الأول ( الشفاء العجلان )

( بدء البيع في مشروع الشفاء العجلان الجديد  عدد 16 فيلا من وحدة رقم ١٧ إلى ٣٢ الحجز بالعربون)
* تاون هوس فيلا اماميه وفيلا خلفيه

المساحة ⬇️
ابتداءً من ٢٤٥ م
الأسعار ⬇️
تاون هوس فيلا اماميه 850.000
تاون هاوس فيلا خلفيه 850.000

——————————————————————

الإعلان الثاني (طيبة القديم الدارالبيضاء)

المساحة ⬇️
ابتداءً من٢٥٠ م
الأسعار ⬇️
تاون هوس علوي  550.000

—————————————————————-

الإعلان الثالث(طيبةً القديم الدار البيضاء)

المساحة ⬇️
ابتداءً من ٣١٢م
الأسعار ⬇️
دور ارضي  680.000

دور علوي+ شقه بصك واحد 850.000

💥الحجز بالعربون💥",24.521262,46.655899,https://images.aqar.fm/webp/750x0/props/031127546_1768377251560.jpg | https://images.aqar.fm/webp/750x0/props/031127540_1768377251556.jpg | https://images.aqar.fm/webp/750x0/props/031127549_1768377251558.jpg | https://images.aqar.fm/webp/750x0/props/031127541_1768377251568.jpg | https://images.aqar.fm/webp/750x0/props/031127540_1768377251565.jpg | https://images.aqar.fm/webp/750x0/props/031127540_1768377251560.jpg | https://images.aqar.fm/webp/750x0/props/031127541_1768377251585.jpg,7,راشد فهد,مؤسسة راشد فهد عبدالله العجمي للعقارات,1,2026-01-14,2026-01-14,2026-08-16,1218,2026-08-23,True,"850,000",False,فيلا
6669752,https://sa.aqar.fm/فلل-للبيع/الرياض/جنوب-الرياض/حي-عكاظ/شارع-كعب-الهجري-حي-عكاظ-مدينة-الرياض-منطقة-الرياض-6669752,"فيلا للبيع في شارع كعب الهجري, حي عكاظ, مدينة الرياض, منطقة الرياض",720000,264,5,1,0,0,حي عكاظ,الرياض,جنوب الرياض,"السلام عليكم ورحمة الله وبركاته 
اسعد الله اوقاتكم بكل خير 
نعرض لكم فيلا تاون هاوس (3)  ادوار
مساحة ٣٠٠متر 
وجهة شرقية 
شارع ٢٠متر 
بحي عقاظ
تتكون من مدخل سيارة مجلس رجال مقلط صالة مطبخ 
٥غرف نوم منهم ٢مستر 
وغرفتين مع السطح
تشطيب ممتاز عليها جميع الضمانات سباكة كهرباء عوازل عليهااشراف هندسي شهادة اتمام بناء 
مطلوب ٧٢٠الف 
للإستفسار الإتصال على الرقم 
٠٥٦٤٢٤٥٣٠٧",24.503974,46.676315,https://images.aqar.fm/webp/750x0/props/052222764_1777150796816.jpg | https://images.aqar.fm/webp/750x0/props/052222763_1777150455152.jpg | https://images.aqar.fm/webp/750x0/props/052222767_1777150377857.jpg | https://images.aqar.fm/webp/750x0/props/052222764_1777150377685.jpg | https://images.aqar.fm/webp/750x0/props/052222761_1777150377657.jpg | https://images.aqar.fm/webp/750x0/props/052222765_1777150377616.jpg | https://images.aqar.fm/webp/750x0/props/052222765_1777150377615.jpg | https://images.aqar.fm/webp/750x0/props/052222763_1777150377658.jpg | https://images.aqar.fm/webp/750x0/props/052222766_1777150377814.jpg | https://images.aqar.fm/webp/750x0/props/052222764_1777150377790.jpg | https://images.aqar.fm/webp/750x0/props/052222764_1777150377851.jpg | https://images.aqar.fm/webp/750x0/props/052222768_1777150377864.jpg | https://images.aqar.fm/webp/750x0/props/052222764_1777150377972.jpg | https://images.aqar.fm/webp/750x0/props/052222767_1777150378043.jpg | https://images.aqar.fm/webp/750x0/props/052222764_1777150455244.jpg | https://images.aqar.fm/webp/750x0/props/052222763_1777150498889.jpg,16,وضحى ناشي عفار العتيبي,مؤسسة زوايا الإبداع للتطوير العقاري,1,2026-04-25,2026-07-22,2026-08-23,297,2026-08-23,True,"720,000",False,فيلا
6673802,https://sa.aqar.fm/فلل-للبيع/الرياض/جنوب-الرياض/حي-عكاظ/شارع-عردة-حي-عكاظ-مدينة-الرياض-منطقة-الرياض-6673802,"فيلا للبيع في شارع عردة, حي عكاظ, مدينة الرياض, منطقة الرياض",1800000,420,,,,11,حي عكاظ,الرياض,جنوب الرياض,"المساحه٤٢٠ الواجه
جنوبيه
يوجد شقتين
بناء شخصي
درج داخل الصاله
مسروق مع غرفتين الدور الثالث
عليها بنك عقاري ميتن الف
عمر الفله ١٢ سنه
يوجد غرفه سايق
شقتين مواجره
وعليها السوم مليون وست ميه
التواصل 0559094635",24.518433,46.666374,https://images.aqar.fm/webp/750x0/props/004980052_1777482522129.jpg | https://images.aqar.fm/webp/750x0/props/004980050_1777482522133.jpg | https://images.aqar.fm/webp/750x0/props/004980059_1777482522176.jpg | https://images.aqar.fm/webp/750x0/props/004980053_1777482522169.jpg | https://images.aqar.fm/webp/750x0/props/004980054_1777482522153.jpg | https://images.aqar.fm/webp/750x0/props/004980059_1777482522138.jpg | https://images.aqar.fm/webp/750x0/props/004980052_1777482522147.jpg | https://images.aqar.fm/webp/750x0/props/004980052_1777482599571.jpg | https://images.aqar.fm/webp/750x0/props/004980051_1777482599585.jpg | https://images.aqar.fm/webp/750x0/props/004980051_1777482599576.jpg | https://images.aqar.fm/webp/750x0/props/004980053_1777482599581.jpg | https://images.aqar.fm/webp/750x0/props/004980058_1777482599588.jpg | https://images.aqar.fm/webp/750x0/props/004980053_1777482599591.jpg,13,محمد بن متعب,مؤسسة منقاش الخدمات العقارية,1,2026-04-28,2026-07-25,2026-08-19,874,2026-08-23,True,"1,800,000",False,فيلا
6522081,https://sa.aqar.fm/فلل-للبيع/الرياض/جنوب-الرياض/حي-عكاظ/شارع-علي-بن-الحسن-الخزرجي-حي-عكاظ-مدينة-الرياض-منطقة-الرياض-6522081,"فيلا للبيع في شارع علي بن الحسن الخزرجي, حي عكاظ, مدينة الرياض, منطقة الرياض",720000,252,6,,,0,حي عكاظ,الرياض,جنوب الرياض,"تاون هاوس تلات أدوار 

تصميم ممتاز

تحت إشراف هندسي 


تصميم

مدخل سياره 
مجلس رجال بالمغاسل الخاصه بيه 
مقلط 
صاله نساء 
مطبخ


دور اول صاله  تلات غرف نوم
 منهم غرفه ماستر 


دور علوي صاله 
غرفتين نوم 
وسطح 


خدامتنا لكم
تسهيل جميع الاجراءت البنكيه 
التعامل مع جميع البنوك والشركات 

للتواصل
((رقم المعلن يظهر عند التواصل))",24.503344,46.67714,https://images.aqar.fm/webp/750x0/props/035491807_1766755432070.jpg | https://images.aqar.fm/webp/750x0/props/035491804_1766755431923.jpg | https://images.aqar.fm/webp/750x0/props/035491801_1766755432000.jpg | https://images.aqar.fm/webp/750x0/props/035491804_1766755432133.jpg,4,مشاعل دعيرم بن جربوع العتيبي,مؤسسة مكتب بداية جديدة للخدمات العقارية,1,2025-12-26,2025-12-26,2026-08-13,783,2026-08-23,True,"720,000",False,فيلا
6703189,https://sa.aqar.fm/فلل-للبيع/الرياض/جنوب-الرياض/حي-عكاظ/شارع-عاقل-بن-حبيب-حي-عكاظ-مدينة-الرياض-منطقة-الرياض-6703189,"فيلا للبيع في شارع عاقل بن حبيب, حي عكاظ, مدينة الرياض, منطقة الرياض",1200000,300,5,5,0,0,حي عكاظ,الرياض,جنوب الرياض,"فيلا مساحة ٣٠٠م 
الشارع ١٥ جنوبي 
١٠عرض ٣٠عمق 
تتكون من : 
الدور الأرضي / 
مدخل سياره 
مشب 
مجلس 
مقلط 
صاله 
مجلس نساء 
مطبخ 
حوش خلفي 
الدور الاول / 
٤ غرف نوم بخدماتها
صاله 
الدور الثاني / 
غرفه بخدمتها 
سطح واسع
لا مانع من التفاوض على السعر",24.502226,46.676305,https://images.aqar.fm/webp/750x0/props/000383465_1779141080785.jpg,1,حمد خالد حمد الذواد,,,2026-05-18,2026-08-15,2026-08-18,1075,2026-08-23,True,"1,200,000",False,فيلا
6777377,https://sa.aqar.fm/فلل-للبيع/الرياض/جنوب-الرياض/حي-عكاظ/شارع-محمد-بن-جزي-حي-عكاظ-مدينة-الرياض-منطقة-الرياض-6777377,"فيلا للبيع في شارع محمد بن جزي, حي عكاظ, مدينة الرياض, منطقة الرياض",1100000,318,,0,0,10,حي عكاظ,الرياض,جنوب الرياض,"عاااااجل 
للبيع فله  بحي عكاظ 
دورين مفصوله 
 واجهه حجر 
كل دور خمس غرف وصاله وثلاث دورات مياه 
يوجد ملحق بالحوش وملحق بالسطح",24.519074,46.681964,https://images.aqar.fm/webp/750x0/props/001987948_1784306532933.jpg,1,عبدالرحمن محمد,,,2026-07-16,2026-08-14,2026-08-16,522,2026-08-23,True,"1,100,000",False,فيلا
6349167,https://sa.aqar.fm/فلل-للبيع/الرياض/جنوب-الرياض/حي-عكاظ/شارع-عبدالرحمن-الرازي-حي-عكاظ-مدينة-الرياض-منطقة-الرياض-6349167,"فيلا للبيع في شارع عبدالرحمن الرازي, حي عكاظ, مدينة الرياض, منطقة الرياض",720000,264,5,1,0,0,حي عكاظ,الرياض,جنوب الرياض,"السلام عليكم ورحمة

مكتب بداية للخدمات العقارية
اقدم لكم عرض مشروع فلل تاون هاوس 

تاون مساحه 300م 
شارع 18 م
امامي السعر 820  الف قابل للتفاوض 


تتكون من مدخل سياره مجلس رجال مقلط صاله مطبخ
الاول ثلاث غرف منهم غرفه ماستر
الدور الثاني غرفتين نوم وصاله وسطح






جميع الضمانات الازمه من كهرباء وعوازل وعليها شهاده اشراف هندسي ولعملاءنا الكرام جميع التسهيلات التمويليه والعقاريه وشهاده اتمام البناء موجوده

التواصل والاستفسار /// ((رقم المعلن يظهر عند التواصل))
كل حلم له بداية ، وبداية التمليك تبدأ بخطوه مع بداية جديدة 🏠🏠",24.50647,46.66336,https://images.aqar.fm/webp/750x0/props/047625766_1756084539490.jpg | https://images.aqar.fm/webp/750x0/props/047625762_1756084539597.jpg,2,مشاعل دعيرم بن جربوع العتيبي,مؤسسة مكتب بداية جديدة للخدمات العقارية,1,2025-08-25,2025-08-25,2026-08-18,1064,2026-08-23,True,"720,000",False,فيلا
6544091,https://sa.aqar.fm/فلل-للبيع/الرياض/جنوب-الرياض/حي-عكاظ/شارع-حامد-القاري-حي-عكاظ-مدينة-الرياض-منطقة-الرياض-6544091,"فيلا للبيع في شارع حامد القاري, حي عكاظ, مدينة الرياض, منطقة الرياض",800000,253,5,,,0,حي عكاظ,الرياض,جنوب الرياض,"اسعد الله اوقاتكم بكل خير 
يقدم لكم مكتب اصدار الغربيه للعقارات 
عدد 2 تاون هاوس 
تاون هاوس امامي مساحه 325 شمالي 25
تاون هاوس خلفي مساحه 325
مكون الخلفي مدخل سياره مجلس مقلط صاله ومطبخ 
الدور التاني ثلاث غرف نوم منهم غرفه ماستر وصاله 
الدور الثالث غرفتين نوم وصاله وسطح 
التاون هاوس الامامي مكون من مدخل سياره مجلس مقلط صاله ومطبخ الدور الثاني ثلاث غرف نوم منهم غرفه ماستر وصاله الدور الثالث غرفتين وصاله وحمام وسطح
الاسعار 
الامامي مساحه 325السعر 800
الخلفي مساحه 325 السعر 800
كما يوجد لدينا ادوار بصك مساحات مختلفه واسعار مختلفه ومناسبة للجميع 
نوفر لكم جميع الحلول البنكيه وسداد المديونيات 
نوفر لكم جميع العروض العقاريه في جميع أنحاء الرياض",24.505785,46.666133,https://images.aqar.fm/webp/750x0/props/048003831_1768243094552.jpg | https://images.aqar.fm/webp/750x0/props/048003837_1768243094749.jpg | https://images.aqar.fm/webp/750x0/props/048003831_1768243094561.jpg | https://images.aqar.fm/webp/750x0/props/048003833_1768243094343.jpg | https://images.aqar.fm/webp/750x0/props/048003839_1768243094332.jpg | https://images.aqar.fm/webp/750x0/props/048003838_1768243094434.jpg | https://images.aqar.fm/webp/750x0/props/048003839_1768243094435.jpg | https://images.aqar.fm/webp/750x0/props/048003831_1768243094541.jpg | https://images.aqar.fm/webp/750x0/props/048003836_1768243094672.jpg | https://images.aqar.fm/webp/750x0/props/048003836_1768243094701.jpg | https://images.aqar.fm/webp/750x0/props/048003833_1768243094817.jpg | https://images.aqar.fm/webp/750x0/props/048003831_1768243094820.jpg | https://images.aqar.fm/webp/750x0/props/048003838_1768243094908.jpg | https://images.aqar.fm/webp/750x0/props/048003835_1768243094940.jpg | https://images.aqar.fm/webp/750x0/props/048003832_1768243095021.jpg | https://images.aqar.fm/webp/750x0/props/048003830_1768243095070.jpg | https://images.aqar.fm/webp/750x0/props/048003838_1768243095174.jpg | https://images.aqar.fm/webp/750x0/props/048003834_1768243095350.jpg,18,سباء صالح,مكتب اصدار الغربية للعقارات,1,2026-01-12,2026-01-12,2026-03-28,62,2026-08-23,True,"800,000",False,فيلا
6772660,https://sa.aqar.fm/فلل-للبيع/الرياض/جنوب-الرياض/حي-عكاظ/شارع-الوتيرة-حي-عكاظ-الرياض-منطقة-الرياض-6772660,فيلا للبيع في شارع الوتيرة ، حي عكاظ ، الرياض ، منطقة الرياض,2500000,600,4,5,3,8,حي عكاظ,الرياض,جنوب الرياض,"الفيلا موقع ممتاز  وتشطيب ممتاز بناء شخصي  بحديقه وشلال 
وشقتين 
واثاث وتصميم رائع 
السعر قابل للتفاوض
وبالاثاث اوبدون",24.518473,46.666775,https://images.aqar.fm/webp/750x0/props/053968110_1783981812220.jpg,1,ريوف بنت عويس بن فهد آل صويان,,,2026-07-13,,2026-08-17,110,2026-08-23,False,طلب تسويق,False,فيلا
6801834,https://sa.aqar.fm/فلل-للبيع/الرياض/جنوب-الرياض/حي-عكاظ/شارع-خالد-الأزهري-حي-عكاظ-مدينة-الرياض-منطقة-الرياض-6801834,"فيلا للبيع في شارع خالد الأزهري, حي عكاظ, مدينة الرياض, منطقة الرياض",880000,282,5,5,3,0,حي عكاظ,الرياض,جنوب الرياض,"كود ١٥ 
السلام عليكم ورحمة الله وبركاته 
اسعد الله اوقاتكم بالخير 
فيلا تاون هاوس امامي وخلفي ممساحة ٣٧٥ م  شارع ٢٥ م مقابله مسجد علبه كافة الضمانات كما يوجد لدينا جميع الحلول التمويلية والتعامل مع جميع البنوك وشركات التمويل الخاصة 
تاون هاوس امامي مجلس مقلط صالة مطبخ 
علوي صالة و٣ غرف نوم منها غرفة ماستر 
تالت سطح وغرفة نوم وسطح وغرفة خادمة
للتواصل وطلب عروض اخري
 ((الرقم يظهر عند الضغط على اتصال))
((الرقم يظهر عند الضغط على اتصال))",24.515321,46.684229,,,وضحى ناشي عفار العتيبي,مؤسسة زوايا الإبداع للتطوير العقاري,1,2026-08-02,2026-08-02,2026-08-23,72,2026-08-23,True,"880,000",False,فيلا
6797084,https://sa.aqar.fm/فلل-للبيع/الرياض/جنوب-الرياض/حي-عكاظ/شارع-يعقوب-بن-أبي-الفضل-حي-عكاظ-مدينة-الرياض-منطقة-الرياض-6797084,"فيلا للبيع في شارع يعقوب بن أبي الفضل, حي عكاظ, مدينة الرياض, منطقة الرياض",750000,264,7,5,3,0,حي عكاظ,الرياض,جنوب الرياض,فيلا تاون هاوس خي عكاض العجلان  شغل شخصي مودرن قريب من جميع الخدمات موقع متميز,24.506194,46.672301,https://images.aqar.fm/webp/750x0/props/018974430_1785376322701.jpg,1,مشاعل محبوب,,0,2026-07-30,2026-07-30,2026-08-23,59,2026-08-23,True,"750,000",False,فيلا
6800725,https://sa.aqar.fm/فلل-للبيع/الرياض/جنوب-الرياض/حي-عكاظ/شارع-خالد-الأزهري-حي-عكاظ-مدينة-الرياض-منطقة-الرياض-6800725,"فيلا للبيع في شارع خالد الأزهري, حي عكاظ, مدينة الرياض, منطقة الرياض",880000,282,5,5,2,0,حي عكاظ,الرياض,جنوب الرياض,"فيلا تاون هاوس ارضي مساحه 282متر والسعر 850الف شارع 20متر 
بتتكون من مدخل سياره ومجلس ومقلط وصاله ومطبخ و4غرف نوم 
للتواصل ((الرقم يظهر عند الضغط على اتصال)) او ((الرقم يظهر عند الضغط على اتصال))",24.515321,46.684229,,,وضحى ناشي عفار العتيبي,مؤسسة زوايا الإبداع للتطوير العقاري,1,2026-08-01,2026-08-01,2026-08-21,158,2026-08-23,True,"880,000",False,فيلا
6791223,https://sa.aqar.fm/فلل-للبيع/الرياض/جنوب-الرياض/حي-عكاظ/شارع-الصفار-الذهبي-حي-عكاظ-مدينة-الرياض-منطقة-الرياض-6791223,"فيلا للبيع في شارع الصفار الذهبي, حي عكاظ, مدينة الرياض, منطقة الرياض",740000,248,6,0,0,0,حي عكاظ,الرياض,جنوب الرياض,"‏فيلا تاون هاوس حي العجلان عكاظ تصميم مودرن شغل شخصي واجهات حجر كل شيء خاص منفصل يتكون من مدخل سيارة مجلس رجال مع دورة مياه مع مغاسل ومقلط صالة كبيرة مطبخ مستودع 
الدور الثاني صاله اربع غرف نوم منها (٢ ماستر ) 
‏تتوفر جميع الضمانات البناء من سباكة وكهرباء وعوازل حراريه ومائيه وهيكل انشائي واشراف هندسي ٢٥ سنه 
تخليص جميع المعاملات البنكيه 
توفير دفعه 
توفير فايض 
سداد المديونيات",24.50677,46.674368,https://images.aqar.fm/webp/750x0/props/018974438_1785076219959.jpg | https://images.aqar.fm/webp/750x0/props/018974436_1785076219964.jpg | https://images.aqar.fm/webp/750x0/props/018974436_1785076220079.jpg | https://images.aqar.fm/webp/750x0/props/018974434_1785076220102.jpg | https://images.aqar.fm/webp/750x0/props/018974436_1785076219997.jpg | https://images.aqar.fm/webp/750x0/props/018974435_1785076220061.jpg | https://images.aqar.fm/webp/750x0/props/018974436_1785076220075.jpg | https://images.aqar.fm/webp/750x0/props/018974430_1785076219965.jpg | https://images.aqar.fm/webp/750x0/props/018974438_1785076269981.jpg | https://images.aqar.fm/webp/750x0/props/018974433_1785076269938.jpg | https://images.aqar.fm/webp/750x0/props/018974437_1785076269831.jpg | https://images.aqar.fm/webp/750x0/props/018974438_1785076269950.jpg | https://images.aqar.fm/webp/750x0/props/018974434_1785076269950.jpg | https://images.aqar.fm/webp/750x0/props/018974439_1785076270001.jpg | https://images.aqar.fm/webp/750x0/props/018974439_1785076269950.jpg | https://images.aqar.fm/webp/750x0/props/018974430_1785076269997.jpg | https://images.aqar.fm/webp/750x0/props/018974436_1785076306147.jpg | https://images.aqar.fm/webp/750x0/props/018974438_1785076306165.jpg | https://images.aqar.fm/webp/750x0/props/018974431_1785076306098.jpg | https://images.aqar.fm/webp/750x0/props/018974438_1785076306108.jpg | https://images.aqar.fm/webp/750x0/props/018974439_1785076305999.jpg,21,مشاعل محبوب,,0,2026-07-26,2026-07-26,2026-08-23,55,2026-08-23,True,"740,000",False,فيلا
6681315,https://sa.aqar.fm/فلل-للبيع/الرياض/جنوب-الرياض/حي-عكاظ/شارع-مصطفى-عبدالرزاق-حي-عكاظ-مدينة-الرياض-منطقة-الرياض-6681315,"فيلا للبيع في شارع مصطفى عبدالرزاق, حي عكاظ, مدينة الرياض, منطقة الرياض",750000,264,5,0,0,0,حي عكاظ,الرياض,جنوب الرياض,"نتشرف بخدمتكم 
تعلن موسسة واحه الدره عن تاون هاوس 3 ادوار 
مساحه 300 م 
شارع 20 
السعر 750 ألف شارع 20
720  ألف شارع 15 
يتكون من مدخل سياره مع مجلس  رجال مع مقلط مع صاله مع مطبخ 
الدور الثاني 3 غرف نوم 
الدور الثالث غرفتين نوم مع سطح",24.506261,46.662846,https://images.aqar.fm/webp/750x0/props/045841404_1777895504677.jpg | https://images.aqar.fm/webp/750x0/props/045841407_1777895504676.jpg,2,علي فايز مصلح الزبيدي,مؤسسة علي فايز مصلح الزبيدي لخدمات الأعمال,1,2026-05-04,2026-07-30,2026-08-23,600,2026-08-23,True,"750,000",False,فيلا
6430887,https://sa.aqar.fm/فلل-للبيع/الرياض/جنوب-الرياض/حي-عكاظ/حي-عكاظ-مدينة-الرياض-منطقة-الرياض-6430887,"فيلا للبيع في حي عكاظ, مدينة الرياض, منطقة الرياض",700000,280,4,4,2,0,حي عكاظ,الرياض,جنوب الرياض,"السلام عليكم عليكم الله وبركاته 
اسعد الله مساءكم 
كود 23 
قدم لكم
تاون هاوس 
يتكون من مجلس رجال بالمغاسل مقلط صاله مطبخ غرفه كبار السن
الدور الاول
غرفتين نوم ماستر 
الدور الثاني
سطح 
كود 23",24.509436,46.643402,https://images.aqar.fm/webp/750x0/props/020124847_1760891183076.jpg | https://images.aqar.fm/webp/750x0/props/020124840_1760891198601.jpg | https://images.aqar.fm/webp/750x0/props/020124845_1760891198992.jpg | https://images.aqar.fm/webp/750x0/props/020124840_1760891195752.jpg | https://images.aqar.fm/webp/750x0/props/020124844_1760891195297.jpg | https://images.aqar.fm/webp/750x0/props/020124849_1760891195930.jpg | https://images.aqar.fm/webp/750x0/props/020124846_1760891196324.jpg | https://images.aqar.fm/webp/750x0/props/020124848_1760891196650.jpg | https://images.aqar.fm/webp/750x0/props/020124846_1760891197021.jpg | https://images.aqar.fm/webp/750x0/props/020124840_1760891197420.jpg | https://images.aqar.fm/webp/750x0/props/020124848_1760891197774.jpg | https://images.aqar.fm/webp/750x0/props/020124849_1760891198153.jpg,12,جبر لافي عوض العتيبي,مؤسسة اوائل نمار العقارية,1,2025-10-19,2025-10-19,2026-08-22,1506,2026-08-23,True,"700,000",False,فيلا
6501376,https://sa.aqar.fm/فلل-للبيع/الرياض/جنوب-الرياض/حي-عكاظ/شارع-حامد-عبدالحفيظ-حي-عكاظ-مدينة-الرياض-منطقة-الرياض-6501376,"فيلا للبيع في شارع حامد عبدالحفيظ, حي عكاظ, مدينة الرياض, منطقة الرياض",740000,262,5,5,2,0,حي عكاظ,الرياض,جنوب الرياض,"السلام عليكم ورحمة الله
للبيع ڤيلا تاون هاوس 3 أدوار بحي عكاظ
تشطيب فاخر ومساحات وسيعة وعليه كافة الضمانات

تتكون من : مدخل سيارة والدور الارضي استقبال كامل والدور الاول 3 غرف نوم وصالة والدور الثاني غرفتين والصالة والسطح",24.507072,46.667818,https://images.aqar.fm/webp/750x0/props/046819630_1765374155776.jpg | https://images.aqar.fm/webp/750x0/props/046819634_1765374155781.jpg | https://images.aqar.fm/webp/750x0/props/046819635_1765374155789.jpg | https://images.aqar.fm/webp/750x0/props/046819635_1765374155801.jpg | https://images.aqar.fm/webp/750x0/props/046819635_1765374155832.jpg | https://images.aqar.fm/webp/750x0/props/046819634_1765374155782.jpg | https://images.aqar.fm/webp/750x0/props/046819632_1765374155850.jpg | https://images.aqar.fm/webp/750x0/props/046819638_1765374155819.jpg,8,ثنوى محمد تني الدوسري,مؤسسة المسكن الشرقي للتطوير العقاري,1,2025-12-10,2025-12-10,2026-06-16,716,2026-08-23,True,"740,000",False,فيلا
6509041,https://sa.aqar.fm/فلل-للبيع/الرياض/جنوب-الرياض/حي-عكاظ/شارع-ابن-الطيلسان-القرطبي-حي-عكاظ-مدينة-الرياض-منطقة-الرياض-6509041,"فيلا للبيع في شارع ابن الطيلسان القرطبي, حي عكاظ, مدينة الرياض, منطقة الرياض",850000,245,5,3,1,0,حي عكاظ,الرياض,جنوب الرياض,"السلام عليكم ورحمة الله وبركاته 
للبيع نقدا او بالتقسيط 
تاون هاوس  حي عكاظ
المساحه ٢٤٥
السعر ٨٥٠ الف
شغل عليه كافة الضمانات 
لدينا جميع العروض التي تناسب الجميع 
لدينا حلول تمويليه ميسره
 نتعامل مع جميع البنوك والشركات الخاصه
 للتواصل واتس اب 
((رقم المعلن يظهر عند التواصل))",24.506447,46.673415,https://images.aqar.fm/webp/750x0/props/020143647_1766083978792.jpg | https://images.aqar.fm/webp/750x0/props/020143648_1766083978644.jpg | https://images.aqar.fm/webp/750x0/props/020143643_1766083977903.jpg | https://images.aqar.fm/webp/750x0/props/020143645_1766083978185.jpg | https://images.aqar.fm/webp/750x0/props/020143646_1766083978388.jpg | https://images.aqar.fm/webp/750x0/props/020143647_1766083978536.jpg | https://images.aqar.fm/webp/750x0/props/020143647_1766083978531.jpg | https://images.aqar.fm/webp/750x0/props/020143648_1766083978902.jpg | https://images.aqar.fm/webp/750x0/props/020143641_1766083979030.jpg | https://images.aqar.fm/webp/750x0/props/020143645_1766083979131.jpg | https://images.aqar.fm/webp/750x0/props/020143642_1766083979244.jpg | https://images.aqar.fm/webp/750x0/props/020143648_1766083979360.jpg | https://images.aqar.fm/webp/750x0/props/020143644_1766083979360.jpg | https://images.aqar.fm/webp/750x0/props/020143649_1766083979469.jpg | https://images.aqar.fm/webp/750x0/props/020143647_1766083979591.jpg | https://images.aqar.fm/webp/750x0/props/020143647_1766083979709.jpg | https://images.aqar.fm/webp/750x0/props/020143647_1766083979813.jpg | https://images.aqar.fm/webp/750x0/props/020143644_1766083979814.jpg | https://images.aqar.fm/webp/750x0/props/020143649_1766083979927.jpg,19,عبدالعزيز سعد الحميدي السبيعي,مؤسسة مكتب عبدالعزيز سعد الحميدي السبيعي للعقارات,1,2025-12-16,2025-12-16,2026-08-21,784,2026-08-23,True,"850,000",False,فيلا
6782787,https://sa.aqar.fm/فلل-للبيع/الرياض/جنوب-الرياض/حي-عكاظ/شارع-محمد-بن-جزي-حي-عكاظ-مدينة-الرياض-منطقة-الرياض-6782787,"فيلا للبيع في شارع محمد بن جزي, حي عكاظ, مدينة الرياض, منطقة الرياض",1190000,318,,7,2,11,حي عكاظ,الرياض,جنوب الرياض,"رقم العرض: 3062

فيلا دورين مفصول للبيع – حي عكاظ

تفاصيل العقار:

- المساحة: 318 م²
- الواجهة: شمالية
- العمر 13 سنة 
- الفيلا عبارة عن دورين مفصولين، وكل دور بعداد كهرباء مستقل.
- كل دور يتكون من:
  - 4 غرف
  - صالة
  - مطبخ
  - 3 دورات مياه
- السطح مؤسس لشقة.

معلومات إضافية:
الدورين مؤجرة بعقود إلكترونية 
- العقار مرهون.
- السعر: 1,190,000 ريال.

📲 للاستفسار والمعاينة يرجى التواصل واتساب.",24.519167,46.682039,https://images.aqar.fm/webp/750x0/props/044193089_1784570434907.jpg | https://images.aqar.fm/webp/750x0/props/044193084_1784570434917.jpg | https://images.aqar.fm/webp/750x0/props/044193088_1784570434918.jpg | https://images.aqar.fm/webp/750x0/props/044193080_1784570434919.jpg | https://images.aqar.fm/webp/750x0/props/044193086_1784570434921.jpg,5,صالح بن مسعد بن عبداللطيف الحربي,شركة ديار فيو للخدمات العقارية,1,2026-07-20,2026-08-19,2026-08-19,313,2026-08-23,True,"1,190,000",False,فيلا
6389785,https://sa.aqar.fm/فلل-للبيع/الرياض/جنوب-الرياض/حي-عكاظ/شارع-رحمة-الله-السندي-حي-عكاظ-مدينة-الرياض-منطقة-الرياض-6389785,"فيلا للبيع في شارع رحمة الله السندي, حي عكاظ, مدينة الرياض, منطقة الرياض",950000,269,4,5,3,0,حي عكاظ,الرياض,جنوب الرياض,"لبيع فيلا ادوار تاون هاوس 
حي عكاظ مخطط العجلان 
م...
المساحة  269.5 متر

الشارع 30 عرض 

الواجهة شرقية شمالية 

عليها التزامات رهن للبنك 
715 الف

حد المالك 950 الف شامل قيمة الرهن 
غيرالضريبةوالسعى 

التفاصيل 📥 📥 📥 
الدور الارضي يحتوي على: 
صاله+مقلط+مجلس+مطبخ 
دورتين مياه أكرمكم الله 
📥📥
الدور الاول يحتوي على : 
صاله+1 غرفة نوم ماستر
غرفتين+2 دورة مياه أكرمكم الله 📥
الدور الثالث يحتوي على : 
صاله+1 غرفة نوم 
عدد 2 سطوح 
التواصل مؤسسة الاعمار الذكية
واتساب ((رقم المعلن يظهر عند التواصل))",24.497647,46.659083,https://images.aqar.fm/webp/750x0/props/037868746_1758309472831.jpg | https://images.aqar.fm/webp/750x0/props/037868742_1758309472382.jpg | https://images.aqar.fm/webp/750x0/props/037868749_1758309048751.jpg | https://images.aqar.fm/webp/750x0/props/037868742_1758309471962.jpg | https://images.aqar.fm/webp/750x0/props/037868747_1758309471732.jpg | https://images.aqar.fm/webp/750x0/props/037868740_1758309471982.jpg | https://images.aqar.fm/webp/750x0/props/037868743_1758309471934.jpg | https://images.aqar.fm/webp/750x0/props/037868745_1758309471962.jpg | https://images.aqar.fm/webp/750x0/props/037868742_1758309472149.jpg | https://images.aqar.fm/webp/750x0/props/037868748_1758309472390.jpg | https://images.aqar.fm/webp/750x0/props/037868744_1758309472393.jpg | https://images.aqar.fm/webp/750x0/props/037868748_1758309472397.jpg | https://images.aqar.fm/webp/750x0/props/037868740_1758309472609.jpg | https://images.aqar.fm/webp/750x0/props/037868746_1758309472618.jpg | https://images.aqar.fm/webp/750x0/props/037868743_1758309472609.jpg | https://images.aqar.fm/webp/750x0/props/037868745_1758309472830.jpg | https://images.aqar.fm/webp/750x0/props/037868747_1758309473084.jpg,17,عبدالله بن حمد بن عبدالله العامر,مؤسسة الإعمار الذكيه للخدمات العقارية,1,2025-09-19,2025-09-19,2026-08-22,572,2026-08-23,True,"950,000",False,فيلا
6753851,https://sa.aqar.fm/فلل-للبيع/الرياض/جنوب-الرياض/حي-عكاظ/شارع-ممر42-حي-عكاظ-مدينة-الرياض-منطقة-الرياض-6753851,"فيلا للبيع في شارع ممر42, حي عكاظ, مدينة الرياض, منطقة الرياض",730000,252,5,1,3,0,حي عكاظ,الرياض,جنوب الرياض,"مشروع ١٠

فرصة مميزة - تاون هاوس ارضي للبيع بحي عكاظ (العجلان)

📍 مساحة 300 م | واجهة جنوبيه | شارع 20م
💰 السعر: 730 ألف ريال فقط

✨ مميزات العقار:
الدور الأرضي :
✔ مدخل سيارة
✔ مجلس رجال
✔ مقلط
✔ صاله
✔ مطبخ

الدور الاول 
✔ 3 غرفة نوم منهم واحدة ماستر 
✔ صاله
✔دورة مياة 

الدور الثاني
✔ 2 غرفة نوم منهم واحدة ماستر 
✔دورة مياة 
✔ سطح


موقع مميز وتصميم عملي مناسب للسكن العائلي.",24.507118,46.666119,https://images.aqar.fm/webp/750x0/props/011167297_1782822597236.jpg | https://images.aqar.fm/webp/750x0/props/011167299_1782822596786.jpg | https://images.aqar.fm/webp/750x0/props/011167294_1782822596783.jpg | https://images.aqar.fm/webp/750x0/props/011167293_1782822597033.jpg | https://images.aqar.fm/webp/750x0/props/011167297_1782822597036.jpg | https://images.aqar.fm/webp/750x0/props/011167297_1782822596951.jpg | https://images.aqar.fm/webp/750x0/props/011167296_1782822596958.jpg | https://images.aqar.fm/webp/750x0/props/011167296_1782822596798.jpg | https://images.aqar.fm/webp/750x0/props/011167296_1782822597030.jpg | https://images.aqar.fm/webp/750x0/props/011167299_1782822597130.jpg | https://images.aqar.fm/webp/750x0/props/011167293_1782822597234.jpg | https://images.aqar.fm/webp/750x0/props/011167293_1782822597235.jpg | https://images.aqar.fm/webp/750x0/props/011167295_1782822597365.jpg | https://images.aqar.fm/webp/750x0/props/011167297_1782822597236.jpg | https://images.aqar.fm/webp/750x0/props/011167299_1782822596786.jpg | https://images.aqar.fm/webp/750x0/props/011167294_1782822596783.jpg | https://images.aqar.fm/webp/750x0/props/011167293_1782822597033.jpg | https://images.aqar.fm/webp/750x0/props/011167297_1782822597036.jpg | https://images.aqar.fm/webp/750x0/props/011167297_1782822596951.jpg | https://images.aqar.fm/webp/750x0/props/011167296_1782822596958.jpg | https://images.aqar.fm/webp/750x0/props/011167296_1782822596798.jpg | https://images.aqar.fm/webp/750x0/props/011167296_1782822597030.jpg | https://images.aqar.fm/webp/750x0/props/011167299_1782822597130.jpg | https://images.aqar.fm/webp/750x0/props/011167293_1782822597234.jpg | https://images.aqar.fm/webp/750x0/props/011167293_1782822597235.jpg | https://images.aqar.fm/webp/750x0/props/011167295_1782822597365.jpg,26,جبر لافي عوض العتيبي,مؤسسة أوائل الرياض العقارية,1,2026-06-30,2026-07-29,2026-08-21,180,2026-08-23,True,"730,000",False,فيلا
6653047,https://sa.aqar.fm/فلل-للبيع/الرياض/جنوب-الرياض/حي-عكاظ/شارع-سعيد-بن-الحسن-حي-عكاظ-مدينة-الرياض-منطقة-الرياض-6653047,"فيلا للبيع في شارع سعيد بن الحسن, حي عكاظ, مدينة الرياض, منطقة الرياض",950000,213,7,5,2,5,حي عكاظ,الرياض,جنوب الرياض,"للبيع فلة في حي بوابة الشفا (( مخطط العجلان)) على شارعين زاوية شارع ٢٨ وشارع ٢٠ عمر العقار ٥ سنوات  ويوجد جميع الضمانات عليها  مكونة من..
الدور الاول : ملحق خارجي + مسبح + مجلس رجال + مقلط + صالتين مفتوحه كبيره + مطبخ + مستودع ودورتين مياة 
الدور ثاني: صالة + اربع غرفة نوم ماستر كلها 
الدور ثالث : غرفة كبيره ماستر  + غرفة غسيل + سطح 

المساحة : 213 
الرهن 950000 البيع سداد الرهن 
 يفضل البيع كاش",24.501125,46.67222,https://images.aqar.fm/webp/750x0/props/032501334_1776084330689.jpg,1,ريان سليمان بن عمر الخراشي,شركة همم الخليج العقارية شركة شخص واحد,1,2026-04-13,2026-08-07,2026-08-07,2113,2026-08-23,True,"950,000",False,فيلا
6417498,https://sa.aqar.fm/فلل-للبيع/الرياض/جنوب-الرياض/حي-عكاظ/شارع-النفوذ-حي-عكاظ-مدينة-الرياض-منطقة-الرياض-6417498,"فيلا للبيع في شارع النفوذ, حي عكاظ, مدينة الرياض, منطقة الرياض",700000,247,5,3,1,0,حي عكاظ,الرياض,جنوب الرياض,"السلام عليكم ورحمة الله وبركاته 
نقدم لكم تاون هاوس نظام ٣ ادوار 
السعر الخلفي ٧٠٠الف 
الامامي ٨٥٠الف 
ولدينا سداد المديونيات وحلول الدفعه 
10",24.505854,46.678387,https://images.aqar.fm/webp/750x0/props/040820586_1760052746960.jpg | https://images.aqar.fm/webp/750x0/props/040820583_1760052744708.jpg | https://images.aqar.fm/webp/750x0/props/040820581_1760052744811.jpg | https://images.aqar.fm/webp/750x0/props/040820589_1760052744938.jpg | https://images.aqar.fm/webp/750x0/props/040820583_1760052745029.jpg | https://images.aqar.fm/webp/750x0/props/040820587_1760052745124.jpg | https://images.aqar.fm/webp/750x0/props/040820585_1760052745217.jpg | https://images.aqar.fm/webp/750x0/props/040820589_1760052745367.jpg | https://images.aqar.fm/webp/750x0/props/040820585_1760052745501.jpg | https://images.aqar.fm/webp/750x0/props/040820582_1760052745639.jpg | https://images.aqar.fm/webp/750x0/props/040820586_1760052745767.jpg | https://images.aqar.fm/webp/750x0/props/040820588_1760052745998.jpg | https://images.aqar.fm/webp/750x0/props/040820580_1760052746117.jpg | https://images.aqar.fm/webp/750x0/props/040820584_1760052746347.jpg | https://images.aqar.fm/webp/750x0/props/040820586_1760052746447.jpg | https://images.aqar.fm/webp/750x0/props/040820587_1760052746533.jpg | https://images.aqar.fm/webp/750x0/props/040820581_1760052746644.jpg | https://images.aqar.fm/webp/750x0/props/040820589_1760052746777.jpg | https://images.aqar.fm/webp/750x0/props/040820588_1760052746860.jpg,19,فايز مصلح,مؤسسة فايز مصلح المطيري,1,2025-10-09,2025-10-09,2026-08-20,482,2026-08-23,True,"700,000",False,فيلا
6800864,https://sa.aqar.fm/فلل-للبيع/الرياض/جنوب-الرياض/حي-عكاظ/شارع-أحمد-بن-محمد-العيالي-حي-عكاظ-مدينة-الرياض-منطقة-الرياض-6800864,"فيلا للبيع في شارع أحمد بن محمد العيالي, حي عكاظ, مدينة الرياض, منطقة الرياض",700000,247,5,,,0,حي عكاظ,الرياض,جنوب الرياض,"اسعد الله اوقاتكم بكل خير 

يوجد لدينا فيلا تاون هاوس للبيع 
بحي عكاظ 
بناء عالكود السعودي الجديد 

نقوم بانهاء الاجراءات البنكيه كامله 
ويوجد لدينا سداد مديونيات لاستخراج اعلي تمويل عقاري 

تواصل معنا لمزيد من الاستفسارات 
أبو فارس ((الرقم يظهر عند الضغط على اتصال))",24.506785,46.671065,,,ثنوى محمد تني الدوسري,مؤسسة المسكن الشرقي للتطوير العقاري,1,2026-08-01,2026-08-01,2026-08-20,78,2026-08-23,True,"700,000",False,فيلا
6510051,https://sa.aqar.fm/فلل-للبيع/الرياض/جنوب-الرياض/حي-عكاظ/شارع-حميد-الطويل-حي-عكاظ-مدينة-الرياض-منطقة-الرياض-6510051,"فيلا للبيع في شارع حميد الطويل, حي عكاظ, مدينة الرياض, منطقة الرياض",650000,181,5,,,0,حي عكاظ,الرياض,جنوب الرياض,"ادوار تاون هاوس ارضي وعلوي 
حي سما عكاذ 
المساحه 300 متر 
الارضي 770 الف 
العلوي 650 الف 
الواجهه جنوبيه 
الشارع 25 متر 
تفاصيل الارضي 
مدخل سياره ومدخل رجال ومدخل نسا ومجلس رجال بحمام ومغاسل ومقلط وصاله بمجلس نسا بمدخل خاص مع حمام ومغاسل ومطبخ مع مستودع وغرفه كبار سن ماستر وحوش خلفي 
الدور الاول 
غرفتين بحمام مشترك 
الملحق 
سطح 
@@@@@@@@

تفاصيل الدور العلوي 
مدخل سياره ومدخل رجال 
الدور مدخلين مدخل رجال ومدخل نسا 
ومجلس رجال بحمام ومغاسل ومقلط وصاله ومطبخ 
الملحق 
3 غرف نوم منهم واحده ماستر وسطحين

لتواصل
((رقم المعلن يظهر عند التواصل))",24.512553,46.643085,https://images.aqar.fm/webp/750x0/props/028395353_1765956522170.jpg | https://images.aqar.fm/webp/750x0/props/028395350_1765956519005.jpg | https://images.aqar.fm/webp/750x0/props/028395357_1765956521836.jpg | https://images.aqar.fm/webp/750x0/props/028395354_1765956554964.jpg | https://images.aqar.fm/webp/750x0/props/028395356_1765956522280.jpg | https://images.aqar.fm/webp/750x0/props/028395351_1765956522077.jpg | https://images.aqar.fm/webp/750x0/props/028395353_1765956519435.jpg | https://images.aqar.fm/webp/750x0/props/028395354_1765956519706.jpg | https://images.aqar.fm/webp/750x0/props/028395353_1765956520108.jpg | https://images.aqar.fm/webp/750x0/props/028395359_1765956520412.jpg | https://images.aqar.fm/webp/750x0/props/028395350_1765956521374.jpg | https://images.aqar.fm/webp/750x0/props/028395353_1765956521559.jpg | https://images.aqar.fm/webp/750x0/props/028395355_1765956521608.jpg | https://images.aqar.fm/webp/750x0/props/028395350_1765956521713.jpg | https://images.aqar.fm/webp/750x0/props/028395356_1765956521971.jpg | https://images.aqar.fm/webp/750x0/props/028395359_1765956522072.jpg | https://images.aqar.fm/webp/750x0/props/028395355_1765956522273.jpg,17,تماني بنت عقيل بن فارس العنزي,مكتب مساكن المهلهل,1,2025-12-17,2025-12-17,2026-08-22,1983,2026-08-23,True,"650,000",False,فيلا
6506446,https://sa.aqar.fm/فلل-للبيع/الرياض/جنوب-الرياض/حي-عكاظ/شارع-الربائع-حي-عكاظ-مدينة-الرياض-منطقة-الرياض-6506446,"فيلا للبيع في شارع الربائع, حي عكاظ, مدينة الرياض, منطقة الرياض",1500000,350,7,5,2,4,حي عكاظ,الرياض,جنوب الرياض,"� للبيع فيلا درج صالة – حي عكاظ

📍 الموقع: حي عكاظ - بموقع ممتاز 
🛣 شارع: 30م غربي
📐 المساحة: 350م²
🕰 عمر العقار: 4 سنوات

✨ تفاصيل الفيلا:

🔹 الدور الأرضي:

	•	حوش واسع
	•	مدخل سيارة
	•	مشب خارجي
	•	مجلس رجال
	•	مقلط
	•	صالة
	•	غرفة كبار سن
	•	دورات مياه

🔹 الدور الأول:

	•	4 غرف نوم
	•	غرفتين ماستر
	•	صالة
	•	مطبخ

🔹 الدور الثاني:

	•	غرفتين نوم
	•	دورة مياه
	•	سطح كبير

💰 مؤجرة حالياً: 40,000 سنوي
💵 السوم: 1,500,000 ريال
🤝 البيع قريب بإذن الله

🎥 يتوفر فيديو كامل للفيلا

📞 للتواصل:
شركة رؤيتك العقارية
📱 ((رقم المعلن يظهر عند التواصل)) — أبو جنى
📱 ((رقم المعلن يظهر عند التواصل)) — أبو محمد",24.502779,46.668541,,,فاطمه القحطاني,مؤسسة مكتب رؤيتك للعقارات,1,2025-12-14,2025-12-14,2026-08-23,503,2026-08-23,True,"1,500,000",False,فيلا
6513152,https://sa.aqar.fm/فلل-للبيع/الرياض/جنوب-الرياض/حي-عكاظ/شارع-عبدالرحمن-القاضي-حي-عكاظ-مدينة-الرياض-منطقة-الرياض-6513152,"فيلا للبيع في شارع عبدالرحمن القاضي, حي عكاظ, مدينة الرياض, منطقة الرياض",850000,245,6,,,0,حي عكاظ,الرياض,جنوب الرياض,"فلل تاون هاوس ثلاث أدوار نظام دبلكس 
بحي العجلان
الوجهة شرقيه
الشارع 20 متر
المساحه 315 متر
السعر 850 الف
&&&&&&&&&
تفاصيل الفيلا من الداخل
مدخل سياره
مجلس رجال مع مغاسل
ومقلط وصاله ومطبخ
###########
الدور الاول
(( 4 )) غرف نوم ماستر
&&&&&&&&&&&&
الدور العلوي
غرفه ماستر وغرفه بحمام خارجي
وسطح كبير
لتواصل
((رقم المعلن يظهر عند التواصل))",24.505666,46.657415,https://images.aqar.fm/webp/750x0/props/028395358_1766167528777.jpg | https://images.aqar.fm/webp/750x0/props/028395353_1766167528939.jpg | https://images.aqar.fm/webp/750x0/props/028395359_1766167529089.jpg | https://images.aqar.fm/webp/750x0/props/028395352_1766167530160.jpg | https://images.aqar.fm/webp/750x0/props/028395357_1766167530876.jpg | https://images.aqar.fm/webp/750x0/props/028395355_1766167529777.jpg | https://images.aqar.fm/webp/750x0/props/028395350_1766167527847.jpg | https://images.aqar.fm/webp/750x0/props/028395359_1766167528024.jpg | https://images.aqar.fm/webp/750x0/props/028395359_1766167528183.jpg | https://images.aqar.fm/webp/750x0/props/028395354_1766167528318.jpg | https://images.aqar.fm/webp/750x0/props/028395357_1766167528510.jpg | https://images.aqar.fm/webp/750x0/props/028395356_1766167528570.jpg | https://images.aqar.fm/webp/750x0/props/028395354_1766167528684.jpg | https://images.aqar.fm/webp/750x0/props/028395350_1766167528842.jpg | https://images.aqar.fm/webp/750x0/props/028395356_1766167529282.jpg | https://images.aqar.fm/webp/750x0/props/028395357_1766167529630.jpg | https://images.aqar.fm/webp/750x0/props/028395357_1766167529955.jpg | https://images.aqar.fm/webp/750x0/props/028395359_1766167530065.jpg | https://images.aqar.fm/webp/750x0/props/028395359_1766167530251.jpg | https://images.aqar.fm/webp/750x0/props/028395352_1766167530416.jpg | https://images.aqar.fm/webp/750x0/props/028395357_1766167530737.jpg | https://images.aqar.fm/webp/750x0/props/028395353_1766167530894.jpg,22,تماني بنت عقيل بن فارس العنزي,مكتب مساكن المهلهل,1,2025-12-19,2025-12-19,2026-08-22,716,2026-08-23,True,"850,000",False,فيلا
6431872,https://sa.aqar.fm/فلل-للبيع/الرياض/جنوب-الرياض/حي-عكاظ/شارع-خيمر-حي-عكاظ-مدينة-الرياض-منطقة-الرياض-6431872,"فيلا للبيع في شارع خيمر, حي عكاظ, مدينة الرياض, منطقة الرياض",860000,245,5,,,0,حي عكاظ,الرياض,جنوب الرياض,"اسعد الله اوقاتكم بكل خير 

للبيع فيلا تاون هاوس بحي عكاظ 

كاش او عن طريق البنك قريبه من طريق النفوذ وطريق ديراب متوفر جميع الضمانات 

نقوم بانهاء الاجراءات البنكيه ولدينا حلول تمويليه كما نسدد المديونيات في حال تطلب الأمر ونوفر الدفعه المقدمه للبنك ونقبل جميع القطاعات وجميع الجهات والمدعوم وغير المدعوم 

للتواصل 

ابو فارس ((رقم المعلن يظهر عند التواصل))

يسعدنا تواصلكم معنا علي مدار 24 ساعه",24.506521,46.669452,https://images.aqar.fm/webp/750x0/props/032706641_1760956891399.jpg | https://images.aqar.fm/webp/750x0/props/032706645_1760956890769.jpg | https://images.aqar.fm/webp/750x0/props/032706640_1760956891048.jpg,3,ثنوى محمد تني الدوسري,مؤسسة المسكن الشرقي للتطوير العقاري,1,2025-10-20,2025-10-20,2026-08-18,757,2026-08-23,True,"860,000",False,فيلا
6383774,https://sa.aqar.fm/فلل-للبيع/الرياض/جنوب-الرياض/حي-عكاظ/شارع-أحمد-بن-محمد-الذهبي-حي-عكاظ-مدينة-الرياض-منطقة-الرياض-6383774,"فيلا للبيع في شارع أحمد بن محمد الذهبي, حي عكاظ, مدينة الرياض, منطقة الرياض",1350000,374,5,,,0,حي عكاظ,الرياض,جنوب الرياض,"حياكم الله نقدم لكم  درج صاله وشقه مسروقه 
 شغل مودرن بها كافه الضمانات على شركه ملاذ السعوديه  ضمان عام على كافه المبنى بالكامل لمده 25سنه 
وضمان من المالك لمده سنه على كافه المبنى",24.526324,46.656932,https://images.aqar.fm/webp/750x0/props/048258508_1757959972705.jpg | https://images.aqar.fm/webp/750x0/props/048258509_1757959972303.jpg | https://images.aqar.fm/webp/750x0/props/048258506_1757959972523.jpg,3,منيره خالد مقبل القحطاني,مؤسسة البداية الصحيحة للخدمات العقارية,1,2025-09-15,2025-09-15,2026-07-19,3562,2026-08-23,True,"1,350,000",False,فيلا
6535465,https://sa.aqar.fm/فلل-للبيع/الرياض/جنوب-الرياض/حي-عكاظ/شارع-شقرون-المغراوي-حي-عكاظ-مدينة-الرياض-منطقة-الرياض-6535465,"فيلا للبيع في شارع شقرون المغراوي, حي عكاظ, مدينة الرياض, منطقة الرياض",750000,264,6,1,0,0,حي عكاظ,الرياض,جنوب الرياض,"كود 01
فيلا تاون هاوس للبيع 
(مخطط العجلان - حي عكاظ)
​فرصة سكنية مميزة بتصميم عصري واستغلال ذكي للمساحات في أحد أهدأ أحياء جنوب الرياض.
​📍 تفاصيل الموقع والمساحة:
​الحي: عكاظ (مخطط العجلان).
​المساحة: 300 م.
​الواجهة: شارع عرض 18 م.
​💰 السعر:
​التاون هاوس الأمامي: 820,000 ريال.
​(يوجد تاون هاوس خلفي بنفس التصميم).
​🏗️ التقسيم الداخلي:
​1️⃣ الدور الأرضي (استقبال بالكامل):
​مدخل سيارة واسع.
​مجلس رجال بخصوصية.
​مقلط (غرفة طعام).
​صالة عائلية واسعة.
​مطبخ.
​2️⃣ الدور الأول (جناح النوم الرئيسي):
​3 غرف نوم (من ضمنها غرفة ماستر بحمام خاص).
​3️⃣ الدور الثاني (الملحق):
​غرفتين نوم إضافية.
​صالة.
​سطح واسع (مثالي لجلسة خارجية أو منطقة غسيل).
​📞 للتواصل والاستفسار:
​يمكنكم التواصل مباشرة مع المعلن عبر الرقم:
((رقم المعلن يظهر عند التواصل))",24.501751,46.679878,https://images.aqar.fm/webp/750x0/props/047674997_1767653228454.jpg | https://images.aqar.fm/webp/750x0/props/047674992_1767653228579.jpg,2,مشاعل دعيرم بن جربوع العتيبي,مؤسسة مكتب بداية جديدة للخدمات العقارية,1,2026-01-05,2026-01-05,2026-08-21,1133,2026-08-23,True,"750,000",False,فيلا
6671416,https://sa.aqar.fm/فلل-للبيع/الرياض/جنوب-الرياض/حي-عكاظ/شارع-عبيدالله-الهذلي-حي-عكاظ-مدينة-الرياض-منطقة-الرياض-6671416,"فيلا للبيع في شارع عبيدالله الهذلي, حي عكاظ, مدينة الرياض, منطقة الرياض",660000,154,5,,,0,حي عكاظ,الرياض,جنوب الرياض,"السلام عليكم ورحمة الله وبركاته

مؤسسة درة الانشاءات تعرض لكم ما هو مميز فرصة استثنائيه لإمتلاك تاون هاوس علوى مخطط سما عكاظ بتصميم أنيق وتشطيبات ممتازة موقع مميز بالقرب من جميع الخدمات
تاون هاوس علوى مخطط سما عكاظ 
تاون هاوس علوى 
 يتكون من: 
صاله / مجلس /  مطبخ بمستودع ومطبخ علوي 
4غرف نوم منهم غرفه ماستر 
4دوراة مياه 
حوش خلفي
مدخل سياره 
السعر ٦٦٠ الف
المساحة ٣١٥متر
---------------------------------------------
الضمانات:  
متوفر جميع الضمانات 
( سباكة - كهرباء - عوازل - خزانات - مصاعد )
شهاده اشراف هندسي 
شهاده تأمين ملاذ
دفاع مدني 
 خزان ارضي خزان علوي مستقل
 عداد كهرباء مستقل 
جميع الاوراق موجوده 
صك. محضر فرز. رخصه بناء 
شهاده اتمام بناء 
التأمين 
تملك عقارك الآن مع شركة درة الإنشاءات 
---------------------------------------------
للتواصل والاستفسار
0532350080
نسعد بخدمتكم
والله ولي التوفيق",24.514698,46.645373,https://images.aqar.fm/webp/750x0/props/045658402_1777273799167.jpg | https://images.aqar.fm/webp/750x0/props/045658406_1777273797295.jpg | https://images.aqar.fm/webp/750x0/props/045658401_1777273797551.jpg | https://images.aqar.fm/webp/750x0/props/045658404_1777273797658.jpg | https://images.aqar.fm/webp/750x0/props/045658406_1777273797739.jpg | https://images.aqar.fm/webp/750x0/props/045658409_1777273797849.jpg | https://images.aqar.fm/webp/750x0/props/045658408_1777273797951.jpg | https://images.aqar.fm/webp/750x0/props/045658403_1777273798076.jpg | https://images.aqar.fm/webp/750x0/props/045658408_1777273798177.jpg | https://images.aqar.fm/webp/750x0/props/045658402_1777273798299.jpg | https://images.aqar.fm/webp/750x0/props/045658406_1777273798437.jpg | https://images.aqar.fm/webp/750x0/props/045658404_1777273798560.jpg | https://images.aqar.fm/webp/750x0/props/045658402_1777273798677.jpg | https://images.aqar.fm/webp/750x0/props/045658405_1777273798803.jpg | https://images.aqar.fm/webp/750x0/props/045658403_1777273798934.jpg | https://images.aqar.fm/webp/750x0/props/045658409_1777273799054.jpg,16,منيره مناحي بن جابر ال فهاد,مؤسسة درة الانشاءات والتشييد للمقاولات العامة,1,2026-04-27,2026-08-21,2026-08-23,651,2026-08-23,True,"660,000",False,فيلا
6801997,https://sa.aqar.fm/فلل-للبيع/الرياض/جنوب-الرياض/حي-عكاظ/شارع-3-عكاظ-حي-عكاظ-مدينة-الرياض-منطقة-الرياض-6801997,"فيلا للبيع في شارع 3 عكاظ, حي عكاظ, مدينة الرياض, منطقة الرياض",850000,53,3,3,1,0,حي عكاظ,الرياض,جنوب الرياض,"🏠 شقة عصرية جديدة في فيلا بـ حي عكاظ! مساحة ذكية، إضاءة طبيعية، وموقع استراتيجي ✨

هل تبحث عن سكن مريح وعصري في الرياض؟ هذه الشقة الجديدة داخل فيلا في حي عكاظ هي الخيار الأمثل لعائلاتك أو استثمارك!

✨ ما يميز هذه الشقة؟

🆕 حالة العقار: جديدة تمامًا، جاهزة للسكن فورًا.
📐 المساحة: 53.98 متر مربع (تصميم عملي يوفر راحة فائقة).
🛏️ التوزيع: 3 غرف واسعة تناسب احتياجات العائلة الصغيرة.
🌅 الإضاءة والتهوية: واجهة ثلاثية الاتجاهات (شرقية - جنوبية - غربية) تضمن إضاءة طبيعية رائعة طوال اليوم.
📍 الموقع الذهبي: حي عكاظ، الرياض، شارع 3 عكاظ. حي هادئ، مرتب، وقريب من الخدمات الأساسية.
🛠️ البنية التحتية: موصول بكافة الخدمات (كهرباء، مياه، صرف صحي) ومطابق لكود البناء السعودي.
📝 تفاصيل العقار:

نوع العقار: شقة داخل فيلا.
عرض الشارع: 15 متر (شارع واسع ومريح).
العنوان: الرياض، حي عكاظ، مبنى 3205.
💰 السعر: 850,000 ريال سعودي. فرصة نادرة لسكن جديد في منطقة حيوية!
📞 لا تتردد في التواصل! للاستفسار أو حجز موعد معاينة.

((الرقم يظهر عند الضغط على اتصال)) أبو محمد
((الرقم يظهر عند الضغط على اتصال)) أبو عبد الرحمن",24.508455,46.647792,https://images.aqar.fm/webp/750x0/props/013231821_1785688813387.jpg,1,تركي محمد مسفر الهاجرى,مكتب مستقبل نمار للعقارات,1,2026-08-02,2026-08-02,2026-08-03,79,2026-08-23,True,"850,000",False,فيلا
6793845,https://sa.aqar.fm/فلل-للبيع/الرياض/جنوب-الرياض/حي-عكاظ/شارع-الصفار-الذهبي-حي-عكاظ-مدينة-الرياض-منطقة-الرياض-6793845,"فيلا للبيع في شارع الصفار الذهبي, حي عكاظ, مدينة الرياض, منطقة الرياض",750000,266,7,0,0,0,حي عكاظ,الرياض,جنوب الرياض,"‏يتوفر  لدينا فل تاون هاوس  حي العجلان حي مكتمل بكل الخدمات القريبة  وقريب للدائري كافة الضمانات من كهرباء والسباكة عوازل الحرارية وماي إشراف هندسي تأمين شامل من شركة ملاذ ضد العيوب الخفية 
نوفرالدفع الأولى نوفر مبلغ فائض فوق سعر العقار الفعلي يوجد لدينا جميع الحلول التمويليه لدى البنوك والشركات 
وتوفر لدينا الكثير من العروض الأخرى",24.504602,46.674012,https://images.aqar.fm/webp/750x0/props/054168354_1785216387181.jpg,1,سعد بن محمد بن سعد ال غرامه,,,2026-07-28,2026-07-28,2026-08-23,105,2026-08-23,True,"750,000",False,فيلا
6696049,https://sa.aqar.fm/فلل-للبيع/الرياض/جنوب-الرياض/حي-عكاظ/شارع-جان-السليماني-حي-عكاظ-مدينة-الرياض-منطقة-الرياض-6696049,"فيلا للبيع في شارع جان السليماني, حي عكاظ, مدينة الرياض, منطقة الرياض",1700000,375,7,5,2,0,حي عكاظ,الرياض,جنوب الرياض,"السلام عليكم
للبيع فيلا حي عكاظ
البيت مساحته ٣٧٥م حر
مشب مع دوره مياه
مجلس رجال مع دوره مياه 
مقلط 
صالتين استقبال 
غرفه كبار سن مع دوره مياه
مطبخ 
مستودع 
غرفه شغاله مع دوره مياه 
غرفه مستودع في السطح
حوش كبير
الدور العلوي 
غرفه ماستر مع غرفه ملابس ودوره مياه 
غرفه ودوره مياه
شقه/ثلاث غرف مع صاله ومطبخ حمامين
شقه /مؤسس
مدخل خاص للشقق
غرفه سايق وحمامها
مليون و٧٠٠
الفله حره",24.503176,46.672707,https://images.aqar.fm/webp/750x0/props/020214613_1778693758480.jpg | https://images.aqar.fm/webp/750x0/props/020214619_1778693757925.jpg | https://images.aqar.fm/webp/750x0/props/020214617_1778693758080.jpg | https://images.aqar.fm/webp/750x0/props/020214616_1778693758080.jpg | https://images.aqar.fm/webp/750x0/props/020214617_1778693758270.jpg | https://images.aqar.fm/webp/750x0/props/020214617_1778693758854.jpg | https://images.aqar.fm/webp/750x0/props/020214617_1778693759110.jpg,7,عبدالله بن عبدالرحمن بن علي الهمش,,1,2026-05-13,2026-05-13,2026-08-22,208,2026-08-23,True,"1,700,000",False,فيلا
6770324,https://sa.aqar.fm/فلل-للبيع/الرياض/جنوب-الرياض/حي-عكاظ/شارع-عبدالقادر-السعدي-حي-عكاظ-مدينة-الرياض-منطقة-الرياض-6770324,"فيلا للبيع في شارع عبدالقادر السعدي, حي عكاظ, مدينة الرياض, منطقة الرياض",1300000,277,,5,2,3,حي عكاظ,الرياض,جنوب الرياض,"فيلا للبيع دور مسروق وشقة حي عكاظ العجلان
عمرها تقريبا 3 سنوات
سعر البيع مليون و 300 الف صافي قابل للتفاوض
شارع 25 غربي
المساحة 277 متر 
طولها على الشارع 18 والعمق 19
مؤجر الدور المسروق  40 الف سنويا
الشقة 20 الف سنويا 
مجموع الدخل السنوي 60 ألف
مرهونة على البنك الاهلي وباقي مليون و 140 ألف في حال السداد المبكر
الحد مليون و 300 الف شامل المديونية
مكتب منزلك للعقارات
((الرقم يظهر عند الضغط على اتصال))",24.503342,46.662806,https://images.aqar.fm/webp/750x0/props/004633223_1783864534249.jpg | https://images.aqar.fm/webp/750x0/props/004633223_1783864534251.jpg | https://images.aqar.fm/webp/750x0/props/004633226_1783864534249.jpg | https://images.aqar.fm/webp/750x0/props/004633226_1783864534250.jpg | https://images.aqar.fm/webp/750x0/props/004633225_1783864534253.jpg | https://images.aqar.fm/webp/750x0/props/004633228_1783864534252.jpg | https://images.aqar.fm/webp/750x0/props/004633220_1783864534311.jpg | https://images.aqar.fm/webp/750x0/props/004633223_1783864534306.jpg | https://images.aqar.fm/webp/750x0/props/004633221_1783864534252.jpg | https://images.aqar.fm/webp/750x0/props/004633221_1783864534319.jpg | https://images.aqar.fm/webp/750x0/props/004633220_1783864534258.jpg | https://images.aqar.fm/webp/750x0/props/004633223_1783864534345.jpg | https://images.aqar.fm/webp/750x0/props/004633227_1783864534284.jpg | https://images.aqar.fm/webp/750x0/props/004633227_1783864534284.jpg | https://images.aqar.fm/webp/750x0/props/004633223_1783864534356.jpg | https://images.aqar.fm/webp/750x0/props/004633220_1783864534356.jpg | https://images.aqar.fm/webp/750x0/props/004633222_1783864534356.jpg | https://images.aqar.fm/webp/750x0/props/004633224_1783864534355.jpg | https://images.aqar.fm/webp/750x0/props/004633229_1783864534377.jpg | https://images.aqar.fm/webp/750x0/props/004633223_1783864534376.jpg | https://images.aqar.fm/webp/750x0/props/004633223_1783864534377.jpg | https://images.aqar.fm/webp/750x0/props/004633222_1783864534377.jpg | https://images.aqar.fm/webp/750x0/props/004633228_1783864534376.jpg | https://images.aqar.fm/webp/750x0/props/004633222_1783864534406.jpg | https://images.aqar.fm/webp/750x0/props/004633224_1783864534384.jpg | https://images.aqar.fm/webp/750x0/props/004633228_1783864534384.jpg | https://images.aqar.fm/webp/750x0/props/004633227_1783864534383.jpg | https://images.aqar.fm/webp/750x0/props/004633229_1783864534432.jpg | https://images.aqar.fm/webp/750x0/props/004633229_1783864534384.jpg,29,عبدالعزيز بن عبدالرحمن بن محمد الشعلان,مكتب منزلك للعقارات,1,2026-07-12,2026-08-10,2026-08-20,208,2026-08-23,True,"1,300,000",False,فيلا
6769698,https://sa.aqar.fm/فلل-للبيع/الرياض/جنوب-الرياض/حي-عكاظ/شارع-حامد-عبدالحفيظ-حي-عكاظ-مدينة-الرياض-منطقة-الرياض-6769698,"فيلا للبيع في شارع حامد عبدالحفيظ, حي عكاظ, مدينة الرياض, منطقة الرياض",730000,252,6,5,3,0,حي عكاظ,الرياض,جنوب الرياض,"بسم الله الرحمن الرحيم

🏡 تاون هاوس ثلاث ادوار  حي عكاظ (مخطط العجلان)
📍 موقع مميز – شارع 20م 
السعر 730 الف 
مجالس واستقبال و5 غرف 

✨ التفاصيل:
مدخل سيارة مجلس رجال + مقلط + صالة + مطبخ
الاول صاله  و3 غرف نوم (منها غرفه ماستر)
الثانى صاله وغرفتين والسطح 

📞 للتواصل والاستفسار/ ((ابو فيصل))",24.506425,46.666766,https://images.aqar.fm/webp/750x0/props/042529640_1783822154738.jpg | https://images.aqar.fm/webp/750x0/props/042529640_1783822154892.jpg | https://images.aqar.fm/webp/750x0/props/042529646_1783822154442.jpg | https://images.aqar.fm/webp/750x0/props/042529643_1783822154558.jpg | https://images.aqar.fm/webp/750x0/props/042529643_1783822154576.jpg | https://images.aqar.fm/webp/750x0/props/042529640_1783822154617.jpg | https://images.aqar.fm/webp/750x0/props/042529643_1783822154749.jpg | https://images.aqar.fm/webp/750x0/props/042529644_1783822154784.jpg | https://images.aqar.fm/webp/750x0/props/042529645_1783822154871.jpg | https://images.aqar.fm/webp/750x0/props/042529643_1783822154949.jpg | https://images.aqar.fm/webp/750x0/props/042529640_1783822155052.jpg | https://images.aqar.fm/webp/750x0/props/042529643_1783822155053.jpg | https://images.aqar.fm/webp/750x0/props/042529649_1783822155108.jpg | https://images.aqar.fm/webp/750x0/props/042529642_1783822167038.jpg | https://images.aqar.fm/webp/750x0/props/042529649_1783822167139.jpg | https://images.aqar.fm/webp/750x0/props/042529640_1783822154738.jpg | https://images.aqar.fm/webp/750x0/props/042529640_1783822154892.jpg | https://images.aqar.fm/webp/750x0/props/042529646_1783822154442.jpg | https://images.aqar.fm/webp/750x0/props/042529643_1783822154558.jpg | https://images.aqar.fm/webp/750x0/props/042529643_1783822154576.jpg | https://images.aqar.fm/webp/750x0/props/042529640_1783822154617.jpg | https://images.aqar.fm/webp/750x0/props/042529643_1783822154749.jpg | https://images.aqar.fm/webp/750x0/props/042529644_1783822154784.jpg | https://images.aqar.fm/webp/750x0/props/042529645_1783822154871.jpg | https://images.aqar.fm/webp/750x0/props/042529643_1783822154949.jpg | https://images.aqar.fm/webp/750x0/props/042529640_1783822155052.jpg | https://images.aqar.fm/webp/750x0/props/042529643_1783822155053.jpg | https://images.aqar.fm/webp/750x0/props/042529649_1783822155108.jpg | https://images.aqar.fm/webp/750x0/props/042529642_1783822167038.jpg | https://images.aqar.fm/webp/750x0/props/042529649_1783822167139.jpg,30,مشاعل دعيرم بن جربوع العتيبي,مؤسسة مكتب بداية جديدة للخدمات العقارية,1,2026-07-12,2026-08-10,2026-08-23,75,2026-08-23,True,"730,000",False,فيلا
6702237,https://sa.aqar.fm/فلل-للبيع/الرياض/جنوب-الرياض/حي-عكاظ/شارع-ابن-مشرف-حي-عكاظ-مدينة-الرياض-منطقة-الرياض-6702237,"فيلا للبيع في شارع ابن مشرف, حي عكاظ, مدينة الرياض, منطقة الرياض",1150000,251,6,,,6,حي عكاظ,الرياض,جنوب الرياض,فله مسروق وشقة  مرهونه للبنك  تشطيب مودرن في مخطط العجلان حي عكاظ,24.502114,46.665694,https://images.aqar.fm/webp/750x0/props/004601188_1779106792741.jpg,1,عبدالله عبدالله محمد مريشد,مؤسسة التطوير الرقمي للتطوير العقاري,1,2026-05-18,2026-08-13,2026-08-23,183,2026-08-23,True,"1,150,000",False,فيلا
6727968,https://sa.aqar.fm/فلل-للبيع/الرياض/جنوب-الرياض/حي-عكاظ/شارع-الحافظ-السمعاني-حي-عكاظ-مدينة-الرياض-منطقة-الرياض-6727968,"فيلا للبيع في شارع الحافظ السمعاني, حي عكاظ, مدينة الرياض, منطقة الرياض",1100000,299,6,5,1,0,حي عكاظ,الرياض,جنوب الرياض,"🏡 رقم العرض: 3023

فيلا للبيع – الرياض | حي عكاظ

✨ فيلا حديثة بتصميم درج صالة، مناسبة للسكن العائلي.

📐 المساحة: 350 م²
🛣️ عرض الشارع: 26 متر
🧭 الواجهة: غربية
🏠 عمر العقار: سنة واحدة

مكونات الفيلا

- مجلس.
- مقلط.
- صالتان.
- مطبخ.
- درج صالة.
- 3 غرف نوم، منها غرفة ماستر.
- غرفة خادمة ماستر في السطح.

📞 للتواصل والاستفسار يرجى التواصل على واتس.",24.493654,46.656323,https://images.aqar.fm/webp/750x0/props/044193083_1783997442515.jpg | https://images.aqar.fm/webp/750x0/props/044193086_1783997442497.jpg | https://images.aqar.fm/webp/750x0/props/044193082_1783997442510.jpg | https://images.aqar.fm/webp/750x0/props/044193087_1783997442499.jpg,4,صالح بن مسعد بن عبداللطيف الحربي,شركة ديار فيو للخدمات العقارية,1,2026-06-10,2026-07-10,2026-07-14,291,2026-08-23,True,"1,100,000",False,فيلا
6793821,https://sa.aqar.fm/فلل-للبيع/الرياض/جنوب-الرياض/حي-عكاظ/شارع-علي-بن-الحسن-الخزرجي-حي-عكاظ-مدينة-الرياض-منطقة-الرياض-6793821,"فيلا للبيع في شارع علي بن الحسن الخزرجي, حي عكاظ, مدينة الرياض, منطقة الرياض",750000,266,7,0,0,0,حي عكاظ,الرياض,جنوب الرياض,"فلل تاون هاوس حي العجلان شغل شخصي كافه الضمانات 
واجهات موادرن تصميم عصري 
موقع قريب لدائري ولكل الخدمات 
يوجد لدينا جميع الحلول التمويلية",24.504293,46.674939,https://images.aqar.fm/webp/750x0/props/047783025_1785213394155.jpg,1,ناصر عبدالله مرزوق مرزوق,,,2026-07-28,2026-07-28,2026-08-23,70,2026-08-23,True,"750,000",False,فيلا
6518910,https://sa.aqar.fm/فلل-للبيع/الرياض/جنوب-الرياض/حي-عكاظ/حي-عكاظ-مدينة-الرياض-منطقة-الرياض-6518910,"فيلا للبيع في حي عكاظ, مدينة الرياض, منطقة الرياض",850000,285,5,5,3,0,حي عكاظ,الرياض,جنوب الرياض,"الكود ١٨
التفاصيل:
السلام عليكم ورحمه الله وبركاته اسعد الله اوقاتكم بكل خير  شركه أوائل نمار العقارية 
 يسعدنا أن نقدم لكم 
فيلا تاون هوس ثلاث ادوار 
 بحى عكاظ(مخطط سما عكاظ 
مساحه الارض411 متر 
 شارع١٥متر 
 واجهه جنوبيه 
 السعر 850 ألف 
تتكون من 
 من مدخل سياره ومجلس ومقلط وصاله ومطبخ 
الدور الأول ثلاث غرف نوم منهم غرفه ماستر 
الدور الثاني غرفة نوم وسطح

 عليها كافة الضمانات  المطلوبة على العوازل والخزنات والبايكه والكهرباء والسباكه  ونتعامل مع جميع البنوك والشركات وتحويل من بنك لاخر  ونسعى فى توفير الدفعه الاولى مجانا وسداد المديونية وتخليص أمور البنك
 الكووووووود 18",24.50896,46.64263,,,جبر لافي عوض العتيبي,مؤسسة اوائل نمار العقارية,1,2025-12-23,2025-12-23,2026-08-20,547,2026-08-23,True,"850,000",False,فيلا
6550695,https://sa.aqar.fm/فلل-للبيع/الرياض/جنوب-الرياض/حي-عكاظ/شارع-حامد-عبدالحفيظ-حي-عكاظ-مدينة-الرياض-منطقة-الرياض-6550695,"فيلا للبيع في شارع حامد عبدالحفيظ, حي عكاظ, مدينة الرياض, منطقة الرياض",750000,265,6,,,0,حي عكاظ,الرياض,جنوب الرياض,"المميزات الاستراتيجية (الموقع والخدمات)
​الموقع المفتوح: وجود مرفق وممشى أمام التاون هاوس يعطي ""شراحة"" للمكان، ويوفر مواقف إضافية للسيارات، ويضمن عدم وجود جيران ملاصقين من الأمام.
​القرب من المسجد 🕌: ميزة دينية واجتماعية ترفع من قيمة العقار وتسهل الوصول للخدمات.
​عرض الشارع (30م): شارع واسع جداً يسهل حركة الدخول والخروج ويزيد من فخامة المنطقة.
​السعر (750 ألف): بالنسبة لمساحة 300م وتصميم من ثلاثة أدوار، السعر يعتبر لقطة (خاصة إذا كانت الجودة والتشطيبات ممتازة).
​🏠 توزيع المساحات (التصميم الداخلي)
​التصميم كلاسيكي وعملي جداً للعائلات الكبيرة:
​الدور الأرضي (الاستقبال):
​فصل مجلس الرجال والمقلط عن الصالة والمطبخ يوفر خصوصية تامة للضيوف.
​الدور الأول (النوم):
​ثلاث غرف نوم (منها الماستر) كافية جداً للعائلة الأساسية.
​الدور الثاني/الملحق (التوسعة):
​وجود صالة وغرفتين نوم إضافيتين في الأعلى يجعل إجمالي عدد الغرف 5 غرف نوم، وهو أمر نادر في التاون هاوسات بهذا السعر.",24.507058,46.666597,https://images.aqar.fm/webp/750x0/props/047674990_1768691384105.jpg | https://images.aqar.fm/webp/750x0/props/047674994_1768691383404.jpg | https://images.aqar.fm/webp/750x0/props/047674993_1768691383481.jpg | https://images.aqar.fm/webp/750x0/props/047674997_1768691383511.jpg | https://images.aqar.fm/webp/750x0/props/047674991_1768691383584.jpg | https://images.aqar.fm/webp/750x0/props/047674991_1768691383665.jpg | https://images.aqar.fm/webp/750x0/props/047674990_1768691383664.jpg | https://images.aqar.fm/webp/750x0/props/047674997_1768691383770.jpg | https://images.aqar.fm/webp/750x0/props/047674990_1768691383766.jpg | https://images.aqar.fm/webp/750x0/props/047674990_1768691383887.jpg | https://images.aqar.fm/webp/750x0/props/047674991_1768691383974.jpg | https://images.aqar.fm/webp/750x0/props/047674991_1768691383983.jpg | https://images.aqar.fm/webp/750x0/props/047674990_1768691384162.jpg | https://images.aqar.fm/webp/750x0/props/047674995_1768691384212.jpg | https://images.aqar.fm/webp/750x0/props/047674993_1768691384243.jpg | https://images.aqar.fm/webp/750x0/props/047674993_1768691384321.jpg | https://images.aqar.fm/webp/750x0/props/047674999_1768691384343.jpg,17,مشاعل دعيرم بن جربوع العتيبي,مؤسسة مكتب بداية جديدة للخدمات العقارية,1,2026-01-17,2026-01-17,2026-08-21,478,2026-08-23,True,"750,000",False,فيلا
6753771,https://sa.aqar.fm/فلل-للبيع/الرياض/جنوب-الرياض/حي-عكاظ/شارع-الربائع-حي-عريض-الرياض-منطقة-الرياض-6753771,فيلا للبيع في شارع الربائع ، حي عريض ، الرياض ، منطقة الرياض,1500000,395,5,7,2,5,حي عكاظ,الرياض,جنوب الرياض,فله سكنيه دورين الواجه شرقيه,24.502689,46.667954,https://images.aqar.fm/webp/750x0/props/046465488_1782819269587.jpg,1,محمد عبدالله,,,2026-06-30,,2026-06-30,33,2026-08-23,False,طلب تسويق,False,فيلا
6797497,https://sa.aqar.fm/فلل-للبيع/الرياض/جنوب-الرياض/حي-عكاظ/شارع-حسن-مشاط-حي-عكاظ-مدينة-الرياض-منطقة-الرياض-6797497,"فيلا للبيع في شارع حسن مشاط, حي عكاظ, مدينة الرياض, منطقة الرياض",580000,166,3,0,0,0,حي عكاظ,الرياض,جنوب الرياض,"فرصةً ذهبية 
ادوار ارضيه جديدة  للبيع بحي عكاظ
شارع 20 م 
أسعار تنافسية",24.500466,46.659,https://images.aqar.fm/webp/750x0/props/045396975_1785413005848.jpg | https://images.aqar.fm/webp/750x0/props/045396975_1785413005816.jpg | https://images.aqar.fm/webp/750x0/props/045396977_1785413005827.jpg | https://images.aqar.fm/webp/750x0/props/045396971_1785413005833.jpg | https://images.aqar.fm/webp/750x0/props/045396975_1785413005825.jpg | https://images.aqar.fm/webp/750x0/props/045396978_1785413005822.jpg | https://images.aqar.fm/webp/750x0/props/045396974_1785413005729.jpg | https://images.aqar.fm/webp/750x0/props/045396972_1785413005855.jpg,8,خالد بن محمد بن ابراهيم علاالله,مؤسسة محترف الاصول العقارية,1,2026-07-30,2026-07-30,2026-08-20,141,2026-08-23,True,"580,000",False,فيلا
6363354,https://sa.aqar.fm/فلل-للبيع/الرياض/جنوب-الرياض/حي-عكاظ/شارع-حامد-القاري-حي-عكاظ-مدينة-الرياض-منطقة-الرياض-6363354,"فيلا للبيع في شارع حامد القاري, حي عكاظ, مدينة الرياض, منطقة الرياض",800000,281,4,1,0,0,حي عكاظ,الرياض,جنوب الرياض,"السلام عليكم ورحمه الله وبركاته 

تاون هاوس  مساحة 300م
 يفتح امامي وخلفي 
شارع 20 م
سعر الامامي والخلفي 800 ألف 


 الامامي يتكون من مدخل سياره مجلس رجال مقلط صاله مطبخ 
4 غرف نوم منهم غرفتين ماستر 

الخلفي مدخل سياره مجلس رجال مقلط صاله مطبخ 
الدور الاول ثلاث غرف نوم منهم غرفة ماستر وصاله 

للتواصل ابو احمد ((رقم المعلن يظهر عند التواصل))",24.506262,46.666945,https://images.aqar.fm/webp/750x0/props/015537764_1756813149645.jpg,1,مشاعل دعيرم بن جربوع العتيبي,مؤسسة مكتب بداية جديدة للخدمات العقارية,1,2025-09-02,2025-09-02,2026-08-23,272,2026-08-23,True,"800,000",False,فيلا
6412786,https://sa.aqar.fm/فلل-للبيع/الرياض/جنوب-الرياض/حي-عكاظ/شارع-سعيد-الماجد-حي-عكاظ-مدينة-الرياض-منطقة-الرياض-6412786,"فيلا للبيع في شارع سعيد الماجد, حي عكاظ, مدينة الرياض, منطقة الرياض",1500000,300,6,5,2,2,حي عكاظ,الرياض,جنوب الرياض,"NH-6

🏡 فيلا للبيع – حي عكاظ

فرصة مميزة لامتلاك فيلا في حي عكاظ على مساحة 300 متر مربع، تتميز بموقع حيوي وقريب من جميع الخدمات والمرافق، لتوفر لك ولعائلتك أسلوب حياة مريح وهادئ.

✨ مميزات العقار:

* مساحة الأرض: 300 م²
* تصميم عصري يحقق الراحة والخصوصية.
* موقع مميز بالقرب من المدارس، والمساجد، والأسواق، والطرق الرئيسية.
* مناسبة للسكن العائلي أو للاستثمار.

📞 تواصل معنا الآن لمعرفة المزيد من التفاصيل وحجز موعد للمعاينة.",24.520152,46.654414,https://images.aqar.fm/webp/750x0/props/012933839_1759756300045.jpg | https://images.aqar.fm/webp/750x0/props/012933832_1759756300094.jpg | https://images.aqar.fm/webp/750x0/props/012933835_1759756300067.jpg | https://images.aqar.fm/webp/750x0/props/012933838_1759756300052.jpg | https://images.aqar.fm/webp/750x0/props/012933832_1759756300045.jpg | https://images.aqar.fm/webp/750x0/props/012933830_1759756300051.jpg | https://images.aqar.fm/webp/750x0/props/012933836_1759756300040.jpg,7,سلطان محمد,شركة خيالة العقارية,1,2025-10-06,2025-10-06,2026-08-18,1598,2026-08-23,True,"1,500,000",False,فيلا
6623042,https://sa.aqar.fm/فلل-للبيع/الرياض/جنوب-الرياض/حي-عكاظ/شارع-شقرون-المغراوي-حي-عكاظ-مدينة-الرياض-منطقة-الرياض-6623042,"فيلا للبيع في شارع شقرون المغراوي, حي عكاظ, مدينة الرياض, منطقة الرياض",970000,315,,0,0,5,حي عكاظ,الرياض,جنوب الرياض,فيلا سعر ممتاز العجلان مساحه 315 شرقيه فيها مشب كبير ومجلس ومقلط صاله مطبخ مسبح والدور العلوي اربع غرف نوم كبيره كلها ماستر وصاله والسطح غرفة عامله غرفه غسيل,24.501352,46.680223,https://images.aqar.fm/webp/750x0/props/040406423_1773313543771.jpg | https://images.aqar.fm/webp/750x0/props/040406422_1773313558473.jpg | https://images.aqar.fm/webp/750x0/props/040406427_1773313558438.jpg | https://images.aqar.fm/webp/750x0/props/040406427_1773313558455.jpg | https://images.aqar.fm/webp/750x0/props/040406426_1773313558447.jpg,5,ساره بنت مرزوق بن حصين القحطاني,,,2026-03-12,2026-08-04,2026-08-04,982,2026-08-23,True,"970,000",False,فيلا
6513509,https://sa.aqar.fm/فلل-للبيع/الرياض/جنوب-الرياض/حي-عكاظ/شارع-جعفر-بن-أبي-المغيرة-حي-عكاظ-مدينة-الرياض-منطقة-الرياض-6513509,"فيلا للبيع في شارع جعفر بن أبي المغيرة, حي عكاظ, مدينة الرياض, منطقة الرياض",849000,245,5,,,0,حي عكاظ,الرياض,جنوب الرياض,"فيلا تاون هاوس بحي عكاظ مساحة ٣٠٠م 
تشطيب فاخرة جدا 
وجميع الضمانات

ويوجد لدينا سداد المديونية مجانا 
والدفعة المقدمة مجانا 
وتسهيلات بنكية بأفضل النسب 
والله يوفق الجميع
((رقم المعلن يظهر عند التواصل))",24.501392,46.654444,https://images.aqar.fm/webp/750x0/props/028314680_1766217947623.jpg | https://images.aqar.fm/webp/750x0/props/028314682_1766217948225.jpg | https://images.aqar.fm/webp/750x0/props/028314685_1766217947621.jpg | https://images.aqar.fm/webp/750x0/props/028314688_1766217947850.jpg | https://images.aqar.fm/webp/750x0/props/028314685_1766217947620.jpg | https://images.aqar.fm/webp/750x0/props/028314687_1766217947619.jpg,6,تماني بنت عقيل بن فارس العنزي,مكتب مساكن المهلهل,1,2025-12-20,2025-12-20,2026-08-18,182,2026-08-23,True,"849,000",False,فيلا
6682875,https://sa.aqar.fm/فلل-للبيع/الرياض/جنوب-الرياض/حي-عكاظ/شارع-أحمد-بن-محمد-العيالي-حي-عكاظ-مدينة-الرياض-منطقة-الرياض-6682875,"فيلا للبيع في شارع أحمد بن محمد العيالي, حي عكاظ, مدينة الرياض, منطقة الرياض",770000,247,4,0,0,0,حي عكاظ,الرياض,جنوب الرياض,"� فرصة تملك تاون هاوس فاخر

في حي العجلان – موقع مميز على شارع 20 ✨

💰 السعر: 770,000 ريال فقط

📐 المساحة: 300 م²

🔹 تصميم عصري وتشطيب راقي
🔹 بايكة سيارة
🔹 صالة واسعة
🔹 مجلس + مقلط
🔹 3 دورات مياه
🔹 مطبخ

🛏️ الدور الأول:
4 غرف نوم (منها غرفة ماستر)

🛏️ الدور الثاني:
سطح واسع + غرفة ماستر

📍 موقع هادئ وقريب من جميع الخدمات

✨ جميع الضمانات متوفرة
✨ مطابق للكود السعودي

📞 لا تفوت الفرصة – تواصل الآن للحجز
0532588867",24.506519,46.671102,https://images.aqar.fm/webp/750x0/props/035508336_1777975087325.jpg | https://images.aqar.fm/webp/750x0/props/035508339_1777975304118.jpg | https://images.aqar.fm/webp/750x0/props/035508331_1777975304123.jpg | https://images.aqar.fm/webp/750x0/props/035508330_1777975304116.jpg | https://images.aqar.fm/webp/750x0/props/035508339_1777975304127.jpg | https://images.aqar.fm/webp/750x0/props/035508331_1777975304138.jpg | https://images.aqar.fm/webp/750x0/props/035508330_1777975304139.jpg | https://images.aqar.fm/webp/750x0/props/035508334_1777975304138.jpg | https://images.aqar.fm/webp/750x0/props/035508338_1777975338191.jpg | https://images.aqar.fm/webp/750x0/props/035508337_1777975338191.jpg | https://images.aqar.fm/webp/750x0/props/035508333_1777975338175.jpg | https://images.aqar.fm/webp/750x0/props/035508337_1777975338172.jpg | https://images.aqar.fm/webp/750x0/props/035508339_1777975338185.jpg,13,ريم القحطاني,مكتب أصول الاملاك للعقارات,1,2026-05-05,2026-07-31,2026-08-23,481,2026-08-23,True,"770,000",False,فيلا
6397625,https://sa.aqar.fm/فلل-للبيع/الرياض/جنوب-الرياض/حي-عكاظ/شارع-حامد-عبدالحفيظ-حي-عكاظ-مدينة-الرياض-منطقة-الرياض-6397625,"فيلا للبيع في شارع حامد عبدالحفيظ, حي عكاظ, مدينة الرياض, منطقة الرياض",770000,264,5,5,3,0,حي عكاظ,الرياض,جنوب الرياض,"السلام عليكم ورحمه الله وبركاته 

حي عكاظ مخطط العجلان

تاون مساحه 300م 

شارع 20 م 

امامي السعر 830 الف

تتكون من مدخل سياره مجلس رجال مقلط صاله مطبخ
الاول ثلاث غرف منهم غرفه ماستر
الدور الثاني غرفتين نوم وصاله وسطح


للتواصل ((رقم المعلن يظهر عند التواصل))",24.506883,46.666653,https://images.aqar.fm/webp/750x0/props/015537763_1758803209887.jpg | https://images.aqar.fm/webp/750x0/props/015537768_1758803210163.jpg | https://images.aqar.fm/webp/750x0/props/015537765_1758803207844.jpg | https://images.aqar.fm/webp/750x0/props/015537769_1758803208110.jpg | https://images.aqar.fm/webp/750x0/props/015537762_1758803208114.jpg | https://images.aqar.fm/webp/750x0/props/015537766_1758803208291.jpg | https://images.aqar.fm/webp/750x0/props/015537761_1758803208472.jpg | https://images.aqar.fm/webp/750x0/props/015537765_1758803208648.jpg | https://images.aqar.fm/webp/750x0/props/015537763_1758803208923.jpg | https://images.aqar.fm/webp/750x0/props/015537765_1758803209113.jpg | https://images.aqar.fm/webp/750x0/props/015537763_1758803209217.jpg | https://images.aqar.fm/webp/750x0/props/015537766_1758803209389.jpg | https://images.aqar.fm/webp/750x0/props/015537760_1758803209648.jpg | https://images.aqar.fm/webp/750x0/props/015537768_1758803209784.jpg | https://images.aqar.fm/webp/750x0/props/015537766_1758803210287.jpg | https://images.aqar.fm/webp/750x0/props/015537761_1758803210468.jpg | https://images.aqar.fm/webp/750x0/props/015537764_1758803210653.jpg,17,مشاعل دعيرم بن جربوع العتيبي,مؤسسة مكتب بداية جديدة للخدمات العقارية,1,2025-09-25,2025-09-25,2026-08-23,289,2026-08-23,True,"770,000",False,فيلا
6800537,https://sa.aqar.fm/فلل-للبيع/الرياض/جنوب-الرياض/حي-عكاظ/شارع-الجارود-السلمي-حي-عكاظ-مدينة-الرياض-منطقة-الرياض-6800537,"فيلا للبيع في شارع الجارود السلمي, حي عكاظ, مدينة الرياض, منطقة الرياض",600000,182,4,4,2,0,حي عكاظ,الرياض,جنوب الرياض,"تاون هاوس للبيع  حي بدر 

المساحة ١٨١  متر  
على جهتين  


الدور الثاني  
غرفه ماستر 
غرفه 
حمام 
ملاحظه (سطحين )

الدور الأول  
مطبخ 
غرفتين 
٢ دورة مياه 

الدور الاول 
مدخل سيارة 
حوش",24.505008,46.670417,https://images.aqar.fm/webp/750x0/props/030813918_1785603575081.jpg | https://images.aqar.fm/webp/750x0/props/030813910_1785603575050.jpg | https://images.aqar.fm/webp/750x0/props/030813915_1785603575044.jpg | https://images.aqar.fm/webp/750x0/props/030813916_1785603575043.jpg | https://images.aqar.fm/webp/750x0/props/030813910_1785603575092.jpg | https://images.aqar.fm/webp/750x0/props/030813917_1785603575084.jpg | https://images.aqar.fm/webp/750x0/props/030813917_1785603575076.jpg | https://images.aqar.fm/webp/750x0/props/030813912_1785603575071.jpg,8,تركي عبدالله عبدالرحمن الرزين,,,2026-08-01,2026-08-01,2026-08-20,348,2026-08-23,True,"600,000",False,فيلا
6447229,https://sa.aqar.fm/فلل-للبيع/الرياض/جنوب-الرياض/حي-عكاظ/شارع-النفوذ-حي-عكاظ-مدينة-الرياض-منطقة-الرياض-6447229,"فيلا للبيع في شارع النفوذ, حي عكاظ, مدينة الرياض, منطقة الرياض",850000,245,4,1,0,0,حي عكاظ,الرياض,جنوب الرياض,"تاون هاوس  حي عكاظ  ٣  ادوار
الارضي مدخلين نساء ورجال 
يتكون من مجلس رجال ودوره مياه ومغسلتين 
مقلط
والصاله تخدمها دوره مياه ومغسلتين
 ومطبخ

 الدور الاول
٣ غرف نوم ماستر مع حمامها 

 الدور الاخير 
 غرفتين نوم ماستر مع حمامها 
 وسطح 
 للتواصل / ابوعدي 
((رقم المعلن يظهر عند التواصل))














((رقم المعلن يظهر عند التواصل))",24.513763,46.662611,https://images.aqar.fm/webp/750x0/props/050269004_1777538890918.jpg,1,جابر ال فهاد,شركة ركائز الروعة,1,2025-10-30,2025-10-30,2026-08-23,603,2026-08-23,True,"850,000",False,فيلا
6669522,https://sa.aqar.fm/فلل-للبيع/الرياض/جنوب-الرياض/حي-عكاظ/شارع-ابي-المكارم-بن-مفرج-حي-عكاظ-مدينة-الرياض-منطقة-الرياض-6669522,"فيلا للبيع في شارع ابي المكارم بن مفرج, حي عكاظ, مدينة الرياض, منطقة الرياض",1750000,433,4,,,4,حي عكاظ,الرياض,جنوب الرياض,"فرصة مميزة للسكن الراقي 

واجهة جنوبية غربية تمنحك إضاءة طبيعية طوال اليوم، وإطلالة مفتوحة على أرض فضاء مقابلها تعزز الخصوصية والهدوء، على شارع واسع بعرض يقارب 25 متر.

تفاصيل العقار:

 4 غرف واسعة
 غرفتين ماستر بتصميم مريح
 غرفة خادمة
 مدخل سيارة خاص
أحواض شجر تضيف لمسة جمالية
 مسبح (مؤسس وجاهز للتنفيذ)
6 دورات مياه

موقع مميز وتصميم يلبي احتياجات العائلة الباحثة عن الراحة والمساحة.",24.501217,46.684394,https://images.aqar.fm/webp/750x0/props/048403619_1777820147078.jpg | https://images.aqar.fm/webp/750x0/props/048403616_1777820147004.jpg | https://images.aqar.fm/webp/750x0/props/048403610_1777820147140.jpg | https://images.aqar.fm/webp/750x0/props/048403617_1777820147012.jpg,4,زياد سعد,مكتب ركائز الابتكار للخدمات العقارية,1,2026-04-25,2026-08-20,2026-08-20,392,2026-08-23,True,"1,750,000",False,فيلا
6770249,https://sa.aqar.fm/فلل-للبيع/الرياض/جنوب-الرياض/حي-عكاظ/شارع-ابن-إبراهيم-التلمساني-حي-عكاظ-مدينة-الرياض-منطقة-الرياض-6770249,"فيلا للبيع في شارع ابن إبراهيم التلمساني, حي عكاظ, مدينة الرياض, منطقة الرياض",3000000,900,6,5,3,11,حي عكاظ,الرياض,جنوب الرياض,"🏡 فيلا للبيع بدرج جانبي – حي عكاظ

*الدور الارضي:
-مجلس رجال
-مقلط
-٢ صالة
-غرفة معيشة
-مجلس نساء
-مطبخ
-غرفة نوم كبار سن
-مشب

*الدور الاول:
-صالة 
-٦ غرف نوم (واحدة ماستر)

*ملحق علوي

📍 مباشر مع المالك

* موقع مميز على شارعين
* 20 متر شرقي
* 10 متر شمالي
* الأبعاد: 30 × 30 متر
* المساحة الإجمالية: 900 م²

حد البيع: 3,000,000 ريال صافي

للتواصل والاستفسار، يرجى التواصل مباشرة.",24.534539,46.658639,https://images.aqar.fm/webp/750x0/props/014243023_1783861640151.jpg,1,اسامه  ماجد صالح الدوسري ,,,2026-07-12,2026-07-12,2026-08-22,677,2026-08-23,True,"3,000,000",False,فيلا
6450868,https://sa.aqar.fm/فلل-للبيع/الرياض/جنوب-الرياض/حي-عكاظ/شارع-يوسف-البزاز-حي-عكاظ-مدينة-الرياض-منطقة-الرياض-6450868,"فيلا للبيع في شارع يوسف البزاز, حي عكاظ, مدينة الرياض, منطقة الرياض",770000,262,5,5,3,0,حي عكاظ,الرياض,جنوب الرياض,"اسعد الله اوقاتكم بكل خير 

الموقع 📍 حي عكاظ 

للبيع فلل تاون هاوس امامي وخلفي 


للاستفسار تواصل معي اتصال او ارسل طلبك واتساب",24.504799,46.672631,https://images.aqar.fm/webp/750x0/props/042678724_1762105977320.jpg | https://images.aqar.fm/webp/750x0/props/042678729_1762105977331.jpg | https://images.aqar.fm/webp/750x0/props/042678725_1762105976859.jpg | https://images.aqar.fm/webp/750x0/props/042678722_1762105977004.jpg | https://images.aqar.fm/webp/750x0/props/042678726_1762105977124.jpg,5,ثنوى محمد تني الدوسري,مؤسسة المسكن الشرقي للتطوير العقاري,1,2025-11-02,2025-11-02,2026-06-06,1687,2026-08-23,True,"770,000",False,فيلا
6443640,https://sa.aqar.fm/فلل-للبيع/الرياض/جنوب-الرياض/حي-عكاظ/شارع-أربد-حي-عكاظ-مدينة-الرياض-منطقة-الرياض-6443640,"فيلا للبيع في شارع أربد, حي عكاظ, مدينة الرياض, منطقة الرياض",850000,192,5,5,2,0,حي عكاظ,الرياض,جنوب الرياض,"فيلا دور حي عكاظ الرياض  

 مساحة الدور : 192.99
للبيع مع الأثاث شبه جديد
عمر العقار سنه 
سكنته اقل من 6 اشهر
 عدد 3 - غرف نوم  غرفتين بدورة مياه 
صاله 
مجلس 
مقلط 
مطبخ مكشوف عالصاله 
ملحق علوي 
عدد 5 دوراة مياه 
سطحين سطح خدمات وسطح جلسه 

الدور الاول مع السطح منفصل تماماً ما يربطك بالدور الارضي شي سوى الخزان العلوي ..

كهرباء - مويه - صرف  مستقله تماماً
 مرهون عالبنك 
البيع للكاش فقط",24.521602,46.663329,https://images.aqar.fm/webp/750x0/props/031126166_1761642029695.jpg | https://images.aqar.fm/webp/750x0/props/031126167_1761642029653.jpg | https://images.aqar.fm/webp/750x0/props/031126167_1761642029932.jpg,3,راشد فهد,مؤسسة راشد فهد عبدالله العجمي للعقارات,1,2025-10-28,2025-10-28,2026-08-23,2149,2026-08-23,True,"850,000",False,فيلا
6568500,https://sa.aqar.fm/فلل-للبيع/الرياض/جنوب-الرياض/حي-عكاظ/شارع-النوارس-حي-عكاظ-مدينة-الرياض-منطقة-الرياض-6568500,"فيلا للبيع في شارع النوارس, حي عكاظ, مدينة الرياض, منطقة الرياض",860000,245,5,,,0,حي عكاظ,الرياض,جنوب الرياض,"السلام عليكم ورحمة

مكتب بداية للخدمات العقارية
اقدم لكم عرض مشروع فلل 
تاون هاوس حي عكاظ مخطط العجلان 
التفاصيل // 
تتكون من مدخل سياره مجلس رجال مقلط صاله مطبخ 
الاول 4 غرف نوم 
الدور الثاني غرفتين نوم وسطح 





جميع الضمانات الازمه من كهرباء وعوازل وعليها شهاده اشراف هندسي ولعملاءنا الكرام جميع التسهيلات التمويليه والعقاريه وشهاده اتمام البناء موجوده

التواصل والاستفسار /// ((رقم المعلن يظهر عند التواصل)) 
كل حلم له بداية ، وبداية التمليك تبدأ بخطوه مع بداية جديدة 🏠🏠",24.502947,46.660557,https://images.aqar.fm/webp/750x0/props/014975832_1769771094004.jpg | https://images.aqar.fm/webp/750x0/props/014975839_1769771093817.jpg | https://images.aqar.fm/webp/750x0/props/014975830_1769771093901.jpg | https://images.aqar.fm/webp/750x0/props/014975833_1769771093910.jpg,4,مشاعل دعيرم بن جربوع العتيبي,مؤسسة مكتب بداية جديدة للخدمات العقارية,1,2026-01-30,2026-08-21,2026-08-21,621,2026-08-23,True,"860,000",False,فيلا
6835655,https://sa.aqar.fm/فلل-للبيع/الرياض/جنوب-الرياض/حي-عكاظ/شارع-حميد-الطويل-حي-عكاظ-مدينة-الرياض-منطقة-الرياض-6835655,"فيلا للبيع في شارع حميد الطويل, حي عكاظ, مدينة الرياض, منطقة الرياض",850000,233,,0,0,0,حي عكاظ,الرياض,جنوب الرياض,"للبيع فيلا دوبلكس بحي عكاظ 
العقار جديد 
درج صاله 
غرف واسعه 
ضمانات على الشغل 
حي راقي 
البيع 850 الف 
للتواصل ((الرقم يظهر عند الضغط على اتصال))",24.50956,46.646982,,,عبدالهادي سعيد,شركة عبدالهادي سعيد شبلان للخدمات العقارية,1,2026-08-22,2026-08-22,2026-08-22,10,2026-08-23,True,"850,000",False,فيلا
6576521,https://sa.aqar.fm/فلل-للبيع/الرياض/جنوب-الرياض/حي-عكاظ/شارع-محمد-بن-أبي-السعادات-حي-عكاظ-مدينة-الرياض-منطقة-الرياض-6576521,"فيلا للبيع في شارع محمد بن أبي السعادات, حي عكاظ, مدينة الرياض, منطقة الرياض",830000,271,7,5,2,0,حي عكاظ,الرياض,جنوب الرياض,"فيلا تاون هاوس مساحة 300متر
موقع ممتاز قريب للخدمات حي القمة عكاظ شارع 20شرقي
🔴 البناء على الكود السعودي الجديد مع شهادة التأمين على المبنى (تأمين التعاونية ) 
على العيوب الخفية مراحل البناء تحت إشراف الاستشاري الهندسي والمقاول معتمد لدى الهيئة السعودية ويوجد صور وفيديو  لجميع مراحل العمل 
🔴 صبات الخرسانة الجاهزة والبلك مصنع نجم الميدان (أفضل شركة) 
🔴 الزجاج شبابيك دبل جلاس 
🔴 شهادة ضمان على أعمال العزل المائي والحراري الأسقف والحمامات والمطابخ 
🔴 ضمان على أعمال السباكة من شركة تحويل + تمديدات الصرف الصحي مواسير بحريني 
🔴 ضمانات على الافياش من شركة الفنار + الكبيلات الكهربائية من الفنار  
🔴 الابواب سنديان ويوجد ضمان عليها عشر سنوات
🔴  الفيلا تتكون من
5 غرف نوم + 5 حمام +1غرفة طعام +1  مطبخ +1 غرفة مجلس +ثلاث صالات
ب850 ألف قابلة للتفاوض البسيط
🔴 مؤسس لكاميرات المراقبة والإنترنت 
🔴 بناء شخصي 
للتواصل / ((رقم المعلن يظهر عند التواصل))",24.513145,46.688968,https://images.aqar.fm/webp/750x0/props/012402412_1770227229451.jpg | https://images.aqar.fm/webp/750x0/props/012402416_1770227230113.jpg | https://images.aqar.fm/webp/750x0/props/012402414_1770227229460.jpg | https://images.aqar.fm/webp/750x0/props/012402416_1770227229456.jpg | https://images.aqar.fm/webp/750x0/props/012402414_1770227229438.jpg | https://images.aqar.fm/webp/750x0/props/012402416_1770227229430.jpg | https://images.aqar.fm/webp/750x0/props/012402412_1770227229432.jpg | https://images.aqar.fm/webp/750x0/props/012402416_1770227229814.jpg,8,ناصر فهد ناصر الشكره,مؤسسة أركان القمة للتطوير العقاري,1,2026-02-04,2026-07-29,2026-08-16,1577,2026-08-23,True,"830,000",False,فيلا
6835865,https://sa.aqar.fm/فلل-للبيع/الرياض/جنوب-الرياض/حي-عكاظ/شارع-عبدالقادر-السعدي-حي-عكاظ-مدينة-الرياض-منطقة-الرياض-6835865,"فيلا للبيع في شارع عبدالقادر السعدي, حي عكاظ, مدينة الرياض, منطقة الرياض",800000,278,7,,,0,حي عكاظ,الرياض,جنوب الرياض,"للبيع كاش أو عن طريق البنك 
فيلا تاون هاوس تمليك فاخرة 
 شغل هندسي بناء شخص 
تصميم راقي جدأ ماشاءالله 
  تشيطب ممتاز جدا
حي عكاظ(العجلان) موقع ممتاز
شارع 30متر واجهة شرقي
مساحة 300متر السعر 790الف
مدخلين رجال ونساء 
مدخل سيارة 
مجلس رجال مع دور مياه 
مقلط صالة 
مطبخ 
الدور الأول 
صالة 
غترفين نوم مع دور مياه 
غرف نوم ماستر رائسية 
الدور الثاني 
صالة كبيرة 
غترفين نوم مع دور مياه 
وسطح
تشطيب ممتاز جميع الضمانات علي 
العقار موجوده نتعامل مع جميع البنوك وشركات",24.502507,46.663237,https://images.aqar.fm/webp/750x0/props/006494403_1787419385247.jpg | https://images.aqar.fm/webp/750x0/props/006494402_1787419385156.jpg | https://images.aqar.fm/webp/750x0/props/006494407_1787419385222.jpg | https://images.aqar.fm/webp/750x0/props/006494407_1787419385339.jpg,4,نهى محمد حزام الدوسري,مؤسسة تحفة القمة للعقارات,1,2026-08-22,2026-08-22,2026-08-23,15,2026-08-23,True,"800,000",False,فيلا
6746864,https://sa.aqar.fm/فلل-للبيع/الرياض/جنوب-الرياض/حي-عكاظ/شارع-حامد-عبدالحفيظ-حي-عكاظ-مدينة-الرياض-منطقة-الرياض-6746864,"فيلا للبيع في شارع حامد عبدالحفيظ, حي عكاظ, مدينة الرياض, منطقة الرياض",880000,266,5,1,0,0,حي عكاظ,الرياض,جنوب الرياض,"🟥⬛️🟦🟧🟩🟪🟫🟨🟥🟦🟧🟩 السلام عليكم ورحمة الله وبركاته. اسعد الله اوقاتكم بكل خير عملائنا الكرام ٠ 
فرصه العمر لن تتكرر 🎊🎉
 بتدوور علي الأناقة في التصميم واستغلال المساحات 💯
 بتدور على توفير المال والمصداقية في التعامل
 ابشر باللي يطيب خاطرك 💯
 نقدم لكم تاون هاوس فاخره: 
في حي  : عكاظ ( عجلان )
 مساحة  : 315 م 
 السعر    : 880 ألف 
 واجهة    : شرقيه 
 الشارع  : 20 م 
 تشطيب سوبر سوبر لوكس
 نوفر تسديد المديونيات والدفعه الاولي 10% مجاناااااااا وبدون أي فوائد 👍👍
 نختصر عليك الوقت ولذلك نتعامل مع جميع البنوك والشركات التمويليه العقاريه مع إمكانية التحويل من بنك الي بنك اخر وتسهيل كل الامور 👍
 من الاخر هات فرشك واحنا نسلمك المفتاح👍
 مش عليك إلا ان تتواصل معنا واتس اب او اتصال. مشروع (( 6 ))",24.506975,46.668393,https://images.aqar.fm/webp/750x0/props/011167298_1782327682422.jpg | https://images.aqar.fm/webp/750x0/props/011167294_1782327682527.jpg | https://images.aqar.fm/webp/750x0/props/011167294_1782327682555.jpg | https://images.aqar.fm/webp/750x0/props/011167296_1782327682653.jpg | https://images.aqar.fm/webp/750x0/props/011167298_1782327682422.jpg | https://images.aqar.fm/webp/750x0/props/011167294_1782327682527.jpg | https://images.aqar.fm/webp/750x0/props/011167294_1782327682555.jpg | https://images.aqar.fm/webp/750x0/props/011167296_1782327682653.jpg,8,جبر لافي عوض العتيبي,مؤسسة أوائل الرياض العقارية,1,2026-06-24,2026-08-22,2026-08-23,199,2026-08-23,True,"880,000",False,فيلا
6758528,https://sa.aqar.fm/فلل-للبيع/الرياض/جنوب-الرياض/حي-عكاظ/شارع-طريق-النفود-حي-عكاظ-مدينة-الرياض-منطقة-الرياض-6758528,"فيلا للبيع في شارع طريق النفود, حي عكاظ, مدينة الرياض, منطقة الرياض",760000,300,5,5,3,0,حي عكاظ,الرياض,جنوب الرياض,"🤝 السلام عليكم ورحمه الله 🤝 اسعد الله اوقاتكم بكل خير 🧏 بيت العمر فيلا تاون هاوس ارضي للبيع 🧏

🧏الدور الاول يتكون من 🧏 
مدخل سياره خاص ،،،مجلس رجال مع دوره مياه ومغاسل ،،،مقلط،،،صاله كبيره مع مدخل نساء خاص،،،مطبخ كبير،،،دوره مياه

🧏الدور الثاني يتكون من 🧏 
صاله،،،غرفه نوم ماستر دوره مياه مستقل ،،، 2 اثنين غرفه نوم دوره مياه مشترك 

🧏الدور الثالث يتكون من🧏
صاله،،، 2 اثنين غرفه نوم دوره مياه مشترك ،،،سطح كبير


المساحه 300 متر
السعر 760الف الف قابل للتفاوض
الشارع 20 متر
الوجهه شرقيه


التعامل مع جميع البنوك
مدعوم او غير مدعوم 
نوفر لك الدفعه المقدمه مجانا....
اشراف هندسي 
✅بناء على الكود السعودي 
✅تأمين الهيكل الانشائي 10 سنوات 
✅ تأمين العزل المائي 50 سنوات 
✅ ضمان الافياش 30 سنه 
✅ضمان الاناره 10سنه",24.509433,46.67287,https://images.aqar.fm/webp/750x0/props/041683197_1783110574221.jpg | https://images.aqar.fm/webp/750x0/props/041683199_1783110574042.jpg | https://images.aqar.fm/webp/750x0/props/041683196_1783110574132.jpg | https://images.aqar.fm/webp/750x0/props/041683196_1783110574133.jpg | https://images.aqar.fm/webp/750x0/props/041683196_1783110574311.jpg | https://images.aqar.fm/webp/750x0/props/041683192_1783110574437.jpg | https://images.aqar.fm/webp/750x0/props/041683193_1783110573731.jpg | https://images.aqar.fm/webp/750x0/props/041683194_1783110573747.jpg | https://images.aqar.fm/webp/750x0/props/041683193_1783110573822.jpg | https://images.aqar.fm/webp/750x0/props/041683196_1783110573882.jpg | https://images.aqar.fm/webp/750x0/props/041683197_1783110573913.jpg | https://images.aqar.fm/webp/750x0/props/041683190_1783110573962.jpg | https://images.aqar.fm/webp/750x0/props/041683197_1783110574047.jpg | https://images.aqar.fm/webp/750x0/props/041683191_1783110573044.jpg | https://images.aqar.fm/webp/750x0/props/041683191_1783110573151.jpg | https://images.aqar.fm/webp/750x0/props/041683191_1783110573287.jpg | https://images.aqar.fm/webp/750x0/props/041683193_1783110573282.jpg | https://images.aqar.fm/webp/750x0/props/041683191_1783110573368.jpg | https://images.aqar.fm/webp/750x0/props/041683199_1783110573456.jpg | https://images.aqar.fm/webp/750x0/props/041683195_1783110573536.jpg | https://images.aqar.fm/webp/750x0/props/041683198_1783110573632.jpg | https://images.aqar.fm/webp/750x0/props/041683196_1783110573657.jpg,22,محمد جبريل,,,2026-07-03,2026-08-02,2026-08-23,158,2026-08-23,True,"760,000",False,فيلا
6571681,https://sa.aqar.fm/فلل-للبيع/الرياض/جنوب-الرياض/حي-عكاظ/شارع-فارس-الأزدى-حي-عكاظ-مدينة-الرياض-منطقة-الرياض-6571681,"فيلا للبيع في شارع فارس الأزدى, حي عكاظ, مدينة الرياض, منطقة الرياض",1100000,293,6,,,3,حي عكاظ,الرياض,جنوب الرياض,"فيلا للبيع :
4 غرف نوم ، مجلس رجال ، مقلط ، مشب ، مطبخ ومخزن ، غرفة غسيل ، غرفة خادمة ، تأسيس مصعد ، 8 دورات مياة ، مدخل سيارة ، حوش امامي وخلفي
المساحه ٢٩٣م
فيها قرض عقار ٤٣٥ الف
والبيع مليون و١٠٠ شامل القرض العقار",24.501076,46.667638,https://images.aqar.fm/webp/750x0/props/050883543_1769975401803.jpg | https://images.aqar.fm/webp/750x0/props/050883546_1769975401984.jpg,2,مشاري بن نعيم بن وصل الحنيني,مؤسسة مكتب روعة الملقا العقارية,1,2026-02-01,2026-07-26,2026-08-23,586,2026-08-23,True,"1,100,000",False,فيلا
6353395,https://sa.aqar.fm/فلل-للبيع/الرياض/جنوب-الرياض/حي-عكاظ/شارع-ابن-أبي-الفخار-حي-عكاظ-مدينة-الرياض-منطقة-الرياض-6353395,"فيلا للبيع في شارع ابن أبي الفخار, حي عكاظ, مدينة الرياض, منطقة الرياض",1425000,600,6,5,1,0,حي عكاظ,الرياض,جنوب الرياض,"فيلا للبيع في حي عكاظ مساحة ٣٠٠ م 
مكون من 
مدخل سياره 
الدور الارضي :
مجلس مع دورة مياه
صالة واسعة ودورة مياه
مطبخ
غرفة خادمة ودورة مياه

الدور الاول :
غرفة ماستر مع بلكونة 
غرفتين نوم مع دورة مياه

الدور الثاني : 
غرفة ماستر
سطح واسع

للمزيد من المعلومات يسعدنا تواصلكم على الارقام التالية 
((رقم المعلن يظهر عند التواصل))
((رقم المعلن يظهر عند التواصل))",24.502372,46.660197,https://images.aqar.fm/webp/750x0/props/030769235_1756289504989.jpg | https://images.aqar.fm/webp/750x0/props/030769230_1756289505014.jpg | https://images.aqar.fm/webp/750x0/props/030769234_1756289505016.jpg | https://images.aqar.fm/webp/750x0/props/030769230_1756289504992.jpg | https://images.aqar.fm/webp/750x0/props/030769234_1756289504988.jpg | https://images.aqar.fm/webp/750x0/props/030769239_1756289505032.jpg | https://images.aqar.fm/webp/750x0/props/030769235_1756289505030.jpg | https://images.aqar.fm/webp/750x0/props/030769232_1756289505042.jpg | https://images.aqar.fm/webp/750x0/props/030769236_1756289553676.jpg | https://images.aqar.fm/webp/750x0/props/030769236_1756289553675.jpg | https://images.aqar.fm/webp/750x0/props/030769239_1756289553682.jpg | https://images.aqar.fm/webp/750x0/props/030769236_1756289553701.jpg | https://images.aqar.fm/webp/750x0/props/030769237_1756289553717.jpg | https://images.aqar.fm/webp/750x0/props/030769236_1756289553687.jpg | https://images.aqar.fm/webp/750x0/props/030769230_1756289553685.jpg | https://images.aqar.fm/webp/750x0/props/030769237_1756289553690.jpg | https://images.aqar.fm/webp/750x0/props/030769235_1756289593225.jpg | https://images.aqar.fm/webp/750x0/props/030769230_1756289593210.jpg | https://images.aqar.fm/webp/750x0/props/030769236_1756289593212.jpg | https://images.aqar.fm/webp/750x0/props/030769239_1756289593273.jpg,20,عبدالله عبدالرحمن عبدالله بن بريك,مؤسسة مكتب عبدالله عبدالرحمن عبدالله بن بريك للخدمات العقارية,1,2025-08-27,2026-07-31,2026-08-23,1962,2026-08-23,True,"1,425,000",False,فيلا
6790952,https://sa.aqar.fm/فلل-للبيع/الرياض/جنوب-الرياض/حي-عكاظ/شارع-الصفار-الذهبي-حي-عكاظ-مدينة-الرياض-منطقة-الرياض-6790952,"فيلا للبيع في شارع الصفار الذهبي, حي عكاظ, مدينة الرياض, منطقة الرياض",740000,248,6,5,2,0,حي عكاظ,الرياض,جنوب الرياض,"حي العجلان حي متكامل كل الخدمات متوفره شوارع كبيره قريبه لدائري ولكل الجهات 
يتوفر لدينا فلل تاون هاوس اماميه وخلفيه تصميم عصري واجهات موادرن تصميم وتوزيع فخم 
حوش مدخل سياره- مجلس رجال مع دورة مياه ومغاسل - مقلط ضيافه بتصميم استقال- صاله كبيره - مطبخ - مستودع استغال مساحه 
فرق اربع غرف نوم  كلهم ماستر - صاله كبيره تخدمها دوره مياه اخرى 
كافه الضمانات من… كهرباء وسباكة عوازل حراري ومائي 
إشراف هندسي …. تامين شامل من شركة ملاذ ضد العيوب الخفيه 
نوفر الدفعه الاولى 
نوفر مبلغ فايض فوق سعر العقار الفعلي 
يوجد لدينا جميع الحلول التمويله لدى جميع البنوك والشركات 
ويوجد عروض اخرى",24.506567,46.674884,https://images.aqar.fm/webp/750x0/props/054168353_1785069401703.jpg,1,سعد بن محمد بن سعد ال غرامه,,,2026-07-26,2026-07-26,2026-08-21,107,2026-08-23,True,"740,000",False,فيلا
6669369,https://sa.aqar.fm/فلل-للبيع/الرياض/جنوب-الرياض/حي-عكاظ/شارع-عبيدالله-الهذلي-حي-عكاظ-مدينة-الرياض-منطقة-الرياض-6669369,"فيلا للبيع في شارع عبيدالله الهذلي, حي عكاظ, مدينة الرياض, منطقة الرياض",660000,154,5,,,0,حي عكاظ,الرياض,جنوب الرياض,"تاون هاوس علوي للبيع – فرصة مميزة
بحي عكاظ الفحص الدورى 

✨ تصميم عملي ومساحات مريحة
📐 المساحة: 315متر مربع
💰 السعر: 660 ألف 

تفاصيل العقار:
	•	مجلس
	•	مطبخ
	•	صالة معيشة
	•	عدد 4 دورات مياه
	•	4غرف نوم (منها غرفتين ماستر)
	•	2 سطح توفر خصوصية ومساحة إضافية للاستخدام

✅ مناسب للعائلات
✅ توزيع ذكي للمساحات
✅ تشطيب عملي

📞 للتواصل والاستفسار لا تتردد
0502516956
0530066018",24.514698,46.645373,https://images.aqar.fm/webp/750x0/props/043672400_1777135067618.jpg | https://images.aqar.fm/webp/750x0/props/043672408_1777135067160.jpg | https://images.aqar.fm/webp/750x0/props/043672402_1777135067273.jpg | https://images.aqar.fm/webp/750x0/props/043672402_1777135067331.jpg | https://images.aqar.fm/webp/750x0/props/043672405_1777135067390.jpg | https://images.aqar.fm/webp/750x0/props/043672401_1777135067445.jpg | https://images.aqar.fm/webp/750x0/props/043672401_1777135067508.jpg | https://images.aqar.fm/webp/750x0/props/043672407_1777135067619.jpg | https://images.aqar.fm/webp/750x0/props/043672403_1777135067842.jpg | https://images.aqar.fm/webp/750x0/props/043672406_1777135067843.jpg | https://images.aqar.fm/webp/750x0/props/043672404_1777135067914.jpg | https://images.aqar.fm/webp/750x0/props/043672403_1777135068041.jpg | https://images.aqar.fm/webp/750x0/props/043672400_1777135068045.jpg | https://images.aqar.fm/webp/750x0/props/043672403_1777135068063.jpg | https://images.aqar.fm/webp/750x0/props/043672406_1777135068196.jpg | https://images.aqar.fm/webp/750x0/props/043672408_1777135068464.jpg,16,منيره مناحي بن جابر ال فهاد,مؤسسة درة الانشاءات والتشييد للمقاولات العامة,1,2026-04-25,2026-08-20,2026-08-23,954,2026-08-23,True,"660,000",False,فيلا
6667129,https://sa.aqar.fm/فلل-للبيع/الرياض/جنوب-الرياض/حي-عكاظ/شارع-عاقل-بن-حبيب-حي-عكاظ-مدينة-الرياض-منطقة-الرياض-6667129,"فيلا للبيع في شارع عاقل بن حبيب, حي عكاظ, مدينة الرياض, منطقة الرياض",813000,270,5,,,4,حي عكاظ,الرياض,جنوب الرياض,"#33
دور علوي + ملحق 
مدخل سيارة الدور بعداد كهرب مستقل والشقه عداد كهرب مستقل 
‎خزان ماء مشترك 
‎الدور مدخلين يتكون من مجلس ومقلط ومطبخ وصالة وثلاث غرف نوم واربع دورات مياة المطبخ راكب وجميع الضمانات مرةوده 
‎الشقه تتكون من مجلس ومطبخ وصاله  وغرفتين ودورتين مياه 
الدور مزهون للبنك الراجحي والسداد 813 سداد مبكر 
والبيت على السوم 
‎ملاحضه الشقه مؤجرة اجار شهري 1500
‎والدور مؤجر سنوي 25000 
وللمشتري الاحقية باخراجهم او استمرارهم
الدور مرهون للبنك الراجحي والسداد المبكر 813، الف 
والبيت على السوم 
وللمشتري الاحقية باخراجهم او استمرارهم علما بان عقد اجار الشقه الاكتروني وعقد اجار الدور الاكتروني بتنتهي هاذي السنه",24.501891,46.676452,https://images.aqar.fm/webp/750x0/props/041697187_1776949070684.jpg | https://images.aqar.fm/webp/750x0/props/041697184_1776949074325.jpg | https://images.aqar.fm/webp/750x0/props/041697184_1776949078164.jpg | https://images.aqar.fm/webp/750x0/props/041697183_1776949081121.jpg | https://images.aqar.fm/webp/750x0/props/041697189_1776949084424.jpg | https://images.aqar.fm/webp/750x0/props/041697181_1776949088316.jpg | https://images.aqar.fm/webp/750x0/props/041697189_1776949090899.jpg | https://images.aqar.fm/webp/750x0/props/041697180_1776949118604.jpg,8,البندري منصور ابراهيم الوثلان,شركة شموخ العرب العقارية,1,2026-04-23,2026-08-17,2026-08-23,343,2026-08-23,True,"813,000",False,فيلا
6769210,https://sa.aqar.fm/فلل-للبيع/الرياض/جنوب-الرياض/حي-عكاظ/شارع-الناجية-حي-عكاظ-مدينة-الرياض-منطقة-الرياض-6769210,"فيلا للبيع في شارع الناجية, حي عكاظ, مدينة الرياض, منطقة الرياض",2300000,900,,0,0,11,حي عكاظ,الرياض,جنوب الرياض,فلة للبيع مساحة ٩٠٠م شارع ٢٠ م تفتح على مسجد دور وثلاث شقق,24.52899,46.661609,https://images.aqar.fm/webp/750x0/props/048096321_1783877809505.jpg | https://images.aqar.fm/webp/750x0/props/048096323_1783877809526.jpg | https://images.aqar.fm/webp/750x0/props/048096321_1786080760293.jpg,3,مطر سعيد هذال العتيبي,مكتب مفتاح المستقبل للعقارات,1,2026-07-11,2026-08-09,2026-08-20,430,2026-08-23,True,"2,300,000",False,فيلا
6661421,https://sa.aqar.fm/فلل-للبيع/الرياض/جنوب-الرياض/حي-عكاظ/شارع-أحمد-بن-فضلان-حي-عكاظ-مدينة-الرياض-منطقة-الرياض-6661421,"فيلا للبيع في شارع أحمد بن فضلان, حي عكاظ, مدينة الرياض, منطقة الرياض",840000,282,5,1,0,0,حي عكاظ,الرياض,جنوب الرياض,"تاون هاوس 3 ادوار
حى عكاظ 
شارع 20م 
السعر 880 الف امامى وخلفى 

مدخل سياره ومجلس رجال ومقلط وصاله 
الاول صاله و3 غرف منهم 1 ماستر
التانى صاله وغرفه وسطحين 

الخلفى نفس التصميم / مدخلين
لتواصل ((الرقم يظهر عند الضغط على اتصال)) ابو مكه",24.518749,46.676376,https://images.aqar.fm/webp/750x0/props/015284142_1776617887643.jpg,1,مشاعل دعيرم بن جربوع العتيبي,مؤسسة مكتب بداية جديدة للخدمات العقارية,1,2026-04-19,2026-08-15,2026-08-21,1919,2026-08-23,True,"840,000",False,فيلا
6746031,https://sa.aqar.fm/فلل-للبيع/الرياض/جنوب-الرياض/حي-عكاظ/شارع-قطب-الدين-القسطلاني-حي-عكاظ-مدينة-الرياض-منطقة-الرياض-6746031,"فيلا للبيع في شارع قطب الدين القسطلاني, حي عكاظ, مدينة الرياض, منطقة الرياض",830000,279,5,5,5,0,حي عكاظ,الرياض,جنوب الرياض,"🏡 4 فلة تاون هاوس للبيع – حي  (عكاظ)  300م
موقع مميز قريب من جميع الخدمات  
شارع 20 متر   تشطيب فاخر  (بناء شخصي)
     
مميزات البناء:
✔️ بناء مطابق للكود السعودي الجديد  
✔️ شهادة تأمين على المبنى من التعاونية ضد العيوب الخفية  
✔️ جميع مراحل البناء تحت إشراف استشاري هندسي  
✔️ المقاول معتمد لدى الهيئة السعودية للمقاولين  
✔️ صور وفيديو موثقة لجميع مراحل التنفيذ

الجودة والضمانات:
🔸 خرسانة جاهزة وبلك من مصنع نجم الميدان  
🔸 نوافذ زجاج دبل جلاس  
🔸 ضمانات على العزل المائي والحراري  ضمان 10 سنوات
🔸 ضمانات على أعمال السباكة من شركة تحويل ضمان  15 سنة
🔸 تمديدات الصرف الصحي مواسير بحريني  
🔸 أفياش وأسلاك وكيابل كهربائية من الفنار بضمان 25 سنة  
🔸 أبواب بي سي دبليو بضمان 10 سنوات

🔹 تأسيس كاميرات مراقبة وإنترنت  
🔹 بناء شخصي
للتواصل ((الرقم يظهر عند الضغط على اتصال))",24.513477,46.687748,https://images.aqar.fm/webp/750x0/props/012402418_1782297059502.jpg | https://images.aqar.fm/webp/750x0/props/012402417_1782297059504.jpg | https://images.aqar.fm/webp/750x0/props/012402417_1782297059501.jpg | https://images.aqar.fm/webp/750x0/props/012402411_1782297059504.jpg | https://images.aqar.fm/webp/750x0/props/012402414_1782297059489.jpg | https://images.aqar.fm/webp/750x0/props/012402412_1782297059506.jpg | https://images.aqar.fm/webp/750x0/props/012402418_1782297059489.jpg | https://images.aqar.fm/webp/750x0/props/012402416_1782297059510.jpg,8,ناصر فهد ناصر الشكره,مؤسسة أركان القمة للتطوير العقاري,1,2026-06-24,2026-08-21,2026-08-21,589,2026-08-23,True,"830,000",False,فيلا
6653043,https://sa.aqar.fm/فلل-للبيع/الرياض/جنوب-الرياض/حي-عكاظ/شارع-يعقوب-بن-أبي-الفضل-حي-عكاظ-مدينة-الرياض-منطقة-الرياض-6653043,"فيلا للبيع في شارع يعقوب بن أبي الفضل, حي عكاظ, مدينة الرياض, منطقة الرياض",720000,264,5,5,3,0,حي عكاظ,الرياض,جنوب الرياض,"كود   (10)
تاون هاوس بحي عكاظ مخطط العجلان
السلام عليكم ورحمة الله وبركاته 
اسعد الله أوقاتكم بالخير 
تاون هاوس امامي وخلفي مساحه 300 م 
يوجد ع شارع 20م سعرها 750 ألف
وع شارع 15م سعرها 720 ألف 
يوجد عليها جميع الضمانات 
كما يوجد لدينا جميع الحلول التمويلية والتعامل مع جميع البنوك وشركات التمويل الخاصة",24.505508,46.671847,https://images.aqar.fm/webp/750x0/props/046034982_1776084062116.jpg | https://images.aqar.fm/webp/750x0/props/046034987_1776084109760.jpg | https://images.aqar.fm/webp/750x0/props/046034980_1776084109773.jpg | https://images.aqar.fm/webp/750x0/props/046034985_1776084109789.jpg | https://images.aqar.fm/webp/750x0/props/046034987_1776084109774.jpg | https://images.aqar.fm/webp/750x0/props/046034987_1776084109772.jpg | https://images.aqar.fm/webp/750x0/props/046034986_1776084109773.jpg | https://images.aqar.fm/webp/750x0/props/046034981_1776084109777.jpg | https://images.aqar.fm/webp/750x0/props/046034987_1776084109773.jpg | https://images.aqar.fm/webp/750x0/props/046034981_1776084128588.jpg | https://images.aqar.fm/webp/750x0/props/046034989_1776084128582.jpg | https://images.aqar.fm/webp/750x0/props/046034986_1776084128587.jpg | https://images.aqar.fm/webp/750x0/props/046034986_1776084128584.jpg | https://images.aqar.fm/webp/750x0/props/046034984_1776084128587.jpg | https://images.aqar.fm/webp/750x0/props/046034981_1776084128594.jpg | https://images.aqar.fm/webp/750x0/props/046034985_1776084128585.jpg | https://images.aqar.fm/webp/750x0/props/046034985_1776084128584.jpg | https://images.aqar.fm/webp/750x0/props/046034986_1776084141266.jpg | https://images.aqar.fm/webp/750x0/props/046034987_1776084141253.jpg | https://images.aqar.fm/webp/750x0/props/046034986_1776084141249.jpg | https://images.aqar.fm/webp/750x0/props/046034986_1776084141261.jpg | https://images.aqar.fm/webp/750x0/props/046034984_1776084141259.jpg | https://images.aqar.fm/webp/750x0/props/046034988_1776084141262.jpg,23,وضحى ناشي عفار العتيبي,مؤسسة زوايا الإبداع للتطوير العقاري,1,2026-04-13,2026-07-09,2026-08-10,645,2026-08-23,True,"720,000",False,فيلا
6750125,https://sa.aqar.fm/فلل-للبيع/الرياض/جنوب-الرياض/حي-عكاظ/شارع-ابن-الطيلسان-القرطبي-حي-عكاظ-مدينة-الرياض-منطقة-الرياض-6750125,"فيلا للبيع في شارع ابن الطيلسان القرطبي, حي عكاظ, مدينة الرياض, منطقة الرياض",770000,840,5,0,0,0,حي عكاظ,الرياض,جنوب الرياض,"🏡 للبيع تاون هاوس فاخر – جنوب الرياض | حي الشفاء (عجلان)

✨ متوفر نموذجان:
🔹 خلفي: 5 غرف ماستر – 770,000 ريال
🔹 أمامي: 6 غرف ماستر – 850,000 ريال

📐 المواصفات:

* الموقع: جنوب الرياض – حي الشفاء (عجلان)
* أمام جامع مباشرة
* المساحة: 315 م²
* مسطح البناء: 235 م²
* واجهة شرقية
* ثلاث أدوار بتصميم عصري
* مجلس
* صالة طعام
* صالة معيشة
* مطبخ
* جميع الغرف ماستر
* جميع الضمانات متوفرة
* خدمة الألياف البصرية
* حلول تمويلية ميسرة لجميع البنوك والشركات التمويلية

✨ موقع مميز يجمع بين هدوء السكن وسهولة الوصول إلى الخدمات، مع تشطيبات عالية الجودة وتصميم يلبي احتياجات الأسرة.

📞 للتواصل والاستفسار وحجز موعد للمعاينة، يرجى التواصل.",24.506319,46.673487,https://images.aqar.fm/webp/750x0/props/050219317_1782582305459.jpg | https://images.aqar.fm/webp/750x0/props/050219318_1782582305526.jpg | https://images.aqar.fm/webp/750x0/props/050219314_1782582305515.jpg | https://images.aqar.fm/webp/750x0/props/050219317_1782582305514.jpg | https://images.aqar.fm/webp/750x0/props/050219310_1782582305570.jpg | https://images.aqar.fm/webp/750x0/props/050219315_1782582305578.jpg | https://images.aqar.fm/webp/750x0/props/050219317_1782582305574.jpg | https://images.aqar.fm/webp/750x0/props/050219317_1782582305579.jpg,8,سالم المجادعه,,,2026-06-27,2026-07-27,2026-08-10,280,2026-08-23,True,"770,000",False,فيلا
6521290,https://sa.aqar.fm/فلل-للبيع/الرياض/جنوب-الرياض/حي-عكاظ/شارع-عبدالله-البسام-حي-عكاظ-مدينة-الرياض-منطقة-الرياض-6521290,"فيلا للبيع في شارع عبدالله البسام, حي عكاظ, مدينة الرياض, منطقة الرياض",1150000,300,,,,3,حي عكاظ,الرياض,جنوب الرياض,"فله للبيع بحي عكاض 
جنوب الرياض
مساحة 300 م 
فله خاصه 
سبب البيع نقل خارج المنطقه

دور ارضي 
مشب خارجي مع دورة مياه وحوش 
مجلس ومقلط رجال ومغاسل 
مجلس نساء وصاله ومطبخ ومستودع 
درج صاله 
دور اول ٤ غرف نوم وصاله 

ملحق غرفة غسيل وغرفه وصاله وسطح

السعر
مليون و٢٥٠ الف 
يوجد رهن للاهلي مليون و١٠٠ تقريباً",24.499576,46.664805,https://images.aqar.fm/webp/750x0/props/023749102_1766676946681.jpg,1,فارس مريزيق بن حضيرم السلمي,,,2025-12-25,2025-12-25,2026-08-23,721,2026-08-23,True,"1,150,000",False,فيلا
6721592,https://sa.aqar.fm/فلل-للبيع/الرياض/جنوب-الرياض/حي-عكاظ/شارع-حميد-الطويل-حي-عكاظ-مدينة-الرياض-منطقة-الرياض-6721592,"فيلا للبيع في شارع حميد الطويل, حي عكاظ, مدينة الرياض, منطقة الرياض",1400000,240,5,4,1,0,حي عكاظ,الرياض,جنوب الرياض,"🏡 رقم العرض: 3022

فيلا للبيع – الرياض | حي عكاظ

✨ فيلا جديدة مع العديد من الإضافات والتحسينات الحديثة.

مكونات العقار

الدور الأرضي:

- مدخل سيارة.
- حوش خارجي.
- مستودع خارجي.
- مدخل رجال مستقل.
- مدخل نساء مستقل.
- مجلس رجال.
- مقلط.
- صالة.
- مطبخ.
- غرفة.
- دورتا مياه.
- غرفة غسيل خارجية (تم تحويلها من دورة مياه).
- ارتداد خارجي على الصالة.
- درج داخلي.

الدور الأول:

- غرفتا نوم.
- غرفة ماستر مع دورة مياه وبلكونة.
- غرفة نوم بدورة مياه خارجية.

الدور الثاني:

- سطح.
مرهون ب مليون و 200 الف
المميزات

- ✅ الفيلا جديدة.
- ✅ تم تغيير جميع الإضاءات.
- ✅ استبدال الأبواب بأبواب WPC.
- ✅ تركيب نظام إنتركم لكامل المنزل.
- ✅ تركيب كاميرات مراقبة خارجية.
- ✅ تركيب شتر لجميع النوافذ.
- ✅ تجديد دهانات المنزل بالكامل.",24.512747,46.642875,https://images.aqar.fm/webp/750x0/props/044193086_1780770915898.jpg | https://images.aqar.fm/webp/750x0/props/044193084_1780770915941.jpg | https://images.aqar.fm/webp/750x0/props/044193084_1780770915943.jpg | https://images.aqar.fm/webp/750x0/props/044193082_1780770915998.jpg | https://images.aqar.fm/webp/750x0/props/044193087_1780770915936.jpg | https://images.aqar.fm/webp/750x0/props/044193085_1780770915992.jpg | https://images.aqar.fm/webp/750x0/props/044193087_1783996270865.jpg | https://images.aqar.fm/webp/750x0/props/044193085_1783996270854.jpg,8,صالح بن مسعد بن عبداللطيف الحربي,شركة ديار فيو للخدمات العقارية,1,2026-06-06,2026-08-04,2026-08-17,308,2026-08-23,True,"1,400,000",False,فيلا
6602026,https://sa.aqar.fm/فلل-للبيع/الرياض/جنوب-الرياض/حي-عكاظ/شارع-علي-بن-نصر-الحلي-حي-عكاظ-مدينة-الرياض-منطقة-الرياض-6602026,"فيلا للبيع في شارع علي بن نصر الحلي, حي عكاظ, مدينة الرياض, منطقة الرياض",1228310,250,4,,,7,حي عكاظ,الرياض,جنوب الرياض,فيلا في حي عكاظ                                                               .,24.517954,46.678243,,,مشرف بن احمد بن سعيد الغامدي,شركة عقار ون للعقار,1,2026-02-23,2026-08-17,2026-08-17,446,2026-08-23,True,"1,228,310",False,فيلا
6788714,https://sa.aqar.fm/فلل-للبيع/الرياض/جنوب-الرياض/حي-عكاظ/شارع-قطب-الدين-القسطلاني-حي-عكاظ-مدينة-الرياض-منطقة-الرياض-6788714,"فيلا للبيع في شارع قطب الدين القسطلاني, حي عكاظ, مدينة الرياض, منطقة الرياض",1350000,325,7,5,4,6,حي عكاظ,الرياض,جنوب الرياض,فله دبلكس مساحه 325 شرقيه شارع 20 في قمه عكاظ موقع ممتاز قريب من خدمات مكونه من مدخل سياره كبير ملحق خارجي مشب مع دوره مياه خاصه فيه شلال مجلس رجال مع دورات مياه مقلط صاله كبيره مطبخ مسبح خلفي الدور العلوي اربع غرف نوم مع صاله وفي السطح غرفه مع حمام وغرفه غسيل المطبخ راكب وجاهز مع 6 مكيفات راكبه عمر لعقار 6 سنوات عليه جميع الضمانات,24.512482,46.688386,https://images.aqar.fm/webp/750x0/props/005951177_1785100100921.jpg | https://images.aqar.fm/webp/750x0/props/005951171_1785100159372.jpg | https://images.aqar.fm/webp/750x0/props/005951179_1785100159373.jpg | https://images.aqar.fm/webp/750x0/props/005951173_1785100159390.jpg | https://images.aqar.fm/webp/750x0/props/005951173_1785100159402.jpg | https://images.aqar.fm/webp/750x0/props/005951179_1785100159391.jpg | https://images.aqar.fm/webp/750x0/props/005951179_1785100159393.jpg | https://images.aqar.fm/webp/750x0/props/005951179_1785100159400.jpg | https://images.aqar.fm/webp/750x0/props/005951179_1785100159395.jpg | https://images.aqar.fm/webp/750x0/props/005951172_1785100185209.jpg | https://images.aqar.fm/webp/750x0/props/005951179_1785100185226.jpg | https://images.aqar.fm/webp/750x0/props/005951179_1785100185236.jpg | https://images.aqar.fm/webp/750x0/props/005951172_1785100185216.jpg | https://images.aqar.fm/webp/750x0/props/005951173_1785100185227.jpg,14,عبدالله بن مطلق بن فواز السبيعي,,,2026-07-24,2026-07-24,2026-08-23,312,2026-08-23,True,"1,350,000",False,فيلا
6652897,https://sa.aqar.fm/فلل-للبيع/الرياض/جنوب-الرياض/حي-عكاظ/شارع-الكافور-حي-عريض-الرياض-منطقة-الرياض-6652897,"فيلا للبيع في شارع عمر باجنيد, حي عكاظ, مدينة الرياض, منطقة الرياض",1500000,300,5,4,2,0,حي عكاظ,الرياض,جنوب الرياض,"فله دبلوكس  من مشروع السليمان العقاريه للبيع من المالك  للسكن أو الاستثمار يوجد بها مستاجر  مكيفات راكبه 
موقع مميز من جميع الخدمات
قابل للتفاوض",24.497597,46.660915,https://images.aqar.fm/webp/750x0/props/009136230_1777349221993.jpg | https://images.aqar.fm/webp/750x0/props/009136239_1777349254963.jpg | https://images.aqar.fm/webp/750x0/props/009136232_1777349254971.jpg | https://images.aqar.fm/webp/750x0/props/009136237_1777349254967.jpg | https://images.aqar.fm/webp/750x0/props/009136235_1777349254970.jpg | https://images.aqar.fm/webp/750x0/props/009136238_1777349254968.jpg | https://images.aqar.fm/webp/750x0/props/009136232_1777349254968.jpg | https://images.aqar.fm/webp/750x0/props/009136238_1777349254975.jpg | https://images.aqar.fm/webp/750x0/props/009136234_1777349254974.jpg | https://images.aqar.fm/webp/750x0/props/009136233_1777349277688.jpg | https://images.aqar.fm/webp/750x0/props/009136239_1777349277695.jpg | https://images.aqar.fm/webp/750x0/props/009136236_1777349277698.jpg | https://images.aqar.fm/webp/750x0/props/009136239_1777349277702.jpg | https://images.aqar.fm/webp/750x0/props/009136238_1777349277693.jpg | https://images.aqar.fm/webp/750x0/props/009136238_1777349277700.jpg | https://images.aqar.fm/webp/750x0/props/009136235_1777349277697.jpg | https://images.aqar.fm/webp/750x0/props/009136230_1777349277700.jpg | https://images.aqar.fm/webp/750x0/props/009136237_1777349295381.jpg,18,سها عبدالله,,,2026-04-13,2026-05-21,2026-08-23,466,2026-08-23,True,"1,500,000",False,فيلا
6715305,https://sa.aqar.fm/فلل-للبيع/الرياض/جنوب-الرياض/حي-عكاظ/شارع-لقاح-حي-عكاظ-مدينة-الرياض-منطقة-الرياض-6715305,"فيلا للبيع في شارع لقاح, حي عكاظ, مدينة الرياض, منطقة الرياض",1000000,268,5,0,0,4,حي عكاظ,الرياض,جنوب الرياض,"السلام عليكم ورحمة الله وبركاته 

للبيع فلة دبلكس عكاظ العجلان 
فلة واجهة شمالية 
مساحة ٢٦٩
الشارع ٢٨ 
مقابل مرافق
مشب خارجي
مجلس رجال دورة مياه
صالة طعام 
صالة
مجلس نساء 
دورة مياه
مطبخ
الدور الاول 
٤ غرف نوم اثنتان ماستر واثنتان تخدمهما دورة مياه 
الدور الثاني 
غرفة مع دورة مياه وسطح
العمر ٤ سنوات 
فاضية ويمكن المعاينة اي وقت
السوم ٩٣٠ ألف 

البيع مليون 
قابل للتفاوض للجاد 


حرة وتقبل البنك والكاش",24.503827,46.672464,https://images.aqar.fm/webp/750x0/props/035252757_1780343164733.jpg,1,مريم بنت احمد محمد مرير,,,2026-06-01,2026-06-01,2026-06-27,116,2026-08-23,True,"1,000,000",False,فيلا
6772909,https://sa.aqar.fm/فلل-للبيع/الرياض/جنوب-الرياض/حي-عكاظ/حي-عكاظ-مدينة-الرياض-منطقة-الرياض-6772909,"فيلا للبيع في حي عكاظ, مدينة الرياض, منطقة الرياض",780000,266,7,,,0,حي عكاظ,الرياض,جنوب الرياض,"للبيع فيلا تاون هاوس 
تتكون من 
مجلس مع دورة مياه 
مقلط 
صالة 
مطبخ 
1 غرفة نوم ماستر بحمام لحالها 
درج صالة 
تطلع فوق تحصل 
1 غرفة نوم 
1 غرفة نوم
تطلع فوق تحصل 
1 غرفة نوم 
سطح",24.510291,46.644186,,,سلطان عبدالله عايض البقمي,مؤسسة بهجة التطوير,1,2026-07-14,2026-08-12,2026-08-23,140,2026-08-23,True,"780,000",False,فيلا
6510030,https://sa.aqar.fm/فلل-للبيع/الرياض/جنوب-الرياض/حي-عكاظ/شارع-ابن-أبي-الفخار-حي-عكاظ-مدينة-الرياض-منطقة-الرياض-6510030,"فيلا للبيع في شارع ابن أبي الفخار, حي عكاظ, مدينة الرياض, منطقة الرياض",600000,306,4,,,0,حي عكاظ,الرياض,جنوب الرياض,"فلل تاون هاوس 
حي سما عكاظ 
المساحه 325 متر
الوجهة شرقيه
سعر الارضي 850 الف 
سعر العلوي 600 الف
$$$&&#@
تفاصيل الأرضي
مشب و مجلس وصاله ومطبخ وغرفة نوم
وثلاث غرف نوم وصالة
#########
تفاصيل الفيلا من الداخل
مدخل سياره
الدور الاول مدخلين رجال و نساء
مجلس رجال مع مغاسل وصالة ومطبخ
الدور العلوي
غرفتين نوم بحمام مشترك وغرفة نوم ماستر
وصاله وسطح

لتواصل
((رقم المعلن يظهر عند التواصل))",24.502114,46.660705,https://images.aqar.fm/webp/750x0/props/028395352_1765955452095.jpg | https://images.aqar.fm/webp/750x0/props/028395352_1765955451952.jpg | https://images.aqar.fm/webp/750x0/props/028395353_1765955452090.jpg,3,تماني بنت عقيل بن فارس العنزي,مكتب مساكن المهلهل,1,2025-12-17,2025-12-17,2026-08-22,5309,2026-08-23,True,"600,000",False,فيلا
6539951,https://sa.aqar.fm/فلل-للبيع/الرياض/جنوب-الرياض/حي-عكاظ/شارع-الصفار-الذهبي-حي-عكاظ-مدينة-الرياض-منطقة-الرياض-6539951,"فيلا للبيع في شارع الصفار الذهبي, حي عكاظ, مدينة الرياض, منطقة الرياض",995000,167,4,,,5,حي عكاظ,الرياض,جنوب الرياض,"فيلا تاون هاوس في حي عكاظ
مؤجرة بقيمة ٤٠٠٠٠ ريال
عمرها خمس سنوات 
البيع ٩٩٠٠٠٠ ريال
العقار مرهون لدى بنك الراجحي",24.501432,46.674122,,,مطلق بن سعود بن محمد السهلي,مؤسسة مكتب قمة النجاح للخدمات العقارية,1,2026-01-09,2026-06-26,2026-08-07,182,2026-08-23,True,"995,000",False,فيلا
6405342,https://sa.aqar.fm/فلل-للبيع/الرياض/جنوب-الرياض/حي-عكاظ/شارع-محمد-الجمدي-حي-عكاظ-مدينة-الرياض-منطقة-الرياض-6405342,"فيلا للبيع في شارع محمد الجمدي, حي عكاظ, مدينة الرياض, منطقة الرياض",1100000,411,5,,,0,حي عكاظ,الرياض,جنوب الرياض,"عملائنا الكرام اسعد الله اوقاتكم بالخير والبركات 🤍 
نقدم لكم  
فيلا دوبلكس 
تتميز المشروع بتصاميم معمارية حديثة وانيقة تجمع بين الجمالية والوظيفية 
مريحة وجذابة 
مساحات متنوعة
يقع الدور في موقع مميز يوفر سهولة الوصول الي المسجد  والمرافق الحيوية مثل المدارس المستشفيات مراكز التسويق مما يجعل الحياة اليومية اكثر سهولة وراحة 
تصاميم عصرية تامين ملاذ ضمان ٢٥ عام",24.524334,46.655802,https://images.aqar.fm/webp/750x0/props/048288794_1759252411296.jpg | https://images.aqar.fm/webp/750x0/props/048288797_1759252410782.jpg | https://images.aqar.fm/webp/750x0/props/048288794_1759252410791.jpg | https://images.aqar.fm/webp/750x0/props/048288791_1759252411048.jpg | https://images.aqar.fm/webp/750x0/props/048288798_1759252411308.jpg | https://images.aqar.fm/webp/750x0/props/048288790_1759252411316.jpg | https://images.aqar.fm/webp/750x0/props/048288790_1759252411302.jpg | https://images.aqar.fm/webp/750x0/props/048288795_1759252411495.jpg | https://images.aqar.fm/webp/750x0/props/048288790_1759252411644.jpg | https://images.aqar.fm/webp/750x0/props/048288795_1759252411783.jpg | https://images.aqar.fm/webp/750x0/props/048288797_1759252412069.jpg | https://images.aqar.fm/webp/750x0/props/048288798_1759252412384.jpg,12,منيره خالد مقبل القحطاني,مؤسسة البداية الصحيحة للخدمات العقارية,1,2025-09-30,2025-09-30,2026-08-09,3871,2026-08-23,True,"1,100,000",False,فيلا
6382977,https://sa.aqar.fm/فلل-للبيع/الرياض/جنوب-الرياض/حي-عكاظ/شارع-خيمر-حي-عكاظ-مدينة-الرياض-منطقة-الرياض-6382977,"فيلا للبيع في شارع خيمر, حي عكاظ, مدينة الرياض, منطقة الرياض",750000,252,5,1,1,0,حي عكاظ,الرياض,جنوب الرياض,"عملائنا الكرام اسعد الله اوقاتكم بالخير والبركات 🤍 
نقدم لكم  فيلا تاون هاوس 
تتميز المشروع بتصاميم معمارية حديثة وانيقة تجمع بين الجمالية والوظيفية 
مريحة وجذابة 
لتواصل/((رقم المعلن يظهر عند التواصل))
مساحات متنوعة
يقع الدور في موقع مميز يوفر سهولة الوصول الي المسجد  والمرافق الحيوية مثل المدارس المستشفيات مراكز التسويق مما يجعل الحياة اليومية اكثر سهولة وراحة 
تصاميم عصرية تامين ملاذ ضمان ٢٥ عام",24.505821,46.670015,https://images.aqar.fm/webp/750x0/props/041808385_1757938729124.jpg | https://images.aqar.fm/webp/750x0/props/041808382_1757938720746.jpg | https://images.aqar.fm/webp/750x0/props/041808387_1757938720879.jpg | https://images.aqar.fm/webp/750x0/props/041808381_1757938721501.jpg | https://images.aqar.fm/webp/750x0/props/041808382_1757938722560.jpg | https://images.aqar.fm/webp/750x0/props/041808383_1757938723607.jpg | https://images.aqar.fm/webp/750x0/props/041808385_1757938724546.jpg | https://images.aqar.fm/webp/750x0/props/041808382_1757938725144.jpg | https://images.aqar.fm/webp/750x0/props/041808381_1757938725743.jpg | https://images.aqar.fm/webp/750x0/props/041808381_1757938726333.jpg | https://images.aqar.fm/webp/750x0/props/041808383_1757938726912.jpg | https://images.aqar.fm/webp/750x0/props/041808387_1757938727530.jpg | https://images.aqar.fm/webp/750x0/props/041808387_1757938728044.jpg | https://images.aqar.fm/webp/750x0/props/041808382_1757938728633.jpg | https://images.aqar.fm/webp/750x0/props/041808381_1757938730121.jpg | https://images.aqar.fm/webp/750x0/props/041808384_1757938730648.jpg | https://images.aqar.fm/webp/750x0/props/041808388_1757938731120.jpg | https://images.aqar.fm/webp/750x0/props/041808386_1757938731772.jpg,18,منيره خالد مقبل القحطاني,مؤسسة البداية الصحيحة للخدمات العقارية,1,2025-09-15,2025-09-15,2026-07-11,401,2026-08-23,True,"750,000",False,فيلا
6804347,https://sa.aqar.fm/فلل-للبيع/الرياض/جنوب-الرياض/حي-عكاظ/شارع-رضي-الدين-الحنبلي-حي-عكاظ-الرياض-منطقة-الرياض-6804347,فيلا للبيع في شارع رضي الدين الحنبلي ، حي عكاظ ، الرياض ، منطقة الرياض,5,300,6,5,3,4,حي عكاظ,الرياض,جنوب الرياض,-,24.502064,46.684258,https://images.aqar.fm/webp/750x0/props/028003082_1785780615206.jpg,1,عبدالله فضاء ابراهيم السبيعي,,,2026-08-03,,2026-08-03,18,2026-08-23,False,طلب تسويق,False,فيلا
6517144,https://sa.aqar.fm/فلل-للبيع/الرياض/جنوب-الرياض/حي-عكاظ/شارع-الفاخرة-حي-عكاظ-مدينة-الرياض-منطقة-الرياض-6517144,"فيلا للبيع في شارع الفاخرة, حي عكاظ, مدينة الرياض, منطقة الرياض",1300000,315,,,,2,حي عكاظ,الرياض,جنوب الرياض,"الدور الارضي 
صالتين 
مجلس 
مقلط 
مطبخ
 ٢حمام 
ملحق خارجي ودوره مياه

الدور الاول 
4 غرف نوم  ثنتين منها ماستر
3 دورات مياه

الدور الثالث
 غرفه 
 دوره مياه 
غرفه غسيل 
سطحين",24.516675,46.665003,https://images.aqar.fm/webp/750x0/props/042480339_1766423481021.jpg | https://images.aqar.fm/webp/750x0/props/042480336_1766423499207.jpg | https://images.aqar.fm/webp/750x0/props/042480338_1766423499206.jpg | https://images.aqar.fm/webp/750x0/props/042480334_1766423499206.jpg | https://images.aqar.fm/webp/750x0/props/042480333_1766423499204.jpg | https://images.aqar.fm/webp/750x0/props/042480336_1766423499202.jpg | https://images.aqar.fm/webp/750x0/props/042480337_1766423499206.jpg | https://images.aqar.fm/webp/750x0/props/042480339_1766423499206.jpg | https://images.aqar.fm/webp/750x0/props/042480336_1766423499212.jpg | https://images.aqar.fm/webp/750x0/props/042480336_1766423499214.jpg | https://images.aqar.fm/webp/750x0/props/042480336_1766423499210.jpg | https://images.aqar.fm/webp/750x0/props/042480336_1766423499243.jpg | https://images.aqar.fm/webp/750x0/props/042480335_1766423499205.jpg | https://images.aqar.fm/webp/750x0/props/042480334_1766423499243.jpg | https://images.aqar.fm/webp/750x0/props/042480333_1766423499244.jpg,15,عبدالاله عبدالعزيز عبدالله بن عون,,,2025-12-22,2025-12-22,2026-06-19,985,2026-08-23,True,"1,300,000",False,فيلا
6694517,https://sa.aqar.fm/فلل-للبيع/الرياض/جنوب-الرياض/حي-عكاظ/شارع-جان-السليماني-حي-عكاظ-مدينة-الرياض-منطقة-الرياض-6694517,"فيلا للبيع في شارع جان السليماني, حي عكاظ, مدينة الرياض, منطقة الرياض",1700000,375,,5,2,4,حي عكاظ,الرياض,جنوب الرياض,"للبيـع فيلا حي عكاظ مع شقه 
بالاثاث 
🔴 يوجد تفاوض ف السعر عرض🌴 
🔴🔴🔴🔴🔴🔴🔴🔴🔴🔴🔴🔴
المساحة 375م
الشارع  15م ساكني 
الواجهة شمالية 
عمر العقار 4سنوات 
حره تقبل الكاش والبنك 
حد المالك مليون و700الف🎁 بدون الاثاث
قابل للتفاوض  للصامل 
التفاصيل 📥 📥 📥 
الدورالارضي عباره عن 
مشب مع دوره مياة أكرمكم الله 
+مجلس رجال بدوره مياه +
مقلط +صالتين استقبال +
غرفه كبار سن مع دوره مياه+
مطبخ +مستودع +حوش كبير
الدور العلوي 📥
غرفه ماستر مع غرفه ملابس ودوره مياه +غرفه ودوره مياه
📥
شقه/ثلاث غرف مع صاله ومطبخ حمامين
شقه /مؤسس
مدخل خاص للشقق
غرفه سايق وحمامها

التواصل مؤسسة الأعمار الذكية
يلزم موعد مسبق لزيارة الفيلا لان الفيلا ساكنه 
((الرقم يظهر عند الضغط على اتصال)) واتساب",24.503192,46.672711,https://images.aqar.fm/webp/750x0/props/037868743_1778611623064.jpg | https://images.aqar.fm/webp/750x0/props/037868747_1778611622346.jpg | https://images.aqar.fm/webp/750x0/props/037868744_1778611622404.jpg | https://images.aqar.fm/webp/750x0/props/037868744_1778611622348.jpg | https://images.aqar.fm/webp/750x0/props/037868741_1778611622354.jpg | https://images.aqar.fm/webp/750x0/props/037868743_1778611623055.jpg | https://images.aqar.fm/webp/750x0/props/037868741_1778611623463.jpg | https://images.aqar.fm/webp/750x0/props/037868743_1778611623064.jpg | https://images.aqar.fm/webp/750x0/props/037868747_1778611622346.jpg | https://images.aqar.fm/webp/750x0/props/037868744_1778611622404.jpg | https://images.aqar.fm/webp/750x0/props/037868744_1778611622348.jpg | https://images.aqar.fm/webp/750x0/props/037868741_1778611622354.jpg | https://images.aqar.fm/webp/750x0/props/037868743_1778611623055.jpg | https://images.aqar.fm/webp/750x0/props/037868741_1778611623463.jpg,14,عبدالله بن حمد بن عبدالله العامر,مؤسسة الإعمار الذكيه للخدمات العقارية,1,2026-05-12,2026-08-08,2026-08-23,126,2026-08-23,True,"1,700,000",False,فيلا
6510328,https://sa.aqar.fm/فلل-للبيع/الرياض/جنوب-الرياض/حي-عكاظ/شارع-رشيد-الليلا-حي-عكاظ-مدينة-الرياض-منطقة-الرياض-6510328,"فيلا للبيع في شارع رشيد الليلا, حي عكاظ, مدينة الرياض, منطقة الرياض",680000,181,6,,,0,حي عكاظ,الرياض,جنوب الرياض,"السلام عليكم ورحمة الله وبركاته 

للبيع فيلا تاون هاوس علوي 
المساحه 300 م 
السعر  680 ألف 
الشارع 20 م 
الوجهه شرقيه 
قريبه جدا من الخدمات 

تفاصيل الفيلا @@@ 

مدخل سياره 
الدور مدخلين 
مدخل رجال + مدخل نساء 
مجلس رجال بحمام ومغاسل 
مقلط 
صاله 
مطبخ 
٣ غرف نوم منهم غرفة ماستر 
٢ سطح 
جميع الضمانات علي السباكه والكهرباء 


يوجد لدينا عروض اخري بمساحات أكبر وأسعار مختلفه بجميع الأحياء 

يوجد لدينا سداد المديونية بدون نسبه سداد 

نتعامل مع جميع البنوك والشركات الخاصه والحكومية 

للتواصل / ((رقم المعلن يظهر عند التواصل))",24.513148,46.643381,https://images.aqar.fm/webp/750x0/props/047640547_1765970623694.jpg | https://images.aqar.fm/webp/750x0/props/047640546_1765970623325.jpg | https://images.aqar.fm/webp/750x0/props/047640544_1765970623881.jpg | https://images.aqar.fm/webp/750x0/props/047640542_1765970623884.jpg | https://images.aqar.fm/webp/750x0/props/047640541_1765970624031.jpg | https://images.aqar.fm/webp/750x0/props/047640548_1765970626836.jpg | https://images.aqar.fm/webp/750x0/props/047640549_1765970626988.jpg | https://images.aqar.fm/webp/750x0/props/047640546_1765970626978.jpg | https://images.aqar.fm/webp/750x0/props/047640542_1765970626989.jpg | https://images.aqar.fm/webp/750x0/props/047640540_1765970626989.jpg | https://images.aqar.fm/webp/750x0/props/047640543_1765970628462.jpg | https://images.aqar.fm/webp/750x0/props/047640546_1765970628630.jpg | https://images.aqar.fm/webp/750x0/props/047640546_1765970628626.jpg | https://images.aqar.fm/webp/750x0/props/047640545_1765970628746.jpg | https://images.aqar.fm/webp/750x0/props/047640544_1765970628625.jpg | https://images.aqar.fm/webp/750x0/props/047640542_1765970628765.jpg | https://images.aqar.fm/webp/750x0/props/047640544_1765970628916.jpg,17,تماني بنت عقيل بن فارس العنزي,مكتب مساكن المهلهل,1,2025-12-17,2025-12-17,2026-08-23,780,2026-08-23,True,"680,000",False,فيلا
6734074,https://sa.aqar.fm/فلل-للبيع/الرياض/جنوب-الرياض/حي-عكاظ/شارع-سعيد-الماجد-حي-عكاظ-مدينة-الرياض-منطقة-الرياض-6734074,"فيلا للبيع في شارع سعيد الماجد, حي عكاظ, مدينة الرياض, منطقة الرياض",1200000,300,4,0,0,8,حي عكاظ,الرياض,جنوب الرياض,"الدور الارضي مجلس ومقلط وصالتين ومطبخ وحمامين 
ودرج داخلي
الدور الاول اربع غرف غرفتين ماستر وغرفتين حمام مشترك وصاله 
الدور الثاني غرفه شغال ماستر وغرفه غسيل
في شقه في سطحه باقي له تشطيب",24.520078,46.654358,https://images.aqar.fm/webp/750x0/props/033115543_1781538119025.jpg | https://images.aqar.fm/webp/750x0/props/033115549_1781538118935.jpg | https://images.aqar.fm/webp/750x0/props/033115541_1781538118936.jpg | https://images.aqar.fm/webp/750x0/props/033115541_1781538119053.jpg | https://images.aqar.fm/webp/750x0/props/033115542_1781538118986.jpg | https://images.aqar.fm/webp/750x0/props/033115540_1781538118904.jpg | https://images.aqar.fm/webp/750x0/props/033115540_1781538119018.jpg | https://images.aqar.fm/webp/750x0/props/033115542_1781538119018.jpg,8,فيصل راشد,,,2026-06-15,2026-06-15,2026-07-21,328,2026-08-23,True,"1,200,000",False,فيلا
6783461,https://sa.aqar.fm/فلل-للبيع/الرياض/جنوب-الرياض/حي-عكاظ/شارع-ابن-المنذر-حي-عكاظ-الرياض-منطقة-الرياض-6783461,فيلا للبيع في شارع ابن المنذر ، حي عكاظ ، الرياض ، منطقة الرياض,43000,300,7,5,2,5,حي عكاظ,الرياض,جنوب الرياض,,24.511902,46.6777,,,محمد عبدالرحمن سعد الدريهم,,,2026-07-21,,2026-07-21,65,2026-08-23,False,طلب تسويق,False,فيلا
6691972,https://sa.aqar.fm/فلل-للبيع/الرياض/جنوب-الرياض/حي-عكاظ/حي-عكاظ-مدينة-الرياض-منطقة-الرياض-6691972,"فيلا للبيع في حي عكاظ, مدينة الرياض, منطقة الرياض",850000,233,5,0,0,0,حي عكاظ,الرياض,جنوب الرياض,للباحثين عن الخصوصيه فيلا نظام ثلاث ادوار زاويه بسعر جميل جداً حي عكاظ الدور الارضي صاله كبيره  مع دوره مياه ومطبخ ومجلس رجال مع دور مياه الدور الثاني اربع غرف نوم اثنين منها ماستر الدور الثالث غرفتين نوم مع دوره مياه وسطح,24.507976,46.647501,https://images.aqar.fm/webp/750x0/props/032104995_1778501682829.jpg | https://images.aqar.fm/webp/750x0/props/032104990_1778501779129.jpg | https://images.aqar.fm/webp/750x0/props/032104997_1778501779160.jpg,3,نوره عبدالرحمن عبدالعزيز العيد,,,2026-05-11,2026-08-06,2026-08-16,829,2026-08-23,True,"850,000",False,فيلا
6712967,https://sa.aqar.fm/فلل-للبيع/الرياض/جنوب-الرياض/حي-عكاظ/شارع-النوارس-حي-عريض-الرياض-منطقة-الرياض-6712967,فيلا للبيع في شارع النوارس ، حي عريض ، الرياض ، منطقة الرياض,1100000,350,7,5,2,1,حي عكاظ,الرياض,جنوب الرياض,,24.501732,46.663147,https://images.aqar.fm/webp/750x0/props/041004414_1780152588501.jpg,1,علي بن عبدالله بن حسن البواردي,,,2026-05-30,,2026-05-30,33,2026-08-23,False,طلب تسويق,False,فيلا
6698109,https://sa.aqar.fm/فلل-للبيع/الرياض/جنوب-الرياض/حي-عكاظ/شارع-عكرمه-بن-سليمان-حي-عكاظ-الرياض-منطقة-الرياض-6698109,فيلا للبيع في شارع عكرمه بن سليمان ، حي عكاظ ، الرياض ، منطقة الرياض,1450000,375,5,5,1,9,حي عكاظ,الرياض,جنوب الرياض,ملون ٤٥٠,24.519743,46.682983,https://images.aqar.fm/webp/750x0/props/035991810_1778833156809.jpg,1,فهد ابراهيم فهد الخرعان,,,2026-05-15,,2026-07-23,102,2026-08-23,False,طلب تسويق,False,فيلا
6721461,https://sa.aqar.fm/فلل-للبيع/الرياض/جنوب-الرياض/حي-عكاظ/شارع-الصفار-الذهبي-حي-عكاظ-مدينة-الرياض-منطقة-الرياض-6721461,"فيلا للبيع في شارع الصفار الذهبي, حي عكاظ, مدينة الرياض, منطقة الرياض",2500000,515,,5,5,2,حي عكاظ,الرياض,جنوب الرياض,"رقم العرض ( 3021 )
🏡 فيلا فاخرة للبيع – الرياض | حي عكاظ
بناء شخصي بتشطيب فاخر وجودة عالية.

📐 المساحة: 515 م²
🏠 عمر العقار: سنة و8 أشهر

الدور الأرضي

- مجلس رجال بمدخل خاص ودورة مياه.
- مجلس نساء بمدخل خاص ودورة مياه.
- صالة طعام.
- صالة عائلية واسعة.
- مسبح.
- مطبخ.
- مستودع.
- غرفة عاملة مع دورة مياه.
- مدخل سيارة.

الدور الأول

- 5 غرف نوم ماستر.
- جناح رئيسي يتكون من:
  - غرفة نوم.
  - غرفة ملابس.
  - دورة مياه.
- صالة عائلية.
- غرفة غسيل أو مطبخ تحضيري.

الدور الثاني

شقة مستقلة تتكون من:

- مجلس.
- صالة.
- غرفتي نوم.
- 3 دورات مياه.
- مطبخ.
- مستودع.
- سطحين.

✅ مؤسس لتركيب مصعد.
💰 يوجد على العقار سداد مبكر بقيمة 800,000 ريال.",24.5032,46.674664,https://images.aqar.fm/webp/750x0/props/044193086_1780765474860.jpg | https://images.aqar.fm/webp/750x0/props/044193087_1780765474855.jpg | https://images.aqar.fm/webp/750x0/props/044193086_1780765474861.jpg | https://images.aqar.fm/webp/750x0/props/044193088_1780765475090.jpg | https://images.aqar.fm/webp/750x0/props/044193085_1780765474862.jpg | https://images.aqar.fm/webp/750x0/props/044193081_1780765475087.jpg | https://images.aqar.fm/webp/750x0/props/044193084_1780765474848.jpg | https://images.aqar.fm/webp/750x0/props/044193085_1780765508856.jpg,8,صالح بن مسعد بن عبداللطيف الحربي,شركة ديار فيو للخدمات العقارية,1,2026-06-06,2026-08-04,2026-08-04,771,2026-08-23,True,"2,500,000",False,فيلا
6656763,https://sa.aqar.fm/فلل-للبيع/الرياض/جنوب-الرياض/حي-عكاظ/شارع-ابي-المكارم-بن-مفرج-حي-عكاظ-مدينة-الرياض-منطقة-الرياض-6656763,"فيلا للبيع في شارع ابي المكارم بن مفرج, حي عكاظ, مدينة الرياض, منطقة الرياض",1800000,518,4,6,2,4,حي عكاظ,الرياض,جنوب الرياض,"⸻

🔥 فيلا للبيع– حي عكاظ 🔥

إذا تبحث عن الراحة والمساحة… هذه فرصتك 👇

🏡 فيلا مميزة بمساحة أكثر من 500 م²
🛏️ 4 غرف نوم
🪑 مجلس خارجي مستقل
🍽️ مطبخ 
غرفة سائق
✨ خصوصية عالية
✨ موقع حيوي قريب من كل الخدمات
✨ جاهزة للسكن فوراً

السعر 1800000 قابل لتفاض 
💥 عرض مميز – لا يفوتك

📞 للتواصل (اتصال / واتساب):
0500207045",24.501213,46.684534,https://images.aqar.fm/webp/750x0/props/048403613_1776277907742.jpg | https://images.aqar.fm/webp/750x0/props/048403616_1776277913555.jpg | https://images.aqar.fm/webp/750x0/props/048403613_1776277924499.jpg | https://images.aqar.fm/webp/750x0/props/048403613_1776277930992.jpg,4,زياد سعد,مكتب ركائز الابتكار للخدمات العقارية,1,2026-04-15,2026-07-12,2026-08-06,527,2026-08-23,True,"1,800,000",False,فيلا
6793580,https://sa.aqar.fm/فلل-للبيع/الرياض/جنوب-الرياض/حي-عكاظ/شارع-ابن-أبي-الفخار-حي-عكاظ-مدينة-الرياض-منطقة-الرياض-6793580,"فيلا للبيع في شارع ابن أبي الفخار, حي عكاظ, مدينة الرياض, منطقة الرياض",1400000,315,5,5,4,0,حي عكاظ,الرياض,جنوب الرياض,"فلة مستقلة درج صاله 
بتصميم عصري وجودة بناء عالية 
الواجهه جنوبيه غربية 
مساحه 315 متر 
ميزانها موقف يتسع لسيارتين داخل الفلة 
ملحق خارجي بمساحه ممتازة مع دورة مياة خارجيه 
مدخلين رجال و للنساء 
مجلس رجال واسع مع دورة مياة 
صاله طعام 
صالة عائليه كبيره مع دورة مياة 
مطبخ و باب خلفي للحوش 

الدور العلوي
صالة 
غرفتين نوم بدورة مياة مشتركه 
غرفتين ماستر 

الدور الثاني 
غرفه خادمه مع دورة مياه 
سطح واسع",24.502473,46.660853,https://images.aqar.fm/webp/750x0/props/048793411_1785187585206.jpg | https://images.aqar.fm/webp/750x0/props/048793416_1785187624962.jpg | https://images.aqar.fm/webp/750x0/props/048793419_1785187624960.jpg | https://images.aqar.fm/webp/750x0/props/048793414_1785187624984.jpg | https://images.aqar.fm/webp/750x0/props/048793414_1785187656798.jpg | https://images.aqar.fm/webp/750x0/props/048793417_1785187656792.jpg | https://images.aqar.fm/webp/750x0/props/048793414_1785187680674.jpg | https://images.aqar.fm/webp/750x0/props/048793412_1785187694295.jpg | https://images.aqar.fm/webp/750x0/props/048793413_1785187727770.jpg | https://images.aqar.fm/webp/750x0/props/048793419_1785187773440.jpg | https://images.aqar.fm/webp/750x0/props/048793411_1785187792801.jpg | https://images.aqar.fm/webp/750x0/props/048793410_1785187833538.jpg | https://images.aqar.fm/webp/750x0/props/048793414_1785187873589.jpg | https://images.aqar.fm/webp/750x0/props/048793415_1785187873556.jpg | https://images.aqar.fm/webp/750x0/props/048793416_1785187873798.jpg | https://images.aqar.fm/webp/750x0/props/048793417_1785187873658.jpg | https://images.aqar.fm/webp/750x0/props/048793416_1785187873612.jpg | https://images.aqar.fm/webp/750x0/props/048793416_1785187916476.jpg | https://images.aqar.fm/webp/750x0/props/048793411_1785187940746.jpg,19,سيف عبدالله,مؤسسة المحور المثالي,1,2026-07-27,2026-07-27,2026-08-21,162,2026-08-23,True,"1,400,000",False,فيلا
6712969,https://sa.aqar.fm/فلل-للبيع/الرياض/جنوب-الرياض/حي-عكاظ/شارع-النوارس-حي-عريض-الرياض-منطقة-الرياض-6712969,فيلا للبيع في شارع النوارس ، حي عريض ، الرياض ، منطقة الرياض,1100000,350,7,5,2,1,حي عكاظ,الرياض,جنوب الرياض,,24.501732,46.663147,https://images.aqar.fm/webp/750x0/props/041004414_1780152588501.jpg,1,علي بن عبدالله بن حسن البواردي,,,2026-05-30,,2026-05-30,30,2026-08-23,False,طلب تسويق,False,فيلا
6738754,https://sa.aqar.fm/فلل-للبيع/الرياض/جنوب-الرياض/حي-عكاظ/شارع-عباس-الجوهري-حي-عكاظ-الرياض-منطقة-الرياض-6738754,"فيلا للبيع في شارع عباس الجوهري, حي عكاظ, مدينة الرياض, منطقة الرياض",1150000,300,4,4,2,4,حي عكاظ,الرياض,جنوب الرياض,"للبيع | فيلا دوبلكس فاخرة - المطور: السليمان العقارية فيلا دوبلكس راقية بتصميم ذكي ومساحات مريحة، مبنية بجودة عالية جداً في كافة المواد والتشطيبات، وتجمع بين الفخامة والخصوصية التامة.
مواصفات الفيلا:
الدور الأرضي:
• حوش واسع بمدخل سيارة يكفي ٣ سيارات
﻿﻿المدخل الرئيسي لمجلس رجال مع دورة مياة
﻿﻿مدخل مستقل للنساء
﻿﻿صالة استقبال كبيرة (١٢x٤)
﻿﻿مجلس نساء + مطبخ رئيسي (راكب )
﻿﻿دورة مياه ضيوف
الدور الأول:
﻿﻿٣ غرف نوم - 
واحدة منها ماستر تتكون من جناح رئيسي  وبلكونة
﻿﻿صالة عائلية
﻿﻿دورة مياة مشتركة للصالة والغرف
السطح:
﻿﻿ جلسة جانبيه مطله على صالة الطعام
مساحه خلفيه ٤* ١٠  مطله على الصاله
مؤسس للملحق او غرفة السائق
تمديد
مياه 
صرف 
كهرباء
ومؤسس للمساحه الخلفيه غرفه
تمديد
مياه
صرف كهرباء

يوجد
٩ مكيفات سبليت راكبة وجاهزه

﻿﻿ضمانات السليمان العقارية لفلل البدر (الهيكل الإنشائي + التمديدات + العزل)
فيلا جاهزة للسكن الفوري أو الاستثمار، بتوزيع مثالي يناسب العائلات الكبيرة ويضمن الراحة والخصوصية التامة مع جودة بناء عالية وتكييف كامل.
من المالك مباشره",24.501196813207372,46.6759557752315,https://images.aqar.fm/webp/750x0/props/001415245_1781820718796.jpg | https://images.aqar.fm/webp/750x0/props/001415246_1781820718835.jpg | https://images.aqar.fm/webp/750x0/props/001415245_1781820718797.jpg | https://images.aqar.fm/webp/750x0/props/001415245_1781820718847.jpg | https://images.aqar.fm/webp/750x0/props/001415246_1781820718846.jpg | https://images.aqar.fm/webp/750x0/props/001415242_1781820718840.jpg | https://images.aqar.fm/webp/750x0/props/001415241_1781820718853.jpg,7,محمد بن ابراهيم بن خليفه آل خليفه,,,2026-06-18,2026-06-18,2026-08-21,601,2026-08-23,True,"1,150,000",False,فيلا
6696892,https://sa.aqar.fm/فلل-للبيع/الرياض/جنوب-الرياض/حي-عكاظ/شارع-جان-السليماني-حي-عكاظ-مدينة-الرياض-منطقة-الرياض-6696892,"فيلا للبيع في شارع جان السليماني, حي عكاظ, مدينة الرياض, منطقة الرياض",1500000,500,,5,3,4,حي عكاظ,الرياض,جنوب الرياض,$5d,24.503176,46.672707,https://images.aqar.fm/webp/750x0/props/049368866_1786211978218.jpg | https://images.aqar.fm/webp/750x0/props/049368867_1785020455082.jpg | https://images.aqar.fm/webp/750x0/props/044416692_1778756008765.jpg | https://images.aqar.fm/webp/750x0/props/044416690_1778756008558.jpg | https://images.aqar.fm/webp/750x0/props/044416692_1778756008703.jpg | https://images.aqar.fm/webp/750x0/props/044416699_1778756008723.jpg | https://images.aqar.fm/webp/750x0/props/044416698_1778756008923.jpg | https://images.aqar.fm/webp/750x0/props/044416691_1778756008938.jpg | https://images.aqar.fm/webp/750x0/props/044416694_1778756008946.jpg | https://images.aqar.fm/webp/750x0/props/044416697_1778756009142.jpg | https://images.aqar.fm/webp/750x0/props/044416698_1778756009150.jpg | https://images.aqar.fm/webp/750x0/props/044416699_1778756009157.jpg | https://images.aqar.fm/webp/750x0/props/044416692_1778756008765.jpg | https://images.aqar.fm/webp/750x0/props/044416690_1778756008558.jpg | https://images.aqar.fm/webp/750x0/props/044416692_1778756008703.jpg | https://images.aqar.fm/webp/750x0/props/044416699_1778756008723.jpg | https://images.aqar.fm/webp/750x0/props/044416698_1778756008923.jpg | https://images.aqar.fm/webp/750x0/props/044416691_1778756008938.jpg | https://images.aqar.fm/webp/750x0/props/044416694_1778756008946.jpg | https://images.aqar.fm/webp/750x0/props/044416697_1778756009142.jpg | https://images.aqar.fm/webp/750x0/props/044416698_1778756009150.jpg | https://images.aqar.fm/webp/750x0/props/044416699_1778756009157.jpg,22,مشاري بن نعيم بن وصل الحنيني,مؤسسة مكتب روعة الملقا العقارية,1,2026-05-14,2026-07-11,2026-08-23,335,2026-08-23,True,"1,500,000",False,فيلا
6658929,https://sa.aqar.fm/فلل-للبيع/الرياض/جنوب-الرياض/حي-عكاظ/شارع-عبدالرحمن-المكودي-حي-عكاظ-مدينة-الرياض-منطقة-الرياض-6658929,"فيلا للبيع في شارع عبدالرحمن المكودي, حي عكاظ, مدينة الرياض, منطقة الرياض",1050000,240,5,,,3,حي عكاظ,الرياض,جنوب الرياض,"للبيع فيلا بحى عكاظ
فيلا مستقلة بدون شقق مساحتها 240 على شارعين , شارع 25 وشارع 15
وصف الفيلا تتكون من 
٧ غرف ٥ غرف نوم ٤ منها ماستر 
صالتين 
الفيلا تعتبر تصميم مودرن 
الدور الارضي 
مجلس ومقلط وصالة كبيرة ومطبخ ودورتين مياه اعزكم الله 
الدور الثاني ٣ غرف نوم ٢ منها ماستر 
صالة صغيرة ودورة مياه 
الدور الثالث غرفة نوم ماستر وغرفة شغالة بحمامها وسطح
الفيلا مرهونه لبنك الراجحى بمبلغ 980 الف 
والبيع مليون و50 
مباشر مع  المالك",24.495591,46.657544,https://images.aqar.fm/webp/750x0/props/009913217_1776449620314.jpg | https://images.aqar.fm/webp/750x0/props/009913215_1776449620154.jpg | https://images.aqar.fm/webp/750x0/props/009913214_1776449620246.jpg | https://images.aqar.fm/webp/750x0/props/009913210_1776449620259.jpg | https://images.aqar.fm/webp/750x0/props/009913212_1776449620375.jpg,5,ذكرى ملوح عواد البلوي,مؤسسة ذكرى ملوح عواد البلوي للخدمات العقارية,1,2026-04-17,2026-08-12,2026-08-17,431,2026-08-23,True,"1,050,000",False,فيلا
6698670,https://sa.aqar.fm/فلل-للبيع/الرياض/جنوب-الرياض/حي-عكاظ/شارع-عباس-الجوهري-حي-عكاظ-مدينة-الرياض-منطقة-الرياض-6698670,"فيلا للبيع في شارع عباس الجوهري, حي عكاظ, مدينة الرياض, منطقة الرياض",1400000,358,5,5,3,2,حي عكاظ,الرياض,جنوب الرياض,"فله للبيع 
حي عكاظ مشروع السليمان
مساحه 360م
مخطط العجلان
الدور الارضي
مجلس مع دورة مياه منفصل
غرفه معيشه 
غرفه جلوس 
دوره مياه 
مطبخ
الدور الثاني غرفتين اطفال
غرفه نوم ماستر مع بلكونه
صاله 
دوره مياه

فوق غرفه عامله 
مع قسم صغير للغسيل

الفيلا فيها 7 مكيفات 
وكاميرات

*مؤجره ب 50 الف دفعتين*
حي جديد ومرتب وحوش الفله وسيع

البيع مليون و700 الف

https://maps.google.com/?q=24.501160,46.677620",24.501229,46.677618,https://images.aqar.fm/webp/750x0/props/005405668_1778873329894.jpg | https://images.aqar.fm/webp/750x0/props/005405664_1778873342146.jpg | https://images.aqar.fm/webp/750x0/props/005405668_1778873342210.jpg | https://images.aqar.fm/webp/750x0/props/005405660_1778873342198.jpg | https://images.aqar.fm/webp/750x0/props/005405665_1778873342176.jpg | https://images.aqar.fm/webp/750x0/props/005405669_1778873342164.jpg | https://images.aqar.fm/webp/750x0/props/005405664_1778873342191.jpg | https://images.aqar.fm/webp/750x0/props/005405668_1778873342196.jpg | https://images.aqar.fm/webp/750x0/props/005405664_1778873342358.jpg | https://images.aqar.fm/webp/750x0/props/005405666_1778873368119.jpg | https://images.aqar.fm/webp/750x0/props/005405669_1778873368105.jpg | https://images.aqar.fm/webp/750x0/props/005405666_1778873368094.jpg | https://images.aqar.fm/webp/750x0/props/005405667_1778873368125.jpg | https://images.aqar.fm/webp/750x0/props/005405665_1778873368124.jpg | https://images.aqar.fm/webp/750x0/props/005405666_1778873368118.jpg | https://images.aqar.fm/webp/750x0/props/005405663_1778873368126.jpg | https://images.aqar.fm/webp/750x0/props/005405668_1778873368131.jpg | https://images.aqar.fm/webp/750x0/props/005405665_1778873384021.jpg | https://images.aqar.fm/webp/750x0/props/005405666_1778873383940.jpg | https://images.aqar.fm/webp/750x0/props/005405663_1778873384052.jpg | https://images.aqar.fm/webp/750x0/props/005405667_1778873383959.jpg | https://images.aqar.fm/webp/750x0/props/005405661_1778873383973.jpg | https://images.aqar.fm/webp/750x0/props/005405665_1778873384016.jpg,23,مساعد محمد بن علي الزهراني,مكتب مساعد محمد بن علي الزهراني للعقارات,1,2026-05-15,2026-08-11,2026-08-11,383,2026-08-23,True,"1,400,000",False,فيلا
6523767,https://sa.aqar.fm/فلل-للبيع/الرياض/جنوب-الرياض/حي-عكاظ/شارع-علي-بن-الحسن-الخزرجي-حي-عكاظ-مدينة-الرياض-منطقة-الرياض-6523767,"فيلا للبيع في شارع علي بن الحسن الخزرجي, حي عكاظ, مدينة الرياض, منطقة الرياض",830000,264,5,5,1,0,حي عكاظ,الرياض,جنوب الرياض,"� فرصة عقارية مميزة – حي العجلان

امتلك تاون هاوس سكنية بموقع هادئ ومطلوب في حي العجلان بسعر 830,000ريال فقط 
وقابل للتفاوض 

🔹 تفاصيل التاون هاوس  :

	•	5 غرف نوم (منها ماستر)
	•	 صالة واسعة
	•	 مجلس
	•	 مطبخ
	•	 5 دورات مياه
	•	 سطح
	•	 مدخل سيارة 
	•	 المساحة 265 متر


✨ مميزات إضافية:

	•	 سداد المديونيات
	•	 تخليص جميع المعاملات
	•	 سرعة في إنهاء الإجراءات


📞 امتلك منزل أحلامك الآن مع
إصدار الغربية للعقارات MXF
((رقم المعلن يظهر عند التواصل)) 
تتوفر لدينا عروض أخرى بأسعار مناسبة.",24.503418,46.675759,https://images.aqar.fm/webp/750x0/props/048003837_1766901340186.jpg | https://images.aqar.fm/webp/750x0/props/048003833_1766901340234.jpg | https://images.aqar.fm/webp/750x0/props/048003836_1766901340252.jpg | https://images.aqar.fm/webp/750x0/props/048003837_1766901340147.jpg | https://images.aqar.fm/webp/750x0/props/048003836_1766901340289.jpg | https://images.aqar.fm/webp/750x0/props/048003830_1766901340133.jpg | https://images.aqar.fm/webp/750x0/props/048003831_1766901340269.jpg | https://images.aqar.fm/webp/750x0/props/048003839_1766901340213.jpg,8,سباء صالح,مكتب اصدار الغربية للعقارات,1,2025-12-28,2025-12-28,2026-03-28,113,2026-08-23,True,"830,000",False,فيلا
6443059,https://sa.aqar.fm/فلل-للبيع/الرياض/جنوب-الرياض/حي-عكاظ/شارع-سراج-الدين-العسقلاني-حي-عكاظ-مدينة-الرياض-منطقة-الرياض-6443059,"فيلا للبيع في شارع سراج الدين العسقلاني, حي عكاظ, مدينة الرياض, منطقة الرياض",750000,262,5,5,3,0,حي عكاظ,الرياض,جنوب الرياض,"للبيع تاون هاوس في حي عجلان 
شغل ممتاز نظام ٣ ادوار 
مجلس صاله مقلط مطبخ 
فوق صاله ٣ غرف نوم سطح غرفتين وصاله 
ماشاء الله مكتمل من جميعه
السعر٧٥٠ الف",24.50031,46.663561,https://images.aqar.fm/webp/750x0/props/040820580_1785182194637.jpg | https://images.aqar.fm/webp/750x0/props/040820588_1785182194788.jpg,2,فايز مصلح,مؤسسة فايز مصلح المطيري,1,2025-10-27,2025-10-27,2026-08-20,458,2026-08-23,True,"750,000",False,فيلا
6814873,https://sa.aqar.fm/فلل-للبيع/الرياض/جنوب-الرياض/حي-عكاظ/شارع-حسن-مشاط-حي-عكاظ-مدينة-الرياض-منطقة-الرياض-6814873,"فيلا للبيع في شارع حسن مشاط, حي عكاظ, مدينة الرياض, منطقة الرياض",1700000,325,7,5,2,6,حي عكاظ,الرياض,جنوب الرياض,,24.50043,46.66012,https://images.aqar.fm/webp/750x0/props/034722694_1786376534600.jpg | https://images.aqar.fm/webp/750x0/props/034722694_1786376534610.jpg | https://images.aqar.fm/webp/750x0/props/034722696_1786376534593.jpg | https://images.aqar.fm/webp/750x0/props/034722696_1786376534592.jpg | https://images.aqar.fm/webp/750x0/props/034722697_1786376578676.jpg | https://images.aqar.fm/webp/750x0/props/034722691_1786376578657.jpg | https://images.aqar.fm/webp/750x0/props/034722696_1786376578662.jpg | https://images.aqar.fm/webp/750x0/props/034722691_1786376578682.jpg | https://images.aqar.fm/webp/750x0/props/034722692_1786376578675.jpg | https://images.aqar.fm/webp/750x0/props/034722696_1786376578660.jpg | https://images.aqar.fm/webp/750x0/props/034722690_1786376578683.jpg | https://images.aqar.fm/webp/750x0/props/034722696_1786376578681.jpg | https://images.aqar.fm/webp/750x0/props/034722692_1786376593043.jpg,13,رحمه عايض احمد ال السنبقي,مؤسسة رموز نجد العقارية,1,2026-08-10,2026-08-10,2026-08-22,166,2026-08-23,True,"1,700,000",False,فيلا
6828172,https://sa.aqar.fm/فلل-للبيع/الرياض/جنوب-الرياض/حي-عكاظ/شارع-سيرين-حي-عكاظ-مدينة-الرياض-منطقة-الرياض-6828172,"فيلا للبيع في شارع سيرين, حي عكاظ, مدينة الرياض, منطقة الرياض",2500000,600,7,5,3,8,حي عكاظ,الرياض,جنوب الرياض,"رقم ترخيص الإعلان:7201090919

🟧 للبيع فيلا درج داخلي+ شقتين
📍جنوب الرياض - حي عكاظ

✨[ تشطيب بجودة عالية - بناء شخصي ]

- المساحة:600م
- ⁠عدد الشقق:2
- ⁠عمر العقار:8 سنوات
- ⁠عرض الشارع:25م
- ⁠الواجهة/ جنوب

- مدخل سيارة✅
- ⁠حوش ✅
- يوجد غرفة سائق✅
- ⁠غرفة خادمة✅
- ⁠درج داخلي✅
- ⁠بيت شعر✅
- ⁠مؤثثة✅
- ⁠ملحق✅
- ⁠ملحق علوي✅
- ⁠غرفة غسيل✅
- ⁠نظام التكييف سبيلت✅

🔻وصف ومكونات العقار⬇️
• عدد الصالات:3
• ⁠عدد غرف الاستقبال/ مجلس:2
• ⁠مطبخ
• ⁠عدد غرف النوم:4
• ⁠عدد غرف الماستر:1
• ⁠عدد دورات المياه:5
• ⁠عدد الغرف الاخرى:5


🔻مواصفات ومكونات الشقق⬇️
🔶الشقق تتكون كل وحده من مجلس وصاله و ومطبخ كبير وغرفتين نوم ٤ في٥ بدون مناور وصاله ٤ في سته ..
مؤجره


🔸لخدمة العملاء
وتنسيق موعد معاينة ⬇️
((الرقم يظهر عند الضغط على اتصال))📞- [ فيصل بن سعيد الغامدي]
🔶رقم ترخيص فال:1200019074
🔶رقم عضوية منصة إيجار:EJAR_ 656788
#مكتب_قوة_فيصل_FAISAL_للعقارات",24.518099,46.662566,https://images.aqar.fm/webp/750x0/props/018730604_1787006632371.jpg | https://images.aqar.fm/webp/750x0/props/018730602_1787006632490.jpg | https://images.aqar.fm/webp/750x0/props/018730601_1787006699561.jpg | https://images.aqar.fm/webp/750x0/props/018730603_1787006699568.jpg | https://images.aqar.fm/webp/750x0/props/018730605_1787006699574.jpg | https://images.aqar.fm/webp/750x0/props/018730603_1787006699583.jpg | https://images.aqar.fm/webp/750x0/props/018730603_1787006699457.jpg,7,فيصل سعيد عبدالله الغامدي,مكتب قوة فيصل للعقارات,1,2026-08-17,2026-08-17,2026-08-23,0,2026-08-23,True,"2,500,000",False,فيلا
6506052,https://sa.aqar.fm/فلل-للبيع/الرياض/جنوب-الرياض/حي-عكاظ/شارع-علي-بن-الحسن-الخزرجي-حي-عكاظ-مدينة-الرياض-منطقة-الرياض-6506052,"فيلا للبيع في شارع علي بن الحسن الخزرجي, حي عكاظ, مدينة الرياض, منطقة الرياض",850000,315,7,4,2,0,حي عكاظ,الرياض,جنوب الرياض,"مشروع فلل تاون هاوس
المساحه 315
السعر 850 الف 
التفاصيل 
مدخل سياره خاص 
مجلس رجال بالحمام والمغاسل 
مقلط
مطبخ وصاله 
الاول 
3غرف نوم الرئيسيه ماستر 
الملحق 
غرفتين نوم 
وسطح
الضمانات:* 
* كود سعودي 
* شهادات اشغال 
* إشراف هندسي 
* إطلاق تيار 
* *10* سنوات هيكل انشائي
* *20* سنه كهرباء 
* *50* سنه سباكه
* *ضمان* علي العوازل كامله 
* *ضمان* بوبات
* *ضمان* من الموسسه المطوره    
 علي المبنئ كامل لمدة *سنه*

كما يوجد لدينا عروض اخري ومسحات مختلفه و بأسعار مناسبه للجميع ولدينا فريق عمل متكامل علي اكمل وجه ويوجد أيضآ جميع الحلول التمويليه نتعامل مع جميع البنوك في جميع أنحاء المملكة العربية السعودية و نوفر لكم الدفعه الأولى مجانأ و بدون اي فوائد 

*للتواصل والاستفسار:* 

*ابو عبيده / ((رقم المعلن يظهر عند التواصل))",24.503745,46.676798,https://images.aqar.fm/webp/750x0/props/048077744_1765713520578.jpg | https://images.aqar.fm/webp/750x0/props/048077745_1765713521356.jpg | https://images.aqar.fm/webp/750x0/props/048077747_1765713520351.jpg | https://images.aqar.fm/webp/750x0/props/048077741_1765713521040.jpg | https://images.aqar.fm/webp/750x0/props/048077746_1765713519504.jpg | https://images.aqar.fm/webp/750x0/props/048077741_1765713520092.jpg | https://images.aqar.fm/webp/750x0/props/048077749_1765713519640.jpg | https://images.aqar.fm/webp/750x0/props/048077741_1765713519925.jpg | https://images.aqar.fm/webp/750x0/props/048077749_1765713520129.jpg | https://images.aqar.fm/webp/750x0/props/048077749_1765713520228.jpg | https://images.aqar.fm/webp/750x0/props/048077745_1765713520385.jpg | https://images.aqar.fm/webp/750x0/props/048077747_1765713520553.jpg | https://images.aqar.fm/webp/750x0/props/048077747_1765713520619.jpg | https://images.aqar.fm/webp/750x0/props/048077746_1765713520771.jpg | https://images.aqar.fm/webp/750x0/props/048077749_1765713521010.jpg | https://images.aqar.fm/webp/750x0/props/048077747_1765713521032.jpg | https://images.aqar.fm/webp/750x0/props/048077748_1765713521099.jpg | https://images.aqar.fm/webp/750x0/props/048077742_1765713521134.jpg | https://images.aqar.fm/webp/750x0/props/048077741_1765713521223.jpg | https://images.aqar.fm/webp/750x0/props/048077743_1765713521351.jpg,20,تماني بنت عقيل بن فارس العنزي,مكتب مساكن المهلهل,1,2025-12-14,2025-12-14,2026-08-22,948,2026-08-23,True,"850,000",False,فيلا
6399135,https://sa.aqar.fm/فلل-للبيع/الرياض/جنوب-الرياض/حي-عكاظ/شارع-ابن-الطيلسان-القرطبي-حي-عكاظ-مدينة-الرياض-منطقة-الرياض-6399135,"فيلا للبيع في شارع ابن الطيلسان القرطبي, حي عكاظ, مدينة الرياض, منطقة الرياض",750000,252,5,5,3,0,حي عكاظ,الرياض,جنوب الرياض,"التفاصيل:   كود25
السلام عليكم ورحمه الله وبركاته اسعد الله اوقاتكم بكل خير  شركه أوئل نمار العقارية 
 يسعدنا أن نقدم لكم 
فيلا  تون هاوس فيلا تون هاوس  أمامي وخلفي  
 يتكون من مدخل سياره واسع ومجلس ومقلط وصاله ومطبخ الدور الثاني ٣غرف نوم وحده ماستر الدور الثالث غرفتين مع السطح
 بحى عكاظ 
مساحته 325
 شارع20
 واجهه شرقيه 
 عليها       830الف
 عليها كافة الضمانات  المطلوبة على العوازل والخزنات والبايكه والكهرباء والسباكه  ونتعامل مع جميع البنوك والشركات وتحويل من بنك لاخر  ونسعى فى توفير الدفعه الاولى مجانا وسداد المديونية وتخليص أمور البنك
 كود 25",24.506088,46.673442,https://images.aqar.fm/webp/750x0/props/020124844_1758902725406.jpg | https://images.aqar.fm/webp/750x0/props/020124849_1758902727029.jpg | https://images.aqar.fm/webp/750x0/props/020124848_1758902725029.jpg | https://images.aqar.fm/webp/750x0/props/020124845_1758902725238.jpg | https://images.aqar.fm/webp/750x0/props/020124849_1758902725634.jpg | https://images.aqar.fm/webp/750x0/props/020124840_1758902725854.jpg | https://images.aqar.fm/webp/750x0/props/020124849_1758902726033.jpg | https://images.aqar.fm/webp/750x0/props/020124841_1758902726209.jpg | https://images.aqar.fm/webp/750x0/props/020124847_1758902726392.jpg | https://images.aqar.fm/webp/750x0/props/020124849_1758902726520.jpg | https://images.aqar.fm/webp/750x0/props/020124840_1758902726644.jpg | https://images.aqar.fm/webp/750x0/props/020124844_1758902726797.jpg | https://images.aqar.fm/webp/750x0/props/020124849_1758902726907.jpg | https://images.aqar.fm/webp/750x0/props/020124842_1758902727163.jpg | https://images.aqar.fm/webp/750x0/props/020124843_1758902727270.jpg | https://images.aqar.fm/webp/750x0/props/020124846_1758902727407.jpg | https://images.aqar.fm/webp/750x0/props/020124842_1758902727518.jpg | https://images.aqar.fm/webp/750x0/props/020124846_1758902727633.jpg | https://images.aqar.fm/webp/750x0/props/020124846_1758902727755.jpg | https://images.aqar.fm/webp/750x0/props/020124846_1758902727858.jpg | https://images.aqar.fm/webp/750x0/props/020124841_1758902727979.jpg,21,جبر لافي عوض العتيبي,مؤسسة اوائل نمار العقارية,1,2025-09-26,2025-09-26,2026-08-20,291,2026-08-23,True,"750,000",False,فيلا
6813543,https://sa.aqar.fm/فلل-للبيع/الرياض/جنوب-الرياض/حي-عكاظ/شارع-الربائع-حي-عكاظ-مدينة-الرياض-منطقة-الرياض-6813543,"فيلا للبيع في شارع الربائع, حي عكاظ, مدينة الرياض, منطقة الرياض",1400000,350,5,0,0,3,حي عكاظ,الرياض,جنوب الرياض,"******
🏣 فيلا دبلوكس مساحة ٣٥٠ 
 حي عكاظ مخطط العجلان شرقية شارع ٢٨ متر 
عمر العقار 4 سنوات 
رخصة جديدة + شهادة إتمام بناء 
مكونة من: 
٣ غرف نوم + ماستر مع دورة مياه 
٣ صالات 
مجلس 
6 دورات مياه 
ملحق مع  دورة مياه 
غرفة سائق  مع دورة مياه 
مستودع 
غرفة خادمة + غسيل 
حوش بالجنب مساحة ١٢٠ متر 
مدخل يكفي سيارتين 
مطبخ صغير ومطبخ كبير 
حديقة خلفيه مساحة ٢٥ متر مربع 
شاملة تكييف كامل نوع ال جي 
مطبخين راكبه 
 غرفة نوم ماستر من الخزائن المبتكرة .",24.500616,46.668025,https://images.aqar.fm/webp/750x0/props/022512557_1786305642493.jpg | https://images.aqar.fm/webp/750x0/props/022512550_1786305642560.jpg | https://images.aqar.fm/webp/750x0/props/022512556_1786305642534.jpg | https://images.aqar.fm/webp/750x0/props/022512557_1786305642550.jpg | https://images.aqar.fm/webp/750x0/props/022512559_1786305642547.jpg | https://images.aqar.fm/webp/750x0/props/022512552_1786305722885.jpg | https://images.aqar.fm/webp/750x0/props/022512550_1786305722884.jpg | https://images.aqar.fm/webp/750x0/props/022512550_1786305722848.jpg | https://images.aqar.fm/webp/750x0/props/022512557_1786305722883.jpg | https://images.aqar.fm/webp/750x0/props/022512554_1786305722907.jpg | https://images.aqar.fm/webp/750x0/props/022512558_1786305722855.jpg | https://images.aqar.fm/webp/750x0/props/022512559_1786305722861.jpg | https://images.aqar.fm/webp/750x0/props/022512552_1786305780777.jpg | https://images.aqar.fm/webp/750x0/props/022512550_1786305780729.jpg | https://images.aqar.fm/webp/750x0/props/022512554_1786305780733.jpg | https://images.aqar.fm/webp/750x0/props/022512551_1786305780778.jpg | https://images.aqar.fm/webp/750x0/props/022512555_1786305780732.jpg | https://images.aqar.fm/webp/750x0/props/022512559_1786305780777.jpg | https://images.aqar.fm/webp/750x0/props/022512558_1786305780726.jpg | https://images.aqar.fm/webp/750x0/props/022512557_1786305780735.jpg | https://images.aqar.fm/webp/750x0/props/022512555_1786305826650.jpg | https://images.aqar.fm/webp/750x0/props/022512558_1786305826612.jpg | https://images.aqar.fm/webp/750x0/props/022512554_1786305826613.jpg,23,عبدالرحمن محمد عبدالرحمن بن عثمان,,,2026-08-09,2026-08-09,2026-08-15,154,2026-08-23,True,"1,400,000",False,فيلا
6472636,https://sa.aqar.fm/فلل-للبيع/الرياض/جنوب-الرياض/حي-عكاظ/شارع-النوارس-حي-عكاظ-مدينة-الرياض-منطقة-الرياض-6472636,"فيلا للبيع في شارع النوارس, حي عكاظ, مدينة الرياض, منطقة الرياض",860000,245,5,,,0,حي عكاظ,الرياض,جنوب الرياض,"فيلا تاون هاوس 
تصميم ممتاز 
 
تقبل الكاش والبنك 
جميع الضمانات ع المبني 

ضمانات ع السباكه 
ضمانات ع الكهرباء 
ضمانات ع العوازل 

تصميم داخلي 
مدخل سياره
مجلس رجال بالمغاسل الخاصه بيه 
مقلط.       
صاله نساء 
مطبخ

دور اول اربع غرف نوم
دور علوي غرفتين نوم 
سطح


خدامتنا لكم 
التعامل مع جميع البنوك والشركات 
تسهيل جميع الاجراءت البنكيه 


للتواصل 
((رقم المعلن يظهر عند التواصل))",24.502947,46.660557,,,مشاعل دعيرم بن جربوع العتيبي,مؤسسة مكتب بداية جديدة للخدمات العقارية,1,2025-11-18,2025-11-18,2026-08-03,312,2026-08-23,True,"860,000",False,فيلا
6801734,https://sa.aqar.fm/فلل-للبيع/الرياض/جنوب-الرياض/حي-عكاظ/شارع-محمد-بن-جزي-حي-عكاظ-الرياض-منطقة-الرياض-6801734,فيلا للبيع في شارع محمد بن جزي ، حي عكاظ ، الرياض ، منطقة الرياض,1500000,318,7,5,2,10,حي عكاظ,الرياض,جنوب الرياض,"مرهون لبنك ساب 
مرهون للصندوق العقاري 
موجر بايجار سنوي دفعة وحدة 
3 عدادت كهرباء 
للتواصل واتساب فقط ((الرقم يظهر عند الضغط على اتصال))",24.518875,46.681866,https://images.aqar.fm/webp/750x0/props/027957061_1785674055868.jpg,1,محمد راشد رشيد الدوسري,,,2026-08-02,,2026-08-17,37,2026-08-23,False,طلب تسويق,False,فيلا
6792314,https://sa.aqar.fm/فلل-للبيع/الرياض/جنوب-الرياض/حي-عكاظ/شارع-أحمد-بن-محمد-العيالي-حي-عكاظ-مدينة-الرياض-منطقة-الرياض-6792314,"فيلا للبيع في شارع أحمد بن محمد العيالي, حي عكاظ, مدينة الرياض, منطقة الرياض",750000,264,7,5,3,0,حي عكاظ,الرياض,جنوب الرياض,"يتوفر لدينا تاون هاوس نظام دبلكس
تتكون من
الدور الارضي 
مجلس رجال مع مقلط ودورت مياه وصاله ومطبخ ودوره مياه 
الدور الأوو
ثللث غرف منها غرفتين ماستر وغرفه بدوره مياه وصاله
الملحق 
غرفتين نوم منها وصاله ودوره مياه 
جميع الضمانات متوفرة.
 ضمانات الكهرباء والسباكة والعوازل. تأمين شامل من شركة لاذ للتأمين. 
 . خزانات مياه أرضية وعلوية مستقلة. 
 تشطيبات عالية الجودة. *موقع متميز  قريب من المدارس والمساجد والأسواق 
والخدمات الأساسية. 
العقاريجمع بين جودة البناء، والموقع الاستراتيجي، وتوفر الضمانات الي تمنح المشتري راحة واطمئنانًا على المدى الطويل 
أذکی تمویل عقـاري
نوفر الدفعه الاولى ومبلغ فائض فوق سعر العقار / نخلص جميع الاجرات لدى البنوك والشركات حى استلام مفتاح م ويتوفر لدينا جميع العروض من فلل وشقق وادوار وتاون هاوس وغيره",24.506043,46.671257,https://images.aqar.fm/webp/750x0/props/029984409_1785136424310.jpg | https://images.aqar.fm/webp/750x0/props/029984409_1785136424247.jpg | https://images.aqar.fm/webp/750x0/props/029984402_1785136424258.jpg | https://images.aqar.fm/webp/750x0/props/029984403_1785136424304.jpg | https://images.aqar.fm/webp/750x0/props/029984400_1785136424255.jpg | https://images.aqar.fm/webp/750x0/props/029984407_1785136424457.jpg | https://images.aqar.fm/webp/750x0/props/029984405_1785136424448.jpg | https://images.aqar.fm/webp/750x0/props/029984402_1785136424493.jpg | https://images.aqar.fm/webp/750x0/props/029984409_1785136424492.jpg | https://images.aqar.fm/webp/750x0/props/029984404_1785136424538.jpg | https://images.aqar.fm/webp/750x0/props/029984409_1785136424639.jpg | https://images.aqar.fm/webp/750x0/props/029984407_1785136424677.jpg | https://images.aqar.fm/webp/750x0/props/029984409_1785136424728.jpg | https://images.aqar.fm/webp/750x0/props/029984404_1785136424772.jpg,14,محمد صالح بن رشود العميري,,0,2026-07-27,2026-07-27,2026-08-23,62,2026-08-23,True,"750,000",False,فيلا
6793485,https://sa.aqar.fm/فلل-للبيع/الرياض/جنوب-الرياض/حي-عكاظ/شارع-حالة-عمار-حي-عكاظ-مدينة-الرياض-منطقة-الرياض-6793485,"فيلا للبيع في شارع حالة عمار, حي عكاظ, مدينة الرياض, منطقة الرياض",1500000,435,6,4,2,11,حي عكاظ,الرياض,جنوب الرياض,"للبيع فيلا حي عكاظ 
المساحة 435م٢
 شارع 20م
فيها شقة مؤجرة 
السعر قابل للتفاوض 
للتواصل / ((الرقم يظهر عند الضغط على اتصال))",24.519661,46.667648,https://images.aqar.fm/webp/750x0/props/039482442_1785184540305.jpg | https://images.aqar.fm/webp/750x0/props/039482442_1785184539764.jpg | https://images.aqar.fm/webp/750x0/props/039482444_1785184539981.jpg | https://images.aqar.fm/webp/750x0/props/039482443_1785184539980.jpg | https://images.aqar.fm/webp/750x0/props/039482444_1785184539768.jpg | https://images.aqar.fm/webp/750x0/props/039482443_1785184539766.jpg | https://images.aqar.fm/webp/750x0/props/039482445_1785184540084.jpg | https://images.aqar.fm/webp/750x0/props/039482445_1785184540092.jpg | https://images.aqar.fm/webp/750x0/props/039482443_1785184540082.jpg | https://images.aqar.fm/webp/750x0/props/039482446_1785184540295.jpg | https://images.aqar.fm/webp/750x0/props/039482444_1785184540220.jpg | https://images.aqar.fm/webp/750x0/props/039482447_1785184540305.jpg | https://images.aqar.fm/webp/750x0/props/039482443_1785184540438.jpg | https://images.aqar.fm/webp/750x0/props/039482443_1785184540553.jpg,14,فاطمه بنت مشبب قحطان آل عدال,,,2026-07-27,2026-07-27,2026-08-20,359,2026-08-23,True,"1,500,000",False,فيلا
6514793,https://sa.aqar.fm/فلل-للبيع/الرياض/جنوب-الرياض/حي-عكاظ/شارع-علي-بن-الحسن-الخزرجي-حي-عكاظ-مدينة-الرياض-منطقة-الرياض-6514793,"فيلا للبيع في شارع علي بن الحسن الخزرجي, حي عكاظ, مدينة الرياض, منطقة الرياض",900000,375,7,4,2,0,حي عكاظ,الرياض,جنوب الرياض,"تاون هاوس ارضي 
مساحه 375 م 
واجهة جنوبيه 
شارع 18 م 
السعر 900 الف 
تفاصيل ⏬⏬⏬
مدخل سياره وحوش ومجلس رجال بالمغاسل والحمام ومقلط وصاله ومطبخ وغرفة نوم ماستر وغرفتين نوم بحمام مشترك وحوش خلفي ومدخل بالخلف 
فوق 👆⏬⏬
غرفتين نومالضمانات:* 
* كود سعودي 
* شهادات اشغال 
* إشراف هندسي 
* إطلاق تيار 
* *10* سنوات هيكل انشائي
* *20* سنه كهرباء 
* *50* سنه سباكه
* *ضمان* علي العوازل كامله 
* *ضمان* بوبات
* *ضمان* من الموسسه المطوره    
 علي المبنئ كامل لمدة *سنه*

كما يوجد لدينا عروض اخري ومسحات مختلفه و بأسعار مناسبه للجميع ولدينا فريق عمل متكامل علي اكمل وجه ويوجد أيضآ جميع الحلول التمويليه نتعامل مع جميع البنوك في جميع أنحاء المملكة العربية السعودية و نوفر لكم الدفعه الأولى مجانأ و بدون اي فوائد 

*للتواصل والاستفسار:* 

*أبو عبيدة ((رقم المعلن يظهر عند التواصل))",24.503745,46.676798,https://images.aqar.fm/webp/750x0/props/048077742_1766309098870.jpg | https://images.aqar.fm/webp/750x0/props/048077746_1766309098926.jpg | https://images.aqar.fm/webp/750x0/props/048077743_1766309098560.jpg | https://images.aqar.fm/webp/750x0/props/048077744_1766309098257.jpg | https://images.aqar.fm/webp/750x0/props/048077744_1766309098262.jpg | https://images.aqar.fm/webp/750x0/props/048077746_1766309098379.jpg | https://images.aqar.fm/webp/750x0/props/048077748_1766309098468.jpg | https://images.aqar.fm/webp/750x0/props/048077741_1766309098597.jpg | https://images.aqar.fm/webp/750x0/props/048077749_1766309098680.jpg | https://images.aqar.fm/webp/750x0/props/048077746_1766309098731.jpg | https://images.aqar.fm/webp/750x0/props/048077740_1766309098846.jpg | https://images.aqar.fm/webp/750x0/props/048077744_1766309098847.jpg | https://images.aqar.fm/webp/750x0/props/048077740_1766309099004.jpg | https://images.aqar.fm/webp/750x0/props/048077740_1766309099048.jpg | https://images.aqar.fm/webp/750x0/props/048077744_1766309099074.jpg,15,تماني بنت عقيل بن فارس العنزي,مكتب مساكن المهلهل,1,2025-12-21,2025-12-21,2026-08-22,1351,2026-08-23,True,"900,000",False,فيلا
6705075,https://sa.aqar.fm/فلل-للبيع/الرياض/جنوب-الرياض/حي-عكاظ/شارع-كعب-الهجري-حي-عكاظ-مدينة-الرياض-منطقة-الرياض-6705075,"فيلا للبيع في شارع كعب الهجري, حي عكاظ, مدينة الرياض, منطقة الرياض",720000,252,5,5,3,0,حي عكاظ,الرياض,جنوب الرياض,"كود 5
السلام عليكم ورحمه الله وبركاته 
اسعد الله اوقاتكم بكل خير 
نقدم لكم 
فيلا تاون هاوس امامي وخلفي 3 ادوار نظام الدوبلكس في حي عكاظ مخطط العجلان 
بالقرب من الطريق واسعار خياليه 
الوصف
300م شارع 20م وشارع 15م
امامي وخلفي 
دور ارضى 
مدخل سياره ومجلس وصالة درج ومطبخ 
دور اول
صالة و3 غرف نوم منهم 1 ماستر
دور ثان 
صالة و2غرفة نوم وسطح
يوجد جميع الضمانات على العقار 
ويوجد لدينا جميع العروض المناسبة لكم
ويوجد لدينا حلول تمويله مسيره ويوجد سداد المديونية 
التعامل مع جميع البنوك والشركات في جميع أنحاء المملكة بأقل هامش ربح وتخلص الإجراءات في اقرب وقت 
اختار عقارك واستلم مفتاحك وانت مرتاح في اي مكان في الممكله كل الإجراءات علينا
للاستفسار 
ابوادم
((الرقم يظهر عند الضغط على اتصال))",24.504521,46.677829,https://images.aqar.fm/webp/750x0/props/045322829_1779319811787.jpg | https://images.aqar.fm/webp/750x0/props/045322823_1779319811632.jpg | https://images.aqar.fm/webp/750x0/props/045322829_1779319810216.jpg | https://images.aqar.fm/webp/750x0/props/045322827_1779319810971.jpg | https://images.aqar.fm/webp/750x0/props/045322821_1779319808618.jpg | https://images.aqar.fm/webp/750x0/props/045322829_1779319808859.jpg | https://images.aqar.fm/webp/750x0/props/045322823_1779319809065.jpg | https://images.aqar.fm/webp/750x0/props/045322825_1779319809258.jpg | https://images.aqar.fm/webp/750x0/props/045322823_1779319809448.jpg | https://images.aqar.fm/webp/750x0/props/045322826_1779319809591.jpg | https://images.aqar.fm/webp/750x0/props/045322821_1779319809761.jpg | https://images.aqar.fm/webp/750x0/props/045322821_1779319809886.jpg | https://images.aqar.fm/webp/750x0/props/045322827_1779319810050.jpg | https://images.aqar.fm/webp/750x0/props/045322823_1779319810377.jpg | https://images.aqar.fm/webp/750x0/props/045322829_1779319810583.jpg | https://images.aqar.fm/webp/750x0/props/045322824_1779319810803.jpg | https://images.aqar.fm/webp/750x0/props/045322825_1779319811131.jpg | https://images.aqar.fm/webp/750x0/props/045322828_1779319811282.jpg | https://images.aqar.fm/webp/750x0/props/045322821_1779319811447.jpg | https://images.aqar.fm/webp/750x0/props/045322826_1779319811944.jpg | https://images.aqar.fm/webp/750x0/props/045322825_1779319812146.jpg | https://images.aqar.fm/webp/750x0/props/045322826_1779319812289.jpg | https://images.aqar.fm/webp/750x0/props/045322825_1779319812492.jpg,23,وضحى ناشي عفار العتيبي,مؤسسة زوايا الإبداع للتطوير العقاري,1,2026-05-20,2026-07-17,2026-08-18,282,2026-08-23,True,"720,000",False,فيلا
6776031,https://sa.aqar.fm/فلل-للبيع/الرياض/جنوب-الرياض/حي-عكاظ/شارع-يوسف-نعمة-الله-حي-عكاظ-مدينة-الرياض-منطقة-الرياض-6776031,"فيلا للبيع في شارع يوسف نعمة الله, حي عكاظ, مدينة الرياض, منطقة الرياض",1800000,405,6,,,0,حي عكاظ,الرياض,جنوب الرياض,"للبيع
فلة مودرن فاخرة شغل شخصي في حي عكاظ افضل مخططات حي عكاظ
عبارة عن دور ارضي مع درج صاله
معها شقة عبارة عن دورين تخت استقبال وفوق غرف النوم ويوجد صاله وسطح ايضا
الفلة عبارة عن فلتين مصغرة بمسطحات بناء تتجاوز ال٦٥٠ ومساحة الارض ٤٠٥
الدور الارضي
ملحق
مجلس واسع مع دورة مياة
مقلط 
صالة واسعة مع دورة مياه
غرفة نوم كبيرة جدا مع دورة مياة
مطبخ عادي ومطبخ متسخ مع غرفة خادمة وغرفة غسيل وودورة مياة
فوق ٣ غرف نوم ماستر مع صالة واسعة 
يوجد غرفة سائق في سور الشقة العلوية
*الشقة*
مدخل مستقل 
الدور الاول
مجلس مع دوره مياة
صاله واسعه مع دورة مياة
مطبخ مع غرفة خادمة مع غرفة غسيل ودورة مياة الدور الثاني
غرفتين نوم ماستر مع صاله واسعه وسطح كبير
حد البيـــع مليون و 850 الف",24.514278,46.675486,https://images.aqar.fm/webp/750x0/props/042064272_1784146933405.jpg | https://images.aqar.fm/webp/750x0/props/042064279_1784146933395.jpg | https://images.aqar.fm/webp/750x0/props/042064270_1784146933420.jpg | https://images.aqar.fm/webp/750x0/props/042064277_1784146933420.jpg | https://images.aqar.fm/webp/750x0/props/042064277_1784146933396.jpg | https://images.aqar.fm/webp/750x0/props/042064273_1784146933611.jpg | https://images.aqar.fm/webp/750x0/props/042064278_1784146933620.jpg | https://images.aqar.fm/webp/750x0/props/042064274_1784146933611.jpg | https://images.aqar.fm/webp/750x0/props/042064275_1784146933622.jpg | https://images.aqar.fm/webp/750x0/props/042064276_1784146933734.jpg | https://images.aqar.fm/webp/750x0/props/042064275_1784146933935.jpg,11,جواهر عبدالعزيز,مكتب ريحانة نجد للعقارات,1,2026-07-15,2026-08-14,2026-08-23,168,2026-08-23,True,"1,800,000",False,فيلا
6701393,https://sa.aqar.fm/فلل-للبيع/الرياض/جنوب-الرياض/حي-عكاظ/شارع-عكرمه-بن-سليمان-حي-عكاظ-مدينة-الرياض-منطقة-الرياض-6701393,"فيلا للبيع في شارع عكرمه بن سليمان, حي عكاظ, مدينة الرياض, منطقة الرياض",1600000,375,5,,,9,حي عكاظ,الرياض,جنوب الرياض,"للبيع فيلا بحي عكاظ
المساحه 375م
الواجهة جنوبية 15م
العمر 9 سنوات
فيلا مستقله
دور وشقتين 
الدور عباره عن  5 غرف نوم وصاله ودورات مياه

الشقتين  غرفتين نوم ومجلس وصاله ومطبخ ودورتين مياه

السعر مليون 600 الف 
السوم وصل مليون 500 الف
مباشر من المالك وحصري",24.519779,46.682956,,,عبدالكريم ابراهيم بن رسلان العنزي,شركة ابداع العالمية للتطوير والاستثمار العقاري ,1,2026-05-17,2026-08-13,2026-08-23,198,2026-08-23,True,"1,600,000",False,فيلا
6431335,https://sa.aqar.fm/فلل-للبيع/الرياض/جنوب-الرياض/حي-عكاظ/حي-عكاظ-مدينة-الرياض-منطقة-الرياض-6431335,"فيلا للبيع في حي عكاظ, مدينة الرياض, منطقة الرياض",730000,273,4,4,2,0,حي عكاظ,الرياض,جنوب الرياض,"كودددددد29

السلام عليكم ورحمه الله وبركاته اسعد الله اوقاتكم بكل خير  شركه 
اوائل نمار العقارية 
 يسعدنا أن نقدم لكم 
فيلا تاون هول 
 بحى عكاظ 
مساحته 300 متر 
 شارع  30  متر 
 واجهه. جنوبيه 
 عليها    730   ألف
تاون هاوس ثلاث طوابق ارضي وعلوي الأرضي يتكو
 عليها كافة الضمانات  المطلوبة على العوازل والخزنات والبايكه والكهرباء والسباكه  ونتعامل مع جميع البنوك والشركات وتحويل من بنك لاخر  ونسعى فى توفير الدفعه الاولى مجانا وسداد المديونية وتخليص أمور البنك
 للتواصل 

     كودددددد 29",24.510226,46.643697,https://images.aqar.fm/webp/750x0/props/020124840_1762112192696.jpg | https://images.aqar.fm/webp/750x0/props/020124845_1762112192835.jpg | https://images.aqar.fm/webp/750x0/props/020124841_1762112192994.jpg | https://images.aqar.fm/webp/750x0/props/020124841_1760911424472.jpg | https://images.aqar.fm/webp/750x0/props/020124842_1760911423628.jpg | https://images.aqar.fm/webp/750x0/props/020124847_1760911423541.jpg | https://images.aqar.fm/webp/750x0/props/020124840_1760911423629.jpg | https://images.aqar.fm/webp/750x0/props/020124845_1760911423708.jpg | https://images.aqar.fm/webp/750x0/props/020124846_1760911423971.jpg | https://images.aqar.fm/webp/750x0/props/020124848_1760911424098.jpg | https://images.aqar.fm/webp/750x0/props/020124841_1760911424253.jpg | https://images.aqar.fm/webp/750x0/props/020124840_1760911424330.jpg | https://images.aqar.fm/webp/750x0/props/020124849_1760911424550.jpg | https://images.aqar.fm/webp/750x0/props/020124845_1760911424670.jpg,14,جبر لافي عوض العتيبي,مؤسسة اوائل نمار العقارية,1,2025-10-19,2025-10-19,2026-08-20,935,2026-08-23,True,"730,000",False,فيلا
6551901,https://sa.aqar.fm/فلل-للبيع/الرياض/جنوب-الرياض/حي-عكاظ/شارع-لقاح-حي-عكاظ-مدينة-الرياض-منطقة-الرياض-6551901,"فيلا للبيع في شارع لقاح, حي عكاظ, مدينة الرياض, منطقة الرياض",1000000,268,6,1,5,4,حي عكاظ,الرياض,جنوب الرياض,"للبيع فلة دبلكس عكاظ العجلان 
فلة واجهة شمالية 
المساحة ٢٦٩
الشارع ٢٨ 
حديدة زاوية ع شارع ٢٠ مقابل مرافق
مشب خارجي
مجلس رجال دورة مياه
صالة طعام 
صالة
مجلس نساء 
دورة مياه
مطبخ
الدور الاول 
٤ غرف نوم اثنتان ماستر واثنتان تخدمهما دورة مياه 
الدور الثاني 
غرفة مع دورة مياه وسطح
العمر ٤ سنوات 
فاضية ويمكن المعاينة اي وقت
السعر
مليون و٨٠ الف 

حره
تقبل البنك والكاش

للتواصل واتس اب او اتصال 
((رقم المعلن يظهر عند التواصل))

/ لا يتواصل الا الصامل",24.503949,46.67181,https://images.aqar.fm/webp/750x0/props/024653887_1768761267934.jpg | https://images.aqar.fm/webp/750x0/props/024653880_1768761267703.jpg | https://images.aqar.fm/webp/750x0/props/024653881_1768761268021.jpg | https://images.aqar.fm/webp/750x0/props/024653888_1768761268138.jpg | https://images.aqar.fm/webp/750x0/props/024653888_1768761268330.jpg | https://images.aqar.fm/webp/750x0/props/024653888_1768761268443.jpg,6,جواهر ال سعيد,مكتب ريحانة نجد للعقارات,1,2026-01-18,2026-06-29,2026-08-19,664,2026-08-23,True,"1,000,000",False,فيلا
6685832,https://sa.aqar.fm/فلل-للبيع/الرياض/جنوب-الرياض/حي-عكاظ/شارع-كلثوم-بن-أوفى-حي-عكاظ-مدينة-الرياض-منطقة-الرياض-6685832,"فيلا للبيع في شارع كلثوم بن أوفى, حي عكاظ, مدينة الرياض, منطقة الرياض",890000,247,5,0,0,0,حي عكاظ,الرياض,جنوب الرياض,"يوجد لدينا تسويق كامل اللي حاب يتواصل معنا 



🏡 تاون هاوس أرضي للبيع
تصميم عملي ومساحات مميزة، يتكون من:
4 غرف + صالة + مجلس + مقلط داخلي وخارجي + غرفة خادمة مستقلة + 5 دورات مياه.

تشطيب ممتاز وموقع مميز ✨",24.529463,46.658535,https://images.aqar.fm/webp/750x0/props/044313706_1786396332140.jpg,1,خالد جزاء خلف ال ظفر,مؤسسة خالد جزاء خلف ال ظفر للعقارات,1,2026-05-06,2026-08-02,2026-08-23,1317,2026-08-23,True,"890,000",False,فيلا
6426456,https://sa.aqar.fm/فلل-للبيع/الرياض/جنوب-الرياض/حي-عكاظ/حي-عكاظ-مدينة-الرياض-منطقة-الرياض-6426456,"فيلا للبيع في حي عكاظ, مدينة الرياض, منطقة الرياض",730000,273,4,3,1,0,حي عكاظ,الرياض,جنوب الرياض,"كودددددد17

السلام عليكم ورحمه الله وبركاته اسعد الله اوقاتكم بكل خير  شركه 
اوائل نمار العقارية 
 يسعدنا أن نقدم لكم 
فيلا تاون هاوس علوي 
 بحى عكاظ مخطط سما عكاظ 
مساحته 300متر 
 شارع 30متر
 واجهه جنوبيه 
 عليها  730      ألف
 عليها كافة الضمانات  المطلوبة على العوازل والخزنات والبايكه والكهرباء والسباكه  ونتعامل مع جميع البنوك والشركات وتحويل من بنك لاخر  ونسعى فى توفير الدفعه الاولى مجانا وسداد المديونية وتخليص أمور البنك
 للتواصل 

     كودددددد 17",24.509872,46.643766,https://images.aqar.fm/webp/750x0/props/020124844_1760604636768.jpg | https://images.aqar.fm/webp/750x0/props/020124842_1760604636691.jpg | https://images.aqar.fm/webp/750x0/props/020124843_1760604636556.jpg | https://images.aqar.fm/webp/750x0/props/020124842_1760604636260.jpg | https://images.aqar.fm/webp/750x0/props/020124841_1760604636306.jpg | https://images.aqar.fm/webp/750x0/props/020124841_1760604636284.jpg | https://images.aqar.fm/webp/750x0/props/020124841_1760604636363.jpg | https://images.aqar.fm/webp/750x0/props/020124849_1760604636457.jpg | https://images.aqar.fm/webp/750x0/props/020124845_1760604636870.jpg | https://images.aqar.fm/webp/750x0/props/020124844_1760604637008.jpg | https://images.aqar.fm/webp/750x0/props/020124841_1760604637130.jpg | https://images.aqar.fm/webp/750x0/props/020124840_1760604637281.jpg | https://images.aqar.fm/webp/750x0/props/020124846_1760604637391.jpg,13,جبر لافي عوض العتيبي,مؤسسة اوائل نمار العقارية,1,2025-10-16,2025-10-16,2026-08-20,563,2026-08-23,True,"730,000",False,فيلا
6702491,https://sa.aqar.fm/فلل-للبيع/الرياض/جنوب-الرياض/حي-عكاظ/شارع-ابن-مشرف-حي-عكاظ-مدينة-الرياض-منطقة-الرياض-6702491,"فيلا للبيع في شارع ابن مشرف, حي عكاظ, مدينة الرياض, منطقة الرياض",1124000,251,5,0,0,4,حي عكاظ,الرياض,جنوب الرياض,"-الفله -
(الارضي الدور الاول)حوش +مشب +مجلس رجال +مقلط +صاله +صاله اكل +مطبخ +مستودع خلف المطبخ
(العلوي الدور الثاني) 4غرف ماستر كل وحده بحمام وحده منهم vip كبيره +صاله بالنص 
-الشقه -
درج داخلي مدخل خاص لها بابين غرفه ماستر مستقله +غرفيتين بينهم حمام ومطبخ وصاله",24.502114,46.665694,https://images.aqar.fm/webp/750x0/props/005366061_1779114585699.jpg | https://images.aqar.fm/webp/750x0/props/005366068_1779114605421.jpg | https://images.aqar.fm/webp/750x0/props/005366068_1779114605401.jpg | https://images.aqar.fm/webp/750x0/props/005366061_1779114605401.jpg | https://images.aqar.fm/webp/750x0/props/005366067_1779114650897.jpg | https://images.aqar.fm/webp/750x0/props/005366069_1779114650886.jpg | https://images.aqar.fm/webp/750x0/props/005366065_1779114650900.jpg | https://images.aqar.fm/webp/750x0/props/005366065_1779114650910.jpg | https://images.aqar.fm/webp/750x0/props/005366067_1779114650899.jpg | https://images.aqar.fm/webp/750x0/props/005366062_1779114650907.jpg | https://images.aqar.fm/webp/750x0/props/005366061_1779114650899.jpg,11,ريم القحطاني,مكتب أصول الاملاك للعقارات,1,2026-05-18,2026-08-15,2026-08-22,826,2026-08-23,True,"1,124,000",False,فيلا
6711744,https://sa.aqar.fm/فلل-للبيع/الرياض/جنوب-الرياض/حي-عكاظ/شارع-دمنهور-حي-عكاظ-الرياض-منطقة-الرياض-6711744,فيلا للبيع في شارع دمنهور ، حي عكاظ ، الرياض ، منطقة الرياض,1100000,229,7,6,3,0,حي عكاظ,الرياض,جنوب الرياض,,24.524071,46.663261,,,خالد عبدالله,,,2026-05-27,,2026-06-07,62,2026-08-23,False,طلب تسويق,False,فيلا
6634772,https://sa.aqar.fm/فلل-للبيع/الرياض/جنوب-الرياض/حي-عكاظ/شارع-حجة-الإسلام-حي-عكاظ-مدينة-الرياض-منطقة-الرياض-6634772,"فيلا للبيع في شارع حجة الإسلام, حي عكاظ, مدينة الرياض, منطقة الرياض",750000,252,5,5,3,0,حي عكاظ,الرياض,جنوب الرياض,"كود 7373
حي عكاظ مخطط العجلان
تاون مساحه 300م 
شارع 18 م
السعر ٧٧٠الف 

تتكون من مدخل سياره مجلس رجال مقلط صاله مطبخ
الاول ثلاث غرف منهم غرفه ماستر
الدور الثاني غرفتين نوم وصاله وسطح


الخلفي نفس التصميم ونفس كل شي",24.507078,46.668598,https://images.aqar.fm/webp/750x0/props/025998262_1774804843039.jpg | https://images.aqar.fm/webp/750x0/props/025998267_1774804843073.jpg,2,مشاعل دعيرم بن جربوع العتيبي,مؤسسة مكتب بداية جديدة للخدمات العقارية,1,2026-03-29,2026-08-22,2026-08-23,753,2026-08-23,True,"750,000",False,فيلا
6789389,https://sa.aqar.fm/فلل-للبيع/الرياض/جنوب-الرياض/حي-عكاظ/شارع-ناصر-بن-جعوان-حي-عكاظ-مدينة-الرياض-منطقة-الرياض-6789389,"فيلا للبيع في شارع ناصر بن جعوان, حي عكاظ, مدينة الرياض, منطقة الرياض",740000,127,7,5,3,0,حي عكاظ,الرياض,جنوب الرياض,"السلام عليكم ورحمة الله وبركاته اسعد الله أوقاتكم بكل خير للبيع 
تاون هاوس أمامي وخلفي
السعر 740 قابل لي التفاوض 
التفاصيل
مدخل سياره خاص
مجلس رجال بالحمام والمغاسل
مقلط
وصاله ومطبخ
الأول 
صاله
4غرف نوم منهم 2ماستر
الشقه 
مدخل خاص
راكب مصعد
مجلس رجال بالحمام والمغاسل
مجلس رجال بالحمام والمغاسل
مقلط وصاله ومطبخ 
3غرف نوم منهم 2ماستر
وسطحين
الضمانات:* 
* كود سعودي 
* شهادات اشغال 
* إشراف هندسي 
* إطلاق تيار 
* *10* سنوات هيكل انشائي
* *20* سنه كهرباء 
* *50* سنه سباكه
* *ضمان* علي العوازل كامله 
* *ضمان* بوبات
* *ضمان* من الموسسه المطوره    
 علي المبنئ كامل لمدة *سنه*

كما يوجد لدينا عروض اخري ومسحات مختلفه و بأسعار مناسبه للجميع ولدينا فريق عمل متكامل علي اكمل وجه ويوجد أيضآ جميع الحلول التمويليه نتعامل مع جميع البنوك في جميع أنحاء المملكة العربية السعودية و نوفر لكم الدفعه الأولى مجانأ و بدون اي فوائد 

*للتواصل والاستفسار:* 

*ابو خالد  / ((الرقم يظهر عند الضغط على اتصال))",24.504762,46.676487,https://images.aqar.fm/webp/750x0/props/039881056_1784983949842.jpg | https://images.aqar.fm/webp/750x0/props/039881059_1784983948442.jpg | https://images.aqar.fm/webp/750x0/props/039881056_1784983948542.jpg | https://images.aqar.fm/webp/750x0/props/039881057_1784983948638.jpg | https://images.aqar.fm/webp/750x0/props/039881059_1784983948755.jpg | https://images.aqar.fm/webp/750x0/props/039881055_1784983948829.jpg | https://images.aqar.fm/webp/750x0/props/039881051_1784983948897.jpg | https://images.aqar.fm/webp/750x0/props/039881057_1784983948943.jpg | https://images.aqar.fm/webp/750x0/props/039881052_1784983949021.jpg | https://images.aqar.fm/webp/750x0/props/039881054_1784983949077.jpg | https://images.aqar.fm/webp/750x0/props/039881058_1784983949120.jpg | https://images.aqar.fm/webp/750x0/props/039881053_1784983949206.jpg | https://images.aqar.fm/webp/750x0/props/039881054_1784983949509.jpg | https://images.aqar.fm/webp/750x0/props/039881056_1784983949508.jpg | https://images.aqar.fm/webp/750x0/props/039881055_1784983949523.jpg | https://images.aqar.fm/webp/750x0/props/039881050_1784983949618.jpg | https://images.aqar.fm/webp/750x0/props/039881059_1784983949616.jpg | https://images.aqar.fm/webp/750x0/props/039881051_1784983949724.jpg | https://images.aqar.fm/webp/750x0/props/039881050_1784983949748.jpg | https://images.aqar.fm/webp/750x0/props/039881055_1784983949790.jpg | https://images.aqar.fm/webp/750x0/props/039881051_1784983949923.jpg | https://images.aqar.fm/webp/750x0/props/039881056_1784983949842.jpg | https://images.aqar.fm/webp/750x0/props/039881059_1784983948442.jpg | https://images.aqar.fm/webp/750x0/props/039881056_1784983948542.jpg | https://images.aqar.fm/webp/750x0/props/039881057_1784983948638.jpg | https://images.aqar.fm/webp/750x0/props/039881059_1784983948755.jpg | https://images.aqar.fm/webp/750x0/props/039881055_1784983948829.jpg | https://images.aqar.fm/webp/750x0/props/039881051_1784983948897.jpg | https://images.aqar.fm/webp/750x0/props/039881057_1784983948943.jpg | https://images.aqar.fm/webp/750x0/props/039881052_1784983949021.jpg | https://images.aqar.fm/webp/750x0/props/039881054_1784983949077.jpg | https://images.aqar.fm/webp/750x0/props/039881058_1784983949120.jpg | https://images.aqar.fm/webp/750x0/props/039881053_1784983949206.jpg | https://images.aqar.fm/webp/750x0/props/039881054_1784983949509.jpg | https://images.aqar.fm/webp/750x0/props/039881056_1784983949508.jpg | https://images.aqar.fm/webp/750x0/props/039881055_1784983949523.jpg | https://images.aqar.fm/webp/750x0/props/039881050_1784983949618.jpg | https://images.aqar.fm/webp/750x0/props/039881059_1784983949616.jpg | https://images.aqar.fm/webp/750x0/props/039881051_1784983949724.jpg | https://images.aqar.fm/webp/750x0/props/039881050_1784983949748.jpg | https://images.aqar.fm/webp/750x0/props/039881055_1784983949790.jpg | https://images.aqar.fm/webp/750x0/props/039881051_1784983949923.jpg,42,امنه احمد,مؤسسة امنه احمد جبران مجرشي للخدمات العقارية,1,2026-07-25,2026-07-25,2026-08-20,270,2026-08-23,True,"740,000",False,فيلا
6792771,https://sa.aqar.fm/فلل-للبيع/الرياض/جنوب-الرياض/حي-عكاظ/شارع-لقاح-حي-عكاظ-مدينة-الرياض-منطقة-الرياض-6792771,"فيلا للبيع في شارع لقاح, حي عكاظ, مدينة الرياض, منطقة الرياض",1850000,420,5,0,0,4,حي عكاظ,الرياض,جنوب الرياض,"وصف العقار السكني

الموقع

يقع العقار في حي عكاظ بالقرب من منتزه عكاظ، في موقع سكني هادئ وقريب من الخدمات والمرافق العامة.

بيانات العقار

* عمر العقار: 4 سنوات
* الاستخدام: سكني
* عدد الشقق: 2 شقة سكنية مستقلة

⸻

أولاً: الدور الأرضي

يتكون الدور الأرضي من:

* مجلس رئيسي.
* مجلس منقلب.
* ملحق خارجي مستقل مزود بدورة مياه.
* دورة مياه للضيوف.
* مغاسل رجال.
* صالة معيشة.
* صالة طعام.
* غرفة مخصصة لكبار السن.
* مطبخ رئيسي.

⸻

ثانياً: الدور الأول

يتكون الدور الأول من:

* ثلاث غرف نوم.
* غرفتي نوم بينهما دورة مياه مشتركة.
* غرفة نوم رئيسية (ماستر).
* غرفة خادمة في الجزء العلوي مزودة بدورة مياه خاصة.
* سطح مستقل.

⸻

ثالثاً: الشقق السكنية

يوجد عدد (2) شقة سكنية مستقلة بالكامل.

يتكون كل شقة من:

* مدخلين مستقلين (مدخل رجال ومدخل إضافي).
* مجلس ضيوف.
* دورة مياه للمجلس.
* صالة معيشة.
* غرفتي نوم.
* دورة مياه.
* مطبخ.

⸻

إعداد الوصف

مؤسسة بيت الأفكار للتطوير العقاري
رقم الجوال: ((الرقم يظهر عند الضغط على اتصال))",24.503787,46.670455,https://images.aqar.fm/webp/750x0/props/028869660_1785160609251.jpg | https://images.aqar.fm/webp/750x0/props/028869667_1785160609042.jpg | https://images.aqar.fm/webp/750x0/props/028869661_1785160609256.jpg | https://images.aqar.fm/webp/750x0/props/028869663_1785160609203.jpg | https://images.aqar.fm/webp/750x0/props/028869665_1785160609249.jpg | https://images.aqar.fm/webp/750x0/props/028869663_1785160609215.jpg | https://images.aqar.fm/webp/750x0/props/028869669_1785160609247.jpg | https://images.aqar.fm/webp/750x0/props/028869663_1785160609042.jpg | https://images.aqar.fm/webp/750x0/props/028869669_1787322817584.jpg,9,عبدالعزيز احمد عبدالله,مؤسسة بيت الأفكار للتطوير العقاري,1,2026-07-27,2026-07-27,2026-08-22,287,2026-08-23,True,"1,850,000",False,فيلا
6395504,https://sa.aqar.fm/فلل-للبيع/الرياض/جنوب-الرياض/حي-عكاظ/شارع-حامد-القاري-حي-عكاظ-مدينة-الرياض-منطقة-الرياض-6395504,"فيلا للبيع في شارع حامد القاري, حي عكاظ, مدينة الرياض, منطقة الرياض",750000,252,5,,,0,حي عكاظ,الرياض,جنوب الرياض,"فيلا تاون هاوس للبيع تلات ادوار عليها جميع الضمانات جديده تقبل بنك وكاش 
للتواصل ((رقم المعلن يظهر عند التواصل))",24.506211,46.667511,https://images.aqar.fm/webp/750x0/props/042501588_1758683424184.jpg | https://images.aqar.fm/webp/750x0/props/042501583_1758683423817.jpg | https://images.aqar.fm/webp/750x0/props/042501584_1758683423932.jpg | https://images.aqar.fm/webp/750x0/props/042501588_1758683424073.jpg | https://images.aqar.fm/webp/750x0/props/042501580_1758683424316.jpg | https://images.aqar.fm/webp/750x0/props/042501583_1758683424553.jpg | https://images.aqar.fm/webp/750x0/props/042501582_1758683424645.jpg | https://images.aqar.fm/webp/750x0/props/042501580_1758683424819.jpg | https://images.aqar.fm/webp/750x0/props/042501589_1758683425046.jpg | https://images.aqar.fm/webp/750x0/props/042501582_1758683425172.jpg | https://images.aqar.fm/webp/750x0/props/042501581_1758683425374.jpg | https://images.aqar.fm/webp/750x0/props/042501586_1758683425551.jpg | https://images.aqar.fm/webp/750x0/props/042501584_1758683425786.jpg | https://images.aqar.fm/webp/750x0/props/042501588_1758683425956.jpg | https://images.aqar.fm/webp/750x0/props/042501581_1758683426188.jpg | https://images.aqar.fm/webp/750x0/props/042501587_1758683426333.jpg | https://images.aqar.fm/webp/750x0/props/042501586_1758683426543.jpg | https://images.aqar.fm/webp/750x0/props/042501581_1758683426777.jpg | https://images.aqar.fm/webp/750x0/props/042501580_1758683426920.jpg | https://images.aqar.fm/webp/750x0/props/042501589_1758683427154.jpg | https://images.aqar.fm/webp/750x0/props/042501582_1758683427288.jpg | https://images.aqar.fm/webp/750x0/props/042501588_1758683427537.jpg | https://images.aqar.fm/webp/750x0/props/042501582_1758683427673.jpg,23,منيره خالد مقبل القحطاني,مؤسسة البداية الصحيحة للخدمات العقارية,1,2025-09-24,2025-09-24,2026-07-30,1157,2026-08-23,True,"750,000",False,فيلا
6513529,https://sa.aqar.fm/فلل-للبيع/الرياض/جنوب-الرياض/حي-عكاظ/شارع-جعفر-بن-أبي-المغيرة-حي-عكاظ-مدينة-الرياض-منطقة-الرياض-6513529,"فيلا للبيع في شارع جعفر بن أبي المغيرة, حي عكاظ, مدينة الرياض, منطقة الرياض",849000,245,5,,,0,حي عكاظ,الرياض,جنوب الرياض,"فلل تاون هاوس 
حي سما عكاظ 
المساحه 325 متر
الوجهة شرقيه
سعر الارضي 850 الف 
سعر العلوي 600 الف
$$$&&#@
تفاصيل الأرضي
مشب و مجلس وصاله ومطبخ وغرفة نوم
وثلاث غرف نوم وصالة
#########
تفاصيل الفيلا من الداخل
مدخل سياره
الدور الاول مدخلين رجال و نساء
مجلس رجال مع مغاسل وصالة ومطبخ
الدور العلوي
غرفتين نوم بحمام مشترك وغرفة نوم ماستر
وصاله وسطح

يوجد سداد المديونية مجانا 
وتوفير الدفعة المقدمة مجانا",24.501392,46.654444,https://images.aqar.fm/webp/750x0/props/028314687_1766219663329.jpg | https://images.aqar.fm/webp/750x0/props/028314684_1766219663330.jpg,2,تماني بنت عقيل بن فارس العنزي,مكتب مساكن المهلهل,1,2025-12-20,2025-12-20,2026-08-23,342,2026-08-23,True,"849,000",False,فيلا
6630761,https://sa.aqar.fm/فلل-للبيع/الرياض/جنوب-الرياض/حي-عكاظ/شارع-النوارس-حي-عريض-الرياض-منطقة-الرياض-6630761,فيلا للبيع في شارع النوارس ، حي عريض ، الرياض ، منطقة الرياض,1100000,350,5,5,2,1,حي عكاظ,الرياض,جنوب الرياض,,24.501848,46.66309,https://images.aqar.fm/webp/750x0/props/041004410_1774428360572.jpg,1,علي بن عبدالله بن حسن البواردي,,,2026-03-25,,2026-05-30,59,2026-08-23,False,طلب تسويق,False,فيلا
6784771,https://sa.aqar.fm/فلل-للبيع/الرياض/جنوب-الرياض/حي-عكاظ/شارع-ابن-أبي-الفخار-حي-عكاظ-مدينة-الرياض-منطقة-الرياض-6784771,"فيلا للبيع في شارع ابن أبي الفخار, حي عكاظ, مدينة الرياض, منطقة الرياض",1450000,307,5,0,0,0,حي عكاظ,الرياض,جنوب الرياض,"للبيع فلة مستقلة درج صالة بتصميم عصري و تشطيب عالي الجودة 

الفلة بواجهه جنوبيه غربية باطلاله مميزه وتصميم عصري فريد 

الدور الارضي استقبال
 يحتوي على ملحق خارجي و مساحه خارجيه كبيره 
و بالاضافه إلى منطقه تشجير في المساحة الاماميه والخلفية 

الملحق الخارجي مساحته ممتازه بواجهه زجاجيه وسقف عالي 
مع دورة مياة خارجيه 
المجلس مساحه كبيره و مع دوره مياة خاصه بالمجلس 
وغرفه طعام او مقلط بمساحه واسعه 
صالة كبيرة مع دورة مياة  والمطبخ مع باب يفتح على المساحه الخلفيه 

الدور العلوي الأول يحتوي على 
صالة 
غرفتين ماستر واحدة بمساحه كبيرة والآخرى ممتازة 
غرفتين نوم مع دورة مياة مشتركة 

الدور الثاني غرفة خادمة مع دورة مياة 
وسطح واسع",24.502533,46.660759,https://images.aqar.fm/webp/750x0/props/048793413_1784670866564.jpg | https://images.aqar.fm/webp/750x0/props/048793414_1784670947739.jpg | https://images.aqar.fm/webp/750x0/props/048793416_1784670990546.jpg | https://images.aqar.fm/webp/750x0/props/048793410_1784671003919.jpg | https://images.aqar.fm/webp/750x0/props/048793415_1784671022494.jpg | https://images.aqar.fm/webp/750x0/props/048793414_1784671042615.jpg | https://images.aqar.fm/webp/750x0/props/048793412_1784671075758.jpg | https://images.aqar.fm/webp/750x0/props/048793419_1784671096435.jpg | https://images.aqar.fm/webp/750x0/props/048793416_1784671156437.jpg | https://images.aqar.fm/webp/750x0/props/048793415_1784671231153.jpg | https://images.aqar.fm/webp/750x0/props/048793414_1784671230991.jpg | https://images.aqar.fm/webp/750x0/props/048793412_1784671231249.jpg | https://images.aqar.fm/webp/750x0/props/048793411_1784671231236.jpg | https://images.aqar.fm/webp/750x0/props/048793412_1784671230450.jpg | https://images.aqar.fm/webp/750x0/props/048793419_1784671230535.jpg | https://images.aqar.fm/webp/750x0/props/048793412_1784671230412.jpg | https://images.aqar.fm/webp/750x0/props/048793415_1784671230425.jpg | https://images.aqar.fm/webp/750x0/props/048793418_1784671351460.jpg | https://images.aqar.fm/webp/750x0/props/048793416_1784671379690.jpg | https://images.aqar.fm/webp/750x0/props/048793410_1784671411651.jpg | https://images.aqar.fm/webp/750x0/props/048793418_1784671435997.jpg | https://images.aqar.fm/webp/750x0/props/048793414_1784671436020.jpg,22,سيف عبدالله,مؤسسة المحور المثالي,1,2026-07-21,2026-07-21,2026-08-21,149,2026-08-23,True,"1,450,000",False,فيلا
6357855,https://sa.aqar.fm/فلل-للبيع/الرياض/جنوب-الرياض/حي-عكاظ/شارع-حامد-القاري-حي-عكاظ-مدينة-الرياض-منطقة-الرياض-6357855,"فيلا للبيع في شارع حامد القاري, حي عكاظ, مدينة الرياض, منطقة الرياض",800000,281,4,1,0,0,حي عكاظ,الرياض,جنوب الرياض,"بسم الله الرحمن الرحيم

🏡 تاون هاوس دورين و شقق بمدخل خاص راكب مصعد – حي عكاظ (مخطط العجلان)
📍 موقع مميز – شارع 20م – مساحة 300م²
🔹 واجهة أمامية + خلفية
🔹 شقة بالسطح بمدخل خاص – مصعد راكب

💰 الأسعار:

الأمامي / الخلفي: 800,000 ريال

الشقة: 600,000 ريال (قابل للتفاوض)

✨ التفاصيل:

🔸 الواجهة الأمامية:

مدخل سيارة

مجلس رجال + مقلط + صالة + مطبخ

4 غرف نوم (منها غرفتين ماستر)

🔸 الواجهة الخلفية:

مدخل سيارة

مجلس رجال + مقلط + صالة + مطبخ

الدور الأول: صالة + 3 غرف نوم (منها غرفة ماستر)

🔸 الشقة (مدخل خاص – مصعد):

مدخل سيارة

مجلس رجال + صالة + مطبخ

غرفتين نوم (منها غرفة ماستر)

سطح أمامي وخلفي

📞 للتواصل والاستفسار:

((رقم المعلن يظهر عند التواصل))",24.506262,46.666945,https://images.aqar.fm/webp/750x0/props/047674997_1756555115049.jpg,1,مشاعل دعيرم بن جربوع العتيبي,مؤسسة مكتب بداية جديدة للخدمات العقارية,1,2025-08-30,2025-08-30,2026-08-21,806,2026-08-23,True,"800,000",False,فيلا
6385407,https://sa.aqar.fm/فلل-للبيع/الرياض/جنوب-الرياض/حي-عكاظ/شارع-إسماعيل-القيسي-حي-عكاظ-مدينة-الرياض-منطقة-الرياض-6385407,"فيلا للبيع في شارع إسماعيل القيسي, حي عكاظ, مدينة الرياض, منطقة الرياض",750000,264,5,5,3,0,حي عكاظ,الرياض,جنوب الرياض,"عملائنا الكرام اسعد الله اوقاتكم بالخير والبركات 🤍 
نقدم لكم  تاون هاوس 
تتميز المشروع بتصاميم معمارية حديثة وانيقة تجمع بين الجمالية والوظيفية 
مريحة وجذابة 
مساحات متنوعة
يقع الدور في موقع مميز يوفر سهولة الوصول الي المسجد  والمرافق الحيوية مثل المدارس المستشفيات مراكز التسويق مما يجعل الحياة اليومية اكثر سهولة وراحة 
تصاميم عصرية تامين ملاذ ضمان ٢٥ عام",24.506448,46.673105,https://images.aqar.fm/webp/750x0/props/048289769_1758043328348.jpg | https://images.aqar.fm/webp/750x0/props/048289769_1758043328775.jpg | https://images.aqar.fm/webp/750x0/props/048289765_1758043326400.jpg | https://images.aqar.fm/webp/750x0/props/048289762_1758043326754.jpg | https://images.aqar.fm/webp/750x0/props/048289767_1758043326774.jpg | https://images.aqar.fm/webp/750x0/props/048289763_1758043326972.jpg | https://images.aqar.fm/webp/750x0/props/048289763_1758043326974.jpg | https://images.aqar.fm/webp/750x0/props/048289764_1758043327125.jpg | https://images.aqar.fm/webp/750x0/props/048289764_1758043327258.jpg | https://images.aqar.fm/webp/750x0/props/048289766_1758043327379.jpg | https://images.aqar.fm/webp/750x0/props/048289765_1758043327494.jpg | https://images.aqar.fm/webp/750x0/props/048289767_1758043327628.jpg | https://images.aqar.fm/webp/750x0/props/048289760_1758043327796.jpg | https://images.aqar.fm/webp/750x0/props/048289767_1758043327912.jpg | https://images.aqar.fm/webp/750x0/props/048289768_1758043328099.jpg | https://images.aqar.fm/webp/750x0/props/048289761_1758043328218.jpg | https://images.aqar.fm/webp/750x0/props/048289766_1758043328544.jpg | https://images.aqar.fm/webp/750x0/props/048289769_1758043328815.jpg | https://images.aqar.fm/webp/750x0/props/048289765_1758043328954.jpg | https://images.aqar.fm/webp/750x0/props/048289761_1758043329210.jpg,20,منيره خالد مقبل القحطاني,مؤسسة البداية الصحيحة للخدمات العقارية,1,2025-09-16,2025-09-16,2026-06-30,248,2026-08-23,True,"750,000",False,فيلا
6492414,https://sa.aqar.fm/فلل-للبيع/الرياض/جنوب-الرياض/حي-عكاظ/شارع-الصفار-الذهبي-حي-عكاظ-مدينة-الرياض-منطقة-الرياض-6492414,"فيلا للبيع في شارع الصفار الذهبي, حي عكاظ, مدينة الرياض, منطقة الرياض",700000,233,5,3,0,0,حي عكاظ,الرياض,جنوب الرياض,"السلام عليكم ورحمة الله وبركاته اسعد الله اوقاتكم بكل خير للبيع فيلا 
تاون هاوس نظام دوبلكسات حي عكاظ 
مساحه ٢٣٣ متر 
سعرها 700
ويوجد لدينا سداد المديونية وحلول دفعة تمويلية ميسره ويوجد لدينا ضمانات السباكه والكهرباء ولدينا التعامل مع جميع الشركات والبنوك ولدينا مساحات تناسب الجميع التواصل واتس على هذا الرقم",24.505222,46.674622,https://images.aqar.fm/webp/750x0/props/050335366_1775862182217.jpg,1,فايز مصلح,مؤسسة فايز مصلح المطيري,1,2025-12-03,2025-12-03,2026-08-20,779,2026-08-23,True,"700,000",False,فيلا
6781610,https://sa.aqar.fm/فلل-للبيع/الرياض/جنوب-الرياض/حي-عكاظ/شارع-عبداللطيف-المبارك-حي-عكاظ-مدينة-الرياض-منطقة-الرياض-6781610,"فيلا للبيع في شارع عبداللطيف المبارك, حي عكاظ, مدينة الرياض, منطقة الرياض",730000,248,6,,,0,حي عكاظ,الرياض,جنوب الرياض,"تاون هاوس أمامي وخلفي
السعر 720
البيع بدون الاساس
التفاصيل
مدخل سياره خاص
مجلس رجال بالحمام والمغاسل
مقلط
وصاله ومطبخ
الأول 
صاله
4غرف نوم منهم 2ماستر
الشقه 
السعر 550
مدخل خاص
راكب مصعد
مجلس رجال بالحمام والمغاسل
مجلس رجال بالحمام والمغاسل
مقلط وصاله ومطبخ 
3غرف نوم منهم 2ماستر
وسطحين
للتواصل
((الرقم يظهر عند الضغط على اتصال))",24.522484,46.65318,https://images.aqar.fm/webp/750x0/props/041620157_1784499938281.jpg | https://images.aqar.fm/webp/750x0/props/041620154_1784499961409.jpg | https://images.aqar.fm/webp/750x0/props/041620154_1784499961546.jpg | https://images.aqar.fm/webp/750x0/props/041620159_1784499961687.jpg | https://images.aqar.fm/webp/750x0/props/041620152_1784499961690.jpg | https://images.aqar.fm/webp/750x0/props/041620155_1784499961790.jpg | https://images.aqar.fm/webp/750x0/props/041620153_1784499961792.jpg | https://images.aqar.fm/webp/750x0/props/041620159_1784499961957.jpg | https://images.aqar.fm/webp/750x0/props/041620150_1784499961952.jpg | https://images.aqar.fm/webp/750x0/props/041620152_1784499962025.jpg | https://images.aqar.fm/webp/750x0/props/041620151_1784499962031.jpg | https://images.aqar.fm/webp/750x0/props/041620155_1784499962028.jpg | https://images.aqar.fm/webp/750x0/props/041620159_1784499962199.jpg | https://images.aqar.fm/webp/750x0/props/041620152_1784499962259.jpg | https://images.aqar.fm/webp/750x0/props/041620158_1784499962258.jpg | https://images.aqar.fm/webp/750x0/props/041620150_1784499962324.jpg | https://images.aqar.fm/webp/750x0/props/041620154_1784499962321.jpg | https://images.aqar.fm/webp/750x0/props/041620150_1784499962441.jpg | https://images.aqar.fm/webp/750x0/props/041620158_1784499962521.jpg | https://images.aqar.fm/webp/750x0/props/041620152_1784499962584.jpg | https://images.aqar.fm/webp/750x0/props/041620153_1784499962585.jpg | https://images.aqar.fm/webp/750x0/props/041620157_1784499962583.jpg,22,امنه احمد,مؤسسة امنه احمد جبران مجرشي للخدمات العقارية,1,2026-07-19,2026-08-18,2026-08-23,659,2026-08-23,True,"730,000",False,فيلا
6701007,https://sa.aqar.fm/فلل-للبيع/الرياض/جنوب-الرياض/حي-عكاظ/شارع-أبي-محمد-الناصح-حي-عكاظ-مدينة-الرياض-منطقة-الرياض-6701007,"فيلا للبيع في شارع أبي محمد الناصح, حي عكاظ, مدينة الرياض, منطقة الرياض",950000,250,6,5,0,7,حي عكاظ,الرياض,جنوب الرياض,"للبيع فيلا حي عكاظ 

عداد كهرب مستقل
الموقع قريب من حديقه ومنتزه عكاظ ثلاث دقايق مشي وقريب جداً من قاعده الملك سلمان وقريب من طريق ديراب وقريب من مشروع القديه 
ويوجد في الشارع الخلفي مباشره نادي رياضي وصيدليه وسوبر ماركت 
الشارع 15 
المساحة 250 متر

7 دورات مياة
عمر العقار 7
شارع سكني
يتوفر مطبخ جاهز ومستودع خارجي
يتوفر درج
يتوفر حوش

مدخل سيارة ومظله
 6 غرف
 3 صالات
 6 دورات مياة
درج
مدخل سيارة
مشب",24.518358,46.677792,https://images.aqar.fm/webp/750x0/props/005366065_1779032870690.jpg,1,ريم القحطاني,مكتب أصول الاملاك للعقارات,1,2026-05-17,2026-08-12,2026-08-22,2560,2026-08-23,True,"950,000",False,فيلا
6697085,https://sa.aqar.fm/فلل-للبيع/الرياض/جنوب-الرياض/حي-عكاظ/شارع-ابن-المنذر-حي-عكاظ-مدينة-الرياض-منطقة-الرياض-6697085,"فيلا للبيع في شارع ابن المنذر, حي عكاظ, مدينة الرياض, منطقة الرياض",1090000,287,5,5,2,0,حي عكاظ,الرياض,جنوب الرياض,"🏡 تاون هاوس للبيع بحي عكاظ – مشروع روت 14 | مساحات واسعة وموقع مميز ✨ 

فرصة تملك تاون هاوس فاخر في حي عكاظ ضمن مشروع روت 14، بمساحة  الأجمالية 300م وواجهة غربية، بتصميم عصري يناسب العائلات الباحثة عن الراحة والخصوصية 👌 

🔹 تفاصيل العقار:

الدور الأرضي:
▪️ مجلس رجال
▪️ صالة عائلية واسعة
▪️ صالة طعام
▪️ مجلس نساء
▪️ مطبخ
▪️ 3 دورات مياه 

الدور الثاني:
▪️ 4 غرف نوم 
▪️ غرفتين ماستر

السطح:
▪️ صالة
▪️ غرفتين نوم
▪️ دورة مياه

📍 مميزات الموقع:
✔️ دقيقة عن طريق ديراب
✔️ 5 دقائق عن متنزه عكاظ 
✔️ دقيقة عن مستشفى الإمام عبدالرحمن الفيصل
✔️ 15 دقيقة عن مستشفى سليمان الحبيب 
✔️ 10 دقائق عن القصر مول 
✔️ 30 دقيقة عن المزاحمية 

🔹 الضمانات:
✔️ 25 سنة على الكهرباء 
✔️ 15 سنة على السباكة 
✔️ 10 سنوات على العزل المائي 
✔️ 10 سنوات تأمين ملاذ 
✔️ 5 سنوات على السخانات 
✔️ 3 سنوات على الأدوات الصحية 
✔️ سنتين على المضخة
✔️ سنتين على باب الكراج

💸 السعر: 1,090,000 ريال",24.511334,46.670635,https://images.aqar.fm/webp/750x0/props/051063801_1778763529018.jpg | https://images.aqar.fm/webp/750x0/props/051063800_1778763529021.jpg | https://images.aqar.fm/webp/750x0/props/051063807_1778763529022.jpg | https://images.aqar.fm/webp/750x0/props/051063805_1778763529026.jpg | https://images.aqar.fm/webp/750x0/props/051063808_1778763529029.jpg | https://images.aqar.fm/webp/750x0/props/051063807_1778763529035.jpg | https://images.aqar.fm/webp/750x0/props/051063800_1778763529090.jpg | https://images.aqar.fm/webp/750x0/props/051063800_1778763529042.jpg | https://images.aqar.fm/webp/750x0/props/051063801_1778763529040.jpg | https://images.aqar.fm/webp/750x0/props/051063805_1778763529042.jpg | https://images.aqar.fm/webp/750x0/props/051063809_1778763529048.jpg | https://images.aqar.fm/webp/750x0/props/051063807_1778763529045.jpg | https://images.aqar.fm/webp/750x0/props/051063809_1778763529050.jpg | https://images.aqar.fm/webp/750x0/props/051063806_1778763529053.jpg | https://images.aqar.fm/webp/750x0/props/051063800_1778763529055.jpg | https://images.aqar.fm/webp/750x0/props/051063804_1778763529145.jpg | https://images.aqar.fm/webp/750x0/props/051063803_1778763529109.jpg | https://images.aqar.fm/webp/750x0/props/051063805_1778763529114.jpg | https://images.aqar.fm/webp/750x0/props/051063800_1778763529116.jpg | https://images.aqar.fm/webp/750x0/props/051063806_1778763529115.jpg | https://images.aqar.fm/webp/750x0/props/051063802_1778763529124.jpg | https://images.aqar.fm/webp/750x0/props/051063804_1778763529122.jpg | https://images.aqar.fm/webp/750x0/props/051063802_1778763529121.jpg | https://images.aqar.fm/webp/750x0/props/051063805_1778763529128.jpg | https://images.aqar.fm/webp/750x0/props/051063803_1778763529132.jpg | https://images.aqar.fm/webp/750x0/props/051063805_1778763529134.jpg | https://images.aqar.fm/webp/750x0/props/051063805_1778763529133.jpg | https://images.aqar.fm/webp/750x0/props/051063805_1778763529130.jpg | https://images.aqar.fm/webp/750x0/props/051063805_1778763579762.jpg | https://images.aqar.fm/webp/750x0/props/051063805_1778763579762.jpg,30,مسعود بن مسفر بن شعف العتيبي,شركة ويانا,1,2026-05-14,2026-08-09,2026-08-23,368,2026-08-23,True,"1,090,000",False,فيلا
6801054,https://sa.aqar.fm/فلل-للبيع/الرياض/جنوب-الرياض/حي-عكاظ/شارع-سعيد-الماجد-حي-عكاظ-مدينة-الرياض-منطقة-الرياض-6801054,"فيلا للبيع في شارع سعيد الماجد, حي عكاظ, مدينة الرياض, منطقة الرياض",1500000,300,4,0,0,8,حي عكاظ,الرياض,جنوب الرياض,"فله الدور الارضي مجلس ومقلط وصالتين ومطبخ وحمامين 
ودرج داخلي
الدور الاول اربع غرف غرفتين ماستر وغرفتين حمام مشترك وصاله 
الدور الثاني غرفه شغال ماستر وغرفه غسيل

السطح فيه شقه مسسها بنيان بس باقي ماسقفتها",24.520078,46.654358,https://images.aqar.fm/webp/750x0/props/042839188_1785626314113.jpg | https://images.aqar.fm/webp/750x0/props/042839184_1785626342403.jpg | https://images.aqar.fm/webp/750x0/props/042839186_1785626342362.jpg | https://images.aqar.fm/webp/750x0/props/042839184_1785626342412.jpg | https://images.aqar.fm/webp/750x0/props/042839189_1785626342356.jpg | https://images.aqar.fm/webp/750x0/props/042839189_1785626342397.jpg | https://images.aqar.fm/webp/750x0/props/042839184_1785626342326.jpg | https://images.aqar.fm/webp/750x0/props/042839181_1785626342378.jpg | https://images.aqar.fm/webp/750x0/props/042839189_1785626342482.jpg,9,مرضي عبدالله,,,2026-08-01,2026-08-01,2026-08-18,144,2026-08-23,True,"1,500,000",False,فيلا
6357009,https://sa.aqar.fm/فلل-للبيع/الرياض/جنوب-الرياض/حي-عكاظ/شارع-حامد-القاري-حي-عكاظ-مدينة-الرياض-منطقة-الرياض-6357009,"فيلا للبيع في شارع حامد القاري, حي عكاظ, مدينة الرياض, منطقة الرياض",730000,281,4,4,2,0,حي عكاظ,الرياض,جنوب الرياض,"بسم الله الرحمن الرحيم

🏡 تاون هاوس ثلاث ادوار  حي عكاظ (مخطط العجلان)
📍 موقع مميز – شارع 20م 
السعر 750 الف 
مجالس واستقبال و5 غرف 

✨ التفاصيل:
🔸 الواجهة شرقيه:
مدخل سيارة مدخلين مدخل رجال منفصل عن مدخل النساء
مجلس رجال + مقلط + صالة + مطبخ
الاول صاله  و3 غرف نوم (منها غرفه ماستر)
الثانى صاله وغرفتين والسطح 

📞 للتواصل والاستفسار/ ((ابو فيصل))",24.506262,46.666945,https://images.aqar.fm/webp/750x0/props/042529641_1775025811534.jpg | https://images.aqar.fm/webp/750x0/props/042529648_1775025811642.jpg | https://images.aqar.fm/webp/750x0/props/042529645_1775025809922.jpg | https://images.aqar.fm/webp/750x0/props/042529648_1775025810107.jpg | https://images.aqar.fm/webp/750x0/props/042529645_1775025810212.jpg | https://images.aqar.fm/webp/750x0/props/042529645_1775025810301.jpg | https://images.aqar.fm/webp/750x0/props/042529648_1775025810413.jpg | https://images.aqar.fm/webp/750x0/props/042529645_1775025810480.jpg | https://images.aqar.fm/webp/750x0/props/042529645_1775025810586.jpg | https://images.aqar.fm/webp/750x0/props/042529648_1775025810684.jpg | https://images.aqar.fm/webp/750x0/props/042529643_1775025810805.jpg | https://images.aqar.fm/webp/750x0/props/042529645_1775025810918.jpg | https://images.aqar.fm/webp/750x0/props/042529648_1775025811010.jpg | https://images.aqar.fm/webp/750x0/props/042529643_1775025811114.jpg | https://images.aqar.fm/webp/750x0/props/042529643_1775025811214.jpg | https://images.aqar.fm/webp/750x0/props/042529643_1775025811317.jpg | https://images.aqar.fm/webp/750x0/props/042529646_1775025811420.jpg | https://images.aqar.fm/webp/750x0/props/042529648_1775025811796.jpg,18,مشاعل دعيرم بن جربوع العتيبي,مؤسسة مكتب بداية جديدة للخدمات العقارية,1,2025-08-29,2025-08-29,2026-08-23,1675,2026-08-23,True,"730,000",False,فيلا
6692841,https://sa.aqar.fm/فلل-للبيع/الرياض/جنوب-الرياض/حي-عكاظ/شارع-علي-بن-الحسن-الخزرجي-حي-عكاظ-مدينة-الرياض-منطقة-الرياض-6692841,"فيلا للبيع في شارع علي بن الحسن الخزرجي, حي عكاظ, مدينة الرياض, منطقة الرياض",650000,264,5,,,0,حي عكاظ,الرياض,جنوب الرياض,"السلام عليكم ورحمة الله وبركاته  [ 5 ] أبو سالم 
نقدم لكم دور علوي
 مساحة 300 متر 
السعر 650 الف 
يتكون مدخل سياره مجلس رجالي بلمغاسل ومقلط وصاله نساء وصاله ومطبخ ثلاث غرف نوم وحده ماستر  درج خارجي سطح كبير وسطح صغير ودورة مياه
نتعامل مع جميع البنوك والشركات العقارية ولدينا تسهيلات بنكيه ونوفر لك الدفعه الاولي مجانا",24.503245,46.67703,https://images.aqar.fm/webp/750x0/props/045841409_1778526991785.jpg | https://images.aqar.fm/webp/750x0/props/045841404_1778526991567.jpg | https://images.aqar.fm/webp/750x0/props/045841408_1778526991787.jpg | https://images.aqar.fm/webp/750x0/props/045841402_1778526991903.jpg | https://images.aqar.fm/webp/750x0/props/045841406_1778526991905.jpg | https://images.aqar.fm/webp/750x0/props/045841407_1778526992028.jpg | https://images.aqar.fm/webp/750x0/props/045841400_1778526992028.jpg | https://images.aqar.fm/webp/750x0/props/045841400_1778526992142.jpg | https://images.aqar.fm/webp/750x0/props/045841401_1778526992232.jpg | https://images.aqar.fm/webp/750x0/props/045841400_1778526992308.jpg | https://images.aqar.fm/webp/750x0/props/045841408_1778526992371.jpg | https://images.aqar.fm/webp/750x0/props/045841405_1778526992407.jpg | https://images.aqar.fm/webp/750x0/props/045841407_1778526992614.jpg | https://images.aqar.fm/webp/750x0/props/045841403_1778526992707.jpg | https://images.aqar.fm/webp/750x0/props/045841403_1778526992621.jpg | https://images.aqar.fm/webp/750x0/props/045841405_1778526992624.jpg,16,علي فايز مصلح الزبيدي,مؤسسة علي فايز مصلح الزبيدي لخدمات الأعمال,1,2026-05-11,2026-08-07,2026-08-23,2671,2026-08-23,True,"650,000",False,فيلا
6672616,https://sa.aqar.fm/فلل-للبيع/الرياض/جنوب-الرياض/حي-عكاظ/شارع-لقاح-حي-عكاظ-مدينة-الرياض-منطقة-الرياض-6672616,"فيلا للبيع في شارع لقاح, حي عكاظ, مدينة الرياض, منطقة الرياض",750000,264,5,5,3,0,حي عكاظ,الرياض,جنوب الرياض,"اسعد الله اوقاتكم بكل خير 
تقدم لكم شركة دار المستفيد العقارية عرضها المميز لعملاءها الكرام 
تاون هاوس ارضى 
المساحة ٣٠٠ متر
السعر ٧٥٠ الف
بحى العجلان
الشغل مرة ممتاز والتشطيبات على اعلى مستوى
ضمانات على كل شى
تامين ملاذ لمدة عشر سنوات
اشراف هندسى
كما يوجد لدينا جميع التسهيلات البنكية
نوفر لكم جميع العروض والمساحات المختلفة
لدينا فريق عمل يتعامل مع جميع البنوك
نوفر العروض فى جنوب وغرب الرياض
للتواصل٠٥٥٤٤٩٧٩٧٣",24.504387,46.671719,https://images.aqar.fm/webp/750x0/props/041339688_1777322391721.jpg | https://images.aqar.fm/webp/750x0/props/041339689_1777322391743.jpg | https://images.aqar.fm/webp/750x0/props/041339687_1777322391753.jpg | https://images.aqar.fm/webp/750x0/props/041339685_1777322391744.jpg | https://images.aqar.fm/webp/750x0/props/041339689_1777322391747.jpg | https://images.aqar.fm/webp/750x0/props/041339689_1777322391739.jpg | https://images.aqar.fm/webp/750x0/props/041339685_1777322391732.jpg | https://images.aqar.fm/webp/750x0/props/041339680_1777322391733.jpg,8,ريناد خالد مشبب القحطاني,مكتب دار المستفيد للعقارات,1,2026-04-27,2026-07-24,2026-08-14,683,2026-08-23,True,"750,000",False,فيلا
6710699,https://sa.aqar.fm/فلل-للبيع/الرياض/جنوب-الرياض/حي-عكاظ/شارع-يعقوب-بن-أبي-الفضل-حي-عكاظ-مدينة-الرياض-منطقة-الرياض-6710699,"فيلا للبيع في شارع يعقوب بن أبي الفضل, حي عكاظ, مدينة الرياض, منطقة الرياض",700000,840,7,5,0,0,حي عكاظ,الرياض,جنوب الرياض,"فلل تاون هاوس في مخطط العجلان حي عكاظ
* فيلا اماميه وفيلا خلفيه
المساحة : ٢٤٥ م
مجلس+مقلط+صاله+مطبخ+٦ دورات مياه+٦ غرف نوم+سطح
جميع الضمانات متوفره
الأسعار :
تاون هاوس فيلا اماميه 850.000
تاون هاوس فيلا خلفيه 770000",24.5076,46.672493,https://images.aqar.fm/webp/750x0/props/017833284_1779720460067.jpg | https://images.aqar.fm/webp/750x0/props/017833286_1779720460113.jpg | https://images.aqar.fm/webp/750x0/props/017833284_1779720460069.jpg | https://images.aqar.fm/webp/750x0/props/017833283_1779720460047.jpg,4,نايف شليويح نوار العتيبي,,,2026-05-25,2026-07-22,2026-08-21,787,2026-08-23,True,"700,000",False,فيلا
6770885,https://sa.aqar.fm/فلل-للبيع/الرياض/جنوب-الرياض/حي-عكاظ/شارع-ممر42-حي-عكاظ-مدينة-الرياض-منطقة-الرياض-6770885,"فيلا للبيع في شارع ممر42, حي عكاظ, مدينة الرياض, منطقة الرياض",730000,252,5,5,2,0,حي عكاظ,الرياض,جنوب الرياض,"السلام عليكم ورحمة الله وبركاته
تاون هاوس للبيع – مخطط العجلان (عكاظ)
▪️ شارع: 20م
▪️ السعر :   730 الف 
نظام ثلاث ادوار // خمس غرف 
المكونات:
مدخل سيارة
مجلس رجال + مقلط
صالة + مطبخ

الدور الأول:
3 غرف نوم (منها غرفة ماستر)
صالة

الدور الثاني:
غرفتين نوم + صالة + سطح

 للتواصل والاستفسار:",24.507118,46.666119,https://images.aqar.fm/webp/750x0/props/011167297_1783886170012.jpg | https://images.aqar.fm/webp/750x0/props/011167297_1783886123243.jpg | https://images.aqar.fm/webp/750x0/props/011167294_1783886122993.jpg | https://images.aqar.fm/webp/750x0/props/011167295_1783886122967.jpg | https://images.aqar.fm/webp/750x0/props/011167292_1783886123006.jpg | https://images.aqar.fm/webp/750x0/props/011167292_1783886123008.jpg | https://images.aqar.fm/webp/750x0/props/011167298_1783886123185.jpg | https://images.aqar.fm/webp/750x0/props/011167292_1783886123217.jpg | https://images.aqar.fm/webp/750x0/props/011167291_1783886123233.jpg | https://images.aqar.fm/webp/750x0/props/011167291_1783886123231.jpg | https://images.aqar.fm/webp/750x0/props/011167293_1783886123400.jpg | https://images.aqar.fm/webp/750x0/props/011167296_1783886123524.jpg | https://images.aqar.fm/webp/750x0/props/011167297_1783886170012.jpg | https://images.aqar.fm/webp/750x0/props/011167297_1783886123243.jpg | https://images.aqar.fm/webp/750x0/props/011167294_1783886122993.jpg | https://images.aqar.fm/webp/750x0/props/011167295_1783886122967.jpg | https://images.aqar.fm/webp/750x0/props/011167292_1783886123006.jpg | https://images.aqar.fm/webp/750x0/props/011167292_1783886123008.jpg | https://images.aqar.fm/webp/750x0/props/011167298_1783886123185.jpg | https://images.aqar.fm/webp/750x0/props/011167292_1783886123217.jpg | https://images.aqar.fm/webp/750x0/props/011167291_1783886123233.jpg | https://images.aqar.fm/webp/750x0/props/011167291_1783886123231.jpg | https://images.aqar.fm/webp/750x0/props/011167293_1783886123400.jpg | https://images.aqar.fm/webp/750x0/props/011167296_1783886123524.jpg,24,جبر لافي عوض العتيبي,مؤسسة أوائل الرياض العقارية,1,2026-07-12,2026-08-11,2026-08-21,62,2026-08-23,True,"730,000",False,فيلا
6804385,https://sa.aqar.fm/فلل-للبيع/الرياض/جنوب-الرياض/حي-عكاظ/شارع-رضي-الدين-الحنبلي-حي-عكاظ-الرياض-منطقة-الرياض-6804385,فيلا للبيع في شارع رضي الدين الحنبلي ، حي عكاظ ، الرياض ، منطقة الرياض,5,300,6,5,3,4,حي عكاظ,الرياض,جنوب الرياض,,24.502077,46.684258,https://images.aqar.fm/webp/750x0/props/028003081_1785781678510.jpg,1,عبدالله فضاء ابراهيم السبيعي,,,2026-08-03,,2026-08-03,16,2026-08-23,False,طلب تسويق,False,فيلا
6425478,https://sa.aqar.fm/فلل-للبيع/الرياض/جنوب-الرياض/حي-عكاظ/حي-عكاظ-مدينة-الرياض-منطقة-الرياض-6425478,"فيلا للبيع في حي عكاظ, مدينة الرياض, منطقة الرياض",730000,280,4,,,0,حي عكاظ,الرياض,جنوب الرياض,"التفاصيل:كود 27 
السلام عليكم ورحمه الله وبركاته اسعد الله اوقاتكم بكل خير  شركه أوائل نمار العقارية
يسعدنا أن نقدم لكم 
فيلا تاون هاوس 
بحى عكاظ 
مساحته 300
شارع 30
واجهه جنوبيه 
عليها 730       ألف
تاون هاوس ثلاث طوابق ارضي وعلوي الأرضي يتكون من مدخل سياره مجلس رجال مقلط مطبخ صاله كبيره غرفه كبار السن حوش خلفي اطلع الدرج غرفتين منهم غرفه ماستر الدور الثاني سطح فقط

العلوي يتكون من مدخل سياره مجلس رجال مقلط مطبخ صاله كبيره ٣ غرف نوم وسطح صغير
المساحه 300
الوجهه جنوبيه
الشارع ٣٠ متر
السعر الأرضي 790
العلوي 730
عليها كافة الضمانات  المطلوبة على العوازل والخزنات والبايكه والكهرباء والسباكه  ونتعامل مع جميع البنوك والشركات وتحويل من بنك لاخر  ونسعى فى توفير الدفعه الاولى مجانا وسداد المديونية وتخليص أمور  البنك",24.510268,46.643589,https://images.aqar.fm/webp/750x0/props/020124842_1760543768330.jpg | https://images.aqar.fm/webp/750x0/props/020124840_1760543768701.jpg | https://images.aqar.fm/webp/750x0/props/020124847_1760543767975.jpg | https://images.aqar.fm/webp/750x0/props/020124844_1760543767759.jpg | https://images.aqar.fm/webp/750x0/props/020124847_1760543767858.jpg | https://images.aqar.fm/webp/750x0/props/020124848_1760543767943.jpg | https://images.aqar.fm/webp/750x0/props/020124845_1760543768022.jpg | https://images.aqar.fm/webp/750x0/props/020124845_1760543768140.jpg | https://images.aqar.fm/webp/750x0/props/020124848_1760543768221.jpg | https://images.aqar.fm/webp/750x0/props/020124849_1760543768441.jpg | https://images.aqar.fm/webp/750x0/props/020124842_1760543768571.jpg | https://images.aqar.fm/webp/750x0/props/020124841_1760543768768.jpg | https://images.aqar.fm/webp/750x0/props/020124846_1760543768894.jpg,13,جبر لافي عوض العتيبي,مؤسسة اوائل نمار العقارية,1,2025-10-15,2025-10-15,2026-08-23,467,2026-08-23,True,"730,000",False,فيلا
6713980,https://sa.aqar.fm/فلل-للبيع/الرياض/جنوب-الرياض/حي-عكاظ/شارع-النوارس-حي-عكاظ-مدينة-الرياض-منطقة-الرياض-6713980,"فيلا للبيع في شارع النوارس, حي عكاظ, مدينة الرياض, منطقة الرياض",1100000,299,4,,,0,حي عكاظ,الرياض,جنوب الرياض,"للبيع فيلا بحي عكاظ
المساحه 350م
عباره عن دورين وملحق
3 غرف نوم 
غرفة نوم ماستر 
غرفة خادمة ماستر بالملحق
صالتين 
مجلس 
درج صاله 
دورات مياه 
البيع مليون 100 
مباشر من المالك",24.501761,46.663204,,,عبدالكريم ابراهيم بن رسلان العنزي,شركة ابداع العالمية للتطوير والاستثمار العقاري ,1,2026-05-31,2026-07-29,2026-08-23,84,2026-08-23,True,"1,100,000",False,فيلا
6762086,https://sa.aqar.fm/فلل-للبيع/الرياض/جنوب-الرياض/حي-عكاظ/شارع-وادي-ارثد-حي-عكاظ-مدينة-الرياض-منطقة-الرياض-6762086,"فيلا للبيع في شارع وادي ارثد, حي عكاظ, مدينة الرياض, منطقة الرياض",1300000,300,,0,0,3,حي عكاظ,الرياض,جنوب الرياض,"🏡 فيلا للبيع – حي عكاظ | الرياض

📍 تفاصيل العقار:

* الحي: عكاظ
* الموقع: خلف مستشفى العلي
* الشارع: شهاب الدين قشقندي
* المساحة: 300 م²
* الواجهة: جنوبية
* عرض الشارع: 20 متر

🏠 مواصفات الفيلا:

الدور الأرضي:

* حوش واسع
* مجلس خارجي
* مشب
* دكة خارجية
* مجلس رجال
* صالة
* مقلط
* مطبخ
* دورتا مياه
* غرفة لكبار السن

الدور الأول:

* صالة
* 4 غرف نوم
* غرفتان ماستر

السطح:

* ملحق
* مظلة

✨ مميزات العقار:

* موقع مميز وهادئ.
* واجهة جنوبية.
* قريب من الخدمات والطرق الرئيسية.
* تصميم عملي يناسب العائلات.

📞 للتواصل والاستفسار:
((الرقم يظهر عند الضغط على اتصال))
🌷رمضاء العقارية🌷",24.512218,46.665306,https://images.aqar.fm/webp/750x0/props/047571948_1783343423581.jpg,1,خالد سليمان علي العقل,مؤسسة رمضاء العقارية,1,2026-07-06,2026-08-04,2026-08-21,464,2026-08-23,True,"1,300,000",False,فيلا
6652061,https://sa.aqar.fm/فلل-للبيع/الرياض/جنوب-الرياض/حي-عكاظ/شارع-كعب-الهجري-حي-عكاظ-مدينة-الرياض-منطقة-الرياض-6652061,"فيلا للبيع في شارع كعب الهجري, حي عكاظ, مدينة الرياض, منطقة الرياض",720000,264,5,1,3,0,حي عكاظ,الرياض,جنوب الرياض,تاون هاوس للبيع في حي عكاظ مساحة 300 وعليها 720الف ريال  قريب من جميع الخدمات وعليها كافه الضمانات الشارع 20 متر   لدينا جميع الحلول التمويليه  التعامل مع جميع البنوك والشركات توفير  الدفعة المقدمة      لتو صيل0535805384,24.504343,46.6758,https://images.aqar.fm/webp/750x0/props/037673738_1776013916766.jpg | https://images.aqar.fm/webp/750x0/props/037673734_1776013917146.jpg | https://images.aqar.fm/webp/750x0/props/037673734_1776013916218.jpg | https://images.aqar.fm/webp/750x0/props/037673734_1776013916037.jpg | https://images.aqar.fm/webp/750x0/props/037673739_1776013916017.jpg | https://images.aqar.fm/webp/750x0/props/037673737_1776013915911.jpg | https://images.aqar.fm/webp/750x0/props/037673733_1776013916108.jpg | https://images.aqar.fm/webp/750x0/props/037673737_1776013916310.jpg | https://images.aqar.fm/webp/750x0/props/037673734_1776013916425.jpg | https://images.aqar.fm/webp/750x0/props/037673730_1776013916521.jpg | https://images.aqar.fm/webp/750x0/props/037673733_1776013916578.jpg | https://images.aqar.fm/webp/750x0/props/037673737_1776013916873.jpg | https://images.aqar.fm/webp/750x0/props/037673738_1776013916916.jpg | https://images.aqar.fm/webp/750x0/props/037673735_1776013917042.jpg,14,وضحى ناشي عفار العتيبي,مؤسسة زوايا الإبداع للتطوير العقاري,1,2026-04-12,2026-07-09,2026-07-09,965,2026-08-23,True,"720,000",False,فيلا
6653333,https://sa.aqar.fm/فلل-للبيع/الرياض/جنوب-الرياض/حي-عكاظ/شارع-عبدالرحمن-الناسخ-حي-عكاظ-مدينة-الرياض-منطقة-الرياض-6653333,"فيلا للبيع في شارع عبدالرحمن الناسخ, حي عكاظ, مدينة الرياض, منطقة الرياض",720000,264,5,4,3,0,حي عكاظ,الرياض,جنوب الرياض,"السلام عليكم ورحمة الله وبركاته 
   اسعد الله اوقاتكم بكل خير 

للبيع فيلا تاون هاوس 
حي عكاظ مخطط العجلان 
مساحة 300 متر 
بسعر 720 الف قابل للتفاوض 

شغل ممتاز وموقع ممتاز ويوجد جميع الضمانات 
وقريب من جميع الخدمات .

⭐⭐الوصف 
⭐الارضي 
مدخل سياره مجلس رجال مقلط صاله مطبخ .
⭐الاول 
صاله وعدد 3 غرف نوم منهم واحدة ماستر .
⭐الملحق 
صاله وعدد 2 غرفة نوم وحمام وسطح .

⭐⭐لدينا سداد المديونيات .
⭐⭐لدينا حلول تمويله سهله وميسره للمدنيين والعسكريين والمتقاعدين .
⭐⭐لدينا مناديب في جميع البنوك والشركات الخاصة والحكومية .
⭐⭐لدينا عروض مختلفة بأسعار مختلفة في جميع أنحاء غرب وجنوب الرياض .
⭐⭐لدينا ضمانات على السباكه والكهرباء والعوازل والعيوب الخفيه والهيكل الانشائ .

     لتواصل.  0535713902  ابو طلال 
     السعر.    720 الف .",24.504529,46.679632,https://images.aqar.fm/webp/750x0/props/041305587_1776176676904.jpg | https://images.aqar.fm/webp/750x0/props/041305581_1776176675753.jpg | https://images.aqar.fm/webp/750x0/props/041305581_1776176675383.jpg | https://images.aqar.fm/webp/750x0/props/041305586_1776176676754.jpg | https://images.aqar.fm/webp/750x0/props/041305581_1776176674823.jpg | https://images.aqar.fm/webp/750x0/props/041305584_1776176673517.jpg | https://images.aqar.fm/webp/750x0/props/041305587_1776176673813.jpg | https://images.aqar.fm/webp/750x0/props/041305587_1776176674477.jpg | https://images.aqar.fm/webp/750x0/props/041305584_1776176674961.jpg | https://images.aqar.fm/webp/750x0/props/041305588_1776176675063.jpg | https://images.aqar.fm/webp/750x0/props/041305581_1776176675162.jpg | https://images.aqar.fm/webp/750x0/props/041305581_1776176675276.jpg | https://images.aqar.fm/webp/750x0/props/041305581_1776176675510.jpg | https://images.aqar.fm/webp/750x0/props/041305589_1776176675651.jpg | https://images.aqar.fm/webp/750x0/props/041305584_1776176675887.jpg | https://images.aqar.fm/webp/750x0/props/041305589_1776176676152.jpg | https://images.aqar.fm/webp/750x0/props/041305580_1776176676388.jpg | https://images.aqar.fm/webp/750x0/props/041305589_1776176676533.jpg | https://images.aqar.fm/webp/750x0/props/041305588_1776176677122.jpg | https://images.aqar.fm/webp/750x0/props/041305583_1776176677273.jpg,20,وضحى ناشي عفار العتيبي,مؤسسة زوايا الإبداع للتطوير العقاري,1,2026-04-13,2026-07-09,2026-08-21,467,2026-08-23,True,"720,000",False,فيلا
6651449,https://sa.aqar.fm/فلل-للبيع/الرياض/جنوب-الرياض/حي-عكاظ/شارع-عبدالرحمن-الناسخ-حي-عكاظ-مدينة-الرياض-منطقة-الرياض-6651449,"فيلا للبيع في شارع عبدالرحمن الناسخ, حي عكاظ, مدينة الرياض, منطقة الرياض",720000,264,5,4,2,0,حي عكاظ,الرياض,جنوب الرياض,"شركه زوايه الابداع تقدم لكم فلل تاون هاوس للبيع تقبل البنكً أو الكاش يوجد جميع الضمانات يوجد تسديد مديونيات وتوفير الدفعه الأولي مجاناً تخليص جميع الإجراءات البنكية 
يوجد شهادة تامينً معتمده من شركه ملاذا عشر سنوات للإنشاءات ٢٥سنه لسباكه والكهرباء 
نتعامل مع جميع البنوك والشركات وتوفير السكن المناسب 

مشروع تاون هاوس امامي وخلفي 
مساحة 300 متر 
شارع 15 متر 
السعر 720الف
شارع 20 متر 
بسعر 780 الف

الوصف 
الارضي 
مدخل سياره مجلس رجال مقلط صاله مطبخ 
العلوي 
صاله وعدد 3 غرف نوم منهم واحدة ماستر 
الملحق 
صاله وعدد 2 غرفة نوم وحمام وسطح",24.504529,46.679632,https://images.aqar.fm/webp/750x0/props/037597718_1775996361043.jpg,1,وضحى ناشي عفار العتيبي,مؤسسة زوايا الإبداع للتطوير العقاري,1,2026-04-12,2026-07-08,2026-07-28,411,2026-08-23,True,"720,000",False,فيلا
6831545,https://sa.aqar.fm/فلل-للبيع/الرياض/جنوب-الرياض/حي-عكاظ/شارع-سعيد-بن-الحكم-حي-عكاظ-مدينة-الرياض-منطقة-الرياض-6831545,"فيلا للبيع في شارع سعيد بن الحكم, حي عكاظ, مدينة الرياض, منطقة الرياض",1500000,409,,,,7,حي عكاظ,الرياض,جنوب الرياض,"فيلا للبيع حي عكاظ مؤجر كامل 
عليها رهن 
عباره عن دور دور شقه 
للتواصل واتساب 
((الرقم يظهر عند الضغط على اتصال))",24.516031,46.68801,,,راكان حمود,مكتب رؤيا العاصمة للعقارات,1,2026-08-19,2026-08-19,2026-08-19,32,2026-08-23,True,"1,500,000",False,فيلا
6482437,https://sa.aqar.fm/فلل-للبيع/الرياض/جنوب-الرياض/حي-عكاظ/شارع-عبدالرحمن-القاضي-حي-عكاظ-مدينة-الرياض-منطقة-الرياض-6482437,"فيلا للبيع في شارع عبدالرحمن القاضي, حي عكاظ, مدينة الرياض, منطقة الرياض",850000,206,5,5,2,0,حي عكاظ,الرياض,جنوب الرياض,"تاون هاوس مودرن 
مساحه 375 م
الشارع 20م 
مجلس رجال ومقلط 
2 صاله
5 غرف نوم 
كل الضمانات والتسهيلات موجوده 
للتواصل واتس او اتصال 
((رقم المعلن يظهر عند التواصل))",24.5093,46.654903,https://images.aqar.fm/webp/750x0/props/049438256_1764174068372.jpg | https://images.aqar.fm/webp/750x0/props/049438250_1764174065118.jpg | https://images.aqar.fm/webp/750x0/props/049438259_1764174065504.jpg | https://images.aqar.fm/webp/750x0/props/049438255_1764174065590.jpg | https://images.aqar.fm/webp/750x0/props/049438254_1764174065775.jpg | https://images.aqar.fm/webp/750x0/props/049438254_1764174066065.jpg | https://images.aqar.fm/webp/750x0/props/049438256_1764174066158.jpg | https://images.aqar.fm/webp/750x0/props/049438257_1764174066391.jpg | https://images.aqar.fm/webp/750x0/props/049438259_1764174066480.jpg | https://images.aqar.fm/webp/750x0/props/049438250_1764174066608.jpg | https://images.aqar.fm/webp/750x0/props/049438255_1764174066868.jpg | https://images.aqar.fm/webp/750x0/props/049438254_1764174066989.jpg | https://images.aqar.fm/webp/750x0/props/049438252_1764174067079.jpg | https://images.aqar.fm/webp/750x0/props/049438257_1764174067314.jpg | https://images.aqar.fm/webp/750x0/props/049438250_1764174067432.jpg | https://images.aqar.fm/webp/750x0/props/049438255_1764174067520.jpg | https://images.aqar.fm/webp/750x0/props/049438258_1764174067750.jpg | https://images.aqar.fm/webp/750x0/props/049438254_1764174067880.jpg | https://images.aqar.fm/webp/750x0/props/049438254_1764174067997.jpg | https://images.aqar.fm/webp/750x0/props/049438258_1764174068138.jpg,20,عبدالعزيز عمر,شركة سكاي لاين فيو العقارية,1,2025-11-26,2025-11-26,2026-08-10,2652,2026-08-23,True,"850,000",False,فيلا
6398019,https://sa.aqar.fm/فلل-للبيع/الرياض/جنوب-الرياض/حي-عكاظ/شارع-حامد-عبدالحفيظ-حي-عكاظ-مدينة-الرياض-منطقة-الرياض-6398019,"فيلا للبيع في شارع حامد عبدالحفيظ, حي عكاظ, مدينة الرياض, منطقة الرياض",740000,264,5,,,0,حي عكاظ,الرياض,جنوب الرياض,"للبيع بالرياض 

حي عكاظ مخطط عجلان 

تاون هاوس مساحه 300م. 

السعر  830الف 
شارع 20م 
 تتكون من مدخل سياره مجلس رجال مقلط  وصاله ومطبخ وسيب خلفي 
الدور الاول صاله و3غرف منهم غرفه ماستر 
الدور الثاني صاله وغرفتين نوم وسطح 

يوجد ضمانات علي السباكه والكهرباء والعوازل والبايكه والحزانات 
يوجد تامين من شركه ملاذ 
للتواصل ((رقم المعلن يظهر عند التواصل))
ابو صلاح",24.506875,46.666345,https://images.aqar.fm/webp/750x0/props/027749313_1758815584485.jpg | https://images.aqar.fm/webp/750x0/props/027749317_1758815584492.jpg | https://images.aqar.fm/webp/750x0/props/027749313_1758815584495.jpg | https://images.aqar.fm/webp/750x0/props/027749316_1758815584486.jpg | https://images.aqar.fm/webp/750x0/props/027749319_1758815584474.jpg | https://images.aqar.fm/webp/750x0/props/027749316_1758815584495.jpg | https://images.aqar.fm/webp/750x0/props/027749317_1758815584473.jpg,7,مشاعل دعيرم بن جربوع العتيبي,مؤسسة مكتب بداية جديدة للخدمات العقارية,1,2025-09-25,2025-09-25,2026-08-23,571,2026-08-23,True,"740,000",False,فيلا
6737859,https://sa.aqar.fm/فلل-للبيع/الرياض/جنوب-الرياض/حي-عكاظ/شارع-النوارس-حي-عكاظ-مدينة-الرياض-منطقة-الرياض-6737859,"فيلا للبيع في شارع النوارس, حي عكاظ, مدينة الرياض, منطقة الرياض",1100000,299,7,,,0,حي عكاظ,الرياض,جنوب الرياض,"فيلا للبيع حي عكاظ

- المساحة 299.87 متر
مكونة من:
- ثلاثة غرف نوم, واحدة منها ماستر, صالتين, مجلس, مقلط, غرفة خادمة
- سطح
- حوش


للتواصل والإستفسار: ((الرقم يظهر عند الضغط على اتصال))",24.501572,46.663231,https://images.aqar.fm/webp/750x0/props/037592329_1781782842292.jpg | https://images.aqar.fm/webp/750x0/props/037592328_1781782842290.jpg,2,حمد فهد بن حمد النافع,شركة حمد فهد النافع العقارية شخص واحد قابضة,1,2026-06-18,2026-08-15,2026-08-23,213,2026-08-23,True,"1,100,000",False,فيلا
6658506,https://sa.aqar.fm/فلل-للبيع/الرياض/جنوب-الرياض/حي-عكاظ/شارع-حسين-الأبريقي-حي-عكاظ-مدينة-الرياض-منطقة-الرياض-6658506,"فيلا للبيع في شارع حسين الأبريقي, حي عكاظ, مدينة الرياض, منطقة الرياض",750000,264,6,5,2,0,حي عكاظ,الرياض,جنوب الرياض,"تاون هاوس للبيع مخطط العجلان

المواصفات 

تاون هاوس أمامي وخلفي مساحه ٣٢٥ متر وجها جنوبيه شارع ٢٠متر 
تتكون من مدخل سياره ومجلس ومقلط وصاله ومطبخ 

الدور الأول 

صاله وثلاث غرف نوم منهم واحده ماستر 

الدور الثاني

 صاله وغرفتين نوم وسطح

المميزات

قريبه من جميع الخدمات 

جميع الضمانات 
كود ٢",24.507095,46.670342,https://images.aqar.fm/webp/750x0/props/044888085_1776415023401.jpg,1,تحفه مبارك جديع العتيبي,مكتب دانة العز للخدمات العقارية,1,2026-04-17,2026-06-14,2026-08-23,302,2026-08-23,True,"750,000",False,فيلا
6716700,https://sa.aqar.fm/فلل-للبيع/الرياض/جنوب-الرياض/حي-عكاظ/شارع-أدريس-بن-الحسني-حي-عكاظ-مدينة-الرياض-منطقة-الرياض-6716700,"فيلا للبيع في شارع أدريس بن الحسني, حي عكاظ, مدينة الرياض, منطقة الرياض",890000,297,4,,,0,حي عكاظ,الرياض,جنوب الرياض,"(تاون هاوس للبيع) 


من المالك مباشرة 

مشروع عكاظ: 0881

🏡 فلل تاون هاوس أنيقة للبيع في جنوب الرياض

✨ تصميم عصري يجمع بين الفخامة والراحة، بمساحات رحبة وتشطيبات مميزة تناسب جميع الأذواق.
📍 الموقع: جنوب الرياض
💰 الأسعار تبدأ من: 890.000 سعودي
📐 المساحة: 200 م²
🔌 الخدمات: كهرباء وماء مستقلّة
🚗 الشوارع: شارع 20 متر

⸻

الدور الأرضي:
	•	حوش مع مدخل سيارة
	•	مجلس رجال مع دورة مياه
	•	غرفة طعام (مقلط)
	•	صالة واسعة
	•	مطبخ

الدور الثاني 

	•	3 غرف نوم (منها غرفة ماستر بدورة مياه خاصة + غرفتين مع دورة مياه مشتركة) وغرفة في السطح 

⸻

📞 احجز موعدك الآن وامتلك فلتك في جنوب الرياض

ضمانات تصل الى 15 سنه على الكهرباء والسباكة والعزل والهيكل الانشائي وخدمات مابعد البيع..",24.503197,46.65451,https://images.aqar.fm/webp/750x0/props/044988479_1780433091267.jpg,1,فهد بن عبدالله بن فهد الفريح,مؤسسة علي الناصية للمقاولات العامة,1,2026-06-02,2026-07-31,2026-08-23,115,2026-08-23,True,"890,000",False,فيلا
6501825,https://sa.aqar.fm/فلل-للبيع/الرياض/جنوب-الرياض/حي-عكاظ/شارع-ابن-الطيلسان-القرطبي-حي-عكاظ-مدينة-الرياض-منطقة-الرياض-6501825,"فيلا للبيع في شارع ابن الطيلسان القرطبي, حي عكاظ, مدينة الرياض, منطقة الرياض",750000,245,6,,,0,حي عكاظ,الرياض,جنوب الرياض,"السلام عليكم ورحمة الله وبركاته 
( بدء البيع في مشروع الشفاء العجلان ، الحجز بالعربون)
* تاون هوس فيلا اماميه وفيلا خلفيه

المساحة ⬇️
ابتداءً من ٢٤٥ م
الأسعار ⬇️
تاون هوس فيلا اماميه 850.000
تاون هاوس فيلا خلفيه 850.000

مجلس + مقلط + صالة + 6 غرف نوم (الأمامية) / 5 غرف نوم (الخلفية)

لم يتبقى الا 30٪ ويباع المشروع بالكامل",24.506506,46.673486,https://images.aqar.fm/webp/750x0/props/015115974_1765387249412.jpg | https://images.aqar.fm/webp/750x0/props/015115979_1765387249359.jpg | https://images.aqar.fm/webp/750x0/props/015115971_1765387249391.jpg | https://images.aqar.fm/webp/750x0/props/015115974_1765387249394.jpg | https://images.aqar.fm/webp/750x0/props/015115976_1765387249368.jpg | https://images.aqar.fm/webp/750x0/props/015115971_1765387249386.jpg | https://images.aqar.fm/webp/750x0/props/015115977_1765387249360.jpg | https://images.aqar.fm/webp/750x0/props/015115976_1765387673158.jpg,8,عبدالله عبدالعزيز عبدالله ال حيان,,,2025-12-10,2025-12-10,2026-08-15,1765,2026-08-23,True,"750,000",False,فيلا
6799243,https://sa.aqar.fm/فلل-للبيع/الرياض/جنوب-الرياض/حي-عكاظ/شارع-ابن-المنذر-حي-عكاظ-مدينة-الرياض-منطقة-الرياض-6799243,"فيلا للبيع في شارع ابن المنذر, حي عكاظ, مدينة الرياض, منطقة الرياض",1350000,390,7,0,0,11,حي عكاظ,الرياض,جنوب الرياض,"للبيع فيلا المساحة 390م 
الواجهة غربية 
الشارع 20م 
الموقع الرياض حي عكاظ قريب من المسجد الجامع وقريب من الخدمات
نظامها : درج صالة وشقة مدخل خاص مااساس لها شقة ثانية 
الفله نظيفه الدرج الصالة فاضي والشقة مؤجره ب 24 الف في السنه 
العمر : 11 سنه 
واصل الماء بدون الصرف 
 الفله  حره ولا يوجد عليها رهن 
البيع مليون350
سعود: ((الرقم يظهر عند الضغط على اتصال))",24.51198,46.669506,https://images.aqar.fm/webp/750x0/props/003720047_1785520615250.jpg,1,محماس آل بريك,مكتب رمز بنيان الاتحاد للعقارات,1,2026-07-31,2026-07-31,2026-08-22,96,2026-08-23,True,"1,350,000",False,فيلا
6543144,https://sa.aqar.fm/فلل-للبيع/الرياض/جنوب-الرياض/حي-عكاظ/شارع-أبي-العجاج-حي-عكاظ-مدينة-الرياض-منطقة-الرياض-6543144,"فيلا للبيع في شارع أبي العجاج, حي عكاظ, مدينة الرياض, منطقة الرياض",850000,285,5,4,3,0,حي عكاظ,الرياض,جنوب الرياض,"كودددددد29

السلام عليكم ورحمه الله وبركاته اسعد الله اوقاتكم بكل خير  شركه 
اوائل نمار العقارية 
 يسعدنا أن نقدم لكم 
فيلا  تاون هول أمامي 
 بحى عكاظ 
مساحته 410 متر 
 شارع 15 متر 
 واجهه جنوبيه 
 عليها      850000  ألف
 عليها كافة الضمانات  المطلوبة على العوازل والخزنات والبايكه والكهرباء والسباكه  ونتعامل مع جميع البنوك والشركات وتحويل من بنك لاخر  ونسعى فى توفير الدفعه الاولى مجانا وسداد المديونية وتخليص أمور البنك
 للتواصل 

     كودددددد 29",24.508757,46.641758,https://images.aqar.fm/webp/750x0/props/020124849_1768208997092.jpg | https://images.aqar.fm/webp/750x0/props/020124841_1768209004709.jpg,2,جبر لافي عوض العتيبي,مؤسسة اوائل نمار العقارية,1,2026-01-12,2026-01-12,2026-08-20,1292,2026-08-23,True,"850,000",False,فيلا
6510306,https://sa.aqar.fm/فلل-للبيع/الرياض/جنوب-الرياض/حي-عكاظ/شارع-عبدالله-بافقيه-الحضرمي-حي-عكاظ-مدينة-الرياض-منطقة-الرياض-6510306,"فيلا للبيع في شارع عبدالله بافقيه الحضرمي, حي عكاظ, مدينة الرياض, منطقة الرياض",650000,181,6,5,1,0,حي عكاظ,الرياض,جنوب الرياض,"السلام عليكم ورحمة الله وبركاته 
للبيع فيلا تاون هاوس علوي
المساحه 300 م 
السعر 650 الف 
الشارع 20 م 
الوجهه شرقيه 
قريبه جدا من الخدمات 

تفاصيل الفيلا @@@

مدخل سياره 
مدخل رجال ومدخل نساء 
مجلس رجال بحمام ومغاسل 
مقلط 
صاله بمجلس نساء خاص 
مطبخ به مستودع 
غرفة كبار السن 
حوش خلفي 


درج داخلى الأول @@@ 
غرفتين نوم بحمام مشترك 

الملحق سطح كبير 

يوجد لدينا عروض اخري بمساحات أكبر وأسعار مختلفه بجميع الأحياء 

يوجد لدينا سداد المديونية بدون نسبه سداد 

نتعامل مع جميع البنوك والشركات الخاصه والحكومية 

للتواصل / ((رقم المعلن يظهر عند التواصل))",24.522474,46.652493,https://images.aqar.fm/webp/750x0/props/047640547_1765969822442.jpg | https://images.aqar.fm/webp/750x0/props/047640544_1765969822161.jpg | https://images.aqar.fm/webp/750x0/props/047640547_1765969822596.jpg | https://images.aqar.fm/webp/750x0/props/047640542_1765969822719.jpg | https://images.aqar.fm/webp/750x0/props/047640545_1765969822908.jpg | https://images.aqar.fm/webp/750x0/props/047640540_1765969823164.jpg | https://images.aqar.fm/webp/750x0/props/047640544_1765969823272.jpg | https://images.aqar.fm/webp/750x0/props/047640540_1765969823432.jpg | https://images.aqar.fm/webp/750x0/props/047640541_1765969823675.jpg | https://images.aqar.fm/webp/750x0/props/047640547_1765969823918.jpg | https://images.aqar.fm/webp/750x0/props/047640546_1765969824049.jpg | https://images.aqar.fm/webp/750x0/props/047640547_1765969824197.jpg | https://images.aqar.fm/webp/750x0/props/047640544_1765969824395.jpg | https://images.aqar.fm/webp/750x0/props/047640542_1765969824681.jpg | https://images.aqar.fm/webp/750x0/props/047640540_1765969824791.jpg | https://images.aqar.fm/webp/750x0/props/047640540_1765969824955.jpg | https://images.aqar.fm/webp/750x0/props/047640547_1765969825212.jpg,17,تماني بنت عقيل بن فارس العنزي,مكتب مساكن المهلهل,1,2025-12-17,2025-12-17,2026-08-23,1921,2026-08-23,True,"650,000",False,فيلا
6597423,https://sa.aqar.fm/فلل-للبيع/الرياض/جنوب-الرياض/حي-عكاظ/شارع-النفوذ-حي-عكاظ-مدينة-الرياض-منطقة-الرياض-6597423,"فيلا للبيع في شارع النفوذ, حي عكاظ, مدينة الرياض, منطقة الرياض",850000,245,6,4,2,0,حي عكاظ,الرياض,جنوب الرياض,"السلام عليكم ورحمة

مكتب القواعدالماسيةللخدمات العقارية
اقدم لكم عرض مشروع
تاون هاوس في حي العجلان




جميع الضمانات الازمه من كهرباء وعوازل وعليها شهاده اشراف هندسي ولعملاءنا الكرام جميع التسهيلات التمويليه والعقاريه وشهاده اتمام البناء موجوده

التواصل والاستفسار /// 
كل حلم له بداية ، وبداية التمليك تبدأ بخطوه مع القواعد الماسية 🏠🏠",24.512796,46.664209,https://images.aqar.fm/webp/750x0/props/049346445_1771529790775.jpg,1,نوره عائض معيض الشهري,مكتب القواعد الماسية للعقارات,1,2026-02-19,2026-07-15,2026-08-23,1310,2026-08-23,True,"850,000",False,فيلا
6748158,https://sa.aqar.fm/فلل-للبيع/الرياض/جنوب-الرياض/حي-عكاظ/شارع-الكافور-حي-عكاظ-مدينة-الرياض-منطقة-الرياض-6748158,"فيلا للبيع في شارع الكافور, حي عكاظ, مدينة الرياض, منطقة الرياض",1500000,300,5,5,0,0,حي عكاظ,الرياض,جنوب الرياض,"مشروع فلل من السليمان العقارية
 تتكون كل الوحدة من 
الدور الارضي
مجلس، غرفة للطعام، صالة، مطبخ، دورتين مياه
الادور الاول 

غرفة نوم رئيسية، (ثلاث غرف نوم)  واحده منها ماستر صاله دوره مياه 
الملحق العلوي 
غرفه عامله وغزفه غسيل 
مدخل خاص، وموقف للسيارة مستقل، وخزان ماء وبيارة وعدادي الكهرباء 
مميزات المشروع : - نوافذ كبيرة معزولة - عوازل حرارية - البورسلان نخب أول - تصاميم حديثة - أبواب خشب ميرانتي حشو ألماني  الضمانات : - الهيكل الإنشائي - تمديدات الكهرباء - تمديدات السباكة - العزل المائي والحراري - منتجات شركة السليمان العقارية مطابقة لكود البناء السعودي - تأمين على المباني ضد العيوب الخفية
البيع مليون و 500 ألف 

للتواصل ((الرقم يظهر عند الضغط على اتصال))",24.497626,46.660926,,,عبدالعزيز سليمان محمد الباحوث,مكتب عبدالعزيز سليمان محمد الباحوث للعقارات,1,2026-06-25,2026-07-25,2026-08-22,61,2026-08-23,True,"1,500,000",False,فيلا
6675962,https://sa.aqar.fm/فلل-للبيع/الرياض/جنوب-الرياض/حي-عكاظ/شارع-حسين-الأبريقي-حي-عكاظ-مدينة-الرياض-منطقة-الرياض-6675962,"فيلا للبيع في شارع حسين الأبريقي, حي عكاظ, مدينة الرياض, منطقة الرياض",720000,264,7,,,0,حي عكاظ,الرياض,جنوب الرياض,"السلام عليكم ورحمة الله وبركاته

مؤسسة درة الانشاءات تعرض لكم ما هو مميز فرصة استثنائيه لإمتلاك تاون هاوس امامى حى عكاظ مخطط العجلان بتصميم أنيق وتشطيبات ممتازة موقع مميز بالقرب من جميع الخدمات
تاون هاوس امامى
الدور الارضي يتكون من:
مجلس+ مقلط+ مطبخ+صالة 
دورتين مياه 
الدور الاول:
صالة 
3 نوم ماستر منهم واحدة ماستر 
دورتين مياه 
الدور الثاني:
صالة + غرفتين نوم 
دورة مياه + سطح
المساحة ٢٥٠ متر
السعر ٧٢٠ الف 
1- عليه جميع الضمانات
على الكود السعودي الجديد
تأمین ملاذ
خزان مستقل
عداد كهرباء مستقل
تملك عقارك الآن مع شركة درة الانشاءات
للتواصل والاستفسار
0532350080
نسعد بخدمتكم",24.506971,46.67078,https://images.aqar.fm/webp/750x0/props/045658406_1777533509823.jpg | https://images.aqar.fm/webp/750x0/props/045658404_1777533509268.jpg | https://images.aqar.fm/webp/750x0/props/045658401_1777533509476.jpg | https://images.aqar.fm/webp/750x0/props/045658401_1777533509644.jpg | https://images.aqar.fm/webp/750x0/props/045658409_1777533509773.jpg | https://images.aqar.fm/webp/750x0/props/045658407_1777533509948.jpg | https://images.aqar.fm/webp/750x0/props/045658409_1777533510012.jpg | https://images.aqar.fm/webp/750x0/props/045658408_1777533510152.jpg | https://images.aqar.fm/webp/750x0/props/045658401_1777533510278.jpg | https://images.aqar.fm/webp/750x0/props/045658403_1777533510372.jpg | https://images.aqar.fm/webp/750x0/props/045658407_1777533510483.jpg | https://images.aqar.fm/webp/750x0/props/045658406_1777533510584.jpg | https://images.aqar.fm/webp/750x0/props/045658404_1777533510688.jpg | https://images.aqar.fm/webp/750x0/props/045658408_1777533510798.jpg | https://images.aqar.fm/webp/750x0/props/045658401_1777533510889.jpg | https://images.aqar.fm/webp/750x0/props/045658407_1777533511012.jpg | https://images.aqar.fm/webp/750x0/props/045658402_1777533511091.jpg | https://images.aqar.fm/webp/750x0/props/045658400_1777533511198.jpg | https://images.aqar.fm/webp/750x0/props/045658403_1777533511298.jpg | https://images.aqar.fm/webp/750x0/props/045658409_1777533511413.jpg,20,منيره مناحي بن جابر ال فهاد,مؤسسة درة الانشاءات والتشييد للمقاولات العامة,1,2026-04-30,2026-07-26,2026-08-23,582,2026-08-23,True,"720,000",False,فيلا
6673180,https://sa.aqar.fm/فلل-للبيع/الرياض/جنوب-الرياض/حي-عكاظ/شارع-عبيدالله-الهذلي-حي-عكاظ-مدينة-الرياض-منطقة-الرياض-6673180,"فيلا للبيع في شارع عبيدالله الهذلي, حي عكاظ, مدينة الرياض, منطقة الرياض",660000,154,5,,,0,حي عكاظ,الرياض,جنوب الرياض,"فرصة مميزة للسكن أو الاستثمار بمواصفات عالية وجودة مضمونة ✨

**مؤسسة درة الإنشاءات والتشييد للمقاولات العامة**
تقدم لكم وحدات سكنية بتصميم عصري وتشطيبات راقية
📍 موقع مميز قريب من جميع الخدمات (مدارس – مساجد – أسواق – نادى رياضي - حدائق عامه -طرق رئيسية)

🔹 **تفاصيل الوحدة:**

تاون هاوس علوي 
مساحه 315 متر 
يتكون من 
صاله / مجلس /  مطبخ بمستودع 
ومطبخ علوي 
4غرف نوم منهم غرفه ماستر 
4دوراة مياه 
حوش خلفي
مدخل سياره 

🔐 **الضمانات:**
✔️ سباكة
✔️ كهرباء
✔️ عوازل
✔️ خزانات
✔️ مصاعد
✔️ إشراف هندسي
✔️ تأمين ملاذ
✔️ الدفاع المدني

⚡ **مزايا الوحدة:**

* عداد كهرباء مستقل
* خزان أرضي وخزان علوي مستقل

📄 **الأوراق مكتملة وجاهزة للإفراغ:**
صك | محضر فرز | رخصة بناء | شهادة إتمام بناء | تأمين

💎 **امتلك وحدتك الآن بثقة وأمان**
مع **شركة درة الإنشاءات والتشييد**

📞 **للتواصل والاستفسار:**
(0537003499)

🤝 **نسعد بخدمتكم**
*والله ولي التوفيق*",24.514698,46.645373,https://images.aqar.fm/webp/750x0/props/043687358_1777376454394.jpg | https://images.aqar.fm/webp/750x0/props/043687356_1777376454066.jpg | https://images.aqar.fm/webp/750x0/props/043687353_1777376454267.jpg | https://images.aqar.fm/webp/750x0/props/043687359_1777376454401.jpg | https://images.aqar.fm/webp/750x0/props/043687353_1777376454470.jpg | https://images.aqar.fm/webp/750x0/props/043687351_1777376454507.jpg | https://images.aqar.fm/webp/750x0/props/043687353_1777376454577.jpg | https://images.aqar.fm/webp/750x0/props/043687354_1777376454600.jpg | https://images.aqar.fm/webp/750x0/props/043687352_1777376454665.jpg | https://images.aqar.fm/webp/750x0/props/043687353_1777376454739.jpg | https://images.aqar.fm/webp/750x0/props/043687356_1777376454782.jpg | https://images.aqar.fm/webp/750x0/props/043687357_1777376454852.jpg | https://images.aqar.fm/webp/750x0/props/043687359_1777376454912.jpg | https://images.aqar.fm/webp/750x0/props/043687352_1777376454959.jpg | https://images.aqar.fm/webp/750x0/props/043687356_1777376455034.jpg | https://images.aqar.fm/webp/750x0/props/043687359_1777376455086.jpg,16,منيره مناحي بن جابر ال فهاد,مؤسسة درة الانشاءات والتشييد للمقاولات العامة,1,2026-04-28,2026-08-22,2026-08-23,538,2026-08-23,True,"660,000",False,فيلا
6637863,https://sa.aqar.fm/فلل-للبيع/الرياض/جنوب-الرياض/حي-عكاظ/شارع-ابن-المنذر-حي-عكاظ-مدينة-الرياض-منطقة-الرياض-6637863,"فيلا للبيع في شارع ابن المنذر, حي عكاظ, مدينة الرياض, منطقة الرياض",1300000,390,,5,3,9,حي عكاظ,الرياض,جنوب الرياض,"فيلا مساحه 390 متر 
دورين درج صاله وشقه مسروقه 
شارع 20 غربي 
عمر العقار 10 سنوات
العرض مباشر  
ابو سعد : 0553725356",24.51198,46.669506,https://images.aqar.fm/webp/750x0/props/004980051_1775055267581.jpg | https://images.aqar.fm/webp/750x0/props/004980056_1775055267568.jpg | https://images.aqar.fm/webp/750x0/props/004980055_1775055267579.jpg | https://images.aqar.fm/webp/750x0/props/004980052_1775055267577.jpg | https://images.aqar.fm/webp/750x0/props/004980052_1775055267575.jpg,5,محمد بن متعب,مؤسسة منقاش الخدمات العقارية,1,2026-04-01,2026-07-27,2026-08-20,997,2026-08-23,True,"1,300,000",False,فيلا
6501541,https://sa.aqar.fm/فلل-للبيع/الرياض/جنوب-الرياض/حي-عكاظ/شارع-الصفار-الذهبي-حي-عكاظ-مدينة-الرياض-منطقة-الرياض-6501541,"فيلا للبيع في شارع الصفار الذهبي, حي عكاظ, مدينة الرياض, منطقة الرياض",740000,245,,5,2,0,حي عكاظ,الرياض,جنوب الرياض,"فيلا تاون هاوس حي عكاض تصميم عصري شغل شخصي تتكون من مدخل سياره-مجلس رجال - مقلط - مطبخ -٢ صاله -٤ غرف نوم -٥ حمامات  
تتوفر جميع الضمانات البناء من سباكه كهرباء عوازل هيكل انشائي واشرف هندسي 
ويتوفر ضمان تامين للعيوب المخفيه لمده عشر سنه من شركه التعاونيه 
للتواصل / ((الرقم يظهر عند الضغط على اتصال))",24.506782,46.674314,https://images.aqar.fm/webp/750x0/props/018974430_1784044240886.jpg | https://images.aqar.fm/webp/750x0/props/018974436_1784044240940.jpg | https://images.aqar.fm/webp/750x0/props/018974431_1784044240906.jpg | https://images.aqar.fm/webp/750x0/props/018974437_1784044240938.jpg | https://images.aqar.fm/webp/750x0/props/018974436_1784044240942.jpg | https://images.aqar.fm/webp/750x0/props/018974434_1784044240936.jpg | https://images.aqar.fm/webp/750x0/props/018974431_1784044241097.jpg | https://images.aqar.fm/webp/750x0/props/018974431_1784044240942.jpg | https://images.aqar.fm/webp/750x0/props/018974435_1784044268437.jpg | https://images.aqar.fm/webp/750x0/props/018974437_1784044268430.jpg | https://images.aqar.fm/webp/750x0/props/018974431_1784044268427.jpg | https://images.aqar.fm/webp/750x0/props/018974433_1784044268438.jpg | https://images.aqar.fm/webp/750x0/props/018974436_1784044268444.jpg | https://images.aqar.fm/webp/750x0/props/018974431_1784044268428.jpg | https://images.aqar.fm/webp/750x0/props/018974439_1784044268396.jpg | https://images.aqar.fm/webp/750x0/props/018974438_1784044268593.jpg | https://images.aqar.fm/webp/750x0/props/018974436_1784044309365.jpg | https://images.aqar.fm/webp/750x0/props/018974432_1784044309384.jpg | https://images.aqar.fm/webp/750x0/props/018974439_1784044309380.jpg | https://images.aqar.fm/webp/750x0/props/018974432_1784044309338.jpg,20,مشاعل محبوب,,0,2025-12-10,2026-08-07,2026-08-23,169,2026-08-23,True,"740,000",False,فيلا
6673840,https://sa.aqar.fm/فلل-للبيع/الرياض/جنوب-الرياض/حي-عكاظ/شارع-ابي-المكارم-بن-مفرج-حي-عكاظ-مدينة-الرياض-منطقة-الرياض-6673840,"فيلا للبيع في شارع ابي المكارم بن مفرج, حي عكاظ, مدينة الرياض, منطقة الرياض",1550000,359,3,0,0,1,حي عكاظ,الرياض,جنوب الرياض,$5d,24.501058,46.680145,https://images.aqar.fm/webp/750x0/props/000724370_1777396407904.jpg | https://images.aqar.fm/webp/750x0/props/000724378_1777396407845.jpg | https://images.aqar.fm/webp/750x0/props/000724373_1777396407844.jpg | https://images.aqar.fm/webp/750x0/props/000724378_1777396407948.jpg | https://images.aqar.fm/webp/750x0/props/000724374_1777396407844.jpg | https://images.aqar.fm/webp/750x0/props/000724371_1777396407847.jpg | https://images.aqar.fm/webp/750x0/props/000724373_1777396438533.jpg | https://images.aqar.fm/webp/750x0/props/000724373_1777396438441.jpg | https://images.aqar.fm/webp/750x0/props/000724378_1777396438504.jpg | https://images.aqar.fm/webp/750x0/props/000724372_1777396438509.jpg | https://images.aqar.fm/webp/750x0/props/000724373_1777396438550.jpg | https://images.aqar.fm/webp/750x0/props/000724379_1777396438442.jpg | https://images.aqar.fm/webp/750x0/props/000724376_1777396438535.jpg | https://images.aqar.fm/webp/750x0/props/000724375_1777396438440.jpg | https://images.aqar.fm/webp/750x0/props/000724378_1777396465532.jpg | https://images.aqar.fm/webp/750x0/props/000724379_1777396465527.jpg | https://images.aqar.fm/webp/750x0/props/000724371_1777396465587.jpg | https://images.aqar.fm/webp/750x0/props/000724372_1777396465538.jpg | https://images.aqar.fm/webp/750x0/props/000724374_1777396465628.jpg | https://images.aqar.fm/webp/750x0/props/000724370_1777396465584.jpg | https://images.aqar.fm/webp/750x0/props/000724375_1777396465584.jpg | https://images.aqar.fm/webp/750x0/props/000724371_1777396465535.jpg | https://images.aqar.fm/webp/750x0/props/000724379_1777396482802.jpg | https://images.aqar.fm/webp/750x0/props/000724375_1777396482802.jpg | https://images.aqar.fm/webp/750x0/props/000724376_1777396482898.jpg | https://images.aqar.fm/webp/750x0/props/000724378_1777396482886.jpg | https://images.aqar.fm/webp/750x0/props/000724372_1777396482883.jpg | https://images.aqar.fm/webp/750x0/props/000724377_1777396482909.jpg | https://images.aqar.fm/webp/750x0/props/000724371_1777396482813.jpg | https://images.aqar.fm/webp/750x0/props/000724372_1777480718170.jpg,30,مشاري مساعد عبدالعزيز الحميد,مكتب البيت الخليجي للاستثمارات العقارية,1,2026-04-28,2026-07-25,2026-07-25,619,2026-08-23,True,"1,550,000",False,فيلا
6795372,https://sa.aqar.fm/فلل-للبيع/الرياض/جنوب-الرياض/حي-عكاظ/شارع-علي-بن-نصر-الحلي-حي-عكاظ-مدينة-الرياض-منطقة-الرياض-6795372,"فيلا للبيع في شارع علي بن نصر الحلي, حي عكاظ, مدينة الرياض, منطقة الرياض",950000,250,6,5,3,7,حي عكاظ,الرياض,جنوب الرياض,"السلام عليكم 
فيلا للبيع بحى عكاظ 

عداد كهرب مستقل
الموقع قريب من حديقه ومنتزه عكاظ ثلاث دقايق مشي وقريب جداً من قاعده الملك سلمان وقريب من طريق ديراب وقريب من مشروع القديه 
ويوجد في الشارع الخلفي مباشره نادي رياضي وصيدليه وسوبر ماركت 
الشارع 15 
الجيران الحمد لله هادين ولا يوجد اي مشاكل او ازعاج


المساحة 250 متر

7 دورات مياة
عمر العقار 7
شارع سكني
يتوفر مطبخ جاهز ومستودع خارجي
يتوفر درج
يتوفر حوش

مدخل سيارة ومظله

فيلا دوبلكس
المساحة 250 متر
عرض الشارع 15 متر
عمر العقار 7 سنوات
شارع سكني
 6 غرف
 3 صالات
 6 دورات مياة
درج
مدخل سيارة
مشب

البيع : 950 الف",24.518994,46.678422,https://images.aqar.fm/webp/750x0/props/048320965_1785280605309.jpg | https://images.aqar.fm/webp/750x0/props/048320969_1785280607296.jpg | https://images.aqar.fm/webp/750x0/props/048320964_1785280607780.jpg | https://images.aqar.fm/webp/750x0/props/048320963_1785280608429.jpg | https://images.aqar.fm/webp/750x0/props/048320960_1785280608990.jpg | https://images.aqar.fm/webp/750x0/props/048320965_1785280609553.jpg | https://images.aqar.fm/webp/750x0/props/048320967_1785280612823.jpg | https://images.aqar.fm/webp/750x0/props/048320965_1785280613247.jpg | https://images.aqar.fm/webp/750x0/props/048320965_1785280613624.jpg | https://images.aqar.fm/webp/750x0/props/048320961_1785280614013.jpg | https://images.aqar.fm/webp/750x0/props/048320966_1785280614417.jpg | https://images.aqar.fm/webp/750x0/props/048320960_1785280614771.jpg | https://images.aqar.fm/webp/750x0/props/048320965_1785280615124.jpg | https://images.aqar.fm/webp/750x0/props/048320969_1785280615483.jpg,14,زيد ظافر فدغوش العتيبي,مؤسسة قوى الاعمار الحديثة,1,2026-07-28,2026-07-28,2026-08-18,192,2026-08-23,True,"950,000",False,فيلا
6651434,https://sa.aqar.fm/فلل-للبيع/الرياض/جنوب-الرياض/حي-عكاظ/شارع-محب-الدين-السعدي-حي-عكاظ-مدينة-الرياض-منطقة-الرياض-6651434,"فيلا للبيع في شارع محب الدين السعدي, حي عكاظ, مدينة الرياض, منطقة الرياض",720000,252,5,1,0,0,حي عكاظ,الرياض,جنوب الرياض,"السلام عليكم ورحمه الله وبركاته 
أسعد الله أوقاتكم بكل خير عملائنا الكرام تقدم لكم شركه زوايه الابداع كل ماهوجديد في عالم العقار فيله.....تون هوس في العجلان 

كود 3

مساحه 300
السعر. الامامي 750 الف
الخلفي 720 الف

واجهه شرقيه 
شارع 18
استقبال تحت متخل سياره مجلس رجال وصاله ومطبخ ومقلط 
وتلات غرفة نوم منهم واحدة ماستر 
وغرفتين نوم وصاله والسطح 
تشطيب ممتاز عليها كافه الضمانات من جميع التشطيبات العنوان حي...العجلان 
شغل راقي جدآ عليها اشراف هندسي دقيق ضمان من المالك مباشرة ضمنات سباكه كهرباء عوازل اساسات دهنات لمبات ابواب اقفال خزانات 
ويوجد عروض اخري بمساحات مختلفه واسعار متفاوته يوجد لدينا جميع الحلول التمويليه من البدايه حتي النهايه نسعي دائما لتوفير العقار المناسب 
توفير الدفعه الأولى مجانا 
سداد جميع المديونيات نتعامل مع جميع البنوك والشركات
للتواصل ابو محمد 
((الرقم يظهر عند الضغط على اتصال))",24.504515,46.677323,https://images.aqar.fm/webp/750x0/props/046058857_1775995306217.jpg | https://images.aqar.fm/webp/750x0/props/046058854_1775995306983.jpg | https://images.aqar.fm/webp/750x0/props/046058855_1775995305946.jpg | https://images.aqar.fm/webp/750x0/props/046058856_1775995305279.jpg | https://images.aqar.fm/webp/750x0/props/046058858_1775995305274.jpg | https://images.aqar.fm/webp/750x0/props/046058852_1775995304995.jpg | https://images.aqar.fm/webp/750x0/props/046058858_1775995305299.jpg | https://images.aqar.fm/webp/750x0/props/046058852_1775995305467.jpg | https://images.aqar.fm/webp/750x0/props/046058851_1775995305505.jpg | https://images.aqar.fm/webp/750x0/props/046058859_1775995305651.jpg | https://images.aqar.fm/webp/750x0/props/046058855_1775995305685.jpg | https://images.aqar.fm/webp/750x0/props/046058858_1775995305763.jpg | https://images.aqar.fm/webp/750x0/props/046058850_1775995305858.jpg | https://images.aqar.fm/webp/750x0/props/046058854_1775995306035.jpg | https://images.aqar.fm/webp/750x0/props/046058858_1775995306131.jpg | https://images.aqar.fm/webp/750x0/props/046058856_1775995306300.jpg | https://images.aqar.fm/webp/750x0/props/046058857_1775995306379.jpg | https://images.aqar.fm/webp/750x0/props/046058855_1775995306475.jpg | https://images.aqar.fm/webp/750x0/props/046058857_1775995306547.jpg | https://images.aqar.fm/webp/750x0/props/046058852_1775995306643.jpg | https://images.aqar.fm/webp/750x0/props/046058852_1775995306710.jpg | https://images.aqar.fm/webp/750x0/props/046058856_1775995306812.jpg | https://images.aqar.fm/webp/750x0/props/046058859_1775995306891.jpg,23,وضحى ناشي عفار العتيبي,مؤسسة زوايا الإبداع للتطوير العقاري,1,2026-04-12,2026-07-08,2026-08-23,561,2026-08-23,True,"720,000",False,فيلا
6505920,https://sa.aqar.fm/فلل-للبيع/الرياض/جنوب-الرياض/حي-عكاظ/شارع-الصفار-الذهبي-حي-عكاظ-مدينة-الرياض-منطقة-الرياض-6505920,"فيلا للبيع في شارع الصفار الذهبي, حي عكاظ, مدينة الرياض, منطقة الرياض",850000,315,5,5,2,0,حي عكاظ,الرياض,جنوب الرياض,"السلام عليكم ورحمة الله وبركاته 
نقدم لكم فلل تانون هاوس 3 ادوار 
موقع مميز جدا 
قريب من كل الخدمات 
مدارس و مسجد 🕌
مشروع فلل تاون هاوس 
المساحه 315
السعر 850 الف 
التفاصيل 
مدخل سياره خاص 
مجلس رجال بالحمام والمغاسل 
مقلط
مطبخ وصاله 
الاول 
3غرف نوم الرئيسيه ماستر 
الملحق 
غرفتين نوم 
وسطح

للتواصل والاستفسار 

((رقم المعلن يظهر عند التواصل))",24.50691,46.675319,https://images.aqar.fm/webp/750x0/props/044777358_1765707928036.jpg | https://images.aqar.fm/webp/750x0/props/044777353_1765707927931.jpg | https://images.aqar.fm/webp/750x0/props/044777358_1765707928417.jpg | https://images.aqar.fm/webp/750x0/props/044777359_1765707928411.jpg | https://images.aqar.fm/webp/750x0/props/044777353_1765707927396.jpg | https://images.aqar.fm/webp/750x0/props/044777351_1765707927323.jpg | https://images.aqar.fm/webp/750x0/props/044777359_1765707927346.jpg | https://images.aqar.fm/webp/750x0/props/044777357_1765707927440.jpg | https://images.aqar.fm/webp/750x0/props/044777355_1765707927544.jpg | https://images.aqar.fm/webp/750x0/props/044777355_1765707927773.jpg | https://images.aqar.fm/webp/750x0/props/044777352_1765707927742.jpg | https://images.aqar.fm/webp/750x0/props/044777359_1765707927766.jpg | https://images.aqar.fm/webp/750x0/props/044777356_1765707927772.jpg | https://images.aqar.fm/webp/750x0/props/044777359_1765707927999.jpg | https://images.aqar.fm/webp/750x0/props/044777353_1765707928038.jpg | https://images.aqar.fm/webp/750x0/props/044777354_1765707928167.jpg | https://images.aqar.fm/webp/750x0/props/044777358_1765707928209.jpg,17,تماني بنت عقيل بن فارس العنزي,مكتب مساكن المهلهل,1,2025-12-14,2025-12-14,2026-08-22,1003,2026-08-23,True,"850,000",False,فيلا
6793817,https://sa.aqar.fm/فلل-للبيع/الرياض/جنوب-الرياض/حي-عكاظ/شارع-الصفار-الذهبي-حي-عكاظ-مدينة-الرياض-منطقة-الرياض-6793817,"فيلا للبيع في شارع الصفار الذهبي, حي عكاظ, مدينة الرياض, منطقة الرياض",750000,266,7,0,0,0,حي عكاظ,الرياض,جنوب الرياض,"� فلل تاون هاوس للبيع – حي العجلان

امتلك منزلك في أحد أفضل المواقع السكنية بحي العجلان، حيث الهدوء والخصوصية مع قرب جميع الخدمات الأساسية، من المدارس، والمساجد، والحدائق، والأسواق، والمراكز التجارية، وسهولة الوصول إلى الطرق والمحاور الرئيسية.

✨ مميزات العقار:

* تصميم عصري وتشطيبات عالية الجودة.
* مساحات عملية تناسب احتياجات الأسرة.
* خصوصية واستقلالية كاملة.
* موقع مميز قريب من جميع الخدمات.

✅ الضمانات:

* ضمانات شاملة على الهيكل الإنشائي.
* ضمانات الكهرباء والسباكة.
* إشراف هندسي على جميع مراحل التنفيذ.
* تأمين ضد العيوب الخفية.

💳 حلول تمويلية متكاملة:

* توفير أفضل الحلول التمويلية لجميع البنوك والشركات.
* إمكانية سداد المديونيات وتوحيد الالتزامات.
* استخراج أعلى قيمة تمويلية بأفضل المزايا.
* متابعة جميع إجراءات التمويل حتى الإفراغ بكل سهولة",24.506746,46.674337,https://images.aqar.fm/webp/750x0/props/047783022_1785213047457.jpg,1,ناصر عبدالله مرزوق مرزوق,,,2026-07-28,2026-07-28,2026-08-23,31,2026-08-23,True,"750,000",False,فيلا
6539943,https://sa.aqar.fm/فلل-للبيع/الرياض/جنوب-الرياض/حي-عكاظ/شارع-الصفار-الذهبي-حي-عكاظ-مدينة-الرياض-منطقة-الرياض-6539943,"فيلا للبيع في شارع الصفار الذهبي, حي عكاظ, مدينة الرياض, منطقة الرياض",990000,167,4,4,1,5,حي عكاظ,الرياض,جنوب الرياض,"فيلا تاون هاوس في حي عكاظ
مؤجرة بقيمة 40000 ريال
عمرها خمس سنوات
البيع 990000 ريال
العقار مرهون لدى بنك الراجحي",24.501432,46.674122,,,مطلق بن سعود بن محمد السهلي,مؤسسة مكتب قمة النجاح للخدمات العقارية,1,2026-01-09,2026-06-26,2026-08-07,213,2026-08-23,True,"990,000",False,فيلا
6639489,https://sa.aqar.fm/فلل-للبيع/الرياض/جنوب-الرياض/حي-عكاظ/شارع-عاقل-بن-حبيب-حي-عكاظ-الرياض-منطقة-الرياض-6639489,"فيلا للبيع في شارع عاقل بن حبيب, حي عكاظ, مدينة الرياض, منطقة الرياض",1400000,300,7,5,2,1,حي عكاظ,الرياض,جنوب الرياض,"فيلا دوبلكس درج داخلي فقط مساحة ٣٠٠
مؤجره لمدة ٣ سنوات
عقد الكتروني منصة ايجار
تم انقضاء سنه ونصف 
ومتبقي سنه ونصف
المستأجر محافظ على المنزل و ملتزم بالسداد 
الدفعه نهاية هذا الشهر ٢٧٥٠٠
والسنه القادمة ٦٠ الف دفعتين
فرصه للمستثمر
البيت نظيف والمستاجر محافظ عليه
قريب من قاعدة الملك سلمان الجوية
المنزل حر وبدون رهن 
اقبل البنك بشرط دفع عربون في مكتب عقار 
انا المالك والبيع  
مباشر بدون سعي
((قابل للتفاوض))
يجب التواصل على الواتساب لتحديد موعد مع المستأجر لمشاهدة المنزل من الداخل",24.502335569500048,46.67746357850007,https://images.aqar.fm/webp/750x0/props/003775913_1775152879705.jpg | https://images.aqar.fm/webp/750x0/props/003775910_1775152879707.jpg | https://images.aqar.fm/webp/750x0/props/003775915_1782226922501.jpg | https://images.aqar.fm/webp/750x0/props/003775919_1782226922501.jpg,4,تركي محمد عبدالله الاسمري,,,2026-04-02,2026-04-02,2026-08-22,638,2026-08-23,True,"1,400,000",False,فيلا
6769202,https://sa.aqar.fm/فلل-للبيع/الرياض/جنوب-الرياض/حي-عكاظ/شارع-الناجية-حي-عكاظ-مدينة-الرياض-منطقة-الرياض-6769202,"فيلا للبيع في شارع الناجية, حي عكاظ, مدينة الرياض, منطقة الرياض",2200000,900,,0,0,11,حي عكاظ,الرياض,جنوب الرياض,فله المساحة ٩٠٠ م شارع ٢٠ تفتح على مسجد دور ارضي واربع اجنحه بالدور الاول وبالسطح غرفة شغاله مع غرفة غسيل,24.528827,46.661844,https://images.aqar.fm/webp/750x0/props/048096325_1783877756160.jpg | https://images.aqar.fm/webp/750x0/props/048096320_1783877756166.jpg | https://images.aqar.fm/webp/750x0/props/048096328_1783877756171.jpg,3,مطر سعيد هذال العتيبي,مكتب مفتاح المستقبل للعقارات,1,2026-07-11,2026-08-09,2026-08-20,876,2026-08-23,True,"2,200,000",False,فيلا
6756164,https://sa.aqar.fm/فلل-للبيع/الرياض/جنوب-الرياض/حي-عكاظ/شارع-عز-الدين-بن-فهد-حي-عكاظ-مدينة-الرياض-منطقة-الرياض-6756164,"فيلا للبيع في شارع عز الدين بن فهد, حي عكاظ, مدينة الرياض, منطقة الرياض",720000,300,7,4,2,0,حي عكاظ,الرياض,جنوب الرياض,"🔥فيلا تاون هاوس 

🔥تشطيبات ممتازه 
 
💥على الكود السعودىالجديد 

📏مساحه 300 متر 

تاون هاوس فيلا 
3ادوار 

تتكون من 
مجلس مع دوره مياه ومغاسل 
مقلط 
صاله
مطبخ 

🏠دور اول 
غرفتين نوم ماستر 
1 غرفه نوم 

🏠دور تانى 
غرفتين نوم 
سطح 

🗣🗣جميع الضمانات متاحه 
🗣قريب من جميع الخدمات

📢📢لدينا عروض لشقق وفلل وأدوار بصك وتاون هاوس ودوبلكسات في مختلف المناطق والمخططات والاحياء نتعامل مع جميع البنوك والشركات التمويلية في جميع أنحاء المملكة ولدينا أفضل الحلول التمويلية وسداد المديونيات وتوفير الدفعة المقدمة",24.516603,46.672907,https://images.aqar.fm/webp/750x0/props/045139746_1782971237202.jpg | https://images.aqar.fm/webp/750x0/props/045139748_1782971190269.jpg | https://images.aqar.fm/webp/750x0/props/045139746_1782971190451.jpg | https://images.aqar.fm/webp/750x0/props/045139745_1782971190259.jpg | https://images.aqar.fm/webp/750x0/props/045139746_1782971189840.jpg | https://images.aqar.fm/webp/750x0/props/045139741_1782971189984.jpg | https://images.aqar.fm/webp/750x0/props/045139740_1782971189971.jpg | https://images.aqar.fm/webp/750x0/props/045139743_1782971190029.jpg | https://images.aqar.fm/webp/750x0/props/045139747_1782971190087.jpg | https://images.aqar.fm/webp/750x0/props/045139740_1782971190137.jpg | https://images.aqar.fm/webp/750x0/props/045139745_1782971190340.jpg | https://images.aqar.fm/webp/750x0/props/045139743_1782971190585.jpg | https://images.aqar.fm/webp/750x0/props/045139746_1782971237202.jpg | https://images.aqar.fm/webp/750x0/props/045139748_1782971190269.jpg | https://images.aqar.fm/webp/750x0/props/045139746_1782971190451.jpg | https://images.aqar.fm/webp/750x0/props/045139745_1782971190259.jpg | https://images.aqar.fm/webp/750x0/props/045139746_1782971189840.jpg | https://images.aqar.fm/webp/750x0/props/045139741_1782971189984.jpg | https://images.aqar.fm/webp/750x0/props/045139740_1782971189971.jpg | https://images.aqar.fm/webp/750x0/props/045139743_1782971190029.jpg | https://images.aqar.fm/webp/750x0/props/045139747_1782971190087.jpg | https://images.aqar.fm/webp/750x0/props/045139740_1782971190137.jpg | https://images.aqar.fm/webp/750x0/props/045139745_1782971190340.jpg | https://images.aqar.fm/webp/750x0/props/045139743_1782971190585.jpg | https://images.aqar.fm/webp/750x0/props/045139744_1782972401190.jpg | https://images.aqar.fm/webp/750x0/props/045139740_1782972401380.jpg | https://images.aqar.fm/webp/750x0/props/045139744_1782972401552.jpg,27,ورده علي احمد الناشري,مؤسسة الهرم الرابع للعقارات,1,2026-07-02,2026-07-31,2026-08-23,795,2026-08-23,True,"720,000",False,فيلا
6824800,https://sa.aqar.fm/فلل-للبيع/الرياض/جنوب-الرياض/حي-عكاظ/شارع-ابن-مخلوف-حي-عكاظ-مدينة-الرياض-منطقة-الرياض-6824800,"فيلا للبيع في شارع ابن مخلوف, حي عكاظ, مدينة الرياض, منطقة الرياض",850000,266,7,0,0,0,حي عكاظ,الرياض,جنوب الرياض,"ألسلام عليكم ورحمة الله وبركاته 

يتوفر لديناء (تاون هاوس) (دورعلوي مع شقة)(دورعلوي مع ملحق)
على الكود السعودي الجديد تشمل جميع الضمانات 

نوفر الدفعة الأولى 
نتعامل مع جميع البنوك والشركات 
إنجاز سريع في المعاملات",24.512042,46.659689,https://images.aqar.fm/webp/750x0/props/042912167_1786853746778.jpg | https://images.aqar.fm/webp/750x0/props/042912167_1786853746768.jpg | https://images.aqar.fm/webp/750x0/props/042912160_1786853786561.jpg | https://images.aqar.fm/webp/750x0/props/042912165_1786853786554.jpg | https://images.aqar.fm/webp/750x0/props/042912168_1786853786540.jpg | https://images.aqar.fm/webp/750x0/props/042912162_1786853786558.jpg | https://images.aqar.fm/webp/750x0/props/042912164_1786853786554.jpg | https://images.aqar.fm/webp/750x0/props/042912165_1786853786577.jpg | https://images.aqar.fm/webp/750x0/props/042912165_1786853786552.jpg,9,حسن جابر جابر الحربي,,,2026-08-16,2026-08-16,2026-08-23,18,2026-08-23,True,"850,000",False,فيلا
6532819,https://sa.aqar.fm/فلل-للبيع/الرياض/جنوب-الرياض/حي-عكاظ/شارع-سعيد-الماجد-حي-عكاظ-مدينة-الرياض-منطقة-الرياض-6532819,"فيلا للبيع في شارع سعيد الماجد, حي عكاظ, مدينة الرياض, منطقة الرياض",1100000,300,5,4,2,3,حي عكاظ,الرياض,جنوب الرياض,"للبيع  
فيلا دوبلكس بحى عكاظ جنوب الرياض :
 مساحه ۳۰۰ متر
الواجهة شمالية الشارع 20 متر

الفيلا تتكون :
-مدخل سيارة وحوش ومجلس رجال (مشب ) مع دورة مياه
-الدور الأرضي مجلس و وملقط وصاله ومطبخ ودورتين مياه
-الدور الأول ( ٤ غرف نوم ) ۲ غرفه نوم مستر و ٢ غرفه نوم بحمام مشترك
-الملحق يوجد به غرفه نوم بحمام مع مغاسل مع السطح

📍 موقع ممتاز به كافة الخدمات
قريب من مستشفى الامام عبد الرحمن الفيصل
قريب من طريق ديراب
قريب من الخدمات العامة
دوبلكس
مدخل سيارة

سعر البيع 1,200,000 ريال

رقم التواصل ((رقم المعلن يظهر عند التواصل))",24.521703,46.655256,https://images.aqar.fm/webp/750x0/props/001239255_1787492002874.jpg | https://images.aqar.fm/webp/750x0/props/001239252_1779529545409.jpg | https://images.aqar.fm/webp/750x0/props/001239250_1779529545411.jpg | https://images.aqar.fm/webp/750x0/props/001239256_1779529545399.jpg | https://images.aqar.fm/webp/750x0/props/001239251_1779529545397.jpg | https://images.aqar.fm/webp/750x0/props/001239251_1779529545399.jpg | https://images.aqar.fm/webp/750x0/props/001239255_1779529545405.jpg | https://images.aqar.fm/webp/750x0/props/001239254_1779529545404.jpg | https://images.aqar.fm/webp/750x0/props/001239255_1779529545600.jpg | https://images.aqar.fm/webp/750x0/props/001239250_1779529545401.jpg | https://images.aqar.fm/webp/750x0/props/001239250_1779529545400.jpg | https://images.aqar.fm/webp/750x0/props/001239255_1779529545563.jpg | https://images.aqar.fm/webp/750x0/props/001239259_1779529545399.jpg | https://images.aqar.fm/webp/750x0/props/001239257_1779529545564.jpg | https://images.aqar.fm/webp/750x0/props/001239250_1779529545569.jpg | https://images.aqar.fm/webp/750x0/props/001239255_1779529545403.jpg | https://images.aqar.fm/webp/750x0/props/001239257_1779529545396.jpg | https://images.aqar.fm/webp/750x0/props/001239258_1779529545569.jpg | https://images.aqar.fm/webp/750x0/props/001239255_1779529545395.jpg | https://images.aqar.fm/webp/750x0/props/001239252_1779529545606.jpg | https://images.aqar.fm/webp/750x0/props/001239257_1779529545567.jpg | https://images.aqar.fm/webp/750x0/props/001239252_1779529545600.jpg | https://images.aqar.fm/webp/750x0/props/001239252_1779529545570.jpg | https://images.aqar.fm/webp/750x0/props/001239257_1779529545423.jpg,24,مساعد جلوي قاعد الحربي,شركة الروزنة العقارية للعقارات ,1,2026-01-04,2026-08-18,2026-08-23,1315,2026-08-23,True,"1,100,000",False,فيلا
6510032,https://sa.aqar.fm/فلل-للبيع/الرياض/جنوب-الرياض/حي-عكاظ/حي-عكاظ-مدينة-الرياض-منطقة-الرياض-6510032,"فيلا للبيع في حي عكاظ, مدينة الرياض, منطقة الرياض",1070000,233,6,,,0,حي عكاظ,الرياض,جنوب الرياض,"فيلا دبلكس
مساحة 250 متر
السعر مليون و 70 الف
ويوجد جانب منها تاون هاوس
مساحه 300 متر
سعر الارضي 710 الف
سعر العلوي 620 الف 
الوجهة جنوبية 
الشارع 20 متر حرف تي 
&&&&&&&&
تفاصيل الفيلا من الداخل
مدخل سياره
مشب خارجي
مجلس رجال مع مغاسل ومقلط وصاله ومطبخ معا مستودع
الدور الاول
صاله
 وغرفتين نوم بحمام مشترك وغرفتين نوم ماستر
الدور العلوي 
غرفه غسيل 
وغرفه ماستر وسطح
لتواصل
((رقم المعلن يظهر عند التواصل))",24.508614,46.641838,https://images.aqar.fm/webp/750x0/props/028395350_1765955726388.jpg | https://images.aqar.fm/webp/750x0/props/028395355_1765955726365.jpg | https://images.aqar.fm/webp/750x0/props/028395353_1765955727121.jpg | https://images.aqar.fm/webp/750x0/props/028395352_1765955727287.jpg,4,تماني بنت عقيل بن فارس العنزي,مكتب مساكن المهلهل,1,2025-12-17,2025-12-17,2026-08-22,972,2026-08-23,True,"1,070,000",False,فيلا
6824809,https://sa.aqar.fm/فلل-للبيع/الرياض/جنوب-الرياض/حي-عكاظ/شارع-النمور-حي-عكاظ-مدينة-الرياض-منطقة-الرياض-6824809,"فيلا للبيع في شارع النمور, حي عكاظ, مدينة الرياض, منطقة الرياض",860000,266,7,0,0,0,حي عكاظ,الرياض,جنوب الرياض,"‏السلام عليكم ورحمة الله وبركاته 

يتوفر لديناء (فلل). تاون هاوس (أدوار مع شقه (. دور مع ملحق)

ب أسعار ومساحات مختلفه حسب الطلب 

تشمل جميع الظمانات على الكود السعودي الجديد 

مع توفير الضمانات سباكة كهرباء عوازل عزل مائي حراري 

نتعامل مع جميع البنوك والشركات 
نوفر الدفعه الاولى 
نوفر سيولة فوق قيمة العقار",24.511148,46.659108,https://images.aqar.fm/webp/750x0/props/042912166_1786854353838.jpg | https://images.aqar.fm/webp/750x0/props/042912162_1786854353847.jpg | https://images.aqar.fm/webp/750x0/props/042912165_1786854423182.jpg | https://images.aqar.fm/webp/750x0/props/042912160_1786854423168.jpg | https://images.aqar.fm/webp/750x0/props/042912167_1786854423169.jpg | https://images.aqar.fm/webp/750x0/props/042912163_1786854423173.jpg | https://images.aqar.fm/webp/750x0/props/042912169_1786854423191.jpg | https://images.aqar.fm/webp/750x0/props/042912163_1786854423178.jpg | https://images.aqar.fm/webp/750x0/props/042912169_1786854423161.jpg,9,حسن جابر جابر الحربي,,,2026-08-16,2026-08-16,2026-08-23,15,2026-08-23,True,"860,000",False,فيلا
6798889,https://sa.aqar.fm/فلل-للبيع/الرياض/جنوب-الرياض/حي-عكاظ/شارع-إسماعيل-القيسي-حي-عكاظ-مدينة-الرياض-منطقة-الرياض-6798889,"فيلا للبيع في شارع إسماعيل القيسي, حي عكاظ, مدينة الرياض, منطقة الرياض",750000,248,4,0,0,0,حي عكاظ,الرياض,جنوب الرياض,"🔥 فرصة لا تعوض – تاون هاوس دورين للبيع في جنوب الرياض (حي عكاظ – مخطط عجلان) 🔥

إذا كنت تبحث عن منزل واسع، بموقع مميز، وسعر منافس… فهذا هو الخيار المناسب لك.

🏡 تاون هاوس دورين
📍 الموقع: جنوب الرياض – حي عكاظ – مخطط عجلان
📐 المساحة: 300 م²
🧭 الواجهة: غربية
🛣️ عرض الشارع: 15 متر
💰 السعر: 750,000 ريال قابل للتفاوض

مكونات العقار:
✔️ 4 غرف نوم (غرفتان ماستر)
✔️  مجلس
✔️ 3 صالات واسعة
✔️ 5 دورات مياه
✔️ مطبخ
✔️ جميع الضمانات متوفرة

مميزات الموقع:
✅ قريب من الجامع
✅ قريب من مدارس المنهاج
✅ قريب من طريق النفود
✅ حي هادئ ومتكامل الخدمات
✅ مناسب للسكن والاستثمار

لا تفوت الفرصة! عقار بمواصفات مميزة، ومساحة كبيرة، وسعر منافس في أحد الأحياء الواعدة جنوب الرياض.

يوجد حلول تمويلية 
📞 تواصل الآن لحجز موعد للمعاينة قبل نفاد الفرصة.",24.506213,46.67311,https://images.aqar.fm/webp/750x0/props/050219313_1785503478090.jpg | https://images.aqar.fm/webp/750x0/props/050219314_1785503478093.jpg | https://images.aqar.fm/webp/750x0/props/050219314_1785503478098.jpg | https://images.aqar.fm/webp/750x0/props/050219318_1785503478093.jpg | https://images.aqar.fm/webp/750x0/props/050219310_1785503478098.jpg | https://images.aqar.fm/webp/750x0/props/050219312_1785503478093.jpg | https://images.aqar.fm/webp/750x0/props/050219316_1785503478088.jpg | https://images.aqar.fm/webp/750x0/props/050219311_1785503560054.jpg | https://images.aqar.fm/webp/750x0/props/050219318_1785503605316.jpg | https://images.aqar.fm/webp/750x0/props/050219319_1785503605314.jpg | https://images.aqar.fm/webp/750x0/props/050219319_1785503605323.jpg | https://images.aqar.fm/webp/750x0/props/050219315_1785503605324.jpg | https://images.aqar.fm/webp/750x0/props/050219316_1785503605397.jpg | https://images.aqar.fm/webp/750x0/props/050219315_1785503605394.jpg | https://images.aqar.fm/webp/750x0/props/050219312_1785503605300.jpg | https://images.aqar.fm/webp/750x0/props/050219313_1785503605404.jpg,16,سالم المجادعه,,,2026-07-31,2026-07-31,2026-08-10,91,2026-08-23,True,"750,000",False,فيلا
6592598,https://sa.aqar.fm/فلل-للبيع/الرياض/جنوب-الرياض/حي-عكاظ/شارع-عكاظ-عجلان-حي-عكاظ-مدينة-الرياض-منطقة-الرياض-6592598,"فيلا للبيع في شارع عكاظ عجلان, حي عكاظ, مدينة الرياض, منطقة الرياض",1030000,326,5,1,0,0,حي عكاظ,الرياض,جنوب الرياض,"فيلا دوبلكس تتكون من
الارضي مدخل سيارة - مجلس رجال - نقاط - صالة مطبخ
دورتين مياة 
الدور الاول صالة- أربع غرف غرفتين ماستر
ثلاث دورات مياة
السطح صالة وغرفة ودورة مياة
للتواصل ابو عدي ((رقم المعلن يظهر عند التواصل))",24.504912,46.679048,https://images.aqar.fm/webp/750x0/props/050269002_1771241298525.jpg | https://images.aqar.fm/webp/750x0/props/050269004_1771241297787.jpg | https://images.aqar.fm/webp/750x0/props/050269002_1771241297865.jpg | https://images.aqar.fm/webp/750x0/props/050269008_1771241297947.jpg | https://images.aqar.fm/webp/750x0/props/050269000_1771241297785.jpg | https://images.aqar.fm/webp/750x0/props/050269005_1771241297863.jpg | https://images.aqar.fm/webp/750x0/props/050269009_1771241298008.jpg | https://images.aqar.fm/webp/750x0/props/050269002_1771241298056.jpg | https://images.aqar.fm/webp/750x0/props/050269000_1771241298170.jpg | https://images.aqar.fm/webp/750x0/props/050269008_1771241298176.jpg | https://images.aqar.fm/webp/750x0/props/050269002_1771241298257.jpg | https://images.aqar.fm/webp/750x0/props/050269003_1771241298430.jpg | https://images.aqar.fm/webp/750x0/props/050269008_1771241298439.jpg | https://images.aqar.fm/webp/750x0/props/050269008_1771241360894.jpg | https://images.aqar.fm/webp/750x0/props/050269005_1771243683181.jpg,15,جابر ال فهاد,شركة ركائز الروعة,1,2026-02-16,2026-08-09,2026-08-23,534,2026-08-23,True,"1,030,000",False,فيلا
6797096,https://sa.aqar.fm/فلل-للبيع/الرياض/جنوب-الرياض/حي-عكاظ/شارع-الصفار-الذهبي-حي-عكاظ-مدينة-الرياض-منطقة-الرياض-6797096,"فيلا للبيع في شارع الصفار الذهبي, حي عكاظ, مدينة الرياض, منطقة الرياض",850000,266,7,5,3,0,حي عكاظ,الرياض,جنوب الرياض,"فيلا للبيع تاون هاوس حي عجلان عكاض شغل شخصي تصميم مودرن 
كل شي خاص ومنفصل فيلا مستقله 
قريبه من جميع الخدمات والمسجد 
شراع ٢٠ 
تتوفر جميع الضمانات البناء ٢٥ سنه 
وتامين ضد جميع العيوب المخفيه من شركه ملاذ لمده ١٠ سنه",24.506343,46.674868,https://images.aqar.fm/webp/750x0/props/018974437_1785377787839.jpg,1,مشاعل محبوب,,0,2026-07-30,2026-07-30,2026-08-23,64,2026-08-23,True,"850,000",False,فيلا
6550944,https://sa.aqar.fm/فلل-للبيع/الرياض/جنوب-الرياض/حي-عكاظ/شارع-ممر42-حي-عكاظ-مدينة-الرياض-منطقة-الرياض-6550944,"فيلا للبيع في شارع ممر42, حي عكاظ, مدينة الرياض, منطقة الرياض",700000,253,6,,,0,حي عكاظ,الرياض,جنوب الرياض,"السلام عليكم
تاون هاوس حى عكاظ مخطط العجلان
مساحه 300 م شارع 25 م

تتكون من مدخل سياره مجلس رجال مقلط صاله مطبخ
الدور الأول 3 غرف نوم منهم غرفه ماستر وصاله
الثاني غرفتين وصاله وسطح
للتواصل 055419830",24.506973,46.66621,https://images.aqar.fm/webp/750x0/props/047625760_1768727651187.jpg | https://images.aqar.fm/webp/750x0/props/047625762_1768727650628.jpg | https://images.aqar.fm/webp/750x0/props/047625765_1768727650737.jpg | https://images.aqar.fm/webp/750x0/props/047625762_1768727650787.jpg | https://images.aqar.fm/webp/750x0/props/047625768_1768727650868.jpg | https://images.aqar.fm/webp/750x0/props/047625766_1768727650985.jpg | https://images.aqar.fm/webp/750x0/props/047625766_1768727650987.jpg | https://images.aqar.fm/webp/750x0/props/047625762_1768727651041.jpg,8,مشاعل دعيرم بن جربوع العتيبي,مؤسسة مكتب بداية جديدة للخدمات العقارية,1,2026-01-18,2026-01-18,2026-08-18,918,2026-08-23,True,"700,000",False,فيلا
6673425,https://sa.aqar.fm/فلل-للبيع/الرياض/جنوب-الرياض/حي-عكاظ/شارع-جان-السليماني-حي-عكاظ-مدينة-الرياض-منطقة-الرياض-6673425,"فيلا للبيع في شارع جان السليماني, حي عكاظ, مدينة الرياض, منطقة الرياض",1600000,375,,1,0,4,حي عكاظ,الرياض,جنوب الرياض,"السلام عليكم ورحمة الله وبركاته 
للبيع فيلا حى عكاظ شامل الاثاث كامل
(((( الفيلا  حرة ))))) يوجد شهادة اتمام بناء

 مساحته :-  375 م 
عمرها  :- 4 سنوات
مشب مع دوره مياه  مجلس رجال مع دوره مياه 
مقلط  صالتين استقبال   غرفه كبار سن مع دوره مياه  مطبخ   مستودع  غرفه شغاله مع دوره مياه غرفه مستودع في السطح حوش كبير
الدور العلوي 
غرفه ماستر مع غرفه ملابس ودوره مياه 
غرفه ودوره مياه
شقه:- ثلاث غرف مع صاله ومطبخ حمامين
شقه :- مؤسس
مدخل خاص للشقق
غرفه سايق وحمامها

البيع  :-  قابل للتفاوض 
للتفاوض  ياسين ( 0507190712 ).
ابو سالم ( 0533320828 )
مكتب رويتك العقاري المونسيه

https://maps.app.goo.gl/KmScz5mcApHwSBpW8?g_st=ac",24.503176,46.672707,https://images.aqar.fm/webp/750x0/props/035658912_1777384113374.jpg | https://images.aqar.fm/webp/750x0/props/035658915_1777384113044.jpg | https://images.aqar.fm/webp/750x0/props/035658917_1777384113114.jpg | https://images.aqar.fm/webp/750x0/props/035658912_1777384113226.jpg | https://images.aqar.fm/webp/750x0/props/035658912_1777384113228.jpg | https://images.aqar.fm/webp/750x0/props/035658919_1777384113296.jpg | https://images.aqar.fm/webp/750x0/props/035658910_1777384113437.jpg,7,فاطمه القحطاني,مؤسسة مكتب رؤيتك للعقارات,1,2026-04-28,2026-08-22,2026-08-23,313,2026-08-23,True,"1,600,000",False,فيلا
6755343,https://sa.aqar.fm/فلل-للبيع/الرياض/جنوب-الرياض/حي-عكاظ/شارع-يعقوب-بن-أبي-الفضل-حي-عكاظ-مدينة-الرياض-منطقة-الرياض-6755343,"فيلا للبيع في شارع يعقوب بن أبي الفضل, حي عكاظ, مدينة الرياض, منطقة الرياض",890000,237,5,0,0,0,حي عكاظ,الرياض,جنوب الرياض,"فلة كاملة ثلاث ادوار 
ب ٥ غرف نوم 

تتميز :-
• تامين ١٠ سنوات للعيوب الخفية
• ⁠ضمان ذهبي سنة من المطور 
• ⁠شارع ٢٠ مكتمل البناء 
• ⁠موقع قريب من مدخل الحي 

تفاصيل الفلة الامامية :-

الدور الارضي :- 
حوش - مدخل- مجلس رجال - صالة - قسم طعام  - مطبخ - مستودع - دورتين مياه 

الدور الاول :-
غرفتين ماستر واسعة - غرفتين نوم - حمام 

الدور الثاني :-
غرفة نوم -صاله واسعه- حمام - سطح خاص
تشطيب عالي الجودة :-
• ابواب الغملاس
• ⁠دهانات جوتن 
• ⁠كهرباء فتيك 
• ⁠بروفايل عسيب 
• ⁠انابيب فورتيك

يتوفر قسم خاص بالضمانات وتصوير خاص لجميع مراحل البناء من الحفر الى الانتهاء

ونقدم خدمات وحلول التمويل العقاري",24.506449,46.672295,https://images.aqar.fm/webp/750x0/props/015548257_1782914464117.jpg | https://images.aqar.fm/webp/750x0/props/015548254_1782914464106.jpg | https://images.aqar.fm/webp/750x0/props/015548255_1782914464124.jpg | https://images.aqar.fm/webp/750x0/props/015548250_1782914464131.jpg | https://images.aqar.fm/webp/750x0/props/015548252_1782914464176.jpg | https://images.aqar.fm/webp/750x0/props/015548251_1782914464151.jpg | https://images.aqar.fm/webp/750x0/props/015548254_1782914464175.jpg | https://images.aqar.fm/webp/750x0/props/015548259_1782914464181.jpg,8,مسفر مقذل مسفر السبيعي,شركة أساس لخدمات الأعمال شركة شخص واحد,1,2026-07-01,2026-07-30,2026-08-10,324,2026-08-23,True,"890,000",False,فيلا
6675958,https://sa.aqar.fm/فلل-للبيع/الرياض/جنوب-الرياض/حي-عكاظ/شارع-حسين-الأبريقي-حي-عكاظ-مدينة-الرياض-منطقة-الرياض-6675958,"فيلا للبيع في شارع حسين الأبريقي, حي عكاظ, مدينة الرياض, منطقة الرياض",720000,264,7,,,0,حي عكاظ,الرياض,جنوب الرياض,"تاون هاوس ارضي  للبيع – فرصة مميزة

✨ تصميم عملي ومساحات مريحة
📐 المساحة: 250متر مربع
💰 السعر: 720 ألف (قابل للتفاوض)

تفاصيل العقار:

🔹 الدور الارضي 
	•	مجلس ومقلط
	•	مطبخ
	•	صالة معيشة
	•	عدد 2 دورات مياه

🔹 الدور الاول 
.   *صاله 
	•	3 غرف نوم (منها غرفة ماستر)
	•	عدد 2 دورات مياه
   * الدور الثاني 
صاله  وغرفتين نوم ودورة مياه 
	•	1سطح توفر خصوصية ومساحة إضافية للاستخدام

✅ مناسب للعائلات
✅ توزيع ذكي للمساحات
✅ تشطيب عملي يلبي الاحتياج اليومي

📞 للتواصل والاستفسار لا تتردد
0502516956
0530066018",24.506971,46.67078,https://images.aqar.fm/webp/750x0/props/043672405_1777532875029.jpg | https://images.aqar.fm/webp/750x0/props/043672408_1777532874826.jpg | https://images.aqar.fm/webp/750x0/props/043672404_1777532874917.jpg | https://images.aqar.fm/webp/750x0/props/043672404_1777532875027.jpg | https://images.aqar.fm/webp/750x0/props/043672405_1777532875116.jpg | https://images.aqar.fm/webp/750x0/props/043672408_1777532875152.jpg | https://images.aqar.fm/webp/750x0/props/043672401_1777532875219.jpg | https://images.aqar.fm/webp/750x0/props/043672407_1777532875258.jpg | https://images.aqar.fm/webp/750x0/props/043672406_1777532875347.jpg | https://images.aqar.fm/webp/750x0/props/043672403_1777532875414.jpg | https://images.aqar.fm/webp/750x0/props/043672408_1777532875469.jpg | https://images.aqar.fm/webp/750x0/props/043672407_1777532875531.jpg | https://images.aqar.fm/webp/750x0/props/043672409_1777532875617.jpg | https://images.aqar.fm/webp/750x0/props/043672408_1777532875619.jpg | https://images.aqar.fm/webp/750x0/props/043672401_1777532875664.jpg | https://images.aqar.fm/webp/750x0/props/043672402_1777532875727.jpg | https://images.aqar.fm/webp/750x0/props/043672405_1777532875895.jpg | https://images.aqar.fm/webp/750x0/props/043672409_1777532875936.jpg | https://images.aqar.fm/webp/750x0/props/043672405_1777532875939.jpg | https://images.aqar.fm/webp/750x0/props/043672407_1777532875970.jpg,20,منيره مناحي بن جابر ال فهاد,مؤسسة درة الانشاءات والتشييد للمقاولات العامة,1,2026-04-30,2026-07-26,2026-08-23,412,2026-08-23,True,"720,000",False,فيلا
6383570,https://sa.aqar.fm/فلل-للبيع/الرياض/جنوب-الرياض/حي-عكاظ/شارع-إسماعيل-القيسي-حي-عكاظ-مدينة-الرياض-منطقة-الرياض-6383570,"فيلا للبيع في شارع إسماعيل القيسي, حي عكاظ, مدينة الرياض, منطقة الرياض",830000,252,5,,,0,حي عكاظ,الرياض,جنوب الرياض,"عملائنا الكرام اسعد الله اوقاتكم بالخير والبركات 🤍 
نقدم لكم  فيلا تاون هاوس 
تتميز المشروع بتصاميم معمارية حديثة وانيقة تجمع بين الجمالية والوظيفية 
مريحة وجذابة 
مساحات متنوعة
يقع الدور في موقع مميز يوفر سهولة الوصول الي المسجد  والمرافق الحيوية مثل المدارس المستشفيات مراكز التسويق مما يجعل الحياة اليومية اكثر سهولة وراحة 
تصاميم عصرية تامين ملاذ ضمان ٢٥ عام",24.505935,46.673103,https://images.aqar.fm/webp/750x0/props/048232774_1757954906851.jpg | https://images.aqar.fm/webp/750x0/props/048232772_1757954907534.jpg | https://images.aqar.fm/webp/750x0/props/048232777_1757954906779.jpg | https://images.aqar.fm/webp/750x0/props/048232773_1757954906722.jpg | https://images.aqar.fm/webp/750x0/props/048232776_1757954906851.jpg | https://images.aqar.fm/webp/750x0/props/048232776_1757954906724.jpg | https://images.aqar.fm/webp/750x0/props/048232776_1757954906991.jpg | https://images.aqar.fm/webp/750x0/props/048232779_1757954906994.jpg | https://images.aqar.fm/webp/750x0/props/048232775_1757954907135.jpg | https://images.aqar.fm/webp/750x0/props/048232775_1757954907238.jpg | https://images.aqar.fm/webp/750x0/props/048232773_1757954907138.jpg | https://images.aqar.fm/webp/750x0/props/048232776_1757954907249.jpg | https://images.aqar.fm/webp/750x0/props/048232777_1757954907330.jpg | https://images.aqar.fm/webp/750x0/props/048232779_1757954907328.jpg | https://images.aqar.fm/webp/750x0/props/048232776_1757954907433.jpg | https://images.aqar.fm/webp/750x0/props/048232778_1757954907431.jpg | https://images.aqar.fm/webp/750x0/props/048232778_1757954907532.jpg | https://images.aqar.fm/webp/750x0/props/048232771_1757954907529.jpg | https://images.aqar.fm/webp/750x0/props/048232771_1757954907652.jpg | https://images.aqar.fm/webp/750x0/props/048232776_1757954907756.jpg,20,منيره خالد مقبل القحطاني,مؤسسة البداية الصحيحة للخدمات العقارية,1,2025-09-15,2025-09-15,2026-08-09,225,2026-08-23,True,"830,000",False,فيلا
6673174,https://sa.aqar.fm/فلل-للبيع/الرياض/جنوب-الرياض/حي-عكاظ/شارع-فخر-الدين-الرازي-حي-عكاظ-مدينة-الرياض-منطقة-الرياض-6673174,"فيلا للبيع في شارع فخر الدين الرازي, حي عكاظ, مدينة الرياض, منطقة الرياض",750000,264,5,5,2,0,حي عكاظ,الرياض,جنوب الرياض,"فيلا تاون هاوس
📍 الموقع : العجلا
- ( موقع ممتاز  )  

✨ مساحة الارض : 300م.

**التفاصيل **
✨الدور الارضي : 
- مجلس رجال
- صالة طعام 
- صالة
- دورتين مياه
- مطبخ 
- حديقة داخليه 
- حوش واسع  

✨ الدور الاول : 
- ٣ غرف نوم أجنحه 
( كل غرفة بدورة مياه خاصه ) 
- صاله 

✨الملحق : 
- صاله 
- جناح غرفة نوم 
(بدورة مياه خاصة )
- غرفة نوم
- دورة مياه 
-غرفة غسيل
- سطح 

**المميزات والضمانات** 
✨البناء على الكود السعودي . 
✨تأمين شامل على المبنى من شركة ملاذ للتأمين .
✨الخزانات شركة المهيدب مع ضمان 10 سنوات 
✨ الأدوات الكهربائية ضمان 25 سنه 
✨أدوات السباكة 25سنه
✨ البويات الداخلية جوتن . 
✨مدخل سياره 
✨ عزل الخزانات 

💰المطلوب : 750,000﷼
💰


———————————————
✨خدماتنا المميزه للعملاء:
➖توفير الدفعه الاولى مجانا
➖رفع ومتابعة معاملات البنك
➖خصومات خاصة لعملاء بيت الشموخ:
(حدائق-مصاعد-مطابخ-منتجات الكهربائية)

0507900298",24.505008,46.678181,https://images.aqar.fm/webp/750x0/props/051993413_1777375807624.jpg | https://images.aqar.fm/webp/750x0/props/051993418_1777375807633.jpg | https://images.aqar.fm/webp/750x0/props/051993412_1777375807624.jpg | https://images.aqar.fm/webp/750x0/props/051993418_1777375807631.jpg | https://images.aqar.fm/webp/750x0/props/051993413_1777375807645.jpg | https://images.aqar.fm/webp/750x0/props/051993410_1777375807628.jpg | https://images.aqar.fm/webp/750x0/props/051993416_1777375807641.jpg | https://images.aqar.fm/webp/750x0/props/051993415_1777375807626.jpg | https://images.aqar.fm/webp/750x0/props/051993417_1777375821167.jpg | https://images.aqar.fm/webp/750x0/props/051993414_1777375821175.jpg | https://images.aqar.fm/webp/750x0/props/051993414_1777375821168.jpg | https://images.aqar.fm/webp/750x0/props/051993418_1777375821176.jpg,12,ريناد خالد مشبب القحطاني,مكتب دار المستفيد للعقارات,1,2026-04-28,2026-08-22,2026-08-22,1085,2026-08-23,True,"750,000",False,فيلا
6496130,https://sa.aqar.fm/فلل-للبيع/الرياض/جنوب-الرياض/حي-عكاظ/شارع-الرشيد-التاجر-حي-عكاظ-مدينة-الرياض-منطقة-الرياض-6496130,"فيلا للبيع في شارع الرشيد التاجر, حي عكاظ, مدينة الرياض, منطقة الرياض",800000,285,5,,,0,حي عكاظ,الرياض,جنوب الرياض,"- أسعد الله أوقاتكم بكل خير 📢 
- يسعدني أن أقدم لكم عرضاً مميزاً 🏘️
____________________________________

🔲 للبيع : فيلا نظام تاون هاوس   ( بحي عكاظ   ) تشطيبات وديكورات فاخره جدا ويوجد كافة الضمانات 


📌 السعر : 860 ألف قابل للتفاوض .
    

📌  تفاصيل العقار  

مجلس ومقلط وصاله ومطبخ 
الاول صاله و3 غرف نوم 
العلوي غرفتين وصاله وسطح 

               _____________

📑 خدماتنا :

🏷️ نوفر لكم الدفعة الأولى المقدمة للبنك
🏷️ نوفر لكم سداد جميع المديونيات والالتزامات 
🏷️ لدينا جميع الحلول التمويلية الميسرة .
🏷️ نقبل جميع الجهات ( مدنيين - عسكريين - قطاع خاص - قطاع عام ) .
🏷️ إمكانية التحويل من بنك إلى بنك آخر .
ــــــــــــــــــــــــــــــــــــــــــــــــــ

يسعدنا تواصلكم معنا علي مدار 24 ساعه 📱

أبو فارس ((رقم المعلن يظهر عند التواصل))",24.511836,46.647666,https://images.aqar.fm/webp/750x0/props/032706644_1765102848054.jpg | https://images.aqar.fm/webp/750x0/props/032706645_1765102848633.jpg | https://images.aqar.fm/webp/750x0/props/032706640_1765102841455.jpg | https://images.aqar.fm/webp/750x0/props/032706641_1765102841822.jpg | https://images.aqar.fm/webp/750x0/props/032706643_1765102842256.jpg | https://images.aqar.fm/webp/750x0/props/032706640_1765102842610.jpg | https://images.aqar.fm/webp/750x0/props/032706641_1765102843006.jpg | https://images.aqar.fm/webp/750x0/props/032706649_1765102843395.jpg | https://images.aqar.fm/webp/750x0/props/032706640_1765102843822.jpg | https://images.aqar.fm/webp/750x0/props/032706642_1765102844255.jpg | https://images.aqar.fm/webp/750x0/props/032706643_1765102844716.jpg | https://images.aqar.fm/webp/750x0/props/032706645_1765102845157.jpg | https://images.aqar.fm/webp/750x0/props/032706646_1765102845769.jpg | https://images.aqar.fm/webp/750x0/props/032706644_1765102846231.jpg | https://images.aqar.fm/webp/750x0/props/032706640_1765102846669.jpg | https://images.aqar.fm/webp/750x0/props/032706640_1765102847119.jpg | https://images.aqar.fm/webp/750x0/props/032706641_1765102847590.jpg | https://images.aqar.fm/webp/750x0/props/032706644_1765102849307.jpg | https://images.aqar.fm/webp/750x0/props/032706641_1765102849988.jpg,19,ثنوى محمد تني الدوسري,مؤسسة المسكن الشرقي للتطوير العقاري,1,2025-12-07,2025-12-07,2026-08-18,1839,2026-08-23,True,"800,000",False,فيلا
6658507,https://sa.aqar.fm/فلل-للبيع/الرياض/جنوب-الرياض/حي-عكاظ/شارع-حامد-عبدالحفيظ-حي-عكاظ-مدينة-الرياض-منطقة-الرياض-6658507,"فيلا للبيع في شارع حامد عبدالحفيظ, حي عكاظ, مدينة الرياض, منطقة الرياض",750000,264,6,5,3,0,حي عكاظ,الرياض,جنوب الرياض,":​🏠 فرصة سكنية مميزة - تاون هاوس للبيع
​📍 الموقع: حي العجلان (مقابل حي عكاظ مباشرة)
​🏗️ تفاصيل العقار التقسيم الداخلي:
​1️⃣ الدور الأرضي (استقبال وفخامة):
​🚗 مدخل سيارة خاص.
​⛺ ملحق خارجي (مشب).
​🛋️ مجلس رجال مع مغاسل ودورة مياه.
​🍽️ مقلط (غرفة طعام).
​🛋️ صالة عائلية واسعة مع دورة مياه.
​👨‍🍳 مطبخ بتصميم عصري.
​2️⃣ الدور الأول (خصوصية وراحة):
​🛌 غرفة نوم ماستر (رئيسية) بخصوصية تامة.
​🛌 غرفتين نوم إضافية.
​🛁 دورة مياه تخدم الغرف.
​🛋️ صالة علوية مريحة.
​3️⃣ الدور العلوي (توسعة وإطلالة):
​🛋️ صالة إضافية.
​🛌 غرفتين نوم.
​🛁 دورة مياه.
​☀️ سطح واسع (مثالي لجلسة خارجية أو منطقة شواء).
​✨ مميزات المشروع:
​✅ موقع استراتيجي مقابل حي عكاظ.
​✅ تصميم معماري يستغل كافة المساحات.
​✅ توزيع ذكي للغرف يناسب العائلات الكبيرة
كووود 1",24.506986,46.667887,https://images.aqar.fm/webp/750x0/props/044888082_1776418456559.jpg,1,تحفه مبارك جديع العتيبي,مكتب دانة العز للخدمات العقارية,1,2026-04-17,2026-06-14,2026-08-23,132,2026-08-23,True,"750,000",False,فيلا
6791298,https://sa.aqar.fm/فلل-للبيع/الرياض/جنوب-الرياض/حي-عكاظ/شارع-ممر93-حي-عكاظ-مدينة-الرياض-منطقة-الرياض-6791298,"فيلا للبيع في شارع ممر93, حي عكاظ, مدينة الرياض, منطقة الرياض",1850000,420,6,5,2,7,حي عكاظ,الرياض,جنوب الرياض,"NH-10

فيلا فاخرة للبيع – فرصة استثمارية وسكنية مميزة

فيلا مميزة بمساحة 420 م²، تقع على شارعين بواجهة شرقية، على شارع 18م وشارع 6م، بعمر 7 سنوات، تجمع بين السكن الفاخر والاستثمار من خلال احتوائها على شقتين مستقلتين.

مواصفات الفيلا:

* مشب خارجي مع دورة مياه ومغاسل.
* مجلس رجال واسع مع دورة مياه ومغاسل.
* مقلط.
* صالتان رحبتان.
* غرفة مخصصة لكبار السن في الدور الأرضي.
* مطبخ واسع مع مستودع.
* درج داخلي.
* الدور الأول يضم 3 غرف نوم ماستر، جميعها بدورات مياه خاصة.
* الدور الثاني يحتوي على سطح واسع متعدد الاستخدامات.

مواصفات الشقتين (كل شقة):

* مجلس.
* صالة واسعة.
* غرفتا نوم.
* مطبخ.
* دورتا مياه.
* تصميم عملي ومساحات واسعة توفر الراحة والخصوصية.

مميزات العقار:

* موقع مميز على شارعين يمنح سهولة الوصول وتهوية ممتازة.
* واجهة شرقية.
* تصميم يناسب العائلات الكبيرة.
* شقتان مستقلتان توفران فرصة دخل استثماري أو سكن إضافي للأقارب.
* عمر العقار 7 سنوات مع المحافظة عليه بحالة ممتازة.

للمهتمين ولمزيد من التفاصيل أو ترتيب موعد للمعاينة، يرجى التواصل

الفلة عليه بنك مليون و ٣٠٠",24.515356,46.670721,https://images.aqar.fm/webp/750x0/props/012933831_1785078881948.jpg | https://images.aqar.fm/webp/750x0/props/012933839_1785078882048.jpg,2,سلطان محمد,شركة خيالة العقارية,1,2026-07-26,2026-07-26,2026-08-18,652,2026-08-23,True,"1,850,000",False,فيلا
6835582,https://sa.aqar.fm/فلل-للبيع/الرياض/جنوب-الرياض/حي-عكاظ/شارع-عمر-بن-علي-حي-عكاظ-الرياض-منطقة-الرياض-6835582,فيلا للبيع في شارع عمر بن علي ، حي عكاظ ، الرياض ، منطقة الرياض,1900000,420,5,5,3,10,حي عكاظ,الرياض,جنوب الرياض,"فله مساحة ٤٢٠ دورين  متصله حي عكاظ شرقيه  
١٤×٣٠ دور ارضي استقبال  ومطبخ  وملحق خارجي  ومدخل سياره وجناح نوم لكبر السن  وحديقة خلفيه 
دور علوي ٤ أجنحة نوم وصاله 
موسس لشقة مدخل خارجي 
بناء شخصي  وسخان مركز  ومكيفات اسبلت دكت مخفي",24.513151,46.67549,https://images.aqar.fm/webp/750x0/props/009859120_1787412479280.jpg,1,خالد مشعل خيرالله الدوسري,,,2026-08-22,,2026-08-22,16,2026-08-23,False,طلب تسويق,False,فيلا
6672730,https://sa.aqar.fm/فلل-للبيع/الرياض/جنوب-الرياض/حي-عكاظ/شارع-ابن-الطيلسان-القرطبي-حي-عكاظ-مدينة-الرياض-منطقة-الرياض-6672730,"فيلا للبيع في شارع ابن الطيلسان القرطبي, حي عكاظ, مدينة الرياض, منطقة الرياض",750000,264,5,0,0,0,حي عكاظ,الرياض,جنوب الرياض,"اسعد الله اوقاتكم بكل خير 
تملك معنا الآن منزل العمر في مخطط العجلان
تقدم لكم شركة دار المستفيد للعقارات 

هذا العرض المميز ( تاون هاوس ) يتكون من :

الدور الارضي :
مدخل سياره - مجلس رجال - مقلط طعام - صالة نساء
مطبخ - دورتين مياه
الدور الاول :
4 غرف نوم منها الماستر 

المساحة : 300 م
السعر : 850 الف قابل للتفاوض

الشغل ممتاز و التشطيبات على اعلى مستوى
متوفر جميع الضمانات ، تصميم عصري وجودة بناء

نتشرف بخدمتكم
للإطلاع على العروض المتاحة
يرجى تحديد الوقت المناسب لكم لرؤية العقارات لدينا 🙏🏻 
للاستفسار : 0501868509",24.505896,46.673403,https://images.aqar.fm/webp/750x0/props/033070490_1777334246276.jpg | https://images.aqar.fm/webp/750x0/props/033070496_1777334263796.jpg | https://images.aqar.fm/webp/750x0/props/033070490_1777334263855.jpg | https://images.aqar.fm/webp/750x0/props/033070498_1777334263906.jpg | https://images.aqar.fm/webp/750x0/props/033070499_1777334264006.jpg | https://images.aqar.fm/webp/750x0/props/033070498_1777334264033.jpg | https://images.aqar.fm/webp/750x0/props/033070495_1777334264113.jpg,7,ريناد خالد مشبب القحطاني,مكتب دار المستفيد للعقارات,1,2026-04-28,2026-07-24,2026-08-16,470,2026-08-23,True,"750,000",False,فيلا
6701075,https://sa.aqar.fm/فلل-للبيع/الرياض/جنوب-الرياض/حي-عكاظ/شارع-راجح-بن-قتادة-حي-عكاظ-مدينة-الرياض-منطقة-الرياض-6701075,"فيلا للبيع في شارع راجح بن قتادة, حي عكاظ, مدينة الرياض, منطقة الرياض",990000,287,5,3,1,0,حي عكاظ,الرياض,جنوب الرياض,"السلام عليكم ورحمة

مكتب القواعدالماسيةللخدمات العقارية
اقدم لكم عرض مشروع
تاون هاوس في عكاظ





جميع الضمانات الازمه من كهرباء وعوازل وعليها شهاده اشراف هندسي ولعملاءنا الكرام جميع التسهيلات التمويليه والعقاريه وشهاده اتمام البناء موجوده

التواصل والاستفسار /// 
كل حلم له بداية ، وبداية التمليك تبدأ بخطوه مع القواعد الماسية 🏠🏠",24.522177,46.656281,,,نوره عائض معيض الشهري,مكتب القواعد الماسية للعقارات,1,2026-05-17,2026-07-15,2026-07-15,815,2026-08-23,True,"990,000",False,فيلا
6758533,https://sa.aqar.fm/فلل-للبيع/الرياض/جنوب-الرياض/حي-عكاظ/حي-عكاظ-مدينة-الرياض-منطقة-الرياض-6758533,"فيلا للبيع في حي عكاظ, مدينة الرياض, منطقة الرياض",760000,300,5,5,2,0,حي عكاظ,الرياض,جنوب الرياض,"🧏‍♂️السلام عليكم ورحمة الله 🧏‍♂️ اسعد الله اوقاتكم بكل خير بيت العمر فيلا تاون هاوس درج صاله للبيع الفيلا تتكون من الدور الاول 🧏‍♂️
مدخل سياره خاص،،، مجلس رجال مع دوره مياه ومغاسل،،، مقلط،،، صاله كبيره،،، مطبخ كبير 🧏‍♂️ الدور الثاني يتكون من 🧏‍♂️،،، صاله كبيره،،، غرفه نوم ماستر حمام مستقل،،،، غرفتين نوم مع حمام مشترك 🧏‍♂️ الدور الثالث يتكون من 🧏‍♂️ صاله كبيره غرفه نوم مع حمام مشترك،،، 2 سطح كبير 🧏‍♂️



المساحه300متر
السعر 760الف قابل للتفاوض 
الشارع 25متر

التعامل مع جميع البنوك
مدعوم او غير مدعوم 
نوفر لك الدفعه المقدمه مجانا....
اشراف هندسي 
✅بناء على الكود السعودي 
✅تأمين الهيكل الانشائي 10 سنوات 
✅ تأمين العزل المائي 50 سنوات 
✅ ضمان الافياش 30 سنه 
✅ضمان الاناره 10سنه",24.509293,46.672912,https://images.aqar.fm/webp/750x0/props/041683191_1783111309547.jpg | https://images.aqar.fm/webp/750x0/props/041683192_1783111309307.jpg | https://images.aqar.fm/webp/750x0/props/041683194_1783111309393.jpg | https://images.aqar.fm/webp/750x0/props/041683195_1783111309468.jpg | https://images.aqar.fm/webp/750x0/props/041683199_1783111309799.jpg | https://images.aqar.fm/webp/750x0/props/041683199_1783111309980.jpg | https://images.aqar.fm/webp/750x0/props/041683191_1783111308401.jpg | https://images.aqar.fm/webp/750x0/props/041683196_1783111308409.jpg | https://images.aqar.fm/webp/750x0/props/041683195_1783111308523.jpg | https://images.aqar.fm/webp/750x0/props/041683195_1783111308540.jpg | https://images.aqar.fm/webp/750x0/props/041683199_1783111308628.jpg | https://images.aqar.fm/webp/750x0/props/041683190_1783111308718.jpg | https://images.aqar.fm/webp/750x0/props/041683194_1783111308803.jpg | https://images.aqar.fm/webp/750x0/props/041683195_1783111308925.jpg | https://images.aqar.fm/webp/750x0/props/041683191_1783111309012.jpg | https://images.aqar.fm/webp/750x0/props/041683198_1783111309085.jpg | https://images.aqar.fm/webp/750x0/props/041683199_1783111309181.jpg | https://images.aqar.fm/webp/750x0/props/041683196_1783111309679.jpg | https://images.aqar.fm/webp/750x0/props/041683199_1783111309821.jpg | https://images.aqar.fm/webp/750x0/props/041683190_1783111309888.jpg,20,محمد جبريل,,,2026-07-03,2026-08-02,2026-08-23,151,2026-08-23,True,"760,000",False,فيلا
6479458,https://sa.aqar.fm/فلل-للبيع/الرياض/جنوب-الرياض/حي-عكاظ/شارع-النفوذ-حي-عكاظ-مدينة-الرياض-منطقة-الرياض-6479458,"فيلا للبيع في شارع النفوذ, حي عكاظ, مدينة الرياض, منطقة الرياض",830000,245,6,5,2,0,حي عكاظ,الرياض,جنوب الرياض,"كود 7373
مشروع تاون هاوس مساحة 315 م شارع 15 م يفتح علي مسجد
الامامى وخلفي السعر 850 الف
قريب من طريق النفود 
الامامي يتكون من مدخل سياره مجلس رجال مقلط صاله مطبخ 
الدور الأول 4 غرف نوم ماستر 
الثانى غرفتين منهم غرفه ماستر وسطح 


عليه كافة الضمانات الازمه وتأمين شركة ملاذ 
لتواصل ((رقم المعلن يظهر عند التواصل))",24.513628,46.665207,https://images.aqar.fm/webp/750x0/props/025998266_1764000164615.jpg | https://images.aqar.fm/webp/750x0/props/025998264_1764000164727.jpg | https://images.aqar.fm/webp/750x0/props/025998267_1764000164903.jpg | https://images.aqar.fm/webp/750x0/props/025998267_1764000164999.jpg,4,مشاعل دعيرم بن جربوع العتيبي,مؤسسة مكتب بداية جديدة للخدمات العقارية,1,2025-11-24,2025-11-24,2026-08-23,3327,2026-08-23,True,"830,000",False,فيلا
6764902,https://sa.aqar.fm/فلل-للبيع/الرياض/جنوب-الرياض/حي-عكاظ/حي-عكاظ-مدينة-الرياض-منطقة-الرياض-6764902,"فيلا للبيع في حي عكاظ, مدينة الرياض, منطقة الرياض",850000,207,7,0,0,0,حي عكاظ,الرياض,جنوب الرياض,"فيلا تاون هاوس 7 غرف فيلا خاصة 3 ادوار حي سما عكاض 
كافه الضمانات من… 
كهرباء سباكة عوازل حراري ومائي تامين شامل من شركة ملاذ ضد العيوب الخفيه
اشراف هندسي 
موقع قويب من الخدمات والدائري 
يوجد لدينا جميع الحلول التمويله لدى البنوك والشركات 
تخليص جميع الاجرات حتى استلام مفتاح",24.508879,46.646709,,,ناصر عبدالله مرزوق مرزوق,,,2026-07-08,2026-08-06,2026-08-23,262,2026-08-23,True,"850,000",False,فيلا
