listing_id,url,title,price,area_sqm,rooms,bathrooms,livings,age_years,district,city,direction,description,latitude,longitude,images,images_count,advertiser_name,advertiser_company,advertiser_type,created_at,published_at,last_update,views,date_scraped,published,price_text,price_was_missing,property_type
6716385,https://sa.aqar.fm/فلل-للبيع/الرياض/شرق-الرياض/حي-النسيم-الغربي/شارع-عبدالحميد-الطرابلسي-حي-النسيم-الغربي-الرياض-منطقة-الرياض-6716385,فيلا للبيع في شارع عبدالحميد الطرابلسي ، حي النسيم الغربي ، الرياض ، منطقة الرياض,2100000,500,7,5,2,30,حي النسيم الغربي,الرياض,شرق الرياض,"فيلا سكنية للبيع بمساحة (    500  ) م²
عرض الشارع: 15

الدور الأرضي:
* حوش خارجي.
* ملحق خارجي مع حمام خاص.
* 3 مجالس
* 2 حمام
* صالة 
* مطبخ.
* غرفة عاملة.
* غرفة غسيل.
* مخزن تحت الدرج.

الدور الأول:

* 6 غرف نوم (واحدة ماستر بحمام داخلي)
* صالة مفتوحة.
* 3 حمامات

الدور الثالث:

* سطح، وقابل للبناء والتوسعة مستقبلاً",24.739634,46.81583,https://images.aqar.fm/webp/750x0/props/023403745_1780418695794.jpg | https://images.aqar.fm/webp/750x0/props/023403742_1780418695793.jpg | https://images.aqar.fm/webp/750x0/props/023403749_1780418695848.jpg | https://images.aqar.fm/webp/750x0/props/023403747_1780418695831.jpg | https://images.aqar.fm/webp/750x0/props/023403743_1780418695836.jpg | https://images.aqar.fm/webp/750x0/props/023403741_1780418695830.jpg | https://images.aqar.fm/webp/750x0/props/023403740_1780418695824.jpg | https://images.aqar.fm/webp/750x0/props/023403747_1780418695827.jpg,8,نوريه خالد,,,2026-06-02,,2026-07-21,166,2026-08-23,False,طلب تسويق,False,فيلا
6810068,https://sa.aqar.fm/فلل-للبيع/الرياض/شرق-الرياض/حي-النسيم-الغربي/شارع-أبي-هلال-العسكري-حي-النسيم-الغربي-مدينة-الرياض-منطقة-الرياض-6810068,"فيلا للبيع في شارع أبي هلال العسكري, حي النسيم الغربي, مدينة الرياض, منطقة الرياض",1100000,225,7,0,0,11,حي النسيم الغربي,الرياض,شرق الرياض,":

* المساحة: 225 م²
* الواجهة: غربية
* عرض الشارع: 10م
* العمر: حوالي 21 سنة
* السعر: 1,100,000 ريال

🏠 مكونات الفيلا:

* مجلس رجال.
* مجلس نساء.
* 4 غرف نوم.
* دكت أرضي جاهز.
* جميع المكيفات سبليت.
* السباكة بحالة ممتازة.
* عزل ممتاز.
* تحتاج فقط إلى دهانات خفيفة حسب الذوق.
* الفيلا حرة ولا توجد عليها أي التزامات.

📍 الموقع:

تقع بالقرب من محطة مترو السلام، وعلى مسافة قريبة من المدارس، والبنوك، والأسواق، وجميع الخدمات التجارية، مما يجعلها خياراً مثالياً للسكن والاستثمار.

💎 فيلا تجمع بين الموقع المميز، والجاهزية للسكن، والسعر المنافس. لا تفوت فرصة المعاينة



للاستفسار  ((الرقم يظهر عند الضغط على اتصال))
ابو علي الشهري : مؤسسة رمضاء العقارية بالرياض / حي السليمانية / نسعد بخدمتكم وتسويق عقاراتكم في جميع مناطق ومحافظات المملكة سواءً بيع او شراء او تأجير",24.724903,46.818446,https://images.aqar.fm/webp/750x0/props/007461213_1786073012256.jpg | https://images.aqar.fm/webp/750x0/props/007461214_1786073041451.jpg | https://images.aqar.fm/webp/750x0/props/007461216_1786073041455.jpg | https://images.aqar.fm/webp/750x0/props/007461214_1786073041472.jpg | https://images.aqar.fm/webp/750x0/props/007461215_1786073041434.jpg | https://images.aqar.fm/webp/750x0/props/007461212_1786073041454.jpg | https://images.aqar.fm/webp/750x0/props/007461219_1786073041455.jpg | https://images.aqar.fm/webp/750x0/props/007461214_1786073041435.jpg,8,خالد سليمان علي العقل,مؤسسة رمضاء العقارية,1,2026-08-07,2026-08-07,2026-08-23,537,2026-08-23,True,"1,100,000",False,فيلا
6705765,https://sa.aqar.fm/فلل-للبيع/الرياض/شرق-الرياض/حي-النسيم-الغربي/شارع-المبارك-بن-سكينة-حي-النسيم-الغربي-مدينة-الرياض-منطقة-الرياض-6705765,"فيلا للبيع في شارع المبارك بن سكينة, حي النسيم الغربي, مدينة الرياض, منطقة الرياض",1000000,312,5,,,11,حي النسيم الغربي,الرياض,شرق الرياض,"للبيع فيلا سكنيه متلاصق 
٣١٢ متر 
شارع ١٠ شرقي 
السوم ٧٠٠ الف 
للتواصل 0500300131",24.71266,46.839654,,,حامد عبدالله حماد بن خشمان,مؤسسة أيجار و تملك العقارية,1,2026-05-20,2026-08-15,2026-08-15,1587,2026-08-23,True,"1,000,000",False,فيلا
6689668,https://sa.aqar.fm/فلل-للبيع/الرياض/شرق-الرياض/حي-النسيم-الغربي/شارع-النايفيه-حي-النسيم-الغربي-مدينة-الرياض-منطقة-الرياض-6689668,"فيلا للبيع في شارع النايفيه, حي النسيم الغربي, مدينة الرياض, منطقة الرياض",1100000,400,4,0,0,11,حي النسيم الغربي,الرياض,شرق الرياض,"شركة الهملان العقارية

للبيع فيلا بالنسيم الغربي

🏠 دور + دور  
📐 المساحة: 400 م²  
🛣️ الشارع: 10 غربي  
📅 العمر: 40 سنة تقريبًا  

💰 البيع: 1,100,000 ريا",24.717693,46.831992,https://images.aqar.fm/webp/750x0/props/043206066_1778360790908.jpg,1,حسين مفرح بن ناهض,شركة مفرح ناهض الهملان العقارية,1,2026-05-09,2026-08-05,2026-08-05,3877,2026-08-23,True,"1,100,000",False,فيلا
6714848,https://sa.aqar.fm/فلل-للبيع/الرياض/شرق-الرياض/حي-النسيم-الغربي/شارع-جنادة-بن-تميم-حي-النسيم-الغربي-مدينة-الرياض-منطقة-الرياض-6714848,"فيلا للبيع في شارع جنادة بن تميم, حي النسيم الغربي, مدينة الرياض, منطقة الرياض",1300000,400,6,4,4,11,حي النسيم الغربي,الرياض,شرق الرياض,"فيلا للبيع بحي النسيم 
مساحه 400م
شارع شمالي 15م
تفاصيل الفيلا
اربع شقق 

شقتين من غرفتين وصاله ومطبخ  ودوره مياه  
وشقتين من ثلاث غرف وصاله ودوره مياه ومطبخ 
الاستلام بعد الافراغ مباشر  ان شاء الله 
البيع  مليون و 350",24.736348,46.813906,https://images.aqar.fm/webp/750x0/props/001157060_1780323467286.jpg,1,منى عبدالرحمن سفر المطيري,,0,2026-06-01,2026-07-29,2026-08-04,1754,2026-08-23,True,"1,300,000",False,فيلا
6791424,https://sa.aqar.fm/فلل-للبيع/الرياض/شرق-الرياض/حي-النسيم-الغربي/شارع-عبدالله-العبدالقادر-حي-النسيم-الغربي-مدينة-الرياض-منطقة-الرياض-6791424,"فيلا للبيع في شارع عبدالله العبدالقادر, حي النسيم الغربي, مدينة الرياض, منطقة الرياض",950000,312,,0,0,11,حي النسيم الغربي,الرياض,شرق الرياض,"للبيع فيلا

📍 المساحة: 312.50 م²
🏡 المكونات: دور أرضي - دور علوي - شقة
🛣️ الشارع: 10 غربي
📅 العمر: 40 سنة

كاش فقط 


السوم: 950,000 ر.س
البيع: 1,000,000 ر.س

📞 للتواصل:
((الرقم يظهر عند الضغط على اتصال))",24.724242,46.817798,https://images.aqar.fm/webp/750x0/props/043206069_1785083387395.jpg | https://images.aqar.fm/webp/750x0/props/043206062_1785083387361.jpg,2,حسين مفرح بن ناهض,شركة مفرح ناهض الهملان العقارية,1,2026-07-26,2026-07-26,2026-08-22,1244,2026-08-23,True,"950,000",False,فيلا
6705770,https://sa.aqar.fm/فلل-للبيع/الرياض/شرق-الرياض/حي-النسيم-الغربي/شارع-عبدالحميد-الطرابلسي-حي-النسيم-الغربي-مدينة-الرياض-منطقة-الرياض-6705770,"فيلا للبيع في شارع عبدالحميد الطرابلسي, حي النسيم الغربي, مدينة الرياض, منطقة الرياض",1800000,500,5,,,11,حي النسيم الغربي,الرياض,شرق الرياض,"للبيع سكنيه دورين مفصولة 
٥٠٠ متر 
شارع ١٥ شمالي 
للتواصل 0500300131",24.739751,46.815941,,,حامد عبدالله حماد بن خشمان,مؤسسة أيجار و تملك العقارية,1,2026-05-20,2026-08-15,2026-08-23,697,2026-08-23,True,"1,800,000",False,فيلا
6784903,https://sa.aqar.fm/فلل-للبيع/الرياض/شرق-الرياض/حي-النسيم-الغربي/شارع-المشيريف-حي-النسيم-الغربي-مدينة-الرياض-منطقة-الرياض-6784903,"فيلا للبيع في شارع المشيريف, حي النسيم الغربي, مدينة الرياض, منطقة الرياض",2000000,312,5,,,0,حي النسيم الغربي,الرياض,شرق الرياض,"السلام عليكم ورحمة الله وبركاته للللللللللللللللللللللللللللللللللللللللللل 
اللللللللللللللللللللللللللللللللللللللللل

 للللللللللللللللللللللللللللللللللللللللللل",24.722047,46.840792,,,خالد سعود,شركة حدائق نجد العقارية,1,2026-07-22,2026-08-20,2026-08-22,171,2026-08-23,True,"2,000,000",False,فيلا
6787107,https://sa.aqar.fm/فلل-للبيع/الرياض/شرق-الرياض/حي-النسيم-الغربي/شارع-عسكر-بن-الحصين-حي-النسيم-الغربي-مدينة-الرياض-منطقة-الرياض-6787107,"فيلا للبيع في شارع عسكر بن الحصين, حي النسيم الغربي, مدينة الرياض, منطقة الرياض",1500000,625,7,4,2,11,حي النسيم الغربي,الرياض,شرق الرياض,"للبيع فيلا دورين شرقية مقسمة , حي النسيم الغربي  🏡
معلومات العقار ⬇️
- فيلا دورين مقسمه 5 وحدات  
- مؤجرة 
- المساحة: 625 م²  
- الأطوال: 25 × 25  
- شارع 10 م 
- اتجاة شرقي 
- العمر: 40 سنه  
- صك حر  

سعر البيع : 1,600,000 ريال 
السعر قابل للتفاوض",24.740328,46.826039,https://images.aqar.fm/webp/750x0/props/042241769_1786545588699.jpg | https://images.aqar.fm/webp/750x0/props/042241763_1786545588582.jpg | https://images.aqar.fm/webp/750x0/props/042241769_1786545588687.jpg,3,معيلي عبدالله,مكتب مصادر نجد للعقارات,1,2026-07-23,2026-08-21,2026-08-22,1612,2026-08-23,True,"1,500,000",False,فيلا
6836165,https://sa.aqar.fm/فلل-للبيع/الرياض/شرق-الرياض/حي-النسيم-الغربي/شارع-عبدالله-بن-بصيلة-حي-النسيم-الغربي-مدينة-الرياض-منطقة-الرياض-6836165,"فيلا للبيع في شارع عبدالله بن بصيلة, حي النسيم الغربي, مدينة الرياض, منطقة الرياض",1500000,439,,6,3,11,حي النسيم الغربي,الرياض,شرق الرياض,"✴️ للبيع | فيلا سكنية بدورين مستقلين قرب طريق خريص – حي النسيم الغربي ✴️

📍 الموقع: حي النسيم الغربي – الرياض
🛣️ بالقرب من طريق خريص
📐 مساحة الأرض: 439.26 م²
🧭 الواجهة: شرقية
🏗️ عمر العقار: 18 سنة
🏠 بناء شخصي قابل للترميم 

🏡 تفاصيل الفيلا:

🔹 الدور الأول:
🛋️ مجلس
🍽️ مقلط
🚻 دورة مياه للضيوف
🛋️ صالة
👩‍🍳 مطبخ
🛏️ 4 غرف نوم
🚿 3 دورات مياه

🔹 الدور الثاني:
🛋️ مجلس
🍽️ مقلط
🚻 دورة مياه للضيوف
🛋️ صالة
👩‍🍳 مطبخ
🛏️ 4 غرف نوم
🚿 3 دورات مياه

📏 أبعاد الأرض:
⬆️ شمالاً: 30 م
⬇️ جنوباً: 30 م
➡️ شرقاً: شارع بعرض 10 م × 12.5 م
⬅️ غرباً: 12.5 م

✨ أبرز المميزات:
🏗️ إمكانية تطوير العقار وبناء حتى 3 وحدات مستقلة
🚗 موقع استراتيجي قريب من الطرق الرئيسية، وأبرزها طريق خريص
⚡💧 بنية تحتية متكاملة: كهرباء، مياه، ألياف بصرية، وإنارة عامة
📈 فرصة استثمارية واعدة في منطقة ذات طلب سكني متزايد
👨‍👩‍👧‍👦 مناسبة للسكن العائلي أو الاستثمار والتأجير


💵 سعر البيع:
 1,500,000 ريال

⛰️ آفاق الجبل للعقارات ⛰️
📞 للتواصل:
📱 أبو بسام: ((الرقم يظهر عند الضغط على اتصال))",24.737541,46.80686,https://images.aqar.fm/webp/750x0/props/045764401_1787432993447.jpg,1,فيصل الجبل,مؤسسة أفاق الجبل للعقارات,1,2026-08-22,2026-08-22,2026-08-22,82,2026-08-23,True,"1,500,000",False,فيلا
6779028,https://sa.aqar.fm/فلل-للبيع/الرياض/شرق-الرياض/حي-النسيم-الغربي/شارع-عتبة-بن-غزوان-حي-النسيم-الغربي-مدينة-الرياض-منطقة-الرياض-6779028,"فيلا للبيع في شارع عتبة بن غزوان, حي النسيم الغربي, مدينة الرياض, منطقة الرياض",4000000,1225,7,0,0,3,حي النسيم الغربي,الرياض,شرق الرياض,"فيلا مميزة على شارعين وفي افضل احياء النسيم 
وقريبة من طريق خريص وكافة الخدمات . 
حسب ماهو موضح في الخريطة المرفقة",24.742736,46.822087,https://images.aqar.fm/webp/750x0/props/039869396_1784371573280.jpg,1,نايف الروقي,شركة عبق العبير للخدمات العقارية,1,2026-07-18,2026-08-16,2026-08-19,318,2026-08-23,True,"4,000,000",False,فيلا
6807634,https://sa.aqar.fm/فلل-للبيع/الرياض/شرق-الرياض/حي-النسيم-الغربي/شارع-الكروم-حي-النسيم-الغربي-مدينة-الرياض-منطقة-الرياض-6807634,"فيلا للبيع في شارع الكروم, حي النسيم الغربي, مدينة الرياض, منطقة الرياض",1800000,625,5,5,2,11,حي النسيم الغربي,الرياض,شرق الرياض,"فيلا للبيع بالنسيم الغربي زاويه

المساحه ٦٢٥م
عرض الشارع ١٠م
بدون شقق 

الاطوال ٢٥×٢٥

غرفه سایق

الدور الارضي

۲ مجلس رجال

مقلط

حمام

مطبخ مستودع

غرفه كبار سن مع الحمام

صاله

الدور الثاني

ثلاث غرف نوم كل غرفه فيها

 حمام داخلي

غرفه ماستر تشمل غرفتين وصاله وحمام

يوجد مستودع بالدور الثاني

۱۱:۲۸ م

يوجد حوش كبير بزاويتي الفيلا

١١:٣٢ م //

 السوم وصل مليون ٧٠٠ الف 
البيع مليون و ٨٠٠ الف",24.739215,46.820889,https://images.aqar.fm/webp/750x0/props/047156987_1785951623881.jpg,1,جواهر بنت عبدالعزيز بن سعيد ال سعيد,مكتب ريحانة نجد للعقارات,1,2026-08-05,2026-08-05,2026-08-23,67,2026-08-23,True,"1,800,000",False,فيلا
6788296,https://sa.aqar.fm/فلل-للبيع/الرياض/شرق-الرياض/حي-النسيم-الغربي/شارع-ابي-طالب-الكناني-حي-النسيم-الغربي-الرياض-منطقة-الرياض-6788296,فيلا للبيع في شارع ابي طالب الكناني ، حي النسيم الغربي ، الرياض ، منطقة الرياض,2200000,750,6,4,1,35,حي النسيم الغربي,الرياض,شرق الرياض,,24.716412,46.844894,,,نايف صقر محمد العنزي,,,2026-07-24,,2026-07-24,121,2026-08-23,False,طلب تسويق,False,فيلا
6833269,https://sa.aqar.fm/فلل-للبيع/الرياض/شرق-الرياض/حي-النسيم-الغربي/شارع-الجود-حي-النسيم-الغربي-الرياض-منطقة-الرياض-6833269,فيلا للبيع في شارع الجود ، حي النسيم الغربي ، الرياض ، منطقة الرياض,2500000,525,7,5,0,30,حي النسيم الغربي,الرياض,شرق الرياض,"1.للبيع فيلا دورين وشقه مرممه ترميم كامل .
2. للبيع دور ارضي .
3. للبيع دور علوي .
4. للبيع شقه بالسطح.
جميعها بالنسيم الغربي",24.715956,46.824619,,,خلف باني دغش البقمي,,,2026-08-20,,2026-08-20,39,2026-08-23,False,طلب تسويق,False,فيلا
6729881,https://sa.aqar.fm/فلل-للبيع/الرياض/شرق-الرياض/حي-النسيم-الغربي/شارع-بني-عمار-حي-النسيم-الغربي-الرياض-منطقة-الرياض-6729881,فيلا للبيع في شارع بني عمار ، حي النسيم الغربي ، الرياض ، منطقة الرياض,1300000,450,5,5,1,36,حي النسيم الغربي,الرياض,شرق الرياض,الفلا دور وشقتين مرممه ومجدده,24.739607,46.819294,,,فايزه بنت صالح بن سالم البلوي,,,2026-06-12,,2026-06-12,122,2026-08-23,False,طلب تسويق,False,فيلا
6816700,https://sa.aqar.fm/فلل-للبيع/الرياض/شرق-الرياض/حي-النسيم-الغربي/شارع-الجود-حي-النسيم-الغربي-مدينة-الرياض-منطقة-الرياض-6816700,"فيلا للبيع في شارع الجود, حي النسيم الغربي, مدينة الرياض, منطقة الرياض",1650000,207,6,3,2,0,حي النسيم الغربي,الرياض,شرق الرياض,"بمساحة 250 م فلة للبيع زاوية شارعين بحي النسيم الغربي 📍 
قريب الخدمات والمدارس ومترو النسيم 🚉
🔸مكونة من وحدتين سكنية كل وحدة عبارة عن دورين درج داخلي🔸
عدادت كهرباء لكل وحدة سكنية⚡️
عدادت مياة لكل وحدة سكنية ⚡️
✅ بصك مستقل لكل وحدة ✅

المساحه 250 م 
الواجهه : جنوبية غربية 
الشارع / 15 جنوبي و10 غربي وشارع خدمة 20 م مواقف 🚗

مكونات الدورين الدرج الداخلي الارضي/ 
مجلس رجال + مقلط + ٣ غرف نوم واحده ماستر + 1 غرفة نوم كبار سن ارضية + مدخل سيارة  + صاله واسعة + مطبخ وغرفة غسيل + 4 دورات مياه 

مكونات الدورين الدرج الداخلي الاول/ 
مدخل مستقل + مجلس رجال + صاله + مطبخ + 3 مياه + 3 غرف نوم واحده ماستر + وسطح كبير 

 ✨ مميزات العقار:
✔️ موقع مميز وقريب من الخدمات والمدارس 
✔️ أبواب WPC عالية الجودة: 12سنة
✔️ عزل مائي حراري بضمان: 10سنوات
✔️ ضمان الكهرباء 25 سنة
✔️ ضمان السباكة 15 سنة
✔️ ضمان باب الكراج :2سنة 
✔️ تأمين التعـاونية :10 سنوات 
✔️ الاطقم الصحية والانارة :3 سنوات 
✔️ مناسب للسكن أو الاستثمار🟨
للتواصل :☎️ ((الرقم يظهر عند الضغط على اتصال))",24.716706,46.825638,https://images.aqar.fm/webp/750x0/props/032005777_1786460616553.jpg | https://images.aqar.fm/webp/750x0/props/032005770_1786460623401.jpg | https://images.aqar.fm/webp/750x0/props/032005775_1786460640552.jpg | https://images.aqar.fm/webp/750x0/props/032005771_1786460640537.jpg | https://images.aqar.fm/webp/750x0/props/032005776_1786460640669.jpg | https://images.aqar.fm/webp/750x0/props/032005773_1786460649936.jpg | https://images.aqar.fm/webp/750x0/props/032005772_1786460674635.jpg | https://images.aqar.fm/webp/750x0/props/032005777_1786460674601.jpg | https://images.aqar.fm/webp/750x0/props/032005770_1786460674721.jpg | https://images.aqar.fm/webp/750x0/props/032005772_1786460674623.jpg | https://images.aqar.fm/webp/750x0/props/032005779_1786460674734.jpg | https://images.aqar.fm/webp/750x0/props/032005777_1786460674748.jpg | https://images.aqar.fm/webp/750x0/props/032005772_1786460674661.jpg | https://images.aqar.fm/webp/750x0/props/032005773_1786460674624.jpg | https://images.aqar.fm/webp/750x0/props/032005774_1786460705258.jpg | https://images.aqar.fm/webp/750x0/props/032005779_1786460705272.jpg | https://images.aqar.fm/webp/750x0/props/032005770_1786460705270.jpg | https://images.aqar.fm/webp/750x0/props/032005771_1786460705250.jpg,18,مناحي البقمي,,,2026-08-11,2026-08-11,2026-08-22,274,2026-08-23,True,"1,650,000",False,فيلا
6464144,https://sa.aqar.fm/فلل-للبيع/الرياض/شرق-الرياض/حي-النسيم-الغربي/شارع-حايط-الماء-حي-النسيم-الغربي-مدينة-الرياض-منطقة-الرياض-6464144,"فيلا للبيع في شارع حايط الماء, حي النسيم الغربي, مدينة الرياض, منطقة الرياض",950000,375,,4,2,11,حي النسيم الغربي,الرياض,شرق الرياض,"🔴 فرصة استثمارية  للبيع بسعر مناسب فيلا دبلكس 🔴

🔶 العقار: فيلا دبلكس قديم مؤجر بحي النسيم الغربي
🔸 العمر: فوق 30 سنة
🔸 الشارع: عرض 10 شرقي
🔸 المساحة: 375م
🔸 الأطوال: 12.5م على الشارع، بعمق 30م

🔸🔸 مكونات العقار دورين مفصولة 🔸🔸

🔶 الدور الأرضي:
🔸 مجلس + مقلط + صالة + غرفتين نوم
🔸 دورتين مياة + مخزن + حوش في المقدمة

🔶 الدور الأول:
🔸 نفس الدور الأرضي

🔶 السطح:
🔸 فاضي لايوجد فيه أي بنيان، إمكانية استغلاله بشقة

🔹 الفيلا مؤجرة كاملة وممكن زيادة دخلها لتصل 10٪
🔹 الدور الأرضي مؤجر ب32 ألف دفعتين
🔹 الدور الأول مع السطح مؤجر ب30 ألف دفعتين

🔻 قريب من الشارع العام
🔻 قريب من جميع الخدمات والمحلات
🔻 قريب من المدارس

▪️ مكتب أدق العقود للعقارات وإدارة الأملاك ▪️
📞 للتواصل:

((رقم المعلن يظهر عند التواصل))
((رقم المعلن يظهر عند التواصل))",24.715456,46.833401,https://images.aqar.fm/webp/750x0/props/004497599_1763148973279.jpg | https://images.aqar.fm/webp/750x0/props/004497593_1763148973291.jpg | https://images.aqar.fm/webp/750x0/props/004497599_1763148973293.jpg,3,هشام عبدالله علي الغانم,مؤسسة مكتب أدق العقود للعقارات,1,2025-11-12,2026-08-18,2026-08-18,7267,2026-08-23,True,"950,000",False,فيلا
6513797,https://sa.aqar.fm/فلل-للبيع/الرياض/شرق-الرياض/حي-النسيم-الغربي/شارع-سعيد-بن-قيس-حي-النسيم-الغربي-مدينة-الرياض-منطقة-الرياض-6513797,"فيلا للبيع في شارع سعيد بن قيس, حي النسيم الغربي, مدينة الرياض, منطقة الرياض",4600000,750,6,,,11,حي النسيم الغربي,الرياض,شرق الرياض,"للبيع :

فيلا + استراحة 
رأس بلك 
الموقع 📍
الرياض - حي النسيم الغربي 
الجهات : رأس بلك 
شرقي جنوبي غربي 
تفاصيل العقار : 

فيلا بمساحة ٧٥٠متر 
استراحة جانبيه بمساحة ٧٥٠ متر 
مجموع مساحة الارض : 
١٥٠٠ متر 

عمر العقار اكثر من ١٠ سنوات
المطلوب : ٤ مليون و ٦٠٠ الف",24.737982,46.809084,https://images.aqar.fm/webp/750x0/props/045511079_1766238461324.jpg | https://images.aqar.fm/webp/750x0/props/045511071_1766238461345.jpg | https://images.aqar.fm/webp/750x0/props/045511079_1766238461329.jpg | https://images.aqar.fm/webp/750x0/props/045511073_1766238461342.jpg,4,عبدالله بن سعد بن محمد مزهر,مكتب بوصلة الاستثمار للعقارات,1,2025-12-20,2025-12-20,2026-08-02,2004,2026-08-23,True,"4,600,000",False,فيلا
6765514,https://sa.aqar.fm/فلل-للبيع/الرياض/شرق-الرياض/حي-النسيم-الغربي/شارع-سويف-حي-النسيم-الغربي-مدينة-الرياض-منطقة-الرياض-6765514,"فيلا للبيع في شارع سويف, حي النسيم الغربي, مدينة الرياض, منطقة الرياض",1200000,402,,0,0,11,حي النسيم الغربي,الرياض,شرق الرياض,"فيلا للبيع في حي النسيم الغربي (موقع مميز على حرف T)
 رقم العرض: 419
 المساحة: 402 م²
 الشارع: 10 م جنوبي
 العمر: فوق 40 سنة (قيمة أرض ممتازة)
🏠 تفاصيل الفيلا (دورين مفصولة):
 الدور الأرضي: 3 غرف نوم + صالة + مجلس + مقلط + مشب + مطبخ + 3 دورات مياه.
 الدور العلوي: 3 غرف نوم + صالة + مجلس + مطبخ + دورتين مياه.
💵 الحد: 1,200,000 ريال
شركة ابن طوالة للعقارات
📱 للتواصل والاستفسار:
((الرقم يظهر عند الضغط على اتصال)) | ((الرقم يظهر عند الضغط على اتصال))",24.719266,46.839395,https://images.aqar.fm/webp/750x0/props/012283478_1783523956761.jpg | https://images.aqar.fm/webp/750x0/props/012283470_1783523956761.jpg,2,عواد محارب عقيل ابن طواله,شركة مكتب ابن طوالة للعقارات,1,2026-07-08,2026-07-08,2026-08-19,1607,2026-08-23,True,"1,200,000",False,فيلا
6480148,https://sa.aqar.fm/فلل-للبيع/الرياض/شرق-الرياض/حي-النسيم-الغربي/شارع-أحمد-بن-القاسم-حي-النسيم-الغربي-مدينة-الرياض-منطقة-الرياض-6480148,"فيلا للبيع في شارع أحمد بن القاسم, حي النسيم الغربي, مدينة الرياض, منطقة الرياض",1350000,600,5,4,0,11,حي النسيم الغربي,الرياض,شرق الرياض,"السعر قابل للتفاوض 🛑

فيلا للبيع مساحتها ٦٠٠ 
دورين مفصولة
كهرباء 
ماء 
الياف ضوئية",24.723827,46.833144,https://images.aqar.fm/webp/750x0/props/043204367_1764053950877.jpg,1,نايف حمدان,,,2025-11-25,2025-11-25,2026-07-05,3416,2026-08-23,True,"1,350,000",False,فيلا
6671980,https://sa.aqar.fm/فلل-للبيع/الرياض/شرق-الرياض/حي-النسيم-الغربي/شارع-الناصره-حي-النسيم-الغربي-مدينة-الرياض-منطقة-الرياض-6671980,"فيلا للبيع في شارع الناصره, حي النسيم الغربي, مدينة الرياض, منطقة الرياض",1300000,300,,0,0,11,حي النسيم الغربي,الرياض,شرق الرياض,"للبيع فيلا  (ملاصقة) من الخلف 
حي النسيم الغربي

المساحة: 300 م²
الشارع: 10 متر غربي
العمر : 43 سنه 

المكونات:
دور أرضي + ثلاث شقق + استديو

السوم: 1,000,000

للتواصل:
0537707744
0504317851

شركة الهملان العقارية
نسوق عقاراتكم ونلبي طلباتكم",24.709425,46.835307,https://images.aqar.fm/webp/750x0/props/043206066_1777299163184.jpg | https://images.aqar.fm/webp/750x0/props/043206067_1777299163201.jpg | https://images.aqar.fm/webp/750x0/props/043206065_1777299163190.jpg | https://images.aqar.fm/webp/750x0/props/043206060_1777299291537.jpg,4,حسين مفرح بن ناهض,شركة مفرح ناهض الهملان العقارية,1,2026-04-27,2026-08-21,2026-08-21,2672,2026-08-23,True,"1,300,000",False,فيلا
6597280,https://sa.aqar.fm/فلل-للبيع/الرياض/شرق-الرياض/حي-النسيم-الغربي/شارع-ابو-مروة-حي-النسيم-الغربي-مدينة-الرياض-منطقة-الرياض-6597280,"فيلا للبيع في شارع ابو مروة, حي النسيم الغربي, مدينة الرياض, منطقة الرياض",3000000,450,,0,0,0,حي النسيم الغربي,الرياض,شرق الرياض,"للبيع فلة جديدة ومميزة بتشطيبات فاخرة وعالية الجودة

🔸المميزات
🔸موقع مميز  بجانب مرفق ومسجد وعلى شارعين شمالي وغربي.
🔸 خزان أرضي كبير 
🔸 عزل حراري بلك سيبوركس 
🔸 شبكة انترنت لكامل المبنى 
🔸 شبكة غاز لكل المطابخ ( غاز مركزي )
🔸 مكيفات راكبة 
🔸 مطابخ راكبة 
🔸 تأمين العيوب الخفية 
🔸 مؤجرة بمبلغ 270 ألف ريال سنوي دفعتين عقد واحد 5 سنوات 
🔸 المساحة 450 متر 

للتواصل عبر الواتساب على الرقم
 ",24.719381,46.828085,https://images.aqar.fm/webp/750x0/props/029994460_1771524322648.jpg | https://images.aqar.fm/webp/750x0/props/029994461_1771525678244.jpg | https://images.aqar.fm/webp/750x0/props/029994463_1771525678123.jpg | https://images.aqar.fm/webp/750x0/props/029994468_1771525678125.jpg | https://images.aqar.fm/webp/750x0/props/029994462_1771525678238.jpg,5,عبدالرحيم عوض,مكتب عبدالرحيم عوض صالح باحميد للعقارات,1,2026-02-19,2026-08-13,2026-08-13,1013,2026-08-23,True,"3,000,000",False,فيلا
6694563,https://sa.aqar.fm/فلل-للبيع/الرياض/شرق-الرياض/حي-النسيم-الغربي/شارع-أبي-بكر-النجاد-حي-النسيم-الغربي-الرياض-منطقة-الرياض-6694563,"فيلا للبيع في شارع أبي بكر النجاد, حي النسيم الغربي, مدينة الرياض, منطقة الرياض",1180000,312,7,5,2,11,حي النسيم الغربي,الرياض,شرق الرياض,فيلا ثلاث ادوار لها مدخلين منفصلين مصممة لتاون هاوس علوي ودور سفلي و هي حاليًا مفتوحة ولكن مصممه لذلك وقابله للقسمة او استعمال فيلا كاملة و مجدده بالكامل و الصالة الداخليه مساحتها كييره ويناسب المناسبات الكبيرة عن طريق المالك مباشرة بدون وساطة رقم المالك: ,24.717756478405313,46.82880765337763,https://images.aqar.fm/webp/750x0/props/007909370_1778792650600.jpg | https://images.aqar.fm/webp/750x0/props/007909371_1778792650588.jpg | https://images.aqar.fm/webp/750x0/props/007909370_1778792650590.jpg | https://images.aqar.fm/webp/750x0/props/007909373_1778792693192.jpg,4,شريفه بنت سعيد بن علي الغامدي,,,2026-05-12,2026-05-14,2026-07-17,3808,2026-08-23,True,"1,180,000",False,فيلا
6348045,https://sa.aqar.fm/فلل-للبيع/الرياض/شرق-الرياض/حي-النسيم-الغربي/شارع-أبي-محمد-الشافعي-حي-النسيم-الغربي-مدينة-الرياض-منطقة-الرياض-6348045,"فيلا للبيع في شارع أبي محمد الشافعي, حي النسيم الغربي, مدينة الرياض, منطقة الرياض",1800000,351,,1,0,0,حي النسيم الغربي,الرياض,شرق الرياض,"للاستفسار    ((رقم المعلن يظهر عند التواصل))
((الرقم يظهر عند الضغط على اتصال))
((الرقم يظهر عند الضغط على اتصال))
للبيع /*فيلا درج داخلي وشقتين
الموقع/حي النسيم الغربي 
✍️المساحة/ 351
✍️البناء على الكود السعودي
✍️اشراف مكتب هندسي
✍️تأمين على العيوب الخفيه
✍️تمديد كاميرات مراقبه 
✍️تمديد الياف بصريه
✍️ ثلاث عدادات كهرباء 
✍️✍️مكونات الفيلا 
**الدور الارضي* 👇👇
مجلس رجال + مقلط + صاله + مجلس نساء + مطبخ + غرفة غسيل ومستودع +
حوش جانبي مع اطلالة على الحوش
*الدور الاول
غرفة نوم ماستر
غرفتين نوم بحمام مشترك

تفاصيل الشقق 👇👇👇
1️⃣//شقه دور اول ""مدخلين ""
مجلس رجال 
مطبخ وصاله وغرفتين نوم
ودورتين مياه

*2️⃣//شقه دور ثاني : ""مدخلين ""*
مجلس رجال 
مطبخ و صاله 
غرف نوم ماستر 
غرفتين نوم حمام مشترك
ثلاث دورات مياه 

🔴كل شقة عداد كهرباء مستقل 🔴
امكانية فصل الشقق بصك مستقل",24.714822,46.82692,https://images.aqar.fm/webp/750x0/props/002895646_1756045068410.jpg | https://images.aqar.fm/webp/750x0/props/002895646_1756045067105.jpg | https://images.aqar.fm/webp/750x0/props/002895645_1756045067283.jpg | https://images.aqar.fm/webp/750x0/props/002895644_1756045067443.jpg | https://images.aqar.fm/webp/750x0/props/002895642_1756045067557.jpg | https://images.aqar.fm/webp/750x0/props/002895647_1756045067744.jpg | https://images.aqar.fm/webp/750x0/props/002895648_1756045068021.jpg | https://images.aqar.fm/webp/750x0/props/002895648_1756045068168.jpg | https://images.aqar.fm/webp/750x0/props/002895646_1756045068589.jpg | https://images.aqar.fm/webp/750x0/props/002895646_1756045068842.jpg | https://images.aqar.fm/webp/750x0/props/002895641_1756045069095.jpg | https://images.aqar.fm/webp/750x0/props/002895643_1756045069314.jpg,12,مسعود عبدالله مسعود الزومان,مؤسسة مكتب مسعود عبدالله الزومان للعقارات,1,2025-08-24,2025-08-24,2026-08-11,1599,2026-08-23,True,"1,800,000",False,فيلا
6499884,https://sa.aqar.fm/فلل-للبيع/الرياض/شرق-الرياض/حي-النسيم-الغربي/شارع-عبدالله-الأموي-حي-النسيم-الغربي-مدينة-الرياض-منطقة-الرياض-6499884,"فيلا للبيع في شارع عبدالله الأموي, حي النسيم الغربي, مدينة الرياض, منطقة الرياض",3000000,900,6,,,11,حي النسيم الغربي,الرياض,شرق الرياض,"فلة دور وملاحق وشقتين 
المساحه 900
العمر ١٩ سنه 
شارع ٢٠ شمالي و١٠جنوبي 
على السوم 
الاتصال - واتساب 

((رقم المعلن يظهر عند التواصل))
((رقم المعلن يظهر عند التواصل))",24.730478,46.812084,https://images.aqar.fm/webp/750x0/props/001031954_1765287697416.jpg | https://images.aqar.fm/webp/750x0/props/001031955_1765287697431.jpg | https://images.aqar.fm/webp/750x0/props/001031957_1765287697425.jpg,3,حسين القحطاني,مؤسسة مكتب سجال العقارية,1,2025-12-09,2025-12-09,2026-08-23,2036,2026-08-23,True,"3,000,000",False,فيلا
6753059,https://sa.aqar.fm/فلل-للبيع/الرياض/شرق-الرياض/حي-النسيم-الغربي/حي-النسيم-الغربي-الرياض-منطقة-الرياض-6753059,فيلا للبيع في حي النسيم الغربي ، الرياض ، منطقة الرياض,4000000,437,5,5,2,5,حي النسيم الغربي,الرياض,شرق الرياض,"دور ونص وشقتين زاويه عمرها ٥ سنين ١٠ ١٥ شمالي غربي حي النسيم الغربي شارع عبدالرحمن بن عوف  قريب من خريص والمترو المترو يبعد ٥ دقايق
مساحه ٤٣٧
مجلس ١٠ ب٦ مقلط ٥ب٤صالتين  غرفة كبار سن مع دورة مياه
٥ غرف نوم ٣ منها ماستر
مطبخين 
ملحقين 
حوش يتسع لاكثر من ٣ سيارات 
الشقق ٣ غرف وصاله مدخلين كل شقه",24.732981,46.808296,https://images.aqar.fm/webp/750x0/props/013926441_1782758602131.jpg | https://images.aqar.fm/webp/750x0/props/013926445_1782758602137.jpg | https://images.aqar.fm/webp/750x0/props/013926440_1782758601852.jpg | https://images.aqar.fm/webp/750x0/props/013926443_1782758602123.jpg | https://images.aqar.fm/webp/750x0/props/013926441_1782758601859.jpg | https://images.aqar.fm/webp/750x0/props/013926448_1782758602131.jpg | https://images.aqar.fm/webp/750x0/props/013926444_1782758602115.jpg | https://images.aqar.fm/webp/750x0/props/013926443_1782758602135.jpg,8,ماجد خالد عبدالله الحربي,,,2026-06-29,,2026-06-29,137,2026-08-23,False,طلب تسويق,False,فيلا
6620451,https://sa.aqar.fm/فلل-للبيع/الرياض/شرق-الرياض/حي-النسيم-الغربي/شارع-عتبة-بن-غزوان-حي-النسيم-الغربي-مدينة-الرياض-منطقة-الرياض-6620451,"فيلا للبيع في شارع عتبة بن غزوان, حي النسيم الغربي, مدينة الرياض, منطقة الرياض",3300000,1225,5,3,2,11,حي النسيم الغربي,الرياض,شرق الرياض,"للبيع فيلا شرق الرياض
 المساحة 1225 متر
حي النسيم الغربي
 دور + شقتين - العمر 29 سنه 
شارعين 20 شمالي 10 شرقي
قرب طريق خريص وكافة الخدمات
الدور الأرضي :
حوش أمامي 28*13 
حوش جانبي 27*13
مجلس خارجي + بايكه
مجلس داخلي + مقلط + دورة مياه
3 غرف نوم + صاله كبيره 13*6
مطبخ + 2 دورات مياه

الدور الأول : شقتين كل شقه تتكون من 
مجلس + غرفتين نوم + صاله + مطبخ ودورة مياه
الفيلا مجدده بالكامل وحُـره
السوم ( 3 مليون 200 الف )
البيع ( 3 مليون و 300 الف )

مباشر من المالك
🔹مكتب صالح للعقارات🔹
  للتواصل /",24.742736,46.822087,https://images.aqar.fm/webp/750x0/props/044634690_1773094511775.jpg,1,صالح العنزي,مؤسسة صالح مرفوع العنزي التجارية,1,2026-03-09,2026-03-09,2026-08-16,967,2026-08-23,True,"3,300,000",False,فيلا
6697325,https://sa.aqar.fm/فلل-للبيع/الرياض/شرق-الرياض/حي-النسيم-الغربي/شارع-إبراهيم-الدينوري-حي-النسيم-الغربي-مدينة-الرياض-منطقة-الرياض-6697325,"فيلا للبيع في شارع إبراهيم الدينوري, حي النسيم الغربي, مدينة الرياض, منطقة الرياض",1350000,525,4,0,0,11,حي النسيم الغربي,الرياض,شرق الرياض,"فيلا في النسيم الغربي تقع من قرب مسجد الهزاع ومدرسه اقبال 
الخدمات قريب العثيم والبقالة والمطاعم والمستوصف 
المساحه 525
شارع 10 غربي
دورين مقسم 4شقق
عدادين كهرباء
يوجد معه حوش جانبي وغرفه سائق ايضا في السيب الاخر
يصلح بناء دور آخر علوي
ايجاره في السنه 109
أطولها
30 عرض 
17 عمق
تصلح بناء فيليتن",24.718916,46.829156,,,خالد محسن ظيف الله الشمري,مكتب عمار الجوهرة للعقارات,1,2026-05-14,2026-07-11,2026-08-12,950,2026-08-23,True,"1,350,000",False,فيلا
6725220,https://sa.aqar.fm/فلل-للبيع/الرياض/شرق-الرياض/حي-النسيم-الغربي/شارع-الغزالة-حي-النسيم-الغربي-مدينة-الرياض-منطقة-الرياض-6725220,"فيلا للبيع في شارع الغزالة, حي النسيم الغربي, مدينة الرياض, منطقة الرياض",1600000,500,7,5,2,11,حي النسيم الغربي,الرياض,شرق الرياض,"فرصة 
فيلا مساحتها ٥٠٠ م، شارع ١٠ شرقي دورين مفصولة عمرها تقريباً ٢٤ سنه 
كل دور (مجلس - مقلط- ٣ غرف نوم - صالة- مطبخ) الدور الأرضي يضاف عليه ٣ ملاحق خارجية  
قريبة من محطة المترو ومن مسجد جامع موقع الفيلا يميزه المداخل والمخارج على اكثر من طريق",24.705918,46.832961,https://images.aqar.fm/webp/750x0/props/020174027_1780987855826.jpg | https://images.aqar.fm/webp/750x0/props/020174029_1780987855819.jpg | https://images.aqar.fm/webp/750x0/props/020174027_1780987855822.jpg,3,ابراهيم محمد,,,2026-06-09,2026-08-06,2026-08-21,2260,2026-08-23,True,"1,600,000",False,فيلا
6814889,https://sa.aqar.fm/فلل-للبيع/الرياض/شرق-الرياض/حي-النسيم-الغربي/شارع-السويداوي-حي-النسيم-الغربي-مدينة-الرياض-منطقة-الرياض-6814889,"فيلا للبيع في شارع السويداوي, حي النسيم الغربي, مدينة الرياض, منطقة الرياض",1300000,312,,1,0,11,حي النسيم الغربي,الرياض,شرق الرياض,"فيلا زاويه دورين منفصلين وملحق علوي في حي النسيم الغربي بالقرب من شارع عبدالله بن عمر تويوتا 
المساحه ٣١٢،٥ متر 
الواجهة جنوبي شرقي 
شوارع ١٠ 
الدور الأرضي يتكون من خمس غرف وصالة ومطبخ ودورتين مياه ومشب وحوش ومستودع 
والدور الثاني خمس غرف وصالة ومطبخ ودورتين مياه ومستودع 
والملحق العلوي ثلاث غرف ومطبخ ودورتين مياه بالإضافة إلى السطح",24.738947,46.820942,https://images.aqar.fm/webp/750x0/props/043951374_1786376508702.jpg,1,صالح بن عبيد بن عايش العنزي,مكتب ابداع الصحافة للخدمات العقارية,1,2026-08-10,2026-08-10,2026-08-23,270,2026-08-23,True,"1,300,000",False,فيلا
6752293,https://sa.aqar.fm/فلل-للبيع/الرياض/شرق-الرياض/حي-النسيم-الغربي/شارع-الكروم-حي-النسيم-الغربي-مدينة-الرياض-منطقة-الرياض-6752293,"فيلا للبيع في شارع الكروم, حي النسيم الغربي, مدينة الرياض, منطقة الرياض",1800000,625,5,3,2,11,حي النسيم الغربي,الرياض,شرق الرياض,"فيلا للبيع بالنسيم الغربي

فيلا

المساحة 625 متر

عرض الشارع 10 متر

الواجهة غربية جنوبية

عمر العقار 36 سنة

شارع سكني

غرف

صالتين

6 دورات مياة

درج

غرفة سواق

حوش

مدخل سيارة",24.739215,46.820889,,,فهد سعود محمد الصويلح,مؤسسة فهد سعود محمد الصويلح للعقارات,1,2026-06-29,2026-07-28,2026-08-22,151,2026-08-23,True,"1,800,000",False,فيلا
6832783,https://sa.aqar.fm/فلل-للبيع/الرياض/شرق-الرياض/حي-النسيم-الغربي/شارع-أبي-سليك-حي-النسيم-الغربي-مدينة-الرياض-منطقة-الرياض-6832783,"فيلا للبيع في شارع أبي سليك, حي النسيم الغربي, مدينة الرياض, منطقة الرياض",1875000,750,,7,4,11,حي النسيم الغربي,الرياض,شرق الرياض,"العقار عبارة عن فلتين مستقلتين وشقة بمدخل خاص.

║الفيلا الأولى┊فيلا مستقلة تتكون من دور أرضي ودور أول وملحق علوي، وتضم: صالة، مجلسين، غرفة طعام، غرفة نوم، مطبخ، ودورتين مياه، بالإضافة إلى ملحق ارضي مشب بمدخل خاص.

║الملحق العلوي┊غرفة عاملة مع حمام، تابعة للفيلا الأولى.

║الفيلا الثانية┊فيلا مستقلة بمدخل خاص، تتكون من: صالة، مجلس، غرفة نوم، مطبخ، وحمام، بالإضافة إلى غرفة نوم بحمام بنظام دوبلكس، وملحق أرضي مع مشب خارجي.

║الشقة┊تقع في الدور الأول ولها مدخل خاص، وتتكون من: صالة، مجلس، غرفتين نوم، مطبخ، ودورتين مياه.",24.739566,46.805439,https://images.aqar.fm/webp/750x0/props/018103657_1787231182307.jpg | https://images.aqar.fm/webp/750x0/props/018103656_1787231239051.jpg | https://images.aqar.fm/webp/750x0/props/018103657_1787231239051.jpg | https://images.aqar.fm/webp/750x0/props/018103659_1787231239051.jpg | https://images.aqar.fm/webp/750x0/props/018103659_1787231239072.jpg | https://images.aqar.fm/webp/750x0/props/018103651_1787231239071.jpg | https://images.aqar.fm/webp/750x0/props/018103650_1787231239074.jpg,7,عبدالعزيز بن عبدالله بن محمد العتيبي,,,2026-08-20,2026-08-20,2026-08-22,166,2026-08-23,True,"1,875,000",False,فيلا
6786158,https://sa.aqar.fm/فلل-للبيع/الرياض/شرق-الرياض/حي-النسيم-الغربي/شارع-الكروم-حي-النسيم-الغربي-مدينة-الرياض-منطقة-الرياض-6786158,"فيلا للبيع في شارع الكروم, حي النسيم الغربي, مدينة الرياض, منطقة الرياض",1900000,625,5,,,11,حي النسيم الغربي,الرياض,شرق الرياض,"بسم الله الرحمن الرحيم  //////////////////////////////////::""""""""""""""/////«/////////////////////////////////////////////////////////////",24.739215,46.820889,,,خالد سعود,شركة حدائق نجد العقارية,1,2026-07-22,2026-08-21,2026-08-22,97,2026-08-23,True,"1,900,000",False,فيلا
6829503,https://sa.aqar.fm/فلل-للبيع/الرياض/شرق-الرياض/حي-النسيم-الغربي/شارع-آل-دهيمش-حي-النسيم-الغربي-مدينة-الرياض-منطقة-الرياض-6829503,"فيلا للبيع في شارع آل دهيمش, حي النسيم الغربي, مدينة الرياض, منطقة الرياض",1400000,450,6,1,0,11,حي النسيم الغربي,الرياض,شرق الرياض,"🏡 للبيع فيلا سكنية بحي النسيم الغربي
ثلاث ادور مفصوله
📍 الموقع: حي النسيم 🏡 للبيع فيلا بحي النسيم الغربي
🗺️ الموقع على الخريطة:
📐 تفاصيل العقار
السوم مليون و350  الف
المساحة: 450  م²
عمر العقار 30 عام
على شارعين: 15م و12م
عدادين كهرباء
🏠 مواصفات الأدوار
الدور الأرضي:
مجلس
مقلط كبار
3 غرف نوم
مطبخ 
دورتين مياه
الدور الأول – مدخل خاص:
مجلس 
مقلط
3 غرف نوم
مطبخ
دورتين مياه
إمكانية تقسيم الدور إلى شقتين
الدور الثالث:
4 غرف كبيرة
صالة كبيرة جدًا
دورة مياه
📌 عقار مناسب للسكن والاستثمار، مع إمكانية الاستفادة من تعدد الوحدات والمداخل.",24.728373,46.825896,https://images.aqar.fm/webp/750x0/props/021377053_1787070986431.jpg,1,بشرى عبدالكريم,مؤسسة بيت الحكمة للخدمات العقارية,1,2026-08-18,2026-08-18,2026-08-18,237,2026-08-23,True,"1,400,000",False,فيلا
6782680,https://sa.aqar.fm/فلل-للبيع/الرياض/شرق-الرياض/حي-النسيم-الغربي/شارع-الكروم-حي-النسيم-الغربي-مدينة-الرياض-منطقة-الرياض-6782680,"فيلا للبيع في شارع الكروم, حي النسيم الغربي, مدينة الرياض, منطقة الرياض",2000000,625,6,0,0,10,حي النسيم الغربي,الرياض,شرق الرياض,"فيلا للبيع بالنسيم الغربي زاويه

المساحه ٦٢٥

الاطوال ٢٥×٢٥

غرفه سایق

الدور الارضي

۲ مجلس رجال

مقلط

حمام

مطبخ مستودع

غرفه كبار سن مع الحمام

صاله

الدور الثاني

ثلاث غرف نوم كل غرفه فيها

 حمام داخلي

غرفه ماستر تشمل غرفتين وصاله وحمام

يوجد مستودع بالدور الثاني


يوجد حوش كبير بزاويتي الفيلا

وصل السوم مليون ٨٠٠",24.739215,46.820889,,,ساره السبيعي,مؤسسة ساره عايد السبيعي,1,2026-07-20,2026-08-18,2026-08-23,113,2026-08-23,True,"2,000,000",False,فيلا
6727462,https://sa.aqar.fm/فلل-للبيع/الرياض/شرق-الرياض/حي-النسيم-الغربي/شارع-الكروم-حي-النسيم-الغربي-مدينة-الرياض-منطقة-الرياض-6727462,"فيلا للبيع في شارع الكروم, حي النسيم الغربي, مدينة الرياض, منطقة الرياض",1800000,625,,5,3,11,حي النسيم الغربي,الرياض,شرق الرياض,"للبيــــــــع فيلا بحي النسيم الغربي
زاوية 
المساحة ٦٢٥ متر
الشارع ١٠ متر 
الواجهه شمال شرقيه 
عمر العقار ٢٥ سنه 
مدخلين رجال خاص مدخل نساء خاص غرفة سائق
 
*الدور الارضي* 
مجلسين مقلط غرفه كبار سن مع دورة مياه صالة مطبخ +مستودع 
 
*الدور الاول*
ثلاث غرف نوم قل غرفه بدوره مياه جناح مكون من غرفتين وصالة وحمام وسطح 

البيع ٢ مليون قابل للتفاوض 
مباشر مع المالك⭐⭐",24.739215,46.820889,https://images.aqar.fm/webp/750x0/props/050446795_1781107350670.jpg,1,جواهر بنت عبدالعزيز بن سعيد ال سعيد,مكتب ريحانة نجد للعقارات,1,2026-06-10,2026-08-07,2026-08-21,516,2026-08-23,True,"1,800,000",False,فيلا
6673027,https://sa.aqar.fm/فلل-للبيع/الرياض/شرق-الرياض/حي-النسيم-الغربي/شارع-عتبة-بن-غزوان-حي-النسيم-الغربي-مدينة-الرياض-منطقة-الرياض-6673027,"فيلا للبيع في شارع عتبة بن غزوان, حي النسيم الغربي, مدينة الرياض, منطقة الرياض",4000000,1225,,,,11,حي النسيم الغربي,الرياض,شرق الرياض,"دور ارضى 4 غرف و صالة  و ملاحق خارجية  
شقتين فوق كل شقة 3 غرف وصالة و مطبخ و حمامين",24.742736,46.822087,https://images.aqar.fm/webp/750x0/props/041334953_1777371690376.jpg | https://images.aqar.fm/webp/750x0/props/041334952_1777371695406.jpg | https://images.aqar.fm/webp/750x0/props/041334950_1777371699705.jpg,3,محمد بن صالح بن عبدالكريم الطحيني,مكتب تاج الثقة للعقارات,1,2026-04-28,2026-07-24,2026-07-24,635,2026-08-23,True,"4,000,000",False,فيلا
6743956,https://sa.aqar.fm/فلل-للبيع/الرياض/شرق-الرياض/حي-النسيم-الغربي/شارع-الكروم-حي-النسيم-الغربي-مدينة-الرياض-منطقة-الرياض-6743956,"فيلا للبيع في شارع الكروم, حي النسيم الغربي, مدينة الرياض, منطقة الرياض",1800000,625,6,5,5,11,حي النسيم الغربي,الرياض,شرق الرياض,"فيلا للبيع بالنسيم الغربي زاويه

المساحه ٦٢٥

الاطوال ٢٥×٢٥

غرفه سایق

الدور الارضي

۲ مجلس رجال

مقلط

حمام

مطبخ مستودع

غرفه كبار سن مع الحمام

صاله

الدور الثاني

ثلاث غرف نوم كل غرفه فيها حمام داخلي

غرفه ماستر تشمل غرفتين وصاله وحمام

يوجد مستودع بالدور الثاني

يوجد حوش كبير بزاويتي الفيلا
السعر مليون و800",24.739215,46.820889,https://images.aqar.fm/webp/750x0/props/052049061_1782162274982.jpg,1,جواهر ال سعيد,مكتب ريحانة نجد للعقارات,1,2026-06-22,2026-06-22,2026-08-19,431,2026-08-23,True,"1,800,000",False,فيلا
6560660,https://sa.aqar.fm/فلل-للبيع/الرياض/شرق-الرياض/حي-النسيم-الغربي/شارع-أبي-الثناء-البغدادي-حي-النسيم-الغربي-مدينة-الرياض-منطقة-الرياض-6560660,"فيلا للبيع في شارع أبي الثناء البغدادي, حي النسيم الغربي, مدينة الرياض, منطقة الرياض",1300000,625,5,4,3,3,حي النسيم الغربي,الرياض,شرق الرياض,"نعتذر التواصل واتساب فقط نظرًا لكثرة اتصالات الإخوة المسوّقين.
فيلا
 في حي النسيم الغربي  ( مؤجرة و الاخلاء شهر بعد الافراغ ) 
المساحة : 625 م 
الطوال : 25 × 25 عمق 
البيع: 2080 للمتر
الاجمالي: 1,300,000 ريال

📞 للتواصل:   0572.357.923

للوصول إلى الإعلان اضغط على الرابط
https://whatsapp.com/channel/0029VbBJY243bbUx9Thpjw2T",24.727201,46.83115,https://images.aqar.fm/webp/750x0/props/037316623_1773428615789.jpg | https://images.aqar.fm/webp/750x0/props/037316627_1773428615873.jpg,2,بشاير زياد,مكتب المعرفة للخدمات العقارية,1,2026-01-24,2026-01-24,2026-08-21,5780,2026-08-23,True,"1,300,000",False,فيلا
6806287,https://sa.aqar.fm/فلل-للبيع/الرياض/شرق-الرياض/حي-النسيم-الغربي/شارع-أحمد-بن-العباس-حي-النسيم-الغربي-مدينة-الرياض-منطقة-الرياض-6806287,"فيلا للبيع في شارع أحمد بن العباس, حي النسيم الغربي, مدينة الرياض, منطقة الرياض",1200000,375,5,4,2,11,حي النسيم الغربي,الرياض,شرق الرياض,"🏡 فيلا للبيع  دورين و  شقه فرصه  لا تعوض 

العمر / 40 

شارع / 10 شمالي

عبارة عن / الدور الارضي : مجلس ومقلط وصاله غرفتين  نوم 
وحمامين ومطبخ . 
الدور الأول :  مجلس رجال + مقلط + صالة + غرفتين  نوم-  وحمامين - ومطبخ 

شقة : ثلاث غرف وصاله وحمامين ومطبخ 

📍 الموقع: حي مميز وقريب من جميع الخدمات",24.725621,46.838133,https://images.aqar.fm/webp/750x0/props/036127886_1785871733974.jpg | https://images.aqar.fm/webp/750x0/props/036127889_1785871733904.jpg | https://images.aqar.fm/webp/750x0/props/036127880_1785871733986.jpg,3,ايوب محمد رجاء الحربي,مكتب ايوب محمد رجاء الحربي للعقارات,1,2026-08-04,2026-08-04,2026-08-23,520,2026-08-23,True,"1,200,000",False,فيلا
6757344,https://sa.aqar.fm/فلل-للبيع/الرياض/شرق-الرياض/حي-النسيم-الغربي/شارع-نصر-بن-علي-حي-النسيم-الغربي-الرياض-منطقة-الرياض-6757344,"فيلا للبيع في شارع نصر بن علي, حي النسيم الغربي, مدينة الرياض, منطقة الرياض",2000000,500,5,5,2,11,حي النسيم الغربي,الرياض,شرق الرياض,"🏡 للبيع فيلا سكنية في حي النسيم الغربي

فرصة مميزة لامتلاك فيلا سكنية في موقع حيوي بحي النسيم الغربي، مناسبة للسكن العائلي أو للاستثمار.

مواصفات العقار:

* مساحة الأرض: 500 م²
* واجهة: شرقية
* عرض الشارع: 10 أمتار
* بناء شخصي
* عمر العقار: أكثر من 35 سنة
* مكونة من دورين بالإضافة إلى سطح
* 5 غرف نوم
* 5 دورات مياه
* صالتان
* مجلس
* مطبخ خارجي
* غرفة خادمة
* مدخل سيارة
* مؤثثة بالكامل
* جميع الخدمات متوفرة (مياه، كهرباء، صرف صحي وغيرها).

العقار يتميز بمساحة واسعة وتصميم عملي يلبي احتياجات العائلات، ويقع في حي مكتمل الخدمات وقريب من مختلف المرافق الحيوية.

💰 السعر: على السوم

للتواصل والاستفسار أو لترتيب موعد للمعاينة، يرجى التواصل على الواتساب 
((الرقم يظهر عند الضغط على اتصال))",24.72819998967638,46.82757782977991,https://images.aqar.fm/webp/750x0/props/029886042_1783011108532.jpg | https://images.aqar.fm/webp/750x0/props/029886042_1783011108504.jpg | https://images.aqar.fm/webp/750x0/props/029886044_1783011108466.jpg | https://images.aqar.fm/webp/750x0/props/029886042_1783011108512.jpg,4,سحاب بنت سلطان بن عبدالهادي العتيبي,,,2026-07-02,2026-07-05,2026-07-21,750,2026-08-23,True,"2,000,000",False,فيلا
6774314,https://sa.aqar.fm/فلل-للبيع/الرياض/شرق-الرياض/حي-النسيم-الغربي/شارع-أبي-إسحاق-المقدسي-حي-النسيم-الغربي-مدينة-الرياض-منطقة-الرياض-6774314,"فيلا للبيع في شارع أبي إسحاق المقدسي, حي النسيم الغربي, مدينة الرياض, منطقة الرياض",2500000,750,5,3,3,10,حي النسيم الغربي,الرياض,شرق الرياض,"فيلا للبيع بموقع مميز
فرصة لامتلاك فيلا على شارعين (شرقي 10م – غربي 10م)، في موقع حيوي قريب جدًا من محطة المترو، وأمام بنده مباشرة.
تفاصيل العقار:
المساحة: 750 م²
العمر: 15 سنة
تتكون من: دور + شقتين
سطح واسع وفارغ قابل للاستفادة
السعر: 2,500,000 ريال (شامل المديونية البنكية البالغة 480,000 ريال).",24.727467,46.81633,https://images.aqar.fm/webp/750x0/props/012157682_1784197511003.jpg | https://images.aqar.fm/webp/750x0/props/012157689_1784197510806.jpg | https://images.aqar.fm/webp/750x0/props/012157688_1784197510796.jpg,3,عبدالعزيز بن علي بن ناهض البقمي,مكتب ختم الثقة للخدمات العقارية,1,2026-07-14,2026-07-14,2026-08-14,448,2026-08-23,True,"2,500,000",False,فيلا
6487720,https://sa.aqar.fm/فلل-للبيع/الرياض/شرق-الرياض/حي-النسيم-الغربي/شارع-أبي-هلال-العسكري-حي-النسيم-الغربي-مدينة-الرياض-منطقة-الرياض-6487720,"فيلا للبيع في شارع أبي هلال العسكري, حي النسيم الغربي, مدينة الرياض, منطقة الرياض",1200000,225,,4,1,11,حي النسيم الغربي,الرياض,شرق الرياض,"فيلا في حي النسيم الغربي للبيع موقع ممتاز قريبة من محطة مترو السلام وقريبه ايضاً من اسواق حجاب جميع الخدمات متوفرة المدارس بجميع المراحله قريبه جدا  
عليها 670 الف بنك لذلك البيع كااااش
مؤجرة حالياً ب 55000 ( خمسة وخمسون الفاً)
السعر قابل للتفاوض للصامل
 
تم تعديل الحد الى مليون و200 الف

ماشاءالله السوم وصل مليون و100 الف 



ملحوظة : يوجد لدي فلة مساحة 360 م على شارع 15 غربي  في النسيم الشرقي شرق شارع حسان بن ثابت ( النخيل)  للتوضيح التواصل واتساب 
للاستفسار 
((رقم المعلن يظهر عند التواصل))
مؤسسة رمضاء العقارية / الرياض / السليمانية
تسعد بتسويق عقاراتكم في جميع مناطق ومحافظات المملكة",24.724675,46.818607,https://images.aqar.fm/webp/750x0/props/007461219_1764559340612.jpg,1,خالد سليمان علي العقل,مؤسسة رمضاء العقارية,1,2025-12-01,2025-12-01,2026-08-23,12491,2026-08-23,True,"1,200,000",False,فيلا
6796856,https://sa.aqar.fm/فلل-للبيع/الرياض/شرق-الرياض/حي-النسيم-الغربي/شارع-الكروم-حي-النسيم-الغربي-مدينة-الرياض-منطقة-الرياض-6796856,"فيلا للبيع في شارع الكروم, حي النسيم الغربي, مدينة الرياض, منطقة الرياض",1800000,625,5,1,0,5,حي النسيم الغربي,الرياض,شرق الرياض,"فيلا للبيع بالنسيم الغربي زاويه

المساحه ٦٢٥

الاطوال ٢٥×٢٥

غرفه سایق

الدور الارضي

۲ مجلس رجال

مقلط

حمام

مطبخ مستودع

غرفه كبار سن مع الحمام

صاله

الدور الثاني

ثلاث غرف نوم كل غرفه فيها

 حمام داخلي

غرفه ماستر تشمل غرفتين وصاله وحمام

يوجد مستودع بالدور الثاني

۱۱:۲۸ م

يوجد حوش كبير بزاويتي الفيلا

١١:٣٢ م //

وصل السوم مليون ٨٠٠

مباشر من المالك",24.739215,46.820889,,,محمد زيد,مؤسسة محمد زيد نايف العتيبي للعقارات,1,2026-07-29,2026-07-29,2026-08-15,97,2026-08-23,True,"1,800,000",False,فيلا
6538851,https://sa.aqar.fm/فلل-للبيع/الرياض/شرق-الرياض/حي-النسيم-الغربي/شارع-العلا-حي-النسيم-الغربي-مدينة-الرياض-منطقة-الرياض-6538851,"فيلا للبيع في شارع العلا, حي النسيم الغربي, مدينة الرياض, منطقة الرياض",2200000,625,6,1,0,11,حي النسيم الغربي,الرياض,شرق الرياض,"فيلا قديمه 
زاوية ١٥ شمالي ١٠ شرقي
المساحة ٦٢٥ (٢٥×٢٥)
يوجد عروض اخرى
سجال العقارية 
‏نسعد في استقبال طلباتكم وتسويق عقاراتكم   

واتساب - الاتصال
((رقم المعلن يظهر عند التواصل))
 ‪",24.732064,46.805871,https://images.aqar.fm/webp/750x0/props/001031959_1747729300818.jpg,1,حسين القحطاني,مؤسسة مكتب سجال العقارية,1,2026-01-08,2026-01-08,2026-08-23,2729,2026-08-23,True,"2,200,000",False,فيلا
6748767,https://sa.aqar.fm/فلل-للبيع/الرياض/شرق-الرياض/حي-النسيم-الغربي/شارع-يعقوب-بن-شرف-الدين-حي-النسيم-الغربي-مدينة-الرياض-منطقة-الرياض-6748767,"فيلا للبيع في شارع يعقوب بن شرف الدين, حي النسيم الغربي, مدينة الرياض, منطقة الرياض",1700000,250,,5,3,0,حي النسيم الغربي,الرياض,شرق الرياض,"للاستفسار جوال ((الرقم يظهر عند الضغط على اتصال))

للبيع فيلا جديدة 👉👉
 بحي النسيم الغربي قريبة من خريص موقع متميز جدا جدا 
ثلاثة أدوار 
👇👇👇👇
دور + دور + شقة بالسطح 
زاوية شارعين ١٠م جنوبي و١٠م شرقي 
👆👆👆👆
المساحة ٢٥٠ م
٣ عدادات كهرباء 
البناء على الكود السعودي 
جميع الأوراق المطلوبة للبنك موجودة 
🌹🌹🌹🌹🌹
البيع مليون و٧٠٠ ألف ريال على الشور

للاستفسار ((الرقم يظهر عند الضغط على اتصال))",24.735361,46.811575,https://images.aqar.fm/webp/750x0/props/002895648_1782482044857.jpg | https://images.aqar.fm/webp/750x0/props/002895649_1782482045006.jpg | https://images.aqar.fm/webp/750x0/props/002895648_1782482044857.jpg | https://images.aqar.fm/webp/750x0/props/002895649_1782482045006.jpg,4,مسعود عبدالله مسعود الزومان,مؤسسة مكتب مسعود عبدالله الزومان للعقارات,1,2026-06-26,2026-07-25,2026-08-11,1641,2026-08-23,True,"1,700,000",False,فيلا
6825401,https://sa.aqar.fm/فلل-للبيع/الرياض/شرق-الرياض/حي-النسيم-الغربي/شارع-ابن-يونس-حي-النسيم-الغربي-مدينة-الرياض-منطقة-الرياض-6825401,"فيلا للبيع في شارع ابن يونس, حي النسيم الغربي, مدينة الرياض, منطقة الرياض",1800000,625,4,1,0,11,حي النسيم الغربي,الرياض,شرق الرياض,"فيلا للبيع بالنسيم الغربي زاويه 

المساحه ٦٢٥

الاطوال ٢٥×٢٥

الشوراع 10 و10 

عمر العقار. 36 عام 

مرممه بالكامل من 7 سنوات 

غرفه سایق

الدور الارضي

۲ مجلس رجال

مقلط

حمام

مطبخ مستودع

غرفه كبار سن مع الحمام

صاله

الدور الثاني

ثلاث غرف نوم كل غرفه فيها

 حمام داخلي

غرفه ماستر تشمل غرفتين وصاله وحمام

يوجد مستودع بالدور الثاني

يوجد حوش كبير بزاويتي الفيلا
وصل السوم مليون 700الف 
والبيع مليون و 800الف ان شاء الله",24.739568,46.821004,https://images.aqar.fm/webp/750x0/props/024201044_1786886474549.jpg,1,عبدالرحمن بن ابراهيم بن سعد بن مصيليخ,مؤسسة تلال العاذرية,1,2026-08-16,2026-08-16,2026-08-22,68,2026-08-23,True,"1,800,000",False,فيلا
6766892,https://sa.aqar.fm/فلل-للبيع/الرياض/شرق-الرياض/حي-النسيم-الغربي/شارع-دريد-بن-حرملة-حي-النسيم-الغربي-مدينة-الرياض-منطقة-الرياض-6766892,"فيلا للبيع في شارع دريد بن حرملة, حي النسيم الغربي, مدينة الرياض, منطقة الرياض",3000000,812,,7,3,11,حي النسيم الغربي,الرياض,شرق الرياض,"## 🏡 فرصة استثمارية وسكنية نادرة في المربع الذهبي (النسيم الغربي)
فيلا كلاسيك مودرن للبيع (بناء شخصي) - موقع استراتيجي وتصميم يشرح الصدر!
🎯 الموقع: الرياض - حي النسيم الغربي (المربع الذهبي - جهة طريق خريص).
📐 المساحة: 812.5 متر مربع (مساحة راهية واستغلال ذكي).
🏗️ عمر العقار: 15 سنة (بناء شخصي عالي الجودة من المالك الأول مباشرة).
💵 خيارات الشراء: تقبل الكاش والتمويل البنكي.
------------------------------
## ✨ أبرز ما يميز العقار:

* موقع استثنائي: في قلب المربع الذهبي، قريب جداً من طريق خريص والخدمات الحيوية.
* بناء شخصي: جودة ومتانة في التنفيذ وتصميم يجمع بين الكلاسيكية والمودرن.
* دخل استثماري وسكن: فيلا دور أرضي مستقل مع 3 شقق واسعة جاهزة للاستثمار أو إسكان العائلة.
* شرحة وواسعة: تتميز الفيلا بحوش خارجي كبير جداً ومساحات داخلية مفتوحة تدخلها الشمس.

------------------------------
## 🚪 تفاصيل الدور الأرضي (سكن المالك):

* عدد الغرف: 7 غرف واسعة تفصيلها كالتالي:
* 4 غرف نوم فسيحة ومريحة.
   * مجلس رجال رسمي مع مغاسل ودورة مياه منفصلة.
   * مجلس نساء بخصوصية تامة مطل على الحوش.
   * صالة طعام (مقلط) لتجمعات العائلة.
   * صالة معيشة عائلية مركزية وشرحة.
   * حوش خارجي واسع جداً ومثالي للجلسات الخارجية والتشجير.

------------------------------
## 🏢 تفاصيل الشقق (عدد 3 شقق علوية):

* مستقلة ومريحة: كل شقة تتكون من 4 غرف كبيرة وشرحة.
* تصميم ذكي: توزيع الغرف ممتاز ويضمن الخصوصية والمساحة الكافية للمستأجرين أو الأبناء.

------------------------------
## 💰 السعر:
3,000,000 ريال سعودي (ثلاثة ملايين ريال).
------------------------------
## 📞 للمعاينة المباشرة والاستفسار:

*",24.73631,46.80578,https://images.aqar.fm/webp/750x0/props/039287083_1783606682089.jpg,1,سامي عجب مرهب البقمي,مؤسسة العملاق العقاري,1,2026-07-09,2026-08-07,2026-08-07,362,2026-08-23,True,"3,000,000",False,فيلا
6422817,https://sa.aqar.fm/فلل-للبيع/الرياض/شرق-الرياض/حي-النسيم-الغربي/حي-النسيم-الغربي-مدينة-الرياض-منطقة-الرياض-6422817,"فيلا للبيع في حي النسيم الغربي, مدينة الرياض, منطقة الرياض",1400000,437,3,,,0,حي النسيم الغربي,الرياض,شرق الرياض,"مساحة الارض 218.5م
مسطح البناء 360م

الدور الارضي
مجلس مقلط صالة جلوس مطبخ مستودع وغرفة غسيل صغيره دورتين مياه مخل سياره

الدور الاول
3 غرف نوم واحده ماستر صالة جلوس

الدور الثاني
شقه 3 غرف دورتين مياه",24.725638,46.823992,,,فاطمه طاهر,مؤسسة سما بيان العقارية,1,2025-10-13,2025-10-13,2026-06-30,3934,2026-08-23,True,"1,400,000",False,فيلا
6725017,https://sa.aqar.fm/فلل-للبيع/الرياض/شرق-الرياض/حي-النسيم-الغربي/شارع-الوزان-حي-النسيم-الغربي-الرياض-منطقة-الرياض-6725017,فيلا للبيع في شارع الوزان ، حي النسيم الغربي ، الرياض ، منطقة الرياض,1800000,437,3,2,1,36,حي النسيم الغربي,الرياض,شرق الرياض,,24.742153,46.824104,https://images.aqar.fm/webp/750x0/props/020274544_1780960134728.jpg | https://images.aqar.fm/webp/750x0/props/020274544_1780960134775.jpg | https://images.aqar.fm/webp/750x0/props/020274549_1780960134741.jpg | https://images.aqar.fm/webp/750x0/props/020274541_1780960134732.jpg | https://images.aqar.fm/webp/750x0/props/020274546_1780960134746.jpg | https://images.aqar.fm/webp/750x0/props/020274541_1780960134738.jpg | https://images.aqar.fm/webp/750x0/props/020274546_1780960134730.jpg | https://images.aqar.fm/webp/750x0/props/020274540_1780960134751.jpg,8,منير البقمي,,,2026-06-08,,2026-06-08,110,2026-08-23,False,طلب تسويق,False,فيلا
6791795,https://sa.aqar.fm/فلل-للبيع/الرياض/شرق-الرياض/حي-النسيم-الغربي/شارع-يحيى-البكري-حي-النسيم-الغربي-مدينة-الرياض-منطقة-الرياض-6791795,"فيلا للبيع في شارع يحيى البكري, حي النسيم الغربي, مدينة الرياض, منطقة الرياض",1650000,437,,7,3,5,حي النسيم الغربي,الرياض,شرق الرياض,"🏡 فيلا مودرن للبيع - حي النسيم الغربي📍 الموقع: على شارع الأربعين مباشرة (قريب من الخدمات والأسواق).🔹 المساحة: 437.5 م²🔹 العمر: 5 سنوات🔹 التصميم: درج داخلي + شقتين بمدخل جانبي (سكن واستثمار).✨ المميزات: غرف ذات مساحات كبيرة، تشطيب فاخر، تصميم مودرن.💵 السعر: 1,650,000 ريال📝 ترخيص الإعلان: 7201053160📞 للتواصل (مبيعات العملاق العقارية): ((الرقم يظهر عند الضغط على اتصال))",24.725339,46.820258,https://images.aqar.fm/webp/750x0/props/039287082_1785096618298.png,1,سامي عجب مرهب البقمي,مؤسسة العملاق العقاري,1,2026-07-26,2026-07-26,2026-07-28,904,2026-08-23,True,"1,650,000",False,فيلا
6619253,https://sa.aqar.fm/فلل-للبيع/الرياض/شرق-الرياض/حي-النسيم-الغربي/شارع-الكروم-حي-النسيم-الغربي-مدينة-الرياض-منطقة-الرياض-6619253,"فيلا للبيع في شارع الكروم, حي النسيم الغربي, مدينة الرياض, منطقة الرياض",1900000,625,5,1,0,11,حي النسيم الغربي,الرياض,شرق الرياض,"للبيع فيلا حي النسيم 
الفيلا زاوية 
المساحة 625متر
مدخلين رجال خاص مدخل نساء خاص
غرفة سائق 
الدور الارضي 
مجلسين
مقلط 
غرفه كبار سن مع دورة مياه 
صالة 
مطبخ +مستودع 
دارج صالة 
الدور الاول 
ثلاث غرف نوم قل غرفه بدوره مياه 
جناح مكون من غرفتين وصالة وحمام 
وسطح 
الشارع 10متر
الواجهة شرقي شمالي 
عمر العقار 32  سنة 
شارع سكني 
5غرف 
وصالتين 
6دورات مياه 
حوش
مدخل سيارة
البيع مليون ٩٠٠
مباشر",24.739215,46.820889,https://images.aqar.fm/webp/750x0/props/004731919_1773009955685.jpg,1,بشرى عبدالكريم,مؤسسة بيت الحكمة للخدمات العقارية,1,2026-03-08,2026-03-08,2026-08-23,1388,2026-08-23,True,"1,900,000",False,فيلا
6601949,https://sa.aqar.fm/فلل-للبيع/الرياض/شرق-الرياض/حي-النسيم-الغربي/شارع-غامد-الزناد-حي-النسيم-الغربي-مدينة-الرياض-منطقة-الرياض-6601949,"فيلا للبيع في شارع غامد الزناد, حي النسيم الغربي, مدينة الرياض, منطقة الرياض",2000000,400,,6,3,11,حي النسيم الغربي,الرياض,شرق الرياض,"للبيع فيلا زاوية مساحة 400 م2 حي النسيم الغربي على خريص مباشرة 
على شارعين 15 شمالي و10 غربي 
تتكون من دورين وشقتين جديدة بالسطح 
الدور الارضي مجدد بالكامل يحتوي على حوش وحديقة صغيرة 
ومشب بدورة مياة جديد وبيت شعر بالحوش ومجلس رجال ومقلط 
وصالة ومطبخ وثلاث غرف نوم وحوش خلفي فية استديو بمدخل من الشارع 
الدور الاول نفس مكونات الدور الأرضي ومؤجر ب 40 الف سنوي 
الشقتين جديدة ومؤجرة ب 60 الف سنوي 
الدور الارضي مجدد بالكامل وغير مؤجر 
الفيلا موقعها جدا مميز تقرب من جميع الخدمات وتطل على خريص مباشرة مما تعطي سهولة التنقل بي جميع أحياء شرق وشمال الرياض 
مناسبة للي بيسكن ويستثمر لتفاصيل أكثر قسم المبيعات 
((رقم المعلن يظهر عند التواصل))
((رقم المعلن يظهر عند التواصل))",24.742228,46.812664,https://images.aqar.fm/webp/750x0/props/039287081_1775572178992.jpg | https://images.aqar.fm/webp/750x0/props/039287080_1775572178988.jpg | https://images.aqar.fm/webp/750x0/props/039287083_1775572185238.jpg | https://images.aqar.fm/webp/750x0/props/039287085_1775572191549.jpg | https://images.aqar.fm/webp/750x0/props/039287082_1775572196199.jpg,5,سامي عجب مرهب البقمي,مؤسسة العملاق العقاري,1,2026-02-23,2026-08-17,2026-08-17,2198,2026-08-23,True,"2,000,000",False,فيلا
6792891,https://sa.aqar.fm/فلل-للبيع/الرياض/شرق-الرياض/حي-النسيم-الغربي/شارع-الكروم-حي-النسيم-الغربي-مدينة-الرياض-منطقة-الرياض-6792891,"فيلا للبيع في شارع الكروم, حي النسيم الغربي, مدينة الرياض, منطقة الرياض",1800000,625,6,5,2,11,حي النسيم الغربي,الرياض,شرق الرياض,"فيلا للبيع بالنسيم الغربي زاويه

المساحه ٦٢٥

الاطوال ٢٥×٢٥

غرفه سایق

الدور الارضي

۲ مجلس رجال

مقلط

حمام

مطبخ مستودع

غرفه كبار سن مع الحمام

صاله

الدور الثاني

ثلاث غرف نوم كل غرفه فيها

 حمام داخلي

غرفه ماستر تشمل غرفتين وصاله وحمام

يوجد مستودع بالدور الثاني

۱۱:۲۸ م

يوجد حوش كبير بزاويتي الفيلا

١١:٣٢ م //

وصل السوم مليون ٨٠٠",24.739215,46.820889,,,صالح بن عبيد بن عايش العنزي,مكتب ابداع الصحافة للخدمات العقارية,1,2026-07-27,2026-07-27,2026-08-23,140,2026-08-23,True,"1,800,000",False,فيلا
6758194,https://sa.aqar.fm/فلل-للبيع/الرياض/شرق-الرياض/حي-النسيم-الغربي/شارع-الكروم-حي-النسيم-الغربي-مدينة-الرياض-منطقة-الرياض-6758194,"فيلا للبيع في شارع الكروم, حي النسيم الغربي, مدينة الرياض, منطقة الرياض",1800000,625,5,5,3,11,حي النسيم الغربي,الرياض,شرق الرياض,"فيلا للبيع بالنسيم الغربي زاويه

المساحه ٦٢٥

الاطوال ٢٥٢٥

غرفه سايق

الدور الارضي

۲ مجلس رجال

مقلط

حمام

مطبخ مستودع

غرفه كبار سن مع الحمام

صاله

الدور الثاني

ثلاث غرف نوم كل غرفه فيها حمام داخلي غرفه ماستر تشمل غرفتين وصاله وحمام يوجد مستودع بالدور الثاني",24.739215,46.820889,,,فهد سعود محمد الصويلح,مؤسسة فهد سعود محمد الصويلح للعقارات,1,2026-07-03,2026-08-01,2026-08-01,224,2026-08-23,True,"1,800,000",False,فيلا
6712623,https://sa.aqar.fm/فلل-للبيع/الرياض/شرق-الرياض/حي-النسيم-الغربي/شارع-سحام-حي-النسيم-الغربي-مدينة-الرياض-منطقة-الرياض-6712623,"فيلا للبيع في شارع سحام, حي النسيم الغربي, مدينة الرياض, منطقة الرياض",1500000,450,,0,0,11,حي النسيم الغربي,الرياض,شرق الرياض,"فله في حي النسيم الغربي بمساحة 450 متر 
تقع خلف مطعم بيت الشاورما
تبعد تقريبا ً 100 متر عن طريق خريص تقع علئ شارع 10 شرقي 
تتكون من دور وشقتين بعداد واحد ومؤجرة بمبلغ 80 الف تقريبا 
الفله عمقها 22.5 للداخل و20 للخارج",24.743148,46.810518,https://images.aqar.fm/webp/750x0/props/052614331_1780097833812.jpg,1,عبدالله ثويمر,,,2026-05-29,2026-07-27,2026-08-11,2482,2026-08-23,True,"1,500,000",False,فيلا
6618228,https://sa.aqar.fm/فلل-للبيع/الرياض/شرق-الرياض/حي-النسيم-الغربي/شارع-بير-سفيان-حي-النسيم-الغربي-مدينة-الرياض-منطقة-الرياض-6618228,"فيلا للبيع في شارع بير سفيان, حي النسيم الغربي, مدينة الرياض, منطقة الرياض",2200000,625,5,0,0,11,حي النسيم الغربي,الرياض,شرق الرياض,"للبيع فيلا – حي النسيم

للبيع فيلا سكنية في موقع مميز في حي النسيم، مناسبة للسكن العائلي بمساحات جيدة وتصميم عملي.

تفاصيل الفيلا:

الفيلا مكونة من دورين بنفس التصميم لكل دور:

الدور الأرضي:
	•	مجلس
	•	مقلط
	•	صالة
	•	3 غرف نوم
	•	مطبخ
	•	2 دورة مياه

الدور العلوي:
	•	نفس تصميم الدور الأرضي تماماً:
	•	مجلس
	•	مقلط
	•	صالة
	•	3 غرف نوم
	•	مطبخ
	•	2 دورة مياه

المرافق الخارجية:
	•	حوش واسع
	•	مستودعين خارجية في الحوش
	•	دورة مياه مخصصة للغسيل
	•	مشب مستقل مع دورة مياه

مميزات العقار:
	•	موقع مميز في حي النسيم
	•	مناسب للسكن العائلي
	•	تصميم عملي ومساحات جيدة",24.730713,46.810566,https://images.aqar.fm/webp/750x0/props/007300428_1773322478958.jpg | https://images.aqar.fm/webp/750x0/props/007300422_1773322478796.jpg | https://images.aqar.fm/webp/750x0/props/007300423_1773322478789.jpg,3,عبدالرحمن رياض,شركة عنان السحاب العقارية,1,2026-03-08,2026-07-31,2026-08-20,2413,2026-08-23,True,"2,200,000",False,فيلا
6644656,https://sa.aqar.fm/فلل-للبيع/الرياض/شرق-الرياض/حي-النسيم-الغربي/شارع-محمد-الزناتي-حي-النسيم-الغربي-الرياض-منطقة-الرياض-6644656,"فيلا للبيع في شارع محمد الزناتي, حي النسيم الغربي, مدينة الرياض, منطقة الرياض",2050,750,1,1,1,11,حي النسيم الغربي,الرياض,شرق الرياض,"للبيع قطعة ارض كانت مقام عليها فيلا  
سكنيه بحي النسيم  
بمساحة ٧٥٠ م
الاطوال 25 على الشارع في عمق 30 
شارعها  10  
 البيع 2050 ريال للمتر قابل لتفاوض 
أنا المالك   للتواصل 
والمجال مفتوح للمطورين إذا حاب يبنيها",24.725801,46.82856,https://images.aqar.fm/webp/750x0/props/037601681_1775542175575.jpg,1,انور بن نايف بن تركي العنزي,,,2026-04-07,2026-04-07,2026-07-06,2141,2026-08-23,True,"2,050",False,فيلا
6597328,https://sa.aqar.fm/فلل-للبيع/الرياض/شرق-الرياض/حي-النسيم-الغربي/شارع-أبي-بكر-الجلال-حي-النسيم-الغربي-مدينة-الرياض-منطقة-الرياض-6597328,"فيلا للبيع في شارع أبي بكر الجلال, حي النسيم الغربي, مدينة الرياض, منطقة الرياض",2200000,625,,5,2,11,حي النسيم الغربي,الرياض,شرق الرياض,"للبيع فيلا سكنيه بالنسيم الغربي 
المساحه 625 م شارع 10 شرقي حديدة الزاويه
تتكون من دورين مفصولين وملحق ارضي 
 العمر 40 سنه قريبه من طريق خريص 
البيع علي السوووم",24.738343,46.809507,https://images.aqar.fm/webp/750x0/props/002214007_1771525874611.jpg | https://images.aqar.fm/webp/750x0/props/002214009_1771526129678.jpg | https://images.aqar.fm/webp/750x0/props/002214000_1771526129757.jpg | https://images.aqar.fm/webp/750x0/props/002214000_1771526129783.jpg | https://images.aqar.fm/webp/750x0/props/002214001_1771526129806.jpg | https://images.aqar.fm/webp/750x0/props/002214009_1771526129778.jpg | https://images.aqar.fm/webp/750x0/props/002214001_1771526129787.jpg | https://images.aqar.fm/webp/750x0/props/002214008_1771526129862.jpg | https://images.aqar.fm/webp/750x0/props/002214009_1771526129746.jpg,9,فهد عبدالله مسعود الزومان,مؤسسة مكتب فهد عبدالله مسعود الزومان العقاري,1,2026-02-19,2026-08-13,2026-08-13,1532,2026-08-23,True,"2,200,000",False,فيلا
6743689,https://sa.aqar.fm/فلل-للبيع/الرياض/شرق-الرياض/حي-النسيم-الغربي/شارع-أسيد-بن-جارية-الثقفي-حي-النسيم-الغربي-مدينة-الرياض-منطقة-الرياض-6743689,"فيلا للبيع في شارع أسيد بن جارية الثقفي, حي النسيم الغربي, مدينة الرياض, منطقة الرياض",5600000,875,6,,2,11,حي النسيم الغربي,الرياض,شرق الرياض,3333333333333333333333333333333333333333333333333333333333333333333333333333333333333333333,24.711418,46.832747,https://images.aqar.fm/webp/750x0/props/001874758_1782152715447.png,1,خالد العبداللطيف,مؤسسة مكتب ثرواتي للعقارات,1,2026-06-22,2026-08-20,2026-08-22,478,2026-08-23,True,"5,600,000",False,فيلا
6432679,https://sa.aqar.fm/فلل-للبيع/الرياض/شرق-الرياض/حي-النسيم-الغربي/شارع-الغريسة-حي-النسيم-الغربي-مدينة-الرياض-منطقة-الرياض-6432679,"فيلا للبيع في شارع الغريسة, حي النسيم الغربي, مدينة الرياض, منطقة الرياض",2000000,750,,5,1,11,حي النسيم الغربي,الرياض,شرق الرياض,فيلا للبيع مكون من دور ارضي مع شقتين الدور الأرضي مكون من مجلس مقلط صاله ثلاث غرف نوم الشقتين كل شقه مكونه من ثلاث غرف وصاله البيت مرهون 900 الف البيع كاش العمر ٣٠ سنه.           السعر شامل البنك,24.724662,46.838268,https://images.aqar.fm/webp/750x0/props/009228413_1760983074678.jpg | https://images.aqar.fm/webp/750x0/props/009228410_1760983074594.jpg | https://images.aqar.fm/webp/750x0/props/009228415_1760983075202.jpg | https://images.aqar.fm/webp/750x0/props/009228412_1760983075911.jpg | https://images.aqar.fm/webp/750x0/props/009228418_1760983074321.jpg | https://images.aqar.fm/webp/750x0/props/009228411_1760983074395.jpg | https://images.aqar.fm/webp/750x0/props/009228416_1760983074401.jpg | https://images.aqar.fm/webp/750x0/props/009228414_1760983074484.jpg | https://images.aqar.fm/webp/750x0/props/009228411_1760983074798.jpg | https://images.aqar.fm/webp/750x0/props/009228418_1760983074909.jpg | https://images.aqar.fm/webp/750x0/props/009228419_1760983075204.jpg | https://images.aqar.fm/webp/750x0/props/009228415_1760983075304.jpg | https://images.aqar.fm/webp/750x0/props/009228416_1760983075526.jpg | https://images.aqar.fm/webp/750x0/props/009228418_1760983075590.jpg | https://images.aqar.fm/webp/750x0/props/009228418_1760983075784.jpg,15,شباب بركان بركه المطيري,مكتب درة البركات للعقارات,1,2025-10-20,2025-10-20,2026-08-23,3888,2026-08-23,True,"2,000,000",False,فيلا
6834164,https://sa.aqar.fm/فلل-للبيع/الرياض/شرق-الرياض/حي-النسيم-الغربي/شارع-ابن-الشيرازي-حي-النسيم-الغربي-مدينة-الرياض-منطقة-الرياض-6834164,"فيلا للبيع في شارع ابن الشيرازي, حي النسيم الغربي, مدينة الرياض, منطقة الرياض",1300000,500,,0,0,11,حي النسيم الغربي,الرياض,شرق الرياض,"للبيع فيلا قديمه شارعين زاويه  بحي النسيم الغربي قريبه من طريق خريص 
المطلوب مليون و 300 الف نهائي",24.742481,46.810035,https://images.aqar.fm/webp/750x0/props/010060011_1787317271120.jpg,1,منصور رده,مؤسسة صرح العالم للتطوير العقاري,1,2026-08-21,2026-08-21,2026-08-21,153,2026-08-23,True,"1,300,000",False,فيلا
6432833,https://sa.aqar.fm/فلل-للبيع/الرياض/شرق-الرياض/حي-النسيم-الغربي/شارع-عبدالله-بن-جلال-حي-النسيم-الغربي-مدينة-الرياض-منطقة-الرياض-6432833,"فيلا للبيع في شارع عبدالله بن جلال, حي النسيم الغربي, مدينة الرياض, منطقة الرياض",1800000,375,,,,11,حي النسيم الغربي,الرياض,شرق الرياض,"فيلا للبيع مساحة 375 م2

فيلا للبيع حي النسيم الغربي جهة خريص على عبد الرحمن بن عوف 
مساحة 375 متر تتكون من دور + دور + وشقة الفيلا بمسطح بناء عالي 
وفي موقع مميز وقريب من جميع الخدمات ومنها محطة مترو السلام وخريص
وتتوسط حي المنار وحي النسيم الغربي الفيلا حديدة الزاوية 
ومقابل مسجد عمار بن ياسر وتصميمها على مستوى عالي يجمع بين 
المساحات الكبيره للغرف وتصميم واجهة كلاسيكي الفيلا بناء شخصي 
وتقبل بنك غير مدعوم 
للتواصل أكثر قسم المبيعات 
((رقم المعلن يظهر عند التواصل))
((رقم المعلن يظهر عند التواصل))",24.726706,46.81096,https://images.aqar.fm/webp/750x0/props/039287080_1760988106400.jpg,1,سامي عجب مرهب البقمي,مؤسسة العملاق العقاري,1,2025-10-20,2025-10-20,2026-07-21,4118,2026-08-23,True,"1,800,000",False,فيلا
6726395,https://sa.aqar.fm/فلل-للبيع/الرياض/شرق-الرياض/حي-النسيم-الغربي/شارع-المثناة-حي-النسيم-الغربي-مدينة-الرياض-منطقة-الرياض-6726395,"فيلا للبيع في شارع المثناة, حي النسيم الغربي, مدينة الرياض, منطقة الرياض",1050000,312,5,5,2,11,حي النسيم الغربي,الرياض,شرق الرياض,"فررررررصة لا تعوض فيلة للبيع الرياض بحي النسيم الغربي مساحة 312 متر شارع 10

صك حر اكتروني 

دورين مفصول مؤجره كامله اجار قديم ب 45 الف اذا لك خبره في المجال تقدر تطورها وترفع الايجارات ممكن توصل لين 100 الف بسنه 

البيع كاش فقط 900 الف من الاخر 

للمعاينة لازم موعد والرجاء لايكلمني شخص غير جاد وكاش

السعر مليون 50 قاتل للتفاوض",24.731189,46.812734,https://images.aqar.fm/webp/750x0/props/040987457_1784813605400.jpg,1,فهد سعود محمد الصويلح,مؤسسة فهد سعود محمد الصويلح للعقارات,1,2026-06-09,2026-08-07,2026-08-22,1872,2026-08-23,True,"1,050,000",False,فيلا
6750228,https://sa.aqar.fm/فلل-للبيع/الرياض/شرق-الرياض/حي-النسيم-الغربي/شارع-الكروم-حي-النسيم-الغربي-مدينة-الرياض-منطقة-الرياض-6750228,"فيلا للبيع في شارع الكروم, حي النسيم الغربي, مدينة الرياض, منطقة الرياض",1838000,625,,1,0,11,حي النسيم الغربي,الرياض,شرق الرياض,"فيلا للبيع بالنسيم الغربي زاويه

المساحه ٦٢٥

الاطوال ٢٥×٢٥
عمر العقار 36
مرممه بالكامل من الداخل
غرفه سايق
شارع ١٠
الدور الارضي

۲ مجلس رجال

مقلط

حمام

مطبخ مستودع

غرفه كبار سن مع الحمام

صاله

الدور الثاني

ثلاث غرف نوم كل غرفه فيها حمام داخلي

غرفه ماستر تشمل غرفتين وصاله وحمام

يوجد مستودع بالدور الثاني
البيع مليون 800",24.739215,46.820889,https://images.aqar.fm/webp/750x0/props/037593064_1782596105431.jpg,1,جواهر ال سعيد,مكتب ريحانة نجد للعقارات,1,2026-06-27,2026-06-27,2026-08-23,531,2026-08-23,True,"1,838,000",False,فيلا
6738746,https://sa.aqar.fm/فلل-للبيع/الرياض/شرق-الرياض/حي-النسيم-الغربي/شارع-الكروم-حي-النسيم-الغربي-مدينة-الرياض-منطقة-الرياض-6738746,"فيلا للبيع في شارع الكروم, حي النسيم الغربي, مدينة الرياض, منطقة الرياض",1750000,625,6,,,11,حي النسيم الغربي,الرياض,شرق الرياض,"https://maps.app.goo.gl/HkT3CgSHc88YGgxC9

للبيــــــع فيلا حي النسيم الغربي 
المساحة ٦٢٥م زاوية 
الواجهة جنوبية غربيه 
عباره عن 
الدور الارضي مجلس رجال ٢ ومقلط  ومطبخ مع مستودع وغرفه كبار سن مع حمام
الدور الثاني ثلاث غرف نوم كل غرفه تشمل حمام 
 قسم ماستر غرفتين  وصاله  حمام 
مساحة حوش ٣٠٠ متر
حد البيع ٢ مليون 
مباشر مع المالك",24.739215,46.820889,https://images.aqar.fm/webp/750x0/props/035887645_1781820884054.jpg,1,صالح بن عبيد بن عايش العنزي,مكتب ابداع الصحافة للخدمات العقارية,1,2026-06-18,2026-08-16,2026-08-21,698,2026-08-23,True,"1,750,000",False,فيلا
6492902,https://sa.aqar.fm/فلل-للبيع/الرياض/شرق-الرياض/حي-النسيم-الغربي/شارع-عبدالله-الكوفي-حي-النسيم-الغربي-مدينة-الرياض-منطقة-الرياض-6492902,"فيلا للبيع في شارع عبدالله الكوفي, حي النسيم الغربي, مدينة الرياض, منطقة الرياض",1100000,312,4,2,1,11,حي النسيم الغربي,الرياض,شرق الرياض,"فيلا للبيع 
المساحة : 312.5
شارع : 20 
الواجهه : شمالية 
تتكون من : ثلاثة ادوار 
دور ارضي - دور علوي - شقة مع السطح 
عدد 3 عداد كهرباء 
تتميز بموقع ممتاز ومرفق ومستوصف وقرب المدارس والخدمات 
يتوفر صك الالكتروني ورخصة بناء 
مؤجره بالكامل بعقود الكترونيه بمبلغ 90,000 الف

البيع 1,100,000

لتواصل / ((رقم المعلن يظهر عند التواصل))

رقم رخصة فال لتسويق والوساطة  /  1200015726",24.716995,46.841002,https://images.aqar.fm/webp/750x0/props/005064270_1764846808117.jpg,1,عبدالله بن محمد بن عايد العنزي,مكتب زوايا وحدود للعقارات,1,2025-12-04,2025-12-04,2026-08-23,2108,2026-08-23,True,"1,100,000",False,فيلا
6725011,https://sa.aqar.fm/فلل-للبيع/الرياض/شرق-الرياض/حي-النسيم-الغربي/شارع-عباس-مالكي-حي-النسيم-الغربي-الرياض-منطقة-الرياض-6725011,فيلا للبيع في شارع عباس مالكي ، حي النسيم الغربي ، الرياض ، منطقة الرياض,180000,437,2,2,1,30,حي النسيم الغربي,الرياض,شرق الرياض,فله للبيع قريبه من طريق خريص ومن محطات المترو دور دور ثاني مقسوم شقتين ملحق بالسطح مرممه ترميم كامل والملحق جديد,24.739178,46.825969,https://images.aqar.fm/webp/750x0/props/020274541_1780959141144.jpg | https://images.aqar.fm/webp/750x0/props/020274544_1780959141145.jpg | https://images.aqar.fm/webp/750x0/props/020274543_1780959141151.jpg | https://images.aqar.fm/webp/750x0/props/020274543_1780959141148.jpg | https://images.aqar.fm/webp/750x0/props/020274540_1780959141154.jpg | https://images.aqar.fm/webp/750x0/props/020274543_1780959141156.jpg | https://images.aqar.fm/webp/750x0/props/020274545_1780959141354.jpg | https://images.aqar.fm/webp/750x0/props/020274543_1780959141357.jpg | https://images.aqar.fm/webp/750x0/props/020274545_1780959141349.jpg | https://images.aqar.fm/webp/750x0/props/020274542_1780959141164.jpg | https://images.aqar.fm/webp/750x0/props/020274546_1780959141351.jpg,11,منير البقمي,,,2026-06-08,,2026-06-08,117,2026-08-23,False,طلب تسويق,False,فيلا
6778316,https://sa.aqar.fm/فلل-للبيع/الرياض/شرق-الرياض/حي-النسيم-الغربي/شارع-أسفل-الباطن-حي-النسيم-الغربي-الرياض-منطقة-الرياض-6778316,فيلا للبيع في شارع أسفل الباطن ، حي النسيم الغربي ، الرياض ، منطقة الرياض,2740000,613,7,5,4,36,حي النسيم الغربي,الرياض,شرق الرياض,فيلا على شارعين وميدان يحدها منزل واحد فقط من جهة الغرب. عرض الشارع الشمالي ٢٠ م والشرقي ١٠م ويحد جنوب الفيلا ميدان (ارض حكومية لن تبنى). يمكن الشراء للتملك او لتحويلها الى عدة فلل للاستثمار,24.710075,46.829216,,,عبدالاله عبدالرحمن موسي عسيري,,,2026-07-17,,2026-07-17,83,2026-08-23,False,طلب تسويق,False,فيلا
6813373,https://sa.aqar.fm/فلل-للبيع/الرياض/شرق-الرياض/حي-النسيم-الغربي/شارع-عبدالغني-الحجار-حي-النسيم-الغربي-مدينة-الرياض-منطقة-الرياض-6813373,"فيلا للبيع في شارع عبدالغني الحجار, حي النسيم الغربي, مدينة الرياض, منطقة الرياض",980000,312,5,3,1,11,حي النسيم الغربي,الرياض,شرق الرياض,"للبيع فيلا شرق الرياض
الموقع حي النسيم الغربي
المساحة .312.5 م - العمر 40 
دور + شقتين + سطح فيه غرف 
شارع 10م غربي بجوار الزاوية
الدور الأرضي :
حوش كبير ومشب
غرفتين وصالة مجلس ومقلط 
ومطبخ  + 3 دورات مياه
الدور الاول : 
مجلس ومقلط 
غرفتين وصاله ومطبخ دورتين مياه
الدور الثاني : سطح فيه غرف
عليه رهن 90 الف صندوق التنمية
السعر ( 980 الف ) شامل الرهن
مباشر من المالك
🔹 مكتب صالح للعقارت🔹
للتواصل / ((الرقم يظهر عند الضغط على اتصال))",24.737363,46.822266,https://images.aqar.fm/webp/750x0/props/044634695_1786300683801.jpg,1,صالح العنزي,مؤسسة صالح مرفوع العنزي التجارية,1,2026-08-09,2026-08-09,2026-08-16,955,2026-08-23,True,"980,000",False,فيلا
6820476,https://sa.aqar.fm/فلل-للبيع/الرياض/شرق-الرياض/حي-النسيم-الغربي/شارع-جنادة-بن-تميم-حي-النسيم-الغربي-مدينة-الرياض-منطقة-الرياض-6820476,"فيلا للبيع في شارع جنادة بن تميم, حي النسيم الغربي, مدينة الرياض, منطقة الرياض",1300000,450,,,,11,حي النسيم الغربي,الرياض,شرق الرياض,"للبيع فيلا سكنية المساحه ٤٥٠ متر 
شارع ١٥ شمالي 
دورين مفصولة 
الأطول ٢٠ والعمق ٢٢.٥ 
علي السوم",24.73816,46.816953,,,حامد عبدالله حماد بن خشمان,مؤسسة أيجار و تملك العقارية,1,2026-08-13,2026-08-13,2026-08-23,252,2026-08-23,True,"1,300,000",False,فيلا
6735063,https://sa.aqar.fm/فلل-للبيع/الرياض/شرق-الرياض/حي-النسيم-الغربي/شارع-اسامة-بن-زيد-حي-النسيم-الغربي-مدينة-الرياض-منطقة-الرياض-6735063,"فيلا للبيع في شارع اسامة بن زيد, حي النسيم الغربي, مدينة الرياض, منطقة الرياض",2000000,750,7,0,0,11,حي النسيم الغربي,الرياض,شرق الرياض,"فيلا بالنسيم الغربي نهاية شارع أسامة بن زيد من جهة شارع الميه

الفلة عمرها ٢٧ سنة بناؤها طيب وصالحة جدا للسكن

🔺شارع ١٠ شرقي
🔺 قريبة من المية وأسامة بن زيد وقريبة من منافذ الشوارع الرئيسية

📍 مكونة من دور وشقتين
📍الدور عبارة عن حوش كبير وغرفة نساء خارجية مع دور مياه
مجلس +مقلط+صالة+ غرفة نساء+ ٣ غرف نوم+ غرفة شغالة بمنافعها
كذلك الحرش جدا واسع وممكن بناء مشب كبير بمنافعه فيه

📍الشقق كل شقة ٣ غرف وصالة ومطبخ ودورتين مياه
👌 مؤجرة كل شقة ٣٠ الف سنوي
👌 السطح كبير جدا وممكن بناء شقتين فيه او دور كامل

⭕️ الدور الأرضي فاضي ومتاح للمعاينة للصامل

🔺 الببيع ٢ مليون وقابل للتفاوض للجاد 

للمفاهمة ابويزيد / ((الرقم يظهر عند الضغط على اتصال))",24.712753,46.839005,https://images.aqar.fm/webp/750x0/props/029804275_1781615448429.jpg | https://images.aqar.fm/webp/750x0/props/029804270_1781615448418.jpg | https://images.aqar.fm/webp/750x0/props/029804279_1781615448457.jpg | https://images.aqar.fm/webp/750x0/props/029804270_1781615448705.jpg | https://images.aqar.fm/webp/750x0/props/029804270_1781615448463.jpg | https://images.aqar.fm/webp/750x0/props/029804278_1781615448422.jpg | https://images.aqar.fm/webp/750x0/props/029804278_1781615448466.jpg | https://images.aqar.fm/webp/750x0/props/029804277_1781615448463.jpg | https://images.aqar.fm/webp/750x0/props/029804270_1781615493083.jpg | https://images.aqar.fm/webp/750x0/props/029804278_1781615493083.jpg | https://images.aqar.fm/webp/750x0/props/029804273_1781615493091.jpg | https://images.aqar.fm/webp/750x0/props/029804277_1781615493227.jpg | https://images.aqar.fm/webp/750x0/props/029804271_1781615493131.jpg | https://images.aqar.fm/webp/750x0/props/029804276_1781615493118.jpg,14,عبيد سعيد مطير الشمري,مكتب قشاعم للخدمات العقارية,1,2026-06-16,2026-08-13,2026-08-13,638,2026-08-23,True,"2,000,000",False,فيلا
6571347,https://sa.aqar.fm/فلل-للبيع/الرياض/شرق-الرياض/حي-النسيم-الغربي/شارع-ثابت-بن-مري-حي-النسيم-الغربي-مدينة-الرياض-منطقة-الرياض-6571347,"فيلا للبيع في شارع ثابت بن مري, حي النسيم الغربي, مدينة الرياض, منطقة الرياض",1620000,250,6,6,3,0,حي النسيم الغربي,الرياض,شرق الرياض,"حي النسيم الغربي على خريص مباشرة 
فيلا للبيع درج داخلي كامل جديدة 
مساحة 250 شارع 20 جنوبي حديدة الزاوية 
تتميز بتصميم راقي وحديث يجمع بين الفخامه 
وتصميم الغرف بشراحة مما تناسب الجميع ويوجد بها 
حوش مدخل سيارة وملحق خارجي ومجلس تخدمة مغاسل ودورة مياة  ومقلط وصالة بمدخل 
جانبي ودورة مياة ومغاسل تخدم الصالة ومطبخ يحتوي على غرفة غسيل وغرفة عاملة بدورة مياة
درج صالة للدور الثاني يحتوي على اربع غرف نوم كبيرة وشرحة وغرفة رئيسية كبيرة جدا 
والسطح فيه غرفة بدورة مياة وسطح كبير 
.................
موقعها مميز جدا وفي حي هادي وقريب المسجد وجميع الخدمات 
لتفاصيل أكثر التواصل مع قسم المبيعات 
((رقم المعلن يظهر عند التواصل))
((رقم المعلن يظهر عند التواصل))",24.741128,46.813006,https://images.aqar.fm/webp/750x0/props/039287089_1769964054578.jpg,1,سامي عجب مرهب البقمي,مؤسسة العملاق العقاري,1,2026-02-01,2026-07-26,2026-07-28,3217,2026-08-23,True,"1,620,000",False,فيلا
6805252,https://sa.aqar.fm/فلل-للبيع/الرياض/شرق-الرياض/حي-النسيم-الغربي/شارع-عبدالعزيز-الرضي-حي-النسيم-الغربي-مدينة-الرياض-منطقة-الرياض-6805252,"فيلا للبيع في شارع عبدالعزيز الرضي, حي النسيم الغربي, مدينة الرياض, منطقة الرياض",950000,312,5,0,0,11,حي النسيم الغربي,الرياض,شرق الرياض,"للبيع 
فلة في حي النسيم الغربي 
مساحة العقار : ٣١٢.٥
عمر العقار : اكثر من ٤٠ سنه 
عمق ٢٥ عرض ١٢.٥
موقع مميز تبعد عن محطة مترو السلام ٢٠٠ متر 
على السوم",24.72173,46.813917,https://images.aqar.fm/webp/750x0/props/041987676_1785834830298.jpg | https://images.aqar.fm/webp/750x0/props/041987674_1785834830302.jpg,2,عبدالله سعود عبدالرحمن العبيد,,,2026-08-04,2026-08-04,2026-08-23,880,2026-08-23,True,"950,000",False,فيلا
6767502,https://sa.aqar.fm/فلل-للبيع/الرياض/شرق-الرياض/حي-النسيم-الغربي/شارع-أبي-إسحاق-المقدسي-حي-النسيم-الغربي-مدينة-الرياض-منطقة-الرياض-6767502,"فيلا للبيع في شارع أبي إسحاق المقدسي, حي النسيم الغربي, مدينة الرياض, منطقة الرياض",2400000,750,6,3,2,11,حي النسيم الغربي,الرياض,شرق الرياض,"🔻للبيع فيلا في شرق الرياض🔻
الموقع في حي النسيم الغربي 
المساحة 750 متر على شارعين
شارع 10 شرقي و 10 غربي 
دور + ثلاث شقق - العمر 15 سنة
بقرب طريق خريص واحمد بن حنبل
بقرب سوق حجاب وكافة الخدمات
الدور الارضي :
حوش امامي وجانبي وخلفي 
ملحق خارجي ومجلس ومقلط 
 ثلاث غرف نوم وصاله ضيافه 
وصاله طعام ومطبخ 
وثلاث دورات مياه
 ثلاث شقق تتكون من : 
شقه : اربع غرف وصاله ومطبخ
شقتين : غرفتين وصاله ومطبخ
رهن صندوق التنمية (500 الف)
المطلوب ( 2 مليون و400 الف)
سعر البيع شامل الرهن
العرض للمشتري نعتذر للوسطاء
مباشر من الوكيل
🔹مكتب صالح للعقارات🔹
 للتواصل / ((الرقم يظهر عند الضغط على اتصال))",24.727467,46.81633,https://images.aqar.fm/webp/750x0/props/044634695_1783634224342.jpg | https://images.aqar.fm/webp/750x0/props/044634694_1783634231624.jpg,2,صالح العنزي,مؤسسة صالح مرفوع العنزي التجارية,1,2026-07-09,2026-07-09,2026-08-09,416,2026-08-23,True,"2,400,000",False,فيلا
6765841,https://sa.aqar.fm/فلل-للبيع/الرياض/شرق-الرياض/حي-النسيم-الغربي/شارع-دريد-بن-حرملة-حي-النسيم-الغربي-مدينة-الرياض-منطقة-الرياض-6765841,"فيلا للبيع في شارع دريد بن حرملة, حي النسيم الغربي, مدينة الرياض, منطقة الرياض",3000000,812,,4,2,11,حي النسيم الغربي,الرياض,شرق الرياض,"فلة للبيـع منوة الساكن بحي النسيم الغربي موقع ممتاز 

الفلة تقع بين شارع عبدالله بن مسعود وعبدالرحمن بن عوف باتجاه طريق خريص 

عبارة عن دور وثلاث شقق + ثلاث عدادات كهرباء

المساحة 812م 
شارع 10 شرقي حديدة الزاوية 

عمر العقار 15 سنة تقريبا 
الاطوال 25 في 32.5

الدور الارضي مكون من 
مجلس - مقلط - صالة - مجلس نساء - اربع غرف نوم اثنتان منها ماستر - غرفة خادمة - مطبخ - دورتين مياة 

المجالس مساحاتها واسعة جدا تبارك الله وحوش واسع وشرح 

كل شقة بالفلة مكونه من اربع غرف وصالة ومطبخ ودورتين مياة 

للتواصل والاستفسار 
((الرقم يظهر عند الضغط على اتصال))
((الرقم يظهر عند الضغط على اتصال))",24.736272,46.805868,https://images.aqar.fm/webp/750x0/props/000142656_1783535436410.jpg | https://images.aqar.fm/webp/750x0/props/000142653_1783535436412.jpg | https://images.aqar.fm/webp/750x0/props/000142651_1783535436415.jpg | https://images.aqar.fm/webp/750x0/props/000142658_1783535445892.jpg | https://images.aqar.fm/webp/750x0/props/000142659_1783535436441.jpg | https://images.aqar.fm/webp/750x0/props/000142659_1783535436441.jpg | https://images.aqar.fm/webp/750x0/props/000142650_1783535436448.jpg | https://images.aqar.fm/webp/750x0/props/000142656_1783535436412.jpg | https://images.aqar.fm/webp/750x0/props/000142651_1783535436442.jpg | https://images.aqar.fm/webp/750x0/props/000142655_1783535436447.jpg | https://images.aqar.fm/webp/750x0/props/000142650_1783535436411.jpg | https://images.aqar.fm/webp/750x0/props/000142655_1783535445890.jpg | https://images.aqar.fm/webp/750x0/props/000142659_1783535445891.jpg | https://images.aqar.fm/webp/750x0/props/000142650_1783535445904.jpg | https://images.aqar.fm/webp/750x0/props/000142659_1783535445911.jpg,15,صالح ناهض هملان البقمي,مؤسسة مكتب قطب الشمال للخدمات العقارية,1,2026-07-08,2026-08-07,2026-08-07,495,2026-08-23,True,"3,000,000",False,فيلا
6745629,https://sa.aqar.fm/فلل-للبيع/الرياض/شرق-الرياض/حي-النسيم-الغربي/شارع-وادي-طواء-حي-النسيم-الغربي-مدينة-الرياض-منطقة-الرياض-6745629,"فيلا للبيع في شارع وادي طواء, حي النسيم الغربي, مدينة الرياض, منطقة الرياض",2300000,400,,1,0,11,حي النسيم الغربي,الرياض,شرق الرياض,"🏡 فلة دخل جاهزة — النسيم الغربي | 7 وحدات مؤجّرة بالكامل
عائد إجمالي 9.8٪ سنوياً 💰
عقار يشتغل من أول يوم: 226 ألف ريال دخل سنوي بعقود إلكترونية موثّقة، ومستأجرين قائمين. تستلم المفتاح والدخل في نفس اليوم — بلا انتظار، بلا تأجير من الصفر.
📍 الموقع: النسيم الغربي، شارع 10 — على بُعد دقائق من طريق خريص وشارع أسامة بن زيد.
📐 المساحة: 400 م² | 🅿️ 6 مواقف داخل حدود الملكية، موقف لكل وحدة.
✅ مرمّمة بالكامل ترميم مودرن • مكيفات سبليت جديدة • مطابخ جودة عالية ممتدة للسقف.
جدول الدخل (7 وحدات):
| الوحدة | الإيجار السنوي |
|---|---|
| الدور الأرضي (وحدة كبيرة، مدخلين خاصين) | 62,000 |
| شقة أرضي | 25,000 |
| شقة أول | 37,000 |
| شقة أول | 33,000 |
| شقة ثاني | 29,000 |
| شقة ثاني | 28,500 |
| غرفة سائق مستقلة | 12,000 |
| الإجمالي | 226,500 |
➕ سطح ~80 م² يخدم جميع الوحدات.
💵 السعر: 2,300,000 ريال
📈 العائد الإجمالي ≈ 9.8٪ — رقم نادر في سوق الرياض اليوم.
📲 للجادّين فقط — الوحدة وحدة وما تتكرر",24.743592,46.812953,https://images.aqar.fm/webp/750x0/props/037738466_1782253462601.jpg | https://images.aqar.fm/webp/750x0/props/037738461_1782253462784.jpg | https://images.aqar.fm/webp/750x0/props/037738462_1783421810096.jpg | https://images.aqar.fm/webp/750x0/props/037738465_1783421810092.jpg | https://images.aqar.fm/webp/750x0/props/037738461_1783421810133.jpg | https://images.aqar.fm/webp/750x0/props/037738462_1783421810091.jpg | https://images.aqar.fm/webp/750x0/props/037738466_1783421810095.jpg | https://images.aqar.fm/webp/750x0/props/037738460_1783421810274.jpg | https://images.aqar.fm/webp/750x0/props/037738463_1783421810333.jpg | https://images.aqar.fm/webp/750x0/props/037738460_1783421810273.jpg | https://images.aqar.fm/webp/750x0/props/037738463_1783421810329.jpg,11,نزار حجيلان بن حمد السابح,,,2026-06-23,2026-08-21,2026-08-21,375,2026-08-23,True,"2,300,000",False,فيلا
6805747,https://sa.aqar.fm/فلل-للبيع/الرياض/شرق-الرياض/حي-النسيم-الغربي/شارع-علي-بن-أحمد-البلوي-حي-النسيم-الغربي-مدينة-الرياض-منطقة-الرياض-6805747,"فيلا للبيع في شارع علي بن أحمد البلوي, حي النسيم الغربي, مدينة الرياض, منطقة الرياض",1550000,312,5,0,0,0,حي النسيم الغربي,الرياض,شرق الرياض,"فلة للبيع بحي النسيم الغربي 📍 
قريب الخدمات والمدارس ومترو النسيم 🚉
🔸مكونة من دور ارضي ودور علوي وشقة🔸
عدادت كهرباء لكل وحدة سكنية⚡️
✅مع امكانية فرزها كل دور بصك مستقل ✅

المساحه 312.5 م 
الواجهه شرقيه
الشارع / 10

مكونات الدور الارضي/ مجلس رجال + 3 غرف نوم واحده ماستر + مدخل سيارة  + مقلط + صاله + مطبخ + 3 مياه 
مكونات الدور الاول/ مدخلين + 3 غرف نوم واحده ماستر + مقلط + صاله + مطبخ + 3 مياه 
مكونات الشقة / مجلس + غرفتين نوم +صالة مطبخ 
دورتين مياة
 ✨ مميزات العقار:
✔️ موقع مميز وقريب من الخدمات والمدارس 
✔️ أبواب WPC عالية الجودة: 12سنة
✔️ عزل مائي حراري بضمان: 10سنوات
✔️ ضمان الكهرباء 25 سنة
✔️ ضمان السباكة 15 سنة
✔️ ضمان باب الكراج :2سنة 
✔️ تأمين التعـاونية :10 سنوات 
✔️ الاطقم الصحية والانارة :3 سنوات 
✔️ مناسب للسكن أو الاستثمار
للتواصل :☎️ ((الرقم يظهر عند الضغط على اتصال))",24.715117,46.832196,https://images.aqar.fm/webp/750x0/props/032005778_1786475506838.jpg | https://images.aqar.fm/webp/750x0/props/032005776_1786475513404.jpg | https://images.aqar.fm/webp/750x0/props/032005774_1786475520562.jpg | https://images.aqar.fm/webp/750x0/props/032005773_1786475533537.jpg | https://images.aqar.fm/webp/750x0/props/032005774_1786475548975.jpg | https://images.aqar.fm/webp/750x0/props/032005778_1786475548975.jpg | https://images.aqar.fm/webp/750x0/props/032005777_1786475573541.jpg | https://images.aqar.fm/webp/750x0/props/032005777_1786475604519.jpg | https://images.aqar.fm/webp/750x0/props/032005771_1786475604583.jpg | https://images.aqar.fm/webp/750x0/props/032005774_1786475604574.jpg | https://images.aqar.fm/webp/750x0/props/032005772_1786475604599.jpg | https://images.aqar.fm/webp/750x0/props/032005779_1786475604528.jpg | https://images.aqar.fm/webp/750x0/props/032005773_1786475604530.jpg | https://images.aqar.fm/webp/750x0/props/032005775_1786475604599.jpg | https://images.aqar.fm/webp/750x0/props/032005774_1786475604565.jpg,15,مناحي البقمي,,,2026-08-04,2026-08-04,2026-08-22,453,2026-08-23,True,"1,550,000",False,فيلا
6743567,https://sa.aqar.fm/فلل-للبيع/الرياض/شرق-الرياض/حي-النسيم-الغربي/شارع-أبي-الأسباط-حي-النسيم-الغربي-مدينة-الرياض-منطقة-الرياض-6743567,"فيلا للبيع في شارع أبي الأسباط, حي النسيم الغربي, مدينة الرياض, منطقة الرياض",1700000,875,7,0,0,11,حي النسيم الغربي,الرياض,شرق الرياض,"للبيع فيلا مساحه 875 في حي النسيم الغربي 
مكون من : ملحق رجال و ملحق نساء 
مجلس ، مقلط ، مطبخ كبير ، مستودع للمطبخ ، مجلس نساء ، مقلط نساء 
صاله واسعه 
الدور الثاني : غرفه ماستر كبيره ، 
غرفتين نوم حمام مشترك 
كذالك شقه منفصله 
غرفه خادمه في السطح و غرفه غسيل 
يوجد اسطوانه مركزيه و يوجد كذالك سخات مركزي 

اللبيع على السوم",24.724677,46.811138,https://images.aqar.fm/webp/750x0/props/016803390_1782148019795.jpg | https://images.aqar.fm/webp/750x0/props/016803397_1782148019725.jpg | https://images.aqar.fm/webp/750x0/props/016803398_1782148019742.jpg | https://images.aqar.fm/webp/750x0/props/016803394_1782148019787.jpg | https://images.aqar.fm/webp/750x0/props/016803391_1782148019733.jpg | https://images.aqar.fm/webp/750x0/props/016803391_1782148019731.jpg,6,عبدالله عبدالعزيز,شركة الطخيم العالمية,1,2026-06-22,2026-08-20,2026-08-20,2846,2026-08-23,True,"1,700,000",False,فيلا
6745995,https://sa.aqar.fm/فلل-للبيع/الرياض/شرق-الرياض/حي-النسيم-الغربي/شارع-الكروم-حي-النسيم-الغربي-مدينة-الرياض-منطقة-الرياض-6745995,"فيلا للبيع في شارع الكروم, حي النسيم الغربي, مدينة الرياض, منطقة الرياض",1800000,625,,4,4,11,حي النسيم الغربي,الرياض,شرق الرياض,"البيع فيلا ثلاث ادوار
وشقه 
مرمم ترميم كامل
المساحه 390 م 
شارع 20م

قسم نساء
 صالتين مفتوحات
 وغرفتين داخليات
 وحمام
 ومستودع
 وغرفة عامله

يختلف بس دور الاول
مقلط 
مجلس خارجي
 ثلاث غرف 
حمامين 
غرفة عاملة
 مستود وصالتين 
 مطبخ مع مستودع

دور ثاني غرفتين
 صاله حمام مطبخ 
وشقه الي جنبها ناقص غرفه والي فوق شقه كبيره ويقدر يعمر شقه ثانيه جنبها
البيع 2مليون 150
اذا صامل مانختلف",24.739215,46.820889,https://images.aqar.fm/webp/750x0/props/046714075_1784206096812.jpg,1,جواهر ال سعيد,مكتب ريحانة نجد للعقارات,1,2026-06-24,2026-06-24,2026-08-18,627,2026-08-23,True,"1,800,000",False,فيلا
6812817,https://sa.aqar.fm/فلل-للبيع/الرياض/شرق-الرياض/حي-النسيم-الغربي/شارع-عبدالله-الكوفي-حي-النسيم-الغربي-مدينة-الرياض-منطقة-الرياض-6812817,"فيلا للبيع في شارع عبدالله الكوفي, حي النسيم الغربي, مدينة الرياض, منطقة الرياض",1100000,312,,1,0,11,حي النسيم الغربي,الرياض,شرق الرياض,"فرصه فرصه الرجال مستعجل علي البيع 
للبيع فيلا بقيمة ارض حي النسيم مساحه  400
عمرها فوق 30 سنه 
شارع 20 شماليه
دورين وملحق
3 عدادات كهرباء 
مؤجر تقريبا 90 الف
عليها رخصة بناء 
الفيلا حره ما عليها بنك
الإفراغ خلال الأسبوع هذا 
البيع مليون إن شاءلله",24.716989,46.841103,https://images.aqar.fm/webp/750x0/props/037216395_1787013417704.jpg,1,صالح بن عبيد بن عايش العنزي,مكتب ابداع الصحافة للخدمات العقارية,1,2026-08-09,2026-08-09,2026-08-22,498,2026-08-23,True,"1,100,000",False,فيلا
6819057,https://sa.aqar.fm/فلل-للبيع/الرياض/شرق-الرياض/حي-النسيم-الغربي/شارع-عبدالله-العبدالقادر-حي-النسيم-الغربي-مدينة-الرياض-منطقة-الرياض-6819057,"فيلا للبيع في شارع عبدالله العبدالقادر, حي النسيم الغربي, مدينة الرياض, منطقة الرياض",1000000,312,5,,,11,حي النسيم الغربي,الرياض,شرق الرياض,"لـلبيع فيلا بحي النسيم الغربي 

شارع عبدالله بن مسعود قريب من طريق احمد بن حنبل 

موقع قريب من جميع الخدمات 

مساحة الفيلا 312.5 م 
شارع عرض 10 
واجهة غربية 

نظام البناء دورين مفصولة 

السعر قابـل للتفاوض للصامل 

للتواصل والاستفسار 
((الرقم يظهر عند الضغط على اتصال))
((الرقم يظهر عند الضغط على اتصال))",24.724242,46.817798,https://images.aqar.fm/webp/750x0/props/000142655_1786556635749.jpg,1,صالح ناهض هملان البقمي,مؤسسة مكتب قطب الشمال للخدمات العقارية,1,2026-08-12,2026-08-12,2026-08-12,313,2026-08-23,True,"1,000,000",False,فيلا
6760351,https://sa.aqar.fm/فلل-للبيع/الرياض/شرق-الرياض/حي-النسيم-الغربي/شارع-أبي-القاسم-النجيب-حي-النسيم-الغربي-مدينة-الرياض-منطقة-الرياض-6760351,"فيلا للبيع في شارع أبي القاسم النجيب, حي النسيم الغربي, مدينة الرياض, منطقة الرياض",2000000,625,,,,11,حي النسيم الغربي,الرياض,شرق الرياض,"للبيع فيلا 
المساحة : ٦٢٥
اطوال الفيلا : ٢٥ _٢٥ 
عرض الشارع : ١٠ 
الدور الارضي
مجلس رجال -مجلس نساء-صالة متصلة -غرفة طعام - مطبخ - 2 دورات مياه  
الدور الاول 
غرفة ماستر -3غرف نوم -صالة -مطبخ خدمة - 2دورات مياه
الدور الثاني 
غرفة خادمة - دورة مياه -مستودع 
المرافق الخارجية 
مسبح -مجلس شعبي -ملحق خارجي -كراج سيارة -غرفة سائق
للاستفسار و المعاينة ((الرقم يظهر عند الضغط على اتصال))",24.732715,46.80896,https://images.aqar.fm/webp/750x0/props/037218577_1783250970082.jpg | https://images.aqar.fm/webp/750x0/props/037218573_1783250970067.jpg | https://images.aqar.fm/webp/750x0/props/037218579_1783250970118.jpg | https://images.aqar.fm/webp/750x0/props/037218575_1783250970080.jpg | https://images.aqar.fm/webp/750x0/props/037218576_1783250970082.jpg,5,محمد ابراهيم,شركة يوتيليتي القابضة,1,2026-07-05,2026-08-03,2026-08-15,443,2026-08-23,True,"2,000,000",False,فيلا
6814944,https://sa.aqar.fm/فلل-للبيع/الرياض/شرق-الرياض/حي-النسيم-الغربي/شارع-وادي-العمارية-حي-النسيم-الغربي-مدينة-الرياض-منطقة-الرياض-6814944,"فيلا للبيع في شارع وادي العمارية, حي النسيم الغربي, مدينة الرياض, منطقة الرياض",1800000,437,,5,5,11,حي النسيم الغربي,الرياض,شرق الرياض,"📍 فله استثماريه للبيع في حي النسيم الغربي – موقع مميز قريب من المترو 
العائد السنوي 165000 
🛑 المساحة: 437.5  م² 
📐 الشارع: 10 غربي
💰 الحد    : 1,800.000 ريال على شور البايع 

🔴🔴البيع كاش فقط 

🔴السعي والضريبه على المشتري 



✨ مواصفات الفيلا:
	•	تصميم الفيلا دور  + اربع شقق  
	•	2 عدادات كهرباء + عداد مويا
	•	صك إلكتروني ✅
	•	 العمر فوق الثلاثين سنه مرممه ترميم  كامل تسكن

🏡 تفاصيل الدور الأرضي:
	•	مجلس رجال + مقلط + صالة واسعة
+ثلاث غرف نوم دورتين مياه مطبخ 
	•	مدخلين رجال ونساء
	•	دورتين مياه
	•	حوش جانبي وامامي  وخلفي + مدخل سيارة فاضي 



🏡 تفاصيل الشقق عدد شقتين : الدور الاول 
كل شقه 
	•	3 غرف حمام مطبخ واحده مؤجره ب25000 دفعه السنه 
والثانيه موجره 31000  دفعتين 🔴عقود الكترونيه 

🏠 تفاصيل الشقق:الدور الثاني واحدة موجره ب24000 والثانيه موجره ب25000 
	•	عدد  شقتين  : كل شقه غرفتين  حمام مطبخ سطح 

مجموع ايجارات الشقق 105000 ميه وخمسه الف 

الدور الارضي فاضي يوجد مستاجرين ب60.000 

🔑 مميزات إضافية:
	•	موقع مميز وقريب من الخدمات والمترو
	•	مناسبة للسكن والاستثمار
🔴ضمان  السباكه 25 سنه 
🛑تمديدات الكهرباء الفنار 
📞 للتواصل:

📲 ((رقم المعلن يظهر عند التواصل))

((رقم المعلن يظهر عند التواصل))

🔴 يوجد مقاطع فديو للبيت كامل ارسل واتس ارسلك 
🟢💬 في حال عدم الرد على الاتصال، يُرجى التواصل عبر الواتساب",24.714879,46.831489,https://images.aqar.fm/webp/750x0/props/005315639_1770653938560.jpg | https://images.aqar.fm/webp/750x0/props/005315633_1770653961781.jpg | https://images.aqar.fm/webp/750x0/props/005315636_1770653972489.jpg | https://images.aqar.fm/webp/750x0/props/005315638_1770653983751.jpg | https://images.aqar.fm/webp/750x0/props/005315639_1770654006697.jpg | https://images.aqar.fm/webp/750x0/props/005315631_1770654018735.jpg | https://images.aqar.fm/webp/750x0/props/005315630_1770654073121.jpg | https://images.aqar.fm/webp/750x0/props/005315634_1770654103583.jpg | https://images.aqar.fm/webp/750x0/props/005315639_1770654124922.jpg | https://images.aqar.fm/webp/750x0/props/005315638_1770654135122.jpg | https://images.aqar.fm/webp/750x0/props/005315631_1770654148209.jpg | https://images.aqar.fm/webp/750x0/props/005315634_1770654168620.jpg | https://images.aqar.fm/webp/750x0/props/005315639_1770654184361.jpg | https://images.aqar.fm/webp/750x0/props/005315634_1770654195390.jpg | https://images.aqar.fm/webp/750x0/props/005315639_1770654218228.jpg | https://images.aqar.fm/webp/750x0/props/005315636_1770654230744.jpg | https://images.aqar.fm/webp/750x0/props/005315638_1770658806256.jpg,17,عشق الشلوي,مكتب دار الحطابي للعقارات,1,2026-08-10,2026-08-10,2026-08-20,294,2026-08-23,True,"1,800,000",False,فيلا
6688199,https://sa.aqar.fm/فلل-للبيع/الرياض/شرق-الرياض/حي-النسيم-الغربي/شارع-اللزاز-حي-النسيم-الغربي-مدينة-الرياض-منطقة-الرياض-6688199,"فيلا للبيع في شارع اللزاز, حي النسيم الغربي, مدينة الرياض, منطقة الرياض",1400000,400,,1,0,11,حي النسيم الغربي,الرياض,شرق الرياض,"فيلا للبيع حي النسيم الغربي بقيمة ارض
التكوين دور +دور+شقه 
المساحه. 312.50م
شارع 10م غربي
موقع مميز واستراتيجى بين شارع سعد بن ابي وقاص وشارع عبد الله بن مسعود مميزات الموقع قريب من المنار مول وقريب من مترو السلام موقع حيوى ومميز 
سهوله الطريق الى الوصول الرئيسيه السوم 990الف  بالتوفيق لصاحب النصيب",24.732187,46.820481,,,محمد زيد,مؤسسة محمد زيد نايف العتيبي للعقارات,1,2026-05-08,2026-08-04,2026-08-23,854,2026-08-23,True,"1,400,000",False,فيلا
6765324,https://sa.aqar.fm/فلل-للبيع/الرياض/شرق-الرياض/حي-النسيم-الغربي/شارع-محمد-بن-حنبل-حي-النسيم-الغربي-مدينة-الرياض-منطقة-الرياض-6765324,"فيلا للبيع في شارع محمد بن حنبل, حي النسيم الغربي, مدينة الرياض, منطقة الرياض",1800000,525,5,,,11,حي النسيم الغربي,الرياض,شرق الرياض,"فلة في النسيم الغربي بجوار محطة مترو السلام
مساحة 525 م زاوية، الواجهة شرقية، تفتح على شارع 10 وممر 5,5 م ،بجانب مواقف مرفق حكومي وقريب من مسجد وحديقة
الفلة مكونه من دورين وشقة درج صالة، وغرفة سائق ومدخل سيارة وفناء خارجي.
الدور الارضي:
مكون من صالة خارجية كبيرة 90 م 
مجلس رجال ومقلط ودورة مياة ومغاسل
مجلس نساء وصالة داخلية وحمام ومغاسل ومطبخين وغرفة عاملة بحمامها ومستودع ومنطقة غسيل م ملابس.
الدور الثاني:
عدد 2 جناح مكونه من غرفة وحمام وصالة
عدد 2 غرفة وحمام مشترك
عدد
 غرفة بحمام
الدور الثالث:
شقة مكونة من ثلاث غرف وصالة وحمام وسطح خلفي خاص بالشقة
مستودع وسطح خدمات.",24.723755,46.815706,https://images.aqar.fm/webp/750x0/props/012157686_1783519443769.jpg | https://images.aqar.fm/webp/750x0/props/012157684_1783519443986.jpg | https://images.aqar.fm/webp/750x0/props/012157687_1783519444082.jpg | https://images.aqar.fm/webp/750x0/props/012157683_1783519444192.jpg | https://images.aqar.fm/webp/750x0/props/012157680_1783519444312.jpg | https://images.aqar.fm/webp/750x0/props/012157681_1783519444314.jpg | https://images.aqar.fm/webp/750x0/props/012157687_1783519444421.jpg,7,عبدالعزيز بن علي بن ناهض البقمي,مكتب ختم الثقة للخدمات العقارية,1,2026-07-08,2026-08-06,2026-08-06,1221,2026-08-23,True,"1,800,000",False,فيلا
6776608,https://sa.aqar.fm/فلل-للبيع/الرياض/شرق-الرياض/حي-النسيم-الغربي/شارع-ابو-مروة-حي-النسيم-الغربي-مدينة-الرياض-منطقة-الرياض-6776608,"فيلا للبيع في شارع ابو مروة, حي النسيم الغربي, مدينة الرياض, منطقة الرياض",3300000,450,5,0,0,4,حي النسيم الغربي,الرياض,شرق الرياض,"فله جديدة للبيع زاوية على شارعين

شمال شارع ١٠ و مقابله مرفق 
شرق مرفق ملاصق وبعده مسجد
غرب شارع ١٠ 
جنوب جار 
  

خزان أرضي كبير 
عزل حراري بلك سيبوركس 
شبكة انترنت لكامل المبنى 
شبكة غاز لكل المطابخ ( غاز مركزي )
مكيفات راكبة 
مطابخ راكبة 
تأمين العيوب الخفية 

الإيجار 270 ألف سنوي دفعتين عقد واحد 5 سنوات 
المساحة 450 متر 
يبدأ العقد 2026/06/01

القيمة 3.3 مليون

https://maps.app.goo.gl/DsGCStmrPWUMuRFk7?g_st=aw",24.719384,46.82811,https://images.aqar.fm/webp/750x0/props/008066106_1784195269737.jpg | https://images.aqar.fm/webp/750x0/props/008066106_1784195269767.jpg | https://images.aqar.fm/webp/750x0/props/008066108_1784195269749.jpg | https://images.aqar.fm/webp/750x0/props/008066102_1784195269750.jpg | https://images.aqar.fm/webp/750x0/props/008066109_1784195269758.jpg | https://images.aqar.fm/webp/750x0/props/008066100_1784195269756.jpg | https://images.aqar.fm/webp/750x0/props/008066103_1784195269752.jpg | https://images.aqar.fm/webp/750x0/props/008066107_1784195269753.jpg,8,عبدالرحمن محمد,مؤسسة مكتب بصمة الاتقان للخدمات العقارية,1,2026-07-16,2026-08-14,2026-08-20,371,2026-08-23,True,"3,300,000",False,فيلا
6585095,https://sa.aqar.fm/فلل-للبيع/الرياض/شرق-الرياض/حي-النسيم-الغربي/شارع-الجود-حي-النسيم-الغربي-الرياض-منطقة-الرياض-6585095,"فيلا للبيع في شارع الجود, حي النسيم الغربي, مدينة الرياض, منطقة الرياض",2500000,875,7,5,2,11,حي النسيم الغربي,الرياض,شرق الرياض,"الوصف
العقار عبارة عن فيلا مكونة من (دورين وملحق علوي وملاحق أرضية)
الدور الأرضي يتكون من (مجلس وصالة ومطبخ و3 غرف ودورتين مياه ومستودع و ملاحق خارجية مجلسين ودورات مياه ومستودع) الدور الأول يتكون من (صالة ومطبخ و5 غرف ودورتين مياه ومستودع) الملحق العلوي يتكون من ( 4 شقق ) شقة (3 غرف ومطبخ ودورة مياه) وشقة (غرفة ودورة مياه) وشقتين كل شقة تتكون من (غرفتين نوم ومطبخ ودورة مياه) وملحق أرضي دورين الدور الأرضي يتكون من (مجلس ومطبخ ودورة مياه) الدور الأول يتكون من (3 غرف ودورتين مياه وغرفة غسيل).


التواصل مع المشتري فقط
لانقبل المسوقين والوسطاء",24.7150659397726,46.823766346899625,https://images.aqar.fm/webp/750x0/props/000400444_1782383424312.png,1,ثامر فواز,,,2026-02-10,2026-02-12,2026-08-19,2030,2026-08-23,True,"2,500,000",False,فيلا
6783317,https://sa.aqar.fm/فلل-للبيع/الرياض/شرق-الرياض/حي-النسيم-الغربي/شارع-ابن-المقرب-العيوني-حي-النسيم-الغربي-مدينة-الرياض-منطقة-الرياض-6783317,"فيلا للبيع في شارع ابن المقرب العيوني, حي النسيم الغربي, مدينة الرياض, منطقة الرياض",1100000,393,,0,0,11,حي النسيم الغربي,الرياض,شرق الرياض,فيلا مساحتها 393م شارع 10م شمالي تتكون من دورين وملحق العمر اكثر من 35 سنه التواصل واتس اب فقط ((الرقم يظهر عند الضغط على اتصال)),24.725383,46.838544,,,محمد بن فالح,مكتب محمد بن فالح بن تركي الثوري السبيعي للعقارات,1,2026-07-21,2026-08-19,2026-08-19,652,2026-08-23,True,"1,100,000",False,فيلا
6815150,https://sa.aqar.fm/فلل-للبيع/الرياض/شرق-الرياض/حي-النسيم-الغربي/شارع-روضة-الفرس-حي-النسيم-الغربي-مدينة-الرياض-منطقة-الرياض-6815150,"فيلا للبيع في شارع روضة الفرس, حي النسيم الغربي, مدينة الرياض, منطقة الرياض",1100000,312,4,1,0,11,حي النسيم الغربي,الرياض,شرق الرياض,"فيلا زاويه دورين منفصلين وملحق علوي في حي النسيم الغربي بالقرب من شارع عبدالله بن عمر تويوتا 
المساحه ٣١٢،٥ متر 
الواجهة جنوبي شرقي 
الدور الأرضي يتكون من خمس غرف وصالة ومطبخ ودورتين مياه ومشب وحوش ومستودع 
والدور الثاني خمس غرف وصالة ومطبخ ودورتين مياه ومستودع 
والملحق العلوي ثلاث غرف ومطبخ ودورتين مياه بالإضافة إلى السطح
عمر العقار 40 سنه البيع مليون و 300
 رقم التواصل((الرقم يظهر عند الضغط على اتصال))",24.739532,46.82078,https://images.aqar.fm/webp/750x0/props/051274036_1786384053529.jpg,1,عبدالرحمن بن ابراهيم بن سعد بن مصيليخ,مؤسسة تلال العاذرية,1,2026-08-10,2026-08-10,2026-08-23,179,2026-08-23,True,"1,100,000",False,فيلا
6360631,https://sa.aqar.fm/فلل-للبيع/الرياض/شرق-الرياض/حي-النسيم-الغربي/شارع-نجا-بن-الأنجب-حي-النسيم-الغربي-مدينة-الرياض-منطقة-الرياض-6360631,"فيلا للبيع في شارع نجا بن الأنجب, حي النسيم الغربي, مدينة الرياض, منطقة الرياض",1850000,375,6,3,2,10,حي النسيم الغربي,الرياض,شرق الرياض,"للتواصل ((رقم المعلن يظهر عند التواصل))
فيلا للبيع في حي النسيم الغربي 
فيلا للبيع في حي النسيم الغربي 
فيلا للبيع في حي النسيم الغربي 
فيلا للبيع في حي النسيم الغربي 
فيلا للبيع في حي النسيم الغربي",24.725709,46.811785,https://images.aqar.fm/webp/750x0/props/042914505_1757379077553.jpg | https://images.aqar.fm/webp/750x0/props/042914502_1757379077668.jpg | https://images.aqar.fm/webp/750x0/props/042914506_1757379077671.jpg | https://images.aqar.fm/webp/750x0/props/042914508_1757379077681.jpg | https://images.aqar.fm/webp/750x0/props/042914504_1757379077717.jpg | https://images.aqar.fm/webp/750x0/props/042914500_1757379077732.jpg | https://images.aqar.fm/webp/750x0/props/042914503_1757379077752.jpg | https://images.aqar.fm/webp/750x0/props/042914502_1757379077781.jpg,8,ماجد البقمي,,0,2025-08-31,2025-08-31,2026-08-18,5039,2026-08-23,True,"1,850,000",False,فيلا
6508064,https://sa.aqar.fm/فلل-للبيع/الرياض/شرق-الرياض/حي-النسيم-الغربي/شارع-الصليبيخات-حي-النسيم-الغربي-مدينة-الرياض-منطقة-الرياض-6508064,"فيلا للبيع في شارع الصليبيخات, حي النسيم الغربي, مدينة الرياض, منطقة الرياض",1850000,312,,5,3,11,حي النسيم الغربي,الرياض,شرق الرياض,"للاستفسار جوال ((رقم المعلن يظهر عند التواصل))
للبيع فيلا سكنية بحي النسيم الغربي شارع اسامة بن زيد قريب طريق الميه ومحطة المترو 
مكونة من ثلاثة أدوار 
✍️دور أرضي 
✍️دور أول 
✍️شقة بالسطح 
✍️المساحة ٣١٢،٥ متر 
✍️شارع ١٠م شرقي 
✍️العمر 20 سنة تقريبا 
✍️عدادين كهرباء 
✍️ عداد مياه 
✍️ حرة ماعليها شيء 

الدور الارضي مدخل سياره وحوش 
مجلس ومقلط وصاله و٣غرف نوم وحمامين ومطبخ 
الدور الأول نفس مواصفات الأرضي
شقة السطح مجلس ومقلط وصاله غرفتين نوم وحمامين ومطبخ مع السطح 
✍️✍️✍️✍️✍️✍️✍️✍️
البيع مليون و850 ألف ريال صافي",24.71187,46.838745,https://images.aqar.fm/webp/750x0/props/002895641_1765817434438.jpg | https://images.aqar.fm/webp/750x0/props/002895647_1765817434556.jpg | https://images.aqar.fm/webp/750x0/props/002895648_1765817434688.jpg | https://images.aqar.fm/webp/750x0/props/002895644_1765817434795.jpg | https://images.aqar.fm/webp/750x0/props/002895645_1765817434909.jpg,5,مسعود عبدالله مسعود الزومان,مؤسسة مكتب مسعود عبدالله الزومان للعقارات,1,2025-12-15,2025-12-15,2026-08-11,2486,2026-08-23,True,"1,850,000",False,فيلا
6490248,https://sa.aqar.fm/فلل-للبيع/الرياض/شرق-الرياض/حي-النسيم-الغربي/شارع-حجر-بن-يزيد-حي-النسيم-الغربي-مدينة-الرياض-منطقة-الرياض-6490248,"فيلا للبيع في شارع حجر بن يزيد, حي النسيم الغربي, مدينة الرياض, منطقة الرياض",1700000,500,6,4,1,5,حي النسيم الغربي,الرياض,شرق الرياض,"للاستفسار ((رقم المعلن يظهر عند التواصل))
((الرقم يظهر عند الضغط على اتصال))
👈👈البيع كاش فقط 👉👉
للبيع بحي النسيم الغربي شارع الاربعين قريب جدا من خريص 
فيلا سكنية دور واحد فقط 
👈المساحة 500 متر 
👈دور واحد فقط 
👈مؤسس دور دور شقة 
👈العمر 4 سنوات بناء شخصي وتصميم راقي جدا 
👈شارع  15 غربي
👈 مؤسس طاقه شمسيه 
👈 كاميرات 
👈البيت كامل توصيل إنترنت
🤝🤝🤝🤝🤝🤝
يوجد رهن عقاري 740 ألف ريال 
البيع مليون و 700 ألف شامل الرهن العقاري

للاستفسار ((الرقم يظهر عند الضغط على اتصال))",24.738039,46.813644,https://images.aqar.fm/webp/750x0/props/002895644_1764687856009.jpg | https://images.aqar.fm/webp/750x0/props/002895642_1764687856270.jpg | https://images.aqar.fm/webp/750x0/props/002895640_1764687856283.jpg | https://images.aqar.fm/webp/750x0/props/002895649_1764687856416.jpg | https://images.aqar.fm/webp/750x0/props/002895649_1764687917840.jpg | https://images.aqar.fm/webp/750x0/props/002895643_1764687917986.jpg | https://images.aqar.fm/webp/750x0/props/002895649_1764687918180.jpg | https://images.aqar.fm/webp/750x0/props/002895643_1764687918347.jpg | https://images.aqar.fm/webp/750x0/props/002895643_1764687918518.jpg | https://images.aqar.fm/webp/750x0/props/002895646_1764687918673.jpg | https://images.aqar.fm/webp/750x0/props/002895641_1764687918827.jpg | https://images.aqar.fm/webp/750x0/props/002895640_1764687918997.jpg | https://images.aqar.fm/webp/750x0/props/002895647_1764687919149.jpg | https://images.aqar.fm/webp/750x0/props/002895641_1764687919443.jpg,14,مسعود عبدالله مسعود الزومان,مؤسسة مكتب مسعود عبدالله الزومان للعقارات,1,2025-12-02,2025-12-02,2026-08-11,6343,2026-08-23,True,"1,700,000",False,فيلا
6818853,https://sa.aqar.fm/فلل-للبيع/الرياض/شرق-الرياض/حي-النسيم-الغربي/شارع-الحفنة-حي-النسيم-الغربي-مدينة-الرياض-منطقة-الرياض-6818853,"فيلا للبيع في شارع الحفنة, حي النسيم الغربي, مدينة الرياض, منطقة الرياض",1250000,400,,5,3,11,حي النسيم الغربي,الرياض,شرق الرياض,"� فيلا للبيع استثمارية سكنيه – فرصة مميزة

📐 المساحة: 400 م²
🛣 الشارع: 10 متر (قصير جدًا)
🏗 العمر: 40 سنة
✅ العظم بحالة جيدة جدًا
✅ التفصيل الداخلي مناسب
✅ الفيلا فاضية وجاهزة للإفراغ
🔴 موجره. مستاجر. واحد ب90.000 تسعين الف ريال السنه عقد الكتروني موثق 
⸻

🏠 الدور الأرضي:
• مدخل سيارة
• حوش جانبي
• بيت شعر
• مطبخ واسع
• دورة مياه خارجية
• مجلس
• مقلط
• صالة
• 4 غرف نوم
• 2 دورة مياه

🏠 الدور العلوي:
• مقسوم إلى شقتين:

* الشقة الأولى: غرفتان + صالة + مطبخ + دورة مياه
* الشقة الثانية: غرفتان + مطبخ + دورة مياه
* سطح واسع وفارغ

⚡ عداد كهرباء واحد

⸻

💰 السوم: 1250000
💰 البيع: 1400.000 صافي على شور البائع

📞 البيع مع المباشر
🚫 السعر غير شامل السعي والضريبه


للتواصل 

555403489
507067088",24.743167,46.813155,https://images.aqar.fm/webp/750x0/props/005315630_1786551193086.jpg,1,عشق الشلوي,مكتب دار الحطابي للعقارات,1,2026-08-12,2026-08-12,2026-08-16,630,2026-08-23,True,"1,250,000",False,فيلا
6601981,https://sa.aqar.fm/فلل-للبيع/الرياض/شرق-الرياض/حي-النسيم-الغربي/شارع-أبي-محمد-الشافعي-حي-النسيم-الغربي-مدينة-الرياض-منطقة-الرياض-6601981,"فيلا للبيع في شارع أبي محمد الشافعي, حي النسيم الغربي, مدينة الرياض, منطقة الرياض",2000000,351,,6,3,0,حي النسيم الغربي,الرياض,شرق الرياض,"حي النسيم الغربي 
فيلا جديدة للبيع تتكون من درج داخلي كامل وشقتين بمدخل خاص 
بمساحة 351 م 2 واجهة شرقية وحديدة زاوية وفي موقع مميز للغاية 
قريبم من جميع الخدمات مدارس واسواق ومطاعم وغيرها من جميع الخدمات اللتي تقضا على الرجل 
الفيلا بمسطح بناء عالي للغرف كبيرة جدا 
تتكون من حوش مدخل سيارة وحديقة جانبية ومجلس رجال ومقلط 
وصالة ومطبخ مع غرفة كبيرة ماستر اللي هي غرفة كبار السن ودرج صالة 
وفوق اربع غرف نوم 
والشقق تتكون من ثلاث غرف ومطبخ وصالة بمدخل خاص للشقتين 
واسطوح كبير 
الفيلا مناسبة للسكن والاستثمار لتفاصيل أكثر قسم المبيعات 
((رقم المعلن يظهر عند التواصل))
((رقم المعلن يظهر عند التواصل))",24.714782,46.826813,https://images.aqar.fm/webp/750x0/props/039287081_1776356698780.jpg,1,سامي عجب مرهب البقمي,مؤسسة العملاق العقاري,1,2026-02-23,2026-08-17,2026-08-17,1483,2026-08-23,True,"2,000,000",False,فيلا
6607778,https://sa.aqar.fm/فلل-للبيع/الرياض/شرق-الرياض/حي-النسيم-الغربي/شارع-تريحيب-بن-بصيص-حي-النسيم-الغربي-مدينة-الرياض-منطقة-الرياض-6607778,"فيلا للبيع في شارع تريحيب بن بصيص, حي النسيم الغربي, مدينة الرياض, منطقة الرياض",1300000,350,6,3,2,11,حي النسيم الغربي,الرياض,شرق الرياض,"للبيــــــــع
 فيلا بحي النسيم
 الغربي
دور دور شقة 
 مساحة ٣٥٠م
العمر + ٢٥
الواجهه ١٠م شرقي حديدة زاوية 
تبعد عن خريص ١٠٠م 
الدور الأرضي 
٤ غرف نوم وصالة ومطبخ ومجلس رجال ٤ ×٨م
وحوش كبير وحوش جانبي للنساء ومدخل خاص و٤ دورات مياة ومستودع جانبي
الدور الاول 
مدخل خاص 
٥ غرف و٢ دورة مياه 
الشقه غرفتين نوم وصالة  كبيرة ومطبخ ودورتين مياة 
البيت مرمم  ترميم 
عالي من الداخل والخارج من سباكة وكهرباء وبلاط وبوية وبيبان ليزر
وديكورات 
الدور الاول والشقه موجرين ب٥٠ الف 

السوم مليون ٣٠٠
البيع فرق السوم",24.721412,46.838246,https://images.aqar.fm/webp/750x0/props/049632833_1774805691897.jpg,1,محمد منصور ناصر,مكتب رواد الملقا للخدمات العقارية,1,2026-02-27,2026-07-29,2026-07-29,3340,2026-08-23,True,"1,300,000",False,فيلا
6830691,https://sa.aqar.fm/فلل-للبيع/الرياض/شرق-الرياض/حي-النسيم-الغربي/شارع-اللزاز-حي-النسيم-الغربي-مدينة-الرياض-منطقة-الرياض-6830691,"فيلا للبيع في شارع اللزاز, حي النسيم الغربي, مدينة الرياض, منطقة الرياض",1300000,362,,,,0,حي النسيم الغربي,الرياض,شرق الرياض,"*شركةبي فاوند العقاريه*
* رقم العرض :1831
* النوع : فيلا درج صالة و شقة للبيع 
* الحي : النسيم الغربي 
* الشارع : 10 م
* الواجهة : شرقية 
* المساحة : 200 م²
* السعر : 1.300.000 ريال
* عمر العقار : جديد
* الرهن : غير مرهونة 
*الوصف*
*الدور الأرضي*
، مجلس 
صالة ، مقلط 
مطبخ ، دورتين مياة 
*الدور الاول*
٤ غرف نوم ، و٣ دورت مياة 
*الدور الثاني* شقه مستقله 
٢ غرف نوم ، ١ صالة  ١ مجلس 
مطبخ ، دورتين مياة


رقم الترخيص الاعلاني: 7201093160",24.732334,46.820433,https://images.aqar.fm/webp/750x0/props/035903853_1787134041779.jpg,1,مناور احمد,شركة بي فاوند,1,2026-08-19,2026-08-19,2026-08-23,233,2026-08-23,True,"1,300,000",False,فيلا
6725007,https://sa.aqar.fm/فلل-للبيع/الرياض/شرق-الرياض/حي-النسيم-الغربي/شارع-عيسى-الماص-حي-النسيم-الغربي-الرياض-منطقة-الرياض-6725007,فيلا للبيع في شارع عيسى الماص ، حي النسيم الغربي ، الرياض ، منطقة الرياض,180000,437,2,2,1,30,حي النسيم الغربي,الرياض,شرق الرياض,فله للبيع على شارعين شرقي جنوبي دور ودور ثاني مقسوم شقتين وملحق جديد بالسطح,24.741561,46.824702,https://images.aqar.fm/webp/750x0/props/020274548_1780958526861.jpg | https://images.aqar.fm/webp/750x0/props/020274543_1780958526862.jpg | https://images.aqar.fm/webp/750x0/props/020274540_1780958526864.jpg | https://images.aqar.fm/webp/750x0/props/020274547_1780958526861.jpg | https://images.aqar.fm/webp/750x0/props/020274540_1780958526865.jpg | https://images.aqar.fm/webp/750x0/props/020274544_1780958527061.jpg | https://images.aqar.fm/webp/750x0/props/020274547_1780958527057.jpg | https://images.aqar.fm/webp/750x0/props/020274542_1780958527061.jpg | https://images.aqar.fm/webp/750x0/props/020274540_1780958527056.jpg | https://images.aqar.fm/webp/750x0/props/020274540_1780958527055.jpg | https://images.aqar.fm/webp/750x0/props/020274546_1780958527055.jpg | https://images.aqar.fm/webp/750x0/props/020274541_1780958527056.jpg | https://images.aqar.fm/webp/750x0/props/020274548_1780958593475.jpg | https://images.aqar.fm/webp/750x0/props/020274544_1780958593474.jpg | https://images.aqar.fm/webp/750x0/props/020274549_1780958593473.jpg | https://images.aqar.fm/webp/750x0/props/020274546_1780958593476.jpg | https://images.aqar.fm/webp/750x0/props/020274549_1780958593472.jpg | https://images.aqar.fm/webp/750x0/props/020274540_1780958593504.jpg | https://images.aqar.fm/webp/750x0/props/020274540_1780958593512.jpg | https://images.aqar.fm/webp/750x0/props/020274547_1780958593509.jpg | https://images.aqar.fm/webp/750x0/props/020274549_1780958593509.jpg,21,منير البقمي,,,2026-06-08,,2026-06-08,97,2026-08-23,False,طلب تسويق,False,فيلا
6693578,https://sa.aqar.fm/فلل-للبيع/الرياض/شرق-الرياض/حي-النسيم-الغربي/شارع-عتبة-بن-غزوان-حي-النسيم-الغربي-مدينة-الرياض-منطقة-الرياض-6693578,"فيلا للبيع في شارع عتبة بن غزوان, حي النسيم الغربي, مدينة الرياض, منطقة الرياض",3300000,1225,,,,11,حي النسيم الغربي,الرياض,شرق الرياض,"لتواصل الوسيط العقاري مشاري المالكي : ((الرقم يظهر عند الضغط على اتصال))
�✨ فرصة مميزة للبيع | فيلا مع شقتين في حي النسيم الغربي – الرياض 📍 موقع مميز على شارعين: 🚗 شارع 20م شمالي 🚗 شارع 10م شرقي 📐 مساحة الأرض: 1,225 م² ⏳ عمر العقار: 28 سنة الدور الأرضي (الفيلا) 🏠 ويتكون من: ملاحق خارجية للرجال والنساء 🛋️ مجلس 🍽️ مقلط 🛋️ صالة 👩 مجلس نساء 🛏️ 3 غرف نوم (من بينها غرفة ماستر) 🍴 مطبخ 📦 مستودع تم ترميمه قبل 3 سنوات بتكلفة 150,000 ريال ✨ الشقة الأولى (الكبيرة) 🏢 وتتكون من: 🛋️ مجلس كبير (5×8) 🛋️ صالة كبيرة 🛏️ غرفة صغيرة 👩 مجلس نساء 🛏️ غرفة نوم 🍴 مطبخ 🚿 دورتين مياه 🔨 تم ترميمها بتكلفة 97,000 ريال 💰 مؤجرة حاليًا بـ 50,000 ريال سنويًا الشقة الثانية 🏢 💰 مؤجرة حاليًا بـ 30,000 ريال سنويًا وتتكون من: 🛋️ مجلس 🛋️ صالة 🛏️ غرفة نوم 🚿 دورتين مياه 🌤️ بلكونة 💵 إجمالي الدخل السنوي للشقق: 85,000 ريال المميزات الإضافية ⚡ ✅ عدادات كهرباء مستقلة لكل وحدة ✅ عداد ماء راكب ✅ ألياف بصرية راكبة موقع حيوي جدًا 📍 🚗 3 دقائق إلى طريق خريص 🚗 3 دقائق إلى طريق حسان بن ثابت 🏟️ بالقرب من King Fahd Stadium 🏥 دقيقة واحدة إلى مجمع الكرامة الطبي 🌳 دقيقة واحدة إلى حديقة السيسل 🏫 مقابل مدرسة ابتدائية بنين 🕌 مسجد قريب خلال دقيقتين 🔥 عقار يجمع بين السكن والاستثمار في موقع حيوي بشرق الرياض، مع دخل سنوي قائم وفرصة ممتازة للمستثمر أو الباحث عن سكن واسع",24.742736,46.822087,https://images.aqar.fm/webp/750x0/props/001112563_1778583840037.png | https://images.aqar.fm/webp/750x0/props/001112568_1778583854160.jpg | https://images.aqar.fm/webp/750x0/props/001112565_1778583854157.jpg | https://images.aqar.fm/webp/750x0/props/001112568_1778583854162.jpg | https://images.aqar.fm/webp/750x0/props/001112564_1778583854182.jpg | https://images.aqar.fm/webp/750x0/props/001112562_1778583854182.jpg | https://images.aqar.fm/webp/750x0/props/001112561_1778583854180.jpg | https://images.aqar.fm/webp/750x0/props/001112564_1778583854176.jpg | https://images.aqar.fm/webp/750x0/props/001112562_1778583854181.jpg | https://images.aqar.fm/webp/750x0/props/001112561_1778583854180.jpg | https://images.aqar.fm/webp/750x0/props/001112568_1778583854251.jpg | https://images.aqar.fm/webp/750x0/props/001112562_1778583854248.jpg | https://images.aqar.fm/webp/750x0/props/001112563_1778583854253.jpg | https://images.aqar.fm/webp/750x0/props/001112569_1778583854255.jpg | https://images.aqar.fm/webp/750x0/props/001112569_1778583854301.jpg | https://images.aqar.fm/webp/750x0/props/001112567_1778583854355.jpg,16,همدان بن احمد بن هادي الكثيري,شركة الياسمين لإدارة و تطوير العقارات,1,2026-05-12,2026-08-07,2026-08-23,817,2026-08-23,True,"3,300,000",False,فيلا
6743505,https://sa.aqar.fm/فلل-للبيع/الرياض/شرق-الرياض/حي-النسيم-الغربي/شارع-عتبة-بن-غزوان-حي-النسيم-الغربي-مدينة-الرياض-منطقة-الرياض-6743505,"فيلا للبيع في شارع عتبة بن غزوان, حي النسيم الغربي, مدينة الرياض, منطقة الرياض",3500000,1225,7,,,11,حي النسيم الغربي,الرياض,شرق الرياض,"للبيع فيلا سكنيه 
دور + شقتين 
شارع ٢٠ شمالي و شارع ١٠ جنوبي 
للتواصل ((الرقم يظهر عند الضغط على اتصال))",24.742736,46.822087,,,حامد عبدالله حماد بن خشمان,مؤسسة أيجار و تملك العقارية,1,2026-06-22,2026-08-20,2026-08-23,233,2026-08-23,True,"3,500,000",False,فيلا
6806254,https://sa.aqar.fm/فلل-للبيع/الرياض/شرق-الرياض/حي-النسيم-الغربي/شارع-أسيد-بن-جارية-الثقفي-حي-النسيم-الغربي-مدينة-الرياض-منطقة-الرياض-6806254,"فيلا للبيع في شارع أسيد بن جارية الثقفي, حي النسيم الغربي, مدينة الرياض, منطقة الرياض",1750000,437,,0,0,11,حي النسيم الغربي,الرياض,شرق الرياض,"للبيع | فيلا زاوية مرممة بالكامل

الرياض – حي النسيم الغربي

المواصفات الأساسية:

* المساحة: 437.50 م²
* زاوية شمالية شرقية
* شارع شمالي 15 متر
* شارع شرقي 10 متر
* درج بالصالة
* العمر: 40 سنة
* صك إلكتروني
* شهادة إشغال
* العقار مرهون

حد البيع: 1,850,000 ريال صافي
 السوم: 1,800,000 ريال صافي

الدور الأرضي

* مدخل رجال.
* مدخل نساء.
* مجلس رجال 8 × 5 م.
* مقلط 5 × 5 م.
* دورة مياه.
* غرفة نوم أرضية 4 × 4 م.
* مطبخ راكب 8 × 4 م مع مستودع مفتوح.
* مجلس نساء وصالة مفتوحة بمساحة تقريبية 20 × 5 م.
* دورة مياه.

الدور الأول

* صالة علوية 6 × 4 م.
* 4 غرف نوم:
    * غرفة ماستر 9 × 5 م.
    * غرفة ماستر 5 × 4 م.
    * غرفة 5 × 5 م.
    * غرفة 4 × 4 م.
* دورة مياه مشتركة للغرفتين.

السطح

* غرفة غسيل مع دورة مياه 8 × 3 م.
* مستودع متنقل.
* مستودع إضافي.

الحوش

* حديقة مع شلال.
* مدخل سيارة يتسع لسيارتين.
* ارتداد جانبي وخلفي 2 متر.
* ارتداد جهة مجلس الرجال 4 متر.
* ارتداد جهة الباب الصغير 3 متر.

المزايا

* الفيلا مرممة بالكامل.
* جميع الأرضيات سيراميك.
* جميع الأسقف جبسية.
* تجهيز كامل لمكيفات السبليت (المكيفات غير مشمولة).
* سباكة ألماني (بلاستيك أخضر).
* أسلاك كهرباء نوع أمريكي.
* الدرج الداخلي بالكامل رخام.
* جامع الحي يبعد حوالي 30 متر.
* مدارس البنين والبنات قريبة جداً.
* سهولة الوصول من الدائري الشرقي وقريبة من جميع الخدمات.

المساحات المذكورة تقريبية.

الموقع:
https://maps.app.goo.gl/2bBgVtTdisAWVnnt9

للتواصل:
((الرقم يظهر عند الضغط على اتصال))
((الرقم يظهر عند الضغط على اتصال))

شركة جزء بالمية للتطوير والاستثمار العقاري",24.711838,46.83338,https://images.aqar.fm/webp/750x0/props/000180217_1785870450747.jpg | https://images.aqar.fm/webp/750x0/props/000180210_1785870450751.jpg | https://images.aqar.fm/webp/750x0/props/000180210_1785870450415.jpg | https://images.aqar.fm/webp/750x0/props/000180214_1785870450594.jpg | https://images.aqar.fm/webp/750x0/props/000180210_1785870450741.jpg | https://images.aqar.fm/webp/750x0/props/000180211_1785870450658.jpg | https://images.aqar.fm/webp/750x0/props/000180215_1785870450773.jpg | https://images.aqar.fm/webp/750x0/props/000180215_1785870450772.jpg,8,هاني بن عبدالعزيز بن عبدالرحمن العتيبي,شركة جزء بالمية للتطوير والاستثمار العقاري,1,2026-08-04,2026-08-04,2026-08-17,371,2026-08-23,True,"1,750,000",False,فيلا
6539131,https://sa.aqar.fm/فلل-للبيع/الرياض/شرق-الرياض/حي-النسيم-الغربي/شارع-النسائي-حي-النسيم-الغربي-مدينة-الرياض-منطقة-الرياض-6539131,"فيلا للبيع في شارع النسائي, حي النسيم الغربي, مدينة الرياض, منطقة الرياض",1100000,375,5,5,3,11,حي النسيم الغربي,الرياض,شرق الرياض,"للبيــــــــع فيلا بقيمة أرض بحي النسيم الغربي زوايه 
مقابل مستوصف حكومي ومدرسه

 المســــــــاحه ٣٧٥م 
الشوراع ٢٠م جنوبي ١٠م غربي 
الأطوال ١٥ × ٢٥م 
عمر الـعـقـار ٤٠ سنه 
المواصـفات 

الدور الارضي 
مجالس وحوش كبير مدخل سياره
 
الدور الاول 
ثلاث غرف نوم صاله مجلس نساء مطبخ مستودع دورات مياه 
وسطح كبير

السوم مليون و١٠٠ الف 
مباشر مع المالك",24.719942,46.816948,https://images.aqar.fm/webp/750x0/props/029106796_1767892839792.jpg | https://images.aqar.fm/webp/750x0/props/029106796_1767892839799.jpg | https://images.aqar.fm/webp/750x0/props/029106799_1767892839932.jpg,3,سلوى المساوى,مؤسسة سلوى حسن المساوى,1,2026-01-08,2026-07-27,2026-07-27,5776,2026-08-23,True,"1,100,000",False,فيلا
6556526,https://sa.aqar.fm/فلل-للبيع/الرياض/شرق-الرياض/حي-النسيم-الغربي/شارع-أبي-طاهر-الذهبي-حي-النسيم-الغربي-مدينة-الرياض-منطقة-الرياض-6556526,"فيلا للبيع في شارع أبي طاهر الذهبي, حي النسيم الغربي, مدينة الرياض, منطقة الرياض",1600000,600,4,,,11,حي النسيم الغربي,الرياض,شرق الرياض,"للبيع فيلا حي النسيم الغربي المساحة ٦٠٠م
بناء شخصي 
مكونات الدور الارضي:
خمس غرف  
صالة ١١*٦
اربع دورات مياه 
ملحق خارجي ٨*٥
مطبخ خارجي 
الدور الثاني شقتين كل شقه 3 غرف 2 حمام 2 مدخل
السطح شقه واحدة
الكهرباء ٣ عدادات 
ماء
صرف صحي
المميزات :
قريب جامع الملك سلمان
قريب من العثيم 
قريب من جميع الخدمات 
وايضاً المدارس
السوم مليون و ٦٠٠ الف 
البيع فرق السوم
مباشر مع الوكيل",24.733646,46.825595,,,عبدالملك ابراهيم محمد الجمعان,شركة بنايات نجد للتسويق شخص واحد,1,2026-01-21,2026-08-21,2026-08-21,1295,2026-08-23,True,"1,600,000",False,فيلا
6669805,https://sa.aqar.fm/فلل-للبيع/الرياض/شرق-الرياض/حي-النسيم-الغربي/شارع-أبي-القاسم-النجيب-حي-النسيم-الغربي-مدينة-الرياض-منطقة-الرياض-6669805,"فيلا للبيع في شارع أبي القاسم النجيب, حي النسيم الغربي, مدينة الرياض, منطقة الرياض",2200000,625,,7,2,11,حي النسيم الغربي,الرياض,شرق الرياض,"🏷 للبيع┊فيلا سكنية┊حي ‏النسيم الغربي :
┦ المساحة┊625 م.
┦ الأطــوال┊25م 25م.
┦على شارع┊شارع 10م
┦  الواجهة ┊غربية  

🔶مميزات العقار 🔶
🔸قابل للسكن
🔸مساحات ‏واسعة
🔸 ‏درج بالصالة و مسبح 
🔸يقبل التقسيم والاستثمار 
🔸موقع استراتيجي على إحداثيات دقيقة وسهل الوصول من الطرق الرئيسية .
🔸قريب من الخدمات المهمة مثل المدارس والأسواق والمرافق العامة .


🔶 الحد 2,200,000 وقابل للتفاوض",24.732696,46.809085,https://images.aqar.fm/webp/750x0/props/022200423_1781196303859.jpg | https://images.aqar.fm/webp/750x0/props/022200426_1781196303861.jpg | https://images.aqar.fm/webp/750x0/props/022200424_1781196303864.jpg | https://images.aqar.fm/webp/750x0/props/022200423_1781196303869.jpg | https://images.aqar.fm/webp/750x0/props/022200423_1781196303870.jpg,5,عبدالرحمن فهد عبدالله المهوس,مؤسسة مكتب أول سند للخدمات العقارية,1,2026-04-25,2026-06-23,2026-08-12,1033,2026-08-23,True,"2,200,000",False,فيلا
6763831,https://sa.aqar.fm/فلل-للبيع/الرياض/شرق-الرياض/حي-النسيم-الغربي/شارع-الكروم-حي-النسيم-الغربي-مدينة-الرياض-منطقة-الرياض-6763831,"فيلا للبيع في شارع الكروم, حي النسيم الغربي, مدينة الرياض, منطقة الرياض",1800000,625,6,4,2,10,حي النسيم الغربي,الرياض,شرق الرياض,"السلام عليكم 
للبيع فيلا بحي النسيم الغربي 
المساحه ٦٢٥
الاطوال ٢٥ في ٢٥
غرفه سائق 
الدور الرضي 
٢ مجلس رجال 
مقلط 
حمام
مطبخ مستودع 
غرفه كبار سن مع حمام 
صاله 
الدور الثاني 
ثلاث غرف نوم كل غرفه فيها حمام داخلي 
غرفه ماستر تشمل غرفتين وصاله وحمام 
يوجد مستودع بالدور الثاني 

السعر مليون ٨٠٠ الف


يوجد فيديوهات للفيلا من الداخل

https://maps.app.goo.gl/Ze6RFvXpsAmtwE766?g_st=awb",24.739215,46.820889,https://images.aqar.fm/webp/750x0/props/051270882_1783432471024.jpg,1,خالد الحيلي بن هزاع الدوسري,مؤسسة صفوة الرمز للعقارات,1,2026-07-07,2026-08-05,2026-08-22,167,2026-08-23,True,"1,800,000",False,فيلا
6698640,https://sa.aqar.fm/فلل-للبيع/الرياض/شرق-الرياض/حي-النسيم-الغربي/شارع-محمد-بن-أبي-خلف-حي-النسيم-الغربي-مدينة-الرياض-منطقة-الرياض-6698640,"فيلا للبيع في شارع محمد بن أبي خلف, حي النسيم الغربي, مدينة الرياض, منطقة الرياض",2000000,750,5,5,5,11,حي النسيم الغربي,الرياض,شرق الرياض,$5f,24.744034,46.818186,,,سارا الرشيدي,,,2026-05-15,2026-08-11,2026-08-11,1493,2026-08-23,True,"2,000,000",False,فيلا
6837869,https://sa.aqar.fm/فلل-للبيع/الرياض/شرق-الرياض/حي-النسيم-الغربي/شارع-الكروم-حي-النسيم-الغربي-مدينة-الرياض-منطقة-الرياض-6837869,"فيلا للبيع في شارع الكروم, حي النسيم الغربي, مدينة الرياض, منطقة الرياض",1800000,625,6,,,11,حي النسيم الغربي,الرياض,شرق الرياض,"للبيــــــــع فيلا في حي
 النسيم الغربي
المساحة ٦٢٥ م
شارع ١٠ م شمالي 
شارع ١٠م شرقي 
عمر العقار ٢٥ سنه 
مدخلين رجال خاص مدخل نساء خاص غرفة سائق
 
*الدور الارضي* 
مجلسين مقلط غرفه كبار سن مع دورة مياه صالة مطبخ +مستودع 
 
*الدور الاول*
ثلاث غرف نوم قل غرفه بدوره مياه جناح مكون من غرفتين وصالة وحمام وسطح 

البيع مليون و٨٠٠الف  
مباشر من المالك 

https://maps.app.goo.gl/Fvfo1kYi54SRkPMD7?g_st=ac",24.739215,46.820889,https://images.aqar.fm/webp/750x0/props/047744089_1787514784436.jpg,1,صالح بن عبيد بن عايش العنزي,مكتب ابداع الصحافة للخدمات العقارية,1,2026-08-23,2026-08-23,2026-08-24,9,2026-08-24,True,"1,800,000",False,فيلا
