listing_id,url,title,price,area_sqm,rooms,bathrooms,livings,age_years,district,city,direction,description,latitude,longitude,images,images_count,advertiser_name,advertiser_company,advertiser_type,created_at,published_at,last_update,views,date_scraped,published,price_text,price_was_missing,property_type
6576911,https://sa.aqar.fm/فلل-للبيع/الرياض/غرب-الرياض/حي-ظهرة-نمار/شارع-حميدة-الإبراهيمي-حي-العوالي-مدينة-الرياض-منطقة-الرياض-6576911,"فيلا للبيع في شارع حميدة الإبراهيمي, حي العوالي, مدينة الرياض, منطقة الرياض",2000000,300,6,4,2,0,حي ظهرة نمار,الرياض,غرب الرياض,"السلام عليكم ورحمة الله وبركاته 
للبيع نقدا او بالتقسيط 
فيلا  :درج صاله وشقه مفصوله
حي العوالي 
واجهه شرقيه شارع ٢٠م
عباره عن 
مجلس رجال ومقلط وصاله ومطبخ وغرفة كبار السن
فوق ٣غرف نوم وصاله
ومعها سطح
الشقه غرفتين وصاله ومطبخ ومجلس 
شغل عليه كافة الضمانات 
لدينا جميع العروض التي تناسب الجميع 
لدينا حلول تمويليه ميسره 
نتعامل مع جميع البنوك والشركات الخاصه 
للتواصل واتس اب 
((رقم المعلن يظهر عند التواصل))",24.563398,46.589021,https://images.aqar.fm/webp/750x0/props/020143641_1770244800043.jpg | https://images.aqar.fm/webp/750x0/props/020143643_1770244799203.jpg,2,عبدالعزيز سعد الحميدي السبيعي,مؤسسة مكتب عبدالعزيز سعد الحميدي السبيعي للعقارات,1,2026-02-04,2026-07-29,2026-08-22,1387,2026-08-23,True,"2,000,000",False,فيلا
6518925,https://sa.aqar.fm/فلل-للبيع/الرياض/غرب-الرياض/حي-ظهرة-نمار/شارع-حميدة-الإبراهيمي-حي-العوالي-مدينة-الرياض-منطقة-الرياض-6518925,"فيلا للبيع في شارع حميدة الإبراهيمي, حي العوالي, مدينة الرياض, منطقة الرياض",2000000,300,5,3,2,0,حي ظهرة نمار,الرياض,غرب الرياض,"السلام عليكم ورحمة الله وبركاته فيلا
درج صاله وشقه
المساحه 300متر
حي العوالي",24.563579,46.589016,https://images.aqar.fm/webp/750x0/props/048003833_1766522265371.jpg | https://images.aqar.fm/webp/750x0/props/048003833_1766522265513.jpg | https://images.aqar.fm/webp/750x0/props/048003830_1766522265636.jpg | https://images.aqar.fm/webp/750x0/props/048003832_1766522264637.jpg | https://images.aqar.fm/webp/750x0/props/048003830_1766522264652.jpg | https://images.aqar.fm/webp/750x0/props/048003834_1766522264684.jpg | https://images.aqar.fm/webp/750x0/props/048003836_1766522264840.jpg | https://images.aqar.fm/webp/750x0/props/048003837_1766522264704.jpg | https://images.aqar.fm/webp/750x0/props/048003831_1766522264875.jpg | https://images.aqar.fm/webp/750x0/props/048003835_1766522264917.jpg | https://images.aqar.fm/webp/750x0/props/048003837_1766522264987.jpg | https://images.aqar.fm/webp/750x0/props/048003837_1766522265091.jpg | https://images.aqar.fm/webp/750x0/props/048003839_1766522265118.jpg | https://images.aqar.fm/webp/750x0/props/048003832_1766522265221.jpg | https://images.aqar.fm/webp/750x0/props/048003833_1766522265357.jpg | https://images.aqar.fm/webp/750x0/props/048003838_1766522265738.jpg,16,سباء صالح,مكتب اصدار الغربية للعقارات,1,2025-12-23,2025-12-23,2026-03-28,51,2026-08-23,True,"2,000,000",False,فيلا
6670111,https://sa.aqar.fm/فلل-للبيع/الرياض/غرب-الرياض/حي-ظهرة-نمار/شارع-القاسم-بن-يوسف-السبتي-حي-العوالي-مدينة-الرياض-منطقة-الرياض-6670111,"فيلا للبيع في شارع القاسم بن يوسف السبتي, حي العوالي, مدينة الرياض, منطقة الرياض",2000000,300,,5,2,0,حي ظهرة نمار,الرياض,غرب الرياض,"للبيع فيلا جديدة
في حي العوالي
درج داخلي ثلاث إدوار 
مساحة 300 م
شارع 15 شرقي
مكونة من :
الدور الأرضي :
مدخل سيارة حوش واسع  ملحق خارجي
مدخلين : رجال ونساء
مجلس رجال ومقلط
صالة واسعة كبيرة + غرفة كبار سن
مطبخ وثلاث دورات مياة
الدور الأول :
4 غرف نوم ماستر
صالة + مطل من غرفة النوم الرئيسية 
الدور الثاني :
غرفة نوم وصالة
غرفة شغالة وغرفة غسيل وثلاث دورات مياة وسطح كبير",24.553524,46.593223,https://images.aqar.fm/webp/750x0/props/007689704_1777197364399.jpg | https://images.aqar.fm/webp/750x0/props/007689705_1777196561442.jpg | https://images.aqar.fm/webp/750x0/props/007689708_1777196561441.jpg | https://images.aqar.fm/webp/750x0/props/007689703_1777196561439.jpg | https://images.aqar.fm/webp/750x0/props/007689700_1777196561562.jpg | https://images.aqar.fm/webp/750x0/props/007689707_1777196561642.jpg | https://images.aqar.fm/webp/750x0/props/007689709_1777196561656.jpg | https://images.aqar.fm/webp/750x0/props/007689702_1777196561670.jpg | https://images.aqar.fm/webp/750x0/props/007689704_1777196561666.jpg | https://images.aqar.fm/webp/750x0/props/007689706_1777196561764.jpg | https://images.aqar.fm/webp/750x0/props/007689700_1777196561851.jpg | https://images.aqar.fm/webp/750x0/props/007689702_1777196561881.jpg | https://images.aqar.fm/webp/750x0/props/007689702_1777196561899.jpg | https://images.aqar.fm/webp/750x0/props/007689703_1777196561981.jpg | https://images.aqar.fm/webp/750x0/props/007689709_1777196562069.jpg | https://images.aqar.fm/webp/750x0/props/007689706_1777196562086.jpg | https://images.aqar.fm/webp/750x0/props/007689705_1777196562120.jpg | https://images.aqar.fm/webp/750x0/props/007689701_1777196562122.jpg | https://images.aqar.fm/webp/750x0/props/007689708_1777196562183.jpg | https://images.aqar.fm/webp/750x0/props/007689707_1777196562284.jpg | https://images.aqar.fm/webp/750x0/props/007689701_1777196562304.jpg | https://images.aqar.fm/webp/750x0/props/007689701_1777196562322.jpg | https://images.aqar.fm/webp/750x0/props/007689708_1777196562320.jpg | https://images.aqar.fm/webp/750x0/props/007689704_1777196562396.jpg | https://images.aqar.fm/webp/750x0/props/007689706_1777196562483.jpg | https://images.aqar.fm/webp/750x0/props/007689700_1777196562512.jpg | https://images.aqar.fm/webp/750x0/props/007689709_1777196562518.jpg | https://images.aqar.fm/webp/750x0/props/007689709_1777196562555.jpg | https://images.aqar.fm/webp/750x0/props/007689709_1777196562631.jpg,29,عبدالله حمد عواد العنزي,مؤسسة مكتب درة الراية للعقارات,1,2026-04-26,2026-08-20,2026-08-23,436,2026-08-23,True,"2,000,000",False,فيلا
6396857,https://sa.aqar.fm/فلل-للبيع/الرياض/غرب-الرياض/حي-ظهرة-نمار/شارع-أحمد-بن-ناصر-الكناني-حي-العوالي-مدينة-الرياض-منطقة-الرياض-6396857,"فيلا للبيع في شارع أحمد بن ناصر الكناني, حي العوالي, مدينة الرياض, منطقة الرياض",1900000,300,6,5,3,0,حي ظهرة نمار,الرياض,غرب الرياض,"🏡 مؤسسة مسكن الصفوة للعقارات ✨
تعلن عن عرض فاخر في حي العوالي بالقرب من شارع نجم الدين 👇

📏 المساحة: 300 م²
🚪 الواجهة: شرقية – شارع 15م
💰 الأسعار:

1900000 ريال (فيلا متلاصقه, (فيلا مفصولة)2000000
📌 الأسعار قابلة للتفاوض

🔹 مواصفات الفيلا (دوبلكس):     ى

مدخل سيارة 🚗 + غرفة سائق 👤                   
              ز.      
ملحق بالحوش 🌿                                          

مجلس رجال + مقلط + صالة كبيرة 🍴

مطبخ بسيب خلفي

غرفة كبار سن ماستر 🛏️

الدور الثاني:

4 غرف نوم ماستر + صالة 🛋️

الدور الثالث:

غرفة نوم + صالة + غرفة غسيل + غرفة خادمة + سطح 🌆

📜 شهادة إتمام بناء + كافة الضمانات

🌟 مميزات إضافية:
✔️ نوفر مقدم التعاقد بدون فوائد ✅
✔️ سداد المديونية 💳
✔️ التعامل مع جميع البنوك والشركات 🏦
✔️ عروض أخرى بمساحات وأسعار مختلفة

📞 للتواصل والاستفسار:
ريان العتيبي – ((رقم المعلن يظهر عند التواصل))
🔑 كود العرض: 1",24.553264,46.597257,https://images.aqar.fm/webp/750x0/props/034941927_1758749585187.jpg | https://images.aqar.fm/webp/750x0/props/034941920_1758749583907.jpg | https://images.aqar.fm/webp/750x0/props/034941922_1758749583611.jpg | https://images.aqar.fm/webp/750x0/props/034941924_1758749583785.jpg | https://images.aqar.fm/webp/750x0/props/034941921_1758749584091.jpg | https://images.aqar.fm/webp/750x0/props/034941923_1758749584306.jpg | https://images.aqar.fm/webp/750x0/props/034941928_1758749584476.jpg | https://images.aqar.fm/webp/750x0/props/034941924_1758749584751.jpg | https://images.aqar.fm/webp/750x0/props/034941928_1758749584969.jpg | https://images.aqar.fm/webp/750x0/props/034941928_1758749585420.jpg | https://images.aqar.fm/webp/750x0/props/034941928_1758749585655.jpg | https://images.aqar.fm/webp/750x0/props/034941920_1758749585877.jpg | https://images.aqar.fm/webp/750x0/props/034941929_1758749586077.jpg | https://images.aqar.fm/webp/750x0/props/034941928_1758749586343.jpg | https://images.aqar.fm/webp/750x0/props/034941926_1758749586577.jpg | https://images.aqar.fm/webp/750x0/props/034941923_1758749586926.jpg | https://images.aqar.fm/webp/750x0/props/034941926_1758749587271.jpg | https://images.aqar.fm/webp/750x0/props/034941923_1758749587518.jpg | https://images.aqar.fm/webp/750x0/props/034941926_1758749587723.jpg | https://images.aqar.fm/webp/750x0/props/034941927_1758749587935.jpg | https://images.aqar.fm/webp/750x0/props/034941922_1758749588212.jpg | https://images.aqar.fm/webp/750x0/props/034941923_1758749588445.jpg | https://images.aqar.fm/webp/750x0/props/034941924_1758749588665.jpg,23,ريان عبدالله محمد العتيبي,مؤسسة مسكن الصفوة للعقارات,1,2025-09-24,2025-09-24,2026-08-23,721,2026-08-23,True,"1,900,000",False,فيلا
6542097,https://sa.aqar.fm/فلل-للبيع/الرياض/غرب-الرياض/حي-ظهرة-نمار/شارع-زينب-الثقفية-حي-العوالي-مدينة-الرياض-منطقة-الرياض-6542097,"فيلا للبيع في شارع زينب الثقفية, حي العوالي, مدينة الرياض, منطقة الرياض",1150000,260,4,4,1,0,حي ظهرة نمار,الرياض,غرب الرياض,"🏢تاون هاوس للبيع بحى العوالى 
📏مساحة ٢٦٠ م 
💵الاسعار تبدأ من مليون ٧٥ الف  حتى مليون ١٥٠ الف
🏢 يتكون التاون هاوس من حوش و مجلس ومقلط وصالة ومطبخ وغرفة كبار سن بالدور الارضى و٣ غرف نوم منهم غرفة ماستر و  بالدور العلوى و٤ دورات مياه. 
- 🚨متوفر لدينا عروض لشقق وفلل وادوار بصك وتاون هاوس ودوبلكسات فى مختلف المناطق والمخططات 
- 🏦نتعامل مع جميع البنوك والشركات التمويلية فى جميع انحاء المملكة 
-   ولدينا افضل الحلول التمويلية وسداد المديونيات وتوفير الدفعة المقدمة",24.568324,46.601427,https://images.aqar.fm/webp/750x0/props/043198546_1768142604598.jpg | https://images.aqar.fm/webp/750x0/props/043198543_1768142604574.jpg | https://images.aqar.fm/webp/750x0/props/043198545_1768142604584.jpg | https://images.aqar.fm/webp/750x0/props/043198545_1768142604581.jpg | https://images.aqar.fm/webp/750x0/props/043198547_1768142604579.jpg | https://images.aqar.fm/webp/750x0/props/043198547_1768142604570.jpg | https://images.aqar.fm/webp/750x0/props/043198549_1768142604573.jpg | https://images.aqar.fm/webp/750x0/props/043198547_1768142604572.jpg | https://images.aqar.fm/webp/750x0/props/043198540_1768142634080.jpg | https://images.aqar.fm/webp/750x0/props/043198548_1768142634084.jpg | https://images.aqar.fm/webp/750x0/props/043198546_1768142634088.jpg | https://images.aqar.fm/webp/750x0/props/043198541_1768142634073.jpg | https://images.aqar.fm/webp/750x0/props/043198545_1768142634065.jpg | https://images.aqar.fm/webp/750x0/props/043198544_1768142634090.jpg | https://images.aqar.fm/webp/750x0/props/043198549_1768142634082.jpg | https://images.aqar.fm/webp/750x0/props/043198545_1768142634085.jpg | https://images.aqar.fm/webp/750x0/props/043198545_1768142660810.jpg | https://images.aqar.fm/webp/750x0/props/043198542_1768142660796.jpg,18,ورده علي احمد الناشري,مؤسسة الهرم الرابع للعقارات,1,2026-01-11,2026-01-11,2026-07-29,2414,2026-08-23,True,"1,150,000",False,فيلا
6721234,https://sa.aqar.fm/فلل-للبيع/الرياض/غرب-الرياض/حي-ظهرة-نمار/شارع-ابن-جرير-التنوخي-حي-العوالي-مدينة-الرياض-منطقة-الرياض-6721234,"فيلا للبيع في شارع ابن جرير التنوخي, حي العوالي, مدينة الرياض, منطقة الرياض",1650000,388,5,0,0,0,حي ظهرة نمار,الرياض,غرب الرياض,"فرصة لا تُعوّض للسكن أو الاستثمار في حي العوالي 📍

فيلا للبيع في حي العوالي بتصميم عصري وتشطيبات أنيقة
فيلا دوبلكس للبيع 
م 207 
مسطح البناء اكبر 
مجلس رجال 
مقلط 
صالة 
مطبخ 
الدور الاول اربع غرف نوم ماستر 
الدور الثاني 
غرفتين نوم وحده منهم ماستر 
بوفية صغير 
سطح 

موقع حيوي قريب من الخدمات والمدارس والمساجد.
✨ واجهات حديثة ومواقف خاصة",24.562629,46.584048,https://images.aqar.fm/webp/750x0/props/006976430_1780756102001.jpg | https://images.aqar.fm/webp/750x0/props/006976430_1780756102030.jpg | https://images.aqar.fm/webp/750x0/props/006976431_1780756102024.jpg | https://images.aqar.fm/webp/750x0/props/006976435_1780756102011.jpg | https://images.aqar.fm/webp/750x0/props/006976434_1780756102100.jpg | https://images.aqar.fm/webp/750x0/props/006976437_1780756102004.jpg | https://images.aqar.fm/webp/750x0/props/006976435_1780756101999.jpg | https://images.aqar.fm/webp/750x0/props/006976437_1780756102055.jpg | https://images.aqar.fm/webp/750x0/props/006976439_1780756127722.jpg | https://images.aqar.fm/webp/750x0/props/006976434_1780756127765.jpg | https://images.aqar.fm/webp/750x0/props/006976438_1780756127760.jpg,11,ريم القحطاني,مكتب أصول الاملاك للعقارات,1,2026-06-06,2026-08-03,2026-08-21,925,2026-08-23,True,"1,650,000",False,فيلا
6742082,https://sa.aqar.fm/فلل-للبيع/الرياض/غرب-الرياض/حي-ظهرة-نمار/شارع-محمود-الحمصي-حي-العوالي-مدينة-الرياض-منطقة-الرياض-6742082,"فيلا للبيع في شارع محمود الحمصي, حي العوالي, مدينة الرياض, منطقة الرياض",1900000,360,,5,2,1,حي ظهرة نمار,الرياض,غرب الرياض,"🏡 فيلا للبيع مع شقة مستقلة

📍 المواصفات العامة

* المساحة: 360 م²
* الواجهة: شرقية
* عرض الشارع: 15 متر
عمرها 10 سنوات

🔹 مكونات الفيلا

الدور الأرضي:

* مجلس
* مقلط
* صالة
* مطبخ
* غرفة كبار سن
* ملحق خارجي
* غرفة سائق

الدور الأول:

* غرفة نوم ماستر
* غرفتا نوم
* دورة مياه

الدور الثاني:

* غرفة نوم
* دورة مياه
* غرفة غسيل
* سطح

🔹 الشقة المستقلة

الدور الأول:

* مجلس
* صالة
* غرفتا نوم

الدور الثاني:

* غرفة نوم
* دورة مياه
* سطح خاص

✅ تصميم عملي ومناسب للسكن والاستثمار.
✅ وجود شقة مستقلة توفر فرصة دخل إضافي أو سكن مستقل للعائلة.
✅ غرفة سائق مستقلة.
✅ واجهة شرقية على شارع 15 متر.

💰 السعر: 1,900,000 ريال
قابل للتفاوض",24.562192,46.603207,https://images.aqar.fm/webp/750x0/props/013114304_1782058704481.jpg | https://images.aqar.fm/webp/750x0/props/013114303_1782058704464.jpg | https://images.aqar.fm/webp/750x0/props/013114309_1782058704492.jpg | https://images.aqar.fm/webp/750x0/props/013114308_1782058704483.jpg | https://images.aqar.fm/webp/750x0/props/013114300_1782058704486.jpg | https://images.aqar.fm/webp/750x0/props/013114308_1782058704474.jpg | https://images.aqar.fm/webp/750x0/props/013114300_1782058704426.jpg | https://images.aqar.fm/webp/750x0/props/013114308_1782058704476.jpg,8,ساره عبدالله بن محمد الراشد,مؤسسة مكتب أعمار راك للعقارات,1,2026-06-21,2026-08-18,2026-08-18,832,2026-08-23,True,"1,900,000",False,فيلا
6612511,https://sa.aqar.fm/فلل-للبيع/الرياض/غرب-الرياض/حي-ظهرة-نمار/شارع-حميدة-الإبراهيمي-حي-العوالي-مدينة-الرياض-منطقة-الرياض-6612511,"فيلا للبيع في شارع حميدة الإبراهيمي, حي العوالي, مدينة الرياض, منطقة الرياض",1950000,300,6,5,3,0,حي ظهرة نمار,الرياض,غرب الرياض,"فيلا ٣٠٠ متر 
الدور الاول : مجلس + مقلط + صالة + غرفة كبار السن + ٣ دورات مياه 
الدور الثاني : ٣ غرفة نوم + ٣ دورات مياه + غرفة ماستر بالحمام ودولاب الملابس 
الدور الثالث : شقة منفصلة 
مجلس + صالة + غرفتين نوم + ٢ دورة مياه 
السعر : يوجد فيلتين متلاصقتين سعر الفيلا : ١٩٥٠٠٠٠ 
فيلا منفصلة : سعرها ٢٠٠٠٠٠٠

للتواصل والاستفسار 
0546552314",24.563398,46.589021,https://images.aqar.fm/webp/750x0/props/044777355_1772535105337.jpg | https://images.aqar.fm/webp/750x0/props/044777352_1772535104894.jpg | https://images.aqar.fm/webp/750x0/props/044777352_1772535104460.jpg | https://images.aqar.fm/webp/750x0/props/044777354_1772535105632.jpg | https://images.aqar.fm/webp/750x0/props/044777359_1772535104474.jpg | https://images.aqar.fm/webp/750x0/props/044777350_1772535104455.jpg | https://images.aqar.fm/webp/750x0/props/044777354_1772535104672.jpg | https://images.aqar.fm/webp/750x0/props/044777356_1772535104651.jpg | https://images.aqar.fm/webp/750x0/props/044777357_1772535104686.jpg | https://images.aqar.fm/webp/750x0/props/044777353_1772535104691.jpg | https://images.aqar.fm/webp/750x0/props/044777354_1772535104820.jpg | https://images.aqar.fm/webp/750x0/props/044777355_1772535104865.jpg | https://images.aqar.fm/webp/750x0/props/044777357_1772535104925.jpg | https://images.aqar.fm/webp/750x0/props/044777355_1772535105016.jpg | https://images.aqar.fm/webp/750x0/props/044777352_1772535105130.jpg | https://images.aqar.fm/webp/750x0/props/044777358_1772535105140.jpg | https://images.aqar.fm/webp/750x0/props/044777351_1772535105130.jpg | https://images.aqar.fm/webp/750x0/props/044777359_1772535105142.jpg | https://images.aqar.fm/webp/750x0/props/044777353_1772535105376.jpg | https://images.aqar.fm/webp/750x0/props/044777353_1772535105367.jpg | https://images.aqar.fm/webp/750x0/props/044777350_1772535105409.jpg | https://images.aqar.fm/webp/750x0/props/044777351_1772535105363.jpg | https://images.aqar.fm/webp/750x0/props/044777351_1772535105560.jpg | https://images.aqar.fm/webp/750x0/props/044777352_1772535105649.jpg | https://images.aqar.fm/webp/750x0/props/044777354_1772535105672.jpg | https://images.aqar.fm/webp/750x0/props/044777350_1772535105729.jpg | https://images.aqar.fm/webp/750x0/props/044777350_1772535105758.jpg | https://images.aqar.fm/webp/750x0/props/044777358_1772535105952.jpg | https://images.aqar.fm/webp/750x0/props/044777358_1772535105971.jpg | https://images.aqar.fm/webp/750x0/props/044777359_1772535105956.jpg,30,تماني بنت عقيل بن فارس العنزي,مكتب مساكن المهلهل,1,2026-03-03,2026-07-26,2026-08-16,181,2026-08-23,True,"1,950,000",False,فيلا
6581233,https://sa.aqar.fm/فلل-للبيع/الرياض/غرب-الرياض/حي-ظهرة-نمار/شارع-العوالي-حي-العوالي-مدينة-الرياض-منطقة-الرياض-6581233,"فيلا للبيع في شارع العوالي, حي العوالي, مدينة الرياض, منطقة الرياض",1100000,191,5,5,2,0,حي ظهرة نمار,الرياض,غرب الرياض,"للبيع دور علوى مع شقة 
بحى العوالى 
تشطيب فاخر موقع ممتاز   بجوار كل الحدمات 
المساحه 330 متر 
السعر مليون و100 
كما يوجد لدينا فلل وشقق وادوار 
مساحات مختلفه واسعار مناسبه 
لتواصل 
ابو تركي ((رقم المعلن يظهر عند التواصل))",24.55328,46.627869,https://images.aqar.fm/webp/750x0/props/050269009_1770562891920.jpg,1,جابر ال فهاد,شركة ركائز الروعة,1,2026-02-08,2026-08-02,2026-08-23,3765,2026-08-23,True,"1,100,000",False,فيلا
6733281,https://sa.aqar.fm/فلل-للبيع/الرياض/غرب-الرياض/حي-ظهرة-نمار/شارع-عبدالغني-مشرف-حي-العوالي-مدينة-الرياض-منطقة-الرياض-6733281,"فيلا للبيع في شارع عبدالغني مشرف, حي العوالي, مدينة الرياض, منطقة الرياض",1650000,215,7,0,0,0,حي ظهرة نمار,الرياض,غرب الرياض,فله دبلكس جديده زاويه حي العوالي شارعين ٢٠في ٢٠ واجهيتها شماليه عليها جميع الضمانات,24.565682,46.597821,https://images.aqar.fm/webp/750x0/props/052945596_1781483013446.jpg,1,عبدالهادي بن محمد بن ذعار القحطاني,,,2026-06-15,2026-08-12,2026-08-13,304,2026-08-23,True,"1,650,000",False,فيلا
6360411,https://sa.aqar.fm/فلل-للبيع/الرياض/غرب-الرياض/حي-ظهرة-نمار/شارع-يحيى-بن-ظهيره-حي-العوالي-مدينة-الرياض-منطقة-الرياض-6360411,"فيلا للبيع في شارع يحيى بن ظهيره, حي العوالي, مدينة الرياض, منطقة الرياض",1950000,300,6,5,2,0,حي ظهرة نمار,الرياض,غرب الرياض,"التفاصيل:    كود١٧ 
السلام عليكم ورحمه الله وبركاته اسعد الله اوقاتكم بكل خير  شركه اوائل نمار العقارية 
 يسعدنا أن نقدم لكم 
فيلا  درج صاله وشقه تتكون من مدخل سياره واسع ومجلس ومقلط وصاله ومطبخ كبير وغرفة كبار السن الدور الثاني اربع غرف نوم ماستر الشقه تتكون من مجلس رجال وصاله ومطبخ وغرفتين نوم وسطح أمامي  وسطح  خلفي 
 بحى العوالي 
مساحته300م
 شارع20
 واجه شرقيه 
 عليها    مليون 950الف    
 عليها كافة الضمانات  المطلوبة على العوازل والخزنات والبايكه والكهرباء والسباكه  ونتعامل مع جميع البنوك والشركات وتحويل من بنك لاخر  ونسعى فى توفير الدفعه الاولى مجانا وسداد المديونية وتخليص أمور البنك
 للتواصل  كود١٧",24.562529,46.59091,https://images.aqar.fm/webp/750x0/props/020124848_1768538692437.jpg | https://images.aqar.fm/webp/750x0/props/020124845_1756667097274.jpg | https://images.aqar.fm/webp/750x0/props/020124844_1756666615007.jpg | https://images.aqar.fm/webp/750x0/props/020124849_1756667094982.jpg | https://images.aqar.fm/webp/750x0/props/020124843_1756667095239.jpg | https://images.aqar.fm/webp/750x0/props/020124842_1756667095371.jpg | https://images.aqar.fm/webp/750x0/props/020124840_1756667095522.jpg | https://images.aqar.fm/webp/750x0/props/020124841_1756667095650.jpg | https://images.aqar.fm/webp/750x0/props/020124843_1756667095805.jpg | https://images.aqar.fm/webp/750x0/props/020124842_1756667095949.jpg | https://images.aqar.fm/webp/750x0/props/020124842_1756667096111.jpg | https://images.aqar.fm/webp/750x0/props/020124842_1756667096291.jpg | https://images.aqar.fm/webp/750x0/props/020124840_1756667096436.jpg | https://images.aqar.fm/webp/750x0/props/020124842_1756667096613.jpg | https://images.aqar.fm/webp/750x0/props/020124841_1756667096770.jpg | https://images.aqar.fm/webp/750x0/props/020124845_1756667096934.jpg | https://images.aqar.fm/webp/750x0/props/020124846_1756667097136.jpg | https://images.aqar.fm/webp/750x0/props/020124842_1756667097451.jpg | https://images.aqar.fm/webp/750x0/props/020124846_1756667097594.jpg | https://images.aqar.fm/webp/750x0/props/020124841_1756667097775.jpg | https://images.aqar.fm/webp/750x0/props/020124846_1756667097911.jpg | https://images.aqar.fm/webp/750x0/props/020124840_1756667098076.jpg | https://images.aqar.fm/webp/750x0/props/020124846_1756667098222.jpg | https://images.aqar.fm/webp/750x0/props/020124847_1756667098390.jpg | https://images.aqar.fm/webp/750x0/props/020124840_1756667098570.jpg | https://images.aqar.fm/webp/750x0/props/020124842_1756667098714.jpg | https://images.aqar.fm/webp/750x0/props/020124846_1756667098873.jpg | https://images.aqar.fm/webp/750x0/props/020124847_1756667099252.jpg,28,جبر لافي عوض العتيبي,مؤسسة اوائل نمار العقارية,1,2025-08-31,2025-08-31,2026-08-20,752,2026-08-23,True,"1,950,000",False,فيلا
6357332,https://sa.aqar.fm/فلل-للبيع/الرياض/غرب-الرياض/حي-ظهرة-نمار/شارع-هارون-الدمشقي-حي-العوالي-مدينة-الرياض-منطقة-الرياض-6357332,"فيلا للبيع في شارع هارون الدمشقي, حي العوالي, مدينة الرياض, منطقة الرياض",1900000,300,6,5,3,0,حي ظهرة نمار,الرياض,غرب الرياض,"التفاصيل:كود 27 
السلام عليكم ورحمه الله وبركاته اسعد الله اوقاتكم بكل خير  شركه أوائل نمار العقارية
يسعدنا أن نقدم لكم 
فيلا درج صاله وشقه
بحى ظهرة نمار العولي
مساحته 300
شارع20 
واجهه شرقيه 
عليها مليون 950        ألف
فيلا درج صاله وشقه ٣٠٠متر
وجها شرقيه شارع٢٠ 
تتكون من مدخل سياره ومجلس رجال بالمغاسل ومقلط وصاله ومطبخ ومستودع وغرفه كبار السن 
العلوي صاله وأربع غرف نوم ماستر
الشقة تتكون من 
مجلس رجالي بالمغاسل وصاله ومطبخ وغرفتين نوم وغرفة غسيل
وسطح أمامي وخلفي 

المنفصلة ٢مليون 
المتلاصقة مليون ٩٥٠ الف
عليها كافة الضمانات  المطلوبة على العوازل والخزنات والبايكه والكهرباء والسباكه  ونتعامل مع جميع البنوك والشركات وتحويل من بنك لاخر  ونسعى فى توفير الدفعه الاولى مجانا وسداد المديونية وتخليص أمور  البنك",24.56287,46.587535,https://images.aqar.fm/webp/750x0/props/020124845_1756501900779.jpg | https://images.aqar.fm/webp/750x0/props/020124847_1756501901654.jpg | https://images.aqar.fm/webp/750x0/props/020124842_1756501901895.jpg | https://images.aqar.fm/webp/750x0/props/020124842_1756501900668.jpg | https://images.aqar.fm/webp/750x0/props/020124845_1756501900998.jpg | https://images.aqar.fm/webp/750x0/props/020124845_1756501901108.jpg | https://images.aqar.fm/webp/750x0/props/020124848_1756501901236.jpg | https://images.aqar.fm/webp/750x0/props/020124841_1756501901349.jpg | https://images.aqar.fm/webp/750x0/props/020124848_1756501901471.jpg | https://images.aqar.fm/webp/750x0/props/020124849_1756501901743.jpg | https://images.aqar.fm/webp/750x0/props/020124840_1756501902114.jpg | https://images.aqar.fm/webp/750x0/props/020124849_1756501902270.jpg | https://images.aqar.fm/webp/750x0/props/020124840_1756501902369.jpg | https://images.aqar.fm/webp/750x0/props/020124841_1756501902531.jpg | https://images.aqar.fm/webp/750x0/props/020124841_1756501902762.jpg | https://images.aqar.fm/webp/750x0/props/020124843_1756501902916.jpg | https://images.aqar.fm/webp/750x0/props/020124843_1756501903015.jpg | https://images.aqar.fm/webp/750x0/props/020124847_1756501903163.jpg | https://images.aqar.fm/webp/750x0/props/020124844_1756501903317.jpg,19,جبر لافي عوض العتيبي,مؤسسة اوائل نمار العقارية,1,2025-08-29,2025-08-29,2026-08-23,611,2026-08-23,True,"1,900,000",False,فيلا
6554812,https://sa.aqar.fm/فلل-للبيع/الرياض/غرب-الرياض/حي-ظهرة-نمار/شارع-علي-الغاني-حي-العوالي-مدينة-الرياض-منطقة-الرياض-6554812,"فيلا للبيع في شارع علي الغاني, حي العوالي, مدينة الرياض, منطقة الرياض",1600000,255,,,3,7,حي ظهرة نمار,الرياض,غرب الرياض,"السعر قابل للتفاوض
للبيع فيلا العوالي -- المخطط الأمني
📏 المساحة: 255 م²
🏠 عمر العقار: 7 سنوات
🧭 الواجهة: شمالية
🛣️ الشارع: 15 متر
مرهونه للبنك سداد مبكر ٩٤٠ الف
🟦 الدور الأرضي:
▫️ مشب خارجي (6 × 5)
▫️ مجلس رجال
▫️ مقلط
▫️ صالة كبيرة
▫️ مطبخ
▫️ مستودع
▫️ 2 دورات مياه
🟩 الدور الأول:
▫️ صالة متوسطة
▫️ 2 غرف ماستر بدورات مياه
▫️ 2 غرف نوم عادية
▫️ 1 دورة مياه
🟥 الدور الثاني (الملحق):
▫️ صالة كبيرة
▫️ 2 غرف نوم
▫️ غرفة خادمة
▫️ 2 دورات مياه
🔺 السطح:
▫️ سطح خاص
📄 مميزات وإضافات:

✅ شهادة إتمام بناء (شهادة إشغال)
✅ ضمانات على البناء
✅ يوجد جميع الخدمات
كهرباء - اتصالات - ماء - صرف صحي",24.551463,46.627162,https://images.aqar.fm/webp/750x0/props/042480331_1768924354926.jpg | https://images.aqar.fm/webp/750x0/props/042480336_1768924387845.jpg | https://images.aqar.fm/webp/750x0/props/042480332_1768924387819.jpg | https://images.aqar.fm/webp/750x0/props/042480337_1768924387813.jpg | https://images.aqar.fm/webp/750x0/props/042480331_1768924387823.jpg | https://images.aqar.fm/webp/750x0/props/042480337_1768924387809.jpg | https://images.aqar.fm/webp/750x0/props/042480330_1768924387814.jpg | https://images.aqar.fm/webp/750x0/props/042480330_1768924387841.jpg | https://images.aqar.fm/webp/750x0/props/042480332_1768924387844.jpg | https://images.aqar.fm/webp/750x0/props/042480331_1768924387843.jpg | https://images.aqar.fm/webp/750x0/props/042480339_1768924387827.jpg | https://images.aqar.fm/webp/750x0/props/042480338_1768924387847.jpg | https://images.aqar.fm/webp/750x0/props/042480338_1768924387815.jpg | https://images.aqar.fm/webp/750x0/props/042480331_1768924387841.jpg | https://images.aqar.fm/webp/750x0/props/042480332_1768924387852.jpg | https://images.aqar.fm/webp/750x0/props/042480332_1768924387858.jpg | https://images.aqar.fm/webp/750x0/props/042480334_1768924387852.jpg | https://images.aqar.fm/webp/750x0/props/042480333_1768924387847.jpg | https://images.aqar.fm/webp/750x0/props/042480334_1768924387860.jpg | https://images.aqar.fm/webp/750x0/props/042480331_1768924387841.jpg | https://images.aqar.fm/webp/750x0/props/042480338_1768924387835.jpg | https://images.aqar.fm/webp/750x0/props/042480330_1768924387857.jpg | https://images.aqar.fm/webp/750x0/props/042480334_1768924387851.jpg | https://images.aqar.fm/webp/750x0/props/042480338_1768924388050.jpg,24,عبدالاله عبدالعزيز عبدالله بن عون,,,2026-01-20,2026-01-20,2026-08-10,1009,2026-08-23,True,"1,600,000",False,فيلا
6738740,https://sa.aqar.fm/فلل-للبيع/الرياض/غرب-الرياض/حي-ظهرة-نمار/شارع-عقبة-بن-عثمان-بن-خلدة-حي-العوالي-مدينة-الرياض-منطقة-الرياض-6738740,"فيلا للبيع في شارع عقبة بن عثمان بن خلدة, حي العوالي, مدينة الرياض, منطقة الرياض",1050000,215,7,0,0,0,حي ظهرة نمار,الرياض,غرب الرياض,"فيلا تاون هاوس بحي العوال من افضل المواصفات والتصميم 
تتكون من 3 ادوار 
الدور الاارضي يتكون من 
مجلس مستقل ودورات مياه ومغسلتين 
ومقلط واسع 
وصاله مشاء الله واسعه 
ومطبخ 
الدور الااول يتكون من 
3 غرف نوم كبار وصاله 
العلوي 
ملحق وسطح 
جميع الخدمات متوفره ومن افضل الااحياء بغرب الرياض العوالي 
يتوفر الصرف الصحي 
وألياف بصريه 
عداد مويه مستقل 
عداد عداد كهرباء مستقل

جميع الضمانات موجوده 
عزل حراري وعزل مائي
ضمان ملاذ ١٠ سنوات ضد العيوب الخفيه واوراقها جاهزه كلها من 
شهاده اتمام البنا 
شهاده اطلاق التيار الكهرباي
شهاده العزل 
ضمان الافياش الكهربايه ٢٥ سنه شركه الرايد 
السباكه التحويل ضمان ١٥ سنه ويوجد ضماناتها المواصير الحراري واللمنيوم جميها دبل",24.565659,46.594478,https://images.aqar.fm/webp/750x0/props/011961393_1781820001003.jpg | https://images.aqar.fm/webp/750x0/props/011961393_1781821569129.jpg | https://images.aqar.fm/webp/750x0/props/011961394_1781821569093.jpg | https://images.aqar.fm/webp/750x0/props/011961396_1781821569127.jpg | https://images.aqar.fm/webp/750x0/props/011961393_1781821569090.jpg | https://images.aqar.fm/webp/750x0/props/011961393_1781821569098.jpg | https://images.aqar.fm/webp/750x0/props/011961392_1781821569092.jpg | https://images.aqar.fm/webp/750x0/props/011961397_1781821569127.jpg | https://images.aqar.fm/webp/750x0/props/011961395_1781821569126.jpg | https://images.aqar.fm/webp/750x0/props/011961392_1781821611461.jpg | https://images.aqar.fm/webp/750x0/props/011961398_1781821611464.jpg | https://images.aqar.fm/webp/750x0/props/011961393_1781821611452.jpg | https://images.aqar.fm/webp/750x0/props/011961391_1781821611455.jpg | https://images.aqar.fm/webp/750x0/props/011961393_1781821611442.jpg | https://images.aqar.fm/webp/750x0/props/011961399_1781821611456.jpg | https://images.aqar.fm/webp/750x0/props/011961391_1781821611454.jpg | https://images.aqar.fm/webp/750x0/props/011961391_1781821611452.jpg,17,حسن حشاش حسن العرجاني,,,2026-06-18,2026-07-18,2026-07-27,780,2026-08-23,True,"1,050,000",False,فيلا
6357281,https://sa.aqar.fm/فلل-للبيع/الرياض/غرب-الرياض/حي-ظهرة-نمار/شارع-نصر-بن-عمران-حي-العوالي-مدينة-الرياض-منطقة-الرياض-6357281,"فيلا للبيع في شارع نصر بن عمران, حي العوالي, مدينة الرياض, منطقة الرياض",1950000,300,6,5,2,0,حي ظهرة نمار,الرياض,غرب الرياض,"بسم ألله الرحمن الرحيم

كوووووود 19

 اسعد الله اوقاتكم بكل خير

  فيلا درج صاله وشقه ٣٠٠متر
وجها شرقيه شارع٢٠ 

تتكون

 من مدخل سياره ومجلس رجال بالمغاسل ومقلط وصاله ومطبخ ومستودع وغرفه كبار السن 
العلوي صاله وأربع غرف نوم ماستر

الشقة تتكون من 
مجلس رجالي بالمغاسل وصاله ومطبخ وغرفتين نوم وغرفة غسيل
وسطح أمامي وخلفي 

 
المتلاصقة مليون ٩٥٠ الف

 حي   العوالي

 السعر      ويوجد تسديد جميع  المديونيات داخل البنك وخارجه
   توفير الدفعه بدون فوائد ويوجد جميع الضمانات اللازمة للعقار كل من السباكه والكهرباء والعوازل وخزنات المياه والبايكه ونتعامل مع جميع البنوك داخل المملكه ولدينا جميع الحلول التمويليه اللازمه
 
كوووووود 19",24.563417,46.587471,https://images.aqar.fm/webp/750x0/props/020124843_1756499571997.jpg | https://images.aqar.fm/webp/750x0/props/020124842_1756499570396.jpg | https://images.aqar.fm/webp/750x0/props/020124847_1756499570566.jpg | https://images.aqar.fm/webp/750x0/props/020124846_1756499570682.jpg | https://images.aqar.fm/webp/750x0/props/020124840_1756499570845.jpg | https://images.aqar.fm/webp/750x0/props/020124841_1756499570933.jpg | https://images.aqar.fm/webp/750x0/props/020124849_1756499571046.jpg | https://images.aqar.fm/webp/750x0/props/020124843_1756499571168.jpg | https://images.aqar.fm/webp/750x0/props/020124847_1756499571321.jpg | https://images.aqar.fm/webp/750x0/props/020124846_1756499571447.jpg | https://images.aqar.fm/webp/750x0/props/020124841_1756499571605.jpg | https://images.aqar.fm/webp/750x0/props/020124845_1756499571727.jpg | https://images.aqar.fm/webp/750x0/props/020124840_1756499571892.jpg | https://images.aqar.fm/webp/750x0/props/020124842_1756499572227.jpg | https://images.aqar.fm/webp/750x0/props/020124842_1756499572288.jpg | https://images.aqar.fm/webp/750x0/props/020124845_1756499572406.jpg | https://images.aqar.fm/webp/750x0/props/020124841_1756499572569.jpg | https://images.aqar.fm/webp/750x0/props/020124847_1756499572638.jpg | https://images.aqar.fm/webp/750x0/props/020124846_1756499572800.jpg,19,جبر لافي عوض العتيبي,مؤسسة اوائل نمار العقارية,1,2025-08-29,2025-08-29,2026-08-20,774,2026-08-23,True,"1,950,000",False,فيلا
6561805,https://sa.aqar.fm/فلل-للبيع/الرياض/غرب-الرياض/حي-ظهرة-نمار/حي-العوالي-مدينة-الرياض-منطقة-الرياض-6561805,"فيلا للبيع في حي العوالي, مدينة الرياض, منطقة الرياض",1075000,173,6,,,0,حي ظهرة نمار,الرياض,غرب الرياض,"للبيع بالنقد والتقسيط في حي العوالي تاون هاوس مساحه 300 متر قريبه من جميع الخدمات واجهه 20  جنوبي الكود الجديد عليها جميع الضمانات كما يوجد حلول تمويليه وتخليص جميع الاوراق لدى جميع البنوك باقل نسبه مرابحه السعر مليون و50,000 مكونات الفيلا مدخل سياره مجلس صاله مطبخ خمس غرف نوم خمس دورات مياه وسطحين 
الاستفسار /((رقم المعلن يظهر عند التواصل))",24.558765,46.612773,https://images.aqar.fm/webp/750x0/props/002452716_1769361250308.png | https://images.aqar.fm/webp/750x0/props/002452710_1769360147918.jpg | https://images.aqar.fm/webp/750x0/props/002452718_1769360147912.jpg | https://images.aqar.fm/webp/750x0/props/002452714_1769360147903.jpg | https://images.aqar.fm/webp/750x0/props/002452714_1769360147915.jpg | https://images.aqar.fm/webp/750x0/props/002452718_1769360147925.jpg | https://images.aqar.fm/webp/750x0/props/002452713_1769360147912.jpg | https://images.aqar.fm/webp/750x0/props/002452719_1769360147937.jpg | https://images.aqar.fm/webp/750x0/props/002452712_1769360147937.jpg | https://images.aqar.fm/webp/750x0/props/002452715_1769360147938.jpg | https://images.aqar.fm/webp/750x0/props/002452712_1769360147944.jpg | https://images.aqar.fm/webp/750x0/props/002452710_1769360147942.jpg,12,خالد العصيمي,شركة بنود العقارية,1,2026-01-25,2026-08-17,2026-08-17,2377,2026-08-23,True,"1,075,000",False,فيلا
6764149,https://sa.aqar.fm/فلل-للبيع/الرياض/غرب-الرياض/حي-ظهرة-نمار/شارع-عبدالرحمن-بن-موسى-حي-العوالي-مدينة-الرياض-منطقة-الرياض-6764149,"فيلا للبيع في شارع عبدالرحمن بن موسى, حي العوالي, مدينة الرياض, منطقة الرياض",3500000,540,,7,4,4,حي ظهرة نمار,الرياض,غرب الرياض,"فيلا مساحة 540 شرقية شمالية شوارع 20 بالمربع الذهبي في حي العوالي بمدينة الرياض
واجهة حجر 
دور وثلاث شقق ومؤسس شقة رابعة
خزان أرضي وعلوي منفصل للدور الأرضي
وخزان ثاني أرضي للشقق مع خزانات علوية لكل شقة
سعة الخزانات الأرضية تقريبا 64 م 3 لكل خزان
الدور الأرضي مؤجر ب 50،000
30،000 للشقتين
25،000 لشقة
بناء شخصي 
العمر 4 سنوات تقريباً

الدور الأرضي يحتوي على :
3غرف نوم واحده منهم ماستر وصالتين وغرفة غسيل وملحق خارجي وغرفة سواق وغرفة خادمة ومستودع ومطبخ

الشقق تحتوي على :
2غرفة نوم وصالة مع حمام ومجلس مع حمام ومطبخ",24.552798,46.614892,https://images.aqar.fm/webp/750x0/props/049134380_1783441793251.jpg | https://images.aqar.fm/webp/750x0/props/049134387_1783441793189.jpg | https://images.aqar.fm/webp/750x0/props/049134384_1783441793146.jpg | https://images.aqar.fm/webp/750x0/props/049134388_1783441793163.jpg | https://images.aqar.fm/webp/750x0/props/049134388_1783441793227.jpg | https://images.aqar.fm/webp/750x0/props/049134385_1783441793254.jpg | https://images.aqar.fm/webp/750x0/props/049134381_1783441793164.jpg | https://images.aqar.fm/webp/750x0/props/049134385_1783441793170.jpg | https://images.aqar.fm/webp/750x0/props/049134381_1783441793137.jpg | https://images.aqar.fm/webp/750x0/props/049134386_1783441793136.jpg,10,ايمن سليمان,مكتب دنم إرث العقارية,1,2026-07-07,2026-08-20,2026-08-21,437,2026-08-23,True,"3,500,000",False,فيلا
6538177,https://sa.aqar.fm/فلل-للبيع/الرياض/غرب-الرياض/حي-ظهرة-نمار/شارع-القاسم-بن-يوسف-السبتي-حي-العوالي-مدينة-الرياض-منطقة-الرياض-6538177,"فيلا للبيع في شارع القاسم بن يوسف السبتي, حي العوالي, مدينة الرياض, منطقة الرياض",2000000,300,,6,3,0,حي ظهرة نمار,الرياض,غرب الرياض,"*🔷للبيع فلل دبلكس  🔷*
🔹موقع مميز بتصميم ممتاز🔹

الحي | العوالي
المساحة | 300م

*☑️المميزات:*
• موقع مميز قريب من جميع الخدمات
• ⁠ غرفة سائق

*⬇️ تفاصيل الفيلا .
*🔘الدور الأرضي:-
*مدخل سيارة .
•ارتداد جانبي.
•مشب 
• ⁠مجلس رجال + مغاسل ودورة مياه
• ⁠ مقلط 
• صالة + مدخل نساء
• ⁠ دورة مياه ومغاسل على الصالة
• ⁠مطبخ
• غرفه كبار سن ماستر مع ارتداد خلفي.
• درج داخلي 

*🔘الدور الأول:*
•4 غرف نوم  ماستر  
• بلكونه بداخل غرفه نوم 
• ارتداد امامي.
• ⁠ صالة .
• مغسله + حمام

*🔘الدور الثاني:*
• ⁠غرفه عامله ماستر 
• غرفه مع ارتداد جانبي
• ⁠ صالة
• ⁠سطحين .
• حمام

*✔️جميع الضمانات موجوده من سنتين الي عشرين سنه :*

📞 للتواصل وحجز موعد للمعاينة: ((رقم المعلن يظهر عند التواصل))

في حال عدم الرد التواصل واتساب",24.553557,46.593261,https://images.aqar.fm/webp/750x0/props/046937832_1767816568083.jpg | https://images.aqar.fm/webp/750x0/props/046937837_1767816568083.jpg | https://images.aqar.fm/webp/750x0/props/046937837_1767816568115.jpg | https://images.aqar.fm/webp/750x0/props/046937836_1767816568091.jpg | https://images.aqar.fm/webp/750x0/props/046937836_1767816568088.jpg | https://images.aqar.fm/webp/750x0/props/046937833_1767816615406.jpg | https://images.aqar.fm/webp/750x0/props/046937835_1767816615397.jpg | https://images.aqar.fm/webp/750x0/props/046937839_1767816615400.jpg | https://images.aqar.fm/webp/750x0/props/046937837_1767816615429.jpg | https://images.aqar.fm/webp/750x0/props/046937834_1767816615405.jpg | https://images.aqar.fm/webp/750x0/props/046937831_1767816615450.jpg | https://images.aqar.fm/webp/750x0/props/046937832_1767816615413.jpg | https://images.aqar.fm/webp/750x0/props/046937833_1767816615423.jpg,13,عبدالاله زيد,شركة قصر الرقي العقارية,1,2026-01-07,2026-01-07,2026-08-21,365,2026-08-23,True,"2,000,000",False,فيلا
6439752,https://sa.aqar.fm/فلل-للبيع/الرياض/غرب-الرياض/حي-ظهرة-نمار/شارع-عباس-عبدالجبار-حي-العوالي-الرياض-منطقة-الرياض-6439752,"فيلا للبيع في شارع عباس عبدالجبار, حي العوالي, مدينة الرياض, منطقة الرياض",1080000,215,4,5,3,0,حي ظهرة نمار,الرياض,غرب الرياض,"تاون هاوس جديد للبيع حي العوالي مساحه٢١٥ شارع ٢٠ مقابل مسجد
تتكون من الدور الارضي مدخلين مجلس وصاله ومقلط ومطبخ و٢ دوره مياه مع حوش خلفي وامامي
الدور الاول صاله و٣ غرف نوم مع ماستر مع حمام يخدم الغرفتين
الدور الثاني غرفه مع دوره مياه + سطح كبير
تمتاز بالقرب من الخدمات وقرب المسجد يبعد المترو ٥ دقايق وتبعد عن الدايري الغربي ٣ دقايق
تبعد عن مشروع القدية ١٥ دقيقه
عداد مستقل كهرباء
عداد مياه راكب
 البيع مليون و 80  الف 
للتواصل مع المالك
 ‭",24.565139,46.607391,https://images.aqar.fm/webp/750x0/props/014576842_1761414543037.jpg | https://images.aqar.fm/webp/750x0/props/014576846_1761414542946.jpg | https://images.aqar.fm/webp/750x0/props/014576849_1761414542819.jpg | https://images.aqar.fm/webp/750x0/props/014576845_1761414542940.jpg | https://images.aqar.fm/webp/750x0/props/014576849_1761414542945.jpg | https://images.aqar.fm/webp/750x0/props/014576845_1761414542943.jpg | https://images.aqar.fm/webp/750x0/props/014576844_1761414542948.jpg | https://images.aqar.fm/webp/750x0/props/014576846_1761414542949.jpg | https://images.aqar.fm/webp/750x0/props/014576844_1761414543042.jpg | https://images.aqar.fm/webp/750x0/props/014576849_1761414543039.jpg | https://images.aqar.fm/webp/750x0/props/014576843_1761414543044.jpg | https://images.aqar.fm/webp/750x0/props/014576847_1761414543041.jpg | https://images.aqar.fm/webp/750x0/props/014576840_1761414543038.jpg,13,عبدالرحمن بن علي بن شهوان الزهراني,,,2025-10-25,2025-10-26,2026-07-07,2034,2026-08-23,True,"1,080,000",False,فيلا
6605285,https://sa.aqar.fm/فلل-للبيع/الرياض/غرب-الرياض/حي-ظهرة-نمار/شارع-عبدالرحمن-الأفريقي-حي-العوالي-مدينة-الرياض-منطقة-الرياض-6605285,"فيلا للبيع في شارع عبدالرحمن الأفريقي, حي العوالي, مدينة الرياض, منطقة الرياض",2500000,450,7,5,0,10,حي ظهرة نمار,الرياض,غرب الرياض,"فلة مساحة 450  في العوالي  نمار 

شارع 20 واجهه جنوبي 

العمر  10 سنوات 

عليها صندوق عقاري  460 الف عقاري 


السعر قابل للتفاوض",24.553137,46.610328,https://images.aqar.fm/webp/750x0/props/005027534_1772045754851.jpg | https://images.aqar.fm/webp/750x0/props/005027539_1772045754895.jpg | https://images.aqar.fm/webp/750x0/props/005027537_1772045799392.jpg,3,محمد بن راجح,مؤسسة مكتب اضواء نمار للعقارات,1,2026-02-25,2026-06-22,2026-07-14,1065,2026-08-23,True,"2,500,000",False,فيلا
6721278,https://sa.aqar.fm/فلل-للبيع/الرياض/غرب-الرياض/حي-ظهرة-نمار/شارع-نوفل-العامري-حي-العوالي-مدينة-الرياض-منطقة-الرياض-6721278,"فيلا للبيع في شارع نوفل العامري, حي العوالي, مدينة الرياض, منطقة الرياض",1700000,351,5,0,0,0,حي ظهرة نمار,الرياض,غرب الرياض,"فرصة لا تُعوّض للسكن أو الاستثمار في حي العوالي 📍

فيلا للبيع في حي العوالي بتصميم عصري وتشطيبات أنيقة
فيلا دوبلكس للبيع 
م 207 
مسطح البناء اكبر 
مجلس رجال 
مقلط 
صالة 
مطبخ 
الدور الاول اربع غرف نوم ماستر 
الدور الثاني 
غرفتين نوم وحده منهم ماستر 
بوفية صغير 
سطح 

موقع حيوي قريب من الخدمات والمدارس والمساجد.
✨ واجهات حديثة ومواقف خاصة",24.563583,46.585144,https://images.aqar.fm/webp/750x0/props/006976438_1780758412551.jpg | https://images.aqar.fm/webp/750x0/props/006976432_1780758434823.jpg | https://images.aqar.fm/webp/750x0/props/006976430_1780758434800.jpg | https://images.aqar.fm/webp/750x0/props/006976438_1780758463893.jpg | https://images.aqar.fm/webp/750x0/props/006976438_1780758463886.jpg | https://images.aqar.fm/webp/750x0/props/006976431_1780758514130.jpg | https://images.aqar.fm/webp/750x0/props/006976438_1780758514858.jpg | https://images.aqar.fm/webp/750x0/props/006976432_1780758514178.jpg | https://images.aqar.fm/webp/750x0/props/006976435_1780758535321.jpg | https://images.aqar.fm/webp/750x0/props/006976435_1780758535330.jpg | https://images.aqar.fm/webp/750x0/props/006976438_1780758535314.jpg | https://images.aqar.fm/webp/750x0/props/006976430_1780758535395.jpg | https://images.aqar.fm/webp/750x0/props/006976433_1780758535312.jpg,13,ريم القحطاني,مكتب أصول الاملاك للعقارات,1,2026-06-06,2026-08-03,2026-08-21,614,2026-08-23,True,"1,700,000",False,فيلا
6811163,https://sa.aqar.fm/فلل-للبيع/الرياض/غرب-الرياض/حي-ظهرة-نمار/شارع-عبيدالله-بن-سهيل-الأنصاري-حي-العوالي-مدينة-الرياض-منطقة-الرياض-6811163,"فيلا للبيع في شارع عبيدالله بن سهيل الأنصاري, حي العوالي, مدينة الرياض, منطقة الرياض",1250000,208,4,5,2,6,حي ظهرة نمار,الرياض,غرب الرياض,"اعلان ( عقارات شمال الرياض الذهبيه ) 
السعي في ذمة من يصل للعقار عن طريقنا 

فيلا حي العوالي خلف مطاعم الرومانسية مباشرة مساحة 210
الدور الأرضي مجلس رجال مع دورة مياة / مقلط / صالة مع دورة مياة / مطبخ / مدخل سيارة / غرفة سواق خارجية/ درج داخلي

الدور الاول 4 غرف من ضمنها ماستر مع دورة مياة خاصة وغرفه اخرى مع دورة مياة خاصة وغرفتين وصاله صغيرة مع حمام

السطح فيه شقة بناء عظم باقي ماخلصت يبي لها تشطيب
مدخل مستقل

بدون مكيفات وبدون اثاث 🚩
السعر : 1.250.000 ريال 
رخصة فال : 1100274914
ترخيص اعلان : 7100308423 
للتواصل 
((الرقم يظهر عند الضغط على اتصال))",24.553639,46.634945,https://images.aqar.fm/webp/750x0/props/042912067_1786200552139.jpg | https://images.aqar.fm/webp/750x0/props/042912063_1786200552210.jpg | https://images.aqar.fm/webp/750x0/props/042912068_1786200552005.jpg | https://images.aqar.fm/webp/750x0/props/042912065_1786200582948.jpg | https://images.aqar.fm/webp/750x0/props/042912063_1786200582964.jpg | https://images.aqar.fm/webp/750x0/props/042912065_1786200583165.jpg | https://images.aqar.fm/webp/750x0/props/042912061_1786200583134.jpg | https://images.aqar.fm/webp/750x0/props/042912063_1786200583126.jpg,8,يوسف حميدان سالم العقيدي,,,2026-08-08,2026-08-08,2026-08-23,528,2026-08-23,True,"1,250,000",False,فيلا
6646384,https://sa.aqar.fm/فلل-للبيع/الرياض/غرب-الرياض/حي-ظهرة-نمار/شارع-علي-السنهوري-حي-العوالي-مدينة-الرياض-منطقة-الرياض-6646384,"فيلا للبيع في شارع علي السنهوري, حي العوالي, مدينة الرياض, منطقة الرياض",890000,300,6,5,1,0,حي ظهرة نمار,الرياض,غرب الرياض,"السلام عليكم ورحمة الله وبركاته 
للبيع فيلا دور دور شقه لكل دور صك لحاله 
الدور العلوي مع الشقه صك لحاله 
قريبه من مسجد ومدرسة 
المساحه 300م
تشطيب شخصي يوجد جميع الضمانات علي الفيلا
تتكون من &مدخل سيارة &مجلس رجال بدوره مياه &مقلط&مطبخ &صاله&غرفه نوم مستر &2غرفه نوم بدور مياه مشتركه&
الدور العلوي مع الشقه بصك لحاله
يوجد لدينا حلول تمويله ميسره 
نتعامل مع جميع البنوك وتوفير الدفعه المقدمه وتسديد المديونات 
يوجد لدينا جميع أنواع الفيلا وجميع المساحات وباسعار مناسبة جدا 
للتواصل معنا جوال أو وتساب 0579682229",24.565099,46.609013,https://images.aqar.fm/webp/750x0/props/030034447_1775643898453.jpg | https://images.aqar.fm/webp/750x0/props/030034443_1775643942066.jpg | https://images.aqar.fm/webp/750x0/props/030034440_1775643942066.jpg | https://images.aqar.fm/webp/750x0/props/030034440_1775643942072.jpg | https://images.aqar.fm/webp/750x0/props/030034444_1775643942154.jpg | https://images.aqar.fm/webp/750x0/props/030034441_1775643942013.jpg | https://images.aqar.fm/webp/750x0/props/030034446_1775643942083.jpg | https://images.aqar.fm/webp/750x0/props/030034440_1775643942074.jpg | https://images.aqar.fm/webp/750x0/props/030034449_1775644077245.jpg | https://images.aqar.fm/webp/750x0/props/030034443_1775644077244.jpg | https://images.aqar.fm/webp/750x0/props/030034444_1775644077253.jpg | https://images.aqar.fm/webp/750x0/props/030034449_1775644077261.jpg | https://images.aqar.fm/webp/750x0/props/030034440_1775644077263.jpg | https://images.aqar.fm/webp/750x0/props/030034447_1775644077262.jpg | https://images.aqar.fm/webp/750x0/props/030034441_1775644077261.jpg | https://images.aqar.fm/webp/750x0/props/030034442_1775644077262.jpg | https://images.aqar.fm/webp/750x0/props/030034440_1775644112013.jpg | https://images.aqar.fm/webp/750x0/props/030034447_1775644112007.jpg | https://images.aqar.fm/webp/750x0/props/030034446_1775644112013.jpg | https://images.aqar.fm/webp/750x0/props/030034447_1775644112018.jpg | https://images.aqar.fm/webp/750x0/props/030034448_1775644112022.jpg | https://images.aqar.fm/webp/750x0/props/030034449_1775644112020.jpg | https://images.aqar.fm/webp/750x0/props/030034445_1775644112017.jpg | https://images.aqar.fm/webp/750x0/props/030034447_1775644112031.jpg,24,نايف بن عبدالله بن سلطان بن سفران,مؤسسة موافقة العقارية,1,2026-04-08,2026-08-02,2026-08-16,1298,2026-08-23,True,"890,000",False,فيلا
6411414,https://sa.aqar.fm/فلل-للبيع/الرياض/غرب-الرياض/حي-ظهرة-نمار/شارع-ابن-الحطاب-حي-العوالي-مدينة-الرياض-منطقة-الرياض-6411414,"فيلا للبيع في شارع ابن الحطاب, حي العوالي, مدينة الرياض, منطقة الرياض",900000,181,4,3,1,0,حي ظهرة نمار,الرياض,غرب الرياض,"🏡✨ العرض الأقوى في حي العوالى ✨🏡🔥

👑 مؤسسة مسكن الصفوة للعقارات تقدّم لكم👑
سكن راقي ✨ موقع استراتيجي ✨ أسعار ولا في الخيال 😍
             
حي العوالي.    وو                                       
تاون هاوس علوي مساحه 300متر
مدخل سيارة ومجلس رجال وصاله ومطبخ والدور الثالث به ثلاث غرف نوم وصالة مع السطح 
مطلوب 900 الف 
كافة الضمانات بما في ذلك شهاده إتمام البناء 
ماعليكم الا التواصل معنا 
علي رقم ((الرقم يظهر عند الضغط على اتصال))  ريان العتيبي 
🌟 المزايا الذهبية:
💥 عروض حصرية بأسعار تناسب الجميع
💥 نوفر لك الدفعة الأولى بدون فوائد
💥 نسدد المديونية 💳
💥 نتعامل مع جميع البنوك 🏦

📞 للتواصل مباشرة:
📲 ريان– ((رقم المعلن يظهر عند التواصل))
🔑 كود العرض: 5",24.556006,46.607419,https://images.aqar.fm/webp/750x0/props/034941921_1785077596912.jpg | https://images.aqar.fm/webp/750x0/props/034941920_1785077596898.jpg,2,ريان عبدالله محمد العتيبي,مؤسسة مسكن الصفوة للعقارات,1,2025-10-05,2025-10-05,2026-08-23,2438,2026-08-23,True,"900,000",False,فيلا
6665063,https://sa.aqar.fm/فلل-للبيع/الرياض/غرب-الرياض/حي-ظهرة-نمار/شارع-حميدة-الإبراهيمي-حي-العوالي-مدينة-الرياض-منطقة-الرياض-6665063,"فيلا للبيع في شارع حميدة الإبراهيمي, حي العوالي, مدينة الرياض, منطقة الرياض",1900000,300,,5,3,0,حي ظهرة نمار,الرياض,غرب الرياض,"فله مع شقة جديدة للبيع بحي العوالي 

المساحة / ٣٠٠ م

الشارع/ ١٥ م جنوبي 

عمر العقار / جديد

تتكون الفله من  دورين + شقه

الدور الارضي :
مجلس ومقلط وصاله وغرفة كبار سن وثلاث دورات مياه

الدور الاول :
اربع غرف نوم وثلاث دورات مياه 
وحده ماستر

الشقة تتكون من 
مجلس وغرفتين نوم وصاله ودورتين مياه 

سعر البيع / ١،٩٠٠،٠٠٠

للتواصل/ 050672779",24.563398,46.589021,https://images.aqar.fm/webp/750x0/props/049227890_1776809740460.jpg | https://images.aqar.fm/webp/750x0/props/049227897_1776809740458.jpg | https://images.aqar.fm/webp/750x0/props/049227895_1776809740475.jpg | https://images.aqar.fm/webp/750x0/props/049227895_1776809740460.jpg | https://images.aqar.fm/webp/750x0/props/049227897_1776809740475.jpg | https://images.aqar.fm/webp/750x0/props/049227899_1776809740443.jpg | https://images.aqar.fm/webp/750x0/props/049227890_1776809740470.jpg | https://images.aqar.fm/webp/750x0/props/049227894_1776809740461.jpg,8,فهد محمد,,,2026-04-21,2026-08-16,2026-08-23,502,2026-08-23,True,"1,900,000",False,فيلا
6699085,https://sa.aqar.fm/فلل-للبيع/الرياض/غرب-الرياض/حي-ظهرة-نمار/شارع-أحمد-الغزالي-حي-العوالي-مدينة-الرياض-منطقة-الرياض-6699085,"فيلا للبيع في شارع أحمد الغزالي, حي العوالي, مدينة الرياض, منطقة الرياض",950000,191,5,,,0,حي ظهرة نمار,الرياض,غرب الرياض,"فيلا تاون هاوس علوي 
واجهة شرقيه 
شارع ١٨
المساحه ٣٢٥
  
السعر ٩٥٠ الف
مدخل سياره وحوش ومجلس بالمغاسل والحمام ومقلط ٣غرف نوم منهم غرفة ماستر 
الدور التاني غرفتين مع ٢ حمام  وسطح
وغرفه غسيل 
الضمانات:* 
* كود سعودي 
* شهادات اشغال 
* إشراف هندسي 
* إطلاق تيار 
* *10* سنوات هيكل انشائي
* *20* سنه كهرباء 
* *50* سنه سباكه
* *ضمان* علي العوازل كامله 
* *ضمان* بوبات
* *ضمان* من الموسسه المطوره    
 علي المبنئ كامل لمدة *سنه*

كما يوجد لدينا عروض اخري ومسحات مختلفه و بأسعار مناسبه للجميع ولدينا فريق عمل متكامل علي اكمل وجه ويوجد أيضآ جميع الحلول التمويليه نتعامل مع جميع البنوك في جميع أنحاء المملكة العربية السعودية و نوفر لكم الدفعه الأولى مجانأ و بدون اي فوائد 

*للتواصل والاستفسار:* 

*  / 0537243614",24.551488,46.61722,https://images.aqar.fm/webp/750x0/props/048077742_1778927206817.jpg | https://images.aqar.fm/webp/750x0/props/048077749_1778927206088.jpg | https://images.aqar.fm/webp/750x0/props/048077742_1778927206169.jpg | https://images.aqar.fm/webp/750x0/props/048077747_1778927206161.jpg | https://images.aqar.fm/webp/750x0/props/048077749_1778927206270.jpg | https://images.aqar.fm/webp/750x0/props/048077748_1778927206341.jpg | https://images.aqar.fm/webp/750x0/props/048077743_1778927206450.jpg | https://images.aqar.fm/webp/750x0/props/048077744_1778927206531.jpg | https://images.aqar.fm/webp/750x0/props/048077746_1778927206624.jpg | https://images.aqar.fm/webp/750x0/props/048077744_1778927206714.jpg | https://images.aqar.fm/webp/750x0/props/048077749_1778927206900.jpg | https://images.aqar.fm/webp/750x0/props/048077747_1778927206925.jpg | https://images.aqar.fm/webp/750x0/props/048077747_1778927206970.jpg | https://images.aqar.fm/webp/750x0/props/048077740_1778927207049.jpg | https://images.aqar.fm/webp/750x0/props/048077749_1778927207102.jpg,15,تماني بنت عقيل بن فارس العنزي,مكتب مساكن المهلهل,1,2026-05-16,2026-08-11,2026-08-22,1864,2026-08-23,True,"950,000",False,فيلا
6815214,https://sa.aqar.fm/فلل-للبيع/الرياض/غرب-الرياض/حي-ظهرة-نمار/شارع-حمزة-الجعلي-حي-العوالي-مدينة-الرياض-منطقة-الرياض-6815214,"فيلا للبيع في شارع حمزة الجعلي, حي العوالي, مدينة الرياض, منطقة الرياض",2300000,420,,5,5,5,حي ظهرة نمار,الرياض,غرب الرياض,"للبيع فيلا مساحتها 420 بغرب الرياض حي  العوالي العمر / 5 سنوات 
واجهه شرقيه + شارع 15 مقابل مسجد و مرفق 
دور ارضي مستقل + 3 شقق 
الدور الارضي  مساحات كبيره :: 
مكون من : 
حوش 6*6 
مشب
مجلس رجال 
دورة مياه رجاليه 
مقلط 
مجلس نساء 
دورة مياة نساء 
صاله عائليه 
مطبخ 
1 غرفة نوم رئيسيه + دورة مياه 
2 غرف نوم مشتركة بدورة مياه 
غرفة عامله مع دورة مياه 
غرفة غسيل 
//// //// //// //// ////
3 شقق   
مكونه من : 
مجلس رجال + دورة مياه 
صاله 
مطبخ 
2 غرفه مشتركة بدورة مياه
السوم مليونين 300 
عليها بنك مليون",24.55907,46.589828,https://images.aqar.fm/webp/750x0/props/039722281_1786385399063.jpg | https://images.aqar.fm/webp/750x0/props/039722281_1786385399063.jpg,2,صالح بن عبيد بن عايش العنزي,مكتب ابداع الصحافة للخدمات العقارية,1,2026-08-10,2026-08-10,2026-08-23,102,2026-08-23,True,"2,300,000",False,فيلا
6641348,https://sa.aqar.fm/فلل-للبيع/الرياض/غرب-الرياض/حي-ظهرة-نمار/شارع-علي-السنهوري-حي-العوالي-مدينة-الرياض-منطقة-الرياض-6641348,"فيلا للبيع في شارع علي السنهوري, حي العوالي, مدينة الرياض, منطقة الرياض",850000,225,6,0,0,0,حي ظهرة نمار,الرياض,غرب الرياض,"السلام عليكم ورحمة الله وبركاته 
المساحه 300م
للبيع دور ارضي بصك سعر 850 الف &العلوي 750 الف & الشقه 600الف
يوجد مصعد للدور العلوي والشقه
قريبه من جميع  الخدمات 
يوجد لدينا جميع العروض المختلفة وجميع المساحات وباسعار مناسبة جدا 
نتعامل مع جميع البنوك  اعلى تمويل عقاري وأقل هامش ربح
للتواصل جوال أو وتساب 0579682229",24.565099,46.609013,https://images.aqar.fm/webp/750x0/props/030034448_1775325101369.jpg | https://images.aqar.fm/webp/750x0/props/030034442_1775325101435.jpg | https://images.aqar.fm/webp/750x0/props/030034441_1775325101440.jpg | https://images.aqar.fm/webp/750x0/props/030034448_1775325101467.jpg | https://images.aqar.fm/webp/750x0/props/030034447_1775325101466.jpg | https://images.aqar.fm/webp/750x0/props/030034440_1775325101462.jpg | https://images.aqar.fm/webp/750x0/props/030034444_1775325101482.jpg | https://images.aqar.fm/webp/750x0/props/030034445_1775326545254.jpg,8,نايف بن عبدالله بن سلطان بن سفران,مؤسسة موافقة العقارية,1,2026-04-04,2026-07-30,2026-08-16,1305,2026-08-23,True,"850,000",False,فيلا
6580469,https://sa.aqar.fm/فلل-للبيع/الرياض/غرب-الرياض/حي-ظهرة-نمار/شارع-حميدة-الإبراهيمي-حي-العوالي-مدينة-الرياض-منطقة-الرياض-6580469,"فيلا للبيع في شارع حميدة الإبراهيمي, حي العوالي, مدينة الرياض, منطقة الرياض",1900000,300,,,2,0,حي ظهرة نمار,الرياض,غرب الرياض,"للبيع فيلا درج داخلى حي العوالى – عرض رقم 1592 H

المواصفات:
- المساحة 320 متر
- الدور الاول ( مجلس + مقلط + صالة + غرفة كبار السن + 3 دورات مياة + مدخل سيارة )
- الدور الثانى ( 3 غرف نوم + 3 دورات مياة + غرفة ماستر )
- الدور الثالث شقة منفصلة ( مجلس + صالة + غرفتين نوم + مطبخ + 2 دورة مياة + سطح)

المميزات:
- عمر العقار جديد
-تشطيب سوبر لوكس
- الواجهة جنوبية
- موقع مميز في مدينة الرياض
- قريبة من جميع الخدمات والطرق الرئيسية

السعر1,900,000  ريال

رقم العرض:  1592 H

للإستفسارات الرجاء التواصل معنا على الرقم  : (((رقم المعلن يظهر عند التواصل)))
-----------------
الـــفـــريـــح للــــعـــقـــارات",24.563489,46.589019,https://images.aqar.fm/webp/750x0/props/044628563_1770533382245.jpg | https://images.aqar.fm/webp/750x0/props/044628563_1770533382235.jpg | https://images.aqar.fm/webp/750x0/props/044628563_1770533382263.jpg | https://images.aqar.fm/webp/750x0/props/044628561_1770533382246.jpg | https://images.aqar.fm/webp/750x0/props/044628563_1770533382243.jpg | https://images.aqar.fm/webp/750x0/props/044628562_1770533382293.jpg | https://images.aqar.fm/webp/750x0/props/044628568_1770533382267.jpg | https://images.aqar.fm/webp/750x0/props/044628569_1770533382302.jpg | https://images.aqar.fm/webp/750x0/props/044628562_1770533382253.jpg | https://images.aqar.fm/webp/750x0/props/044628564_1770533382268.jpg | https://images.aqar.fm/webp/750x0/props/044628564_1770533382250.jpg | https://images.aqar.fm/webp/750x0/props/044628563_1770533382313.jpg | https://images.aqar.fm/webp/750x0/props/044628568_1770533382341.jpg | https://images.aqar.fm/webp/750x0/props/044628565_1770533382310.jpg | https://images.aqar.fm/webp/750x0/props/044628566_1770533382341.jpg | https://images.aqar.fm/webp/750x0/props/044628568_1770533382347.jpg | https://images.aqar.fm/webp/750x0/props/044628564_1770533382342.jpg | https://images.aqar.fm/webp/750x0/props/044628565_1770533382356.jpg | https://images.aqar.fm/webp/750x0/props/044628563_1770533382371.jpg | https://images.aqar.fm/webp/750x0/props/044628568_1770533382369.jpg | https://images.aqar.fm/webp/750x0/props/044628565_1770533382404.jpg | https://images.aqar.fm/webp/750x0/props/044628563_1770533382425.jpg | https://images.aqar.fm/webp/750x0/props/044628563_1770533382384.jpg | https://images.aqar.fm/webp/750x0/props/044628560_1770533382421.jpg | https://images.aqar.fm/webp/750x0/props/044628565_1770533382430.jpg | https://images.aqar.fm/webp/750x0/props/044628563_1770533382484.jpg | https://images.aqar.fm/webp/750x0/props/044628566_1770533382443.jpg | https://images.aqar.fm/webp/750x0/props/044628569_1770533382467.jpg,28,ريماز مشعل فريح المطيري,مكتب ريماز مشعل فريح المطيري للعقارات,1,2026-02-08,2026-02-08,2026-08-20,326,2026-08-23,True,"1,900,000",False,فيلا
6828790,https://sa.aqar.fm/فلل-للبيع/الرياض/غرب-الرياض/حي-ظهرة-نمار/شارع-عبدالله-مدهر-حي-العوالي-مدينة-الرياض-منطقة-الرياض-6828790,"فيلا للبيع في شارع عبدالله مدهر, حي العوالي, مدينة الرياض, منطقة الرياض",4300000,900,,,,8,حي ظهرة نمار,الرياض,غرب الرياض,"* *شركة بي فاوند العقاريه*
* رقم العرض : 1077
* النوع :  فيلا وشقتين للبيع
* المساحة: 900 م²
* الحي : العوالي
* الشارع : 20 م 
* عمر العقار : 8 سنوات
* الواجهة : شمالية
* السعر : 4.300.000 ريال سوم
* والبيع  4.500.000 ريال قابل للتفاوض 
* الرهن : غير مرهونة 
* *الوصف*
* فيلا كاملة + شقتين بحي العوالي 
*الدور الأرضي*
7 غرف ، تتكون من:
(غرفتين ملحقة بدورة مياه خاصه+ 5 غرف اخرى+ 3 دورات مياه + مطبخ مع دولابه + 3 ملاحق(غرفة ودورة مياه وغرفة سائق مع دورة مياه وغرفة مع دورة مياه).
*الدور الأول*
5 غرف تتكون من :
(3 غرف منها ملحقة بدورة مياه خاصه+ غرفتين+ غرفة غسيل +
غرفه خادمه مع دوره مياه
 دورة مياه خارجية وبلكونه .
-مصعد متسيوبيشي
_غاز مركزي 1000  لتر
……………………..
الدور العلوي
غرفتين + دورتين مياه + سطحين
…………………….
المكيفات في الدور الأرضي والأول راكبة  13 مكيف ، اغلبها نوع جري.
——————
الشقق عدد 2 : 
الاولى في الدور الاول:
تتكون من مجلس و صالة ومطبخ وغرفتين و ثلاث دورات مياه
الثانية في الدور الثاني :
تتكون من مجلس و صالة ومطبخ وغرفتين و دورتين مياه
ملاحظة : عداد كهرب منفصل لكل شقه

رقم الترخيص الإعلاني: 7201091407",24.560072,46.615662,https://images.aqar.fm/webp/750x0/props/035903856_1787051430448.jpg | https://images.aqar.fm/webp/750x0/props/035903857_1787051430337.jpg | https://images.aqar.fm/webp/750x0/props/035903855_1787051430413.jpg | https://images.aqar.fm/webp/750x0/props/035903859_1787051430442.jpg | https://images.aqar.fm/webp/750x0/props/035903857_1787051430469.jpg | https://images.aqar.fm/webp/750x0/props/035903859_1787051430539.jpg | https://images.aqar.fm/webp/750x0/props/035903855_1787051430608.jpg | https://images.aqar.fm/webp/750x0/props/035903852_1787051430629.jpg | https://images.aqar.fm/webp/750x0/props/035903850_1787051430644.jpg | https://images.aqar.fm/webp/750x0/props/035903859_1787051430684.jpg | https://images.aqar.fm/webp/750x0/props/035903854_1787051430762.jpg | https://images.aqar.fm/webp/750x0/props/035903850_1787051430807.jpg,12,مناور احمد,شركة بي فاوند,1,2026-08-18,2026-08-18,2026-08-23,138,2026-08-23,True,"4,300,000",False,فيلا
6715084,https://sa.aqar.fm/فلل-للبيع/الرياض/غرب-الرياض/حي-ظهرة-نمار/شارع-محمد-سعيد-باعشن-حي-العوالي-مدينة-الرياض-منطقة-الرياض-6715084,"فيلا للبيع في شارع محمد سعيد باعشن, حي العوالي, مدينة الرياض, منطقة الرياض",2600000,450,,2,2,4,حي ظهرة نمار,الرياض,غرب الرياض,"🔹فله للبيع  :
	•	الموقع: العوالي 
	•	المساحة: 450 
	•	ثلاث ادوار  
        • يوجد شقتين مكونه من ثلاث غرف وصاله 
	•    شارع /15 
      •    الواجهة/ شرقيه 
🔸 المميزات:
	•موقع مميز مناسب لسكن او الاستثمار 
⸻
على السوم 
📞 للتواصل: ((الرقم يظهر عند الضغط على اتصال))

مؤسسة واجهة المستقبل العقارية 
بيع - ايجار - ادارة املاك - عقود وساطة",24.553071,46.601745,,,سعد سعيد محمد الهاجرى,مؤسسة واجهة المستقبل للعقارات,1,2026-06-01,2026-07-30,2026-08-01,791,2026-08-23,True,"2,600,000",False,فيلا
6587932,https://sa.aqar.fm/فلل-للبيع/الرياض/غرب-الرياض/حي-ظهرة-نمار/شارع-حمزة-الجعلي-حي-العوالي-مدينة-الرياض-منطقة-الرياض-6587932,"فيلا للبيع في شارع حمزة الجعلي, حي العوالي, مدينة الرياض, منطقة الرياض",2300000,420,,5,2,5,حي ظهرة نمار,الرياض,غرب الرياض,"للبيع فيلا مساحتها 420 بغرب الرياض حي  العوالي العمر / 5 سنوات 
واجهه شرقيه + شارع 15 مقابل مسجد و مرفق 
دور ارضي مستقل + 3 شقق 
الدور الارضي  مساحات كبيره :: 
مكون من : 
حوش 6*6 
مشب
مجلس رجال 
دورة مياه رجاليه 
مقلط 
مجلس نساء 
دورة مياة نساء 
صاله عائليه 
مطبخ 
1 غرفة نوم رئيسيه + دورة مياه 
2 غرف نوم مشتركة بدورة مياه 
غرفة عامله مع دورة مياه 
غرفة غسيل 
//// //// //// //// ////
3 شقق   
مكونه من : 
مجلس رجال + دورة مياه 
صاله 
مطبخ 
2 غرفه مشتركة بدورة مياه",24.55907,46.589828,https://images.aqar.fm/webp/750x0/props/048366065_1770909369979.jpg | https://images.aqar.fm/webp/750x0/props/048366066_1770909369425.jpg | https://images.aqar.fm/webp/750x0/props/048366061_1770909369563.jpg | https://images.aqar.fm/webp/750x0/props/048366067_1770909369742.jpg | https://images.aqar.fm/webp/750x0/props/048366066_1770909369746.jpg | https://images.aqar.fm/webp/750x0/props/048366061_1770909369891.jpg | https://images.aqar.fm/webp/750x0/props/048366060_1770909370032.jpg | https://images.aqar.fm/webp/750x0/props/048366061_1770909370218.jpg | https://images.aqar.fm/webp/750x0/props/048366065_1770909370287.jpg | https://images.aqar.fm/webp/750x0/props/048366065_1770909370343.jpg,10,عبدالله بن عبدالرحمن بن علي الهمش,,1,2026-02-12,2026-05-10,2026-08-22,616,2026-08-23,True,"2,300,000",False,فيلا
6526364,https://sa.aqar.fm/فلل-للبيع/الرياض/غرب-الرياض/حي-ظهرة-نمار/شارع-محمد-الصديقي-حي-العوالي-مدينة-الرياض-منطقة-الرياض-6526364,"فيلا للبيع في شارع محمد الصديقي, حي العوالي, مدينة الرياض, منطقة الرياض",1950000,467,7,,,0,حي ظهرة نمار,الرياض,غرب الرياض,"فيلا للبيع مع شقه
مساحه ٣٠٠م حي العوالي الذهبي شارع ٢٠م موقع مميز جدا 
واجهات قزاز ورخام 
وحجر وجه الجبل 
اشراف هندسي كامل للمبني 
وعليها تامين ملاذ 
وشغلها فخم جدا 
داخليا من رخام ارضيات واحواش وابواب قشر جوز 
 عليها جميع الضمانات من سباكه وكهرباء وعوازل وابواب وخزانات 
وموسس فيها مصعد للتواصل 
((رقم المعلن يظهر عند التواصل))
سوم 2 مليون والبيع قريب",24.555932,46.612293,https://images.aqar.fm/webp/750x0/props/004691121_1767040208533.jpg | https://images.aqar.fm/webp/750x0/props/004691127_1767040208536.jpg | https://images.aqar.fm/webp/750x0/props/004691122_1767040208554.jpg | https://images.aqar.fm/webp/750x0/props/004691125_1767040208563.jpg | https://images.aqar.fm/webp/750x0/props/004691129_1767040208550.jpg | https://images.aqar.fm/webp/750x0/props/004691122_1767040208548.jpg | https://images.aqar.fm/webp/750x0/props/004691122_1767040208571.jpg | https://images.aqar.fm/webp/750x0/props/004691129_1767040208575.jpg,8,بندر محمد رمزي المالكي,,,2025-12-29,2025-12-29,2026-08-23,2862,2026-08-23,True,"1,950,000",False,فيلا
6738064,https://sa.aqar.fm/فلل-للبيع/الرياض/غرب-الرياض/حي-ظهرة-نمار/شارع-علي-بن-أبي-منصور-الأزدي-حي-العوالي-مدينة-الرياض-منطقة-الرياض-6738064,"فيلا للبيع في شارع علي بن أبي منصور الأزدي, حي العوالي, مدينة الرياض, منطقة الرياض",1350000,333,7,,,0,حي ظهرة نمار,الرياض,غرب الرياض,"السلام عليكم ورحمة الله وبركاته 
مشروع دبلكسات العوالي 
تشطيب فاخر راقي جدا 
وجهه شماليه 
الشارع 20 متر ا 
مساحة 200 متر 
السر مليون 350 الف 
تفاصيل الفيلا 
مدخل سياره معاه حوش 
ملحق خارجي 
مجلس رجال بحمام ومغاسل 
مقلط وصاله وسيعه ومطبخ 
حوش خلفي 
الدور الاول 
صاله غرفتين نوم مستر 
غرفتين بحمام خرجي 
الملحق صاله غرفة نوم بحمام خرجي معاه سطحين 
يوجد جميع الضمانات علي المبني بالكامل 
يوجد لدينا عروض آخره ممتازه 
يوجد لدينا موظفين في جميع البنوك 
للاستفسار ((الرقم يظهر عند الضغط على اتصال))",24.563533,46.600593,https://images.aqar.fm/webp/750x0/props/021542290_1781790168421.jpg | https://images.aqar.fm/webp/750x0/props/021542295_1781790167965.jpg | https://images.aqar.fm/webp/750x0/props/021542291_1781790167603.jpg | https://images.aqar.fm/webp/750x0/props/021542293_1781790167761.jpg | https://images.aqar.fm/webp/750x0/props/021542294_1781790167959.jpg | https://images.aqar.fm/webp/750x0/props/021542299_1781790167781.jpg | https://images.aqar.fm/webp/750x0/props/021542292_1781790167961.jpg | https://images.aqar.fm/webp/750x0/props/021542294_1781790168201.jpg | https://images.aqar.fm/webp/750x0/props/021542290_1781790168419.jpg | https://images.aqar.fm/webp/750x0/props/021542297_1781790168510.jpg | https://images.aqar.fm/webp/750x0/props/021542296_1781790168639.jpg | https://images.aqar.fm/webp/750x0/props/021542295_1781790168818.jpg | https://images.aqar.fm/webp/750x0/props/021542297_1781790168822.jpg | https://images.aqar.fm/webp/750x0/props/021542291_1781790168873.jpg | https://images.aqar.fm/webp/750x0/props/021542292_1781790169058.jpg | https://images.aqar.fm/webp/750x0/props/021542290_1781790169345.jpg | https://images.aqar.fm/webp/750x0/props/021542298_1781790169578.jpg | https://images.aqar.fm/webp/750x0/props/021542291_1781790169828.jpg | https://images.aqar.fm/webp/750x0/props/021542299_1781790169831.jpg | https://images.aqar.fm/webp/750x0/props/021542290_1781790169960.jpg | https://images.aqar.fm/webp/750x0/props/021542293_1781790169959.jpg | https://images.aqar.fm/webp/750x0/props/021542292_1781790170151.jpg | https://images.aqar.fm/webp/750x0/props/021542291_1781790170266.jpg,23,امنه احمد,مؤسسة امنه احمد جبران مجرشي للخدمات العقارية,1,2026-06-18,2026-08-15,2026-08-15,1256,2026-08-23,True,"1,350,000",False,فيلا
6690510,https://sa.aqar.fm/فلل-للبيع/الرياض/غرب-الرياض/حي-ظهرة-نمار/شارع-أحمد-بن-جعفر-القفطي-حي-العوالي-مدينة-الرياض-منطقة-الرياض-6690510,"فيلا للبيع في شارع أحمد بن جعفر القفطي, حي العوالي, مدينة الرياض, منطقة الرياض",2200000,450,6,5,0,10,حي ظهرة نمار,الرياض,غرب الرياض,"فيلا 450 م 
عمر العقار 5 سنوات شارع 15
شرقيه
درج صاله 
وشقة استثمار 
( واصل مياة المشروع )..
الحاره ممتازه وهااادئة والجيران طيبين والخدمات كلها متوفره وقريبة ..

المواصفات:
الدور الارضي:
مشب خارجي
مجلس رجال
ومقلط
صالة كبيره 
مجلس حريم
غرفة كبار سن
مطبخ
ومستودع صغير 
3 دورات مياة 
يوجد غرفة خارجية بدورة مياة

الدور العلوى:
3 غرف نوم 
منها غرفة ( ماستر ، بالاضافة ل غرفة جانبية )..


شقة استثمارية 
مدخل خاص ،
( 3 غرف وصالة ومدخلين ومطبخ )..",24.556481,46.611518,https://images.aqar.fm/webp/750x0/props/005366061_1782914564827.jpg | https://images.aqar.fm/webp/750x0/props/005366062_1782914572752.jpg | https://images.aqar.fm/webp/750x0/props/005366061_1782914583827.jpg | https://images.aqar.fm/webp/750x0/props/005366064_1782914583831.jpg | https://images.aqar.fm/webp/750x0/props/005366068_1782914603075.jpg | https://images.aqar.fm/webp/750x0/props/005366060_1782914603131.jpg | https://images.aqar.fm/webp/750x0/props/005366067_1782914603085.jpg | https://images.aqar.fm/webp/750x0/props/005366069_1782914603124.jpg | https://images.aqar.fm/webp/750x0/props/005366066_1782914603122.jpg | https://images.aqar.fm/webp/750x0/props/005366061_1782914603134.jpg | https://images.aqar.fm/webp/750x0/props/005366065_1782914603085.jpg | https://images.aqar.fm/webp/750x0/props/005366067_1782914603103.jpg,12,ريم القحطاني,مكتب أصول الاملاك للعقارات,1,2026-05-10,2026-08-05,2026-08-22,1726,2026-08-23,True,"2,200,000",False,فيلا
6717627,https://sa.aqar.fm/فلل-للبيع/الرياض/غرب-الرياض/حي-ظهرة-نمار/شارع-أبي-إسحاق-الأنباسي-حي-العوالي-مدينة-الرياض-منطقة-الرياض-6717627,"فيلا للبيع في شارع أبي إسحاق الأنباسي, حي العوالي, مدينة الرياض, منطقة الرياض",1350000,337,5,5,0,0,حي ظهرة نمار,الرياض,غرب الرياض,"للبيع فيلا فاخرة بحي العوالي – موقع استثنائي 

فيلا مميزة بتصميم عصري ومساحات واسعة، تقع في بداية حي العوالي بموقع استراتيجي تجمع بين الرحابة والخصوصية، وتعد خياراً مثالياً للسكن الراقي والاستثمار المميز.

تفاصيل الفيلا:

🏡 الدور الأرضي

* مجلس رجال أنيق مع دورة مياه
* صالة طعام مستقلة
* صالة عائلية واسعة
* مطبخ بمساحة عملية
* 3 دورات مياه
* تأسيس مصعد

🏡 الدور الأول

* صالة معيشة واسعة
* 4 غرف نوم
* غرفتان ماستر بحمامات خاصة
* غرفتان نوم تخدمهما دورة مياه

🏡 الدور الثاني

* صالة واسعة متعددة الاستخدامات
* غرفة نوم ماستر
* غرفة خادمة
* غرفة غسيل
* سطح كبير يوفر مساحة مثالية للجلسات العائلية

✨ مميزات العقار

* موقع مميز في بداية حي العوالي 
* تصميم عملي يلبي احتياجات الأسرة الكبيرة
* مساحات داخلية واسعة وإضاءة طبيعية ممتازة
* مؤسس مصعد
* مناسب للسكن الراقي

فيلا تجمع بين فخامة الموقع، وجودة التصميم، واتساع المساحات لتمنحك أسلوب حياة أكثر راحة وتميزاً",24.551314,46.637136,https://images.aqar.fm/webp/750x0/props/005366063_1780499190481.jpg,1,ريم القحطاني,مكتب أصول الاملاك للعقارات,1,2026-06-03,2026-07-31,2026-08-21,2337,2026-08-23,True,"1,350,000",False,فيلا
6647326,https://sa.aqar.fm/فلل-للبيع/الرياض/غرب-الرياض/حي-ظهرة-نمار/شارع-زينب-الثقفية-حي-العوالي-مدينة-الرياض-منطقة-الرياض-6647326,"فيلا للبيع في شارع زينب الثقفية, حي العوالي, مدينة الرياض, منطقة الرياض",830000,300,6,5,1,0,حي ظهرة نمار,الرياض,غرب الرياض,"السلام عليكم ورحمة الله وبركاته 
اسعد الله مساكم بكل خير 
للبيع فيلا دور دور شقه لكل دور صك لحاله 
والشقه صك لحالها
المساحه 300م
تشطيب شخصي  
يوجد جميع الضمانات المطلوبة علي الفيلا 
تكون من & مدخل سياره &مجلس رجال بدوره مياه&مقلط &صاله &غرفه نوم مستر &2غرفه نوم بدوره مياه مشتركه 
يوجد جميع العروض العقارية وجميع المساحات  وباسعار مناسبه 
يوجد لدينا حلول تمويله ميسره وإمكانيه توفير الدفعه المقدمه 
لتواصل جوال أو وتساب 0579682229",24.56762,46.60043,https://images.aqar.fm/webp/750x0/props/030034444_1775673942204.jpg | https://images.aqar.fm/webp/750x0/props/030034444_1775673942211.jpg | https://images.aqar.fm/webp/750x0/props/030034441_1775673942208.jpg | https://images.aqar.fm/webp/750x0/props/030034443_1775673942195.jpg | https://images.aqar.fm/webp/750x0/props/030034441_1775673942223.jpg | https://images.aqar.fm/webp/750x0/props/030034445_1775673942215.jpg | https://images.aqar.fm/webp/750x0/props/030034448_1775674080762.jpg | https://images.aqar.fm/webp/750x0/props/030034446_1775674080522.jpg | https://images.aqar.fm/webp/750x0/props/030034445_1775674080766.jpg | https://images.aqar.fm/webp/750x0/props/030034442_1775674080779.jpg | https://images.aqar.fm/webp/750x0/props/030034442_1775674080768.jpg | https://images.aqar.fm/webp/750x0/props/030034440_1775674080768.jpg | https://images.aqar.fm/webp/750x0/props/030034444_1775674080767.jpg | https://images.aqar.fm/webp/750x0/props/030034443_1775674080766.jpg | https://images.aqar.fm/webp/750x0/props/030034448_1775674111728.jpg | https://images.aqar.fm/webp/750x0/props/030034443_1775674111745.jpg | https://images.aqar.fm/webp/750x0/props/030034447_1775674111729.jpg | https://images.aqar.fm/webp/750x0/props/030034441_1775674111736.jpg | https://images.aqar.fm/webp/750x0/props/030034449_1775674111746.jpg | https://images.aqar.fm/webp/750x0/props/030034449_1775674111751.jpg | https://images.aqar.fm/webp/750x0/props/030034445_1775674111776.jpg | https://images.aqar.fm/webp/750x0/props/030034442_1775674111768.jpg,22,نايف بن عبدالله بن سلطان بن سفران,مؤسسة موافقة العقارية,1,2026-04-08,2026-08-03,2026-08-16,1248,2026-08-23,True,"830,000",False,فيلا
6809381,https://sa.aqar.fm/فلل-للبيع/الرياض/غرب-الرياض/حي-ظهرة-نمار/شارع-عبدالملك-القاسم-حي-العوالي-مدينة-الرياض-منطقة-الرياض-6809381,"فيلا للبيع في شارع عبدالملك القاسم, حي العوالي, مدينة الرياض, منطقة الرياض",2600000,450,,7,4,11,حي ظهرة نمار,الرياض,غرب الرياض,"للبيع فيلا بحي العوالي مساحة 450 غربية شارع 20 
الواجهة غربية شمالية العمر تقريباً 15 سنة 
الدور الارضي مجلس 
 
دورتين مياه
 مقلط  
صالة كبيرة 
 درج صالة 
مقلط ثاني 
 غرفة 
 بوفية مفتوح على الصالة 
 مطبخين 
غرفة خادمة


الدور الاول
غرفة ماستر بدورة مياه 
غرفتين بينهم دورة مياه 
صالة 


الدور الثاني
غرفتين ودورة مياه مع سطح 

الشقق اللى في الفيلا 
مدخلين 
مدخل ودورة مياه 
المدخل الثاني مطبخ وصالة وغرفتين مع دورة مياه 
الشقتين بنفس التصميم",24.554059,46.605595,https://images.aqar.fm/webp/750x0/props/049134380_1786033152888.jpg | https://images.aqar.fm/webp/750x0/props/049134388_1786033159555.jpg | https://images.aqar.fm/webp/750x0/props/049134388_1786033187901.jpg | https://images.aqar.fm/webp/750x0/props/049134385_1786033234432.jpg | https://images.aqar.fm/webp/750x0/props/049134386_1786033234432.jpg | https://images.aqar.fm/webp/750x0/props/049134386_1786033234444.jpg | https://images.aqar.fm/webp/750x0/props/049134383_1786033234444.jpg | https://images.aqar.fm/webp/750x0/props/049134387_1786033234448.jpg | https://images.aqar.fm/webp/750x0/props/049134386_1786033234449.jpg | https://images.aqar.fm/webp/750x0/props/049134383_1786033234451.jpg | https://images.aqar.fm/webp/750x0/props/049134381_1786033234454.jpg | https://images.aqar.fm/webp/750x0/props/049134388_1786033234463.jpg | https://images.aqar.fm/webp/750x0/props/049134385_1786033234438.jpg | https://images.aqar.fm/webp/750x0/props/049134386_1786033234441.jpg | https://images.aqar.fm/webp/750x0/props/049134385_1786033234445.jpg,15,ايمن سليمان,مكتب دنم إرث العقارية,1,2026-08-06,2026-08-06,2026-08-16,379,2026-08-23,True,"2,600,000",False,فيلا
6794520,https://sa.aqar.fm/فلل-للبيع/الرياض/غرب-الرياض/حي-ظهرة-نمار/شارع-محمد-البوسيفي-حي-العوالي-مدينة-الرياض-منطقة-الرياض-6794520,"فيلا للبيع في شارع محمد البوسيفي, حي العوالي, مدينة الرياض, منطقة الرياض",1300000,315,5,5,2,0,حي ظهرة نمار,الرياض,غرب الرياض,"فيلا دبلكس للبيع في حي العوالي
مساحة 315 م حسب الفرز
الدور الأرضي
مدخل سيارة مجلس رجال مع دورات مياه خاصه و مغاسل مقلط صالة مع دورة مياه و مطبخ مدخلين للفله
الدور الأول 4 غرف نوم
الدور العلوي صالة جلوس مع دورة مياه و سطح 
غرفة غسيل
غرفة خادمة مع دورة مياه و سطح خاص بالخادمة",24.551068,46.637884,https://images.aqar.fm/webp/750x0/props/000213310_1785251123881.jpg | https://images.aqar.fm/webp/750x0/props/000213314_1785247576549.jpg | https://images.aqar.fm/webp/750x0/props/000213313_1785247575863.jpg | https://images.aqar.fm/webp/750x0/props/000213310_1785247575904.jpg | https://images.aqar.fm/webp/750x0/props/000213311_1785247575918.jpg | https://images.aqar.fm/webp/750x0/props/000213315_1785247575926.jpg | https://images.aqar.fm/webp/750x0/props/000213314_1785247575949.jpg | https://images.aqar.fm/webp/750x0/props/000213319_1785247576095.jpg | https://images.aqar.fm/webp/750x0/props/000213315_1785247576105.jpg | https://images.aqar.fm/webp/750x0/props/000213317_1785247576128.jpg | https://images.aqar.fm/webp/750x0/props/000213317_1785247576174.jpg | https://images.aqar.fm/webp/750x0/props/000213317_1785247576274.jpg | https://images.aqar.fm/webp/750x0/props/000213314_1785247576305.jpg | https://images.aqar.fm/webp/750x0/props/000213312_1785247576347.jpg | https://images.aqar.fm/webp/750x0/props/000213313_1785247576347.jpg | https://images.aqar.fm/webp/750x0/props/000213311_1785247576510.jpg | https://images.aqar.fm/webp/750x0/props/000213311_1785247576547.jpg | https://images.aqar.fm/webp/750x0/props/000213318_1785247576550.jpg | https://images.aqar.fm/webp/750x0/props/000213312_1785247576659.jpg,19,عبدالله محمد,مؤسسة تلال نمار للتطوير العقاري,1,2026-07-28,2026-07-28,2026-08-22,286,2026-08-23,True,"1,300,000",False,فيلا
6391825,https://sa.aqar.fm/فلل-للبيع/الرياض/غرب-الرياض/حي-ظهرة-نمار/شارع-نجم-الدين-الايوبي-الفرعي-حي-العوالي-مدينة-الرياض-منطقة-الرياض-6391825,"فيلا للبيع في شارع نجم الدين الايوبي الفرعي, حي العوالي, مدينة الرياض, منطقة الرياض",1800000,364,6,,,0,حي ظهرة نمار,الرياض,غرب الرياض,"للبيع  بالرياض.  حي طويق. 

فيلا درج صاله وشقه 

مساحه 265م   السعر. مليون 800 الف 

شارع 20م  وجهه شرقيه 

تتكون من مدخل سياره ملحق خارجي  مجلس رجال ومقلط وصاله ومطبخ 

الدور الاول 4 غرف نوم  غرفتين ماستر  وغرفتين بحمام مشترك وصاله 

تفاصيل الشقه 
مجلس رجال  وصاله ومطبخ وغرفتين نوم  وسطح 

يوجد ضمانات علي السباكه والكهرباء والعوازل والبايكه  والحزانات 

يوجد تامين من شركه ملاذ 

للتواصل 
((رقم المعلن يظهر عند التواصل))
ابو صلاح",24.55258,46.627831,https://images.aqar.fm/webp/750x0/props/027749319_1758452078574.jpg,1,مشاعل دعيرم بن جربوع العتيبي,مؤسسة مكتب بداية جديدة للخدمات العقارية,1,2025-09-21,2025-09-21,2026-08-23,3018,2026-08-23,True,"1,800,000",False,فيلا
6673959,https://sa.aqar.fm/فلل-للبيع/الرياض/غرب-الرياض/حي-ظهرة-نمار/شارع-شهاب-الدين-المرشدي-حي-العوالي-مدينة-الرياض-منطقة-الرياض-6673959,"فيلا للبيع في شارع شهاب الدين المرشدي, حي العوالي, مدينة الرياض, منطقة الرياض",1500000,204,,0,0,2,حي ظهرة نمار,الرياض,غرب الرياض,"- للبيع فيلا سكنية في حيّ العوالي واجهة جنوبية (فرصة للمستثمرين)
- تقع الفيلا على شارعيّ 20م - 13م
- وتتكون الفيلا من (8 غرف نوم - 6 دورات مياه - مطبخ واحد - صالتين -
مجلس - مقلط - مشب)
- أيضاً يوجد فيها ثلاث مداخل للفيلا ودرج داخلي واصل الماء والصرف
الصحي راكب.
* العقار مؤجر بالكامل بعقد بعوائد 8% من قيمة العقار *",24.546899,46.630017,https://images.aqar.fm/webp/750x0/props/045824653_1777830247196.jpg | https://images.aqar.fm/webp/750x0/props/045824657_1777830265883.jpg,2,عبدالرحمن الغزي,شركة أيقونة المباني,1,2026-04-28,2026-06-26,2026-08-21,1143,2026-08-23,True,"1,500,000",False,فيلا
6357337,https://sa.aqar.fm/فلل-للبيع/الرياض/غرب-الرياض/حي-ظهرة-نمار/شارع-الحافظ-العسقلاني-حي-العوالي-مدينة-الرياض-منطقة-الرياض-6357337,"فيلا للبيع في شارع  الحافظ العسقلاني, حي العوالي, مدينة الرياض, منطقة الرياض",1850000,300,6,4,2,0,حي ظهرة نمار,الرياض,غرب الرياض,"كود 23

السلام عليكم ورحمة الله وبركاته يسعدنا ان نقدم لكم فيلا دراج صاله 
 بحى العوالي
مساحته  300 متر
 شارع 20م
 واجهه شرقيه 
 عليها كافة الضمانات  المطلوبة
 السعر مليون و ٨٥٠ الف 

كما يوجد لدينا عروض اخر بمساحات مختلفه ونتعامل مع جميع البنوك ونسعه في توفير الدفعه الأولى مجانا ويوجد لدينا تسديد المديونيات مجانا 

كود 23",24.56443,46.590375,https://images.aqar.fm/webp/750x0/props/020124842_1783031794722.jpg | https://images.aqar.fm/webp/750x0/props/020124840_1756501680163.jpg | https://images.aqar.fm/webp/750x0/props/020124841_1756501680297.jpg | https://images.aqar.fm/webp/750x0/props/020124845_1756501680572.jpg | https://images.aqar.fm/webp/750x0/props/020124842_1756501680851.jpg | https://images.aqar.fm/webp/750x0/props/020124843_1756501681132.jpg | https://images.aqar.fm/webp/750x0/props/020124848_1756501681471.jpg | https://images.aqar.fm/webp/750x0/props/020124841_1756501681777.jpg | https://images.aqar.fm/webp/750x0/props/020124843_1756501682093.jpg,9,جبر لافي عوض العتيبي,مؤسسة اوائل نمار العقارية,1,2025-08-29,2025-08-29,2026-08-23,591,2026-08-23,True,"1,850,000",False,فيلا
6615636,https://sa.aqar.fm/فلل-للبيع/الرياض/غرب-الرياض/حي-ظهرة-نمار/شارع-علي-الرهبيني-حي-العوالي-مدينة-الرياض-منطقة-الرياض-6615636,"فيلا للبيع في شارع علي الرهبيني, حي العوالي, مدينة الرياض, منطقة الرياض",2500000,399,,5,3,11,حي ظهرة نمار,الرياض,غرب الرياض,$5e,24.550607,46.628258,https://images.aqar.fm/webp/750x0/props/016226445_1772745437704.jpg | https://images.aqar.fm/webp/750x0/props/016226446_1772745437827.jpg | https://images.aqar.fm/webp/750x0/props/016226444_1772745437782.jpg | https://images.aqar.fm/webp/750x0/props/016226449_1772745437725.jpg | https://images.aqar.fm/webp/750x0/props/016226441_1772745437858.jpg | https://images.aqar.fm/webp/750x0/props/016226448_1772745437871.jpg | https://images.aqar.fm/webp/750x0/props/016226440_1772745437888.jpg | https://images.aqar.fm/webp/750x0/props/016226446_1772745437900.jpg | https://images.aqar.fm/webp/750x0/props/016226449_1772745437916.jpg | https://images.aqar.fm/webp/750x0/props/016226441_1772745437924.jpg | https://images.aqar.fm/webp/750x0/props/016226446_1772745437837.jpg | https://images.aqar.fm/webp/750x0/props/016226447_1772745437840.jpg | https://images.aqar.fm/webp/750x0/props/016226449_1772745437890.jpg | https://images.aqar.fm/webp/750x0/props/016226447_1772745437777.jpg | https://images.aqar.fm/webp/750x0/props/016226440_1772745437825.jpg | https://images.aqar.fm/webp/750x0/props/016226441_1772745437825.jpg | https://images.aqar.fm/webp/750x0/props/016226442_1772745437828.jpg | https://images.aqar.fm/webp/750x0/props/016226440_1772745437735.jpg | https://images.aqar.fm/webp/750x0/props/016226440_1772745437732.jpg | https://images.aqar.fm/webp/750x0/props/016226447_1772745437715.jpg | https://images.aqar.fm/webp/750x0/props/016226444_1772745437712.jpg | https://images.aqar.fm/webp/750x0/props/016226442_1772745437721.jpg | https://images.aqar.fm/webp/750x0/props/016226448_1772745437735.jpg | https://images.aqar.fm/webp/750x0/props/016226448_1772745437798.jpg | https://images.aqar.fm/webp/750x0/props/016226446_1772745437738.jpg | https://images.aqar.fm/webp/750x0/props/016226442_1772745437809.jpg,26,خالد احمد,مؤسسة واجهة عقارك للتطوير والاستثمار العقاري,1,2026-03-05,2026-07-14,2026-08-17,820,2026-08-23,True,"2,500,000",False,فيلا
6710799,https://sa.aqar.fm/فلل-للبيع/الرياض/غرب-الرياض/حي-ظهرة-نمار/شارع-التوحيد-حي-العوالي-مدينة-الرياض-منطقة-الرياض-6710799,"فيلا للبيع في شارع التوحيد, حي العوالي, مدينة الرياض, منطقة الرياض",1140000,332,5,,,0,حي ظهرة نمار,الرياض,غرب الرياض,"السلام عليكم ورحمة الله وبركاته 
مشروع فيلل تاون هاوس 
ثلاث ادوار موقع ممتاز  المربع الذهبي 
جميع الخدمات  شارع 20 متر
تشطيب ممتاز جدا 
تفاصيل الفيلا 
مدخل سياره 
مجلس رجال بحمام ومغاسل 
مقلط وصاله ومطبخ 
الدور الاول 
صاله غرفتين نوم بحمام مشترك 
غرفة نوم مستر 
الدور الثاني 
صاله غرفة نوم بحمام خرجي 
معاه سطحين 
يوجد جميع الضمانات علي المبني بالكامل يوجد تأمين على الفيلا 
يوجد لدينا عروض ثاني ممتاز 
مثل الدبلكس او ادوار بصك 
يوجد لدينا موظفين في جميع البنوك وشركات التمويل العقاري 
للاستفسار 0543792756",24.558559,46.617017,https://images.aqar.fm/webp/750x0/props/021542297_1779726543238.jpg | https://images.aqar.fm/webp/750x0/props/021542296_1779726543345.jpg | https://images.aqar.fm/webp/750x0/props/021542296_1779726527207.jpg | https://images.aqar.fm/webp/750x0/props/021542294_1779726527388.jpg | https://images.aqar.fm/webp/750x0/props/021542298_1779726527431.jpg | https://images.aqar.fm/webp/750x0/props/021542292_1779726527563.jpg | https://images.aqar.fm/webp/750x0/props/021542296_1779726527564.jpg | https://images.aqar.fm/webp/750x0/props/021542294_1779726527607.jpg | https://images.aqar.fm/webp/750x0/props/021542290_1779726527814.jpg | https://images.aqar.fm/webp/750x0/props/021542298_1779726527813.jpg | https://images.aqar.fm/webp/750x0/props/021542295_1779726527814.jpg | https://images.aqar.fm/webp/750x0/props/021542297_1779726527859.jpg | https://images.aqar.fm/webp/750x0/props/021542296_1779726528042.jpg | https://images.aqar.fm/webp/750x0/props/021542291_1779726528051.jpg | https://images.aqar.fm/webp/750x0/props/021542294_1779726528043.jpg | https://images.aqar.fm/webp/750x0/props/021542292_1779726528267.jpg | https://images.aqar.fm/webp/750x0/props/021542294_1779726528266.jpg | https://images.aqar.fm/webp/750x0/props/021542292_1779726543344.jpg,18,امنه احمد,مؤسسة امنه احمد جبران مجرشي للخدمات العقارية,1,2026-05-25,2026-08-21,2026-08-21,1481,2026-08-23,True,"1,140,000",False,فيلا
6382136,https://sa.aqar.fm/فلل-للبيع/الرياض/غرب-الرياض/حي-ظهرة-نمار/شارع-محمد-الرهبيني-حي-العوالي-مدينة-الرياض-منطقة-الرياض-6382136,"فيلا للبيع في شارع محمد الرهبيني, حي العوالي, مدينة الرياض, منطقة الرياض",1200000,318,6,,,0,حي ظهرة نمار,الرياض,غرب الرياض,"حياكم الله نقدم لكم فيلا دبلكس حى العوالى 
فيلا فخامه وبطله تشطيب مودرن 
وبها كافه الضمانات 
ضمان ملاذ من الشركه السعوديه 
وضمان من المالك على كامل الفيلا لمده ٣ سنوات",24.558235,46.614151,https://images.aqar.fm/webp/750x0/props/048258500_1757878275417.jpg | https://images.aqar.fm/webp/750x0/props/048258505_1757878274413.jpg | https://images.aqar.fm/webp/750x0/props/048258502_1757878274366.jpg | https://images.aqar.fm/webp/750x0/props/048258509_1757878274473.jpg | https://images.aqar.fm/webp/750x0/props/048258503_1757878274681.jpg | https://images.aqar.fm/webp/750x0/props/048258502_1757878274883.jpg | https://images.aqar.fm/webp/750x0/props/048258501_1757878275020.jpg | https://images.aqar.fm/webp/750x0/props/048258500_1757878275154.jpg | https://images.aqar.fm/webp/750x0/props/048258503_1757878275283.jpg | https://images.aqar.fm/webp/750x0/props/048258506_1757878275617.jpg | https://images.aqar.fm/webp/750x0/props/048258502_1757878275909.jpg | https://images.aqar.fm/webp/750x0/props/048258502_1757878276199.jpg | https://images.aqar.fm/webp/750x0/props/048258509_1757878276510.jpg | https://images.aqar.fm/webp/750x0/props/048258504_1757878276768.jpg | https://images.aqar.fm/webp/750x0/props/048258509_1757878277072.jpg | https://images.aqar.fm/webp/750x0/props/048258508_1757878277402.jpg | https://images.aqar.fm/webp/750x0/props/048258509_1757878277698.jpg | https://images.aqar.fm/webp/750x0/props/048258508_1757878277827.jpg | https://images.aqar.fm/webp/750x0/props/048258509_1757878278047.jpg | https://images.aqar.fm/webp/750x0/props/048258501_1757878278383.jpg | https://images.aqar.fm/webp/750x0/props/048258504_1757878278697.jpg | https://images.aqar.fm/webp/750x0/props/048258504_1757878279160.jpg | https://images.aqar.fm/webp/750x0/props/048258503_1757878279719.jpg | https://images.aqar.fm/webp/750x0/props/048258503_1757878280215.jpg,24,منيره خالد مقبل القحطاني,مؤسسة البداية الصحيحة للخدمات العقارية,1,2025-09-14,2025-09-14,2026-07-19,4763,2026-08-23,True,"1,200,000",False,فيلا
6619816,https://sa.aqar.fm/فلل-للبيع/الرياض/غرب-الرياض/حي-ظهرة-نمار/شارع-عبدالرحمن-بن-موسى-حي-العوالي-مدينة-الرياض-منطقة-الرياض-6619816,"فيلا للبيع في شارع عبدالرحمن بن موسى, حي العوالي, مدينة الرياض, منطقة الرياض",2300000,495,,5,5,11,حي ظهرة نمار,الرياض,غرب الرياض,"للبيع فيلا في حي العوالي في المربع الذهبي مساحتها ٤٩٥ م جنوبية شارع ٢٠م عبارة عن دور و٣ شقق عمرها ١٢ سنة شغل شخصي عليها صندوق عقاري باقي فيه ١٢٧ الف تتميز بقربها من الخدمات ومن مخرج ٢٧ 
سيمت بمليونين
البيع ٢ مليون و٣٠٠ شامل المتبقي من الرهن
للتواصل : 
أبوعبدالرحمن ((الرقم يظهر عند الضغط على اتصال))",24.553261,46.618717,https://images.aqar.fm/webp/750x0/props/000839507_1773066975917.jpg | https://images.aqar.fm/webp/750x0/props/000839503_1773066975918.jpg | https://images.aqar.fm/webp/750x0/props/000839507_1773067234107.jpg,3,عايض مفرح,,,2026-03-09,2026-08-01,2026-08-22,1808,2026-08-23,True,"2,300,000",False,فيلا
6688060,https://sa.aqar.fm/فلل-للبيع/الرياض/غرب-الرياض/حي-ظهرة-نمار/شارع-حمزة-الجعلي-حي-العوالي-مدينة-الرياض-منطقة-الرياض-6688060,"فيلا للبيع في شارع حمزة الجعلي, حي العوالي, مدينة الرياض, منطقة الرياض",2300000,420,6,3,0,6,حي ظهرة نمار,الرياض,غرب الرياض,"للتواصل هاتف : 0551559070 

للبيع فيلا مساحتها 420 بغرب الرياض حي  العوالي العمر / 5 سنوات 
واجهه شرقيه + شارع 15 مقابل مسجد و مرفق 
دور ارضي مستقل + 3 شقق 
الدور الارضي  مساحات كبيره :: 
مكون من : 
حوش 6*6 
مشب
مجلس رجال 
دورة مياه رجاليه 
مقلط 
مجلس نساء 
دورة مياة نساء 
صاله عائليه 
مطبخ 
1 غرفة نوم رئيسيه + دورة مياه 
2 غرف نوم مشتركة بدورة مياه 
غرفة عامله مع دورة مياه 
غرفة غسيل 
//// //// //// //// ////
3 شقق   
مكونه من : 
مجلس رجال + دورة مياه 
صاله 
مطبخ 
2 غرفه مشتركة بدورة مياه

عليه  مديونيه مليون ريال 
البيع مليون ٢مليون و٤٠٠الف",24.55907,46.589828,https://images.aqar.fm/webp/750x0/props/046936763_1778254571954.jpg,1,فهد بن عبدالله بن زيد التميمي,مؤسسة فهد بن عبدالله بن زيد التميمي للمقاولات,1,2026-05-08,2026-08-03,2026-08-21,324,2026-08-23,True,"2,300,000",False,فيلا
6684706,https://sa.aqar.fm/فلل-للبيع/الرياض/غرب-الرياض/حي-ظهرة-نمار/شارع-زياد-الباهلي-حي-العوالي-مدينة-الرياض-منطقة-الرياض-6684706,"فيلا للبيع في شارع زياد الباهلي, حي العوالي, مدينة الرياض, منطقة الرياض",1100000,234,4,4,2,0,حي ظهرة نمار,الرياض,غرب الرياض,"� تاون هاوس للبيع – تصميم عملي وموقع مميز

مكونة من 3 أدوار بتوزيع مريح وعصري:

• 4 غرف نوم
• صالتين واسعة
• مجلس
• مطبخ
• سطحين
• دورات مياه

📍 موقع ممتاز على شارع 20
مقابل جامع وحديقة كبيرة
قريبة من جميع الخدمات

للاستفسار 
((الرقم يظهر عند الضغط على اتصال))📞

مناسبة للسكن العائلي والراحة اليومية ✨",24.566612,46.600043,https://images.aqar.fm/webp/750x0/props/000543819_1778062089699.jpg | https://images.aqar.fm/webp/750x0/props/000543818_1778062089707.jpg | https://images.aqar.fm/webp/750x0/props/000543812_1778062089727.jpg | https://images.aqar.fm/webp/750x0/props/000543813_1778062089728.jpg | https://images.aqar.fm/webp/750x0/props/000543810_1778062089703.jpg | https://images.aqar.fm/webp/750x0/props/000543814_1778062089736.jpg | https://images.aqar.fm/webp/750x0/props/000543814_1778062089733.jpg | https://images.aqar.fm/webp/750x0/props/000543819_1778062089737.jpg | https://images.aqar.fm/webp/750x0/props/000543812_1778062122938.jpg | https://images.aqar.fm/webp/750x0/props/000543819_1778062122924.jpg | https://images.aqar.fm/webp/750x0/props/000543812_1778062122937.jpg | https://images.aqar.fm/webp/750x0/props/000543814_1778062122930.jpg | https://images.aqar.fm/webp/750x0/props/000543819_1778062122939.jpg | https://images.aqar.fm/webp/750x0/props/000543815_1778062122924.jpg | https://images.aqar.fm/webp/750x0/props/000543818_1778062122924.jpg | https://images.aqar.fm/webp/750x0/props/000543817_1778062137642.jpg | https://images.aqar.fm/webp/750x0/props/000543818_1778062137642.jpg | https://images.aqar.fm/webp/750x0/props/000543812_1778062137645.jpg | https://images.aqar.fm/webp/750x0/props/000543811_1778062137648.jpg | https://images.aqar.fm/webp/750x0/props/000543815_1778062137650.jpg,20,سليمان محمد ابن شائع القحطاني,شركة البيت الأفضل العقارية شركة شخص واحد,1,2026-05-06,2026-08-01,2026-08-23,2140,2026-08-23,True,"1,100,000",False,فيلا
6428941,https://sa.aqar.fm/فلل-للبيع/الرياض/غرب-الرياض/حي-ظهرة-نمار/شارع-السخاء-حي-العوالي-مدينة-الرياض-منطقة-الرياض-6428941,"فيلا للبيع في شارع السخاء, حي العوالي, مدينة الرياض, منطقة الرياض",1950000,300,6,5,3,0,حي ظهرة نمار,الرياض,غرب الرياض,"- أسعد الله أوقاتكم بكل خير 📢 
- يسعدني أن أقدم لكم عرضاً مميزاً 🏘️
____________________________________

🔲 للبيع : فيلا مع شقه   ( بحي العوالي   ) تشطيبات وديكورات فاخره جدا ويوجد كافة الضمانات 


📌 السعر : مليون 950 الف 
    

📌  تفاصيل العقار 

مجلس بدورة مياه ومغاسل ومقلط وصالة ومطبخ وغرفة كبار سن ودورة مياه وحوش خلفي 
درج داخلي صالة و4 غرف نوم ماستر 
تفاصيل الشقة 
مجلس بدورة مياه ومغاسل وصالة ومطبخ وغرفتين نوم منهم واحدة ماستر وسطح و3 دورات مياه
               _____________

📑 خدماتنا :

🏷️ نوفر لكم الدفعة الأولى المقدمة للبنك
🏷️ نوفر لكم سداد جميع المديونيات والالتزامات 
🏷️ لدينا جميع الحلول التمويلية الميسرة .
🏷️ نقبل جميع الجهات ( مدنيين - عسكريين - قطاع خاص - قطاع عام ) .
🏷️ إمكانية التحويل من بنك إلى بنك آخر .
ــــــــــــــــــــــــــــــــــــــــــــــــــ

يسعدنا تواصلكم معنا علي مدار 24 ساعه 📱

أبو فارس ((رقم المعلن يظهر عند التواصل))",24.55356,46.593325,https://images.aqar.fm/webp/750x0/props/032706646_1782138132323.jpg | https://images.aqar.fm/webp/750x0/props/032706648_1782138132538.jpg | https://images.aqar.fm/webp/750x0/props/032706648_1782138133080.jpg | https://images.aqar.fm/webp/750x0/props/032706640_1782138129979.jpg | https://images.aqar.fm/webp/750x0/props/032706648_1782138130489.jpg | https://images.aqar.fm/webp/750x0/props/032706644_1782138130686.jpg | https://images.aqar.fm/webp/750x0/props/032706645_1782138130683.jpg | https://images.aqar.fm/webp/750x0/props/032706646_1782138130908.jpg | https://images.aqar.fm/webp/750x0/props/032706642_1782138131737.jpg | https://images.aqar.fm/webp/750x0/props/032706641_1782138131135.jpg | https://images.aqar.fm/webp/750x0/props/032706645_1782138131217.jpg | https://images.aqar.fm/webp/750x0/props/032706645_1782138131308.jpg | https://images.aqar.fm/webp/750x0/props/032706647_1782138131641.jpg | https://images.aqar.fm/webp/750x0/props/032706643_1782138131856.jpg | https://images.aqar.fm/webp/750x0/props/032706648_1782138132003.jpg | https://images.aqar.fm/webp/750x0/props/032706645_1782138132190.jpg | https://images.aqar.fm/webp/750x0/props/032706641_1782138132421.jpg | https://images.aqar.fm/webp/750x0/props/032706649_1782138132654.jpg | https://images.aqar.fm/webp/750x0/props/032706640_1782138132892.jpg | https://images.aqar.fm/webp/750x0/props/032706641_1782138133214.jpg | https://images.aqar.fm/webp/750x0/props/032706642_1782138132786.jpg | https://images.aqar.fm/webp/750x0/props/032706643_1782138132076.jpg | https://images.aqar.fm/webp/750x0/props/032706645_1782138131530.jpg | https://images.aqar.fm/webp/750x0/props/032706641_1782138131423.jpg | https://images.aqar.fm/webp/750x0/props/032706649_1782138129721.jpg | https://images.aqar.fm/webp/750x0/props/032706640_1782138130950.jpg | https://images.aqar.fm/webp/750x0/props/032706644_1782138131027.jpg,27,ثنوى محمد تني الدوسري,مؤسسة المسكن الشرقي للتطوير العقاري,1,2025-10-18,2025-10-18,2026-08-20,834,2026-08-23,True,"1,950,000",False,فيلا
6543338,https://sa.aqar.fm/فلل-للبيع/الرياض/غرب-الرياض/حي-ظهرة-نمار/شارع-القاسم-بن-يوسف-السبتي-حي-العوالي-مدينة-الرياض-منطقة-الرياض-6543338,"فيلا للبيع في شارع القاسم بن يوسف السبتي, حي العوالي, مدينة الرياض, منطقة الرياض",2000000,300,,1,0,0,حي ظهرة نمار,الرياض,غرب الرياض,"الآن افخم الفلل في أجمل احياء غرب الرياض ،، 
فيلا للبيع ، بحي العوالي ،
مواصفات الفيلا ,
الأرضي / اسقبال  - غرفة سائق - مدخل سيارة - ارتداد جانبي - مشب -مجلس -مغاسل - دورة مياه - مقلط - صالة - غرفة كبار سن ماستر - مطبخ - ارتداد خلفي صغير . دورة مياه . 

الدور العلوي / صالة مع ارتداد - ٤ غرف نوم منها واحدة رئيسية مع بلكونة و غرفتين ماستر و غرفة نوم - دورة مياه .

الدور الثاني / 
صالة  - غرفة نوم مع ارتداد - دورة مياه - سطح صغير - غرفة غسيل - غرفة نوم - سطح كبيرة 

قريب من الشوارع الرئيسية 
قريب من الخدمات التجارية 
قريب من المراكز التجارية و الطبية .

للتواصل : ((رقم المعلن يظهر عند التواصل))",24.553557,46.593261,https://images.aqar.fm/webp/750x0/props/042098841_1768216967474.jpg | https://images.aqar.fm/webp/750x0/props/042098849_1768216966437.jpg | https://images.aqar.fm/webp/750x0/props/042098840_1768216966664.jpg | https://images.aqar.fm/webp/750x0/props/042098842_1768216966773.jpg | https://images.aqar.fm/webp/750x0/props/042098841_1768216966882.jpg | https://images.aqar.fm/webp/750x0/props/042098847_1768216966980.jpg | https://images.aqar.fm/webp/750x0/props/042098846_1768216966996.jpg | https://images.aqar.fm/webp/750x0/props/042098840_1768216967084.jpg | https://images.aqar.fm/webp/750x0/props/042098840_1768216967312.jpg | https://images.aqar.fm/webp/750x0/props/042098844_1768216967388.jpg | https://images.aqar.fm/webp/750x0/props/042098841_1768216967710.jpg | https://images.aqar.fm/webp/750x0/props/042098843_1768216967723.jpg | https://images.aqar.fm/webp/750x0/props/042098844_1768216968087.jpg | https://images.aqar.fm/webp/750x0/props/042098847_1768216968517.jpg | https://images.aqar.fm/webp/750x0/props/042098849_1768216968131.jpg | https://images.aqar.fm/webp/750x0/props/042098849_1768216968548.jpg | https://images.aqar.fm/webp/750x0/props/042098846_1768216968669.jpg | https://images.aqar.fm/webp/750x0/props/042098840_1768216968539.jpg | https://images.aqar.fm/webp/750x0/props/042098841_1768216968541.jpg | https://images.aqar.fm/webp/750x0/props/042098841_1768216968750.jpg | https://images.aqar.fm/webp/750x0/props/042098842_1768216968890.jpg | https://images.aqar.fm/webp/750x0/props/042098840_1768216968976.jpg | https://images.aqar.fm/webp/750x0/props/042098840_1768216969125.jpg | https://images.aqar.fm/webp/750x0/props/042098844_1768216969245.jpg | https://images.aqar.fm/webp/750x0/props/042098843_1768216969373.jpg | https://images.aqar.fm/webp/750x0/props/042098843_1768216969466.jpg | https://images.aqar.fm/webp/750x0/props/042098840_1768216969600.jpg | https://images.aqar.fm/webp/750x0/props/042098844_1768216969648.jpg | https://images.aqar.fm/webp/750x0/props/042098843_1768216969915.jpg | https://images.aqar.fm/webp/750x0/props/042098843_1768216970003.jpg,30,عبدالاله زيد,شركة قصر الرقي العقارية,1,2026-01-12,2026-01-12,2026-08-13,291,2026-08-23,True,"2,000,000",False,فيلا
6646426,https://sa.aqar.fm/فلل-للبيع/الرياض/غرب-الرياض/حي-ظهرة-نمار/شارع-علاء-الدين-مير-خوجة-حي-العوالي-مدينة-الرياض-منطقة-الرياض-6646426,"فيلا للبيع في شارع علاء الدين مير خوجة, حي العوالي, مدينة الرياض, منطقة الرياض",1650000,300,5,0,0,7,حي ظهرة نمار,الرياض,غرب الرياض,"🏡 فيلا للبيع مع شقة – حي العوالي الأمني (خلف درعة)

📐 المساحة: 300م
🧭 الواجهة: شمالية
🛣️ شارع: 14م
🏠 العمر: 7 سنوات

مواصفات الفيلا:
	•	الدور الأرضي: مجلس، مقلط، غرفة كبار سن، صالة واسعة مع سفرة، غرفة طعام، مطبخ بمدخل خدمات مستقل.
	•	الدور الأول: 4 غرف نوم ماستر + صالة.

الشقة (مدخل مستقل):
3 غرف + صالة + مطبخ + دورتين مياه + سطح.

المميزات:
✅ ممر خلف الفيلا عرض 5م ومطل على ساحة
✅ غرفة سائق مؤجرة بـ 500 ريال شهريًا
✅ 3 عدادات كهرباء
✅ تجديد كامل (دهانات جوتن والجزيرة + الأبواب + الإضاءة)

💰 على العقار رهن بقيمة 575 ألف.",24.550791,46.622079,https://images.aqar.fm/webp/750x0/props/004691127_1775645936772.jpg | https://images.aqar.fm/webp/750x0/props/004691128_1775645936712.jpg | https://images.aqar.fm/webp/750x0/props/004691120_1775646135661.jpg | https://images.aqar.fm/webp/750x0/props/004691128_1775646135640.jpg | https://images.aqar.fm/webp/750x0/props/004691129_1775646135657.jpg | https://images.aqar.fm/webp/750x0/props/004691125_1775646135656.jpg | https://images.aqar.fm/webp/750x0/props/004691122_1775646135665.jpg | https://images.aqar.fm/webp/750x0/props/004691129_1775646135675.jpg | https://images.aqar.fm/webp/750x0/props/004691127_1775646135665.jpg | https://images.aqar.fm/webp/750x0/props/004691121_1775646135670.jpg | https://images.aqar.fm/webp/750x0/props/004691120_1775646148367.jpg | https://images.aqar.fm/webp/750x0/props/004691121_1775646148371.jpg,12,بندر محمد رمزي المالكي,,,2026-04-08,2026-08-02,2026-08-23,1817,2026-08-23,True,"1,650,000",False,فيلا
6800630,https://sa.aqar.fm/فلل-للبيع/الرياض/غرب-الرياض/حي-ظهرة-نمار/شارع-أبي-ظبيان-الجنبي-حي-العوالي-مدينة-الرياض-منطقة-الرياض-6800630,"فيلا للبيع في شارع أبي ظبيان الجنبي, حي العوالي, مدينة الرياض, منطقة الرياض",1500000,230,,7,3,7,حي ظهرة نمار,الرياض,غرب الرياض,"🏡 فيلا للبيع – حي العوالي الذهبي (الأمني)
📍 موقع مميز على شارعين
* واجهة جنوبية + غربية
* مدخل سيارة يتسع لـ 3 سيارات
* الكهرباء واصلة
* الماء غير واصل
الدور الأول
* ملحق خارجي
* مجلس
* مقلط
* صالة كبيرة
* مطبخ
* دورتا مياه
الدور الثاني
* 4 غرف نوم
* غرفة ماستر مع دورة مياه
* غرفة مع دورة مياه
* غرفتان
* صالة
* 3 دورات مياه
الدور الثالث
* غرفتان
* صالة
* دورة مياه
* حوش واسع على السطح
✨ فيلا بتصميم عملي ومساحات مناسبة، تقع في أحد أفضل مواقع حي العوالي، وتناسب السكن العائلي.
ترخيص اعلاني رقم : 7201066279
رخصة فال رقم : 1200040311",24.552931,46.625664,https://images.aqar.fm/webp/750x0/props/001246187_1785668030382.jpg | https://images.aqar.fm/webp/750x0/props/001246181_1785668038217.jpg | https://images.aqar.fm/webp/750x0/props/001246186_1785668044983.jpg | https://images.aqar.fm/webp/750x0/props/001246184_1785668058095.jpg | https://images.aqar.fm/webp/750x0/props/001246183_1785668066383.jpg | https://images.aqar.fm/webp/750x0/props/001246186_1785668078433.jpg,6,عبدالرحمن السويلم,شركة درب التمليك العقارية,1,2026-08-01,2026-08-01,2026-08-22,1136,2026-08-23,True,"1,500,000",False,فيلا
6771943,https://sa.aqar.fm/فلل-للبيع/الرياض/غرب-الرياض/حي-ظهرة-نمار/شارع-محمد-البوسيفي-حي-العوالي-مدينة-الرياض-منطقة-الرياض-6771943,"فيلا للبيع في شارع محمد البوسيفي, حي العوالي, مدينة الرياض, منطقة الرياض",1380000,348,5,6,2,0,حي ظهرة نمار,الرياض,غرب الرياض,"فيلا دبلكس للبيع في حي العوالي
مساحة 340م حسب الفرز
الدور الأرضي مدخل سيارة مجلس رجال مع دورات مياه خاصه و مغاسل و مقلط و صالة مع دورة مياه خاصة و مطبخ  
الدور الأول 2 غرف نوم ماستر و غرفتين مع دورة مياة و صالة و اوفس
الملحق 
صالة و دورة مياة و غرفة غسيل و غرفة خادمة مع دورة مياه سطح

السعر قابل للتفاوض",24.551027,46.638005,https://images.aqar.fm/webp/750x0/props/000213318_1783960086149.jpg | https://images.aqar.fm/webp/750x0/props/000213314_1783955879022.jpg | https://images.aqar.fm/webp/750x0/props/000213316_1783955879024.jpg | https://images.aqar.fm/webp/750x0/props/000213314_1783955879023.jpg | https://images.aqar.fm/webp/750x0/props/000213314_1783955879038.jpg | https://images.aqar.fm/webp/750x0/props/000213314_1783955879040.jpg | https://images.aqar.fm/webp/750x0/props/000213311_1783955879014.jpg | https://images.aqar.fm/webp/750x0/props/000213312_1783955879011.jpg | https://images.aqar.fm/webp/750x0/props/000213313_1783955879010.jpg | https://images.aqar.fm/webp/750x0/props/000213318_1783955879011.jpg,10,عبدالله محمد,مؤسسة تلال نمار للتطوير العقاري,1,2026-07-13,2026-08-11,2026-08-22,1067,2026-08-23,True,"1,380,000",False,فيلا
6646810,https://sa.aqar.fm/فلل-للبيع/الرياض/غرب-الرياض/حي-ظهرة-نمار/شارع-التوحيد-حي-العوالي-مدينة-الرياض-منطقة-الرياض-6646810,"فيلا للبيع في شارع التوحيد, حي العوالي, مدينة الرياض, منطقة الرياض",1000000,300,6,5,5,0,حي ظهرة نمار,الرياض,غرب الرياض,"السلام عليكم ورحمة الله وبركاته 
اسعد الله أوقاتكم بكل خير 
للبيع فيلا دور علوي مع شقه
المساحه 300م
مؤسس لمصعد 
الوجهه شماليه 
يوجد جميع الضمانات المطلوبة علي الفيلا 
تشطيب شخصي 
تتكون من 
مدخل سياره &مجلس رجال بدور مياه &مقلط &صاله&مطبخ&غرفه نوم مستر &2غرفه نوم بدوره مياه مشتركه 
الشقه تتكون من :2 مدخل لشقه : مجلس رجال بدوره مياه &صاله & مطبخ & 2غرفه بدوره مياه مشتركه  مع السطح
يوجد لدينا جميع العروض العقارية فيلا او شقق بمختلف المساحات وباسعار تنافسية 
يوجد لدينا حلول تمويله ميسره 
نوفر لعملاءنا اعلي مبلغ تمويل عقاري وأقل هامش ربح 
نوفر الدفعه المقدمه ونسدد مديونات وجميع إجراءات البنوك
لتواصل معنا جوال أو وتساب 0579682229",24.559039,46.614181,https://images.aqar.fm/webp/750x0/props/030034440_1775657532079.jpg | https://images.aqar.fm/webp/750x0/props/030034446_1775657560367.jpg | https://images.aqar.fm/webp/750x0/props/030034449_1775657560377.jpg | https://images.aqar.fm/webp/750x0/props/030034445_1775657560371.jpg | https://images.aqar.fm/webp/750x0/props/030034440_1775657560377.jpg | https://images.aqar.fm/webp/750x0/props/030034447_1775657560375.jpg | https://images.aqar.fm/webp/750x0/props/030034444_1775657560375.jpg | https://images.aqar.fm/webp/750x0/props/030034445_1775657560384.jpg | https://images.aqar.fm/webp/750x0/props/030034448_1775657560376.jpg | https://images.aqar.fm/webp/750x0/props/030034446_1775657592136.jpg | https://images.aqar.fm/webp/750x0/props/030034441_1775657592138.jpg | https://images.aqar.fm/webp/750x0/props/030034447_1775657592146.jpg | https://images.aqar.fm/webp/750x0/props/030034449_1775657592144.jpg | https://images.aqar.fm/webp/750x0/props/030034449_1775657592157.jpg | https://images.aqar.fm/webp/750x0/props/030034443_1775657592164.jpg | https://images.aqar.fm/webp/750x0/props/030034444_1775657592161.jpg | https://images.aqar.fm/webp/750x0/props/030034448_1775657592179.jpg | https://images.aqar.fm/webp/750x0/props/030034448_1775657635933.jpg | https://images.aqar.fm/webp/750x0/props/030034443_1775657636096.jpg | https://images.aqar.fm/webp/750x0/props/030034446_1775657635933.jpg | https://images.aqar.fm/webp/750x0/props/030034448_1775657635927.jpg | https://images.aqar.fm/webp/750x0/props/030034441_1775657636100.jpg | https://images.aqar.fm/webp/750x0/props/030034446_1775657636085.jpg | https://images.aqar.fm/webp/750x0/props/030034442_1775657636077.jpg | https://images.aqar.fm/webp/750x0/props/030034446_1775657636099.jpg,25,نايف بن عبدالله بن سلطان بن سفران,مؤسسة موافقة العقارية,1,2026-04-08,2026-08-02,2026-08-16,3248,2026-08-23,True,"1,000,000",False,فيلا
6809450,https://sa.aqar.fm/فلل-للبيع/الرياض/غرب-الرياض/حي-ظهرة-نمار/شارع-أحمد-بن-محمد-الغزي-حي-العوالي-مدينة-الرياض-منطقة-الرياض-6809450,"فيلا للبيع في شارع أحمد بن محمد الغزي, حي العوالي, مدينة الرياض, منطقة الرياض",2600000,450,,5,5,8,حي ظهرة نمار,الرياض,غرب الرياض,"للبيع فله بحي العوالي 
٣ ادوار ودرج صاله وشقتين موجره
العمر 8 سنوات بناء شخصي عليه جميع الضمانات  
مساحه 450 
شارع 15 شرق 
٢ مليون و ٦٠٠ الف قابل للتفاوض و مرهون في البنك الاهلي 

يتكون الدور الارضي من :
مشب 
و مجلس رجال
 ودوره مياه 
ومقلط 
وصاله داخليه
ومجلس نساء 
ودوره مياه
وغرفه نوم ماستر
ومطبخ مع مستودع
وغرفه سائق

الدور الاول يتكون من :
3 غرف نوم ماستر 
وصاله كبيرة
ومطبخ امريكي 

الدور الثاني يتكون من :
غرفتين نوم 
ودوره مياه 
وصاله مع السطح

الشقق المؤجره تتكون من :
مدخلين
مجلس 
ودوره مياه
وصاله 
وغرفتين نوم 
ودوره مياه ومطبخ",24.554444,46.610223,https://images.aqar.fm/webp/750x0/props/039722287_1786035624678.jpg | https://images.aqar.fm/webp/750x0/props/039722287_1786035624678.jpg,2,صالح بن عبيد بن عايش العنزي,مكتب ابداع الصحافة للخدمات العقارية,1,2026-08-06,2026-08-06,2026-08-23,327,2026-08-23,True,"2,600,000",False,فيلا
6733313,https://sa.aqar.fm/فلل-للبيع/الرياض/غرب-الرياض/حي-ظهرة-نمار/شارع-زياد-الباهلي-حي-العوالي-مدينة-الرياض-منطقة-الرياض-6733313,"فيلا للبيع في شارع زياد الباهلي, حي العوالي, مدينة الرياض, منطقة الرياض",1238000,215,7,5,2,0,حي ظهرة نمار,الرياض,غرب الرياض,"للبيع فيلا تاون هاوس بحي العوالي موقع مميز قريب من كافة الخدمات الرئيسية والمدارس والطرق الحيوية.
• العقار: تصميم حديث بمساحات مدروسة تلبي احتياجات العائلة، مع تشطيبات عالية الجودة. وتصميم وتفصيل ولمسات وديكورات روعه ومساحات مريحه وتوزيع عملي للغرف دخول ذكي وانظمه حديثة   مكونات الفيلا حوش دوران مدخلين شارع20 واجهه غربيه مجلس مقلط دوراة مياه مغاسل صاله دوراة مياه مطبخ الثاني صالة توزيع وغرفتين ماستر وغرفة نوم ودورة مياه وملحق علوي سطح كبير وصالة جلوس شرحه وغرفة نوم ودورة مياه وكل غرفه يوجد لها بلكونه وسيعه السعر مليون وعشرون ألف 
جميع الضمانات متوفرة، منها تأمين ضد العيوب الخفية من شركة ملاذ
الخدمات والمميزات:
حي متكامل الخدمات (أسواق - مساجد - حدائق - مدارس).
بنية تحتية حديثة وشوارع منظمة.
قربه من الطرق الرئيسية مما يسهل الوصول لجميع أحياء
الرياض.
الضمانات: جميع الضمانات متوفرة، منها تأمين ضد العيوب الخفية من شركة ملاذ.
ضمان على الإنشاءات والهياكل.
ضمان على السباكة والكهرباء.
ضمانات إضافية حسب العقد.
حلول تمويلية مرنة وميسرة.
إمكانية توحيد الأقساط.
دعم في استخراج الموافقات البنكية.
توفير خيارات دفع متنوعة (دفعة أولى مخفضة - أقساط شهرية
مريحة). يوجد لدينا جميع الحلول التمويلية لدى جميع البنوك والشركات التمويليه و تخليص جميع اجرات البنكيه وتحويل الراتب من بنك إلى بنك اخر حتى استلام مفتاح نوفر الدفعه الاولى ان وجد و نوفر مبلغ فايض فوق سعر العقار علي حسب الاستحقاق  حسبه مبدأئه مع جميع البنوك توجد جميع الشقق الدوريهن وشقق نظام دور وتاون هاوس ودوار كل دور بصك في أنحاء طويق والعوالي للتواصل ولحجز وللاستفسار علي الأرقام التأليه ((الرقم يظهر 
عند الضغط على اتصال))وتساب",24.56663,46.590909,https://images.aqar.fm/webp/750x0/props/019015309_1781488936645.jpg | https://images.aqar.fm/webp/750x0/props/019015309_1781488936637.jpg | https://images.aqar.fm/webp/750x0/props/019015303_1781488936632.jpg | https://images.aqar.fm/webp/750x0/props/019015304_1781488936636.jpg | https://images.aqar.fm/webp/750x0/props/019015306_1781488936632.jpg | https://images.aqar.fm/webp/750x0/props/019015303_1781488936643.jpg | https://images.aqar.fm/webp/750x0/props/019015303_1781488936634.jpg | https://images.aqar.fm/webp/750x0/props/019015302_1781488936635.jpg | https://images.aqar.fm/webp/750x0/props/019015305_1781488965008.jpg | https://images.aqar.fm/webp/750x0/props/019015308_1781488965011.jpg | https://images.aqar.fm/webp/750x0/props/019015308_1781488965014.jpg | https://images.aqar.fm/webp/750x0/props/019015309_1781488965008.jpg | https://images.aqar.fm/webp/750x0/props/019015305_1781488965033.jpg | https://images.aqar.fm/webp/750x0/props/019015300_1781488965017.jpg | https://images.aqar.fm/webp/750x0/props/019015304_1781488965017.jpg | https://images.aqar.fm/webp/750x0/props/019015306_1781488965032.jpg | https://images.aqar.fm/webp/750x0/props/019015301_1781489005959.jpg | https://images.aqar.fm/webp/750x0/props/019015303_1781489005969.jpg | https://images.aqar.fm/webp/750x0/props/019015309_1781489005967.jpg | https://images.aqar.fm/webp/750x0/props/019015305_1781489005966.jpg,20,عبدالله علي,,0,2026-06-15,2026-08-12,2026-08-23,415,2026-08-23,True,"1,238,000",False,فيلا
6682685,https://sa.aqar.fm/فلل-للبيع/الرياض/غرب-الرياض/حي-ظهرة-نمار/شارع-أبي-بكر-العمري-حي-العوالي-مدينة-الرياض-منطقة-الرياض-6682685,"فيلا للبيع في شارع أبي بكر العمري, حي العوالي, مدينة الرياض, منطقة الرياض",1500000,210,,5,1,11,حي ظهرة نمار,الرياض,غرب الرياض,"عباره عن دبلكس مساحة 210 م  مكونه من   مدخل سيار   1- مجلس رجال مع دورة مياه 2 - صالة كبيرة مفتوحه على المطبخ  3 - مجلس نساء مع دورة مياه 4 - الدور الثاني  غرفه مساتر مع دورة مياه  وغرفتين بينهم دورة مياه  الدور الثالث غرفتين بينهم دورة مياه ز
مرهونه لصندوق العقاري قيم القسط 1666 شهرين المتبقي 276 الف لصندوق",24.550387,46.636245,https://images.aqar.fm/webp/750x0/props/027452939_1777964775775.jpg | https://images.aqar.fm/webp/750x0/props/027452935_1777964789021.jpg | https://images.aqar.fm/webp/750x0/props/027452935_1777964796628.jpg,3,فهد محمد,مكتب فهد محمد ال موسى للعقارات,1,2026-05-05,2026-07-31,2026-08-23,1265,2026-08-23,True,"1,500,000",False,فيلا
6824416,https://sa.aqar.fm/فلل-للبيع/الرياض/غرب-الرياض/حي-ظهرة-نمار/شارع-الشيخ-عبدالله-بن-سعيد-حي-العوالي-مدينة-الرياض-منطقة-الرياض-6824416,"فيلا للبيع في شارع الشيخ عبدالله بن سعيد, حي العوالي, مدينة الرياض, منطقة الرياض",1850000,235,4,5,3,0,حي ظهرة نمار,الرياض,غرب الرياض,"للبيع فلل   ( مستقله)
📍 الموقع: *الرياض-حي العوالي *
📏 المساحة: تبدا من 230م - 253 م  ²

الاسعار متفاوته 1.850.000
1.950.000
الزاويه 1.980.000
المساحه الاكير 255  2.100.000



المكونات:

🔹  

🔹 الدور الأرضي: مجلس مستقل بدورة مياه -  – صالة – مطبخ –  غرفه خادمة 

🔹 الدور الأول: غرفة ماستر رئيسية– غرفتين نوم – – 2 دورة مياه

🔹 الدور الثاني: صالة علوية – غرفه غسيل وخدمه + دورة مياه – ملحق ) – جلسة خارجية عالسطح

المميزات:
✅ موسس تكيف
✅ حوش خارجي بمساحه جيده
✅ جلسة علوية
مخطط سكني مميز ✅ . 
✅ موقف سيارة (كراج)
✅ مصعد راكب
✅ استخدام مواد عاليه الجوده في البناء 
✅ضمانات على الفلل 
✅ تامين على الفلل",24.555431,46.603912,https://images.aqar.fm/webp/750x0/props/040016916_1776600604593.jpg | https://images.aqar.fm/webp/750x0/props/040016917_1776600604635.jpg | https://images.aqar.fm/webp/750x0/props/040016916_1776600641432.jpg | https://images.aqar.fm/webp/750x0/props/040016915_1776600641435.jpg | https://images.aqar.fm/webp/750x0/props/040016918_1776600641442.jpg | https://images.aqar.fm/webp/750x0/props/040016914_1776600641468.jpg | https://images.aqar.fm/webp/750x0/props/040016918_1776600641455.jpg | https://images.aqar.fm/webp/750x0/props/040016913_1776600641445.jpg | https://images.aqar.fm/webp/750x0/props/040016917_1776600641446.jpg | https://images.aqar.fm/webp/750x0/props/040016912_1776600682712.jpg | https://images.aqar.fm/webp/750x0/props/040016915_1776600682706.jpg | https://images.aqar.fm/webp/750x0/props/040016916_1776600682703.jpg | https://images.aqar.fm/webp/750x0/props/040016918_1776600682703.jpg | https://images.aqar.fm/webp/750x0/props/040016918_1786824460243.jpg,14,حيان حامد علي بن حيان,,,2026-08-15,2026-08-15,2026-08-15,208,2026-08-23,True,"1,850,000",False,فيلا
6418469,https://sa.aqar.fm/فلل-للبيع/الرياض/غرب-الرياض/حي-ظهرة-نمار/شارع-عبدالغني-مشرف-حي-العوالي-مدينة-الرياض-منطقة-الرياض-6418469,"فيلا للبيع في شارع عبدالغني مشرف, حي العوالي, مدينة الرياض, منطقة الرياض",1750000,215,6,2,1,0,حي ظهرة نمار,الرياض,غرب الرياض,"للبيع فلل فاخرة بتصميم حديث ومتكامل 
الحي / العوالي 
المساحه / ٢٠٠ م و ٢٠٧ م 
الواجهه / شارع ٢٠ غربي 
يوجد فيلا زاويه شارع ٢٠ شمالي وشارع ٢٠ غربي بسعر مليون و٧٥٠ الف 

وفيلا شارع ٢٠ غربي بسعر مليون و٧٠٠ الف

مكونه من :
مدخل سياره
مجلس 
مقلط
صاله 
مطبخ 
درج دخلي
الاول : 
٤ غرف ماستر 
الثاني : 
غرفتين بحمام مشترك 

*يوجد لدينا كذالك مواقع اخرى بنفس المساحات على واجهات شرقيه وجنوبيه*

جميع الضمانات متوفره :
- تامين ملاذ ضد العيوب الخفيه 10 سنوات
- ضمان ١٥ سنه على مواصير الحراري السباكة شركة تحويل
- ⁠ضمان ٥ سنوات على ادوات الصحيه
- ⁠ضمان ٢٥ سنه على الادوات السباكه المدفونه من شركة قروهي
- ⁠ضمان ٥ سنوات على الاضاءات 
- ⁠ضمان ٢٥ سنه على الافياش والمفاتيح
- ⁠ضمان مسكات الابواب الخشب ٥ سنوات
- ⁠ضمان كيلونات الابواب الخارجيه ٥ سنوات
- ⁠الشهادات ///
- شهادة الاشغال(شهادة اتمام البناء)
- شهادة عزل مائي معتمدة لمدة 10 سنوات 
- شهادة عزل حراري معتمدة
- شهادة اشراف هندسي معتمدة
اختيارك العقارية 
طريقك لاختيارك بيت العمر",24.565698,46.598562,https://images.aqar.fm/webp/750x0/props/006698299_1760171905819.jpg | https://images.aqar.fm/webp/750x0/props/006698294_1760171905803.jpg | https://images.aqar.fm/webp/750x0/props/006698298_1760171905805.jpg | https://images.aqar.fm/webp/750x0/props/006698299_1760171905813.jpg | https://images.aqar.fm/webp/750x0/props/006698293_1760171905807.jpg | https://images.aqar.fm/webp/750x0/props/006698297_1760171905809.jpg | https://images.aqar.fm/webp/750x0/props/006698294_1760171905816.jpg | https://images.aqar.fm/webp/750x0/props/006698299_1760171905814.jpg | https://images.aqar.fm/webp/750x0/props/006698290_1760171905816.jpg,9,مروان محمد,مؤسسة اختيارك العقارية,1,2025-10-11,2025-10-11,2026-03-16,176,2026-08-23,True,"1,750,000",False,فيلا
6664902,https://sa.aqar.fm/فلل-للبيع/الرياض/غرب-الرياض/حي-ظهرة-نمار/شارع-محمد-الهادي-عقيل-حي-العوالي-مدينة-الرياض-منطقة-الرياض-6664902,"فيلا للبيع في شارع محمد الهادي عقيل, حي العوالي, مدينة الرياض, منطقة الرياض",2000000,450,,1,0,6,حي ظهرة نمار,الرياض,غرب الرياض,"للبيـع فيلا في حي نمار مخطط العوالي*
دور و 3 شقق

• المساحة 450م - شارع 15م شمالي
• العمر 6 سنوات
• الدور الأرضي:
3 غرف نوم ومجلس ومقلط وصالتين ومطبخ و4 دورات مياه 
حوش ومشب
غرفة سائق خارجية
• والشقق كالتالي:
الدور الأول شقتين
كل شقة مدخلين مكونه من : مجلس وغرفتين نوم وصالة ومطبخ و3 دورات مياه 
* الشقة الثالثة الملحق
3 غرف ومجلس وصالة ومطبخ و3 دورات مياه وحوش بالسطح

🔺 للإطلاع على الصور 👇🏻
https://drive.google.com/drive/folders/1BfN9pMs3_GVQ8l8aCxl_NUh5xwr5fUMz

🔺 للوصول إلى الموقع 👇🏻
‏https://maps.google.com/?q=24.564823,46.603584

🔴 السعر شامل المديونية  :
      2,000,000  ريال
(  المديونية مليون و 500 ألف )

🔺للاستفسار التواصل :
((الرقم يظهر عند الضغط على اتصال))

*درة الرايــة للعقارات*",24.564706,46.602889,https://images.aqar.fm/webp/750x0/props/007689707_1782045502208.jpg,1,عبدالله حمد عواد العنزي,مؤسسة مكتب درة الراية للعقارات,1,2026-04-21,2026-08-16,2026-08-23,1025,2026-08-23,True,"2,000,000",False,فيلا
6544052,https://sa.aqar.fm/فلل-للبيع/الرياض/غرب-الرياض/حي-ظهرة-نمار/شارع-حميدة-الإبراهيمي-حي-العوالي-مدينة-الرياض-منطقة-الرياض-6544052,"فيلا للبيع في شارع حميدة الإبراهيمي, حي العوالي, مدينة الرياض, منطقة الرياض",2000000,300,5,,,0,حي ظهرة نمار,الرياض,غرب الرياض,"اسعد الله اوقاتكم بكل خير 
يقدم لكم مكتب اصدار الغربيه للعقارات 
فيلا درج داخلي وشقه مساحه ٣٠٠ السعر المتصله مليون و٩٥٠ المنفصل ٢مليون 
التفاصيل مدخل سيارة مجلس رجال ومغاسل رجال مقلط صاله كبيره مطبخ غرفه كبار السن ودورات المياه الدور العلوى ٣غرف ماستر 
الشقه مجلس صاله غرفتين نوم ومطبخ وسطح ودورات المياه 
نوفر لكم جميع الحلول البنكيه والتعامل مع جميع البنوك والشركات 
نوفر لكم جميع العروض 
فيلا دوبلكس 
فيلا درج داخلى وشقه 
تاون هاوس علوى وارضى 
دور بصك علوى وارضى 
شقق بضك داخل فيلا 
شقق تمليك 
وعماير 
تجاريه نوفر لكم في جميع أنحاء الرياض",24.563579,46.589016,,,سباء صالح,مكتب اصدار الغربية للعقارات,1,2026-01-12,2026-01-12,2026-03-28,12,2026-08-23,True,"2,000,000",False,فيلا
6396744,https://sa.aqar.fm/فلل-للبيع/الرياض/غرب-الرياض/حي-ظهرة-نمار/شارع-عبدالقادر-شمس-حي-العوالي-مدينة-الرياض-منطقة-الرياض-6396744,"فيلا للبيع في شارع عبدالقادر شمس, حي العوالي, مدينة الرياض, منطقة الرياض",1800000,192,6,5,2,0,حي ظهرة نمار,الرياض,غرب الرياض,"🏡✨ العرض الأقوى في حي العوالي ✨🏡🔥

👑 مؤسسة مسكن الصفوة للعقارات👑
سكن راقي ✨ موقع استراتيجي ✨ أسعار ولا في الخيال ❤️

📍 العوالي – 

🏠 فيلا درج مع شقة بالدور الثالث
📏 شارع 15 شرقي –                                        
💰 السعر: 1,800,000 ريال.             
   
🔹 المواصفات:

ملحق + مجلس + حمام + مقلط + صالة + مطبخ + حمام

الدور الأول: صالة + غرفتان ماستر + غرفتان إضافيتان + حمام (بدون سطح)

الشقة (مدخل مستقل ومدخلين):

مجلس + حمام + صالة + مطبخ

غرفتان نوم + حمام + سطح صغير مطل على الشارع 🌆

📞 للتواصل: ريان العتيبي – ((رقم المعلن يظهر عند التواصل))
🔑 كود العرض: 5",24.551239,46.632791,https://images.aqar.fm/webp/750x0/props/034941923_1769089321632.jpg,1,ريان عبدالله محمد العتيبي,مؤسسة مسكن الصفوة للعقارات,1,2025-09-24,2025-09-24,2026-08-23,1037,2026-08-23,True,"1,800,000",False,فيلا
6666362,https://sa.aqar.fm/فلل-للبيع/الرياض/غرب-الرياض/حي-ظهرة-نمار/شارع-عبدالقادر-شمس-حي-العوالي-مدينة-الرياض-منطقة-الرياض-6666362,"فيلا للبيع في شارع عبدالقادر شمس, حي العوالي, مدينة الرياض, منطقة الرياض",1900000,520,7,1,0,0,حي ظهرة نمار,الرياض,غرب الرياض,"درج صاله وشقه بالعوالي  المربع الذهبي 


مساحه ٣٠٠ 

شارع  ٢٥ م. 

 عليها جميع الضمانات 


للتواصل 0538065365",24.550812,46.634593,https://images.aqar.fm/webp/750x0/props/042501585_1776884716451.jpg | https://images.aqar.fm/webp/750x0/props/042501583_1776884716235.jpg | https://images.aqar.fm/webp/750x0/props/042501589_1776884716560.jpg | https://images.aqar.fm/webp/750x0/props/042501580_1776884716910.jpg | https://images.aqar.fm/webp/750x0/props/042501588_1776884716910.jpg | https://images.aqar.fm/webp/750x0/props/042501583_1776884717309.jpg | https://images.aqar.fm/webp/750x0/props/042501586_1776884717332.jpg | https://images.aqar.fm/webp/750x0/props/042501582_1776884717308.jpg | https://images.aqar.fm/webp/750x0/props/042501580_1776884717334.jpg | https://images.aqar.fm/webp/750x0/props/042501586_1776884717840.jpg | https://images.aqar.fm/webp/750x0/props/042501587_1776884717869.jpg | https://images.aqar.fm/webp/750x0/props/042501585_1776884717869.jpg | https://images.aqar.fm/webp/750x0/props/042501588_1776884717864.jpg | https://images.aqar.fm/webp/750x0/props/042501583_1776884718375.jpg | https://images.aqar.fm/webp/750x0/props/042501587_1776884718394.jpg | https://images.aqar.fm/webp/750x0/props/042501588_1776884718396.jpg | https://images.aqar.fm/webp/750x0/props/042501585_1776884718396.jpg | https://images.aqar.fm/webp/750x0/props/042501583_1776884718942.jpg | https://images.aqar.fm/webp/750x0/props/042501589_1776884718937.jpg | https://images.aqar.fm/webp/750x0/props/042501582_1776884719467.jpg,20,منيره خالد مقبل القحطاني,مؤسسة البداية الصحيحة للخدمات العقارية,1,2026-04-22,2026-08-17,2026-08-17,1368,2026-08-23,True,"1,900,000",False,فيلا
6459338,https://sa.aqar.fm/فلل-للبيع/الرياض/غرب-الرياض/حي-ظهرة-نمار/شارع-السخاء-حي-العوالي-مدينة-الرياض-منطقة-الرياض-6459338,"فيلا للبيع في شارع السخاء, حي العوالي, مدينة الرياض, منطقة الرياض",1950000,300,6,5,3,0,حي ظهرة نمار,الرياض,غرب الرياض,"- أسعد الله أوقاتكم بكل خير 🇸🇦
- يسعدني أن أقدم لكم عرضاً مميزاً 🏠
- للتواصل / ((رقم المعلن يظهر عند التواصل)) ابو رضا

🟣 للبيع : فيلا دوبلكس ( بحي  العوالي ) تشطيبات وديكورات فاخره جدا ويوجد كافة الضمانات .

🔥سعر الفيلا : مليون 950 الف .
 
🟣 الشارع : 15 م .

🟣 واجهة : شرقية .
                  
💎💎    تفاصيل العقار    💎💎

🟣 مدخل خاص وسيارة  + مشب + مجلس بدورة مياه ومغاسل  +  مقلط + صاله + مطبخ + غرفة ماستر + دورة مياه + حوش خلفي 
درج داخلي يطلع ع صالة + 4 غرف نوم ماستر + دورة مياه 
درج داخلي يطلع ع صالة + غرفتين نوم منهم واحدة ماستر + دورة مياه + سطحين .",24.554314,46.592329,https://images.aqar.fm/webp/750x0/props/048992163_1762642824421.jpg | https://images.aqar.fm/webp/750x0/props/048992166_1762642824246.jpg,2,ثنوى محمد تني الدوسري,مؤسسة المسكن الشرقي للتطوير العقاري,1,2025-11-08,2025-11-08,2026-08-16,1755,2026-08-23,True,"1,950,000",False,فيلا
6823490,https://sa.aqar.fm/فلل-للبيع/الرياض/غرب-الرياض/حي-ظهرة-نمار/شارع-محمد-البوسيفي-حي-العوالي-مدينة-الرياض-منطقة-الرياض-6823490,"فيلا للبيع في شارع محمد البوسيفي, حي العوالي, مدينة الرياض, منطقة الرياض",2200000,304,,5,2,7,حي ظهرة نمار,الرياض,غرب الرياض,$5d,24.551065,46.638267,https://images.aqar.fm/webp/750x0/props/032899579_1786798928909.jpg | https://images.aqar.fm/webp/750x0/props/032899570_1786798928907.jpg | https://images.aqar.fm/webp/750x0/props/032899570_1786798928937.jpg | https://images.aqar.fm/webp/750x0/props/032899570_1786798928916.jpg | https://images.aqar.fm/webp/750x0/props/032899575_1786798928939.jpg | https://images.aqar.fm/webp/750x0/props/032899576_1786798928938.jpg | https://images.aqar.fm/webp/750x0/props/032899571_1786798928914.jpg | https://images.aqar.fm/webp/750x0/props/032899577_1786798928944.jpg,8,عبدالله عبدالمحسن عبدالله اليوسف,مؤسسة أسداف العقارية,1,2026-08-15,2026-08-15,2026-08-17,55,2026-08-23,True,"2,200,000",False,فيلا
6646934,https://sa.aqar.fm/فلل-للبيع/الرياض/غرب-الرياض/حي-ظهرة-نمار/شارع-عبدالله-مدهر-حي-العوالي-مدينة-الرياض-منطقة-الرياض-6646934,"فيلا للبيع في شارع عبدالله مدهر, حي العوالي, مدينة الرياض, منطقة الرياض",850000,225,6,0,0,0,حي ظهرة نمار,الرياض,غرب الرياض,"السلام عليكم ورحمة الله وبركاته
اسعد الله أوقاتكم بكل خير 
للبيع فيلا دور دور شقه لكل دور صك لحاله 
المساحه 300 م 
يوجد مصعد 
تشطيب شخصي تشطيب سوبر لوكس فاخر 
يوجد جميع الضمانات المطلوبة علي الفيلا 
ضمانات علي الإنشاءات والمصاعد والكهرباء والسباكه والأبواب والعوازل وجميع الضمانات موجوده 
الدور الأرضي يتكون من &مدخل سياره & مجلس رجال بدوره مياه &مقلط&صاله&مطبخ&2غرفه نوم مستر & غرفه نوم بدوره مياه

الدور العلوي & مدخل سياره & مجلس رجال بدوره مياه &مقلط&صاله&مطبخ&2غرفه نوم مستر & غرفه نوم بدوره مياه

 الشقه & 2 مدخل لشقه &مجلس رجال بدوره مياه & صاله &مطبخ& 2غرفه نوم مستر &غرفه نوم بدوره مياه مع السطح
يوجد لدينا جميع العروض العقارية فيلل او شقق مساحات مختلفه وأسعار تنافسيه 
نوفر لعمالنا اعلي مبلغ تمويل عقاري وأقل هامش ربح نوفر الدفعه المقدمه ونوفر سداد المديونيات 
للتواصل جوال او وتساب 0579682229",24.560469,46.615064,https://images.aqar.fm/webp/750x0/props/030034447_1775660413567.jpg | https://images.aqar.fm/webp/750x0/props/030034443_1775660440449.jpg | https://images.aqar.fm/webp/750x0/props/030034445_1775660440483.jpg | https://images.aqar.fm/webp/750x0/props/030034442_1775660440506.jpg | https://images.aqar.fm/webp/750x0/props/030034443_1775660440505.jpg | https://images.aqar.fm/webp/750x0/props/030034448_1775660440514.jpg | https://images.aqar.fm/webp/750x0/props/030034441_1775660440554.jpg | https://images.aqar.fm/webp/750x0/props/030034441_1775660440555.jpg | https://images.aqar.fm/webp/750x0/props/030034444_1775660440576.jpg | https://images.aqar.fm/webp/750x0/props/030034443_1775660501788.jpg | https://images.aqar.fm/webp/750x0/props/030034448_1775660501797.jpg | https://images.aqar.fm/webp/750x0/props/030034446_1775660501806.jpg | https://images.aqar.fm/webp/750x0/props/030034449_1775660501811.jpg | https://images.aqar.fm/webp/750x0/props/030034443_1775660501819.jpg | https://images.aqar.fm/webp/750x0/props/030034443_1775660501822.jpg | https://images.aqar.fm/webp/750x0/props/030034445_1775660501834.jpg | https://images.aqar.fm/webp/750x0/props/030034442_1775660501898.jpg | https://images.aqar.fm/webp/750x0/props/030034446_1775660550980.jpg | https://images.aqar.fm/webp/750x0/props/030034448_1775660551013.jpg | https://images.aqar.fm/webp/750x0/props/030034441_1775660553047.jpg | https://images.aqar.fm/webp/750x0/props/030034442_1775660551013.jpg | https://images.aqar.fm/webp/750x0/props/030034449_1775660551015.jpg | https://images.aqar.fm/webp/750x0/props/030034445_1775660551019.jpg | https://images.aqar.fm/webp/750x0/props/030034440_1775660551015.jpg | https://images.aqar.fm/webp/750x0/props/030034442_1775660551012.jpg,25,نايف بن عبدالله بن سلطان بن سفران,مؤسسة موافقة العقارية,1,2026-04-08,2026-08-02,2026-08-16,1685,2026-08-23,True,"850,000",False,فيلا
6759655,https://sa.aqar.fm/فلل-للبيع/الرياض/غرب-الرياض/حي-ظهرة-نمار/شارع-عبدالغني-مشرف-حي-العوالي-مدينة-الرياض-منطقة-الرياض-6759655,"فيلا للبيع في شارع عبدالغني مشرف, حي العوالي, مدينة الرياض, منطقة الرياض",1000000,215,,0,0,0,حي ظهرة نمار,الرياض,غرب الرياض,"تاون هاوس 
مدخل سياره
مجلس ومقلط وصاله ومطبخ واربع غرف نوم
الحي مكتمل الخدمات
حي العوالي",24.565333,46.598914,https://images.aqar.fm/webp/750x0/props/000882806_1783191363460.jpg | https://images.aqar.fm/webp/750x0/props/000882800_1783191363445.jpg | https://images.aqar.fm/webp/750x0/props/000882805_1783191363457.jpg | https://images.aqar.fm/webp/750x0/props/000882807_1783191363489.jpg | https://images.aqar.fm/webp/750x0/props/000882809_1783191408456.jpg | https://images.aqar.fm/webp/750x0/props/000882806_1783191408456.jpg | https://images.aqar.fm/webp/750x0/props/000882802_1783191408453.jpg | https://images.aqar.fm/webp/750x0/props/000882808_1783191408499.jpg | https://images.aqar.fm/webp/750x0/props/000882809_1783191408465.jpg | https://images.aqar.fm/webp/750x0/props/000882807_1783191408493.jpg | https://images.aqar.fm/webp/750x0/props/000882807_1783191429736.jpg | https://images.aqar.fm/webp/750x0/props/000882809_1783191429771.jpg | https://images.aqar.fm/webp/750x0/props/000882808_1783191429753.jpg | https://images.aqar.fm/webp/750x0/props/000882800_1783191429772.jpg | https://images.aqar.fm/webp/750x0/props/000882806_1783191429767.jpg | https://images.aqar.fm/webp/750x0/props/000882808_1783191429792.jpg,16,خالد مضحي ماطر الغبيوي,,,2026-07-04,2026-08-03,2026-08-18,562,2026-08-23,True,"1,000,000",False,فيلا
6543986,https://sa.aqar.fm/فلل-للبيع/الرياض/غرب-الرياض/حي-ظهرة-نمار/شارع-حميدة-الإبراهيمي-حي-العوالي-مدينة-الرياض-منطقة-الرياض-6543986,"فيلا للبيع في شارع حميدة الإبراهيمي, حي العوالي, مدينة الرياض, منطقة الرياض",2000000,300,5,,,0,حي ظهرة نمار,الرياض,غرب الرياض,"السلام عليكم ورحمة الله وبركاته 
اسعد الله اوقاتكم بكل خير وسعادة يعلن 
مكتب اصدار الغربيه للعقارات عن 
فيلا  درج داخلى ٣٠٠ متر  جديده بشقه منفصله موقع مميز شارع ٢٠ 
الدور الاول : مجلس + مقلط + صالة + غرفة كبار السن + ٣ دورات مياه 
الدور الثاني : ٣ غرفة نوم + ٣ دورات مياه + غرفة ماستر بالحمام ودولاب الملابس 
الدور الثالث : شقة منفصلة 
مجلس + صالة + غرفتين نوم + ٢ دورة مياه 
السعر : يوجد فيلتين متلاصقتين سعر الفيلا : ١٩٥٠٠٠٠ 
فيلا منفصلة : سعرها ٢٠٠٠٠٠٠
العوالى حى متكامل الخدمات 
ويوجد لدينا جميع العروض فلل وادوار وشقق للبيع 
ويوجد لدينا جميع الحلول البنكيه والتعامل مع جميع البنوك والشركات",24.563579,46.589016,https://images.aqar.fm/webp/750x0/props/048003837_1768239496331.jpg | https://images.aqar.fm/webp/750x0/props/048003837_1768239495912.jpg | https://images.aqar.fm/webp/750x0/props/048003839_1768239495916.jpg | https://images.aqar.fm/webp/750x0/props/048003835_1768239496006.jpg | https://images.aqar.fm/webp/750x0/props/048003831_1768239496170.jpg | https://images.aqar.fm/webp/750x0/props/048003833_1768239495887.jpg | https://images.aqar.fm/webp/750x0/props/048003838_1768239496243.jpg | https://images.aqar.fm/webp/750x0/props/048003833_1768239496128.jpg | https://images.aqar.fm/webp/750x0/props/048003837_1768239496224.jpg | https://images.aqar.fm/webp/750x0/props/048003839_1768239496437.jpg | https://images.aqar.fm/webp/750x0/props/048003832_1768239496561.jpg | https://images.aqar.fm/webp/750x0/props/048003839_1768239496699.jpg | https://images.aqar.fm/webp/750x0/props/048003830_1768239496800.jpg | https://images.aqar.fm/webp/750x0/props/048003836_1768239496846.jpg | https://images.aqar.fm/webp/750x0/props/048003833_1768239496954.jpg | https://images.aqar.fm/webp/750x0/props/048003839_1768239496965.jpg | https://images.aqar.fm/webp/750x0/props/048003838_1768239497077.jpg | https://images.aqar.fm/webp/750x0/props/048003832_1768239497188.jpg | https://images.aqar.fm/webp/750x0/props/048003834_1768239497188.jpg | https://images.aqar.fm/webp/750x0/props/048003831_1768239497303.jpg | https://images.aqar.fm/webp/750x0/props/048003831_1768239497437.jpg | https://images.aqar.fm/webp/750x0/props/048003838_1768239497571.jpg | https://images.aqar.fm/webp/750x0/props/048003834_1768239497682.jpg | https://images.aqar.fm/webp/750x0/props/048003836_1768239497818.jpg | https://images.aqar.fm/webp/750x0/props/048003830_1768239497857.jpg | https://images.aqar.fm/webp/750x0/props/048003830_1768239497966.jpg | https://images.aqar.fm/webp/750x0/props/048003835_1768239498145.jpg | https://images.aqar.fm/webp/750x0/props/048003830_1768239498271.jpg | https://images.aqar.fm/webp/750x0/props/048003836_1768239498340.jpg | https://images.aqar.fm/webp/750x0/props/048003830_1768239498435.jpg,30,سباء صالح,مكتب اصدار الغربية للعقارات,1,2026-01-12,2026-01-12,2026-03-28,29,2026-08-23,True,"2,000,000",False,فيلا
6808883,https://sa.aqar.fm/فلل-للبيع/الرياض/غرب-الرياض/حي-ظهرة-نمار/شارع-حمودة-بن-عطية-حي-العوالي-مدينة-الرياض-منطقة-الرياض-6808883,"فيلا للبيع في شارع حمودة بن عطية, حي العوالي, مدينة الرياض, منطقة الرياض",3300000,630,,0,0,4,حي ظهرة نمار,الرياض,غرب الرياض,$5c,24.565225,46.592524,https://images.aqar.fm/webp/750x0/props/052295249_1786017864921.jpg | https://images.aqar.fm/webp/750x0/props/052295240_1786017864741.jpg | https://images.aqar.fm/webp/750x0/props/052295245_1786017864920.jpg | https://images.aqar.fm/webp/750x0/props/052295245_1786017864911.jpg | https://images.aqar.fm/webp/750x0/props/052295245_1786017864913.jpg | https://images.aqar.fm/webp/750x0/props/052295242_1786017864918.jpg,6,نوف بنت محمد بن محمد مجرشي,,,2026-08-06,2026-08-06,2026-08-23,297,2026-08-23,True,"3,300,000",False,فيلا
6646783,https://sa.aqar.fm/فلل-للبيع/الرياض/غرب-الرياض/حي-ظهرة-نمار/شارع-عبدالله-مدهر-حي-العوالي-مدينة-الرياض-منطقة-الرياض-6646783,"فيلا للبيع في شارع عبدالله مدهر, حي العوالي, مدينة الرياض, منطقة الرياض",820000,300,6,5,1,0,حي ظهرة نمار,الرياض,غرب الرياض,"السلام عليكم  ورحمة الله وبركاته 
اسعد الله أوقاتكم بكل خير 
للبيع فيلا دور ارضي بصك لحاله
المساحه 300 م 
الوجهه شماليه 
قريبه من مسجد 
تشطيب شخصي ويوجد جميع الضمانات علي الفيلا
تتكون من&مدخل سيارة &مجلس رجال بدوره مياه &مقلط &صاله&2غرفه نوم مستر &غرفه نوم+دور مياه 
يوجد لدينا جميع العروض العقارية فيلا أو شقق وباسعار تنافسية 
نوفر لعملاءنا اعلي مبلغ تمويل عقاري وأقل هامش ربح &نوفر الدفعة المقدمة &تسديد مديونيات  نسعد بخدمتك دائما 
لتواصل معنا جوال أو وتساب 0579682229",24.560469,46.615064,https://images.aqar.fm/webp/750x0/props/030034443_1775656687009.jpg | https://images.aqar.fm/webp/750x0/props/030034441_1775656687023.jpg | https://images.aqar.fm/webp/750x0/props/030034440_1775656687019.jpg | https://images.aqar.fm/webp/750x0/props/030034442_1775656687027.jpg | https://images.aqar.fm/webp/750x0/props/030034448_1775656741377.jpg | https://images.aqar.fm/webp/750x0/props/030034449_1775656741373.jpg | https://images.aqar.fm/webp/750x0/props/030034443_1775656741452.jpg | https://images.aqar.fm/webp/750x0/props/030034441_1775656741408.jpg | https://images.aqar.fm/webp/750x0/props/030034448_1775656741457.jpg | https://images.aqar.fm/webp/750x0/props/030034443_1775656741480.jpg | https://images.aqar.fm/webp/750x0/props/030034446_1775656741409.jpg | https://images.aqar.fm/webp/750x0/props/030034441_1775656741416.jpg | https://images.aqar.fm/webp/750x0/props/030034446_1775656771179.jpg | https://images.aqar.fm/webp/750x0/props/030034440_1775656771198.jpg | https://images.aqar.fm/webp/750x0/props/030034449_1775656771204.jpg | https://images.aqar.fm/webp/750x0/props/030034445_1775656771208.jpg | https://images.aqar.fm/webp/750x0/props/030034449_1775656771194.jpg | https://images.aqar.fm/webp/750x0/props/030034447_1775656771200.jpg | https://images.aqar.fm/webp/750x0/props/030034444_1775656771207.jpg,19,نايف بن عبدالله بن سلطان بن سفران,مؤسسة موافقة العقارية,1,2026-04-08,2026-08-02,2026-08-16,2006,2026-08-23,True,"820,000",False,فيلا
6698261,https://sa.aqar.fm/فلل-للبيع/الرياض/غرب-الرياض/حي-ظهرة-نمار/شارع-محمد-البسيفي-حي-العوالي-مدينة-الرياض-منطقة-الرياض-6698261,"فيلا للبيع في شارع محمد البسيفي, حي العوالي, مدينة الرياض, منطقة الرياض",1400000,300,7,5,2,0,حي ظهرة نمار,الرياض,غرب الرياض,"فيلا للبيع في حي العوالي
مساحة 300 م حسب الفرز 
مجلس مع دورات مياه خاصه و مقلط و صالة مع دورة مياه خاصة و مطبخ و مؤسس  مصعد و غرفة سائق مع دورة مياه 
الدور الأول 2 غرف نوم ماستر و غرفة مع دورة مياة و صالة و اوفس
السطح غرفةنوم مع دورة مياه و صالة و غرفة غسيل و غرفة خادمة مع دورة مياه

السعر قابل للتفاوض",24.550897,46.637974,https://images.aqar.fm/webp/750x0/props/000213311_1784226972569.jpg | https://images.aqar.fm/webp/750x0/props/000213313_1778848436155.jpg | https://images.aqar.fm/webp/750x0/props/000213316_1778848435026.jpg | https://images.aqar.fm/webp/750x0/props/000213317_1778848435157.jpg | https://images.aqar.fm/webp/750x0/props/000213312_1778848435150.jpg | https://images.aqar.fm/webp/750x0/props/000213313_1778848435234.jpg | https://images.aqar.fm/webp/750x0/props/000213314_1778848435234.jpg | https://images.aqar.fm/webp/750x0/props/000213319_1778848435354.jpg | https://images.aqar.fm/webp/750x0/props/000213316_1778848435396.jpg | https://images.aqar.fm/webp/750x0/props/000213311_1778848435423.jpg | https://images.aqar.fm/webp/750x0/props/000213312_1778848435469.jpg | https://images.aqar.fm/webp/750x0/props/000213318_1778848435534.jpg | https://images.aqar.fm/webp/750x0/props/000213319_1778848435627.jpg | https://images.aqar.fm/webp/750x0/props/000213310_1778848435767.jpg | https://images.aqar.fm/webp/750x0/props/000213317_1778848435860.jpg | https://images.aqar.fm/webp/750x0/props/000213313_1778848435833.jpg | https://images.aqar.fm/webp/750x0/props/000213318_1778848435876.jpg | https://images.aqar.fm/webp/750x0/props/000213315_1778848435988.jpg | https://images.aqar.fm/webp/750x0/props/000213315_1778848436106.jpg | https://images.aqar.fm/webp/750x0/props/000213310_1778848436264.jpg | https://images.aqar.fm/webp/750x0/props/000213313_1778848436264.jpg | https://images.aqar.fm/webp/750x0/props/000213315_1778848436339.jpg | https://images.aqar.fm/webp/750x0/props/000213312_1778848436343.jpg | https://images.aqar.fm/webp/750x0/props/000213313_1778848436390.jpg | https://images.aqar.fm/webp/750x0/props/000213312_1778848436466.jpg | https://images.aqar.fm/webp/750x0/props/000213310_1778848436518.jpg | https://images.aqar.fm/webp/750x0/props/000213316_1778848436581.jpg | https://images.aqar.fm/webp/750x0/props/000213312_1778848436648.jpg,28,عبدالله محمد,مؤسسة تلال نمار للتطوير العقاري,1,2026-05-15,2026-08-10,2026-08-22,1322,2026-08-23,True,"1,400,000",False,فيلا
6678695,https://sa.aqar.fm/فلل-للبيع/الرياض/غرب-الرياض/حي-ظهرة-نمار/شارع-جمال-الدين-النويري-حي-العوالي-مدينة-الرياض-منطقة-الرياض-6678695,"فيلا للبيع في شارع جمال الدين النويري, حي العوالي, مدينة الرياض, منطقة الرياض",1400000,286,4,5,1,4,حي ظهرة نمار,الرياض,غرب الرياض,"الفيلا بمساحة 286.26م وتتكون من:
الدور الأرضي  ملحق خارجي مع دورة مياه : حوش - مدخل سيارة - مجلس - مقلط - صالة واسعة -
دورتين مياة
الدور الأول : صالة - 4 غرف نوم غرفتين منها ماستر - 3 دورات مياة
الدور الثاني : غرفتين نوم - دورة مياة - سطح",24.547441,46.633448,https://images.aqar.fm/webp/750x0/props/045824654_1777830349228.jpg,1,عبدالرحمن الغزي,شركة أيقونة المباني,1,2026-05-02,2026-06-30,2026-08-21,829,2026-08-23,True,"1,400,000",False,فيلا
6576901,https://sa.aqar.fm/فلل-للبيع/الرياض/غرب-الرياض/حي-ظهرة-نمار/شارع-مرزوقي-الجاوه-حي-العوالي-مدينة-الرياض-منطقة-الرياض-6576901,"فيلا للبيع في شارع مرزوقي الجاوه, حي العوالي, مدينة الرياض, منطقة الرياض",1950000,300,6,4,2,0,حي ظهرة نمار,الرياض,غرب الرياض,"السلام عليكم ورحمة الله وبركاته 
للبيع نقدا او بالتقسيط 
حي العوالي
درج صاله وشقه 
المساحه ٣٠٠م 
السعر مليون و ٩٥٠ الف
تحت استقبال  فوق غرف نوم
شغل عليه كافة الضمانات 
تفتح علي مرفق 
لدينا جميع العروض التي تناسب الجميع 
لدينا حلول تمويليه ميسره 
نتعامل مع جميع البنوك والشركات الخاصه 
للتواصل واتس اب 
((رقم المعلن يظهر عند التواصل))",24.565627,46.586912,https://images.aqar.fm/webp/750x0/props/020143649_1770244356923.jpg | https://images.aqar.fm/webp/750x0/props/020143643_1770244355775.jpg | https://images.aqar.fm/webp/750x0/props/020143648_1770244355926.jpg | https://images.aqar.fm/webp/750x0/props/020143648_1770244355998.jpg | https://images.aqar.fm/webp/750x0/props/020143641_1770244356059.jpg | https://images.aqar.fm/webp/750x0/props/020143647_1770244356057.jpg | https://images.aqar.fm/webp/750x0/props/020143641_1770244356174.jpg | https://images.aqar.fm/webp/750x0/props/020143646_1770244356236.jpg | https://images.aqar.fm/webp/750x0/props/020143640_1770244356275.jpg | https://images.aqar.fm/webp/750x0/props/020143646_1770244356355.jpg | https://images.aqar.fm/webp/750x0/props/020143646_1770244356418.jpg | https://images.aqar.fm/webp/750x0/props/020143640_1770244356416.jpg | https://images.aqar.fm/webp/750x0/props/020143641_1770244356537.jpg | https://images.aqar.fm/webp/750x0/props/020143646_1770244356570.jpg | https://images.aqar.fm/webp/750x0/props/020143640_1770244356663.jpg | https://images.aqar.fm/webp/750x0/props/020143642_1770244356662.jpg | https://images.aqar.fm/webp/750x0/props/020143649_1770244356759.jpg | https://images.aqar.fm/webp/750x0/props/020143646_1770244356823.jpg | https://images.aqar.fm/webp/750x0/props/020143645_1770244356917.jpg | https://images.aqar.fm/webp/750x0/props/020143641_1770244357010.jpg | https://images.aqar.fm/webp/750x0/props/020143648_1770244357117.jpg | https://images.aqar.fm/webp/750x0/props/020143646_1770244357288.jpg | https://images.aqar.fm/webp/750x0/props/020143648_1770244357460.jpg,23,عبدالعزيز سعد الحميدي السبيعي,مؤسسة مكتب عبدالعزيز سعد الحميدي السبيعي للعقارات,1,2026-02-04,2026-07-29,2026-08-21,282,2026-08-23,True,"1,950,000",False,فيلا
6717311,https://sa.aqar.fm/فلل-للبيع/الرياض/غرب-الرياض/حي-ظهرة-نمار/شارع-ابو-طالب-عبدالجبار-حي-العوالي-الرياض-منطقة-الرياض-6717311,فيلا للبيع في شارع ابو طالب عبدالجبار ، حي العوالي ، الرياض ، منطقة الرياض,3200000,630,7,5,5,4,حي ظهرة نمار,الرياض,غرب الرياض,فيلا في حي العوالي غرب الرياض موقع ممتاز للبيع أو للإيجار,24.56427,46.592747,https://images.aqar.fm/webp/750x0/props/008860201_1780486621808.jpg | https://images.aqar.fm/webp/750x0/props/008860207_1780486621826.jpg | https://images.aqar.fm/webp/750x0/props/008860208_1780486621795.jpg | https://images.aqar.fm/webp/750x0/props/008860203_1780486621804.jpg | https://images.aqar.fm/webp/750x0/props/008860203_1780486621798.jpg | https://images.aqar.fm/webp/750x0/props/008860202_1780486621819.jpg | https://images.aqar.fm/webp/750x0/props/008860201_1780486621796.jpg | https://images.aqar.fm/webp/750x0/props/008860202_1780486621797.jpg | https://images.aqar.fm/webp/750x0/props/008860206_1780486641979.jpg | https://images.aqar.fm/webp/750x0/props/008860202_1780486642023.jpg | https://images.aqar.fm/webp/750x0/props/008860207_1780486642001.jpg | https://images.aqar.fm/webp/750x0/props/008860202_1780486642008.jpg | https://images.aqar.fm/webp/750x0/props/008860206_1780486642007.jpg | https://images.aqar.fm/webp/750x0/props/008860202_1780486642022.jpg | https://images.aqar.fm/webp/750x0/props/008860209_1780486642009.jpg | https://images.aqar.fm/webp/750x0/props/008860201_1780486642016.jpg,16,علي ظافر,,,2026-06-03,,2026-08-02,124,2026-08-23,False,طلب تسويق,False,فيلا
6395710,https://sa.aqar.fm/فلل-للبيع/الرياض/غرب-الرياض/حي-ظهرة-نمار/شارع-حسين-بن-عبدالرحمن-الجفري-حي-العوالي-مدينة-الرياض-منطقة-الرياض-6395710,"فيلا للبيع في شارع حسين بن عبدالرحمن الجفري, حي العوالي, مدينة الرياض, منطقة الرياض",1750000,200,6,5,2,0,حي ظهرة نمار,الرياض,غرب الرياض,"🏡 مؤسسة مسكن الصفوة للعقارات ✨
تعلن عن عرض مميز في حي العوالي بالقرب من نجم الدين ودوار حمزة 👇

📏 المساحة: 200متر
🚪 الواجهة: شمالية – شارع 25متر 
💰 السعر: 1لشارع 25متر مليون و750الف
الشارع ال15متر مليون و600الف

الفيلا مؤسسة لمصعد 
     
مدخل سيارة 🚗 + حوش 🌿                                         
   
ملحق بالحوش + مجلس رجال + مقلط

صالة واسعة + مطبخ 🍴
الدور الثاني 
4 غرف نوم + صالة 🛏️

الدور الثالث به غرفة نوم ودوره مياه مع السطح 



📜 شهادة إتمام بناء + كافة الضمانات

🌟 مميزات إضافية:
✔️ مقدم التعاقد بدون فوائد ✅
✔️ سداد المديونية 💳
✔️ التعامل مع جميع البنوك والشركات 🏦
✔️ عروض أخرى بمساحات وأسعار مختلفة

📞 للتواصل والاستفسار:
ريان العتيبي – ((رقم المعلن يظهر عند التواصل))
🔑 كود العرض: 1",24.55145,46.635422,https://images.aqar.fm/webp/750x0/props/034941922_1785173355547.jpg | https://images.aqar.fm/webp/750x0/props/034941922_1785173355826.jpg | https://images.aqar.fm/webp/750x0/props/034941928_1785173355452.jpg | https://images.aqar.fm/webp/750x0/props/034941925_1785173353908.jpg | https://images.aqar.fm/webp/750x0/props/034941924_1785173354130.jpg | https://images.aqar.fm/webp/750x0/props/034941924_1785173354270.jpg | https://images.aqar.fm/webp/750x0/props/034941928_1785173354345.jpg | https://images.aqar.fm/webp/750x0/props/034941921_1785173354362.jpg | https://images.aqar.fm/webp/750x0/props/034941926_1785173354550.jpg | https://images.aqar.fm/webp/750x0/props/034941920_1785173354646.jpg | https://images.aqar.fm/webp/750x0/props/034941929_1785173354818.jpg | https://images.aqar.fm/webp/750x0/props/034941923_1785173355032.jpg | https://images.aqar.fm/webp/750x0/props/034941923_1785173355231.jpg | https://images.aqar.fm/webp/750x0/props/034941926_1785173355327.jpg | https://images.aqar.fm/webp/750x0/props/034941926_1785173355660.jpg | https://images.aqar.fm/webp/750x0/props/034941923_1785173355675.jpg | https://images.aqar.fm/webp/750x0/props/034941924_1785173355762.jpg | https://images.aqar.fm/webp/750x0/props/034941925_1785173355825.jpg | https://images.aqar.fm/webp/750x0/props/034941921_1785173355958.jpg,19,ريان عبدالله محمد العتيبي,مؤسسة مسكن الصفوة للعقارات,1,2025-09-24,2025-09-24,2026-08-23,1165,2026-08-23,True,"1,750,000",False,فيلا
6554309,https://sa.aqar.fm/فلل-للبيع/الرياض/غرب-الرياض/حي-ظهرة-نمار/شارع-رئيسة-بنت-أبي-جعفر-الطبرية-حي-العوالي-مدينة-الرياض-منطقة-الرياض-6554309,"فيلا للبيع في شارع رئيسة بنت أبي جعفر الطبرية, حي العوالي, مدينة الرياض, منطقة الرياض",2000000,300,6,5,3,0,حي ظهرة نمار,الرياض,غرب الرياض,"فلل درج داخلي بحي العوالي 
المساحه 300
السعر 2 مليون 
الوجهه شرقيه 
الشارع 15 
تفاصيل الارضي 

مدخل سياره وحوش 
مشب  مدخل رجال 
مجلس رجال بحمام ومغاسل ومقلط ومطبخ وغرفة كبار سن ماستر وصالة ومدخل نساء خاص وحوش خلفي درج داخلي 
 
تفاصيل الدور العلوي 
اربع غرف نوم ماستر 
صالة سطح أمامي 

تفاصيل الملحق 
غرفة بحمام خارجي 
صالة غرفة خادمة ماستر 
سطح أمامي وخلفي 
غرفة غسيل",24.555962,46.589826,https://images.aqar.fm/webp/750x0/props/028395358_1768909544660.jpg | https://images.aqar.fm/webp/750x0/props/028395353_1768909545173.jpg | https://images.aqar.fm/webp/750x0/props/028395350_1768909543369.jpg | https://images.aqar.fm/webp/750x0/props/028395353_1768909543658.jpg | https://images.aqar.fm/webp/750x0/props/028395350_1768909544079.jpg | https://images.aqar.fm/webp/750x0/props/028395355_1768909544335.jpg | https://images.aqar.fm/webp/750x0/props/028395359_1768909544972.jpg | https://images.aqar.fm/webp/750x0/props/028395353_1768909545485.jpg | https://images.aqar.fm/webp/750x0/props/028395359_1768909545615.jpg | https://images.aqar.fm/webp/750x0/props/028395354_1768909545732.jpg | https://images.aqar.fm/webp/750x0/props/028395357_1768909545889.jpg | https://images.aqar.fm/webp/750x0/props/028395355_1768909546197.jpg | https://images.aqar.fm/webp/750x0/props/028395357_1768909546203.jpg | https://images.aqar.fm/webp/750x0/props/028395355_1768909546332.jpg | https://images.aqar.fm/webp/750x0/props/028395352_1768909546605.jpg | https://images.aqar.fm/webp/750x0/props/028395358_1768909546727.jpg | https://images.aqar.fm/webp/750x0/props/028395353_1768909546838.jpg | https://images.aqar.fm/webp/750x0/props/028395356_1768909547018.jpg | https://images.aqar.fm/webp/750x0/props/028395357_1768909547135.jpg | https://images.aqar.fm/webp/750x0/props/028395357_1768909547430.jpg | https://images.aqar.fm/webp/750x0/props/028395355_1768909547635.jpg | https://images.aqar.fm/webp/750x0/props/028395350_1768909547755.jpg | https://images.aqar.fm/webp/750x0/props/028395352_1768909547926.jpg | https://images.aqar.fm/webp/750x0/props/028395351_1768909548181.jpg | https://images.aqar.fm/webp/750x0/props/028395352_1768909548402.jpg | https://images.aqar.fm/webp/750x0/props/028395355_1768909548654.jpg | https://images.aqar.fm/webp/750x0/props/028395353_1768909548775.jpg | https://images.aqar.fm/webp/750x0/props/028395359_1768909549001.jpg | https://images.aqar.fm/webp/750x0/props/028395353_1768909549218.jpg | https://images.aqar.fm/webp/750x0/props/028395359_1768909549469.jpg,30,تماني بنت عقيل بن فارس العنزي,مكتب مساكن المهلهل,1,2026-01-20,2026-01-20,2026-08-22,663,2026-08-23,True,"2,000,000",False,فيلا
6550684,https://sa.aqar.fm/فلل-للبيع/الرياض/غرب-الرياض/حي-ظهرة-نمار/شارع-التوحيد-حي-العوالي-مدينة-الرياض-منطقة-الرياض-6550684,"فيلا للبيع في شارع التوحيد, حي العوالي, مدينة الرياض, منطقة الرياض",2000000,300,5,5,2,0,حي ظهرة نمار,الرياض,غرب الرياض,"فيلا دوبلكس بحي العوالي 
المساحه 300 متر 
السعر 2 مليون 
الشارع 15 م 
الوجهه شرقيه 
تشطيب سوبر لوكس 
جميع الضمانات علي السباكه والكهرباء 

تفاصيل الفيلا 👉👉👉👉👉

👈 مدخل سياره 

👈 حوش 

👈 مشب 

👈 مدخل رجال 

👈 مجلس رجال بحمام ومغاسل 

👈 مقلط 

👈 مطبخ 

👈 غرفة كبار السن ماستر 

👈 صاله 

👈 مدخل نساء خاص 

👈 حوش خلفي 

درج داخلى الأول 👉👉👉👉👉👉

👈 4 غرف نوم كلهم ماستر 

الملحق 👉👉👉👉👉👉👉👉👉

👈 غرفة نوم بحمام خارجي 

👈 صاله 

👈 غرفة خادمه ماستر 

👈 سطح أمامي و سطح خلفي 

👈 غرفة غسيل 

👈 يوجد لدينا سداد المديونية بدون نسبه  سداد وتوفير الدفعه 

👈 نتعامل مع جميع البنوك والشركات الخاصه والحكومية 

👈 للتواصل / ((رقم المعلن يظهر عند التواصل))",24.553439,46.609305,https://images.aqar.fm/webp/750x0/props/047640543_1768689603729.jpg | https://images.aqar.fm/webp/750x0/props/047640541_1768689603964.jpg | https://images.aqar.fm/webp/750x0/props/047640547_1768689604084.jpg | https://images.aqar.fm/webp/750x0/props/047640545_1768689604196.jpg | https://images.aqar.fm/webp/750x0/props/047640543_1768689604375.jpg | https://images.aqar.fm/webp/750x0/props/047640541_1768689604632.jpg | https://images.aqar.fm/webp/750x0/props/047640540_1768689604735.jpg | https://images.aqar.fm/webp/750x0/props/047640541_1768689605007.jpg | https://images.aqar.fm/webp/750x0/props/047640549_1768689605148.jpg | https://images.aqar.fm/webp/750x0/props/047640549_1768689605357.jpg | https://images.aqar.fm/webp/750x0/props/047640544_1768689605561.jpg | https://images.aqar.fm/webp/750x0/props/047640541_1768689605789.jpg | https://images.aqar.fm/webp/750x0/props/047640542_1768689605970.jpg | https://images.aqar.fm/webp/750x0/props/047640540_1768689606282.jpg | https://images.aqar.fm/webp/750x0/props/047640549_1768689606523.jpg | https://images.aqar.fm/webp/750x0/props/047640540_1768689606655.jpg | https://images.aqar.fm/webp/750x0/props/047640545_1768689607033.jpg | https://images.aqar.fm/webp/750x0/props/047640542_1768689607298.jpg | https://images.aqar.fm/webp/750x0/props/047640549_1768689607882.jpg | https://images.aqar.fm/webp/750x0/props/047640549_1768689608234.jpg | https://images.aqar.fm/webp/750x0/props/047640540_1768689608503.jpg | https://images.aqar.fm/webp/750x0/props/047640542_1768689609202.jpg | https://images.aqar.fm/webp/750x0/props/047640545_1768689610327.jpg | https://images.aqar.fm/webp/750x0/props/047640542_1768689610768.jpg | https://images.aqar.fm/webp/750x0/props/047640540_1768689611008.jpg | https://images.aqar.fm/webp/750x0/props/047640542_1768689611316.jpg | https://images.aqar.fm/webp/750x0/props/047640540_1768689612457.jpg,27,تماني بنت عقيل بن فارس العنزي,مكتب مساكن المهلهل,1,2026-01-17,2026-01-17,2026-08-23,2002,2026-08-23,True,"2,000,000",False,فيلا
6533722,https://sa.aqar.fm/فلل-للبيع/الرياض/غرب-الرياض/حي-ظهرة-نمار/شارع-أصبغ-بن-محمد-حي-العوالي-مدينة-الرياض-منطقة-الرياض-6533722,"فيلا للبيع في شارع أصبغ بن محمد, حي العوالي, مدينة الرياض, منطقة الرياض",2900000,262,,,,5,حي ظهرة نمار,الرياض,غرب الرياض,,24.555373,46.620902,https://images.aqar.fm/webp/750x0/props/000031795_1739117918373.jpg | https://images.aqar.fm/webp/750x0/props/000031790_1739117918343.jpg | https://images.aqar.fm/webp/750x0/props/000031792_1739117918386.jpg | https://images.aqar.fm/webp/750x0/props/000031791_1739117918354.jpg | https://images.aqar.fm/webp/750x0/props/000031799_1739117918380.jpg | https://images.aqar.fm/webp/750x0/props/000031796_1739117918378.jpg,6,عبدالمحسن عبدالله عبدالعزيز بن هويشل,مؤسسة اكتساب للتسويق,1,2026-01-04,2026-01-04,2026-08-18,897,2026-08-23,True,"2,900,000",False,فيلا
6413727,https://sa.aqar.fm/فلل-للبيع/الرياض/غرب-الرياض/حي-ظهرة-نمار/شارع-يحيى-بن-ظهيره-حي-العوالي-مدينة-الرياض-منطقة-الرياض-6413727,"فيلا للبيع في شارع يحيى بن ظهيره, حي العوالي, مدينة الرياض, منطقة الرياض",2000000,300,6,5,3,0,حي ظهرة نمار,الرياض,غرب الرياض,"كووووووووووووووووود 20

السلام عليكم ورحمة الله وبركاتة اسعد الله اوقاتكم بكل خير  شركة 
اوائل نمار العقارية 
 يسعدنا أن نقدم لكم 
فيلا سوبر لوكس 
 بحى العوالي 
مساحتها 300 م
 شارع 20
 واجهه شرقية 
 عليها   2000000     
 عليها كافة الضمانات  المطلوبة على العوازل والخزنات والبايكه والكهرباء والسباكة  ونتعامل مع جميع البنوك والشركات وتحويل من بنك لاخر  ونسعى فى توفير الدفعه الاولى مجانا وسداد المديونية وتخليص أمور البنك
اسأل عما تريد ستجد ما يسرك 
تتكون من مدخل سيارة ومشب ومجلس رجال بالمغاسل ومقلط وصاله ومطبخ وغرفه كبار السن ومدخل خاص بالنساء وحوش خلفي 
الدور الثاني صالة وأربع غرف نوم 
الدور الثالث صالة وغرفتين وسطح 
                  للتواصل 

     كوووووووووووووووووود20",24.564703,46.590841,https://images.aqar.fm/webp/750x0/props/020124845_1759791080477.jpg | https://images.aqar.fm/webp/750x0/props/020124840_1759791076460.jpg | https://images.aqar.fm/webp/750x0/props/020124841_1759791076685.jpg | https://images.aqar.fm/webp/750x0/props/020124848_1759791076853.jpg | https://images.aqar.fm/webp/750x0/props/020124848_1759791077108.jpg | https://images.aqar.fm/webp/750x0/props/020124841_1759791077317.jpg | https://images.aqar.fm/webp/750x0/props/020124843_1759791077543.jpg | https://images.aqar.fm/webp/750x0/props/020124840_1759791077834.jpg | https://images.aqar.fm/webp/750x0/props/020124845_1759791077996.jpg | https://images.aqar.fm/webp/750x0/props/020124841_1759791078230.jpg | https://images.aqar.fm/webp/750x0/props/020124847_1759791078568.jpg | https://images.aqar.fm/webp/750x0/props/020124848_1759791078730.jpg | https://images.aqar.fm/webp/750x0/props/020124844_1759791078983.jpg | https://images.aqar.fm/webp/750x0/props/020124846_1759791079438.jpg | https://images.aqar.fm/webp/750x0/props/020124845_1759791079523.jpg | https://images.aqar.fm/webp/750x0/props/020124845_1759791079736.jpg | https://images.aqar.fm/webp/750x0/props/020124847_1759791080027.jpg | https://images.aqar.fm/webp/750x0/props/020124840_1759791080231.jpg | https://images.aqar.fm/webp/750x0/props/020124842_1759791080752.jpg,19,جبر لافي عوض العتيبي,مؤسسة اوائل نمار العقارية,1,2025-10-06,2025-10-06,2026-08-21,869,2026-08-23,True,"2,000,000",False,فيلا
6618945,https://sa.aqar.fm/فلل-للبيع/الرياض/غرب-الرياض/حي-ظهرة-نمار/شارع-ابي-بكر-الكتبي-حي-العوالي-مدينة-الرياض-منطقة-الرياض-6618945,"فيلا للبيع في شارع ابي بكر الكتبي, حي العوالي, مدينة الرياض, منطقة الرياض",1700000,252,,,,8,حي ظهرة نمار,الرياض,غرب الرياض,"🏠 للبيع فيلا درج صالة – حي العوالي (المربع الأمني)

📏 المساحة: 252 م²
🧭 الواجهة: شمالية
🛣️ الشارع: 15 م
🏠 العمر: 7 سنوات
المكونات:
▫️ مجلس + مقلط
▫️ صالة
▫️ مطبخ ألماني راكب
▫️ 4 غرف نوم (2 ماستر)
▫️ صالة علوية
▫️ غرفة خادمة + غرفة غسيل
▫️ سطح واسع
مميزات:
✔️ 11 مكيف راكب
✔️ أرضيات رخام
✔️ شتر للنوافذ
✔️ مغاسل رخام
✔️ نعلة فوم
✔️ تجديد بوية وإنارة حديثًا
📞 للتواصل واتساب:  ",24.554446,46.629792,https://images.aqar.fm/webp/750x0/props/045947686_1773001267446.jpg | https://images.aqar.fm/webp/750x0/props/045947684_1773001269926.jpg | https://images.aqar.fm/webp/750x0/props/045947685_1773001272544.jpg | https://images.aqar.fm/webp/750x0/props/045947684_1773001277153.jpg | https://images.aqar.fm/webp/750x0/props/045947680_1773001283506.jpg | https://images.aqar.fm/webp/750x0/props/045947686_1773001288652.jpg | https://images.aqar.fm/webp/750x0/props/045947681_1773001291771.jpg,7,فيصل صالح,مؤسسة بوابة العمران للعقارات,1,2026-03-08,2026-06-04,2026-07-02,1381,2026-08-23,True,"1,700,000",False,فيلا
6646707,https://sa.aqar.fm/فلل-للبيع/الرياض/غرب-الرياض/حي-ظهرة-نمار/شارع-التوحيد-حي-العوالي-مدينة-الرياض-منطقة-الرياض-6646707,"فيلا للبيع في شارع التوحيد, حي العوالي, مدينة الرياض, منطقة الرياض",990000,300,6,5,2,0,حي ظهرة نمار,الرياض,غرب الرياض,"السلام عليكم ورحمة الله وبركاته 
اسعد الله أوقاتكم بكل خير 
للبيع فيلا تاون هاوس علوي 
المساحه 300م
تشطيب شخصي ويوجد جميع الضمانات المطلوبة علي الفيلا
تتكون من &مدخل سياره &مجلس رجال بدور مياه &مقلط&صاله &مطبخ &3غرفه نوم مستر &2 غرفه نوم&2دوره مياه&يوجد سطح 
يوجد لدينا حلول تمويله ميسره  توفير الدفعه المقدمه تسديد مديونيات 
نوفر لعملاءنا اعلى مبلغ تمويل عقاري وأقل هامش ربح 
يوجد لدينا جميع أنواع العقارات سواء فيلا أو شقق  بأسعار مناسبة جدا 
لتواصل معنا جوال أو وتساب 0579682229",24.559039,46.614181,https://images.aqar.fm/webp/750x0/props/030034440_1775654383363.jpg | https://images.aqar.fm/webp/750x0/props/030034440_1775654407323.jpg | https://images.aqar.fm/webp/750x0/props/030034446_1775654407317.jpg | https://images.aqar.fm/webp/750x0/props/030034441_1775654407318.jpg | https://images.aqar.fm/webp/750x0/props/030034440_1775654407336.jpg | https://images.aqar.fm/webp/750x0/props/030034441_1775654407328.jpg | https://images.aqar.fm/webp/750x0/props/030034447_1775654407336.jpg | https://images.aqar.fm/webp/750x0/props/030034443_1775654407329.jpg | https://images.aqar.fm/webp/750x0/props/030034443_1775654407331.jpg | https://images.aqar.fm/webp/750x0/props/030034449_1775654431722.jpg | https://images.aqar.fm/webp/750x0/props/030034441_1775654431682.jpg | https://images.aqar.fm/webp/750x0/props/030034446_1775654431677.jpg | https://images.aqar.fm/webp/750x0/props/030034445_1775654431716.jpg | https://images.aqar.fm/webp/750x0/props/030034449_1775654431718.jpg | https://images.aqar.fm/webp/750x0/props/030034445_1775654431721.jpg | https://images.aqar.fm/webp/750x0/props/030034440_1775654431727.jpg | https://images.aqar.fm/webp/750x0/props/030034442_1775654431717.jpg | https://images.aqar.fm/webp/750x0/props/030034445_1775654460350.jpg | https://images.aqar.fm/webp/750x0/props/030034440_1775654460460.jpg | https://images.aqar.fm/webp/750x0/props/030034446_1775654460871.jpg | https://images.aqar.fm/webp/750x0/props/030034445_1775654460873.jpg | https://images.aqar.fm/webp/750x0/props/030034440_1775654460390.jpg | https://images.aqar.fm/webp/750x0/props/030034443_1775654460875.jpg | https://images.aqar.fm/webp/750x0/props/030034447_1775654460871.jpg | https://images.aqar.fm/webp/750x0/props/030034443_1775654460879.jpg,25,نايف بن عبدالله بن سلطان بن سفران,مؤسسة موافقة العقارية,1,2026-04-08,2026-08-02,2026-08-16,2144,2026-08-23,True,"990,000",False,فيلا
6666699,https://sa.aqar.fm/فلل-للبيع/الرياض/غرب-الرياض/حي-ظهرة-نمار/شارع-عطية-السعدي-حي-العوالي-مدينة-الرياض-منطقة-الرياض-6666699,"فيلا للبيع في شارع عطية السعدي, حي العوالي, مدينة الرياض, منطقة الرياض",2000000,520,7,5,3,0,حي ظهرة نمار,الرياض,غرب الرياض,"الكووووووود 18
التفاصيل:
السلام عليكم ورحمه الله وبركاته اسعد الله اوقاتكم بكل خير  شركه أوائل نمار العقارية
 يسعدنا أن نقدم لكم 
فيلا بشقه 
 بحى العوالى المربع الذهبي مخرج ٢٧ قريبا جدا من الدائري 
مساحه 300متر 
 شارع٢٠متر 
 واجهه غربيه 
 عليها  2مليون 
شغل_شخصى تشطيب ممتاز على الكود السعودى الجديد 
 عليها كافة الضمانات  المطلوبة على العوازل والخزنات والبايكه والكهرباء والسباكه  ونتعامل مع جميع البنوك والشركات وتحويل من بنك لاخر  ونسعى فى توفير الدفعه الاولى مجانا وسداد المديونية وتخليص أمور البنك
 للتواصل 
كود 18",24.554771,46.620316,https://images.aqar.fm/webp/750x0/props/020124849_1776926125243.jpg | https://images.aqar.fm/webp/750x0/props/020124849_1776926124795.jpg | https://images.aqar.fm/webp/750x0/props/020124848_1776926124926.jpg | https://images.aqar.fm/webp/750x0/props/020124841_1776926125392.jpg | https://images.aqar.fm/webp/750x0/props/020124840_1776926125535.jpg | https://images.aqar.fm/webp/750x0/props/020124842_1776926125681.jpg | https://images.aqar.fm/webp/750x0/props/020124844_1776926125827.jpg | https://images.aqar.fm/webp/750x0/props/020124846_1776926127119.jpg | https://images.aqar.fm/webp/750x0/props/020124841_1776926128393.jpg | https://images.aqar.fm/webp/750x0/props/020124844_1776926129652.jpg | https://images.aqar.fm/webp/750x0/props/020124846_1776926131354.jpg | https://images.aqar.fm/webp/750x0/props/020124847_1776926133231.jpg | https://images.aqar.fm/webp/750x0/props/020124840_1776926133451.jpg | https://images.aqar.fm/webp/750x0/props/020124845_1776926133697.jpg | https://images.aqar.fm/webp/750x0/props/020124846_1776926134743.jpg | https://images.aqar.fm/webp/750x0/props/020124845_1776926134747.jpg | https://images.aqar.fm/webp/750x0/props/020124842_1776926136735.jpg | https://images.aqar.fm/webp/750x0/props/020124847_1776926137786.jpg | https://images.aqar.fm/webp/750x0/props/020124847_1776926137784.jpg | https://images.aqar.fm/webp/750x0/props/020124840_1776926137891.jpg | https://images.aqar.fm/webp/750x0/props/020124848_1776926140880.jpg | https://images.aqar.fm/webp/750x0/props/020124840_1776926140885.jpg | https://images.aqar.fm/webp/750x0/props/020124846_1776926141108.jpg | https://images.aqar.fm/webp/750x0/props/020124849_1776926142320.jpg,24,جبر لافي عوض العتيبي,مؤسسة اوائل نمار العقارية,1,2026-04-23,2026-08-17,2026-08-20,1545,2026-08-23,True,"2,000,000",False,فيلا
6773499,https://sa.aqar.fm/فلل-للبيع/الرياض/غرب-الرياض/حي-ظهرة-نمار/شارع-السخاء-حي-العوالي-مدينة-الرياض-منطقة-الرياض-6773499,"فيلا للبيع في شارع السخاء, حي العوالي, مدينة الرياض, منطقة الرياض",1700000,337,7,0,0,1,حي ظهرة نمار,الرياض,غرب الرياض,"فله  دبلكس مساحة 337

الدور الارضي /  مجلس + مقلط + مطبخ + مصعد راكب + مجلس حريم 
 المطبخ راكب + غرفة سائق 

الدور الثاني / ٤ غرف وصاله 

الدور الثالث / سطح اوفس + غرفة شغاله + سطح 

العمر / سنتين 

عليها بنك ٦٠٠ الف وقابل للسداد",24.55341,46.592406,https://images.aqar.fm/webp/750x0/props/005027537_1784037047502.jpg | https://images.aqar.fm/webp/750x0/props/005027537_1784037047626.jpg | https://images.aqar.fm/webp/750x0/props/005027538_1784037047628.jpg,3,محمد بن راجح,مؤسسة مكتب اضواء نمار للعقارات,1,2026-07-14,2026-07-14,2026-08-06,526,2026-08-23,True,"1,700,000",False,فيلا
6646442,https://sa.aqar.fm/فلل-للبيع/الرياض/غرب-الرياض/حي-ظهرة-نمار/شارع-زينب-الثقفية-حي-العوالي-مدينة-الرياض-منطقة-الرياض-6646442,"فيلا للبيع في شارع زينب الثقفية, حي العوالي, مدينة الرياض, منطقة الرياض",890000,300,6,5,0,0,حي ظهرة نمار,الرياض,غرب الرياض,"السلام عليكم ورحمة الله وبركاته 
للبيع فيلا دور دور شقه لكل دور صك لحاله والشقه صك لحاله 
يوجد مصعد خاص بدور العلوي والشقه 
دخول ذكي 
يوجد جميع الضمانات المطلوبة علي الفيلا 
تشطيب شخصي 
تتكون من &مدخل سياره &مجلس رجال بدور مياه &مقلط&صاله &مطبخ &غرفة نوم مستر 2غرفه نوم بدور مياه مشتركه 
يوجد لدينا حلول تمويله ميسره وإمكانيه توفير الدفعه المقدمه وتسديد المديونيات & نوفر لك اعلي مبلغ تمويل عقاري وأقل هامش ربح نتعامل مع جميع البنوك 
يوجد لدينا جميع أنواع الفيلا والشقق وبجميع المساحات وباسعار مناسبة جداً للتواصل معنا جوال أو وتساب 0579682229",24.56762,46.60043,https://images.aqar.fm/webp/750x0/props/030034445_1775646110224.jpg | https://images.aqar.fm/webp/750x0/props/030034444_1775646110223.jpg | https://images.aqar.fm/webp/750x0/props/030034446_1775646110215.jpg | https://images.aqar.fm/webp/750x0/props/030034440_1775646110227.jpg | https://images.aqar.fm/webp/750x0/props/030034441_1775646110225.jpg | https://images.aqar.fm/webp/750x0/props/030034445_1775646110239.jpg | https://images.aqar.fm/webp/750x0/props/030034442_1775646175547.jpg | https://images.aqar.fm/webp/750x0/props/030034442_1775646175541.jpg | https://images.aqar.fm/webp/750x0/props/030034448_1775646175533.jpg | https://images.aqar.fm/webp/750x0/props/030034441_1775646175542.jpg | https://images.aqar.fm/webp/750x0/props/030034442_1775646175542.jpg | https://images.aqar.fm/webp/750x0/props/030034443_1775646175541.jpg | https://images.aqar.fm/webp/750x0/props/030034448_1775646175538.jpg | https://images.aqar.fm/webp/750x0/props/030034444_1775646175584.jpg,14,نايف بن عبدالله بن سلطان بن سفران,مؤسسة موافقة العقارية,1,2026-04-08,2026-08-02,2026-08-16,1232,2026-08-23,True,"890,000",False,فيلا
6675459,https://sa.aqar.fm/فلل-للبيع/الرياض/غرب-الرياض/حي-ظهرة-نمار/شارع-حمزة-الجعلي-حي-العوالي-مدينة-الرياض-منطقة-الرياض-6675459,"فيلا للبيع في شارع حمزة الجعلي, حي العوالي, مدينة الرياض, منطقة الرياض",2200000,420,5,,,5,حي ظهرة نمار,الرياض,غرب الرياض,"للبيع فيلا مساحتها 420 بغرب الرياض حي  العوالي العمر / 5 سنوات 
واجهه شرقيه + شارع 15 مقابل مسجد و مرفق 
دور ارضي مستقل + 3 شقق 
الدور الارضي  مساحات كبيره :: 
مكون من : 
حوش 6*6 
مشب
مجلس رجال 
دورة مياه رجاليه 
مقلط 
مجلس نساء 
دورة مياة نساء 
صاله عائليه 
مطبخ 
1 غرفة نوم رئيسيه + دورة مياه 
2 غرف نوم مشتركة بدورة مياه 
غرفة عامله مع دورة مياه 
غرفة غسيل 
//// //// //// //// ////
3 شقق   
مكونه من : 
مجلس رجال + دورة مياه 
صاله 
مطبخ 
2 غرفه مشتركة بدورة مياه

عليه  مديونيه مليون ريال 
البيع مليون ٢مليون و٢٠٠الف",24.55907,46.589828,https://images.aqar.fm/webp/750x0/props/030907702_1777481605364.jpg,1,عبدالكريم ابراهيم بن رسلان العنزي,شركة ابداع العالمية للتطوير والاستثمار العقاري ,1,2026-04-29,2026-07-26,2026-08-23,359,2026-08-23,True,"2,200,000",False,فيلا
6812807,https://sa.aqar.fm/فلل-للبيع/الرياض/غرب-الرياض/حي-ظهرة-نمار/شارع-محمد-البوسيفي-حي-العوالي-مدينة-الرياض-منطقة-الرياض-6812807,"فيلا للبيع في شارع محمد البوسيفي, حي العوالي, مدينة الرياض, منطقة الرياض",2200000,304,6,5,2,2,حي ظهرة نمار,الرياض,غرب الرياض,"هذا الإعلان يعرض تفاصيل فيلا مودرن للبيع أو الإيجار، وإليك ملخص مواصفاتها بشكل بسيط ومنظم:
## 📐 تصميم الفيلا

* الشكل: تصميم حديث على شكل حرف ( U ).
* النوع: بناء شخصي بطراز معماري حديث.

## 🏢 تفاصيل الأدوار

* الدور الأرضي:
* مدخل خاص للسيارة.
   * ملحق خارجي.
   * حديقة خارجية مناسبة.
   * مجلس للرجال.
   * صالة واسعة.
   * غرفة مخصصة لكبار السن.
   * مطبخ راكب (جاهز).
   * دورتين مياه.
* الدور الأول:
* ثلاث أجنحة ماستر (غرف نوم رئيسية بحمام داخلي).
* الدور الثاني:
* جناحين ماستر (غرفتين نوم رئيسية بحمام داخلي).
   * غرفة خاصة بالخادمة.

## ✨ مميزات إضافية

* مكيفات مركزية حديثة.
* كاميرات مراقبة للمنزل.
* نظام غاز مركزي.",24.551056,46.638305,https://images.aqar.fm/webp/750x0/props/052146642_1786935947467.jpg | https://images.aqar.fm/webp/750x0/props/052146641_1786935946215.jpg | https://images.aqar.fm/webp/750x0/props/052146642_1786935948065.jpg | https://images.aqar.fm/webp/750x0/props/052146641_1786935952587.jpg | https://images.aqar.fm/webp/750x0/props/052146641_1786935953243.jpg | https://images.aqar.fm/webp/750x0/props/052146645_1786935949277.jpg | https://images.aqar.fm/webp/750x0/props/052146646_1786935946877.jpg | https://images.aqar.fm/webp/750x0/props/052146645_1786935945226.jpg | https://images.aqar.fm/webp/750x0/props/052146641_1786935945227.jpg | https://images.aqar.fm/webp/750x0/props/052146644_1786935945641.jpg | https://images.aqar.fm/webp/750x0/props/052146648_1786935948673.jpg | https://images.aqar.fm/webp/750x0/props/052146648_1786935950038.jpg | https://images.aqar.fm/webp/750x0/props/052146643_1786935950713.jpg | https://images.aqar.fm/webp/750x0/props/052146645_1786935951313.jpg | https://images.aqar.fm/webp/750x0/props/052146640_1786935951983.jpg,15,نوال العتيبي,مؤسسة مسكن الياسمين,1,2026-08-09,2026-08-13,2026-08-22,95,2026-08-23,True,"2,200,000",False,فيلا
