listing_id,url,title,price,area_sqm,rooms,bathrooms,livings,age_years,district,city,direction,description,latitude,longitude,images,images_count,advertiser_name,advertiser_company,advertiser_type,created_at,published_at,last_update,views,date_scraped,published,price_text,price_was_missing,property_type
6734532,https://sa.aqar.fm/فلل-للبيع/الرياض/شرق-الرياض/حي-الجنادرية/حي-الجنادرية-مدينة-الرياض-منطقة-الرياض-6734532,"فيلا للبيع في حي الجنادرية, مدينة الرياض, منطقة الرياض",1640000,375,,0,0,0,حي الجنادرية,الرياض,شرق الرياض,"فله دور و ثلاث شقق بحي الجنادرية مخطط بوابة الشرق 
مساحه ٣٧٥ متر تتكون من الدور الارضي ( مجلس و مقلط و مطبخ و صالتين و ثلاث غرف نوم جميع غرف النوم ماستر ) و خمس دورات مياه 
الدور الاول شقتين متقابله كل شقه تتكون من ( مجلس و مطبخ و صاله و غرفتين نوم و دورتين مياه) 
الملحق العلوي شقه تتكون من مجلس و مطبخ و صاله و غرفتين نوم وآحده ماستر و ٣ دورات مياه و سطح كبير) 
جميع الغرف واسعه و تشطيب ممتاز جداً مع جميع الضمانات على السباكة و الكهرباء و العزل و يوجد تأمين ضد العيوب الخفيه .",24.901807,46.966567,https://images.aqar.fm/webp/750x0/props/009159035_1781557141388.jpg,1,محمد عبدالله,,,2026-06-15,2026-08-13,2026-08-23,252,2026-08-23,True,"1,640,000",False,فيلا
6541996,https://sa.aqar.fm/فلل-للبيع/الرياض/شرق-الرياض/حي-الجنادرية/شارع-الضياء-حي-الجنادرية-مدينة-الرياض-منطقة-الرياض-6541996,"فيلا للبيع في شارع الضياء, حي الجنادرية, مدينة الرياض, منطقة الرياض",1050000,235,4,4,0,0,حي الجنادرية,الرياض,شرق الرياض,"🏡 شركة موافقة العقارية
تقدّم لكم كل ما هو جديد ومميز في حي الجنادرية – مخطط غصون 🌟

📣 حيث يجتمع السعر المميز مع جودة البناء 💪

للبيع 🔑
🏘️ تاون هاوس علوي + تاون هاوس ارضي

📏 
التاون هاوس ارضي : 235م

المواصفات:

🛏️ صالة عائلية واسعة
مجلس كبير
مطبخ
صاله طعام
صاله عائليه
مدخل سياره 
🛌 أربع غرف نوم (منها غرفة ماستر)
سطح كبير
حوش خلفي

مميزات الموقع الحيوي ✨
قريب طريق خريص ، قريب من مسجد - روضة اطفال - مجمع مدارس - ومستشفى.


 * تأمين ملاذ على الهيكل الانشائي
 * ضمانات السباكة و الكهرباء 

لتجربة فريدة من نوعها , تبقى وحدات سكنية قليلة. 

احجز وحدتك الأن وكن جزء من مجتمعاتنا

ملاحظه الموقع غير دقيق ❗️
عبدالله ابوسعود -موافقه العقاريه 

((رقم المعلن يظهر عند التواصل))",24.845398,46.895056,https://images.aqar.fm/webp/750x0/props/043848017_1768138781520.jpg | https://images.aqar.fm/webp/750x0/props/043848011_1768138911559.jpg | https://images.aqar.fm/webp/750x0/props/043848010_1768139211623.jpg | https://images.aqar.fm/webp/750x0/props/043848011_1768139247576.jpg | https://images.aqar.fm/webp/750x0/props/043848010_1768139247553.jpg | https://images.aqar.fm/webp/750x0/props/043848011_1768139247557.jpg | https://images.aqar.fm/webp/750x0/props/043848018_1768139247583.jpg | https://images.aqar.fm/webp/750x0/props/043848019_1768139247586.jpg | https://images.aqar.fm/webp/750x0/props/043848013_1768139247576.jpg | https://images.aqar.fm/webp/750x0/props/043848019_1768139247572.jpg | https://images.aqar.fm/webp/750x0/props/043848019_1768139247554.jpg | https://images.aqar.fm/webp/750x0/props/043848019_1768139288476.jpg | https://images.aqar.fm/webp/750x0/props/043848012_1768139288479.jpg | https://images.aqar.fm/webp/750x0/props/043848013_1768139288447.jpg | https://images.aqar.fm/webp/750x0/props/043848015_1768139288494.jpg | https://images.aqar.fm/webp/750x0/props/043848011_1768139352965.jpg | https://images.aqar.fm/webp/750x0/props/043848018_1768139410107.jpg | https://images.aqar.fm/webp/750x0/props/043848012_1768139410158.jpg | https://images.aqar.fm/webp/750x0/props/043848012_1768139410120.jpg | https://images.aqar.fm/webp/750x0/props/043848010_1768139410095.jpg | https://images.aqar.fm/webp/750x0/props/043848015_1768139410093.jpg | https://images.aqar.fm/webp/750x0/props/043848011_1768139410097.jpg | https://images.aqar.fm/webp/750x0/props/043848019_1768139410117.jpg | https://images.aqar.fm/webp/750x0/props/043848016_1768139410104.jpg | https://images.aqar.fm/webp/750x0/props/043848012_1768139473673.jpg | https://images.aqar.fm/webp/750x0/props/043848017_1768139473671.jpg | https://images.aqar.fm/webp/750x0/props/043848010_1768139473652.jpg | https://images.aqar.fm/webp/750x0/props/043848016_1768139473664.jpg | https://images.aqar.fm/webp/750x0/props/043848012_1768139473666.jpg | https://images.aqar.fm/webp/750x0/props/043848013_1768139473689.jpg,30,نايف عبدالله بن سلطان بن سفران,مؤسسة موافقة العقارية,1,2026-01-11,2026-01-11,2026-08-13,1411,2026-08-23,True,"1,050,000",False,فيلا
6771063,https://sa.aqar.fm/فلل-للبيع/الرياض/شرق-الرياض/حي-الجنادرية/شارع-وادي-الطلحية-حي-الجنادرية-مدينة-الرياض-منطقة-الرياض-6771063,"فيلا للبيع في شارع وادي الطلحية, حي الجنادرية, مدينة الرياض, منطقة الرياض",1250000,342,6,5,2,0,حي الجنادرية,الرياض,شرق الرياض,"شركه أثال العقاريه تقدم لعملائها احدث العروض العقاريه ذات التصميم المودرن الحديث ب احياء شمال شرق الرياض حي الجنادريه
مخطط المعالي
فيلا درج داخلي وشقه فاخره 

تتكون من
مجلس
صاله كبيره 
مطبخ
غرفه خادمه غرفه نوم
فوق 4غرف منهم 2ماستر
الشقه
مجلس
مطبخ
2غرف نوم
وسطح
المساحة 200
المسطح 350
السعر:: مليون 250
للأستفسار فون
 او واتساب((الرقم يظهر عند الضغط على اتصال)) 
((الرقم يظهر عند الضغط على اتصال)) 
يتم تخليص كافه والأجرأت البنكيه",24.84107,46.86945,https://images.aqar.fm/webp/750x0/props/049095588_1783896992630.jpg | https://images.aqar.fm/webp/750x0/props/049095584_1783896992400.jpg | https://images.aqar.fm/webp/750x0/props/049095585_1783896992465.jpg | https://images.aqar.fm/webp/750x0/props/049095584_1783896992467.jpg | https://images.aqar.fm/webp/750x0/props/049095582_1783896992505.jpg | https://images.aqar.fm/webp/750x0/props/049095588_1783896992657.jpg | https://images.aqar.fm/webp/750x0/props/049095587_1783896992672.jpg | https://images.aqar.fm/webp/750x0/props/049095580_1783896992701.jpg | https://images.aqar.fm/webp/750x0/props/049095585_1783896992770.jpg | https://images.aqar.fm/webp/750x0/props/049095589_1783896992900.jpg | https://images.aqar.fm/webp/750x0/props/049095583_1783896992938.jpg | https://images.aqar.fm/webp/750x0/props/049095585_1783896993019.jpg | https://images.aqar.fm/webp/750x0/props/049095589_1783896993042.jpg | https://images.aqar.fm/webp/750x0/props/049095581_1783896993090.jpg | https://images.aqar.fm/webp/750x0/props/049095582_1783896993147.jpg | https://images.aqar.fm/webp/750x0/props/049095584_1783896993224.jpg | https://images.aqar.fm/webp/750x0/props/049095584_1783896992400.jpg | https://images.aqar.fm/webp/750x0/props/049095585_1783896992465.jpg | https://images.aqar.fm/webp/750x0/props/049095584_1783896992467.jpg | https://images.aqar.fm/webp/750x0/props/049095582_1783896992505.jpg | https://images.aqar.fm/webp/750x0/props/049095588_1783896992657.jpg | https://images.aqar.fm/webp/750x0/props/049095587_1783896992672.jpg | https://images.aqar.fm/webp/750x0/props/049095580_1783896992701.jpg | https://images.aqar.fm/webp/750x0/props/049095585_1783896992770.jpg | https://images.aqar.fm/webp/750x0/props/049095589_1783896992900.jpg | https://images.aqar.fm/webp/750x0/props/049095589_1783896992900.jpg | https://images.aqar.fm/webp/750x0/props/049095583_1783896992938.jpg | https://images.aqar.fm/webp/750x0/props/049095585_1783896993019.jpg | https://images.aqar.fm/webp/750x0/props/049095589_1783896993042.jpg | https://images.aqar.fm/webp/750x0/props/049095581_1783896993090.jpg | https://images.aqar.fm/webp/750x0/props/049095582_1783896993147.jpg | https://images.aqar.fm/webp/750x0/props/049095584_1783896993224.jpg,32,عبدالله اليوسف,مؤسسة اثال العقارية للعقارات,1,2026-07-12,2026-08-11,2026-08-18,510,2026-08-23,True,"1,250,000",False,فيلا
6683339,https://sa.aqar.fm/فلل-للبيع/الرياض/شرق-الرياض/حي-الجنادرية/شارع-19-الجنادرية-حي-الجنادرية-مدينة-الرياض-منطقة-الرياض-6683339,"فيلا للبيع في شارع 19 الجنادرية, حي الجنادرية, مدينة الرياض, منطقة الرياض",1000000,201,6,,,1,حي الجنادرية,الرياض,شرق الرياض,"للبيع فيلا درج داخلي المساحه ٢٠١
بوابه الشرق 
تتكون من مدخل سيارة مجلس ومقلط ومطبخ دورتين مياه وصالة 
الدور الاول ٤ غرف نوم 
السطح غرفة خادمة وغرفه غسيل
البيع مليون ريال",24.908204,46.962077,https://images.aqar.fm/webp/750x0/props/008311460_1777989272501.jpg,1,صالح بن عبيد بن عايش العنزي,مكتب ابداع الصحافة للخدمات العقارية,1,2026-05-05,2026-07-31,2026-08-22,353,2026-08-23,True,"1,000,000",False,فيلا
6807993,https://sa.aqar.fm/فلل-للبيع/الرياض/شرق-الرياض/حي-الجنادرية/شارع-ممر77-حي-الجنادرية-مدينة-الرياض-منطقة-الرياض-6807993,"فيلا للبيع في شارع ممر77, حي الجنادرية, مدينة الرياض, منطقة الرياض",1250000,342,4,0,0,0,حي الجنادرية,الرياض,شرق الرياض,"فيلا للبيع مساحة 200 ومعها شقة 🛑

الحد مليون وميتين وخمسين 

جميع الضمانات موجودة 🛑🛑🛑 كامله",24.851082,46.863632,https://images.aqar.fm/webp/750x0/props/043204363_1785958493399.jpg | https://images.aqar.fm/webp/750x0/props/043204367_1785958492955.jpg | https://images.aqar.fm/webp/750x0/props/043204360_1785958492966.jpg | https://images.aqar.fm/webp/750x0/props/043204362_1785958492957.jpg | https://images.aqar.fm/webp/750x0/props/043204362_1785958492795.jpg | https://images.aqar.fm/webp/750x0/props/043204367_1785958492797.jpg | https://images.aqar.fm/webp/750x0/props/043204362_1785958492967.jpg | https://images.aqar.fm/webp/750x0/props/043204367_1785958492982.jpg,8,نايف حمدان,,,2026-08-05,2026-08-05,2026-08-18,84,2026-08-23,True,"1,250,000",False,فيلا
6708516,https://sa.aqar.fm/فلل-للبيع/الرياض/شرق-الرياض/حي-الجنادرية/شارع-ممر77-حي-الجنادرية-مدينة-الرياض-منطقة-الرياض-6708516,"فيلا للبيع في شارع ممر77, حي الجنادرية, مدينة الرياض, منطقة الرياض",1250000,342,7,5,1,0,حي الجنادرية,الرياض,شرق الرياض,"فله ديبلوكس المساحه 200
مسطح البناء 342
المكونات
حوش واسع مجلس رجال مع دورت مياه صالة نساء واسعه وغرفة كبار السن مطبخ مع مستودع وغرفة غسيل
الدورالثاني
اربع غرف نوم غرفتين ماستربدورات المياه
الشقه
مكونه من غرفة وصاله ومطبخ ودورت مياه ومجلس رجال بدورا مياة مستقله مدخلين سطحين
مع امكاتيت بناء غرفه إضافيه",24.851178,46.863472,https://images.aqar.fm/webp/750x0/props/046984225_1779544874594.jpg | https://images.aqar.fm/webp/750x0/props/046984227_1779544874619.jpg | https://images.aqar.fm/webp/750x0/props/046984227_1779544874620.jpg | https://images.aqar.fm/webp/750x0/props/046984228_1779544874617.jpg | https://images.aqar.fm/webp/750x0/props/046984223_1779544874621.jpg | https://images.aqar.fm/webp/750x0/props/046984228_1779544874608.jpg | https://images.aqar.fm/webp/750x0/props/046984220_1779544874609.jpg | https://images.aqar.fm/webp/750x0/props/046984225_1779544874631.jpg | https://images.aqar.fm/webp/750x0/props/046984221_1779544936194.jpg | https://images.aqar.fm/webp/750x0/props/046984225_1779544936220.jpg | https://images.aqar.fm/webp/750x0/props/046984228_1779544936254.jpg | https://images.aqar.fm/webp/750x0/props/046984224_1779544936190.jpg | https://images.aqar.fm/webp/750x0/props/046984226_1779544936202.jpg | https://images.aqar.fm/webp/750x0/props/046984229_1779544936226.jpg | https://images.aqar.fm/webp/750x0/props/046984228_1779544936220.jpg | https://images.aqar.fm/webp/750x0/props/046984229_1779544936225.jpg,16,مطني الشمري,مؤسسة عبر التواصل للعقارات,1,2026-05-23,2026-08-18,2026-08-23,859,2026-08-23,True,"1,250,000",False,فيلا
6676113,https://sa.aqar.fm/فلل-للبيع/الرياض/شرق-الرياض/حي-الجنادرية/شارع-الضياء-حي-الجنادرية-مدينة-الرياض-منطقة-الرياض-6676113,"فيلا للبيع في شارع الضياء, حي الجنادرية, مدينة الرياض, منطقة الرياض",1400000,415,6,7,3,0,حي الجنادرية,الرياض,شرق الرياض,"الفريح العقارية ....
للبيع فيلا درج داخلي في  حي الجنادرية  – عرض رقم 1819 H

المواصفات:
- مدخلين
- المساحة 415 متر
- تتكون من  :
-  دور أرضي ( يتكون من  مجلس _صاله _ مطبخ _  مقلط  _ 2 حمام  _ مدخل سيارة )
-  دور أول  ( يتكون من 4 غرف نوم 2 منهم ماستر  _صاله _  3 حمام  )
- الشقة // مدخل خاص (2 غرف نوم _صاله _ مجلس _ مطبخ _ 2 حمام _ سطح )

المميزات:
- عمر العقار جديد
- تشطيب سوبر لوكس
- الواجهة جنوبية
- موقع مميز في شرق الرياض
- قريبة من جميع الخدمات والطرق الرئيسية

السعر:   1,400,000 ريال 

 رقم العرض:  1819 H

للإستفسارات الرجاء التواصل معنا على الرقم  : (((الرقم يظهر عند الضغط على اتصال)))
-----------------
الـــفـــريـــح للــــعـــقـــارات",24.843992,46.890737,https://images.aqar.fm/webp/750x0/props/044628564_1777545119355.jpg | https://images.aqar.fm/webp/750x0/props/044628568_1777545119151.jpg | https://images.aqar.fm/webp/750x0/props/044628560_1777545119224.jpg | https://images.aqar.fm/webp/750x0/props/044628564_1777545119355.jpg | https://images.aqar.fm/webp/750x0/props/044628561_1777545119219.jpg | https://images.aqar.fm/webp/750x0/props/044628565_1777545119161.jpg | https://images.aqar.fm/webp/750x0/props/044628569_1777545119171.jpg | https://images.aqar.fm/webp/750x0/props/044628569_1777545119206.jpg | https://images.aqar.fm/webp/750x0/props/044628564_1777545119354.jpg | https://images.aqar.fm/webp/750x0/props/044628568_1777545119212.jpg | https://images.aqar.fm/webp/750x0/props/044628569_1777545119183.jpg | https://images.aqar.fm/webp/750x0/props/044628565_1777545119181.jpg | https://images.aqar.fm/webp/750x0/props/044628569_1777545119159.jpg | https://images.aqar.fm/webp/750x0/props/044628567_1777545119219.jpg | https://images.aqar.fm/webp/750x0/props/044628565_1777545119359.jpg | https://images.aqar.fm/webp/750x0/props/044628562_1777545119193.jpg | https://images.aqar.fm/webp/750x0/props/044628567_1777545119239.jpg | https://images.aqar.fm/webp/750x0/props/044628564_1777545119172.jpg | https://images.aqar.fm/webp/750x0/props/044628560_1777545119351.jpg | https://images.aqar.fm/webp/750x0/props/044628562_1777545119150.jpg | https://images.aqar.fm/webp/750x0/props/044628566_1777545119362.jpg | https://images.aqar.fm/webp/750x0/props/044628562_1777545119360.jpg | https://images.aqar.fm/webp/750x0/props/044628562_1777545119180.jpg,23,ريماز مشعل فريح المطيري,مكتب ريماز مشعل فريح المطيري للعقارات,1,2026-04-30,2026-07-27,2026-08-20,343,2026-08-23,True,"1,400,000",False,فيلا
6525031,https://sa.aqar.fm/فلل-للبيع/الرياض/شرق-الرياض/حي-الجنادرية/حي-الجنادرية-مدينة-الرياض-منطقة-الرياض-6525031,"فيلا للبيع في حي الجنادرية, مدينة الرياض, منطقة الرياض",1300000,300,4,,,4,حي الجنادرية,الرياض,شرق الرياض,"فله للبيع مساحه 300 متر 

الدور الاول :
حوش كبير جدا على 3 جهات 
مجلس
صاله
مطبخ
دورتين مياه

الدور الثاني:
4 غرف نوم
3 دورات مياه

الدور الثالث:
غرفه خادمه 
غرفه غسيل
دوره مياه

الفيلا على السوم والبيع لاعلى سومه 

للتواصل:
‭ ‬",24.908622,46.942212,https://images.aqar.fm/webp/750x0/props/044454015_1766961128135.jpg,1,عبد الرحمن عزام محمد السعدون,,,2025-12-28,2025-12-28,2025-12-28,0,2026-08-23,True,"1,300,000",False,فيلا
6644261,https://sa.aqar.fm/فلل-للبيع/الرياض/شرق-الرياض/حي-الجنادرية/شارع-غصون-حي-الجنادرية-مدينة-الرياض-منطقة-الرياض-6644261,"فيلا للبيع في شارع غصون, حي الجنادرية, مدينة الرياض, منطقة الرياض",850000,267,,3,2,0,حي الجنادرية,الرياض,شرق الرياض,"للبيع بنت هاوس علوي واسع جديد , موقع ممتاز , حي غصون  🏡
شاهد الفيديو التوضيحي داخل الأعلان 🎥
معلومات العقار ⬇️
- مساحة الأرض: 360 م²  
- مسطح البناء: 315 م²  
- شارع 15م شرقي  
- مستقل مع سطح واسع  

الدور الأول ⬇️
- مجلس  
- مقلط  
- صالة  
- مطبخ  
- مجلس إضافي  
- غرفة نوم ماستر  
- 3 دورات مياه  

الدور الثاني ⬇️
- 4 غرف نوم  
- 3 دورات مياه  
- سطح كبير  

جميع الضمانات متوفرة + شهادة إتمام بناء 🏢  
إمكانية تقسيم الفيلا إلى دور وشقة 
السعر قابل للتفاوض بعد المعاينة",24.845293,46.893304,https://images.aqar.fm/webp/750x0/props/042241761_1778970498632.jpg | https://images.aqar.fm/webp/750x0/props/042241769_1775497945158.jpg | https://images.aqar.fm/webp/750x0/props/042241766_1775497976044.jpg | https://images.aqar.fm/webp/750x0/props/042241762_1775498101956.jpg | https://images.aqar.fm/webp/750x0/props/042241761_1775497945160.jpg | https://images.aqar.fm/webp/750x0/props/042241768_1775497945153.jpg | https://images.aqar.fm/webp/750x0/props/042241764_1775497945162.jpg | https://images.aqar.fm/webp/750x0/props/042241764_1775497976006.jpg | https://images.aqar.fm/webp/750x0/props/042241768_1775497976007.jpg | https://images.aqar.fm/webp/750x0/props/042241762_1775497976004.jpg | https://images.aqar.fm/webp/750x0/props/042241761_1775497976004.jpg | https://images.aqar.fm/webp/750x0/props/042241765_1775497976025.jpg | https://images.aqar.fm/webp/750x0/props/042241768_1775497976018.jpg | https://images.aqar.fm/webp/750x0/props/042241768_1775497976004.jpg,14,معيلي عبدالله,مكتب مصادر نجد للعقارات,1,2026-04-06,2026-08-01,2026-08-22,1426,2026-08-23,True,"850,000",False,فيلا
6712196,https://sa.aqar.fm/فلل-للبيع/الرياض/شرق-الرياض/حي-الجنادرية/شارع-رقم-178-حي-الجنادرية-الرياض-منطقة-الرياض-6712196,فيلا للبيع في شارع رقم 178 ، حي الجنادرية ، الرياض ، منطقة الرياض,1100000,230,4,5,5,5,حي الجنادرية,الرياض,شرق الرياض,دوبلكس عن المسجد ثلاثين متر,24.847294,46.88031,https://images.aqar.fm/webp/750x0/props/011719074_1780015547397.jpg | https://images.aqar.fm/webp/750x0/props/011719074_1780015547348.jpg | https://images.aqar.fm/webp/750x0/props/011719074_1780015547341.jpg | https://images.aqar.fm/webp/750x0/props/011719077_1780015547355.jpg,4,نايف الشمري,,,2026-05-29,,2026-07-30,41,2026-08-23,False,طلب تسويق,False,فيلا
6831062,https://sa.aqar.fm/فلل-للبيع/الرياض/شرق-الرياض/حي-الجنادرية/شارع-رقم-190-حي-الجنادرية-مدينة-الرياض-منطقة-الرياض-6831062,"فيلا للبيع في شارع رقم 190, حي الجنادرية, مدينة الرياض, منطقة الرياض",1650000,250,4,5,0,3,حي الجنادرية,الرياض,شرق الرياض,"🏡 فيلا للبيع – مؤثثة بالكامل وجاهزة للسكن

✨ فرصة مميزة لامتلاك فيلا عائلية متكاملة بتوزيع عملي وتأثيث كامل.

📐 المساحة: 250م²
📍 واجهة شمالية
🛣️ شارع 15م
🚗 حوش يتسع لسيارتين مع مظلة

🏠 الدور الأرضي:

• مدخل رجال
• مجلس + دورة مياه
• مقلط مفتوح على الصالة
• صالة ومنطقة طعام
• مطبخ

🛏️ الدور الأول:

• 4 غرف نوم
• غرفتان ماستر
• إحدى غرف الماستر مع بلكونة
• غرفة خادمة
• غرفة غسيل

✨ مؤثثة بالكامل:

🛋️ الصالات والمجلس
🍽️ المطبخ
❄️ المكيفات
🪑 الأثاث الداخلي

💰 السعر: 1,700,000 ريال

📞 للتواصل والمعاينة:
((الرقم يظهر عند الضغط على اتصال))

📋 رخصة فال: 1200024688
📋 رخصة الإعلان: 7201093538

#فيلا_للبيع #فلل_للبيع #عقار_الرياض #فيلا_مؤثثة #عقار #للبيع",24.852099,46.887099,https://images.aqar.fm/webp/750x0/props/026296386_1787148147047.jpg | https://images.aqar.fm/webp/750x0/props/026296385_1787148146778.jpg | https://images.aqar.fm/webp/750x0/props/026296380_1787148146779.jpg | https://images.aqar.fm/webp/750x0/props/026296387_1787148146793.jpg | https://images.aqar.fm/webp/750x0/props/026296386_1787148146834.jpg | https://images.aqar.fm/webp/750x0/props/026296389_1787148146849.jpg | https://images.aqar.fm/webp/750x0/props/026296384_1787148147010.jpg | https://images.aqar.fm/webp/750x0/props/026296380_1787148147004.jpg | https://images.aqar.fm/webp/750x0/props/026296385_1787148147009.jpg | https://images.aqar.fm/webp/750x0/props/026296388_1787148147033.jpg,10,رويسان مضحى قنيفذ الرويسان,شركة ليس العقارية,1,2026-08-19,2026-08-19,2026-08-23,62,2026-08-23,True,"1,650,000",False,فيلا
6743660,https://sa.aqar.fm/فلل-للبيع/الرياض/شرق-الرياض/حي-الجنادرية/شارع-رقم-206-حي-الجنادرية-مدينة-الرياض-منطقة-الرياض-6743660,"فيلا للبيع في شارع رقم 206, حي الجنادرية, مدينة الرياض, منطقة الرياض",1050000,274,4,5,2,0,حي الجنادرية,الرياض,شرق الرياض,"تاون هاوس للبيع _ الجنادرية 
يضم مدخل سيارة ، مجلس رجال ، صالة طعام ( مقلط ) ، صالة ، 4 غرفة نوم جميعها ماستر , 6 دورات مياه",24.8482,46.865685,https://images.aqar.fm/webp/750x0/props/013074325_1782151023533.jpg | https://images.aqar.fm/webp/750x0/props/013074324_1782151070997.jpg | https://images.aqar.fm/webp/750x0/props/013074326_1782151070959.jpg | https://images.aqar.fm/webp/750x0/props/013074329_1782151070964.jpg | https://images.aqar.fm/webp/750x0/props/013074324_1782151071047.jpg | https://images.aqar.fm/webp/750x0/props/013074327_1782151070941.jpg | https://images.aqar.fm/webp/750x0/props/013074328_1782151070939.jpg | https://images.aqar.fm/webp/750x0/props/013074322_1782151070961.jpg | https://images.aqar.fm/webp/750x0/props/013074328_1782151070956.jpg,9,فيصل الدوسري,مؤسسة فقط نقطة العقارية,1,2026-06-22,2026-08-20,2026-08-20,197,2026-08-23,True,"1,050,000",False,فيلا
6542758,https://sa.aqar.fm/فلل-للبيع/الرياض/شرق-الرياض/حي-الجنادرية/حي-الجنادرية-مدينة-الرياض-منطقة-الرياض-6542758,"فيلا للبيع في حي الجنادرية, مدينة الرياض, منطقة الرياض",1500000,300,,4,5,0,حي الجنادرية,الرياض,شرق الرياض,"للبيع فيلا سكنية 
بمخطط بوابة الشرق
تتكون الفيلا من : 
-1- دور ارضي 
-2- دور اول
-3- شقة
المساحة  300 متر
شارع عرض : 15 شمالي 
رقم المخطط: 3768
رقم القطعة: 1889
السعر : 1,490،000 ريال

شركة سمة الوسيط للعقارية
رقم ترخيص الإعلان 
7200827119
للتواصل
((رقم المعلن يظهر عند التواصل))
((رقم المعلن يظهر عند التواصل))",24.905811,46.962841,https://images.aqar.fm/webp/750x0/props/028564769_1768750110591.jpg | https://images.aqar.fm/webp/750x0/props/028564762_1768243346576.jpg | https://images.aqar.fm/webp/750x0/props/028564768_1768243346577.jpg | https://images.aqar.fm/webp/750x0/props/028564767_1768243346574.jpg | https://images.aqar.fm/webp/750x0/props/028564761_1768243346553.jpg | https://images.aqar.fm/webp/750x0/props/028564767_1768750110591.jpg | https://images.aqar.fm/webp/750x0/props/028564760_1768750110587.jpg | https://images.aqar.fm/webp/750x0/props/028564767_1768750110580.jpg | https://images.aqar.fm/webp/750x0/props/028564769_1768750110581.jpg | https://images.aqar.fm/webp/750x0/props/028564765_1768750110585.jpg | https://images.aqar.fm/webp/750x0/props/028564769_1768750110585.jpg | https://images.aqar.fm/webp/750x0/props/028564768_1768750110591.jpg | https://images.aqar.fm/webp/750x0/props/028564762_1768750110593.jpg | https://images.aqar.fm/webp/750x0/props/028564762_1768750110582.jpg | https://images.aqar.fm/webp/750x0/props/028564769_1768750110593.jpg | https://images.aqar.fm/webp/750x0/props/028564763_1768750110683.jpg | https://images.aqar.fm/webp/750x0/props/028564769_1768750110681.jpg | https://images.aqar.fm/webp/750x0/props/028564766_1768750110693.jpg | https://images.aqar.fm/webp/750x0/props/028564761_1768750110688.jpg | https://images.aqar.fm/webp/750x0/props/028564764_1768750110686.jpg | https://images.aqar.fm/webp/750x0/props/028564768_1768750110691.jpg | https://images.aqar.fm/webp/750x0/props/028564763_1768750110680.jpg | https://images.aqar.fm/webp/750x0/props/028564763_1768750110679.jpg | https://images.aqar.fm/webp/750x0/props/028564761_1768750110682.jpg | https://images.aqar.fm/webp/750x0/props/028564761_1768750110700.jpg | https://images.aqar.fm/webp/750x0/props/028564769_1768750110687.jpg | https://images.aqar.fm/webp/750x0/props/028564764_1768750110702.jpg | https://images.aqar.fm/webp/750x0/props/028564767_1768750110698.jpg,28,أحمد بن سعد بن معتق,شركة سمة الوسيط العقارية,1,2026-01-11,2026-01-11,2026-08-18,865,2026-08-23,True,"1,500,000",False,فيلا
6781617,https://sa.aqar.fm/فلل-للبيع/الرياض/شرق-الرياض/حي-الجنادرية/شارع-الضياء-حي-الجنادرية-مدينة-الرياض-منطقة-الرياض-6781617,"فيلا للبيع في شارع الضياء, حي الجنادرية, مدينة الرياض, منطقة الرياض",980000,255,4,4,2,0,حي الجنادرية,الرياض,شرق الرياض,"♦️بدأ البيع مشروع سواعد 6 تاون هاوس فاخر🏡
الحي : غصون 📍
المساحة : 255م غير شامل الاجزاء الخاصة ▪️
الشارع :20 ☑️
الواجهة : شمالية 

البيع بدون سعي ✅

التاون هاوس الارضي 🏠

يتكون من :
مدخل سيارة، مجلس منفصل ، دورة مياة ، صالة طعام ، صالة نساء ، دورة مياة ، مطبخ ، غرفة غسيل ، غرفة خادمة ، ارتداد خلفي ، غرفة نوم ، 

الدور الاول : 
صالة صغيرة ، غرفة نوم ماستر ، غرفتين نوم ، دور مياة 

يوجد جميع صور مراحل البناء 📉✅
يوجد جيمع الضمانات ✅

يمتاز المشروع بلقرب من طريق الدمام 
والخدمات",24.844708,46.899151,https://images.aqar.fm/webp/750x0/props/025884878_1764796517994.jpg | https://images.aqar.fm/webp/750x0/props/025884876_1764796518135.jpg | https://images.aqar.fm/webp/750x0/props/025884874_1764796518152.jpg | https://images.aqar.fm/webp/750x0/props/025884878_1764796518185.jpg | https://images.aqar.fm/webp/750x0/props/025884870_1764796518198.jpg | https://images.aqar.fm/webp/750x0/props/025884872_1764796595536.jpg | https://images.aqar.fm/webp/750x0/props/025884874_1764796595596.jpg | https://images.aqar.fm/webp/750x0/props/025884877_1764796595623.jpg | https://images.aqar.fm/webp/750x0/props/025884873_1764796595639.jpg | https://images.aqar.fm/webp/750x0/props/025884875_1764796595654.jpg | https://images.aqar.fm/webp/750x0/props/025884872_1764796595656.jpg | https://images.aqar.fm/webp/750x0/props/025884878_1764796595694.jpg | https://images.aqar.fm/webp/750x0/props/025884871_1764796595732.jpg,13,فارس متعب,مؤسسة زاوية المفتاح للعقارات,1,2026-07-19,2026-08-18,2026-08-22,131,2026-08-23,True,"980,000",False,فيلا
6740537,https://sa.aqar.fm/فلل-للبيع/الرياض/شرق-الرياض/حي-الجنادرية/شارع-الضياء-حي-الجنادرية-الرياض-منطقة-الرياض-6740537,فيلا للبيع في شارع الضياء ، حي الجنادرية ، الرياض ، منطقة الرياض,750,300,3,3,1,0,حي الجنادرية,الرياض,شرق الرياض,اعرض لكم ادوار جديده فاخره ع كامل الشروط والاوراق والتأمين وكامل المتطلبات,24.843351,46.890438,https://images.aqar.fm/webp/750x0/props/053470082_1781970028509.jpg | https://images.aqar.fm/webp/750x0/props/053470084_1781970028479.jpg | https://images.aqar.fm/webp/750x0/props/053470086_1781970028528.jpg | https://images.aqar.fm/webp/750x0/props/053470080_1781970028492.jpg | https://images.aqar.fm/webp/750x0/props/053470085_1781970028535.jpg | https://images.aqar.fm/webp/750x0/props/053470081_1781970028571.jpg | https://images.aqar.fm/webp/750x0/props/053470081_1781970028520.jpg | https://images.aqar.fm/webp/750x0/props/053470081_1781970028572.jpg | https://images.aqar.fm/webp/750x0/props/053470080_1781970099589.jpg | https://images.aqar.fm/webp/750x0/props/053470082_1781970099604.jpg | https://images.aqar.fm/webp/750x0/props/053470084_1781970099596.jpg | https://images.aqar.fm/webp/750x0/props/053470083_1781970099599.jpg,12,مشعل بن نافل بن مناحي العتيبي,,,2026-06-20,,2026-06-20,34,2026-08-23,False,طلب تسويق,False,فيلا
6736704,https://sa.aqar.fm/فلل-للبيع/الرياض/شرق-الرياض/حي-الجنادرية/شارع-ابها-حي-الجنادرية-الرياض-منطقة-الرياض-6736704,"فيلا للبيع في شارع 25155184, حي الجنادرية, مدينة الرياض, منطقة الرياض",1350000,247,7,5,2,0,حي الجنادرية,الرياض,شرق الرياض,"للبيع فله درج داخلي وشقه شارعين الحي بوابة الشرق
الفله مكونه من
مجلس ومقلط ومطبخ وصالتين وغرفه كبار السن وثلاث غرف نوم منها غرفتين ماستر وحوش كبير
والشقه مكونه من
غرفتين نوم وصاله ومجلس ودورتين مياه
الحي بوابة الشرق",24.9021437932939,46.968068540334095,https://images.aqar.fm/webp/750x0/props/001098629_1781705974637.jpg | https://images.aqar.fm/webp/750x0/props/001098626_1781705980441.jpg | https://images.aqar.fm/webp/750x0/props/001098624_1781705974645.jpg | https://images.aqar.fm/webp/750x0/props/001098629_1781705974661.jpg | https://images.aqar.fm/webp/750x0/props/001098629_1781705974673.jpg | https://images.aqar.fm/webp/750x0/props/001098627_1781868450631.jpg | https://images.aqar.fm/webp/750x0/props/001098629_1781868591616.jpg | https://images.aqar.fm/webp/750x0/props/001098625_1781868591640.jpg | https://images.aqar.fm/webp/750x0/props/001098622_1781868591519.jpg | https://images.aqar.fm/webp/750x0/props/001098624_1781868591534.jpg | https://images.aqar.fm/webp/750x0/props/001098624_1781868591627.jpg | https://images.aqar.fm/webp/750x0/props/001098629_1781868591663.jpg | https://images.aqar.fm/webp/750x0/props/001098629_1781868591662.jpg,13,يوسف سعود سافر المطيري,,,2026-06-17,2026-06-18,2026-08-21,261,2026-08-23,True,"1,350,000",False,فيلا
6601768,https://sa.aqar.fm/فلل-للبيع/الرياض/شرق-الرياض/حي-الجنادرية/حي-الجنادرية-مدينة-الرياض-منطقة-الرياض-6601768,"فيلا للبيع في حي الجنادرية, مدينة الرياض, منطقة الرياض",1300000,421,5,5,2,0,حي الجنادرية,الرياض,شرق الرياض,$5e,24.898351,46.958893,https://images.aqar.fm/webp/750x0/props/041229257_1784229095382.jpg | https://images.aqar.fm/webp/750x0/props/041229257_1784229128617.jpg | https://images.aqar.fm/webp/750x0/props/041229254_1784229128813.jpg | https://images.aqar.fm/webp/750x0/props/041229259_1784229129000.jpg | https://images.aqar.fm/webp/750x0/props/041229259_1784229129195.jpg | https://images.aqar.fm/webp/750x0/props/041229256_1784229129345.jpg | https://images.aqar.fm/webp/750x0/props/041229257_1784229129529.jpg | https://images.aqar.fm/webp/750x0/props/041229258_1784229129724.jpg | https://images.aqar.fm/webp/750x0/props/041229258_1784229129825.jpg | https://images.aqar.fm/webp/750x0/props/041229250_1784229130019.jpg | https://images.aqar.fm/webp/750x0/props/041229253_1784229130203.jpg | https://images.aqar.fm/webp/750x0/props/041229252_1784229130414.jpg | https://images.aqar.fm/webp/750x0/props/041229255_1784229130795.jpg | https://images.aqar.fm/webp/750x0/props/041229259_1784229131107.jpg | https://images.aqar.fm/webp/750x0/props/041229258_1784229131237.jpg | https://images.aqar.fm/webp/750x0/props/041229252_1784229131470.jpg | https://images.aqar.fm/webp/750x0/props/041229250_1784229131717.jpg,17,فهد مطير حمود العتيبي,مؤسسة منبع السعادة للخدمات العقارية,1,2026-02-23,2026-08-16,2026-08-16,261,2026-08-23,True,"1,300,000",False,فيلا
6762683,https://sa.aqar.fm/فلل-للبيع/الرياض/شرق-الرياض/حي-الجنادرية/شارع-رقم-97-حي-الجنادرية-مدينة-الرياض-منطقة-الرياض-6762683,"فيلا للبيع في شارع رقم 97, حي الجنادرية, مدينة الرياض, منطقة الرياض",2100000,480,5,5,5,11,حي الجنادرية,الرياض,شرق الرياض,"https://maps.app.goo.gl/A8A5xxVazRQbxRxA6?g_st=awb
البيع فيلا بحي الجنادرية 
مساحة ٤٠٥
 دور ٣ شقق
فرصة استثمارية مميزة يتكون العقار 

عمر العقار: 11 سنة
بناء مميز بجودة عالية من حيث التنفيذ والتشطيب.
مسجل في نظام السجل العقاري لضمان سلامة الملكية.
يتميز الدور الأرضي بوجود مشب وفناء واسع، بالإضافة إلى كراج يتسع لسيارتين مع مظلة داخلية.
غرفة غسيل ومستودع في الدور الأرضي لزيادة الراحة والتنظيم.
غرفة سائق مستقلة في السطح مزودة بـ دورة مياه ومغسلة.
موقع استراتيجي في حي الجنادرية، قريب من جميع الخدمات الحيوية.
قريب من مسجد وروضة أطفال في امتداد نفس الشارع.
موقع مثالي للعائلات لوجود مدرسة ابتدائية للبنات ومدرسة ابتدائية للأولاد على مقربة.
📍 يجمع المبنى بين السكن العائلي المريح والفرصة الاستثمارية المربحة.
2مليون وميتين ألف قابل للتفاوض
مباشر",24.83764,46.883214,,,هند العطاوي,مؤسسة قوى الأعمار الذكية,1,2026-07-06,2026-08-05,2026-08-22,133,2026-08-23,True,"2,100,000",False,فيلا
6670323,https://sa.aqar.fm/فلل-للبيع/الرياض/شرق-الرياض/حي-الجنادرية/شارع-وادى-مليان-حي-الجنادرية-مدينة-الرياض-منطقة-الرياض-6670323,"فيلا للبيع في شارع وادى مليان, حي الجنادرية, مدينة الرياض, منطقة الرياض",1050000,250,6,5,3,0,حي الجنادرية,الرياض,شرق الرياض,"للبيع فيلا درج داخلي  حي الجنادرية عرض 1684 H


المواصفات:
- مدخلين
- المساحة 250 متر
- تتكون من :
- دور أرضي ( يتكون من غرفة نوم _ مجلس _صاله _ مطبخ _ مقلط _ 2 حمام _ مدخل سيارة )
- دور أول ( يتكون من 4 غرف نوم 2 منهم ماستر _صاله _ حمام )
- دور ثاني ( يتكون من غرفة نوم _ غرفة عاملة _ صاله _ 2 حمام _ سطح كبير )

المميزات:
- عمر العقار جديد
- تشطيب سوبر لوكس
- الواجهة جنوبية
- موقع مميز في حي الجنادرية (بوابة الشرق)
- قريبة من جميع الخدمات والطرق الرئيسية

السعر: 1.050.000 ريال
- يوجد 3 فيلا نفس التفاصيل

رقم العرض: 1684 H
-----------------
الـــفـــريـــح للــــعـــقـــارات",24.896416,46.962463,https://images.aqar.fm/webp/750x0/props/044628562_1777205264957.jpg | https://images.aqar.fm/webp/750x0/props/044628569_1777205343738.jpg | https://images.aqar.fm/webp/750x0/props/044628562_1777205343736.jpg | https://images.aqar.fm/webp/750x0/props/044628563_1777205343738.jpg | https://images.aqar.fm/webp/750x0/props/044628565_1777205343735.jpg | https://images.aqar.fm/webp/750x0/props/044628560_1777205343745.jpg | https://images.aqar.fm/webp/750x0/props/044628563_1777205343737.jpg | https://images.aqar.fm/webp/750x0/props/044628565_1777205343745.jpg | https://images.aqar.fm/webp/750x0/props/044628561_1777205343747.jpg | https://images.aqar.fm/webp/750x0/props/044628569_1777205343741.jpg | https://images.aqar.fm/webp/750x0/props/044628564_1777205343744.jpg | https://images.aqar.fm/webp/750x0/props/044628562_1777205343754.jpg | https://images.aqar.fm/webp/750x0/props/044628561_1777205343756.jpg | https://images.aqar.fm/webp/750x0/props/044628567_1777205343778.jpg | https://images.aqar.fm/webp/750x0/props/044628563_1777205343782.jpg | https://images.aqar.fm/webp/750x0/props/044628566_1777205343775.jpg | https://images.aqar.fm/webp/750x0/props/044628562_1777205343773.jpg | https://images.aqar.fm/webp/750x0/props/044628566_1777205343777.jpg | https://images.aqar.fm/webp/750x0/props/044628569_1777205343783.jpg | https://images.aqar.fm/webp/750x0/props/044628564_1777205343776.jpg | https://images.aqar.fm/webp/750x0/props/044628560_1777205343778.jpg | https://images.aqar.fm/webp/750x0/props/044628569_1777205343783.jpg | https://images.aqar.fm/webp/750x0/props/044628562_1777205343773.jpg | https://images.aqar.fm/webp/750x0/props/044628565_1777205343785.jpg | https://images.aqar.fm/webp/750x0/props/044628562_1777205343775.jpg | https://images.aqar.fm/webp/750x0/props/044628564_1777205343775.jpg | https://images.aqar.fm/webp/750x0/props/044628562_1777205343776.jpg,27,ريماز مشعل فريح المطيري,مكتب ريماز مشعل فريح المطيري للعقارات,1,2026-04-26,2026-05-25,2026-08-20,748,2026-08-23,True,"1,050,000",False,فيلا
6736934,https://sa.aqar.fm/فلل-للبيع/الرياض/شرق-الرياض/حي-الجنادرية/شارع-4-الجنادرية-حي-الجنادرية-مدينة-الرياض-منطقة-الرياض-6736934,"فيلا للبيع في شارع 4 الجنادرية, حي الجنادرية, مدينة الرياض, منطقة الرياض",1050000,199,4,5,1,0,حي الجنادرية,الرياض,شرق الرياض,"*فيلا مع شقه حي الجنادرية - مخطط المعالي*  :
• مساحة كليّة 240 م  
• ⁠شارع 15 م 
• تصميم مودرن
• ⁠تشطيب عالي الجودة
• ⁠ابواب wpc
• ⁠انارة magnetic light
• ⁠مدخل سيارة كهربائي
• شهادات ضمان ( كهرباء - سباكة - عزل - اشراف هندسي - تأمين ملاذ  )
• شهادة اتمام بناء

*فيلا درج صالة* :
• الدور ارضي + الدور الاول
• ⁠غرفتين نوم ماستر
• ⁠ غرفتين نوم 
• ⁠صالة
• ⁠مجلس
• ⁠مطبخ
• ⁠صالة طعام
• ⁠مدخل سيارة 

*شقة* : 
• ⁠غرفتين نوم
• ⁠صالة
• ⁠مجلس
• ⁠مطبخ
• ⁠مدخل خاص 
• ⁠سطح
السعي 2.5٪؜",24.907913,46.959397,https://images.aqar.fm/webp/750x0/props/018619832_1781715048195.jpg | https://images.aqar.fm/webp/750x0/props/018619838_1781715047961.jpg | https://images.aqar.fm/webp/750x0/props/018619839_1781715048035.jpg | https://images.aqar.fm/webp/750x0/props/018619833_1781715047951.jpg | https://images.aqar.fm/webp/750x0/props/018619830_1781715048045.jpg | https://images.aqar.fm/webp/750x0/props/018619833_1781715048038.jpg | https://images.aqar.fm/webp/750x0/props/018619837_1781715048026.jpg | https://images.aqar.fm/webp/750x0/props/018619836_1781715048029.jpg,8,عمار خالد بن حسن الحارثي,مؤسسة روعة نجد العقارية,1,2026-06-17,2026-06-17,2026-08-22,415,2026-08-23,True,"1,050,000",False,فيلا
6683629,https://sa.aqar.fm/فلل-للبيع/الرياض/شرق-الرياض/حي-الجنادرية/شارع-رقم-128-حي-الجنادرية-مدينة-الرياض-منطقة-الرياض-6683629,"فيلا للبيع في شارع رقم 128, حي الجنادرية, مدينة الرياض, منطقة الرياض",1425000,300,5,5,2,0,حي الجنادرية,الرياض,شرق الرياض,"فله للبيع دور ارضي و تاون هاوس علوي بحي الجنادرية مخطط بوابة الشرق 
الاتجاهات / شرقي يفتح على تجاري
الشوارع / شرقي ١٥م 
تتكون دور الارضي من/
مدخل سياره
المجلس
المقلط
الصالة
المطبخ 
الصالة النساء
ثلاث غرف نوم 
غرفة خادمة
تاون هاوس العلوي يتكون من/
المجلس
المقلط
الصالة عدد /2
المطبخ
اربع غرف نوم
البيع جمله مليون ٣٠٠ الف
عليها ضمانات من السباكه و الكهرباء و تأمين للهيكل الإنشاء 
للتواصل 
((الرقم يظهر عند الضغط على اتصال))
((الرقم يظهر عند الضغط على اتصال))
((الرقم يظهر عند الضغط على اتصال))
((الرقم يظهر عند الضغط على اتصال))",24.838462,46.879731,,,وسام عوض سمار المطيري,مكتب وسام عوض سمار المطيري للعقار,1,2026-05-05,2026-07-31,2026-08-23,918,2026-08-23,True,"1,425,000",False,فيلا
6784932,https://sa.aqar.fm/فلل-للبيع/الرياض/شرق-الرياض/حي-الجنادرية/حي-الجنادرية-الرياض-منطقة-الرياض-6784932,فيلا للبيع في حي الجنادرية ، الرياض ، منطقة الرياض,850000,312,3,5,2,0,حي الجنادرية,الرياض,شرق الرياض,المساحة 312 مقابل مرفق حكومي ( حديقة ),24.900913,46.955624,https://images.aqar.fm/webp/750x0/props/044781157_1784687394217.jpg | https://images.aqar.fm/webp/750x0/props/044781154_1784687394249.jpg,2,ساره بنت عبدالله بن مارق البقمي,,,2026-07-22,,2026-07-22,72,2026-08-23,False,طلب تسويق,False,فيلا
6710853,https://sa.aqar.fm/فلل-للبيع/الرياض/شرق-الرياض/حي-الجنادرية/شارع-جولاء-حي-الجنادرية-مدينة-الرياض-منطقة-الرياض-6710853,"فيلا للبيع في شارع جولاء, حي الجنادرية, مدينة الرياض, منطقة الرياض",1050000,250,4,5,2,0,حي الجنادرية,الرياض,شرق الرياض,"تتشرف شركة الرائد العقارية بتقديم افضل ما لديها بسوق العقارات 
نقدم لكم فيلا دوبلكس بالجنادرية 
مساحة ٢٥٠ م 
E10",24.896432,46.950668,https://images.aqar.fm/webp/750x0/props/040170358_1779729396158.jpg | https://images.aqar.fm/webp/750x0/props/040170350_1779730214636.jpg | https://images.aqar.fm/webp/750x0/props/040170352_1779730214854.jpg | https://images.aqar.fm/webp/750x0/props/040170352_1779730214909.jpg | https://images.aqar.fm/webp/750x0/props/040170350_1779730215012.jpg | https://images.aqar.fm/webp/750x0/props/040170358_1779730215032.jpg | https://images.aqar.fm/webp/750x0/props/040170352_1779730215156.jpg | https://images.aqar.fm/webp/750x0/props/040170352_1779730215256.jpg | https://images.aqar.fm/webp/750x0/props/040170355_1779730215322.jpg | https://images.aqar.fm/webp/750x0/props/040170353_1779730215427.jpg | https://images.aqar.fm/webp/750x0/props/040170359_1779730215426.jpg | https://images.aqar.fm/webp/750x0/props/040170356_1779730215653.jpg | https://images.aqar.fm/webp/750x0/props/040170356_1779730215654.jpg | https://images.aqar.fm/webp/750x0/props/040170351_1779730215833.jpg | https://images.aqar.fm/webp/750x0/props/040170359_1779730215836.jpg | https://images.aqar.fm/webp/750x0/props/040170353_1779730215994.jpg | https://images.aqar.fm/webp/750x0/props/040170350_1779730215993.jpg,17,رائد مقبل بن محمد العصيمي,مؤسسة رائد مقبل بن محمد العصيمي للمقاولات العامة,1,2026-05-25,2026-08-21,2026-08-22,468,2026-08-23,True,"1,050,000",False,فيلا
6668730,https://sa.aqar.fm/فلل-للبيع/الرياض/شرق-الرياض/حي-الجنادرية/حي-الجنادرية-مدينة-الرياض-منطقة-الرياض-6668730,"فيلا للبيع في حي الجنادرية, مدينة الرياض, منطقة الرياض",1000000,200,7,0,0,0,حي الجنادرية,الرياض,شرق الرياض,"🔻للبيع فيلا في شرق الرياض🔻
سكنية مميزة موقع وتصميم 
حي الجنادرية_ بوابة الشرق
مساحة  200 م شارع 15 شمالي
حديدة زاوية وقريبة من الخدمات والتجاري
الدور الارضي :
استقبال مجلس مقلط صاله
مساحات واسعة وتقبل التقسيم غرفة
الدور الاول :
3 غرف نوم  2 منها ماستر + صاله 
الدور الثاني :
صاله كبيره وغرفة خادمه وغرفة غسيل
ومساحة إضافية لغرف مستقبلاً
مواد بناء بجودة عاليه 
كامل الضمانات و اتمام بناء
السعر  على السوم 

الموقع 📍
https://maps.app.goo.gl/uM7zcauBf8jHQqGf8?g_st=iw

 ",24.89178,46.950484,https://images.aqar.fm/webp/750x0/props/008895983_1777817909877.jpg | https://images.aqar.fm/webp/750x0/props/008895981_1778168798503.jpg,2,محمد السبيعي,,,2026-04-25,2026-05-24,2026-08-22,318,2026-08-23,True,"1,000,000",False,فيلا
6808505,https://sa.aqar.fm/فلل-للبيع/الرياض/شرق-الرياض/حي-الجنادرية/شارع-رقم-206-حي-الجنادرية-مدينة-الرياض-منطقة-الرياض-6808505,"فيلا للبيع في شارع رقم 206, حي الجنادرية, مدينة الرياض, منطقة الرياض",1000000,260,5,,,0,حي الجنادرية,الرياض,شرق الرياض,"*دور ارضي تاون هاوس للبيـــــع حي الجنادرية مخطط غصوون* 
○المساحة 300
○الشارع 20
○الواجهة جنوبية 
○تفاصيل الدور
•مدخل سياره حوش كراج 
•مجلس رجال 
•مقلط 
•صاله 
•مطبخ
•اربع غرف جميعها ماستر 

○السعر مليون 
○جميع الأوراق المطلوبة 
للبنوك جاهزه 

○رقم الاعلان{ 13}
○رقم المعلن {661}

○للتواصل.   

 ((الرقم يظهر عند الضغط على اتصال))",24.847871,46.865987,https://images.aqar.fm/webp/750x0/props/001948577_1785994913396.jpg,1,جابر سعيد,مؤسسة الافضل العقارية,1,2026-08-06,2026-08-06,2026-08-23,79,2026-08-23,True,"1,000,000",False,فيلا
6731477,https://sa.aqar.fm/فلل-للبيع/الرياض/شرق-الرياض/حي-الجنادرية/شارع-الخضريه-حي-الجنادرية-مدينة-الرياض-منطقة-الرياض-6731477,"فيلا للبيع في شارع الخضريه, حي الجنادرية, مدينة الرياض, منطقة الرياض",1100000,300,4,4,1,5,حي الجنادرية,الرياض,شرق الرياض,"للبيع فله   بحي الجنادرية  بوابة الشرق مساحة 300م شارع 15شمالي

5سنوات
المواصفات 

درج داخلي 

مجلس + مقلط مع صائله عائليه + غرفة كبار سن مع دورة مياه+ مطبخ ومخزن 
وعدد 2 دورة مياه 
الدور العلوي 3 غرف نوم وواحده ماستر + صاله عائليه + بالكونه + دورك مياه 
الدور العلوي غرفة خادمة مع دورة مياه مع غرفة غسيل 
والسطح
السعر مليون و100 الف  شامل مديونيه  البنك

للاستفسار يرجي التواصل واتساب",24.903458,46.948616,https://images.aqar.fm/webp/750x0/props/000722989_1781895188841.jpg,1,سعد محمد عبدالله الزهراني,مكتب نحن الافضل للعقارات,1,2026-06-13,2026-08-11,2026-08-22,313,2026-08-23,True,"1,100,000",False,فيلا
6569085,https://sa.aqar.fm/فلل-للبيع/الرياض/شرق-الرياض/حي-الجنادرية/حي-الجنادرية-مدينة-الرياض-منطقة-الرياض-6569085,"فيلا للبيع في حي الجنادرية, مدينة الرياض, منطقة الرياض",1800000,360,,4,3,1,حي الجنادرية,الرياض,شرق الرياض,"للبيــــــــع فيلا مخطط الغصون
شرق الرياض 
دور دور وشقه 
شارع 15 شمالي 
مساحه 360م
كل دور له صك مستقل وكهرباء وماء مستقل .

الدور الاول 
يتكون من  مجلس مقلط اربع غرف نوم واحده ماستر
مطبخ غرفه غسيل غرفه خادمه

الدور الثاني  
يتكون من مجلس مقلط صاله كبيره مطبخ
ثلاث غرف نوم واحده ماستر

الشقه السطح 
مجلس غرفتين وصاله ودورتين مياه ومطبخ وسطح

لا يوجد سوم 
البيع كامله الفيلا او كل دور 
للمشتري حرية الشراء
البيع الفيلا كامله مليون ٨٠٠
رجاء التواصل علي الرقم هذي ((رقم المعلن يظهر عند التواصل))
وتساب",24.849894,46.902694,https://images.aqar.fm/webp/750x0/props/048849037_1769806292682.jpg,1,جواهر ال سعيد,مكتب ريحانة نجد للعقارات,1,2026-01-30,2026-06-25,2026-08-19,676,2026-08-23,True,"1,800,000",False,فيلا
6502845,https://sa.aqar.fm/فلل-للبيع/الرياض/شرق-الرياض/حي-الجنادرية/حي-الجنادرية-مدينة-الرياض-منطقة-الرياض-6502845,"فيلا للبيع في حي الجنادرية, مدينة الرياض, منطقة الرياض",1670000,249,4,1,2,0,حي الجنادرية,الرياض,شرق الرياض,"شركه سكن المعالي للعقارات تقدم لعملائها احدث العروض العقاريه ذات التصميم المودرن الحديث ب احياء شمال شرق الرياض
حي الجنادريه
فيلا درج داخلي وشقه فاخره
الفيلا الزاويه
درج داخلي وشقه

شارع 20 شرقي 15شمال
تتكون من
مجلس مغاسل
مقلط
صاله كبيره
مطبخ
فوق 3غرف منهم 1ماستر
الشقه تتكون من 
مجلس 
صالة 
مطبخ 
2غرف نوم 
3دورات مياه 
السعر مليون مليون 670 الف 
للأستفسار فون او واتساب((رقم المعلن يظهر عند التواصل)) 
المساحة 250",24.844631,46.890685,https://images.aqar.fm/webp/750x0/props/045591527_1765459879527.jpg | https://images.aqar.fm/webp/750x0/props/045591528_1765459878583.jpg | https://images.aqar.fm/webp/750x0/props/045591524_1765459878576.jpg | https://images.aqar.fm/webp/750x0/props/045591525_1765459878597.jpg | https://images.aqar.fm/webp/750x0/props/045591521_1765459878711.jpg | https://images.aqar.fm/webp/750x0/props/045591522_1765459878718.jpg | https://images.aqar.fm/webp/750x0/props/045591522_1765459878856.jpg | https://images.aqar.fm/webp/750x0/props/045591523_1765459878868.jpg | https://images.aqar.fm/webp/750x0/props/045591520_1765459878874.jpg | https://images.aqar.fm/webp/750x0/props/045591523_1765459878980.jpg | https://images.aqar.fm/webp/750x0/props/045591526_1765459878988.jpg | https://images.aqar.fm/webp/750x0/props/045591527_1765459879168.jpg | https://images.aqar.fm/webp/750x0/props/045591520_1765459879208.jpg | https://images.aqar.fm/webp/750x0/props/045591527_1765459879207.jpg | https://images.aqar.fm/webp/750x0/props/045591524_1765459879257.jpg | https://images.aqar.fm/webp/750x0/props/045591525_1765459879346.jpg | https://images.aqar.fm/webp/750x0/props/045591525_1765459879493.jpg | https://images.aqar.fm/webp/750x0/props/045591520_1765459879527.jpg,18,عائشه بنت سليمان بن عبدالله الطريم,مؤسسة سكن المعالي للعقارات,1,2025-12-11,2025-12-11,2026-08-20,531,2026-08-23,True,"1,670,000",False,فيلا
6543509,https://sa.aqar.fm/فلل-للبيع/الرياض/شرق-الرياض/حي-الجنادرية/شارع-بوابه-الشرق-حي-الجنادرية-مدينة-الرياض-منطقة-الرياض-6543509,"فيلا للبيع في شارع بوابه الشرق, حي الجنادرية, مدينة الرياض, منطقة الرياض",1200000,250,5,,,0,حي الجنادرية,الرياض,شرق الرياض,"👌🏻 فرصة سكنية مميزة في حي (بوابة الشرق - الجنادرية ) 
📍موقع متطور وقريب من جميع الخدمات.

🔘(فيلا - درج داخلي ) 

✏️ المساحة : 250 م 
💵 السعر  :  1,200,000 

🏠 المواصفات: 
الدور الأرضي : 
*  ملحق
*  مجلس
*  مقلط 
* صالة واسعة 
* مطبخ 
* ٢ دورة مياة

——- 
الدور الأول 🏠 : 
* ٤ غرف نوم ماستر
* صالة

——- 
الدور الثاني 🏠 : 
* غرفة ماستر 
* غرفة غسيل
* دورة مياة


مواصفات اخرى : 
* مؤسس مصعد 
* مطابقة للكود السعودي. 
*  ضمان 10 سنوات.
* عمر العقار جديد.
* واجهة شمالية.
* عرض الشارع ١٥
* ماء وكهرب راكب.

للتواصل : ‭‬((رقم المعلن يظهر عند التواصل)) 
نايف.",24.888382,46.953593,https://images.aqar.fm/webp/750x0/props/004670698_1768225204681.jpg | https://images.aqar.fm/webp/750x0/props/004670690_1768225204695.jpg | https://images.aqar.fm/webp/750x0/props/004670697_1768225204706.jpg | https://images.aqar.fm/webp/750x0/props/004670696_1768225204700.jpg | https://images.aqar.fm/webp/750x0/props/004670697_1768225204702.jpg | https://images.aqar.fm/webp/750x0/props/004670690_1768225204698.jpg | https://images.aqar.fm/webp/750x0/props/004670691_1768225204693.jpg | https://images.aqar.fm/webp/750x0/props/004670690_1768225204688.jpg,8,جابر ال فهاد,شركة ركائز الروعة,1,2026-01-12,2026-01-12,2026-08-23,198,2026-08-23,True,"1,200,000",False,فيلا
6556576,https://sa.aqar.fm/فلل-للبيع/الرياض/شرق-الرياض/حي-الجنادرية/حي-الجنادرية-مدينة-الرياض-منطقة-الرياض-6556576,"فيلا للبيع في حي الجنادرية, مدينة الرياض, منطقة الرياض",1120000,233,,4,3,0,حي الجنادرية,الرياض,شرق الرياض,"للبيع فلة درج دخلي وشقة 
‏ عداد مستقل للشقة كهرباء عداد مياه  مستقل للشقة 
◇البناء علي الكود السعودي الجديد ◇
70بالمائه من مساحه الارض
جميع الضمانات موجودة
تامين على العيوب الانشائيه ◇10سنوات
¤ضمانات كهرباء 15سنه
¤وسباكه25سنه
□ وعزل10سنوات المياه
رقم مخطط 3768
قطعه 2107/ المساحه 233م
شارع عرض :15شرقيه  
السعر  :مليون و 120الف 
شركة سمة الوسيط العقارية 
رقم ترخيص الاعلان
7200845079
شركة سمة الوسيط للعقارات
للتواصل
((رقم المعلن يظهر عند التواصل))",24.905051,46.958459,https://images.aqar.fm/webp/750x0/props/028564767_1769011195201.jpg | https://images.aqar.fm/webp/750x0/props/028564760_1769011195202.jpg | https://images.aqar.fm/webp/750x0/props/028564765_1769011195230.jpg | https://images.aqar.fm/webp/750x0/props/028564765_1769011195215.jpg | https://images.aqar.fm/webp/750x0/props/028564768_1769011195218.jpg | https://images.aqar.fm/webp/750x0/props/028564762_1769011195210.jpg | https://images.aqar.fm/webp/750x0/props/028564767_1769011195209.jpg | https://images.aqar.fm/webp/750x0/props/028564763_1769011195226.jpg | https://images.aqar.fm/webp/750x0/props/028564769_1769011195226.jpg,9,أحمد بن سعد بن معتق,شركة سمة الوسيط العقارية,1,2026-01-21,2026-01-21,2026-08-19,452,2026-08-23,True,"1,120,000",False,فيلا
6676537,https://sa.aqar.fm/فلل-للبيع/الرياض/شرق-الرياض/حي-الجنادرية/شارع-رقم-133-حي-الجنادرية-مدينة-الرياض-منطقة-الرياض-6676537,"فيلا للبيع في شارع رقم 133, حي الجنادرية, مدينة الرياض, منطقة الرياض",3500000,600,,,,8,حي الجنادرية,الرياض,شرق الرياض,"تحديث 

للبيع فيلا حي المعالي الجنادريه 

درج داخلي وثلاث شقق كبيره دخل الشقق 70000 ريال

المساحة:- 600 متر
 الشارع:- 18 متر
الواجهة:- شرقية
عمر العقار:-8 سنوات
▪️الدور الارضي للفيلا :- مجلس+مقلط +مطبخ+ غرفه كبار سن + مجلس نساء بحمام +مستودع صغير 
▪️الدور العلوي:-  غرفتين ماستر و صاله وغرفتين بينهم حمام  
▪️الدور الاخير:-  مستودع و غرفه شغاله وغرفه غسيل وحمام وسطح 
----------------------------------------
1️⃣شقه الدور الارضي:-  مجلس رجال بالحمام والمغاسل و مقلط وصاله ومطبخ وغرفتين نوم بينهم حمام 
2️⃣شقه الدور العلوي:- مجلس رجال بالحمام والمغاسل و مقلط وصاله ومطبخ وغرفتين نوم بينهم حمام 
3️⃣ شقه الدور الاخير:- مجلس رجال بالحمام والمغاسل و مقلط وصاله ومطبخ وغرفتين نوم بينهم حمام 

البيع 3 مليون 500 الف قابل للتفاوض للصامل 

للتواصل 0542621936",24.846376,46.878712,https://images.aqar.fm/webp/750x0/props/052426751_1777563558120.jpg,1,عمر خالد سعد العتيبي,مؤسسة خالد سعد العتيبي,1,2026-04-30,2026-07-27,2026-08-17,292,2026-08-23,True,"3,500,000",False,فيلا
6776682,https://sa.aqar.fm/فلل-للبيع/الرياض/شرق-الرياض/حي-الجنادرية/شارع-محمد-الحصين-حي-الجنادرية-مدينة-الرياض-منطقة-الرياض-6776682,"فيلا للبيع في شارع محمد الحصين, حي الجنادرية, مدينة الرياض, منطقة الرياض",1150000,247,7,,,0,حي الجنادرية,الرياض,شرق الرياض,"للبيع فيلا درج صالة مع شقه 
زاوية 
حي الشرق 
المساحة 247 
شارع غربي وشمالي  15 
الدور الارضي استقبال بالكامل مجلس رجال وصاله كبيره مدخل سيارة ومقلط ومطبخ وحمامين وغرفة شغاله  و مستودع 
الدور الأول  
4 غرف نوم منهم اثنين ماستر 
وصاله 
الشقه 
3 غرف نوم وصاله ومطبخ وحمامين 
يوجد تأمين 
يوجد شهادة إتمام بناء 
حر ماعليها رهن
البيــــــــع مليون و 150",24.905769,46.961728,,,فهد سعود محمد الصويلح,مؤسسة فهد سعود محمد الصويلح للعقارات,1,2026-07-16,2026-08-14,2026-08-14,41,2026-08-23,True,"1,150,000",False,فيلا
6796899,https://sa.aqar.fm/فلل-للبيع/الرياض/شرق-الرياض/حي-الجنادرية/شارع-الطوال-حي-الجنادرية-مدينة-الرياض-منطقة-الرياض-6796899,"فيلا للبيع في شارع الطوال, حي الجنادرية, مدينة الرياض, منطقة الرياض",2100000,506,5,5,3,9,حي الجنادرية,الرياض,شرق الرياض,"للبيــــــــع فيلا دبلكس بحي الجنادرية دور وثلاث شقق 
المساحه ٥٠٦م 
الشارع ٢٥م شمالي 
عمر العقار ٩ سنوات 

الدور الارضي 
مجلس خارجي + دوره مياه
مجلس + مقلط + صاله دخليه + ٤ غرف نوم + مطبخ + ٣ دورات مياه 
الدوره الأول
 شقتين مستقله  

الشقه الاماميه
٣ غرف نوم + مجلس + مطبخ مستودع + ٢دوره مياه
 
الشقه الخلفيه 
٢ نوم + مجلس + مطبخ + ٢دورات مياه
 
الدور الثاني 
 غرف نوم + مطبخ +   دوره مياه + مجلسين مفتوحه + غرفه ملابس وغسيل .

السوم مليونين و١٠٠ الف 
مباشر مع المالك",24.809093,46.871217,https://images.aqar.fm/webp/750x0/props/023613344_1785359860138.jpg | https://images.aqar.fm/webp/750x0/props/023613347_1785359859810.jpg | https://images.aqar.fm/webp/750x0/props/023613341_1785359859863.jpg | https://images.aqar.fm/webp/750x0/props/023613349_1785359859809.jpg | https://images.aqar.fm/webp/750x0/props/023613346_1785359859864.jpg | https://images.aqar.fm/webp/750x0/props/023613340_1785359859865.jpg | https://images.aqar.fm/webp/750x0/props/023613346_1785359860032.jpg | https://images.aqar.fm/webp/750x0/props/023613341_1785359860057.jpg | https://images.aqar.fm/webp/750x0/props/023613343_1785359860054.jpg | https://images.aqar.fm/webp/750x0/props/023613346_1785359860138.jpg,10,سلوى المساوى,مؤسسة سلوى حسن المساوى,1,2026-07-29,2026-07-29,2026-08-21,653,2026-08-23,True,"2,100,000",False,فيلا
6825674,https://sa.aqar.fm/فلل-للبيع/الرياض/شرق-الرياض/حي-الجنادرية/شارع-رقم-92-حي-الجنادرية-مدينة-الرياض-منطقة-الرياض-6825674,"فيلا للبيع في شارع رقم 92, حي الجنادرية, مدينة الرياض, منطقة الرياض",2500000,418,,0,0,0,حي الجنادرية,الرياض,شرق الرياض,"كود 1029
♦️ فيلا درج داخلي مع شقتين 
 ♦️الجنادرية - الشروق    
مساحة  : 420 متر
السعر  : 2 مليون و 500 الف  
الدور الارضي يتكون من :👇🏻
🔹 حوش ومدخل سيارة 
🔹 مجلس ومقلط بحمام ومغاسل 
🔹 صاله كبيره   
🔹 مطبخ مغلق مع غرفة خادمة  
🔹 غرفة نوم  بحمام ومغاسل 
🔹حوش صغير 

الدور الاول :👇🏻

🔹 غرفة  ماستر 
🔹عدد 2 غرف بحمام ومغاسل خارجي
 
 الشقق  تتكون من :
الاولي :
🔹 مجلس    
 🔹 صاله
🔹 مطبخ
🔹 غرفتين نوم منهم 1 ماستر 
الثانيه : 
🔹 صاله 
🔹 مطبخ 
🔹 غرفه نوم 
🔹 سطح كبير 
🔻ملحوظات
♦️تكيف اسبليت  
♦️ درج داخلي   
♦️ واجهه شمالية
♦️ شارع 20  متر ( امام حديقه )
◼️يوجد جميع الضمانات",24.832672,46.88432,https://images.aqar.fm/webp/750x0/props/031043788_1786892336679.jpg | https://images.aqar.fm/webp/750x0/props/031043788_1786892346116.jpg | https://images.aqar.fm/webp/750x0/props/031043785_1786892346158.jpg | https://images.aqar.fm/webp/750x0/props/031043788_1786892346223.jpg | https://images.aqar.fm/webp/750x0/props/031043787_1786892346160.jpg | https://images.aqar.fm/webp/750x0/props/031043783_1786892346156.jpg | https://images.aqar.fm/webp/750x0/props/031043787_1786892346158.jpg | https://images.aqar.fm/webp/750x0/props/031043786_1786892346039.jpg | https://images.aqar.fm/webp/750x0/props/031043783_1786892346221.jpg | https://images.aqar.fm/webp/750x0/props/031043787_1786892359931.jpg | https://images.aqar.fm/webp/750x0/props/031043787_1786892359862.jpg | https://images.aqar.fm/webp/750x0/props/031043786_1786892359941.jpg | https://images.aqar.fm/webp/750x0/props/031043782_1786892359930.jpg | https://images.aqar.fm/webp/750x0/props/031043781_1786892359912.jpg | https://images.aqar.fm/webp/750x0/props/031043788_1786892359865.jpg | https://images.aqar.fm/webp/750x0/props/031043781_1786892359852.jpg | https://images.aqar.fm/webp/750x0/props/031043787_1786892359877.jpg,17,هدى علي عشوي العنزي,مكتب هدى علي عشوي العنزي العقارية,1,2026-08-16,2026-08-16,2026-08-23,115,2026-08-23,True,"2,500,000",False,فيلا
6355826,https://sa.aqar.fm/فلل-للبيع/الرياض/شرق-الرياض/حي-الجنادرية/شارع-غصون-حي-الجنادرية-مدينة-الرياض-منطقة-الرياض-6355826,"فيلا للبيع في شارع غصون, حي الجنادرية, مدينة الرياض, منطقة الرياض",1000000,259,5,5,1,0,حي الجنادرية,الرياض,شرق الرياض,$5c,24.906886,46.951499,https://images.aqar.fm/webp/750x0/props/044075841_1756549929868.jpg | https://images.aqar.fm/webp/750x0/props/044075847_1756549929656.jpg | https://images.aqar.fm/webp/750x0/props/000783637_1756396735558.jpg | https://images.aqar.fm/webp/750x0/props/044075845_1756549929144.jpg | https://images.aqar.fm/webp/750x0/props/044075843_1756549929399.jpg | https://images.aqar.fm/webp/750x0/props/044075844_1756549929756.jpg | https://images.aqar.fm/webp/750x0/props/044075848_1756549929981.jpg | https://images.aqar.fm/webp/750x0/props/044075847_1756549930228.jpg | https://images.aqar.fm/webp/750x0/props/044075847_1756549930335.jpg | https://images.aqar.fm/webp/750x0/props/044075843_1756549930441.jpg | https://images.aqar.fm/webp/750x0/props/044075848_1756549930568.jpg | https://images.aqar.fm/webp/750x0/props/044075844_1756549930797.jpg | https://images.aqar.fm/webp/750x0/props/044075844_1756549930987.jpg | https://images.aqar.fm/webp/750x0/props/044075848_1756549931012.jpg | https://images.aqar.fm/webp/750x0/props/044075841_1756549931134.jpg,15,عائشه بنت سليمان بن عبدالله الطريم,مؤسسة سكن المعالي للعقارات,1,2025-08-28,2025-08-28,2026-07-30,1286,2026-08-23,True,"1,000,000",False,فيلا
6761783,https://sa.aqar.fm/فلل-للبيع/الرياض/شرق-الرياض/حي-الجنادرية/شارع-الشيوخ-حي-الجنادرية-مدينة-الرياض-منطقة-الرياض-6761783,"فيلا للبيع في شارع الشيوخ, حي الجنادرية, مدينة الرياض, منطقة الرياض",940000,272,4,0,0,0,حي الجنادرية,الرياض,شرق الرياض,"🏡 فلة للبيع – حي الجنادريه 
📐 المساحة: 272م
📍 شارع 18م
🔹 درج داخلي 
🔹 تفاصيل الفله 
-مجلس 
-مقلط 
-صاله ومدخل نساء 
-مطبخ 
- ٤ غرف نوم غرفتين ماستر ✨
💰 السعر : 940,000",24.904701,46.962736,https://images.aqar.fm/webp/750x0/props/012175913_1783330368208.jpg | https://images.aqar.fm/webp/750x0/props/012175919_1783330368194.jpg | https://images.aqar.fm/webp/750x0/props/012175914_1783330368177.jpg | https://images.aqar.fm/webp/750x0/props/012175918_1783330368298.jpg | https://images.aqar.fm/webp/750x0/props/012175912_1783330368176.jpg | https://images.aqar.fm/webp/750x0/props/012175910_1783330368291.jpg | https://images.aqar.fm/webp/750x0/props/012175910_1783330368188.jpg | https://images.aqar.fm/webp/750x0/props/012175910_1783330368215.jpg,8,محمد بن سعود بن محمد ابونيان,,,2026-07-06,2026-08-04,2026-08-06,56,2026-08-23,True,"940,000",False,فيلا
6826574,https://sa.aqar.fm/فلل-للبيع/الرياض/شرق-الرياض/حي-الجنادرية/شارع-مخطط-بوابة-الشرق-حي-الجنادرية-مدينة-الرياض-منطقة-الرياض-6826574,"فيلا للبيع في شارع مخطط بوابة الشرق, حي الجنادرية, مدينة الرياض, منطقة الرياض",1050000,240,7,5,1,0,حي الجنادرية,الرياض,شرق الرياض,,24.905301,46.944932,https://images.aqar.fm/webp/750x0/props/019015300_1786929856543.jpg | https://images.aqar.fm/webp/750x0/props/019015305_1786929977915.jpg | https://images.aqar.fm/webp/750x0/props/019015306_1786929977917.jpg | https://images.aqar.fm/webp/750x0/props/019015304_1786930020699.jpg | https://images.aqar.fm/webp/750x0/props/019015308_1786930020708.jpg | https://images.aqar.fm/webp/750x0/props/019015300_1786930020704.jpg | https://images.aqar.fm/webp/750x0/props/019015308_1786930020705.jpg | https://images.aqar.fm/webp/750x0/props/019015304_1786930020701.jpg | https://images.aqar.fm/webp/750x0/props/019015302_1786930020703.jpg | https://images.aqar.fm/webp/750x0/props/019015301_1786930020702.jpg | https://images.aqar.fm/webp/750x0/props/019015303_1786930020700.jpg | https://images.aqar.fm/webp/750x0/props/019015309_1786930060506.jpg | https://images.aqar.fm/webp/750x0/props/019015305_1786930060522.jpg | https://images.aqar.fm/webp/750x0/props/019015303_1786930060502.jpg | https://images.aqar.fm/webp/750x0/props/019015304_1786930060552.jpg | https://images.aqar.fm/webp/750x0/props/019015302_1786930060505.jpg | https://images.aqar.fm/webp/750x0/props/019015303_1786930060515.jpg | https://images.aqar.fm/webp/750x0/props/019015305_1786930060506.jpg | https://images.aqar.fm/webp/750x0/props/019015306_1786930060521.jpg | https://images.aqar.fm/webp/750x0/props/019015304_1786930091156.jpg | https://images.aqar.fm/webp/750x0/props/019015303_1786930092069.jpg,21,عبدالله علي,,0,2026-08-17,2026-08-17,2026-08-17,36,2026-08-23,True,"1,050,000",False,فيلا
6726268,https://sa.aqar.fm/فلل-للبيع/الرياض/شرق-الرياض/حي-الجنادرية/شارع-الجنادرية-حي-الجنادرية-مدينة-الرياض-منطقة-الرياض-6726268,"فيلا للبيع في شارع الجنادرية, حي الجنادرية, مدينة الرياض, منطقة الرياض",1900000,350,,,,3,حي الجنادرية,الرياض,شرق الرياض,"🏡 فيلا مستقلة للبيع في حي المشرقية

📍 الزون: D
📐 المساحة: 350م²
🏠 التصميم: شرفة D
🧭 الواجهة: غربية
🛣️ الشارع: 25 متر

مكونات الفيلا:
▪️ 3 غرف نوم
▪️ 2 غرف ماستر
▪️ مجلس رجال
▪️ صالة نساء
▪️ صالة طعام
▪️ ملحق خارجي
▪️ غرفة عاملة
▪️ مخزن مع غرفة غسيل
▪️ مؤسس مصعد
▪️ 6 دورات مياه

✨ فيلا مستقلة
✨ باقي عليها بعض التشطيبات البسيطة، والمقاول ملتزم بإكمالها

💰 العقار مرهون لدى بنك الراجحي بمبلغ: 980,000 ريال
💰 السداد المبكر والصافي للبائع: 1,200,000 ريال",24.821108,46.852024,https://images.aqar.fm/webp/750x0/props/051348518_1781025334071.jpg | https://images.aqar.fm/webp/750x0/props/051348511_1781025334032.jpg | https://images.aqar.fm/webp/750x0/props/051348515_1781025334183.jpg | https://images.aqar.fm/webp/750x0/props/051348515_1781025334039.jpg | https://images.aqar.fm/webp/750x0/props/051348518_1781025334153.jpg | https://images.aqar.fm/webp/750x0/props/051348517_1781025334365.jpg,6,مازن بن عبيد بن دبيس الرشيدي,مكتب علو المقام للخدمات العقاريه,1,2026-06-09,2026-06-09,2026-08-22,470,2026-08-23,True,"1,900,000",False,فيلا
6712894,https://sa.aqar.fm/فلل-للبيع/الرياض/شرق-الرياض/حي-الجنادرية/حي-الجنادرية-الرياض-منطقة-الرياض-6712894,فيلا للبيع في حي الجنادرية ، الرياض ، منطقة الرياض,1550000,320,5,5,2,0,حي الجنادرية,الرياض,شرق الرياض,فيلا مع شقه,24.895493,46.960793,https://images.aqar.fm/webp/750x0/props/014609080_1780147076311.jpg,1,احمد معيض بن ذياب العنزي,,,2026-05-30,,2026-08-14,41,2026-08-23,False,طلب تسويق,False,فيلا
6416774,https://sa.aqar.fm/فلل-للبيع/الرياض/شرق-الرياض/حي-الجنادرية/شارع-رقم-134-حي-الجنادرية-مدينة-الرياض-منطقة-الرياض-6416774,"فيلا للبيع في شارع رقم 134, حي الجنادرية, مدينة الرياض, منطقة الرياض",1200000,227,5,,,0,حي الجنادرية,الرياض,شرق الرياض,"‏فيلا زاوية
 مساحة 270
 يتكون الدور الثالث من سطح وسيع مع غرفة خادمة ودوره مياه اتكون

 الدور الثاني عن غرفتين ماستر وغرف تيني يخدمهم دورة مياه مع الصالة 
الدور الأرضي يتكون من مجلس رجال يخدمه دورة مياه وصالة الطعام ومجلس نساء ومطبخ ودوره المياه تخدم الصالة
السعر 1,200,000💥",24.839327,46.877597,https://images.aqar.fm/webp/750x0/props/035591346_1760015683684.jpg | https://images.aqar.fm/webp/750x0/props/035591341_1760015683827.jpg | https://images.aqar.fm/webp/750x0/props/035591345_1760015683855.jpg | https://images.aqar.fm/webp/750x0/props/035591346_1760015683948.jpg | https://images.aqar.fm/webp/750x0/props/035591347_1760015684032.jpg | https://images.aqar.fm/webp/750x0/props/035591349_1760015684198.jpg,6,راشد فهد,مؤسسة راشد فهد عبدالله العجمي للعقارات,1,2025-10-09,2025-10-09,2026-08-20,924,2026-08-23,True,"1,200,000",False,فيلا
6797003,https://sa.aqar.fm/فلل-للبيع/الرياض/شرق-الرياض/حي-الجنادرية/شارع-الثعيليبة-حي-الجنادرية-مدينة-الرياض-منطقة-الرياض-6797003,"فيلا للبيع في شارع الثعيليبة, حي الجنادرية, مدينة الرياض, منطقة الرياض",1150000,300,3,5,2,2,حي الجنادرية,الرياض,شرق الرياض,"فيلا جديده بأسكان الشرق ( مخطط المزيني طريق الدمام)
الفيلا لم تستخدم الا سنه واحده.

مساحة 300 م  مستقله بحوش كبير.
5 غرف نوم الادوار العلوية.
سوف اوافيكم بالصور انشاءالله.

شارع 20  والفيلا من مشروع ( اللوتس) في اول المخطط من جهة طريق الدمام.",24.908146,46.944569,https://images.aqar.fm/webp/750x0/props/043426901_1785714906002.jpg,1,ناصر محمد,,,2026-07-29,2026-07-29,2026-08-17,116,2026-08-23,True,"1,150,000",False,فيلا
6563256,https://sa.aqar.fm/فلل-للبيع/الرياض/شرق-الرياض/حي-الجنادرية/شارع-الغصون-حي-الجنادرية-مدينة-الرياض-منطقة-الرياض-6563256,"فيلا للبيع في شارع الغصون, حي الجنادرية, مدينة الرياض, منطقة الرياض",1100000,250,6,,,0,حي الجنادرية,الرياض,شرق الرياض,"فرصة سكنية مميزة في حي (غصون شرق الرياض ) 
📍موقع متطور وقريب من جميع الخدمات.

🔘 فيلا ( تاون هاوس ارضي ) 

✏️ المساحة :250
💵 السعر  : 1,100,000 

🏠 المواصفات:
•مجلس رجال
• صالة 
•مطبخ
• ٤ دورات مياه
•صالة جانبية
•غرفة نوم كبار سن
•غرفتين علوية 1 منها ماستر
——- 
مواصفات اخرى : 
• كهرب وماء واصلين
• شارع ٢٠ م
•  مطابق للكود السعودي
•شاملة الضمانات
•بلكونة امامية 
•مؤسس مصعد 
•مدخل سيارة 
•حوش خلفي 

للتواصل : ابو سند  | ((رقم المعلن يظهر عند التواصل))",24.847028,46.884339,https://images.aqar.fm/webp/750x0/props/004670695_1769444209714.jpg | https://images.aqar.fm/webp/750x0/props/004670693_1769444220275.jpg | https://images.aqar.fm/webp/750x0/props/004670691_1769444220277.jpg | https://images.aqar.fm/webp/750x0/props/004670692_1769444220277.jpg | https://images.aqar.fm/webp/750x0/props/004670690_1769444220290.jpg | https://images.aqar.fm/webp/750x0/props/004670693_1769444220280.jpg | https://images.aqar.fm/webp/750x0/props/004670690_1769444220281.jpg | https://images.aqar.fm/webp/750x0/props/004670699_1769444220284.jpg | https://images.aqar.fm/webp/750x0/props/004670694_1769444220284.jpg | https://images.aqar.fm/webp/750x0/props/004670698_1769444227745.jpg | https://images.aqar.fm/webp/750x0/props/004670690_1769444227749.jpg | https://images.aqar.fm/webp/750x0/props/004670694_1769444227774.jpg | https://images.aqar.fm/webp/750x0/props/004670695_1769444227761.jpg | https://images.aqar.fm/webp/750x0/props/004670694_1769444227740.jpg,14,جابر ال فهاد,شركة ركائز الروعة,1,2026-01-26,2026-08-18,2026-08-23,2294,2026-08-23,True,"1,100,000",False,فيلا
6363017,https://sa.aqar.fm/فلل-للبيع/الرياض/شرق-الرياض/حي-الجنادرية/شارع-بوابه-الشرق-حي-الجنادرية-مدينة-الرياض-منطقة-الرياض-6363017,"فيلا للبيع في شارع بوابه الشرق, حي الجنادرية, مدينة الرياض, منطقة الرياض",1180000,234,6,,,0,حي الجنادرية,الرياض,شرق الرياض,"نعلن عن فلل درج. صاله وشقه مساحتها ٢35
بسعر مليون 180الف
تتكون من درج صاله وشقه 
حوش مدخل سياره مجلس الرجال مع دورة مياه ومقلط وصاله ومطبخ وغرفة كبار السن ودورة مياه 
فوق أربع غرف نوم منها غرفتين ماستر وصاله ودورة مياه
الشقه تتكون من مجلس و صاله ومطبخ وغرفتين نوم وسطح
عليها جميع الضمانات 
في مواد السباكه والكهرباء
عوازل حراريه ومائيه
هيكل انشائي
لمدّة 15عام
ضمان شركة ملاذ
للعيوب المخفيه وتصدعات لمدّة 20عام",24.888359,46.953606,https://images.aqar.fm/webp/750x0/props/046857817_1756800356330.jpg | https://images.aqar.fm/webp/750x0/props/046857814_1756800355524.jpg | https://images.aqar.fm/webp/750x0/props/046857816_1756800355570.jpg | https://images.aqar.fm/webp/750x0/props/046857816_1756800355572.jpg | https://images.aqar.fm/webp/750x0/props/046857814_1756800355520.jpg | https://images.aqar.fm/webp/750x0/props/046857816_1756800355597.jpg | https://images.aqar.fm/webp/750x0/props/046857813_1756800355823.jpg | https://images.aqar.fm/webp/750x0/props/046857816_1756800355822.jpg | https://images.aqar.fm/webp/750x0/props/046857811_1756800355964.jpg | https://images.aqar.fm/webp/750x0/props/046857812_1756800355965.jpg | https://images.aqar.fm/webp/750x0/props/046857811_1756800356119.jpg | https://images.aqar.fm/webp/750x0/props/046857812_1756800356210.jpg | https://images.aqar.fm/webp/750x0/props/046857810_1756800356534.jpg | https://images.aqar.fm/webp/750x0/props/046857817_1756800356763.jpg | https://images.aqar.fm/webp/750x0/props/046857819_1756800356879.jpg | https://images.aqar.fm/webp/750x0/props/046857818_1756800357115.jpg | https://images.aqar.fm/webp/750x0/props/046857813_1756800357262.jpg | https://images.aqar.fm/webp/750x0/props/046857818_1756800357415.jpg | https://images.aqar.fm/webp/750x0/props/046857814_1756800357573.jpg | https://images.aqar.fm/webp/750x0/props/046857816_1756800357722.jpg | https://images.aqar.fm/webp/750x0/props/046857813_1756800357863.jpg,21,جابر ال فهاد,شركة ركائز الروعة,1,2025-09-02,2025-09-02,2026-08-23,399,2026-08-23,True,"1,180,000",False,فيلا
6443596,https://sa.aqar.fm/فلل-للبيع/الرياض/شرق-الرياض/حي-الجنادرية/حي-الجنادرية-مدينة-الرياض-منطقة-الرياض-6443596,"فيلا للبيع في حي الجنادرية, مدينة الرياض, منطقة الرياض",750000,189,6,,,0,حي الجنادرية,الرياض,شرق الرياض,"تاون هاوس علوي 
شرق الرياض مخطط غصون الجنادريه 
تتكون من 
موقف سياره 
مجلس مع دورة مياه 
مطبخ 
صاله مع دورة مياه 
درج داخلي 
٣ غرف نوم 
كل الضمانات متوفره على الكود السعودي الجديد 
للتواصل 
((رقم المعلن يظهر عند التواصل))",24.858947,46.907156,https://images.aqar.fm/webp/750x0/props/004670698_1761639127406.jpg | https://images.aqar.fm/webp/750x0/props/004670694_1761639127410.jpg | https://images.aqar.fm/webp/750x0/props/004670690_1761639127545.jpg | https://images.aqar.fm/webp/750x0/props/004670695_1761639127543.jpg | https://images.aqar.fm/webp/750x0/props/004670693_1761639127691.jpg | https://images.aqar.fm/webp/750x0/props/004670697_1761639127908.jpg | https://images.aqar.fm/webp/750x0/props/004670691_1761639128011.jpg | https://images.aqar.fm/webp/750x0/props/004670692_1761639128028.jpg | https://images.aqar.fm/webp/750x0/props/004670697_1761639128025.jpg | https://images.aqar.fm/webp/750x0/props/004670691_1761639128061.jpg | https://images.aqar.fm/webp/750x0/props/004670693_1761639128211.jpg | https://images.aqar.fm/webp/750x0/props/004670695_1761639128243.jpg | https://images.aqar.fm/webp/750x0/props/004670699_1761639128317.jpg | https://images.aqar.fm/webp/750x0/props/004670695_1761639128330.jpg | https://images.aqar.fm/webp/750x0/props/004670691_1761639128379.jpg | https://images.aqar.fm/webp/750x0/props/004670695_1761639128483.jpg | https://images.aqar.fm/webp/750x0/props/004670693_1761639128543.jpg,17,جابر ال فهاد,شركة ركائز الروعة,1,2025-10-28,2025-10-28,2026-08-23,1616,2026-08-23,True,"750,000",False,فيلا
6580590,https://sa.aqar.fm/فلل-للبيع/الرياض/شرق-الرياض/حي-الجنادرية/شارع-رقم-160-حي-الجنادرية-مدينة-الرياض-منطقة-الرياض-6580590,"فيلا للبيع في شارع رقم 160, حي الجنادرية, مدينة الرياض, منطقة الرياض",1350000,204,5,5,2,0,حي الجنادرية,الرياض,شرق الرياض,"🏡 فيلا فاخرة مؤثثة بالكامل – فرصة سكنية مميزة 📍الجنادريه مخطط غصون 🔹 المساحة: • مساحة الأرض: 208 م² • مساحة البناء: 342 م² 🔹 مواصفات الفيلا (3 أدوار): ▪️ الدور الأول: •مجلس • صالة • مطبخ •دورتين مياه •مدخلين مستقلين ▪️ الدور الثاني: •3 غرف نوم •غرفة ماستر مع غرفة ملابس •دورة مياه ▪️ الدور الثالث: • صالة •سطح •دورة مياه 🛋 الفيلا مؤثثة بالكامل بالتعاون مع شركة مفهوم الشطرنج للديكور ✨ 🔒 الضمانات المتوفرة: • تأمين على الهيكل الإنشائي: 10 سنوات • عزل حراري: 10 سنوات • عزل مائي: 10 سنوات • السباكة: 15 سنة • الإضاءة: 5 سنوات • مقابض وكوالين الأبواب: 5 سنوات • شبابيك الألمنيوم: 10 سنوات • الأنابيب: 15 سنة • الأسلاك والقواطع: 15 سنة • المصاعد: 10 سنوات • المبنى مؤمَّن لمدة 10 سنوات 🏦 تسهيلات بنكية متوفرة ✔️ إمكانية سداد المديونيات 📞 للتواصل والاستفسار: ((رقم المعلن يظهر عند التواصل)) تم تخفيض السعر من 1,790,000❌ 1,450,000 ✅",24.848479,46.890917,https://images.aqar.fm/webp/750x0/props/037910835_1770541953880.jpg | https://images.aqar.fm/webp/750x0/props/037910834_1770541964623.jpg | https://images.aqar.fm/webp/750x0/props/037910831_1770541978092.jpg | https://images.aqar.fm/webp/750x0/props/037910833_1770541988168.jpg | https://images.aqar.fm/webp/750x0/props/037910835_1770542002525.jpg | https://images.aqar.fm/webp/750x0/props/037910836_1770542032235.jpg | https://images.aqar.fm/webp/750x0/props/037910838_1770542061402.jpg,7,عليثه الحربي,شركة دار العياضي للعقارات ,1,2026-02-08,2026-08-01,2026-08-13,882,2026-08-23,True,"1,350,000",False,فيلا
6442839,https://sa.aqar.fm/فلل-للبيع/الرياض/شرق-الرياض/حي-الجنادرية/شارع-رقم-117-حي-الجنادرية-مدينة-الرياض-منطقة-الرياض-6442839,"فيلا للبيع في شارع رقم 117, حي الجنادرية, مدينة الرياض, منطقة الرياض",2200000,380,,,,0,حي الجنادرية,الرياض,شرق الرياض,"مدخلين
مشب خارجي
مجلس مع دوره مياه بمغاسل
مقلط
صاله
مجلس نساء
غرفه كبار سن مع دوره مياه
مطبخ مستودع 
الدور الاول
3غرف نوم 1ماستر
صاله
الدور الثاني
غرفه شغاله مع دوره مياه
صاله رياضيه
سطح
+شقتين",24.844708,46.883808,https://images.aqar.fm/webp/750x0/props/035591341_1761584263776.jpg | https://images.aqar.fm/webp/750x0/props/035591344_1761584263470.jpg | https://images.aqar.fm/webp/750x0/props/035591342_1761584263559.jpg | https://images.aqar.fm/webp/750x0/props/035591347_1761584263653.jpg | https://images.aqar.fm/webp/750x0/props/035591342_1761584263864.jpg | https://images.aqar.fm/webp/750x0/props/035591347_1761584264016.jpg,6,راشد فهد,مؤسسة راشد فهد عبدالله العجمي للعقارات,1,2025-10-27,2025-10-27,2026-08-11,628,2026-08-23,True,"2,200,000",False,فيلا
6691856,https://sa.aqar.fm/فلل-للبيع/الرياض/شرق-الرياض/حي-الجنادرية/حي-الجنادرية-مدينة-الرياض-منطقة-الرياض-6691856,"فيلا للبيع في حي الجنادرية, مدينة الرياض, منطقة الرياض",1150000,250,7,6,2,0,حي الجنادرية,الرياض,شرق الرياض,"كود 33
♦️ فيلا دورين وملحق للبيع 
دوبلكس
♦️ مخطط بوابه الشرق 

◽ مساحة 250 متر 
✨السعر مليون 150 الف

🔲 الدور الارضي يتكون من :👇🏻
🔹 حوش ومدخل سيارة ومشب
🔹 مجلس ومقلط بحمام ومغاسل 
🔹 صاله كبيره 
🔹 مطبخ مغلق

🔲 الدور الاول :👇🏻

🔹 4 غرفه ماستر
🔹 صاله 

♦️ الملحق 👇🏻
 
🔹 غرفه ماستر 
🔹 سطح امامى وخلفى
🔹غرفه غسيل

🔻ملحوظات

♦️ درج داخلي 
♦️ شارع 18 متر 
♦️ موسس مصعد
   ✨ يوجد جميع الضمانات",24.8616,46.903874,https://images.aqar.fm/webp/750x0/props/031043789_1778497692463.jpg | https://images.aqar.fm/webp/750x0/props/031043781_1778497692462.jpg | https://images.aqar.fm/webp/750x0/props/031043782_1778497692448.jpg | https://images.aqar.fm/webp/750x0/props/031043789_1778497692466.jpg | https://images.aqar.fm/webp/750x0/props/031043787_1778497711818.jpg | https://images.aqar.fm/webp/750x0/props/031043783_1778497711834.jpg | https://images.aqar.fm/webp/750x0/props/031043781_1778497711819.jpg | https://images.aqar.fm/webp/750x0/props/031043786_1778497711821.jpg | https://images.aqar.fm/webp/750x0/props/031043782_1778497711842.jpg | https://images.aqar.fm/webp/750x0/props/031043780_1778497711840.jpg | https://images.aqar.fm/webp/750x0/props/031043780_1778497711826.jpg | https://images.aqar.fm/webp/750x0/props/031043781_1778497711841.jpg | https://images.aqar.fm/webp/750x0/props/031043781_1778497711842.jpg | https://images.aqar.fm/webp/750x0/props/031043783_1778497711843.jpg | https://images.aqar.fm/webp/750x0/props/031043781_1778497711841.jpg | https://images.aqar.fm/webp/750x0/props/031043786_1778497711831.jpg | https://images.aqar.fm/webp/750x0/props/031043786_1778497711829.jpg | https://images.aqar.fm/webp/750x0/props/031043780_1778497711977.jpg | https://images.aqar.fm/webp/750x0/props/031043780_1778497712028.jpg | https://images.aqar.fm/webp/750x0/props/031043789_1778497711992.jpg,20,هدى علي عشوي العنزي,مكتب هدى علي عشوي العنزي العقارية,1,2026-05-11,2026-08-06,2026-08-23,260,2026-08-23,True,"1,150,000",False,فيلا
6707510,https://sa.aqar.fm/فلل-للبيع/الرياض/شرق-الرياض/حي-الجنادرية/شارع-ابها-حي-الجنادرية-مدينة-الرياض-منطقة-الرياض-6707510,"فيلا للبيع في شارع ابها, حي الجنادرية, مدينة الرياض, منطقة الرياض",1350000,204,,5,4,0,حي الجنادرية,الرياض,شرق الرياض,$5c,24.91369,46.957695,https://images.aqar.fm/webp/750x0/props/041889352_1779433141128.jpg | https://images.aqar.fm/webp/750x0/props/041889356_1779433163261.jpg | https://images.aqar.fm/webp/750x0/props/041889351_1779433163300.jpg | https://images.aqar.fm/webp/750x0/props/041889352_1779433194095.jpg | https://images.aqar.fm/webp/750x0/props/041889359_1779433194199.jpg | https://images.aqar.fm/webp/750x0/props/041889355_1779433194226.jpg | https://images.aqar.fm/webp/750x0/props/041889355_1779433194226.jpg | https://images.aqar.fm/webp/750x0/props/041889351_1779433194268.jpg | https://images.aqar.fm/webp/750x0/props/041889351_1779433194466.jpg | https://images.aqar.fm/webp/750x0/props/041889357_1779433194505.jpg | https://images.aqar.fm/webp/750x0/props/041889359_1779433194546.jpg | https://images.aqar.fm/webp/750x0/props/041889355_1779433216940.jpg | https://images.aqar.fm/webp/750x0/props/041889354_1779433217048.jpg | https://images.aqar.fm/webp/750x0/props/041889357_1779433217084.jpg | https://images.aqar.fm/webp/750x0/props/041889350_1779433217129.jpg | https://images.aqar.fm/webp/750x0/props/041889356_1779433217128.jpg | https://images.aqar.fm/webp/750x0/props/041889350_1779433217157.jpg | https://images.aqar.fm/webp/750x0/props/041889355_1779433217266.jpg | https://images.aqar.fm/webp/750x0/props/041889352_1779433233481.jpg | https://images.aqar.fm/webp/750x0/props/041889353_1779433249536.jpg | https://images.aqar.fm/webp/750x0/props/041889353_1779433249583.jpg | https://images.aqar.fm/webp/750x0/props/041889356_1779433249681.jpg | https://images.aqar.fm/webp/750x0/props/041889356_1779433249683.jpg | https://images.aqar.fm/webp/750x0/props/041889359_1779433249723.jpg | https://images.aqar.fm/webp/750x0/props/041889359_1779433249908.jpg | https://images.aqar.fm/webp/750x0/props/041889352_1779433249910.jpg | https://images.aqar.fm/webp/750x0/props/041889358_1779433249908.jpg | https://images.aqar.fm/webp/750x0/props/041889357_1779433249945.jpg | https://images.aqar.fm/webp/750x0/props/041889350_1779433249942.jpg,29,فارس حسين احمد الغامدي,مؤسسة قمة سهم للعقارات,1,2026-05-22,2026-08-17,2026-08-17,357,2026-08-23,True,"1,350,000",False,فيلا
6772624,https://sa.aqar.fm/فلل-للبيع/الرياض/شرق-الرياض/حي-الجنادرية/حي-النظيم-مدينة-الرياض-منطقة-الرياض-6772624,"فيلا للبيع في حي النظيم, مدينة الرياض, منطقة الرياض",1300000,203,7,,,0,حي الجنادرية,الرياض,شرق الرياض,"للبيع بشرق الرياض حي النخبه 

فيلا درج داخلي و٢ شقه مساحة 312 متر تتكون من مدخل سياره ومشب خارجي ومجلس رجال ومقلط وصاله ومطبخ وغرفة كبار السن واعلا الدرج ٣ غرف نوم وصاله وغرفة شغاله",24.939144,46.996897,https://images.aqar.fm/webp/750x0/props/049039078_1783979547611.jpg | https://images.aqar.fm/webp/750x0/props/049039070_1783979547619.jpg | https://images.aqar.fm/webp/750x0/props/049039075_1783979547712.jpg,3,محمد صقر,مؤسسة رسن فيلا العقارية,1,2026-07-13,2026-08-12,2026-08-12,152,2026-08-23,True,"1,300,000",False,فيلا
6694737,https://sa.aqar.fm/فلل-للبيع/الرياض/شرق-الرياض/حي-الجنادرية/شارع-511-الجنادرية-حي-الجنادرية-مدينة-الرياض-منطقة-الرياض-6694737,"فيلا للبيع في شارع 511 الجنادرية, حي الجنادرية, مدينة الرياض, منطقة الرياض",1280000,354,6,4,3,0,حي الجنادرية,الرياض,شرق الرياض,"تاون هاوس للبيع في حي غصون – تصميم فاخر 

📍 الموقع: حي غصون

🔹 الدور الأرضي:

* موقف سيارة داخلي (Parking)
* مدخلين مستقلة (رجال / نساء)
* مجلس رجال + دورة مياه ومغاسل
* مقلط مستقل
* صالة جلوس واسعة مطلة على منور
* مطبخ عملي (باب يفتح على حوش خارجي)
* دورة مياه إضافية
* غرفة أرضية ماستر بدورة مياه خاصة

🔹 الدور العلوي:

* غرفة ماستر بدورة مياه وإطلالة على مدخل الفيلا
* غرفة بدورة مياه خاصة
* صالة
* دورتين مياه
* غرفتين مستقلة",24.84385,46.889031,https://images.aqar.fm/webp/750x0/props/019004804_1778690522055.jpg | https://images.aqar.fm/webp/750x0/props/019004808_1778690522072.jpg | https://images.aqar.fm/webp/750x0/props/019004804_1778690522078.jpg | https://images.aqar.fm/webp/750x0/props/019004804_1778690522057.jpg | https://images.aqar.fm/webp/750x0/props/019004808_1778690522059.jpg | https://images.aqar.fm/webp/750x0/props/019004804_1778690522071.jpg | https://images.aqar.fm/webp/750x0/props/019004802_1778690522070.jpg | https://images.aqar.fm/webp/750x0/props/019004802_1778690522060.jpg | https://images.aqar.fm/webp/750x0/props/019004800_1778690563864.jpg | https://images.aqar.fm/webp/750x0/props/019004808_1778690563942.jpg | https://images.aqar.fm/webp/750x0/props/019004809_1778690563939.jpg | https://images.aqar.fm/webp/750x0/props/019004806_1778690563978.jpg | https://images.aqar.fm/webp/750x0/props/019004800_1778690563939.jpg | https://images.aqar.fm/webp/750x0/props/019004803_1778690563938.jpg | https://images.aqar.fm/webp/750x0/props/019004801_1778690563939.jpg | https://images.aqar.fm/webp/750x0/props/019004808_1778690563925.jpg,16,عبدالملك الحمود,مكتب عبدالملك محمد عبدالعزيز الحمود للخدمات العقارية,1,2026-05-12,2026-08-08,2026-08-18,591,2026-08-23,True,"1,280,000",False,فيلا
6829013,https://sa.aqar.fm/فلل-للبيع/الرياض/شرق-الرياض/حي-الجنادرية/شارع-البحر-الاسود-حي-الجنادرية-مدينة-الرياض-منطقة-الرياض-6829013,"فيلا للبيع في شارع البحر الاسود, حي الجنادرية, مدينة الرياض, منطقة الرياض",1650000,249,3,0,0,0,حي الجنادرية,الرياض,شرق الرياض,"🏡 فيلا زاوية للبيع | مساحة 254م2 | شرق الرياض بمخطط غصون
📍 فيلا سكنية مميزة على زاوية شارعين، أحدهما بعرض 20م، وقريبة من مسجد.
📐 مساحة الأرض: 254م2
✨ تفاصيل الدور الأرضي:
🔹 مجلس
🔹 صالة كبيرة
🔹 مقلط
🔹 مطبخ
🔹 غرفة خادمة
🔹 مدخل نساء
🔹 شقة مستقلة
تفاصيل الدور الأول:
🔹 3 غرف نوم
🔹 غرفة نوم ماستر
🔹 صالة
⭐ مميزات العقار:
🔸 موقع زاوية على شارعين
🔸 شارع بعرض 20م
🔸 قريبة من المسجد
🔸 تصميم عملي مناسب للعائلة
🔸 شقة مستقلة مناسبة للسكن أو للاستثمار
🔸 واجهة عصرية ومميزة
📞 للتواصل والاستفسار والمعاينة:
( رقم الجوال يظهر عند الضغط على زر تواصل )
رخصه فال:1100310998",24.860991,46.89881,https://images.aqar.fm/webp/750x0/props/054791170_1787059581632.jpg,1,خالد بن ناهر بن عويض المطيري,,,2026-08-18,2026-08-18,2026-08-20,15,2026-08-23,True,"1,650,000",False,فيلا
6670910,https://sa.aqar.fm/فلل-للبيع/الرياض/شرق-الرياض/حي-الجنادرية/شارع-الحجازية-حي-الجنادرية-الرياض-منطقة-الرياض-6670910,فيلا للبيع في شارع الحجازية ، حي الجنادرية ، الرياض ، منطقة الرياض,100,300,7,5,2,5,حي الجنادرية,الرياض,شرق الرياض,على السوم,24.906801,46.946476,https://images.aqar.fm/webp/750x0/props/051591504_1777226111478.jpg | https://images.aqar.fm/webp/750x0/props/051591500_1777226111467.jpg,2,ناجي بن فهد بن محمد العنزي,,,2026-04-26,,2026-06-17,47,2026-08-23,False,طلب تسويق,False,فيلا
6797632,https://sa.aqar.fm/فلل-للبيع/الرياض/شرق-الرياض/حي-الجنادرية/شارع-الشرق-حي-الجنادرية-مدينة-الرياض-منطقة-الرياض-6797632,"فيلا للبيع في شارع الشرق, حي الجنادرية, مدينة الرياض, منطقة الرياض",1000000,260,6,,,0,حي الجنادرية,الرياض,شرق الرياض,"فيلا تاون هاوس - شبه متصل - دورين ,درج داخلي - الرياض - الجنادريه
مكونة من :
 عدد المجالس: 1    ، دورات المياه: 2    ، الصالات: 1    ، غرف الماستر: 1    ، الملقط: 1    ، المطابخ: 1
 الدور الأول
 الصالات: 1    ، غرف الماستر: 2
 الدور الثاني
 غرف الماستر: 1 
مميزات العقار 
 نوافذ زجاج ، قريب من الخدمات ، مدخل سيارة ، سطح 
رقم العرض: 20078
رقم ترخيص الإعلان: 7201063655 
 رقم رخصة فال: 1200019203 
 يقبل الدفع كاش أو تقسيط من البنك",24.843796,46.861815,https://images.aqar.fm/webp/750x0/props/025113878_1785420120822.jpg | https://images.aqar.fm/webp/750x0/props/025113871_1785420120820.jpg | https://images.aqar.fm/webp/750x0/props/025113873_1785420120824.jpg | https://images.aqar.fm/webp/750x0/props/025113878_1785420120828.jpg | https://images.aqar.fm/webp/750x0/props/025113876_1785420120844.jpg | https://images.aqar.fm/webp/750x0/props/025113873_1785420120832.jpg | https://images.aqar.fm/webp/750x0/props/025113876_1785420120836.jpg | https://images.aqar.fm/webp/750x0/props/025113875_1785420120845.jpg | https://images.aqar.fm/webp/750x0/props/025113875_1785420120842.jpg | https://images.aqar.fm/webp/750x0/props/025113870_1785420120907.jpg | https://images.aqar.fm/webp/750x0/props/025113873_1785420120920.jpg | https://images.aqar.fm/webp/750x0/props/025113873_1785420120912.jpg,12,عبدالهادي سليمان,شركة إسكان سلمان العقارية,1,2026-07-30,2026-07-30,2026-08-20,174,2026-08-23,True,"1,000,000",False,فيلا
6563332,https://sa.aqar.fm/فلل-للبيع/الرياض/شرق-الرياض/حي-الجنادرية/شارع-الضياء-حي-الجنادرية-مدينة-الرياض-منطقة-الرياض-6563332,"فيلا للبيع في شارع الضياء, حي الجنادرية, مدينة الرياض, منطقة الرياض",1100000,177,5,4,0,0,حي الجنادرية,الرياض,شرق الرياض,"للبيع: فيلا درج صالة ع زاويه
📍 موقع مميَّز 
📐 المساحة:177,5 م² مسطح البناء 

تفاصيل الفيلا:
	•	مدخل سيارة 
	•	مجلس رجال 🛋️
	•	صالة طعام 🍽️
	•	صالة عائلية 🏠
	•	مجلس نساء 👩‍🦰
	•	مطبخ 

الدور العلوي:
صاله كبيره
	3غرف نوم منهم ماستر 


مميزات الموقع الحيوي ✨
قريب طريق خريص ، قريب من مستشفى العائلة، 


 * تأمين ملاذ على الهيكل الانشائي
 * ضمانات السباكة و الكهرباء 

لتجربة فريدة من نوعها , تبقى وحدات سكنية قليلة. 

احجز وحدتك الأن وكن جزء من مجتمعاتنا

ملاحظه الموقع غير دقيق ❗️
عبدالله ابوسعود -موافقه العقاريه 

((رقم المعلن يظهر عند التواصل))",24.848056,46.894498,https://images.aqar.fm/webp/750x0/props/043848012_1769444264292.jpg | https://images.aqar.fm/webp/750x0/props/043848015_1769444264305.jpg | https://images.aqar.fm/webp/750x0/props/043848016_1769444301929.jpg | https://images.aqar.fm/webp/750x0/props/043848017_1769444301925.jpg | https://images.aqar.fm/webp/750x0/props/043848015_1769444301929.jpg | https://images.aqar.fm/webp/750x0/props/043848011_1769444339752.jpg | https://images.aqar.fm/webp/750x0/props/043848011_1769444362425.jpg | https://images.aqar.fm/webp/750x0/props/043848014_1769444362438.jpg | https://images.aqar.fm/webp/750x0/props/043848016_1769444362429.jpg | https://images.aqar.fm/webp/750x0/props/043848018_1769444362436.jpg | https://images.aqar.fm/webp/750x0/props/043848010_1769444362487.jpg | https://images.aqar.fm/webp/750x0/props/043848018_1769444362461.jpg | https://images.aqar.fm/webp/750x0/props/043848018_1769444362483.jpg | https://images.aqar.fm/webp/750x0/props/043848013_1769444410964.jpg | https://images.aqar.fm/webp/750x0/props/043848019_1769444410968.jpg | https://images.aqar.fm/webp/750x0/props/043848013_1769444410968.jpg | https://images.aqar.fm/webp/750x0/props/043848011_1769444410966.jpg | https://images.aqar.fm/webp/750x0/props/043848010_1769444410984.jpg | https://images.aqar.fm/webp/750x0/props/043848015_1769444410976.jpg | https://images.aqar.fm/webp/750x0/props/043848016_1769444410975.jpg | https://images.aqar.fm/webp/750x0/props/043848019_1769444411027.jpg | https://images.aqar.fm/webp/750x0/props/043848012_1769444479196.jpg | https://images.aqar.fm/webp/750x0/props/043848011_1769444479210.jpg | https://images.aqar.fm/webp/750x0/props/043848017_1769444479199.jpg | https://images.aqar.fm/webp/750x0/props/043848016_1769444479206.jpg | https://images.aqar.fm/webp/750x0/props/043848016_1769444479198.jpg | https://images.aqar.fm/webp/750x0/props/043848014_1769444479210.jpg | https://images.aqar.fm/webp/750x0/props/043848015_1769444479277.jpg | https://images.aqar.fm/webp/750x0/props/043848010_1769444546081.jpg | https://images.aqar.fm/webp/750x0/props/043848016_1769444546095.jpg,30,نايف عبدالله بن سلطان بن سفران,مؤسسة موافقة العقارية,1,2026-01-26,2026-08-18,2026-08-18,1518,2026-08-23,True,"1,100,000",False,فيلا
6705211,https://sa.aqar.fm/فلل-للبيع/الرياض/شرق-الرياض/حي-الجنادرية/شارع-رشيد-الدين-الصورى-حي-الجنادرية-مدينة-الرياض-منطقة-الرياض-6705211,"فيلا للبيع في شارع رشيد الدين الصورى, حي الجنادرية, مدينة الرياض, منطقة الرياض",1000000,247,4,4,1,0,حي الجنادرية,الرياض,شرق الرياض,"للبيع  تاون هاوس علوي حي الجنادرية – عرض رقم   H 1727 

المواصفات:
- مدخلين
- المساحة 250 متر
-  دور أول ( يتكون من  2 غرف نوم   _ مجلس _صاله _ مطبخ _ 2 حمام  )
-  دور علوي ( يتكون من 2 غرف نوم 1 منهم ماستر _ مقلط (غرفة طعام)  _ 2  حمام  )

المميزات:
- عمر العقار جديد
- تشطيب سوبر لوكس
- الواجهة جوبية
- موقع مميز في حي الجنادرية
- بالقرب من ممشى الجنادرية 
- قريب من طريق خريص 
- الموقع يخدم الحياة اليومية بجميع احتياجاتها (مطاعم، خدمات، صالات رياضية، مولات، مدارس، مستشفيات) 

السعر: 1,000,000 ريال

رقم العرض:   H 1727
-----------------
الـــفـــريـــح للــــعـــقـــارات",24.850211,46.904696,https://images.aqar.fm/webp/750x0/props/044628569_1779269446227.jpg | https://images.aqar.fm/webp/750x0/props/044628564_1779269446189.jpg | https://images.aqar.fm/webp/750x0/props/044628561_1779269446229.jpg | https://images.aqar.fm/webp/750x0/props/044628569_1779269446013.jpg | https://images.aqar.fm/webp/750x0/props/044628561_1779269446013.jpg | https://images.aqar.fm/webp/750x0/props/044628566_1779269446212.jpg | https://images.aqar.fm/webp/750x0/props/044628568_1779269446009.jpg | https://images.aqar.fm/webp/750x0/props/044628568_1779269446010.jpg | https://images.aqar.fm/webp/750x0/props/044628566_1779269446013.jpg | https://images.aqar.fm/webp/750x0/props/044628560_1779269446012.jpg | https://images.aqar.fm/webp/750x0/props/044628564_1779269446009.jpg | https://images.aqar.fm/webp/750x0/props/044628566_1779269446183.jpg | https://images.aqar.fm/webp/750x0/props/044628560_1779269446027.jpg | https://images.aqar.fm/webp/750x0/props/044628564_1779269446182.jpg | https://images.aqar.fm/webp/750x0/props/044628563_1779269446210.jpg | https://images.aqar.fm/webp/750x0/props/044628561_1779269446212.jpg | https://images.aqar.fm/webp/750x0/props/044628568_1779269446199.jpg | https://images.aqar.fm/webp/750x0/props/044628563_1779269446197.jpg | https://images.aqar.fm/webp/750x0/props/044628561_1779269446225.jpg | https://images.aqar.fm/webp/750x0/props/044628568_1779269446197.jpg | https://images.aqar.fm/webp/750x0/props/044628565_1779269446228.jpg | https://images.aqar.fm/webp/750x0/props/044628568_1779269446197.jpg,22,ريماز مشعل فريح المطيري,مكتب ريماز مشعل فريح المطيري للعقارات,1,2026-05-20,2026-08-15,2026-08-20,181,2026-08-23,True,"1,000,000",False,فيلا
6650043,https://sa.aqar.fm/فلل-للبيع/الرياض/شرق-الرياض/حي-الجنادرية/شارع-رقم-146-حي-الجنادرية-مدينة-الرياض-منطقة-الرياض-6650043,"فيلا للبيع في شارع رقم 146, حي الجنادرية, مدينة الرياض, منطقة الرياض",1100000,300,6,4,1,6,حي الجنادرية,الرياض,شرق الرياض,"للبيع بيت بمساحة 300 متر مربع، يتميز بالمواصفات التالية:

	•	عبارة عن دور أرضي مؤسس لـ 3 شقق
	•	رخصة البناء: دور + ثلاث شقق
	•	يتكون من:
3 غرف نوم واسعة وكبيرة (واحدة ماستر)
صالة + مقلط + مجلس خارجي كبير
4 دورات مياه
	•	اتجاهه شرقي وبيت حر
	•	خالي من أي التزامات
	•	مداخله سهلة وموقعه مميز

موقعه في حي المعالي 
في بداية المعالي خلف عنوان القهوة
السعر مليون و ١٠٠ الف قابل للتفاوض ان شاء الله",24.841205,46.879249,https://images.aqar.fm/webp/750x0/props/011814020_1775908252122.jpg | https://images.aqar.fm/webp/750x0/props/011814022_1775908362686.jpg | https://images.aqar.fm/webp/750x0/props/011814028_1775908362662.jpg | https://images.aqar.fm/webp/750x0/props/011814024_1775908451767.jpg | https://images.aqar.fm/webp/750x0/props/011814027_1775908451763.jpg | https://images.aqar.fm/webp/750x0/props/011814020_1775908451762.jpg | https://images.aqar.fm/webp/750x0/props/011814029_1775908451760.jpg | https://images.aqar.fm/webp/750x0/props/011814023_1775908451769.jpg | https://images.aqar.fm/webp/750x0/props/011814026_1775908451775.jpg | https://images.aqar.fm/webp/750x0/props/011814027_1775908451781.jpg | https://images.aqar.fm/webp/750x0/props/011814022_1775908451774.jpg | https://images.aqar.fm/webp/750x0/props/011814029_1775908463683.jpg,12,احمد العنزي,,,2026-04-11,2026-04-11,2026-07-29,1807,2026-08-23,True,"1,100,000",False,فيلا
6829362,https://sa.aqar.fm/فلل-للبيع/الرياض/شرق-الرياض/حي-الجنادرية/حي-الجنادرية-مدينة-الرياض-منطقة-الرياض-6829362,"فيلا للبيع في حي الجنادرية, مدينة الرياض, منطقة الرياض",1250000,300,3,,,0,حي الجنادرية,الرياض,شرق الرياض,"فيلا للبيــــــــع 
حي الجنادريه بوابه الشرق 
المساحة 300 متر
شارع 15 م تفتح علي مرفق 
حديقه ومسجد في المخطط 
مؤجره ب 45 الف سنوي
تم عمل الديكورات والجبسيات 
جديده مكيفات اسبلت راكبه 
جديده اضافه مجلس خارجي 
حوش وشلال وجلسه خارجيه 
تتكون من 
الدور الارضي 
مدخل سياره ملحق خارجي 
مجلس وصاله ومقلط ومطبخ 
ودورتين مياه 
الدور الاول 
ثلاث غرف نوم وصاله مطله علي الحوش الخلفي والحديقه ممكن تعديلها لتصبح غرفه دورتين مياه 
الدور الثاني 
غرفة خادمة بحمام ومكان للغسيل وسطح 
البيع مليون و250 الف
البيع كاش لوجود رهن
مباشر مع المالك 
الموقع 📍
https://maps.app.goo.gl/u4G3VdfAArHF78LcA?g_st=iw",24.894879,46.947446,https://images.aqar.fm/webp/750x0/props/040512356_1787067361840.jpg,1,حمد بن عبدالله بن مقرن الوايلي,مؤسسة ارض الشمال العقارية,1,2026-08-18,2026-08-18,2026-08-18,50,2026-08-23,True,"1,250,000",False,فيلا
6811785,https://sa.aqar.fm/فلل-للبيع/الرياض/شرق-الرياض/حي-الجنادرية/شارع-الجنادريه-245-حي-الجنادرية-مدينة-الرياض-منطقة-الرياض-6811785,"فيلا للبيع في شارع الجنادريه 245, حي الجنادرية, مدينة الرياض, منطقة الرياض",750000,176,6,4,1,0,حي الجنادرية,الرياض,شرق الرياض,"ادوار متعددة للبيع 
في بوابة الشرق المربع الذهبي وقريب للقطاعات الحكومية الجديد 
شغل مميز على جميع الضمانات مرفق بعض مراحل البناء
مساحات الارض 300 متر شارع 15 جنوبي 
الدور الارضي 251 متر تقريباً حسب محضر الفرز،مكون من مجلس مقلط 3 غرف نوم منها 2 ماستر وصالة جلوس مطبخ بمستودع البيع (770 الف)
الدور الاول مساحة 150 متر تقريبا حسب محضر الفرز مكون من مجلس مقلط 3 غرف نوم منها 1 ماستر مطبخ بمستودع وبلكونه وصالة البيع ( 650 الف )
الشقة في الدور الثاني بمساحه 140 تقريباً مكونه من مجلس مقلط صالة وغرفتين نوم منها 1 ماستر ومساحة سطح مناسبة جدا البيع (550 الف )
مؤسس مصعد لخدمة الادوار العلوية
خزانات مستقله وعدادات مستقله تشطيب متميز والبيع على جميع الضمانات",24.895222,46.961316,https://images.aqar.fm/webp/750x0/props/003082949_1757530286501.jpg | https://images.aqar.fm/webp/750x0/props/003082942_1757530286518.jpg | https://images.aqar.fm/webp/750x0/props/003082941_1757530286530.jpg | https://images.aqar.fm/webp/750x0/props/003082946_1757530286510.jpg | https://images.aqar.fm/webp/750x0/props/003082944_1757530286523.jpg | https://images.aqar.fm/webp/750x0/props/003082944_1757530286510.jpg | https://images.aqar.fm/webp/750x0/props/003082948_1757530435145.jpg | https://images.aqar.fm/webp/750x0/props/003082944_1757530435085.jpg | https://images.aqar.fm/webp/750x0/props/003082941_1757530435085.jpg | https://images.aqar.fm/webp/750x0/props/003082947_1757530435060.jpg | https://images.aqar.fm/webp/750x0/props/003082941_1757530435069.jpg | https://images.aqar.fm/webp/750x0/props/003082948_1757530435058.jpg | https://images.aqar.fm/webp/750x0/props/003082946_1757530435029.jpg | https://images.aqar.fm/webp/750x0/props/003082944_1757530435045.jpg,14,محمد مشبب مسعود الشهراني,,,2026-08-08,2026-08-08,2026-08-20,122,2026-08-23,True,"750,000",False,فيلا
6492401,https://sa.aqar.fm/فلل-للبيع/الرياض/شرق-الرياض/حي-الجنادرية/شارع-رقم-158-حي-الجنادرية-مدينة-الرياض-منطقة-الرياض-6492401,"فيلا للبيع في شارع رقم 158, حي الجنادرية, مدينة الرياض, منطقة الرياض",980000,260,6,1,1,0,حي الجنادرية,الرياض,شرق الرياض,"للتواصل ((رقم المعلن يظهر عند التواصل))

🏡 فيلا راقية على ممر مميز – موقع استثنائي مقابل المسجد

فرصة سكنية مميزة لامتلاك فيلا بتصميم عصري وموقع استراتيجي فريد، تقع على ممر هادئ ومفتوح، وتتميز بإطلالة مباشرة على المسجد، مما يوفر راحة وروحانية وقيمة مضافة للموقع.

⸻

✨ مواصفات الفيلا:
	•	5 غرف واسعة بتوزيع عملي يضمن الخصوصية والراحة لكل أفراد الأسرة.
	•	3 حمامات بتشطيبات أنيقة وتهوية طبيعية.
	•	عدة مغاسل موزعة بطريقة تخدم الضيوف وأفراد المنزل.
	•	صالة معيشة رحبة بإضاءة طبيعية وإمكانية فتحها على الحديقة أو الفناء.
	•	مطبخ واسع بتصميم حديث ومساحات تخزين ممتازة.
	•	مدخل فاخر يفتح على الممر، يوفّر سهولة وصول وخصوصية عالية.

⸻

📍 موقع استراتيجي مقابل المسجد:
	•	إطلالة هادئة ومفتوحة دون مبانٍ مقابلة مباشرة.
	•	خطوات من المسجد، بخصوصية كاملة دون إزعاج.
	•	موقع يعزز القيمة السكنية والاستثمارية للفيلا.
	•	طرق وصول سريعة وممر مثالي للمشي والراحة",24.848038,46.891164,https://images.aqar.fm/webp/750x0/props/042914502_1764800295008.jpg | https://images.aqar.fm/webp/750x0/props/042914502_1764800480089.jpg | https://images.aqar.fm/webp/750x0/props/042914507_1764800480172.jpg | https://images.aqar.fm/webp/750x0/props/042914506_1764800480154.jpg | https://images.aqar.fm/webp/750x0/props/042914507_1764800480187.jpg | https://images.aqar.fm/webp/750x0/props/042914500_1764800480166.jpg | https://images.aqar.fm/webp/750x0/props/042914509_1764800480134.jpg | https://images.aqar.fm/webp/750x0/props/042914506_1764800480207.jpg | https://images.aqar.fm/webp/750x0/props/042914503_1764800480218.jpg | https://images.aqar.fm/webp/750x0/props/042914501_1764800566596.jpg | https://images.aqar.fm/webp/750x0/props/042914503_1764800566596.jpg,11,ماجد البقمي,,0,2025-12-03,2025-12-03,2026-08-18,711,2026-08-23,True,"980,000",False,فيلا
6772284,https://sa.aqar.fm/فلل-للبيع/الرياض/شرق-الرياض/حي-الجنادرية/شارع-العام-حي-الجنادرية-مدينة-الرياض-منطقة-الرياض-6772284,"فيلا للبيع في شارع العام, حي الجنادرية, مدينة الرياض, منطقة الرياض",1500000,356,,0,0,0,حي الجنادرية,الرياض,شرق الرياض,"للبيع عمارة دور ونصف وشقتين الرياض - الجنادرية 
المساحة ٣٥٦م 
باقي لها شغل بسيط
سعر البيع ١٥٠٠٠٠٠ مليون و٥٠٠ الف",24.834406,46.872691,https://images.aqar.fm/webp/750x0/props/008614833_1783965426333.jpg | https://images.aqar.fm/webp/750x0/props/008614830_1783965426358.jpg | https://images.aqar.fm/webp/750x0/props/008614830_1783965426329.jpg | https://images.aqar.fm/webp/750x0/props/008614831_1783965426329.jpg,4,فراج بن عبدالله بن عبيد الشمري,,,2026-07-13,2026-08-12,2026-08-19,402,2026-08-23,True,"1,500,000",False,فيلا
6703538,https://sa.aqar.fm/فلل-للبيع/الرياض/شرق-الرياض/حي-الجنادرية/شارع-ممر77-حي-الجنادرية-مدينة-الرياض-منطقة-الرياض-6703538,"فيلا للبيع في شارع ممر77, حي الجنادرية, مدينة الرياض, منطقة الرياض",1250000,342,7,3,0,0,حي الجنادرية,الرياض,شرق الرياض,"درج داخلي وشقه موقع مميز وبناء شخصي وتأمين ملاذ
عشر سنوات ضدالعيوب الخفيه
ضمانات كهرباء وسباكة
تواصل
0554449199",24.851178,46.863472,https://images.aqar.fm/webp/750x0/props/046664101_1779179984877.jpg | https://images.aqar.fm/webp/750x0/props/046664101_1779179984883.jpg | https://images.aqar.fm/webp/750x0/props/046664105_1779179984870.jpg | https://images.aqar.fm/webp/750x0/props/046664103_1779179984873.jpg | https://images.aqar.fm/webp/750x0/props/046664103_1779179984875.jpg | https://images.aqar.fm/webp/750x0/props/046664100_1779179984887.jpg | https://images.aqar.fm/webp/750x0/props/046664102_1779179998520.jpg | https://images.aqar.fm/webp/750x0/props/046664108_1779179998501.jpg | https://images.aqar.fm/webp/750x0/props/046664102_1779179998500.jpg | https://images.aqar.fm/webp/750x0/props/046664100_1779179998535.jpg | https://images.aqar.fm/webp/750x0/props/046664103_1779179998535.jpg | https://images.aqar.fm/webp/750x0/props/046664105_1779179998539.jpg | https://images.aqar.fm/webp/750x0/props/046664105_1779180014787.jpg | https://images.aqar.fm/webp/750x0/props/046664108_1779180014804.jpg | https://images.aqar.fm/webp/750x0/props/046664100_1779180014793.jpg | https://images.aqar.fm/webp/750x0/props/046664104_1779180014786.jpg | https://images.aqar.fm/webp/750x0/props/046664102_1779180014786.jpg | https://images.aqar.fm/webp/750x0/props/046664105_1779180014787.jpg | https://images.aqar.fm/webp/750x0/props/046664101_1779180026122.jpg | https://images.aqar.fm/webp/750x0/props/046664100_1779180026122.jpg,20,مطني الشمري,مؤسسة عبر التواصل للعقارات,1,2026-05-19,2026-08-15,2026-08-18,421,2026-08-23,True,"1,250,000",False,فيلا
6720002,https://sa.aqar.fm/فلل-للبيع/الرياض/شرق-الرياض/حي-الجنادرية/شارع-شارع-السيف-حي-الجنادرية-مدينة-الرياض-منطقة-الرياض-6720002,"فيلا للبيع في شارع شارع السيف, حي الجنادرية, مدينة الرياض, منطقة الرياض",1300000,250,,3,1,0,حي الجنادرية,الرياض,شرق الرياض,"فيلا للبيع درج داخلي وشقة في حي الجنادرية ( بوابة الشرق) 
شارع 25 واجهة شرقية
مساحة 250 م",24.899609,46.964535,https://images.aqar.fm/webp/750x0/props/029406336_1780660983573.jpg | https://images.aqar.fm/webp/750x0/props/029406337_1780660983576.jpg | https://images.aqar.fm/webp/750x0/props/029406331_1780660983575.jpg | https://images.aqar.fm/webp/750x0/props/029406331_1780660983581.jpg | https://images.aqar.fm/webp/750x0/props/029406336_1780660983590.jpg | https://images.aqar.fm/webp/750x0/props/029406332_1780660983567.jpg | https://images.aqar.fm/webp/750x0/props/029406338_1780660983619.jpg | https://images.aqar.fm/webp/750x0/props/029406339_1780660983568.jpg,8,رياض محمد,,,2026-06-05,2026-06-05,2026-07-05,143,2026-08-23,True,"1,300,000",False,فيلا
6687928,https://sa.aqar.fm/فلل-للبيع/الرياض/شرق-الرياض/حي-الجنادرية/شارع-عمر-ابن-حبيب-حي-الجنادرية-مدينة-الرياض-منطقة-الرياض-6687928,"فيلا للبيع في شارع عمر ابن حبيب , حي الجنادرية, مدينة الرياض, منطقة الرياض",1300000,277,4,0,0,0,حي الجنادرية,الرياض,شرق الرياض,"فيلا درج داخلي وشقه 
شارع 15 غربي قريبه من مرفق حكومه 
يوجد شهاده اشغال ومتوفر جميع الضمانات 
سباكه . كهرباء . عزل . تامين 
السعر مليون وثلاث ميه",24.840533,46.880788,,,شاهر جلوي عياد المطيري,,,2026-05-08,2026-08-03,2026-08-22,454,2026-08-23,True,"1,300,000",False,فيلا
6644898,https://sa.aqar.fm/فلل-للبيع/الرياض/شرق-الرياض/حي-الجنادرية/شارع-بوابه-الشرق-حي-الجنادرية-مدينة-الرياض-منطقة-الرياض-6644898,"فيلا للبيع في شارع بوابه الشرق, حي الجنادرية, مدينة الرياض, منطقة الرياض",1550000,300,7,0,0,0,حي الجنادرية,الرياض,شرق الرياض,"👌🏻 فرصة سكنية مميزة في حي بوابة الشرق شرق الرياض 
📍موقع متطور وقريب من جميع الخدمات.

🔘( فيلا درج داخلي مع شقتين) 

✏️ المساحة :300 م
💵 السعر  :  1,500,000  قابل للتفاوض 

🏠 المواصفات: 

*  مجلس
*   مقلط 
* 5 غرف نوم 4 منها ماستر
* مطبخ + غرفة تخزين
* صاله كبيرة
* مدخل نساء ورجال 
 خزان وعداد مستقل 
** مواصفات الشقق 
. الشقة الأولى 
● مجلس 
● مقلط 
● غرفتين نوم  
● صاله 
● مطبخ 
. الشقة الثانية 
● مجلس 
●غرفتين نوم 
●صاله 
●مطبخ 
●وسطح واسع 


مواصفات اخرى : * 
* مطابقة للكود السعودي. 
*  ضمان 25 سنوات.
* عمر العقار جديد.
* واجهة شماليه 
* عرض الشارع 15
* ماء وكهرب راكب.
* قريب مرفق  حديقه +مسجد  

للتواصل : ابو عبدالله | 0581037475",24.888424,46.953475,https://images.aqar.fm/webp/750x0/props/004670696_1775556463465.jpg | https://images.aqar.fm/webp/750x0/props/004670693_1775556474108.jpg | https://images.aqar.fm/webp/750x0/props/004670693_1775556474124.jpg | https://images.aqar.fm/webp/750x0/props/004670694_1775556474180.jpg | https://images.aqar.fm/webp/750x0/props/004670693_1775556474122.jpg | https://images.aqar.fm/webp/750x0/props/004670694_1775556474110.jpg | https://images.aqar.fm/webp/750x0/props/004670699_1775556474113.jpg | https://images.aqar.fm/webp/750x0/props/004670699_1775556474124.jpg | https://images.aqar.fm/webp/750x0/props/004670697_1775556474124.jpg | https://images.aqar.fm/webp/750x0/props/004670694_1775556492540.jpg | https://images.aqar.fm/webp/750x0/props/004670698_1775556492531.jpg,11,جابر ال فهاد,شركة ركائز الروعة,1,2026-04-07,2026-08-01,2026-08-23,1205,2026-08-23,True,"1,550,000",False,فيلا
6779953,https://sa.aqar.fm/فلل-للبيع/الرياض/شرق-الرياض/حي-الجنادرية/شارع-المنجور-حي-المعيزيلة-مدينة-الرياض-منطقة-الرياض-6779953,"فيلا للبيع في شارع المنجور, حي المعيزيلة, مدينة الرياض, منطقة الرياض",2150000,312,6,5,2,0,حي الجنادرية,الرياض,شرق الرياض,"شركه أثال العقاريه تقدم لعملائها احدث العروض العقاريه ذات التصميم المودرن الحديث ب احياء شمال شرق الرياض حي المعزليه
عرض اليوم
فيلا درج داخلي وشقه
تتكون من
ملحق
مجلس مغاسل
مقلط
صاله
مطبخ
غرفه خادمه
مستودع
مطبخ
حوش
ارتداد
غرفه سائق 
الدور الثاني
صاله ارتداد
4غرف نوم ماستر
سطح
الشقه
مجلس
مصعد 
بلكونه
مطبخ
صاله
2غرف نوم
للأستفسار فون او واتساب((الرقم يظهر عند الضغط على اتصال))
((الرقم يظهر عند الضغط على اتصال)) يتم تخليص كافه والأجرأت البنكيه",24.804092,46.852735,https://images.aqar.fm/webp/750x0/props/049095584_1784405151384.jpg | https://images.aqar.fm/webp/750x0/props/049095589_1784405151382.jpg | https://images.aqar.fm/webp/750x0/props/049095581_1784405149617.jpg | https://images.aqar.fm/webp/750x0/props/049095589_1784405149915.jpg | https://images.aqar.fm/webp/750x0/props/049095580_1784405150022.jpg | https://images.aqar.fm/webp/750x0/props/049095581_1784405150168.jpg | https://images.aqar.fm/webp/750x0/props/049095587_1784405150266.jpg | https://images.aqar.fm/webp/750x0/props/049095589_1784405150366.jpg | https://images.aqar.fm/webp/750x0/props/049095589_1784405150467.jpg | https://images.aqar.fm/webp/750x0/props/049095584_1784405150602.jpg | https://images.aqar.fm/webp/750x0/props/049095580_1784405150633.jpg | https://images.aqar.fm/webp/750x0/props/049095583_1784405150761.jpg | https://images.aqar.fm/webp/750x0/props/049095584_1784405150817.jpg | https://images.aqar.fm/webp/750x0/props/049095582_1784405150921.jpg | https://images.aqar.fm/webp/750x0/props/049095581_1784405150962.jpg | https://images.aqar.fm/webp/750x0/props/049095586_1784405151082.jpg | https://images.aqar.fm/webp/750x0/props/049095589_1784405151196.jpg | https://images.aqar.fm/webp/750x0/props/049095585_1784405151270.jpg | https://images.aqar.fm/webp/750x0/props/049095581_1784405151487.jpg | https://images.aqar.fm/webp/750x0/props/049095581_1784405151633.jpg | https://images.aqar.fm/webp/750x0/props/049095582_1784405151799.jpg | https://images.aqar.fm/webp/750x0/props/049095584_1784405151384.jpg | https://images.aqar.fm/webp/750x0/props/049095589_1784405151382.jpg | https://images.aqar.fm/webp/750x0/props/049095581_1784405149617.jpg | https://images.aqar.fm/webp/750x0/props/049095589_1784405149915.jpg | https://images.aqar.fm/webp/750x0/props/049095580_1784405150022.jpg | https://images.aqar.fm/webp/750x0/props/049095581_1784405150168.jpg | https://images.aqar.fm/webp/750x0/props/049095587_1784405150266.jpg | https://images.aqar.fm/webp/750x0/props/049095589_1784405150366.jpg | https://images.aqar.fm/webp/750x0/props/049095589_1784405150467.jpg | https://images.aqar.fm/webp/750x0/props/049095584_1784405150602.jpg | https://images.aqar.fm/webp/750x0/props/049095580_1784405150633.jpg | https://images.aqar.fm/webp/750x0/props/049095583_1784405150761.jpg | https://images.aqar.fm/webp/750x0/props/049095584_1784405150817.jpg | https://images.aqar.fm/webp/750x0/props/049095582_1784405150921.jpg | https://images.aqar.fm/webp/750x0/props/049095581_1784405150962.jpg | https://images.aqar.fm/webp/750x0/props/049095586_1784405151082.jpg | https://images.aqar.fm/webp/750x0/props/049095589_1784405151196.jpg | https://images.aqar.fm/webp/750x0/props/049095585_1784405151270.jpg | https://images.aqar.fm/webp/750x0/props/049095581_1784405151487.jpg | https://images.aqar.fm/webp/750x0/props/049095581_1784405151633.jpg | https://images.aqar.fm/webp/750x0/props/049095582_1784405151799.jpg,42,عبدالله اليوسف,مؤسسة اثال العقارية للعقارات,1,2026-07-18,2026-08-17,2026-08-18,147,2026-08-23,True,"2,150,000",False,فيلا
6678636,https://sa.aqar.fm/فلل-للبيع/الرياض/شرق-الرياض/حي-الجنادرية/شارع-الغصون-حي-الجنادرية-مدينة-الرياض-منطقة-الرياض-6678636,"فيلا للبيع في شارع الغصون, حي الجنادرية, مدينة الرياض, منطقة الرياض",790000,282,5,0,0,0,حي الجنادرية,الرياض,شرق الرياض,"👌🏻 فرصة سكنية مميزة في حي غصون شرق الرياض 
📍موقع متطور وقريب من جميع الخدمات.

🔘( فيلا تاون هاوس علوي) 

✏️ المساحة :360 م
💵 السعر  : 790  الف قابل للتفاوض 

🏠 المواصفات: 

*  مجلس
*   مقلط 
* 4 غرف 3 ماستر 
* مطبخ + غرفة تخزين
* صاله كبيرة
* مدخل نساء ورجال 
 خزان وعداد مستقل 
مواصفات اخرى : * 
* مطابقة للكود السعودي. 
*  ضمان 25 سنوات.
* عمر العقار جديد.
* واجهة شمالية 
* عرض الشارع 15
* مدخل خاص 
* كراج سيارة 
للتواصل : ابو عبدالله| 0581037475",24.838361,46.885574,https://images.aqar.fm/webp/750x0/props/004670691_1777743300898.jpg | https://images.aqar.fm/webp/750x0/props/004670698_1777743316364.jpg | https://images.aqar.fm/webp/750x0/props/004670693_1777743316478.jpg | https://images.aqar.fm/webp/750x0/props/004670696_1777743316447.jpg | https://images.aqar.fm/webp/750x0/props/004670699_1777743316517.jpg | https://images.aqar.fm/webp/750x0/props/004670698_1777743316563.jpg | https://images.aqar.fm/webp/750x0/props/004670690_1777743316563.jpg | https://images.aqar.fm/webp/750x0/props/004670691_1777743316759.jpg | https://images.aqar.fm/webp/750x0/props/004670691_1777743316704.jpg,9,جابر ال فهاد,شركة ركائز الروعة,1,2026-05-02,2026-07-29,2026-08-23,1487,2026-08-23,True,"790,000",False,فيلا
6548993,https://sa.aqar.fm/فلل-للبيع/الرياض/شرق-الرياض/حي-الجنادرية/حي-الجنادرية-مدينة-الرياض-منطقة-الرياض-6548993,"فيلا للبيع في حي الجنادرية, مدينة الرياض, منطقة الرياض",696000,210,6,4,1,0,حي الجنادرية,الرياض,شرق الرياض,"للبيع تاون هاوس علوي فاخر مودرن
يخدم الوحدة مصعد راكب
بمخطط بوابة الشرق
تتكون الفيلا من وحدتين فقط 
مسطح البناء 407م
شارع عرض : 15 شمال 
رقم المخطط: 3768
رقم القطعة:   2/2402
السعر : 696 الف 
شركة سمة الوسيط للعقارية
رقم ترخيص الإعلان 
7200805571
للتواصل
((رقم المعلن يظهر عند التواصل))",24.90412,46.96572,https://images.aqar.fm/webp/750x0/props/028564763_1768569912790.jpg | https://images.aqar.fm/webp/750x0/props/028564768_1768569912848.jpg | https://images.aqar.fm/webp/750x0/props/028564767_1768569912920.jpg | https://images.aqar.fm/webp/750x0/props/028564769_1768569912827.jpg | https://images.aqar.fm/webp/750x0/props/028564768_1768569912804.jpg | https://images.aqar.fm/webp/750x0/props/028564768_1768569912808.jpg | https://images.aqar.fm/webp/750x0/props/028564760_1768569913011.jpg | https://images.aqar.fm/webp/750x0/props/028564766_1768569912803.jpg,8,أحمد بن سعد بن معتق,شركة سمة الوسيط العقارية,1,2026-01-16,2026-01-16,2026-08-18,2145,2026-08-23,True,"696,000",False,فيلا
6539056,https://sa.aqar.fm/فلل-للبيع/الرياض/شرق-الرياض/حي-الجنادرية/شارع-المعيزيلة-حي-المعيزيلة-مدينة-الرياض-منطقة-الرياض-6539056,"فيلا للبيع في شارع المعيزيلة, حي المعيزيلة, مدينة الرياض, منطقة الرياض",1600000,309,4,,,0,حي الجنادرية,الرياض,شرق الرياض,"للبيـــــــــــع مشروع يتكون من
 - 4فلل تاون هاوس 
 - 8 ادوار
 - 4 شقق 
 - الحي: المعيزيلة 
=====================
مساحه الدور الارضي 207 م
السعر:  1,200,000 ريال
مساحة الدور الاول 192م
- السعر : 950,000 الف ريال
مساحة الشقــه 148م 
- السعر : 770,000 الف ريال
(مساحه الارض 334.5م)
=====================
 - تاون هاوس ارضي
 - مساحته 309 م
 - عرض الشارع: 18م 
 - واجهة العقار :غربي
 - مدخل سياره 
 - حوش
 - مجلس رجال
 - مقلط
 - صاله كبيره
 - مطبخ 
 - غرفة خادمه 
 - غرفة نوم

 - (الدور العلوي)
 - 3 غرف نوم

ضمانات شامله واشراف هندسي وتامين ملاذ
السعر : مليون 600 الف
=====================
تاون هاوس علوي 
المساحة:  227 م
يتكون من :-
 - مدخل سياره خاص
 - مجلس رجال 
 - مقلط 
 - صاله 
 - مطبخ
 - (الدور العلوي)
4 غرف نوم 
سطح كبير
وغرفة خادمه
اشراف هندسي وتامين ملاذ وضمانات شامله
مليون 150 الف
=====================
( شركة ابداع العالمية للتطوير والاستثمار العقار )",24.796228,46.857698,https://images.aqar.fm/webp/750x0/props/027825715_1767887303960.jpg | https://images.aqar.fm/webp/750x0/props/027825710_1767887303813.jpg | https://images.aqar.fm/webp/750x0/props/027825714_1767887303819.jpg | https://images.aqar.fm/webp/750x0/props/027825711_1767887303822.jpg | https://images.aqar.fm/webp/750x0/props/027825710_1767887303843.jpg | https://images.aqar.fm/webp/750x0/props/027825717_1767887303839.jpg | https://images.aqar.fm/webp/750x0/props/027825712_1767887303835.jpg | https://images.aqar.fm/webp/750x0/props/027825711_1767887303851.jpg,8,عبدالكريم ابراهيم بن رسلان العنزي,شركة ابداع العالمية للتطوير والاستثمار العقاري ,1,2026-01-08,2026-07-31,2026-07-31,1607,2026-08-23,True,"1,600,000",False,فيلا
6725702,https://sa.aqar.fm/فلل-للبيع/الرياض/شرق-الرياض/حي-الجنادرية/حي-الجنادرية-مدينة-الرياض-منطقة-الرياض-6725702,"فيلا للبيع في حي الجنادرية, مدينة الرياض, منطقة الرياض",1250000,300,,5,2,0,حي الجنادرية,الرياض,شرق الرياض,"فيلا نموذج النرجس في بوابة الشرق 
المساحه /300 
وصف الفيلا 
ثلاث ادوار درج داخلي 
الدور الاول / مجلس وصالة وحمامين ومطبخ ومدخلين واحد للرجال والثاني للحريم وحوش كبير ولله الحمد
الدور الثاني / اربع غرف نوم منهاغرفة ماستر بدورة مياة ودورة مياه ثانيه للغرف الثلاث 
الدور الثالث غرفة ماستر بدورة المياة للخادمة مع مكان للغسيل والكوي اضافة معها السطح 

المطلوب للبنك مبلغ 800000
والمطلوب كامل المبلغ 1250000",24.902845,46.949355,https://images.aqar.fm/webp/750x0/props/030904252_1781011960488.jpg | https://images.aqar.fm/webp/750x0/props/030904255_1781011958569.jpg | https://images.aqar.fm/webp/750x0/props/030904255_1781011959080.jpg | https://images.aqar.fm/webp/750x0/props/030904255_1781011959273.jpg | https://images.aqar.fm/webp/750x0/props/030904252_1781011959442.jpg | https://images.aqar.fm/webp/750x0/props/030904252_1781011959577.jpg | https://images.aqar.fm/webp/750x0/props/030904252_1781011959677.jpg | https://images.aqar.fm/webp/750x0/props/030904254_1781011959855.jpg | https://images.aqar.fm/webp/750x0/props/030904254_1781011960102.jpg | https://images.aqar.fm/webp/750x0/props/030904250_1781011960268.jpg | https://images.aqar.fm/webp/750x0/props/030904250_1781011960395.jpg | https://images.aqar.fm/webp/750x0/props/030904257_1781011960633.jpg | https://images.aqar.fm/webp/750x0/props/030904256_1781011960845.jpg | https://images.aqar.fm/webp/750x0/props/030904250_1781011960959.jpg,14,جواهر ال سعيد,مكتب ريحانة نجد للعقارات,1,2026-06-09,2026-07-08,2026-08-16,67,2026-08-23,True,"1,250,000",False,فيلا
6825976,https://sa.aqar.fm/فلل-للبيع/الرياض/شرق-الرياض/حي-الجنادرية/حي-الجنادرية-الرياض-منطقة-الرياض-6825976,فيلا للبيع في حي الجنادرية ، الرياض ، منطقة الرياض,1900000,350,5,5,3,1,حي الجنادرية,الرياض,شرق الرياض,,24.836149,46.871475,,,تركي بن سلمان بن ساكر العنزي,,,2026-08-16,,2026-08-16,37,2026-08-23,False,طلب تسويق,False,فيلا
6678175,https://sa.aqar.fm/فلل-للبيع/الرياض/شرق-الرياض/حي-الجنادرية/شارع-الضياء-حي-الجنادرية-مدينة-الرياض-منطقة-الرياض-6678175,"فيلا للبيع في شارع الضياء, حي الجنادرية, مدينة الرياض, منطقة الرياض",900000,238,4,5,1,0,حي الجنادرية,الرياض,شرق الرياض,"للبيع  تاون هاوس أرضي حي الجنادرية – عرض رقم   H 1817

المواصفات:
- مدخلين
- المساحة 240 متر
-  دور أرضي ( يتكون من غرفة نوم  _ مجلس _ صاله كبيرة  _ مطبخ  _  مقلط  _  2 حمام  _ مدخل سيارة )
-  دور أول  ( يتكون من 3 غرف نوم ماستر  _ 3  حمام  )

المميزات:
- عمر العقار جديد
- تشطيب سوبر لوكس
- الواجهة جوبية
- موقع مميز في شرق الرياض
- الموقع يخدم الحياة اليومية بجميع احتياجاتها (مطاعم، خدمات، صالات رياضية، مولات، مدارس، مستشفيات) 

السعر: ,900,000 ريال

رقم العرض:   H1817 
-----------------
الـــفـــريـــح للــــعـــقـــارات",24.845854,46.890336,https://images.aqar.fm/webp/750x0/props/044628566_1777729321186.jpg | https://images.aqar.fm/webp/750x0/props/044628565_1777729325688.jpg | https://images.aqar.fm/webp/750x0/props/044628565_1777729343344.jpg | https://images.aqar.fm/webp/750x0/props/044628561_1777729343339.jpg | https://images.aqar.fm/webp/750x0/props/044628564_1777729343343.jpg | https://images.aqar.fm/webp/750x0/props/044628569_1777729343346.jpg | https://images.aqar.fm/webp/750x0/props/044628561_1777729343399.jpg | https://images.aqar.fm/webp/750x0/props/044628565_1777729343374.jpg | https://images.aqar.fm/webp/750x0/props/044628569_1777729343360.jpg | https://images.aqar.fm/webp/750x0/props/044628561_1777729343363.jpg | https://images.aqar.fm/webp/750x0/props/044628565_1777729343361.jpg | https://images.aqar.fm/webp/750x0/props/044628565_1777729343379.jpg | https://images.aqar.fm/webp/750x0/props/044628565_1777729343376.jpg | https://images.aqar.fm/webp/750x0/props/044628560_1777729343377.jpg | https://images.aqar.fm/webp/750x0/props/044628566_1777729343420.jpg,15,ريماز مشعل فريح المطيري,مكتب ريماز مشعل فريح المطيري للعقارات,1,2026-05-02,2026-07-28,2026-08-20,724,2026-08-23,True,"900,000",False,فيلا
6780245,https://sa.aqar.fm/فلل-للبيع/الرياض/شرق-الرياض/حي-الجنادرية/شارع-رقم-173-حي-الجنادرية-مدينة-الرياض-منطقة-الرياض-6780245,"فيلا للبيع في شارع رقم 173, حي الجنادرية, مدينة الرياض, منطقة الرياض",1000000,332,7,0,0,0,حي الجنادرية,الرياض,شرق الرياض,"☆حي الجنادرية ☆
■للبيع فيلادبلكس درج داخلي ■
《《بناء شخصي》》
 ●
{{مساحه : 200م }}
○ شارع 15شرقي 

○المواصفات:-
○الدور الارضي:
○تحت استقبال بالكامل 
○مدخل سياره 
○ درج داخلي 
○حوش 
○ومجلس رجال مع دورة مياة
 ○مقلط 
○صالةاستقبال 
 ○مطبخ
○دورة مياة مشترك 
《《《《《
○الدور الاول :-
○غرفة نوم ماستر 
○غرفة نوم ماستر 
○غرفة نوم 
○غرفة نوم 
○صالة استقبال 
○دورة مياة مشترك 

♧♧دور ثاني &&
○ صالة استقبال 
○غرفه نوم
○غرفة شغالة مع دورة مياه 
○ دورة مياة مشترك 
○سطح 
¤مميزات الفيلا :
¤١/ اشراف مكتب هندسي ¤معتمد حديد سابك .
¤٢/ الانابيب خضراء ضمان 15 ¤سنة .
¤٣/ تأمين شركة ملاذ ضد ¤العيوب الخفيه حسب الكود ¤السعودي وشهادة اتمام بناء .
¤٤/ جميع الضمانات بالفواتير ¤مع تصوير مراحل البناء

كما نستقبل عروضكم وطلباتكم 
مؤسسة احكام الرمال العقاريه 
للتواصل
((الرقم يظهر عند الضغط على اتصال))
ابوتركي",24.851023,46.864487,https://images.aqar.fm/webp/750x0/props/001566187_1784427196812.jpg | https://images.aqar.fm/webp/750x0/props/001566187_1784427216476.jpg | https://images.aqar.fm/webp/750x0/props/001566186_1784427216451.jpg | https://images.aqar.fm/webp/750x0/props/001566186_1784427216470.jpg | https://images.aqar.fm/webp/750x0/props/001566182_1784427216454.jpg | https://images.aqar.fm/webp/750x0/props/001566184_1784427216457.jpg | https://images.aqar.fm/webp/750x0/props/001566189_1784427216469.jpg | https://images.aqar.fm/webp/750x0/props/001566188_1784427216458.jpg | https://images.aqar.fm/webp/750x0/props/001566183_1784427216462.jpg | https://images.aqar.fm/webp/750x0/props/001566188_1784427233733.jpg | https://images.aqar.fm/webp/750x0/props/001566183_1784427233733.jpg | https://images.aqar.fm/webp/750x0/props/001566182_1784427233722.jpg | https://images.aqar.fm/webp/750x0/props/001566186_1784427233730.jpg | https://images.aqar.fm/webp/750x0/props/001566183_1784427233719.jpg | https://images.aqar.fm/webp/750x0/props/001566185_1784427233724.jpg | https://images.aqar.fm/webp/750x0/props/001566182_1784427233730.jpg | https://images.aqar.fm/webp/750x0/props/001566185_1784427233732.jpg | https://images.aqar.fm/webp/750x0/props/001566183_1784427247004.jpg | https://images.aqar.fm/webp/750x0/props/001566182_1784427246997.jpg | https://images.aqar.fm/webp/750x0/props/001566189_1784427247001.jpg | https://images.aqar.fm/webp/750x0/props/001566187_1784427247006.jpg,21,نوف سعيد,مؤسسة أحكام الرمال للخدمات العقارية,1,2026-07-19,2026-08-17,2026-08-17,1770,2026-08-23,True,"1,000,000",False,فيلا
6807155,https://sa.aqar.fm/فلل-للبيع/الرياض/شرق-الرياض/حي-الجنادرية/شارع-00000-حي-الجنادرية-مدينة-الرياض-منطقة-الرياض-6807155,"فيلا للبيع في شارع 00000, حي الجنادرية, مدينة الرياض, منطقة الرياض",650000,233,3,4,1,0,حي الجنادرية,الرياض,شرق الرياض,"للبيع تاون هاوس حي المعالي بوابة الشرق ارضي المساحة 233م مكون من :-
الأرضي 
مدخل خاص مدخل سيارة حوش مجلس رجال مع دورة مياه صاله صالة طعام غرفة نوم ماستر مطبخ مستودع 

الدور العلوي :- 
غرفتين نوم بينهم دورة مياه 
السعي 2.5%",24.900935,46.961319,https://images.aqar.fm/webp/750x0/props/018619836_1785931034632.jpg | https://images.aqar.fm/webp/750x0/props/018619839_1786189390103.jpg | https://images.aqar.fm/webp/750x0/props/018619833_1786189390110.jpg | https://images.aqar.fm/webp/750x0/props/018619838_1786189390102.jpg | https://images.aqar.fm/webp/750x0/props/018619838_1786189390111.jpg | https://images.aqar.fm/webp/750x0/props/018619831_1786189390113.jpg | https://images.aqar.fm/webp/750x0/props/018619832_1786189390116.jpg,7,عمار خالد بن حسن الحارثي,مؤسسة روعة نجد العقارية,1,2026-08-05,2026-08-05,2026-08-22,277,2026-08-23,True,"650,000",False,فيلا
6679014,https://sa.aqar.fm/فلل-للبيع/الرياض/شرق-الرياض/حي-الجنادرية/شارع-300-الجنادرية-حي-الجنادرية-مدينة-الرياض-منطقة-الرياض-6679014,"فيلا للبيع في شارع 300 الجنادرية, حي الجنادرية, مدينة الرياض, منطقة الرياض",1250000,250,6,5,2,0,حي الجنادرية,الرياض,شرق الرياض,"للبيع دبلكس جديد فاخر 
الموقع : الرياض حي الجنادرية
المساحة : 250م
واجهة : شرقية 15م 
العمر : جديدة 
تفاصيل الفيلا :
الدور الأرضي : 
فخامة الاستقبال
* مجلس رجالي أنيق
* مقلط واسع للضيافة
* دورة مياه
* صالة نسائية مريحة
* مقلط نسائي / غرفة أرضية متعددة الإستخدام
* مطبخ عملي بتصميم حديث
* مستودع
* مغاسل ودورات مياه
* درج داخلي بتصميم راقي 
* ⁠
🔹 الدور العلوي : 
 – خصوصية وراحة
* صالة عائلية واسعة
* غرفة نوم بدورة مياه
* غرفة ماستر كبيرة بدورة مياه فاخرة
* غرفة نوم بحمام خارجي
* غرفة نوم بحمام خاص
🔹 السطح : 
رفاهية إضافية
* صالة مطلة على السطح (جلسة مميزة)
* غرفة نوم بحمام خارجي
* غرفة خادمة
* غرفة مخصصة لغسيل الملابس

✔️ تصميم عصري يلبي احتياج العائلة
✔️ توزيع ذكي للمساحات
✔️ تشطيبات عالية الجودة
✔️ مناسبة للسكن والاستثمار
✔️ ضمانات شاملة تعطيك ثقة وراحة 


البيع : 1,250,000 بإذن الله

مزيد من التفاصيل واتس : 0598060020",24.899165,46.962087,https://images.aqar.fm/webp/750x0/props/024391059_1777765726235.jpg | https://images.aqar.fm/webp/750x0/props/024391053_1777765726234.jpg | https://images.aqar.fm/webp/750x0/props/024391054_1777765726238.jpg | https://images.aqar.fm/webp/750x0/props/024391055_1777765726233.jpg | https://images.aqar.fm/webp/750x0/props/024391057_1777765726241.jpg | https://images.aqar.fm/webp/750x0/props/024391055_1777765726232.jpg | https://images.aqar.fm/webp/750x0/props/024391057_1777765726240.jpg | https://images.aqar.fm/webp/750x0/props/024391055_1777765726240.jpg,8,عبدالله الغانم,مكتب شريط للعقارات,1,2026-05-02,2026-07-29,2026-08-21,167,2026-08-23,True,"1,250,000",False,فيلا
6678493,https://sa.aqar.fm/فلل-للبيع/الرياض/شرق-الرياض/حي-الجنادرية/شارع-ممر77-حي-الجنادرية-الرياض-منطقة-الرياض-6678493,"فيلا للبيع في شارع شارع رقم 171, حي الجنادرية, مدينة الرياض, منطقة الرياض",1250000,342,5,5,2,0,حي الجنادرية,الرياض,شرق الرياض,"محتويات الفيلا:
تحتوي الفيلا على درج داخلي فيها شقة 
الفيلا والشقه بصك واحد و تباع سوى بثمن واحد
الدور الارضي 
مجلس
مقلط مفتوح
صاله عائليه
غرفة كبار سن
مطبخ ومستودع ومنطقة غسيل ملابس
دورتين مياه
الدور الاول
غرفة نوم ماستر رئيسيه بشرفه
غرفة نوم ماستر
غرفتين بحمام مشترك
الشقه 3غرف وحمامين ومطبخ",24.850985,46.863273,https://images.aqar.fm/webp/750x0/props/009914810_1786265706737.jpg | https://images.aqar.fm/webp/750x0/props/009914816_1777738014834.jpg | https://images.aqar.fm/webp/750x0/props/009914812_1777877510347.jpg | https://images.aqar.fm/webp/750x0/props/009914817_1778693047376.jpg | https://images.aqar.fm/webp/750x0/props/009914813_1778693068840.jpg | https://images.aqar.fm/webp/750x0/props/009914811_1778693108031.jpg,6,فهد قطيم,,,2026-05-02,2026-05-03,2026-08-22,839,2026-08-23,True,"1,250,000",False,فيلا
6563278,https://sa.aqar.fm/فلل-للبيع/الرياض/شرق-الرياض/حي-الجنادرية/شارع-رقم-126-حي-الجنادرية-مدينة-الرياض-منطقة-الرياض-6563278,"فيلا للبيع في شارع رقم 126, حي الجنادرية, مدينة الرياض, منطقة الرياض",1100000,177,6,4,0,0,حي الجنادرية,الرياض,شرق الرياض,"للبيع: فيلا درج صالة ع زاويه
📍 موقع مميَّز 
📐 المساحة:177,5 م² مسطح البناء 

تفاصيل الفيلا:
	•	مدخل سيارة 
	•	مجلس رجال 🛋️
	•	صالة طعام 🍽️
	•	صالة عائلية 🏠
	•	مجلس نساء 👩‍🦰
	•	مطبخ 

الدور العلوي:
صاله كبيره
	3غرف نوم منهم ماستر 


مميزات الموقع الحيوي ✨
قريب طريق خريص ، قريب من مستشفى العائلة، 


 * تأمين ملاذ على الهيكل الانشائي
 * ضمانات السباكة و الكهرباء 

لتجربة فريدة من نوعها , تبقى وحدات سكنية قليلة. 

احجز وحدتك الأن وكن جزء من مجتمعاتنا

ملاحظه الموقع غير دقيق ❗️
عبدالله ابوسعود -موافقه العقاريه 
للتواصل: ((الرقم يظهر عند الضغط على اتصال))",24.839052,46.882884,https://images.aqar.fm/webp/750x0/props/043848017_1769443448562.jpg | https://images.aqar.fm/webp/750x0/props/043848016_1769443473977.jpg | https://images.aqar.fm/webp/750x0/props/043848017_1769443473964.jpg | https://images.aqar.fm/webp/750x0/props/043848016_1769443473998.jpg | https://images.aqar.fm/webp/750x0/props/043848017_1769443527762.jpg | https://images.aqar.fm/webp/750x0/props/043848011_1769443527770.jpg | https://images.aqar.fm/webp/750x0/props/043848012_1769443527763.jpg | https://images.aqar.fm/webp/750x0/props/043848013_1769443527879.jpg | https://images.aqar.fm/webp/750x0/props/043848011_1769443528334.jpg | https://images.aqar.fm/webp/750x0/props/043848017_1769443571960.jpg | https://images.aqar.fm/webp/750x0/props/043848016_1769443571963.jpg | https://images.aqar.fm/webp/750x0/props/043848011_1769443571968.jpg | https://images.aqar.fm/webp/750x0/props/043848013_1769443571961.jpg | https://images.aqar.fm/webp/750x0/props/043848013_1769443571995.jpg | https://images.aqar.fm/webp/750x0/props/043848019_1769443571988.jpg | https://images.aqar.fm/webp/750x0/props/043848011_1769443571976.jpg | https://images.aqar.fm/webp/750x0/props/043848012_1769443571980.jpg | https://images.aqar.fm/webp/750x0/props/043848018_1769443627861.jpg | https://images.aqar.fm/webp/750x0/props/043848016_1769443627870.jpg | https://images.aqar.fm/webp/750x0/props/043848011_1769443627895.jpg | https://images.aqar.fm/webp/750x0/props/043848013_1769443627875.jpg | https://images.aqar.fm/webp/750x0/props/043848010_1769443627908.jpg | https://images.aqar.fm/webp/750x0/props/043848010_1769443627870.jpg | https://images.aqar.fm/webp/750x0/props/043848017_1769443627905.jpg | https://images.aqar.fm/webp/750x0/props/043848019_1769443627890.jpg | https://images.aqar.fm/webp/750x0/props/043848011_1769443683050.jpg | https://images.aqar.fm/webp/750x0/props/043848013_1769443683145.jpg | https://images.aqar.fm/webp/750x0/props/043848019_1769443683095.jpg | https://images.aqar.fm/webp/750x0/props/043848019_1769443683067.jpg | https://images.aqar.fm/webp/750x0/props/043848012_1769443683062.jpg,30,نايف عبدالله بن سلطان بن سفران,مؤسسة موافقة العقارية,1,2026-01-26,2026-08-18,2026-08-18,2402,2026-08-23,True,"1,100,000",False,فيلا
6817209,https://sa.aqar.fm/فلل-للبيع/الرياض/شرق-الرياض/حي-الجنادرية/شارع-4-الجنادرية-حي-الجنادرية-مدينة-الرياض-منطقة-الرياض-6817209,"فيلا للبيع في شارع 4 الجنادرية , حي الجنادرية, مدينة الرياض, منطقة الرياض",1300000,248,,0,0,0,حي الجنادرية,الرياض,شرق الرياض,"🏡 للبيع | فيلا استثمارية – حي الجنادرية

📍 الموقع: حي الجنادرية – مخطط بوابة الشرق

🔹 الدور الأول:
• 4 غرف نوم، منها 3 غرف ماستر
• غرفة نوم رابعة بجانبها دورة مياه
• صالة

🔹 الدور الأرضي:
• مجلس رجال مع دورة مياه
• صالة طعام
• صالة نساء
• غرفة كبار سن مع دورة مياه
• مطبخ مع مستودع
• كراج
• حوش واسع

🔹 الشقة:
• 3 غرف
• صالة
• مطبخ
• دورتا مياه
• سطح
• مدخل خاص
• عداد كهرباء مستقل

💰 الشقة مؤجرة بـ 30,000 ريال سنويًا
📅 العقد يبدأ من 27/08/2026م بأقساط شهرية 2,500 ريال

💵 السعر: 1,300,000 ريال",24.907648,46.959911,https://images.aqar.fm/webp/750x0/props/003484344_1786474220688.jpg | https://images.aqar.fm/webp/750x0/props/003484340_1786474220692.jpg | https://images.aqar.fm/webp/750x0/props/003484341_1786474220697.jpg | https://images.aqar.fm/webp/750x0/props/003484349_1786474220699.jpg | https://images.aqar.fm/webp/750x0/props/003484344_1786474220698.jpg | https://images.aqar.fm/webp/750x0/props/003484348_1786474220705.jpg | https://images.aqar.fm/webp/750x0/props/003484344_1786474220697.jpg | https://images.aqar.fm/webp/750x0/props/003484347_1786474220702.jpg | https://images.aqar.fm/webp/750x0/props/003484349_1786474240444.jpg | https://images.aqar.fm/webp/750x0/props/003484346_1786474240442.jpg | https://images.aqar.fm/webp/750x0/props/003484344_1786474240458.jpg | https://images.aqar.fm/webp/750x0/props/003484349_1786474240456.jpg | https://images.aqar.fm/webp/750x0/props/003484340_1786474240451.jpg | https://images.aqar.fm/webp/750x0/props/003484346_1786474240445.jpg | https://images.aqar.fm/webp/750x0/props/003484340_1786474240454.jpg | https://images.aqar.fm/webp/750x0/props/003484349_1786474240445.jpg,16,تركي عبدالعزيز,مؤسسة الهيكل المعماري للتطوير العقاري,1,2026-08-11,2026-08-11,2026-08-22,54,2026-08-23,True,"1,300,000",False,فيلا
6779937,https://sa.aqar.fm/فلل-للبيع/الرياض/شرق-الرياض/حي-الجنادرية/شارع-المنجور-حي-المعيزيلة-مدينة-الرياض-منطقة-الرياض-6779937,"فيلا للبيع في شارع المنجور, حي المعيزيلة, مدينة الرياض, منطقة الرياض",2300000,312,6,5,2,0,حي الجنادرية,الرياض,شرق الرياض,"شركه أثال العقاريه تقدم لعملائها احدث العروض العقاريه ذات التصميم المودرن الحديث ب احياء شمال شرق الرياض حي المعزليه
عرض اليوم
فيلا درج داخلي وشقتين
تتكون من
مجلس مغاسل
ملحق
صاله كبيره
مطبخ
غرفه خادمه
غرفة سائق
مستودع
غرفة ماستر
الدور الأول 3غرف ماستر
مصعد 
الأخير سطح
الشقتين
تتكون من
مجلس
صاله
مطبخ
2غرف نوم
شارع 20 شمال
للأستفسار فون او واتساب
 ((الرقم يظهر عند الضغط على اتصال))
((الرقم يظهر عند الضغط على اتصال))",24.803838,46.852812,https://images.aqar.fm/webp/750x0/props/049095583_1784404586281.jpg | https://images.aqar.fm/webp/750x0/props/049095580_1784404585994.jpg | https://images.aqar.fm/webp/750x0/props/049095589_1784404585992.jpg | https://images.aqar.fm/webp/750x0/props/049095588_1784404586044.jpg | https://images.aqar.fm/webp/750x0/props/049095589_1784404586045.jpg | https://images.aqar.fm/webp/750x0/props/049095582_1784404586173.jpg | https://images.aqar.fm/webp/750x0/props/049095587_1784404586271.jpg | https://images.aqar.fm/webp/750x0/props/049095585_1784404586338.jpg | https://images.aqar.fm/webp/750x0/props/049095588_1784404586337.jpg | https://images.aqar.fm/webp/750x0/props/049095583_1784404586493.jpg | https://images.aqar.fm/webp/750x0/props/049095586_1784404586528.jpg | https://images.aqar.fm/webp/750x0/props/049095580_1784404586526.jpg | https://images.aqar.fm/webp/750x0/props/049095585_1784404586527.jpg | https://images.aqar.fm/webp/750x0/props/049095587_1784404586620.jpg | https://images.aqar.fm/webp/750x0/props/049095587_1784404586738.jpg | https://images.aqar.fm/webp/750x0/props/049095589_1784404586772.jpg | https://images.aqar.fm/webp/750x0/props/049095583_1784404586281.jpg | https://images.aqar.fm/webp/750x0/props/049095580_1784404585994.jpg | https://images.aqar.fm/webp/750x0/props/049095589_1784404585992.jpg | https://images.aqar.fm/webp/750x0/props/049095588_1784404586044.jpg | https://images.aqar.fm/webp/750x0/props/049095589_1784404586045.jpg | https://images.aqar.fm/webp/750x0/props/049095582_1784404586173.jpg | https://images.aqar.fm/webp/750x0/props/049095587_1784404586271.jpg | https://images.aqar.fm/webp/750x0/props/049095585_1784404586338.jpg | https://images.aqar.fm/webp/750x0/props/049095588_1784404586337.jpg | https://images.aqar.fm/webp/750x0/props/049095583_1784404586493.jpg | https://images.aqar.fm/webp/750x0/props/049095586_1784404586528.jpg | https://images.aqar.fm/webp/750x0/props/049095580_1784404586526.jpg | https://images.aqar.fm/webp/750x0/props/049095585_1784404586527.jpg | https://images.aqar.fm/webp/750x0/props/049095587_1784404586620.jpg | https://images.aqar.fm/webp/750x0/props/049095587_1784404586738.jpg | https://images.aqar.fm/webp/750x0/props/049095589_1784404586772.jpg,32,عبدالله اليوسف,مؤسسة اثال العقارية للعقارات,1,2026-07-18,2026-08-17,2026-08-18,169,2026-08-23,True,"2,300,000",False,فيلا
6442874,https://sa.aqar.fm/فلل-للبيع/الرياض/شرق-الرياض/حي-الجنادرية/شارع-رقم-136-حي-الجنادرية-مدينة-الرياض-منطقة-الرياض-6442874,"فيلا للبيع في شارع رقم 136, حي الجنادرية, مدينة الرياض, منطقة الرياض",1500000,415,,,,0,حي الجنادرية,الرياض,شرق الرياض,"مدخلين
الدور الاول
مجلس مع دوره مياه بمغاسل
مقلط
صاله
مطبخ
الدور الثاني
٤غرف نوم منهم ٢ماستر
صاله
٥دورات مياه
سطح
+شقه",24.840054,46.876928,https://images.aqar.fm/webp/750x0/props/035591346_1761585474618.jpg | https://images.aqar.fm/webp/750x0/props/035591348_1761585474155.jpg | https://images.aqar.fm/webp/750x0/props/035591348_1761585474235.jpg | https://images.aqar.fm/webp/750x0/props/035591341_1761585474354.jpg | https://images.aqar.fm/webp/750x0/props/035591348_1761585474535.jpg | https://images.aqar.fm/webp/750x0/props/035591347_1761585474531.jpg,6,راشد فهد,مؤسسة راشد فهد عبدالله العجمي للعقارات,1,2025-10-27,2025-10-27,2026-08-16,1530,2026-08-23,True,"1,500,000",False,فيلا
6441899,https://sa.aqar.fm/فلل-للبيع/الرياض/شرق-الرياض/حي-الجنادرية/شارع-الضياء-حي-الجنادرية-مدينة-الرياض-منطقة-الرياض-6441899,"فيلا للبيع في شارع الضياء, حي الجنادرية, مدينة الرياض, منطقة الرياض",970000,268,6,5,1,0,حي الجنادرية,الرياض,شرق الرياض,"تاون هاوس ارضي 
شرق الرياض مخطط غصون الجنادريه 
يتكون من 
مدخل سياره حوش 
مجلس مع دورة مياه 
مقلط 
صاله كبيره 
دورة مياه مع مغاسل 
مطبخ مع ارتداد جانبي 
غرفة كبار سن ماستر 
درج داخلي 
3 غرف نوم واحده منها ماستر 
دورة مياه 
سطح كبير 
للتواصل 
((رقم المعلن يظهر عند التواصل)) ابو سند",24.871459,46.924139,https://images.aqar.fm/webp/750x0/props/004670698_1761549402630.jpg | https://images.aqar.fm/webp/750x0/props/004670692_1761549400295.jpg | https://images.aqar.fm/webp/750x0/props/004670693_1761549400665.jpg | https://images.aqar.fm/webp/750x0/props/004670698_1761549400685.jpg | https://images.aqar.fm/webp/750x0/props/004670690_1761549400667.jpg | https://images.aqar.fm/webp/750x0/props/004670697_1761549400893.jpg | https://images.aqar.fm/webp/750x0/props/004670697_1761549400915.jpg | https://images.aqar.fm/webp/750x0/props/004670697_1761549400943.jpg | https://images.aqar.fm/webp/750x0/props/004670695_1761549400952.jpg | https://images.aqar.fm/webp/750x0/props/004670692_1761549400955.jpg | https://images.aqar.fm/webp/750x0/props/004670690_1761549401122.jpg | https://images.aqar.fm/webp/750x0/props/004670691_1761549401187.jpg | https://images.aqar.fm/webp/750x0/props/004670695_1761549401206.jpg | https://images.aqar.fm/webp/750x0/props/004670695_1761549401205.jpg | https://images.aqar.fm/webp/750x0/props/004670691_1761549401207.jpg | https://images.aqar.fm/webp/750x0/props/004670697_1761549401433.jpg | https://images.aqar.fm/webp/750x0/props/004670699_1761549401444.jpg | https://images.aqar.fm/webp/750x0/props/004670698_1761549401457.jpg | https://images.aqar.fm/webp/750x0/props/004670697_1761549401454.jpg | https://images.aqar.fm/webp/750x0/props/004670699_1761549401759.jpg | https://images.aqar.fm/webp/750x0/props/004670693_1761549402521.jpg | https://images.aqar.fm/webp/750x0/props/004670699_1761549402648.jpg | https://images.aqar.fm/webp/750x0/props/004670697_1761549402838.jpg | https://images.aqar.fm/webp/750x0/props/004670691_1761549403548.jpg | https://images.aqar.fm/webp/750x0/props/004670690_1761549404135.jpg,25,جابر ال فهاد,شركة ركائز الروعة,1,2025-10-27,2025-10-27,2026-08-23,1229,2026-08-23,True,"970,000",False,فيلا
6368195,https://sa.aqar.fm/فلل-للبيع/الرياض/شرق-الرياض/حي-الجنادرية/شارع-العمره-حي-الجنادرية-مدينة-الرياض-منطقة-الرياض-6368195,"فيلا للبيع في شارع العمره, حي الجنادرية, مدينة الرياض, منطقة الرياض",1350000,220,5,5,2,0,حي الجنادرية,الرياض,شرق الرياض,"للبيع فيلا في حي الجنادرية مخطط غصون زاوية على شارعين جنوبي وغربي 
تفاصيل الدور الأرضي :
📍مدخل سيارة 
📍حوش  
📍مجلس رجال مع دورة مياه 
📍مقلط 
📍صالة كبيرة مع دورة مياه 
📍مطبخ 
📍مستودع
📍غرفة شغاله ودورة مياه 
تفاصيل الدور الاول :
📍2 غرفة نوم ماستر 
📍1 غرفة نوم مع دورة مياه مستقله 
📍صالة جانبيه 
📍غرفة بالسطح مع مدخل على السطح
تفاصيل الشقة :

📍مدخل مستقل
📍غرفتين نوم 
📍 صالة  
📍مجلس
📍سطح 
📍دورتين مياه
📍عداد كهرباء وماء مستقل  
يوجد جميع ضمانات وتصوير جميع مراحل بناء :
 📍ضمان ضد العيوب الخفية ( التعاونية ) 10 سنوات
📍ضمان عزل خزان ارضي واسطح وحمامات 10 سنوات
📍ضمان سباكة انابيب خضراء 15 سنة 
📍ضمان الكهرباء شركة الفنار وكيابل الرياض 25 سنة
📍ضمان ابواب داخلية (wpc) ضد الماء والرطوبة 10 سنوات 
📍ضمان تشطيبات سباكه وكهرباء من 2 سنة الى 5 سنة
📍يوجد اشراف مكتب هندسي على جميع مراحل البناء 
سعر البيع  ( 1,550,000 )
رقم تواصل ( ((رقم المعلن يظهر عند التواصل)) )",24.837937,46.89038,https://images.aqar.fm/webp/750x0/props/024923975_1770543938013.jpg | https://images.aqar.fm/webp/750x0/props/024923970_1770543938448.jpg | https://images.aqar.fm/webp/750x0/props/024923973_1770544076378.jpg | https://images.aqar.fm/webp/750x0/props/024923976_1770544076395.jpg | https://images.aqar.fm/webp/750x0/props/024923974_1770544076422.jpg | https://images.aqar.fm/webp/750x0/props/024923976_1770544076395.jpg | https://images.aqar.fm/webp/750x0/props/024923972_1770544076440.jpg | https://images.aqar.fm/webp/750x0/props/024923975_1770544076424.jpg | https://images.aqar.fm/webp/750x0/props/024923974_1770544076423.jpg | https://images.aqar.fm/webp/750x0/props/024923977_1770544076429.jpg | https://images.aqar.fm/webp/750x0/props/024923979_1770544126602.jpg | https://images.aqar.fm/webp/750x0/props/024923970_1770544126610.jpg | https://images.aqar.fm/webp/750x0/props/024923979_1770544126616.jpg | https://images.aqar.fm/webp/750x0/props/024923974_1770544126627.jpg | https://images.aqar.fm/webp/750x0/props/024923976_1770544126760.jpg | https://images.aqar.fm/webp/750x0/props/024923975_1770544126761.jpg,16,سليمان مرضي بن نور المطيري,,,2025-09-05,2025-09-05,2026-08-11,1518,2026-08-23,True,"1,350,000",False,فيلا
6581291,https://sa.aqar.fm/فلل-للبيع/الرياض/شرق-الرياض/حي-الجنادرية/شارع-0000-حي-الجنادرية-مدينة-الرياض-منطقة-الرياض-6581291,"فيلا للبيع في شارع 0000, حي الجنادرية, مدينة الرياض, منطقة الرياض",1700000,361,4,0,0,0,حي الجنادرية,الرياض,شرق الرياض,"للبيع فيلا مع شقق. جديده في الجنادريه 
المساحه ٣٦١م
تفاصيل 

مشب خارجي 
مجلس رجال مع دورةمياه 
مقلط
صاله 
غرفه كبار سن 
مطبخ مستودع
درج داخلي
الدور العلوي 
٤ غرف نوم
وصاله 
وشقتين مفصوله",24.900949,46.955267,https://images.aqar.fm/webp/750x0/props/035072120_1771002318186.jpg | https://images.aqar.fm/webp/750x0/props/035072129_1771002331737.jpg | https://images.aqar.fm/webp/750x0/props/035072123_1771002343467.jpg | https://images.aqar.fm/webp/750x0/props/035072120_1771002358044.jpg | https://images.aqar.fm/webp/750x0/props/035072129_1771002372211.jpg | https://images.aqar.fm/webp/750x0/props/035072124_1771002387813.jpg | https://images.aqar.fm/webp/750x0/props/035072124_1771002399598.jpg | https://images.aqar.fm/webp/750x0/props/035072127_1771002413515.jpg | https://images.aqar.fm/webp/750x0/props/035072129_1771002426811.jpg | https://images.aqar.fm/webp/750x0/props/035072128_1771002453432.jpg | https://images.aqar.fm/webp/750x0/props/035072125_1771002462037.jpg | https://images.aqar.fm/webp/750x0/props/035072123_1771002477879.jpg | https://images.aqar.fm/webp/750x0/props/035072128_1771002494943.jpg | https://images.aqar.fm/webp/750x0/props/035072123_1771002512966.jpg | https://images.aqar.fm/webp/750x0/props/035072124_1771002524031.jpg | https://images.aqar.fm/webp/750x0/props/035072125_1771002542424.jpg | https://images.aqar.fm/webp/750x0/props/035072122_1771002554615.jpg | https://images.aqar.fm/webp/750x0/props/035072124_1771002566381.jpg,18,سلطان البراك ,مكتب مستقبل النمو للعقارات,1,2026-02-08,2026-08-02,2026-08-08,2431,2026-08-23,True,"1,700,000",False,فيلا
6672106,https://sa.aqar.fm/فلل-للبيع/الرياض/شرق-الرياض/حي-الجنادرية/شارع-سليمان-بن-حبيب-حي-الجنادرية-مدينة-الرياض-منطقة-الرياض-6672106,"فيلا للبيع في شارع سليمان بن حبيب, حي الجنادرية, مدينة الرياض, منطقة الرياض",1800000,375,,4,2,0,حي الجنادرية,الرياض,شرق الرياض,"*الروابط العقارية للتسويق والتطوير العقاري*
نقدّم حلولاً عقارية متكاملة بمعايير احترافية عالية،

فلة دوبلكس درج داخلي.
*📍 الموقع: حي الجنادرية(مشروع المشرقية) - شارع بعرض 25م 🌅 الواجهة: جنوبية - المساحة: 375 *م*²
________________________________________
🏡 تفاصيل الوحدة:🔹 الدور الأرضي:
مدخل سيارة – ملحق خارجي - مجلس رجال مع دورة مياه - مقلط (غرفة طعام) - مدخل نساء مستقل
صالتين - دورة مياه ومغاسل -  - مطبخ
غرفة عاملة - 
________________________________________
🔹 الدور الأول:
2 غرف نوم ماستر 🛏️ -
2 غرف نوم-
________________________________________
*💰 السعر: 1,800,000 ريال*

*📍 الموقع: حي الجنادرية - شارع بعرض 25م https://maps.app.goo.gl/f8bHFEZXKqThayJw9?g_st=aw

*📞 للتواصل يرجى مراعاة  أوقات الاتصال*
👤 محمد:0553342033

📍 مقر الشركة:الروابط العقارية – المونسية – طريق الصحابة

✨ نسعد بخدمتكم وتقديم تجربة عقارية مميزة.",24.822212,46.852209,,,رضا المازني,مؤسسة الروابط العقارية,1,2026-04-27,2026-08-21,2026-08-21,707,2026-08-23,True,"1,800,000",False,فيلا
6543991,https://sa.aqar.fm/فلل-للبيع/الرياض/شرق-الرياض/حي-الجنادرية/حي-الجنادرية-مدينة-الرياض-منطقة-الرياض-6543991,"فيلا للبيع في حي الجنادرية, مدينة الرياض, منطقة الرياض",1600000,300,7,5,2,3,حي الجنادرية,الرياض,شرق الرياض,"للبيع فيلا سكنية بالرياض حي بوابة الشرق
التفاصيل 
درج داخلي 
مجلس + مقلط + صالة عائلية + مطبخ  + عدد الغرف 6

المساحة  300 متر
شارع عرض : 15
رقم المخطط: 3768
رقم القطعة: 3551/1
السعر : 1600000 ريال  

شركة سمة الوسيط العقارية 
رقم ترخيص الاعلاني 
7200818002
قمة الوسيط للعقارات
للتواصل
((رقم المعلن يظهر عند التواصل))
((رقم المعلن يظهر عند التواصل))",24.903425,46.938213,https://images.aqar.fm/webp/750x0/props/012349505_1768493029041.jpg | https://images.aqar.fm/webp/750x0/props/012349502_1768493029060.jpg | https://images.aqar.fm/webp/750x0/props/012349508_1768493029038.jpg | https://images.aqar.fm/webp/750x0/props/012349502_1768493029061.jpg | https://images.aqar.fm/webp/750x0/props/012349504_1768493029048.jpg | https://images.aqar.fm/webp/750x0/props/012349508_1768493029049.jpg | https://images.aqar.fm/webp/750x0/props/012349502_1768493029081.jpg | https://images.aqar.fm/webp/750x0/props/012349501_1768493101347.jpg,8,أحمد بن سعد بن معتق,شركة سمة الوسيط العقارية,1,2026-01-12,2026-01-12,2026-08-18,391,2026-08-23,True,"1,600,000",False,فيلا
6791377,https://sa.aqar.fm/فلل-للبيع/الرياض/شرق-الرياض/حي-الجنادرية/شارع-الجنادرية-حي-الجنادرية-مدينة-الرياض-منطقة-الرياض-6791377,"فيلا للبيع في شارع الجنادرية, حي الجنادرية, مدينة الرياض, منطقة الرياض",1000000,260,4,,,0,حي الجنادرية,الرياض,شرق الرياض,"البيع مليون

🔺التاون هاوس الأرضي🔺
الدور الأرضي :
مجلس + دوره مياه + مغاسل خارجيه
مقلط 
صاله + دوره مياه + مغاسل خارجيه
غرفه كبار سن ماستر
مطبخ 

الدور الأول : غرفتين ماستر 
الدور الثاني : غرفه ماستر 



للمعلوميه : خزان خاص أرضي وعلوي 
لكل وحده وعداد مستقل لكل وحده

للتواصل ((الرقم يظهر عند الضغط على اتصال))
مؤسسه اسطوره الرائد للعقارات موقعنا حي الرمال",24.87083,46.914985,https://images.aqar.fm/webp/750x0/props/053384505_1785080890975.jpg,1,نوره الحربي,مؤسسة أسطورة الرائد للتجارة,1,2026-07-26,2026-07-26,2026-08-21,92,2026-08-23,True,"1,000,000",False,فيلا
6682634,https://sa.aqar.fm/فلل-للبيع/الرياض/شرق-الرياض/حي-الجنادرية/شارع-العرجون-حي-الجنادرية-مدينة-الرياض-منطقة-الرياض-6682634,"فيلا للبيع في شارع العرجون, حي الجنادرية, مدينة الرياض, منطقة الرياض",1100000,274,3,,,0,حي الجنادرية,الرياض,شرق الرياض,$5f,24.848034,46.864409,https://images.aqar.fm/webp/750x0/props/038438292_1777961475773.jpg | https://images.aqar.fm/webp/750x0/props/038438293_1777961475930.jpg | https://images.aqar.fm/webp/750x0/props/038438299_1777961476104.jpg | https://images.aqar.fm/webp/750x0/props/038438293_1777961476102.jpg | https://images.aqar.fm/webp/750x0/props/038438298_1777961476124.jpg | https://images.aqar.fm/webp/750x0/props/038438299_1777961476220.jpg | https://images.aqar.fm/webp/750x0/props/038438292_1777961476339.jpg | https://images.aqar.fm/webp/750x0/props/038438296_1777961476349.jpg | https://images.aqar.fm/webp/750x0/props/038438297_1777961476389.jpg | https://images.aqar.fm/webp/750x0/props/038438290_1777961476509.jpg | https://images.aqar.fm/webp/750x0/props/038438292_1777961476530.jpg | https://images.aqar.fm/webp/750x0/props/038438290_1777961476565.jpg | https://images.aqar.fm/webp/750x0/props/038438293_1777961476617.jpg | https://images.aqar.fm/webp/750x0/props/038438290_1777961476620.jpg | https://images.aqar.fm/webp/750x0/props/038438292_1777961476682.jpg | https://images.aqar.fm/webp/750x0/props/038438291_1777961476699.jpg | https://images.aqar.fm/webp/750x0/props/038438295_1777961476740.jpg | https://images.aqar.fm/webp/750x0/props/038438295_1777961476895.jpg | https://images.aqar.fm/webp/750x0/props/038438293_1777961477003.jpg,19,احمد شريف رزق السلمي,مؤسسة مكتب اختصار البناء للعقارات,1,2026-05-05,2026-07-31,2026-08-23,835,2026-08-23,True,"1,100,000",False,فيلا
6812522,https://sa.aqar.fm/فلل-للبيع/الرياض/شرق-الرياض/حي-الجنادرية/حي-الجنادرية-مدينة-الرياض-منطقة-الرياض-6812522,"فيلا للبيع في حي الجنادرية, مدينة الرياض, منطقة الرياض",650000,187,4,0,0,0,حي الجنادرية,الرياض,شرق الرياض,"🏠 تاون هاوس علوي
مدخل خاص و كراج وكذالك مجلس و صالة ٣ غرف نوم اضافة الى سطح كبير",24.849515,46.901281,https://images.aqar.fm/webp/750x0/props/052425289_1786275679990.jpg | https://images.aqar.fm/webp/750x0/props/052425288_1786275679923.jpg | https://images.aqar.fm/webp/750x0/props/052425280_1786275680106.jpg | https://images.aqar.fm/webp/750x0/props/052425282_1786275679919.jpg | https://images.aqar.fm/webp/750x0/props/052425286_1786275679934.jpg | https://images.aqar.fm/webp/750x0/props/052425289_1786275679958.jpg | https://images.aqar.fm/webp/750x0/props/052425285_1786275679913.jpg,7,فيصل العتيبي,مؤسسة قوة للتعمير والبناء,1,2026-08-09,2026-08-09,2026-08-23,171,2026-08-23,True,"650,000",False,فيلا
6418330,https://sa.aqar.fm/فلل-للبيع/الرياض/شرق-الرياض/حي-الجنادرية/شارع-رقم-168-حي-الجنادرية-مدينة-الرياض-منطقة-الرياض-6418330,"فيلا للبيع في شارع رقم 168, حي الجنادرية, مدينة الرياض, منطقة الرياض",1390000,209,5,4,3,0,حي الجنادرية,الرياض,شرق الرياض,"للتواصل ((رقم المعلن يظهر عند التواصل))

حي الجنادرية مخطط غصون 

فيلا مستقله 
مؤسس مصعد 
حوش كبير 
غرفة سايق بدورت مياه خارجية 
شارع ٢٠
مجلس رجال
مقلط 
صاله نساء ٢
مطبخ ب مستودع 
٦ غرف نوم ثنين ماستر
وحوش 
سطح 
تصميم مميز",24.849288,46.88797,https://images.aqar.fm/webp/750x0/props/042914505_1761069311567.jpg | https://images.aqar.fm/webp/750x0/props/042914503_1761069311057.jpg | https://images.aqar.fm/webp/750x0/props/042914504_1761069311086.jpg | https://images.aqar.fm/webp/750x0/props/042914507_1761069311067.jpg | https://images.aqar.fm/webp/750x0/props/042914509_1761069311097.jpg,5,ماجد البقمي,,0,2025-10-11,2025-10-11,2026-08-18,557,2026-08-23,True,"1,390,000",False,فيلا
6830159,https://sa.aqar.fm/فلل-للبيع/الرياض/شرق-الرياض/حي-الجنادرية/شارع-رقم-46-حي-الجنادرية-مدينة-الرياض-منطقة-الرياض-6830159,"فيلا للبيع في شارع رقم 46, حي الجنادرية, مدينة الرياض, منطقة الرياض",1100000,300,7,1,0,0,حي الجنادرية,الرياض,شرق الرياض,"حي الجنادرية مخطط بوابة الشرق 
مشروع المزيني 
مرهونه لمصرف الراجحي 
فله مساحة 300
شارع 15 شمالي 
مجلس مقلط مطبخ مفتوح صاله
الدور الأول أربع غرف نوم 
الدور الثاني غرفة خادمه
الرهن 750الف
السعر مليون و١٠٠",24.811655,46.871441,,,مازن عبيد,مكتب علو المقام للخدمات العقاريه,1,2026-08-18,2026-08-18,2026-08-23,86,2026-08-23,True,"1,100,000",False,فيلا
6818588,https://sa.aqar.fm/فلل-للبيع/الرياض/شرق-الرياض/حي-الجنادرية/شارع-الزهور-حي-الجنادرية-مدينة-الرياض-منطقة-الرياض-6818588,"فيلا للبيع في شارع الزهور, حي الجنادرية, مدينة الرياض, منطقة الرياض",1650000,254,,0,0,0,حي الجنادرية,الرياض,شرق الرياض,"كود 32
♦️ فيلا درج داخلي زاويه مع شقة للبيع 
♦️  الجنادرية    
مساحة  : 254 متر
السعر  : مليون و650 الف ريال  
       (  8 غرف )
الدور الارضي يتكون من :👇🏻

🔹 حوش ومدخل سيارة 
🔹 مجلس ومقلط بحمام ومغاسل 
🔹 صاله كبيره بحمام ومغاسل 
🔹 مطبخ مغلق مع غرفة خادمة  

الدور الاول :👇🏻

🔹 صاله
🔹 جناح ماستر 
🔹عدد 2 غرف بحمام ومغاسل خارجي
 
 الشقة تتكون من :👇🏻

🔹 سطح 
🔹 مجلس بحمام ومغاسل 
🔹 صاله 
🔹 مطبخ مغلق
🔹2 غرف نوم بحمام ومغاسل 
 
🔻ملحوظات
♦️ درج داخلي   
♦️ واجهه شماليه
♦️ شارع 20 متر * 15متر 
♦️ عدادت مياه وكهرباء مستقله 
◼️يوجد جميع الضمانات",24.848557,46.898671,https://images.aqar.fm/webp/750x0/props/031043788_1786545089299.jpg | https://images.aqar.fm/webp/750x0/props/031043781_1786545100308.jpg | https://images.aqar.fm/webp/750x0/props/031043788_1786545100212.jpg | https://images.aqar.fm/webp/750x0/props/031043781_1786545100285.jpg | https://images.aqar.fm/webp/750x0/props/031043784_1786545100357.jpg | https://images.aqar.fm/webp/750x0/props/031043784_1786545100472.jpg | https://images.aqar.fm/webp/750x0/props/031043788_1786545100179.jpg | https://images.aqar.fm/webp/750x0/props/031043782_1786545100173.jpg | https://images.aqar.fm/webp/750x0/props/031043780_1786545100166.jpg | https://images.aqar.fm/webp/750x0/props/031043789_1786545120995.jpg | https://images.aqar.fm/webp/750x0/props/031043781_1786545121004.jpg | https://images.aqar.fm/webp/750x0/props/031043780_1786545121011.jpg | https://images.aqar.fm/webp/750x0/props/031043785_1786545120988.jpg | https://images.aqar.fm/webp/750x0/props/031043788_1786545121006.jpg | https://images.aqar.fm/webp/750x0/props/031043780_1786545121005.jpg | https://images.aqar.fm/webp/750x0/props/031043789_1786545120993.jpg | https://images.aqar.fm/webp/750x0/props/031043786_1786545121011.jpg,17,هدى علي عشوي العنزي,مكتب هدى علي عشوي العنزي العقارية,1,2026-08-12,2026-08-12,2026-08-17,23,2026-08-23,True,"1,650,000",False,فيلا
6434842,https://sa.aqar.fm/فلل-للبيع/الرياض/شرق-الرياض/حي-الجنادرية/شارع-رقم-85-حي-الجنادرية-مدينة-الرياض-منطقة-الرياض-6434842,"فيلا للبيع في شارع رقم 85, حي الجنادرية, مدينة الرياض, منطقة الرياض",975000,265,6,,,0,حي الجنادرية,الرياض,شرق الرياض,"للتواصل ((رقم المعلن يظهر عند التواصل))

حي الجنادرية
تاون هاوس ارضي درج داخلي 
ملحق خارجي 
مجلس رجال
مقلط 
صاله نساء 
مطبخ وغرفة خادمه ب دورة مياه 
٤ غرف نوم ١ ماستر",24.835046,46.886224,https://images.aqar.fm/webp/750x0/props/042914507_1770691622729.jpg | https://images.aqar.fm/webp/750x0/props/042914502_1770691637075.jpg | https://images.aqar.fm/webp/750x0/props/042914503_1770691637085.jpg | https://images.aqar.fm/webp/750x0/props/042914502_1770691637078.jpg | https://images.aqar.fm/webp/750x0/props/042914509_1770691637082.jpg | https://images.aqar.fm/webp/750x0/props/042914506_1770691637096.jpg | https://images.aqar.fm/webp/750x0/props/042914504_1770691637094.jpg | https://images.aqar.fm/webp/750x0/props/042914500_1770691637101.jpg,8,ماجد البقمي,,0,2025-10-21,2025-10-21,2026-08-18,2620,2026-08-23,True,"975,000",False,فيلا
6582064,https://sa.aqar.fm/فلل-للبيع/الرياض/شرق-الرياض/حي-الجنادرية/شارع-بدون-حي-الجنادرية-مدينة-الرياض-منطقة-الرياض-6582064,"فيلا للبيع في شارع بدون, حي الجنادرية, مدينة الرياض, منطقة الرياض",1600000,300,,5,3,0,حي الجنادرية,الرياض,شرق الرياض,"فله درج داخلي و شقه وملحق 
الدور الارضي 
مجلس 
مقلط 
صاله 
غرفين نوم 
مطبخ 
غرفة خدامه
3ثلاثه دورات مياه 
—
الدور العلوي 
3غرف 
2دورتين مياه 
— 
الشقه / 
تتكون من  
غرفتين 
2دورتين مياه 
مطبخ 
—- 
الملحق / 
يتكون من 
غرفتين 
ودورة مياه وصاله ومطبخ


تقبل البنك والكاش 

للتواصل والاستفسار:
((رقم المعلن يظهر عند التواصل))",24.893685,46.958087,https://images.aqar.fm/webp/750x0/props/002797817_1770592490866.jpg | https://images.aqar.fm/webp/750x0/props/002797812_1770592490881.jpg | https://images.aqar.fm/webp/750x0/props/002797813_1770592490725.jpg | https://images.aqar.fm/webp/750x0/props/002797814_1770592490725.jpg | https://images.aqar.fm/webp/750x0/props/002797815_1770592490797.jpg | https://images.aqar.fm/webp/750x0/props/002797811_1770592490951.jpg | https://images.aqar.fm/webp/750x0/props/002797813_1770592490932.jpg | https://images.aqar.fm/webp/750x0/props/002797817_1770592490807.jpg,8,نوال الحربي,,,2026-02-08,2026-08-02,2026-08-19,789,2026-08-23,True,"1,600,000",False,فيلا
6492402,https://sa.aqar.fm/فلل-للبيع/الرياض/شرق-الرياض/حي-الجنادرية/شارع-الرياض-حي-الجنادرية-مدينة-الرياض-منطقة-الرياض-6492402,"فيلا للبيع في شارع الرياض, حي الجنادرية, مدينة الرياض, منطقة الرياض",780000,225,5,2,1,0,حي الجنادرية,الرياض,شرق الرياض,$5f,24.842085,46.887585,https://images.aqar.fm/webp/750x0/props/042914506_1764800115423.jpg | https://images.aqar.fm/webp/750x0/props/042914506_1764800131285.jpg | https://images.aqar.fm/webp/750x0/props/042914504_1764800131307.jpg | https://images.aqar.fm/webp/750x0/props/042914502_1764800131338.jpg | https://images.aqar.fm/webp/750x0/props/042914502_1764800131366.jpg | https://images.aqar.fm/webp/750x0/props/042914507_1764800131371.jpg | https://images.aqar.fm/webp/750x0/props/042914508_1764800131404.jpg | https://images.aqar.fm/webp/750x0/props/042914509_1764800131430.jpg | https://images.aqar.fm/webp/750x0/props/042914503_1764800131453.jpg | https://images.aqar.fm/webp/750x0/props/042914500_1764800189120.jpg | https://images.aqar.fm/webp/750x0/props/042914508_1764800189211.jpg | https://images.aqar.fm/webp/750x0/props/042914508_1764800189169.jpg | https://images.aqar.fm/webp/750x0/props/042914509_1764800189192.jpg | https://images.aqar.fm/webp/750x0/props/042914508_1764800189219.jpg,14,ماجد البقمي,,0,2025-12-03,2025-12-03,2026-08-18,2022,2026-08-23,True,"780,000",False,فيلا
6756973,https://sa.aqar.fm/فلل-للبيع/الرياض/شرق-الرياض/حي-الجنادرية/شارع-الصحي-حي-الجنادرية-مدينة-الرياض-منطقة-الرياض-6756973,"فيلا للبيع في شارع الصحي, حي الجنادرية, مدينة الرياض, منطقة الرياض",950000,300,6,3,0,1,حي الجنادرية,الرياض,شرق الرياض,"( فرصه مميزه ) 
للبيع 
فله مستقله في حي بوابة الشرق 
المساحه 300 متر 
شارع 15 
الواجهه شماليه 
عمر العقار سنه 
عدد الادوار دورين وملحق وحوش واسع وكراج يتسع 
لسيارتين 
الدور الارضي مجلس وصاله ومدخل نساء مستقل   وثلاث دورات مياه ومطبخ ومستودع وغرفه ماستر لكبار السن 
الدور الاول ثلاث غرف غرفتين نوم وغرفه ماستر وغرفت ملابس صغيره 
وصاله و بلكونه خارجيه ودورة مياه 
الملحق غرفة خادمه بدورة مياه وغرفة غسيل واسعه 
و سطح واسع لأضافة بعض الاشياء مثل الجلسات الخارجيه او الخيام في فصل الشتاء او زراعة بعض المسطحات الخضره 

السوم : 890 الف 
الحد : 950 الف 
———————

نستقبل عروضكم ونلبي طلباتكم",24.904281,46.946722,https://images.aqar.fm/webp/750x0/props/013469588_1782998519377.jpg | https://images.aqar.fm/webp/750x0/props/013469584_1782998519407.jpg | https://images.aqar.fm/webp/750x0/props/013469587_1782998519439.jpg | https://images.aqar.fm/webp/750x0/props/013469586_1782998519379.jpg | https://images.aqar.fm/webp/750x0/props/013469587_1782998519441.jpg | https://images.aqar.fm/webp/750x0/props/013469582_1782998519405.jpg,6,حازم عبداللطيف بن يوسف الملاحي,,,2026-07-02,2026-07-31,2026-08-15,220,2026-08-23,True,"950,000",False,فيلا
6738072,https://sa.aqar.fm/فلل-للبيع/الرياض/شرق-الرياض/حي-الجنادرية/شارع-العمره-حي-الجنادرية-مدينة-الرياض-منطقة-الرياض-6738072,"فيلا للبيع في شارع العمره, حي الجنادرية, مدينة الرياض, منطقة الرياض",1800000,291,6,5,2,0,حي الجنادرية,الرياض,شرق الرياض,"الفريح العقارية ....
للبيع فيلا درج داخلي في حي الجنادرية  – عرض رقم 1955 H


المواصفات:
- مدخلين
- المساحة 291 متر
- تتكون من :
- دور أرضي ( يتكون من 2 غرف نوم 1 منها ماستر _ مجلس _ صاله  _ مطبخ _
 غرفة خادمة _ 3 حمام _ مدخل سيارة )
- دور أول ( يتكون من 4 غرف نوم 2 منها ماستر _ مجلس _ صاله _ مطبخ _ 2 حمام _ سطح )

المميزات:
- عمر العقار جديد
- تشطيب سوبر لوكس
- الواجهة غربية
- موقع مميز في شرق الرياض
- قريبة من جميع الخدمات والطرق الرئيسية

السعر:   1,800,000 ريال 

 رقم العرض:  1955 H
-----------------
الـــفـــريـــح للــــعـــقـــارات",24.836444,46.89104,https://images.aqar.fm/webp/750x0/props/044628561_1781791611556.jpg | https://images.aqar.fm/webp/750x0/props/044628562_1781791611566.jpg | https://images.aqar.fm/webp/750x0/props/044628564_1781791611571.jpg | https://images.aqar.fm/webp/750x0/props/044628563_1781791611567.jpg | https://images.aqar.fm/webp/750x0/props/044628569_1781791611570.jpg | https://images.aqar.fm/webp/750x0/props/044628569_1781791611562.jpg,6,ريماز مشعل فريح المطيري,مكتب ريماز مشعل فريح المطيري للعقارات,1,2026-06-18,2026-08-15,2026-08-20,567,2026-08-23,True,"1,800,000",False,فيلا
6797837,https://sa.aqar.fm/فلل-للبيع/الرياض/شرق-الرياض/حي-الجنادرية/شارع-رقم-38-حي-الجنادرية-مدينة-الرياض-منطقة-الرياض-6797837,"فيلا للبيع في شارع رقم 38, حي الجنادرية, مدينة الرياض, منطقة الرياض",2100000,310,6,,,0,حي الجنادرية,الرياض,شرق الرياض,"🏡 للبيع | فيلا فاخرة بحي الجنادرية – الرياض

✨ فرصة مميزة لامتلاك فيلا بتشطيبات راقية ومواصفات عالية الجودة، مباشرة مع المالك.

📍 الموقع: حي الجنادرية – خلف شارع الشيخ خليفة، بجوار مسجد، بموقع مميز يفتح على حرف T.

📐 مساحة الأرض: 310 م²

الدور الأرضي

- مجلس رجال
- مقلط
- صالة واسعة
- مطبخ
- غرفة غسيل
- دورتا مياه
- مصعد مؤسس

الدور الأول

- غرفة نوم ماستر
- 3 غرف أطفال
- دورتا مياه
- صالة
- بلكونتان
- درج داخلي

الدور الثاني

- غرفتان
- دورة مياه
- سطح

الملحق الخارجي

- غرفة خادمة مستقلة في الحوش

مميزات الفيلا

✅ تشطيبات فاخرة
✅ سباكة ألمانية عالية الجودة
✅ أفياش وتسليك كهرباء من شركة الفنار
✅ عزل حراري متكامل
✅ دهان داخلي جوتن وخارجي بروفايل عسيب
✅ تأمين ضد العيوب الخفية
✅ شهادة إتمام بناء

💰 حد البيع: 2,100,000 ريال

📞 مباشر مع المالك",24.812832,46.871177,https://images.aqar.fm/webp/750x0/props/051593471_1785425914724.jpg | https://images.aqar.fm/webp/750x0/props/051593475_1785425923433.jpg | https://images.aqar.fm/webp/750x0/props/051593473_1785425933460.jpg | https://images.aqar.fm/webp/750x0/props/051593477_1785425933553.jpg | https://images.aqar.fm/webp/750x0/props/051593476_1785425946649.jpg | https://images.aqar.fm/webp/750x0/props/051593471_1785425946802.jpg | https://images.aqar.fm/webp/750x0/props/051593477_1785425946804.jpg | https://images.aqar.fm/webp/750x0/props/051593470_1785425946858.jpg | https://images.aqar.fm/webp/750x0/props/051593478_1785425947188.jpg | https://images.aqar.fm/webp/750x0/props/051593476_1785425947185.jpg | https://images.aqar.fm/webp/750x0/props/051593478_1785425947193.jpg | https://images.aqar.fm/webp/750x0/props/051593472_1785425947353.jpg | https://images.aqar.fm/webp/750x0/props/051593476_1785425947358.jpg | https://images.aqar.fm/webp/750x0/props/051593471_1785425947384.jpg | https://images.aqar.fm/webp/750x0/props/051593476_1785425947406.jpg | https://images.aqar.fm/webp/750x0/props/051593473_1785425947468.jpg,16,مشاري بن نعيم بن وصل الحنيني,مؤسسة مكتب دانة الملقا للخدمات العقارية,1,2026-07-30,2026-07-30,2026-08-23,92,2026-08-23,True,"2,100,000",False,فيلا
6559968,https://sa.aqar.fm/فلل-للبيع/الرياض/شرق-الرياض/حي-الجنادرية/شارع-الراكب-حي-الجنادرية-مدينة-الرياض-منطقة-الرياض-6559968,"فيلا للبيع في شارع الراكب, حي الجنادرية, مدينة الرياض, منطقة الرياض",1800000,375,,,,0,حي الجنادرية,الرياض,شرق الرياض,"فلة مساحة 375 شمالية على ممر بعرض 8 متر
‏بمشروع المشرقية حي الجنادرية

‏دورين درج داخلي
‏الدور الارضي : 
‏ملحق خارجي 7 في 5
‏مجلس 
‏مقلط
‏دورة مياة
‏__
‏صالتين
‏___
‏مطبخ 
‏دورة مياة
‏___
‏غرفة خادمة + دورة مياة

‏الدور الاول : 
‏اربع غرف نوم + دورتين مياة

‏الفلة جديدة لم تسكن
▪️ مكتب أدق العقود للعقارات وإدارة الأملاك ▪️
📞 للتواصل:

((رقم المعلن يظهر عند التواصل))
((رقم المعلن يظهر عند التواصل))",24.828513,46.860472,https://images.aqar.fm/webp/750x0/props/004497590_1769267466930.jpg | https://images.aqar.fm/webp/750x0/props/004497594_1769267475057.jpg,2,هشام عبدالله علي الغانم,مؤسسة مكتب أدق العقود للعقارات,1,2026-01-24,2026-08-18,2026-08-20,512,2026-08-23,True,"1,800,000",False,فيلا
6817994,https://sa.aqar.fm/فلل-للبيع/الرياض/شرق-الرياض/حي-الجنادرية/شارع-559-الجنادرية-حي-الجنادرية-مدينة-الرياض-منطقة-الرياض-6817994,"فيلا للبيع في شارع 559 الجنادرية, حي الجنادرية, مدينة الرياض, منطقة الرياض",1100000,343,7,,,0,حي الجنادرية,الرياض,شرق الرياض,"مساحة 360م² وتوزيع عائلي | فيلا درج داخلي للبيع
📍 للبيع | فيلا درج داخلي
📐 المساحة: 360م²
🧭 الواجهة: غربية
🛣️ الشارع: 15م
💰 السعر: 1,100,000 ريال
فيلا بتوزيع واسع يركز على المساحات العائلية وتعدد المجالس، مع سطح خاص وغرفة خادمة.
🏠 الدور الأرضي
🛋️ مجلس رجال مع مغاسل
🍽️ مقلط
🛋️ صالتان واسعتان
👩 مجلس نساء مع مغاسل
🍳 مطبخ مع مستودع
🛏️ غرفة كبار السن
🏠 الدور الأول
🛏️ 3 غرف نوم
⭐ منها غرفة ماستر واسعة
🏠 الدور الثاني
🌤️ سطح خاص
🛏️ غرفة خادمة
📌 يتوفر لدينا عروض مشابهة بمساحات وأسعار متنوعة، تواصل معنا للاطلاع على أحدث الفرص العقارية.
📍 شركة أضواء الروابي للعقارات
🔑 نوفر عقارك حيث يكون، بجودةٍ تضيء بها دربك.
📞 ((الرقم يظهر عند الضغط على اتصال)) | ((الرقم يظهر عند الضغط على اتصال))
🏷️ كود التسويق: 200
السعي في ذمة كل من يصل إلى العقار عن طريقنا.",24.848888,46.89669,https://images.aqar.fm/webp/750x0/props/048745606_1786522254233.jpg | https://images.aqar.fm/webp/750x0/props/048745606_1786522254233.jpg | https://images.aqar.fm/webp/750x0/props/048745606_1786522254240.jpg | https://images.aqar.fm/webp/750x0/props/048745609_1786522254235.jpg | https://images.aqar.fm/webp/750x0/props/048745605_1786522254256.jpg | https://images.aqar.fm/webp/750x0/props/048745606_1786522254254.jpg | https://images.aqar.fm/webp/750x0/props/048745608_1786522254313.jpg | https://images.aqar.fm/webp/750x0/props/048745603_1786522254335.jpg,8,فارس حمود,شركة أضواء الروابي المحدودة,1,2026-08-12,2026-08-12,2026-08-20,81,2026-08-23,True,"1,100,000",False,فيلا
6829670,https://sa.aqar.fm/فلل-للبيع/الرياض/شرق-الرياض/حي-الجنادرية/شارع-رقم-190-حي-الجنادرية-الرياض-منطقة-الرياض-6829670,فيلا للبيع في شارع رقم 190 ، حي الجنادرية ، الرياض ، منطقة الرياض,1650000,250,4,5,2,3,حي الجنادرية,الرياض,شرق الرياض,"فله مستقله مساحه 250
مؤثثه بالكامل مكيفات راكبه ومطبخ راكب والصالات والمجلس وغرف النوم مؤثثه 
مجلس 
مقلط 
صاله واسعه مفتوحه على المقلط 
4 غرف نوم 2 ماستر واحده بالبلكونه 
غرفه شغاله وغرفه غسيل 
حوش يتسع موقف سيارتين مظله لسياره راكبه
جلسه بالحوش 
حوش خلفي واسع
مؤثثه من اجود الاثاث والاجهزه من اغلا نوع 
عليها بنك 830000 الف",24.852289,46.887115,https://images.aqar.fm/webp/750x0/props/010649373_1787074530492.jpg | https://images.aqar.fm/webp/750x0/props/010649373_1787074530510.jpg | https://images.aqar.fm/webp/750x0/props/010649378_1787074530495.jpg | https://images.aqar.fm/webp/750x0/props/010649373_1787074530510.jpg | https://images.aqar.fm/webp/750x0/props/010649376_1787074530493.jpg | https://images.aqar.fm/webp/750x0/props/010649375_1787074530503.jpg,6,محمد بن عبدالرحمن بن محمد العلياني,,,2026-08-18,,2026-08-18,18,2026-08-23,False,طلب تسويق,False,فيلا
6683615,https://sa.aqar.fm/فلل-للبيع/الرياض/شرق-الرياض/حي-الجنادرية/شارع-رقم-171-حي-الجنادرية-مدينة-الرياض-منطقة-الرياض-6683615,"فيلا للبيع في شارع رقم 171, حي الجنادرية, مدينة الرياض, منطقة الرياض",1250000,342,5,0,0,0,حي الجنادرية,الرياض,شرق الرياض,"فيلا للبيع 
حي الجنادرية 
درج داخلي وشقة 
5 غرف 
كهرباء ومياة 
تصميم فاخر  ومضمون",24.851308,46.863012,https://images.aqar.fm/webp/750x0/props/048499416_1777996637591.jpg | https://images.aqar.fm/webp/750x0/props/048499419_1778161302018.jpg | https://images.aqar.fm/webp/750x0/props/048499410_1778161302111.jpg,3,محمد سلطان بن فيحان العتيبي,,,2026-05-05,2026-05-05,2026-08-09,236,2026-08-23,True,"1,250,000",False,فيلا
6740708,https://sa.aqar.fm/فلل-للبيع/الرياض/شرق-الرياض/حي-الجنادرية/حي-الجنادرية-مدينة-الرياض-منطقة-الرياض-6740708,"فيلا للبيع في حي الجنادرية, مدينة الرياض, منطقة الرياض",1500000,300,4,0,0,5,حي الجنادرية,الرياض,شرق الرياض,"فيلا في مخطط بوابة الشرق نموذج (الياسمين) بلك (168)
مساحة 300م
مسطح البناء 250
عرض الشارع 15
مكونة من الدور الارضي : حوش واسع مجلس بدورة مياه و صالة واسعة بدورة مياه مطبخ مع مخزن الدور الاول : غرفة ماستر بحمام و3غرف نوم مع دورة مياه الدور الثاني : غرفه خادمة بدورة مياه سطوح واسعة وكبيرة واصلها الماء والكهرباء.
مركب مكفيات ومطبخ
عيد الجهني للعقارات
((الرقم يظهر عند الضغط على اتصال))",24.89916,46.944693,,,عيد الجهني,مؤسسة مكتب عيد مبارك عيد الجهني للعقارات,1,2026-06-20,2026-08-18,2026-08-18,64,2026-08-23,True,"1,500,000",False,فيلا
6780239,https://sa.aqar.fm/فلل-للبيع/الرياض/شرق-الرياض/حي-الجنادرية/حي-الجنادرية-مدينة-الرياض-منطقة-الرياض-6780239,"فيلا للبيع في حي الجنادرية, مدينة الرياض, منطقة الرياض",1050000,200,7,0,0,0,حي الجنادرية,الرياض,شرق الرياض,"☆حي الجنادرية ☆
■للبيع فيلادبلكس درج داخلي ■
《《بناء شخصي》》
{{مساحه : 200م }}
○ شارع 15شرقي 

○المواصفات:-
○الدور الارضي:
○تحت استقبال بالكامل 
○مدخل سياره 
○ درج داخلي 
○حوش 
○ومجلس رجال مع دورة مياة
 ○مقلط 
○صالةاستقبال 
 ○مطبخ
○دورة مياة مشترك 
《《《《《
○الدور الاول :-
○غرفة نوم ماستر 
○غرفة نوم ماستر 
○غرفة نوم 
○غرفة نوم 
○صالة استقبال 
○دورة مياة مشترك 

♧♧دور ثاني &&
○ صالة استقبال 
○غرفه نوم
○غرفة شغالة مع دورة مياه 
○ دورة مياة مشترك 
○سطح 
¤مميزات الفيلا :
¤١/ اشراف مكتب هندسي ¤معتمد حديد سابك .
¤٢/ الانابيب خضراء ضمان 15 ¤سنة .
¤٣/ تأمين شركة ملاذ ضد ¤العيوب الخفيه حسب الكود ¤السعودي وشهادة اتمام بناء .
¤٤/ جميع الضمانات بالفواتير ¤مع تصوير مراحل البناء

كما نستقبل عروضكم وطلباتكم 
مؤسسة احكام الرمال العقاريه 
للتواصل
((الرقم يظهر عند الضغط على اتصال))
ابوتركي",24.84871,46.863096,https://images.aqar.fm/webp/750x0/props/001566188_1784426534791.jpg | https://images.aqar.fm/webp/750x0/props/001566189_1784426546570.jpg | https://images.aqar.fm/webp/750x0/props/001566187_1784426566095.jpg | https://images.aqar.fm/webp/750x0/props/001566185_1784426566107.jpg | https://images.aqar.fm/webp/750x0/props/001566188_1784426566120.jpg | https://images.aqar.fm/webp/750x0/props/001566182_1784426566120.jpg | https://images.aqar.fm/webp/750x0/props/001566188_1784426566126.jpg | https://images.aqar.fm/webp/750x0/props/001566183_1784426566141.jpg | https://images.aqar.fm/webp/750x0/props/001566188_1784426566140.jpg | https://images.aqar.fm/webp/750x0/props/001566186_1784426566129.jpg | https://images.aqar.fm/webp/750x0/props/001566187_1784426585848.jpg | https://images.aqar.fm/webp/750x0/props/001566185_1784426585855.jpg | https://images.aqar.fm/webp/750x0/props/001566188_1784426585846.jpg | https://images.aqar.fm/webp/750x0/props/001566180_1784426585855.jpg | https://images.aqar.fm/webp/750x0/props/001566184_1784426585871.jpg | https://images.aqar.fm/webp/750x0/props/001566182_1784426585867.jpg | https://images.aqar.fm/webp/750x0/props/001566186_1784426585866.jpg | https://images.aqar.fm/webp/750x0/props/001566183_1784426585870.jpg | https://images.aqar.fm/webp/750x0/props/001566187_1784426594173.jpg | https://images.aqar.fm/webp/750x0/props/001566189_1784426594175.jpg,20,نوف سعيد,مؤسسة أحكام الرمال للخدمات العقارية,1,2026-07-19,2026-08-17,2026-08-18,137,2026-08-23,True,"1,050,000",False,فيلا
6807333,https://sa.aqar.fm/فلل-للبيع/الرياض/شرق-الرياض/حي-الجنادرية/شارع-رقم-114-حي-الجنادرية-مدينة-الرياض-منطقة-الرياض-6807333,"فيلا للبيع في شارع رقم 114, حي الجنادرية, مدينة الرياض, منطقة الرياض",1600000,337,5,1,0,7,حي الجنادرية,الرياض,شرق الرياض,"للبيع فيلا في حي الجنادرية مخطط الشرق
الفيلا مؤجره بالكامل 
الدخل 140 الف

نظام الفيلا  دور ارضي +3 شقق كبيره

* المساحة 337 م 
* على شارع 15م شمالي 
* عمر الدور الارضي 8 سنوات 
* وعمر الشقق 1 سنه
* 
* التفاصيل 
* الدور الارضي :
* مشب خارجي + مجلس + مقلط + 3 غرف نوم واحدة ماستر + صاله + مطبخ +
* + ثلاث دورات مياه 
* +مدخل سيارة 
* 
* الشقق :
* مجلس + مقلط + غرفتين 
* نوم + صاله + مطبخ+ دورتين مياه 
* 
البيع مليون و600 شامل المديونية 
 البيع يناسب المشتري الكاش لان اليلا عليها مديونية للبنك 
740 ألف سداد مبكر 

يوجد ثلاث عدادات كهرباء 
عداد مياه 
يوجد شهادة إتمام بناء 
 https:s.app.goo.gl/ZRb7=iw",24.836084,46.880342,https://images.aqar.fm/webp/750x0/props/011336433_1785936810333.jpg,1,بشرى القطان,مؤسسة أملاك نجد العقارية,1,2026-08-05,2026-08-05,2026-08-06,166,2026-08-23,True,"1,600,000",False,فيلا
6829643,https://sa.aqar.fm/فلل-للبيع/الرياض/شرق-الرياض/حي-الجنادرية/شارع-بوابة-الشرق-حي-الجنادرية-مدينة-الرياض-منطقة-الرياض-6829643,"فيلا للبيع في شارع بوابة الشرق, حي الجنادرية, مدينة الرياض, منطقة الرياض",1250000,425,6,,,0,حي الجنادرية,الرياض,شرق الرياض,"👌🏻 فرصة سكنية مميزة في حي بوابة الشرق شرق الرياض 
📍موقع متطور وقريب من جميع الخدمات.

🔘( فيلا درج داخلي مع شقة) 

✏️ المساحة :250 م
💵 السعر  :  مليون و250  الف قابل للتفاوض 

🏠 المواصفات: 

*  مجلس
*   مقلط 
* 5 غرف نوم  منها ماستر
* مطبخ 
* غرفة عامله مع دورة المياه 
* غرفة غسيل 
* صاله كبيرة
* مدخل نساء ورجال 
 خزان وعداد مستقل 
مدخل  كراج سياره 
** 💥موصفات الشقة 💥
* غرفتين نوم 
* صاله 
* مطبخ 
* مجلس 
* سطح 
* خزان مستقل 
* عداد مياه مستقل 
* عداد كهرباء مستقل 
مواصفات اخرى : * 
* مطابقة للكود السعودي. 
*  ضمان 25 سنوات.
* عمر العقار جديد.
* واجهة شماليه 
* عرض الشارع 15
* ماء وكهرب واصل .
* قريب مرفق  حديقه +مسجد 



للتواصل : ‭‬ابو عبدالله 
[((الرقم يظهر عند الضغط على اتصال))]",24.904645,46.95955,https://images.aqar.fm/webp/750x0/props/004670699_1787073913912.jpg | https://images.aqar.fm/webp/750x0/props/004670693_1787073913823.jpg | https://images.aqar.fm/webp/750x0/props/004670697_1787073913822.jpg | https://images.aqar.fm/webp/750x0/props/004670695_1787073914049.jpg | https://images.aqar.fm/webp/750x0/props/004670690_1787073913920.jpg | https://images.aqar.fm/webp/750x0/props/004670697_1787073914142.jpg | https://images.aqar.fm/webp/750x0/props/004670692_1787073914043.jpg | https://images.aqar.fm/webp/750x0/props/004670693_1787073914142.jpg | https://images.aqar.fm/webp/750x0/props/004670697_1787073914210.jpg | https://images.aqar.fm/webp/750x0/props/004670692_1787073914266.jpg,10,جابر ال فهاد,شركة ركائز الروعة,1,2026-08-18,2026-08-18,2026-08-23,57,2026-08-23,True,"1,250,000",False,فيلا
6818068,https://sa.aqar.fm/فلل-للبيع/الرياض/شرق-الرياض/حي-الجنادرية/شارع-رقم-12-حي-الجنادرية-مدينة-الرياض-منطقة-الرياض-6818068,"فيلا للبيع في شارع رقم 12, حي الجنادرية, مدينة الرياض, منطقة الرياض",2300000,450,4,,,7,حي الجنادرية,الرياض,شرق الرياض,"فرصة ماتتكرر بيت العمر
فيلا للبيع حي الجنادرية 
بن باز",24.802766,46.866771,https://images.aqar.fm/webp/750x0/props/003579794_1787360573930.jpg,1,شلاش الشمري,مكتب شلاش عايد غازي الشمري للعقارات,1,2026-08-12,2026-08-12,2026-08-22,151,2026-08-23,True,"2,300,000",False,فيلا
6761705,https://sa.aqar.fm/فلل-للبيع/الرياض/شرق-الرياض/حي-الجنادرية/حي-الجنادرية-مدينة-الرياض-منطقة-الرياض-6761705,"فيلا للبيع في حي الجنادرية, مدينة الرياض, منطقة الرياض",920000,272,4,5,2,0,حي الجنادرية,الرياض,شرق الرياض,"🏡للبيع   فيلا  مميز

📍حي : الجنادرية 
 
📐 المساحة :272 م 

📍 شارع : 18 م

 ▪️ الواجهة : غربيه 

🔹 تفاصيل العقار  :

▪️مدخل خاص 

 ▪️مجلس (2)


 ▪️مطبخ

▪️صالة 

▪️عدد الغرف : 4
 
▪️عدد دورات المياة : 5

💰 السعر : 940.000",24.90464,46.96276,https://images.aqar.fm/webp/750x0/props/005932342_1783325380407.jpg | https://images.aqar.fm/webp/750x0/props/005932347_1783325396695.jpg | https://images.aqar.fm/webp/750x0/props/005932343_1783325396694.jpg | https://images.aqar.fm/webp/750x0/props/005932341_1783325396696.jpg | https://images.aqar.fm/webp/750x0/props/005932347_1783325396713.jpg | https://images.aqar.fm/webp/750x0/props/005932346_1783325396707.jpg | https://images.aqar.fm/webp/750x0/props/005932342_1783325396710.jpg | https://images.aqar.fm/webp/750x0/props/005932345_1783325396732.jpg | https://images.aqar.fm/webp/750x0/props/005932344_1783325396710.jpg | https://images.aqar.fm/webp/750x0/props/005932345_1783325417201.jpg | https://images.aqar.fm/webp/750x0/props/005932344_1783325417214.jpg | https://images.aqar.fm/webp/750x0/props/005932342_1783325417215.jpg | https://images.aqar.fm/webp/750x0/props/005932348_1783325417237.jpg,13,حسين سعود محمد ابونيان,شركة نجمة التميز للعقارات شركة شخص واحد,1,2026-07-06,2026-08-04,2026-08-23,222,2026-08-23,True,"920,000",False,فيلا
6668621,https://sa.aqar.fm/فلل-للبيع/الرياض/شرق-الرياض/حي-الجنادرية/شارع-محمد-حي-الجنادرية-مدينة-الرياض-منطقة-الرياض-6668621,"فيلا للبيع في شارع محمد, حي الجنادرية, مدينة الرياض, منطقة الرياض",670000,175,3,0,0,0,حي الجنادرية,الرياض,شرق الرياض,"تاون هاوس علوي مصعد مؤسس مساحه ٣٠٠ شارع ١٨ ف وجه الشارع .
مدخل خاص مستقل بايكه 
مقسم ل : ( مجلس ، مقلط ، صاله ، ٣غرف نوم ماستر ، سطح ، مطبخ ، دورات المياه ) .
السعر ٦٧٠",24.843608,46.892625,https://images.aqar.fm/webp/750x0/props/021228034_1777065089141.jpg | https://images.aqar.fm/webp/750x0/props/021228034_1777065106584.jpg | https://images.aqar.fm/webp/750x0/props/021228039_1777065106575.jpg | https://images.aqar.fm/webp/750x0/props/021228035_1777065106569.jpg | https://images.aqar.fm/webp/750x0/props/021228037_1777065106611.jpg | https://images.aqar.fm/webp/750x0/props/021228039_1777065106570.jpg | https://images.aqar.fm/webp/750x0/props/021228031_1777065106566.jpg | https://images.aqar.fm/webp/750x0/props/021228035_1777065106568.jpg | https://images.aqar.fm/webp/750x0/props/021228036_1777065106646.jpg,9,وليد زيد,مؤسسة تداول البيان للتطوير والاستثمار العقاري,1,2026-04-24,2026-08-19,2026-08-21,2233,2026-08-23,True,"670,000",False,فيلا
6712234,https://sa.aqar.fm/فلل-للبيع/الرياض/شرق-الرياض/حي-الجنادرية/شارع-سقطرة-حي-الجنادرية-الرياض-منطقة-الرياض-6712234,فيلا للبيع في شارع سقطرة ، حي الجنادرية ، الرياض ، منطقة الرياض,950,300,7,5,2,4,حي الجنادرية,الرياض,شرق الرياض,,24.906342,46.946732,https://images.aqar.fm/webp/750x0/props/051591500_1780033164084.jpg,1,ناجي بن فهد بن محمد العنزي,,,2026-05-29,,2026-06-18,30,2026-08-23,False,طلب تسويق,False,فيلا
6683638,https://sa.aqar.fm/فلل-للبيع/الرياض/شرق-الرياض/حي-الجنادرية/شارع-رقم-171-حي-الجنادرية-مدينة-الرياض-منطقة-الرياض-6683638,"فيلا للبيع في شارع رقم 171, حي الجنادرية, مدينة الرياض, منطقة الرياض",1250000,342,5,0,0,0,حي الجنادرية,الرياض,شرق الرياض,"فيلا للبيع 
درج داخلي وشقة 
حي الجنادرية 
5 غرف 
تصميم فاخر",24.851308,46.863012,https://images.aqar.fm/webp/750x0/props/048499413_1777997202435.jpg | https://images.aqar.fm/webp/750x0/props/048499410_1777997202429.jpg,2,محمد سلطان بن فيحان العتيبي,,,2026-05-05,2026-05-05,2026-05-31,159,2026-08-23,True,"1,250,000",False,فيلا
6541297,https://sa.aqar.fm/فلل-للبيع/الرياض/شرق-الرياض/حي-الجنادرية/حي-الجنادرية-مدينة-الرياض-منطقة-الرياض-6541297,"فيلا للبيع في حي الجنادرية, مدينة الرياض, منطقة الرياض",950000,300,7,,,3,حي الجنادرية,الرياض,شرق الرياض,"للبيع فيلا سكنية بالرياض حي بوابة الشرق
التفاصيل 
درج داخلي 
مجلس + مقلط + غرفه كبار سن + صالة عائليه + مطبخ ومخزن
عدد الغرف 7 

المساحة  300 متر
شارع عرض : 15
رقم المخطط: 3768
رقم القطعة: 3955/1
السعر : 950000 ريال 

شركة سمة الوسيط العقارية 
رقم ترخيص الاعلاني 
7200831793
للتواصل
((رقم المعلن يظهر عند التواصل))
((رقم المعلن يظهر عند التواصل))",24.904281,46.946722,https://images.aqar.fm/webp/750x0/props/012349503_1768116322262.jpg | https://images.aqar.fm/webp/750x0/props/012349503_1769183433670.jpg | https://images.aqar.fm/webp/750x0/props/012349508_1769183433674.jpg | https://images.aqar.fm/webp/750x0/props/012349503_1769183433674.jpg | https://images.aqar.fm/webp/750x0/props/012349507_1769183433681.jpg | https://images.aqar.fm/webp/750x0/props/012349503_1769183433668.jpg | https://images.aqar.fm/webp/750x0/props/012349507_1769183433663.jpg | https://images.aqar.fm/webp/750x0/props/012349505_1769183433678.jpg | https://images.aqar.fm/webp/750x0/props/012349509_1769183433693.jpg,9,أحمد بن سعد بن معتق,شركة سمة الوسيط العقارية,1,2026-01-10,2026-01-10,2026-08-14,1826,2026-08-23,True,"950,000",False,فيلا
6423569,https://sa.aqar.fm/فلل-للبيع/الرياض/شرق-الرياض/حي-الجنادرية/حي-الجنادرية-مدينة-الرياض-منطقة-الرياض-6423569,"فيلا للبيع في حي الجنادرية, مدينة الرياض, منطقة الرياض",1700000,300,,5,3,0,حي الجنادرية,الرياض,شرق الرياض,"(( بدون سعي ))
فيلا للبيع للسكن والاستثمار 
حي الجنادرية مخطط غصون
 دور + دور + شقه 
الوجهه جنوبيه شارع 15 متر
المساحه 300 متر 
السعر 1,700,000  قابل للتفاوض 
<><><><><><><>
تفصيل الدور الارضي مدخل خاص +
مدخل سياره  + مقلط +مجلس رجال بدورة مياه ومغسلة  + صاله كبيره بها مدخل النساء + مطبخ مع مستودع + 3غرف نوم منهم غرفه ماستر + دورة مياة 
<><><><><><><><>
الدور الأول العلوي 
مدخلين 
مدخل لمجلس الرجال وبه مقلط ودورة مياه ومغسلة + المدخل الثاني به صاله + مطبخ + 3 غرف نوم منهم غرفه ماستر + دورة مياه 
<><><><><><><><><>
نظام الشقه 
مدخلين مدخل لمجلس الرجال وبه دورة مياه ومغسلة المدخل الثاني صاله + مطبخ + 2 غرفه نوم منهم غرفه ماستر+ دورة مياه + سطح 

<><><><><><><><><><><>
يوجد جميع الضمانات 
كم يوجد شهادة إتمام بناء وتأمين ملاذ 
______________
التواصل مؤسسة الاعمار الذكيه
  ((رقم المعلن يظهر عند التواصل)) واتساب",24.838071,46.892618,https://images.aqar.fm/webp/750x0/props/049687094_1768673013763.jpg | https://images.aqar.fm/webp/750x0/props/049687096_1766247765358.jpg | https://images.aqar.fm/webp/750x0/props/037868744_1760441004563.jpg | https://images.aqar.fm/webp/750x0/props/049687090_1768673011727.jpg | https://images.aqar.fm/webp/750x0/props/049687098_1768673012756.jpg | https://images.aqar.fm/webp/750x0/props/049687094_1768673013131.jpg | https://images.aqar.fm/webp/750x0/props/049687095_1768673013307.jpg | https://images.aqar.fm/webp/750x0/props/049687099_1768673013434.jpg | https://images.aqar.fm/webp/750x0/props/049687098_1768673013821.jpg | https://images.aqar.fm/webp/750x0/props/049687092_1768673013919.jpg | https://images.aqar.fm/webp/750x0/props/049687090_1768673014063.jpg | https://images.aqar.fm/webp/750x0/props/049687090_1768673014078.jpg,12,عبدالله بن حمد بن عبدالله العامر,مؤسسة الإعمار الذكيه للخدمات العقارية,1,2025-10-14,2025-10-14,2026-08-23,1399,2026-08-23,True,"1,700,000",False,فيلا
6817299,https://sa.aqar.fm/فلل-للبيع/الرياض/شرق-الرياض/حي-الجنادرية/شارع-العمره-حي-الجنادرية-مدينة-الرياض-منطقة-الرياض-6817299,"فيلا للبيع في شارع العمره, حي الجنادرية, مدينة الرياض, منطقة الرياض",1800000,303,7,5,3,0,حي الجنادرية,الرياض,شرق الرياض,"للبيع فيلا فاخرة مع شقة
بمساحة ٣٠٣ متر بعمر سنة شارع ٢٨ متر غربي
الدور الأرضي:
غرفة سائق بمدخل خارجي
مدخل سيارة
ملحق
مجلس رجال يخدمه دورة مياه ومغاسل
صالة طعام
صالة عائلية 
مجلس نساء
مطبخ ومخزن وغرفة عاملة
الدور الأول:
صالة كبيرة 
٤ غرف نوم منها ٢ ماستر و٢ دورة مياه مشتركة
الدور الثاني :
سطح
الشقة: 
مجلس وصالة ومطبخ وغرفتين نوم ودورتين مياه (مؤجرة)
المميزات:
مطبخ فاخر جديد
مكيفات سبيلت جديدة
قرب الفيلا من الخدمات والمرافق من مدارس وحدائق",24.837001,46.890435,https://images.aqar.fm/webp/750x0/props/036893404_1786476604543.jpg | https://images.aqar.fm/webp/750x0/props/036893403_1786476614640.jpg | https://images.aqar.fm/webp/750x0/props/036893409_1786476630003.jpg | https://images.aqar.fm/webp/750x0/props/036893404_1786476653546.jpg | https://images.aqar.fm/webp/750x0/props/036893409_1786476659794.jpg | https://images.aqar.fm/webp/750x0/props/036893402_1786476688251.jpg | https://images.aqar.fm/webp/750x0/props/036893404_1786476717246.jpg | https://images.aqar.fm/webp/750x0/props/036893407_1786476735805.jpg | https://images.aqar.fm/webp/750x0/props/036893407_1786476750000.jpg | https://images.aqar.fm/webp/750x0/props/036893400_1786476769050.jpg | https://images.aqar.fm/webp/750x0/props/036893403_1786476804283.jpg | https://images.aqar.fm/webp/750x0/props/036893408_1786476833310.jpg | https://images.aqar.fm/webp/750x0/props/036893409_1786476893899.jpg | https://images.aqar.fm/webp/750x0/props/036893400_1786476893893.jpg | https://images.aqar.fm/webp/750x0/props/036893401_1786476957074.jpg | https://images.aqar.fm/webp/750x0/props/036893406_1786476957073.jpg | https://images.aqar.fm/webp/750x0/props/036893402_1786477085067.jpg | https://images.aqar.fm/webp/750x0/props/036893407_1786477112098.jpg | https://images.aqar.fm/webp/750x0/props/036893400_1786477112095.jpg | https://images.aqar.fm/webp/750x0/props/036893404_1786477161667.jpg | https://images.aqar.fm/webp/750x0/props/036893403_1786477161653.jpg | https://images.aqar.fm/webp/750x0/props/036893404_1786477161654.jpg,22,محمد عبدالعزيز عبدالله ال عثمان,مكتب محمد عبدالعزيز ال عثمان للعقارات,1,2026-08-11,2026-08-11,2026-08-22,88,2026-08-23,True,"1,800,000",False,فيلا
6721451,https://sa.aqar.fm/فلل-للبيع/الرياض/شرق-الرياض/حي-الجنادرية/حي-الجنادرية-مدينة-الرياض-منطقة-الرياض-6721451,"فيلا للبيع في حي الجنادرية, مدينة الرياض, منطقة الرياض",1450000,282,,0,0,0,حي الجنادرية,الرياض,شرق الرياض,"مساحة 282 
نظام دور دور
مؤسس شقه
الدور الارضي
 3 غرف
صالة
مجلس 
مقلط
مطبخ 
غرفة منهم ماستر
الدور الاول 
3 غرف
صالة
مجلس 
مطبخ 
غرفة خادمة
غرفة منهم ماستر
شارعين ١٥
جنوبي شرقي 
المبلغ المطلوب مليون و٤٥٠ الف",24.891662,46.954914,https://images.aqar.fm/webp/750x0/props/015987337_1780764592644.jpg,1,مسيب علي عبدالله الدوسري,,,2026-06-06,2026-06-06,2026-07-05,104,2026-08-23,True,"1,450,000",False,فيلا
6725519,https://sa.aqar.fm/فلل-للبيع/الرياض/شرق-الرياض/حي-الجنادرية/شارع-الركب-حي-الجنادرية-مدينة-الرياض-منطقة-الرياض-6725519,"فيلا للبيع في شارع الركب, حي الجنادرية, مدينة الرياض, منطقة الرياض",1600000,362,5,0,0,0,حي الجنادرية,الرياض,شرق الرياض,"للبيع فيلا مودرن 
هذي فيلا  عبارة عن مدخلين وباب كراج
  الدور الارضي  ملحق خارجي ومجلس رجال ومقلط ومجلس نساء ومطبخ وغرفة خادمة وغرفة غسيل ومخزن وتأسيس مصعد 
الدور الأول  غرفتين ماستر + جناح ( غرفة نوم وغرفة ملابس وحمام ) 
السطح مؤسس للبناء",24.832431,46.857262,https://images.aqar.fm/webp/750x0/props/003855298_1781005319472.jpg | https://images.aqar.fm/webp/750x0/props/003855291_1781005319599.jpg | https://images.aqar.fm/webp/750x0/props/003855299_1781005319473.jpg | https://images.aqar.fm/webp/750x0/props/003855297_1781005319589.jpg | https://images.aqar.fm/webp/750x0/props/003855297_1781005319567.jpg | https://images.aqar.fm/webp/750x0/props/003855291_1781005319555.jpg | https://images.aqar.fm/webp/750x0/props/003855296_1781005319561.jpg | https://images.aqar.fm/webp/750x0/props/003855296_1781005319565.jpg,8,خليفه العنزي,مؤسسة مكتب مناهج الفلاح للعقارات,1,2026-06-09,2026-08-06,2026-08-17,1135,2026-08-23,True,"1,600,000",False,فيلا
6757029,https://sa.aqar.fm/فلل-للبيع/الرياض/شرق-الرياض/حي-الجنادرية/شارع-رقم-180-حي-الجنادرية-مدينة-الرياض-منطقة-الرياض-6757029,"فيلا للبيع في شارع رقم 180, حي الجنادرية, مدينة الرياض, منطقة الرياض",1250000,230,,0,0,0,حي الجنادرية,الرياض,شرق الرياض,"## فيلا العمر تنتظرك في حي الجنادرية (المعالي) 🏡
فرصة مميزة لامتلاك فيلا حديثة (عمرها 3 سنوات) بتصميم ""داخلي"" أنيق وعملي، جاهزة للسكن وبسعر تنافسي.
**تفاصيل العقار:**
 * **الموقع:** حي الجنادرية (المعالي).
 * **المساحة:** 230 متر.
 * **الواجهة:** شارع 15 جنوبي.
**توزيع المساحات:**
 * **الدور الأرضي:** مجلس رجال، مقلط، مجلس نساء، صالة واسعة، مطبخ، غرفة سائق، وحوش مع مدخل سيارة.
 * **الدور العلوي:** صالة عائلية، 4 غرف نوم (منها 2 ماستر، و2 للأطفال).
 * **الدور الثالث (الخدمات):** غرفة خادمة، غرفة غسيل، دورة مياه، وسطح خاص.
**المالية:**
 * **الحد:** 1,250,000 ريال.
 * **المتبقي للبنك:** 730,000 ريال.
**للاستفسار والمعاينة (شركة ابن طوالة للعقارات - عرض رقم 418):**
📞 **((الرقم يظهر عند الضغط على اتصال))**
📞 **((الرقم يظهر عند الضغط على اتصال))**",24.847875,46.880051,https://images.aqar.fm/webp/750x0/props/012283478_1782999030727.jpg | https://images.aqar.fm/webp/750x0/props/012283471_1782999030728.jpg | https://images.aqar.fm/webp/750x0/props/012283479_1782999030724.jpg | https://images.aqar.fm/webp/750x0/props/012283476_1782999030725.jpg | https://images.aqar.fm/webp/750x0/props/012283475_1782999030724.jpg | https://images.aqar.fm/webp/750x0/props/012283472_1782999030733.jpg,6,عواد محارب عقيل ابن طواله,شركة مكتب ابن طوالة للعقارات,1,2026-07-02,2026-07-02,2026-08-19,200,2026-08-23,True,"1,250,000",False,فيلا
6692461,https://sa.aqar.fm/فلل-للبيع/الرياض/شرق-الرياض/حي-الجنادرية/شارع-خرشان-حي-الجنادرية-مدينة-الرياض-منطقة-الرياض-6692461,"فيلا للبيع في شارع خرشان, حي الجنادرية, مدينة الرياض, منطقة الرياض",1100000,300,7,,1,4,حي الجنادرية,الرياض,شرق الرياض,"للبيع فيلا  على شارع 25 نموذج النرجس
في مشروع بوابة الشرق - حي الجنادرية
التفاصيل تتكون من :
1- مجلس
2- صالة
3- مطبخ
4- ثلاثة غرف نوم + غرفة نوم ماستر
رقم المخطط : 3768
السعر : 1100000 ريال
رقم الترخيص الاعلاني:
7200967908

شركة سمة الوسيط العقارية
للتواصل
0505584736
0506479614
0551757777",24.904936,46.946564,https://images.aqar.fm/webp/750x0/props/028564762_1778515143738.jpg | https://images.aqar.fm/webp/750x0/props/028564767_1778515214498.jpg | https://images.aqar.fm/webp/750x0/props/028564765_1778515249929.jpg | https://images.aqar.fm/webp/750x0/props/028564768_1778515313544.jpg,4,أحمد بن سعد بن معتق,شركة سمة الوسيط العقارية,1,2026-05-11,2026-08-06,2026-08-14,483,2026-08-23,True,"1,100,000",False,فيلا
6740600,https://sa.aqar.fm/فلل-للبيع/الرياض/شرق-الرياض/حي-الجنادرية/شارع-رقم-139-حي-الجنادرية-الرياض-منطقة-الرياض-6740600,فيلا للبيع في شارع رقم 139 ، حي الجنادرية ، الرياض ، منطقة الرياض,65,210,4,5,0,7,حي الجنادرية,الرياض,شرق الرياض,"موقع ممتاز بعد زوايه شارع 18
البيت
مشب صغير
مجلس
مقلط
صاله
دور ثاني
اربع غرفه نوم ثنين ماستر وثنين بدون حمام
دور ثالث سطح صغير معه غرفتين
وحوش صغير
فيه مطبخ راكب ويوجد فيه اربع مكيفات سبلت
دفعات 6 شهور",24.849478,46.882069,,,علي بن وادي بن عواد العنزي,,,2026-06-20,,2026-06-20,34,2026-08-23,False,طلب تسويق,False,فيلا
6820088,https://sa.aqar.fm/فلل-للبيع/الرياض/شرق-الرياض/حي-الجنادرية/حي-الجنادرية-مدينة-الرياض-منطقة-الرياض-6820088,"فيلا للبيع في حي الجنادرية, مدينة الرياض, منطقة الرياض",1300000,364,,,,0,حي الجنادرية,الرياض,شرق الرياض,"فيلا تاون هاوس -  دورين + ملحق - متصل - درج داخلي - الرياض - حي الجنادرية .

 مكونة من :
 
 الدور الأرضي
  المجالس: 1    ، دورات المياه: 2    ، الصالات: 1    ، غرف المعيشة: 1    ، غرف النوم: 2    ، الملقط: 1    ، المطابخ: 1    ، 

الدور الأول
 دورات المياه: 2    ، غرف النوم: 1    ، غرف الماستر: 2    ، المطابخ: 1    ، 

الملحق العلوي 
 دورات المياه: 1    ، 

مميزات العقار 
 غرفة خادمة ، قريب من الخدمات ، مدخل سيارة ، 

رقم العرض: 20173
رقم ترخيص الإعلان: 7201083764 
 رقم رخصة فال: 1200019203 
 
يتوفر الدفع كاش او تقسيط من البنك .",24.844865,46.893839,https://images.aqar.fm/webp/750x0/props/025113870_1786610956432.jpg | https://images.aqar.fm/webp/750x0/props/025113874_1786610956432.jpg | https://images.aqar.fm/webp/750x0/props/025113874_1786610956439.jpg | https://images.aqar.fm/webp/750x0/props/025113873_1786610956442.jpg | https://images.aqar.fm/webp/750x0/props/025113871_1786610956482.jpg | https://images.aqar.fm/webp/750x0/props/025113873_1786610956470.jpg | https://images.aqar.fm/webp/750x0/props/025113876_1786610956481.jpg | https://images.aqar.fm/webp/750x0/props/025113879_1786610956480.jpg | https://images.aqar.fm/webp/750x0/props/025113872_1786610956485.jpg | https://images.aqar.fm/webp/750x0/props/025113878_1786610956512.jpg | https://images.aqar.fm/webp/750x0/props/025113878_1786610956509.jpg | https://images.aqar.fm/webp/750x0/props/025113873_1786610956520.jpg | https://images.aqar.fm/webp/750x0/props/025113873_1786610956524.jpg,13,عبدالهادي سليمان,شركة إسكان سلمان العقارية,1,2026-08-13,2026-08-13,2026-08-20,76,2026-08-23,True,"1,300,000",False,فيلا
6563218,https://sa.aqar.fm/فلل-للبيع/الرياض/شرق-الرياض/حي-الجنادرية/شارع-الغصون-حي-الجنادرية-مدينة-الرياض-منطقة-الرياض-6563218,"فيلا للبيع في شارع الغصون, حي الجنادرية, مدينة الرياض, منطقة الرياض",1000000,194,6,,,0,حي الجنادرية,الرياض,شرق الرياض,"👌🏻 فرصة سكنية مميزة في حي (غصون شرق الرياض ) 
📍موقع متطور وقريب من جميع الخدمات.

🔘 فيلا ( تاون هاوس علوي ) 

✏️ المساحة :200
💵 السعر  : 1,000,000 

🏠 المواصفات:
•مجلس رجال
• صالة 
•مطبخ
• ٤ دورات مياه
•صالة جانبية
•٣ غرف نوم منها ١ ماستر
——- 
مواصفات اخرى : 
• كهرب وماء واصلين
• شارع ٢٠ م
•  مطابق للكود السعودي
•شاملة الضمانات
•بلكونة امامية 
•مؤسس مصعد 

للتواصل : ابو سند  | ((رقم المعلن يظهر عند التواصل))",24.847321,46.884694,https://images.aqar.fm/webp/750x0/props/004670699_1769442472367.jpg | https://images.aqar.fm/webp/750x0/props/004670691_1769442489654.jpg | https://images.aqar.fm/webp/750x0/props/004670691_1769442489623.jpg | https://images.aqar.fm/webp/750x0/props/004670697_1769442489636.jpg | https://images.aqar.fm/webp/750x0/props/004670692_1769442489618.jpg | https://images.aqar.fm/webp/750x0/props/004670698_1769442489641.jpg | https://images.aqar.fm/webp/750x0/props/004670697_1769442489642.jpg | https://images.aqar.fm/webp/750x0/props/004670697_1769442489625.jpg | https://images.aqar.fm/webp/750x0/props/004670695_1769442489658.jpg | https://images.aqar.fm/webp/750x0/props/004670695_1769442503636.jpg | https://images.aqar.fm/webp/750x0/props/004670698_1769442503633.jpg | https://images.aqar.fm/webp/750x0/props/004670698_1769442503659.jpg,12,جابر ال فهاد,شركة ركائز الروعة,1,2026-01-26,2026-08-18,2026-08-23,1584,2026-08-23,True,"1,000,000",False,فيلا
6793950,https://sa.aqar.fm/فلل-للبيع/الرياض/شرق-الرياض/حي-الجنادرية/شارع-رقم-175-حي-الجنادرية-مدينة-الرياض-منطقة-الرياض-6793950,"فيلا للبيع في شارع رقم 175, حي الجنادرية, مدينة الرياض, منطقة الرياض",1000000,260,6,5,3,0,حي الجنادرية,الرياض,شرق الرياض,$5e,24.850402,46.867163,https://images.aqar.fm/webp/750x0/props/048964200_1785227291236.jpg | https://images.aqar.fm/webp/750x0/props/048964204_1785227298883.jpg | https://images.aqar.fm/webp/750x0/props/048964200_1785227507349.jpg | https://images.aqar.fm/webp/750x0/props/048964206_1785227515325.jpg | https://images.aqar.fm/webp/750x0/props/048964206_1785227515311.jpg | https://images.aqar.fm/webp/750x0/props/048964203_1785227531789.jpg | https://images.aqar.fm/webp/750x0/props/048964205_1785227531797.jpg | https://images.aqar.fm/webp/750x0/props/048964201_1785227531796.jpg | https://images.aqar.fm/webp/750x0/props/048964208_1785227531772.jpg | https://images.aqar.fm/webp/750x0/props/048964209_1785227531801.jpg | https://images.aqar.fm/webp/750x0/props/048964206_1785227531792.jpg | https://images.aqar.fm/webp/750x0/props/048964204_1785227531797.jpg | https://images.aqar.fm/webp/750x0/props/048964204_1785227531792.jpg | https://images.aqar.fm/webp/750x0/props/048964207_1785227544414.jpg | https://images.aqar.fm/webp/750x0/props/048964204_1785227571591.jpg | https://images.aqar.fm/webp/750x0/props/048964203_1785227571594.jpg | https://images.aqar.fm/webp/750x0/props/048964208_1785227571594.jpg | https://images.aqar.fm/webp/750x0/props/048964206_1785227571591.jpg | https://images.aqar.fm/webp/750x0/props/048964204_1785227571587.jpg | https://images.aqar.fm/webp/750x0/props/048964206_1785227571595.jpg | https://images.aqar.fm/webp/750x0/props/048964202_1785227579026.jpg | https://images.aqar.fm/webp/750x0/props/048964206_1785227579011.jpg | https://images.aqar.fm/webp/750x0/props/048964202_1785227585127.jpg | https://images.aqar.fm/webp/750x0/props/048964209_1785227585147.jpg | https://images.aqar.fm/webp/750x0/props/048964200_1785227585108.jpg,25,عبدالله اليوسف,مؤسسة اثال العقارية للعقارات,1,2026-07-28,2026-07-28,2026-08-23,264,2026-08-23,True,"1,000,000",False,فيلا
6504818,https://sa.aqar.fm/فلل-للبيع/الرياض/شرق-الرياض/حي-الجنادرية/شارع-الضياء-حي-الجنادرية-مدينة-الرياض-منطقة-الرياض-6504818,"فيلا للبيع في شارع الضياء, حي الجنادرية, مدينة الرياض, منطقة الرياض",1670000,254,5,5,2,0,حي الجنادرية,الرياض,شرق الرياض,"فيلا + شقة  روعة جداً 🏡
 
الموقع: حي الجنادرية
 

 عرض الشارع: 20 متر   
للتواصل والاستفسار :- ابو فهد  ((رقم المعلن يظهر عند التواصل))

 
موقع مميز قريب من جميع الخدمات  

 
مكونات الفيلا :  
مجلس 
 صالة  
مقلط 
 مطبخ  
3 غرفه نوم ماستر
2 غرفة نوم  بدورة مياه خارجية 
سطح 
 
-/—/—-/-
شقة 
صالة 
مطبخ 
غرفتين نوم 
سطح 
 
الضمانات:  
 عزل مائي  
 عزل حراري  
 إشراف هندسي  
 شهادة إتمام بناء  
 ضمانات كهربائية على جميع الأسلاك والمفاتيح والقواطع والسخانات  
 ضمانات السباكة على الأنابيب الخضراء والخلاطات",24.844187,46.888278,https://images.aqar.fm/webp/750x0/props/039576485_1765633352557.jpg | https://images.aqar.fm/webp/750x0/props/039576485_1765633366500.jpg | https://images.aqar.fm/webp/750x0/props/039576488_1765633366498.jpg | https://images.aqar.fm/webp/750x0/props/039576481_1765633366507.jpg | https://images.aqar.fm/webp/750x0/props/039576487_1765633366511.jpg | https://images.aqar.fm/webp/750x0/props/039576486_1765633366512.jpg | https://images.aqar.fm/webp/750x0/props/039576480_1765633366510.jpg | https://images.aqar.fm/webp/750x0/props/039576481_1765633366501.jpg | https://images.aqar.fm/webp/750x0/props/039576489_1765633366525.jpg | https://images.aqar.fm/webp/750x0/props/039576487_1765633397212.jpg | https://images.aqar.fm/webp/750x0/props/039576483_1765633397218.jpg | https://images.aqar.fm/webp/750x0/props/039576487_1765633397213.jpg,12,عائشه بنت سليمان بن عبدالله الطريم,مؤسسة سكن المعالي للعقارات,1,2025-12-13,2025-12-13,2026-06-08,482,2026-08-23,True,"1,670,000",False,فيلا
6472506,https://sa.aqar.fm/فلل-للبيع/الرياض/شرق-الرياض/حي-الجنادرية/حي-الجنادرية-مدينة-الرياض-منطقة-الرياض-6472506,"فيلا للبيع في حي الجنادرية, مدينة الرياض, منطقة الرياض",1050000,234,,3,2,0,حي الجنادرية,الرياض,شرق الرياض,"*للبيع – فيلا بحي الجنادرية – الرياض*

فرصتك لامتلاك *فيلا بمساحة 234.38 م²*، مصمم بعناية، ويجمع بين الراحة والفخامة في حي هادئ ومخدوم.

*التفاصيل:*
* *9 غرف* موزعة بشكل عملي  
* *7 حمامات*  
* *2 صالة واسعة*  
* *مطبخ*  


*الموقع:*  
*حي الجنادرية – مدينة الرياض*  
موقع مميز  بين الطرق الرئيسية

*المميزات:*
* مدخل خاص  
* تشطيبات راقية  
* تصميم عصري يراعي الخصوصية  
* مناسب لسكن العائلات أو الاستثمار

*للتواصل والاستفسار:*  
((رقم المعلن يظهر عند التواصل))",24.908258,46.962103,https://images.aqar.fm/webp/750x0/props/028564765_1763486459575.jpg | https://images.aqar.fm/webp/750x0/props/028564768_1763486459578.jpg | https://images.aqar.fm/webp/750x0/props/028564762_1763486459814.jpg | https://images.aqar.fm/webp/750x0/props/028564763_1763486459569.jpg | https://images.aqar.fm/webp/750x0/props/028564769_1763486459575.jpg | https://images.aqar.fm/webp/750x0/props/028564760_1763486459777.jpg | https://images.aqar.fm/webp/750x0/props/028564760_1763486459777.jpg | https://images.aqar.fm/webp/750x0/props/028564767_1763486459790.jpg | https://images.aqar.fm/webp/750x0/props/028564763_1763486459791.jpg | https://images.aqar.fm/webp/750x0/props/028564760_1763486459798.jpg | https://images.aqar.fm/webp/750x0/props/028564769_1763486459801.jpg | https://images.aqar.fm/webp/750x0/props/028564768_1763486459872.jpg | https://images.aqar.fm/webp/750x0/props/028564767_1763486459818.jpg | https://images.aqar.fm/webp/750x0/props/028564766_1763486459827.jpg | https://images.aqar.fm/webp/750x0/props/028564766_1763486459834.jpg | https://images.aqar.fm/webp/750x0/props/028564761_1763486459689.jpg | https://images.aqar.fm/webp/750x0/props/028564762_1763486459724.jpg | https://images.aqar.fm/webp/750x0/props/028564766_1763486459742.jpg | https://images.aqar.fm/webp/750x0/props/028564763_1763486459741.jpg | https://images.aqar.fm/webp/750x0/props/028564762_1763486459598.jpg | https://images.aqar.fm/webp/750x0/props/028564766_1763486459746.jpg | https://images.aqar.fm/webp/750x0/props/028564765_1763486459745.jpg | https://images.aqar.fm/webp/750x0/props/028564764_1763486459766.jpg | https://images.aqar.fm/webp/750x0/props/028564769_1763486459765.jpg | https://images.aqar.fm/webp/750x0/props/028564767_1763486459766.jpg | https://images.aqar.fm/webp/750x0/props/028564760_1763486459616.jpg | https://images.aqar.fm/webp/750x0/props/028564764_1763486459622.jpg | https://images.aqar.fm/webp/750x0/props/028564765_1763486459633.jpg | https://images.aqar.fm/webp/750x0/props/028564766_1763486459630.jpg | https://images.aqar.fm/webp/750x0/props/028564767_1763486884550.jpg | https://images.aqar.fm/webp/750x0/props/028564769_1763486884549.jpg | https://images.aqar.fm/webp/750x0/props/028564767_1763486884559.jpg,32,أحمد بن سعد بن معتق,شركة سمة الوسيط العقارية,1,2025-11-18,2025-11-18,2026-08-19,1086,2026-08-23,True,"1,050,000",False,فيلا
6474040,https://sa.aqar.fm/فلل-للبيع/الرياض/شرق-الرياض/حي-الجنادرية/شارع-الشميلي-حي-الجنادرية-مدينة-الرياض-منطقة-الرياض-6474040,"فيلا للبيع في شارع الشميلي, حي الجنادرية, مدينة الرياض, منطقة الرياض",1350000,209,,5,4,0,حي الجنادرية,الرياض,شرق الرياض,"الـسـلام عـلـيـكم ورحـمـة الله وبركــاتــه
للبيــــــــع
———————
دور فيلا درج داخلي 
في حي الجنادريه
مؤسس مصعد
————————-
مواصفاتها :
* عليها شهادة اتمام البناء
* يوجد عليها ضمانات العزل
* يوجد تأمين ملاذ ضد العيوب الخفيه
*مسجد قريب
تتكون:
* مجلس داخلي
* مقلط ضيافه
* صاله واسعه
* ⁠مطبخ 
* ⁠مطبخ تحضيري
* ⁠غرفة نوم ماستر
* ⁠غرفة نوم ماستر
* ⁠غرفة نوم
* ⁠غرفة نوم
* ⁠غرفة نوم
* ⁠غرفة نوم
* ⁠سطح ١
* ⁠سطح ٢
* ⁠دورة مياه ٦
—————————-
** السعر ١،٣٥٠،٠٠٠ 
** رقم رخصة الوساطه 1100270266
** ل الاستفسار ((رقم المعلن يظهر عند التواصل))",24.844217,46.886316,https://images.aqar.fm/webp/750x0/props/020063775_1763579699288.jpg | https://images.aqar.fm/webp/750x0/props/020063779_1763579699341.jpg | https://images.aqar.fm/webp/750x0/props/020063776_1763579699335.jpg | https://images.aqar.fm/webp/750x0/props/020063773_1763579699317.jpg | https://images.aqar.fm/webp/750x0/props/020063773_1763579699341.jpg | https://images.aqar.fm/webp/750x0/props/020063774_1763579699347.jpg | https://images.aqar.fm/webp/750x0/props/020063779_1763579699320.jpg | https://images.aqar.fm/webp/750x0/props/020063772_1763579699335.jpg | https://images.aqar.fm/webp/750x0/props/020063773_1763579732847.jpg | https://images.aqar.fm/webp/750x0/props/020063777_1763579732852.jpg | https://images.aqar.fm/webp/750x0/props/020063776_1763579732863.jpg | https://images.aqar.fm/webp/750x0/props/020063778_1763579732863.jpg | https://images.aqar.fm/webp/750x0/props/020063774_1763579732832.jpg | https://images.aqar.fm/webp/750x0/props/020063777_1763579732847.jpg | https://images.aqar.fm/webp/750x0/props/020063772_1763579732841.jpg | https://images.aqar.fm/webp/750x0/props/020063775_1763579732842.jpg,16,سلطان سفر مسفر المطيري,,,2025-11-19,2025-11-19,2026-08-21,797,2026-08-23,True,"1,350,000",False,فيلا
6743832,https://sa.aqar.fm/فلل-للبيع/الرياض/شرق-الرياض/حي-الجنادرية/شارع-رقم-70-حي-الجنادرية-مدينة-الرياض-منطقة-الرياض-6743832,"فيلا للبيع في شارع رقم 70, حي الجنادرية, مدينة الرياض, منطقة الرياض",2990000,627,,0,0,10,حي الجنادرية,الرياض,شرق الرياض,"� فيلا للبيع – شغل شخصي

📍 شارع 18 شمالي
📐 المساحة: 627 م²
🕒 العمر: 10 سنوات
✅ المالك ساكن فيها
✅ بناء شخصي وتشطيب ممتاز
✅ دور + شقتين
✅ جميع الوحدات بعدادات كهرباء مستقلة

الدور الأرضي:
🛏️ 3 غرف نوم
🛋️ مجلس رجال + مجلس حريم
🍽️ مقلط
🛋️ صالة
🚻 حمامات وخدمات

الشقة الأولى:
🛏️ غرفتا نوم
🛋️ مجلس + مقلط
🚻 حمامان
🍴 مطبخ

الشقة الثانية:
🛏️ غرفتا نوم
🛋️ مجلس + مقلط + صالة
🚻 حمامان
🍴 مطبخ

💰 إحدى الشقق مؤجرة بدخل سنوي 30,000 ريال",24.820073,46.878288,https://images.aqar.fm/webp/750x0/props/037686548_1782157641443.jpg | https://images.aqar.fm/webp/750x0/props/037686545_1782157641587.jpg,2,أحمد ماجد,مؤسسة العقود المنجزه التجارية,1,2026-06-22,2026-08-20,2026-08-20,560,2026-08-23,True,"2,990,000",False,فيلا
6244755,https://sa.aqar.fm/فلل-للبيع/الرياض/شرق-الرياض/حي-الجنادرية/شارع-رقم-120-حي-الجنادرية-الرياض-منطقة-الرياض-6244755,فيلا للبيع في شارع رقم 120 ، حي الجنادرية ، الرياض ، منطقة الرياض,2500000,378,6,3,1,8,حي الجنادرية,الرياض,شرق الرياض,"فيلا بحي الشروق 
دور و ٣ شقق المساحة ٣٧٨ حديد الزاوية
الدور الأرضي عبارة عن:
حوش ومشب ومجلس ومقلط وصالة ومطبخ
ومستودع جاهز لتحويله دورة مياه إضافية
و٣ غرف نوم واحدة منها ماستر و٣ دورات مياه
تم تجديد الدور الأرضي بالكامل بتشطيبات فاخرة
وإضافة غرفة غسيل وغرفة خادمة مع دورة مياه
والشقق الثلاث: مجلس وغرفتين نوم 
وصالة ومطبخ ودورتين مياه 
🔴شهادة إتمام بناء جاهزة🔴
🔴شهادة إطلاق التيار الكهربائي🔴
🔴شهادة إتمام العزل الحراري🔴
🔴جاهزة لتجزئتها٣ وحدات بصكوك مستقلة🔴
إشراف هندسي وضمانات  ",24.837519,46.884251,https://images.aqar.fm/webp/750x0/props/018238369_1749687257294.jpg | https://images.aqar.fm/webp/750x0/props/018238364_1749687257276.jpg | https://images.aqar.fm/webp/750x0/props/018238369_1749687257319.jpg | https://images.aqar.fm/webp/750x0/props/018238362_1749687257291.jpg | https://images.aqar.fm/webp/750x0/props/018238367_1749687257294.jpg | https://images.aqar.fm/webp/750x0/props/018238360_1749687257294.jpg | https://images.aqar.fm/webp/750x0/props/018238367_1749687257309.jpg | https://images.aqar.fm/webp/750x0/props/018238367_1749687257322.jpg | https://images.aqar.fm/webp/750x0/props/018238366_1749687312031.jpg | https://images.aqar.fm/webp/750x0/props/018238365_1749687312026.jpg | https://images.aqar.fm/webp/750x0/props/018238365_1749687312018.jpg | https://images.aqar.fm/webp/750x0/props/018238368_1749687312046.jpg | https://images.aqar.fm/webp/750x0/props/018238361_1749687312042.jpg | https://images.aqar.fm/webp/750x0/props/018238366_1749687312033.jpg | https://images.aqar.fm/webp/750x0/props/018238368_1749687312031.jpg | https://images.aqar.fm/webp/750x0/props/018238361_1749687312024.jpg | https://images.aqar.fm/webp/750x0/props/018238364_1749687417491.jpg | https://images.aqar.fm/webp/750x0/props/018238363_1749687417487.jpg | https://images.aqar.fm/webp/750x0/props/018238365_1749687417494.jpg | https://images.aqar.fm/webp/750x0/props/018238360_1749687417507.jpg | https://images.aqar.fm/webp/750x0/props/018238361_1749687417503.jpg | https://images.aqar.fm/webp/750x0/props/018238369_1749687417485.jpg | https://images.aqar.fm/webp/750x0/props/018238367_1749687417490.jpg,23,عبدالعزيز العنزي,,,2025-06-12,,2026-08-15,169,2026-08-23,False,طلب تسويق,False,فيلا
6542104,https://sa.aqar.fm/فلل-للبيع/الرياض/شرق-الرياض/حي-الجنادرية/شارع-الضياء-حي-الجنادرية-مدينة-الرياض-منطقة-الرياض-6542104,"فيلا للبيع في شارع الضياء, حي الجنادرية, مدينة الرياض, منطقة الرياض",1400000,280,5,4,0,0,حي الجنادرية,الرياض,شرق الرياض,"🏡 شركة موافقة العقارية
تقدّم لكم كل ما هو جديد ومميز في حيّ الجنادرية- الغصون  – 🌟

📣 حيث يجتمع السعر المميَّز مع جودة البناء 💪

للبيع: فيلا درج صالة مع شقه ع زاويه
📍 موقع مميَّز — 
📐 المساحة:280 م² مسطح البناء 
💰 السعر:مليون 400

⸻

تفاصيل الفيلا:
	•	مدخل سيارة 
	•	مجلس رجال 🛋️
	•	صالة طعام 🍽️
	•	صالة عائلية 🏠
	•	مجلس نساء 👩‍🦰
	•	مطبخ 
————————————
الدور العلوي:
صاله كبيره
	3غرف نوم منهم ماستر
⸻

تفاصيل الشقق:
	•	مجلس رجال
	•	 صالة
	•	غرفتين ماستر
       •         سطح كبير

⸻

📞 شركة موافقة العقارية
نتشرف بخدمتكم على مدار الساعة طوال أيام الأسبوع 🌙☀️

📲 للتواصل: ((رقم المعلن يظهر عند التواصل))

ابو سعود

⚠️ ملاحظة: الموقع غير دقيق",24.843859,46.88796,https://images.aqar.fm/webp/750x0/props/043848013_1768142111039.jpg | https://images.aqar.fm/webp/750x0/props/043848017_1768142142504.jpg | https://images.aqar.fm/webp/750x0/props/043848017_1768142142517.jpg | https://images.aqar.fm/webp/750x0/props/043848017_1768142893111.jpg | https://images.aqar.fm/webp/750x0/props/043848019_1768142955695.jpg | https://images.aqar.fm/webp/750x0/props/043848015_1768142955698.jpg | https://images.aqar.fm/webp/750x0/props/043848018_1768142955693.jpg | https://images.aqar.fm/webp/750x0/props/043848010_1768142955674.jpg | https://images.aqar.fm/webp/750x0/props/043848017_1768142955660.jpg | https://images.aqar.fm/webp/750x0/props/043848018_1768142955699.jpg | https://images.aqar.fm/webp/750x0/props/043848012_1768142955673.jpg | https://images.aqar.fm/webp/750x0/props/043848015_1768142955703.jpg | https://images.aqar.fm/webp/750x0/props/043848014_1768142984163.jpg | https://images.aqar.fm/webp/750x0/props/043848012_1768142984162.jpg | https://images.aqar.fm/webp/750x0/props/043848014_1768142984183.jpg | https://images.aqar.fm/webp/750x0/props/043848017_1768142984170.jpg | https://images.aqar.fm/webp/750x0/props/043848019_1768142984160.jpg | https://images.aqar.fm/webp/750x0/props/043848017_1768142984202.jpg | https://images.aqar.fm/webp/750x0/props/043848013_1768142984181.jpg | https://images.aqar.fm/webp/750x0/props/043848017_1768142984164.jpg | https://images.aqar.fm/webp/750x0/props/043848012_1768143038443.jpg | https://images.aqar.fm/webp/750x0/props/043848014_1768143038430.jpg | https://images.aqar.fm/webp/750x0/props/043848015_1768143038990.jpg | https://images.aqar.fm/webp/750x0/props/043848010_1768143038922.jpg | https://images.aqar.fm/webp/750x0/props/043848011_1768143039023.jpg | https://images.aqar.fm/webp/750x0/props/043848010_1768143038971.jpg | https://images.aqar.fm/webp/750x0/props/043848017_1768143038977.jpg | https://images.aqar.fm/webp/750x0/props/043848012_1768143038988.jpg | https://images.aqar.fm/webp/750x0/props/043848015_1768143049686.jpg | https://images.aqar.fm/webp/750x0/props/043848018_1768143049673.jpg,30,نايف عبدالله بن سلطان بن سفران,مؤسسة موافقة العقارية,1,2026-01-11,2026-01-11,2026-08-13,1835,2026-08-23,True,"1,400,000",False,فيلا
6761628,https://sa.aqar.fm/فلل-للبيع/الرياض/شرق-الرياض/حي-الجنادرية/شارع-رقم-151-حي-الجنادرية-مدينة-الرياض-منطقة-الرياض-6761628,"فيلا للبيع في شارع رقم 151, حي الجنادرية, مدينة الرياض, منطقة الرياض",1250000,342,6,1,2,0,حي الجنادرية,الرياض,شرق الرياض,$5e,24.843583,46.869582,https://images.aqar.fm/webp/750x0/props/049170454_1783319784769.jpg | https://images.aqar.fm/webp/750x0/props/049170459_1783319784905.jpg | https://images.aqar.fm/webp/750x0/props/049170455_1783319785025.jpg | https://images.aqar.fm/webp/750x0/props/049170451_1783319785148.jpg | https://images.aqar.fm/webp/750x0/props/049170457_1783319785306.jpg | https://images.aqar.fm/webp/750x0/props/049170455_1783319785377.jpg | https://images.aqar.fm/webp/750x0/props/049170456_1783319785489.jpg | https://images.aqar.fm/webp/750x0/props/049170451_1783319785625.jpg | https://images.aqar.fm/webp/750x0/props/049170458_1783319785727.jpg | https://images.aqar.fm/webp/750x0/props/049170454_1783319785834.jpg | https://images.aqar.fm/webp/750x0/props/049170453_1783319785966.jpg | https://images.aqar.fm/webp/750x0/props/049170451_1783319786084.jpg | https://images.aqar.fm/webp/750x0/props/049170456_1783319786199.jpg | https://images.aqar.fm/webp/750x0/props/049170450_1783319786337.jpg | https://images.aqar.fm/webp/750x0/props/049170453_1783319786610.jpg | https://images.aqar.fm/webp/750x0/props/049170453_1783319786736.jpg | https://images.aqar.fm/webp/750x0/props/049170457_1783319786831.jpg | https://images.aqar.fm/webp/750x0/props/049170450_1783319786927.jpg | https://images.aqar.fm/webp/750x0/props/049170452_1783319787070.jpg,19,عبدالله اليوسف,مؤسسة اثال العقارية للعقارات,1,2026-07-06,2026-07-06,2026-08-23,1342,2026-08-23,True,"1,250,000",False,فيلا
6423557,https://sa.aqar.fm/فلل-للبيع/الرياض/شرق-الرياض/حي-الجنادرية/حي-الجنادرية-مدينة-الرياض-منطقة-الرياض-6423557,"فيلا للبيع في حي الجنادرية, مدينة الرياض, منطقة الرياض",1600000,300,,5,2,0,حي الجنادرية,الرياض,شرق الرياض,"تعلن مؤسسة الاعمار الذكيه 

عن بيع فلل فاخره 
 في حي الجنادرية
 مخطط غصون 
نموذج الفيلا درج داخلي مع شقه

كم متوفر دور دور شقه فلل اخره

الوجهه جنوبيه شارع 15 متر
المساحه 300 متر 
السعر مليون و 600 الف
غيرالضريبةوالسعى 

تفصيل الفيلا 
الدور الارضي مدخل سياره + ملحق خارجي + مجلس رجال بدورة مياه ومغسلة + مؤسس مصعد + صاله كبيره بها مدخل النساء + مطبخ + غرفه خادمه بدوره مياه + غرفه كبار سن + مغسلة ودورة مياة 
<><><><><><><><>
الدور الأول العلوي 
صاله + 4 غرف نوم منهم غرفتين ماستر + دورة مياه 
اجمالي دورات المياه فى الدور 3
<><><><><><><><><>
نظام الشقه 
مدخلين 
مدخل لمجلس الرجال وبه دورة مياه ومغسلة 
المدخل الثاني _ صاله + مطبخ + غرفتين نوم + دورة مياه + 
السطح بمدخل لحاله من الدرج 
<><><><><><><><><><><>
باقي استخراج شهادة إتمام البناء 
وتركيب عدادات الكهرباء 
______________
التواصل مؤسسة الاعمار الذكيه
((رقم المعلن يظهر عند التواصل)) واتساب",24.838149,46.892705,https://images.aqar.fm/webp/750x0/props/049687094_1773851319875.jpg | https://images.aqar.fm/webp/750x0/props/049687096_1764849665537.jpg | https://images.aqar.fm/webp/750x0/props/049687092_1764849665373.jpg | https://images.aqar.fm/webp/750x0/props/049687090_1764849665241.jpg | https://images.aqar.fm/webp/750x0/props/049687098_1764849665668.jpg,5,عبدالله بن حمد بن عبدالله العامر,مؤسسة الإعمار الذكيه للخدمات العقارية,1,2025-10-14,2025-10-14,2026-08-23,1211,2026-08-23,True,"1,600,000",False,فيلا
6647861,https://sa.aqar.fm/فلل-للبيع/الرياض/شرق-الرياض/حي-الجنادرية/شارع-الغصون-حي-الجنادرية-مدينة-الرياض-منطقة-الرياض-6647861,"فيلا للبيع في شارع الغصون, حي الجنادرية, مدينة الرياض, منطقة الرياض",1300000,415,5,0,0,0,حي الجنادرية,الرياض,شرق الرياض,"👌🏻 فرصة سكنية مميزة في حي غصون شرق الرياض 
📍موقع متطور وقريب من جميع الخدمات.

🔘( فيلا درج داخلي مع شقة) 

✏️ المساحة :360 م
💵 السعر  :  1,400,000 قابل للتفاوض 

🏠 المواصفات: 

*  مجلس
*   مقلط 
* 5 غرف نوم 4 منها ماستر
* مطبخ + غرفة تخزين
* صاله كبيرة
* مدخل نساء ورجال 
 
● تفاصيل الشقة 

• غرفتين نوم منها ماستر
* مجلس 
* سطح واسع
* عداد مستقل 
* خزان مستقل 

———

مواصفات اخرى : 
• خزان وعداد مستقل 
* مطابقة للكود السعودي. 
* ضمان 25 سنوات.
* عمر العقار جديد.
* واجهة جنوبية 
* عرض الشارع 18
* ماء وكهرب راكب.
* قريب مرفق  حديقه +مسجد 

للتواصل : ابو عبدالله | 0581037475",24.847124,46.885522,https://images.aqar.fm/webp/750x0/props/004670691_1775727834979.jpg | https://images.aqar.fm/webp/750x0/props/004670692_1775727848091.jpg | https://images.aqar.fm/webp/750x0/props/004670694_1775727848081.jpg | https://images.aqar.fm/webp/750x0/props/004670693_1775727848091.jpg | https://images.aqar.fm/webp/750x0/props/004670696_1775727848100.jpg | https://images.aqar.fm/webp/750x0/props/004670695_1775727848090.jpg | https://images.aqar.fm/webp/750x0/props/004670699_1775727848099.jpg | https://images.aqar.fm/webp/750x0/props/004670695_1775727848094.jpg,8,جابر ال فهاد,شركة ركائز الروعة,1,2026-04-09,2026-08-03,2026-08-23,1859,2026-08-23,True,"1,300,000",False,فيلا
6485406,https://sa.aqar.fm/فلل-للبيع/الرياض/شرق-الرياض/حي-الجنادرية/شارع-رقم-150-حي-الجنادرية-مدينة-الرياض-منطقة-الرياض-6485406,"فيلا للبيع في شارع رقم 150, حي الجنادرية, مدينة الرياض, منطقة الرياض",1500000,360,7,,,6,حي الجنادرية,الرياض,شرق الرياض,"فيلا للبيع بالرياض حي الجنادرية مخطط المعالي بالتفاصيل الموضحه بالاعلان ..
للتواصل مكتب رويتك بالمونسيه
ابو سالم ((رقم المعلن يظهر عند التواصل))",24.842663,46.879867,https://images.aqar.fm/webp/750x0/props/035658917_1764425275986.jpg | https://images.aqar.fm/webp/750x0/props/035658912_1764425276113.jpg | https://images.aqar.fm/webp/750x0/props/035658918_1764425276209.jpg | https://images.aqar.fm/webp/750x0/props/035658918_1764425276324.jpg | https://images.aqar.fm/webp/750x0/props/035658914_1764425276483.jpg | https://images.aqar.fm/webp/750x0/props/035658913_1764425276577.jpg | https://images.aqar.fm/webp/750x0/props/035658914_1764425276598.jpg,7,فاطمه القحطاني,مؤسسة مكتب رؤيتك للعقارات,1,2025-11-29,2025-11-29,2026-08-22,1382,2026-08-23,True,"1,500,000",False,فيلا
6747769,https://sa.aqar.fm/فلل-للبيع/الرياض/شرق-الرياض/حي-الجنادرية/شارع-1002375887-حي-الجنادرية-مدينة-الرياض-منطقة-الرياض-6747769,"فيلا للبيع في شارع 1002375887, حي الجنادرية, مدينة الرياض, منطقة الرياض",920000,272,4,4,2,0,حي الجنادرية,الرياض,شرق الرياض,"🏡 فلة للبيع – حي الجنادريه 
📐 المساحة: 272م
📍 شارع 18م
🔹 درج داخلي 
🔹 تفاصيل الفله 
-مجلس 
-مقلط 
-صاله ومدخل نساء 
-مطبخ 
- ٤ غرف نوم غرفتين ماستر ✨
💰 السعر : 940,000 قابل للتفاوض",24.904668,46.962754,https://images.aqar.fm/webp/750x0/props/002843267_1782396229453.jpg | https://images.aqar.fm/webp/750x0/props/002843269_1782396229346.jpg | https://images.aqar.fm/webp/750x0/props/002843269_1782396229381.jpg | https://images.aqar.fm/webp/750x0/props/002843265_1782396229379.jpg | https://images.aqar.fm/webp/750x0/props/002843260_1782396229382.jpg | https://images.aqar.fm/webp/750x0/props/002843268_1782396229384.jpg | https://images.aqar.fm/webp/750x0/props/002843261_1782396229454.jpg | https://images.aqar.fm/webp/750x0/props/002843261_1782396229383.jpg,8,حسين سعود محمد ابونيان,شركة نجمة التميز للعقارات شركة شخص واحد,1,2026-06-25,2026-07-24,2026-08-20,254,2026-08-23,True,"920,000",False,فيلا
6444620,https://sa.aqar.fm/فلل-للبيع/الرياض/شرق-الرياض/حي-الجنادرية/شارع-6667-حي-الجنادرية-مدينة-الرياض-منطقة-الرياض-6444620,"فيلا للبيع في شارع 6667, حي الجنادرية, مدينة الرياض, منطقة الرياض",1000000,315,7,5,1,0,حي الجنادرية,الرياض,شرق الرياض,"عملائنا الكرام اسعد الله اوقاتكم بالخير والبركات 🤍 
نقدم لكم  فيلا تاون هاوس درج داخلي 
تتميز المشروع بتصاميم معمارية حديثة وانيقة تجمع بين الجمالية والوظيفية 
مريحة وجذابة 
مساحات متنوعة
يقع الدور في موقع مميز يوفر سهولة الوصول الي المسجد  والمرافق الحيوية مثل المدارس المستشفيات مراكز التسويق مما يجعل الحياة اليومية اكثر سهولة وراحة 
تصاميم عصرية تامين ملاذ ضمان ٢٥ عام 
للتواصل والاستفسار 
جوال + واتس اب 
((رقم المعلن يظهر عند التواصل))",24.860075,46.913319,https://images.aqar.fm/webp/750x0/props/042362590_1761677765171.jpg | https://images.aqar.fm/webp/750x0/props/042362593_1761677765180.jpg | https://images.aqar.fm/webp/750x0/props/042362596_1761677765186.jpg | https://images.aqar.fm/webp/750x0/props/042362598_1761677765180.jpg | https://images.aqar.fm/webp/750x0/props/042362598_1761677765184.jpg | https://images.aqar.fm/webp/750x0/props/042362598_1761677765176.jpg | https://images.aqar.fm/webp/750x0/props/042362592_1761677765175.jpg | https://images.aqar.fm/webp/750x0/props/042362598_1761677765259.jpg | https://images.aqar.fm/webp/750x0/props/042362596_1761677765179.jpg | https://images.aqar.fm/webp/750x0/props/042362599_1761677765178.jpg,10,منيره خالد مقبل القحطاني,مؤسسة البداية الصحيحة للخدمات العقارية,1,2025-10-28,2025-10-28,2026-08-15,939,2026-08-23,True,"1,000,000",False,فيلا
6521389,https://sa.aqar.fm/فلل-للبيع/الرياض/شرق-الرياض/حي-الجنادرية/شارع-أبي-عبد-الرحمن-القصير-حي-الجنادرية-مدينة-الرياض-منطقة-الرياض-6521389,"فيلا للبيع في شارع أبي عبد الرحمن القصير, حي الجنادرية, مدينة الرياض, منطقة الرياض",1700000,361,,,,0,حي الجنادرية,الرياض,شرق الرياض,"فله فاخره في حي الجنادريه في بوابة الشرق مساحه واسعه
الفله عباره عن فله درج داخلي مع شقتين 
جميع الضمانات على السباكه وكذلك الكهرباء

تامين شركة التعاونيه لمدة 10 سنوات",24.900975,46.955251,https://images.aqar.fm/webp/750x0/props/050173641_1766680560863.jpg | https://images.aqar.fm/webp/750x0/props/050173642_1766680560860.jpg | https://images.aqar.fm/webp/750x0/props/050173642_1766680560972.jpg | https://images.aqar.fm/webp/750x0/props/050173647_1766680560957.jpg | https://images.aqar.fm/webp/750x0/props/050173646_1766680560974.jpg | https://images.aqar.fm/webp/750x0/props/050173640_1766680560977.jpg | https://images.aqar.fm/webp/750x0/props/050173645_1766680560381.jpg | https://images.aqar.fm/webp/750x0/props/050173644_1766680560377.jpg | https://images.aqar.fm/webp/750x0/props/050173644_1766680596088.jpg | https://images.aqar.fm/webp/750x0/props/050173641_1766680596048.jpg | https://images.aqar.fm/webp/750x0/props/050173640_1766680596151.jpg | https://images.aqar.fm/webp/750x0/props/050173646_1766680596054.jpg | https://images.aqar.fm/webp/750x0/props/050173645_1766680596066.jpg | https://images.aqar.fm/webp/750x0/props/050173647_1766680596074.jpg | https://images.aqar.fm/webp/750x0/props/050173648_1766680596156.jpg | https://images.aqar.fm/webp/750x0/props/050173646_1766680596141.jpg,16,ولاء مسير,مكتب ملاذ عنيزة للتطوير والاستثمار العقاري,1,2025-12-25,2025-12-25,2026-07-15,189,2026-08-23,True,"1,700,000",False,فيلا
6412217,https://sa.aqar.fm/فلل-للبيع/الرياض/شرق-الرياض/حي-الجنادرية/شارع-رقم-158-حي-الجنادرية-مدينة-الرياض-منطقة-الرياض-6412217,"فيلا للبيع في شارع رقم 158, حي الجنادرية, مدينة الرياض, منطقة الرياض",1700000,453,7,,,0,حي الجنادرية,الرياض,شرق الرياض,"للتواصل ((رقم المعلن يظهر عند التواصل))


حي الجنادرية مخطط غصون 

فيلا درج داخلي تصميم مميز",24.84785,46.891003,https://images.aqar.fm/webp/750x0/props/042914506_1759957174116.jpg | https://images.aqar.fm/webp/750x0/props/042914506_1759957193706.jpg | https://images.aqar.fm/webp/750x0/props/042914508_1759957193730.jpg | https://images.aqar.fm/webp/750x0/props/042914501_1759957193769.jpg | https://images.aqar.fm/webp/750x0/props/042914506_1759957193784.jpg | https://images.aqar.fm/webp/750x0/props/042914502_1759957193803.jpg | https://images.aqar.fm/webp/750x0/props/042914503_1759957193827.jpg | https://images.aqar.fm/webp/750x0/props/042914503_1759957193863.jpg | https://images.aqar.fm/webp/750x0/props/042914500_1759957193878.jpg | https://images.aqar.fm/webp/750x0/props/042914508_1759957287442.jpg | https://images.aqar.fm/webp/750x0/props/042914509_1759957287451.jpg | https://images.aqar.fm/webp/750x0/props/042914508_1759957287495.jpg | https://images.aqar.fm/webp/750x0/props/042914505_1759957287466.jpg | https://images.aqar.fm/webp/750x0/props/042914501_1759957287494.jpg | https://images.aqar.fm/webp/750x0/props/042914502_1759957287511.jpg | https://images.aqar.fm/webp/750x0/props/042914505_1759957287530.jpg | https://images.aqar.fm/webp/750x0/props/042914502_1759957287550.jpg | https://images.aqar.fm/webp/750x0/props/042914500_1759957362187.jpg | https://images.aqar.fm/webp/750x0/props/042914500_1759957362226.jpg | https://images.aqar.fm/webp/750x0/props/042914506_1759957362197.jpg | https://images.aqar.fm/webp/750x0/props/042914504_1759957362232.jpg | https://images.aqar.fm/webp/750x0/props/042914501_1759957362252.jpg | https://images.aqar.fm/webp/750x0/props/042914503_1759957362279.jpg | https://images.aqar.fm/webp/750x0/props/042914503_1759957362272.jpg | https://images.aqar.fm/webp/750x0/props/042914505_1759957362307.jpg,25,ماجد البقمي,,0,2025-10-06,2025-10-06,2026-08-18,1224,2026-08-23,True,"1,700,000",False,فيلا
6408941,https://sa.aqar.fm/فلل-للبيع/الرياض/شرق-الرياض/حي-الجنادرية/حي-الجنادرية-مدينة-الرياض-منطقة-الرياض-6408941,"فيلا للبيع في حي الجنادرية, مدينة الرياض, منطقة الرياض",1235000,250,5,,,0,حي الجنادرية,الرياض,شرق الرياض,"فيلا درج داخلي مع شقة بمساحه 250 م مقابل مرفق حكومي حديقة وجامع بواجهه شرقية شارع 15 
الدور الارضي :
حوش بمدخل سيارة - مدخلين للفيلا - مجلس رجال - دورة مياة - مقلط - صالة واسعه - حوش خارجي للصاله - مطبخ - غرفة كبار السن - دورة مياة 
الدور الاول :
صالة بشرف خارجيه - 3 غرف نوم - دورتين مياة تخدم الغرف والصالة - غرفة نوم رئيسية بغرفه خزائن ودورة مياة خاصه وشرفه خارجيه 
الشقة :
مجلس بشرفة خارجيه - دورة مياه تخدم المجلس - صالة - مطبخ - دورة مياة - غرفه نوم - غرفة نوم بحوش خلفي 
الضمانات والموقع والسعر :
ضمانات شامله - إشراف هندسي 
تقع في بوابة الشرق بالقرب من جميع الخدمات والطرق الرئيسيه طريق خريص وطريق الدمام
السعر : 1,250,000",24.90695,46.960901,https://images.aqar.fm/webp/750x0/props/048158703_1759492270801.jpg | https://images.aqar.fm/webp/750x0/props/048158705_1759492270841.jpg | https://images.aqar.fm/webp/750x0/props/048158707_1759492270805.jpg | https://images.aqar.fm/webp/750x0/props/048158702_1759492270800.jpg | https://images.aqar.fm/webp/750x0/props/048158705_1759492270798.jpg | https://images.aqar.fm/webp/750x0/props/048158702_1759492270801.jpg | https://images.aqar.fm/webp/750x0/props/048158708_1759492270801.jpg | https://images.aqar.fm/webp/750x0/props/048158703_1759492270814.jpg | https://images.aqar.fm/webp/750x0/props/048158701_1759492307192.jpg | https://images.aqar.fm/webp/750x0/props/048158708_1759492307184.jpg | https://images.aqar.fm/webp/750x0/props/048158708_1759492307187.jpg | https://images.aqar.fm/webp/750x0/props/048158700_1759492307191.jpg | https://images.aqar.fm/webp/750x0/props/048158707_1759492307194.jpg | https://images.aqar.fm/webp/750x0/props/048158707_1759492307206.jpg | https://images.aqar.fm/webp/750x0/props/048158707_1759492307197.jpg | https://images.aqar.fm/webp/750x0/props/048158708_1759492345517.jpg | https://images.aqar.fm/webp/750x0/props/048158704_1759492345520.jpg | https://images.aqar.fm/webp/750x0/props/048158700_1759492345508.jpg | https://images.aqar.fm/webp/750x0/props/048158700_1759492345534.jpg | https://images.aqar.fm/webp/750x0/props/048158701_1759492345540.jpg | https://images.aqar.fm/webp/750x0/props/048158708_1759492345528.jpg | https://images.aqar.fm/webp/750x0/props/048158709_1759492364793.jpg | https://images.aqar.fm/webp/750x0/props/048158704_1759492364831.jpg | https://images.aqar.fm/webp/750x0/props/048158706_1759492364805.jpg | https://images.aqar.fm/webp/750x0/props/048158703_1759492364822.jpg | https://images.aqar.fm/webp/750x0/props/048158703_1759492462471.jpg | https://images.aqar.fm/webp/750x0/props/048158708_1759492462462.jpg | https://images.aqar.fm/webp/750x0/props/048158708_1759492462486.jpg | https://images.aqar.fm/webp/750x0/props/048158702_1759492462481.jpg | https://images.aqar.fm/webp/750x0/props/048158702_1759492462474.jpg,30,فهد ذائب بن عاتق المطيري,,,2025-10-03,2025-10-03,2026-08-23,518,2026-08-23,True,"1,235,000",False,فيلا
6662906,https://sa.aqar.fm/فلل-للبيع/الرياض/شرق-الرياض/حي-الجنادرية/شارع-رقم-150-حي-الجنادرية-مدينة-الرياض-منطقة-الرياض-6662906,"فيلا للبيع في شارع رقم 150, حي الجنادرية, مدينة الرياض, منطقة الرياض",1500000,360,4,4,1,6,حي الجنادرية,الرياض,شرق الرياض,"فيلا للبيع بالرياض بحي الجنادرية
المساحة 360م
الواجهة جنوبية
تفتح على شارع 15م
الفيلا دور ومؤسس 3 شقق علوية
الفيلا مرهونه لدى بنك تجاري

تتكون من التالي:
الدور الارضي:
مدخل سيارة
حوش 
ملحق 
مجلس رجال
مقلط 
صالة واسعة
مجلس نساء
مطبخ 
3 غرف نوم واحدة منها ماستر
غرفة خادمة
4 دورات مياه

الدور العلوي:
استديو ( مؤجر 2000 ريال شهري)


الحــــــــــــــد 1500000 ريال (مع البنك)

ـــــــــــــــــــــــــــــــــــــــــــــــــــــــــــــــــــــــ

سهم للاستثمارت العقارية 
المبيعات

0547088878 - 0564664290 - 0565568373

الايجار 
0564664190 -   0569639060

حساب السناب 
https://snapchat.com/t/WRncqIeP",24.842538,46.879636,https://images.aqar.fm/webp/750x0/props/026021335_1776703834279.png | https://images.aqar.fm/webp/750x0/props/026021333_1776703838589.jpg | https://images.aqar.fm/webp/750x0/props/026021337_1776704060006.jpg | https://images.aqar.fm/webp/750x0/props/026021334_1776704060002.jpg | https://images.aqar.fm/webp/750x0/props/026021331_1776704060004.jpg | https://images.aqar.fm/webp/750x0/props/026021334_1776704060010.jpg | https://images.aqar.fm/webp/750x0/props/026021331_1776704060009.jpg,7,أسماء محمد,مؤسسة سهم المطور العقارية,1,2026-04-20,2026-08-15,2026-08-15,602,2026-08-23,True,"1,500,000",False,فيلا
6796593,https://sa.aqar.fm/فلل-للبيع/الرياض/شرق-الرياض/حي-الجنادرية/حي-الجنادرية-مدينة-الرياض-منطقة-الرياض-6796593,"فيلا للبيع في حي الجنادرية, مدينة الرياض, منطقة الرياض",540000,152,4,0,0,0,حي الجنادرية,الرياض,شرق الرياض,"العلوي 
مدخلين 
ثلاث غرف نوم وحده ماستر 
مجلس 
صاله
مطبخ 
غرفة خادمه وغسيل 
سطح

مسطح البناء 202",24.903083,46.95826,https://images.aqar.fm/webp/750x0/props/012839481_1785346363202.jpg | https://images.aqar.fm/webp/750x0/props/012839483_1785346363216.jpg | https://images.aqar.fm/webp/750x0/props/012839485_1785346363198.jpg | https://images.aqar.fm/webp/750x0/props/012839488_1785346363198.jpg | https://images.aqar.fm/webp/750x0/props/012839489_1785346363218.jpg | https://images.aqar.fm/webp/750x0/props/012839486_1785346363213.jpg,6,ضيف الله مطلق زبار البقمي,,,2026-07-29,2026-07-29,2026-08-18,158,2026-08-23,True,"540,000",False,فيلا
6633767,https://sa.aqar.fm/فلل-للبيع/الرياض/شرق-الرياض/حي-الجنادرية/شارع-781-الجنادرية-حي-الجنادرية-مدينة-الرياض-منطقة-الرياض-6633767,"فيلا للبيع في شارع 781 الجنادرية, حي الجنادرية, مدينة الرياض, منطقة الرياض",1600000,300,,0,0,0,حي الجنادرية,الرياض,شرق الرياض,"🏡 فرصة استثمارية وسكن فاخر في حي (بوابة الشرق ) 
📍 الموقع: (بوابة الشرق)
      المساحة: (300) متر
      درج داخلي مع شقتين 
🆕 (جديدة / عمر العقار)
🔸 الفيلا الرئيسية:
الدور الارضي (درج داخلي، مجلس، مقلط ، صالة كبيرة، غرفة كبار سن، مطبخ ، 2غرف نوم ماستر،1 غرفة نوم )
🏢 مميزات إضافية (مصدر دخل):
✔ شقة مستقلة في الدور الأول
      مجلس صالة غرفتين نوم 2 حمام 
✔ شقة مستقلة في الدور الثاني
      مجلس صالة غرفتين نوم 2 حمام
💸 مناسبة للتأجير وتوفر دخل شهري ثابت
🔧 المواصفات:
✔ جميع الضمانات متوفرة
✔ ضمانات السباكة 
✔ ضمانات الكهرباء عزل الكهرباء 
✔ ضمان عزل الماء والخزان 
✔ ضمان البايكة 
✔ضمان العيوب الخفيه للمبنى 

📞 للتواصل والاستفسار:  ",24.902181,46.958921,https://images.aqar.fm/webp/750x0/props/008895986_1774721823431.jpg | https://images.aqar.fm/webp/750x0/props/008895989_1774721823443.jpg,2,محمد السبيعي,,,2026-03-28,2026-05-26,2026-07-19,208,2026-08-23,True,"1,600,000",False,فيلا
6769468,https://sa.aqar.fm/فلل-للبيع/الرياض/شرق-الرياض/حي-الجنادرية/شارع-عمر-ابن-حبيب-حي-الجنادرية-الرياض-منطقة-الرياض-6769468,فيلا للبيع في شارع عمر ابن حبيب ، حي الجنادرية ، الرياض ، منطقة الرياض,1350000,320,7,5,5,0,حي الجنادرية,الرياض,شرق الرياض,,24.848352,46.900227,https://images.aqar.fm/webp/750x0/props/053080143_1783798983556.jpg,1,فهد بن عويد بن مرمير العنزي,,,2026-07-11,,2026-07-11,28,2026-08-23,False,طلب تسويق,False,فيلا
6745872,https://sa.aqar.fm/فلل-للبيع/الرياض/شرق-الرياض/حي-الجنادرية/شارع-الثعيليبة-حي-الجنادرية-الرياض-منطقة-الرياض-6745872,فيلا للبيع في شارع الثعيليبة ، حي الجنادرية ، الرياض ، منطقة الرياض,900,300,5,5,1,3,حي الجنادرية,الرياض,شرق الرياض,"للبيع فيلا
بحي الجنادرية
ع فيلا بوابة الشرق
نموذج مميز
فيلا
المساحة 300 متر
عرض الشارع 15 متر
الواجهة شمالية
عمر العقار سنتين
شارع سكني
5 غرف
صالة
5 دورات مياة
درج
غرفة شغالة
حوش
مدخل سيارة
السوم 900 
مباشر مع المالك
المساحة 300 متر",24.907663,46.944466,https://images.aqar.fm/webp/750x0/props/053549129_1782287000790.jpg | https://images.aqar.fm/webp/750x0/props/053549120_1782287000804.jpg | https://images.aqar.fm/webp/750x0/props/053549120_1782287000790.jpg | https://images.aqar.fm/webp/750x0/props/053549124_1782287000791.jpg | https://images.aqar.fm/webp/750x0/props/053549123_1782287000792.jpg | https://images.aqar.fm/webp/750x0/props/053549124_1782287000790.jpg | https://images.aqar.fm/webp/750x0/props/053549128_1782287000801.jpg | https://images.aqar.fm/webp/750x0/props/053549127_1782287000794.jpg,8,عمر بن محمد بن عبيد الحربي,,,2026-06-24,,2026-08-22,58,2026-08-23,False,طلب تسويق,False,فيلا
6755042,https://sa.aqar.fm/فلل-للبيع/الرياض/شرق-الرياض/حي-الجنادرية/شارع-العمره-حي-الجنادرية-مدينة-الرياض-منطقة-الرياض-6755042,"فيلا للبيع في شارع  العمره, حي الجنادرية, مدينة الرياض, منطقة الرياض",1700000,312,,,,0,حي الجنادرية,الرياض,شرق الرياض,"فيلا شبه متصله -  دورين ، درج داخلي + شقة  مستقلة - الرياض حي الجنادرية .

   مكونة من :
الدور الأرضي
مجلس – صاله – مقلط – مطبخ – 3 دورات مياه 

 الدور الأول:
صاله – 3 غرف ماستر – غرفه – 2 دورات مياه 

شقة مستقلة تتكون من : 
🔹 :مدخلين
•مدخل الرجال 
  مجلس اطلاله  - شرفة - سطح واسع- ركن كوفي -  دورة مياه
• مدخل النساء 
صالة كبيرة واسعة – مطبخ - غرفة ماستر - غرفة أطفال - ركن كوفي

مميزات العقار 
 نوافذ زجاج ، غرفة خادمة ، ملحق خارجي ، تأسيس مصعد ، حوش ، سطح ، غرفة غسيل ، مدخل سيارة 
، قريب من الخدمات

الضمانات :
يتوفر جميع الضمانات .

رقم العرض: 19433
رقم ترخيص الإعلان: 7201025119 
 رقم رخصة فال: 1200019203 
 
يتوفر الدفع كاش او تقسيط من البنك .",24.84172,46.890768,https://images.aqar.fm/webp/750x0/props/025113871_1782901205032.jpg | https://images.aqar.fm/webp/750x0/props/025113876_1782901205033.jpg | https://images.aqar.fm/webp/750x0/props/025113879_1782901205031.jpg | https://images.aqar.fm/webp/750x0/props/025113874_1782901205033.jpg | https://images.aqar.fm/webp/750x0/props/025113875_1782901205031.jpg | https://images.aqar.fm/webp/750x0/props/025113875_1782901205044.jpg | https://images.aqar.fm/webp/750x0/props/025113872_1782901205049.jpg | https://images.aqar.fm/webp/750x0/props/025113871_1782901205047.jpg | https://images.aqar.fm/webp/750x0/props/025113876_1782901205061.jpg | https://images.aqar.fm/webp/750x0/props/025113874_1782901205060.jpg | https://images.aqar.fm/webp/750x0/props/025113879_1782901205056.jpg | https://images.aqar.fm/webp/750x0/props/025113879_1782901205054.jpg | https://images.aqar.fm/webp/750x0/props/025113876_1782901205059.jpg | https://images.aqar.fm/webp/750x0/props/025113877_1782901205058.jpg | https://images.aqar.fm/webp/750x0/props/025113872_1782901205060.jpg,15,عبدالهادي سليمان,شركة إسكان سلمان العقارية,1,2026-07-01,2026-07-30,2026-08-20,371,2026-08-23,True,"1,700,000",False,فيلا
6652142,https://sa.aqar.fm/فلل-للبيع/الرياض/شرق-الرياض/حي-الجنادرية/شارع-خليفه-ابن-حمد-آل-ثاني-حي-الجنادرية-مدينة-الرياض-منطقة-الرياض-6652142,"فيلا للبيع في شارع  خليفه ابن حمد آل ثاني, حي الجنادرية, مدينة الرياض, منطقة الرياض",920000,257,7,5,2,0,حي الجنادرية,الرياض,شرق الرياض,"الـسـلام عـلـيـكم ورحـمـة الله وبركــاتــه

-—-—-—-—-—-—-—-—

 • • للبيــــــــع • •
* تاون هاوس ارضي بسطح

————————-
في حي الجنادريه
على شـارع  ٢٠ جنوبي
————————-

مواصفاتها :

* عليها شهادة اتمام البناء
* يوجد عليها ضمانات العزل
* يوجد تأمين ملاذ ضد العيوب الخفيه
*مسجد قريب 

————————-

تتكون: 
* مجلس خارجي
* مجلس داخلي
* مقلط ضيافه
* صاله واسعه
* مطبخ ب مستودع وغرفة خادمه
* غرفة نوم ماستر ( كبار سن )
* غرفة نوم ماستر
* غرفة نوم
* غرفة نوم
* سطح
* ٦ دورة مياه
————————-
* السعر  ١٠٠٠،٠٠٠
* رقم رخصة الوساطه 1100270266
* لـ الإسـتفسـار ٠٥٤٤٣٣٤٠٠٩",24.826528,46.883694,https://images.aqar.fm/webp/750x0/props/020063777_1776017592539.jpg | https://images.aqar.fm/webp/750x0/props/020063776_1776017592324.jpg | https://images.aqar.fm/webp/750x0/props/020063773_1776017592511.jpg | https://images.aqar.fm/webp/750x0/props/020063774_1776017726442.jpg | https://images.aqar.fm/webp/750x0/props/020063778_1776017726274.jpg | https://images.aqar.fm/webp/750x0/props/020063772_1776017726334.jpg | https://images.aqar.fm/webp/750x0/props/020063773_1776017726440.jpg | https://images.aqar.fm/webp/750x0/props/020063772_1776017726443.jpg | https://images.aqar.fm/webp/750x0/props/020063772_1776017726430.jpg | https://images.aqar.fm/webp/750x0/props/020063774_1776017726282.jpg | https://images.aqar.fm/webp/750x0/props/020063770_1776017726446.jpg | https://images.aqar.fm/webp/750x0/props/020063771_1776017743755.jpg | https://images.aqar.fm/webp/750x0/props/020063775_1776017743657.jpg,13,سلطان سفر مسفر المطيري,,,2026-04-12,2026-08-07,2026-08-21,727,2026-08-23,True,"920,000",False,فيلا
6610621,https://sa.aqar.fm/فلل-للبيع/الرياض/شرق-الرياض/حي-الجنادرية/حي-الجنادرية-مدينة-الرياض-منطقة-الرياض-6610621,"فيلا للبيع في حي الجنادرية, مدينة الرياض, منطقة الرياض",1252000,239,,,,0,حي الجنادرية,الرياض,شرق الرياض,"للبيع فلة مع شقه سكنية
بمخطط بوابة الشرق
تتكون الفيلا من :
-1- مجلس كبير .
-2- مقلط
-3- صالتين عائلية . 
 4-  أربع غرف نوم منها 2 ماستر  . 
تتكون الشقة من ( مجلس وصالة وغرفتين نوم ومطبخ . )

المساحة  
شارع عرض : 15 جنوبي 
رقم المخطط: 3768
رقم القطعة: 
السعر : 1300000 

شركة سمة الوسيط للعقارية
رقم ترخيص الإعلان

للتواصل
0551757777
0505584736",24.900504,46.966823,https://images.aqar.fm/webp/750x0/props/028564762_1772399453234.jpg | https://images.aqar.fm/webp/750x0/props/028564760_1772399453201.jpg | https://images.aqar.fm/webp/750x0/props/028564761_1772399453210.jpg | https://images.aqar.fm/webp/750x0/props/028564762_1772399453259.jpg | https://images.aqar.fm/webp/750x0/props/028564760_1772399453281.jpg | https://images.aqar.fm/webp/750x0/props/028564769_1772399453291.jpg | https://images.aqar.fm/webp/750x0/props/028564760_1772399453300.jpg | https://images.aqar.fm/webp/750x0/props/028564763_1772399453309.jpg | https://images.aqar.fm/webp/750x0/props/028564768_1772399453316.jpg | https://images.aqar.fm/webp/750x0/props/028564764_1772399453317.jpg | https://images.aqar.fm/webp/750x0/props/028564768_1772399453335.jpg | https://images.aqar.fm/webp/750x0/props/028564768_1772399453334.jpg | https://images.aqar.fm/webp/750x0/props/028564764_1772399453432.jpg | https://images.aqar.fm/webp/750x0/props/028564764_1772399453365.jpg | https://images.aqar.fm/webp/750x0/props/028564764_1772399453378.jpg | https://images.aqar.fm/webp/750x0/props/028564768_1772399453415.jpg | https://images.aqar.fm/webp/750x0/props/028564768_1772399453408.jpg | https://images.aqar.fm/webp/750x0/props/028564761_1772399453413.jpg | https://images.aqar.fm/webp/750x0/props/028564761_1772399453494.jpg | https://images.aqar.fm/webp/750x0/props/028564764_1772399453499.jpg | https://images.aqar.fm/webp/750x0/props/028564760_1772399453498.jpg | https://images.aqar.fm/webp/750x0/props/028564769_1772399453496.jpg | https://images.aqar.fm/webp/750x0/props/028564769_1772399453495.jpg | https://images.aqar.fm/webp/750x0/props/028564767_1772399453525.jpg | https://images.aqar.fm/webp/750x0/props/028564764_1772399453540.jpg | https://images.aqar.fm/webp/750x0/props/028564766_1772399453538.jpg | https://images.aqar.fm/webp/750x0/props/028564761_1772399453548.jpg | https://images.aqar.fm/webp/750x0/props/028564765_1772399453544.jpg | https://images.aqar.fm/webp/750x0/props/028564762_1772399453540.jpg,29,أحمد بن سعد بن معتق,شركة سمة الوسيط العقارية,1,2026-03-01,2026-07-25,2026-08-18,426,2026-08-23,True,"1,252,000",False,فيلا
6688282,https://sa.aqar.fm/فلل-للبيع/الرياض/شرق-الرياض/حي-الجنادرية/شارع-رقم-188-حي-الجنادرية-مدينة-الرياض-منطقة-الرياض-6688282,"فيلا للبيع في شارع رقم 188, حي الجنادرية, مدينة الرياض, منطقة الرياض",2475000,321,5,3,1,5,حي الجنادرية,الرياض,شرق الرياض,"للبيع فله حي المعالي شرق الرياض الدور الأرضي يتكون من 4 غرف نوم + مجلس + مقلط + 2 صاله + مطبخ + 3
دورة مياه
الدور الثاني
4 غرف نوم + مجلس + مقلط + صاله + مطبخ + 3 دورة مياه
الشقه
مجلس + صاله + 2 غرفة نوم + مطبخ + 2 دورة مياه مع السطح
البيت مؤجر بالكامل
الدور الأرضي 40 الف
الدور الثاني 30 الف
الشقه 18 الف
الشارع 15
مساحة العقار 321

للتواصل 

0500490214",24.849852,46.885209,https://images.aqar.fm/webp/750x0/props/014267444_1778269307352.jpg,1,عبدالرحمن ناصر بن احمد السيد,مؤسسة اوج المساكن,1,2026-05-08,2026-08-04,2026-08-04,274,2026-08-23,True,"2,475,000",False,فيلا
6387600,https://sa.aqar.fm/فلل-للبيع/الرياض/شرق-الرياض/حي-الجنادرية/شارع-123-حي-الجنادرية-مدينة-الرياض-منطقة-الرياض-6387600,"فيلا للبيع في شارع 123, حي الجنادرية, مدينة الرياض, منطقة الرياض",970000,174,5,,,0,حي الجنادرية,الرياض,شرق الرياض,"للتواصل ((رقم المعلن يظهر عند التواصل))
الجنادرية 
فله درج داخلي 
تصميم مميز",24.846238,46.90431,https://images.aqar.fm/webp/750x0/props/042914500_1770952451934.jpg | https://images.aqar.fm/webp/750x0/props/042914505_1770952461098.jpg | https://images.aqar.fm/webp/750x0/props/042914502_1770952460956.jpg | https://images.aqar.fm/webp/750x0/props/042914506_1770952460961.jpg | https://images.aqar.fm/webp/750x0/props/042914507_1770952460946.jpg | https://images.aqar.fm/webp/750x0/props/042914505_1770952460955.jpg,6,ماجد البقمي,,0,2025-09-17,2025-09-17,2026-08-18,888,2026-08-23,True,"970,000",False,فيلا
6818594,https://sa.aqar.fm/فلل-للبيع/الرياض/شرق-الرياض/حي-الجنادرية/شارع-الزهور-حي-الجنادرية-مدينة-الرياض-منطقة-الرياض-6818594,"فيلا للبيع في شارع الزهور, حي الجنادرية, مدينة الرياض, منطقة الرياض",1500000,249,,0,0,0,حي الجنادرية,الرياض,شرق الرياض,"كود 13
♦️ فيلا  درج داخلي مع شقة للبيع 
♦️  الجنادرية    
مساحة  : 250 متر
السعر  : مليون و500 الف ريال  
       (  8 غرف )
الدور الارضي يتكون من :👇🏻

🔹 حوش ومدخل سيارة 
🔹 مجلس ومقلط بحمام ومغاسل 
🔹 صاله كبيره بحمام ومغاسل 
🔹 مطبخ مغلق مع غرفة خادمة  

الدور الاول :👇🏻

🔹 صاله
🔹 جناح ماستر 
🔹عدد 2 غرف بحمام ومغاسل خارجي
 
 الشقة تتكون من :👇🏻

🔹 سطح 
🔹 مجلس بحمام ومغاسل 
🔹 صاله 
🔹 مطبخ مغلق
🔹2 غرف نوم بحمام ومغاسل 
 
🔻ملحوظات
♦️ درج داخلي   
♦️ واجهه شماليه
♦️ شارع 20 متر  
♦️ عدادت مياه وكهرباء مستقله 
◼️يوجد جميع الضمانات",24.848557,46.898671,https://images.aqar.fm/webp/750x0/props/031043783_1786545199752.jpg | https://images.aqar.fm/webp/750x0/props/031043780_1786545209724.jpg | https://images.aqar.fm/webp/750x0/props/031043787_1786545209851.jpg | https://images.aqar.fm/webp/750x0/props/031043788_1786545209858.jpg | https://images.aqar.fm/webp/750x0/props/031043786_1786545209836.jpg | https://images.aqar.fm/webp/750x0/props/031043784_1786545209836.jpg | https://images.aqar.fm/webp/750x0/props/031043789_1786545209731.jpg | https://images.aqar.fm/webp/750x0/props/031043784_1786545209874.jpg | https://images.aqar.fm/webp/750x0/props/031043789_1786545209842.jpg | https://images.aqar.fm/webp/750x0/props/031043785_1786545227491.jpg | https://images.aqar.fm/webp/750x0/props/031043783_1786545227601.jpg | https://images.aqar.fm/webp/750x0/props/031043785_1786545227608.jpg | https://images.aqar.fm/webp/750x0/props/031043787_1786545227492.jpg | https://images.aqar.fm/webp/750x0/props/031043787_1786545227512.jpg | https://images.aqar.fm/webp/750x0/props/031043787_1786545227493.jpg | https://images.aqar.fm/webp/750x0/props/031043789_1786545227476.jpg | https://images.aqar.fm/webp/750x0/props/031043780_1786545227603.jpg,17,هدى علي عشوي العنزي,مكتب هدى علي عشوي العنزي العقارية,1,2026-08-12,2026-08-12,2026-08-17,32,2026-08-23,True,"1,500,000",False,فيلا
6792948,https://sa.aqar.fm/فلل-للبيع/الرياض/شرق-الرياض/حي-الجنادرية/شارع-الضياء-حي-الجنادرية-الرياض-منطقة-الرياض-6792948,فيلا للبيع في شارع الضياء ، حي الجنادرية ، الرياض ، منطقة الرياض,530000,160,3,3,2,0,حي الجنادرية,الرياض,شرق الرياض,"دور علوي مع حوش خاص فيها
3 غرف نوم 
3 حمام 
صالتين مفتوحه على بعض
مجلس",24.846399,46.893074,https://images.aqar.fm/webp/750x0/props/047345068_1785165812592.jpg | https://images.aqar.fm/webp/750x0/props/047345067_1785165812560.jpg | https://images.aqar.fm/webp/750x0/props/047345061_1785165812541.jpg | https://images.aqar.fm/webp/750x0/props/047345064_1785165812556.jpg | https://images.aqar.fm/webp/750x0/props/047345067_1785165812648.jpg | https://images.aqar.fm/webp/750x0/props/047345066_1785165812551.jpg | https://images.aqar.fm/webp/750x0/props/047345064_1785165812625.jpg | https://images.aqar.fm/webp/750x0/props/047345060_1785165812724.jpg,8,روان شداد بن غزاي المطيري,,,2026-07-27,,2026-07-27,33,2026-08-23,False,طلب تسويق,False,فيلا
6612360,https://sa.aqar.fm/فلل-للبيع/الرياض/شرق-الرياض/حي-الجنادرية/شارع-رقم-192-حي-الجنادرية-مدينة-الرياض-منطقة-الرياض-6612360,"فيلا للبيع في شارع رقم 192, حي الجنادرية, مدينة الرياض, منطقة الرياض",1770000,254,6,0,0,0,حي الجنادرية,الرياض,شرق الرياض,"7100234395
7100234395
7100234395
7100234395
7100234395",24.853009,46.886801,https://images.aqar.fm/webp/750x0/props/042914500_1772599186501.jpg | https://images.aqar.fm/webp/750x0/props/042914508_1772599493808.jpg | https://images.aqar.fm/webp/750x0/props/042914507_1772599493834.jpg | https://images.aqar.fm/webp/750x0/props/042914502_1772599493831.jpg | https://images.aqar.fm/webp/750x0/props/042914503_1772599493920.jpg | https://images.aqar.fm/webp/750x0/props/042914509_1772599493836.jpg,6,ماجد البقمي,,0,2026-03-03,2026-03-03,2026-08-18,223,2026-08-23,True,"1,770,000",False,فيلا
6737522,https://sa.aqar.fm/فلل-للبيع/الرياض/شرق-الرياض/حي-الجنادرية/شارع-رقم-192-حي-الجنادرية-مدينة-الرياض-منطقة-الرياض-6737522,"فيلا للبيع في شارع رقم 192, حي الجنادرية, مدينة الرياض, منطقة الرياض",1100000,270,5,0,0,6,حي الجنادرية,الرياض,شرق الرياض,"للبيع فيلا درج داخلي شمالية شارع 15 و ممر 


يوجد رهن على الفيلا",24.851591,46.885569,https://images.aqar.fm/webp/750x0/props/003855294_1781762735987.jpg | https://images.aqar.fm/webp/750x0/props/003855298_1781762735987.jpg,2,خليفه العنزي,مؤسسة مكتب مناهج الفلاح للعقارات,1,2026-06-18,2026-08-15,2026-08-17,215,2026-08-23,True,"1,100,000",False,فيلا
6661754,https://sa.aqar.fm/فلل-للبيع/الرياض/شرق-الرياض/حي-الجنادرية/شارع-الجنادرية-الفرعي-حي-المعيزيلة-مدينة-الرياض-منطقة-الرياض-6661754,"فيلا للبيع في شارع الجنادرية الفرعي, حي المعيزيلة, مدينة الرياض, منطقة الرياض",1800000,240,,5,5,0,حي الجنادرية,الرياض,شرق الرياض,"فيلا في حي المعيزيلة مكونة من /

الدور الارضي: ملحق خارجي +مجلس +مقلط + صالتين مفتوحه على بعض +مطبخ+ ثنين دورات مياه

الدور الاول:  اربعة غرف ماستر وصالة

الدور الثاني: غرفتين ماستر والسطح

تقبل جميع البنوك ، يوجد عليها جميع الضمانات",24.802426,46.854371,https://images.aqar.fm/webp/750x0/props/008163539_1776630981569.jpg | https://images.aqar.fm/webp/750x0/props/008163538_1776630990667.jpg | https://images.aqar.fm/webp/750x0/props/008163539_1776631006172.jpg | https://images.aqar.fm/webp/750x0/props/008163532_1776631025567.jpg | https://images.aqar.fm/webp/750x0/props/008163535_1776631025586.jpg | https://images.aqar.fm/webp/750x0/props/008163532_1776631025572.jpg | https://images.aqar.fm/webp/750x0/props/008163530_1776631025574.jpg | https://images.aqar.fm/webp/750x0/props/008163531_1776631025566.jpg | https://images.aqar.fm/webp/750x0/props/008163530_1776631025572.jpg | https://images.aqar.fm/webp/750x0/props/008163538_1776631025586.jpg | https://images.aqar.fm/webp/750x0/props/008163538_1776631025571.jpg | https://images.aqar.fm/webp/750x0/props/008163534_1776631049008.jpg | https://images.aqar.fm/webp/750x0/props/008163533_1776631049027.jpg | https://images.aqar.fm/webp/750x0/props/008163537_1776631049032.jpg | https://images.aqar.fm/webp/750x0/props/008163537_1776631049039.jpg | https://images.aqar.fm/webp/750x0/props/008163539_1776631049026.jpg | https://images.aqar.fm/webp/750x0/props/008163532_1776631049026.jpg | https://images.aqar.fm/webp/750x0/props/008163535_1776631049037.jpg | https://images.aqar.fm/webp/750x0/props/008163538_1776631049044.jpg | https://images.aqar.fm/webp/750x0/props/008163531_1776631063096.jpg | https://images.aqar.fm/webp/750x0/props/008163535_1776631063089.jpg | https://images.aqar.fm/webp/750x0/props/008163537_1776631063091.jpg | https://images.aqar.fm/webp/750x0/props/008163533_1776631063100.jpg | https://images.aqar.fm/webp/750x0/props/008163536_1776631063093.jpg | https://images.aqar.fm/webp/750x0/props/008163534_1776631063111.jpg,25,نبويه محمد,مؤسسة جسر الاستقرار العقارية,1,2026-04-19,2026-07-16,2026-08-21,499,2026-08-23,True,"1,800,000",False,فيلا
6477620,https://sa.aqar.fm/فلل-للبيع/الرياض/شرق-الرياض/حي-الجنادرية/شارع-المعالي-حي-الجنادرية-مدينة-الرياض-منطقة-الرياض-6477620,"فيلا للبيع في شارع المعالي, حي الجنادرية, مدينة الرياض, منطقة الرياض",1450000,294,7,4,2,0,حي الجنادرية,الرياض,شرق الرياض,"فيلا درج داخلي 
شرق الرياض حي الرمال 
المساحه ٣٥٠ م
الشارع 20 
فيلا درج داخلي 
تتكون من 
مدخل سياره حوش كبير
مجلس مع دورة مياه 
مقلط 
صاله كبيره 
مطبخ مفتوح على. الصاله 
غرفة كبار سن 
درج داخلي 
4 غرف نوم 2 منها ماستر  وغرفة كبار سن
جميع الضمانات متوفره على الكود السعودي الجديد 
للتواصل 
((رقم المعلن يظهر عند التواصل))
ابو صالح",24.835669,46.858939,https://images.aqar.fm/webp/750x0/props/004670690_1766792061437.jpg | https://images.aqar.fm/webp/750x0/props/004670699_1766792061395.jpg | https://images.aqar.fm/webp/750x0/props/004670697_1766792061397.jpg | https://images.aqar.fm/webp/750x0/props/004670693_1766792061748.jpg | https://images.aqar.fm/webp/750x0/props/004670690_1766792061397.jpg | https://images.aqar.fm/webp/750x0/props/004670693_1766792061396.jpg | https://images.aqar.fm/webp/750x0/props/004670698_1766792061397.jpg | https://images.aqar.fm/webp/750x0/props/004670695_1766792074586.jpg | https://images.aqar.fm/webp/750x0/props/004670696_1766792074570.jpg | https://images.aqar.fm/webp/750x0/props/004670696_1766792074587.jpg,10,جابر ال فهاد,شركة ركائز الروعة,1,2025-11-23,2025-11-23,2026-08-23,2192,2026-08-23,True,"1,450,000",False,فيلا
6631435,https://sa.aqar.fm/فلل-للبيع/الرياض/شرق-الرياض/حي-الجنادرية/حي-الجنادرية-مدينة-الرياض-منطقة-الرياض-6631435,"فيلا للبيع في حي الجنادرية, مدينة الرياض, منطقة الرياض",800000,242,5,,,1,حي الجنادرية,الرياض,شرق الرياض,"فيلا زاوية تاون هاوس بمساحات كبيره حي بوابة الشرق
مساحة الارض : 381 م زاوية شرقي جنوبي مرفق

*محتويات التاون هاوس الثاني جنوبي 20 مرفق* :
مدخل سياره
حوش
مجلس
مقلط
2 صالة
مطبخ
غرفه ماستر
2 غرف نوم
غرفة خادمه
غرفة مستقبليه
درج داخلي
غرفة غسيل ملابس
غرفة نوم خادمه
عدد 5 دورات مياة
عداد كهرباء مستقل
عداد ماء مستقل
خزان ماء مستقل
مؤسس مصعد
بمساحة 243 م2
تحت اشراف وتنفيذ
- شركة التعاونية وشركة ملاذ للعيوب الخفيه.
- ⁠اشراف مكتب هندسي المدينة
- ⁠اشراف شخصي.
الضمانات
- ضمان السباكه الانابيب الخضراء
- ⁠ضمان كهرباء
- ⁠ضمان عزل الاسطح
- ⁠ضمان عزل الخزنات الارضيه
- ⁠ضمان الابواب الأتوماتيكية
- ضمان دينمو مضخه سمنان متغير السرعات
المميزات :
- ⁠تم نزول الى عزاز الارض بـ 2.10 متر
- الاناره شركة الرائد
- ⁠تمديدات الاسلاك شركة الفنار
- ⁠الابواب الداخليه فونتكس 
- الالماني
- ⁠الخامات اعلى الجوده
- ⁠يتوفر تصوير للمراحل البناء
السعر :
التاون هاوس الثاني: 800000 ريال


https://maps.app.goo.gl/FoyRfjdYZdL5E9GEA?g_st=ic",24.895997,46.954952,,,جواهر ال سعيد,مكتب ريحانة نجد للعقارات,1,2026-03-25,2026-06-21,2026-08-18,525,2026-08-23,True,"800,000",False,فيلا
6416044,https://sa.aqar.fm/فلل-للبيع/الرياض/شرق-الرياض/حي-الجنادرية/شارع-رقم-118-حي-الجنادرية-مدينة-الرياض-منطقة-الرياض-6416044,"فيلا للبيع في شارع رقم 118, حي الجنادرية, مدينة الرياض, منطقة الرياض",2100000,405,5,,,10,حي الجنادرية,الرياض,شرق الرياض,"🏡 بيت للبيع في حي الجنادرية – الرياض

📍 الموقع: حي الجنادرية، شارع 118، بجانب مسجد سالم بادي العنزي
📐 المساحة: 405 م
🚪 المواصفات:
	•	عبارة عن دور + 3 شقق
	•	على شارع 15 متر جنوبي
	•	عمر البيت 10 سنوات لكنه جديد ومرمّم بالكامل
	•	أساسات ممتازة جدًا

🔹 الحد: 2,100,000 ريال

🌟عقارك امانه🌟

السلام عليكم ورحمة الله : 

يسرنا اخي تسويق عقاركم والبيع والشراء بأشراف مكتب المحامي ماجد الصقعبي

بكل امانه وتقديم الاستشارات القانونية العقارية",24.837791,46.884912,https://images.aqar.fm/webp/750x0/props/007529773_1759955387799.jpg,1,ماجد الصقعبي,,,2025-10-08,2026-02-07,2026-07-10,1085,2026-08-23,True,"2,100,000",False,فيلا
6774804,https://sa.aqar.fm/فلل-للبيع/الرياض/شرق-الرياض/حي-الجنادرية/حي-الجنادرية-مدينة-الرياض-منطقة-الرياض-6774804,"فيلا للبيع في حي الجنادرية, مدينة الرياض, منطقة الرياض",980000,300,6,4,1,0,حي الجنادرية,الرياض,شرق الرياض,"فرصة لامتلاك منزل العمر والأحلام ✨ 🏡 
فلة دور مؤسس + دور وشقة  في الرياض - بوابة الشرق – امتلك فلتك في موقع مميز وتصميم عصري يجمع بين الرحابة والخصوصية- قريب من المدارس والجامع والحديقة

 🔹 الفلة •
 مواقف خاصة • مجلس رجال • مقلط • صالة عائلية • غرفتين نوم ماستر كبيرة • غرفة نوم• مطبخ  • 4 دورات مياه • جلسة خارجية 
✅ عداد كهرباء مستقل
 ✅ عداد مياه مستقل
 ✅خزان مستقل
✅خزان علوي
 ✅ إمكانية البناء لزيادة الوحدات
✅ البيع سمح 📍 موقع استراتيجي في بوابة الشرق 
🚗 قريب من كل الخدمات التجارية 
السعر990000 قابلة للتفاوض للزبون الصامل

للحجز والاستفسار: 
((الرقم يظهر عند الضغط على اتصال))
((الرقم يظهر عند الضغط على اتصال))
يوجد لدينا عقارات متنوعة للبيع تواصل معنا وستجد مايسرك",24.89569,46.962637,https://images.aqar.fm/webp/750x0/props/052645023_1784231751479.jpg | https://images.aqar.fm/webp/750x0/props/052645025_1784231759013.jpg | https://images.aqar.fm/webp/750x0/props/052645022_1784231763408.jpg | https://images.aqar.fm/webp/750x0/props/052645029_1784231767467.jpg | https://images.aqar.fm/webp/750x0/props/052645027_1784231772948.jpg | https://images.aqar.fm/webp/750x0/props/052645029_1784231778803.jpg | https://images.aqar.fm/webp/750x0/props/052645022_1784231784813.jpg | https://images.aqar.fm/webp/750x0/props/052645022_1784231813378.jpg | https://images.aqar.fm/webp/750x0/props/052645026_1784231831287.jpg | https://images.aqar.fm/webp/750x0/props/052645022_1784231838209.jpg | https://images.aqar.fm/webp/750x0/props/052645026_1784231847470.jpg | https://images.aqar.fm/webp/750x0/props/052645026_1784231945032.jpg | https://images.aqar.fm/webp/750x0/props/052645029_1784232141651.jpg | https://images.aqar.fm/webp/750x0/props/052645028_1784232145508.jpg | https://images.aqar.fm/webp/750x0/props/052645028_1784232148759.jpg | https://images.aqar.fm/webp/750x0/props/052645028_1784232152248.jpg | https://images.aqar.fm/webp/750x0/props/052645023_1784232155629.jpg | https://images.aqar.fm/webp/750x0/props/052645024_1784232158689.jpg | https://images.aqar.fm/webp/750x0/props/052645028_1784232161589.jpg | https://images.aqar.fm/webp/750x0/props/052645027_1784232164507.jpg | https://images.aqar.fm/webp/750x0/props/052645020_1784232171464.jpg | https://images.aqar.fm/webp/750x0/props/052645021_1784232174938.jpg | https://images.aqar.fm/webp/750x0/props/052645029_1784232178887.jpg | https://images.aqar.fm/webp/750x0/props/052645022_1784232201088.jpg,24,شيخه عبدالعزيز,شركة مثلث الأساس للتطوير العقاري,1,2026-07-15,2026-08-13,2026-08-13,205,2026-08-23,True,"980,000",False,فيلا
6551282,https://sa.aqar.fm/فلل-للبيع/الرياض/شرق-الرياض/حي-الجنادرية/حي-الجنادرية-مدينة-الرياض-منطقة-الرياض-6551282,"فيلا للبيع في حي الجنادرية, مدينة الرياض, منطقة الرياض",1100000,300,4,5,3,0,حي الجنادرية,الرياض,شرق الرياض,"كود العرض / SV21
فيلا للبيع – التوليب | بوابة الشرق – حي الجنادرية

فيلا دوبلكس منفصلة بتصميم عملي وتشطيب حديث، موقع مميز وقريبة من الخدمات.

تفاصيل الفيلا:
✔️ المساحة: 300 م²
✔️ شارع بعرض 15 م
✔️ الواجهة: غربية
✔️ عمر العقار: جديد

مكونات الفيلا:

🔹 الدور الأرضي:
✔️ مجلس
✔️ مقلط
✔️ صالة
✔️ مطبخ
✔️ دورتا مياه

🔹 الدور الأول:
✔️ غرفة نوم رئيسية مع دورة مياه
✔️ 4 غرف نوم
✔️ دورة مياه

🔹 الدور الثاني:
✔️ غرفة خادمة
✔️ دورة مياه

💰 سعر البيع:
1,100,000 ريال

📞 للتواصل والاستفسار:
920024941 / ((رقم المعلن يظهر عند التواصل)) / ((رقم المعلن يظهر عند التواصل))",24.905292,46.940633,https://images.aqar.fm/webp/750x0/props/000366994_1768741972559.jpg | https://images.aqar.fm/webp/750x0/props/000366991_1768741972559.jpg,2,سالم علي بن محمد القحطاني,شركة البيت العتيق للتطوير والاستثمار العقاري,1,2026-01-18,2026-01-18,2026-08-23,2383,2026-08-23,True,"1,100,000",False,فيلا
6571471,https://sa.aqar.fm/فلل-للبيع/الرياض/شرق-الرياض/حي-الجنادرية/حي-الجنادرية-مدينة-الرياض-منطقة-الرياض-6571471,"فيلا للبيع في حي الجنادرية, مدينة الرياض, منطقة الرياض",1700000,375,4,3,2,0,حي الجنادرية,الرياض,شرق الرياض,"رقم التواصل واتساب ((رقم المعلن يظهر عند التواصل))

فيلا للبيع حي الجنادريه 
‏*فلة مساحة 375 شمالية على ممر بعرض 8 متر* 
شارع 18
‏*بمشروع المشرقية حي الجنادرية*

‏*دورين درج داخلي*
‏الدور الارضي : 
‏ملحق خارجي 7 في 5
‏مجلس 
‏مقلط
‏دورة مياة
‏______
‏صالتين
‏_____
‏مطبخ 
‏دورة مياة
‏_____
‏غرفة خادمة + دورة مياة

‏الدور الاول : 
‏اربع غرف نوم + 3 دورات مياة

‏الفلة جديدة لم تسكن

*عليها مديونية ( مليون و 100 الف*)


السوم مليون و 700",24.828513,46.860472,https://images.aqar.fm/webp/750x0/props/043728613_1769970436624.jpg,1,عبدالله بن عبدالرحمن بن علي الهمش,مكتب عبدالله عبدالرحمن علي الهمش للعقارات,1,2026-02-01,2026-07-21,2026-08-23,584,2026-08-23,True,"1,700,000",False,فيلا
6716055,https://sa.aqar.fm/فلل-للبيع/الرياض/شرق-الرياض/حي-الجنادرية/شارع-رقم-178-حي-الجنادرية-مدينة-الرياض-منطقة-الرياض-6716055,"فيلا للبيع في شارع رقم 178, حي الجنادرية, مدينة الرياض, منطقة الرياض",1100000,230,4,5,2,5,حي الجنادرية,الرياض,شرق الرياض,"المسؤول عن الإعلان/ عبدالرحمن محمد المجاهد
جوال 0506323221

فيلا للبيع في حي الجنادرية (المعالي) شرق الرياض
موقع ممتاز مقابل لمسجد وقريب من جميع الخدمات

الواجهة: جنوبية (شارع 15 م)

مواصفات الفيلا:
• الدور الأرضي: استقبال
• الدور الأول: غرفتين نوم ماستر + غرفتين نوم + دورة مياه + صالة
• الملحق: غرفة خادمة + غرفة غسيل
• مدخل سيارة

ملاحظة: الفيلا عليها سداد مبكّر بقيمة 685,300 ريال
محسوبة في سعر الفيلا

سعر البيع: 1,100,000 ريال سعودي
السعي على المشتري",24.84722,46.880125,https://images.aqar.fm/webp/750x0/props/051981832_1780406472222.jpg | https://images.aqar.fm/webp/750x0/props/051981834_1780406472221.jpg | https://images.aqar.fm/webp/750x0/props/051981833_1780406472228.jpg | https://images.aqar.fm/webp/750x0/props/051981836_1780406472232.jpg,4,محمد بن عبدالرحمن,شركة دار الروافد لتقنية المعلومات شركة شخص واحد,1,2026-06-02,2026-07-30,2026-08-21,248,2026-08-23,True,"1,100,000",False,فيلا
6494523,https://sa.aqar.fm/فلل-للبيع/الرياض/شرق-الرياض/حي-الجنادرية/شارع-رقم-230-حي-الجنادرية-مدينة-الرياض-منطقة-الرياض-6494523,"فيلا للبيع في شارع رقم 230, حي الجنادرية, مدينة الرياض, منطقة الرياض",1350000,200,,,,0,حي الجنادرية,الرياض,شرق الرياض,"يتميز الفيلا   بموقعها علي المرفق العامه 
ويتميز بقرب الخدمات التعليميه والصحيه 
يتكيز بقريه من الطرق الرئيسيه مثل 
طريق الدمام 
طريق الامام سعود
طريق خريص",24.85238,46.867512,,,عبدالله زيد,,,2025-12-05,2025-12-05,2026-08-11,527,2026-08-23,True,"1,350,000",False,فيلا
6380685,https://sa.aqar.fm/فلل-للبيع/الرياض/شرق-الرياض/حي-الجنادرية/حي-الجنادرية-مدينة-الرياض-منطقة-الرياض-6380685,"فيلا للبيع في حي الجنادرية, مدينة الرياض, منطقة الرياض",1400000,209,6,,,0,حي الجنادرية,الرياض,شرق الرياض,"للبيــــــــع فيلا درج صاله بمخطط غصون شرق الرياض 
المساحه ٢٠٩م 
الدور الأرضي استقبال كامل 
الدور الاول ٤ غرف 
والسطح غرفتين مع السطح 
البيع مليون و٤٠٠ ألف بإذن الله وفق الله الجميع",24.836295,46.891501,https://images.aqar.fm/webp/750x0/props/042588841_1757805392343.jpg | https://images.aqar.fm/webp/750x0/props/042588841_1757805392010.jpg | https://images.aqar.fm/webp/750x0/props/042588844_1757805392109.jpg | https://images.aqar.fm/webp/750x0/props/042588847_1757805392114.jpg | https://images.aqar.fm/webp/750x0/props/042588845_1757805392212.jpg | https://images.aqar.fm/webp/750x0/props/042588842_1757805392351.jpg | https://images.aqar.fm/webp/750x0/props/042588846_1757805392520.jpg,7,احمد بن سليمان بن محمد الصانع,شركة واحة التعمير العقاري شركة شخص واحد,1,2025-09-13,2026-08-03,2026-08-22,651,2026-08-23,True,"1,400,000",False,فيلا
6820499,https://sa.aqar.fm/فلل-للبيع/الرياض/شرق-الرياض/حي-الجنادرية/شارع-الجنادرية-حي-الجنادرية-مدينة-الرياض-منطقة-الرياض-6820499,"فيلا للبيع في شارع الجنادرية, حي الجنادرية, مدينة الرياض, منطقة الرياض",1500000,351,3,,,0,حي الجنادرية,الرياض,شرق الرياض,$5c,24.827297,46.858305,,,محمد منصور ناصر,مكتب رواد الملقا للخدمات العقارية,1,2026-08-13,2026-08-13,2026-08-13,58,2026-08-23,True,"1,500,000",False,فيلا
6632641,https://sa.aqar.fm/فلل-للبيع/الرياض/شرق-الرياض/حي-الجنادرية/شارع-رقم-24-حي-الجنادرية-مدينة-الرياض-منطقة-الرياض-6632641,"فيلا للبيع في شارع رقم 24, حي الجنادرية, مدينة الرياض, منطقة الرياض",2600000,796,4,5,2,5,حي الجنادرية,الرياض,شرق الرياض,"فله دور ونصف على قطعه ارض سكنيه رقم503 المساحه 796.25م من مخطط 3084 الجنادريه 
واوصافها كالتالي 
شمالا/قطعه رقم 502 بطول 24.54م
جنوبا/شارع عرض 15م بطول 24.54م 
شرقا/قطعه رقم 501/2 بطول 32.52م 
غربا/قطعه رقم 505 بطول 32.52م

https://rabwahalkhair.work/property/67",24.802961,46.864192,https://images.aqar.fm/webp/750x0/props/003764648_1777130208797.jpg | https://images.aqar.fm/webp/750x0/props/003764641_1777130208808.jpg | https://images.aqar.fm/webp/750x0/props/003764642_1777130208792.jpg | https://images.aqar.fm/webp/750x0/props/003764643_1777130208800.jpg | https://images.aqar.fm/webp/750x0/props/003764640_1777130208786.jpg | https://images.aqar.fm/webp/750x0/props/003764644_1777130208789.jpg | https://images.aqar.fm/webp/750x0/props/003764643_1782493061571.jpg,7,نوره حمد,مكتب ربوة الخير للعقارات,1,2026-03-27,2026-08-20,2026-08-20,1824,2026-08-23,True,"2,600,000",False,فيلا
6460352,https://sa.aqar.fm/فلل-للبيع/الرياض/شرق-الرياض/حي-الجنادرية/شارع-رقم-165-حي-الجنادرية-مدينة-الرياض-منطقة-الرياض-6460352,"فيلا للبيع في شارع رقم 165, حي الجنادرية, مدينة الرياض, منطقة الرياض",1400000,381,6,7,3,0,حي الجنادرية,الرياض,شرق الرياض,"🏡 فلتين راقية للبيع في حي الجنادرية – شرق الرياض 🌅

فرصة مميزة لعائلة تبحث عن السكن المريح والاستثمار الذكي!
فلتين متجاورتين بتصميم حديث واتجاه شرقي، كل فلة مستقلة بعدادات الماء والكهرباء، ومعها شقة مستقلة بعداد كهرباء خاص.

🔹 تفاصيل كل فلة:

الدور الأرضي: مجلس رجال واسع + مقلط + صالة عائلية + مطبخ مجهّز + غرفة غسيل + دورتين مياه.

الدور العلوي: ٤ غرف نوم (منها غرفتين ماستر) + غرفتين مشتركة + ٣ دورات مياه.

إمكانية دخول النساء من باب جانبي مستقل أسفل الدرج عند وجود ضيوف 👩‍👧‍👦

الشقة بالدور الثالث بمدخلين (مدخل عام ومدخل للمجلس) وتضم غرفتين نوم + مجلس + مطبخ + دورتين مياه + سطح مستقل.

📏 المساحة الإجمالية لكل فلة: ٢٠٠ م²
🔹 المسطح: قرابة ٤٥٠ م²

🛡️ الضمانات:

تأمين التعاونية لمدة ١٠ سنوات

ضمان عزل لمدة ١٥ سنة

💸 عرض مميز يجمع بين الفخامة والاستقلالية – جاهزة للسكن الفوري",24.849526,46.861993,https://images.aqar.fm/webp/750x0/props/008082614_1762704058195.jpg | https://images.aqar.fm/webp/750x0/props/008082616_1762704058209.jpg | https://images.aqar.fm/webp/750x0/props/008082618_1762704058199.jpg | https://images.aqar.fm/webp/750x0/props/008082612_1762704058229.jpg | https://images.aqar.fm/webp/750x0/props/008082610_1762704058216.jpg | https://images.aqar.fm/webp/750x0/props/008082616_1762704058225.jpg | https://images.aqar.fm/webp/750x0/props/008082611_1762704058200.jpg | https://images.aqar.fm/webp/750x0/props/008082612_1762704058217.jpg | https://images.aqar.fm/webp/750x0/props/008082619_1762704058220.jpg | https://images.aqar.fm/webp/750x0/props/008082619_1762704058287.jpg | https://images.aqar.fm/webp/750x0/props/008082617_1762704058202.jpg | https://images.aqar.fm/webp/750x0/props/008082615_1762704058303.jpg | https://images.aqar.fm/webp/750x0/props/008082611_1762704058228.jpg | https://images.aqar.fm/webp/750x0/props/008082611_1762704058372.jpg | https://images.aqar.fm/webp/750x0/props/008082614_1762704058311.jpg | https://images.aqar.fm/webp/750x0/props/008082611_1762704058315.jpg | https://images.aqar.fm/webp/750x0/props/008082612_1762704058281.jpg | https://images.aqar.fm/webp/750x0/props/008082610_1762704058308.jpg | https://images.aqar.fm/webp/750x0/props/008082616_1762704058322.jpg | https://images.aqar.fm/webp/750x0/props/008082614_1762704058292.jpg | https://images.aqar.fm/webp/750x0/props/008082617_1762704058380.jpg | https://images.aqar.fm/webp/750x0/props/008082610_1762704058285.jpg | https://images.aqar.fm/webp/750x0/props/008082616_1762704058387.jpg | https://images.aqar.fm/webp/750x0/props/008082611_1762704058298.jpg | https://images.aqar.fm/webp/750x0/props/008082612_1762704058327.jpg | https://images.aqar.fm/webp/750x0/props/008082612_1762704058383.jpg | https://images.aqar.fm/webp/750x0/props/008082613_1762704058385.jpg | https://images.aqar.fm/webp/750x0/props/008082610_1762704058300.jpg | https://images.aqar.fm/webp/750x0/props/008082611_1762704058352.jpg | https://images.aqar.fm/webp/750x0/props/008082610_1762704058438.jpg | https://images.aqar.fm/webp/750x0/props/008082610_1762704058333.jpg | https://images.aqar.fm/webp/750x0/props/008082611_1762704058376.jpg | https://images.aqar.fm/webp/750x0/props/008082610_1762704058373.jpg | https://images.aqar.fm/webp/750x0/props/008082611_1762704058329.jpg | https://images.aqar.fm/webp/750x0/props/008082619_1762704058293.jpg | https://images.aqar.fm/webp/750x0/props/008082618_1762704058302.jpg | https://images.aqar.fm/webp/750x0/props/008082610_1762704058381.jpg | https://images.aqar.fm/webp/750x0/props/008082611_1762704058367.jpg | https://images.aqar.fm/webp/750x0/props/008082613_1762704058290.jpg | https://images.aqar.fm/webp/750x0/props/008082616_1762704058370.jpg | https://images.aqar.fm/webp/750x0/props/008082613_1762704058396.jpg | https://images.aqar.fm/webp/750x0/props/008082615_1762704058384.jpg,42,ماجد بن محمد بن عبدالله السعيد,مؤسسة ماجد بن محمد بن عبدالله السعيد العقارية,1,2025-11-09,2026-07-09,2026-08-06,922,2026-08-23,True,"1,400,000",False,فيلا
6713282,https://sa.aqar.fm/فلل-للبيع/الرياض/شرق-الرياض/حي-الجنادرية/حي-الجنادرية-مدينة-الرياض-منطقة-الرياض-6713282,"فيلا للبيع في حي الجنادرية, مدينة الرياض, منطقة الرياض",1700000,367,4,0,0,0,حي الجنادرية,الرياض,شرق الرياض,"مرفق مقطع فيديو بالإعلان 🎥

📍 موقع مميز قريب من الحديقة والمسجد
حي هادئ وحيوي بنفس الوقت… مناسب للعائلة والراحة.

مواصفات الفيلا:
▫️ حوش واسع وحديقة جانبية
▫️ مجلس + مقلط + ملحق
▫️ صالة عائلية كبيرة
▫️ غرفة عاملة
▫️ 3 أجنحة نوم 🛌
▫️ سطحين مع إمكانية بناء غرفتين ودورة مياه 
▫️ تأسيس مصعد

📍 قريبة من:

* محطة القطار
* مدينة الملك عبدالعزيز الطبية
* الدائري الشمالي

فيلا مرتبة وعملية بتفاصيل راقية… فرصة مناسبة للسكن المريح بالمشرقية ✨
اللي يدور موقع ممتاز وبيت يفتح النفس لايفوتها.

حسابي بالتيك توك لمشاريع المشرقية بيع وشراء وتأجير وتسويق وإدارة أملاك:
https://www.tiktok.com/@zzasd4?_r=1&_t=ZS-912dyyGzdYY

رابط قروب التليجرام الخاص بعقارات مشروع المشرقية:
https://t.me/almashriqiya_NEWS

نواف العنزي لعقارات المشرقية
📞 اتصال أو واتس:
wa.me/966533664377",24.841976,46.866699,https://images.aqar.fm/webp/750x0/props/001129697_1780182954677.jpg | https://images.aqar.fm/webp/750x0/props/001129696_1780182962350.jpg | https://images.aqar.fm/webp/750x0/props/001129697_1780182985444.jpg | https://images.aqar.fm/webp/750x0/props/001129695_1780183038603.jpg | https://images.aqar.fm/webp/750x0/props/001129698_1780183038578.jpg | https://images.aqar.fm/webp/750x0/props/001129699_1780183050006.jpg | https://images.aqar.fm/webp/750x0/props/001129691_1780183079214.jpg | https://images.aqar.fm/webp/750x0/props/001129695_1780183079218.jpg | https://images.aqar.fm/webp/750x0/props/001129696_1780183079154.jpg | https://images.aqar.fm/webp/750x0/props/001129690_1780183079241.jpg | https://images.aqar.fm/webp/750x0/props/001129696_1780183079261.jpg | https://images.aqar.fm/webp/750x0/props/001129696_1780183079148.jpg | https://images.aqar.fm/webp/750x0/props/001129699_1780183079234.jpg | https://images.aqar.fm/webp/750x0/props/001129693_1780183079175.jpg | https://images.aqar.fm/webp/750x0/props/001129694_1780183108113.jpg | https://images.aqar.fm/webp/750x0/props/001129693_1780183107996.jpg | https://images.aqar.fm/webp/750x0/props/001129698_1780183108074.jpg | https://images.aqar.fm/webp/750x0/props/001129696_1780183108039.jpg | https://images.aqar.fm/webp/750x0/props/001129695_1780183108078.jpg | https://images.aqar.fm/webp/750x0/props/001129690_1780183108091.jpg | https://images.aqar.fm/webp/750x0/props/001129696_1780183108101.jpg | https://images.aqar.fm/webp/750x0/props/001129695_1780183108101.jpg | https://images.aqar.fm/webp/750x0/props/001129692_1780183131596.jpg | https://images.aqar.fm/webp/750x0/props/001129697_1780183131545.jpg | https://images.aqar.fm/webp/750x0/props/001129695_1780183131601.jpg | https://images.aqar.fm/webp/750x0/props/001129695_1780183131576.jpg | https://images.aqar.fm/webp/750x0/props/001129698_1780183131571.jpg | https://images.aqar.fm/webp/750x0/props/001129691_1780183131614.jpg | https://images.aqar.fm/webp/750x0/props/001129699_1780183131588.jpg | https://images.aqar.fm/webp/750x0/props/001129690_1780183154316.jpg,30,نواف عبدالعزيز بن عجاج العنزي,,,2026-05-30,2026-07-28,2026-08-22,967,2026-08-23,True,"1,700,000",False,فيلا
6812925,https://sa.aqar.fm/فلل-للبيع/الرياض/شرق-الرياض/حي-الجنادرية/شارع-‏طريق-الإمام-عبدالله-بن-سعود-بن-عبد-العزيز-حي-الجنادرية-مدينة-الرياض-منطقة-الرياض-6812925,"فيلا للبيع في شارع ‏طريق الإمام عبدالله بن سعود بن عبد العزيز, حي الجنادرية, مدينة الرياض, منطقة الرياض",1800000,350,6,0,0,0,حي الجنادرية,الرياض,شرق الرياض,"�✨ فرصتك لامتلاك بيت بتصميم رتيل الفاخر

إذا كنت تبحث عن بيت أنيق، واسع، ومصمم بتفاصيل تناسب العائلة… فهذا البيت يستحق زيارتك 🤍

✨ تصميم رتيل المميز
📐 المساحة: 350م²
🌅 الاتجاه: شرقي
🛣️ شارع: 25 متر

الدور الأرضي:
مجلس رجال • مجلس نساء • دورتان مياه • مطبخ • مستودع

الدور الأول:
4 غرف نوم
• غرفتان ماستر
• غرفتان بينهما دورة مياه

الدور الثاني:
غرفة غسيل • غرفة خادمة • دورة مياه

✨ مساحات مدروسة، توزيع عائلي مميز، وتصميم يجمع بين الفخامة والراحة.

📍 بيت يستحق المشاهدة… وقد يكون بيت العمر اللي تبحث عنه
‏للتواصل ‎((الرقم يظهر عند الضغط على اتصال))",24.820271,46.858572,https://images.aqar.fm/webp/750x0/props/002963499_1786288738550.jpg,1,فواز خلف حمود العنزي,,,2026-08-09,2026-08-09,2026-08-15,222,2026-08-23,True,"1,800,000",False,فيلا
6453435,https://sa.aqar.fm/فلل-للبيع/الرياض/شرق-الرياض/حي-الجنادرية/شارع-خليفه-ابن-حمد-آل-ثاني-حي-الجنادرية-مدينة-الرياض-منطقة-الرياض-6453435,"فيلا للبيع في شارع  خليفه ابن حمد آل ثاني, حي الجنادرية, مدينة الرياض, منطقة الرياض",1450000,216,,5,4,0,حي الجنادرية,الرياض,شرق الرياض,"الـسـلام عـلـيـكم ورحـمـة الله وبركــاتــه
—————————-
للـبـيـع فيلا درج داخلي منفصله
زاويه شارع ١٥ جنوبي / شارع ١٥ غربي
في حي الجنادريه

—————————
مواصفاتها
* ملف ل كافة مراحل البناء
* عليها شهادة اتمام البناء
* يوجد عليها ضمانات العزل
* تأمين ضد العيوب الخفيه
*مسجد قريب
——————————
تتكون:
* حوش
* مجلس
* مقلط ضيافه
* صاله واسعه
* صاله اضافيه
* مطبخ
* ⁠غرفة نوم ماستر
* ⁠غرفة نوم ماستر
* ⁠غرفة نوم ماستر
* ⁠غرفة نوم ماستر
* ⁠سطح
* ⁠٦ دورة مياه

______________________
** لـلبيع ب سعر ١،٥٠٠،٠٠٠ قابل تفاوض
** رقم رخصة الوساطه 1100270266
** لـ الإسـتفسـار ((رقم المعلن يظهر عند التواصل))",24.826498,46.883667,https://images.aqar.fm/webp/750x0/props/020063773_1762262367074.jpg | https://images.aqar.fm/webp/750x0/props/020063772_1762262367095.jpg | https://images.aqar.fm/webp/750x0/props/020063778_1762262367091.jpg | https://images.aqar.fm/webp/750x0/props/020063776_1762262367111.jpg | https://images.aqar.fm/webp/750x0/props/020063778_1762262367117.jpg | https://images.aqar.fm/webp/750x0/props/020063774_1762262367093.jpg | https://images.aqar.fm/webp/750x0/props/020063778_1762262367100.jpg | https://images.aqar.fm/webp/750x0/props/020063771_1762262367091.jpg | https://images.aqar.fm/webp/750x0/props/020063770_1762262390987.jpg | https://images.aqar.fm/webp/750x0/props/020063773_1762262390994.jpg | https://images.aqar.fm/webp/750x0/props/020063775_1762262390993.jpg | https://images.aqar.fm/webp/750x0/props/020063775_1762262390990.jpg | https://images.aqar.fm/webp/750x0/props/020063774_1762262391102.jpg | https://images.aqar.fm/webp/750x0/props/020063774_1762262390989.jpg | https://images.aqar.fm/webp/750x0/props/020063771_1762262390987.jpg | https://images.aqar.fm/webp/750x0/props/020063777_1762262391004.jpg,16,سلطان سفر مسفر المطيري,,,2025-11-04,2025-11-04,2026-08-21,373,2026-08-23,True,"1,450,000",False,فيلا
6792141,https://sa.aqar.fm/فلل-للبيع/الرياض/شرق-الرياض/حي-الجنادرية/حي-الجنادرية-مدينة-الرياض-منطقة-الرياض-6792141,"فيلا للبيع في حي الجنادرية, مدينة الرياض, منطقة الرياض",770000,300,7,4,1,0,حي الجنادرية,الرياض,شرق الرياض,,24.888288,46.954097,https://images.aqar.fm/webp/750x0/props/019015308_1785117670741.jpg | https://images.aqar.fm/webp/750x0/props/019015303_1785117710511.jpg | https://images.aqar.fm/webp/750x0/props/019015307_1785117710511.jpg | https://images.aqar.fm/webp/750x0/props/019015301_1785117710508.jpg | https://images.aqar.fm/webp/750x0/props/019015307_1785117710510.jpg | https://images.aqar.fm/webp/750x0/props/019015303_1785117739783.jpg | https://images.aqar.fm/webp/750x0/props/019015303_1785117739802.jpg | https://images.aqar.fm/webp/750x0/props/019015300_1785117739804.jpg | https://images.aqar.fm/webp/750x0/props/019015308_1785117739807.jpg | https://images.aqar.fm/webp/750x0/props/019015309_1785117739807.jpg | https://images.aqar.fm/webp/750x0/props/019015301_1785117739819.jpg | https://images.aqar.fm/webp/750x0/props/019015303_1785117739811.jpg | https://images.aqar.fm/webp/750x0/props/019015300_1785117739810.jpg | https://images.aqar.fm/webp/750x0/props/019015302_1785117800507.jpg | https://images.aqar.fm/webp/750x0/props/019015302_1785117800503.jpg | https://images.aqar.fm/webp/750x0/props/019015303_1785117800507.jpg | https://images.aqar.fm/webp/750x0/props/019015304_1785117800512.jpg | https://images.aqar.fm/webp/750x0/props/019015306_1785117800532.jpg | https://images.aqar.fm/webp/750x0/props/019015308_1785117800516.jpg | https://images.aqar.fm/webp/750x0/props/019015307_1785117800583.jpg | https://images.aqar.fm/webp/750x0/props/019015309_1785117800499.jpg | https://images.aqar.fm/webp/750x0/props/019015305_1785117848920.jpg | https://images.aqar.fm/webp/750x0/props/019015308_1785117848932.jpg | https://images.aqar.fm/webp/750x0/props/019015308_1785117848952.jpg | https://images.aqar.fm/webp/750x0/props/019015303_1785117848957.jpg | https://images.aqar.fm/webp/750x0/props/019015304_1785117848936.jpg | https://images.aqar.fm/webp/750x0/props/019015306_1785117848940.jpg | https://images.aqar.fm/webp/750x0/props/019015307_1785117848933.jpg | https://images.aqar.fm/webp/750x0/props/019015300_1785117848939.jpg | https://images.aqar.fm/webp/750x0/props/019015308_1785117918866.jpg,30,عبدالله علي,,0,2026-07-27,2026-07-27,2026-08-20,289,2026-08-23,True,"770,000",False,فيلا
6732286,https://sa.aqar.fm/فلل-للبيع/الرياض/شرق-الرياض/حي-الجنادرية/شارع-رقم-154-حي-الجنادرية-الرياض-منطقة-الرياض-6732286,فيلا للبيع في شارع رقم 154 ، حي الجنادرية ، الرياض ، منطقة الرياض,1350000,292,5,3,1,7,حي الجنادرية,الرياض,شرق الرياض,"نوع العقار: دور ماسس
عمر العقار:  7سنوات
مساحة العقار: 292
واجهة العقار: شمالي
عدد غرف النوم 3  وحده ماستر
+مجلس
 +مقلط
+مطبخ
+صاله
+ 3  دورات مياه
+مدخل سياره
+حديقه
+ مضله لسياره 
عرض الشارع: 15
مرهون للبنك الاهلي",24.845188,46.884064,https://images.aqar.fm/webp/750x0/props/049879746_1781437342395.jpg | https://images.aqar.fm/webp/750x0/props/049879741_1781437342415.jpg | https://images.aqar.fm/webp/750x0/props/049879742_1781437342414.jpg | https://images.aqar.fm/webp/750x0/props/049879741_1781437342422.jpg | https://images.aqar.fm/webp/750x0/props/049879742_1781437342391.jpg | https://images.aqar.fm/webp/750x0/props/049879748_1781437342405.jpg,6,ثابت بن مسلم بن بركه آل عيد,,,2026-06-14,,2026-08-09,42,2026-08-23,False,طلب تسويق,False,فيلا
6784584,https://sa.aqar.fm/فلل-للبيع/الرياض/شرق-الرياض/حي-الجنادرية/حي-الجنادرية-مدينة-الرياض-منطقة-الرياض-6784584,"فيلا للبيع في حي الجنادرية, مدينة الرياض, منطقة الرياض",12000000,262,6,,,0,حي الجنادرية,الرياض,شرق الرياض,"مكتب يحيى المالكي للعقارات توفر لك عقارات بمختلف أنواعها ( فلل - أدوار أرضية وعلوية - شقق - تاون هاوس - دبلكس .



شراء وبيع الفلل الحرة والمرهونة في جميع البنوك يتوفر عروض فاخرة جديدة ومجددة  للتمليك ( فلل دبلكس _ تاون هاوس _ أدوار أرضية _ أدوار علوية _ شقق )  

■ شراء و بيع  العقارات المرهونة ■ إيجارات - كتابة عقود ايجار  ■ خدمات عقارية متنوعة ‎#عقارات_الرياض    ‎#شرق_الرياض",24.846541,46.903615,https://images.aqar.fm/webp/750x0/props/028436128_1784664377645.jpg | https://images.aqar.fm/webp/750x0/props/028436128_1784664377636.jpg | https://images.aqar.fm/webp/750x0/props/028436129_1784664377640.jpg | https://images.aqar.fm/webp/750x0/props/028436122_1784664377767.jpg | https://images.aqar.fm/webp/750x0/props/028436121_1784664377885.jpg | https://images.aqar.fm/webp/750x0/props/028436123_1784664377964.jpg | https://images.aqar.fm/webp/750x0/props/028436120_1784664378006.jpg | https://images.aqar.fm/webp/750x0/props/028436125_1784664378124.jpg | https://images.aqar.fm/webp/750x0/props/028436129_1784664378157.jpg | https://images.aqar.fm/webp/750x0/props/028436129_1784664378252.jpg | https://images.aqar.fm/webp/750x0/props/028436125_1784664378256.jpg | https://images.aqar.fm/webp/750x0/props/028436123_1784664378365.jpg | https://images.aqar.fm/webp/750x0/props/028436121_1784664378452.jpg | https://images.aqar.fm/webp/750x0/props/028436127_1784664378517.jpg | https://images.aqar.fm/webp/750x0/props/028436128_1784664378518.jpg | https://images.aqar.fm/webp/750x0/props/028436120_1784664378638.jpg | https://images.aqar.fm/webp/750x0/props/028436129_1784664378701.jpg | https://images.aqar.fm/webp/750x0/props/028436126_1784664378813.jpg | https://images.aqar.fm/webp/750x0/props/028436128_1784664378819.jpg | https://images.aqar.fm/webp/750x0/props/028436123_1784664378890.jpg | https://images.aqar.fm/webp/750x0/props/028436120_1784664378943.jpg | https://images.aqar.fm/webp/750x0/props/028436120_1784664378963.jpg | https://images.aqar.fm/webp/750x0/props/028436126_1784664379093.jpg | https://images.aqar.fm/webp/750x0/props/028436128_1784664379239.jpg,24,يحي علي شريف المالكي,مؤسسة مكتب يحي علي شريف الاحمدي المالكي للعقارات,1,2026-07-21,2026-08-20,2026-08-22,208,2026-08-23,True,"12,000,000",False,فيلا
6678321,https://sa.aqar.fm/فلل-للبيع/الرياض/شرق-الرياض/حي-الجنادرية/شارع-رقم-56-حي-الجنادرية-مدينة-الرياض-منطقة-الرياض-6678321,"فيلا للبيع في شارع رقم 56, حي الجنادرية, مدينة الرياض, منطقة الرياض",2000000,337,4,1,0,11,حي الجنادرية,الرياض,شرق الرياض,"للبيع في حي الجنادرية 
بمدينة الرياض، 
تقع على شارع الشيخ حمد آل 
تفاصيل العقار:
• المساحة: 337.5 متر مربع
• الشارع: 15 متر
• عمر العقار: 15 سنة
• تحتوي على شقتين 
 لكل من٨هما مدخل جانبي مستقل 
4 غرف + 1 غرفة خادمة + غرفة طعام +مجلس + ملحق خارجي او مجلس شباب + مطبخ + مستودع فوق في السطح +4 دورات مياه + مقلط للرجال ..

السعر ٢مليون  ٢٥٠ الف",24.815624,46.875167,https://images.aqar.fm/webp/750x0/props/028094492_1777733413804.jpg | https://images.aqar.fm/webp/750x0/props/028094496_1777733413712.jpg,2,عبدالملك ابراهيم محمد الجمعان,شركة بنايات نجد للتسويق شخص واحد,1,2026-05-02,2026-07-28,2026-08-23,887,2026-08-23,True,"2,000,000",False,فيلا
6725579,https://sa.aqar.fm/فلل-للبيع/الرياض/شرق-الرياض/حي-الجنادرية/شارع-رشيد-الدين-حي-الجنادرية-مدينة-الرياض-منطقة-الرياض-6725579,"فيلا للبيع في شارع رشيد الدين, حي الجنادرية, مدينة الرياض, منطقة الرياض",2150000,176,,7,3,0,حي الجنادرية,الرياض,شرق الرياض,"🏡 فرصة تملك مميزة في حي الجنادرية – مخطط غصون
فيلا مستقلة بتصميم عصري وجودة تشطيب عالية ✨
خصوصية كاملة وأدوار مفصولة لسكن مريح مع استثمار عالي مع ضمانات تصل إلى 25 سنة

📍 الموقع: حي الجنادرية – مخطط غصون

🔹 الدور الأرضي | مساحة مسطح البناء 228.45م²
• 3 غرف نوم
• صالة معيشة
• مجلس خارجي + مجلس داخلي
• 3 دورات مياه
• مطبخ
• موقف داخلي

🔹 الدور الأول | مساحة مسطح البناء 196م²
• 3 غرف نوم
• مجلس
• صالة معيشة
• مطبخ
• 3 دورات مياه
• مصعد راكب

🔹 الدور الثاني | مساحة مسطح البناء 142م²
• غرفتان نوم
• مجلس
• صالة معيشة
• مطبخ
• 3 دورات مياه
• مصعد راكب

✅ تشطيبات فاخرة
✅ استقلالية تامة لكل دور
✅ تصميم عملي يناسب العائلات
✅ موقع حيوي وقريب من الخدمات

لمزيد من التفاصيل زيارة الموقع الالكتروني : https://marsmksa.com/property/project-8/

للتواصل والاستفسارات 📞: ((الرقم يظهر عند الضغط على اتصال))",24.850669,46.90385,https://images.aqar.fm/webp/750x0/props/030428684_1781008061292.png | https://images.aqar.fm/webp/750x0/props/030428680_1781007519828.jpg | https://images.aqar.fm/webp/750x0/props/030428682_1781007493965.png | https://images.aqar.fm/webp/750x0/props/030428685_1781007493967.png | https://images.aqar.fm/webp/750x0/props/030428689_1781007708875.jpg | https://images.aqar.fm/webp/750x0/props/030428688_1781007708882.jpg | https://images.aqar.fm/webp/750x0/props/030428680_1781007708944.jpg | https://images.aqar.fm/webp/750x0/props/030428688_1781007708950.jpg | https://images.aqar.fm/webp/750x0/props/030428689_1781007708962.jpg | https://images.aqar.fm/webp/750x0/props/030428686_1781007708961.jpg | https://images.aqar.fm/webp/750x0/props/030428682_1781007708954.jpg | https://images.aqar.fm/webp/750x0/props/030428686_1781007708961.jpg | https://images.aqar.fm/webp/750x0/props/030428683_1781007708863.jpg | https://images.aqar.fm/webp/750x0/props/030428687_1781007708971.png | https://images.aqar.fm/webp/750x0/props/030428680_1781007708972.jpg | https://images.aqar.fm/webp/750x0/props/030428680_1781007708950.jpg | https://images.aqar.fm/webp/750x0/props/030428686_1781007708862.jpg | https://images.aqar.fm/webp/750x0/props/030428686_1781007708869.jpg | https://images.aqar.fm/webp/750x0/props/030428682_1781007737234.jpg | https://images.aqar.fm/webp/750x0/props/030428680_1781007737234.jpg | https://images.aqar.fm/webp/750x0/props/030428689_1781007737246.jpg | https://images.aqar.fm/webp/750x0/props/030428688_1781007737244.jpg,22,أنس عبدالعزيز,شركة مرسم للتطوير العقاري,1,2026-06-09,2026-08-06,2026-08-20,222,2026-08-23,True,"2,150,000",False,فيلا
6665133,https://sa.aqar.fm/فلل-للبيع/الرياض/شرق-الرياض/حي-الجنادرية/شارع-الثعيليبة-حي-الجنادرية-الرياض-منطقة-الرياض-6665133,فيلا للبيع في شارع الثعيليبة ، حي الجنادرية ، الرياض ، منطقة الرياض,100,300,7,5,3,7,حي الجنادرية,الرياض,شرق الرياض,فله على السوم  عليه البنك 610,24.908058,46.945045,https://images.aqar.fm/webp/750x0/props/051591508_1776826933187.jpg | https://images.aqar.fm/webp/750x0/props/051591505_1776826933188.jpg,2,ناجي بن فهد بن محمد العنزي,,,2026-04-22,,2026-06-18,54,2026-08-23,False,طلب تسويق,False,فيلا
6817798,https://sa.aqar.fm/فلل-للبيع/الرياض/شرق-الرياض/حي-الجنادرية/شارع-1792-2-حي-الجنادرية-مدينة-الرياض-منطقة-الرياض-6817798,"فيلا للبيع في شارع 1792/2, حي الجنادرية, مدينة الرياض, منطقة الرياض",1400000,321,7,0,0,0,حي الجنادرية,الرياض,شرق الرياض,,24.895196,46.960697,https://images.aqar.fm/webp/750x0/props/019015300_1786502370106.jpg | https://images.aqar.fm/webp/750x0/props/019015300_1786502402940.jpg | https://images.aqar.fm/webp/750x0/props/019015300_1786502402944.jpg | https://images.aqar.fm/webp/750x0/props/019015307_1786502431336.jpg | https://images.aqar.fm/webp/750x0/props/019015306_1786502431399.jpg | https://images.aqar.fm/webp/750x0/props/019015308_1786502431335.jpg | https://images.aqar.fm/webp/750x0/props/019015303_1786502431338.jpg | https://images.aqar.fm/webp/750x0/props/019015307_1786502431342.jpg | https://images.aqar.fm/webp/750x0/props/019015309_1786502431336.jpg | https://images.aqar.fm/webp/750x0/props/019015306_1786502431343.jpg | https://images.aqar.fm/webp/750x0/props/019015304_1786502459000.jpg | https://images.aqar.fm/webp/750x0/props/019015306_1786502458980.jpg | https://images.aqar.fm/webp/750x0/props/019015302_1786502458996.jpg | https://images.aqar.fm/webp/750x0/props/019015303_1786502458992.jpg | https://images.aqar.fm/webp/750x0/props/019015300_1786502458996.jpg | https://images.aqar.fm/webp/750x0/props/019015301_1786502459002.jpg | https://images.aqar.fm/webp/750x0/props/019015307_1786502458980.jpg | https://images.aqar.fm/webp/750x0/props/019015306_1786502520603.jpg | https://images.aqar.fm/webp/750x0/props/019015303_1786502520594.jpg | https://images.aqar.fm/webp/750x0/props/019015303_1786502520654.jpg | https://images.aqar.fm/webp/750x0/props/019015304_1786502520588.jpg | https://images.aqar.fm/webp/750x0/props/019015306_1786502520602.jpg | https://images.aqar.fm/webp/750x0/props/019015301_1786502520592.jpg | https://images.aqar.fm/webp/750x0/props/019015309_1786502520589.jpg | https://images.aqar.fm/webp/750x0/props/019015306_1786502520592.jpg | https://images.aqar.fm/webp/750x0/props/019015307_1786502598752.jpg | https://images.aqar.fm/webp/750x0/props/019015306_1786502598758.jpg | https://images.aqar.fm/webp/750x0/props/019015307_1786502598755.jpg | https://images.aqar.fm/webp/750x0/props/019015302_1786502598760.jpg | https://images.aqar.fm/webp/750x0/props/019015306_1786502598838.jpg,30,عبدالله علي,,0,2026-08-12,2026-08-12,2026-08-20,47,2026-08-23,True,"1,400,000",False,فيلا
6697561,https://sa.aqar.fm/فلل-للبيع/الرياض/شرق-الرياض/حي-الجنادرية/شارع-المطلاع-حي-الجنادرية-مدينة-الرياض-منطقة-الرياض-6697561,"فيلا للبيع في شارع المطلاع, حي الجنادرية, مدينة الرياض, منطقة الرياض",950000,255,4,5,0,0,حي الجنادرية,الرياض,شرق الرياض,"🏡 شركة موافقة العقارية
تقدّم لكم كل ما هو جديد ومميز في حي الجنادرية – مخطط غصون 🌟

📣 حيث يجتمع السعر المميز مع جودة البناء 💪

للبيع 🔑
🏘️ تاون هاوس ارضي  
 المساحه :300م

💰 السعر التاون هاوس الارضي :970

━━━━━━━━━━
تفاصيل التاون هاوس الارضي:
🚗 مدخل سيارة
🛋️ مجلس رجال
🍽️ صالة طعام
🏠 صالة عائلية
 🏚️مطبخ + مستودع
      مدخل سياره
   غرفه خادمه
أربعه غرف نوم منهم (ماستر)

━━━━━━━━━━
📞 شركة موافقة العقارية
نتشرف بخدمتكم على مدار الساعة طوال أيام الأسبوع 🌙☀️
📲 للتواصل: ((الرقم يظهر عند الضغط على اتصال))",24.84541,46.885838,https://images.aqar.fm/webp/750x0/props/043848016_1778778170361.jpg | https://images.aqar.fm/webp/750x0/props/043848012_1778778170347.jpg | https://images.aqar.fm/webp/750x0/props/043848010_1778778170336.jpg | https://images.aqar.fm/webp/750x0/props/043848016_1778778170320.jpg | https://images.aqar.fm/webp/750x0/props/043848012_1778778184462.jpg | https://images.aqar.fm/webp/750x0/props/043848012_1778778184483.jpg | https://images.aqar.fm/webp/750x0/props/043848010_1778778184499.jpg | https://images.aqar.fm/webp/750x0/props/043848010_1778778197634.jpg | https://images.aqar.fm/webp/750x0/props/043848018_1778778197648.jpg | https://images.aqar.fm/webp/750x0/props/043848011_1778778197553.jpg | https://images.aqar.fm/webp/750x0/props/043848012_1778778197621.jpg | https://images.aqar.fm/webp/750x0/props/043848010_1778778197557.jpg | https://images.aqar.fm/webp/750x0/props/043848012_1778778197636.jpg | https://images.aqar.fm/webp/750x0/props/043848010_1778778197618.jpg | https://images.aqar.fm/webp/750x0/props/043848018_1778778231553.jpg | https://images.aqar.fm/webp/750x0/props/043848012_1778778231554.jpg | https://images.aqar.fm/webp/750x0/props/043848018_1778778231541.jpg | https://images.aqar.fm/webp/750x0/props/043848011_1778778231547.jpg | https://images.aqar.fm/webp/750x0/props/043848017_1778778231555.jpg | https://images.aqar.fm/webp/750x0/props/043848016_1778778231557.jpg | https://images.aqar.fm/webp/750x0/props/043848013_1778778231539.jpg | https://images.aqar.fm/webp/750x0/props/043848013_1778778252661.jpg | https://images.aqar.fm/webp/750x0/props/043848011_1778778252649.jpg | https://images.aqar.fm/webp/750x0/props/043848015_1778778252652.jpg | https://images.aqar.fm/webp/750x0/props/043848019_1778778252648.jpg | https://images.aqar.fm/webp/750x0/props/043848019_1778778252650.jpg | https://images.aqar.fm/webp/750x0/props/043848019_1778778252655.jpg | https://images.aqar.fm/webp/750x0/props/043848012_1778778252669.jpg | https://images.aqar.fm/webp/750x0/props/043848012_1778778252665.jpg | https://images.aqar.fm/webp/750x0/props/043848011_1778778270335.jpg,30,نايف عبدالله بن سلطان بن سفران,مؤسسة موافقة العقارية,1,2026-05-14,2026-08-10,2026-08-13,828,2026-08-23,True,"950,000",False,فيلا
6692045,https://sa.aqar.fm/فلل-للبيع/الرياض/شرق-الرياض/حي-الجنادرية/حي-الجنادرية-مدينة-الرياض-منطقة-الرياض-6692045,"فيلا للبيع في حي الجنادرية, مدينة الرياض, منطقة الرياض",1450000,350,3,3,1,0,حي الجنادرية,الرياض,شرق الرياض,"للبيع فيلا مساحة 351م المشرقية نموذج اي هوم شارع 18 شرقي
الدور الارضي الفيلا  تتكون من مدخل وباب كراج وفِناء كبير  وصالة كبيرة مفتوحة يمكن تقسيمها وحمام وغرفة غسيل ومطبخ
الدور الأول غرفة ماستر وغرفتين بينهن حمام
سطح
السعر مليون و 600 الف شامل المديونية تقريبا 750 الف",24.8204,46.856922,https://images.aqar.fm/webp/750x0/props/035783545_1779111899422.jpg | https://images.aqar.fm/webp/750x0/props/035783541_1778505191288.jpg,2,عثمان العنزي,مؤسسة مكتب أعمال الباني للعقارات,1,2026-05-11,2026-08-06,2026-08-20,2119,2026-08-23,True,"1,450,000",False,فيلا
6698548,https://sa.aqar.fm/فلل-للبيع/الرياض/شرق-الرياض/حي-الجنادرية/شارع-137-الجنادرية-حي-الجنادرية-مدينة-الرياض-منطقة-الرياض-6698548,"فيلا للبيع في شارع 137 الجنادرية, حي الجنادرية, مدينة الرياض, منطقة الرياض",1250000,378,,5,2,0,حي الجنادرية,الرياض,شرق الرياض,"فيلا رائعة للبيع بمواصفات عالية (السعر قابل للتفاوض) للصامل
٠ مساحة الوحدة. 387م ، 
 . على شارع بعرض *15متر* ، وتقع بالقرب مرفق حيوي وتجاري يضيف لموقعها قيمة كبيرة.

✨ *تفاصيل الفيلا:*
- مجلس رسمي، مقلط، صاله مريحة، غرفة كبار سن ومطبخ بجانبه ركن كافي 
- ⁠مصعد موسس
- *3حمامين * بالدور الأرضي لتلبية كافة الاحتياجات.
- *الدور العلوي. 4 غرف نوم، وصاله منها *ماستر* بمساحات واسعة.
- ⁠عدد 2حمانات علوي

🏢 *مرفق إضافي مميز:*
*شقة* ، مكونة من:
- 2 غرف نوم، صالة، مطبخ، *2 حمام*.

💡 *الخدمات واصل إليها بالكامل:*
- الكهرباء ✅
- الماء ✅

📍 *الموقع:* الرياض – بوابة الشرق
موقع مميز يجمع بين الهدوء وسهولة الوصول إلى الخدمات والطرق الرئيسية.
عدادين  كهرباء 
عداد ماء راكب
الضمانات 
تامين ضد العيوب الخفيه
ضمان عازل المائي 
ضمان السباكة 
الكهرباء اسلاك ( الفنار )
يوجد تصوير لجميع مراحل البناء
ضمان الأبواب عشر سنوات wpc",24.891842,46.950866,https://images.aqar.fm/webp/750x0/props/023298876_1778865154759.jpg,1,نايف بن سلمان,,,2026-05-15,2026-08-11,2026-08-21,735,2026-08-23,True,"1,250,000",False,فيلا
6531172,https://sa.aqar.fm/فلل-للبيع/الرياض/شرق-الرياض/حي-الجنادرية/حي-الجنادرية-مدينة-الرياض-منطقة-الرياض-6531172,"فيلا للبيع في حي الجنادرية, مدينة الرياض, منطقة الرياض",870000,238,5,4,0,0,حي الجنادرية,الرياض,شرق الرياض,"للبيع فيلا  تاون هاوس في شرق الرياض 
مساحه ٣٠٠م 
الارضي ٨٧٠
العلوي ٧٠٠
ولدينا سداد المديونيات وحلول الدفعه تمويليه ميسره ونتعامل معا جميع الشركات الخاصه البنوك
1",24.843562,46.888604,https://images.aqar.fm/webp/750x0/props/040820585_1767392560521.jpg | https://images.aqar.fm/webp/750x0/props/040820587_1767392560635.jpg | https://images.aqar.fm/webp/750x0/props/040820586_1767392561096.jpg | https://images.aqar.fm/webp/750x0/props/040820584_1767392561282.jpg | https://images.aqar.fm/webp/750x0/props/040820582_1767392560296.jpg | https://images.aqar.fm/webp/750x0/props/040820585_1767392560297.jpg | https://images.aqar.fm/webp/750x0/props/040820586_1767392560326.jpg | https://images.aqar.fm/webp/750x0/props/040820580_1767392560324.jpg | https://images.aqar.fm/webp/750x0/props/040820582_1767392560359.jpg | https://images.aqar.fm/webp/750x0/props/040820582_1767392560548.jpg | https://images.aqar.fm/webp/750x0/props/040820581_1767392560524.jpg | https://images.aqar.fm/webp/750x0/props/040820582_1767392560549.jpg | https://images.aqar.fm/webp/750x0/props/040820585_1767392560722.jpg | https://images.aqar.fm/webp/750x0/props/040820583_1767392560725.jpg | https://images.aqar.fm/webp/750x0/props/040820583_1767392560726.jpg | https://images.aqar.fm/webp/750x0/props/040820581_1767392560841.jpg | https://images.aqar.fm/webp/750x0/props/040820582_1767392560858.jpg | https://images.aqar.fm/webp/750x0/props/040820588_1767392560895.jpg | https://images.aqar.fm/webp/750x0/props/040820587_1767392560942.jpg | https://images.aqar.fm/webp/750x0/props/040820588_1767392561029.jpg | https://images.aqar.fm/webp/750x0/props/040820584_1767392561082.jpg | https://images.aqar.fm/webp/750x0/props/040820583_1767392561156.jpg | https://images.aqar.fm/webp/750x0/props/040820584_1767392561159.jpg | https://images.aqar.fm/webp/750x0/props/040820585_1767392561258.jpg | https://images.aqar.fm/webp/750x0/props/040820587_1767392561367.jpg | https://images.aqar.fm/webp/750x0/props/040820581_1767392561371.jpg,26,فايز مصلح,مؤسسة فايز مصلح المطيري,1,2026-01-02,2026-01-02,2026-08-20,973,2026-08-23,True,"870,000",False,فيلا
6770316,https://sa.aqar.fm/فلل-للبيع/الرياض/شرق-الرياض/حي-الجنادرية/شارع-خريص-حي-الجنادرية-مدينة-الرياض-منطقة-الرياض-6770316,"فيلا للبيع في شارع خريص, حي الجنادرية, مدينة الرياض, منطقة الرياض",1350000,360,7,5,2,0,حي الجنادرية,الرياض,شرق الرياض,"تعلن شركة السهم الفضي للعقارات عن توافر : 
للبيع | فيلا عظم في حي غصون

فرصة مميزة لامتلاك فيلا عظم بتصميم عملي وموقع ممتاز.

مواصفات العقار:

المساحة: 360 م²
شارع 18 متر جنوبي
مؤسسة مصعد
تتكون من: دور + دور + شقة
الموقع مميز جدًا، مقابل مرفق مسجد.

تفاصيل الدور الأول:

3 غرف نوم (منها غرفة ماستر)
مجلس رجال
صالة
غرفة طعام
مطبخ

تفاصيل الدور الثاني:

3 غرف نوم (منها غرفتان ماستر)
مجلس رجال
صالة
مطبخ

تفاصيل الشقة:

غرفة نوم
صالة
مطبخ
مؤسسة لإضافة غرفتي نوم مستقبلًا

مميزات إضافية:

يتوفر تصوير كامل لجميع مراحل البناء منذ بداية المشروع وحتى الانتهاء.
جميع الضمانات متوفرة.
البناء شغل شخصي مع اهتمام بجودة التنفيذ والتفاصيل.",24.843819,46.902756,https://images.aqar.fm/webp/750x0/props/025521113_1783864256904.jpg | https://images.aqar.fm/webp/750x0/props/025521119_1783864256896.jpg,2,فايز الاحمري,شركة السهم الفضي للعقارات,1,2026-07-12,2026-08-10,2026-08-10,360,2026-08-23,True,"1,350,000",False,فيلا
6421367,https://sa.aqar.fm/فلل-للبيع/الرياض/شرق-الرياض/حي-الجنادرية/شارع-رقم-186-حي-الجنادرية-مدينة-الرياض-منطقة-الرياض-6421367,"فيلا للبيع في شارع رقم 186, حي الجنادرية, مدينة الرياض, منطقة الرياض",1850000,277,5,,,0,حي الجنادرية,الرياض,شرق الرياض,"للتواصل ((رقم المعلن يظهر عند التواصل))

حي الجنادرية
فيلا على زاويه درج داخلي مع شقه 
مؤسس مصعد",24.849864,46.88619,https://images.aqar.fm/webp/750x0/props/042914505_1760323529790.jpg | https://images.aqar.fm/webp/750x0/props/042914507_1760323529781.jpg | https://images.aqar.fm/webp/750x0/props/042914503_1760323529787.jpg | https://images.aqar.fm/webp/750x0/props/042914506_1760323529792.jpg | https://images.aqar.fm/webp/750x0/props/042914507_1760323529948.jpg | https://images.aqar.fm/webp/750x0/props/042914507_1760323555809.jpg | https://images.aqar.fm/webp/750x0/props/042914505_1760323555813.jpg | https://images.aqar.fm/webp/750x0/props/042914502_1760323555808.jpg,8,ماجد البقمي,,0,2025-10-13,2025-10-13,2026-08-18,447,2026-08-23,True,"1,850,000",False,فيلا
6571368,https://sa.aqar.fm/فلل-للبيع/الرياض/شرق-الرياض/حي-الجنادرية/شارع-الضياء-حي-الجنادرية-مدينة-الرياض-منطقة-الرياض-6571368,"فيلا للبيع في شارع الضياء, حي الجنادرية, مدينة الرياض, منطقة الرياض",2500000,406,6,,,0,حي الجنادرية,الرياض,شرق الرياض,فله دور واربع شقق في حي الجنادريه مخطط غصون قريبه من جميع الخدمات وعليها جميع الضمانات,24.847203,46.896225,https://images.aqar.fm/webp/750x0/props/020419504_1769964587549.jpg | https://images.aqar.fm/webp/750x0/props/020419506_1769964587511.jpg | https://images.aqar.fm/webp/750x0/props/020419509_1769964587421.jpg | https://images.aqar.fm/webp/750x0/props/020419504_1769964587528.jpg | https://images.aqar.fm/webp/750x0/props/020419508_1769964587528.jpg | https://images.aqar.fm/webp/750x0/props/020419502_1769964587548.jpg | https://images.aqar.fm/webp/750x0/props/020419505_1769964587573.jpg | https://images.aqar.fm/webp/750x0/props/020419501_1769964587559.jpg,8,فهد محمد,مؤسسة بيت امانك العقارية,1,2026-02-01,2026-07-30,2026-08-23,368,2026-08-23,True,"2,500,000",False,فيلا
6829663,https://sa.aqar.fm/فلل-للبيع/الرياض/شرق-الرياض/حي-الجنادرية/شارع-بوابة-الشرق-حي-الجنادرية-مدينة-الرياض-منطقة-الرياض-6829663,"فيلا للبيع في شارع بوابة الشرق, حي الجنادرية, مدينة الرياض, منطقة الرياض",1450000,302,6,1,0,0,حي الجنادرية,الرياض,شرق الرياض,"👌🏻 فرصة سكنية مميزة في حي بوابة الشرق شرق الرياض 
📍موقع متطور وقريب من جميع الخدمات.

🔘( فيلا درج داخلي مع شقة) 

✏️ المساحة :250 م
💵 السعر  :  مليون و 450  الف قابل للتفاوض 

🏠 المواصفات: 

*  مجلس
*   مقلط 
* 5 غرف نوم  منها ماستر
* مطبخ 
* غرفة عامله مع دورة المياه 
* غرفة غسيل 
* صاله كبيرة
* مدخل نساء ورجال 
 خزان وعداد مستقل 
مدخل  كراج سياره 
** 💥موصفات الشقة 💥
* غرفتين نوم 
* صاله 
* مطبخ 
* مجلس 
* سطح 
* خزان مستقل 
* عداد مياه مستقل 
* عداد كهرباء مستقل 
مواصفات اخرى : * 
* مطابقة للكود السعودي. 
*  ضمان 25 سنوات.
* عمر العقار جديد.
* واجهة جنوبية
* جمب زاويه 
* عرض الشارع 15
* ماء وكهرب واصل .
* قريب مرفق  حديقه +مسجد 



للتواصل : ‭‬ابو عبدالله 
[((الرقم يظهر عند الضغط على اتصال))]",24.891386,46.953644,https://images.aqar.fm/webp/750x0/props/004670695_1787074665603.jpg | https://images.aqar.fm/webp/750x0/props/004670695_1787074550944.jpg | https://images.aqar.fm/webp/750x0/props/004670694_1787074550945.jpg | https://images.aqar.fm/webp/750x0/props/004670697_1787074550988.jpg | https://images.aqar.fm/webp/750x0/props/004670697_1787074551026.jpg | https://images.aqar.fm/webp/750x0/props/004670693_1787074551128.jpg | https://images.aqar.fm/webp/750x0/props/004670693_1787074551135.jpg | https://images.aqar.fm/webp/750x0/props/004670693_1787074551216.jpg | https://images.aqar.fm/webp/750x0/props/004670699_1787074551215.jpg | https://images.aqar.fm/webp/750x0/props/004670695_1787074550944.jpg | https://images.aqar.fm/webp/750x0/props/004670694_1787074550945.jpg | https://images.aqar.fm/webp/750x0/props/004670697_1787074550988.jpg | https://images.aqar.fm/webp/750x0/props/004670697_1787074551026.jpg | https://images.aqar.fm/webp/750x0/props/004670693_1787074551128.jpg | https://images.aqar.fm/webp/750x0/props/004670693_1787074551135.jpg | https://images.aqar.fm/webp/750x0/props/004670693_1787074551216.jpg | https://images.aqar.fm/webp/750x0/props/004670699_1787074551215.jpg | https://images.aqar.fm/webp/750x0/props/004670695_1787074665603.jpg,18,جابر ال فهاد,شركة ركائز الروعة,1,2026-08-18,2026-08-18,2026-08-23,32,2026-08-23,True,"1,450,000",False,فيلا
6828040,https://sa.aqar.fm/فلل-للبيع/الرياض/شرق-الرياض/حي-الجنادرية/شارع-غصون-حي-الجنادرية-مدينة-الرياض-منطقة-الرياض-6828040,"فيلا للبيع في شارع غصون, حي الجنادرية, مدينة الرياض, منطقة الرياض",930000,255,5,0,0,0,حي الجنادرية,الرياض,شرق الرياض,"🏡 فيلا مميزة للبيع –  تاون هاوس علوي تصميم عملي ومساحات رائعة 🏡

📐 المساحة: 300م²
مسطح البناء 193

🛣️الشارع 20ع مرفق 

✨ تفاصيل الفيلا:

كراج سياره 
مصعد راكب

- مجلس مع مغاسل ودورة مياه 
- صالة
- مطبخ
- مدخلان مستقلان

- 3 غرف نوم (منها غرفة ماستر)
- صالة عائلية
- 2 حمام

- غرفة ماستر

✅ توزيع مميز يوفر الخصوصية والراحة لجميع أفراد الأسرة.
✅ موقع مناسب وتصميم عصري يلبي احتياجات السكن العائلي.

📞 للتواصل والاستفسار ومعاينة العقار يرجى التواصل مباشرة.  ((الرقم يظهر عند الضغط على اتصال)) ابو سند",24.841297,46.880804,https://images.aqar.fm/webp/750x0/props/046052071_1786997473014.jpg | https://images.aqar.fm/webp/750x0/props/046052076_1786997485704.jpg | https://images.aqar.fm/webp/750x0/props/046052070_1786997485701.jpg | https://images.aqar.fm/webp/750x0/props/046052073_1786997485709.jpg | https://images.aqar.fm/webp/750x0/props/046052076_1786997485694.jpg | https://images.aqar.fm/webp/750x0/props/046052076_1786997485709.jpg | https://images.aqar.fm/webp/750x0/props/046052075_1786997485731.jpg | https://images.aqar.fm/webp/750x0/props/046052074_1786997485722.jpg | https://images.aqar.fm/webp/750x0/props/046052079_1786997485726.jpg | https://images.aqar.fm/webp/750x0/props/046052076_1786997509202.jpg | https://images.aqar.fm/webp/750x0/props/046052075_1786997509207.jpg | https://images.aqar.fm/webp/750x0/props/046052078_1786997509205.jpg | https://images.aqar.fm/webp/750x0/props/046052071_1786997509203.jpg | https://images.aqar.fm/webp/750x0/props/046052071_1786997509201.jpg | https://images.aqar.fm/webp/750x0/props/046052077_1786997509209.jpg | https://images.aqar.fm/webp/750x0/props/046052078_1786997509206.jpg | https://images.aqar.fm/webp/750x0/props/046052076_1786997509202.jpg | https://images.aqar.fm/webp/750x0/props/046052074_1786997522659.jpg | https://images.aqar.fm/webp/750x0/props/046052079_1786997522651.jpg,19,جابر ال فهاد,شركة ركائز الروعة,1,2026-08-17,2026-08-17,2026-08-23,35,2026-08-23,True,"930,000",False,فيلا
6644165,https://sa.aqar.fm/فلل-للبيع/الرياض/شرق-الرياض/حي-الجنادرية/شارع-الضياء-حي-الجنادرية-مدينة-الرياض-منطقة-الرياض-6644165,"فيلا للبيع في شارع الضياء, حي الجنادرية, مدينة الرياض, منطقة الرياض",1300000,343,7,4,2,0,حي الجنادرية,الرياض,شرق الرياض,"بسم الله الرحمن الرحيم 
شركة بصمة الانماء والاعمار 
تقدم لكم افضل العروض والمميزات 
فيلا دور 
حى الجنادرية مخطط غصون 
مسطح البناء 343.5 متر 
الفيلا تتكون كالاتى 
مدخل سيارة ومجلس رجال ومقلط ومطبخ ومستودع ومجلس نساء  وغرفة كبار سن 
الدور العلوى 
غرفة نوم ماستر و2غرفة مع حمام 
السطح
غرفة شغاله مع حمام وسطح كبير 
السعر مليون و300الف قابل للتفاوض",24.847925,46.89372,https://images.aqar.fm/webp/750x0/props/013298885_1775494720733.jpg,1,سلمان صالح علي المطيري,مكتب بصمة إنماء وإعمار العقارية,1,2026-04-06,2026-08-01,2026-08-22,1077,2026-08-23,True,"1,300,000",False,فيلا
6694102,https://sa.aqar.fm/فلل-للبيع/الرياض/شرق-الرياض/حي-الجنادرية/شارع-رقم-186-حي-الجنادرية-مدينة-الرياض-منطقة-الرياض-6694102,"فيلا للبيع في شارع رقم 186, حي الجنادرية, مدينة الرياض, منطقة الرياض",1300000,270,4,0,0,7,حي الجنادرية,الرياض,شرق الرياض,"للبيع دبلقس فله حي المعالي العمر ٧ سنوات البيت نظيف

الدور الارضي # 
مجلس رجال واسع مع مشب 
مقلط 
مطبخ 
وصاله واسعه جدً 
ودورتين مياه 

الدور الأول #
٤ غرف 
غرفتين مع حمام مشترك 
وغرفتين ماستر .

وغرفة النوم الرئيسيه واسعة جداً مع غرفة ملابس جانبيه 

الدور الثالث# 
غرفه وحمام وغرفة غسيل",24.851231,46.887359,https://images.aqar.fm/webp/750x0/props/044634253_1778598887431.jpg | https://images.aqar.fm/webp/750x0/props/044634257_1778598887424.jpg | https://images.aqar.fm/webp/750x0/props/044634252_1778598887422.jpg | https://images.aqar.fm/webp/750x0/props/044634257_1778598887430.jpg | https://images.aqar.fm/webp/750x0/props/044634257_1778598887432.jpg | https://images.aqar.fm/webp/750x0/props/044634251_1778598887421.jpg | https://images.aqar.fm/webp/750x0/props/044634250_1778598887429.jpg,7,هدى سعد عائض البقمي,مؤسسة غصن الشرق للمقاولات العامة,1,2026-05-12,2026-07-09,2026-08-22,377,2026-08-23,True,"1,300,000",False,فيلا
6729425,https://sa.aqar.fm/فلل-للبيع/الرياض/شرق-الرياض/حي-الجنادرية/حي-الجنادرية-مدينة-الرياض-منطقة-الرياض-6729425,"فيلا للبيع في حي الجنادرية, مدينة الرياض, منطقة الرياض",1400000,300,,4,1,0,حي الجنادرية,الرياض,شرق الرياض,"للبيع فيلا مؤثثة  نموذج الياسمين 
في مشروع بوابة الشرق - حي الجنادرية
على شارعين متظاهرة
التفاصيل تتكون من : 
1- مجلس
2 - صالة
3- مطبخ
4- اربعة غرف نوم منها واحدة ماستر
5- غرفة خادمة مع غرفة غسيل
رقم المخطط : 3768
السعر: 1400000 ريال
رقم الترخيص الاعلاني:
7200992764

شركة سمة الوسيط العقارية
للتواصل
((الرقم يظهر عند الضغط على اتصال))
((الرقم يظهر عند الضغط على اتصال))
((الرقم يظهر عند الضغط على اتصال))",24.903507,46.936398,https://images.aqar.fm/webp/750x0/props/028564767_1781206250267.jpg | https://images.aqar.fm/webp/750x0/props/028564764_1781206250271.jpg | https://images.aqar.fm/webp/750x0/props/028564766_1781206250269.jpg | https://images.aqar.fm/webp/750x0/props/028564763_1781206250301.jpg | https://images.aqar.fm/webp/750x0/props/028564761_1781206250273.jpg | https://images.aqar.fm/webp/750x0/props/028564766_1781206250275.jpg,6,أحمد بن سعد بن معتق,شركة سمة الوسيط العقارية,1,2026-06-11,2026-08-09,2026-08-19,191,2026-08-23,True,"1,400,000",False,فيلا
6824161,https://sa.aqar.fm/فلل-للبيع/الرياض/شرق-الرياض/حي-الجنادرية/شارع-حي-الجنادرية-مدينة-الرياض-منطقة-الرياض-6824161,"فيلا للبيع في شارع, حي الجنادرية, مدينة الرياض, منطقة الرياض",1300000,300,6,0,0,0,حي الجنادرية,الرياض,شرق الرياض,للبيع فيلا مساحة٣٠٠م درج داخلي وشقة جديدة في حي بوابة الشرق شارع١٥م شرقي بجانب زاوية تحت إستقبال وحوش والدور الأول ٤غرف نوم من ضمنها ٣ماستر وصالة عائلية ودورة مياه مصعد مؤسس . بالإضافة لشقة مستقلة مدخل خاص التشطيب فاخر الأرضيات بورسلان والأبواب wpcصمان ١٥سنة إشراف هندسي شهادة اتمام بناء وشهادة تأمين,24.894642,46.957221,https://images.aqar.fm/webp/750x0/props/000599590_1786815346509.jpg | https://images.aqar.fm/webp/750x0/props/000599592_1786815346495.jpg | https://images.aqar.fm/webp/750x0/props/000599591_1786815346521.jpg | https://images.aqar.fm/webp/750x0/props/000599595_1786815346534.jpg | https://images.aqar.fm/webp/750x0/props/000599594_1786815346518.jpg | https://images.aqar.fm/webp/750x0/props/000599594_1786815346515.jpg | https://images.aqar.fm/webp/750x0/props/000599598_1786815346497.jpg | https://images.aqar.fm/webp/750x0/props/000599594_1786815346512.jpg | https://images.aqar.fm/webp/750x0/props/000599594_1786815386542.jpg | https://images.aqar.fm/webp/750x0/props/000599596_1786815386537.jpg,10,ماجد شارع عائض القحطاني,مؤسسة مكتب سليميات المونسية للعقارات,1,2026-08-15,2026-08-15,2026-08-23,35,2026-08-23,True,"1,300,000",False,فيلا
6742058,https://sa.aqar.fm/فلل-للبيع/الرياض/شرق-الرياض/حي-الجنادرية/شارع-الضياء-حي-الجنادرية-مدينة-الرياض-منطقة-الرياض-6742058,"فيلا للبيع في شارع الضياء , حي الجنادرية, مدينة الرياض, منطقة الرياض",850000,283,4,3,2,0,حي الجنادرية,الرياض,شرق الرياض,"للبيع  دور أرضي  بحي الجنادريه  
العمر جديد  
عرض الشارع  25 متر 
                     التفاصيل  
تتكون من 

نموذج دور ارضي 
4 غرف منها غرفتين ماستر 
وصاله 
ومطبخ مع مستودع
 ومجلس رجال  ومقلط
 موقع مميز  متوافر بها العديد من الخدمات   
 يوجد  جميع  الضمانات   للعقار",24.84141,46.889121,https://images.aqar.fm/webp/750x0/props/045587063_1782057315206.jpg | https://images.aqar.fm/webp/750x0/props/045587066_1782057313447.jpg | https://images.aqar.fm/webp/750x0/props/045587060_1782057313571.jpg | https://images.aqar.fm/webp/750x0/props/045587067_1782057313551.jpg | https://images.aqar.fm/webp/750x0/props/045587060_1782057313663.jpg | https://images.aqar.fm/webp/750x0/props/045587065_1782057313658.jpg | https://images.aqar.fm/webp/750x0/props/045587069_1782057314645.jpg | https://images.aqar.fm/webp/750x0/props/045587065_1782057314978.jpg | https://images.aqar.fm/webp/750x0/props/045587060_1782057315639.jpg | https://images.aqar.fm/webp/750x0/props/045587061_1782057315814.jpg | https://images.aqar.fm/webp/750x0/props/045587067_1782057315908.jpg | https://images.aqar.fm/webp/750x0/props/045587066_1782057315947.jpg | https://images.aqar.fm/webp/750x0/props/045587062_1782057316082.jpg | https://images.aqar.fm/webp/750x0/props/045587067_1782057316154.jpg | https://images.aqar.fm/webp/750x0/props/045587063_1782057316338.jpg | https://images.aqar.fm/webp/750x0/props/045587065_1782057316479.jpg | https://images.aqar.fm/webp/750x0/props/045587067_1782057316478.jpg | https://images.aqar.fm/webp/750x0/props/045587063_1782057315206.jpg | https://images.aqar.fm/webp/750x0/props/045587066_1782057313447.jpg | https://images.aqar.fm/webp/750x0/props/045587060_1782057313571.jpg | https://images.aqar.fm/webp/750x0/props/045587067_1782057313551.jpg | https://images.aqar.fm/webp/750x0/props/045587060_1782057313663.jpg | https://images.aqar.fm/webp/750x0/props/045587065_1782057313658.jpg | https://images.aqar.fm/webp/750x0/props/045587069_1782057314645.jpg | https://images.aqar.fm/webp/750x0/props/045587065_1782057314978.jpg | https://images.aqar.fm/webp/750x0/props/045587060_1782057315639.jpg | https://images.aqar.fm/webp/750x0/props/045587061_1782057315814.jpg | https://images.aqar.fm/webp/750x0/props/045587067_1782057315908.jpg | https://images.aqar.fm/webp/750x0/props/045587066_1782057315947.jpg | https://images.aqar.fm/webp/750x0/props/045587062_1782057316082.jpg | https://images.aqar.fm/webp/750x0/props/045587067_1782057316154.jpg | https://images.aqar.fm/webp/750x0/props/045587063_1782057316338.jpg | https://images.aqar.fm/webp/750x0/props/045587065_1782057316479.jpg | https://images.aqar.fm/webp/750x0/props/045587067_1782057316478.jpg,34,فيصل الحمدي,مكتب اركان المحمدية للعقارات,1,2026-06-21,2026-06-21,2026-08-19,580,2026-08-23,True,"850,000",False,فيلا
6702372,https://sa.aqar.fm/فلل-للبيع/الرياض/شرق-الرياض/حي-الجنادرية/شارع-611-الجنادرية-حي-الجنادرية-مدينة-الرياض-منطقة-الرياض-6702372,"فيلا للبيع في شارع 611 الجنادرية, حي الجنادرية, مدينة الرياض, منطقة الرياض",1650000,300,4,7,2,0,حي الجنادرية,الرياض,شرق الرياض,"للبيع فلل سكنية في مشروع فلوه ٢ بحي الجنادرية 
المطور شركة تمام العقارية، بتصاميم عصرية ومساحات متنوعة تبدأ من 300 م² إلى 360 م²، لتناسب احتياج العائلة وتوفر أعلى درجات الراحة والخصوصية.

نموذج C بمساحة أرض 300 م² يتميز بتوزيع عملي يشمل:

الدور الأرضي والملحق الأرضي: 
- ملحق خارجي
- غرفة سائق
-حمام للسائق
- مجلس رجال
- حمام لمجلس الرجال 
- مقلط
- صالة عائلية واسعة
- حمام للصالة
- مطبخ
- غرفة خادمة مع حمام خاص

الدور الأول:
 - غرفتين نوم رئيسية بحمامات خاصة
 - صالة عائلية
- غرفتين نوم إضافيتان، وحمام مشترك.

مميزات المشروع:

* تصاميم حديثة وتشطيبات مميزة
* مساحات متنوعة تناسب مختلف الاحتياجات
* بيئة سكنية متكاملة
* تم موذج

بروفايل المشروع:
https://drive.google.com/file/d/1SvC7QeSI-iIMGHwEMb4UA6DlevWmN000/view?usp=drivesdk

للتواصل والاستفسار يرجى التواصل على الخاص",24.849849,46.898241,https://images.aqar.fm/webp/750x0/props/014856222_1779111486961.jpg | https://images.aqar.fm/webp/750x0/props/014856220_1779111486976.jpg | https://images.aqar.fm/webp/750x0/props/014856228_1779111486976.jpg,3,طارق منير سعد العتيبي,شركة تمام العقارية ,1,2026-05-18,2026-08-15,2026-08-15,512,2026-08-23,True,"1,650,000",False,فيلا
6712391,https://sa.aqar.fm/فلل-للبيع/الرياض/شرق-الرياض/حي-الجنادرية/شارع-رقم-42-حي-الجنادرية-مدينة-الرياض-منطقة-الرياض-6712391,"فيلا للبيع في شارع رقم 42, حي الجنادرية, مدينة الرياض, منطقة الرياض",2000000,500,7,3,1,6,حي الجنادرية,الرياض,شرق الرياض,"للبيع فيلا
بحي الجنادرية
الشقق 
٣ شقق
كل شقه تحتوي على الآتي :
الدور الاول 
٢ غرفة نوم 
مجلس
صاله مطبخ
٢ دوره مياه
الدور الارض:
٣ غرف نوم
مجلس 
مقلط
صاله 
مطبخ
٣ دورات مياه
مشب
غرفة سائق
غرفة خادمه
البيع 2 مليون",24.80891,46.871488,https://images.aqar.fm/webp/750x0/props/047393205_1780065974043.jpg | https://images.aqar.fm/webp/750x0/props/047393207_1780065973843.jpg | https://images.aqar.fm/webp/750x0/props/047393207_1780065973668.jpg,3,عبدالله بن عبدالرحمن بن علي الهمش,مكتب عبدالله عبدالرحمن علي الهمش للعقارات,1,2026-05-29,2026-05-29,2026-08-22,623,2026-08-23,True,"2,000,000",False,فيلا
6378909,https://sa.aqar.fm/فلل-للبيع/الرياض/شرق-الرياض/حي-الجنادرية/شارع-شارع-حي-الجنادرية-مدينة-الرياض-منطقة-الرياض-6378909,"فيلا للبيع في شارع شارع, حي الجنادرية, مدينة الرياض, منطقة الرياض",1100000,210,6,,,0,حي الجنادرية,الرياض,شرق الرياض,"للتواصل ((رقم المعلن يظهر عند التواصل))
حي الجنادرية 
فيلا درج داخلي تصميم مميز",24.909111,46.96188,https://images.aqar.fm/webp/750x0/props/042914500_1757716952879.jpg | https://images.aqar.fm/webp/750x0/props/042914508_1757716952881.jpg | https://images.aqar.fm/webp/750x0/props/042914506_1757716952891.jpg | https://images.aqar.fm/webp/750x0/props/042914502_1757716952902.jpg | https://images.aqar.fm/webp/750x0/props/042914504_1757716953019.jpg | https://images.aqar.fm/webp/750x0/props/042914504_1757716952970.jpg | https://images.aqar.fm/webp/750x0/props/042914509_1757716952988.jpg | https://images.aqar.fm/webp/750x0/props/042914509_1757716952993.jpg | https://images.aqar.fm/webp/750x0/props/042914500_1757716994852.jpg | https://images.aqar.fm/webp/750x0/props/042914506_1757716994863.jpg | https://images.aqar.fm/webp/750x0/props/042914508_1757716994865.jpg | https://images.aqar.fm/webp/750x0/props/042914508_1757716994880.jpg | https://images.aqar.fm/webp/750x0/props/042914507_1757716994925.jpg | https://images.aqar.fm/webp/750x0/props/042914504_1757716994906.jpg | https://images.aqar.fm/webp/750x0/props/042914507_1757716994922.jpg | https://images.aqar.fm/webp/750x0/props/042914508_1757716994896.jpg | https://images.aqar.fm/webp/750x0/props/042914500_1757717031468.jpg | https://images.aqar.fm/webp/750x0/props/042914509_1757717031491.jpg,18,ماجد البقمي,,0,2025-09-12,2025-09-12,2026-08-18,1056,2026-08-23,True,"1,100,000",False,فيلا
6796329,https://sa.aqar.fm/فلل-للبيع/الرياض/شرق-الرياض/حي-الجنادرية/حي-الجنادرية-مدينة-الرياض-منطقة-الرياض-6796329,"فيلا للبيع في حي الجنادرية, مدينة الرياض, منطقة الرياض",1200000,300,4,0,0,4,حي الجنادرية,الرياض,شرق الرياض,"🏡 للبيع فلة سكنية – درج داخلي فقط

📍 الموقع: حي الجنادرية – بوابة الشرق
📐 المساحة: 300 م²
🏗 مسطح البناء: 265 م²
🛣 الشارع: 15م

مميزات العقار:

* ملحق خارجي بمساحة 5 × 6 م (غير محتسب ضمن مساحة البناء).
* تصميم عملي ومناسب للعائلات.

تفاصيل الفلة:

🔹 الدور الأرضي:

* مجلس
* مقلط
* صالة واسعة
* مطبخ
* دورتين مياه

🔹 الدور الأول:

* 4 غرف نوم
* غرفة ماستر

🔹 الدور الثاني:

* غرفة خادمة
* منطقة غسيل

💰 يوجد على العقار مديونية لدى مصرف الراجحي:

* السداد المبكر: 754,000 ريال

💵 سعر البيع شامل المديونية: 1,200,000 ريال

📞 للتواصل:
خـالد القحطاني 

⚠️ المطلوب: زبون كاش فقط.",24.904455,46.941,https://images.aqar.fm/webp/750x0/props/016353654_1785338070138.jpg,1,فاطمه القحطاني,مؤسسة مكتب رؤيتك للعقارات,1,2026-07-29,2026-07-29,2026-08-22,88,2026-08-23,True,"1,200,000",False,فيلا
6678670,https://sa.aqar.fm/فلل-للبيع/الرياض/شرق-الرياض/حي-الجنادرية/شارع-الإمام-عبدالله-بن-سعود-بن-عبدالعزيز-حي-الجنادرية-مدينة-الرياض-منطقة-الرياض-6678670,"فيلا للبيع في شارع الإمام عبدالله بن سعود بن عبدالعزيز, حي الجنادرية, مدينة الرياض, منطقة الرياض",1000000,350,,1,0,11,حي الجنادرية,الرياض,شرق الرياض,"فيلا للبيع حي الجنادرية فرصة للاستثمار بسعر مميز  
مكونه من دورين وسطح",24.806091,46.868994,https://images.aqar.fm/webp/750x0/props/051348511_1777904453795.jpg | https://images.aqar.fm/webp/750x0/props/051348515_1777904453930.jpg,2,مازن بن عبيد بن دبيس الرشيدي,مكتب علو المقام للخدمات العقاريه,1,2026-05-02,2026-06-01,2026-08-22,4447,2026-08-23,True,"1,000,000",False,فيلا
6412422,https://sa.aqar.fm/فلل-للبيع/الرياض/شرق-الرياض/حي-الجنادرية/شارع-رقم-121-حي-الجنادرية-مدينة-الرياض-منطقة-الرياض-6412422,"فيلا للبيع في شارع رقم 121, حي الجنادرية, مدينة الرياض, منطقة الرياض",1880000,277,,,,0,حي الجنادرية,الرياض,شرق الرياض,"كود 1013
فيلا فاخرة مع شقه للبيع 
✨ حي غصون الجنادريه ✨
  
                  🔺

✨ المساحة / 278 متر
✨السعر / مليون 880 الف
   
✨ تتكون من دورين وملحق مع شقه ✨

              ( 10 غرف )

              ( دور ارضي )

يتكون من ⬇️
✨ حوش ومدخل سياره
✨ مشب
✨ مجلس ومقلط 
       بحمام ومغاسل 
✨ صاله كبيرة بحمام ومغاسل
✨ مطبخ مغلق + غرفه خادمه 
       بحمام ومغاسل
   

            ( الدور الاول )

✨ صاله
✨ 3 غرف بحمام ومغاسل
       خارجي 
✨ 2 غرفه ماستر 

                ( الملحق )

✨ سطح كبير
              
                 ( الشقه )

✨ مجلس بحمام
      ومغاسل خارجي + سطح
✨ صاله
✨ مطبخ مغلق + غرفه خادمه
       بحمام ومغاسل 
✨ 2 غرفه بحمام ومغاسل
       خارجي
 

          🔺ملحوظات 🔺
🔺 واجهه غربيه جنوبيه
🔺 علي شارع 20 متر وشارع
       15 متر 
🔺درج داخلي
🔺تكييفات سبليت 
🔺عداد كهرباء خاص
🔺عداد مياه خاص 
🔺مدخل خاص بالشقه 
🔺خزانات سفلي وعلوي
🔺 بجوار جميع الخدامات
 ✨ يوجد جميع الضمانات✨",24.845671,46.887122,https://images.aqar.fm/webp/750x0/props/002296381_1759739804025.jpg | https://images.aqar.fm/webp/750x0/props/002296384_1759739804032.jpg | https://images.aqar.fm/webp/750x0/props/002296387_1759739804036.jpg | https://images.aqar.fm/webp/750x0/props/002296381_1759739804037.jpg | https://images.aqar.fm/webp/750x0/props/002296388_1759739804041.jpg | https://images.aqar.fm/webp/750x0/props/002296380_1759739804058.jpg | https://images.aqar.fm/webp/750x0/props/002296382_1759739804031.jpg | https://images.aqar.fm/webp/750x0/props/002296382_1759739804045.jpg | https://images.aqar.fm/webp/750x0/props/002296380_1759739837400.jpg | https://images.aqar.fm/webp/750x0/props/002296384_1759739837428.jpg | https://images.aqar.fm/webp/750x0/props/002296388_1759739837446.jpg | https://images.aqar.fm/webp/750x0/props/002296388_1759739837420.jpg | https://images.aqar.fm/webp/750x0/props/002296383_1759739837451.jpg | https://images.aqar.fm/webp/750x0/props/002296381_1759739837410.jpg | https://images.aqar.fm/webp/750x0/props/002296386_1759739837413.jpg | https://images.aqar.fm/webp/750x0/props/002296382_1759739837457.jpg | https://images.aqar.fm/webp/750x0/props/002296382_1759739851845.jpg | https://images.aqar.fm/webp/750x0/props/002296387_1759739851820.jpg | https://images.aqar.fm/webp/750x0/props/002296383_1759739851869.jpg | https://images.aqar.fm/webp/750x0/props/002296388_1759739851888.jpg,20,هدى علي عشوي العنزي,شركة جسور الثقة العالمية العقارية,1,2025-10-06,2025-10-06,2026-07-29,530,2026-08-23,True,"1,880,000",False,فيلا
6609785,https://sa.aqar.fm/فلل-للبيع/الرياض/شرق-الرياض/حي-الجنادرية/حي-الجنادرية-مدينة-الرياض-منطقة-الرياض-6609785,"فيلا للبيع في حي الجنادرية, مدينة الرياض, منطقة الرياض",1800000,375,4,0,0,0,حي الجنادرية,الرياض,شرق الرياض,"📞 للتواصل:
واتساب:  
اتصال:  
👤 مباشر مع المالك / عبدالعزيز الخالدي

� فلة للبيع – مشروع المشرقية | حي الجنادرية
📍 الموقع:
https://maps.app.goo.gl/jRrh14pdzBPJbCvA7?g_st=iw
🔹 المساحة: 375 م²
🔹 الواجهة: شمالية
🔹 على ممر: عرض 8 متر
🔹 الشارع: 18 متر
🔹 التصميم: دورين – درج داخلي
🔹 الحالة: جديدة لم تُسكن
الدور الأرضي:
	•	مجلس خارجي (7 × 5)
	•	مجلس داخلي
	•	صالة طعام + دورة مياه
	•	صالتين + دورة مياه
	•	مطبخ
	•	غرفة خادمة + دورة مياه
الدور الأول:
	•	4 غرف نوم (2 ماستر)
	•	3 دورات مياه
💰 الوضع المالي:
	•	على العقار مديونية: 1,100,000 ريال
💵 السعر:
	•	السوم: 1,700,000 ريال
	•	الحد: 1,800,000 ريال",24.828513,46.860472,https://images.aqar.fm/webp/750x0/props/023992127_1775315549150.jpg | https://images.aqar.fm/webp/750x0/props/023992120_1775315549146.jpg | https://images.aqar.fm/webp/750x0/props/023992129_1775315549170.jpg | https://images.aqar.fm/webp/750x0/props/023992120_1775315549148.jpg | https://images.aqar.fm/webp/750x0/props/023992125_1775315549162.jpg | https://images.aqar.fm/webp/750x0/props/023992120_1775315549158.jpg | https://images.aqar.fm/webp/750x0/props/023992125_1775315549143.jpg | https://images.aqar.fm/webp/750x0/props/023992120_1775315549143.jpg | https://images.aqar.fm/webp/750x0/props/023992121_1775315622085.jpg | https://images.aqar.fm/webp/750x0/props/023992121_1775315622071.jpg | https://images.aqar.fm/webp/750x0/props/023992129_1775315622059.jpg | https://images.aqar.fm/webp/750x0/props/023992125_1775315622093.jpg | https://images.aqar.fm/webp/750x0/props/023992127_1775315622070.jpg | https://images.aqar.fm/webp/750x0/props/023992124_1775315622075.jpg | https://images.aqar.fm/webp/750x0/props/023992125_1775315622077.jpg | https://images.aqar.fm/webp/750x0/props/023992124_1775315622088.jpg | https://images.aqar.fm/webp/750x0/props/023992120_1775315695941.jpg | https://images.aqar.fm/webp/750x0/props/023992128_1775315695936.jpg | https://images.aqar.fm/webp/750x0/props/023992122_1775315695946.jpg | https://images.aqar.fm/webp/750x0/props/023992126_1775315695944.jpg | https://images.aqar.fm/webp/750x0/props/023992126_1775315695942.jpg | https://images.aqar.fm/webp/750x0/props/023992127_1775315695948.jpg | https://images.aqar.fm/webp/750x0/props/023992128_1775315695937.jpg | https://images.aqar.fm/webp/750x0/props/023992122_1775315695953.jpg | https://images.aqar.fm/webp/750x0/props/023992125_1775315950396.jpg | https://images.aqar.fm/webp/750x0/props/023992121_1775315950443.jpg | https://images.aqar.fm/webp/750x0/props/023992126_1775315950445.jpg | https://images.aqar.fm/webp/750x0/props/023992125_1775315950414.jpg | https://images.aqar.fm/webp/750x0/props/023992124_1775315950432.jpg | https://images.aqar.fm/webp/750x0/props/023992120_1775315950434.jpg,30,عبدالعزيز عمار محمد الخالدي,,,2026-03-01,2026-07-24,2026-07-24,795,2026-08-23,True,"1,800,000",False,فيلا
6701412,https://sa.aqar.fm/فلل-للبيع/الرياض/شرق-الرياض/حي-الجنادرية/شارع-محمد-حي-الجنادرية-مدينة-الرياض-منطقة-الرياض-6701412,"فيلا للبيع في شارع محمد, حي الجنادرية, مدينة الرياض, منطقة الرياض",1250000,300,5,0,0,0,حي الجنادرية,الرياض,شرق الرياض,"السلام عليكم ورحمة الله وبركاتة 

العرض عباره عن فله مع درج داخلي في بوابة الشرق 

تتكون من ( درج داخلي وشقه 
مساحه ٣٠٠ - واجهه شماليه - شارع 15 - مدخل سياره - مشب خارجي - مجلس رجال - مقلط - صاله - مطبخ - 5 غرف نوم منهم ٣ ماستر وغرفه كبار سن )",24.905942,46.938653,https://images.aqar.fm/webp/750x0/props/021228036_1779048181090.jpg | https://images.aqar.fm/webp/750x0/props/021228033_1779048293442.jpg | https://images.aqar.fm/webp/750x0/props/021228030_1779048295787.jpg | https://images.aqar.fm/webp/750x0/props/021228034_1779048294354.jpg | https://images.aqar.fm/webp/750x0/props/021228034_1779048293783.jpg | https://images.aqar.fm/webp/750x0/props/021228033_1779048293856.jpg | https://images.aqar.fm/webp/750x0/props/021228037_1779048294539.jpg | https://images.aqar.fm/webp/750x0/props/021228037_1779048294130.jpg | https://images.aqar.fm/webp/750x0/props/021228033_1779048294175.jpg,9,وليد زيد,مؤسسة تداول البيان للتطوير والاستثمار العقاري,1,2026-05-17,2026-08-13,2026-08-21,748,2026-08-23,True,"1,250,000",False,فيلا
6619891,https://sa.aqar.fm/فلل-للبيع/الرياض/شرق-الرياض/حي-الجنادرية/شارع-احمد-بن-صالح-منصور-حي-الجنادرية-مدينة-الرياض-منطقة-الرياض-6619891,"فيلا للبيع في شارع احمد بن صالح منصور, حي الجنادرية, مدينة الرياض, منطقة الرياض",900000,300,7,5,2,0,حي الجنادرية,الرياض,شرق الرياض,"🔥 فيلا دوبلكس للبيع – مشروع بوابة الشرق | حي الجنادرية 🔥
 قريبة من كلية نايف للعلوم الأمنية – موقع مميز
فرصة لامتلاك فيلا دوبلكس نموذج توليب في مشروع بوابة الشرق بحي الجنادرية شرق الرياض، تقع في موقع مميز قريب من الحضانات والمساجد والطرق الرئيسية مثل طريق الدمام وطريق خريص.
________________________________________
📐 بيانات العقار:
•	المساحة: 300 م²
•	نوع العقار: فيلا دوبلكس
•	عرض الشارع: 15 متر
•	ماء وكهرباء متوفران
•	لا يوجد شقق داخل الفيلا
________________________________________
🏡 تفاصيل الفيلا:
الدور الأرضي:
•	حوش واسع
•	مجلس
•	مقلط
•	صالتان مفتوحتان على بعض
•	مطبخ مفتوح على الصالة
•	3 دورات مياه
الدور الأول:
•	3 غرف نوم بحمام مشترك
•	غرفة ماستر بدورة مياه
الدور الثاني:
•	غرفة خادمة مع دورة مياه
•	غرفة غسيل
•	سطح واسع
________________________________________
⭐ مميزات إضافية:
•	مدخل سيارة
•	مساحة الحوش تسمح بإضافة غرفة سائق
•	موقع قريب من الخدمات والمدارس
•	قريب من طريق الدمام وطريق خريص
•	قريب من كلية نايف للعلوم الأمنية
________________________________________
💰 تفاصيل البيع:
•	السعر المطلوب: 900,000 ريال كاش
•	العقار مرهون للبنك الأهلي بمبلغ 741,000 ريال
•	يتم الاتفاق عبر محامٍ لحفظ حقوق الطرفين حتى فك الرهن ونقل الملكية للمشتري
________________________________________
🏠 حالة العقار:
•	الفيلا مؤجرة حاليًا بقيمة 2,800 ريال شهريًا
•	بداية العقد: 01 / 11 / 2025 لمدة سنة
•	يحق للمشتري الاستمرار مع المستأجر أو طلب إخلاء العقار بعد انتهاء العقد
________________________________________",24.902416,46.941795,https://images.aqar.fm/webp/750x0/props/049888609_1773075758095.jpg | https://images.aqar.fm/webp/750x0/props/049888607_1773075757968.jpg | https://images.aqar.fm/webp/750x0/props/049888609_1773075758011.jpg | https://images.aqar.fm/webp/750x0/props/049888607_1773075758036.jpg | https://images.aqar.fm/webp/750x0/props/049888609_1773075758073.jpg | https://images.aqar.fm/webp/750x0/props/049888607_1773075758126.jpg | https://images.aqar.fm/webp/750x0/props/049888603_1773075758126.jpg | https://images.aqar.fm/webp/750x0/props/049888602_1773075758146.jpg | https://images.aqar.fm/webp/750x0/props/049888607_1773075758167.jpg | https://images.aqar.fm/webp/750x0/props/049888605_1773075758170.jpg | https://images.aqar.fm/webp/750x0/props/049888609_1773075758191.jpg | https://images.aqar.fm/webp/750x0/props/049888603_1773075758219.jpg | https://images.aqar.fm/webp/750x0/props/049888605_1773075758225.jpg | https://images.aqar.fm/webp/750x0/props/049888602_1773075758225.jpg | https://images.aqar.fm/webp/750x0/props/049888609_1773075758227.jpg | https://images.aqar.fm/webp/750x0/props/049888607_1773075758233.jpg | https://images.aqar.fm/webp/750x0/props/049888600_1773075758236.jpg | https://images.aqar.fm/webp/750x0/props/049888605_1773075758266.jpg | https://images.aqar.fm/webp/750x0/props/049888608_1773075758267.jpg | https://images.aqar.fm/webp/750x0/props/049888600_1773075758262.jpg | https://images.aqar.fm/webp/750x0/props/049888606_1773075758268.jpg | https://images.aqar.fm/webp/750x0/props/049888606_1773075758296.jpg,22,هاني سعود,شركة مدارك السكن للتطوير العقاري,1,2026-03-09,2026-08-02,2026-08-21,953,2026-08-23,True,"900,000",False,فيلا
6784490,https://sa.aqar.fm/فلل-للبيع/الرياض/شرق-الرياض/حي-الجنادرية/شارع-الجنادرية-حي-الجنادرية-مدينة-الرياض-منطقة-الرياض-6784490,"فيلا للبيع في شارع الجنادرية, حي الجنادرية, مدينة الرياض, منطقة الرياض",2200000,330,6,5,3,0,حي الجنادرية,الرياض,شرق الرياض,"*[ شركة بنيان العاصمة العقارية  ]*

تقدم لكم 
-  للبيع فله  سكنيه او استثمارية حي غصون - الرياض
عبارة عن دور ارضي و دور علوي و شقه

- الوصف : الارضي 
للبيع ادوار سكنيه او استثماريه حي غصون
تتكون من  مدخل سيارة غرفه سايق  ، مجلس ، مقلط  ، صالة ، مطبخ ، ٣ غرف نوم ومنها ماستر  بفناء خارجي ✅

⬇️ الدور الاول 

الوصف : 
مدخلين 
مجلس ، مقلط ، صالة ، مطبخ ، ٣ غرف نوم منها ماستر ، ✅

الشقة ⬇️  

الوصف 
٣ مداخل 
سطح ، وصالة ، ومطبخ ، فناء خارجي ، غرفتين نوم وحدة منها ماستر 
 

- المساحه : ٣٣٠م 
- ⁠الشوارع : ١٥ 

الموقع :⬇️

-  لتواصل و الاستفسارات 📞
 *شركة بنيان العاصمة العقارية*
((الرقم يظهر عند الضغط على اتصال))",24.850244,46.903276,https://images.aqar.fm/webp/750x0/props/019895213_1784660467022.jpg | https://images.aqar.fm/webp/750x0/props/019895214_1784660467025.jpg | https://images.aqar.fm/webp/750x0/props/019895217_1784663505843.jpg | https://images.aqar.fm/webp/750x0/props/019895218_1784663505852.jpg | https://images.aqar.fm/webp/750x0/props/019895216_1784663505816.jpg | https://images.aqar.fm/webp/750x0/props/019895219_1784663505838.jpg | https://images.aqar.fm/webp/750x0/props/019895219_1784663505834.jpg | https://images.aqar.fm/webp/750x0/props/019895218_1784663505835.jpg | https://images.aqar.fm/webp/750x0/props/019895217_1784663505840.jpg | https://images.aqar.fm/webp/750x0/props/019895213_1784663505830.jpg | https://images.aqar.fm/webp/750x0/props/019895217_1784663524188.jpg | https://images.aqar.fm/webp/750x0/props/019895219_1784663524171.jpg | https://images.aqar.fm/webp/750x0/props/019895218_1784663524190.jpg | https://images.aqar.fm/webp/750x0/props/019895210_1784663524140.jpg | https://images.aqar.fm/webp/750x0/props/019895214_1784663524185.jpg | https://images.aqar.fm/webp/750x0/props/019895216_1784663524180.jpg | https://images.aqar.fm/webp/750x0/props/019895217_1784663524182.jpg | https://images.aqar.fm/webp/750x0/props/019895219_1784663524182.jpg,18,خالد فيصل,مؤسسة بنيان العاصمة العقارية,1,2026-07-21,2026-08-20,2026-08-20,134,2026-08-23,True,"2,200,000",False,فيلا
6692501,https://sa.aqar.fm/فلل-للبيع/الرياض/شرق-الرياض/حي-الجنادرية/شارع-269-الجنادرية-حي-الجنادرية-مدينة-الرياض-منطقة-الرياض-6692501,"فيلا للبيع في شارع 269 الجنادرية, حي الجنادرية, مدينة الرياض, منطقة الرياض",1149000,295,,,,0,حي الجنادرية,الرياض,شرق الرياض,"للبيع فيلا درج داخلي مع شقة
بحي الجنادرية - بوابة الشرق
التفاصيل تتكون من :
1 - مجلس مع ملحق خارجي
2 - صالة
3 -مطبخ
4 - اربع غرف نوم
رقم المخطط : 3768
السعر: 1149000ريال
رقم الترخيص الاعلاني :
7200967913

شركة سمة الوسيط العقارية
0579500095
0502758294
0551757777",24.900935,46.967404,https://images.aqar.fm/webp/750x0/props/028564762_1778516232415.jpg | https://images.aqar.fm/webp/750x0/props/028564764_1778516281250.jpg | https://images.aqar.fm/webp/750x0/props/028564769_1778516327292.jpg | https://images.aqar.fm/webp/750x0/props/028564760_1778516385974.jpg,4,أحمد بن سعد بن معتق,شركة سمة الوسيط العقارية,1,2026-05-11,2026-08-06,2026-08-19,274,2026-08-23,True,"1,149,000",False,فيلا
6704908,https://sa.aqar.fm/فلل-للبيع/الرياض/شرق-الرياض/حي-الجنادرية/حي-الجنادرية-مدينة-الرياض-منطقة-الرياض-6704908,"فيلا للبيع في حي الجنادرية, مدينة الرياض, منطقة الرياض",980000,201,,,,0,حي الجنادرية,الرياض,شرق الرياض,"فيلا  للبيع بحي الجنادرية مخطط بوابه الشرق 
البناء على الكود السعودي الجديد مودرن 
شارع جنوبي غربي شارع 15
مساحه الفيلا  
210م 
السعر 
980000 الف 
الفيلا عباره عن ثلاثه دور دبلكس بصك مستقل 
حوش سياره واسع جدا 
مجلس رجال + مقلط + صاله + مطبخ +   دورتين مياة 
الدور الاول 4 غرف نوم + صالة عائلية 
الدور الأخير الملحق الاخير 
غرفه شغاله كبيره بدورة مياة + 
غرفه غسيل 
+ سطح كبير جدا 
يوجد كافة الضمانات السباكة الكهرباء 25 سنه العوازل المائية الحرارية وعلى الهيكل الانشائي وإشراف هندسي لمده 30 سنه  معتمد  يوجد تامين من شركة ملاذ لمده 15 سنه 
وكما نوفر للعملانا الكرام جميع الحلول التمويلية وسداد المتعثرات وتوحيد الاقساط 
تخليص جميع الإجراءات البنكية",24.901839,46.961928,https://images.aqar.fm/webp/750x0/props/010018299_1779228737334.jpg | https://images.aqar.fm/webp/750x0/props/010018292_1779228735580.jpg | https://images.aqar.fm/webp/750x0/props/010018290_1779228735602.jpg | https://images.aqar.fm/webp/750x0/props/010018290_1779228735581.jpg | https://images.aqar.fm/webp/750x0/props/010018293_1779228735593.jpg | https://images.aqar.fm/webp/750x0/props/010018294_1779228735604.jpg | https://images.aqar.fm/webp/750x0/props/010018297_1779228737043.jpg | https://images.aqar.fm/webp/750x0/props/010018299_1779228737067.jpg | https://images.aqar.fm/webp/750x0/props/010018293_1779228737061.jpg | https://images.aqar.fm/webp/750x0/props/010018298_1779228737186.jpg | https://images.aqar.fm/webp/750x0/props/010018299_1779228737180.jpg | https://images.aqar.fm/webp/750x0/props/010018294_1779228737307.jpg | https://images.aqar.fm/webp/750x0/props/010018294_1779228737349.jpg | https://images.aqar.fm/webp/750x0/props/010018293_1779228737462.jpg | https://images.aqar.fm/webp/750x0/props/010018291_1779228737505.jpg | https://images.aqar.fm/webp/750x0/props/010018297_1779228737598.jpg | https://images.aqar.fm/webp/750x0/props/010018296_1779228737623.jpg | https://images.aqar.fm/webp/750x0/props/010018291_1779228737632.jpg | https://images.aqar.fm/webp/750x0/props/010018294_1779228737737.jpg | https://images.aqar.fm/webp/750x0/props/010018297_1779228737790.jpg | https://images.aqar.fm/webp/750x0/props/010018294_1779228737865.jpg | https://images.aqar.fm/webp/750x0/props/010018295_1779228737888.jpg | https://images.aqar.fm/webp/750x0/props/010018294_1779228737910.jpg | https://images.aqar.fm/webp/750x0/props/010018299_1779228738029.jpg,24,ابراهيم أحمد عبدالله العيسي,,,2026-05-19,2026-05-19,2026-08-21,187,2026-08-23,True,"980,000",False,فيلا
6610571,https://sa.aqar.fm/فلل-للبيع/الرياض/شرق-الرياض/حي-الجنادرية/حي-الجنادرية-مدينة-الرياض-منطقة-الرياض-6610571,"فيلا للبيع في حي الجنادرية, مدينة الرياض, منطقة الرياض",1296000,247,,,,0,حي الجنادرية,الرياض,شرق الرياض,"للبيع فلة مع شقه سكنية
بمخطط بوابة الشرق
تتكون الفيلا من :
-1- مجلس كبير .
-2- مقلط
-3- صالتين عائلية . 
 4-  أربع غرف نوم منها 2 ماستر  . 
تتكون الشقة من ( مجلس وصالة وغرفتين نوم ومطبخ . )

المساحة  
شارع عرض : 15 جنوبي 
رقم المخطط: 3768
رقم القطعة: 
السعر : 1300000 

شركة سمة الوسيط للعقارية
رقم ترخيص الإعلان
7200897023
للتواصل
0551757777
0505584736",24.905407,46.95614,https://images.aqar.fm/webp/750x0/props/028564761_1772398068520.jpg | https://images.aqar.fm/webp/750x0/props/028564761_1772398068443.jpg | https://images.aqar.fm/webp/750x0/props/028564764_1772398068321.jpg | https://images.aqar.fm/webp/750x0/props/028564769_1772398068335.jpg | https://images.aqar.fm/webp/750x0/props/028564763_1772398068341.jpg | https://images.aqar.fm/webp/750x0/props/028564767_1772398068354.jpg | https://images.aqar.fm/webp/750x0/props/028564762_1772398068362.jpg | https://images.aqar.fm/webp/750x0/props/028564768_1772398068366.jpg | https://images.aqar.fm/webp/750x0/props/028564760_1772398068379.jpg | https://images.aqar.fm/webp/750x0/props/028564762_1772398068384.jpg | https://images.aqar.fm/webp/750x0/props/028564765_1772398068393.jpg | https://images.aqar.fm/webp/750x0/props/028564763_1772398068485.jpg | https://images.aqar.fm/webp/750x0/props/028564764_1772398068477.jpg | https://images.aqar.fm/webp/750x0/props/028564763_1772398068515.jpg | https://images.aqar.fm/webp/750x0/props/028564760_1772398068527.jpg | https://images.aqar.fm/webp/750x0/props/028564764_1772398068480.jpg | https://images.aqar.fm/webp/750x0/props/028564764_1772398068471.jpg | https://images.aqar.fm/webp/750x0/props/028564766_1772398068475.jpg | https://images.aqar.fm/webp/750x0/props/028564762_1772398068607.jpg | https://images.aqar.fm/webp/750x0/props/028564761_1772398068605.jpg | https://images.aqar.fm/webp/750x0/props/028564762_1772398068592.jpg | https://images.aqar.fm/webp/750x0/props/028564767_1772398068599.jpg | https://images.aqar.fm/webp/750x0/props/028564765_1772398068596.jpg | https://images.aqar.fm/webp/750x0/props/028564761_1772398068585.jpg | https://images.aqar.fm/webp/750x0/props/028564769_1772398068594.jpg | https://images.aqar.fm/webp/750x0/props/028564765_1772398068802.jpg | https://images.aqar.fm/webp/750x0/props/028564764_1772398068590.jpg | https://images.aqar.fm/webp/750x0/props/028564765_1772398068592.jpg | https://images.aqar.fm/webp/750x0/props/028564764_1772398068591.jpg,29,أحمد بن سعد بن معتق,شركة سمة الوسيط العقارية,1,2026-03-01,2026-07-25,2026-08-19,302,2026-08-23,True,"1,296,000",False,فيلا
6527353,https://sa.aqar.fm/فلل-للبيع/الرياض/شرق-الرياض/حي-الجنادرية/شارع-الضياء-حي-الجنادرية-مدينة-الرياض-منطقة-الرياض-6527353,"فيلا للبيع في شارع الضياء, حي الجنادرية, مدينة الرياض, منطقة الرياض",950000,300,4,4,0,0,حي الجنادرية,الرياض,شرق الرياض,"🏡 شركة موافقة العقارية
تقدّم لكم كل ما هو جديد ومميز في حي الجنادرية – مخطط غصون 🌟

📣 حيث يجتمع السعر المميز مع جودة البناء 💪

للبيع 🔑
🏘️  تاون هاوس ارضي

📏 المساحة: التاون هاوس علوي :300
التاون هاوس ارضي : 300

━━━━━━━━━━
تفاصيل التاون هاوس علوي:
🚗 مدخل سيارة
🛋️ مجلس رجال
🍽️ صالة طعام
🏠 صالة عائلية
👩‍🍳مطبخ

غرف نوم منهم 2(ماستر)٣
تتميز بسطحين كبير
——————————————

التاون هاوس ارضي: 

🛏️ صالة عائلية واسعة
مجلس كبير
مطبخ
صاله طعام
صاله عائليه
مدخل سياره 
🛌 أربع غرف نوم (منها غرفة ماستر)
سطح كبير
حوش خلفي
━━━━━━━━━━
📞 شركة موافقة العقارية
نتشرف بخدمتكم على مدار الساعة طوال أيام الأسبوع 🌙☀️

ملاحظه الموقع غير دقيق ❗️

عبدالعزيز العنزي 

((الرقم يظهر عند الضغط على اتصال))

موافقه العقاريه",24.845398,46.895056,https://images.aqar.fm/webp/750x0/props/043848011_1767109821840.jpg | https://images.aqar.fm/webp/750x0/props/043848013_1767109853649.jpg | https://images.aqar.fm/webp/750x0/props/043848012_1767109853650.jpg | https://images.aqar.fm/webp/750x0/props/043848010_1767109872234.jpg | https://images.aqar.fm/webp/750x0/props/043848016_1767109872248.jpg | https://images.aqar.fm/webp/750x0/props/043848015_1767109916528.jpg | https://images.aqar.fm/webp/750x0/props/043848016_1767109916529.jpg | https://images.aqar.fm/webp/750x0/props/043848019_1767109916526.jpg | https://images.aqar.fm/webp/750x0/props/043848019_1767109916525.jpg | https://images.aqar.fm/webp/750x0/props/043848016_1767109916495.jpg | https://images.aqar.fm/webp/750x0/props/043848012_1767109952921.jpg | https://images.aqar.fm/webp/750x0/props/043848017_1767109952926.jpg | https://images.aqar.fm/webp/750x0/props/043848011_1767109952925.jpg | https://images.aqar.fm/webp/750x0/props/043848014_1767109952942.jpg | https://images.aqar.fm/webp/750x0/props/043848015_1767109952951.jpg | https://images.aqar.fm/webp/750x0/props/043848017_1767109952927.jpg | https://images.aqar.fm/webp/750x0/props/043848013_1767109952925.jpg | https://images.aqar.fm/webp/750x0/props/043848014_1767109952932.jpg | https://images.aqar.fm/webp/750x0/props/043848015_1767109974987.jpg | https://images.aqar.fm/webp/750x0/props/043848013_1767109974959.jpg | https://images.aqar.fm/webp/750x0/props/043848018_1767109974961.jpg | https://images.aqar.fm/webp/750x0/props/043848013_1767109974966.jpg | https://images.aqar.fm/webp/750x0/props/043848015_1767109974964.jpg | https://images.aqar.fm/webp/750x0/props/043848018_1767109975253.jpg | https://images.aqar.fm/webp/750x0/props/043848018_1767109974952.jpg | https://images.aqar.fm/webp/750x0/props/043848010_1767109974968.jpg | https://images.aqar.fm/webp/750x0/props/043848019_1767110003396.jpg | https://images.aqar.fm/webp/750x0/props/043848012_1767110003359.jpg | https://images.aqar.fm/webp/750x0/props/043848017_1767110003396.jpg | https://images.aqar.fm/webp/750x0/props/043848013_1767110003383.jpg,30,نايف عبدالله بن سلطان بن سفران,مؤسسة موافقة العقارية,1,2025-12-30,2025-12-30,2026-08-13,1087,2026-08-23,True,"950,000",False,فيلا
6793367,https://sa.aqar.fm/فلل-للبيع/الرياض/شرق-الرياض/حي-الجنادرية/حي-الجنادرية-الرياض-منطقة-الرياض-6793367,"فيلا للبيع في شارع 4152947, حي الجنادرية, مدينة الرياض, منطقة الرياض",1350000,330,7,5,3,0,حي الجنادرية,الرياض,شرق الرياض,"لتواصل 

((الرقم يظهر عند الضغط على اتصال))",24.84992819168072,46.90293747948286,https://images.aqar.fm/webp/750x0/props/031090409_1785179308175.jpg,1,ماجد المطيري,شركة اركان التمييز للخدمات العقارية,1,2026-07-27,2026-07-28,2026-08-16,417,2026-08-23,True,"1,350,000",False,فيلا
6817821,https://sa.aqar.fm/فلل-للبيع/الرياض/شرق-الرياض/حي-الجنادرية/شارع-مخطط-بوابة-الشرق-حي-الجنادرية-مدينة-الرياض-منطقة-الرياض-6817821,"فيلا للبيع في شارع مخطط بوابة الشرق, حي الجنادرية, مدينة الرياض, منطقة الرياض",650000,250,6,4,1,0,حي الجنادرية,الرياض,شرق الرياض,,24.874485,46.91441,https://images.aqar.fm/webp/750x0/props/019015300_1786503514611.jpg | https://images.aqar.fm/webp/750x0/props/019015301_1786503514613.jpg | https://images.aqar.fm/webp/750x0/props/019015306_1786503514615.jpg | https://images.aqar.fm/webp/750x0/props/019015307_1786503566886.jpg | https://images.aqar.fm/webp/750x0/props/019015308_1786503566917.jpg | https://images.aqar.fm/webp/750x0/props/019015303_1786503566915.jpg | https://images.aqar.fm/webp/750x0/props/019015304_1786503566921.jpg | https://images.aqar.fm/webp/750x0/props/019015301_1786503566918.jpg | https://images.aqar.fm/webp/750x0/props/019015303_1786503566919.jpg | https://images.aqar.fm/webp/750x0/props/019015304_1786503566878.jpg | https://images.aqar.fm/webp/750x0/props/019015307_1786503566928.jpg | https://images.aqar.fm/webp/750x0/props/019015309_1786503602416.jpg | https://images.aqar.fm/webp/750x0/props/019015302_1786503602421.jpg | https://images.aqar.fm/webp/750x0/props/019015303_1786503602393.jpg | https://images.aqar.fm/webp/750x0/props/019015303_1786503602407.jpg | https://images.aqar.fm/webp/750x0/props/019015307_1786503602420.jpg | https://images.aqar.fm/webp/750x0/props/019015305_1786503602421.jpg | https://images.aqar.fm/webp/750x0/props/019015300_1786503602429.jpg | https://images.aqar.fm/webp/750x0/props/019015306_1786503648035.jpg | https://images.aqar.fm/webp/750x0/props/019015304_1786503648060.jpg | https://images.aqar.fm/webp/750x0/props/019015306_1786503648063.jpg | https://images.aqar.fm/webp/750x0/props/019015300_1786503648071.jpg | https://images.aqar.fm/webp/750x0/props/019015300_1786503648043.jpg | https://images.aqar.fm/webp/750x0/props/019015309_1786503648048.jpg,24,عبدالله علي,,0,2026-08-12,2026-08-12,2026-08-15,208,2026-08-23,True,"650,000",False,فيلا
6674920,https://sa.aqar.fm/فلل-للبيع/الرياض/شرق-الرياض/حي-الجنادرية/شارع-العمره-حي-الجنادرية-مدينة-الرياض-منطقة-الرياض-6674920,"فيلا للبيع في شارع العمره, حي الجنادرية, مدينة الرياض, منطقة الرياض",650000,146,3,4,2,0,حي الجنادرية,الرياض,شرق الرياض,"للبيع  تاون هاوس علوي حي الجنادرية – عرض رقم   H 1775

المواصفات:
- مدخلين
- المساحة 150 متر
-  دور أول ( يتكون من مجلس _صاله _ مطبخ _  مقلط  _  2 حمام   )
-  دور علوي به سلم خارجي ( يتكون من 3 غرف نوم 1 منهم ماستر _ صاله  كبيرة  _ 2 حمام
_ سطح كبير  )

المميزات:
- عمر العقار جديد
- تشطيب سوبر لوكس
- الواجهة جوبية
- موقع مميز في شرق الرياض
- الموقع يخدم الحياة اليومية بجميع احتياجاتها (مطاعم، خدمات، صالات رياضية، مولات، مدارس، مستشفيات) 

السعر: ,650,000 ريال

رقم العرض:   H1775
-----------------
الـــفـــريـــح للــــعـــقـــارات",24.838168,46.889193,https://images.aqar.fm/webp/750x0/props/044628566_1777464760058.jpg | https://images.aqar.fm/webp/750x0/props/044628562_1777464770974.jpg | https://images.aqar.fm/webp/750x0/props/044628569_1777464770981.jpg | https://images.aqar.fm/webp/750x0/props/044628569_1777464770984.jpg | https://images.aqar.fm/webp/750x0/props/044628566_1777464770984.jpg | https://images.aqar.fm/webp/750x0/props/044628562_1777464770987.jpg | https://images.aqar.fm/webp/750x0/props/044628565_1777464770989.jpg | https://images.aqar.fm/webp/750x0/props/044628561_1777464770995.jpg | https://images.aqar.fm/webp/750x0/props/044628561_1777464770994.jpg | https://images.aqar.fm/webp/750x0/props/044628565_1777464770993.jpg | https://images.aqar.fm/webp/750x0/props/044628561_1777464771002.jpg | https://images.aqar.fm/webp/750x0/props/044628562_1777464770994.jpg | https://images.aqar.fm/webp/750x0/props/044628567_1777464770996.jpg | https://images.aqar.fm/webp/750x0/props/044628561_1777464785913.jpg | https://images.aqar.fm/webp/750x0/props/044628569_1777464785912.jpg,15,ريماز مشعل فريح المطيري,مكتب ريماز مشعل فريح المطيري للعقارات,1,2026-04-29,2026-05-28,2026-08-20,1785,2026-08-23,True,"650,000",False,فيلا
6834839,https://sa.aqar.fm/فلل-للبيع/الرياض/شرق-الرياض/حي-الجنادرية/شارع-الضياء-حي-الجنادرية-مدينة-الرياض-منطقة-الرياض-6834839,"فيلا للبيع في شارع الضياء, حي الجنادرية, مدينة الرياض, منطقة الرياض",950000,263,5,0,0,0,حي الجنادرية,الرياض,شرق الرياض,,24.864211,46.914557,https://images.aqar.fm/webp/750x0/props/019015305_1787359059938.jpg | https://images.aqar.fm/webp/750x0/props/019015309_1787359059955.jpg | https://images.aqar.fm/webp/750x0/props/019015308_1787359059967.jpg | https://images.aqar.fm/webp/750x0/props/019015304_1787359120721.jpg | https://images.aqar.fm/webp/750x0/props/019015307_1787359120704.jpg | https://images.aqar.fm/webp/750x0/props/019015306_1787359178875.jpg | https://images.aqar.fm/webp/750x0/props/019015300_1787359178882.jpg | https://images.aqar.fm/webp/750x0/props/019015309_1787359178840.jpg | https://images.aqar.fm/webp/750x0/props/019015307_1787359178880.jpg | https://images.aqar.fm/webp/750x0/props/019015307_1787359178873.jpg | https://images.aqar.fm/webp/750x0/props/019015304_1787359178881.jpg | https://images.aqar.fm/webp/750x0/props/019015308_1787359178873.jpg | https://images.aqar.fm/webp/750x0/props/019015301_1787359178865.jpg | https://images.aqar.fm/webp/750x0/props/019015304_1787359242037.jpg | https://images.aqar.fm/webp/750x0/props/019015307_1787359242031.jpg | https://images.aqar.fm/webp/750x0/props/019015305_1787359242035.jpg | https://images.aqar.fm/webp/750x0/props/019015302_1787359242040.jpg | https://images.aqar.fm/webp/750x0/props/019015305_1787359242049.jpg | https://images.aqar.fm/webp/750x0/props/019015305_1787359242041.jpg | https://images.aqar.fm/webp/750x0/props/019015308_1787359242048.jpg | https://images.aqar.fm/webp/750x0/props/019015304_1787359242054.jpg | https://images.aqar.fm/webp/750x0/props/019015304_1787359343141.jpg | https://images.aqar.fm/webp/750x0/props/019015304_1787359343139.jpg | https://images.aqar.fm/webp/750x0/props/019015300_1787359343143.jpg | https://images.aqar.fm/webp/750x0/props/019015302_1787359343151.jpg | https://images.aqar.fm/webp/750x0/props/019015307_1787359343154.jpg | https://images.aqar.fm/webp/750x0/props/019015308_1787359343155.jpg | https://images.aqar.fm/webp/750x0/props/019015301_1787359343155.jpg | https://images.aqar.fm/webp/750x0/props/019015302_1787359343156.jpg,29,عبدالله علي,,0,2026-08-22,2026-08-22,2026-08-22,5,2026-08-23,True,"950,000",False,فيلا
6698570,https://sa.aqar.fm/فلل-للبيع/الرياض/شرق-الرياض/حي-الجنادرية/شارع-رقم-42-حي-الجنادرية-مدينة-الرياض-منطقة-الرياض-6698570,"فيلا للبيع في شارع رقم 42, حي الجنادرية, مدينة الرياض, منطقة الرياض",2000000,500,,5,2,1,حي الجنادرية,الرياض,شرق الرياض,"للبيع فيلا
بحي الجنادرية 
المساحة ٥٠٠م
الشارع ١٥م
العمر ١٥ سنه
الشقق 
٣ شقق
كل شقه تحتوي على الآتي :
الدور الاول 
٢ غرفة نوم 
مجلس
صاله مطبخ
٢ دوره مياه
الدور الارض:
٣ غرف نوم
مجلس 
مقلط
صاله 
مطبخ
٣ دورات مياه
مشب
غرفة سائق
غرفة خادمه
السوم 2 مليون
البيع 2 مليون و 200 الف",24.80891,46.871488,https://images.aqar.fm/webp/750x0/props/046746530_1778867180363.jpg | https://images.aqar.fm/webp/750x0/props/046746532_1778867180531.jpg | https://images.aqar.fm/webp/750x0/props/046746537_1778867180595.jpg,3,نوال العتيبي,مؤسسة مسكن الياسمين,1,2026-05-15,2026-07-13,2026-08-23,1194,2026-08-23,True,"2,000,000",False,فيلا
6635850,https://sa.aqar.fm/فلل-للبيع/الرياض/شرق-الرياض/حي-الجنادرية/شارع-رقم-85-حي-الجنادرية-مدينة-الرياض-منطقة-الرياض-6635850,"فيلا للبيع في شارع رقم 85, حي الجنادرية, مدينة الرياض, منطقة الرياض",2000000,451,4,5,0,0,حي الجنادرية,الرياض,شرق الرياض,"اسعد الله جميع اوقاتكم 
نقدم لكم فيلا
تقع في موقع حيوي 📍
بمساحات متنوعة 


للبيع: فيلا درج صالة مع شقتين ع زاويه
📍 موقع مميَّز 
📐 المساحة:: 451م

تفاصيل الفيلا:
	•	مدخل سيارة 
	•	مجلس رجال 🛋️
	•	صالة طعام 🍽️
	•	صالة عائلية 🏠
	•	مجلس نساء 👩‍🦰
	•	مطبخ +مستودع
       •.       غرفه خادمه
       •.       سطح كبير

الدور العلوي:
         صاله كبيره
	4غرف نوم منهم ماستر 


مميزات الموقع الحيوي ✨
قريب طريق خريص ، قريب من مستشفى العائلة، 


 * تأمين ملاذ على الهيكل الانشائي
 * ضمانات السباكة و الكهرباء 

لتجربة فريدة من نوعها , تبقى وحدات سكنية قليلة. 

احجز وحدتك الأن وكن جزء من مجتمعاتنا

ملاحظه الموقع غير دقيق ❗️
عبدالعزيز العنزي 

((الرقم يظهر عند الضغط على اتصال))

موافقه العقاريه",24.846537,46.896614,https://images.aqar.fm/webp/750x0/props/043848012_1774902428723.jpg | https://images.aqar.fm/webp/750x0/props/043848014_1774902428721.jpg | https://images.aqar.fm/webp/750x0/props/043848018_1774902428747.jpg | https://images.aqar.fm/webp/750x0/props/043848010_1774902428747.jpg | https://images.aqar.fm/webp/750x0/props/043848011_1774902428766.jpg | https://images.aqar.fm/webp/750x0/props/043848019_1774902527110.jpg | https://images.aqar.fm/webp/750x0/props/043848018_1774902526231.jpg | https://images.aqar.fm/webp/750x0/props/043848016_1774902527085.jpg | https://images.aqar.fm/webp/750x0/props/043848013_1774902526221.jpg | https://images.aqar.fm/webp/750x0/props/043848018_1774902526220.jpg | https://images.aqar.fm/webp/750x0/props/043848013_1774902526232.jpg | https://images.aqar.fm/webp/750x0/props/043848015_1774902526228.jpg | https://images.aqar.fm/webp/750x0/props/043848013_1774902654313.jpg | https://images.aqar.fm/webp/750x0/props/043848019_1774902654320.jpg | https://images.aqar.fm/webp/750x0/props/043848018_1774902654317.jpg | https://images.aqar.fm/webp/750x0/props/043848013_1774902654325.jpg | https://images.aqar.fm/webp/750x0/props/043848012_1774902654322.jpg | https://images.aqar.fm/webp/750x0/props/043848016_1774902654313.jpg | https://images.aqar.fm/webp/750x0/props/043848010_1774902654337.jpg | https://images.aqar.fm/webp/750x0/props/043848015_1774902654328.jpg | https://images.aqar.fm/webp/750x0/props/043848010_1774902757125.jpg | https://images.aqar.fm/webp/750x0/props/043848013_1774902757082.jpg | https://images.aqar.fm/webp/750x0/props/043848015_1774902757083.jpg | https://images.aqar.fm/webp/750x0/props/043848016_1774902757082.jpg | https://images.aqar.fm/webp/750x0/props/043848019_1774902757086.jpg | https://images.aqar.fm/webp/750x0/props/043848014_1774902757093.jpg | https://images.aqar.fm/webp/750x0/props/043848018_1774902757100.jpg | https://images.aqar.fm/webp/750x0/props/043848016_1774902757090.jpg | https://images.aqar.fm/webp/750x0/props/043848012_1774902845786.jpg | https://images.aqar.fm/webp/750x0/props/043848018_1774902845792.jpg,30,نايف عبدالله بن سلطان بن سفران,مؤسسة موافقة العقارية,1,2026-03-30,2026-07-25,2026-08-13,622,2026-08-23,True,"2,000,000",False,فيلا
6390875,https://sa.aqar.fm/فلل-للبيع/الرياض/شرق-الرياض/حي-الجنادرية/شارع-عبدالله-ابن-سعود-ابن-عبدالعزيز-حي-الجنادرية-مدينة-الرياض-منطقة-الرياض-6390875,"فيلا للبيع في شارع  عبدالله ابن سعود ابن عبدالعزيز, حي الجنادرية, مدينة الرياض, منطقة الرياض",1500000,519,7,1,0,0,حي الجنادرية,الرياض,شرق الرياض,"فيلا بشقه  بلجنادريه درج داخلي وجانبي  مساحه 260 
مسطح 384 


الارضي.
مجلس كبير ومقلط وصاله كبيره ومطبخ ومستودع وغرفه خادمه بدورة مياه +
2 دورة مياه 

الثاني .
عدد 2 غرفه نوم ماستر بدوراة مياه 
و2 غرف نوم مع دورة مياه بينهم.
 الشقه مستقله بدرج جانبي  غرفتين ودورة مياة مطبخ وسطح  وصاله.  
بالامكان. بناء غرفتين ودوره مياه.  زياده مع الشقه",24.810049,46.864466,https://images.aqar.fm/webp/750x0/props/007474051_1758387631736.jpg | https://images.aqar.fm/webp/750x0/props/007474057_1758387630231.jpg | https://images.aqar.fm/webp/750x0/props/007474053_1758387630483.jpg | https://images.aqar.fm/webp/750x0/props/007474056_1758387630826.jpg | https://images.aqar.fm/webp/750x0/props/007474055_1758387631316.jpg | https://images.aqar.fm/webp/750x0/props/007474059_1758387632172.jpg | https://images.aqar.fm/webp/750x0/props/007474057_1758387632684.jpg | https://images.aqar.fm/webp/750x0/props/007474058_1758387633159.jpg | https://images.aqar.fm/webp/750x0/props/007474054_1758387633610.jpg | https://images.aqar.fm/webp/750x0/props/007474059_1758387634115.jpg | https://images.aqar.fm/webp/750x0/props/007474057_1758387634628.jpg,11,فاطمه طاهر,مؤسسة سما بيان العقارية,1,2025-09-20,2025-09-20,2026-06-30,6159,2026-08-23,True,"1,500,000",False,فيلا
6544131,https://sa.aqar.fm/فلل-للبيع/الرياض/شرق-الرياض/حي-الجنادرية/حي-الجنادرية-مدينة-الرياض-منطقة-الرياض-6544131,"فيلا للبيع في حي الجنادرية, مدينة الرياض, منطقة الرياض",980000,206,7,5,2,0,حي الجنادرية,الرياض,شرق الرياض,"للبيع فيلا سكنية 
بمخطط بوابة الشرق
تتكون الفيلا من : 
-1- دور ارضي 
-2- دور اول
-3-ملحق
المساحة  210 متر
شارع عرض : 15 شمالي 
رقم المخطط: 3768
رقم القطعة: 1/2758
السعر : 980000 ريال

شركة سمة الوسيط للعقارية
رقم ترخيص الإعلان 
7200834662
للتواصل
((رقم المعلن يظهر عند التواصل))",24.899869,46.961774,https://images.aqar.fm/webp/750x0/props/028564766_1768245341067.jpg | https://images.aqar.fm/webp/750x0/props/028564768_1768245341063.jpg | https://images.aqar.fm/webp/750x0/props/028564761_1768245341054.jpg | https://images.aqar.fm/webp/750x0/props/028564762_1768245341056.jpg | https://images.aqar.fm/webp/750x0/props/028564769_1768245341057.jpg | https://images.aqar.fm/webp/750x0/props/028564766_1768245341071.jpg | https://images.aqar.fm/webp/750x0/props/028564763_1768245341062.jpg | https://images.aqar.fm/webp/750x0/props/028564760_1768245341067.jpg,8,أحمد بن سعد بن معتق,شركة سمة الوسيط العقارية,1,2026-01-12,2026-01-12,2026-08-14,784,2026-08-23,True,"980,000",False,فيلا
6658896,https://sa.aqar.fm/فلل-للبيع/الرياض/شرق-الرياض/حي-الجنادرية/حي-الجنادرية-مدينة-الرياض-منطقة-الرياض-6658896,"فيلا للبيع في حي الجنادرية, مدينة الرياض, منطقة الرياض",2100000,287,,5,4,0,حي الجنادرية,الرياض,شرق الرياض,,24.841881,46.887066,https://images.aqar.fm/webp/750x0/props/001686421_1776447315669.jpg | https://images.aqar.fm/webp/750x0/props/001686421_1776447315341.jpg | https://images.aqar.fm/webp/750x0/props/001686420_1776447315395.jpg | https://images.aqar.fm/webp/750x0/props/001686422_1776447315343.jpg | https://images.aqar.fm/webp/750x0/props/001686427_1776447315368.jpg | https://images.aqar.fm/webp/750x0/props/001686427_1776447315345.jpg | https://images.aqar.fm/webp/750x0/props/001686429_1776447315452.jpg | https://images.aqar.fm/webp/750x0/props/001686422_1776447315346.jpg,8,ابراهيم حسن,شركة تصل للخدمات العقارية,1,2026-04-17,2026-08-12,2026-08-12,308,2026-08-23,True,"2,100,000",False,فيلا
6778607,https://sa.aqar.fm/فلل-للبيع/الرياض/شرق-الرياض/حي-الجنادرية/شارع-252-الجنادرية-حي-الجنادرية-مدينة-الرياض-منطقة-الرياض-6778607,"فيلا للبيع في شارع 252 الجنادرية, حي الجنادرية, مدينة الرياض, منطقة الرياض",1050000,250,6,0,0,0,حي الجنادرية,الرياض,شرق الرياض,"السلام عليكم ورحمة الله وبركاتة 
نعرض لكم الفلة الأخيرة الباقية من فلل حي الجنادرية (بوابة الشرق) فلة لصاحبها مهندس معماري مشتغل عليها بنفسة شخصياً وتعبان على شغلة من أجمل وأنظف وأرتب فلة تقريباً في بوابة الشرق للأمانة هو الي مشرف عليها شخصياً وعنده مايثبت ذلك من صور من مشترى الأرض اللين انتهاء الفلة بالكامل الرجال يخاف الله في نفسة وفي شغلة المرتب الي تعبان عليه ما شاء الله تبارك الله وجميع الضمانات وجميع الترتيبات والاوراق والصور موجودة هي ٣ فلل انباعت فلتين الله يبارك لهم وباقي الفلة الاخيرة مساحتها ٢٥٠ بمبلغ النهائي مليون و٥٠ الي له رغبة للمشتري فقط يتواصل معي.
((الرقم يظهر عند الضغط على اتصال))",24.898288,46.954858,https://images.aqar.fm/webp/750x0/props/043568654_1784316642422.jpg | https://images.aqar.fm/webp/750x0/props/043568658_1784316642415.jpg | https://images.aqar.fm/webp/750x0/props/043568657_1784316642415.jpg | https://images.aqar.fm/webp/750x0/props/043568658_1784316642413.jpg | https://images.aqar.fm/webp/750x0/props/043568653_1784316642432.jpg | https://images.aqar.fm/webp/750x0/props/043568654_1784316642433.jpg | https://images.aqar.fm/webp/750x0/props/043568655_1784316642414.jpg | https://images.aqar.fm/webp/750x0/props/043568656_1784316642446.jpg,8,سعيد علي,,,2026-07-17,2026-08-16,2026-08-21,146,2026-08-23,True,"1,050,000",False,فيلا
6685665,https://sa.aqar.fm/فلل-للبيع/الرياض/شرق-الرياض/حي-الجنادرية/شارع-سقطرة-حي-الجنادرية-الرياض-منطقة-الرياض-6685665,فيلا للبيع في شارع سقطرة ، حي الجنادرية ، الرياض ، منطقة الرياض,950,300,7,5,2,5,حي الجنادرية,الرياض,شرق الرياض,عليه البنك ٦٢٢ بنك الراجحي,24.906836,46.945438,https://images.aqar.fm/webp/750x0/props/051591500_1778092078479.jpg | https://images.aqar.fm/webp/750x0/props/051591502_1778092078481.jpg | https://images.aqar.fm/webp/750x0/props/051591501_1778092078483.jpg | https://images.aqar.fm/webp/750x0/props/051591506_1778092078479.jpg | https://images.aqar.fm/webp/750x0/props/051591500_1778092078478.jpg,5,ناجي بن فهد بن محمد العنزي,,,2026-05-06,,2026-07-02,35,2026-08-23,False,طلب تسويق,False,فيلا
6789490,https://sa.aqar.fm/فلل-للبيع/الرياض/شرق-الرياض/حي-الجنادرية/شارع-غصون-حي-الجنادرية-مدينة-الرياض-منطقة-الرياض-6789490,"فيلا للبيع في شارع غصون, حي الجنادرية, مدينة الرياض, منطقة الرياض",800000,221,5,,,0,حي الجنادرية,الرياض,شرق الرياض,"🏡✨ تاون هاوس أرضي فاخر في شرق الرياض
📍 حي الجنادرية – مخطط غصون 🛣️ على شارع بعرض 18م
منزل عائلي بتصميم عملي راقٍ يجمع بين الراحة والخصوصية:
🔹 4 غرف نوم — جميعها ماستر 🔹 صالة واسعة 🔹 مطبخ 🔹 مجلس مستقل 🔹 دورة مياه للضيوف مع مغاسل 🔹 مقلط 🔹 كراج خاص للسيارة 🚗
✨ فرصة مميزة للسكن العائلي في موقع واعد بشرق الرياض، بتصميم يلبي احتياجات الأسرة ويمنحك الراحة في كل تفاصيله.
📞 للتواصل والاستفسار ابو محمد: ((الرقم يظهر عند الضغط على اتصال))",24.851424,46.903606,https://images.aqar.fm/webp/750x0/props/004670698_1784988264519.jpg | https://images.aqar.fm/webp/750x0/props/004670693_1784988263719.jpg | https://images.aqar.fm/webp/750x0/props/004670694_1784988263988.jpg | https://images.aqar.fm/webp/750x0/props/004670695_1784988264089.jpg | https://images.aqar.fm/webp/750x0/props/004670694_1784988264232.jpg | https://images.aqar.fm/webp/750x0/props/004670695_1784988264620.jpg | https://images.aqar.fm/webp/750x0/props/004670690_1784988264799.jpg | https://images.aqar.fm/webp/750x0/props/004670698_1784988265059.jpg,8,جابر ال فهاد,شركة ركائز الروعة,1,2026-07-25,2026-07-25,2026-08-23,239,2026-08-23,True,"800,000",False,فيلا
6409418,https://sa.aqar.fm/فلل-للبيع/الرياض/شرق-الرياض/حي-الجنادرية/شارع-الغصون-حي-الجنادرية-مدينة-الرياض-منطقة-الرياض-6409418,"فيلا للبيع في شارع الغصون, حي الجنادرية, مدينة الرياض, منطقة الرياض",1650000,453,5,,,0,حي الجنادرية,الرياض,شرق الرياض,"سلام عليكم أسعد الله أوقاتكم بكل خير 


نعرض لكم فله مساحة ٥١٨
عليها جميع الضمانات 

تتكون من 
ملحق خارجي 
مدخل رجال 
مدخل نساء 
———-
الدور الأرضي 
———-
مجلس رجال 
صالة طعام رجال 
دورة مياه رجال 
صالة نساء 
مجلس نساء 
غرفة كبار سن ماستر 
مطبخ + غرفة خادمه + غرفة غسيل 
ماسسه مصعد 
مستودع 
———-
الدور الدور الأول 
غرفتين نوم ماستر 
وجناح مطل على بلكونه 
———-
الدور الثاني 
جناح كامل 
مع سطح كبير 
————
عليها جميع الضمانات 
————
كاش أو بنك ☑️",24.845573,46.883494,https://images.aqar.fm/webp/750x0/props/033556678_1759524651410.jpg | https://images.aqar.fm/webp/750x0/props/033556674_1759524651404.jpg | https://images.aqar.fm/webp/750x0/props/033556672_1759524651387.jpg | https://images.aqar.fm/webp/750x0/props/033556675_1759524651411.jpg | https://images.aqar.fm/webp/750x0/props/033556677_1759524651399.jpg | https://images.aqar.fm/webp/750x0/props/033556671_1759524651389.jpg | https://images.aqar.fm/webp/750x0/props/033556671_1759524651406.jpg | https://images.aqar.fm/webp/750x0/props/033556672_1759524651420.jpg,8,بدر عوض هويدي المطيري,,,2025-10-03,2025-10-03,2026-06-14,1583,2026-08-23,True,"1,650,000",False,فيلا
6674012,https://sa.aqar.fm/فلل-للبيع/الرياض/شرق-الرياض/حي-الجنادرية/حي-الجنادرية-مدينة-الرياض-منطقة-الرياض-6674012,"فيلا للبيع في حي الجنادرية, مدينة الرياض, منطقة الرياض",1050000,221,4,0,0,0,حي الجنادرية,الرياض,شرق الرياض,"فيلا للبيع مساحه  ٢٢١ م شارع ١٥ شمالي
درج صاله 
جديده 
اربع غرف نوم 
السعر مليون و٥٠
للاستفسار 
0565255522",24.902166,46.965251,https://images.aqar.fm/webp/750x0/props/039122724_1777403188692.jpg,1,موسى محمد سليمان الشمري,شركة السعدون العقارية,1,2026-04-28,2026-07-25,2026-07-25,394,2026-08-23,True,"1,050,000",False,فيلا
6685840,https://sa.aqar.fm/فلل-للبيع/الرياض/شرق-الرياض/حي-الجنادرية/شارع-رقم-98-حي-الجنادرية-مدينة-الرياض-منطقة-الرياض-6685840,"فيلا للبيع في شارع رقم 98, حي الجنادرية, مدينة الرياض, منطقة الرياض",2500000,520,,,,5,حي الجنادرية,الرياض,شرق الرياض,"فيلا بمساحة 520م بتصميم عملي، مناسبة للسكن العائلي أو الاستثمار.

🔹 مواصفات الدور الأرضي:
	•	مجلس خارجي مستقل
	•	مجلس داخلي واسع
	•	مقلط (غرفة طعام)
	•	أربع غرف نوم 
	•	توزيع مريح يوفر الخصوصية

🔹 تفاصيل الشقق (3 شقق – نفس التصميم):
	•	مدخلين مستقلين
	•	مجلس واسع
	•	مقلط
	•	صالة كبيرة
	•	غرفتين نوم
	•	غرفة غسيل

🔹 إمكانية التوسعة:
	•	الفيلا مؤسّسة لإضافة شقة مستقلة إضافية

✨ مناسبة للسكن أو الاستثمار (تأجير شقق)
✨ تصميم عملي ومساحات واسعة",24.834745,46.8893,https://images.aqar.fm/webp/750x0/props/051348517_1778098100524.jpg | https://images.aqar.fm/webp/750x0/props/051348519_1778098100395.jpg | https://images.aqar.fm/webp/750x0/props/051348518_1778098100488.jpg | https://images.aqar.fm/webp/750x0/props/051348515_1778098100524.jpg | https://images.aqar.fm/webp/750x0/props/051348510_1778098100395.jpg | https://images.aqar.fm/webp/750x0/props/051348518_1778098100672.jpg | https://images.aqar.fm/webp/750x0/props/051348517_1778098100830.jpg | https://images.aqar.fm/webp/750x0/props/051348512_1778098100831.jpg | https://images.aqar.fm/webp/750x0/props/051348518_1778098101060.jpg | https://images.aqar.fm/webp/750x0/props/051348518_1778098101145.jpg,10,مازن بن عبيد بن دبيس الرشيدي,مكتب علو المقام للخدمات العقاريه,1,2026-05-06,2026-06-05,2026-08-22,473,2026-08-23,True,"2,500,000",False,فيلا
6699265,https://sa.aqar.fm/فلل-للبيع/الرياض/شرق-الرياض/حي-الجنادرية/حي-الجنادرية-الرياض-منطقة-الرياض-6699265,"فيلا للبيع في شارع 25156578, حي الجنادرية, مدينة الرياض, منطقة الرياض",1700000,461,7,5,5,0,حي الجنادرية,الرياض,شرق الرياض,"فله دور و ثلاث شقق مساحه ٤١٢ متر شارع ١٥ صامت قريبه من جميع الخدمات التجارية 
الدور الارضي يتكون من ( مجلس و مقلط و صالتين و ثلاث غرف نوم وآحده ماستر و ٤ دورات مياه و غرفة سائق)
الدور الاول شقتين متقابله كل شقه تتكون من ( مجلس و مطبخ و صاله و غرفتين نوم و دورتين مياه)
الملحق يتكون من ( مجلس و مطبخ و صاله و غرفتين نوم وآحده ماستر و ٣ دورات مياه و سطح كبير)
يوجد ثلاث خزانات و ٣ عدادات و يمكن فرزها و بيع اي دور  مستقل 
يوجد شهادة اتمام بناء
للتواصل/",24.888319,46.954765,https://images.aqar.fm/webp/750x0/props/009159032_1778936496127.jpg,1,محمد عبدالله,,,2026-05-16,2026-05-16,2026-08-23,818,2026-08-23,True,"1,700,000",False,فيلا
6743928,https://sa.aqar.fm/فلل-للبيع/الرياض/شرق-الرياض/حي-الجنادرية/شارع-0000-حي-الجنادرية-مدينة-الرياض-منطقة-الرياض-6743928,"فيلا للبيع في شارع 0000, حي الجنادرية, مدينة الرياض, منطقة الرياض",1550000,249,7,0,0,0,حي الجنادرية,الرياض,شرق الرياض,"🏷️ للبيع┊5 فلل التصميم واحد┊الرياض - حي الجنادرية غصون:

◎ دور ودرج داخلي 
◎ المساحة┊250 الزاويه +الداخليات مساحه254 
◎ الواجهة┊ شرقيه 
◎عرض الشارع ┊20م
◎ العمر┊ جديد
تفاصيل الدور 
مدخل سياره
مجلس رجال
مقلط
صاله
مطبخ مع غرفة خادمه
الدور الثاني
3 غرف نوم وصاله 
وشقه
مدخلين لشقه 
مجلس مع دورة مياه
صاله
مطبخ
2 غرف نوم
◎التواصل┊
((الرقم يظهر عند الضغط على اتصال))",24.852919,46.901054,https://images.aqar.fm/webp/750x0/props/009015631_1782160815981.jpg,1,خالد حمد,,,2026-06-22,2026-08-20,2026-08-20,145,2026-08-23,True,"1,550,000",False,فيلا
6737944,https://sa.aqar.fm/فلل-للبيع/الرياض/شرق-الرياض/حي-الجنادرية/شارع-رقم-38-حي-الجنادرية-مدينة-الرياض-منطقة-الرياض-6737944,"فيلا للبيع في شارع رقم 38, حي الجنادرية, مدينة الرياض, منطقة الرياض",2200000,310,4,1,0,0,حي الجنادرية,الرياض,شرق الرياض,"⸻

✨ فيلا فاخرة للبيع – 310 م² – حي الجنادرية ✨
الوجهه شرق
🏠 المميزات:
	•	صالة كبيرة، مجلس، مقلط، مطبخ، غرف غسيل وحمامين، مصعد موسس.
	•	غرفة ماستر + 3 غرف أطفال + حمامين + بلكونتين + صالة درج داخلي.
	•	طابق ثاني: غرفتين + حمام + سطح.
	•	غرفة خادمة معزولة بالحوش.

💎 تشطيبات راقية: سباكة ألماني، عزل حراري، دهان داخلي جوتن وخارجي بروفايل عسيب.
افياش وتسليك كهرباء من شركة الفنار 
🛡️ تأمين ضد العيوب الخفية وإتمام بناء جاهز.

📍 الموقع: حي الجنادرية، خلف شارع الشيخ خليفة، جنب مسجد، يفتح على حرف  T.

مباشر مع الملك
((الرقم يظهر عند الضغط على اتصال))",24.812832,46.871177,https://images.aqar.fm/webp/750x0/props/028094494_1781785747259.jpg | https://images.aqar.fm/webp/750x0/props/028094497_1781785747133.jpg | https://images.aqar.fm/webp/750x0/props/028094493_1781785747131.jpg | https://images.aqar.fm/webp/750x0/props/028094496_1781785747178.jpg | https://images.aqar.fm/webp/750x0/props/028094493_1781785747236.jpg | https://images.aqar.fm/webp/750x0/props/028094497_1781785747393.jpg | https://images.aqar.fm/webp/750x0/props/028094490_1781785747453.jpg | https://images.aqar.fm/webp/750x0/props/028094490_1781785747520.jpg | https://images.aqar.fm/webp/750x0/props/028094490_1781785747565.jpg | https://images.aqar.fm/webp/750x0/props/028094491_1781785747566.jpg | https://images.aqar.fm/webp/750x0/props/028094490_1781785747683.jpg | https://images.aqar.fm/webp/750x0/props/028094496_1781785747785.jpg | https://images.aqar.fm/webp/750x0/props/028094493_1781785747790.jpg | https://images.aqar.fm/webp/750x0/props/028094496_1781785747824.jpg | https://images.aqar.fm/webp/750x0/props/028094491_1781785747958.jpg | https://images.aqar.fm/webp/750x0/props/028094492_1781785747965.jpg | https://images.aqar.fm/webp/750x0/props/028094495_1781785748087.jpg | https://images.aqar.fm/webp/750x0/props/028094491_1781785748026.jpg | https://images.aqar.fm/webp/750x0/props/028094495_1781785748085.jpg | https://images.aqar.fm/webp/750x0/props/028094495_1781785748249.jpg,20,عبدالملك ابراهيم محمد الجمعان,شركة بنايات نجد للتسويق شخص واحد,1,2026-06-18,2026-08-15,2026-08-23,331,2026-08-23,True,"2,200,000",False,فيلا
6690953,https://sa.aqar.fm/فلل-للبيع/الرياض/شرق-الرياض/حي-الجنادرية/شارع-611-الجنادرية-حي-الجنادرية-مدينة-الرياض-منطقة-الرياض-6690953,"فيلا للبيع في شارع 611 الجنادرية, حي الجنادرية, مدينة الرياض, منطقة الرياض",1900000,224,5,4,3,0,حي الجنادرية,الرياض,شرق الرياض,$5d,24.847642,46.896111,https://images.aqar.fm/webp/750x0/props/036259468_1778446310940.jpg,1,سلطان البراك ,مكتب مستقبل النمو للعقارات,1,2026-05-10,2026-08-06,2026-08-06,216,2026-08-23,True,"1,900,000",False,فيلا
6763668,https://sa.aqar.fm/فلل-للبيع/الرياض/شرق-الرياض/حي-الجنادرية/شارع-الاشقر-حي-الجنادرية-مدينة-الرياض-منطقة-الرياض-6763668,"فيلا للبيع في شارع الاشقر, حي الجنادرية, مدينة الرياض, منطقة الرياض",1200000,250,6,1,0,0,حي الجنادرية,الرياض,شرق الرياض,"👌🏻 فرصة سكنية مميزة في حي بوابة الشرق شرق الرياض 
📍موقع متطور وقريب من جميع الخدمات.

🔘( فيلا درج داخلي مع شقة) 

✏️ المساحة :250 م
💵 السعر  : مليون و 200  الف قابل للتفاوض 

🏠 المواصفات: 

*  مجلس
*   مقلط 
* 6 غرف نوم  منها ماستر
* مطبخ + غرفة تخزين
* صاله كبيرة
* مدخل نساء ورجال 
 خزان وعداد مستقل 
مواصفات اخرى : * 
* مطابقة للكود السعودي. 
*  ضمان 25 سنوات.
* عمر العقار جديد.
* واجهة جنوبية 
* عرض الشارع 15
* ماء وكهرب راكب.
* قريب مرفق  حديقه +مسجد 

● تفاصيل الشقة 
. غرفتين نوم منها ماستر
* مجلس 
*  سطح واسع
* عداد مستقل 
* خزان مستقل 
* مدخل خاص مستقل

للتواصل : ‭‬ابو عبدالله 
[((الرقم يظهر عند الضغط على اتصال))]",24.889023,46.953981,https://images.aqar.fm/webp/750x0/props/004670691_1783426250511.jpg | https://images.aqar.fm/webp/750x0/props/004670693_1783426249967.jpg | https://images.aqar.fm/webp/750x0/props/004670690_1783426250243.jpg | https://images.aqar.fm/webp/750x0/props/004670693_1783426250341.jpg | https://images.aqar.fm/webp/750x0/props/004670691_1783426250740.jpg | https://images.aqar.fm/webp/750x0/props/004670697_1783426250841.jpg | https://images.aqar.fm/webp/750x0/props/004670691_1783426250511.jpg | https://images.aqar.fm/webp/750x0/props/004670693_1783426249967.jpg | https://images.aqar.fm/webp/750x0/props/004670690_1783426250243.jpg | https://images.aqar.fm/webp/750x0/props/004670693_1783426250341.jpg | https://images.aqar.fm/webp/750x0/props/004670691_1783426250740.jpg | https://images.aqar.fm/webp/750x0/props/004670697_1783426250841.jpg,12,جابر ال فهاد,شركة ركائز الروعة,1,2026-07-07,2026-08-05,2026-08-23,309,2026-08-23,True,"1,200,000",False,فيلا
6563372,https://sa.aqar.fm/فلل-للبيع/الرياض/شرق-الرياض/حي-الجنادرية/شارع-رقم-99-حي-الجنادرية-مدينة-الرياض-منطقة-الرياض-6563372,"فيلا للبيع في شارع رقم 99, حي الجنادرية, مدينة الرياض, منطقة الرياض",1000000,257,5,5,0,0,حي الجنادرية,الرياض,شرق الرياض,"للبيع 🔑
🏘️ فيلا دوبلكس
 المساحه :257م

━━━━━━━━━━
تفاصيل
🚗 مدخل سيارة
🛋️ مجلس رجال
🍽️ صالة طعام
🏠 صالة عائلية
مطبخ
 غرفه خادمه
سطح كبير

5غرف نوم منهم (ماستر)


نتشرف بخدمتكم علي مدار الساعه 

للتواصل : ((رقم المعلن يظهر عند التواصل))


   ((الرقم يظهر عند الضغط على اتصال))



ملاحظة : الموقع غير دقيق",24.840499,46.884148,https://images.aqar.fm/webp/750x0/props/043848012_1769445964331.jpg | https://images.aqar.fm/webp/750x0/props/043848011_1769445986651.jpg | https://images.aqar.fm/webp/750x0/props/043848018_1769446017275.jpg | https://images.aqar.fm/webp/750x0/props/043848015_1769446239296.jpg | https://images.aqar.fm/webp/750x0/props/043848012_1769446239298.jpg | https://images.aqar.fm/webp/750x0/props/043848012_1769446239326.jpg | https://images.aqar.fm/webp/750x0/props/043848013_1769446239308.jpg | https://images.aqar.fm/webp/750x0/props/043848016_1769446239307.jpg | https://images.aqar.fm/webp/750x0/props/043848016_1769446239303.jpg | https://images.aqar.fm/webp/750x0/props/043848011_1769446239349.jpg | https://images.aqar.fm/webp/750x0/props/043848010_1769446239334.jpg | https://images.aqar.fm/webp/750x0/props/043848011_1769446294328.jpg | https://images.aqar.fm/webp/750x0/props/043848014_1769446294312.jpg | https://images.aqar.fm/webp/750x0/props/043848019_1769446294350.jpg | https://images.aqar.fm/webp/750x0/props/043848018_1769446294323.jpg | https://images.aqar.fm/webp/750x0/props/043848018_1769446294321.jpg | https://images.aqar.fm/webp/750x0/props/043848012_1769446294336.jpg | https://images.aqar.fm/webp/750x0/props/043848011_1769446294324.jpg | https://images.aqar.fm/webp/750x0/props/043848016_1769446294322.jpg | https://images.aqar.fm/webp/750x0/props/043848015_1769446404577.jpg | https://images.aqar.fm/webp/750x0/props/043848017_1769446404554.jpg | https://images.aqar.fm/webp/750x0/props/043848013_1769446404568.jpg | https://images.aqar.fm/webp/750x0/props/043848019_1769446404572.jpg | https://images.aqar.fm/webp/750x0/props/043848010_1769446404557.jpg | https://images.aqar.fm/webp/750x0/props/043848012_1769446404544.jpg | https://images.aqar.fm/webp/750x0/props/043848015_1769446544257.jpg | https://images.aqar.fm/webp/750x0/props/043848018_1769446544302.jpg | https://images.aqar.fm/webp/750x0/props/043848016_1769446544268.jpg | https://images.aqar.fm/webp/750x0/props/043848017_1769446544270.jpg | https://images.aqar.fm/webp/750x0/props/043848018_1769446544271.jpg,30,نايف عبدالله بن سلطان بن سفران,مؤسسة موافقة العقارية,1,2026-01-26,2026-08-18,2026-08-18,1798,2026-08-23,True,"1,000,000",False,فيلا
6623553,https://sa.aqar.fm/فلل-للبيع/الرياض/شرق-الرياض/حي-الجنادرية/شارع-الركب-حي-الجنادرية-مدينة-الرياض-منطقة-الرياض-6623553,"فيلا للبيع في شارع الركب, حي الجنادرية, مدينة الرياض, منطقة الرياض",1700000,375,7,7,2,0,حي الجنادرية,الرياض,شرق الرياض,"فيلا مساحة 375 شمالية على ممر جهة الشرق بعرض 8 متر 
شارع 18
‏بمشروع المشرقية حي الجنادرية

‏دورين درج داخلي
‏الدور الارضي : 
‏1_ مجلس خارجي 7 في 5
‏2_ مجلس داخلي 
3_ صالة طعام + دورة مياة‏
‏4_ صالتين / دورة مياة
‏5_ مطبخ ‏ 
6_ غرفة خادمة + دورة مياة
‏الدور الاول
 : اربع غرف نوم ( ثنتين منها ماستر ) + 3 دورات مياة
‏الفلة جديدة لم تسكن
عليها مديونية ( مليون و 100 الف)
السوم مليون و 700",24.828513,46.860472,https://images.aqar.fm/webp/750x0/props/049888601_1773349419818.jpg | https://images.aqar.fm/webp/750x0/props/049888602_1773349419817.jpg | https://images.aqar.fm/webp/750x0/props/049888605_1773349419853.jpg | https://images.aqar.fm/webp/750x0/props/049888609_1773349419857.jpg | https://images.aqar.fm/webp/750x0/props/049888603_1773349419886.jpg | https://images.aqar.fm/webp/750x0/props/049888603_1773349419942.jpg | https://images.aqar.fm/webp/750x0/props/049888602_1773349419895.jpg | https://images.aqar.fm/webp/750x0/props/049888603_1773349436450.jpg | https://images.aqar.fm/webp/750x0/props/049888601_1773349436472.jpg | https://images.aqar.fm/webp/750x0/props/049888605_1773349436470.jpg | https://images.aqar.fm/webp/750x0/props/049888605_1773349436480.jpg | https://images.aqar.fm/webp/750x0/props/049888602_1773349436494.jpg | https://images.aqar.fm/webp/750x0/props/049888602_1773349436499.jpg | https://images.aqar.fm/webp/750x0/props/049888607_1773349436491.jpg | https://images.aqar.fm/webp/750x0/props/049888601_1773349452338.jpg | https://images.aqar.fm/webp/750x0/props/049888606_1773349452339.jpg | https://images.aqar.fm/webp/750x0/props/049888606_1773349452342.jpg | https://images.aqar.fm/webp/750x0/props/049888603_1773349452339.jpg | https://images.aqar.fm/webp/750x0/props/049888600_1773349452341.jpg | https://images.aqar.fm/webp/750x0/props/049888604_1773349452339.jpg | https://images.aqar.fm/webp/750x0/props/049888603_1773349452340.jpg | https://images.aqar.fm/webp/750x0/props/049888608_1773349464739.jpg | https://images.aqar.fm/webp/750x0/props/049888605_1773349464736.jpg | https://images.aqar.fm/webp/750x0/props/049888605_1773349464772.jpg | https://images.aqar.fm/webp/750x0/props/049888604_1773349464754.jpg | https://images.aqar.fm/webp/750x0/props/049888606_1773349464755.jpg | https://images.aqar.fm/webp/750x0/props/049888602_1773349464764.jpg | https://images.aqar.fm/webp/750x0/props/049888600_1773349464768.jpg,28,هاني سعود,شركة مدارك السكن للتطوير العقاري,1,2026-03-12,2026-08-05,2026-08-21,542,2026-08-23,True,"1,700,000",False,فيلا
6698990,https://sa.aqar.fm/فلل-للبيع/الرياض/شرق-الرياض/حي-الجنادرية/شارع-رقم-42-حي-الجنادرية-مدينة-الرياض-منطقة-الرياض-6698990,"فيلا للبيع في شارع رقم 42, حي الجنادرية, مدينة الرياض, منطقة الرياض",2300000,500,7,5,5,10,حي الجنادرية,الرياض,شرق الرياض,"فله للبيع 
دور وثلاث شقق
حي الجنادريه
مساحه 504م
شارع 15م جنوبي
العمر 15 مجدده
تتكون من
الدور الارض:
٣ غرف نوم
مجلس 
مقلط
صاله 
مطبخ
٣ دورات مياه
مشب
غرفة سائق
غرفة خادمه
 الشقق 3
كل شقه تحتوي على الآتي :
٢ غرفة نوم ومجلس وصاله مطبخ
٢ دوره مياه
يوجد فيه مكيفات سبيلت في كل الغرف والمجالس ما عدا غرفة السائق والخادمه مكيفات عاديه

مرهونه لصندوق العقاري ب 180 الف

*البيع مليونين و300 الف*

*🔴السعي في ذمه من يوصل العقار من طرف مكتبنا🔴* 

https://maps.google.com/?q=24.808832,46.871647",24.80891,46.871488,https://images.aqar.fm/webp/750x0/props/005405664_1778918977910.jpg | https://images.aqar.fm/webp/750x0/props/005405662_1778918987948.jpg | https://images.aqar.fm/webp/750x0/props/005405660_1778918987944.jpg,3,مساعد محمد بن علي الزهراني,مكتب مساعد محمد بن علي الزهراني للعقارات,1,2026-05-16,2026-08-11,2026-08-11,476,2026-08-23,True,"2,300,000",False,فيلا
6712336,https://sa.aqar.fm/فلل-للبيع/الرياض/شرق-الرياض/حي-الجنادرية/شارع-رقم-141-حي-الجنادرية-الرياض-منطقة-الرياض-6712336,فيلا للبيع في شارع رقم 141 ، حي الجنادرية ، الرياض ، منطقة الرياض,1200000,356,4,5,1,8,حي الجنادرية,الرياض,شرق الرياض,دور ارضي مؤسس ع ٣شقق شارع ٢٥شرقي مقابل مرفق حكومي قريب من جميع الخدمات,24.848816,46.883255,https://images.aqar.fm/webp/750x0/props/013947767_1780059765465.jpg | https://images.aqar.fm/webp/750x0/props/013947767_1780059765455.jpg,2,غانم بن محمد بن فلاح العجمي,,,2026-05-29,,2026-07-13,58,2026-08-23,False,طلب تسويق,False,فيلا
6414162,https://sa.aqar.fm/فلل-للبيع/الرياض/شرق-الرياض/حي-الجنادرية/شارع-بوابه-الشرق-حي-الجنادرية-مدينة-الرياض-منطقة-الرياض-6414162,"فيلا للبيع في شارع بوابه الشرق, حي الجنادرية, مدينة الرياض, منطقة الرياض",1150000,233,6,,,0,حي الجنادرية,الرياض,شرق الرياض,"فله درج داخلي المساحه 236
الواجهه الشرقية 
 شارع ١٥
🛌 فوق ٣غرف نوم ) وصالة ودرتين مياه 
مطبخ مع غرفة خادمه 🧹
مجلس رجال مع دوره مياه ومقلط)
+ شقة مجلس وحمام ومطبخ غرف نوم ٢ وصاله ودورتين مياه) 
وسطح خارجي💎 
للتواصل ((رقم المعلن يظهر عند التواصل))",24.888345,46.953606,,,جابر ال فهاد,شركة ركائز الروعة,1,2025-10-07,2025-10-07,2026-08-23,185,2026-08-23,True,"1,150,000",False,فيلا
6586446,https://sa.aqar.fm/فلل-للبيع/الرياض/شرق-الرياض/حي-الجنادرية/شارع-رقم-188-حي-الجنادرية-مدينة-الرياض-منطقة-الرياض-6586446,"فيلا للبيع في شارع رقم 188, حي الجنادرية, مدينة الرياض, منطقة الرياض",750000,184,6,4,1,0,حي الجنادرية,الرياض,شرق الرياض,"نعرض لكم ما هوا مميز فرصه اثتثنائيه  تاون هاوس علوي   بمخطط الغصون بتشطيب وموقع ممتاز  

تاون هاوس علوي مساحه ١٨٥ متر 
عبارة عن مدخل سيارة مؤسس مصعد 
الدور الاول عباره عن مجلس ومقلط ومطبخ وغرفة ماستر و٣ دورات مياه 
الدور الثاني عبارة عن صالة وغرفتين نوم منهم واحده ماستر ودورتين مياه وسطح 
السعر 750 الف


سباكه 
كهرباء 
عوازل 
خزانات 
مصاعد 
شهاده اشراف هندسي
جميع الاوراق موجوده 
صك. محضر فرز. رخصه بناء 
شهاده اتمام بناء",24.850749,46.88577,https://images.aqar.fm/webp/750x0/props/043672515_1771248599343.jpg | https://images.aqar.fm/webp/750x0/props/043672517_1771248599131.jpg | https://images.aqar.fm/webp/750x0/props/043672510_1771248599337.jpg | https://images.aqar.fm/webp/750x0/props/043672510_1771248599366.jpg | https://images.aqar.fm/webp/750x0/props/043672517_1771248599503.jpg | https://images.aqar.fm/webp/750x0/props/043672516_1771248599532.jpg | https://images.aqar.fm/webp/750x0/props/043672519_1771248599590.jpg | https://images.aqar.fm/webp/750x0/props/043672517_1771248599803.jpg | https://images.aqar.fm/webp/750x0/props/043672513_1771248599845.jpg | https://images.aqar.fm/webp/750x0/props/043672512_1771248599877.jpg | https://images.aqar.fm/webp/750x0/props/043672511_1771248599934.jpg | https://images.aqar.fm/webp/750x0/props/043672510_1771248600108.jpg,12,منيره مناحي بن جابر ال فهاد,مؤسسة درة الانشاءات والتشييد للمقاولات العامة,1,2026-02-11,2026-08-05,2026-08-21,2480,2026-08-23,True,"750,000",False,فيلا
6762173,https://sa.aqar.fm/فلل-للبيع/الرياض/شرق-الرياض/حي-الجنادرية/شارع-العرجون-حي-الجنادرية-مدينة-الرياض-منطقة-الرياض-6762173,"فيلا للبيع في شارع العرجون, حي الجنادرية, مدينة الرياض, منطقة الرياض",1000000,274,3,0,0,0,حي الجنادرية,الرياض,شرق الرياض,"لاست السار
( تتشرف شركة اختصار البناء العقاريه ))
بخدمتكم وتقديم افضل ما لدينا دايما في سوق العقار في حي المعالي الجنادريه
 موجود فلل أدوار ارضي تاون هاوس نظام الفيلا 3
طبقات وموجود أدوار تاون هاوس علوي نظام الدورين 
* تصميمات عصرية تلامس مختلف الأذواق
* موقع مميز قريب من الخدمات (مسجد/ حدائق/مدارس/
أسواق/مولات)
* قريب من طريق الجنادريه
* قريب من طريق الثمامه
* قريب من طريق الدمام
( دور ارضي تاون هاوس نظام الفيلا 3 طبقات ))
- مساحته / 260 م
- واجهه / جنوبيه
- شارع / 20 م
* ارضي استقبال /
مكون من //
_ مدخل سياره خاص
- مجلس
- صاله طعام ( مقلط )
- صاله وسيعه
_ مطبخ
_ غرفة كبار سن ماستر
- حوش خلفي
- 3 دورات مياه
* علوي اول /
مكون من //
2 غرفة نوم ماستر
الدور الخير
مكون من //
_ غرفة نوم ماستر
- سطح كبير
الضمانات :-
* الضمانات شامله علي كافة أعمال البناء
* شهادة إتمام بناء
* اشراف هندسي كامل
* توفر جميع الضمانات اللازمة السباكة والتمديدات
الحراري المضغوط
* تمديدات الكهرباء / شركة الفنار
* الخزانات العلوية
* الافياش
** عوازل خارجية
* عوازل مائية كاملة للسطح والحمامات والمطابخ
(( نتشرف ب استقبال طلباتكم في اي وقت ))
* البيع يقبل كاش أو بنك .
التعامل مع جميع البنوك وشركات التمويل العقاري // للتواصل و الاستفسار ((الرقم يظهر عند الضغط على اتصال))",24.848034,46.864409,https://images.aqar.fm/webp/750x0/props/018852462_1783345795391.jpg | https://images.aqar.fm/webp/750x0/props/018852461_1783345813409.jpg | https://images.aqar.fm/webp/750x0/props/018852466_1783345813418.jpg | https://images.aqar.fm/webp/750x0/props/018852464_1783345813425.jpg | https://images.aqar.fm/webp/750x0/props/018852463_1783345813408.jpg | https://images.aqar.fm/webp/750x0/props/018852466_1783345813416.jpg | https://images.aqar.fm/webp/750x0/props/018852461_1783345813347.jpg | https://images.aqar.fm/webp/750x0/props/018852467_1783345813421.jpg | https://images.aqar.fm/webp/750x0/props/018852467_1783345813412.jpg | https://images.aqar.fm/webp/750x0/props/018852466_1783345841233.jpg | https://images.aqar.fm/webp/750x0/props/018852462_1783345841242.jpg | https://images.aqar.fm/webp/750x0/props/018852462_1783345841291.jpg,12,احمد شريف رزق السلمي,مؤسسة مكتب اختصار البناء للعقارات,1,2026-07-06,2026-08-04,2026-08-23,366,2026-08-23,True,"1,000,000",False,فيلا
6553337,https://sa.aqar.fm/فلل-للبيع/الرياض/شرق-الرياض/حي-الجنادرية/شارع-المعالي-حي-الجنادرية-مدينة-الرياض-منطقة-الرياض-6553337,"فيلا للبيع في شارع المعالي, حي الجنادرية, مدينة الرياض, منطقة الرياض",1150000,260,5,,,0,حي الجنادرية,الرياض,شرق الرياض,"👌🏻 فرصة سكنية مميزة في حي ( المعالي - الجنادرية ) 
📍موقع متطور وقريب من جميع الخدمات.

🔘( تاون هاوس - ارضي-  ) 

✏️ المساحة : 300 
💵 السعر  : 1,150,000

🏠 المواصفات:
• مجلس 
• مقلط
• صالة
• 3 غرف نوم ماستر
• 5 دورة مياه
• 

——- 

مواصفات اخرى : 
• سطح كبير 
• شارع 20
• كهرب وماء راكب
• مطابق للكود السعودي
• التاون هاوس 3 طوابق
•ضمان من 15 إلى 20

للتواصل : ((رقم المعلن يظهر عند التواصل))",24.846156,46.865721,https://images.aqar.fm/webp/750x0/props/004670692_1768843194436.jpg | https://images.aqar.fm/webp/750x0/props/004670697_1768843237720.jpg | https://images.aqar.fm/webp/750x0/props/004670692_1768843237737.jpg | https://images.aqar.fm/webp/750x0/props/004670694_1768843237708.jpg | https://images.aqar.fm/webp/750x0/props/004670694_1768843237793.jpg | https://images.aqar.fm/webp/750x0/props/004670699_1768843237712.jpg | https://images.aqar.fm/webp/750x0/props/004670692_1768843237708.jpg,7,جابر ال فهاد,شركة ركائز الروعة,1,2026-01-19,2026-01-19,2026-08-23,984,2026-08-23,True,"1,150,000",False,فيلا
6354958,https://sa.aqar.fm/فلل-للبيع/الرياض/شرق-الرياض/حي-الجنادرية/شارع-رقم-169-حي-الجنادرية-مدينة-الرياض-منطقة-الرياض-6354958,"فيلا للبيع في شارع رقم 169, حي الجنادرية, مدينة الرياض, منطقة الرياض",1150000,260,5,1,0,0,حي الجنادرية,الرياض,شرق الرياض,"للبيع تاون هاوس أرضي
حي الجنادريه المعالي
المساحة ٢٧٠م
السعر مليون ٢٥٠ ألف
الشارع ٢٠م
الواجهه جنوبيه 
المواصفات
مدخل سياره
مجلس رجال مع حمام
مقلط
صاله
مطبخ
١ غرفة نوم ماستر
٢ غرفة نوم على حمام
الضمانات
سباكه
كهرباء
شهادة إتمام بناء
التواصل
ابو محمد
((رقم المعلن يظهر عند التواصل))",24.850515,46.863442,https://images.aqar.fm/webp/750x0/props/003873995_1756361794617.jpg | https://images.aqar.fm/webp/750x0/props/003873992_1756361794095.jpg | https://images.aqar.fm/webp/750x0/props/003873996_1756361792642.jpg | https://images.aqar.fm/webp/750x0/props/003873990_1756361793134.jpg | https://images.aqar.fm/webp/750x0/props/003873995_1756361793633.jpg | https://images.aqar.fm/webp/750x0/props/003873991_1756361795134.jpg | https://images.aqar.fm/webp/750x0/props/003873998_1756361795673.jpg | https://images.aqar.fm/webp/750x0/props/003873998_1756361796235.jpg | https://images.aqar.fm/webp/750x0/props/003873994_1756361796818.jpg | https://images.aqar.fm/webp/750x0/props/003873995_1756361797414.jpg | https://images.aqar.fm/webp/750x0/props/003873995_1756361797993.jpg | https://images.aqar.fm/webp/750x0/props/003873997_1756361798673.jpg | https://images.aqar.fm/webp/750x0/props/003873999_1756361799659.jpg | https://images.aqar.fm/webp/750x0/props/003873991_1756361800008.jpg | https://images.aqar.fm/webp/750x0/props/003873998_1756361800395.jpg | https://images.aqar.fm/webp/750x0/props/003873996_1756361801098.jpg,16,عائشه بنت سليمان بن عبدالله الطريم,مؤسسة سكن المعالي للعقارات,1,2025-08-28,2025-08-28,2026-07-26,1050,2026-08-23,True,"1,150,000",False,فيلا
6407797,https://sa.aqar.fm/فلل-للبيع/الرياض/شرق-الرياض/حي-الجنادرية/شارع-الشميلي-حي-الجنادرية-مدينة-الرياض-منطقة-الرياض-6407797,"فيلا للبيع في شارع الشميلي, حي الجنادرية, مدينة الرياض, منطقة الرياض",900000,267,,,,0,حي الجنادرية,الرياض,شرق الرياض,"الـسـلام عـلـيـكم ورحـمـة الله وبركــاتــه
للبيــــــــع
تاون هاوس علوي مساحه مميزه وسطح خاص
في حي الجنادريه
على شـارع 15 شرقي
مواصفاتها
* عليها شهادة اتمام البناء
* يوجد عليها ضمانات العزل
*مسجد قريب
تتكون:
* مجلس
* صاله واسعه
* مقلط ضيافه
* مطبخ
* ⁠غرفة نوم ماستر
* ⁠غرفة نوم
* ⁠غرفة نوم
* ⁠غرفة نوم
* ⁠غرفة نوم
* ⁠غرفة خادمه
* ⁠6 دورة مياه
** السعر  ١،١٠٠،٠٠٠
** رقم رخصة الوساطه 1100270266
** لـ الإسـتفسـار ((رقم المعلن يظهر عند التواصل))",24.844576,46.886754,https://images.aqar.fm/webp/750x0/props/020063776_1759403888397.jpg | https://images.aqar.fm/webp/750x0/props/020063775_1759403888418.jpg | https://images.aqar.fm/webp/750x0/props/020063779_1759403888416.jpg | https://images.aqar.fm/webp/750x0/props/020063776_1759403888416.jpg | https://images.aqar.fm/webp/750x0/props/020063770_1759403888412.jpg | https://images.aqar.fm/webp/750x0/props/020063771_1759403888418.jpg | https://images.aqar.fm/webp/750x0/props/020063774_1759403888397.jpg | https://images.aqar.fm/webp/750x0/props/020063770_1759403888419.jpg | https://images.aqar.fm/webp/750x0/props/020063772_1759403926801.jpg | https://images.aqar.fm/webp/750x0/props/020063779_1759403926778.jpg | https://images.aqar.fm/webp/750x0/props/020063778_1759403926782.jpg | https://images.aqar.fm/webp/750x0/props/020063771_1759403926801.jpg | https://images.aqar.fm/webp/750x0/props/020063777_1759403926794.jpg | https://images.aqar.fm/webp/750x0/props/020063776_1759403926806.jpg | https://images.aqar.fm/webp/750x0/props/020063779_1759403926808.jpg,15,سلطان سفر مسفر المطيري,,,2025-10-02,2025-10-02,2026-08-21,1302,2026-08-23,True,"900,000",False,فيلا
6813899,https://sa.aqar.fm/فلل-للبيع/الرياض/شرق-الرياض/حي-الجنادرية/حي-الجنادرية-مدينة-الرياض-منطقة-الرياض-6813899,"فيلا للبيع في حي الجنادرية, مدينة الرياض, منطقة الرياض",1150000,300,5,0,0,6,حي الجنادرية,الرياض,شرق الرياض,"🏡 للبيع | فيلا فاخرة – نموذج النرجس 🌿

✨ فرصة مميزة لامتلاك فيلا مستقلة بتصميم عملي ومناسب للعائلة، في موقع مميز وواجهة جنوبية.

📍 الموقع: شارع 15 جنوبي
📐 المساحة: … م²
🏠 فيلا منفصلة – حرّة
🏦 تقبل التمويل من جميع البنوك

🔹 التوزيع الداخلي:

الدور الأرضي:
• مجلس رجال
• صالة عائلية
• مطبخ

الدور الأول:
• 4 غرف نوم
• منها غرفة ماستر 🛏️

الدور الثاني:
• غرفة غسيل ملابس
• غرفة خادمة مع دورة مياه

📑 المستندات:

✅ رخصة بناء
✅ شهادة إتمام بناء

⭐ موقع مميز | تصميم عائلي | تمويل بنكي | فيلا مستقلة

📞 للتواصل والاستفسار والمعاينة:
مكتب الشارع الرابع للخدمات العقارية

صاحب الترخيص: مكتب الشارع الرابع للخدمات العقارية",24.905344,46.947418,https://images.aqar.fm/webp/750x0/props/014135490_1786331586978.jpg | https://images.aqar.fm/webp/750x0/props/014135494_1786331586979.jpg | https://images.aqar.fm/webp/750x0/props/014135496_1786331586970.jpg | https://images.aqar.fm/webp/750x0/props/014135496_1786331586980.jpg | https://images.aqar.fm/webp/750x0/props/014135499_1786331586985.jpg | https://images.aqar.fm/webp/750x0/props/014135494_1786331586975.jpg | https://images.aqar.fm/webp/750x0/props/014135490_1786331586972.jpg,7,محمد بن مرزوق بن بطحي المطيري,مكتب الشارع الرابع للخدمات العقارية,1,2026-08-10,2026-08-10,2026-08-18,114,2026-08-23,True,"1,150,000",False,فيلا
6697550,https://sa.aqar.fm/فلل-للبيع/الرياض/شرق-الرياض/حي-الجنادرية/شارع-رقم-85-حي-الجنادرية-مدينة-الرياض-منطقة-الرياض-6697550,"فيلا للبيع في شارع رقم 85, حي الجنادرية, مدينة الرياض, منطقة الرياض",900000,192,4,3,0,0,حي الجنادرية,الرياض,شرق الرياض,"🏡 شركة موافقة العقارية
تقدّم لكم كل ما هو جديد ومميز في حي الجنادرية – مخطط غصون 🌟

📣 حيث يجتمع السعر المميز مع جودة البناء 💪

للبيع 🔑
🏘️ تاون هاوس علوي 
 المسطح :240م

💰 السعر التاون هاوس علوي :900 الف ريال

━━━━━━━━━━
تفاصيل التاون هاوس علوي:
🚗 مدخل سيارة
🛋️ مجلس رجال
🍽️ صالة طعام
🏠 صالة عائلية
👩‍🍳مطبخ 
مركب أسانسير
    
اربع غرف نوم منهم  ماستر
تتميز ب سطح كبير
━━━━━━━━━━
📞 شركة موافقة العقارية
نتشرف بخدمتكم على مدار الساعة طوال أيام الأسبوع 🌙☀️
📲 للتواصل:  ((الرقم يظهر عند الضغط على اتصال))",24.854254,46.8938,https://images.aqar.fm/webp/750x0/props/043848014_1778777888560.jpg | https://images.aqar.fm/webp/750x0/props/043848013_1778777888554.jpg | https://images.aqar.fm/webp/750x0/props/043848016_1778777888548.jpg | https://images.aqar.fm/webp/750x0/props/043848017_1778777898815.jpg | https://images.aqar.fm/webp/750x0/props/043848012_1778777898816.jpg | https://images.aqar.fm/webp/750x0/props/043848017_1778777913536.jpg | https://images.aqar.fm/webp/750x0/props/043848010_1778777913543.jpg | https://images.aqar.fm/webp/750x0/props/043848016_1778777925956.jpg | https://images.aqar.fm/webp/750x0/props/043848012_1778777925956.jpg | https://images.aqar.fm/webp/750x0/props/043848018_1778777925963.jpg | https://images.aqar.fm/webp/750x0/props/043848017_1778777925951.jpg | https://images.aqar.fm/webp/750x0/props/043848010_1778777925950.jpg | https://images.aqar.fm/webp/750x0/props/043848015_1778777925957.jpg | https://images.aqar.fm/webp/750x0/props/043848017_1778777925954.jpg | https://images.aqar.fm/webp/750x0/props/043848015_1778777951463.jpg | https://images.aqar.fm/webp/750x0/props/043848017_1778777951467.jpg | https://images.aqar.fm/webp/750x0/props/043848017_1778777951468.jpg | https://images.aqar.fm/webp/750x0/props/043848019_1778777951464.jpg | https://images.aqar.fm/webp/750x0/props/043848017_1778777951447.jpg | https://images.aqar.fm/webp/750x0/props/043848010_1778777951444.jpg | https://images.aqar.fm/webp/750x0/props/043848011_1778777951460.jpg | https://images.aqar.fm/webp/750x0/props/043848011_1778777951447.jpg | https://images.aqar.fm/webp/750x0/props/043848018_1778777969495.jpg | https://images.aqar.fm/webp/750x0/props/043848013_1778777969477.jpg | https://images.aqar.fm/webp/750x0/props/043848015_1778777969487.jpg,25,نايف عبدالله بن سلطان بن سفران,مؤسسة موافقة العقارية,1,2026-05-14,2026-08-10,2026-08-13,759,2026-08-23,True,"900,000",False,فيلا
6829207,https://sa.aqar.fm/فلل-للبيع/الرياض/شرق-الرياض/حي-الجنادرية/شارع-سواج-حي-الجنادرية-الرياض-منطقة-الرياض-6829207,فيلا للبيع في شارع سواج ، حي الجنادرية ، الرياض ، منطقة الرياض,1100000,300,7,5,1,5,حي الجنادرية,الرياض,شرق الرياض,"فله للبيع مساحة 300
توليب
شارع 15 شمال
مرهونه لمصرف الراجحي 
مجلس 
مقلط 
مطبخ 
صاله
الدور الأول أربع غرف نوم
الدور الثاني غرفة خادمة مع دورة مياه",24.903841,46.941193,https://images.aqar.fm/webp/750x0/props/037101239_1787064076987.jpg | https://images.aqar.fm/webp/750x0/props/037101238_1787064077002.jpg | https://images.aqar.fm/webp/750x0/props/037101237_1787064077006.jpg,3,بندر بن حمود بن عبدالرحمن العصيمي,,,2026-08-18,,2026-08-18,12,2026-08-23,False,طلب تسويق,False,فيلا
6418324,https://sa.aqar.fm/فلل-للبيع/الرياض/شرق-الرياض/حي-الجنادرية/شارع-رقم-168-حي-الجنادرية-مدينة-الرياض-منطقة-الرياض-6418324,"فيلا للبيع في شارع رقم 168, حي الجنادرية, مدينة الرياض, منطقة الرياض",1200000,255,4,,,0,حي الجنادرية,الرياض,شرق الرياض,"للتواصل ((رقم المعلن يظهر عند التواصل))

حي الجنادرية 

تاون هاوس ارضي درج داخلي 
تصميم مميز",24.849112,46.887785,https://images.aqar.fm/webp/750x0/props/042914500_1764497882370.jpg | https://images.aqar.fm/webp/750x0/props/042914506_1764497910621.jpg | https://images.aqar.fm/webp/750x0/props/042914508_1764497910639.jpg | https://images.aqar.fm/webp/750x0/props/042914500_1764497910643.jpg | https://images.aqar.fm/webp/750x0/props/042914504_1764497910730.jpg | https://images.aqar.fm/webp/750x0/props/042914507_1764497910738.jpg | https://images.aqar.fm/webp/750x0/props/042914506_1764497910734.jpg | https://images.aqar.fm/webp/750x0/props/042914506_1764497910753.jpg,8,ماجد البقمي,,0,2025-10-11,2025-10-11,2026-08-18,272,2026-08-23,True,"1,200,000",False,فيلا
6605417,https://sa.aqar.fm/فلل-للبيع/الرياض/شرق-الرياض/حي-الجنادرية/شارع-الشميلي-حي-الجنادرية-مدينة-الرياض-منطقة-الرياض-6605417,"فيلا للبيع في شارع الشميلي, حي الجنادرية, مدينة الرياض, منطقة الرياض",1000000,270,4,5,0,0,حي الجنادرية,الرياض,شرق الرياض,"مشروع كيان 3 – تاون هاوس في حي الجنادرية
كيان 3 … أربع فرص فقط لتملك مختلف

فرصة تملك في مشروع كيان 3 السكني
مشروع مميز يتكون من 4 تاون هاوس فقط بتصاميم عصرية وتشطيبات راقية

📍 الموقع: حي الجنادرية

📐 مساحات مدروسة تناسب احتياج العائلة (270)م
💰 أسعار منافسة ومناسبة للتمويل البنكي (1,200,000)ريال


🛡️ ضمانات على:-

 الهيكل الإنشائي:
الكهرباء 25 سنه الفنار 
ضمان الهيكل الانشائي 10 سنوات
ضمان الانابيب الحراري 15 سنه 

🔹 🏠 النوع الأول: تاون هاوس دور أرضي (عدد 2) (مدخل مستقل + علوي خاص)
مجالس – صالة – مطبخ – غرفة خادمة – 4 غرف نوم (منها ماستر) – سطح خاص

🏢 النوع الثاني: تاون هاوس دور علوي / دور أول (عدد 2)
مدخلين + مصعد – مجالس – صالة – مطبخ – 4 غرف نوم (2 ماستر) – غرفة خادمة – سطح خاص
🔹 تصميم ذكي واستغلال ممتاز للمساحات
🔹 خصوصية عالية
🔹 خيار مثالي للسكن أو الاستثمار

المعالم القريبة :
* المطار
* ⁠طريق الدمام
* ⁠جامعة الأميره نوره 

📞 للحجز والاستفسار في مشروع كيان تواصلي الآن على الرقم 
((رقم المعلن يظهر عند التواصل))

عدد الوحدات محدود (4 فقط)… والفرصة لن تتكرر 🔥",24.843649,46.885454,https://images.aqar.fm/webp/750x0/props/044142432_1772053279072.jpg | https://images.aqar.fm/webp/750x0/props/044142432_1772071548663.jpg | https://images.aqar.fm/webp/750x0/props/044142437_1772071548663.jpg | https://images.aqar.fm/webp/750x0/props/044142432_1772071548776.jpg | https://images.aqar.fm/webp/750x0/props/044142438_1772071548677.jpg | https://images.aqar.fm/webp/750x0/props/044142437_1772071548667.jpg | https://images.aqar.fm/webp/750x0/props/044142435_1772071548764.jpg | https://images.aqar.fm/webp/750x0/props/044142439_1772071548866.jpg | https://images.aqar.fm/webp/750x0/props/044142434_1772071548657.jpg,9,منيره الثنيان,,,2026-02-25,2026-08-19,2026-08-22,1340,2026-08-23,True,"1,000,000",False,فيلا
6486556,https://sa.aqar.fm/فلل-للبيع/الرياض/شرق-الرياض/حي-الجنادرية/حي-الجنادرية-مدينة-الرياض-منطقة-الرياض-6486556,"فيلا للبيع في حي الجنادرية, مدينة الرياض, منطقة الرياض",1100000,47,5,1,0,0,حي الجنادرية,الرياض,شرق الرياض,فيلا  درج داخلي مع شقة مستقلة مساحة مناسبة جدا على شارعين غربي شمالي ١٥ م موقع مميز جدا ويوجد ضمانات وفيديوات من اول البناء إلى نهاية البناء بناء شخصي بإشراف مالك الفيلا .ايضا يوجد بها غرفة للخادمة وغرفة خارجية للعامل مستقلة بالكراج الخارجي تستطيع تاجرها او تستخدمها وحاليا تعتبر فرصة مميزة جدا لنزول الأسعار وعمل  تخفيض على سعر الفيلا لا يسوم ويتواصل فقط إلا الصامل والسعر نهائي غير قابل للتفاوض .,24.905769,46.961728,https://images.aqar.fm/webp/750x0/props/017571260_1777538251714.jpg,1,مشعل مشعان عواد الشمري,,,2025-11-30,2025-11-30,2026-08-16,905,2026-08-23,True,"1,100,000",False,فيلا
6565860,https://sa.aqar.fm/فلل-للبيع/الرياض/شرق-الرياض/حي-الجنادرية/شارع-خليفه-ابن-حمد-آل-ثاني-حي-الجنادرية-الرياض-منطقة-الرياض-6565860,"فيلا للبيع في شارع 25162856, حي الجنادرية, مدينة الرياض, منطقة الرياض",1250000,260,6,5,1,0,حي الجنادرية,الرياض,شرق الرياض,"فيلا سكينة مساحة 260 متر درج داخلي في حي الجنادرية مخطط الروسان على طريق الدمام.
يتكون الدور الارضي  من ملحق خارجي ومجلس وصالة(ومصعد مؤسس) ومقلط ومطبخ وحوش واسع. الدور الأول يتكون من 4 غرف نوم اثنين منهم ماستر. ويتكون الدور الثاني من غرفتين نوم وغرفة غسيل وحوش السطح.
ضمان سباكة وكهرباء وعزل خزان الماء وضمان عزل الاسطح

البيع مباشرة من المالك ولا يوجد سعي
السعر مليون و 250 الف ريال
للتواصل مباشره مع المالك",24.919266802914738,46.94275493165501,https://images.aqar.fm/webp/750x0/props/004296384_1769597710092.jpg | https://images.aqar.fm/webp/750x0/props/004296381_1769597719180.jpg | https://images.aqar.fm/webp/750x0/props/004296382_1769597731146.jpg | https://images.aqar.fm/webp/750x0/props/004296382_1769597741425.jpg | https://images.aqar.fm/webp/750x0/props/004296386_1769597750247.jpg | https://images.aqar.fm/webp/750x0/props/004296380_1769597766688.jpg,6,ماجد سعد سعود السعدون ,,,2026-01-28,2026-02-15,2026-07-18,984,2026-08-23,True,"1,250,000",False,فيلا
6645465,https://sa.aqar.fm/فلل-للبيع/الرياض/شرق-الرياض/حي-الجنادرية/شارع-ا-الجنادرية-حي-الجنادرية-مدينة-الرياض-منطقة-الرياض-6645465,"فيلا للبيع في شارع  ا  الجنادرية , حي الجنادرية, مدينة الرياض, منطقة الرياض",1250000,421,,,,0,حي الجنادرية,الرياض,شرق الرياض,"فيلا جديده للبيع
 مساحة 400 متر
دورين درج داخلي
وشقه
الارضي استقبال مع صاله ومطبخ
وغرفة كبار سن
الدور الأول 3 غرف نوم
الملحق غرفة عامله مع دورة مياه",24.898111,46.958526,,,اسماء العتيبي,شركة مكتب فخامة المباني للعقارات,1,2026-04-07,2026-08-01,2026-08-21,336,2026-08-23,True,"1,250,000",False,فيلا
6704809,https://sa.aqar.fm/فلل-للبيع/الرياض/شرق-الرياض/حي-الجنادرية/شارع-العام-حي-الجنادرية-مدينة-الرياض-منطقة-الرياض-6704809,"فيلا للبيع في شارع العام, حي الجنادرية, مدينة الرياض, منطقة الرياض",1950000,371,7,1,0,0,حي الجنادرية,الرياض,شرق الرياض,"🔻فيلا جديده للبيع شرق الرياض🔻
في مشروع المشرقية بالجنادرية
تصميم فاخر ومساحة واسعة
الزون C - شارع 18 جنوبي غربي
المساحة 372 م تصميم شرفة ( A )
خلف الحديقة والمسجد والممر قريب 
تبديل البويه الى رشه كامله بروفايل 
 المواصفات : 
بايكه سيارة وحوش واسع 
مدخلين + ملحق خارجي 6*5 
مجلس رجال مع دورة مياه 
صالة طعام مع حديقة زجاجية
 عدد 2  صالة داخلية 
ضيافه و مجلس نساء ودوره مياة 
مطبخ مع اضافة مستودع بالارتداد  
غرفة خادمة ومنطقة غسيل ودورة مياه 
الدور العلوي : درج داخلي 
2 غرف ماستر  + ركن كوفي 
 2 غرفة نوم ودورة مياه مشتركه 
جميع دورات المياه مخفي 
مع كراسي معلقه 
وخلاطات مدفونه ودش مطري
الفيلا مرهونة ( 926 الف ) 
السعر ( 2 مليون 
الشراء كاش فقط
مباشر من المالك",24.817957,46.857901,https://images.aqar.fm/webp/750x0/props/052470831_1779224167312.jpg,1,صالح بن عبيد بن عايش العنزي,مكتب ابداع الصحافة للخدمات العقارية,1,2026-05-19,2026-08-15,2026-08-21,1446,2026-08-23,True,"1,950,000",False,فيلا
6661797,https://sa.aqar.fm/فلل-للبيع/الرياض/شرق-الرياض/حي-الجنادرية/شارع-الجنادرية-الفرعي-حي-المعيزيلة-مدينة-الرياض-منطقة-الرياض-6661797,"فيلا للبيع في شارع الجنادرية الفرعي, حي المعيزيلة, مدينة الرياض, منطقة الرياض",2300000,310,,5,5,0,حي الجنادرية,الرياض,شرق الرياض,"التفاصيل فيلا في حي المعيزيلة زاوية شارع 20 شمالي ممر 10 غربي
الدور الارضي: مجلس ومقلط وصالتين مفتوحة على بعض وثنين دورة مياه وغرفة وحدة ماستر ومدخلين 

الدور الاول:اربع غرف ماستر وصالة

الدور الثاني: غرفة ماستر وسطح

 الشقة رقم 1/  وصالة وغرفتين ومطبخ وثنين دورة مياه

الشقة رقم 2/  يوجد مدخلين لها وصالة ومطبخ وثلاث غرف وثنين دورة مياه
والابواب WPC",24.802827,46.854172,https://images.aqar.fm/webp/750x0/props/008163531_1776634170347.jpg | https://images.aqar.fm/webp/750x0/props/008163531_1776634190742.jpg | https://images.aqar.fm/webp/750x0/props/008163534_1776634190749.jpg | https://images.aqar.fm/webp/750x0/props/008163536_1776634190740.jpg | https://images.aqar.fm/webp/750x0/props/008163537_1776634232551.jpg | https://images.aqar.fm/webp/750x0/props/008163530_1776634232551.jpg | https://images.aqar.fm/webp/750x0/props/008163537_1776634232550.jpg | https://images.aqar.fm/webp/750x0/props/008163539_1776634232585.jpg | https://images.aqar.fm/webp/750x0/props/008163537_1776634232577.jpg | https://images.aqar.fm/webp/750x0/props/008163538_1776634232593.jpg | https://images.aqar.fm/webp/750x0/props/008163532_1776634232580.jpg | https://images.aqar.fm/webp/750x0/props/008163533_1776634258300.jpg | https://images.aqar.fm/webp/750x0/props/008163535_1776634258323.jpg | https://images.aqar.fm/webp/750x0/props/008163535_1776634258312.jpg | https://images.aqar.fm/webp/750x0/props/008163532_1776634258325.jpg | https://images.aqar.fm/webp/750x0/props/008163538_1776634258309.jpg | https://images.aqar.fm/webp/750x0/props/008163537_1776634258313.jpg | https://images.aqar.fm/webp/750x0/props/008163535_1776634258306.jpg | https://images.aqar.fm/webp/750x0/props/008163530_1776634258315.jpg,19,نبويه محمد,مؤسسة جسر الاستقرار العقارية,1,2026-04-19,2026-07-16,2026-08-21,582,2026-08-23,True,"2,300,000",False,فيلا
6753635,https://sa.aqar.fm/فلل-للبيع/الرياض/شرق-الرياض/حي-الجنادرية/شارع-خريص-حي-الجنادرية-مدينة-الرياض-منطقة-الرياض-6753635,"فيلا للبيع في شارع خريص, حي الجنادرية, مدينة الرياض, منطقة الرياض",930000,201,6,6,2,0,حي الجنادرية,الرياض,شرق الرياض,"فيلا - منفصل - دورين -درج داخلي+ملحق- الرياض - حي الجنادرية

 مكونة من:

تفاصيل الدور الأرضي
 عدد المجالس: 1    ، دورات المياه: 2    ، الصالات: 1    ، الملقط: 1    ، المطابخ: 1    ، 

تفاصيل الدور الأول
 دورات المياه: 1    ، الصالات: 1    ، غرف النوم: 2    ، غرف الماستر: 1    ، 

تفاصيل الملحق العلوي 
 
 دورات المياه: 1    ، غرف الماستر: 1    ، 

مميزات العقار 
 
 غرفة خادمة ، نوافذ زجاج ، قريب من الخدمات ، حوش ، سطح ، مدخل سيارة ، 

الضمانات: 

يوجد ضمانات على الكهرباء و السباكة 

رقم العرض: 19782
رقم ترخيص الإعلان: 7201023763 
 رقم رخصة فال: 1200019203 
 يقبل الدفع كاش او تقسيط من البنك",24.89791,46.965056,https://images.aqar.fm/webp/750x0/props/025113879_1782813889178.jpg | https://images.aqar.fm/webp/750x0/props/025113875_1782813897418.jpg | https://images.aqar.fm/webp/750x0/props/025113875_1782813897418.jpg | https://images.aqar.fm/webp/750x0/props/025113875_1782813897421.jpg | https://images.aqar.fm/webp/750x0/props/025113873_1782813897420.jpg | https://images.aqar.fm/webp/750x0/props/025113872_1782813897427.jpg | https://images.aqar.fm/webp/750x0/props/025113878_1782813897435.jpg | https://images.aqar.fm/webp/750x0/props/025113878_1782813897433.jpg | https://images.aqar.fm/webp/750x0/props/025113874_1782813897438.jpg | https://images.aqar.fm/webp/750x0/props/025113871_1782813897491.jpg | https://images.aqar.fm/webp/750x0/props/025113878_1782813897442.jpg | https://images.aqar.fm/webp/750x0/props/025113877_1782813897453.jpg,12,عبدالهادي سليمان,شركة إسكان سلمان العقارية,1,2026-06-30,2026-07-29,2026-08-20,285,2026-08-23,True,"930,000",False,فيلا
6626762,https://sa.aqar.fm/فلل-للبيع/الرياض/شرق-الرياض/حي-الجنادرية/شارع-الجنادرية-حي-الجنادرية-مدينة-الرياض-منطقة-الرياض-6626762,"فيلا للبيع في شارع الجنادرية, حي الجنادرية, مدينة الرياض, منطقة الرياض",900000,201,6,1,0,0,حي الجنادرية,الرياض,شرق الرياض,"درج داخلي مساحه ٢٠١ في بوابه الشرق شارع ١٥ شمالي
تحت مجلس ومقلط وصاله ومطبخ ٢ دورات مياه 
فوق ٣ غرف وصاله واحده مستر ب حمام
والدور ٣ غرفه خادمه بحمام وغرفه مستر ب حمام",24.908267,46.962061,,,عبدالكريم ابراهيم بن رسلان العنزي,شركة ابداع العالمية للتطوير والاستثمار العقاري ,1,2026-03-16,2026-08-09,2026-08-23,183,2026-08-23,True,"900,000",False,فيلا
6539263,https://sa.aqar.fm/فلل-للبيع/الرياض/شرق-الرياض/حي-الجنادرية/شارع-الضياء-حي-الجنادرية-مدينة-الرياض-منطقة-الرياض-6539263,"فيلا للبيع في شارع الضياء, حي الجنادرية, مدينة الرياض, منطقة الرياض",1050000,235,4,5,2,0,حي الجنادرية,الرياض,شرق الرياض,"🏡 شركة موافقة العقارية
تقدّم لكم كل ما هو جديد ومميز في حي الجنادرية – مخطط غصون 🌟

📣 حيث يجتمع السعر المميز مع جودة البناء 💪

للبيع 🔑
🏘️ تاون هاوس علوي

📏 المساحة: 235م²
💰 السعر: 1050 مليون وخمسون  ألف ريال

تفاصيل الوحدة:
🚗 مدخل سيارة
🛋️ مجلس رجال
🍽️ صالة طعام
🏠 صالة عائلية
👩‍🍳 مطبخ

الدور العلوي:
🛏️ صالة عائلية
🛌 اربعه غرف نوم (منها غرفة ماستر)
🌅 سطح

📞 شركة موافقة العقارية
نتشرف بخدمتكم على مدار الساعة طوال أيام الأسبوع 🌙☀️
📲 للتواصل: ((رقم المعلن يظهر عند التواصل))
* ملاحظة: الموقع غير دقيق",24.845398,46.895056,https://images.aqar.fm/webp/750x0/props/043848012_1767897155390.jpg | https://images.aqar.fm/webp/750x0/props/043848019_1767897173481.jpg | https://images.aqar.fm/webp/750x0/props/043848014_1767897173475.jpg | https://images.aqar.fm/webp/750x0/props/043848013_1767897207285.jpg | https://images.aqar.fm/webp/750x0/props/043848014_1767897207345.jpg | https://images.aqar.fm/webp/750x0/props/043848012_1767897207305.jpg | https://images.aqar.fm/webp/750x0/props/043848013_1767897207291.jpg | https://images.aqar.fm/webp/750x0/props/043848017_1767897207338.jpg | https://images.aqar.fm/webp/750x0/props/043848018_1767897207303.jpg | https://images.aqar.fm/webp/750x0/props/043848018_1767897207297.jpg | https://images.aqar.fm/webp/750x0/props/043848011_1767897207294.jpg | https://images.aqar.fm/webp/750x0/props/043848012_1767897252106.jpg | https://images.aqar.fm/webp/750x0/props/043848016_1767897252125.jpg | https://images.aqar.fm/webp/750x0/props/043848018_1767897252302.jpg | https://images.aqar.fm/webp/750x0/props/043848019_1767897252256.jpg | https://images.aqar.fm/webp/750x0/props/043848012_1767897252271.jpg | https://images.aqar.fm/webp/750x0/props/043848014_1767897252252.jpg | https://images.aqar.fm/webp/750x0/props/043848015_1767897252263.jpg | https://images.aqar.fm/webp/750x0/props/043848017_1767897252266.jpg | https://images.aqar.fm/webp/750x0/props/043848010_1767897292478.jpg | https://images.aqar.fm/webp/750x0/props/043848015_1767897292481.jpg | https://images.aqar.fm/webp/750x0/props/043848010_1767897292496.jpg | https://images.aqar.fm/webp/750x0/props/043848014_1767897292520.jpg | https://images.aqar.fm/webp/750x0/props/043848012_1767897292524.jpg | https://images.aqar.fm/webp/750x0/props/043848010_1767897292524.jpg | https://images.aqar.fm/webp/750x0/props/043848018_1767897292514.jpg | https://images.aqar.fm/webp/750x0/props/043848016_1767897292647.jpg,27,نايف عبدالله بن سلطان بن سفران,مؤسسة موافقة العقارية,1,2026-01-08,2026-01-08,2026-08-13,1261,2026-08-23,True,"1,050,000",False,فيلا
6355002,https://sa.aqar.fm/فلل-للبيع/الرياض/شرق-الرياض/حي-الجنادرية/شارع-ممر77-حي-الجنادرية-مدينة-الرياض-منطقة-الرياض-6355002,"فيلا للبيع في شارع ممر77, حي الجنادرية, مدينة الرياض, منطقة الرياض",1000000,274,5,4,1,0,حي الجنادرية,الرياض,شرق الرياض,"بسم الله الرحمن الرحيم
 العقار : تاون هاوس ارضي
مساحة  : ٢٧٤ متر
الواجهة: شمالية 
الشارع: ٢٠ متر
الموقع: حى الجنادرية خاصة مخطط المعالي 
السعر : ١٠٠٠٠٠٠ ريال
علمان بان:
لدينا جميع الحلول التمويلية الميسرة.
تسديد المديونيات .
توفير الدفعة الاولى .
اعلى تمويل عقارى واقل هامش ربح.
امكانية تحويل من بنك لبنك.
نقبل اى جهة حكومية - مدنين-عساكر-قطاعات خاصة. 
نتعامل مع جميع البنوك وشركات التمويل.
عروض مناسبة لجميع العملاء.
تخليص جميع المعاملات فى جميع انحاء المملكة.
تتوفر لدينا جميع العروض والمساحات المختلفة.
فريق عمل متكامل لخدمتكم",24.85039,46.864413,https://images.aqar.fm/webp/750x0/props/038784511_1772475122454.jpg | https://images.aqar.fm/webp/750x0/props/038784510_1772475122361.jpg | https://images.aqar.fm/webp/750x0/props/038784510_1772475122597.jpg | https://images.aqar.fm/webp/750x0/props/038784516_1772475122621.jpg | https://images.aqar.fm/webp/750x0/props/038784517_1772475122855.jpg | https://images.aqar.fm/webp/750x0/props/038784511_1772475122227.jpg | https://images.aqar.fm/webp/750x0/props/038784517_1772475122267.jpg | https://images.aqar.fm/webp/750x0/props/038784518_1772475122353.jpg | https://images.aqar.fm/webp/750x0/props/038784517_1772475122386.jpg | https://images.aqar.fm/webp/750x0/props/038784519_1772475122493.jpg | https://images.aqar.fm/webp/750x0/props/038784510_1772475122595.jpg | https://images.aqar.fm/webp/750x0/props/038784516_1772475122710.jpg | https://images.aqar.fm/webp/750x0/props/038784517_1772475122812.jpg | https://images.aqar.fm/webp/750x0/props/038784510_1772475122811.jpg,14,عائشه بنت سليمان بن عبدالله الطريم,مؤسسة سكن المعالي للعقارات,1,2025-08-28,2025-08-28,2026-08-23,1795,2026-08-23,True,"1,000,000",False,فيلا
6727476,https://sa.aqar.fm/فلل-للبيع/الرياض/شرق-الرياض/حي-الجنادرية/شارع-خليفه-ابن-حمد-آل-ثاني-حي-الجنادرية-الرياض-منطقة-الرياض-6727476,فيلا للبيع في شارع خليفه ابن حمد آل ثاني ، حي الجنادرية ، الرياض ، منطقة الرياض,2000000,310,7,5,3,0,حي الجنادرية,الرياض,شرق الرياض,"فيلا فاخرة للبيع – 310 م² – حي الجنادرية ✨خلف شارع الشيخ خليفة بن زايد 

🏠 تفاصيل الفيلا:

* صالة كبيرة، مجلس، مقلط، مطبخ، غرفة غسيل، وحمامين.
* مصعد مؤسس.
* غرفة ماستر + 3 غرف أطفال + حمامين + بلكونتين + صالة.
* درج داخلي.
* الطابق الثاني: غرفتان + حمام + سطح.
* غرفة خادمة معزولة بالحوش.

💎 مواصفات وتشطيبات مميزة:

* سباكة ألمانية.
* عزل حراري.
* دهان داخلي جوتن وخارجي بروفايل عسيب.
* جميع الأعمال الكهربائية والتمديدات من شركة فنار.
* مضخات دفع سيكالا للخزان العلوي.
* فلتر تحلية مياه 7 مراحل من شركة سمنان.
* عوامة كهربائية للخزان السفلي.

🛡️ مزايا إضافية:

* تأمين ضد العيوب الخفية.
* شهادة إتمام بناء جاهزة.

📍 الموقع:
حي الجنادرية، خلف شارع الشيخ خليفة، بجوار مسجد، على شارع يفتح على حرف T.

📞 للتواصل والاستفسار: [((الرقم يظهر عند الضغط على اتصال))] من المالك مباشرة 

فيلا جاهزة للسكن بمواصفات عالية وجودة تنفيذ مميزة",24.825634,46.883125,https://images.aqar.fm/webp/750x0/props/005018675_1781106344089.jpg | https://images.aqar.fm/webp/750x0/props/005018673_1781106344102.jpg | https://images.aqar.fm/webp/750x0/props/005018672_1781106344096.jpg | https://images.aqar.fm/webp/750x0/props/005018674_1781106344128.jpg | https://images.aqar.fm/webp/750x0/props/005018679_1781106344121.jpg | https://images.aqar.fm/webp/750x0/props/005018677_1781106344151.jpg | https://images.aqar.fm/webp/750x0/props/005018674_1781106344258.jpg | https://images.aqar.fm/webp/750x0/props/005018671_1781106344162.jpg,8,حمد بن الحلو بن سمير العنزي,,,2026-06-10,,2026-08-21,56,2026-08-23,False,طلب تسويق,False,فيلا
6786685,https://sa.aqar.fm/فلل-للبيع/الرياض/شرق-الرياض/حي-الجنادرية/شارع-الجمجوم-حي-الجنادرية-الرياض-منطقة-الرياض-6786685,فيلا للبيع في شارع الجمجوم ، حي الجنادرية ، الرياض ، منطقة الرياض,1250000,300,,,,,حي الجنادرية,الرياض,شرق الرياض,,24.894736,46.947452,https://images.aqar.fm/webp/750x0/props/007813739_1784789340423.jpg | https://images.aqar.fm/webp/750x0/props/007813739_1784789340422.jpg | https://images.aqar.fm/webp/750x0/props/007813735_1784789340420.jpg | https://images.aqar.fm/webp/750x0/props/007813736_1784789340422.jpg,4,عبدالعزيز سلطان بديع المعاوي,,,2026-07-23,,2026-07-23,63,2026-08-23,False,طلب تسويق,False,فيلا
6795759,https://sa.aqar.fm/فلل-للبيع/الرياض/شرق-الرياض/حي-الجنادرية/شارع-السويق-حي-الجنادرية-مدينة-الرياض-منطقة-الرياض-6795759,"فيلا للبيع في شارع السويق, حي الجنادرية, مدينة الرياض, منطقة الرياض",1400000,412,,,,0,حي الجنادرية,الرياض,شرق الرياض,"فيلا دبلوكس - شبه متصل -دورين +ملحق  - درج داخلي- الرياض -الجنادرية .

 مكونة من :
الدور الأرضي
 عدد المجالس: 1    ، دورات المياه: 2    ، الصالات: 1    ، غرف المعيشة: 1    ، الملقط: 1    ، المطابخ: 1    ، 
 الدور الأول
 دورات المياه: 1    ، الصالات: 1    ، غرف النوم: 2    ، غرف الماستر: 2    ، 

الملحق العلوي 
 دورات المياه: 1    ، غرف النوم: 1    ، 

مميزات العقار 
 ملحق خارجي ، نوافذ زجاج ، قريب من الخدمات ، حوش ، مدخل سيارة ، غرفة غسيل ، 

رقم العرض: 20060
رقم ترخيص الإعلان: 7201061714 
 رقم رخصة فال: 1200019203 
 
يتوفر الدفع كاش او تقسيط من البنك.",24.804932,46.86017,https://images.aqar.fm/webp/750x0/props/025113877_1785314866901.jpg | https://images.aqar.fm/webp/750x0/props/025113878_1785314866913.jpg | https://images.aqar.fm/webp/750x0/props/025113879_1785314866915.jpg | https://images.aqar.fm/webp/750x0/props/025113872_1785314866907.jpg | https://images.aqar.fm/webp/750x0/props/025113871_1785314866910.jpg | https://images.aqar.fm/webp/750x0/props/025113871_1785314866922.jpg | https://images.aqar.fm/webp/750x0/props/025113875_1785314866931.jpg | https://images.aqar.fm/webp/750x0/props/025113871_1785314866965.jpg | https://images.aqar.fm/webp/750x0/props/025113879_1785314866976.jpg | https://images.aqar.fm/webp/750x0/props/025113877_1785314866969.jpg | https://images.aqar.fm/webp/750x0/props/025113873_1785314866995.jpg | https://images.aqar.fm/webp/750x0/props/025113879_1785314866990.jpg | https://images.aqar.fm/webp/750x0/props/025113870_1785314866988.jpg | https://images.aqar.fm/webp/750x0/props/025113873_1785314866987.jpg | https://images.aqar.fm/webp/750x0/props/025113873_1785314866991.jpg,15,عبدالهادي سليمان,شركة إسكان سلمان العقارية,1,2026-07-29,2026-07-29,2026-08-20,1029,2026-08-23,True,"1,400,000",False,فيلا
6463325,https://sa.aqar.fm/فلل-للبيع/الرياض/شرق-الرياض/حي-الجنادرية/شارع-خليفه-ابن-حمد-آل-ثاني-حي-الجنادرية-مدينة-الرياض-منطقة-الرياض-6463325,"فيلا للبيع في شارع  خليفه ابن حمد آل ثاني, حي الجنادرية, مدينة الرياض, منطقة الرياض",1350000,206,,5,3,0,حي الجنادرية,الرياض,شرق الرياض,"الـسـلام عـلـيـكم ورحـمـة الله وبركــاتــه
—————————-
للـبـيـع فيلا درج داخلي منفصله
حديدة زاويه
في حي الجنادريه

—————————
مواصفاتها
* ملف ل كافة مراحل البناء
* عليها شهادة اتمام البناء
* يوجد عليها ضمانات العزل
* تأمين ضد العيوب الخفيه
*مسجد قريب
——————————
تتكون:
* حوش
* مجلس
* مقلط ضيافه
* صاله واسعه
* صاله اضافيه
* مطبخ
* ⁠غرفة نوم ماستر
* ⁠غرفة نوم ماستر
* ⁠غرفة نوم ماستر
* ⁠غرفة نوم ماستر
* ⁠سطح
* ⁠٦ دورة مياه

______________________
** لـلبيع ب سعر ١،٤٠٠،٠٠٠ قابل تفاوض
** رقم رخصة الوساطه 1100270266
** لـ الإسـتفسـار ((رقم المعلن يظهر عند التواصل))",24.826467,46.883662,https://images.aqar.fm/webp/750x0/props/020063771_1762869472449.jpg | https://images.aqar.fm/webp/750x0/props/020063779_1762869472430.jpg | https://images.aqar.fm/webp/750x0/props/020063772_1762869472445.jpg | https://images.aqar.fm/webp/750x0/props/020063774_1762869472444.jpg | https://images.aqar.fm/webp/750x0/props/020063775_1762869472443.jpg | https://images.aqar.fm/webp/750x0/props/020063776_1762869472455.jpg | https://images.aqar.fm/webp/750x0/props/020063778_1762869472444.jpg | https://images.aqar.fm/webp/750x0/props/020063772_1762869472416.jpg,8,سلطان سفر مسفر المطيري,,,2025-11-11,2025-11-11,2026-08-21,421,2026-08-23,True,"1,350,000",False,فيلا
6739644,https://sa.aqar.fm/فلل-للبيع/الرياض/شرق-الرياض/حي-الجنادرية/شارع-15-حي-الجنادرية-مدينة-الرياض-منطقة-الرياض-6739644,"فيلا للبيع في شارع 15, حي الجنادرية, مدينة الرياض, منطقة الرياض",1800000,375,7,0,0,0,حي الجنادرية,الرياض,شرق الرياض,"🏡 فيلا للبيع - حي بوابة الشرق

فرصة مميزة لامتلاك فيلا بتشطيب فاخر ومواصفات عالية الجودة في موقع مميز مقابل مرفق حديقة.

📍 الموقع: بوابة الشرق📐 المساحة: 375 م²🛣️ الشارع: 15 متر🌳 الموقع: أمام مرفق حديقة🏠 التصميم: درج داخلي + شقتين
الفيلا تتكون من : 
ملحق خارجي 
مجلس ومقلط رجال 
غرفه نوم 
صاله كبيره
الدور الاول يتكون من ثلاث غرف نوم ماستر 
وصالة 
والشقق تتكون من ثلاث غرف نوم وصالة 


✨ مواصفات البناء والتشطيب:• السباكة الخارجية من بيت الآباء• السباكة الداخلية أنابيب السعودية الخضراء• الأسلاك الكهربائية الداخلية من الفنار• شهادات السباكة والعزل متوفرة• الأبواب الكهربائية من شركة الموسى للأبواب الأوتوماتيكية•

للتواصل والاستفسار والمعاينة يرجى التواصل على الخاص أو الاتصال المباشر.",24.89405,46.959249,https://images.aqar.fm/webp/750x0/props/030906467_1781901001548.jpg | https://images.aqar.fm/webp/750x0/props/030906464_1781901432259.jpg | https://images.aqar.fm/webp/750x0/props/030906468_1782156256585.jpg | https://images.aqar.fm/webp/750x0/props/030906465_1782156256639.jpg | https://images.aqar.fm/webp/750x0/props/030906464_1782156256634.jpg | https://images.aqar.fm/webp/750x0/props/030906460_1782156256587.jpg | https://images.aqar.fm/webp/750x0/props/030906460_1782156256631.jpg | https://images.aqar.fm/webp/750x0/props/030906469_1782156256601.jpg | https://images.aqar.fm/webp/750x0/props/030906462_1782156256612.jpg | https://images.aqar.fm/webp/750x0/props/030906460_1782156256637.jpg,10,نايف بن غازي ابن شباب العتيبي,مكتب منصة كوكب للعقار,1,2026-06-19,2026-06-19,2026-08-19,248,2026-08-23,True,"1,800,000",False,فيلا
6446391,https://sa.aqar.fm/فلل-للبيع/الرياض/شرق-الرياض/حي-الجنادرية/شارع-رقم-138-حي-الجنادرية-مدينة-الرياض-منطقة-الرياض-6446391,"فيلا للبيع في شارع رقم 138, حي الجنادرية, مدينة الرياض, منطقة الرياض",1050000,234,7,,,0,حي الجنادرية,الرياض,شرق الرياض,"فله للبيع المسجد خلفها ومرفق 
مكونه من مجلس وصالة طعام وصاله كبيره ومطبخ وغرفة شغاله وثلاث دورات مياه 
الدور الاول اربع غرف نوم وصاله وثلات دورات مياه 
وشقه مكونه من ثلاث غرف وصاله ومطبخ وحمامين",24.839906,46.87646,https://images.aqar.fm/webp/750x0/props/031127548_1761807062834.jpg | https://images.aqar.fm/webp/750x0/props/031127542_1761807062807.jpg | https://images.aqar.fm/webp/750x0/props/031127542_1761807062845.jpg | https://images.aqar.fm/webp/750x0/props/031127547_1761807062768.jpg | https://images.aqar.fm/webp/750x0/props/031127543_1761807062780.jpg | https://images.aqar.fm/webp/750x0/props/031127547_1761807062813.jpg | https://images.aqar.fm/webp/750x0/props/031127548_1761807062775.jpg | https://images.aqar.fm/webp/750x0/props/031127547_1761807062784.jpg,8,راشد فهد,مؤسسة راشد فهد عبدالله العجمي للعقارات,1,2025-10-30,2025-10-30,2026-08-20,1251,2026-08-23,True,"1,050,000",False,فيلا
6787621,https://sa.aqar.fm/فلل-للبيع/الرياض/شرق-الرياض/حي-الجنادرية/شارع-الجنادرية-325-حي-الجنادرية-مدينة-الرياض-منطقة-الرياض-6787621,"فيلا للبيع في شارع الجنادرية 325, حي الجنادرية, مدينة الرياض, منطقة الرياض",1050000,210,7,,,0,حي الجنادرية,الرياض,شرق الرياض,$5f,24.899208,46.958129,https://images.aqar.fm/webp/750x0/props/048745601_1784829128990.jpg | https://images.aqar.fm/webp/750x0/props/048745608_1784829128988.jpg | https://images.aqar.fm/webp/750x0/props/048745608_1784829128991.jpg | https://images.aqar.fm/webp/750x0/props/048745603_1784829128992.jpg | https://images.aqar.fm/webp/750x0/props/048745600_1784829128996.jpg | https://images.aqar.fm/webp/750x0/props/048745608_1784829129075.jpg | https://images.aqar.fm/webp/750x0/props/048745606_1784829129012.jpg | https://images.aqar.fm/webp/750x0/props/048745608_1784829129071.jpg | https://images.aqar.fm/webp/750x0/props/048745609_1784829129071.jpg | https://images.aqar.fm/webp/750x0/props/048745607_1784829129011.jpg | https://images.aqar.fm/webp/750x0/props/048745609_1784829129081.jpg | https://images.aqar.fm/webp/750x0/props/048745604_1784829129092.jpg | https://images.aqar.fm/webp/750x0/props/048745606_1784829129090.jpg | https://images.aqar.fm/webp/750x0/props/048745607_1784829129031.jpg | https://images.aqar.fm/webp/750x0/props/048745603_1784829129082.jpg,15,فارس حمود,شركة أضواء الروابي المحدودة,1,2026-07-23,2026-08-22,2026-08-22,88,2026-08-23,True,"1,050,000",False,فيلا
6611262,https://sa.aqar.fm/فلل-للبيع/الرياض/شرق-الرياض/حي-الجنادرية/شارع-ممر-117-حي-الجنادرية-مدينة-الرياض-منطقة-الرياض-6611262,"فيلا للبيع في شارع ممر 117, حي الجنادرية, مدينة الرياض, منطقة الرياض",1350000,300,7,0,0,0,حي الجنادرية,الرياض,شرق الرياض,"فيلا درج داخلي للبيع بحي الجنادرية شرق الرياض 
المساحة / ٣٠٠ م 
تتكون الفيلا من:
مدخل سيارة - حوش كبير - مجلس رجال - صالة - مطبخ - دورات مياه 
الدور الثاني فيه ٤ غرف نوم منها غرفة ماستر 
الدور الثاني غرفة شغالة مع سطح 

الفيلا حره وعليها شهادة إتمام بناء وتقبل الشراء كاش أو عن طريق البنوك 

المبلغ المطلوب / ١,٣٥٠,٠٠٠ ريال  ( مليون وثلاثمائة وخمسون ألف ريال ) 

للتواصل/ أبو خالد  ج  0534441510",24.909107,46.942845,https://images.aqar.fm/webp/750x0/props/003380966_1772451575135.jpg | https://images.aqar.fm/webp/750x0/props/003380963_1772451575125.jpg | https://images.aqar.fm/webp/750x0/props/003380968_1772451575111.jpg | https://images.aqar.fm/webp/750x0/props/003380964_1772451575109.jpg | https://images.aqar.fm/webp/750x0/props/003380962_1772451575126.jpg | https://images.aqar.fm/webp/750x0/props/003380964_1772451575116.jpg | https://images.aqar.fm/webp/750x0/props/003380969_1772451575117.jpg | https://images.aqar.fm/webp/750x0/props/003380962_1772451575131.jpg,8,شايع عائض مشبب آل مريح,مؤسسة المسكن الراقي للخدمات العقارية,1,2026-03-02,2026-05-28,2026-08-22,409,2026-08-23,True,"1,350,000",False,فيلا
6705259,https://sa.aqar.fm/فلل-للبيع/الرياض/شرق-الرياض/حي-الجنادرية/شارع-عمر-ابن-حبيب-حي-الجنادرية-مدينة-الرياض-منطقة-الرياض-6705259,"فيلا للبيع في شارع عمر ابن حبيب, حي الجنادرية, مدينة الرياض, منطقة الرياض",1750000,300,5,5,0,0,حي الجنادرية,الرياض,شرق الرياض,"🏡 شركة موافقة العقارية
تقدّم لكم كل ما هو جديد ومميز في حيّ الندوه – 🌟

📣 حيث يجتمع السعر المميَّز مع جودة البناء 💪

للبيع: فيلا درج صالة مع شقه
📍 موقع مميَّز — 
📐 المساحة:300 م²
💰 السعر:مليون و٧٥٠ الف

⸻————————-

تفاصيل الفيلا:
	•مدخل سيارة 
	•مجلس رجال 🛋️
	•صالة طعام 🍽️
	•صالة عائلية 🏠
	•مجلس نساء 👩‍🦰
	•مطبخ 
     • غرفه خادمه
     • مشب خارجي
     • 5 غرف نوم منهم ماستر
     . موئسس أسانسير
————————————

تفاصيل الشقق:
       •مجلس رجال
	•	صالة
       •غرفتين
       • سطح
⸻———————

📞 شركة موافقة العقارية
نتشرف بخدمتكم على مدار الساعة طوال أيام الأسبوع 🌙☀️

عبدالعزيز العنزي 

((الرقم يظهر عند الضغط على اتصال))

موافقه العقاريه",24.836582,46.891886,https://images.aqar.fm/webp/750x0/props/043848012_1779270943678.jpg | https://images.aqar.fm/webp/750x0/props/043848017_1779270943691.jpg | https://images.aqar.fm/webp/750x0/props/043848010_1779270943687.jpg | https://images.aqar.fm/webp/750x0/props/043848015_1779271009656.jpg | https://images.aqar.fm/webp/750x0/props/043848011_1779271009681.jpg | https://images.aqar.fm/webp/750x0/props/043848017_1779271009695.jpg | https://images.aqar.fm/webp/750x0/props/043848017_1779271009686.jpg | https://images.aqar.fm/webp/750x0/props/043848018_1779271009663.jpg | https://images.aqar.fm/webp/750x0/props/043848011_1779271009680.jpg | https://images.aqar.fm/webp/750x0/props/043848010_1779271071234.jpg | https://images.aqar.fm/webp/750x0/props/043848013_1779271071242.jpg | https://images.aqar.fm/webp/750x0/props/043848010_1779271071250.jpg | https://images.aqar.fm/webp/750x0/props/043848016_1779271071255.jpg | https://images.aqar.fm/webp/750x0/props/043848012_1779271071250.jpg | https://images.aqar.fm/webp/750x0/props/043848014_1779271071252.jpg | https://images.aqar.fm/webp/750x0/props/043848019_1779271071249.jpg | https://images.aqar.fm/webp/750x0/props/043848016_1779271145469.jpg | https://images.aqar.fm/webp/750x0/props/043848016_1779271145487.jpg | https://images.aqar.fm/webp/750x0/props/043848014_1779271145480.jpg | https://images.aqar.fm/webp/750x0/props/043848019_1779271145466.jpg | https://images.aqar.fm/webp/750x0/props/043848017_1779271145484.jpg | https://images.aqar.fm/webp/750x0/props/043848015_1779271145494.jpg | https://images.aqar.fm/webp/750x0/props/043848016_1779271145535.jpg | https://images.aqar.fm/webp/750x0/props/043848011_1779271191715.jpg | https://images.aqar.fm/webp/750x0/props/043848011_1779271191530.jpg | https://images.aqar.fm/webp/750x0/props/043848015_1779271191528.jpg | https://images.aqar.fm/webp/750x0/props/043848017_1779271191643.jpg | https://images.aqar.fm/webp/750x0/props/043848014_1779271191630.jpg | https://images.aqar.fm/webp/750x0/props/043848017_1779271191640.jpg | https://images.aqar.fm/webp/750x0/props/043848016_1779271191643.jpg,30,نايف عبدالله بن سلطان بن سفران,مؤسسة موافقة العقارية,1,2026-05-20,2026-08-15,2026-08-15,168,2026-08-23,True,"1,750,000",False,فيلا
6611850,https://sa.aqar.fm/فلل-للبيع/الرياض/شرق-الرياض/حي-الجنادرية/حي-الجنادرية-مدينة-الرياض-منطقة-الرياض-6611850,"فيلا للبيع في حي الجنادرية, مدينة الرياض, منطقة الرياض",1350000,260,6,0,0,0,حي الجنادرية,الرياض,شرق الرياض,"للبيع فيلا جديدة في مخطط الروسان حي الجنادرية مساحة ٢٦٠ متر بدون شقه مصعد مؤسس. 

الدور الأرضي يتكون من :
ملحق ومجلس ومقلط وصالة كبيره ومطبخ ومستودع.
الدور الأول يتكون من: 
اربع غرف نوم منهم غرفتين ماستر.
 الدور الثاني يتكون من :
غرفتين نوم 
وغرفة غسيل 
وحوش السطح. 

- يوجد تأمين من شركة التعاونية ضد العيوب الخفية لمدة عشر سنوات .
-وضمان السباكة والكهرباء ١٥ سنه.
- وضمان عزل الخزان وعزل الأسطح ١٠ سنوات

سعر البيع للفله مليون و ٣٥٠ الف .",24.919051,46.942444,https://images.aqar.fm/webp/750x0/props/045894336_1772483347103.jpg | https://images.aqar.fm/webp/750x0/props/045894333_1772483347106.jpg | https://images.aqar.fm/webp/750x0/props/045894335_1772483347071.jpg | https://images.aqar.fm/webp/750x0/props/045894335_1772483347098.jpg | https://images.aqar.fm/webp/750x0/props/045894333_1772483347102.jpg | https://images.aqar.fm/webp/750x0/props/045894331_1772483347099.jpg | https://images.aqar.fm/webp/750x0/props/045894332_1772483347103.jpg,7,سعود بن محمد بن عبدالله القحطاني,,,2026-03-02,2026-07-26,2026-08-21,408,2026-08-23,True,"1,350,000",False,فيلا
6718918,https://sa.aqar.fm/فلل-للبيع/الرياض/شرق-الرياض/حي-الجنادرية/شارع-الجنادرية-حي-الجنادرية-مدينة-الرياض-منطقة-الرياض-6718918,"فيلا للبيع في شارع الجنادرية , حي الجنادرية, مدينة الرياض, منطقة الرياض",1250000,300,7,5,3,4,حي الجنادرية,الرياض,شرق الرياض,"فله للبيع 
حي بوابه الشرق 
نموذج النرجس
المساحه /300 
وصف الفيلا 
ثلاث ادوار درج داخلي 
الدور الاول / مجلس وصالة وحمامين ومطبخ ومدخلين واحد للرجال والثاني للحريم وحوش كبير ولله الحمد
الدور الثاني / اربع غرف نوم منهاغرفة ماستر بدورة مياة ودورة مياه ثانيه للغرف الثلاث 
الدور الثالث غرفة ماستر بدورة المياة للخادمة مع مكان للغسيل والكوي اضافة معها السطح 

المطلوب للبنك مبلغ 800000
والمطلوب كامل المبلغ 1250000",24.90277,46.948898,https://images.aqar.fm/webp/750x0/props/005405664_1780581862742.jpg | https://images.aqar.fm/webp/750x0/props/005405668_1780581877513.jpg | https://images.aqar.fm/webp/750x0/props/005405660_1780581877537.jpg | https://images.aqar.fm/webp/750x0/props/005405662_1780581877554.jpg | https://images.aqar.fm/webp/750x0/props/005405665_1780581877537.jpg | https://images.aqar.fm/webp/750x0/props/005405665_1780581877574.jpg | https://images.aqar.fm/webp/750x0/props/005405663_1780581877546.jpg | https://images.aqar.fm/webp/750x0/props/005405667_1780581877588.jpg | https://images.aqar.fm/webp/750x0/props/005405666_1780581877593.jpg | https://images.aqar.fm/webp/750x0/props/005405668_1780581898233.jpg | https://images.aqar.fm/webp/750x0/props/005405664_1780581898235.jpg | https://images.aqar.fm/webp/750x0/props/005405665_1780581898238.jpg | https://images.aqar.fm/webp/750x0/props/005405667_1780581898245.jpg | https://images.aqar.fm/webp/750x0/props/005405669_1780581898244.jpg | https://images.aqar.fm/webp/750x0/props/005405660_1780581898226.jpg | https://images.aqar.fm/webp/750x0/props/005405668_1780581898242.jpg | https://images.aqar.fm/webp/750x0/props/005405667_1780581898244.jpg | https://images.aqar.fm/webp/750x0/props/005405669_1780581918553.jpg | https://images.aqar.fm/webp/750x0/props/005405660_1780581918561.jpg | https://images.aqar.fm/webp/750x0/props/005405660_1780581918522.jpg | https://images.aqar.fm/webp/750x0/props/005405661_1780581918573.jpg | https://images.aqar.fm/webp/750x0/props/005405665_1780581918549.jpg | https://images.aqar.fm/webp/750x0/props/005405667_1780581918559.jpg | https://images.aqar.fm/webp/750x0/props/005405666_1780581918599.jpg | https://images.aqar.fm/webp/750x0/props/005405668_1780581918601.jpg | https://images.aqar.fm/webp/750x0/props/005405661_1780581938997.jpg | https://images.aqar.fm/webp/750x0/props/005405663_1780581939000.jpg | https://images.aqar.fm/webp/750x0/props/005405661_1780581939019.jpg | https://images.aqar.fm/webp/750x0/props/005405661_1780581939011.jpg | https://images.aqar.fm/webp/750x0/props/005405664_1780581939006.jpg,30,مساعد محمد بن علي الزهراني,مكتب مساعد محمد بن علي الزهراني للعقارات,1,2026-06-04,2026-08-01,2026-08-01,125,2026-08-23,True,"1,250,000",False,فيلا
6828024,https://sa.aqar.fm/فلل-للبيع/الرياض/شرق-الرياض/حي-الجنادرية/شارع-غصون-حي-الجنادرية-مدينة-الرياض-منطقة-الرياض-6828024,"فيلا للبيع في شارع غصون, حي الجنادرية, مدينة الرياض, منطقة الرياض",980000,255,5,0,0,0,حي الجنادرية,الرياض,شرق الرياض,"🏡 فيلا مميزة للبيع –  تاون هاوس ارضي تصميم عملي ومساحات رائعة 🏡

📐 المساحة: 300م²

🛣️الشارع 20 ع مرفق 

✨ تفاصيل الفيلا:

🔹 الدور الأرضي:

- مجلس
- مقلط
- صالة
- مطبخ
غرفة شغاله 
- مدخلان مستقلان
درج داخلي 

- 3 غرف نوم (منها غرفة ماستر)
- 2 حمام

✅ توزيع مميز يوفر الخصوصية والراحة لجميع أفراد الأسرة.
✅ موقع مناسب وتصميم عصري يلبي احتياجات السكن العائلي.

📞 للتواصل والاستفسار ومعاينة العقار يرجى التواصل ((الرقم يظهر عند الضغط على اتصال))
ابو سند",24.841691,46.881355,https://images.aqar.fm/webp/750x0/props/046052073_1786996901792.jpg | https://images.aqar.fm/webp/750x0/props/046052079_1786996901813.jpg | https://images.aqar.fm/webp/750x0/props/046052070_1786996901808.jpg | https://images.aqar.fm/webp/750x0/props/046052074_1786996901792.jpg | https://images.aqar.fm/webp/750x0/props/046052071_1786996901812.jpg | https://images.aqar.fm/webp/750x0/props/046052070_1786996901804.jpg | https://images.aqar.fm/webp/750x0/props/046052076_1786996901807.jpg | https://images.aqar.fm/webp/750x0/props/046052075_1786996901817.jpg | https://images.aqar.fm/webp/750x0/props/046052076_1786996931141.jpg | https://images.aqar.fm/webp/750x0/props/046052072_1786996931135.jpg | https://images.aqar.fm/webp/750x0/props/046052076_1786996931149.jpg | https://images.aqar.fm/webp/750x0/props/046052078_1786996931138.jpg | https://images.aqar.fm/webp/750x0/props/046052070_1786996931149.jpg | https://images.aqar.fm/webp/750x0/props/046052070_1786996931141.jpg | https://images.aqar.fm/webp/750x0/props/046052072_1786996931140.jpg | https://images.aqar.fm/webp/750x0/props/046052076_1786996931152.jpg,16,جابر ال فهاد,شركة ركائز الروعة,1,2026-08-17,2026-08-17,2026-08-23,69,2026-08-23,True,"980,000",False,فيلا
6780349,https://sa.aqar.fm/فلل-للبيع/الرياض/شرق-الرياض/حي-الجنادرية/شارع-رقم-165-حي-الجنادرية-مدينة-الرياض-منطقة-الرياض-6780349,"فيلا للبيع في شارع رقم 165, حي الجنادرية, مدينة الرياض, منطقة الرياض",1600000,450,5,,,0,حي الجنادرية,الرياض,شرق الرياض,"• نظام الكود السعودي 
• ضمان علي الهيكل الانسائي عشرسنوات(تامين ملاذ)
• عزل مائي لدورات المياه ضمان 10 سنوات
• عزل حراري فوم ضمان 10 سنوات
• شهادة اشراف هندسي من مكتب معتمد
• درايش دبل قلاس كامل المبنى
• حديد التسليح من شركة سابك 
• الخرسانات بمب .
• ضمانات الكهرباء على جميع الكيابل والاسلاك والافياش والقواطع الفنار ٢٥ سنه والسخانات 
• ضمانات السباكة على الأنابيب الخضراء .
• عزل الخزان الارضي عزل مائي
• ضمان على البوابة الخارجية  ( عامين )
• ضمان على الخزان العلوي ( الزامل عامين )
• البلاط الداخلي بورسلين
• الخزانات مستقله 
• عداد الكهرباء مستقل راكب
• عداد المياه راكب مستقل 
للتواصل: ((الرقم يظهر عند الضغط على اتصال))",24.848795,46.863456,https://images.aqar.fm/webp/750x0/props/004173033_1784445078188.jpg | https://images.aqar.fm/webp/750x0/props/004173033_1784445076936.jpg | https://images.aqar.fm/webp/750x0/props/004173036_1784445077077.jpg | https://images.aqar.fm/webp/750x0/props/004173038_1784445077189.jpg | https://images.aqar.fm/webp/750x0/props/004173030_1784445077236.jpg | https://images.aqar.fm/webp/750x0/props/004173032_1784445077303.jpg | https://images.aqar.fm/webp/750x0/props/004173033_1784445077381.jpg | https://images.aqar.fm/webp/750x0/props/004173034_1784445077539.jpg | https://images.aqar.fm/webp/750x0/props/004173036_1784445077595.jpg | https://images.aqar.fm/webp/750x0/props/004173035_1784445077722.jpg | https://images.aqar.fm/webp/750x0/props/004173031_1784445077765.jpg | https://images.aqar.fm/webp/750x0/props/004173036_1784445077934.jpg | https://images.aqar.fm/webp/750x0/props/004173035_1784445077979.jpg | https://images.aqar.fm/webp/750x0/props/004173031_1784445078093.jpg | https://images.aqar.fm/webp/750x0/props/004173037_1784445078122.jpg | https://images.aqar.fm/webp/750x0/props/004173039_1784445078344.jpg | https://images.aqar.fm/webp/750x0/props/004173035_1784445078406.jpg | https://images.aqar.fm/webp/750x0/props/004173032_1784445078455.jpg | https://images.aqar.fm/webp/750x0/props/004173034_1784445078535.jpg,19,عائشه بنت سليمان بن عبدالله الطريم,مؤسسة سكن المعالي للعقارات,1,2026-07-19,2026-08-17,2026-08-23,294,2026-08-23,True,"1,600,000",False,فيلا
6772493,https://sa.aqar.fm/فلل-للبيع/الرياض/شرق-الرياض/حي-الجنادرية/شارع-طريق-الدمام-الفرعي-حي-الجنادرية-مدينة-الرياض-منطقة-الرياض-6772493,"فيلا للبيع في شارع طريق الدمام الفرعي, حي الجنادرية, مدينة الرياض, منطقة الرياض",1280000,260,6,0,0,0,حي الجنادرية,الرياض,شرق الرياض,"🏠 للبيع فيلا بحي الجنادرية – مخطط الروسان

فرصة مميزة لامتلاك فيلا حديثة بتصميم عملي وجودة تنفيذ عالية وإمكانية الاستفادة من المساحات بشكل مثالي.

📐 مساحة 260 م²
🛗 مصعد مؤسس
🎥كاميرات مراقبة على مدخل الفيلا
🛌 6 غرف نوم
✅ صالة واسعة
✅ ملحق + مجلس + مقلط + مطبخ + مستودع
✅ حوش سطح
🔒 ضمانات تمنحك راحة وأطمئنان",24.919267,46.942755,https://images.aqar.fm/webp/750x0/props/044142432_1783972619469.jpg | https://images.aqar.fm/webp/750x0/props/044142439_1783972619474.jpg | https://images.aqar.fm/webp/750x0/props/044142436_1783972619481.jpg | https://images.aqar.fm/webp/750x0/props/044142435_1783972619476.jpg | https://images.aqar.fm/webp/750x0/props/044142438_1783972619485.jpg | https://images.aqar.fm/webp/750x0/props/044142430_1783972619493.jpg,6,منيره الثنيان,,,2026-07-13,2026-08-12,2026-08-22,60,2026-08-23,True,"1,280,000",False,فيلا
6823381,https://sa.aqar.fm/فلل-للبيع/الرياض/شرق-الرياض/حي-الجنادرية/حي-الجنادرية-مدينة-الرياض-منطقة-الرياض-6823381,"فيلا للبيع في حي الجنادرية, مدينة الرياض, منطقة الرياض",1650000,375,4,5,2,0,حي الجنادرية,الرياض,شرق الرياض,"🎥 مرفق فيديو للفيلا بالإعلان

فيلا فاخرة للبيع 🏠 
🌳 بالقرب من الحديقة والمسجد 🕌 
مؤسس مصعد 
الدور الأرضي:
حوش واسع + حديقة جانبية + ملحق
مجلس ومقلط وصالة كبيرة 
مطبخ + غرفة عاملة + ركن كوفي ☕️ + مستودع 

الدور العلوي:
3 غرف نوم ماستر + ركن كوفي ☕️ 
سطح واسع + تأسيس غرفتين ودورة مياه 
✨ إطلالة جميلة وسهولة دخول وخروج
✨ موقع حيوي ومخدوم بالكامل
📍 موقع استراتيجي:
9 دقائق محطة القطار
12 دقيقة عن مدينة الملك عبدالعزيز الطبية
7 دقائق عن الدائري الشمالي

حسابي بالتيك توك لمشاريع المشرقية بيع وشراء وتأجير وتسويق وإدارة أملاك 
https://www.tiktok.com/@zzasd4?_r=1&_t=ZS-912dyyGzdYY

هذا رابط القروب بالتليجرام الخاص بعقارات مشروع المشرقية بيع وشراء وتأجير 
https://t.me/almashriqiya_NEWS

إتصال او واتس 
نواف العنزي لعقارات المشرقية
wa.me/((الرقم يظهر عند الضغط على اتصال))",24.829758,46.859026,https://images.aqar.fm/webp/750x0/props/001129693_1786793404683.jpg | https://images.aqar.fm/webp/750x0/props/001129699_1786793425897.jpg | https://images.aqar.fm/webp/750x0/props/001129693_1786793438073.jpg | https://images.aqar.fm/webp/750x0/props/001129697_1786793439015.jpg | https://images.aqar.fm/webp/750x0/props/001129697_1786793453321.jpg | https://images.aqar.fm/webp/750x0/props/001129699_1786793464396.jpg | https://images.aqar.fm/webp/750x0/props/001129691_1786793476303.jpg | https://images.aqar.fm/webp/750x0/props/001129699_1786793499630.jpg | https://images.aqar.fm/webp/750x0/props/001129696_1786793529686.jpg | https://images.aqar.fm/webp/750x0/props/001129691_1786793529757.jpg | https://images.aqar.fm/webp/750x0/props/001129699_1786793529685.jpg | https://images.aqar.fm/webp/750x0/props/001129698_1786793529705.jpg | https://images.aqar.fm/webp/750x0/props/001129698_1786793529769.jpg | https://images.aqar.fm/webp/750x0/props/001129692_1786793563685.jpg | https://images.aqar.fm/webp/750x0/props/001129698_1786793563678.jpg | https://images.aqar.fm/webp/750x0/props/001129691_1786793563996.jpg | https://images.aqar.fm/webp/750x0/props/001129692_1786793565660.jpg | https://images.aqar.fm/webp/750x0/props/001129693_1786793602323.jpg | https://images.aqar.fm/webp/750x0/props/001129698_1786793602260.jpg | https://images.aqar.fm/webp/750x0/props/001129696_1786793602904.jpg | https://images.aqar.fm/webp/750x0/props/001129692_1786793602275.jpg | https://images.aqar.fm/webp/750x0/props/001129697_1786793602226.jpg | https://images.aqar.fm/webp/750x0/props/001129691_1786793603143.jpg | https://images.aqar.fm/webp/750x0/props/001129698_1786793602867.jpg | https://images.aqar.fm/webp/750x0/props/001129692_1786793636894.jpg | https://images.aqar.fm/webp/750x0/props/001129690_1786793636891.jpg | https://images.aqar.fm/webp/750x0/props/001129696_1786793636888.jpg | https://images.aqar.fm/webp/750x0/props/001129699_1786793637274.jpg | https://images.aqar.fm/webp/750x0/props/001129695_1786793637985.jpg | https://images.aqar.fm/webp/750x0/props/001129698_1786793660673.jpg,30,نواف عبدالعزيز بن عجاج العنزي,,,2026-08-15,2026-08-15,2026-08-21,177,2026-08-23,True,"1,650,000",False,فيلا
6761614,https://sa.aqar.fm/فلل-للبيع/الرياض/شرق-الرياض/حي-الجنادرية/شارع-وادي-الطلحية-حي-الجنادرية-مدينة-الرياض-منطقة-الرياض-6761614,"فيلا للبيع في شارع وادي الطلحية, حي الجنادرية, مدينة الرياض, منطقة الرياض",1250000,342,6,5,2,0,حي الجنادرية,الرياض,شرق الرياض,$5f,24.84107,46.86945,https://images.aqar.fm/webp/750x0/props/048964203_1783318185619.jpg | https://images.aqar.fm/webp/750x0/props/048964203_1783318185621.jpg | https://images.aqar.fm/webp/750x0/props/048964206_1783318193543.jpg | https://images.aqar.fm/webp/750x0/props/048964202_1783318193537.jpg | https://images.aqar.fm/webp/750x0/props/048964200_1783318199381.jpg | https://images.aqar.fm/webp/750x0/props/048964205_1783318206220.jpg | https://images.aqar.fm/webp/750x0/props/048964208_1783318214305.jpg | https://images.aqar.fm/webp/750x0/props/048964206_1783318223886.jpg | https://images.aqar.fm/webp/750x0/props/048964205_1783318223885.jpg | https://images.aqar.fm/webp/750x0/props/048964200_1783318223868.jpg | https://images.aqar.fm/webp/750x0/props/048964205_1783318223871.jpg | https://images.aqar.fm/webp/750x0/props/048964209_1783318223873.jpg | https://images.aqar.fm/webp/750x0/props/048964202_1783318223873.jpg | https://images.aqar.fm/webp/750x0/props/048964208_1783318223871.jpg | https://images.aqar.fm/webp/750x0/props/048964207_1783318235395.jpg | https://images.aqar.fm/webp/750x0/props/048964202_1783318241691.jpg | https://images.aqar.fm/webp/750x0/props/048964206_1783318241700.jpg | https://images.aqar.fm/webp/750x0/props/048964203_1783318250111.jpg | https://images.aqar.fm/webp/750x0/props/048964204_1783318250117.jpg | https://images.aqar.fm/webp/750x0/props/048964209_1783318250111.jpg | https://images.aqar.fm/webp/750x0/props/048964202_1783318250115.jpg | https://images.aqar.fm/webp/750x0/props/048964202_1783318250110.jpg | https://images.aqar.fm/webp/750x0/props/048964208_1783318255193.jpg,23,عبدالله اليوسف,مؤسسة اثال العقارية للعقارات,1,2026-07-06,2026-07-06,2026-08-23,2204,2026-08-23,True,"1,250,000",False,فيلا
6728373,https://sa.aqar.fm/فلل-للبيع/الرياض/شرق-الرياض/حي-الجنادرية/شارع-الخضرية-حي-الجنادرية-مدينة-الرياض-منطقة-الرياض-6728373,"فيلا للبيع في شارع الخضرية, حي الجنادرية, مدينة الرياض, منطقة الرياض",950000,300,7,5,0,5,حي الجنادرية,الرياض,شرق الرياض,"🏡 دبلكس منفصل 300م - شرقي - شارع 15 

العمر / 5 سنوات 

📍الجنادرية – مشروع بوابة الشرق

🌷 نموذج السوسن

🚗 حوش يتسع لأكثر من 5 سيارات

الدور الأرضي:

مجلس | صالة كبيرة | مطبخ | غرفة كبار سن | 3 دورات مياه

الدور الأول:
جناح ماستر | غرفتان | صالة | دورة مياه

الدور الثاني:
غرفة خادمة بدورة مياه | غرفة غسيل | سطح

السعر / مليون و 100 ألف",24.900315,46.949278,https://images.aqar.fm/webp/750x0/props/035019555_1781171731553.jpg | https://images.aqar.fm/webp/750x0/props/035019550_1781171731568.jpg | https://images.aqar.fm/webp/750x0/props/035019559_1781171731553.jpg | https://images.aqar.fm/webp/750x0/props/035019554_1781171731559.jpg | https://images.aqar.fm/webp/750x0/props/035019550_1781171731553.jpg | https://images.aqar.fm/webp/750x0/props/035019551_1781171731557.jpg | https://images.aqar.fm/webp/750x0/props/035019558_1781171731554.jpg | https://images.aqar.fm/webp/750x0/props/035019552_1781171731553.jpg | https://images.aqar.fm/webp/750x0/props/035019550_1781171731555.jpg,9,محمد الدوسري,,,2026-06-11,2026-08-08,2026-08-23,685,2026-08-23,True,"950,000",False,فيلا
6767106,https://sa.aqar.fm/فلل-للبيع/الرياض/شرق-الرياض/حي-الجنادرية/شارع-9944-حي-الجنادرية-مدينة-الرياض-منطقة-الرياض-6767106,"فيلا للبيع في شارع 9944, حي الجنادرية, مدينة الرياض, منطقة الرياض",1050000,210,6,,,0,حي الجنادرية,الرياض,شرق الرياض,"👌🏻 فرصة سكنية مميزة في حي بوابة الشرق شرق الرياض 
📍موقع متطور وقريب من جميع الخدمات.

🔘( فيلا درج داخلي مع شقة) 

✏️ المساحة :220 م
💵 السعر  : مليون 50  الف قابل للتفاوض 

🏠 المواصفات: 

*  مجلس
*   مقلط 
* 5 غرف نوم  منها ماستر
* مطبخ + غرفة تخزين
* صاله كبيرة
* مدخل نساء ورجال 
 خزان وعداد مستقل 
مواصفات اخرى : * 
* مطابقة للكود السعودي. 
*  ضمان 25 سنوات.
* عمر العقار جديد.
* واجهة جنوبية 
* عرض الشارع 15
* ماء وكهرب راكب.
* قريب مرفق  حديقه +مسجد 

● تفاصيل الشقة 
. غرفتين نوم منها ماستر
* مجلس 
*  سطح واسع
* عداد مستقل 
* خزان مستقل 
* مدخل خاص مستقل

للتواصل : ‭‬ابو عبدالله 
[((الرقم يظهر عند الضغط على اتصال))]",24.899208,46.958129,https://images.aqar.fm/webp/750x0/props/004670692_1783613158554.jpg | https://images.aqar.fm/webp/750x0/props/004670695_1783613157423.jpg | https://images.aqar.fm/webp/750x0/props/004670692_1783613157653.jpg | https://images.aqar.fm/webp/750x0/props/004670693_1783613157865.jpg | https://images.aqar.fm/webp/750x0/props/004670692_1783613158040.jpg | https://images.aqar.fm/webp/750x0/props/004670692_1783613158264.jpg | https://images.aqar.fm/webp/750x0/props/004670694_1783613158655.jpg | https://images.aqar.fm/webp/750x0/props/004670694_1783613158857.jpg | https://images.aqar.fm/webp/750x0/props/004670691_1783613159082.jpg | https://images.aqar.fm/webp/750x0/props/004670698_1783613159327.jpg,10,جابر ال فهاد,شركة ركائز الروعة,1,2026-07-09,2026-08-07,2026-08-23,191,2026-08-23,True,"1,050,000",False,فيلا
6704129,https://sa.aqar.fm/فلل-للبيع/الرياض/شرق-الرياض/حي-الجنادرية/شارع-ممر77-حي-الجنادرية-مدينة-الرياض-منطقة-الرياض-6704129,"فيلا للبيع في شارع ممر77, حي الجنادرية, مدينة الرياض, منطقة الرياض",1250000,342,7,4,1,0,حي الجنادرية,الرياض,شرق الرياض,": فيلا دوبلكس درج داخلي وملحق
: مخطط المعالي الجنادرية
: جديدة ضمان ملاذ عشر سنوات علي العيوب الخفية
: الدرج الداخلي يتكون من حوش ومجلس ومقلط وصالة وغرفة كبار سن و 4 غرف نوم وغرفة خادمة",24.851178,46.863472,https://images.aqar.fm/webp/750x0/props/047933845_1779200821229.jpg | https://images.aqar.fm/webp/750x0/props/047933840_1779200821403.jpg | https://images.aqar.fm/webp/750x0/props/047933847_1779200821404.jpg | https://images.aqar.fm/webp/750x0/props/047933840_1779200821406.jpg | https://images.aqar.fm/webp/750x0/props/047933842_1779200821443.jpg | https://images.aqar.fm/webp/750x0/props/047933843_1779200821620.jpg | https://images.aqar.fm/webp/750x0/props/047933846_1779200821642.jpg | https://images.aqar.fm/webp/750x0/props/047933847_1779200821665.jpg | https://images.aqar.fm/webp/750x0/props/047933840_1779200821688.jpg | https://images.aqar.fm/webp/750x0/props/047933840_1779200821704.jpg | https://images.aqar.fm/webp/750x0/props/047933841_1779200821857.jpg | https://images.aqar.fm/webp/750x0/props/047933841_1779200821879.jpg | https://images.aqar.fm/webp/750x0/props/047933842_1779200822051.jpg | https://images.aqar.fm/webp/750x0/props/047933843_1779200822062.jpg | https://images.aqar.fm/webp/750x0/props/047933845_1779200821229.jpg | https://images.aqar.fm/webp/750x0/props/047933840_1779200821403.jpg | https://images.aqar.fm/webp/750x0/props/047933847_1779200821404.jpg | https://images.aqar.fm/webp/750x0/props/047933840_1779200821406.jpg | https://images.aqar.fm/webp/750x0/props/047933842_1779200821443.jpg | https://images.aqar.fm/webp/750x0/props/047933843_1779200821620.jpg | https://images.aqar.fm/webp/750x0/props/047933846_1779200821642.jpg | https://images.aqar.fm/webp/750x0/props/047933847_1779200821665.jpg | https://images.aqar.fm/webp/750x0/props/047933840_1779200821688.jpg | https://images.aqar.fm/webp/750x0/props/047933840_1779200821704.jpg | https://images.aqar.fm/webp/750x0/props/047933841_1779200821857.jpg | https://images.aqar.fm/webp/750x0/props/047933841_1779200821879.jpg | https://images.aqar.fm/webp/750x0/props/047933842_1779200822051.jpg | https://images.aqar.fm/webp/750x0/props/047933843_1779200822062.jpg | https://images.aqar.fm/webp/750x0/props/046664108_1782937509383.jpg,29,مطني الشمري,مؤسسة عبر التواصل للعقارات,1,2026-05-19,2026-08-15,2026-08-23,307,2026-08-23,True,"1,250,000",False,فيلا
6481314,https://sa.aqar.fm/فلل-للبيع/الرياض/شرق-الرياض/حي-الجنادرية/شارع-جبل-الخرب-حي-الجنادرية-مدينة-الرياض-منطقة-الرياض-6481314,"فيلا للبيع في شارع جبل الخرب, حي الجنادرية, مدينة الرياض, منطقة الرياض",1600000,451,,5,5,0,حي الجنادرية,الرياض,شرق الرياض,"الـسـلام عـلـيـكم ورحـمـة الله وبركــاتــه
للبيــــــــع
———————
دور فيلا درج داخلي 
زاويه امام مرافق
ب شقه
في حي الجنادريه
————————-
مواصفاتها :
* عليها شهادة اتمام البناء
* يوجد عليها ضمانات العزل
* يوجد تأمين ملاذ ضد العيوب الخفيه
*مسجد قريب
تتكون:
* مجلس داخلي
* مقلط ضيافه
* صاله واسعه
* مجلس نساء
* ⁠مطبخ بمستودع
* ⁠غرفة نوم ماستر
* ⁠غرفة نوم ماستر
* ⁠غرفة نوم
* ⁠غرفة نوم
* ⁠غرفة خادمه
* ⁠سطح ١
* ⁠دورة مياه ٦
—————————-
الشقه تتكون من :

* مجلس 
* صاله واسعه
* ⁠مطبخ 
* ⁠غرفة نوم 
* ⁠غرفة نوم 
* ⁠دورة مياه ٣

** السعر  ١،٦٠٠،٠٠٠ 
** رقم رخصة الوساطه 1100270266
** ل الاستفسار ((رقم المعلن يظهر عند التواصل))",24.825504,46.885385,https://images.aqar.fm/webp/750x0/props/020063773_1764097676444.jpg | https://images.aqar.fm/webp/750x0/props/020063774_1764097676420.jpg | https://images.aqar.fm/webp/750x0/props/020063779_1764097676421.jpg | https://images.aqar.fm/webp/750x0/props/020063779_1764097676447.jpg | https://images.aqar.fm/webp/750x0/props/020063774_1764097676465.jpg | https://images.aqar.fm/webp/750x0/props/020063770_1764097676446.jpg | https://images.aqar.fm/webp/750x0/props/020063771_1764097676442.jpg | https://images.aqar.fm/webp/750x0/props/020063779_1764097676446.jpg | https://images.aqar.fm/webp/750x0/props/020063775_1764097775498.jpg | https://images.aqar.fm/webp/750x0/props/020063775_1764097775502.jpg | https://images.aqar.fm/webp/750x0/props/020063777_1764097775480.jpg | https://images.aqar.fm/webp/750x0/props/020063770_1764097775520.jpg | https://images.aqar.fm/webp/750x0/props/020063774_1764097775525.jpg | https://images.aqar.fm/webp/750x0/props/020063778_1764097775513.jpg | https://images.aqar.fm/webp/750x0/props/020063777_1764097775514.jpg | https://images.aqar.fm/webp/750x0/props/020063777_1764097775512.jpg | https://images.aqar.fm/webp/750x0/props/020063772_1764097792314.jpg | https://images.aqar.fm/webp/750x0/props/020063778_1764097792327.jpg | https://images.aqar.fm/webp/750x0/props/020063774_1764097792323.jpg | https://images.aqar.fm/webp/750x0/props/020063777_1764097792320.jpg,20,سلطان سفر مسفر المطيري,,,2025-11-25,2025-11-25,2026-08-01,3669,2026-08-23,True,"1,600,000",False,فيلا
6418327,https://sa.aqar.fm/فلل-للبيع/الرياض/شرق-الرياض/حي-الجنادرية/شارع-رقم-121-حي-الجنادرية-مدينة-الرياض-منطقة-الرياض-6418327,"فيلا للبيع في شارع رقم 121, حي الجنادرية, مدينة الرياض, منطقة الرياض",1100000,192,4,,,0,حي الجنادرية,الرياض,شرق الرياض,"للتواصل ((رقم المعلن يظهر عند التواصل))

حي الجنادرية 
تاون هاوس علوي درج داخلي 
تصميم مميز",24.847015,46.886399,https://images.aqar.fm/webp/750x0/props/042914509_1764494081690.jpg | https://images.aqar.fm/webp/750x0/props/042914500_1764494093527.jpg | https://images.aqar.fm/webp/750x0/props/042914502_1764494093536.jpg | https://images.aqar.fm/webp/750x0/props/042914506_1764494093545.jpg | https://images.aqar.fm/webp/750x0/props/042914506_1764494093559.jpg | https://images.aqar.fm/webp/750x0/props/042914500_1764494093587.jpg | https://images.aqar.fm/webp/750x0/props/042914500_1764494093599.jpg | https://images.aqar.fm/webp/750x0/props/042914504_1764494093603.jpg,8,ماجد البقمي,,0,2025-10-11,2025-10-11,2026-08-18,336,2026-08-23,True,"1,100,000",False,فيلا
6584772,https://sa.aqar.fm/فلل-للبيع/الرياض/شرق-الرياض/حي-الجنادرية/شارع-رقم-206-حي-الجنادرية-مدينة-الرياض-منطقة-الرياض-6584772,"فيلا للبيع في شارع رقم 206, حي الجنادرية, مدينة الرياض, منطقة الرياض",850000,171,3,5,1,0,حي الجنادرية,الرياض,شرق الرياض,"للبيع تاون هاوس علوي في الرياض حي الجنادرية – عرض رقم H1172

المواصفات:
- المساحة 200 متر
- الطابق الأول (مجلس + صالة + مطبخ + 2 حمام)
- الطابق الثاني (3 غرف نوم ماستر + صالة صغيرة + سطح)

المميزات:
- موقع مميز في مدينة الرياض
- قريب من جميع الخدمات والطرق الرئيسية
- عقار جديد
- تشطيب سوبر لوكس
- أرضيات سيراميك
- سقف جببس مع لمبات إضاءة LED
- الكهرباء مستقلة

السعر: 
850,000رريال

رقم العرض: H1172
-----------------
الـــفـــريـــح للــــعـــقـــارات",24.848232,46.865663,https://images.aqar.fm/webp/750x0/props/044628567_1753612482450.jpg | https://images.aqar.fm/webp/750x0/props/044628565_1753612482430.jpg | https://images.aqar.fm/webp/750x0/props/044628561_1753612482427.jpg | https://images.aqar.fm/webp/750x0/props/044628562_1753612482435.jpg | https://images.aqar.fm/webp/750x0/props/044628566_1753612482546.jpg | https://images.aqar.fm/webp/750x0/props/044628560_1753612483161.jpg | https://images.aqar.fm/webp/750x0/props/044628563_1753612482423.jpg | https://images.aqar.fm/webp/750x0/props/044628568_1753612484623.jpg | https://images.aqar.fm/webp/750x0/props/044628566_1753612484623.jpg | https://images.aqar.fm/webp/750x0/props/044628569_1753612484680.jpg | https://images.aqar.fm/webp/750x0/props/044628568_1753612484663.jpg | https://images.aqar.fm/webp/750x0/props/044628566_1753612484769.jpg | https://images.aqar.fm/webp/750x0/props/044628568_1753612484622.jpg | https://images.aqar.fm/webp/750x0/props/044628562_1753612484590.jpg,14,ريماز مشعل فريح المطيري,مكتب ريماز مشعل فريح المطيري للعقارات,1,2026-02-10,2026-08-17,2026-08-20,799,2026-08-23,True,"850,000",False,فيلا
6692551,https://sa.aqar.fm/فلل-للبيع/الرياض/شرق-الرياض/حي-الجنادرية/شارع-رقم-165-حي-الجنادرية-مدينة-الرياض-منطقة-الرياض-6692551,"فيلا للبيع في شارع رقم 165, حي الجنادرية, مدينة الرياض, منطقة الرياض",1050000,337,,5,3,0,حي الجنادرية,الرياض,شرق الرياض,"للبيع فلتين 
 دبلكس  حي الجنادريه مساحة  كل فله
 200متر 
شارع 15شرقي 
دور ارضي  مجلس ومقلط وصاله ودورتين مياه  
الدور الثاني 4غرف نوم غرفتين مستر وصاله 
وشقه دور ثالث
الهملان  للعقارات 
0507806010",24.848793,46.862979,https://images.aqar.fm/webp/750x0/props/052322568_1778517237923.jpg | https://images.aqar.fm/webp/750x0/props/052322568_1778517237923.jpg,2,حسين مفرح بن ناهض,شركة مفرح ناهض الهملان العقارية,1,2026-05-11,2026-08-07,2026-08-07,996,2026-08-23,True,"1,050,000",False,فيلا
6758971,https://sa.aqar.fm/فلل-للبيع/الرياض/شرق-الرياض/حي-الجنادرية/شارع-عمر-بن-الحبيب-حي-الجنادرية-مدينة-الرياض-منطقة-الرياض-6758971,"فيلا للبيع في شارع عمر بن الحبيب, حي الجنادرية, مدينة الرياض, منطقة الرياض",1350000,277,,6,2,0,حي الجنادرية,الرياض,شرق الرياض,"🏠 فيلا درج داخلي + شقة للبيع | عروض الفريح العقارية
📍 الموقع: شرق الرياض (حي الجنادرية) - موقع مميز وقريب من كافة الخدمات والطرق الرئيسية.

📐 المساحة: 278 متر | الواجهة: غربية | المداخل: مدخلين مستقلين.

✨ الحالة: جديدة تماماً (تشطيب سوبر لوكس).

🛋️ توزيع المساحات الداخلي:
الفيلا (الدور الأرضي): مشب + مجلس + مقلط + صالة واسعة + غرفة كبار سن + مطبخ + غرفة عاملة + 2 حمام.

الفيلا (الدور الأول): 4 غرف نوم (منها 2 أجنحة ماستر) + 2 حمام.

الشقة الملحقة: 2 غرف نوم + صالة + مطبخ + 2 حمام (مثالية للاستثمار أو السكن).

💰 السعر الإجمالي: 1,350,000 ريال سعودي.

📌 رقم العرض: 2010 H

🔑 الفريح للعقارات | خيارك الأول والموثوق في عالم العقار والاستثمار",24.848864,46.901661,https://images.aqar.fm/webp/750x0/props/044628560_1783165514595.jpg | https://images.aqar.fm/webp/750x0/props/044628568_1783165514586.jpg | https://images.aqar.fm/webp/750x0/props/044628564_1783165514598.jpg | https://images.aqar.fm/webp/750x0/props/044628560_1783165514606.jpg | https://images.aqar.fm/webp/750x0/props/044628565_1783165514597.jpg | https://images.aqar.fm/webp/750x0/props/044628568_1783165514591.jpg | https://images.aqar.fm/webp/750x0/props/044628566_1783165514620.jpg | https://images.aqar.fm/webp/750x0/props/044628560_1783165514613.jpg | https://images.aqar.fm/webp/750x0/props/044628567_1783165514622.jpg | https://images.aqar.fm/webp/750x0/props/044628565_1783165514613.jpg | https://images.aqar.fm/webp/750x0/props/044628562_1783165514687.jpg | https://images.aqar.fm/webp/750x0/props/044628564_1783165514630.jpg | https://images.aqar.fm/webp/750x0/props/044628565_1783165514631.jpg | https://images.aqar.fm/webp/750x0/props/044628567_1783165514635.jpg | https://images.aqar.fm/webp/750x0/props/044628566_1783165514628.jpg | https://images.aqar.fm/webp/750x0/props/044628566_1783165514652.jpg | https://images.aqar.fm/webp/750x0/props/044628565_1783165514635.jpg | https://images.aqar.fm/webp/750x0/props/044628569_1783165514636.jpg | https://images.aqar.fm/webp/750x0/props/044628569_1783165514643.jpg | https://images.aqar.fm/webp/750x0/props/044628569_1783165514639.jpg | https://images.aqar.fm/webp/750x0/props/044628562_1783165514820.jpg | https://images.aqar.fm/webp/750x0/props/044628563_1783165514783.jpg | https://images.aqar.fm/webp/750x0/props/044628564_1783165514642.jpg | https://images.aqar.fm/webp/750x0/props/044628560_1783165514794.jpg | https://images.aqar.fm/webp/750x0/props/044628564_1783165514590.jpg | https://images.aqar.fm/webp/750x0/props/044628564_1783165514824.jpg,26,ريماز مشعل فريح المطيري,مكتب ريماز مشعل فريح المطيري للعقارات,1,2026-07-04,2026-08-02,2026-08-20,116,2026-08-23,True,"1,350,000",False,فيلا
6702779,https://sa.aqar.fm/فلل-للبيع/الرياض/شرق-الرياض/حي-الجنادرية/شارع-591-الجنادرية-حي-الجنادرية-مدينة-الرياض-منطقة-الرياض-6702779,"فيلا للبيع في شارع 591 الجنادرية, حي الجنادرية, مدينة الرياض, منطقة الرياض",950000,242,4,5,2,0,حي الجنادرية,الرياض,شرق الرياض,"تاون هاوس
حي الجنادرية

🏡 تاون هاوس للبيع
📐 المساحة: 205 م²
💰 السعر: 950,000 ريال

التفاصيل:
• مدخل مستقل + حوش خاص بموقف سيارة
• مجلس رجال رسمي + مقلط + دورة مياه
• صالة بمساحة كبيرة + مجلس نساء + دورة مياه
• مطبخ واسع + حوش خلفي
• قسم خاص للخادمة (غسيل + غرفة نوم + دورة مياه)
• الدور الأول عبارة عن 3 غرف نوم ماستر (بدورات مياه)

✨ تصميم عملي ومساحات واسعة تناسب العائلات",24.847276,46.896387,https://images.aqar.fm/webp/750x0/props/043266526_1779123026641.jpg | https://images.aqar.fm/webp/750x0/props/043266523_1779123033197.jpg | https://images.aqar.fm/webp/750x0/props/043266523_1779123039493.jpg | https://images.aqar.fm/webp/750x0/props/043266521_1779123045980.jpg | https://images.aqar.fm/webp/750x0/props/043266524_1779123055083.jpg | https://images.aqar.fm/webp/750x0/props/043266522_1779123061258.jpg | https://images.aqar.fm/webp/750x0/props/043266521_1779123067732.jpg | https://images.aqar.fm/webp/750x0/props/043266527_1779123074135.jpg | https://images.aqar.fm/webp/750x0/props/043266522_1779123080835.jpg | https://images.aqar.fm/webp/750x0/props/043266521_1779123086314.jpg | https://images.aqar.fm/webp/750x0/props/043266528_1779123093638.jpg | https://images.aqar.fm/webp/750x0/props/043266527_1779123099288.jpg | https://images.aqar.fm/webp/750x0/props/043266527_1779123099281.jpg,13,علي القحطاني,مؤسسة نود ريل إستيت,1,2026-05-18,2026-08-15,2026-08-21,527,2026-08-23,True,"950,000",False,فيلا
6747971,https://sa.aqar.fm/فلل-للبيع/الرياض/شرق-الرياض/حي-الجنادرية/شارع-رقم-38-حي-الجنادرية-مدينة-الرياض-منطقة-الرياض-6747971,"فيلا للبيع في شارع رقم 38, حي الجنادرية, مدينة الرياض, منطقة الرياض",1900000,310,7,4,2,0,حي الجنادرية,الرياض,شرق الرياض,"✨ فيلا فاخرة للبيع – حي الجنادرية ✨

📍 الموقع المميز: خلف شارع الشيخ خليفة، بجوار مسجد، على ممر مفتوح بحرف (T).
📐 المساحة: 310 م²

🏡 تفاصيل الفيلا:

🔹 الدور الأرضي:
• مجلس رجال
• مقلط
• صالة واسعة
• مطبخ
• غرفة غسيل
• دورتا مياه
• تأسيس مصعد

🔹 الدور الأول:
• غرفة نوم ماستر
• 3 غرف نوم
• دورتا مياه
• صالة
• بلكونتان
• درج داخلي

🔹 الدور الثاني:
• غرفتان
• دورة مياه
• سطح واسع

🔹 الملحق الخارجي:
• غرفة خادمة مستقلة بالحوش

💎 مميزات العقار:
✔ بناء شخصي
✔ تشطيبات راقية
✔ سباكة ألمانية
✔ عزل حراري متكامل
✔ دهانات داخلية جوتن
✔ دهانات خارجية بروفايل عسيب
✔ تأمين ضد العيوب الخفية
✔ شهادة إتمام بناء

ملاحظة المكيفات راكبة

📍 رابط الموقع:
https://maps.google.com/?q=24.812777,46.871304

📞 للتواصل:
محمد: ((الرقم يظهر عند الضغط على اتصال))
أبو ناصر: ((الرقم يظهر عند الضغط على اتصال))
أبو محمد: ((الرقم يظهر عند الضغط على اتصال))

🏢 الروابط العقارية
📍 المونسية – طريق الصحابة",24.812832,46.871177,https://images.aqar.fm/webp/750x0/props/052403253_1782404543812.jpg,1,رضا المازني,مؤسسة الروابط العقارية,1,2026-06-25,2026-07-24,2026-08-19,311,2026-08-23,True,"1,900,000",False,فيلا
6772579,https://sa.aqar.fm/فلل-للبيع/الرياض/شرق-الرياض/حي-الجنادرية/شارع-الضياء-حي-الجنادرية-مدينة-الرياض-منطقة-الرياض-6772579,"فيلا للبيع في شارع الضياء, حي الجنادرية, مدينة الرياض, منطقة الرياض",1900000,360,,5,3,0,حي الجنادرية,الرياض,شرق الرياض,"السلام عليكم 
نرحب بالجميع

٣ ادوار مفصوله في حي الجنادرية غصون مساحة 360م شارع 15م شرقي

التفاصيل:

الأرضي (مدخلين): مدخل خارجي خاص + بايكه 
—————
مجلس
مقلط/صالة طعام
صاله كبيره 
مطبخ كبير 
غرفة نوم رئيسيه بحمام خاص
غرفتين حجمها ممتاز 
٣ حمامات (يشمل غرفة النوم الرئيسية)
غرفة خادمه بدورة مياه

الدور الاول: 
———— 
نفس مواصفات الأرضي (مدخل خاص+بايكه) 
 الدور الثاني
——————-
 (الملحق) مدخل خاص وسيع بدون بايكه +مصعد)
تشطيب فاخر ماشاءالله 

البيع بالكامل او كل دور لحاله 

التفصيل ممتاز جداً واستغلال مساحات بشكل احترافي 
وتشطيب مودرن مع المحافظة على خصوصية كل دور على حده
كل دور مدخل منفصل وعدادات كهرباء منفصله 

جميع الضمانات موجوده
الاسعار مناسبه جداً  نسبتاً للمساحه لكل دور ماشاءالله 

الموقع دقيق وصحيح

للمفاهمه ومعاينة العقار  اتصال او واتساب ٢٤ ساعه 
ابو ناصر 
📞 / ((الرقم يظهر عند الضغط على اتصال))",24.852202,46.900932,https://images.aqar.fm/webp/750x0/props/015269377_1784319216479.jpg | https://images.aqar.fm/webp/750x0/props/015269374_1784319252015.jpg | https://images.aqar.fm/webp/750x0/props/015269371_1784319252078.jpg | https://images.aqar.fm/webp/750x0/props/015269379_1784319252104.jpg | https://images.aqar.fm/webp/750x0/props/015269373_1784319252055.jpg | https://images.aqar.fm/webp/750x0/props/015269370_1784319252107.jpg | https://images.aqar.fm/webp/750x0/props/015269374_1784319252121.jpg | https://images.aqar.fm/webp/750x0/props/015269374_1784319252128.jpg | https://images.aqar.fm/webp/750x0/props/015269371_1784319252120.jpg,9,ناصر مشهور,مكتب زهرة المشارق للعقارات,1,2026-07-13,2026-08-12,2026-08-18,223,2026-08-23,True,"1,900,000",False,فيلا
6603734,https://sa.aqar.fm/فلل-للبيع/الرياض/شرق-الرياض/حي-الجنادرية/شارع-1478-حي-الجنادرية-مدينة-الرياض-منطقة-الرياض-6603734,"فيلا للبيع في شارع 1478, حي الجنادرية, مدينة الرياض, منطقة الرياض",980000,300,6,3,2,2,حي الجنادرية,الرياض,شرق الرياض,"فيلا درج داخلى 
مخطط بوابه الشرق 
المساحه ٣٠٠ 
مستخدمه ٤ سنوات 

نظام الكود السعودي 
🔸ضمان علي الهيكل الانسائي عشرسنوات(تامين ملاذ)
🔸عزل مائي لدورات المياه ضمان 10 سنوات
🔸عزل حراري فوم ضمان 10 سنوات
🔸شهادة اشراف هندسي من مكتب معتمد
🔸درايش دبل قلاس كامل المبنى
🔸 حديد التسليح من شركة سابك 
🔸 الخرسانات بمب .
🔸ضمانات الكهرباء على جميع الكيابل والاسلاك والافياش والقواطع الفنار ٢٥ سنه والسخانات 
🔸ضمانات السباكة على الأنابيب الخضراء .
🔸عزل الخزان الارضي عزل مائي
🔸ضمان على البوابة الخارجية  ( عامين )
🔸ضمان على الخزان العلوي ( الزامل عامين )
🔸البلاط الداخلي بورسلين
🔸الخزانات مستقله 
🔸عداد الكهرباء مستقل راكب
🔸عداد المياه راكب مستقل 
للتواصل:((رقم المعلن يظهر عند التواصل))",24.822758,46.858272,https://images.aqar.fm/webp/750x0/props/049095580_1771967196258.jpg | https://images.aqar.fm/webp/750x0/props/049095589_1771967196239.jpg | https://images.aqar.fm/webp/750x0/props/049095588_1771967196230.jpg | https://images.aqar.fm/webp/750x0/props/049095586_1771967196255.jpg | https://images.aqar.fm/webp/750x0/props/049095589_1771967196252.jpg | https://images.aqar.fm/webp/750x0/props/049095589_1771967196243.jpg | https://images.aqar.fm/webp/750x0/props/049095584_1771967196229.jpg | https://images.aqar.fm/webp/750x0/props/049095584_1771967196290.jpg | https://images.aqar.fm/webp/750x0/props/049095585_1771967211341.jpg | https://images.aqar.fm/webp/750x0/props/049095583_1771967211340.jpg | https://images.aqar.fm/webp/750x0/props/049095586_1771967211342.jpg | https://images.aqar.fm/webp/750x0/props/049095587_1771967220292.jpg,12,عبدالله اليوسف,مؤسسة اثال العقارية للعقارات,1,2026-02-24,2026-08-18,2026-08-23,3086,2026-08-23,True,"980,000",False,فيلا
6834469,https://sa.aqar.fm/فلل-للبيع/الرياض/شرق-الرياض/حي-الجنادرية/شارع-رقم-46-حي-الجنادرية-مدينة-الرياض-منطقة-الرياض-6834469,"فيلا للبيع في شارع رقم 46, حي الجنادرية, مدينة الرياض, منطقة الرياض",1300000,300,,,,11,حي الجنادرية,الرياض,شرق الرياض,"فيلا درج داخلي 
مساحه 300   عرض 12وطول 25     شارع 15 شمالي درج داخلي بدون شقق  عليه رهن بنك العربي 700 الف العمر 22 سنه",24.81114,46.870991,https://images.aqar.fm/webp/750x0/props/051348511_1787330665605.jpg,1,مازن بن عبيد بن دبيس الرشيدي,مكتب علو المقام للخدمات العقاريه,1,2026-08-21,2026-08-21,2026-08-22,102,2026-08-23,True,"1,300,000",False,فيلا
6770414,https://sa.aqar.fm/فلل-للبيع/الرياض/شرق-الرياض/حي-الجنادرية/شارع-رقم-82-حي-الجنادرية-مدينة-الرياض-منطقة-الرياض-6770414,"فيلا للبيع في شارع رقم 82, حي الجنادرية, مدينة الرياض, منطقة الرياض",1850000,540,6,0,0,11,حي الجنادرية,الرياض,شرق الرياض,"🏡 فرصة مميزة لامتلاك فيلا بحي الشروق

✨ فيلا مستقلة + شقة علوية مستقلة
📍 الموقع: حي الشروق
📐 شارع 15 متر جنوبي
🏠 عمر العقار: 18 سنة

مواصفات الفيلا:
▪️ مجلس واسع
▪️ ملحق خارجي
▪️ مطبخ
▪️ صالة معيشة
▪️ 3 غرف نوم
▪️ 3 دورات مياه
▪️ مساحة البناء للدور الأرضي: 350م²

المميزات الإضافية:
✅ شقة علوية مستقلة توفر دخلاً إضافيًا أو مناسبة للعائلة.
✅ موقع مميز في حي هادئ وقريب من الخدمات.

💳 يوجد رهن قائم لدى البنك بقيمة 120,000 ريال، ويتم إفراغ العقار بعد سداد الرهن حسب الإجراءات النظامية.

📞 للتواصل والاستفسار وحجز موعد للمعاينة:
050589308",24.831188,46.887937,https://images.aqar.fm/webp/750x0/props/000467546_1783877020979.jpg | https://images.aqar.fm/webp/750x0/props/000467541_1784223762265.jpg,2,مسدر عبدالله خلف السبيعي,مؤسسة مسدر عبدالله خلف السبيعي العقارية,1,2026-07-12,2026-08-10,2026-08-10,682,2026-08-23,True,"1,850,000",False,فيلا
6419155,https://sa.aqar.fm/فلل-للبيع/الرياض/شرق-الرياض/حي-الجنادرية/شارع-رقم-162-حي-الجنادرية-مدينة-الرياض-منطقة-الرياض-6419155,"فيلا للبيع في شارع رقم 162, حي الجنادرية, مدينة الرياض, منطقة الرياض",2200000,380,5,,,0,حي الجنادرية,الرياض,شرق الرياض,"للتواصل ((رقم المعلن يظهر عند التواصل))

حي الجنادرية مخطط غصون 
فيلا دراج داخلي بشقتين على زاوية 
تصميم مميز",24.848574,46.890083,https://images.aqar.fm/webp/750x0/props/042914504_1763685702706.jpg | https://images.aqar.fm/webp/750x0/props/042914503_1763685714919.jpg | https://images.aqar.fm/webp/750x0/props/042914501_1763685715014.jpg | https://images.aqar.fm/webp/750x0/props/042914505_1763685714984.jpg | https://images.aqar.fm/webp/750x0/props/042914500_1763685714990.jpg | https://images.aqar.fm/webp/750x0/props/042914502_1763685715120.jpg | https://images.aqar.fm/webp/750x0/props/042914505_1763685715025.jpg | https://images.aqar.fm/webp/750x0/props/042914509_1763685715093.jpg | https://images.aqar.fm/webp/750x0/props/042914501_1763685715054.jpg,9,ماجد البقمي,,0,2025-10-11,2025-10-11,2026-08-18,482,2026-08-23,True,"2,200,000",False,فيلا
6792543,https://sa.aqar.fm/فلل-للبيع/الرياض/شرق-الرياض/حي-الجنادرية/شارع-رقم-167-حي-الجنادرية-الرياض-منطقة-الرياض-6792543,"فيلا للبيع في شارع رقم 167, حي الجنادرية, مدينة الرياض, منطقة الرياض",1350000,381,7,4,1,0,حي الجنادرية,الرياض,شرق الرياض,"التفاصيل 
فيلا في الرياض حي الجنادية الاتجاه شرقي  الفيلا تتكون من 
فيلا درج داخلي + شقه مستقله 
 عداد ماء وكهرباء مستقل والشقة عدادات كهرباء مستقل

الدور الارضي مجلس + مقلط+ صاله+ مطبخ وغرفه غسيل ودورتين مياه

الدور الثاني 4 غرف نوم 2 ماستر و2 مشتركه ثلاث دورات مياه

وبالامكان دخول النساء في حال وجود ضيوف من باب الشقه من تحت الدرج الجانبي 

الشقه في الدور الثالث مدخلها مستقل من الخارج 
و تتكون من مدخلين مدخلً للشقه ومدخل للمجلس 
تتكون من غرفتين نوم ومطبخ ومجلس ودورتين مياه وسطح 

مساحه الفيلا 200 متر مسطح الفيلا حوالي 450 
تامين التعاونيه 10 سنوات
عزل ضمان 15 سنه



البيع مليون و350 الف  الفيلا شامل الشقه",24.849941,46.862378,https://images.aqar.fm/webp/750x0/props/044922639_1785181631380.jpg | https://images.aqar.fm/webp/750x0/props/044922637_1785181650359.jpg | https://images.aqar.fm/webp/750x0/props/044922637_1785181661792.jpg | https://images.aqar.fm/webp/750x0/props/044922636_1785181672249.jpg | https://images.aqar.fm/webp/750x0/props/044922631_1785181686026.jpg | https://images.aqar.fm/webp/750x0/props/044922630_1785181725296.jpg | https://images.aqar.fm/webp/750x0/props/044922636_1785181765940.jpg | https://images.aqar.fm/webp/750x0/props/044922631_1785181781624.jpg | https://images.aqar.fm/webp/750x0/props/044922631_1785181812564.jpg | https://images.aqar.fm/webp/750x0/props/044922633_1785181846862.jpg,10,سليمان مثيب نماء المطيري,,,2026-07-27,2026-07-28,2026-08-23,436,2026-08-23,True,"1,350,000",False,فيلا
6557075,https://sa.aqar.fm/فلل-للبيع/الرياض/شرق-الرياض/حي-الجنادرية/شارع-رقم-123-حي-الجنادرية-مدينة-الرياض-منطقة-الرياض-6557075,"فيلا للبيع في شارع رقم 123, حي الجنادرية, مدينة الرياض, منطقة الرياض",1800000,360,,5,5,6,حي الجنادرية,الرياض,شرق الرياض,"فله للبيع في حي الجنادريه
( المعالي الجديد)
المساحه ٣٦٠
دور + ثلاث شقق
شارع ٢٥ واجهه غربيه
مقابل مرفق حكومي
يوجد شهادة اشغال
يوجد وخصة بناء

 مساحة 360 متر 

 دور + ٣ شقق 

٣ عدادات كهرباء
 
شـارع ٢٥ متر   

عمر العقار 6 سنوات  

الدور الارضي :
٤ غرف نوم + مجلس + مقلط + صالة
 + ٤ دورات مياة + مطبخ + مشب + مدخل سيارة + حوش 

+ 
٣ شقق كل شقة : 
غرفتين نوم + مجلس + صالة + مطبخ + دورتين مياة + مدخلين


 مطلوب للبنك 

بنك الرياض 850 الف 

السعر  : مليون 800 الف

‎      🔶 وسيط عقاري معتمد : الشوامـخ الأولـى  🔶 

‎🔶 🔷  نستـقبـل عروضـكم العقارية ونسـوقهـا 🔷 🔶

0.5 5 5 8 7 5 6 8 6 📲
0.5 3 0 1 4 0 9 9 9 📲",24.847054,46.887397,https://images.aqar.fm/webp/750x0/props/004758231_1769030079932.jpg | https://images.aqar.fm/webp/750x0/props/004758238_1769030099558.jpg,2,هديه عوض,مؤسسة الشوامخ الاولى للخدمات العقارية,1,2026-01-21,2026-03-03,2026-08-13,1460,2026-08-23,True,"1,800,000",False,فيلا
6391456,https://sa.aqar.fm/فلل-للبيع/الرياض/شرق-الرياض/حي-الجنادرية/حي-الجنادرية-مدينة-الرياض-منطقة-الرياض-6391456,"فيلا للبيع في حي الجنادرية, مدينة الرياض, منطقة الرياض",3850,300,7,3,2,0,حي الجنادرية,الرياض,شرق الرياض,"للبيع فيلا بمخطط بوابة الشرق
* موقع مميز وواجهة على شارعين
* المساحة: 300 م²
 على شارعين 15م (جنوبي + 15 شمالي)

مواصفات الفيلا:
	•	مدخل سيارة + حوش واسع
	•	درج داخلي أنيق
	•	الدور الأرضي: مجلس رجال + مقلط + 2 دورات مياه + صالة عائلية + مطبخ
•	الدور الأول: غرف نوم مريحة
	•	الدور الثاني: غرفة + حمام + سطح كبير
* السعر: 1,100,000 ريال

رقم الترخيص الإعلاني: 7200687919
شركة سمة الوسيط العقارية
للتواصل
((رقم المعلن يظهر عند التواصل)) – ((رقم المعلن يظهر عند التواصل))",24.903841,46.936849,https://images.aqar.fm/webp/750x0/props/028564764_1758424951339.jpg,1,أحمد بن سعد بن معتق,شركة سمة الوسيط العقارية,1,2025-09-21,2025-09-21,2026-08-19,1639,2026-08-23,True,"3,850",False,فيلا
6789672,https://sa.aqar.fm/فلل-للبيع/الرياض/شرق-الرياض/حي-الجنادرية/شارع-رقم-206-حي-الجنادرية-مدينة-الرياض-منطقة-الرياض-6789672,"فيلا للبيع في شارع رقم 206, حي الجنادرية, مدينة الرياض, منطقة الرياض",850000,165,4,,,0,حي الجنادرية,الرياض,شرق الرياض,$5b,24.848149,46.86567,https://images.aqar.fm/webp/750x0/props/048745607_1784993440163.jpg | https://images.aqar.fm/webp/750x0/props/048745600_1784993440161.jpg | https://images.aqar.fm/webp/750x0/props/048745609_1784993440162.jpg | https://images.aqar.fm/webp/750x0/props/048745603_1784993440160.jpg | https://images.aqar.fm/webp/750x0/props/048745608_1784993440173.jpg | https://images.aqar.fm/webp/750x0/props/048745602_1784993440230.jpg | https://images.aqar.fm/webp/750x0/props/048745607_1784993440175.jpg | https://images.aqar.fm/webp/750x0/props/048745607_1784993440226.jpg,8,فارس حمود,شركة أضواء الروابي المحدودة,1,2026-07-25,2026-07-25,2026-08-20,201,2026-08-23,True,"850,000",False,فيلا
6783468,https://sa.aqar.fm/فلل-للبيع/الرياض/شرق-الرياض/حي-الجنادرية/حي-الجنادرية-مدينة-الرياض-منطقة-الرياض-6783468,"فيلا للبيع في حي الجنادرية, مدينة الرياض, منطقة الرياض",900000,300,5,5,1,4,حي الجنادرية,الرياض,شرق الرياض,"البيع ٩٠٠ الف 
الرهن ٧٢٠ البنك الأهلي 
البيع كاش فقط 

مشروع بوابه الشرق فله نموذج توليب ، قريبة من الحضانه والمسجد ، بالقرب من كلية نايف للعلوم الامنيه حي الجنادرية
قريب من طريق الدمام وطريق خريص 
مواصفات الفله 
مساحة 300 م فلة دوبلكس شارع 15 ، الارضي حوش كبير  ومقلط ومجلس وصالتين مفتوحه ع بعض ، 3 دورات مياه ، مطبخ مفتوح على الصاله ، الطابق الاول 3 غرف بحمام مشترك بالاضافه الى غرفة ماستر
الطابق الثاني غرفه خادمه مع دوره مياة بالاضافه الى غرفة غسيل بالاضافه الى مساحه كبيره من السطح
يوجد مدخل سيازك
لايوجد غرفة سائق / لاكن مساحة الحوش يمدي لوضع غرفه 
ماء كهرب متوفر 
لايوجد اثاث 
لايوجد مكيفات 
لايوجد مطبخ راكب
لايوجد شقق في الفله",24.902367,46.941841,https://images.aqar.fm/webp/750x0/props/032314702_1784622011912.jpg,1,فايز الاحمري,شركة السهم الفضي للعقارات,1,2026-07-21,2026-08-19,2026-08-19,354,2026-08-23,True,"900,000",False,فيلا
6668484,https://sa.aqar.fm/فلل-للبيع/الرياض/شرق-الرياض/حي-الجنادرية/شارع-رقم-99-حي-الجنادرية-مدينة-الرياض-منطقة-الرياض-6668484,"فيلا للبيع في شارع رقم 99, حي الجنادرية, مدينة الرياض, منطقة الرياض",1320000,277,6,0,0,0,حي الجنادرية,الرياض,شرق الرياض,"صيده بسعر صيده حصري ب شركتنا فقط ( درج داخلى وشقه مساحه ٢٨٠)
حد السعر مليون ٣٢٠ .
شارع ١٨ 
تامين وجميع الضمانات ومحمول كهرباء خاص ب الفيلا",24.839885,46.884918,https://images.aqar.fm/webp/750x0/props/021228032_1777055405029.jpg | https://images.aqar.fm/webp/750x0/props/021228039_1777055405031.jpg | https://images.aqar.fm/webp/750x0/props/021228034_1777055420768.jpg | https://images.aqar.fm/webp/750x0/props/021228039_1777055420847.jpg | https://images.aqar.fm/webp/750x0/props/021228035_1777055420804.jpg | https://images.aqar.fm/webp/750x0/props/021228031_1777055420803.jpg | https://images.aqar.fm/webp/750x0/props/021228030_1777055420865.jpg | https://images.aqar.fm/webp/750x0/props/021228032_1777055420801.jpg | https://images.aqar.fm/webp/750x0/props/021228030_1777055420759.jpg | https://images.aqar.fm/webp/750x0/props/021228033_1777055420835.jpg | https://images.aqar.fm/webp/750x0/props/021228038_1777055435462.jpg | https://images.aqar.fm/webp/750x0/props/021228038_1777055435457.jpg | https://images.aqar.fm/webp/750x0/props/021228035_1777055435456.jpg | https://images.aqar.fm/webp/750x0/props/021228037_1777055435459.jpg | https://images.aqar.fm/webp/750x0/props/021228030_1777055435590.jpg | https://images.aqar.fm/webp/750x0/props/021228035_1777055435588.jpg | https://images.aqar.fm/webp/750x0/props/021228031_1777055435456.jpg,17,وليد زيد,مؤسسة تداول البيان للتطوير والاستثمار العقاري,1,2026-04-24,2026-08-19,2026-08-21,555,2026-08-23,True,"1,320,000",False,فيلا
6553419,https://sa.aqar.fm/فلل-للبيع/الرياض/شرق-الرياض/حي-الجنادرية/شارع-رقم-109-حي-الجنادرية-مدينة-الرياض-منطقة-الرياض-6553419,"فيلا للبيع في شارع رقم 109, حي الجنادرية, مدينة الرياض, منطقة الرياض",1400000,255,,7,2,11,حي الجنادرية,الرياض,شرق الرياض,$5e,24.842237,46.87867,https://images.aqar.fm/webp/750x0/props/005661284_1768845205824.jpg | https://images.aqar.fm/webp/750x0/props/005661286_1768845219419.jpg | https://images.aqar.fm/webp/750x0/props/005661289_1768845222114.jpg | https://images.aqar.fm/webp/750x0/props/005661289_1768845224723.jpg | https://images.aqar.fm/webp/750x0/props/005661284_1768845229371.jpg | https://images.aqar.fm/webp/750x0/props/005661282_1768845259797.jpg | https://images.aqar.fm/webp/750x0/props/005661287_1768845242878.jpg | https://images.aqar.fm/webp/750x0/props/005661282_1768845259797.jpg | https://images.aqar.fm/webp/750x0/props/005661280_1768845245052.jpg | https://images.aqar.fm/webp/750x0/props/005661287_1768845269404.jpg | https://images.aqar.fm/webp/750x0/props/005661280_1768845265685.jpg | https://images.aqar.fm/webp/750x0/props/005661284_1768845289818.jpg | https://images.aqar.fm/webp/750x0/props/005661283_1768845292208.jpg,13,احمد حمود عبدالعزيز الدويش,مؤسسة مكتب مساكن ركاز للعقارات,1,2026-01-19,2026-01-19,2026-08-09,2480,2026-08-23,True,"1,400,000",False,فيلا
6502676,https://sa.aqar.fm/فلل-للبيع/الرياض/شرق-الرياض/حي-الجنادرية/شارع-الطوال-حي-الجنادرية-مدينة-الرياض-منطقة-الرياض-6502676,"فيلا للبيع في شارع الطوال, حي الجنادرية, مدينة الرياض, منطقة الرياض",1270000,234,,,,0,حي الجنادرية,الرياض,شرق الرياض,"كود 1003
✨ فيله فاخرة مع شقة للبيع ✨
          
          ✨ مخطط بوابة الشرق ✨

♦️ المساحة 235 متر 
♦️ السعر  مليون 270 الف


                   ( 13 غرفة )

 🔲 يتكون من : 

                 ♦️ دور أرضي ♦️

🔹حوش ومدخل سيارة + مشب
🔹 مجلس ومقلط بحمام ومغاسل 
🔹 صاله  كبيره 
🔹 مطبخ مغلق 
🔹 غرفة بحمام ومغاسل خارجيه 

              ♦️الدور الاول ♦️

🔹 صاله 
🔹  عدد 2 غرفة ماستر 
🔹 عدد 3 غرف بحمام ومغاسل خارجية

              ♦️ الملحق ♦️

🔹 غرفة خادمه بحمام ومغاسل 
🔹 سطح 


🔲 ♦️ الشقه تتكون من ⬇️

🔹 مجلس  بحمام ومغاسل 
🔹 صاله 
🔹 مطبخ مغلق 
🔹 عدد 2 غرفه بحمام ومغاسل 
🔹 سطح 

            ♦️ ملحوظات ♦️

🔹 فيلا درج داخلي 
🔹 واجهه شرقية
🔹 مدخل خاص بالشقة
🔹 تكييفات سبليت 
🔹شارع 20 متر 
🔹 عداد كهرباء خاص 
🔹 عداد مياه خاص 
🔹قريبه من جميع الخدمات 
     ✨ يوجد جميع الضمانات ✨",24.816785,46.877132,https://images.aqar.fm/webp/750x0/props/002296388_1765454257880.jpg | https://images.aqar.fm/webp/750x0/props/002296388_1765454266676.jpg | https://images.aqar.fm/webp/750x0/props/002296385_1765454287512.jpg | https://images.aqar.fm/webp/750x0/props/002296386_1765454287479.jpg | https://images.aqar.fm/webp/750x0/props/002296386_1765454287490.jpg | https://images.aqar.fm/webp/750x0/props/002296386_1765454287508.jpg | https://images.aqar.fm/webp/750x0/props/002296380_1765454287486.jpg | https://images.aqar.fm/webp/750x0/props/002296381_1765454287504.jpg | https://images.aqar.fm/webp/750x0/props/002296381_1765454287488.jpg | https://images.aqar.fm/webp/750x0/props/002296388_1765454287518.jpg | https://images.aqar.fm/webp/750x0/props/002296386_1765454307179.jpg | https://images.aqar.fm/webp/750x0/props/002296385_1765454307175.jpg | https://images.aqar.fm/webp/750x0/props/002296382_1765454307170.jpg | https://images.aqar.fm/webp/750x0/props/002296381_1765454307142.jpg | https://images.aqar.fm/webp/750x0/props/002296384_1765454307177.jpg | https://images.aqar.fm/webp/750x0/props/002296381_1765454307170.jpg | https://images.aqar.fm/webp/750x0/props/002296389_1765454307194.jpg | https://images.aqar.fm/webp/750x0/props/002296382_1765454307189.jpg | https://images.aqar.fm/webp/750x0/props/002296385_1765454323214.jpg | https://images.aqar.fm/webp/750x0/props/002296380_1765454323218.jpg | https://images.aqar.fm/webp/750x0/props/002296387_1765454323216.jpg | https://images.aqar.fm/webp/750x0/props/002296384_1765454323187.jpg | https://images.aqar.fm/webp/750x0/props/002296387_1765454323207.jpg | https://images.aqar.fm/webp/750x0/props/002296380_1765454323238.jpg | https://images.aqar.fm/webp/750x0/props/002296380_1765454323231.jpg | https://images.aqar.fm/webp/750x0/props/002296381_1765454323202.jpg,26,هدى علي عشوي العنزي,شركة جسور الثقة العالمية العقارية,1,2025-12-11,2025-12-11,2026-07-11,1699,2026-08-23,True,"1,270,000",False,فيلا
6799550,https://sa.aqar.fm/فلل-للبيع/الرياض/شرق-الرياض/حي-الجنادرية/حي-الجنادرية-مدينة-الرياض-منطقة-الرياض-6799550,"فيلا للبيع في حي الجنادرية, مدينة الرياض, منطقة الرياض",1200000,300,4,0,0,4,حي الجنادرية,الرياض,شرق الرياض,"🏡 للبيع فلة سكنية – درج داخلي فقط

📍 الموقع: حي الجنادرية – بوابة الشرق
📐 المساحة: 300 م²
🏗 مسطح البناء: 265 م²
🛣 الشارع: 15م

مميزات العقار:

* ملحق خارجي بمساحة 5 × 6 م (غير محتسب ضمن مساحة البناء).
* تصميم عملي ومناسب للعائلات.

تفاصيل الفلة:

🔹 الدور الأرضي:

* مجلس
* مقلط
* صالة واسعة
* مطبخ
* دورتين مياه

🔹 الدور الأول:

* 4 غرف نوم
* غرفة ماستر

🔹 الدور الثاني:

* غرفة خادمة
* منطقة غسيل

💰 يوجد على العقار مديونية لدى مصرف الراجحي:

* السداد المبكر: 754,000 ريال

💵 سعر البيع شامل المديونية: 1,200,000 ريال
:

⚠️ المطلوب: زبون كاش فقط.",24.904455,46.941,https://images.aqar.fm/webp/750x0/props/032268439_1785536755634.jpg,1,نوره البقمي,مؤسسة رعد السحاب للخدمات العقارية,1,2026-07-31,2026-07-31,2026-08-18,90,2026-08-23,True,"1,200,000",False,فيلا
6768794,https://sa.aqar.fm/فلل-للبيع/الرياض/شرق-الرياض/حي-الجنادرية/حي-الجنادرية-مدينة-الرياض-منطقة-الرياض-6768794,"فيلا للبيع في حي الجنادرية, مدينة الرياض, منطقة الرياض",2000000,350,,5,4,0,حي الجنادرية,الرياض,شرق الرياض,"🏡 فيلا مودرن للبيع | واجهة غربية | شرفة D

فرصة مميزة لامتلاك فيلا بتصميم عصري وتشطيبات راقية، تجمع بين رحابة المساحات وجودة التنفيذ، لتوفر بيئة سكنية مريحة تناسب العائلة.

✨ مواصفات الفيلا:

* واجهة غربية.
* مدخل سيارة.
* حوش واسع.
* مجلس مستقل مع دورة مياه ومغاسل.
* صالة عائلية واسعة.
* مطبخ بتصميم عملي.
* غرفة خادمة مع دورة مياه.
* 3 غرف نوم ماستر.
* شرفة D بإطلالة مميزة.
* سطح خاص.
* تأسيس مصعد.

🌟 المميزات:

* أبواب PVC عالية الجودة.
* تشطيبات راقية وخامات ممتازة.
* توزيع عملي واستغلال مثالي للمساحات.
* موقع مميز قريب من جميع الخدمات والطرق الرئيسية.
* لا توجد أي التزامات أو مديونيات على العقار.
* جميع الأوراق والصكوك جاهزة لإفراغ فوري.
* البيع قابل للتفاوض للجادين.
* تتوفر فيديوهات توضيحية للفيلا ضمن الإعلان، توضح جميع التفاصيل والتشطيبات.

🏠 خيار مثالي للسكن أو الاستثمار، يجمع بين جودة البناء، والتصميم العصري، والموقع المميز.

📞 للتواصل والاستفسار أو حجز موعد للمعاينة، يرجى الاتصال أو التواصل عبر الواتساب.",24.81921,46.860744,https://images.aqar.fm/webp/750x0/props/011814027_1783774231718.jpg | https://images.aqar.fm/webp/750x0/props/011814029_1783774241398.jpg | https://images.aqar.fm/webp/750x0/props/011814021_1783774255901.jpg | https://images.aqar.fm/webp/750x0/props/011814025_1783774256012.jpg | https://images.aqar.fm/webp/750x0/props/011814027_1783774255927.jpg | https://images.aqar.fm/webp/750x0/props/011814028_1783774270406.jpg | https://images.aqar.fm/webp/750x0/props/011814021_1783774302434.jpg | https://images.aqar.fm/webp/750x0/props/011814027_1783774302464.jpg | https://images.aqar.fm/webp/750x0/props/011814022_1783774302436.jpg | https://images.aqar.fm/webp/750x0/props/011814028_1783774302426.jpg | https://images.aqar.fm/webp/750x0/props/011814023_1783774302466.jpg | https://images.aqar.fm/webp/750x0/props/011814026_1783774302443.jpg | https://images.aqar.fm/webp/750x0/props/011814025_1783774302574.jpg | https://images.aqar.fm/webp/750x0/props/011814028_1783774302459.jpg | https://images.aqar.fm/webp/750x0/props/011814029_1783774346730.jpg | https://images.aqar.fm/webp/750x0/props/011814027_1783774346714.jpg | https://images.aqar.fm/webp/750x0/props/011814023_1783774346710.jpg | https://images.aqar.fm/webp/750x0/props/011814027_1783774346707.jpg | https://images.aqar.fm/webp/750x0/props/011814021_1783774346720.jpg | https://images.aqar.fm/webp/750x0/props/011814029_1783774346715.jpg | https://images.aqar.fm/webp/750x0/props/011814029_1783774346711.jpg | https://images.aqar.fm/webp/750x0/props/011814026_1783774346717.jpg | https://images.aqar.fm/webp/750x0/props/011814026_1783774380103.jpg | https://images.aqar.fm/webp/750x0/props/011814025_1783774380105.jpg | https://images.aqar.fm/webp/750x0/props/011814027_1783774380088.jpg | https://images.aqar.fm/webp/750x0/props/011814022_1783774380083.jpg,26,احمد العنزي,,,2026-07-11,2026-07-11,2026-07-29,279,2026-08-23,True,"2,000,000",False,فيلا
6786142,https://sa.aqar.fm/فلل-للبيع/الرياض/شرق-الرياض/حي-الجنادرية/حي-الجنادرية-مدينة-الرياض-منطقة-الرياض-6786142,"فيلا للبيع في حي الجنادرية, مدينة الرياض, منطقة الرياض",1550000,282,4,,,0,حي الجنادرية,الرياض,شرق الرياض,"بسم الله الرحمن الرحيم  //////////////////////////////////::""""""""""""""/////«/////////////////////////////////////////////////////////////",24.838837,46.892184,,,خالد سعود,شركة حدائق نجد العقارية,1,2026-07-22,2026-08-21,2026-08-22,92,2026-08-23,True,"1,550,000",False,فيلا
6764327,https://sa.aqar.fm/فلل-للبيع/الرياض/شرق-الرياض/حي-الجنادرية/شارع-جديد-حي-الجنادرية-مدينة-الرياض-منطقة-الرياض-6764327,"فيلا للبيع في شارع جديد, حي الجنادرية, مدينة الرياض, منطقة الرياض",1350000,321,,5,2,0,حي الجنادرية,الرياض,شرق الرياض,"فيلا جديدة مساحة 321 م مخطط غصون حي الجنادرية بدون شقة   ( الشقة مفصولة ) درج داخلي و مصعد ... 
شهادة إتمام البناء و كل ضمانات الكهرباء و السباكة  و العزل المائي و تأمين التعاونية الإلزامي متوفرة .. 
شارع 20 شمالي موقع مميز أمام مرفق ممشى تشطيبات ممتازة ... 


التواصل للجادين 
 
 ابو مازن 504197989
من 10-12 ظهراً 
 و من 4 الى 10 مساءً",24.842035,46.890068,https://images.aqar.fm/webp/750x0/props/002071056_1783888519906.jpg | https://images.aqar.fm/webp/750x0/props/002071054_1783888519915.jpg | https://images.aqar.fm/webp/750x0/props/002071057_1783888519894.jpg | https://images.aqar.fm/webp/750x0/props/002071058_1783888519904.jpg | https://images.aqar.fm/webp/750x0/props/002071057_1783888519915.jpg | https://images.aqar.fm/webp/750x0/props/002071058_1783888519923.jpg | https://images.aqar.fm/webp/750x0/props/002071051_1783888519904.jpg | https://images.aqar.fm/webp/750x0/props/002071053_1783888519918.jpg,8,حمد بن محيا بن عايض المطيري,,,2026-07-07,2026-07-07,2026-08-05,271,2026-08-23,True,"1,350,000",False,فيلا
6826527,https://sa.aqar.fm/فلل-للبيع/الرياض/شرق-الرياض/حي-الجنادرية/شارع-الجنادرية-حي-الجنادرية-مدينة-الرياض-منطقة-الرياض-6826527,"فيلا للبيع في شارع الجنادرية , حي الجنادرية, مدينة الرياض, منطقة الرياض",1300000,273,,6,2,0,حي الجنادرية,الرياض,شرق الرياض,فيلاه مع شقة ظهيرة تجارية جميع الخدمات التجارية وبالقرب من المديريات العامة مجمع مدارس يتم التنفيذ الانشاء  الشقة نبحث عن مستاجر,24.892817,46.951988,https://images.aqar.fm/webp/750x0/props/054753790_1786927355967.jpg | https://images.aqar.fm/webp/750x0/props/054753799_1786927355968.jpg | https://images.aqar.fm/webp/750x0/props/054753790_1786927364998.jpg | https://images.aqar.fm/webp/750x0/props/054753799_1786927370563.jpg | https://images.aqar.fm/webp/750x0/props/054753790_1786927378583.jpg,5,علي بن سعيد بن يعن الله الغامدي,,,2026-08-17,2026-08-17,2026-08-20,30,2026-08-23,True,"1,300,000",False,فيلا
6786257,https://sa.aqar.fm/فلل-للبيع/الرياض/شرق-الرياض/حي-الجنادرية/حي-الجنادرية-مدينة-الرياض-منطقة-الرياض-6786257,"فيلا للبيع في حي الجنادرية, مدينة الرياض, منطقة الرياض",1400000,415,7,0,0,0,حي الجنادرية,الرياض,شرق الرياض,فيلا من شقة ب سعر ممتاز في موقع مميز السعر شامل الشقة,24.846913,46.89658,https://images.aqar.fm/webp/750x0/props/052425286_1784748439031.jpg | https://images.aqar.fm/webp/750x0/props/052425283_1784748439045.jpg | https://images.aqar.fm/webp/750x0/props/052425285_1784748439040.jpg | https://images.aqar.fm/webp/750x0/props/052425283_1784748439048.jpg | https://images.aqar.fm/webp/750x0/props/052425283_1784748439046.jpg | https://images.aqar.fm/webp/750x0/props/052425283_1784748439061.jpg | https://images.aqar.fm/webp/750x0/props/052425284_1784748439072.jpg | https://images.aqar.fm/webp/750x0/props/052425289_1784748439074.jpg,8,فيصل العتيبي,مؤسسة قوة للتعمير والبناء,1,2026-07-22,2026-08-21,2026-08-23,193,2026-08-23,True,"1,400,000",False,فيلا
6738162,https://sa.aqar.fm/فلل-للبيع/الرياض/شرق-الرياض/حي-الجنادرية/شارع-رقم-97-حي-الجنادرية-مدينة-الرياض-منطقة-الرياض-6738162,"فيلا للبيع في شارع رقم 97, حي الجنادرية, مدينة الرياض, منطقة الرياض",2550000,480,5,,,10,حي الجنادرية,الرياض,شرق الرياض,"للبيع فيلا حي الجنادريه المساحة 480
دور وثلاث شقق
شارع ٢٠ شرقي  العمر ١٠ سنوات
السعر  ٢ مليون ٥٠٠
مباشر",24.83764,46.883214,,,صالح بن عبيد بن عايش العنزي,مكتب ابداع الصحافة للخدمات العقارية,1,2026-06-18,2026-08-15,2026-08-22,31,2026-08-23,True,"2,550,000",False,فيلا
6770987,https://sa.aqar.fm/فلل-للبيع/الرياض/شرق-الرياض/حي-الجنادرية/شارع-رشيد-الدين-الصوري-حي-الجنادرية-الرياض-منطقة-الرياض-6770987,فيلا للبيع في شارع رشيد الدين الصوري ، حي الجنادرية ، الرياض ، منطقة الرياض,800000,360,5,3,3,0,حي الجنادرية,الرياض,شرق الرياض,"� للبيع – 3 وحدات بصكوك مستقلة | الجنادرية - حي الغصون

🔹 أرضي: 800 ألف
🔹 أول: 690 ألف
🔹 شقة: 440 ألف

✅ بناء شخصي جديد
✅ تشطيب سوبر ديلوكس
✅ صك، كهرباء، ومياه مستقلة لكل وحدة
✅ ضمانات وتأمين
✅ مطابق لكود البناء السعودي",24.847986,46.903088,,,جمال بن عواد بن ظاهر الشمري,,,2026-07-12,,2026-07-12,29,2026-08-23,False,طلب تسويق,False,فيلا
6683667,https://sa.aqar.fm/فلل-للبيع/الرياض/شرق-الرياض/حي-الجنادرية/شارع-137-الجنادرية-حي-الجنادرية-مدينة-الرياض-منطقة-الرياض-6683667,"فيلا للبيع في شارع 137 الجنادرية, حي الجنادرية, مدينة الرياض, منطقة الرياض",970000,200,6,5,1,0,حي الجنادرية,الرياض,شرق الرياض,"المسؤول عن الإعلان/ عبدالرحمن محمد المجاهد
جوال 0506323221

فيلا زاوية للبيع بحي الجنادرية شرق الرياض

الموقع: بوابة الشرق - المربع الذهبي (مخطط مميز وحي مكتمل بكامل الخدمات)
الواجهة: شارعين 15 متر بالاتجاهات (شمالية + غربية)
تفتح على صامت تجاري بدون جار أمامي

مواصفات الفيلا:
• الدور الأرضي: مدخل سيارة + مجلس + مقلط + صالتين في قسم النساء تفتح على بعض + مطبخ مع مستودع + دورتين مياه + غرفة سائق + تأسيس مصعد
• الدور الأول: 4 غرف نوم + 3 دورات مياه
• الملحق العلوي: مطبخ أوفيس + غرفتين نوم + صالة + سطح واسع

كافة الضمانات متوفرة:
• التأمين ضد العيوب الخفية
• الإشراف الهندسي
• تصوير من صبة النظافة إلى صبة الخزان والملحق
• بناء شخصي - تشطيب مودرن

سعر البيع: 970,000 ريال سعودي
السعي على المشتري",24.891715,46.950509,https://images.aqar.fm/webp/750x0/props/051981833_1777998111814.png | https://images.aqar.fm/webp/750x0/props/051981835_1777998111825.png | https://images.aqar.fm/webp/750x0/props/051981836_1777998111999.png | https://images.aqar.fm/webp/750x0/props/051981830_1777998111828.png | https://images.aqar.fm/webp/750x0/props/051981838_1777998111820.png | https://images.aqar.fm/webp/750x0/props/051981839_1777998111978.png | https://images.aqar.fm/webp/750x0/props/051981832_1777998111820.png | https://images.aqar.fm/webp/750x0/props/051981834_1777998111829.png | https://images.aqar.fm/webp/750x0/props/051981838_1777998111849.png | https://images.aqar.fm/webp/750x0/props/051981837_1777998111835.png | https://images.aqar.fm/webp/750x0/props/051981831_1777998111822.png | https://images.aqar.fm/webp/750x0/props/051981839_1777998111821.png | https://images.aqar.fm/webp/750x0/props/051981830_1777998111817.png | https://images.aqar.fm/webp/750x0/props/051981837_1777998112010.png | https://images.aqar.fm/webp/750x0/props/051981830_1777998111823.png | https://images.aqar.fm/webp/750x0/props/051981836_1777998111824.png | https://images.aqar.fm/webp/750x0/props/051981833_1777998111821.png | https://images.aqar.fm/webp/750x0/props/051981838_1777998111830.png | https://images.aqar.fm/webp/750x0/props/051981833_1777998111999.png,19,محمد بن عبدالرحمن,شركة دار الروافد لتقنية المعلومات شركة شخص واحد,1,2026-05-05,2026-07-31,2026-08-21,325,2026-08-23,True,"970,000",False,فيلا
6769332,https://sa.aqar.fm/فلل-للبيع/الرياض/شرق-الرياض/حي-الجنادرية/حي-الجنادرية-مدينة-الرياض-منطقة-الرياض-6769332,"فيلا للبيع في حي الجنادرية, مدينة الرياض, منطقة الرياض",1050000,250,,3,3,0,حي الجنادرية,الرياض,شرق الرياض,"للبيع فيلا درج داخلي مؤسس مصعد بالرياض
بوابة الشرق - حي الجنادرية
التفاصيل تتكون من:
1- ملحق خارجي
2- ثلاث صالات
3- خمسة غرف نوم

تشطيب عالي الجودة
الأبواب WBC
السعر : 1050000 الف ريال
رقم المخطط: 3768

رقم الترخيص الإعلاني: 7201036431
للتواصل : 
((الرقم يظهر عند الضغط على اتصال))
((الرقم يظهر عند الضغط على اتصال))
((الرقم يظهر عند الضغط على اتصال))

شركة سمة الوسيط العقارية",24.906421,46.963598,https://images.aqar.fm/webp/750x0/props/028564761_1783792531400.jpg | https://images.aqar.fm/webp/750x0/props/028564760_1783792551902.jpg | https://images.aqar.fm/webp/750x0/props/028564762_1783792551901.jpg | https://images.aqar.fm/webp/750x0/props/028564762_1783792551902.jpg | https://images.aqar.fm/webp/750x0/props/028564767_1783792551904.jpg | https://images.aqar.fm/webp/750x0/props/028564765_1783792551905.jpg | https://images.aqar.fm/webp/750x0/props/028564765_1783792551943.jpg,7,أحمد بن سعد بن معتق,شركة سمة الوسيط العقارية,1,2026-07-11,2026-08-10,2026-08-18,118,2026-08-23,True,"1,050,000",False,فيلا
6814989,https://sa.aqar.fm/فلل-للبيع/الرياض/شرق-الرياض/حي-الجنادرية/شارع-بوابة-الشرق-حي-الجنادرية-مدينة-الرياض-منطقة-الرياض-6814989,"فيلا للبيع في شارع بوابة الشرق, حي الجنادرية, مدينة الرياض, منطقة الرياض",900000,201,7,1,0,0,حي الجنادرية,الرياض,شرق الرياض,"🛑 للبيع فيلا مميزة في بوابة الشرق 🏡✨

📍 الموقع: بوابة الشرق
📐 المساحة: 201 م²
🛣️ شارع 15 شمالي
🏠 درج داخلي

🔹 الدور الأرضي:
• مجلس
• مقلط
• صالة
• مطبخ
• 2 دورات مياه

🔹 الدور الأول:
• 3 غرف نوم
• صالة
• غرفة ماستر بحمام

🔹 الدور الثالث:
• غرفة خادمة بحمام
• غرفة ماستر بحمام

💰 السعر: 900,000 ريال
🔄 قابل للتفاوض

📞 للتواصل: أبو عمار
((الرقم يظهر عند الضغط على اتصال))

🔥 فرصة مميزة للسكن والاستثمار في بوابة الشرق — لا تفوّت الفرصة!",24.908228,46.962062,https://images.aqar.fm/webp/750x0/props/004670691_1786379048487.jpg | https://images.aqar.fm/webp/750x0/props/004670693_1786379047977.jpg | https://images.aqar.fm/webp/750x0/props/004670690_1786379048201.jpg | https://images.aqar.fm/webp/750x0/props/004670696_1786379047974.jpg | https://images.aqar.fm/webp/750x0/props/004670690_1786379048382.jpg | https://images.aqar.fm/webp/750x0/props/004670690_1786379048200.jpg | https://images.aqar.fm/webp/750x0/props/004670698_1786379048198.jpg | https://images.aqar.fm/webp/750x0/props/004670693_1786379048381.jpg | https://images.aqar.fm/webp/750x0/props/004670694_1786379048389.jpg | https://images.aqar.fm/webp/750x0/props/004670696_1786379048484.jpg | https://images.aqar.fm/webp/750x0/props/004670693_1786379048632.jpg | https://images.aqar.fm/webp/750x0/props/004670690_1786379048690.jpg | https://images.aqar.fm/webp/750x0/props/004670697_1786379048629.jpg | https://images.aqar.fm/webp/750x0/props/004670696_1786379048690.jpg | https://images.aqar.fm/webp/750x0/props/004670691_1786379048848.jpg | https://images.aqar.fm/webp/750x0/props/004670695_1786379048848.jpg | https://images.aqar.fm/webp/750x0/props/004670699_1786379048896.jpg | https://images.aqar.fm/webp/750x0/props/004670695_1786379048897.jpg | https://images.aqar.fm/webp/750x0/props/004670692_1786379048960.jpg | https://images.aqar.fm/webp/750x0/props/004670696_1786379049084.jpg | https://images.aqar.fm/webp/750x0/props/004670693_1786379047977.jpg | https://images.aqar.fm/webp/750x0/props/004670690_1786379048201.jpg | https://images.aqar.fm/webp/750x0/props/004670696_1786379047974.jpg | https://images.aqar.fm/webp/750x0/props/004670690_1786379048382.jpg | https://images.aqar.fm/webp/750x0/props/004670690_1786379048200.jpg | https://images.aqar.fm/webp/750x0/props/004670698_1786379048198.jpg | https://images.aqar.fm/webp/750x0/props/004670693_1786379048381.jpg | https://images.aqar.fm/webp/750x0/props/004670694_1786379048389.jpg | https://images.aqar.fm/webp/750x0/props/004670696_1786379048484.jpg | https://images.aqar.fm/webp/750x0/props/004670691_1786379048487.jpg | https://images.aqar.fm/webp/750x0/props/004670693_1786379048632.jpg | https://images.aqar.fm/webp/750x0/props/004670690_1786379048690.jpg | https://images.aqar.fm/webp/750x0/props/004670697_1786379048629.jpg | https://images.aqar.fm/webp/750x0/props/004670696_1786379048690.jpg | https://images.aqar.fm/webp/750x0/props/004670691_1786379048848.jpg | https://images.aqar.fm/webp/750x0/props/004670695_1786379048848.jpg | https://images.aqar.fm/webp/750x0/props/004670699_1786379048896.jpg | https://images.aqar.fm/webp/750x0/props/004670695_1786379048897.jpg | https://images.aqar.fm/webp/750x0/props/004670692_1786379048960.jpg | https://images.aqar.fm/webp/750x0/props/004670696_1786379049084.jpg,40,جابر ال فهاد,شركة ركائز الروعة,1,2026-08-10,2026-08-10,2026-08-23,246,2026-08-23,True,"900,000",False,فيلا
6641994,https://sa.aqar.fm/فلل-للبيع/الرياض/شرق-الرياض/حي-الجنادرية/شارع-خريص-حي-الجنادرية-مدينة-الرياض-منطقة-الرياض-6641994,"فيلا للبيع في شارع خريص, حي الجنادرية, مدينة الرياض, منطقة الرياض",980000,201,6,6,3,0,حي الجنادرية,الرياض,شرق الرياض,$5d,24.908268,46.962064,https://images.aqar.fm/webp/750x0/props/049888607_1775383120454.jpg | https://images.aqar.fm/webp/750x0/props/049888603_1775383120456.jpg | https://images.aqar.fm/webp/750x0/props/049888600_1775383120563.jpg,3,هاني سعود,شركة مدارك السكن للتطوير العقاري,1,2026-04-05,2026-07-30,2026-08-14,361,2026-08-23,True,"980,000",False,فيلا
6758743,https://sa.aqar.fm/فلل-للبيع/الرياض/شرق-الرياض/حي-الجنادرية/شارع-الفجر-حي-الجنادرية-الرياض-منطقة-الرياض-6758743,فيلا للبيع في شارع الفجر ، حي الجنادرية ، الرياض ، منطقة الرياض,2500000,750,4,4,4,30,حي الجنادرية,الرياض,شرق الرياض,فله مساحة 750 ثلاث ادوار الدورين عمرهن حول 10 حوش تبني فيه فيلا,24.813393,46.85788,,,فايز بن بدر بن محمد الحربي,,,2026-07-04,,2026-07-04,59,2026-08-23,False,طلب تسويق,False,فيلا
6694736,https://sa.aqar.fm/فلل-للبيع/الرياض/شرق-الرياض/حي-الجنادرية/شارع-440-الجنادرية-حي-الجنادرية-مدينة-الرياض-منطقة-الرياض-6694736,"فيلا للبيع في شارع 440 الجنادرية, حي الجنادرية, مدينة الرياض, منطقة الرياض",920000,240,3,4,3,0,حي الجنادرية,الرياض,شرق الرياض,"تاون هاوس أرضي تشطيب مميز المساحة 240 م ، شارع 20 غربي وممر 6 الواجهة على مرفق ، المخطط الغصون 3680 ، الجنادرية ، شرق مدينة الرياض .

‏تصميم راقي مع الضمانات ، جميع الخدمات بالمخطط متوفر ، إطلالة على المرفق .


‏تفاصيل الدور الأرضي :

‏•مجلس رجال مستقل
‏•دورة مياه رجال
‏•مقلط واسع
‏•مجلس نساء راقي
‏•دورة مياه نساء
‏•مطبخ مجهز بمساحات مثالية
‏•غرفة نوم كبار سن مريحة ومطلة
‏•حوش واسع + حديقة
‏الدور العلوي :

‏•غرفتين نوم
‏•غرفة ماستر واسعة + دورة مياه
‏•دورة مياه إضافية
‏•كراج مستقل
‏مميزات العقار :

‏•عداد كهرباء مستقل
‏•عداد ماء + خزان مستقل .",24.848146,46.901018,https://images.aqar.fm/webp/750x0/props/019004807_1778654858735.jpg | https://images.aqar.fm/webp/750x0/props/019004806_1778654858734.jpg | https://images.aqar.fm/webp/750x0/props/019004809_1778654858740.jpg | https://images.aqar.fm/webp/750x0/props/019004806_1778654858741.jpg | https://images.aqar.fm/webp/750x0/props/019004800_1778654858736.jpg | https://images.aqar.fm/webp/750x0/props/019004808_1778654858747.jpg | https://images.aqar.fm/webp/750x0/props/019004807_1778654858729.jpg | https://images.aqar.fm/webp/750x0/props/019004801_1778654858748.jpg,8,عبدالملك الحمود,مكتب عبدالملك محمد عبدالعزيز الحمود للخدمات العقارية,1,2026-05-12,2026-08-08,2026-08-18,548,2026-08-23,True,"920,000",False,فيلا
6822631,https://sa.aqar.fm/فلل-للبيع/الرياض/شرق-الرياض/حي-الجنادرية/شارع-العام-حي-الجنادرية-مدينة-الرياض-منطقة-الرياض-6822631,"فيلا للبيع في شارع العام , حي الجنادرية, مدينة الرياض, منطقة الرياض",1700000,300,6,0,0,0,حي الجنادرية,الرياض,شرق الرياض,"دراج داخلي وشقه مساحه ٣٠٠
مجلس ومقلط وصاله وغرفة كبار سن 
و٤ غرف نوم ثنتين ماستر
غرفه غسيل",24.845442,46.903198,https://images.aqar.fm/webp/750x0/props/006330514_1786731092890.jpg | https://images.aqar.fm/webp/750x0/props/006330516_1786731092895.jpg | https://images.aqar.fm/webp/750x0/props/006330510_1786731092907.jpg | https://images.aqar.fm/webp/750x0/props/006330517_1786731093039.jpg | https://images.aqar.fm/webp/750x0/props/006330513_1786731093011.jpg | https://images.aqar.fm/webp/750x0/props/006330514_1786731092927.jpg | https://images.aqar.fm/webp/750x0/props/006330519_1786731092916.jpg | https://images.aqar.fm/webp/750x0/props/006330516_1786731092896.jpg | https://images.aqar.fm/webp/750x0/props/006330517_1786731130890.jpg | https://images.aqar.fm/webp/750x0/props/006330515_1786731130756.jpg | https://images.aqar.fm/webp/750x0/props/006330518_1786731130750.jpg | https://images.aqar.fm/webp/750x0/props/006330518_1786731130753.jpg | https://images.aqar.fm/webp/750x0/props/006330513_1786731130751.jpg,13,عايض نومس عوض المطيري,,,2026-08-14,2026-08-14,2026-08-23,43,2026-08-23,True,"1,700,000",False,فيلا
6679553,https://sa.aqar.fm/فلل-للبيع/الرياض/شرق-الرياض/حي-الجنادرية/شارع-الضياء-حي-الجنادرية-مدينة-الرياض-منطقة-الرياض-6679553,"فيلا للبيع في شارع الضياء, حي الجنادرية, مدينة الرياض, منطقة الرياض",900000,218,4,4,2,0,حي الجنادرية,الرياض,شرق الرياض,"للبيع  تاون هاوس أرضي حي الجنادرية – عرض رقم   H 1810

المواصفات:
- مدخلين
- المساحة 220 متر
-  دور أرضي ( يتكون من غرفة نوم  _ مجلس  _ صاله _ مطبخ _  مقلط  _  2 حمام  _ غرفة خادمة  _ مدخل سيارة )
-  دور أول  ( يتكون من 3 غرف نوم 1 منهم ماستر _ صاله  _ 2  حمام  )

المميزات:
- عمر العقار جديد
- تشطيب سوبر لوكس
- الواجهة جوبية
- موقع مميز في شرق الرياض ( غصون )
- الموقع يخدم الحياة اليومية بجميع احتياجاتها (مطاعم، خدمات، صالات رياضية، مولات، مدارس، مستشفيات) 

السعر: 900,000 ريال

رقم العرض:   H1810
-----------------
الـــفـــريـــح للــــعـــقـــارات",24.845786,46.88909,https://images.aqar.fm/webp/750x0/props/044628569_1777813109004.jpg | https://images.aqar.fm/webp/750x0/props/044628560_1777813128342.jpg | https://images.aqar.fm/webp/750x0/props/044628561_1777813128347.jpg | https://images.aqar.fm/webp/750x0/props/044628565_1777813128347.jpg | https://images.aqar.fm/webp/750x0/props/044628568_1777813128359.jpg | https://images.aqar.fm/webp/750x0/props/044628568_1777813128353.jpg | https://images.aqar.fm/webp/750x0/props/044628568_1777813128369.jpg | https://images.aqar.fm/webp/750x0/props/044628563_1777813128358.jpg | https://images.aqar.fm/webp/750x0/props/044628563_1777813128353.jpg | https://images.aqar.fm/webp/750x0/props/044628560_1777813128361.jpg | https://images.aqar.fm/webp/750x0/props/044628569_1777813128361.jpg | https://images.aqar.fm/webp/750x0/props/044628563_1777813128362.jpg | https://images.aqar.fm/webp/750x0/props/044628564_1777813128361.jpg | https://images.aqar.fm/webp/750x0/props/044628562_1777813128363.jpg | https://images.aqar.fm/webp/750x0/props/044628568_1777813128369.jpg | https://images.aqar.fm/webp/750x0/props/044628569_1777813128376.jpg | https://images.aqar.fm/webp/750x0/props/044628561_1777813128373.jpg | https://images.aqar.fm/webp/750x0/props/044628569_1777813128368.jpg,18,ريماز مشعل فريح المطيري,مكتب ريماز مشعل فريح المطيري للعقارات,1,2026-05-03,2026-07-29,2026-08-20,1314,2026-08-23,True,"900,000",False,فيلا
6694728,https://sa.aqar.fm/فلل-للبيع/الرياض/شرق-الرياض/حي-الجنادرية/شارع-440-الجنادرية-حي-الجنادرية-مدينة-الرياض-منطقة-الرياض-6694728,"فيلا للبيع في شارع 440 الجنادرية, حي الجنادرية, مدينة الرياض, منطقة الرياض",870000,240,3,3,3,0,حي الجنادرية,الرياض,شرق الرياض,"تاون هاوس أرضي تشطيب مميز المساحة 240 م ، شارع 20 غربي وممر 6 الواجهة على مرفق ، المخطط الغصون 3680 ، الجنادرية ، شرق مدينة الرياض .

‏تصميم راقي مع الضمانات ، جميع الخدمات بالمخطط متوفر ، إطلالة على المرفق .

‏📍حد البيع 

‏تفاصيل الدور الأرضي :

‏•مجلس رجال مستقل
‏•دورة مياه رجال
‏•مقلط واسع
‏•مجلس نساء راقي
‏•دورة مياه نساء
‏•مطبخ مجهز بمساحات مثالية
‏•غرفة نوم كبار سن مريحة ومطلة
‏•حوش واسع + حديقة
‏الدور العلوي :

‏•غرفتين نوم
‏•غرفة ماستر واسعة + دورة مياه
‏•دورة مياه إضافية
‏•كراج مستقل
‏مميزات العقار :

‏•عداد كهرباء مستقل
‏•عداد ماء + خزان مستقل .",24.848157,46.901048,https://images.aqar.fm/webp/750x0/props/019004805_1778655049649.jpg | https://images.aqar.fm/webp/750x0/props/019004802_1778655049659.jpg | https://images.aqar.fm/webp/750x0/props/019004803_1778655049660.jpg | https://images.aqar.fm/webp/750x0/props/019004801_1778655049644.jpg | https://images.aqar.fm/webp/750x0/props/019004808_1778655049659.jpg | https://images.aqar.fm/webp/750x0/props/019004804_1778655049653.jpg | https://images.aqar.fm/webp/750x0/props/019004805_1778655049663.jpg | https://images.aqar.fm/webp/750x0/props/019004807_1778655049657.jpg,8,عبدالملك الحمود,مكتب عبدالملك محمد عبدالعزيز الحمود للخدمات العقارية,1,2026-05-12,2026-08-08,2026-08-18,353,2026-08-23,True,"870,000",False,فيلا
6385383,https://sa.aqar.fm/فلل-للبيع/الرياض/شرق-الرياض/حي-الجنادرية/حي-الجنادرية-مدينة-الرياض-منطقة-الرياض-6385383,"فيلا للبيع في حي الجنادرية, مدينة الرياض, منطقة الرياض",1800000,350,7,5,3,0,حي الجنادرية,الرياض,شرق الرياض,"فيلا  ٣٥٠ درج داخلي للبيع 
شارع ٢٥ جنوبي قدامك مرفق حكومي
فيلا جديده مؤجره بعقد سنتين ٦٥ الف السنه الواحده
بحي الجنادرية(مشروع المشرقيه)
مدخل سيارة
حوش
7غرف
صاله
6 دورة مياة
مطبخ
عدادات مستقلة 
 السعر 1.800.000 ريال على الشور 
نسعد بخدمتكم
التنسيق المباشر مع الاخ بندر /((رقم المعلن يظهر عند التواصل))
والصلاة والسلام على نبينا محمد",24.837209,46.865935,https://images.aqar.fm/webp/750x0/props/010174677_1758042695887.jpg | https://images.aqar.fm/webp/750x0/props/010174676_1758042711521.jpg | https://images.aqar.fm/webp/750x0/props/010174679_1758042708033.jpg | https://images.aqar.fm/webp/750x0/props/010174677_1758042715053.jpg | https://images.aqar.fm/webp/750x0/props/010174676_1758042718608.jpg | https://images.aqar.fm/webp/750x0/props/010174673_1758042721383.jpg | https://images.aqar.fm/webp/750x0/props/010174670_1758042725160.jpg | https://images.aqar.fm/webp/750x0/props/010174679_1758042728839.jpg | https://images.aqar.fm/webp/750x0/props/010174678_1758042738346.jpg | https://images.aqar.fm/webp/750x0/props/010174673_1758042732954.jpg | https://images.aqar.fm/webp/750x0/props/010174674_1758042741926.jpg | https://images.aqar.fm/webp/750x0/props/010174676_1758042745774.jpg | https://images.aqar.fm/webp/750x0/props/010174670_1758042749983.jpg | https://images.aqar.fm/webp/750x0/props/010174671_1758042754173.jpg | https://images.aqar.fm/webp/750x0/props/010174677_1758042757882.jpg | https://images.aqar.fm/webp/750x0/props/010174671_1758042763378.jpg | https://images.aqar.fm/webp/750x0/props/010174674_1758042768253.jpg | https://images.aqar.fm/webp/750x0/props/010174677_1758042772241.jpg | https://images.aqar.fm/webp/750x0/props/010174670_1758042778145.jpg | https://images.aqar.fm/webp/750x0/props/010174673_1758042789037.jpg | https://images.aqar.fm/webp/750x0/props/010174670_1758042794588.jpg | https://images.aqar.fm/webp/750x0/props/010174675_1758042800073.jpg | https://images.aqar.fm/webp/750x0/props/010174671_1758042804957.jpg | https://images.aqar.fm/webp/750x0/props/010174672_1758042810223.jpg | https://images.aqar.fm/webp/750x0/props/010174672_1758042816178.jpg | https://images.aqar.fm/webp/750x0/props/010174673_1758042823029.jpg | https://images.aqar.fm/webp/750x0/props/010174677_1758042828528.jpg | https://images.aqar.fm/webp/750x0/props/010174676_1758042833832.jpg | https://images.aqar.fm/webp/750x0/props/010174676_1758042838692.jpg | https://images.aqar.fm/webp/750x0/props/010174671_1758042846471.jpg,30,عبدالله العتيبي,مكتب تداول عقارك للعقارات,1,2025-09-16,2025-09-16,2026-08-23,2822,2026-08-23,True,"1,800,000",False,فيلا
6358379,https://sa.aqar.fm/فلل-للبيع/الرياض/شرق-الرياض/حي-الجنادرية/حي-الجنادرية-مدينة-الرياض-منطقة-الرياض-6358379,"فيلا للبيع في حي الجنادرية, مدينة الرياض, منطقة الرياض",1300000,375,6,4,2,0,حي الجنادرية,الرياض,شرق الرياض,"فلتين عبارة عن دور أرضي 
مساحة كل فيلا 375م
البناء على الكود السعودي 
تأمين ملاذ على الانشاء 
ضمان السباكة الانابيب الخضراء 15عام
ضمان كهرباء افياش ومفاتيح 25 سنة
ضمان عزل 
تصميم مميز واسح ويعطي انشراح للفيلا
التنفيذ تحت إشراف مكتب استشارات هندسية 

كامل جميع الضمانات والرخصة


تصميم مميز 
عدد الغرف 6 على النحو التالي:
* غرفة رئيسية ماستر بحمام 
* ⁠غرفة ماستر بحمام 
* ⁠غرفة اطفال
* ⁠مجلس نساء 
* ⁠صالة شرحة
* ⁠مقلط ( غرفة طعام)
* ⁠مجلس رجال 
* ⁠محلس خارجي ( ملحق)
* ⁠مطبخ 
* ⁠مجموع الحمامات اربعة 
    مصعد
موقف سيارة 
حوش

البناء مؤسس ل ( دور + دور + وشقة)
البيع مليون و 300الف",24.891799,46.949378,https://images.aqar.fm/webp/750x0/props/032314709_1756575486464.jpg | https://images.aqar.fm/webp/750x0/props/032314709_1756575486341.jpg | https://images.aqar.fm/webp/750x0/props/032314701_1756575486520.jpg,3,فايز الاحمري,شركة السهم الفضي للعقارات,1,2025-08-30,2026-07-28,2026-07-28,1613,2026-08-23,True,"1,300,000",False,فيلا
6817148,https://sa.aqar.fm/فلل-للبيع/الرياض/شرق-الرياض/حي-الجنادرية/حي-الجنادرية-مدينة-الرياض-منطقة-الرياض-6817148,"فيلا للبيع في حي الجنادرية, مدينة الرياض, منطقة الرياض",1700000,350,3,0,0,0,حي الجنادرية,الرياض,شرق الرياض,فيلا 350م حي المشرقيه تصميم شرفه دي شارع 18 جنوبيه,24.825329,46.86016,https://images.aqar.fm/webp/750x0/props/013856198_1786472080275.jpg,1,عبدالله بن مرزوق بن عبث العتيبي,,,2026-08-11,2026-08-11,2026-08-23,234,2026-08-23,True,"1,700,000",False,فيلا
6548778,https://sa.aqar.fm/فلل-للبيع/الرياض/شرق-الرياض/حي-الجنادرية/شارع-رقم-153-حي-الجنادرية-الرياض-منطقة-الرياض-6548778,"فيلا للبيع في شارع رقم 153, حي الجنادرية, مدينة الرياض, منطقة الرياض",850000,295,4,4,2,0,حي الجنادرية,الرياض,شرق الرياض,"تاون هاوس من المالك

 ثلاث غرف نوم واحده ماستر مع سطح خاص وسطح مقابل للمصعد خاص 
في المربع الذهبي
عليه جميع الضمانات وتأمين التعاونيه
مدخل سياره مدخل رجال ومدخل نساء
 مجلس رجال ودورة مياه وصالة ومطبخ  عدادت مستقله وخزانات علوي وارضي مستقل ومصعد للعلوي اصنصير راكب
الموقع صحيح
بجوار حديقه ومسجد جامع ومرافق تعليميه وقريب من الدائري الشمالي

المالك",24.844595,46.869254,https://images.aqar.fm/webp/750x0/props/009914816_1775984297737.jpg | https://images.aqar.fm/webp/750x0/props/009914818_1775984434024.jpg | https://images.aqar.fm/webp/750x0/props/009914819_1775581284455.jpg | https://images.aqar.fm/webp/750x0/props/009914814_1768546851901.jpg | https://images.aqar.fm/webp/750x0/props/009914818_1770788474368.jpg | https://images.aqar.fm/webp/750x0/props/009914819_1770788502268.jpg | https://images.aqar.fm/webp/750x0/props/009914815_1770788600041.jpg | https://images.aqar.fm/webp/750x0/props/009914810_1770788625998.jpg | https://images.aqar.fm/webp/750x0/props/009914811_1770788676553.jpg | https://images.aqar.fm/webp/750x0/props/009914819_1770788696779.jpg | https://images.aqar.fm/webp/750x0/props/009914810_1770788709461.jpg | https://images.aqar.fm/webp/750x0/props/009914818_1775581284040.jpg | https://images.aqar.fm/webp/750x0/props/009914818_1775581284133.jpg | https://images.aqar.fm/webp/750x0/props/009914812_1775581284246.jpg,14,فهد قطيم,,,2026-01-16,2026-02-11,2026-08-22,6496,2026-08-23,True,"850,000",False,فيلا
6576522,https://sa.aqar.fm/فلل-للبيع/الرياض/شرق-الرياض/حي-الجنادرية/حي-الجنادرية-مدينة-الرياض-منطقة-الرياض-6576522,"فيلا للبيع في حي الجنادرية, مدينة الرياض, منطقة الرياض",1320000,234,,,,0,حي الجنادرية,الرياض,شرق الرياض,"*للبيع فيلا درج داخلي مع شقه سكنية 
بمخطط بوابة الشرق
تتكون الفيلا من : 
-1- دور درج داخلي 
 -2-شقه مدخل خاص 
المساحة  230متر
شارع عرض : 15 شرقه  
رقم المخطط: 3768
رقم القطعة: 2/1725
السعر : مليون 320﷼ 

شركة سمة الوسيط للعقارية
رقم ترخيص الإعلان 
7200865687
للتواصل
((رقم المعلن يظهر عند التواصل))",24.908985,46.961461,https://images.aqar.fm/webp/750x0/props/028564766_1770227377996.jpg | https://images.aqar.fm/webp/750x0/props/028564768_1770227378105.jpg | https://images.aqar.fm/webp/750x0/props/028564762_1770227378054.jpg | https://images.aqar.fm/webp/750x0/props/028564762_1770227377998.jpg | https://images.aqar.fm/webp/750x0/props/028564766_1770227378006.jpg | https://images.aqar.fm/webp/750x0/props/028564762_1770227378034.jpg | https://images.aqar.fm/webp/750x0/props/028564762_1770227378020.jpg | https://images.aqar.fm/webp/750x0/props/028564764_1770227378071.jpg | https://images.aqar.fm/webp/750x0/props/028564761_1770227378052.jpg | https://images.aqar.fm/webp/750x0/props/028564760_1770227378014.jpg | https://images.aqar.fm/webp/750x0/props/028564767_1770227378073.jpg | https://images.aqar.fm/webp/750x0/props/028564762_1770227378102.jpg | https://images.aqar.fm/webp/750x0/props/028564764_1770227378083.jpg | https://images.aqar.fm/webp/750x0/props/028564766_1770227378047.jpg | https://images.aqar.fm/webp/750x0/props/028564769_1770227378079.jpg,15,أحمد بن سعد بن معتق,شركة سمة الوسيط العقارية,1,2026-02-04,2026-07-29,2026-08-19,293,2026-08-23,True,"1,320,000",False,فيلا
6402765,https://sa.aqar.fm/فلل-للبيع/الرياض/شرق-الرياض/حي-الجنادرية/شارع-شارع-السيف-حي-الجنادرية-مدينة-الرياض-منطقة-الرياض-6402765,"فيلا للبيع في شارع شارع السيف, حي الجنادرية, مدينة الرياض, منطقة الرياض",1250000,312,3,3,1,0,حي الجنادرية,الرياض,شرق الرياض,"👑 مؤسسة مسكن الصفوة للعقارات تقدّم لكم عرضًا مميزًا لدور أرضي مؤسس لشقتين بموقع مميز شرق الرياض 💎

📍 الموقع: حي الجنادرية – شرق الرياض
📏 المساحة: 312.5 م² – واجهة: شرقية – شارع: 15 م
💰 السعر: 1,250,000 ريال
      
🔹 المواصفات:

مدخل سيارة 🚗 + حوش

مجلس رجال + مقلط + صالة + مطبخ مع مستودع 🍴

3 غرف نوم 🛌

📜 كافة الضمانات متوفرة ✅
📌 مؤسسة جاهزة لشقتين – موقع حيوي وخدمات متكاملة

📞 للتواصل: ريان – ((رقم المعلن يظهر عند التواصل))
🔑 كود العرض: 1",24.904494,46.959668,https://images.aqar.fm/webp/750x0/props/034941929_1759241696359.jpg | https://images.aqar.fm/webp/750x0/props/034941925_1759241691908.jpg | https://images.aqar.fm/webp/750x0/props/034941927_1759241692094.jpg | https://images.aqar.fm/webp/750x0/props/034941920_1759241692251.jpg | https://images.aqar.fm/webp/750x0/props/034941922_1759241692485.jpg | https://images.aqar.fm/webp/750x0/props/034941929_1759241692713.jpg | https://images.aqar.fm/webp/750x0/props/034941924_1759241692941.jpg | https://images.aqar.fm/webp/750x0/props/034941920_1759241693165.jpg | https://images.aqar.fm/webp/750x0/props/034941929_1759241693334.jpg | https://images.aqar.fm/webp/750x0/props/034941921_1759241693548.jpg | https://images.aqar.fm/webp/750x0/props/034941920_1759241693801.jpg | https://images.aqar.fm/webp/750x0/props/034941921_1759241694039.jpg | https://images.aqar.fm/webp/750x0/props/034941925_1759241694250.jpg | https://images.aqar.fm/webp/750x0/props/034941921_1759241694481.jpg | https://images.aqar.fm/webp/750x0/props/034941926_1759241694743.jpg | https://images.aqar.fm/webp/750x0/props/034941920_1759241694971.jpg | https://images.aqar.fm/webp/750x0/props/034941920_1759241695179.jpg | https://images.aqar.fm/webp/750x0/props/034941924_1759241695386.jpg | https://images.aqar.fm/webp/750x0/props/034941923_1759241695592.jpg | https://images.aqar.fm/webp/750x0/props/034941929_1759241695842.jpg | https://images.aqar.fm/webp/750x0/props/034941927_1759241696132.jpg,21,ريان عبدالله محمد العتيبي,مؤسسة مسكن الصفوة للعقارات,1,2025-09-29,2025-09-29,2026-08-23,1161,2026-08-23,True,"1,250,000",False,فيلا
6717068,https://sa.aqar.fm/فلل-للبيع/الرياض/شرق-الرياض/حي-الجنادرية/شارع-شارع-رقم-234-حي-الجنادرية-مدينة-الرياض-منطقة-الرياض-6717068,"فيلا للبيع في شارع شارع رقم 234, حي الجنادرية, مدينة الرياض, منطقة الرياض",1250000,251,4,,,0,حي الجنادرية,الرياض,شرق الرياض,"بسم الله الرحمن الرحيم 
شركة بصمة انماء واعمار للحلول العقارية 
تقدم لكم افضل العروض والمميزات 
فيلا درج داخلى وشقه 

الموقع : الجنادرية


المساحه:200م ( درج صاله+ شقه)
الواجهة : جنوبي  شارع 18
السعر :1.250،000
_________________

مدخل سيارة - 
- مجلس رجال
 - غرفة طعام
 - صاله
 - - غرفة كبار سن _ 
_ مطبخ مع مستودع  _
 _______________
الدور الاول : 

صالة 
_ 2غرفة ماستر 
_  2 غرفة معا دورة مياه 

------------
السطح :
غرفة خادمة _ سطح


يوجد اتمام بناء 
 
___________________________
كافة الضمانات موجودة 
________________",24.853473,46.866032,https://images.aqar.fm/webp/750x0/props/048157892_1780473170705.jpg | https://images.aqar.fm/webp/750x0/props/048157896_1780473170510.jpg,2,سلمان صالح علي المطيري,مكتب بصمة إنماء وإعمار العقارية,1,2026-06-03,2026-07-31,2026-08-06,678,2026-08-23,True,"1,250,000",False,فيلا
6391877,https://sa.aqar.fm/فلل-للبيع/الرياض/شرق-الرياض/حي-الجنادرية/شارع-رقم-125-حي-الجنادرية-مدينة-الرياض-منطقة-الرياض-6391877,"فيلا للبيع في شارع رقم 125, حي الجنادرية, مدينة الرياض, منطقة الرياض",1400000,250,,,,0,حي الجنادرية,الرياض,شرق الرياض,"كود 1033

✨ فيلا فاخره للبيع ✨
         
           ✨ بوابة الشرق ✨

♦️المساحه 250 متر 
♦️السعر  مليون 400 الف 

       ( 8 غرف / دوبليكس )
 
 🔲 يتكون من :

🔹 حوش ومدخل سياره 
🔹 مجلس ومقلط بحمام ومغاسل 
🔹 صاله كبيره بحمام ومغاسل 
🔹 مطبخ مغلق 

            ♦️ الدور الأول ♦️

🔹صاله 
🔹 غرفة ماستر 
🔹 غرفة ماستر + غرفة ملابس
🔹 عدد 2غرفه بحمام ومغاسل 

              ♦️ الملحق ♦️

🔹صاله 
🔹 غرفه ماستر 
🔹 غرفه خادمه بحمام ومغاسل+ غرفة غسيل 
🔹 سطح كبير 

          ♦️ ملحوظات ♦️ 

🔹 درج داخلي 
🔹 تشطيب فاخر
🔹 نظام دخول ذكي
🔹  مؤسس مصعد
🔹  تكييفات سبليت 
🔹 واجهه شماليه  
🔹 شارع 20 متر
🔹 عداد كهرباء خاص
🔹 عداد مياه خاص 
🔹قريبه من جميع الخدمات 
     ✨ يوجد جميع الضمانات ✨",24.847258,46.887669,https://images.aqar.fm/webp/750x0/props/002296389_1758455150265.jpg | https://images.aqar.fm/webp/750x0/props/002296383_1758455150229.jpg | https://images.aqar.fm/webp/750x0/props/002296387_1758455150261.jpg | https://images.aqar.fm/webp/750x0/props/002296381_1758455150245.jpg | https://images.aqar.fm/webp/750x0/props/002296388_1758455150258.jpg | https://images.aqar.fm/webp/750x0/props/002296384_1758455150256.jpg | https://images.aqar.fm/webp/750x0/props/002296380_1758455150235.jpg | https://images.aqar.fm/webp/750x0/props/002296388_1758455150255.jpg | https://images.aqar.fm/webp/750x0/props/002296386_1758455167658.jpg | https://images.aqar.fm/webp/750x0/props/002296385_1758455167669.jpg | https://images.aqar.fm/webp/750x0/props/002296384_1758455167667.jpg | https://images.aqar.fm/webp/750x0/props/002296389_1758455167663.jpg | https://images.aqar.fm/webp/750x0/props/002296389_1758455167661.jpg | https://images.aqar.fm/webp/750x0/props/002296388_1758455167636.jpg | https://images.aqar.fm/webp/750x0/props/002296389_1758455167663.jpg | https://images.aqar.fm/webp/750x0/props/002296383_1758455324021.jpg | https://images.aqar.fm/webp/750x0/props/002296389_1758455324023.jpg | https://images.aqar.fm/webp/750x0/props/002296387_1758455324025.jpg | https://images.aqar.fm/webp/750x0/props/002296386_1758455324008.jpg | https://images.aqar.fm/webp/750x0/props/002296385_1758455324030.jpg | https://images.aqar.fm/webp/750x0/props/002296386_1758455324027.jpg | https://images.aqar.fm/webp/750x0/props/002296388_1758455324020.jpg | https://images.aqar.fm/webp/750x0/props/002296386_1758455324008.jpg,23,هدى علي عشوي العنزي,شركة جسور الثقة العالمية العقارية,1,2025-09-21,2025-09-21,2026-07-19,765,2026-08-23,True,"1,400,000",False,فيلا
6619274,https://sa.aqar.fm/فلل-للبيع/الرياض/شرق-الرياض/حي-الجنادرية/شارع-شارع-حي-الجنادرية-مدينة-الرياض-منطقة-الرياض-6619274,"فيلا للبيع في شارع شارع , حي الجنادرية, مدينة الرياض, منطقة الرياض",950000,201,4,0,0,0,حي الجنادرية,الرياض,شرق الرياض,"للبيــــــــع فيلا بحي الجنادرية 
درج داخلي مساحه ٢٠١ في بوابه الشرق شارع ١٥ شمالي
تحت مجلس ومقلط وصاله ومطبخ ٢ دورات مياه 
فوق ٣ غرف وصاله واحده مستر ب حمام
والدور ٣ غرفه خادمه بحمام وغرفه مستر ب حمام

البيع 980

الموقع 
               https://maps.app.goo.gl/V6ym2u6PsR7jzJCb8",24.908113,46.960628,,,عبدالملك ابراهيم محمد الجمعان,شركة بنايات نجد للتسويق شخص واحد,1,2026-03-08,2026-08-01,2026-08-23,422,2026-08-23,True,"950,000",False,فيلا
6402940,https://sa.aqar.fm/فلل-للبيع/الرياض/شرق-الرياض/حي-الجنادرية/شارع-رقم-165-حي-الجنادرية-مدينة-الرياض-منطقة-الرياض-6402940,"فيلا للبيع في شارع رقم 165, حي الجنادرية, مدينة الرياض, منطقة الرياض",1450000,381,4,,,0,حي الجنادرية,الرياض,شرق الرياض,"فيلا درج داخلي مع شقة للاستثمار 

تتكون الفلة من 
٤/ غرف ٢ منهم ماستر 
ومجلس رجال
ومقلط للرجال  
وصالة 
ومطبخ 
وغرفة غسيل 
وشقة فوق مدخل مستقل للاستثمار",24.849533,46.862,https://images.aqar.fm/webp/750x0/props/043204361_1759149122201.jpg,1,نايف حمدان,,,2025-09-29,2025-09-29,2026-08-06,284,2026-08-23,True,"1,450,000",False,فيلا
6773107,https://sa.aqar.fm/فلل-للبيع/الرياض/شرق-الرياض/حي-الجنادرية/شارع-العمره-حي-الجنادرية-الرياض-منطقة-الرياض-6773107,فيلا للبيع في شارع العمره ، حي الجنادرية ، الرياض ، منطقة الرياض,1,300,4,5,2,0,حي الجنادرية,الرياض,شرق الرياض,فيلا سكنية دور واحد بناء شخصي المبنى جديد ذات تصميم راقي جميع المواد ضمان 25 سنه,24.840483,46.888153,,,هذال العتيبي,,,2026-07-14,,2026-07-14,23,2026-08-23,False,طلب تسويق,False,فيلا
6730185,https://sa.aqar.fm/فلل-للبيع/الرياض/شرق-الرياض/حي-الجنادرية/شارع-الضياء-حي-الجنادرية-مدينة-الرياض-منطقة-الرياض-6730185,"فيلا للبيع في شارع الضياء, حي الجنادرية, مدينة الرياض, منطقة الرياض",1220000,354,5,5,2,0,حي الجنادرية,الرياض,شرق الرياض,"🏡 للبيع – فيلا دوبلكس فاخرة | حي الجنادرية
فيلا دوبلكس سكنية بتشطيب فاخر وجودة تنفيذ عالية، تقع في موقع متميز داخل حي الجنادرية، قريب من جميع الخدمات الأساسية (مدارس – أسواق – مساجد – طرق رئيسية)، مع إشراف هندسي كامل ومطابقة للكود السعودي.
📍 الموقع:
حي الجنادرية – موقع هادئ واستراتيجي قريب من الخدمات.
🏠 تفاصيل الفيلا (دوبلكس):
فيلا دوبلكس (دورين)
5 غرف نوم (منها غرف ماستر)
مجلس رجال مستقل
مجلس نساء 
صالة عائلية واسعة
مقلط
مطبخ رئيسي
دورات مياه متعددة
مدخلين للفيلا
موقف سيارات
✨ مميزات العقار:
تشطيب فاخر بتصميم عصري
إشراف هندسي كامل على التنفيذ
جودة بناء عالية
مطابق للكود السعودي
موقع قريب من الخدمات
🔧 الضمانات:
سباكة: أنابيب خضراء بضمان 25 سنة
كهرباء: الفنار بضمان 20 سنة
أبواب دورات المياه: ضمان 10 سنوات
تأمين ضد العيوب الخفية من شركة ملاذ
إشراف هندسي معتمد
🏢 خدمات شركة مدارك السكن للتطوير العقاري:
تسويق وبيع عقاري احترافي
إدارة الوساطة العقارية وفق أنظمة الهيئة العامة للعقار
توثيق العقود عبر الأنظمة الرسمية
متابعة كاملة حتى إتمام الإفراغ
خدمة عملاء ومتابعة ما بعد البيع",24.843677,46.889576,https://images.aqar.fm/webp/750x0/props/049888605_1781283686549.jpg | https://images.aqar.fm/webp/750x0/props/049888604_1781283686355.jpg | https://images.aqar.fm/webp/750x0/props/049888607_1781283686304.jpg | https://images.aqar.fm/webp/750x0/props/049888606_1781283686305.jpg | https://images.aqar.fm/webp/750x0/props/049888601_1781283686370.jpg | https://images.aqar.fm/webp/750x0/props/049888609_1781283686320.jpg | https://images.aqar.fm/webp/750x0/props/049888607_1781283686422.jpg | https://images.aqar.fm/webp/750x0/props/049888609_1781283686472.jpg | https://images.aqar.fm/webp/750x0/props/049888603_1781283686422.jpg | https://images.aqar.fm/webp/750x0/props/049888601_1781283686423.jpg | https://images.aqar.fm/webp/750x0/props/049888608_1781283686448.jpg | https://images.aqar.fm/webp/750x0/props/049888609_1781283686446.jpg | https://images.aqar.fm/webp/750x0/props/049888600_1781283686446.jpg | https://images.aqar.fm/webp/750x0/props/049888607_1781283686442.jpg | https://images.aqar.fm/webp/750x0/props/049888606_1781283686446.jpg | https://images.aqar.fm/webp/750x0/props/049888603_1781283686471.jpg | https://images.aqar.fm/webp/750x0/props/049888602_1781283686468.jpg | https://images.aqar.fm/webp/750x0/props/049888608_1781283686543.jpg | https://images.aqar.fm/webp/750x0/props/049888608_1781283686544.jpg | https://images.aqar.fm/webp/750x0/props/049888606_1781283686544.jpg | https://images.aqar.fm/webp/750x0/props/049888606_1781283686543.jpg | https://images.aqar.fm/webp/750x0/props/049888603_1781283686548.jpg | https://images.aqar.fm/webp/750x0/props/049888604_1781283686548.jpg | https://images.aqar.fm/webp/750x0/props/049888605_1781283686549.jpg | https://images.aqar.fm/webp/750x0/props/049888604_1781283686558.jpg | https://images.aqar.fm/webp/750x0/props/049888609_1781283686557.jpg | https://images.aqar.fm/webp/750x0/props/049888603_1781283686591.jpg | https://images.aqar.fm/webp/750x0/props/049888604_1781283686590.jpg | https://images.aqar.fm/webp/750x0/props/049888605_1781283686590.jpg,29,هاني سعود,شركة مدارك السكن للتطوير العقاري,1,2026-06-12,2026-08-10,2026-08-21,248,2026-08-23,True,"1,220,000",False,فيلا
6668364,https://sa.aqar.fm/فلل-للبيع/الرياض/شرق-الرياض/حي-الجنادرية/شارع-محمد-حي-الجنادرية-مدينة-الرياض-منطقة-الرياض-6668364,"فيلا للبيع في شارع محمد, حي الجنادرية, مدينة الرياض, منطقة الرياض",750000,282,4,0,0,0,حي الجنادرية,الرياض,شرق الرياض,"لقطه ( دور مؤسس معه شقه بغصون مساحة ٣٠٠ ) 
شارع ١٨ على ظهير تجارى صامت .
تقسيم الدور الاول : ( مجلس ، مقلط ، صاله ، ٣ غرف نوم بينهم الماستر ، مطبخ +مستودع ، ٤دورات مياه )
الشقه : (الحين مو متقسمه لكن تقسيمتها ٣غرف وصاله ومجلس ) 
السعر النهائى ٧٥٠",24.843318,46.892397,https://images.aqar.fm/webp/750x0/props/021228030_1777047139012.jpg | https://images.aqar.fm/webp/750x0/props/021228038_1777047153494.jpg | https://images.aqar.fm/webp/750x0/props/021228036_1777047153498.jpg | https://images.aqar.fm/webp/750x0/props/021228034_1777047153520.jpg | https://images.aqar.fm/webp/750x0/props/021228035_1777047153522.jpg | https://images.aqar.fm/webp/750x0/props/021228039_1777047153483.jpg | https://images.aqar.fm/webp/750x0/props/021228037_1777047153467.jpg | https://images.aqar.fm/webp/750x0/props/021228033_1777047153500.jpg | https://images.aqar.fm/webp/750x0/props/021228038_1777047153468.jpg | https://images.aqar.fm/webp/750x0/props/021228035_1777047270329.jpg | https://images.aqar.fm/webp/750x0/props/021228038_1777047270162.jpg | https://images.aqar.fm/webp/750x0/props/021228034_1777047269625.jpg | https://images.aqar.fm/webp/750x0/props/021228032_1777047269600.jpg,13,وليد زيد,مؤسسة تداول البيان للتطوير والاستثمار العقاري,1,2026-04-24,2026-08-19,2026-08-21,1709,2026-08-23,True,"750,000",False,فيلا
6798786,https://sa.aqar.fm/فلل-للبيع/الرياض/شرق-الرياض/حي-الجنادرية/شارع-المشرقيه-حي-الجنادرية-مدينة-الرياض-منطقة-الرياض-6798786,"فيلا للبيع في شارع المشرقيه , حي الجنادرية, مدينة الرياض, منطقة الرياض",2000000,380,7,0,0,0,حي الجنادرية,الرياض,شرق الرياض,"للبيع فيلا جديدة بمشروع المشرقية حي الجنادرية 
New villa for sale
مساحة :  ٣٨٠ م 
شارع:       ١٨ م 
الوجهة: شرقي شمالي 
- الدور الأرضي:
ملحق خارجي 
مجلس رجال 
صالة طعام 
مجلس نساء 
غرفة كبار سن 
غرفة خادمة 
مطبخ 
٣ دوراة مياة 
٠ حوش واسع مقدمة الفيلا 
٠وجلسة جهة مدخل النساء 
٠ مدخل رجال ومدخل نساء  وكراج 


-الدور الاول
 ٢ عرفة ماستر 
 و ٢ غرفة بينهما دورة مياة 
 ركن كوفي 

السطح واسع وفاضي",24.874873,46.912746,,,علي عبيد ناهي الرشيدي,,,2026-07-31,2026-07-31,2026-08-23,51,2026-08-23,True,"2,000,000",False,فيلا
6816234,https://sa.aqar.fm/فلل-للبيع/الرياض/شرق-الرياض/حي-الجنادرية/شارع-رقم-178-حي-الجنادرية-مدينة-الرياض-منطقة-الرياض-6816234,"فيلا للبيع في شارع رقم 178, حي الجنادرية, مدينة الرياض, منطقة الرياض",1100000,230,,2,1,5,حي الجنادرية,الرياض,شرق الرياض,"الدور الأرضي استقبال كامل
الدور الاول 
٤ غرف 
الماستر٢
وغرفتين تخدمهم دورة مياه 
وصاله مفتوحه
الدور الثاني غرفة شغاله مع غرفة غسيل",24.847223,46.880167,https://images.aqar.fm/webp/750x0/props/042553228_1786446511131.jpg | https://images.aqar.fm/webp/750x0/props/042553221_1786935805870.jpg | https://images.aqar.fm/webp/750x0/props/042553222_1786446511012.jpg | https://images.aqar.fm/webp/750x0/props/042553220_1786446511046.jpg | https://images.aqar.fm/webp/750x0/props/042553228_1786446511095.jpg | https://images.aqar.fm/webp/750x0/props/042553226_1786446511106.jpg,6,صالح بن عبيد بن عايش العنزي,مكتب ابداع الصحافة للخدمات العقارية,1,2026-08-11,2026-08-11,2026-08-23,77,2026-08-23,True,"1,100,000",False,فيلا
6812055,https://sa.aqar.fm/فلل-للبيع/الرياض/شرق-الرياض/حي-الجنادرية/شارع-محمد-حي-الجنادرية-مدينة-الرياض-منطقة-الرياض-6812055,"فيلا للبيع في شارع محمد, حي الجنادرية, مدينة الرياض, منطقة الرياض",1300000,364,5,0,0,0,حي الجنادرية,الرياض,شرق الرياض,"للبيع تاون هاوس علوي بمساحة 500 متر ، شارع 18 وعلى ممر 
مسطح بناء 364 متر 
مكون من : مجلس ومقلط وصاله و5 غرف نوم بينهم ثلاثه ناستر وسطح 
تأمين شامل ، ضمان 10 سنوات على كل الادوات المسخدمه 
اشراف هندسي كامل 
عداد مويه ، عداد كهرباء 
بمخطط غصون شرق الرياض",24.843374,46.892282,https://images.aqar.fm/webp/750x0/props/021228039_1786241808142.jpg | https://images.aqar.fm/webp/750x0/props/021228030_1786241831645.jpg | https://images.aqar.fm/webp/750x0/props/021228036_1786241831692.jpg | https://images.aqar.fm/webp/750x0/props/021228036_1786241831660.jpg | https://images.aqar.fm/webp/750x0/props/021228033_1786241831669.jpg | https://images.aqar.fm/webp/750x0/props/021228037_1786241831653.jpg | https://images.aqar.fm/webp/750x0/props/021228034_1786241831661.jpg,7,وليد زيد,مؤسسة تداول البيان للتطوير والاستثمار العقاري,1,2026-08-09,2026-08-09,2026-08-21,66,2026-08-23,True,"1,300,000",False,فيلا
6740420,https://sa.aqar.fm/فلل-للبيع/الرياض/شرق-الرياض/حي-الجنادرية/شارع-رقم-118-حي-الجنادرية-مدينة-الرياض-منطقة-الرياض-6740420,"فيلا للبيع في شارع رقم 118, حي الجنادرية, مدينة الرياض, منطقة الرياض",2000000,405,,5,4,11,حي الجنادرية,الرياض,شرق الرياض,"🏡 فيلا للبيع بحي: الجنادرية -
📍 | مخطط الشروق

فرصة استثمارية: 3 شقق + دور أرضي مستقل (إجمالي 4 وحدات)
المساحة: 405 م² · عمر العقار: 11 سنة
مسجّلة في نظام السجل العقاري · جميع الرخص متوفرة

تفاصيل الدور الأرضي (غير مؤجّر):
• 🔥 مشب خارجي
• 🪑 مجلس رجال
• 🛋️ مقلط
• 🚽 دورة مياه (للمجلس)
• 🪑 مجلس نساء
• 🍽️ مطبخ ملحق فيه مخزن داخلي + سيب غسيل
• 🛌 3 غرف نوم (1 منها ماستر)
• 🚽 دورة مياه
• 🚗 كراج يتسع لسيارتين + مظلة داخلية وفناء واسع
• 🧺 غرفة غسيل ومستودع

تفاصيل الشقق (الدور الأول: شقتان · السطح: شقة — جميعها نفس التصميم):
• 🚪 مدخلان
• 🪑 مجلس رجال + 🚽 دورة مياه
• 🍽️ مطبخ
• 🛋️ صالة
• 🛏️ غرفتان نوم
• 🚽 دورة مياه

السطح:
• 🛏️ شقة (نفس تصميم الشقق)
• 🛌 غرفة سائق مستقلة + 🚽 دورة مياه ومغسلة

الموقع والمميزات:
• ✅ موقع استراتيجي قريب من جميع الخدمات
• ✅ مسجد وروضة أطفال في امتداد نفس الشارع
• ✅ مدرسة ابتدائية بنات وأخرى أولاد على مقربة
• ✅ بناء عالي الجودة تنفيذًا وتشطيبًا

الدخل والإيجار:
• الشقق الثلاث مؤجّرة بإجمالي 7,500 ريال شهريًا (90,000 ريال سنويًا) — الدور الأرضي غير مؤجّر",24.837909,46.884962,https://images.aqar.fm/webp/750x0/props/050195514_1781967662542.jpg,1,الياس بن محمد بن دخيل الدخيل,,,2026-06-20,2026-08-17,2026-08-22,540,2026-08-23,True,"2,000,000",False,فيلا
6761972,https://sa.aqar.fm/فلل-للبيع/الرياض/شرق-الرياض/حي-الجنادرية/حي-الجنادرية-مدينة-الرياض-منطقة-الرياض-6761972,"فيلا للبيع في حي الجنادرية, مدينة الرياض, منطقة الرياض",1050000,250,6,0,0,0,حي الجنادرية,الرياض,شرق الرياض,"☆حي بوابه الشرق ☆
■للبيع فيلادبلكس درج داخلي ■
《《بناء شخصي》》
●بتصميم مودرن شخصي ●
{{مساحه : 250م }}
○ شمالية شارع 15

○واجهات الفيلا بطابع حجري ○مودرن والواجهات الزجاجية

○المواصفات:-
○الدور الارضي:
○تحت استقبال بالكامل 
○مدخل سياره 
○ درج داخلي 
○وتأسيس مصعد 
○حوش 
○ومجلس رجال مع دورة مياة
 ○مقلط 
○صالةاستقبال 
 ○مطبخ
○دورة مياة مشترك 
○حوش خلفي 
《《《《《
○الدور الاول :-
○غرفة نوم ماستر 
○غرفة نوم ماستر 
○غرفة نوم 
○غرفة نوم 
○صالة استقبال 
○دورة مياة مشترك 

♧♧دور ثاني &&
○ صالة استقبال 
○غرفه نوم
○غرفة شغالة مع دورة مياه 
○ دورة مياة مشترك 
○سطح 
¤مميزات الفيلا :
¤١/ اشراف مكتب هندسي ¤معتمد حديد سابك .
¤٢/ الانابيب خضراء ضمان 15 ¤سنة .
¤٣/ تأمين شركة ملاذ ضد ¤العيوب الخفيه حسب الكود ¤السعودي وشهادة اتمام بناء .
¤٤/ جميع الضمانات بالفواتير ¤مع تصوير مراحل البناء

كما نستقبل عروضكم وطلباتكم 
مؤسسة احكام الرمال العقاريه 
للتواصل
((الرقم يظهر عند الضغط على اتصال))
ابوتركي",24.906421,46.963598,https://images.aqar.fm/webp/750x0/props/001566184_1783339393261.jpg | https://images.aqar.fm/webp/750x0/props/001566181_1783339401171.jpg | https://images.aqar.fm/webp/750x0/props/001566186_1783339412580.jpg | https://images.aqar.fm/webp/750x0/props/001566189_1783339412575.jpg | https://images.aqar.fm/webp/750x0/props/001566188_1783339412575.jpg | https://images.aqar.fm/webp/750x0/props/001566182_1783339412524.jpg | https://images.aqar.fm/webp/750x0/props/001566186_1783339412524.jpg | https://images.aqar.fm/webp/750x0/props/001566186_1783339412574.jpg | https://images.aqar.fm/webp/750x0/props/001566181_1783339412577.jpg | https://images.aqar.fm/webp/750x0/props/001566186_1783339412540.jpg | https://images.aqar.fm/webp/750x0/props/001566189_1783339425047.jpg | https://images.aqar.fm/webp/750x0/props/001566189_1783339425044.jpg | https://images.aqar.fm/webp/750x0/props/001566181_1783339425055.jpg | https://images.aqar.fm/webp/750x0/props/001566185_1783339424991.jpg | https://images.aqar.fm/webp/750x0/props/001566181_1783339425050.jpg | https://images.aqar.fm/webp/750x0/props/001566184_1783339425046.jpg | https://images.aqar.fm/webp/750x0/props/001566180_1783339425051.jpg | https://images.aqar.fm/webp/750x0/props/001566185_1783339445311.jpg | https://images.aqar.fm/webp/750x0/props/001566181_1783339445315.jpg | https://images.aqar.fm/webp/750x0/props/001566188_1783339445298.jpg,20,نوف سعيد,مؤسسة أحكام الرمال للخدمات العقارية,1,2026-07-06,2026-08-04,2026-08-10,136,2026-08-23,True,"1,050,000",False,فيلا
6769537,https://sa.aqar.fm/فلل-للبيع/الرياض/شرق-الرياض/حي-الجنادرية/حي-الجنادرية-مدينة-الرياض-منطقة-الرياض-6769537,"فيلا للبيع في حي الجنادرية, مدينة الرياض, منطقة الرياض",696000,300,7,5,2,0,حي الجنادرية,الرياض,شرق الرياض,"للبيع تاون هاوس أرضي في الرياض
في بوابة الشرق - حي الجنادرية
التفاصيل تتكون من:
1- مجلس
2- مقلط
3- صالة
4- مطبخ + غرفة خادمة ودورة مياه
5- ثلاثة غرف نوم منها غرفه ماستر

مساحة الأرض: 300
المخطط: 3768
السعر : 696 الف قابل للتفاوض
الترخيص الإعلاني: 7200977240

للتواصل : 
((الرقم يظهر عند الضغط على اتصال))
((الرقم يظهر عند الضغط على اتصال))

شركة سمة الوسيط العقارية",24.894714,46.960498,https://images.aqar.fm/webp/750x0/props/028564769_1783802873547.jpg | https://images.aqar.fm/webp/750x0/props/028564761_1783802890972.jpg | https://images.aqar.fm/webp/750x0/props/028564761_1783802890973.jpg | https://images.aqar.fm/webp/750x0/props/028564761_1783802890972.jpg | https://images.aqar.fm/webp/750x0/props/028564761_1783802890972.jpg | https://images.aqar.fm/webp/750x0/props/028564768_1783802901725.jpg | https://images.aqar.fm/webp/750x0/props/028564763_1783802914858.jpg | https://images.aqar.fm/webp/750x0/props/028564769_1783802914857.jpg | https://images.aqar.fm/webp/750x0/props/028564765_1783802914856.jpg | https://images.aqar.fm/webp/750x0/props/028564763_1783802914858.jpg | https://images.aqar.fm/webp/750x0/props/028564769_1783802914870.jpg | https://images.aqar.fm/webp/750x0/props/028564764_1783802914864.jpg,12,أحمد بن سعد بن معتق,شركة سمة الوسيط العقارية,1,2026-07-11,2026-08-10,2026-08-20,1023,2026-08-23,True,"696,000",False,فيلا
6808061,https://sa.aqar.fm/فلل-للبيع/الرياض/شرق-الرياض/حي-الجنادرية/شارع-رقم-56-حي-الجنادرية-الرياض-منطقة-الرياض-6808061,فيلا للبيع في شارع رقم 56 ، حي الجنادرية ، الرياض ، منطقة الرياض,2300000,337,5,5,1,15,حي الجنادرية,الرياض,شرق الرياض,"تفاصيل العقار:
	•	المساحة: 337.5 متر مربع
	•	الشارع: 15 متر
	•	عمر العقار: 15 سنة
	•	تحتوي على شقتين للإيجار، لكل منهما مدخل جانبي مستقل

موقع متميز وخدمات متكاملة في الحي",24.81567,46.87513,https://images.aqar.fm/webp/750x0/props/037420371_1785962262379.jpg,1,بندر بن عبدالرحمن بن محمد البيشي,,,2026-08-05,,2026-08-05,28,2026-08-23,False,طلب تسويق,False,فيلا
6586858,https://sa.aqar.fm/فلل-للبيع/الرياض/شرق-الرياض/حي-الجنادرية/شارع-رقم-188-حي-الجنادرية-مدينة-الرياض-منطقة-الرياض-6586858,"فيلا للبيع في شارع رقم 188, حي الجنادرية, مدينة الرياض, منطقة الرياض",750000,184,6,,,0,حي الجنادرية,الرياض,شرق الرياض,"فرصة مميزة للسكن أو الاستثمار بمواصفات عالية وجودة مضمونة ✨

**مؤسسة درة الإنشاءات والتشييد للمقاولات العامة**
تقدم لكم وحدات سكنية بتصميم عصري وتشطيبات راقية
📍 موقع مميز قريب من جميع الخدمات (مدارس – مساجد – أسواق – نادى رياضي - حدائق عامه -طرق رئيسية)

🔹 **تفاصيل الوحدة:**
  تاون هاوس علوي 
مساحه ١٨٥ متر 
عبارة عن مدخل سيارة مؤسس مصعد 
الدور الاول
 عباره عن مجلس ومقلط ومطبخ وغرفة ماستر و٣ دورات مياه 
الدور الثاني
 عبارة عن صالة وغرفتين نوم منهم واحده ماستر ودورتين مياه وسطح 
السعر 750 الف

🔐 **الضمانات:**
✔️ سباكة
✔️ كهرباء
✔️ عوازل
✔️ خزانات
✔️ مصاعد
✔️ إشراف هندسي
✔️ تأمين ملاذ
✔️ الدفاع المدني

⚡ **مزايا الوحدة:**

* عداد كهرباء مستقل
* خزان أرضي وخزان علوي مستقل

📄 **الأوراق مكتملة وجاهزة للإفراغ:**
صك | محضر فرز | رخصة بناء | شهادة إتمام بناء | تأمين

💎 **امتلك وحدتك الآن بثقة وأمان**
مع **شركة درة الإنشاءات والتشييد**

📞 **للتواصل والاستفسار:**
(((رقم المعلن يظهر عند التواصل)))

🤝 **نسعد بخدمتكم**
*والله ولي التوفيق*",24.850749,46.88577,https://images.aqar.fm/webp/750x0/props/043687350_1770839629293.jpg | https://images.aqar.fm/webp/750x0/props/043687350_1770839629434.jpg | https://images.aqar.fm/webp/750x0/props/043687359_1770839629437.jpg | https://images.aqar.fm/webp/750x0/props/043687358_1770839629291.jpg | https://images.aqar.fm/webp/750x0/props/043687352_1770839629333.jpg | https://images.aqar.fm/webp/750x0/props/043687356_1770839629506.jpg | https://images.aqar.fm/webp/750x0/props/043687359_1770839629529.jpg | https://images.aqar.fm/webp/750x0/props/043687355_1770839629632.jpg | https://images.aqar.fm/webp/750x0/props/043687354_1770839629715.jpg | https://images.aqar.fm/webp/750x0/props/043687356_1770839629634.jpg | https://images.aqar.fm/webp/750x0/props/043687352_1770839629713.jpg | https://images.aqar.fm/webp/750x0/props/043687351_1770839629713.jpg | https://images.aqar.fm/webp/750x0/props/043687358_1770839629895.jpg | https://images.aqar.fm/webp/750x0/props/043687355_1770839629831.jpg | https://images.aqar.fm/webp/750x0/props/043687357_1770839629935.jpg,15,منيره مناحي بن جابر ال فهاد,مؤسسة درة الانشاءات والتشييد للمقاولات العامة,1,2026-02-11,2026-08-05,2026-08-22,2088,2026-08-23,True,"750,000",False,فيلا
6670814,https://sa.aqar.fm/فلل-للبيع/الرياض/شرق-الرياض/حي-الجنادرية/شارع-رقم-165-حي-الجنادرية-مدينة-الرياض-منطقة-الرياض-6670814,"فيلا للبيع في شارع رقم 165, حي الجنادرية, مدينة الرياض, منطقة الرياض",1150000,337,5,0,0,0,حي الجنادرية,الرياض,شرق الرياض,"فيلا فاخرة للبيع 🏡✨ بحي الجنادرية 📍

🔹 تفاصيل العقار:

🏠 الدور الأرضي:

* مجلس 🛋️
* مقلط 🍽️
* صالة كبيرة 🛋️✨
* مطبخ 🍳
* دورة مياه 🚿
* حوش واسع 🌿

🏠 الدور الأول:

* 3 غرف نوم 🛏️
* صالة عائلية 🛋️
* 3 دورات مياه 🚿
* 2 غرف نوم ماستر 🛌✨

🏠 الدور الثاني:

* غرفتين نوم 🛏️
* صالة 🛋️
* سطح واسع 🌤️
* سطح خاص لغرفة نوم 🌿✨

📍 الموقع: مميز وقريب من جميع الخدمات 🏪🏫
🎨 التصميم: فاخر وعصري
🚗 المواقف: تتسع للجميع بسهولة

💰 السعر: 1,150,000 ريال فقط 💵🔥

✨ فرصة سكن مميزة تجمع الفخامة والموقع الرائع",24.848793,46.862979,https://images.aqar.fm/webp/750x0/props/037220703_1777222235662.jpg | https://images.aqar.fm/webp/750x0/props/037220700_1777222235671.jpg | https://images.aqar.fm/webp/750x0/props/037220703_1777222235644.jpg | https://images.aqar.fm/webp/750x0/props/037220704_1777222235790.jpg | https://images.aqar.fm/webp/750x0/props/037220703_1777222235764.jpg | https://images.aqar.fm/webp/750x0/props/037220704_1777222235638.jpg | https://images.aqar.fm/webp/750x0/props/037220701_1777222235766.jpg,7,مشهور العقص,مؤسسة واجهة القادسية للخدمات العقارية,1,2026-04-26,2026-08-21,2026-08-21,306,2026-08-23,True,"1,150,000",False,فيلا
6792722,https://sa.aqar.fm/فلل-للبيع/الرياض/شرق-الرياض/حي-الجنادرية/شارع-السليمانية-حي-الجنادرية-الرياض-منطقة-الرياض-6792722,فيلا للبيع في شارع السليمانية ، حي الجنادرية ، الرياض ، منطقة الرياض,1100000,187,6,4,2,1,حي الجنادرية,الرياض,شرق الرياض,"البيت مدخل سياره مستقل حوش مصغر ودور ثاني وشقه بالدور الثالث
وامام طريق خريص وخمس دقايق عن الطريق الدائري",24.804377,46.855568,https://images.aqar.fm/webp/750x0/props/038941605_1785158651082.jpg | https://images.aqar.fm/webp/750x0/props/038941604_1785158651120.jpg,2,الشايش بن عامق بن علي العنزي,,,2026-07-27,,2026-07-27,45,2026-08-23,False,طلب تسويق,False,فيلا
6760927,https://sa.aqar.fm/فلل-للبيع/الرياض/شرق-الرياض/حي-الجنادرية/شارع-الركب-حي-الجنادرية-مدينة-الرياض-منطقة-الرياض-6760927,"فيلا للبيع في شارع الركب, حي الجنادرية, مدينة الرياض, منطقة الرياض",1700000,370,,0,0,0,حي الجنادرية,الرياض,شرق الرياض,"التصميم سمبل بي 
الدور الارضي 
ملحق خارجي ومجلس مع دورة مياة 
صاله+ دورتين مياه 
مطبخ تقديم 
مطبخ طبخ 
غرفة خادمة مع غساله 
الدور الاول 
اربع غرف نوم  
مع ثلاث دورة مياه 
الدور الثاني 
غرفة مع دورة مياه وسطح
‏الآن مؤجر على صيني 60,000
‏قريبة من المسجد قريبة من حديقة",24.824717,46.851145,https://images.aqar.fm/webp/750x0/props/002963499_1783267956942.jpg | https://images.aqar.fm/webp/750x0/props/002963496_1783267956976.jpg | https://images.aqar.fm/webp/750x0/props/002963490_1783267956953.jpg | https://images.aqar.fm/webp/750x0/props/002963492_1783267956984.jpg | https://images.aqar.fm/webp/750x0/props/002963497_1783268184928.jpg,5,فواز خلف حمود العنزي,,,2026-07-05,2026-07-05,2026-07-25,391,2026-08-23,True,"1,700,000",False,فيلا
6586739,https://sa.aqar.fm/فلل-للبيع/الرياض/شرق-الرياض/حي-الجنادرية/حي-الجنادرية-مدينة-الرياض-منطقة-الرياض-6586739,"فيلا للبيع في حي الجنادرية, مدينة الرياض, منطقة الرياض",1250000,277,7,5,3,0,حي الجنادرية,الرياض,شرق الرياض,"السلام عليكم ورحمه الله وبركاته 
يسعدنا ان نقدم لكم عرضا مميزا 
فيلا درج صاله وشقه

 مساحه الارض مساحه ٢٧٧م
 
الفيلا عباره عن مدخل سيارة ملحق خارجي مجلس رجال مقلط صاله مطبخ غرفه كبار سن درج صاله اربع غرف نوم وصاله

 الشقه بمدخل مستقل عباره  غرفتين نوم وصاله ومطبخ ومجلس مؤسس
 
( الفيلا التانيه مجلس واحد بدون ملحق خارجي)

للتواصل ((رقم المعلن يظهر عند التواصل))

لدينا مساحات مختلفه باسعار مختلفه في جميع انحاء الرياض",24.848564,46.901334,https://images.aqar.fm/webp/750x0/props/002452711_1770834263960.jpg | https://images.aqar.fm/webp/750x0/props/002452715_1770834263037.jpg | https://images.aqar.fm/webp/750x0/props/002452716_1770834263120.jpg | https://images.aqar.fm/webp/750x0/props/002452719_1770834263211.jpg | https://images.aqar.fm/webp/750x0/props/002452719_1770834263240.jpg | https://images.aqar.fm/webp/750x0/props/002452710_1770834263299.jpg | https://images.aqar.fm/webp/750x0/props/002452717_1770834263398.jpg | https://images.aqar.fm/webp/750x0/props/002452715_1770834263402.jpg | https://images.aqar.fm/webp/750x0/props/002452715_1770834263488.jpg | https://images.aqar.fm/webp/750x0/props/002452713_1770834263580.jpg | https://images.aqar.fm/webp/750x0/props/002452713_1770834263672.jpg | https://images.aqar.fm/webp/750x0/props/002452711_1770834263766.jpg | https://images.aqar.fm/webp/750x0/props/002452716_1770834263852.jpg | https://images.aqar.fm/webp/750x0/props/002452711_1770834263864.jpg,14,خالد العصيمي,شركة بنود العقارية,1,2026-02-11,2026-08-05,2026-08-23,678,2026-08-23,True,"1,250,000",False,فيلا
6749835,https://sa.aqar.fm/فلل-للبيع/الرياض/شرق-الرياض/حي-الجنادرية/شارع-ممر77-حي-الجنادرية-مدينة-الرياض-منطقة-الرياض-6749835,"فيلا للبيع في شارع ممر77, حي الجنادرية, مدينة الرياض, منطقة الرياض",1250000,342,5,0,0,0,حي الجنادرية,الرياض,شرق الرياض,"� للبيع فيلا درج داخلي + شقة – حي المعالي

📐 مساحة الأرض: 200م²
🧭 الواجهة: غربية
🛣️ شارع: 15م

🔹 مواصفات الفيلا:
▪️ مجلس رجال مع دورة مياه ومغاسل
▪️ صالة واسعة
▪️ غرفة كبار سن
▪️ مطبخ
▪️ دورة مياه ومغاسل تخدم الصالة

🔹 الدور الأول:
▪️ 4 غرف نوم
▪️ غرفتان ماستر
▪️ دورة مياه تخدم غرفتين

🔹 مواصفات الشقة:
▪️ غرفتا نوم
▪️ صالة
▪️ مجلس

💰 السعر: 1,250,000 ريال

📍 الموقع: حي المعالي",24.851166,46.863408,https://images.aqar.fm/webp/750x0/props/018085964_1782571526686.jpg | https://images.aqar.fm/webp/750x0/props/018085962_1782571526729.jpg | https://images.aqar.fm/webp/750x0/props/018085960_1782571526678.jpg | https://images.aqar.fm/webp/750x0/props/018085964_1782571526746.jpg | https://images.aqar.fm/webp/750x0/props/018085964_1782571526741.jpg | https://images.aqar.fm/webp/750x0/props/018085962_1782571526742.jpg | https://images.aqar.fm/webp/750x0/props/018085962_1782571526746.jpg | https://images.aqar.fm/webp/750x0/props/018085968_1782571526705.jpg,8,خالد مرزوق عواض المطيري,,,2026-06-27,2026-06-27,2026-06-27,0,2026-08-23,True,"1,250,000",False,فيلا
6824690,https://sa.aqar.fm/فلل-للبيع/الرياض/شرق-الرياض/حي-الجنادرية/شارع-فني-حي-الجنادرية-مدينة-الرياض-منطقة-الرياض-6824690,"فيلا للبيع في شارع فني , حي الجنادرية, مدينة الرياض, منطقة الرياض",930000,201,4,5,2,0,حي الجنادرية,الرياض,شرق الرياض,"🛑للبيـــــــــــــــع🛑
فيلا في بوابة الشرق 
درج داخلي
 مساحه ٢٠١م 
في بوابه الشرق 
شارع ١٥ شمالي
تحت مجلس ومقلط وصاله ومطبخ 
٢ دورات مياه 
فوق ٣ غرف وصاله واحده مستر ب حمام
والدور ٣ غرفه خادمه بحمام وغرفه مستر ب حمام
………..
حرررره ماعليها بنك 
معها شهادة اتمام وتقبل البنك 👍🏻
وجميع اوراقها وضماناتها موجوده 
💵💵💵💵💵💵",24.908225,46.962064,https://images.aqar.fm/webp/750x0/props/026897858_1786840558491.jpg | https://images.aqar.fm/webp/750x0/props/026897859_1786840559916.jpg | https://images.aqar.fm/webp/750x0/props/026897852_1786840557584.jpg | https://images.aqar.fm/webp/750x0/props/026897852_1786840555591.jpg | https://images.aqar.fm/webp/750x0/props/026897851_1786840556203.jpg | https://images.aqar.fm/webp/750x0/props/026897859_1786840556643.jpg | https://images.aqar.fm/webp/750x0/props/026897855_1786840556793.jpg | https://images.aqar.fm/webp/750x0/props/026897852_1786840556983.jpg | https://images.aqar.fm/webp/750x0/props/026897853_1786840557269.jpg | https://images.aqar.fm/webp/750x0/props/026897852_1786840557898.jpg | https://images.aqar.fm/webp/750x0/props/026897850_1786840558210.jpg | https://images.aqar.fm/webp/750x0/props/026897856_1786840558760.jpg | https://images.aqar.fm/webp/750x0/props/026897858_1786840559116.jpg | https://images.aqar.fm/webp/750x0/props/026897852_1786840559493.jpg | https://images.aqar.fm/webp/750x0/props/026897854_1786840559697.jpg | https://images.aqar.fm/webp/750x0/props/026897856_1786840560330.jpg | https://images.aqar.fm/webp/750x0/props/026897850_1786840560757.jpg | https://images.aqar.fm/webp/750x0/props/026897853_1786840560959.jpg | https://images.aqar.fm/webp/750x0/props/026897855_1786840561259.jpg | https://images.aqar.fm/webp/750x0/props/026897855_1786840561554.jpg | https://images.aqar.fm/webp/750x0/props/026897854_1786840561845.jpg | https://images.aqar.fm/webp/750x0/props/026897855_1786840562156.jpg | https://images.aqar.fm/webp/750x0/props/026897850_1786840562449.jpg | https://images.aqar.fm/webp/750x0/props/026897852_1786840562774.jpg | https://images.aqar.fm/webp/750x0/props/026897853_1786840563080.jpg | https://images.aqar.fm/webp/750x0/props/026897851_1786840563396.jpg,26,جواهر بنت عبدالعزيز بن سعيد ال سعيد,مكتب ريحانة نجد للعقارات,1,2026-08-16,2026-08-16,2026-08-23,25,2026-08-23,True,"930,000",False,فيلا
6615537,https://sa.aqar.fm/فلل-للبيع/الرياض/شرق-الرياض/حي-الجنادرية/شارع-وادي-مليان-حي-الجنادرية-مدينة-الرياض-منطقة-الرياض-6615537,"فيلا للبيع في شارع وادي مليان , حي الجنادرية, مدينة الرياض, منطقة الرياض",1500000,300,5,0,0,0,حي الجنادرية,الرياض,شرق الرياض,"فيلا فاخر حي الجنادرية بوابة الشرق
درج داخلي وشقتين
مساحة:300 م
تتكون الفيلا مشب رجال ومجلس رجال ومقلط رجال 
صالة نساء 5في 7 غرفة كبار سن مطبخ مستودع دورتين مياة
دور اول : 3 غرف نوم منها ماستر وصالة
دور الثاني : غرف خادمة ودورة مياة وسطح

الشقق شقتين
تتكون كل شقة 3 غرفة نوم وصالة ومطبخ دورتين مياة ومدخلين

العرض حصري لدى شركة رمز المساكن العقاريه 

ابوسعود",24.903175,46.9594,,,محمد السلمى,شركة رمز المساكن العقارية,1,2026-03-05,2026-07-29,2026-08-23,238,2026-08-23,True,"1,500,000",False,فيلا
6532634,https://sa.aqar.fm/فلل-للبيع/الرياض/شرق-الرياض/حي-الجنادرية/شارع-رقم-176-حي-الجنادرية-مدينة-الرياض-منطقة-الرياض-6532634,"فيلا للبيع في شارع رقم 176, حي الجنادرية, مدينة الرياض, منطقة الرياض",1250000,238,4,,,0,حي الجنادرية,الرياض,شرق الرياض,"للبيع تاون هاوس أرضى بحى الجنادرية مخطط غصون .
مساحه 238م 
الدور الأرضى مدخلين 
حوش مدخل سيارة 
مجلس رجال + مقلط + مطبخ + غرفه خادمه بدورة مياه+صاله + دورة مياه+ غرفه نوم ماستر 
درج داخلى 
الدور الثانى 
غرفه نوم + دورة مياه +غرفه نوم ماستر 
👏🏼موقع العقار تقريبي👏🏼
التمويل العقارى بنك الراجحى والأهلى والرياض والعربي والبلاد 
 •أعلى مبلغ تمويل عقارى للعسكري والمدنى والمتقاعد
• تنزيل الدعم المستحق 
• حلول التمويل العقارى وإنجاز المعاملة فى أسرع وقت ممكن
وإنهاء الاجراءات
•البناء الذاتي الارض القرض
رخصة البناء تسليم مفتاح وقت وجيز
_
•تمويل عقاري للمدعومين وغير المدعومين
•تمويل جميع القطاعات حكومي - عساكر - قطاع خاص معتمد  
•برنامج خاص للعساكر والمتقاعدين
_
•نساعدك في توحيد الالتزامات
•تقديم جميع التسهيلات العقاريه
•توفير الخدمات بجميع مدن المملكه
•سرعه في انجاز المعاملات
•امكانية التضامن لزياده مبلغ التمويل
•نساعدك في معرفه الحسبه البنكيه
•تأمين الدفعه المقدمه للبنك",24.846475,46.880164,https://images.aqar.fm/webp/750x0/props/007474050_1767510421591.jpg | https://images.aqar.fm/webp/750x0/props/007474059_1767510421595.jpg | https://images.aqar.fm/webp/750x0/props/007474051_1767510421612.jpg | https://images.aqar.fm/webp/750x0/props/007474058_1767510421701.jpg | https://images.aqar.fm/webp/750x0/props/007474059_1767510421701.jpg | https://images.aqar.fm/webp/750x0/props/007474050_1767510421796.jpg | https://images.aqar.fm/webp/750x0/props/007474058_1767510421875.jpg | https://images.aqar.fm/webp/750x0/props/007474056_1767510422001.jpg | https://images.aqar.fm/webp/750x0/props/007474056_1767510422143.jpg | https://images.aqar.fm/webp/750x0/props/007474057_1767510422161.jpg | https://images.aqar.fm/webp/750x0/props/007474054_1767510422266.jpg,11,فاطمه طاهر,مؤسسة سما بيان العقارية,1,2026-01-04,2026-01-04,2026-06-30,1764,2026-08-23,True,"1,250,000",False,فيلا
6468016,https://sa.aqar.fm/فلل-للبيع/الرياض/شرق-الرياض/حي-الجنادرية/شارع-الضياء-حي-الجنادرية-مدينة-الرياض-منطقة-الرياض-6468016,"فيلا للبيع في شارع الضياء, حي الجنادرية, مدينة الرياض, منطقة الرياض",16570000,249,6,,,0,حي الجنادرية,الرياض,شرق الرياض,"حي الجندريه 
فله درج داخي 
مع شقه 
مجلس 
مقلط 
صاله 
مطبخ مع غرفة خادمه بدورت مياه 
غرف ٣
وشقه 
حوش سطح كبير 
مجلس 
مطبخ 
صاله 
غرف ٢",24.849437,46.893923,https://images.aqar.fm/webp/750x0/props/042914504_1763221864707.jpg | https://images.aqar.fm/webp/750x0/props/042914505_1763221864718.jpg | https://images.aqar.fm/webp/750x0/props/042914506_1763221864688.jpg | https://images.aqar.fm/webp/750x0/props/042914509_1763221864671.jpg | https://images.aqar.fm/webp/750x0/props/042914503_1763221864695.jpg | https://images.aqar.fm/webp/750x0/props/042914501_1763221864681.jpg | https://images.aqar.fm/webp/750x0/props/042914503_1763221864698.jpg,7,ماجد البقمي,,0,2025-11-15,2025-11-15,2026-08-18,379,2026-08-23,True,"16,570,000",False,فيلا
6832190,https://sa.aqar.fm/فلل-للبيع/الرياض/شرق-الرياض/حي-الجنادرية/شارع-حي-غصون-حي-الجنادرية-مدينة-الرياض-منطقة-الرياض-6832190,"فيلا للبيع في شارع حي غصون , حي الجنادرية, مدينة الرياض, منطقة الرياض",950000,280,6,5,2,0,حي الجنادرية,الرياض,شرق الرياض,,24.905916,46.9447,https://images.aqar.fm/webp/750x0/props/019015305_1787189712950.jpg | https://images.aqar.fm/webp/750x0/props/019015304_1787189712981.jpg | https://images.aqar.fm/webp/750x0/props/019015301_1787189712953.jpg | https://images.aqar.fm/webp/750x0/props/019015309_1787189712974.jpg | https://images.aqar.fm/webp/750x0/props/019015305_1787189771015.jpg | https://images.aqar.fm/webp/750x0/props/019015307_1787189770926.jpg | https://images.aqar.fm/webp/750x0/props/019015301_1787189770926.jpg | https://images.aqar.fm/webp/750x0/props/019015304_1787189770928.jpg | https://images.aqar.fm/webp/750x0/props/019015302_1787189770967.jpg | https://images.aqar.fm/webp/750x0/props/019015300_1787189770927.jpg | https://images.aqar.fm/webp/750x0/props/019015308_1787189770965.jpg | https://images.aqar.fm/webp/750x0/props/019015302_1787189853815.jpg | https://images.aqar.fm/webp/750x0/props/019015308_1787189853836.jpg | https://images.aqar.fm/webp/750x0/props/019015308_1787189853818.jpg | https://images.aqar.fm/webp/750x0/props/019015308_1787189853843.jpg | https://images.aqar.fm/webp/750x0/props/019015301_1787189853817.jpg | https://images.aqar.fm/webp/750x0/props/019015305_1787189853840.jpg | https://images.aqar.fm/webp/750x0/props/019015304_1787189853838.jpg | https://images.aqar.fm/webp/750x0/props/019015300_1787190019580.jpg | https://images.aqar.fm/webp/750x0/props/019015304_1787190019588.jpg | https://images.aqar.fm/webp/750x0/props/019015309_1787190019594.jpg | https://images.aqar.fm/webp/750x0/props/019015306_1787190019595.jpg | https://images.aqar.fm/webp/750x0/props/019015302_1787190019597.jpg | https://images.aqar.fm/webp/750x0/props/019015307_1787190019588.jpg | https://images.aqar.fm/webp/750x0/props/019015308_1787190019594.jpg | https://images.aqar.fm/webp/750x0/props/019015303_1787190019587.jpg | https://images.aqar.fm/webp/750x0/props/019015306_1787190107970.jpg | https://images.aqar.fm/webp/750x0/props/019015303_1787190107972.jpg | https://images.aqar.fm/webp/750x0/props/019015308_1787190108025.jpg | https://images.aqar.fm/webp/750x0/props/019015300_1787190108026.jpg,30,عبدالله علي,,0,2026-08-20,2026-08-20,2026-08-20,33,2026-08-23,True,"950,000",False,فيلا
6732595,https://sa.aqar.fm/فلل-للبيع/الرياض/شرق-الرياض/حي-الجنادرية/شارع-آل-خرشان-حي-الجنادرية-مدينة-الرياض-منطقة-الرياض-6732595,"فيلا للبيع في شارع آل خرشان, حي الجنادرية, مدينة الرياض, منطقة الرياض",1200000,300,4,,,4,حي الجنادرية,الرياض,شرق الرياض,"فيلا نموذج النرجس في بوابة الشرق 
المساحه /300 
وصف الفيلا 
ثلاث ادوار درج داخلي 
الدور الاول / مجلس وصالة وحمامين ومطبخ ومدخلين واحد للرجال والثاني للحريم وحوش كبير ولله الحمد
الدور الثاني / اربع غرف نوم منهاغرفة ماستر بدورة مياة ودورة مياه ثانيه للغرف الثلاث 
الدور الثالث غرفة ماستر بدورة المياة للخادمة مع مكان للغسيل والكوي اضافة معها السطح 
الفيلا مؤجره الان وينتهي في نهاية شعبان هذي السنه
المطلوب للبنك مبلغ 800000
والمطلوب كامل المبلغ 1250000
مباشر مع المالك
الرجاء التواصل وتساب 
https://maps.app.goo.gl/j1ZjqchmhF31XYEm7?g_st=awb",24.906354,46.94795,https://images.aqar.fm/webp/750x0/props/045843107_1781449343560.jpg | https://images.aqar.fm/webp/750x0/props/045843102_1781449343554.jpg | https://images.aqar.fm/webp/750x0/props/045843106_1781449344041.jpg | https://images.aqar.fm/webp/750x0/props/045843105_1781449343602.jpg | https://images.aqar.fm/webp/750x0/props/045843108_1781449343639.jpg | https://images.aqar.fm/webp/750x0/props/045843101_1781449343739.jpg | https://images.aqar.fm/webp/750x0/props/045843104_1781449343790.jpg | https://images.aqar.fm/webp/750x0/props/045843100_1781449343834.jpg | https://images.aqar.fm/webp/750x0/props/045843108_1781449343839.jpg | https://images.aqar.fm/webp/750x0/props/045843108_1781449343880.jpg,10,عبدالملك ابراهيم محمد الجمعان,شركة بنايات نجد للتسويق شخص واحد,1,2026-06-14,2026-08-11,2026-08-22,173,2026-08-23,True,"1,200,000",False,فيلا
6655607,https://sa.aqar.fm/فلل-للبيع/الرياض/شرق-الرياض/حي-الجنادرية/شارع-85421-حي-الجنادرية-مدينة-الرياض-منطقة-الرياض-6655607,"فيلا للبيع في شارع 85421, حي الجنادرية, مدينة الرياض, منطقة الرياض",1500000,350,5,,,0,حي الجنادرية,الرياض,شرق الرياض,"فيلا للبيع بالجنادريه

المساحة : 350م
الواجهة : غربية
الشارع : 25 
المواصفات
٣ غرف نوم ٢ ماستر 
صاله نساء 
صالة طعام 
مجلس رجال 
ملحق خارجي 
غرفة عامله 
مخزن مع غرفة غسيل 
مؤسس مصعد 
٦ دورات مياه 
فله مستقله
مرهونه لبنك الراجحي سداد مبكر ٩٨٠ الف
علي السوم
الموقع
https://maps.app.goo.gl/gZQuriSkThuV6P6WA?g_st=iw",24.821108,46.852024,https://images.aqar.fm/webp/750x0/props/048774431_1776218951419.jpg | https://images.aqar.fm/webp/750x0/props/048774437_1776218951629.jpg,2,فيصل السلمان,مؤسسة فيصل عبدالملك سلمان السلمان للعقارات,1,2026-04-15,2026-08-09,2026-08-23,962,2026-08-23,True,"1,500,000",False,فيلا
6581308,https://sa.aqar.fm/فلل-للبيع/الرياض/شرق-الرياض/حي-الجنادرية/حي-الجنادرية-مدينة-الرياض-منطقة-الرياض-6581308,"فيلا للبيع في حي الجنادرية, مدينة الرياض, منطقة الرياض",2200000,350,7,1,0,0,حي الجنادرية,الرياض,شرق الرياض,"🏡✨ فيلا للبيع – شرق الرياض (المشرقية بالجنادرية) ✨🏡
فيلا مميزة للسكن الراقي 🌿
موقع ممتاز وقريب من كافة الخدمات 🛍️🕌
مكان هادئ يوفر الخصوصية والرفاهية 👌
🆕                             جديدة – ماسكنت
🎨 تشطيب سوبر عالي الجودة
🏠 مكونة من دورين:
🔹 الدور الأرضي:
🛋️ مجلس رجال
🛋️ مجلس نساء
🍽️ مقلط
🛋️🛋️ عدد ٢ صالة
🍳 مطبخ
🚻 عدد ٣ حمامات
🧺 غرفة غسيل
👩‍🍳 غرفة خادمة مع حمام خاص
🌴🚗 حوش واسع جدًا
🔹 الدور الأول:
🛏️🛁 ٢ غرفة نوم ماستر
🛏️🛁 ٢ غرفة نوم مع حمام مشترك
🌤️ فناء / سطح ممتاز
💰 السعر: 2,200,000 ريال
📍 شرق الرياض – حي الجنادرية",24.828593,46.860355,https://images.aqar.fm/webp/750x0/props/004487492_1770565103983.jpg | https://images.aqar.fm/webp/750x0/props/004487490_1770565093204.jpg | https://images.aqar.fm/webp/750x0/props/004487496_1770565093573.jpg | https://images.aqar.fm/webp/750x0/props/004487494_1770565093851.jpg | https://images.aqar.fm/webp/750x0/props/004487492_1770565094492.jpg | https://images.aqar.fm/webp/750x0/props/004487496_1770565095492.jpg | https://images.aqar.fm/webp/750x0/props/004487494_1770565096596.jpg | https://images.aqar.fm/webp/750x0/props/004487490_1770565096709.jpg | https://images.aqar.fm/webp/750x0/props/004487490_1770565096987.jpg | https://images.aqar.fm/webp/750x0/props/004487494_1770565098449.jpg | https://images.aqar.fm/webp/750x0/props/004487491_1770565098964.jpg | https://images.aqar.fm/webp/750x0/props/004487492_1770565099582.jpg | https://images.aqar.fm/webp/750x0/props/004487498_1770565099991.jpg | https://images.aqar.fm/webp/750x0/props/004487496_1770565100550.jpg | https://images.aqar.fm/webp/750x0/props/004487497_1770565100909.jpg | https://images.aqar.fm/webp/750x0/props/004487494_1770565101399.jpg | https://images.aqar.fm/webp/750x0/props/004487492_1770565103994.jpg | https://images.aqar.fm/webp/750x0/props/004487490_1770565104093.jpg | https://images.aqar.fm/webp/750x0/props/004487499_1770565104559.jpg | https://images.aqar.fm/webp/750x0/props/004487491_1770565104787.jpg | https://images.aqar.fm/webp/750x0/props/004487491_1770565105647.jpg | https://images.aqar.fm/webp/750x0/props/004487496_1770565106739.jpg | https://images.aqar.fm/webp/750x0/props/004487496_1770565107111.jpg | https://images.aqar.fm/webp/750x0/props/004487497_1770565107831.jpg | https://images.aqar.fm/webp/750x0/props/004487492_1770565109402.jpg | https://images.aqar.fm/webp/750x0/props/004487496_1770565109716.jpg | https://images.aqar.fm/webp/750x0/props/004487490_1770565110084.jpg | https://images.aqar.fm/webp/750x0/props/004487494_1770565110365.jpg | https://images.aqar.fm/webp/750x0/props/004487492_1770565110560.jpg | https://images.aqar.fm/webp/750x0/props/004487491_1770565110826.jpg,30,أسعد عبدالعزيز,شركة قصر الإنجاز للعقارات,1,2026-02-08,2026-08-02,2026-08-23,1033,2026-08-23,True,"2,200,000",False,فيلا
6736904,https://sa.aqar.fm/فلل-للبيع/الرياض/شرق-الرياض/حي-الجنادرية/شارع-العمره-حي-الجنادرية-مدينة-الرياض-منطقة-الرياض-6736904,"فيلا للبيع في شارع العمره, حي الجنادرية, مدينة الرياض, منطقة الرياض",900000,260,6,0,0,0,حي الجنادرية,الرياض,شرق الرياض,"تاون هاوس مساحة 260 تشطيب ممتاز موقع مميز
يوجد جميع الضمانات وبسعر مغري",24.861392,46.920048,https://images.aqar.fm/webp/750x0/props/001587838_1781713930433.jpg | https://images.aqar.fm/webp/750x0/props/001587839_1781713930446.jpg | https://images.aqar.fm/webp/750x0/props/001587837_1781720228789.jpg,3,رجاء غالب,,,2026-06-17,2026-08-15,2026-08-15,186,2026-08-23,True,"900,000",False,فيلا
6609409,https://sa.aqar.fm/فلل-للبيع/الرياض/شرق-الرياض/حي-الجنادرية/حي-الجنادرية-مدينة-الرياض-منطقة-الرياض-6609409,"فيلا للبيع في حي الجنادرية, مدينة الرياض, منطقة الرياض",1196000,205,7,,,0,حي الجنادرية,الرياض,شرق الرياض,"(تملك وحدتك السكنية بسعر شقة!.. فرصة العمر في بوابة الشرق) يا بلاش!..(مودرن) بمساحة واسعة وتشطيب يملأ العين على زاوية وتفتح على مرافق حكومية وشارع 25م
البناء باعلى معاير الجودة من مواد بناء واشراف هندسي وتأمين على الهيكل الانشائي 10 سنوات وضمان على السباكة والكهرباء والدخول الذكي
التفاصيل:
مساحه الارض 205م
شارع 25م غربي يفتح على مرافق مسجد وحديقة ومدارس
الدور الارضي :
حوش واسع ولاند سكيب
مدخل سياره
مجلس - صاله طعام - صاله عائلية - مطبخ ومستودع - 2 دورات مياة 
الدور الاول :
3 غرف ماستر كل غرفه تخدمها دوره مياة مستقله - وواحدة من الغرف يخدمها شرفه خارجيه .
الدور الثاني :
غرفه نوم ماستر مخدومة بدورة مياة
غرفه للعاملة المنزليه ودورة مياة و غرفه غسيل 
وسطح لخدمة الفيلا 
الموقع: مخطط بوابة الشرق حيث الهدوء والمستقبل.
السعر : مليون و 200 الف ريال 
للتواصل : 
((رقم المعلن يظهر عند التواصل))
((رقم المعلن يظهر عند التواصل))",24.894092,46.955618,https://images.aqar.fm/webp/750x0/props/028564768_1772314875160.jpg | https://images.aqar.fm/webp/750x0/props/028564763_1772314875158.jpg | https://images.aqar.fm/webp/750x0/props/028564769_1772314875157.jpg | https://images.aqar.fm/webp/750x0/props/028564764_1772314875156.jpg | https://images.aqar.fm/webp/750x0/props/028564760_1772314875172.jpg | https://images.aqar.fm/webp/750x0/props/028564762_1772314875159.jpg | https://images.aqar.fm/webp/750x0/props/028564764_1772314875163.jpg | https://images.aqar.fm/webp/750x0/props/028564762_1772314875163.jpg | https://images.aqar.fm/webp/750x0/props/028564765_1772314875184.jpg,9,أحمد بن سعد بن معتق,شركة سمة الوسيط العقارية,1,2026-02-28,2026-07-24,2026-08-19,496,2026-08-23,True,"1,196,000",False,فيلا
6613243,https://sa.aqar.fm/فلل-للبيع/الرياض/شرق-الرياض/حي-الجنادرية/شارع-رقم-150-حي-الجنادرية-مدينة-الرياض-منطقة-الرياض-6613243,"فيلا للبيع في شارع رقم 150, حي الجنادرية, مدينة الرياض, منطقة الرياض",1350000,360,,4,4,6,حي الجنادرية,الرياض,شرق الرياض,"دور ارضي + مأسس ٣ شقق 

حي المعالي الجديد

المساحة 360

العمر 6 سنوات

شارع 15 جنب زاويه

مطلوب 830 الف

سوم مليون و 300 الف",24.842683,46.87987,https://images.aqar.fm/webp/750x0/props/004758231_1772574121292.jpg | https://images.aqar.fm/webp/750x0/props/004758234_1772574121274.jpg | https://images.aqar.fm/webp/750x0/props/004758239_1772574121284.jpg,3,هديه عوض,مؤسسة الشوامخ الاولى للخدمات العقارية,1,2026-03-03,2026-03-03,2026-08-13,1210,2026-08-23,True,"1,350,000",False,فيلا
6614949,https://sa.aqar.fm/فلل-للبيع/الرياض/شرق-الرياض/حي-الجنادرية/شارع-الربع-الخالي-حي-الجنادرية-الرياض-منطقة-الرياض-6614949,"فيلا للبيع في شارع 25913465, حي الجنادرية, مدينة الرياض, منطقة الرياض",1250000,250,7,5,2,0,حي الجنادرية,الرياض,شرق الرياض,"السلام عليكم.. للبيع فيلا درج داخلي مع شقة مع غرفة سائق.
مكونات الفيلا
غرفة سائق مدخل سيارة محلس مقلط غرفة كبار سن مطبخ مع صاله وحديقة
الدور الاول 4 غرف نوم واحدة ماستر مع صالة.
الشقة
ثلاث غرف نوم واحدة ماستر صاله ومطبخ مع سطح
عدادات مفصولة
التصميم حصري ومودرن وتوجد جميع الضمانات
ملاحظة الامكان بيع الفيلا من غير الشقة. السعر 100000 قابل لتفاوض

رقم الجوال لتواصل  ",24.901961114792474,46.965775141832474,https://images.aqar.fm/webp/750x0/props/050958974_1772703647750.jpg | https://images.aqar.fm/webp/750x0/props/050958974_1772703647789.jpg | https://images.aqar.fm/webp/750x0/props/050958975_1772703647785.jpg | https://images.aqar.fm/webp/750x0/props/050958978_1772703647765.jpg | https://images.aqar.fm/webp/750x0/props/050958979_1772703647766.jpg | https://images.aqar.fm/webp/750x0/props/050958978_1772703647788.jpg | https://images.aqar.fm/webp/750x0/props/050958971_1772703647766.jpg | https://images.aqar.fm/webp/750x0/props/050958979_1772703647770.jpg | https://images.aqar.fm/webp/750x0/props/050958976_1772703663429.jpg | https://images.aqar.fm/webp/750x0/props/050958970_1772703663421.jpg | https://images.aqar.fm/webp/750x0/props/050958971_1772703663474.jpg | https://images.aqar.fm/webp/750x0/props/050958972_1772703663422.jpg | https://images.aqar.fm/webp/750x0/props/050958970_1772703663442.jpg | https://images.aqar.fm/webp/750x0/props/050958974_1772703663454.jpg | https://images.aqar.fm/webp/750x0/props/050958973_1772703663418.jpg | https://images.aqar.fm/webp/750x0/props/050958970_1772703663461.jpg,16,قعيد العتيبي,,,2026-03-05,2026-03-15,2026-08-18,601,2026-08-23,True,"1,250,000",False,فيلا
6748321,https://sa.aqar.fm/فلل-للبيع/الرياض/شرق-الرياض/حي-الجنادرية/شارع-رقم-97-حي-الجنادرية-مدينة-الرياض-منطقة-الرياض-6748321,"فيلا للبيع في شارع رقم 97, حي الجنادرية, مدينة الرياض, منطقة الرياض",2500000,480,,3,1,5,حي الجنادرية,الرياض,شرق الرياض,"معلومات العقار الأساسيةالمساحة: 480

. متر مربع.الواجهة: شرق.عدد غرف النوم: 5

 غرف.عدد الشقق: 4 شقق.عدد الصالات: صالة

 واحدة.دورات المياه: 3 دورات مياه .عرض الشارع:

    20 متر.عمر العقار: أكثر من 10 سنوات.مشب


 (مدفأة تقليدية): يوجد مشب واحد.الغرض:


🌟 أبرز المميزاتمساحة ممتازة: 480 متر مربع

 تعتبر مساحة واسعة تمنحك خيارات متعددة

 الصباح وتجنب حرارة المساء.فرصة استثمارية:

 وجود 4 شقق يعني إمكانية السكن في قسم

 وتأجير الباقي لتحقيق دخل إضافي.شارع واسع:

 عرض الشارع 20 متر يضمن سهولة الحركة

 والارتداد المريح ومواقف السيارات.خدمات

 متكاملة: العقار مخدوم بالكهرباء والماء، بالإضافة لوجود حوش ومدخل سيارة.",24.83764,46.883214,https://images.aqar.fm/webp/750x0/props/051518961_1782424537155.jpg,1,نوال العتيبي,مؤسسة مسكن الياسمين,1,2026-06-25,2026-07-25,2026-08-23,122,2026-08-23,True,"2,500,000",False,فيلا
6669023,https://sa.aqar.fm/فلل-للبيع/الرياض/شرق-الرياض/حي-الجنادرية/شارع-ابها-حي-الجنادرية-مدينة-الرياض-منطقة-الرياض-6669023,"فيلا للبيع في شارع ابها, حي الجنادرية, مدينة الرياض, منطقة الرياض",980000,201,4,4,2,0,حي الجنادرية,الرياض,شرق الرياض,"للبيع فيلا درج داخلي  في حي الجنادرية    – عرض رقم 1741 H

المواصفات :
- مدخلين
- المساحة 202 متر
- تتكون من  :
-  دور أرضي ( يتكون من  مجلس _صاله _ مطبخ _  مقلط   _ حوش  _ مدخل سيارة )
-  دور أول  ( يتكون من 3 غرف نوم 1 منهم ماستر  _صاله _  2  حمام  )
-  دور ثاني  ( يتكون من غرفة ماستر  _ غرفة خادمة _  2  حمام _ سطح كبير  )

المميزات:
- عمر العقار جديد
- تشطيب سوبر لوكس
- الواجهة جنوبية
- موقع مميز في شرق الرياض _ الجنادرية ( بوابة الشرق)
- الموقع يخدم الحياة اليومية بجميع احتياجاتها (مطاعم، خدمات، صالات رياضية، مولات، مدارس، مستشفيات)

السعر:   980,000 ريال 

 رقم العرض:  1741 H
-----------------
الـــفـــريـــح للــــعـــقـــارات",24.908256,46.962099,https://images.aqar.fm/webp/750x0/props/044628569_1777123024179.jpg | https://images.aqar.fm/webp/750x0/props/044628565_1777123024171.jpg | https://images.aqar.fm/webp/750x0/props/044628563_1777123024170.jpg | https://images.aqar.fm/webp/750x0/props/044628561_1777123024172.jpg | https://images.aqar.fm/webp/750x0/props/044628569_1777123024186.jpg | https://images.aqar.fm/webp/750x0/props/044628569_1777123024189.jpg | https://images.aqar.fm/webp/750x0/props/044628565_1777123024180.jpg | https://images.aqar.fm/webp/750x0/props/044628563_1777123024180.jpg | https://images.aqar.fm/webp/750x0/props/044628565_1777123024183.jpg | https://images.aqar.fm/webp/750x0/props/044628566_1777123024182.jpg | https://images.aqar.fm/webp/750x0/props/044628561_1777123024188.jpg | https://images.aqar.fm/webp/750x0/props/044628568_1777123024200.jpg | https://images.aqar.fm/webp/750x0/props/044628568_1777123024200.jpg | https://images.aqar.fm/webp/750x0/props/044628563_1777123024202.jpg | https://images.aqar.fm/webp/750x0/props/044628568_1777123024201.jpg | https://images.aqar.fm/webp/750x0/props/044628560_1777123024266.jpg | https://images.aqar.fm/webp/750x0/props/044628562_1777123024199.jpg | https://images.aqar.fm/webp/750x0/props/044628568_1777123024206.jpg,18,ريماز مشعل فريح المطيري,مكتب ريماز مشعل فريح المطيري للعقارات,1,2026-04-25,2026-05-24,2026-08-20,180,2026-08-23,True,"980,000",False,فيلا
6683358,https://sa.aqar.fm/فلل-للبيع/الرياض/شرق-الرياض/حي-الجنادرية/شارع-عمر-بن-حبيب-حي-الجنادرية-مدينة-الرياض-منطقة-الرياض-6683358,"فيلا للبيع في شارع عمر بن حبيب, حي الجنادرية, مدينة الرياض, منطقة الرياض",1550000,254,3,3,2,0,حي الجنادرية,الرياض,شرق الرياض,"فيلا درج داخلي مع شقه للبيع
 شرق مدينة: الرياض :حي غصون 
مساحة الفيلا : 254 م
تفاصيل الفيلا : 
فيلا جديدة درج داخلي مع شقه الفيلا  تتكون من :
الدور الارضي :مجلس ومقلط وصالة ومطبخ وغرفة عاملة 
الدور الاول : ثلاث غرف نوم وحده غرفة نوم رئيسية ( ماستر )
وغرفتين نوم تخدمهم دورة مياه 1
صاله 
الشقة تتكوم من : 
مجلس وصالة ومطبخ  وغرفتين نوم و2 دورة مياه  

 للمزيد من التفاصيل والاستفسار 
التواصل على :  

رقم عقد الوساطة : 6200896967
رقم ترخيص الاعلان :7200951396",24.852858,46.901203,https://images.aqar.fm/webp/750x0/props/042231548_1777990721150.jpg,1,الجازي سعود وريور الرشيدي,شركة عين البنيان العقارية,1,2026-05-05,2026-07-02,2026-07-13,192,2026-08-23,True,"1,550,000",False,فيلا
6495600,https://sa.aqar.fm/فلل-للبيع/الرياض/شرق-الرياض/حي-الجنادرية/شارع-خليفه-ابن-حمد-آل-ثاني-حي-الجنادرية-مدينة-الرياض-منطقة-الرياض-6495600,"فيلا للبيع في شارع  خليفه ابن حمد آل ثاني, حي الجنادرية, مدينة الرياض, منطقة الرياض",1820000,360,,,,0,حي الجنادرية,الرياض,شرق الرياض,"الـسـلام عـلـيـكم ورحـمـة الله وبركــاتــه
للبيــــــــع
———————
فيلا درج داخلي ب شقتين
مساحه ٣٦٠ شارع ١٨ شمالي 
في حي الجنادريه
————————-
مواصفاتها :
* عليها شهادة اتمام البناء
* يوجد عليها ضمانات العزل
* يوجد تأمين ملاذ ضد العيوب الخفيه
*مسجد قريب
————————————
تتكون:
* مجلس داخلي
* مقلط ضيافه
* صاله واسعه
* ⁠مطبخ ب مستودع
* ⁠غرفة نوم ماستر
* ⁠غرفة نوم 
* ⁠غرفة نوم
* ⁠غرفة نوم
* ⁠غرفة نوم
* ⁠دورة مياه 5
—————————-
الشقه رقم ١ :
* مجلس
* صاله واسعه
* ⁠مطبخ 
* ⁠غرفة نوم 
* ⁠غرفة نوم
* ⁠دورة مياه ٣

————————————-

الشقه رقم ٢:
* سطح
* مجلس
* صاله واسعه
* ⁠مطبخ 
* ⁠غرفة نوم 
* ⁠غرفة نوم
* ⁠دورة مياه ٣
——————————————
** السعر ١،٨٥٠،٠٠٠ قابل تفاوض
** رقم رخصة الوساطه 1100270266
** ل الاستفسار ((رقم المعلن يظهر عند التواصل))",24.826509,46.883649,https://images.aqar.fm/webp/750x0/props/020063773_1765048696172.jpg | https://images.aqar.fm/webp/750x0/props/020063770_1765048696174.jpg | https://images.aqar.fm/webp/750x0/props/020063772_1765048696176.jpg | https://images.aqar.fm/webp/750x0/props/020063775_1765048696181.jpg | https://images.aqar.fm/webp/750x0/props/020063774_1765048696157.jpg | https://images.aqar.fm/webp/750x0/props/020063771_1765048696145.jpg | https://images.aqar.fm/webp/750x0/props/020063775_1765048696139.jpg | https://images.aqar.fm/webp/750x0/props/020063778_1765048696168.jpg | https://images.aqar.fm/webp/750x0/props/020063773_1765048715892.jpg | https://images.aqar.fm/webp/750x0/props/020063771_1765048715835.jpg | https://images.aqar.fm/webp/750x0/props/020063778_1765048715802.jpg | https://images.aqar.fm/webp/750x0/props/020063779_1765048715837.jpg | https://images.aqar.fm/webp/750x0/props/020063779_1765048715788.jpg | https://images.aqar.fm/webp/750x0/props/020063770_1765048715870.jpg | https://images.aqar.fm/webp/750x0/props/020063773_1765048715882.jpg,15,سلطان سفر مسفر المطيري,,,2025-12-06,2026-08-19,2026-08-21,726,2026-08-23,True,"1,820,000",False,فيلا
6734165,https://sa.aqar.fm/فلل-للبيع/الرياض/شرق-الرياض/حي-الجنادرية/شارع-رقم-97-حي-الجنادرية-مدينة-الرياض-منطقة-الرياض-6734165,"فيلا للبيع في شارع رقم 97, حي الجنادرية, مدينة الرياض, منطقة الرياض",2550000,480,,0,0,11,حي الجنادرية,الرياض,شرق الرياض,"فله للبيع في الرياض حي الجنادرية مخطط الشروق دور وثلاث شقق مساحة 480 واجهه شرقية شارع 20
قريبة من الخدمات والمدارس فرصة للسكن أو الإستثمار وبالله التوفيق
سكن 
المساحة 480 متر
عرض الشارع 20 متر
عمر العقار 13 سنة
الدور الارضي
مجلس ومشب ومقلط وثلاث غرف نوم صالة مستودع
4 دورات مياة
مطبخ
حوش
مدخل سيارة
—-
الشقق ثلاث غرف وصاله ومطبخ 
ومؤجره ٧٤٤٠٠ 
الفله مرهونه للبنك بمبلغ 1258000",24.83764,46.883214,https://images.aqar.fm/webp/750x0/props/012805365_1781541074293.jpg,1,فهد فالح فرج الحربي,شركة قمم نجد العقارية شركة شخص واحد,1,2026-06-15,2026-06-15,2026-08-02,141,2026-08-23,True,"2,550,000",False,فيلا
6686880,https://sa.aqar.fm/فلل-للبيع/الرياض/شرق-الرياض/حي-الجنادرية/شارع-440-الجنادرية-حي-الجنادرية-مدينة-الرياض-منطقة-الرياض-6686880,"فيلا للبيع في شارع 440 الجنادرية, حي الجنادرية, مدينة الرياض, منطقة الرياض",850000,240,3,5,3,0,حي الجنادرية,الرياض,شرق الرياض,"تاون هاوس أرضي تشطيب مميز المساحة 240 م ، شارع 20 الواجهة على مرفق ، المخطط الغصون 3680 ، الجنادرية ، شرق مدينة الرياض .

‏تصميم راقي مع الضمانات ، جميع الخدمات بالمخطط متوفرة ، إطلالة على المرفق .

‏تفاصيل الدور الأرضي :

‏•مجلس رجال مستقل
‏•دورات مياة
‏•مقلط واسع
‏•صالتين 
‏•دورة مياه 
‏•مطبخ مغلق
‏•غرفة نوم كبار سن 
‏•حوش واسع + حديقة
‏الدور العلوي :

‏•غرفتين نوم
‏•غرفة ماستر واسعة + دورة مياه
‏•دورة مياه إضافية
‏•كراج مستقل
‏مميزات العقار :
متوفر فالحي جميع الخدمات الأساسية 
‏•عداد كهرباء مستقل
‏•عداد ماء + خزان مستقل",24.848157,46.901048,,,عبدالملك الحمود,مكتب عبدالملك محمد عبدالعزيز الحمود للخدمات العقارية,1,2026-05-07,2026-08-02,2026-08-19,210,2026-08-23,True,"850,000",False,فيلا
6770118,https://sa.aqar.fm/فلل-للبيع/الرياض/شرق-الرياض/حي-الجنادرية/حي-الجنادرية-مدينة-الرياض-منطقة-الرياض-6770118,"فيلا للبيع في حي الجنادرية, مدينة الرياض, منطقة الرياض",950000,257,6,1,0,0,حي الجنادرية,الرياض,شرق الرياض,"https://goo.gl/map/9bfpmVpYmG3FRLh29
للبيع فيلا في الجنادرية
 في حوش الاذاعه مساحتها ٢٥٧ متر واجهه شرقيه شارع ١٨ 
مجزئه 3 وحدات :-
1- الفيلا درج داخلي مكونه من : حوش + كراج + ملحق خارجي + مجلس + مقلط + صاله كبيره جدا + مطبخ + 3 غرف نوم بالدور الارضي + غرفتين ماستر في الدور العلوي (السعر : 950000)
مقابل حديقة كبيره للحي 
 يوجد شهادة اتمام بناء 
تامين ملاذ 10 سنوات + اشراف هندسي + ضمانات على السباكه والكهرباء والعزل
عليها شهادة إتمام بناء
الفيلا حره
تقبل بنك
الا باقي دور950الف
الشقتين تم البيع",24.836475,46.87179,https://images.aqar.fm/webp/750x0/props/024391371_1783856904471.jpg | https://images.aqar.fm/webp/750x0/props/024391377_1783856904291.jpg | https://images.aqar.fm/webp/750x0/props/024391373_1783856903862.jpg | https://images.aqar.fm/webp/750x0/props/024391378_1783856903463.jpg | https://images.aqar.fm/webp/750x0/props/024391373_1783856903854.jpg | https://images.aqar.fm/webp/750x0/props/024391375_1783856904035.jpg | https://images.aqar.fm/webp/750x0/props/024391379_1783856904026.jpg | https://images.aqar.fm/webp/750x0/props/024391379_1783856904046.jpg | https://images.aqar.fm/webp/750x0/props/024391371_1783856904105.jpg | https://images.aqar.fm/webp/750x0/props/024391371_1783856904184.jpg | https://images.aqar.fm/webp/750x0/props/024391370_1783856904213.jpg | https://images.aqar.fm/webp/750x0/props/024391374_1783856904241.jpg | https://images.aqar.fm/webp/750x0/props/024391376_1783856904352.jpg | https://images.aqar.fm/webp/750x0/props/024391375_1783856904369.jpg | https://images.aqar.fm/webp/750x0/props/024391373_1783856904396.jpg | https://images.aqar.fm/webp/750x0/props/024391373_1783856904512.jpg | https://images.aqar.fm/webp/750x0/props/024391379_1783856904521.jpg,17,جواهر عبدالعزيز,مكتب ريحانة نجد للعقارات,1,2026-07-12,2026-08-10,2026-08-23,367,2026-08-23,True,"950,000",False,فيلا
6797414,https://sa.aqar.fm/فلل-للبيع/الرياض/شرق-الرياض/حي-الجنادرية/شارع-الجنادريه-حي-الجنادرية-مدينة-الرياض-منطقة-الرياض-6797414,"فيلا للبيع في شارع الجنادريه, حي الجنادرية, مدينة الرياض, منطقة الرياض",1600000,375,3,,,0,حي الجنادرية,الرياض,شرق الرياض,"يوجد فيلا للبيع مساحة الأرض 375م 

الدور الأرضي  مكون من صالة كبيره ودورة مياة ومطبخ وغرفة غسيل 

الدور الثاني مكون من ثلاث غرف من ضمن الغرف غرفة ماستر كبيرة 

الحوش كبير جدا تقدر تضع فيه مسبح أو حديقة وايضاً فيه مساحة تضع في موقف سيارات ومجلس",24.82471,46.860129,,,ناصر زيد علي آل حسين,شركة ديار رؤى العقارية شخص واحد,1,2026-07-30,2026-07-30,2026-08-23,248,2026-08-23,True,"1,600,000",False,فيلا
6674015,https://sa.aqar.fm/فلل-للبيع/الرياض/شرق-الرياض/حي-الجنادرية/حي-الجنادرية-مدينة-الرياض-منطقة-الرياض-6674015,"فيلا للبيع في حي الجنادرية, مدينة الرياض, منطقة الرياض",1100000,227,4,4,0,0,حي الجنادرية,الرياض,شرق الرياض,"فيلا للبيع مساحه  ٢٢١ م 
زاويه شارع ١٥ شمالي غربي 
درج صاله 
جديده 
اربع غرف نوم 
السعر مليون و١٠٠

للاستفسار 
0565255522",24.902197,46.965305,https://images.aqar.fm/webp/750x0/props/039122728_1777403284153.jpg,1,موسى محمد سليمان الشمري,شركة السعدون العقارية,1,2026-04-28,2026-07-25,2026-07-25,151,2026-08-23,True,"1,100,000",False,فيلا
6669100,https://sa.aqar.fm/فلل-للبيع/الرياض/شرق-الرياض/حي-الجنادرية/شارع-الضياء-حي-الجنادرية-مدينة-الرياض-منطقة-الرياض-6669100,"فيلا للبيع في شارع الضياء, حي الجنادرية, مدينة الرياض, منطقة الرياض",7800000,282,5,0,0,0,حي الجنادرية,الرياض,شرق الرياض,"دور ارضي مساحة ٣٦٠ متر امام مرفق ومسجد شارع ١٨ 
مكونه من : مجلس مقلط صاله ٣غرف مطبخ ٤ دورات مياه 
السعر ٧٥٠",24.864074,46.9143,https://images.aqar.fm/webp/750x0/props/021228030_1777125960301.jpg | https://images.aqar.fm/webp/750x0/props/021228037_1777125971610.jpg | https://images.aqar.fm/webp/750x0/props/021228036_1777125988740.jpg | https://images.aqar.fm/webp/750x0/props/021228036_1777125988730.jpg | https://images.aqar.fm/webp/750x0/props/021228032_1777125988729.jpg | https://images.aqar.fm/webp/750x0/props/021228031_1777125988733.jpg | https://images.aqar.fm/webp/750x0/props/021228038_1777125988763.jpg | https://images.aqar.fm/webp/750x0/props/021228030_1777125988747.jpg | https://images.aqar.fm/webp/750x0/props/021228036_1777125988748.jpg | https://images.aqar.fm/webp/750x0/props/021228039_1777125988741.jpg | https://images.aqar.fm/webp/750x0/props/021228036_1777126007482.jpg | https://images.aqar.fm/webp/750x0/props/021228037_1777126007488.jpg | https://images.aqar.fm/webp/750x0/props/021228035_1777126007486.jpg | https://images.aqar.fm/webp/750x0/props/021228032_1777126007493.jpg | https://images.aqar.fm/webp/750x0/props/021228033_1777126007481.jpg,15,وليد زيد,مؤسسة تداول البيان للتطوير والاستثمار العقاري,1,2026-04-25,2026-08-20,2026-08-21,723,2026-08-23,True,"7,800,000",False,فيلا
6736153,https://sa.aqar.fm/فلل-للبيع/الرياض/شرق-الرياض/حي-الجنادرية/شارع-خريص-حي-الجنادرية-مدينة-الرياض-منطقة-الرياض-6736153,"فيلا للبيع في شارع خريص, حي الجنادرية, مدينة الرياض, منطقة الرياض",750000,269,4,5,1,0,حي الجنادرية,الرياض,شرق الرياض,"الفريح العقارية ....
للبيع تاون هاوس علوي حي الجنادرية – عرض رقم 1734 H


المواصفات:
- مدخلين
- المساحة 270 متر
- دور أول ( يتكون من غرفة نوم _ مجلس _صاله كبيرة _ مطبخ _ غرفة طعام _ 2 حمام  )
- دور علوي ( يتكون من 3 غرف نوم 2 منها ماستر _ 3 حمام _ سطح كبير )

المميزات:
- عمر العقار جديد
- تشطيب سوبر لوكس
- موقف سيارة خاص
- الواجهة جنوبية
- موقع مميز في مدينة الرياض
- الموقع يخدم الحياة اليومية بجميع احتياجاتها (مطاعم، خدمات، صالات رياضية، مولات، مدارس، مستشفيات)

السعر: 750,000 ريال
رقم العرض:1734   H
-----------------
الـــفـــريـــح للــــعـــقـــارات",24.840712,46.895414,https://images.aqar.fm/webp/750x0/props/044628566_1781681107075.jpg | https://images.aqar.fm/webp/750x0/props/044628562_1781681106900.jpg | https://images.aqar.fm/webp/750x0/props/044628567_1781681106906.jpg | https://images.aqar.fm/webp/750x0/props/044628567_1781681106901.jpg | https://images.aqar.fm/webp/750x0/props/044628564_1781681106906.jpg | https://images.aqar.fm/webp/750x0/props/044628569_1781681106914.jpg | https://images.aqar.fm/webp/750x0/props/044628561_1781681106901.jpg | https://images.aqar.fm/webp/750x0/props/044628567_1781681106912.jpg | https://images.aqar.fm/webp/750x0/props/044628562_1781681106903.jpg | https://images.aqar.fm/webp/750x0/props/044628562_1781681106910.jpg | https://images.aqar.fm/webp/750x0/props/044628569_1781681107058.jpg | https://images.aqar.fm/webp/750x0/props/044628561_1781681107073.jpg | https://images.aqar.fm/webp/750x0/props/044628566_1781681107077.jpg | https://images.aqar.fm/webp/750x0/props/044628560_1781681107098.jpg | https://images.aqar.fm/webp/750x0/props/044628566_1781681107103.jpg | https://images.aqar.fm/webp/750x0/props/044628566_1781681107081.jpg | https://images.aqar.fm/webp/750x0/props/044628562_1781681107092.jpg | https://images.aqar.fm/webp/750x0/props/044628560_1781681107091.jpg | https://images.aqar.fm/webp/750x0/props/044628561_1781681107099.jpg | https://images.aqar.fm/webp/750x0/props/044628560_1781681107124.jpg | https://images.aqar.fm/webp/750x0/props/044628560_1781681107145.jpg | https://images.aqar.fm/webp/750x0/props/044628563_1781681107125.jpg,22,ريماز مشعل فريح المطيري,مكتب ريماز مشعل فريح المطيري للعقارات,1,2026-06-17,2026-08-14,2026-08-20,2521,2026-08-23,True,"750,000",False,فيلا
6633327,https://sa.aqar.fm/فلل-للبيع/الرياض/شرق-الرياض/حي-الجنادرية/حي-الجنادرية-مدينة-الرياض-منطقة-الرياض-6633327,"فيلا للبيع في حي الجنادرية, مدينة الرياض, منطقة الرياض",1100000,223,5,5,3,0,حي الجنادرية,الرياض,شرق الرياض,"((( البيع بدون سعي )))
تعلن مؤسسة الاعمار الذكيه 
عن بيع فيلا دبلكس زاويه 
فيلا رقم  (2)
فى حى الجنادرية مخطط غصون 
نظام الفيلا درج داخلي
الوجهه جنوبيه شرقيه
 شارع 15متر 
مساحه الارض 163.5 متر
مسطح البناء 223م
السعر مليون و 100  ألف 
قابل للتفاوض 
______________________
تفصيل الفيلا 
الدور الارضي مدخلين مدخل للرجال + مدخل خاص للنساء +
مدخل سياره + مجلس رجال بدورة مياه ومغسلة + صاله + مطبخ + مستودع تحت الدرج + دورة مياه ومغسلة + درج للدور الأول العلوي 
<><><><><><>
الدور الأول العلوي 
صاله + بلكونه + 3 غرف نوم منهم غرفه ماستر + دورة مياه 
+ درج للملحق العلوي 
<><><><><><><><>
الملحق العلوي 
صاله + 2 غرفه نوم + دورة مياه + جلسه فى السطح 
<><><><><><><><><>
جارى تركيب عداد الكهرباء 
يوجد شهادة اتمام البناء 
كم يوجد جميع الضمانات على الفيلا 
 مكتب إشراف هندسى 
تأمين ملاز 
البيع يناسب المشتري الكاش وجميع البنوك 
_____________
التواصل مؤسسة الاعمار الذكيه
((الرقم يظهر عند الضغط على اتصال)) واتساب",24.838384,46.892953,https://images.aqar.fm/webp/750x0/props/049687091_1782494586117.jpg,1,عبدالله بن حمد بن عبدالله العامر,مؤسسة الإعمار الذكيه للخدمات العقارية,1,2026-03-28,2026-08-20,2026-08-23,970,2026-08-23,True,"1,100,000",False,فيلا
6716433,https://sa.aqar.fm/فلل-للبيع/الرياض/شرق-الرياض/حي-الجنادرية/شارع-رقم-228-حي-الجنادرية-مدينة-الرياض-منطقة-الرياض-6716433,"فيلا للبيع في شارع رقم 228, حي الجنادرية, مدينة الرياض, منطقة الرياض",1350000,400,6,6,3,0,حي الجنادرية,الرياض,شرق الرياض,$5e,24.852111,46.867889,https://images.aqar.fm/webp/750x0/props/012968331_1781277798700.jpg | https://images.aqar.fm/webp/750x0/props/012968338_1781278233884.jpg | https://images.aqar.fm/webp/750x0/props/012968337_1781278350249.jpg | https://images.aqar.fm/webp/750x0/props/012968331_1781278420376.jpg | https://images.aqar.fm/webp/750x0/props/012968336_1781278494930.jpg | https://images.aqar.fm/webp/750x0/props/012968330_1781278582476.jpg | https://images.aqar.fm/webp/750x0/props/012968336_1781278665332.jpg | https://images.aqar.fm/webp/750x0/props/012968336_1781278697400.jpg | https://images.aqar.fm/webp/750x0/props/012968332_1781278748255.jpg | https://images.aqar.fm/webp/750x0/props/012968339_1781278813466.jpg | https://images.aqar.fm/webp/750x0/props/012968330_1781278861550.jpg | https://images.aqar.fm/webp/750x0/props/012968333_1781278914849.jpg | https://images.aqar.fm/webp/750x0/props/012968338_1781278967790.jpg | https://images.aqar.fm/webp/750x0/props/012968333_1781279026574.jpg | https://images.aqar.fm/webp/750x0/props/012968331_1781279125160.jpg | https://images.aqar.fm/webp/750x0/props/012968330_1781279175881.jpg | https://images.aqar.fm/webp/750x0/props/012968332_1781279211970.jpg | https://images.aqar.fm/webp/750x0/props/012968331_1781279327576.jpg | https://images.aqar.fm/webp/750x0/props/012968332_1781279363314.jpg | https://images.aqar.fm/webp/750x0/props/012968332_1781279396152.jpg | https://images.aqar.fm/webp/750x0/props/012968330_1781279425180.jpg | https://images.aqar.fm/webp/750x0/props/012968335_1781279448345.jpg | https://images.aqar.fm/webp/750x0/props/012968338_1781279509340.jpg | https://images.aqar.fm/webp/750x0/props/012968334_1781279562091.jpg | https://images.aqar.fm/webp/750x0/props/012968338_1781279607944.jpg | https://images.aqar.fm/webp/750x0/props/012968333_1781279644827.jpg | https://images.aqar.fm/webp/750x0/props/012968332_1781279683872.jpg | https://images.aqar.fm/webp/750x0/props/012968336_1781279737906.jpg | https://images.aqar.fm/webp/750x0/props/012968337_1781279818388.jpg | https://images.aqar.fm/webp/750x0/props/012968336_1781279929896.jpg,30,عيسى سعود فازع المطيري,,,2026-06-02,2026-07-31,2026-08-20,1187,2026-08-23,True,"1,350,000",False,فيلا
6747589,https://sa.aqar.fm/فلل-للبيع/الرياض/شرق-الرياض/حي-الجنادرية/شارع-السيف-حي-الجنادرية-مدينة-الرياض-منطقة-الرياض-6747589,"فيلا للبيع في شارع السيف, حي الجنادرية, مدينة الرياض, منطقة الرياض",920000,272,4,5,2,0,حي الجنادرية,الرياض,شرق الرياض,"🏡للبيع   فيلا  مميز

📍حي : الجنادرية 
 
📐 المساحة :272 م 

📍 شارع : 18 م

 ▪️ الواجهة : غربيه 

🔹 تفاصيل العقار  :

▪️مدخل خاص 

 ▪️مجلس (2)

▪️صالة 

▪️عدد الغرف : 4
 
▪️عدد دورات المياة : 5

💰 السعر : 920.000",24.904833,46.962593,https://images.aqar.fm/webp/750x0/props/023939303_1782388772475.jpg | https://images.aqar.fm/webp/750x0/props/023939306_1782388779239.jpg | https://images.aqar.fm/webp/750x0/props/023939300_1782388789888.jpg | https://images.aqar.fm/webp/750x0/props/023939306_1782388816976.jpg | https://images.aqar.fm/webp/750x0/props/023939301_1782388825212.jpg | https://images.aqar.fm/webp/750x0/props/023939308_1782388852482.jpg | https://images.aqar.fm/webp/750x0/props/023939307_1782388870098.jpg | https://images.aqar.fm/webp/750x0/props/023939303_1782388918818.jpg | https://images.aqar.fm/webp/750x0/props/023939301_1782388934554.jpg | https://images.aqar.fm/webp/750x0/props/023939308_1782388943771.jpg | https://images.aqar.fm/webp/750x0/props/023939306_1782388953504.jpg | https://images.aqar.fm/webp/750x0/props/023939305_1782388960422.jpg | https://images.aqar.fm/webp/750x0/props/023939305_1782388981629.jpg,13,حسين سعود محمد ابونيان,شركة نجمة التميز للعقارات شركة شخص واحد,1,2026-06-25,2026-08-22,2026-08-23,525,2026-08-23,True,"920,000",False,فيلا
6548257,https://sa.aqar.fm/فلل-للبيع/الرياض/شرق-الرياض/حي-الجنادرية/حي-الجنادرية-مدينة-الرياض-منطقة-الرياض-6548257,"فيلا للبيع في حي الجنادرية, مدينة الرياض, منطقة الرياض",1400000,300,7,,,0,حي الجنادرية,الرياض,شرق الرياض,"للبيع فيلا درج داخلي مع شقتين سكنية 
بمخطط بوابة الشرق
تتكون الفيلا من : 
-1- دور ارضي 
-2- دور اول
-3-شقتين مدخل خاص 
المساحة  300متر
شارع عرض : 15 غربيه  
رقم المخطط: 3768
رقم القطعة: 2/2787

شركة سمة الوسيط للعقارية
رقم ترخيص الإعلان 
7200827119
للتواصل
((رقم المعلن يظهر عند التواصل))",24.901785,46.962117,https://images.aqar.fm/webp/750x0/props/028564760_1768493304126.jpg | https://images.aqar.fm/webp/750x0/props/028564761_1768493304210.jpg | https://images.aqar.fm/webp/750x0/props/028564764_1768493304171.jpg | https://images.aqar.fm/webp/750x0/props/028564767_1768493304132.jpg | https://images.aqar.fm/webp/750x0/props/028564762_1768493304126.jpg | https://images.aqar.fm/webp/750x0/props/028564764_1768493304151.jpg | https://images.aqar.fm/webp/750x0/props/028564767_1768493304161.jpg | https://images.aqar.fm/webp/750x0/props/028564765_1768493304134.jpg | https://images.aqar.fm/webp/750x0/props/028564763_1768493304142.jpg | https://images.aqar.fm/webp/750x0/props/028564761_1768493304141.jpg | https://images.aqar.fm/webp/750x0/props/028564766_1768493304148.jpg | https://images.aqar.fm/webp/750x0/props/028564761_1768493304160.jpg | https://images.aqar.fm/webp/750x0/props/028564767_1768493304151.jpg | https://images.aqar.fm/webp/750x0/props/028564761_1768493304151.jpg | https://images.aqar.fm/webp/750x0/props/028564762_1768493304159.jpg,15,أحمد بن سعد بن معتق,شركة سمة الوسيط العقارية,1,2026-01-15,2026-01-15,2026-08-18,704,2026-08-23,True,"1,400,000",False,فيلا
6654034,https://sa.aqar.fm/فلل-للبيع/الرياض/شرق-الرياض/حي-الجنادرية/شارع-الضياء-حي-الجنادرية-مدينة-الرياض-منطقة-الرياض-6654034,"فيلا للبيع في شارع الضياء, حي الجنادرية, مدينة الرياض, منطقة الرياض",960000,257,4,5,3,0,حي الجنادرية,الرياض,شرق الرياض,"فيلا دوبلكس دورين ( أول/علوي)
و يوجد ايضا دوبلكس دورين ( أرضي/علوي)

📍حي الجنادرية – الرياض
المساحة: 258م
عرض الشارع: 18 

💠 ﻣﻤﻴﺰات اﻟﻔﻴﻼ:
ﻣﺪﺧﻞ ﻣﺴﺘﻘل
ﻣﺪﺧﻠﻴﻦ ﻧﺴﺎء و رﺟال
ﺗﺸﻄﻴﺐ ﻋﺼﺮي و ﻣودرن
ﺗﺼﻤﻴﻢ ﺣﺪﻳﺚ و ﻣﺴﺎﺣﺎت ﻣﺪروﺳة
ﻗﺮﻳﺒﺔ ﻣﻦ ﻣﺴﺠﺪ و ﻣﺪارس و اﻟﺨﺪﻣات
موقع استراتيجي
سطح واسع
ﺟﺎﻫﺰة ﻟﻠﺴﻜن

💠 المواصفات:

الدور الأول:
- ﻣﺪﺧﻞ ﻣﺴﺘﻘل
- مصعد راكب
- مجلس مع مدخل + دورة مياه
- ﺻﺎﻟﺔ ﻣﻊ ﻣﺪﺧﻞ + دورة ﻣﻴاه
- ﻣﻄﺒخ

اﻟﻄﺎﺑﻖ اﻟﻌﻠﻮي ﺗﺎﺑﻊ ﻟﻠﺪور الأول:
- صالة علوية 
- غرفتين نوم + دورة مياه مشترك
- غرفتين ﻧﻮم ﻣﺎﺳﺘﺮ + دورة ﻣﻴﺎه ﻣﺴﺘﻘﻠة
- ﻏﺮﻓﺔ ﺧﺎدﻣﺔ + دورة ﻣﻴاه
- ﺳﻄح

💰 السعر: مليون  (قابل للتفاوض)",24.861283,46.911139,https://images.aqar.fm/webp/750x0/props/049110769_1776116518903.jpg | https://images.aqar.fm/webp/750x0/props/049110764_1776116518742.jpg | https://images.aqar.fm/webp/750x0/props/049110763_1776116518745.jpg | https://images.aqar.fm/webp/750x0/props/049110765_1776116518754.jpg | https://images.aqar.fm/webp/750x0/props/049110765_1776116518753.jpg | https://images.aqar.fm/webp/750x0/props/049110765_1776116518763.jpg | https://images.aqar.fm/webp/750x0/props/049110760_1776116518766.jpg | https://images.aqar.fm/webp/750x0/props/049110761_1776116518901.jpg | https://images.aqar.fm/webp/750x0/props/049110761_1777948575796.jpg | https://images.aqar.fm/webp/750x0/props/049110764_1777948575849.jpg,10,رزان سالم,,,2026-04-13,2026-07-10,2026-07-28,621,2026-08-23,True,"960,000",False,فيلا
6824383,https://sa.aqar.fm/فلل-للبيع/الرياض/شرق-الرياض/حي-الجنادرية/شارع-حي-غصون-حي-الجنادرية-مدينة-الرياض-منطقة-الرياض-6824383,"فيلا للبيع في شارع حي غصون, حي الجنادرية, مدينة الرياض, منطقة الرياض",850000,218,6,5,1,0,حي الجنادرية,الرياض,شرق الرياض,,24.905289,46.944961,https://images.aqar.fm/webp/750x0/props/019015302_1786822679844.jpg | https://images.aqar.fm/webp/750x0/props/019015304_1786822679523.jpg | https://images.aqar.fm/webp/750x0/props/019015301_1786822679603.jpg | https://images.aqar.fm/webp/750x0/props/019015306_1786822679484.jpg | https://images.aqar.fm/webp/750x0/props/019015303_1786822743052.jpg | https://images.aqar.fm/webp/750x0/props/019015303_1786822743009.jpg | https://images.aqar.fm/webp/750x0/props/019015301_1786822741132.jpg | https://images.aqar.fm/webp/750x0/props/019015306_1786822741863.jpg | https://images.aqar.fm/webp/750x0/props/019015307_1786822743370.jpg | https://images.aqar.fm/webp/750x0/props/019015306_1786822742665.jpg | https://images.aqar.fm/webp/750x0/props/019015300_1786822799319.jpg | https://images.aqar.fm/webp/750x0/props/019015306_1786822799321.jpg | https://images.aqar.fm/webp/750x0/props/019015306_1786822799329.jpg | https://images.aqar.fm/webp/750x0/props/019015306_1786822799333.jpg | https://images.aqar.fm/webp/750x0/props/019015307_1786822799325.jpg | https://images.aqar.fm/webp/750x0/props/019015303_1786822799332.jpg | https://images.aqar.fm/webp/750x0/props/019015309_1786822799335.jpg | https://images.aqar.fm/webp/750x0/props/019015300_1786822799338.jpg,18,عبدالله علي,,0,2026-08-15,2026-08-15,2026-08-17,56,2026-08-23,True,"850,000",False,فيلا
6781615,https://sa.aqar.fm/فلل-للبيع/الرياض/شرق-الرياض/حي-الجنادرية/شارع-الضياء-حي-الجنادرية-مدينة-الرياض-منطقة-الرياض-6781615,"فيلا للبيع في شارع الضياء, حي الجنادرية, مدينة الرياض, منطقة الرياض",900000,192,4,4,2,0,حي الجنادرية,الرياض,شرق الرياض,"♦️بدأ البيع مشروع سواعد 6 تاون هاوس فاخر🏡
الحي : غصون 📍
المساحة : 193 غير شامل الاجزاء الخاصة ▪️
الشارع :20 ☑️
الواجهة : شمالية 

البيع بدون سعي ✅

التاون هاوس العلوي 🏠

يتكون من :
الدور الاول
مدخل سيارة، مجلس منفصل ، دورة مياة ، صالة نساء ، دورة مياة ، مطبخ ، غرفة غسيل ، غرفة خادمة ،

الدور الثاني : 
صالة صغيرة ، غرفة نوم ماستر ، غرفتين نوم ، دور مياة 

يوجد جميع صور مراحل البناء 📉✅
يوجد جيمع الضمانات ✅

يمتاز المشروع بلقرب من طريق الدمام 
والخدمات",24.844659,46.899196,https://images.aqar.fm/webp/750x0/props/025884879_1763221742157.jpg | https://images.aqar.fm/webp/750x0/props/025884870_1763221777364.jpg | https://images.aqar.fm/webp/750x0/props/025884879_1763221789106.jpg | https://images.aqar.fm/webp/750x0/props/025884873_1763221798357.jpg | https://images.aqar.fm/webp/750x0/props/025884871_1763221812305.jpg | https://images.aqar.fm/webp/750x0/props/025884878_1763221820481.jpg | https://images.aqar.fm/webp/750x0/props/025884870_1763221828356.jpg | https://images.aqar.fm/webp/750x0/props/025884878_1763221848129.jpg | https://images.aqar.fm/webp/750x0/props/025884874_1763221848131.jpg | https://images.aqar.fm/webp/750x0/props/025884878_1763221848141.jpg | https://images.aqar.fm/webp/750x0/props/025884877_1763221848126.jpg | https://images.aqar.fm/webp/750x0/props/025884878_1763221848143.jpg | https://images.aqar.fm/webp/750x0/props/025884872_1763221848131.jpg | https://images.aqar.fm/webp/750x0/props/025884878_1763221848134.jpg,14,فارس متعب,مؤسسة زاوية المفتاح للعقارات,1,2026-07-19,2026-08-18,2026-08-22,249,2026-08-23,True,"900,000",False,فيلا
6401781,https://sa.aqar.fm/فلل-للبيع/الرياض/شرق-الرياض/حي-الجنادرية/حي-الجنادرية-الرياض-منطقة-الرياض-6401781,"فيلا للبيع في شارع 22137906, حي الجنادرية, مدينة الرياض, منطقة الرياض",950000,257,5,5,2,0,حي الجنادرية,الرياض,شرق الرياض,"تاون هاوس مساحتها ٢٥٧ متر واجهه شرقيه شارع ١٨ 
مساحة الارض نفسها ٣٥٣ متر مجزئه فيلا درج داخلي وشقتين

الشقتين تم البيع المتبقي الفيلا فقط

1- الفيلا درج داخلي مكونه من : حوش + كراج + ملحق خارجي + مجلس + مقلط + صاله كبيره جدا + مطبخ + 3 غرف نوم بالدور الارضي + غرفتين ماستر في الدور العلوي (السعر : 950,000)

مقابل حديقة كبيرة للحي 

يوجد شهادة اتمام بناء 

تامين ملاذ 10 سنوات + اشراف هندسي + ضمانات على السباكه والكهرباء والعزل",24.836212,46.872971,https://images.aqar.fm/webp/750x0/props/023218933_1759075914330.jpg | https://images.aqar.fm/webp/750x0/props/023218938_1759075914326.jpg | https://images.aqar.fm/webp/750x0/props/023218931_1759075914308.jpg | https://images.aqar.fm/webp/750x0/props/023218939_1759075914315.jpg | https://images.aqar.fm/webp/750x0/props/023218930_1759075914307.jpg | https://images.aqar.fm/webp/750x0/props/023218930_1759075914296.jpg | https://images.aqar.fm/webp/750x0/props/023218932_1759075914309.jpg | https://images.aqar.fm/webp/750x0/props/023218931_1759075914288.jpg,8,ملاك فهد زيد العبودي,,,2025-09-28,2025-09-28,2026-08-19,4804,2026-08-23,True,"950,000",False,فيلا
6816301,https://sa.aqar.fm/فلل-للبيع/الرياض/شرق-الرياض/حي-الجنادرية/شارع-رقم-192-حي-الجنادرية-مدينة-الرياض-منطقة-الرياض-6816301,"فيلا للبيع في شارع رقم 192, حي الجنادرية, مدينة الرياض, منطقة الرياض",880000,215,3,,,0,حي الجنادرية,الرياض,شرق الرياض,"للبيع فيلا دوبلكس جديدة في حي الجنادرية (مخطط المعالي)
مساحة الأرض: 215م 2
مسطح البناء 320م 2

مكونات الفيلا:
* الدور الأرضي:
مجلس |  مقلط | صالة | مطبخ منفصل | 2 دورات مياه
* الدور الأول:
4 غرف نوم | 3 دورات مياه (2 منها ماستر)
* الدور الثاني:
⁠غرفة غسيل | ⁠غرفة خادمة مع دورة مياه

ضمان على أعمال الهيكل الإنشائي 10 سنوات
ضمان على أعمال العزل المائي 10 سنوات
ضمان خزانات المياه 5 سنوات

* يحتوى العقار على غرفة كهرب

قيمة البيع: 880,000 ريال (صافي)


للتواصل: ((الرقم يظهر عند الضغط على اتصال))",24.85107,46.884322,https://images.aqar.fm/webp/750x0/props/035287066_1786449135783.jpg | https://images.aqar.fm/webp/750x0/props/035287064_1786449135789.jpg | https://images.aqar.fm/webp/750x0/props/035287065_1786449135782.jpg | https://images.aqar.fm/webp/750x0/props/035287060_1786449135788.jpg | https://images.aqar.fm/webp/750x0/props/035287067_1786449135796.jpg | https://images.aqar.fm/webp/750x0/props/035287067_1786449135856.jpg | https://images.aqar.fm/webp/750x0/props/035287061_1786449135859.jpg | https://images.aqar.fm/webp/750x0/props/035287067_1786449135869.jpg | https://images.aqar.fm/webp/750x0/props/035287061_1786449135869.jpg | https://images.aqar.fm/webp/750x0/props/035287063_1786449135871.jpg | https://images.aqar.fm/webp/750x0/props/035287065_1786449135877.jpg | https://images.aqar.fm/webp/750x0/props/035287067_1786449135878.jpg | https://images.aqar.fm/webp/750x0/props/035287061_1786449135878.jpg | https://images.aqar.fm/webp/750x0/props/035287062_1786449135882.jpg | https://images.aqar.fm/webp/750x0/props/035287065_1786449135879.jpg | https://images.aqar.fm/webp/750x0/props/035287064_1786449135888.jpg,16,عبدالرحمن ناصر,,0,2026-08-11,2026-08-11,2026-08-18,165,2026-08-23,True,"880,000",False,فيلا
6420722,https://sa.aqar.fm/فلل-للبيع/الرياض/شرق-الرياض/حي-الجنادرية/شارع-رقم-5-حي-الندوة-مدينة-الرياض-منطقة-الرياض-6420722,"فيلا للبيع في شارع رقم 5, حي الندوة, مدينة الرياض, منطقة الرياض",600000,177,4,,,0,حي الجنادرية,الرياض,شرق الرياض,"للتواصل ((رقم المعلن يظهر عند التواصل))

حي الندوه 
تاون هاوس علوي درج داخلي 
تصميم مميز",24.794359,46.864642,https://images.aqar.fm/webp/750x0/props/042914501_1760285973562.jpg | https://images.aqar.fm/webp/750x0/props/042914509_1760285973547.jpg | https://images.aqar.fm/webp/750x0/props/042914501_1760285973542.jpg | https://images.aqar.fm/webp/750x0/props/042914500_1771004920425.jpg | https://images.aqar.fm/webp/750x0/props/042914509_1771004920431.jpg | https://images.aqar.fm/webp/750x0/props/042914505_1771004920440.jpg | https://images.aqar.fm/webp/750x0/props/042914504_1771004920437.jpg,7,ماجد البقمي,,0,2025-10-12,2025-10-12,2026-08-18,8800,2026-08-23,True,"600,000",False,فيلا
6761967,https://sa.aqar.fm/فلل-للبيع/الرياض/شرق-الرياض/حي-الجنادرية/شارع-الحناكية-حي-الجنادرية-مدينة-الرياض-منطقة-الرياض-6761967,"فيلا للبيع في شارع الحناكية, حي الجنادرية, مدينة الرياض, منطقة الرياض",1150000,250,6,1,0,0,حي الجنادرية,الرياض,شرق الرياض,"👌🏻 فرصة سكنية مميزة في حي بوابة الشرق شرق الرياض 
📍موقع متطور وقريب من جميع الخدمات.

🔘( فيلا درج داخلي مع شقة) 

✏️ المساحة : 250 م
💵 السعر  : مليون و 150  الف قابل للتفاوض 

🏠 المواصفات: 

*  مجلس
*   مقلط 
* 6 غرف نوم  منها ماستر
* مطبخ + غرفة تخزين
* صاله كبيرة
* مدخل نساء ورجال 
 خزان وعداد مستقل 
مواصفات اخرى : * 
* مطابقة للكود السعودي. 
*  ضمان 25 سنوات.
* عمر العقار جديد.
* واجهة جنوبية 
* عرض الشارع 15
* ماء وكهرب راكب.
* قريب مرفق  حديقه +مسجد 

● تفاصيل الشقة 
. غرفتين نوم منها ماستر
* مجلس 
*  سطح واسع
* عداد مستقل 
* خزان مستقل 
* مدخل خاص مستقل

للتواصل : ‭‬ابو عبدالله 
[((الرقم يظهر عند الضغط على اتصال))]",24.88767,46.951343,https://images.aqar.fm/webp/750x0/props/004670697_1783339479378.jpg | https://images.aqar.fm/webp/750x0/props/004670699_1783339478139.jpg | https://images.aqar.fm/webp/750x0/props/004670698_1783339478614.jpg | https://images.aqar.fm/webp/750x0/props/004670693_1783339479257.jpg | https://images.aqar.fm/webp/750x0/props/004670693_1783339479259.jpg | https://images.aqar.fm/webp/750x0/props/004670696_1783339479258.jpg,6,جابر ال فهاد,شركة ركائز الروعة,1,2026-07-06,2026-08-04,2026-08-23,550,2026-08-23,True,"1,150,000",False,فيلا
6380701,https://sa.aqar.fm/فلل-للبيع/الرياض/شرق-الرياض/حي-الجنادرية/شارع-شارع-حي-الجنادرية-مدينة-الرياض-منطقة-الرياض-6380701,"فيلا للبيع في شارع شارع, حي الجنادرية, مدينة الرياض, منطقة الرياض",1100000,297,4,,,0,حي الجنادرية,الرياض,شرق الرياض,"للتواصل ((رقم المعلن يظهر عند التواصل))

مخطط غصون 
فله درج داخلي 
تصميم مميز",24.907929,46.942726,https://images.aqar.fm/webp/750x0/props/042914508_1757842583011.jpg | https://images.aqar.fm/webp/750x0/props/042914507_1757842583085.jpg | https://images.aqar.fm/webp/750x0/props/042914500_1757842583027.jpg | https://images.aqar.fm/webp/750x0/props/042914503_1757842583103.jpg | https://images.aqar.fm/webp/750x0/props/042914506_1757842583154.jpg | https://images.aqar.fm/webp/750x0/props/042914506_1757842583059.jpg | https://images.aqar.fm/webp/750x0/props/042914500_1757842583155.jpg | https://images.aqar.fm/webp/750x0/props/042914500_1757842583151.jpg | https://images.aqar.fm/webp/750x0/props/042914500_1757842622278.jpg | https://images.aqar.fm/webp/750x0/props/042914505_1757842622237.jpg | https://images.aqar.fm/webp/750x0/props/042914501_1757842622254.jpg | https://images.aqar.fm/webp/750x0/props/042914507_1757842622257.jpg | https://images.aqar.fm/webp/750x0/props/042914504_1757842622269.jpg | https://images.aqar.fm/webp/750x0/props/042914506_1757842622358.jpg | https://images.aqar.fm/webp/750x0/props/042914502_1757842622313.jpg | https://images.aqar.fm/webp/750x0/props/042914500_1757842622283.jpg,16,ماجد البقمي,,0,2025-09-14,2025-09-14,2026-08-18,945,2026-08-23,True,"1,100,000",False,فيلا
6785942,https://sa.aqar.fm/فلل-للبيع/الرياض/شرق-الرياض/حي-الجنادرية/شارع-رقم-173-حي-الجنادرية-مدينة-الرياض-منطقة-الرياض-6785942,"فيلا للبيع في شارع رقم 173, حي الجنادرية, مدينة الرياض, منطقة الرياض",1650000,379,6,6,4,0,حي الجنادرية,الرياض,شرق الرياض,"مساحه 379
خمس غرف الدور العلوي 
أربع حمامات علوي
صاله موزعه للغرف الدور العلوي
درج دخلي
الدور الأرضي
دورتين مياه 
غرفة مسنين
سفره طعام 
مجلس رجال
صاله داخليه
مصعد موسس
مدخل سياره ومدخل نساء من الجنب
مفروشه
مطبخ 
مكيفات
اثاث جديد 
غرفة ملابس 
ستائر",24.851243,46.864269,https://images.aqar.fm/webp/750x0/props/005413889_1784738898010.jpg | https://images.aqar.fm/webp/750x0/props/005413889_1784738898111.jpg | https://images.aqar.fm/webp/750x0/props/005413880_1784738898048.jpg | https://images.aqar.fm/webp/750x0/props/005413885_1784738898044.jpg | https://images.aqar.fm/webp/750x0/props/005413885_1784738898038.jpg | https://images.aqar.fm/webp/750x0/props/005413882_1784738898041.jpg | https://images.aqar.fm/webp/750x0/props/005413880_1784738898040.jpg | https://images.aqar.fm/webp/750x0/props/005413881_1784738898040.jpg | https://images.aqar.fm/webp/750x0/props/005413884_1784738898054.jpg | https://images.aqar.fm/webp/750x0/props/005413885_1784738898054.jpg | https://images.aqar.fm/webp/750x0/props/005413881_1784738898053.jpg | https://images.aqar.fm/webp/750x0/props/005413884_1784738898113.jpg | https://images.aqar.fm/webp/750x0/props/005413884_1784738898120.jpg | https://images.aqar.fm/webp/750x0/props/005413883_1784738898119.jpg | https://images.aqar.fm/webp/750x0/props/005413886_1784738898085.jpg | https://images.aqar.fm/webp/750x0/props/005413880_1784738898144.jpg | https://images.aqar.fm/webp/750x0/props/005413884_1784738898091.jpg | https://images.aqar.fm/webp/750x0/props/005413885_1784738898158.jpg | https://images.aqar.fm/webp/750x0/props/005413882_1784738898012.jpg | https://images.aqar.fm/webp/750x0/props/005413881_1784738898010.jpg | https://images.aqar.fm/webp/750x0/props/005413884_1784738898012.jpg | https://images.aqar.fm/webp/750x0/props/005413888_1784738898040.jpg,22,حسين بن دواس بن عايض المطيري,,,2026-07-22,2026-08-20,2026-08-21,350,2026-08-23,True,"1,650,000",False,فيلا
6677378,https://sa.aqar.fm/فلل-للبيع/الرياض/شرق-الرياض/حي-الجنادرية/شارع-300-الجنادرية-حي-الجنادرية-مدينة-الرياض-منطقة-الرياض-6677378,"فيلا للبيع في شارع 300 الجنادرية, حي الجنادرية, مدينة الرياض, منطقة الرياض",1250000,407,6,0,0,0,حي الجنادرية,الرياض,شرق الرياض,$5f,24.899165,46.962087,https://images.aqar.fm/webp/750x0/props/023731334_1777659273253.jpg | https://images.aqar.fm/webp/750x0/props/023731330_1777659273258.jpg | https://images.aqar.fm/webp/750x0/props/023731330_1777659273256.jpg | https://images.aqar.fm/webp/750x0/props/023731332_1777659273274.jpg | https://images.aqar.fm/webp/750x0/props/023731337_1777659273264.jpg | https://images.aqar.fm/webp/750x0/props/023731335_1777659273256.jpg | https://images.aqar.fm/webp/750x0/props/023731333_1777659273256.jpg | https://images.aqar.fm/webp/750x0/props/023731330_1777659273239.jpg,8,ماجد جازى,,,2026-05-01,2026-07-28,2026-07-28,279,2026-08-23,True,"1,250,000",False,فيلا
6671572,https://sa.aqar.fm/فلل-للبيع/الرياض/شرق-الرياض/حي-الجنادرية/حي-الجنادرية-مدينة-الرياض-منطقة-الرياض-6671572,"فيلا للبيع في حي الجنادرية, مدينة الرياض, منطقة الرياض",1250000,243,6,1,0,0,حي الجنادرية,الرياض,شرق الرياض,"الفلل الأولى دبلكس مساحة 250 
الأرضي مجلس رجال ومقلط وصالة وغرفة كبار سن وغرفة خادمة صغيرة ومطبخ ومستودع و3 دورات مياه 
والعلوي 4 غرف نوم منها 2 ماستر وصالة 
والشقة مدخل ودرج مستقل فيها 2 غرف نوم و

صالة ومطبخ وحمام وسطح مؤسس فيه حمام[٢٥‏/٤، ١٢:٤٥ م] ابو عبدالرحمن الشمري وسيط الجنادرية: الثلاث نفس المواصفات
[٢٥‏/٤، ١٢:٤٥ م] ابو عبدالرحمن الشمري وسيط الجنادرية: والفلة الرابعة دبلكس مساحة 244
مكونة من 
الأرضي مجلس رجال ومشب ومقلط وصالة كبيرة ومطبخ ومستودع و2 حمام 
العلوي 4 غرف نوم منها 2 ماستر 
السطح فيه غرفة خادمة مع حمام وغرفة غسيل وسطح خلفي وأمامي واسع
[٢٥‏/٤، ١٢:٤٥ م] ابو عبدالرحمن الشمري وسيط الجنادرية: الأولى شارع 15 شمال 
الثانية 15 غربي
[٢٥‏/٤، ١٢:٤٥ م] ابو عبدالرحمن الشمري وسيط الجنادرية: مليون و250 ألف",24.888715,46.954337,https://images.aqar.fm/webp/750x0/props/049921448_1777281516619.jpg,1,جواهر ال سعيد,مكتب ريحانة نجد للعقارات,1,2026-04-27,2026-06-24,2026-08-17,115,2026-08-23,True,"1,250,000",False,فيلا
6787975,https://sa.aqar.fm/فلل-للبيع/الرياض/شرق-الرياض/حي-الجنادرية/شارع-طريق-خريص-حي-الجنادرية-مدينة-الرياض-منطقة-الرياض-6787975,"فيلا للبيع في شارع طريق خريص, حي الجنادرية, مدينة الرياض, منطقة الرياض",1200000,300,,5,2,0,حي الجنادرية,الرياض,شرق الرياض,"للبيع فيلا درج داخلي وصاله وشقه مسروقه شرق الرياض الجنادريه بوابة الشرق مكونه من حوش +مجلس+مقلط+صاله كبيره شرحه-+وغرفة نوم ماستر كبار السن+مطبخ كبير جدا الدور الثاني صاله كبيره+وغرفتين نوم بنات وعيال وبينهم دورة مياه ومغاسل وغرفتين نوم كبار ماستر شغل وتصميم وتفصيل وديكورات مودرن روعه جدا وشقه من الخلف جاهزه مع عداد مياه وعداد كهرباء خاص مستقل إشراف هندسي علي شكل شي موقع مميز قريب من كافة الخدمات الرئيسية والمدارس والطرق الحيوية.
• العقار: تصميم حديث بمساحات مدروسة تلبي  احتياجات العائلة، مع تشطيبات عالية الجودة.
الخدمات والمميزات:
حي متكامل الخدمات (أسواق - مساجد - حدائق - مدارس).
بنية تحتية حديثة وشوارع منظمة.
قريبه  من الطرق الرئيسية مما يسهل الوصول لجميع أحياء
الرياض بنية تحتية حديثة وشوارع منظمة.

الضمانات: جميع الضمانات متوفرة، منها تأمين ضد العيوب الخفية من شركة ملاذ
ضمان على الإنشاءات والهياكل.
ضمان على السباكة والكهرباء.
ضمانات إضافية حسب
إمكانية توحيد الأقساط.
يوجد لدينا جميع الحلول التمويلية لدى جميع البنوك والشركات التمويليه توحيد الأقساط بحيث يجمع العميل التزاماته في قسط واحد
مريح.
توليد دفعة أولى عبر برامج تمويل أو دعم، بحيث ما يتعطل
العميل إذا ما عنده مبلغ كبير جاهز.
خيارات دفع متعددة تخليص جميع اجرات البنكيه دعم في موافقات المبدأيه ونهائيه 
دعم في استخراج الموافقات البنكية.
توفير خيارات دفع متنوعة (دفعة أولى مخفضة - توحيد الاقساط شهرية
مريحة) فائض فوق سعر العقار علي حسب الاستحقاق متابعه خطوه بخطوه حتي استلام المفتاح حسبه مبدائيه مع جميع البنوك وشركات العقاريه للحجز ولاستفسار علي الأرقام ((الرقم يظهر عند الضغط على اتصال))",24.941055,46.992751,https://images.aqar.fm/webp/750x0/props/019015305_1784852111090.jpg | https://images.aqar.fm/webp/750x0/props/019015307_1784852111081.jpg | https://images.aqar.fm/webp/750x0/props/019015301_1784852154616.jpg | https://images.aqar.fm/webp/750x0/props/019015303_1784852154643.jpg | https://images.aqar.fm/webp/750x0/props/019015308_1784852184293.jpg | https://images.aqar.fm/webp/750x0/props/019015300_1784852184283.jpg | https://images.aqar.fm/webp/750x0/props/019015307_1784852184297.jpg | https://images.aqar.fm/webp/750x0/props/019015301_1784852184287.jpg | https://images.aqar.fm/webp/750x0/props/019015301_1784852184307.jpg | https://images.aqar.fm/webp/750x0/props/019015308_1784852184297.jpg | https://images.aqar.fm/webp/750x0/props/019015301_1784852184294.jpg | https://images.aqar.fm/webp/750x0/props/019015309_1784852184299.jpg | https://images.aqar.fm/webp/750x0/props/019015303_1784852212967.jpg | https://images.aqar.fm/webp/750x0/props/019015302_1784852212974.jpg | https://images.aqar.fm/webp/750x0/props/019015300_1784852212989.jpg | https://images.aqar.fm/webp/750x0/props/019015305_1784852212978.jpg | https://images.aqar.fm/webp/750x0/props/019015300_1784852212976.jpg | https://images.aqar.fm/webp/750x0/props/019015307_1784852212985.jpg | https://images.aqar.fm/webp/750x0/props/019015309_1784852212986.jpg | https://images.aqar.fm/webp/750x0/props/019015308_1784852212984.jpg | https://images.aqar.fm/webp/750x0/props/019015305_1784852304198.jpg | https://images.aqar.fm/webp/750x0/props/019015309_1784852304220.jpg | https://images.aqar.fm/webp/750x0/props/019015300_1784852304327.jpg | https://images.aqar.fm/webp/750x0/props/019015302_1784852304224.jpg | https://images.aqar.fm/webp/750x0/props/019015302_1784852304212.jpg | https://images.aqar.fm/webp/750x0/props/019015304_1784852304225.jpg | https://images.aqar.fm/webp/750x0/props/019015300_1784852304223.jpg | https://images.aqar.fm/webp/750x0/props/019015308_1784852304229.jpg | https://images.aqar.fm/webp/750x0/props/019015302_1784854547719.jpg,29,عبدالله علي,,0,2026-07-24,2026-07-24,2026-08-16,203,2026-08-23,True,"1,200,000",False,فيلا
6355819,https://sa.aqar.fm/فلل-للبيع/الرياض/شرق-الرياض/حي-الجنادرية/شارع-غصون-حي-الجنادرية-مدينة-الرياض-منطقة-الرياض-6355819,"فيلا للبيع في شارع غصون, حي الجنادرية, مدينة الرياض, منطقة الرياض",1200000,282,5,5,1,0,حي الجنادرية,الرياض,شرق الرياض,$5c,24.903069,46.940418,https://images.aqar.fm/webp/750x0/props/044075848_1757860098726.jpg | https://images.aqar.fm/webp/750x0/props/044075844_1757860097952.jpg | https://images.aqar.fm/webp/750x0/props/044075848_1757860098243.jpg | https://images.aqar.fm/webp/750x0/props/044075840_1757860098367.jpg | https://images.aqar.fm/webp/750x0/props/044075843_1757860098485.jpg | https://images.aqar.fm/webp/750x0/props/044075842_1757860098596.jpg | https://images.aqar.fm/webp/750x0/props/044075840_1757860098846.jpg | https://images.aqar.fm/webp/750x0/props/044075847_1757860098988.jpg | https://images.aqar.fm/webp/750x0/props/044075843_1757860099127.jpg,9,عائشه بنت سليمان بن عبدالله الطريم,مؤسسة سكن المعالي للعقارات,1,2025-08-28,2025-08-28,2026-07-30,976,2026-08-23,True,"1,200,000",False,فيلا
6417810,https://sa.aqar.fm/فلل-للبيع/الرياض/شرق-الرياض/حي-الجنادرية/شارع-الشرق-حي-الجنادرية-مدينة-الرياض-منطقة-الرياض-6417810,"فيلا للبيع في شارع الشرق, حي الجنادرية, مدينة الرياض, منطقة الرياض",1400000,200,6,5,1,0,حي الجنادرية,الرياض,شرق الرياض,"التفاصيل 
فلتين في الرياض
 حي الجنادرية 
الاتجاه شرقي
 كل فله تتكون من 
فيلا درج داخلي + شقه مستقله 
كل فيلا عداد ماء وكهرباء مستقل
 والشقق عدادات كهرباء مستقل

الدور الارضي
 مجلس + مقلط+ صاله+ مطبخ وغرفه غسيل ودورتين مياه

الدور الثاني 
4 غرف نوم 2 ماستر و2 مشتركه ثلاث دورات مياه

وبالامكان دخول النساء في حال وجود ضيوف من باب الشقه من تحت الدرج الجانبي 

الشقه في الدور الثالث مدخلها مستقل من الخارج 
و تتكون من مدخلين مدخلً للشقه ومدخل للمجلس 

تتكون من
 غرفتين نوم 
ومطبخ
 ومجلس 
ودورتين مياه 
وسطح 

مساحه كل فيلا 200 م مسطح كل فيلا حوالي 450 م

تامين ملاذ 10 سنوات

عزل ضمان 15 سنه

مساكات الابواب ضمان 10 سنوات

كذلك ضمان علي الكهرباء الخارجي  سنتين والسباكه 3 سنوات",24.848976,46.861211,https://images.aqar.fm/webp/750x0/props/015620869_1760102736720.jpg,1,صالح محمد,مؤسسة روف الصفوة العقارية,1,2025-10-10,2025-10-10,2026-08-23,919,2026-08-23,True,"1,400,000",False,فيلا
6689602,https://sa.aqar.fm/فلل-للبيع/الرياض/شرق-الرياض/حي-الجنادرية/حي-الجنادرية-مدينة-الرياض-منطقة-الرياض-6689602,"فيلا للبيع في حي الجنادرية, مدينة الرياض, منطقة الرياض",1149000,250,,4,2,0,حي الجنادرية,الرياض,شرق الرياض,"للبيع
فيلا مع شقة 
بحي الجنادرية  - بوابة الشرق
التفاصيل تتكون من : 
1-مجلس مع ملحق خارجي
2-مقلط
3-صالة 
4- غرفة كبار سن
5- ثلاثة غرف نوم + غرفة نوم ماستر
شارع عرض : 15
رقم المخطط: 3768
السعر 1149000 ريال

شركة سمة الوسيط للعقارية
رقم ترخيص الإعلان 
 7200950575
للتواصل
0502758294
0505584736
0551757777",24.901391,46.96857,https://images.aqar.fm/webp/750x0/props/028564766_1778358650868.jpg | https://images.aqar.fm/webp/750x0/props/028564765_1778358650869.jpg | https://images.aqar.fm/webp/750x0/props/028564760_1778358650890.jpg | https://images.aqar.fm/webp/750x0/props/028564766_1778358650874.jpg | https://images.aqar.fm/webp/750x0/props/028564764_1778358650892.jpg | https://images.aqar.fm/webp/750x0/props/028564769_1778358650896.jpg | https://images.aqar.fm/webp/750x0/props/028564766_1778358651008.jpg | https://images.aqar.fm/webp/750x0/props/028564765_1778358651012.jpg | https://images.aqar.fm/webp/750x0/props/028564767_1778358651035.jpg | https://images.aqar.fm/webp/750x0/props/028564767_1778358651030.jpg,10,أحمد بن سعد بن معتق,شركة سمة الوسيط العقارية,1,2026-05-09,2026-08-05,2026-08-19,477,2026-08-23,True,"1,149,000",False,فيلا
6726885,https://sa.aqar.fm/فلل-للبيع/الرياض/شرق-الرياض/حي-الجنادرية/حي-الجنادرية-مدينة-الرياض-منطقة-الرياض-6726885,"فيلا للبيع في حي الجنادرية, مدينة الرياض, منطقة الرياض",1550000,300,4,5,2,0,حي الجنادرية,الرياض,شرق الرياض,"لتواصل الوسيط العقاري ربيع عقاد : 055,5359,229
فيلا راقية للبيع في مشروع بوابة الشرق – تصميم عصري وموقع مميز ✨ فرصة مميزة لامتلاك فيلا أنيقة ضمن مشروع بوابة الشرق، بتصميم عملي يناسب العائلات الباحثة عن الراحة والخصوصية، مع تشطيبات راقية وجراج يتسع لسيارة أو أكثر. 🔻 الدور الأرضي: • منطقة ضيافة مستقلة بمدخل خاص • مجلس وغرفة طعام يفصل بينهما باب خشبي سحاب أنيق • مغسلة ودورة مياه للضيوف • صالة عائلية واسعة بنظام مفتوح مع مطبخ وصالة طعام مدمجة 🔺 الدور الأول: • غرفة نوم رئيسية بدورة مياه خاصة • 3 غرف نوم إضافية • دورة مياه مشتركة 🧺 الدور الثاني: • غرفة خادمة بدورة مياه خاصة • غرفة غسيل مفتوحة • سطح متعدد الاستخدامات 📌 ملاحظة: الفيلا غير مؤثثة بالكامل. 📍 موقع مميز داخل المشروع وقريب من جميع الخدمات. ✅ الفيلا جاهزة للسكن فوراً لتحديد موعد للزيارة و المعاينة آمل التواصل على رقم ألتواصل الموضح أدناه. ربيع عقاد ((الرقم يظهر عند الضغط على اتصال))",24.903163,46.93749,https://images.aqar.fm/webp/750x0/props/001112563_1781086653910.png | https://images.aqar.fm/webp/750x0/props/001112569_1781086703871.jpg | https://images.aqar.fm/webp/750x0/props/001112568_1781086703885.jpg | https://images.aqar.fm/webp/750x0/props/001112560_1781086703881.jpg | https://images.aqar.fm/webp/750x0/props/001112562_1781086703884.jpg | https://images.aqar.fm/webp/750x0/props/001112563_1781086703875.jpg | https://images.aqar.fm/webp/750x0/props/001112567_1781086703887.jpg | https://images.aqar.fm/webp/750x0/props/001112567_1781086703883.jpg | https://images.aqar.fm/webp/750x0/props/001112568_1781086703874.jpg | https://images.aqar.fm/webp/750x0/props/001112565_1781086703872.jpg | https://images.aqar.fm/webp/750x0/props/001112566_1781086703885.jpg | https://images.aqar.fm/webp/750x0/props/001112565_1781086703884.jpg | https://images.aqar.fm/webp/750x0/props/001112561_1781086703886.jpg,13,همدان بن احمد بن هادي الكثيري,شركة الياسمين لإدارة و تطوير العقارات,1,2026-06-10,2026-08-07,2026-08-23,224,2026-08-23,True,"1,550,000",False,فيلا
6826838,https://sa.aqar.fm/فلل-للبيع/الرياض/شرق-الرياض/حي-الجنادرية/شارع-السليمانية-حي-الجنادرية-مدينة-الرياض-منطقة-الرياض-6826838,"فيلا للبيع في شارع السليمانية, حي الجنادرية, مدينة الرياض, منطقة الرياض",1100000,187,6,3,0,1,حي الجنادرية,الرياض,شرق الرياض,"دور اول مع شقه بالسطح على شارعين ١٥ و١٠ بجانب حديقه مدخل سياره الدور الاولى يمنين ديوان مع حمام ثم مدخل البيت ثلاث غرف وحده مساتر وصاله وحمام وطبخ  السطح ثلاث غرف وحده مايستر وحمام ومطبخ وصاله  بالجنادريه قريب من الطريق
 السريع (خريص)خلف دانكن

الموقع ممتاز قريب من الخط السريع قريبه من كلية الملك فهد الامنيه

يوجد على العقار رهن 850 الف",24.804429,46.855583,https://images.aqar.fm/webp/750x0/props/013855631_1786956863127.jpg | https://images.aqar.fm/webp/750x0/props/013855636_1786956863139.jpg | https://images.aqar.fm/webp/750x0/props/013855633_1786956863292.jpg | https://images.aqar.fm/webp/750x0/props/013855630_1786956863124.jpg | https://images.aqar.fm/webp/750x0/props/013855635_1786956863132.jpg | https://images.aqar.fm/webp/750x0/props/013855637_1786956863288.jpg | https://images.aqar.fm/webp/750x0/props/013855632_1786956863130.jpg | https://images.aqar.fm/webp/750x0/props/013855630_1786956880889.jpg | https://images.aqar.fm/webp/750x0/props/013855639_1786956880878.jpg,9,حمود فراج,,,2026-08-17,2026-08-17,2026-08-20,172,2026-08-23,True,"1,100,000",False,فيلا
6836918,https://sa.aqar.fm/فلل-للبيع/الرياض/شرق-الرياض/حي-الجنادرية/شارع-عمر-حي-الجنادرية-مدينة-الرياض-منطقة-الرياض-6836918,"فيلا للبيع في شارع عمر , حي الجنادرية, مدينة الرياض, منطقة الرياض",700000,184,6,0,0,0,حي الجنادرية,الرياض,شرق الرياض,"فلل تاون هاوس مميزة 
ضمانات على السباكة والكهرباء  
واجهات مميزة",24.850325,46.902935,,,احمد عبدالله علي عسيري,,,2026-08-23,2026-08-23,2026-08-23,4,2026-08-23,True,"700,000",False,فيلا
6517998,https://sa.aqar.fm/فلل-للبيع/الرياض/شرق-الرياض/حي-الجنادرية/شارع-1674-حي-الجنادرية-مدينة-الرياض-منطقة-الرياض-6517998,"فيلا للبيع في شارع 1674, حي الجنادرية, مدينة الرياض, منطقة الرياض",1200000,234,,,,0,حي الجنادرية,الرياض,شرق الرياض,"فيلا سكنية للبيع في حي الجنادرية٬ الرياض

مساحة الأرض 234 متر مربع

يحدها 1 شارع: شرقية٬ بعرض 30 م

مكونة من: 10 غرف

واصل كهرباء

واصل مياه

سنة البناء: 2025

سعرها 1200000 ر.س",24.827881,46.861539,https://images.aqar.fm/webp/750x0/props/031127543_1766489162401.jpg | https://images.aqar.fm/webp/750x0/props/031127548_1766489162402.jpg | https://images.aqar.fm/webp/750x0/props/031127546_1766489162394.jpg | https://images.aqar.fm/webp/750x0/props/031127544_1766489162409.jpg | https://images.aqar.fm/webp/750x0/props/031127549_1766489162395.jpg | https://images.aqar.fm/webp/750x0/props/031127543_1766489162594.jpg | https://images.aqar.fm/webp/750x0/props/031127547_1766489162397.jpg | https://images.aqar.fm/webp/750x0/props/031127543_1766489162390.jpg,8,راشد فهد,مؤسسة راشد فهد عبدالله العجمي للعقارات,1,2025-12-23,2025-12-23,2026-08-23,3295,2026-08-23,True,"1,200,000",False,فيلا
6780886,https://sa.aqar.fm/فلل-للبيع/الرياض/شرق-الرياض/حي-الجنادرية/شارع-438-حي-الجنادرية-مدينة-الرياض-منطقة-الرياض-6780886,"فيلا للبيع في شارع 438, حي الجنادرية, مدينة الرياض, منطقة الرياض",950000,192,4,0,0,0,حي الجنادرية,الرياض,شرق الرياض,"دور ارضي للبيع في مخطط غصون بحي الجنادرية 
مكون من 
موقف سيارة 
مجلس رجال 
مقلط 
صالة نساء مع مدخل نساء 
مطبخ مع غرفه خادمة وغرفه غسيل 
٤ غرف نوم 
جميع الضمانات متوفرة 
السعر ٨٥٠ الف 
ابو يوسف

((الرقم يظهر عند الضغط على اتصال))",24.850102,46.90458,https://images.aqar.fm/webp/750x0/props/043848014_1784468339390.jpg | https://images.aqar.fm/webp/750x0/props/043848012_1784468339405.jpg | https://images.aqar.fm/webp/750x0/props/043848012_1784468339396.jpg | https://images.aqar.fm/webp/750x0/props/043848014_1784468339446.jpg | https://images.aqar.fm/webp/750x0/props/043848019_1784468339462.jpg | https://images.aqar.fm/webp/750x0/props/043848012_1784468339387.jpg | https://images.aqar.fm/webp/750x0/props/043848018_1784468339441.jpg | https://images.aqar.fm/webp/750x0/props/043848019_1784468370412.jpg | https://images.aqar.fm/webp/750x0/props/043848014_1784468370472.jpg | https://images.aqar.fm/webp/750x0/props/043848012_1784468370464.jpg | https://images.aqar.fm/webp/750x0/props/043848011_1784468370468.jpg | https://images.aqar.fm/webp/750x0/props/043848017_1784468370423.jpg | https://images.aqar.fm/webp/750x0/props/043848010_1784468370469.jpg | https://images.aqar.fm/webp/750x0/props/043848010_1784468370459.jpg | https://images.aqar.fm/webp/750x0/props/043848015_1784468370465.jpg,15,نايف عبدالله بن سلطان بن سفران,مؤسسة موافقة العقارية,1,2026-07-19,2026-08-17,2026-08-20,182,2026-08-23,True,"950,000",False,فيلا
6761810,https://sa.aqar.fm/فلل-للبيع/الرياض/شرق-الرياض/حي-الجنادرية/حي-الجنادرية-مدينة-الرياض-منطقة-الرياض-6761810,"فيلا للبيع في حي الجنادرية, مدينة الرياض, منطقة الرياض",800000,300,6,1,0,0,حي الجنادرية,الرياض,شرق الرياض,"👌🏻 فرصة سكنية مميزة في حي بوابة الشرق شرق الرياض 
📍موقع متطور وقريب من جميع الخدمات.

🔘( تاون هاوس ارضي) 

✏️ المساحة :300 م
💵 السعر  : 800 الف قابل للتفاوض 

🏠 المواصفات: 

*  مجلس
*   مقلط 
* 5 غرف نوم منها ماستر
* مطبخ + غرفة تخزين
* صاله كبيرة
* مدخل نساء ورجال 
 خزان وعداد مستقل 
مواصفات اخرى : * 
* مطابقة للكود السعودي. 
*  ضمان 25 سنوات.
* عمر العقار جديد.
* واجهة جنوبية 
* عرض الشارع 15
* حديدة زاويه
* ماء وكهرب راكب.
* قريب مرفق  حديقه +مسجد

للتواصل : ‭‬ابو عبدالله/ ((الرقم يظهر عند الضغط على اتصال))",24.901455,46.961944,https://images.aqar.fm/webp/750x0/props/004670695_1783332900039.jpg | https://images.aqar.fm/webp/750x0/props/004670693_1783332900942.jpg | https://images.aqar.fm/webp/750x0/props/004670692_1783332901025.jpg | https://images.aqar.fm/webp/750x0/props/004670692_1783332901148.jpg | https://images.aqar.fm/webp/750x0/props/004670694_1783332901868.jpg | https://images.aqar.fm/webp/750x0/props/004670693_1783332902241.jpg | https://images.aqar.fm/webp/750x0/props/004670697_1783332902619.jpg | https://images.aqar.fm/webp/750x0/props/004670691_1783332903015.jpg | https://images.aqar.fm/webp/750x0/props/004670698_1783332903472.jpg | https://images.aqar.fm/webp/750x0/props/004670692_1783332903888.jpg,10,جابر ال فهاد,شركة ركائز الروعة,1,2026-07-06,2026-08-04,2026-08-23,1343,2026-08-23,True,"800,000",False,فيلا
6547167,https://sa.aqar.fm/فلل-للبيع/الرياض/شرق-الرياض/حي-الجنادرية/شارع-بدون-حي-الجنادرية-مدينة-الرياض-منطقة-الرياض-6547167,"فيلا للبيع في شارع بدون, حي الجنادرية, مدينة الرياض, منطقة الرياض",1050000,300,4,4,0,0,حي الجنادرية,الرياض,شرق الرياض,"فيلا بنظام التاون هاوس في مخطط غصون بحي الجنادرية
الجزء الاول الارضي مكون من / مشب - مجلس - مقلط - صاله - مطبخ - غرفتين نوم وحده ماستر + درج داخلي وصاله - غرفتين نوم كلهم ماستر 

اما الجزء الاخر من الفيلا ( الاول مع السطح ) مكون من /
موقف سياره - مصعد مؤسس - مدخلين - مجلس - صاله - مطبخ + درج داخلي وصاله - 3 غرف نوم وحده ماستر - سطح واسع .

#البيع الفيلا كامله او جزء منها
((((سعر خاص جداً للشراء الكامل))))



*تأمين ضد العيوب الخفيه 
*ضمانات سباكه وكهرباء 
*اشراف هندسي 
*اعمال الجبس المنفذه من الجبس بورد

للمفاهمه
 
 ابو ماجد",24.837806,46.891865,https://images.aqar.fm/webp/750x0/props/014436000_1768417979783.jpg | https://images.aqar.fm/webp/750x0/props/014436005_1768418010284.jpg | https://images.aqar.fm/webp/750x0/props/014436005_1768418027472.jpg | https://images.aqar.fm/webp/750x0/props/014436006_1768418044166.jpg | https://images.aqar.fm/webp/750x0/props/014436003_1768418058913.jpg | https://images.aqar.fm/webp/750x0/props/014436005_1768418086870.jpg | https://images.aqar.fm/webp/750x0/props/014436007_1768418131111.jpg | https://images.aqar.fm/webp/750x0/props/014436009_1768418179952.jpg | https://images.aqar.fm/webp/750x0/props/014436008_1768418192936.jpg | https://images.aqar.fm/webp/750x0/props/014436009_1768418220816.jpg | https://images.aqar.fm/webp/750x0/props/014436009_1768418254298.jpg | https://images.aqar.fm/webp/750x0/props/014436005_1768418287579.jpg | https://images.aqar.fm/webp/750x0/props/014436000_1768418308059.jpg | https://images.aqar.fm/webp/750x0/props/014436004_1768418345848.jpg | https://images.aqar.fm/webp/750x0/props/014436000_1768418375430.jpg | https://images.aqar.fm/webp/750x0/props/014436007_1768418395412.jpg,16,ماهر مهل ناهض العتيبي,,,2026-01-14,2026-01-14,2026-08-19,1707,2026-08-23,True,"1,050,000",False,فيلا
6686771,https://sa.aqar.fm/فلل-للبيع/الرياض/شرق-الرياض/حي-الجنادرية/شارع-خريص-حي-الجنادرية-مدينة-الرياض-منطقة-الرياض-6686771,"فيلا للبيع في شارع خريص, حي الجنادرية, مدينة الرياض, منطقة الرياض",850000,157,4,6,1,0,حي الجنادرية,الرياض,شرق الرياض,"للبيع  تاون هاوس أرضي حي الجنادرية – عرض رقم   H1733 

المواصفات:
- مدخلين
- المساحة 160 متر
-  دور أرضي ( يتكون من 2 غرف ماستر  _ مجلس _صاله  _ مطبخ _  مقلط  _  
اجمالي 4 حمام  _ غرفة خادمة _ مدخل سيارة )
-  دور أول  ( يتكون من 2 غرف ماستر  _   سطح  )

المميزات:
- عمر العقار جديد
- تشطيب سوبر لوكس
- الواجهة جنوبية
- موقع مميز في مدينة الرياض
- الموقع يخدم الحياة اليومية بجميع احتياجاتها (مطاعم، خدمات، صالات رياضية، مولات، مدارس، مستشفيات) 

السعر: 850,000 ريال

رقم العرض:   H 1733
-----------------
الـــفـــريـــح للــــعـــقـــارات",24.841543,46.894226,https://images.aqar.fm/webp/750x0/props/044628569_1778162821120.jpg | https://images.aqar.fm/webp/750x0/props/044628561_1778162821105.jpg | https://images.aqar.fm/webp/750x0/props/044628566_1778162821114.jpg | https://images.aqar.fm/webp/750x0/props/044628563_1778162821109.jpg | https://images.aqar.fm/webp/750x0/props/044628565_1778162821135.jpg | https://images.aqar.fm/webp/750x0/props/044628565_1778162939658.jpg | https://images.aqar.fm/webp/750x0/props/044628561_1778162939653.jpg | https://images.aqar.fm/webp/750x0/props/044628562_1778162939652.jpg | https://images.aqar.fm/webp/750x0/props/044628560_1778162939641.jpg | https://images.aqar.fm/webp/750x0/props/044628564_1778162939645.jpg | https://images.aqar.fm/webp/750x0/props/044628566_1778162939651.jpg | https://images.aqar.fm/webp/750x0/props/044628564_1778162939654.jpg | https://images.aqar.fm/webp/750x0/props/044628567_1778162939668.jpg | https://images.aqar.fm/webp/750x0/props/044628560_1778162939658.jpg | https://images.aqar.fm/webp/750x0/props/044628560_1778162939656.jpg | https://images.aqar.fm/webp/750x0/props/044628568_1778162939666.jpg | https://images.aqar.fm/webp/750x0/props/044628562_1778162939676.jpg | https://images.aqar.fm/webp/750x0/props/044628565_1778162939869.jpg | https://images.aqar.fm/webp/750x0/props/044628566_1778162939678.jpg | https://images.aqar.fm/webp/750x0/props/044628566_1778162939673.jpg | https://images.aqar.fm/webp/750x0/props/044628567_1778162939677.jpg | https://images.aqar.fm/webp/750x0/props/044628568_1778162939670.jpg | https://images.aqar.fm/webp/750x0/props/044628561_1778162939872.jpg | https://images.aqar.fm/webp/750x0/props/044628567_1778162940300.jpg,24,ريماز مشعل فريح المطيري,مكتب ريماز مشعل فريح المطيري للعقارات,1,2026-05-07,2026-08-02,2026-08-20,715,2026-08-23,True,"850,000",False,فيلا
6718468,https://sa.aqar.fm/فلل-للبيع/الرياض/شرق-الرياض/حي-الجنادرية/شارع-الحجازية-حي-الجنادرية-مدينة-الرياض-منطقة-الرياض-6718468,"فيلا للبيع في شارع الحجازية , حي الجنادرية, مدينة الرياض, منطقة الرياض",1250000,300,5,1,2,4,حي الجنادرية,الرياض,شرق الرياض,"للبيع  فيلا نموذج النرجس في بوابة الشرق 

المساحه /300 م
عرض الشارع  15 م 
عمر العقار  اربع السنوات  

وصف الفيلا 

ثلاث ادوار درج داخلي
 
الدور الاول / 
مجلس 
وصالة
 وحمامين
 ومطبخ 
ومدخلين واحد للرجال والثاني للحريم
 وحوش كبير  

الدور الثاني / 

اربع غرف نوم منها غرفة ماستر بدورة مياة ودورة مياه ثانيه للغرف الثلاث 
الدور الثالث 
غرفة ماستر بدورة المياة للخادمة مع مكان للغسيل والكوي اضافة معها السطح 

المطلوب للبنك مبلغ 800000
والمطلوب كامل المبلغ 1250000",24.903124,46.949644,https://images.aqar.fm/webp/750x0/props/045587063_1780561937778.jpg | https://images.aqar.fm/webp/750x0/props/045587066_1780561935697.jpg | https://images.aqar.fm/webp/750x0/props/045587060_1780561935840.jpg | https://images.aqar.fm/webp/750x0/props/045587060_1780561935958.jpg | https://images.aqar.fm/webp/750x0/props/045587065_1780561936045.jpg | https://images.aqar.fm/webp/750x0/props/045587063_1780561936176.jpg | https://images.aqar.fm/webp/750x0/props/045587067_1780561936275.jpg | https://images.aqar.fm/webp/750x0/props/045587062_1780561936339.jpg | https://images.aqar.fm/webp/750x0/props/045587062_1780561936365.jpg | https://images.aqar.fm/webp/750x0/props/045587066_1780561936489.jpg | https://images.aqar.fm/webp/750x0/props/045587060_1780561936517.jpg | https://images.aqar.fm/webp/750x0/props/045587066_1780561936597.jpg | https://images.aqar.fm/webp/750x0/props/045587066_1780561936616.jpg | https://images.aqar.fm/webp/750x0/props/045587065_1780561936708.jpg | https://images.aqar.fm/webp/750x0/props/045587063_1780561936804.jpg | https://images.aqar.fm/webp/750x0/props/045587062_1780561936806.jpg | https://images.aqar.fm/webp/750x0/props/045587065_1780561936888.jpg | https://images.aqar.fm/webp/750x0/props/045587068_1780561936898.jpg | https://images.aqar.fm/webp/750x0/props/045587067_1780561936998.jpg | https://images.aqar.fm/webp/750x0/props/045587067_1780561937028.jpg | https://images.aqar.fm/webp/750x0/props/045587060_1780561937107.jpg | https://images.aqar.fm/webp/750x0/props/045587060_1780561937114.jpg | https://images.aqar.fm/webp/750x0/props/045587061_1780561937208.jpg | https://images.aqar.fm/webp/750x0/props/045587068_1780561937300.jpg | https://images.aqar.fm/webp/750x0/props/045587060_1780561937400.jpg | https://images.aqar.fm/webp/750x0/props/045587065_1780561937463.jpg | https://images.aqar.fm/webp/750x0/props/045587063_1780561937542.jpg | https://images.aqar.fm/webp/750x0/props/045587066_1780561937539.jpg | https://images.aqar.fm/webp/750x0/props/045587064_1780561937638.jpg | https://images.aqar.fm/webp/750x0/props/045587065_1780561937742.jpg,30,فيصل الحمدي,مكتب اركان المحمدية للعقارات,1,2026-06-04,2026-06-04,2026-08-19,86,2026-08-23,True,"1,250,000",False,فيلا
6656788,https://sa.aqar.fm/فلل-للبيع/الرياض/شرق-الرياض/حي-الجنادرية/شارع-رقم-133-حي-الجنادرية-مدينة-الرياض-منطقة-الرياض-6656788,"فيلا للبيع في شارع رقم 133, حي الجنادرية, مدينة الرياض, منطقة الرياض",3500000,600,7,,,0,حي الجنادرية,الرياض,شرق الرياض,"تحديث 

للبيع فيلا حي المعالي الجنادريه 

درج داخلي وثلاث شقق كبيره دخل الشقق 70000 ريال

المساحة:- 600 متر
 الشارع:- 18 متر
الواجهة:- شرقية
عمر العقار:-8 سنوات
▪️الدور الارضي للفيلا :- مجلس+مقلط +مطبخ+ غرفه كبار سن + مجلس نساء بحمام +مستودع صغير 
▪️الدور العلوي:-  غرفتين ماستر و صاله وغرفتين بينهم حمام  
▪️الدور الاخير:-  مستودع و غرفه شغاله وغرفه غسيل وحمام وسطح 
----------------------------------------
1️⃣شقه الدور الارضي:-  مجلس رجال بالحمام والمغاسل و مقلط وصاله ومطبخ وغرفتين نوم بينهم حمام 
2️⃣شقه الدور العلوي:- مجلس رجال بالحمام والمغاسل و مقلط وصاله ومطبخ وغرفتين نوم بينهم حمام 
3️⃣ شقه الدور الاخير:- مجلس رجال بالحمام والمغاسل و مقلط وصاله ومطبخ وغرفتين نوم بينهم حمام وسطح 

الشغل شخصي ومتعوب عليه وتصميم جميل ورجاءا لا يجي الا الصامل 


البيع 3 مليون 500 الف 

للتواصل 0546843422",24.846376,46.878712,https://images.aqar.fm/webp/750x0/props/042204097_1776279164810.jpg,1,عبدالله بن ناصر بن قنيفذ القحطاني,,0,2026-04-15,2026-06-14,2026-06-14,354,2026-08-23,True,"3,500,000",False,فيلا
6709982,https://sa.aqar.fm/فلل-للبيع/الرياض/شرق-الرياض/حي-الجنادرية/حي-الجنادرية-مدينة-الرياض-منطقة-الرياض-6709982,"فيلا للبيع في حي الجنادرية, مدينة الرياض, منطقة الرياض",1300000,360,4,0,0,0,حي الجنادرية,الرياض,شرق الرياض,"للبيع دور ارضي ماسس 3 شقق 
٣ غرف نوم مطبخ وصالة ومجلس رجال وحوش",24.85141,46.895509,https://images.aqar.fm/webp/750x0/props/052159213_1779646856251.jpg | https://images.aqar.fm/webp/750x0/props/052159217_1779646856015.jpg,2,مازن عبيد,مكتب علو المقام للخدمات العقاريه,1,2026-05-24,2026-08-20,2026-08-23,460,2026-08-23,True,"1,300,000",False,فيلا
6762081,https://sa.aqar.fm/فلل-للبيع/الرياض/شرق-الرياض/حي-الجنادرية/شارع-سويد-بن-النعمان-حي-الجنادرية-مدينة-الرياض-منطقة-الرياض-6762081,"فيلا للبيع في شارع سويد بن النعمان, حي الجنادرية, مدينة الرياض, منطقة الرياض",1750000,360,6,,,0,حي الجنادرية,الرياض,شرق الرياض,"كود المشروع: E1387
ثمانــي فلــل ســكنية بتصاميــم عصريــة فــي حــي
الجنادريـة، مكونـة مـن دوريـن، بالقـرب مـن روشـن،
حيــث يلتقــي الموقــع الحيــوي بجــودة الســكن",24.849817,46.898378,https://images.aqar.fm/webp/750x0/props/009761157_1783343480760.jpg | https://images.aqar.fm/webp/750x0/props/009761157_1783343484465.jpg | https://images.aqar.fm/webp/750x0/props/009761156_1783343484462.jpg | https://images.aqar.fm/webp/750x0/props/009761158_1783343484468.jpg,4,خالد شاكر بن حامد المبيض,شركة منصات العقارية شركة شخص واحد,1,2026-07-06,2026-08-10,2026-08-10,251,2026-08-23,True,"1,750,000",False,فيلا
6825152,https://sa.aqar.fm/فلل-للبيع/الرياض/شرق-الرياض/حي-الجنادرية/شارع-رقم-97-حي-الجنادرية-مدينة-الرياض-منطقة-الرياض-6825152,"فيلا للبيع في شارع رقم 97, حي الجنادرية, مدينة الرياض, منطقة الرياض",2550000,480,,,,11,حي الجنادرية,الرياض,شرق الرياض,"* *شركة بي فاوند العقارية*
•  رقم العرض : 2532
•  النوع : فيلا دور و3 شقق للبيع 
•  الحي : الجنادرية 
•  الشارع : 20 م شرقي 
•  المساحة : 450 م²
•  السعر : 2.550.000 شامل الرهن 
•  عمر العقار : أكثر من 10 سنوات 
•  الرهن : مرهونة
*الوصف*
فيلا للبيع بحي الجنادرية – شرق الرياض
فرصة مميزة لامتلاك فيلا سكنية واسعة في حي الجنادرية
*الدور الارضي*
3 غرف نوم 3 صالة 
3 دورات المياه 
مشب حوش واسع
ومستودع بالحوش
مدخل سيارة
بدون مطبخ ومكيفات 
*الشقق عددهم 3*
كل شقة تتكون من 
مجلس مطبخ صاله غرفتين ودورتين مياة
مميزات العقار
توفر الماء والكهرباء
موقع مناسب للعائلات

رقم الترخيص الإعلاني: 7201087790",24.837633,46.883228,https://images.aqar.fm/webp/750x0/props/035903851_1786876940615.jpg,1,مناور احمد,شركة بي فاوند,1,2026-08-16,2026-08-16,2026-08-23,43,2026-08-23,True,"2,550,000",False,فيلا
6365951,https://sa.aqar.fm/فلل-للبيع/الرياض/شرق-الرياض/حي-الجنادرية/شارع-رقم-180-حي-الجنادرية-مدينة-الرياض-منطقة-الرياض-6365951,"فيلا للبيع في شارع رقم 180, حي الجنادرية, مدينة الرياض, منطقة الرياض",1400000,230,4,,,2,حي الجنادرية,الرياض,شرق الرياض,"فيلا دبلكس  بالجنادرية
مساحة 230م
الوجهه جنوبية
شارع 15م
عليها رهن
المزيد من المعلومات 
الاتصال /((رقم المعلن يظهر عند التواصل))",24.847623,46.87976,https://images.aqar.fm/webp/750x0/props/029804279_1756918046626.jpg | https://images.aqar.fm/webp/750x0/props/029804274_1756918046629.jpg | https://images.aqar.fm/webp/750x0/props/029804278_1756918046632.jpg | https://images.aqar.fm/webp/750x0/props/029804275_1756918046625.jpg,4,عبيد سعيد مطير الشمري,مكتب قشاعم للخدمات العقارية,1,2025-09-03,2025-09-03,2026-07-13,579,2026-08-23,True,"1,400,000",False,فيلا
6468029,https://sa.aqar.fm/فلل-للبيع/الرياض/شرق-الرياض/حي-الجنادرية/حي-الجنادرية-مدينة-الرياض-منطقة-الرياض-6468029,"فيلا للبيع في حي الجنادرية, مدينة الرياض, منطقة الرياض",1770000,254,6,,,0,حي الجنادرية,الرياض,شرق الرياض,"حي الجندريه 
فله مع شقه 
عل زاويه 
عل شرعين 
مجلس 
مقلط 
صاله 
مطبخ ب غرفة خادمه بدورت مياه 
غرف ٣ 
اشقه 
حوش سطح كبير 
مجلس 
صاله 
مطبخ 
غرف ٢",24.838439,46.894228,https://images.aqar.fm/webp/750x0/props/042914500_1763316102816.jpg | https://images.aqar.fm/webp/750x0/props/042914508_1763316123254.jpg | https://images.aqar.fm/webp/750x0/props/042914503_1763316123277.jpg | https://images.aqar.fm/webp/750x0/props/042914504_1763316123305.jpg | https://images.aqar.fm/webp/750x0/props/042914503_1763316123347.jpg | https://images.aqar.fm/webp/750x0/props/042914502_1763316123362.jpg | https://images.aqar.fm/webp/750x0/props/042914509_1763316123869.jpg | https://images.aqar.fm/webp/750x0/props/042914501_1763316123369.jpg,8,ماجد البقمي,,0,2025-11-15,2025-11-15,2026-08-18,297,2026-08-23,True,"1,770,000",False,فيلا
6763700,https://sa.aqar.fm/فلل-للبيع/الرياض/شرق-الرياض/حي-الجنادرية/حي-الجنادرية-مدينة-الرياض-منطقة-الرياض-6763700,"فيلا للبيع في حي الجنادرية, مدينة الرياض, منطقة الرياض",900000,200,5,3,1,0,حي الجنادرية,الرياض,شرق الرياض,"للبيع فيلا زاويه مع شقه 
بحي الجنادرية 
الاتجاه شرقي
المساحه 200م
عمر العقار جديد 
الشقه لها عداد مستقل 
درج داخلي 
الدور الارضي مكون من مجلس+مقلط+صاله+مطبخ+غرفه غسيل+دورتين مياه 
الدور الثاني 
مكون من 4غرف نوم 2ماستر و2مشتركه+3دورات مياه 
وبالامكان دخول النساء في حال وجود ضيوف من باب الشقه من تحت الدرج الجانبي
الشقه في الدور الثالث مدخلها مستقل من الخارج وتتكون من مدخلين مدخل الشقه ومدخل للمجلس
الشقه تتكون من غرفتين نوم+مطبخ+مجلس+دورتين مياه 
تأمين التعاونية 10سنوات 
البناء شخصي 
عزل ضمان 15سنه
السعر مليونو و300
الفيلا تقبل ب",24.891576,46.950884,,,نوال بنت سعد بن صقر العتيبي,مؤسسة مسكن الياسمين,1,2026-07-07,2026-08-05,2026-08-23,207,2026-08-23,True,"900,000",False,فيلا
6813065,https://sa.aqar.fm/فلل-للبيع/الرياض/شرق-الرياض/حي-الجنادرية/شارع-ابراهيم-البرهان-حي-الجنادرية-مدينة-الرياض-منطقة-الرياض-6813065,"فيلا للبيع في شارع ابراهيم البرهان, حي الجنادرية, مدينة الرياض, منطقة الرياض",1850000,350,,0,0,0,حي الجنادرية,الرياض,شرق الرياض,"� فرصة سكنية واستثمارية مميزة في حي الجنادرية | فيلا 3 أدوار مستقلة

إذا كنت تبحث عن فيلا مناسبة للعائلة الكبيرة أو فرصة استثمارية مميزة، فهذه الفيلا تتميز بـ 3 أدوار مفصولة ومستقلة مع مساحات رحبة وتوزيع عملي ومصعد يخدم الأدوار.

📍 الموقع: حي الجنادرية – الرياض

✨ الدور الأرضي:
• مجلس رجال + مقلط + دورة مياه
• مجلس نساء
• صالة كبيرة + مطبخ
• 3 غرف نوم
• غرفتان ماستر
• غرفة خادمة + دورة مياه

✨ الدور الأول:
• مجلس رجال + مقلط + دورة مياه
• صالة كبيرة + مطبخ
• 3 غرف نوم
• غرفة ماستر
• دورتا مياه إضافيتان
• مصعد

✨ الدور الثاني:
• صالة + مطبخ
• غرفتان نوم
• غرفة ماستر
• دورة مياه
• مصعد

⭐ 3 أدوار مفصولة – مثالية للسكن العائلي أو الاستثمار

🔴 يوجد ضمانات على الكهرباء والمياه وإنشاءات 
المبنى وتأمين ضد العيوب الخفيه

📞 للتواصل والاستفسار:
((الرقم يظهر عند الضغط على اتصال))",24.83852,46.867629,https://images.aqar.fm/webp/750x0/props/002963491_1786293688933.jpg | https://images.aqar.fm/webp/750x0/props/002963492_1786293689003.jpg | https://images.aqar.fm/webp/750x0/props/002963492_1786293688800.jpg | https://images.aqar.fm/webp/750x0/props/002963496_1786293689005.jpg | https://images.aqar.fm/webp/750x0/props/002963490_1786293688999.jpg | https://images.aqar.fm/webp/750x0/props/002963495_1786293688936.jpg | https://images.aqar.fm/webp/750x0/props/002963497_1786293688807.jpg,7,فواز خلف حمود العنزي,,,2026-08-09,2026-08-09,2026-08-15,144,2026-08-23,True,"1,850,000",False,فيلا
6681392,https://sa.aqar.fm/فلل-للبيع/الرياض/شرق-الرياض/حي-الجنادرية/شارع-شارع-حي-الجنادرية-مدينة-الرياض-منطقة-الرياض-6681392,"فيلا للبيع في شارع شارع, حي الجنادرية, مدينة الرياض, منطقة الرياض",970000,288,4,,,0,حي الجنادرية,الرياض,شرق الرياض,"تاون هاوس عباره عن
 دور ارضي مكون من
 مجلس مقلط صاله مطبخ غرفه اثنين حمام
 دور اول عباره عن
 غرفتين و 2 حمام 
السطح عبارة عن
 غرفه وحمام وغرفه غسيل واثنين سطح 
مؤسس مصعد 
مساحه 300 م
سعر  970.000
شارع 20
وجهة غربي
جاري تأسيس مدرسة وخدمات حكومية مقابل الڤيلا.
للتواصل:
سلطان 0550523888
عبدالعزيز 0550031177
أبو مشعل 0545552955",24.847458,46.901699,https://images.aqar.fm/webp/750x0/props/041496181_1777898747335.jpg | https://images.aqar.fm/webp/750x0/props/041496188_1777898744047.jpg | https://images.aqar.fm/webp/750x0/props/041496182_1777898744332.jpg | https://images.aqar.fm/webp/750x0/props/041496180_1777898744566.jpg | https://images.aqar.fm/webp/750x0/props/041496189_1777898744566.jpg | https://images.aqar.fm/webp/750x0/props/041496188_1777898744656.jpg | https://images.aqar.fm/webp/750x0/props/041496182_1777898744895.jpg | https://images.aqar.fm/webp/750x0/props/041496185_1777898744963.jpg | https://images.aqar.fm/webp/750x0/props/041496185_1777898745042.jpg | https://images.aqar.fm/webp/750x0/props/041496182_1777898745123.jpg | https://images.aqar.fm/webp/750x0/props/041496186_1777898745333.jpg | https://images.aqar.fm/webp/750x0/props/041496185_1777898745404.jpg | https://images.aqar.fm/webp/750x0/props/041496186_1777898745566.jpg | https://images.aqar.fm/webp/750x0/props/041496182_1777898745773.jpg | https://images.aqar.fm/webp/750x0/props/041496183_1777898745881.jpg | https://images.aqar.fm/webp/750x0/props/041496186_1777898746094.jpg | https://images.aqar.fm/webp/750x0/props/041496183_1777898746257.jpg | https://images.aqar.fm/webp/750x0/props/041496186_1777898746493.jpg | https://images.aqar.fm/webp/750x0/props/041496185_1777898746725.jpg | https://images.aqar.fm/webp/750x0/props/041496189_1777898746963.jpg | https://images.aqar.fm/webp/750x0/props/041496184_1777898747534.jpg,21,تركي مشعان,مؤسسة داركم المميز العقارية,1,2026-05-04,2026-07-30,2026-08-14,245,2026-08-23,True,"970,000",False,فيلا
6824740,https://sa.aqar.fm/فلل-للبيع/الرياض/شرق-الرياض/حي-الجنادرية/شارع-حي-غصون-حي-الجنادرية-مدينة-الرياض-منطقة-الرياض-6824740,"فيلا للبيع في شارع حي غصون, حي الجنادرية, مدينة الرياض, منطقة الرياض",7500000,218,5,0,0,0,حي الجنادرية,الرياض,شرق الرياض,,24.905762,46.944505,https://images.aqar.fm/webp/750x0/props/019015307_1786846579113.jpg | https://images.aqar.fm/webp/750x0/props/019015303_1786846595852.jpg | https://images.aqar.fm/webp/750x0/props/019015302_1786846595836.jpg | https://images.aqar.fm/webp/750x0/props/019015300_1786846595828.jpg | https://images.aqar.fm/webp/750x0/props/019015306_1786846631942.jpg | https://images.aqar.fm/webp/750x0/props/019015304_1786846631960.jpg | https://images.aqar.fm/webp/750x0/props/019015307_1786846631950.jpg | https://images.aqar.fm/webp/750x0/props/019015309_1786846632046.jpg | https://images.aqar.fm/webp/750x0/props/019015301_1786846631941.jpg | https://images.aqar.fm/webp/750x0/props/019015303_1786846631941.jpg | https://images.aqar.fm/webp/750x0/props/019015308_1786846631959.jpg | https://images.aqar.fm/webp/750x0/props/019015300_1786846631944.jpg | https://images.aqar.fm/webp/750x0/props/019015300_1786846658639.jpg | https://images.aqar.fm/webp/750x0/props/019015301_1786846658607.jpg | https://images.aqar.fm/webp/750x0/props/019015307_1786846658627.jpg | https://images.aqar.fm/webp/750x0/props/019015307_1786846658634.jpg | https://images.aqar.fm/webp/750x0/props/019015302_1786846658636.jpg | https://images.aqar.fm/webp/750x0/props/019015309_1786846658636.jpg | https://images.aqar.fm/webp/750x0/props/019015309_1786846658628.jpg,19,عبدالله علي,,0,2026-08-16,2026-08-16,2026-08-16,15,2026-08-23,True,"7,500,000",False,فيلا
6757886,https://sa.aqar.fm/فلل-للبيع/الرياض/شرق-الرياض/حي-الجنادرية/حي-شارع-سقطرة-حي-الجنادرية-الرياض-منطقة-الرياض-6757886,فيلا للبيع في حي ، شارع سقطرة ، حي الجنادرية ، الرياض ، منطقة الرياض,1000000,280,3,4,1,5,حي الجنادرية,الرياض,شرق الرياض,فيلا في حي بوابة الشرق نموذج اللوتس واجهة شمالية,24.905765,46.946393,,,بندر بن جديع بن سعد المطيري,,,2026-07-03,,2026-07-03,15,2026-08-23,False,طلب تسويق,False,فيلا
6447058,https://sa.aqar.fm/فلل-للبيع/الرياض/شرق-الرياض/حي-الجنادرية/شارع-خليفه-ابن-حمد-آل-ثاني-حي-الجنادرية-مدينة-الرياض-منطقة-الرياض-6447058,"فيلا للبيع في شارع  خليفه ابن حمد آل ثاني, حي الجنادرية, مدينة الرياض, منطقة الرياض",600000,178,7,5,3,0,حي الجنادرية,الرياض,شرق الرياض,"الـسـلام عـلـيـكم ورحـمـة الله وبركــاتــه
—————————-
للـبـيـع تاون هاوس علوي
بموقف خاص
في حي الجنادريه
شارع 20 شمالي

—————————
مواصفاتها
*موقف خاص
* عليها شهادة اتمام البناء
* يوجد عليها ضمانات العزل
* تأمين ضد العيوب الخفيه
*مسجد قريب
——————————
تتكون:
* حوش
* مجلس
* مقلط ضيافه
* صاله واسعه
* مطبخ
* ⁠غرفة نوم ماستر
* ⁠غرفة نوم 
* ⁠غرفة نوم
* ⁠سطح
* ⁠5 دورة مياه

______________________
** لـلبيع ب سعر ٧٢٠،٠٠٠ قابل تفاوض
** رقم رخصة الوساطه 1100270266
** لـ الإسـتفسـار ((رقم المعلن يظهر عند التواصل))",24.826504,46.883668,https://images.aqar.fm/webp/750x0/props/020063777_1761836328435.jpg | https://images.aqar.fm/webp/750x0/props/020063770_1761836328448.jpg | https://images.aqar.fm/webp/750x0/props/020063773_1761836328458.jpg | https://images.aqar.fm/webp/750x0/props/020063775_1761836328447.jpg | https://images.aqar.fm/webp/750x0/props/020063772_1761836328489.jpg | https://images.aqar.fm/webp/750x0/props/020063778_1761836328487.jpg | https://images.aqar.fm/webp/750x0/props/020063777_1761836328488.jpg | https://images.aqar.fm/webp/750x0/props/020063776_1761836328487.jpg | https://images.aqar.fm/webp/750x0/props/020063771_1761836368050.jpg | https://images.aqar.fm/webp/750x0/props/020063773_1761836368103.jpg | https://images.aqar.fm/webp/750x0/props/020063777_1761836368047.jpg | https://images.aqar.fm/webp/750x0/props/020063776_1761836368062.jpg | https://images.aqar.fm/webp/750x0/props/020063777_1761836368082.jpg,13,سلطان سفر مسفر المطيري,,,2025-10-30,2025-10-30,2026-08-01,5334,2026-08-23,True,"600,000",False,فيلا
6767622,https://sa.aqar.fm/فلل-للبيع/الرياض/شرق-الرياض/حي-الجنادرية/شارع-بدون-اسم-حي-الجنادرية-مدينة-الرياض-منطقة-الرياض-6767622,"فيلا للبيع في شارع بدون اسم, حي الجنادرية, مدينة الرياض, منطقة الرياض",850000,272,5,5,2,0,حي الجنادرية,الرياض,شرق الرياض,"🏠فيلا تاون هاوس في شرق الرياض حي الجنادريه مخطط غصون 📍
📐المساحه 300
🛣️الشارع 15ع مرفق حديقه ومسجد 
الواجه غربيه
تتكون الفيلا من كراج سياره
مجلس رجال مع مغاسل ودورة مياه 
مقلط 
صاله 
مطبخ 
غرفتين نوم ماستر 
درج داخلي 
غرفتين نوم ماستر وكل غرفه معها بلكونه
درّج للسطح 

الفيلا عليها كافة الضمانات 
تامين التعاونيه 10سنين ضد العيوب الخفيه 

ضمان الكهرباء شركة الفنار 25سنه
ضمان السبكه شركة الأنابيب الخضراء 25سنه

عندنا حلول تمويليه 
سداد متعثرات 
دفع رسوم إداريه عن العميل 

☎️ للتواصل ((الرقم يظهر عند الضغط على اتصال)) ابو سند",24.849907,46.902946,https://images.aqar.fm/webp/750x0/props/046052073_1783648586729.jpg | https://images.aqar.fm/webp/750x0/props/046052075_1783648586737.jpg | https://images.aqar.fm/webp/750x0/props/046052076_1783648636357.jpg | https://images.aqar.fm/webp/750x0/props/046052078_1783648636354.jpg | https://images.aqar.fm/webp/750x0/props/046052077_1783648636343.jpg | https://images.aqar.fm/webp/750x0/props/046052074_1783648636357.jpg | https://images.aqar.fm/webp/750x0/props/046052075_1783648636349.jpg | https://images.aqar.fm/webp/750x0/props/046052072_1783648636349.jpg | https://images.aqar.fm/webp/750x0/props/046052073_1783648636359.jpg | https://images.aqar.fm/webp/750x0/props/046052075_1783648636359.jpg | https://images.aqar.fm/webp/750x0/props/046052078_1783648672382.jpg | https://images.aqar.fm/webp/750x0/props/046052073_1783648672374.jpg | https://images.aqar.fm/webp/750x0/props/046052079_1783648672379.jpg | https://images.aqar.fm/webp/750x0/props/046052073_1783648672388.jpg | https://images.aqar.fm/webp/750x0/props/046052072_1783648672391.jpg | https://images.aqar.fm/webp/750x0/props/046052076_1783648672377.jpg | https://images.aqar.fm/webp/750x0/props/046052077_1783648672433.jpg | https://images.aqar.fm/webp/750x0/props/046052077_1783648672445.jpg,18,جابر ال فهاد,شركة ركائز الروعة,1,2026-07-10,2026-08-08,2026-08-23,1812,2026-08-23,True,"850,000",False,فيلا
6761963,https://sa.aqar.fm/فلل-للبيع/الرياض/شرق-الرياض/حي-الجنادرية/حي-الجنادرية-مدينة-الرياض-منطقة-الرياض-6761963,"فيلا للبيع في حي الجنادرية, مدينة الرياض, منطقة الرياض",1050000,210,6,0,0,0,حي الجنادرية,الرياض,شرق الرياض,"🏡  * للبيع فيلا  درج داخلي وشقه * 

    ♦️حي الرمال بوابه الشرق ♦️
       درج داخلي وشقه 
*مساحة الفيلا 230*

*واجهة /
جنوبية 18
 


- تتكون من/-
- 
- *الدور الارضي*
- حوش + مدخل سيارة
- مجلس رجال+دورة مياة
- مقلط 
- صالة + دورة مياة
- مطبخ  

- *الدور الاول*
- صالة
- غرفتين نوم ماستر 
- غرف نوم 
- غرف نوم 
- 2دورة مياة 
- 

:::شقه 
مجلس رجال مع دورة مياة 
صالةاستقبال 
غرفتينن نوم 
دوره مياة مشترك 
 سطح 

كما نستقبل عروضكم وطلباتكم 
مؤسسة احكام الرمال العقاريه 
للتواصل
((الرقم يظهر عند الضغط على اتصال))
ابوتركي",24.899208,46.958129,https://images.aqar.fm/webp/750x0/props/001566186_1783339027385.jpg | https://images.aqar.fm/webp/750x0/props/001566180_1783339049193.jpg | https://images.aqar.fm/webp/750x0/props/001566188_1783339049182.jpg | https://images.aqar.fm/webp/750x0/props/001566185_1783339049184.jpg | https://images.aqar.fm/webp/750x0/props/001566187_1783339049223.jpg | https://images.aqar.fm/webp/750x0/props/001566184_1783339049234.jpg | https://images.aqar.fm/webp/750x0/props/001566183_1783339049239.jpg | https://images.aqar.fm/webp/750x0/props/001566189_1783339049235.jpg | https://images.aqar.fm/webp/750x0/props/001566184_1783339049230.jpg | https://images.aqar.fm/webp/750x0/props/001566182_1783339066137.jpg | https://images.aqar.fm/webp/750x0/props/001566186_1783339066219.jpg | https://images.aqar.fm/webp/750x0/props/001566183_1783339066134.jpg | https://images.aqar.fm/webp/750x0/props/001566189_1783339066125.jpg | https://images.aqar.fm/webp/750x0/props/001566187_1783339066129.jpg | https://images.aqar.fm/webp/750x0/props/001566185_1783339066192.jpg,15,نوف سعيد,مؤسسة أحكام الرمال للخدمات العقارية,1,2026-07-06,2026-08-04,2026-08-11,127,2026-08-23,True,"1,050,000",False,فيلا
6688788,https://sa.aqar.fm/فلل-للبيع/الرياض/شرق-الرياض/حي-الجنادرية/شارع-غير-مسمى-حي-الجنادرية-مدينة-الرياض-منطقة-الرياض-6688788,"فيلا للبيع في شارع غير مسمى, حي الجنادرية, مدينة الرياض, منطقة الرياض",650000,205,3,4,2,0,حي الجنادرية,الرياض,شرق الرياض,"للبيع  تاون هاوس علوي حي الجنادرية – عرض رقم   H 1836

المواصفات:
- مدخلين
- المساحة 205 متر
-  دور أول ( يتكون من  مجلس _ صاله _  مقلط  _مطبخ  _ غرفة خادمة _
2 حمام  )
-  دور ثاني  ( يتكون من 3 غرف 1 منهم ماستر  _ صاله _   2 حمام  _  سطح )

المميزات:
- عمر العقار جديد
- تشطيب سوبر لوكس
- الواجهة جنوبية
- موقع مميز في شرق الرياض
- قريب من جميع الخدمات والطرق الرئيسية

السعر: 650,000 ريال

رقم العرض:   H1836
للإستفسارات الرجاء التواصل معنا على الرقم  : (0594100564)
-----------------
الـــفـــريـــح للــــعـــقـــارات",24.855615,46.911623,https://images.aqar.fm/webp/750x0/props/044628565_1778330268330.jpg | https://images.aqar.fm/webp/750x0/props/044628560_1778330268331.jpg | https://images.aqar.fm/webp/750x0/props/044628560_1778330289089.jpg | https://images.aqar.fm/webp/750x0/props/044628562_1778330289078.jpg | https://images.aqar.fm/webp/750x0/props/044628569_1778330289089.jpg | https://images.aqar.fm/webp/750x0/props/044628563_1778330289077.jpg | https://images.aqar.fm/webp/750x0/props/044628561_1778330289081.jpg | https://images.aqar.fm/webp/750x0/props/044628560_1778330289098.jpg | https://images.aqar.fm/webp/750x0/props/044628560_1778330289105.jpg | https://images.aqar.fm/webp/750x0/props/044628565_1778330289087.jpg | https://images.aqar.fm/webp/750x0/props/044628568_1778330289104.jpg | https://images.aqar.fm/webp/750x0/props/044628564_1778330289105.jpg | https://images.aqar.fm/webp/750x0/props/044628566_1778330289093.jpg | https://images.aqar.fm/webp/750x0/props/044628562_1778330289111.jpg | https://images.aqar.fm/webp/750x0/props/044628567_1778330289246.jpg | https://images.aqar.fm/webp/750x0/props/044628567_1778330289246.jpg | https://images.aqar.fm/webp/750x0/props/044628566_1778330289095.jpg,17,ريماز مشعل فريح المطيري,مكتب ريماز مشعل فريح المطيري للعقارات,1,2026-05-09,2026-08-04,2026-08-20,745,2026-08-23,True,"650,000",False,فيلا
6797218,https://sa.aqar.fm/فلل-للبيع/الرياض/شرق-الرياض/حي-الجنادرية/شارع-رقم-178-حي-الجنادرية-مدينة-الرياض-منطقة-الرياض-6797218,"فيلا للبيع في شارع رقم 178, حي الجنادرية, مدينة الرياض, منطقة الرياض",1100000,230,,,,5,حي الجنادرية,الرياض,شرق الرياض,"فيلا سكنية للبيع الجنادرية

- المساحة 230 متر
- الدور الأرضي: استقبال كامل
- الدور الأول: أربع غرف منها غرفتين ماستر, دورة مياه, صالة مفتوحة
- الدور الثاني: غرفة عاملة, غرفة غسيل


للتواصل والإستفسار: ((الرقم يظهر عند الضغط على اتصال))",24.847224,46.880125,https://images.aqar.fm/webp/750x0/props/037592320_1785394763813.jpg | https://images.aqar.fm/webp/750x0/props/037592326_1785394763812.jpg | https://images.aqar.fm/webp/750x0/props/037592329_1785394763804.jpg,3,حمد فهد بن حمد النافع,شركة حمد فهد النافع العقارية شخص واحد قابضة,1,2026-07-30,2026-07-30,2026-08-23,38,2026-08-23,True,"1,100,000",False,فيلا
6803065,https://sa.aqar.fm/فلل-للبيع/الرياض/شرق-الرياض/حي-الجنادرية/حي-الجنادرية-مدينة-الرياض-منطقة-الرياض-6803065,"فيلا للبيع في حي الجنادرية, مدينة الرياض, منطقة الرياض",1350000,371,3,0,0,0,حي الجنادرية,الرياض,شرق الرياض,"مرفق فيديو للفيلا 🎥

فيلا مودرن فاخرة للبيع
الجنادرية | المشرقية

فيلا جديدة بتشطيب راقي، تصميم أنيق وإضاءة طبيعية ممتازة داخل حي هادئ وموقع مميز 
حوش كبير واسع، مجلس رجال وصالة كبيرة مفتوحة قابلة للفصل، مطبخ ودورتين مياه.
الدور العلوي 3 غرف نوم منها ماستر بإطلالة جميلة على الحديقة والسطح واسع.
إمكانية بناء غرف ومجالس إضافية 

📍 10 دقائق القطار | 12 دقيقة مدينة الملك عبدالعزيز الطبية | 9 دقائق الدائري الشمالي

💎 مميزة… فخامة حقيقية… قرار شراء بلا تردد.

حسابي بالتيك توك لمشاريع المشرقية بيع وشراء وتأجير وتسويق وإدارة أملاك 
https://www.tiktok.com/@zzasd4?_r=1&_t=ZS-912dyyGzdYY

هذا رابط القروب بالتليجرام الخاص بعقارات مشروع المشرقية بيع وشراء وتأجير 
https://t.me/almashriqiya_NEWS

نواف العنزي لعقارات المشرقية 
إتصال او واتس
wa.me/((الرقم يظهر عند الضغط على اتصال))",24.818024,46.857174,https://images.aqar.fm/webp/750x0/props/001129696_1785726877771.jpg | https://images.aqar.fm/webp/750x0/props/001129699_1785726886292.jpg | https://images.aqar.fm/webp/750x0/props/001129693_1785726903116.jpg | https://images.aqar.fm/webp/750x0/props/001129690_1785726903106.jpg | https://images.aqar.fm/webp/750x0/props/001129699_1785726903103.jpg | https://images.aqar.fm/webp/750x0/props/001129699_1785726913224.jpg | https://images.aqar.fm/webp/750x0/props/001129693_1785726926017.jpg | https://images.aqar.fm/webp/750x0/props/001129696_1785726957831.jpg | https://images.aqar.fm/webp/750x0/props/001129693_1785726957828.jpg | https://images.aqar.fm/webp/750x0/props/001129692_1785726957832.jpg | https://images.aqar.fm/webp/750x0/props/001129698_1785726957819.jpg | https://images.aqar.fm/webp/750x0/props/001129691_1785726957818.jpg | https://images.aqar.fm/webp/750x0/props/001129696_1785726957827.jpg | https://images.aqar.fm/webp/750x0/props/001129695_1785726977076.jpg | https://images.aqar.fm/webp/750x0/props/001129693_1785726977066.jpg | https://images.aqar.fm/webp/750x0/props/001129692_1785726996352.jpg | https://images.aqar.fm/webp/750x0/props/001129694_1785726996346.jpg | https://images.aqar.fm/webp/750x0/props/001129698_1785727015891.jpg | https://images.aqar.fm/webp/750x0/props/001129690_1785727015890.jpg | https://images.aqar.fm/webp/750x0/props/001129693_1785727015891.jpg | https://images.aqar.fm/webp/750x0/props/001129694_1785727015890.jpg | https://images.aqar.fm/webp/750x0/props/001129695_1785727032409.jpg | https://images.aqar.fm/webp/750x0/props/001129698_1785727032409.jpg | https://images.aqar.fm/webp/750x0/props/001129693_1785727032410.jpg | https://images.aqar.fm/webp/750x0/props/001129691_1785727032405.jpg | https://images.aqar.fm/webp/750x0/props/001129699_1785727032421.jpg | https://images.aqar.fm/webp/750x0/props/001129696_1785727054732.jpg | https://images.aqar.fm/webp/750x0/props/001129694_1785727054729.jpg | https://images.aqar.fm/webp/750x0/props/001129697_1785727074936.jpg | https://images.aqar.fm/webp/750x0/props/001129696_1785727084356.jpg,30,نواف عبدالعزيز بن عجاج العنزي,,,2026-08-03,2026-08-03,2026-08-18,494,2026-08-23,True,"1,350,000",False,فيلا
6773775,https://sa.aqar.fm/فلل-للبيع/الرياض/شرق-الرياض/حي-الجنادرية/شارع-رقم-298-حي-الجنادرية-مدينة-الرياض-منطقة-الرياض-6773775,"فيلا للبيع في شارع رقم 298, حي الجنادرية, مدينة الرياض, منطقة الرياض",2500000,300,6,5,2,10,حي الجنادرية,الرياض,شرق الرياض,"فرصة أستثمارية مميزة فيلا البيع  حي الجنادرية
فيلا البيع
مساحة 750 م
شارع بعرض 15 متر
مميزة العقار :
في حي الجنادرية
فيلا مستقلة
تحتوي أربع 4 شقق
مناسبة لسكن الاستثمار بعائد ايجاري
قربيه من المساجد المدارس الخدمات الرئيسية
سهولة الوصول إلى الطرق المحاور الرئسية
البيع 2,500,000",24.906968,46.944423,https://images.aqar.fm/webp/750x0/props/050999520_1784044851815.jpg | https://images.aqar.fm/webp/750x0/props/050999523_1784044852161.jpg | https://images.aqar.fm/webp/750x0/props/050999521_1784044852379.jpg,3,حماد ثامر حامد الظفيري,مؤسسة ثقة النرجس العقارية,1,2026-07-14,2026-08-12,2026-08-23,99,2026-08-23,True,"2,500,000",False,فيلا
6627301,https://sa.aqar.fm/فلل-للبيع/الرياض/شرق-الرياض/حي-الجنادرية/حي-الجنادرية-مدينة-الرياض-منطقة-الرياض-6627301,"فيلا للبيع في حي الجنادرية, مدينة الرياض, منطقة الرياض",1800000,277,6,5,2,0,حي الجنادرية,الرياض,شرق الرياض,"فيلا حي الجنادريه مساحه 277 وشارع 15 واجهه غربيه أمامها مخطط لمجمع تجاري كبير   مكونه ومن دورتين مياه صاله مجلس صاله طعام مطبخ مستودع للمحطه الدور الثاني غرفتين واسعه ماستر وثلاث غرف وحمام
للاستفسار جواهر
 ",24.836582,46.891886,https://images.aqar.fm/webp/750x0/props/037700333_1773763915237.jpg | https://images.aqar.fm/webp/750x0/props/037700339_1773763915230.jpg | https://images.aqar.fm/webp/750x0/props/037700338_1773763915231.jpg | https://images.aqar.fm/webp/750x0/props/037700339_1773763915229.jpg | https://images.aqar.fm/webp/750x0/props/037700334_1773763915231.jpg | https://images.aqar.fm/webp/750x0/props/037700333_1773763915222.jpg | https://images.aqar.fm/webp/750x0/props/037700332_1773763915237.jpg | https://images.aqar.fm/webp/750x0/props/037700330_1773763915253.jpg | https://images.aqar.fm/webp/750x0/props/037700330_1773763962585.jpg | https://images.aqar.fm/webp/750x0/props/037700337_1773763962591.jpg | https://images.aqar.fm/webp/750x0/props/037700335_1773763962598.jpg | https://images.aqar.fm/webp/750x0/props/037700339_1773763962598.jpg | https://images.aqar.fm/webp/750x0/props/037700339_1773763962595.jpg | https://images.aqar.fm/webp/750x0/props/037700333_1773763962597.jpg | https://images.aqar.fm/webp/750x0/props/037700331_1773763962590.jpg | https://images.aqar.fm/webp/750x0/props/037700330_1773763962600.jpg,16,جواهر بنت عبدالله بن حسن الشهرى,,,2026-03-17,2026-05-14,2026-08-11,101,2026-08-23,True,"1,800,000",False,فيلا
6619395,https://sa.aqar.fm/فلل-للبيع/الرياض/شرق-الرياض/حي-الجنادرية/شارع-شارع-حي-الجنادرية-مدينة-الرياض-منطقة-الرياض-6619395,"فيلا للبيع في شارع شارع, حي الجنادرية, مدينة الرياض, منطقة الرياض",1900000,360,5,0,0,3,حي الجنادرية,الرياض,شرق الرياض,$5d,24.846978,46.895904,https://images.aqar.fm/webp/750x0/props/000666825_1773016105826.jpg | https://images.aqar.fm/webp/750x0/props/000666828_1773016105832.jpg | https://images.aqar.fm/webp/750x0/props/000666822_1773016105830.jpg | https://images.aqar.fm/webp/750x0/props/000666823_1773016105823.jpg | https://images.aqar.fm/webp/750x0/props/000666821_1773016105831.jpg | https://images.aqar.fm/webp/750x0/props/000666821_1773016105820.jpg,6,هادي السبيعي,مكتب وادي عرقه للعقارات,1,2026-03-09,2026-08-01,2026-08-21,865,2026-08-23,True,"1,900,000",False,فيلا
6830038,https://sa.aqar.fm/فلل-للبيع/الرياض/شرق-الرياض/حي-الجنادرية/شارع-813-الجنادرية-حي-الجنادرية-مدينة-الرياض-منطقة-الرياض-6830038,"فيلا للبيع في شارع 813 الجنادرية, حي الجنادرية, مدينة الرياض, منطقة الرياض",1500000,300,4,,,0,حي الجنادرية,الرياض,شرق الرياض,"للبيع فيلا جديده 
حي الجنادرية مخطط بوابة الشرق 
مشروع المزيني 

فله مساحة 300
شارع 15 شمالي 
الدور الارضي 
مجلس مقلط مطبخ مفتوح صاله   
الدور الأول أربع غرف نوم 

الدور الثاني غرفة خادمه
البيع مليون وا 500
البيع على السوم 
مباشر من المالك 
https://maps.app.goo.gl/rpgSCzKvgS8xYpXA7?g_st=iw",24.904058,46.939253,,,عبدالملك ابراهيم محمد الجمعان,شركة بنايات نجد للتسويق شخص واحد,1,2026-08-18,2026-08-18,2026-08-23,6,2026-08-23,True,"1,500,000",False,فيلا
6418300,https://sa.aqar.fm/فلل-للبيع/الرياض/شرق-الرياض/حي-الجنادرية/شارع-محمد-بن-جريج-حي-الجنادرية-مدينة-الرياض-منطقة-الرياض-6418300,"فيلا للبيع في شارع محمد بن جريج, حي الجنادرية, مدينة الرياض, منطقة الرياض",1050000,312,4,,,0,حي الجنادرية,الرياض,شرق الرياض,"دور مؤسس 
مساحه ٣١٢.٥ 
السعر مليون و ٢٥٠ الف 
الشارع 20م
التفاصيل 
مكون من مدخل سياره مجلس رجال مقلط صاله مطبخ ٣ غرف نوم منهم غرفه ماستر

يوجد كافه الضمانات اللازمه
للتواصل والاستفسار
((رقم المعلن يظهر عند التواصل))",24.906466,46.96274,https://images.aqar.fm/webp/750x0/props/044712943_1760139549158.jpg,1,مشاعل دعيرم بن جربوع العتيبي,مؤسسة مكتب بداية جديدة للخدمات العقارية,1,2025-10-10,2025-10-10,2026-08-18,1871,2026-08-23,True,"1,050,000",False,فيلا
6667545,https://sa.aqar.fm/فلل-للبيع/الرياض/شرق-الرياض/حي-الجنادرية/شارع-الضياء-حي-الجنادرية-مدينة-الرياض-منطقة-الرياض-6667545,"فيلا للبيع في شارع الضياء, حي الجنادرية, مدينة الرياض, منطقة الرياض",800000,282,5,0,0,0,حي الجنادرية,الرياض,شرق الرياض,"تاون هاوس علوي مدخل خاص مستقل شارع ١٨ ( مصعد راكب ) 
مجلس ، صاله ، مقلط ، ٣غرف نوم ماستر ، سطح كلير 
تأمين ملاذ ، كل الضمانات موجوده",24.864074,46.9143,https://images.aqar.fm/webp/750x0/props/021228038_1776962446474.jpg | https://images.aqar.fm/webp/750x0/props/021228030_1776962466681.jpg | https://images.aqar.fm/webp/750x0/props/021228036_1776962466610.jpg | https://images.aqar.fm/webp/750x0/props/021228034_1776962466716.jpg | https://images.aqar.fm/webp/750x0/props/021228038_1776962466706.jpg | https://images.aqar.fm/webp/750x0/props/021228034_1776962466698.jpg | https://images.aqar.fm/webp/750x0/props/021228038_1776962466697.jpg | https://images.aqar.fm/webp/750x0/props/021228030_1776962466712.jpg | https://images.aqar.fm/webp/750x0/props/021228033_1776962466709.jpg | https://images.aqar.fm/webp/750x0/props/021228037_1776962492566.jpg | https://images.aqar.fm/webp/750x0/props/021228039_1776962492627.jpg | https://images.aqar.fm/webp/750x0/props/021228032_1776962492565.jpg | https://images.aqar.fm/webp/750x0/props/021228033_1776962492562.jpg | https://images.aqar.fm/webp/750x0/props/021228038_1776962492586.jpg | https://images.aqar.fm/webp/750x0/props/021228039_1776962492616.jpg,15,وليد زيد,مؤسسة تداول البيان للتطوير والاستثمار العقاري,1,2026-04-23,2026-08-18,2026-08-21,502,2026-08-23,True,"800,000",False,فيلا
6652168,https://sa.aqar.fm/فلل-للبيع/الرياض/شرق-الرياض/حي-الجنادرية/شارع-رقم-95-حي-الجنادرية-مدينة-الرياض-منطقة-الرياض-6652168,"فيلا للبيع في شارع رقم 95, حي الجنادرية, مدينة الرياض, منطقة الرياض",780000,238,7,5,3,0,حي الجنادرية,الرياض,شرق الرياض,"الـسـلام عـلـيـكم ورحـمـة الله وبركــاتــه

-—-—-—-—-—-—-—-—

 • • للبيــــــــع • •
* تاون هاوس علوي ب مصعد
* مدخل خاص
* موقف خاص
* سطح خاص

————————-
في حي الجنادريه
على شـارع  ٢٠ جنوبي
————————-

مواصفاتها :

* عليها شهادة اتمام البناء
* يوجد عليها ضمانات العزل
* يوجد تأمين ملاذ ضد العيوب الخفيه
*مسجد قريب 

————————-

تتكون: 
* مصعد
* مجلس 
* صاله
* صاله اضافيه
* مطبخ 
* غرفة نوم ماستر 
* غرفة نوم ماستر
* غرفة نوم
* غرفة نوم
* سطح
* ٥ دورة مياه
————————-
* السعر  ٨٥٠،٠٠٠ قابل تفاوض
* رقم رخصة الوساطه 1100270266
* لـ الإسـتفسـار ٠٥٤٤٣٣٤٠٠٩",24.836024,46.884564,https://images.aqar.fm/webp/750x0/props/020063774_1776018469878.jpg | https://images.aqar.fm/webp/750x0/props/020063770_1776018482369.jpg | https://images.aqar.fm/webp/750x0/props/020063777_1776018482360.jpg | https://images.aqar.fm/webp/750x0/props/020063774_1776018482512.jpg | https://images.aqar.fm/webp/750x0/props/020063772_1776018482389.jpg | https://images.aqar.fm/webp/750x0/props/020063774_1776018482372.jpg | https://images.aqar.fm/webp/750x0/props/020063772_1776018482521.jpg | https://images.aqar.fm/webp/750x0/props/020063776_1776018482495.jpg | https://images.aqar.fm/webp/750x0/props/020063776_1776018482391.jpg | https://images.aqar.fm/webp/750x0/props/020063775_1776018525967.jpg | https://images.aqar.fm/webp/750x0/props/020063777_1776018526108.jpg | https://images.aqar.fm/webp/750x0/props/020063770_1776018525842.jpg | https://images.aqar.fm/webp/750x0/props/020063775_1776018526101.jpg | https://images.aqar.fm/webp/750x0/props/020063774_1776018525860.jpg | https://images.aqar.fm/webp/750x0/props/020063779_1776018525899.jpg | https://images.aqar.fm/webp/750x0/props/020063777_1776018525885.jpg | https://images.aqar.fm/webp/750x0/props/020063772_1776018525902.jpg,17,سلطان سفر مسفر المطيري,,,2026-04-12,2026-08-07,2026-08-21,1782,2026-08-23,True,"780,000",False,فيلا
6680137,https://sa.aqar.fm/فلل-للبيع/الرياض/شرق-الرياض/حي-الجنادرية/شارع-188-الجنادرية-حي-الجنادرية-مدينة-الرياض-منطقة-الرياض-6680137,"فيلا للبيع في شارع 188 الجنادرية, حي الجنادرية, مدينة الرياض, منطقة الرياض",1050000,250,4,0,0,0,حي الجنادرية,الرياض,شرق الرياض,"فيلا دبلكس فاخرة بتشطيب درجة أولى ✨
الجنادرية - بوابة الشرق

📍 الموقع:
https://maps.google.com/?q=24.776466,46.789993

🏡 تفاصيل العقار:

* المساحة: 250 م²
* الواجهة: شرقية
* عرض الشارع: 15 متر
* النوع: فيلا دبلكس (درج داخلي)
* السعر: 1,080,000 ريال (قابل للتفاوض)

💎 المواصفات:
✔ تشطيب فاخر – شغل درجة أولى
✔ ضمانات كاملة على كافة الأعمال
✔ جميع الأوراق نظامية وجاهزة للإفراغ

🛋 الدور الأرضي (استقبال فاخر):

* مجلس رجال أنيق
* مقلط
* صالة واسعة بارتفاع مميز (هاي سيلينق)
* مطبخ عملي بتصميم حديث

🛏 الدور الأول (راحة وخصوصية):

* 4 غرف نوم
* 2 غرف ماستر بدورات مياه خاصة
* غرف إضافية بتوزيع مريح للعائلة

🌅 الملحق العلوي:

* غرفة خادمة مع دورة مياه
* سطح واسع قابل للاستخدام (جلسات / تطوير مستقبلي)

⸻

🔥 مميزات إضافية:

* موقع مميز وقريب من الخدمات
* تصميم عملي يلبي احتياجات العائلة
* فرصة استثمار وسكن بنفس الوقت
* قابلية التفاوض الجاد

⸻

🌐 لمزيد من العروض والخدمات العقارية:
http://www.majed-alsumiri.com

⸻

📞 لا تفوت الفرصة – تواصل الآن واحجز معاينت",24.897827,46.954604,https://images.aqar.fm/webp/750x0/props/023731332_1777827769647.jpg | https://images.aqar.fm/webp/750x0/props/023731334_1777827769567.jpg | https://images.aqar.fm/webp/750x0/props/023731330_1777827769575.jpg | https://images.aqar.fm/webp/750x0/props/023731330_1777827769586.jpg | https://images.aqar.fm/webp/750x0/props/023731336_1777827769638.jpg | https://images.aqar.fm/webp/750x0/props/023731335_1777827769673.jpg | https://images.aqar.fm/webp/750x0/props/023731330_1777827769570.jpg | https://images.aqar.fm/webp/750x0/props/023731338_1777827769628.jpg,8,ماجد جازى,,,2026-05-03,2026-07-30,2026-07-30,305,2026-08-23,True,"1,050,000",False,فيلا
6740430,https://sa.aqar.fm/فلل-للبيع/الرياض/شرق-الرياض/حي-الجنادرية/حي-الجنادرية-مدينة-الرياض-منطقة-الرياض-6740430,"فيلا للبيع في حي الجنادرية, مدينة الرياض, منطقة الرياض",679000,188,,0,0,0,حي الجنادرية,الرياض,شرق الرياض,"للبيع تاون هاوس شرقي
بحي الجنادرية - بوابة الشرق
التفاصيل تتكون من:-
1- مجلس
2- مقلط
3- صالة
4- مطبخ
5- غرفة غسيل
6- اربع غرف نوم واحده منها ماستر.

شارع عرض : 15
رقم المخطط : 3768
الواجهة : شرقية

السعر: 679 الف
شركة سمة الوسيط العقارية
رقم الترخيص الاعلاني
7201010239 
للتواصل
((الرقم يظهر عند الضغط على اتصال))
((الرقم يظهر عند الضغط على اتصال))",24.902907,46.958387,https://images.aqar.fm/webp/750x0/props/014577251_1781967603041.jpg | https://images.aqar.fm/webp/750x0/props/014577259_1781967603054.jpg | https://images.aqar.fm/webp/750x0/props/014577250_1781967620998.jpg | https://images.aqar.fm/webp/750x0/props/014577257_1781967621054.jpg,4,أحمد بن سعد بن معتق,شركة سمة الوسيط العقارية,1,2026-06-20,2026-08-17,2026-08-17,712,2026-08-23,True,"679,000",False,فيلا
6748185,https://sa.aqar.fm/فلل-للبيع/الرياض/شرق-الرياض/حي-الجنادرية/شارع-15-حي-الجنادرية-مدينة-الرياض-منطقة-الرياض-6748185,"فيلا للبيع في شارع 15, حي الجنادرية, مدينة الرياض, منطقة الرياض",1700000,265,4,5,2,0,حي الجنادرية,الرياض,شرق الرياض,"اعلان ( عقارات الرياض الذهبيه ) 
السعي بذمة المشتري ومن يصل للعقار عن طريقنا
للبيع فيلا زاوية مودرن بناء شخصي حي الجنادرية 
المساحه 265 م 
المواصفات 
مدخل سيارة غرفة سائق حوش مجلس رجال 
مغاسل دورة مياه مقلط 
صاله  مغاسل و دورة مياه مجلس نساء 
مطبخ غرفة غسيل 
الدور الاول : 
موزع بين الغرف جناحين ماستر وغرفتين نوم بينهم دورة مياة 
الدور العلوي ( الشقه  ) 
مجلس رجال مغاسل دورة مياه 
صاله سطح مطبخ غرفتين نوم بينهم دورة مياه 
السعر : 1.700.000
رخصة فال : 1100274914
ترخيص الاعلان : 7100294739
للتواصل 
((الرقم يظهر عند الضغط على اتصال))",24.841332,46.895322,https://images.aqar.fm/webp/750x0/props/042912063_1782413866277.jpg | https://images.aqar.fm/webp/750x0/props/042912063_1782413866284.jpg | https://images.aqar.fm/webp/750x0/props/042912067_1782413866294.jpg | https://images.aqar.fm/webp/750x0/props/042912069_1782413866296.jpg | https://images.aqar.fm/webp/750x0/props/042912065_1782413866286.jpg | https://images.aqar.fm/webp/750x0/props/042912069_1782413866301.jpg | https://images.aqar.fm/webp/750x0/props/042912067_1782413866306.jpg | https://images.aqar.fm/webp/750x0/props/042912065_1782413915840.jpg | https://images.aqar.fm/webp/750x0/props/042912060_1782413915835.jpg | https://images.aqar.fm/webp/750x0/props/042912066_1782413915859.jpg | https://images.aqar.fm/webp/750x0/props/042912063_1782413915851.jpg | https://images.aqar.fm/webp/750x0/props/042912060_1782413915838.jpg | https://images.aqar.fm/webp/750x0/props/042912067_1782413915850.jpg | https://images.aqar.fm/webp/750x0/props/042912063_1782413915851.jpg | https://images.aqar.fm/webp/750x0/props/042912065_1782413915857.jpg,15,يوسف حميدان سالم العقيدي,,,2026-06-25,2026-07-25,2026-08-23,257,2026-08-23,True,"1,700,000",False,فيلا
6820660,https://sa.aqar.fm/فلل-للبيع/الرياض/شرق-الرياض/حي-الجنادرية/شارع-رقم-69-حي-الجنادرية-مدينة-الرياض-منطقة-الرياض-6820660,"فيلا للبيع في شارع رقم 69, حي الجنادرية, مدينة الرياض, منطقة الرياض",1550000,344,,0,0,0,حي الجنادرية,الرياض,شرق الرياض,"فيلا في حي الجنادرية 
المساحه 334 متر 
تتكون من فيلا وشقه",24.824289,46.883257,https://images.aqar.fm/webp/750x0/props/045934356_1786704428109.jpg | https://images.aqar.fm/webp/750x0/props/045934350_1786704428131.jpg | https://images.aqar.fm/webp/750x0/props/045934350_1786704428332.jpg,3,عبدالله مشعل,مؤسسة عنكم لخدمات الأعمال,1,2026-08-13,2026-08-13,2026-08-13,216,2026-08-23,True,"1,550,000",False,فيلا
6735164,https://sa.aqar.fm/فلل-للبيع/الرياض/شرق-الرياض/حي-الجنادرية/شارع-رقم-154-حي-الجنادرية-مدينة-الرياض-منطقة-الرياض-6735164,"فيلا للبيع في شارع رقم 154, حي الجنادرية, مدينة الرياض, منطقة الرياض",1250000,292,3,,,7,حي الجنادرية,الرياض,شرق الرياض,"نوع العقار: دور ماسس
حي الجنادريه 
عمر العقار:  7سنوات
مساحة العقار: 292
واجهة العقار: شمالي
عدد غرف النوم 3  وحده ماستر
+مجلس
 +مقلط
+مطبخ
+صاله
+ 3  دورات مياه
+مدخل سياره
+حديقه
+ مضله لسياره 
عرض الشارع: 15
عليه سداد مبكر 700 الف
البيع   مليون و 350 الف 
شامل المديونيه 
مباشر مع المالك 
الموقع 📍
https://maps.app.goo.gl/TVELkkfj1hyyHqpg6?g_st=aw",24.845109,46.884104,https://images.aqar.fm/webp/750x0/props/040512353_1781619572725.jpg,1,حمد بن عبدالله بن مقرن الوايلي,مؤسسة ارض الشمال العقارية,1,2026-06-16,2026-08-13,2026-08-17,253,2026-08-23,True,"1,250,000",False,فيلا
6689056,https://sa.aqar.fm/فلل-للبيع/الرياض/شرق-الرياض/حي-الجنادرية/شارع-493-الجنادرية-حي-الجنادرية-مدينة-الرياض-منطقة-الرياض-6689056,"فيلا للبيع في شارع 493 الجنادرية, حي الجنادرية, مدينة الرياض, منطقة الرياض",1500000,434,6,5,2,0,حي الجنادرية,الرياض,شرق الرياض,"للبيع فيلا مستقله 
بمساحه ٣٠٠ م

عباره عن ٣ ادوار :

الدور الأرضي :
مدخل ومدخل كراج سياره
حوش 
ملحق خارجي 
مجلس 
مقلط 
مغاسل ودوره مياه رجال 
مطبخ 
غرفه غسيل وعامله ودوره مياه 
صاله واسعه
مغاسل ودوره مياه 
حوش خلفي 
درج صاله 

الدور الاول :
صاله 
٤ أجنحه نوم لكل جناح دوره مياه خاصه له

الدور العلوي سطح :
غرفتين نوم مع دورتين مياه خاصه لكل منهم 
سطح خارجي جانبي 

ضمانات شامله ✅
اتمام بناء ✅

البيع / مليون وخمس ميه",24.841956,46.890486,https://images.aqar.fm/webp/750x0/props/052618730_1778339624028.jpg | https://images.aqar.fm/webp/750x0/props/052618734_1778339623544.jpg | https://images.aqar.fm/webp/750x0/props/052618730_1778339623548.jpg | https://images.aqar.fm/webp/750x0/props/052618738_1778339623577.jpg | https://images.aqar.fm/webp/750x0/props/052618732_1778339623576.jpg | https://images.aqar.fm/webp/750x0/props/052618732_1778339623656.jpg | https://images.aqar.fm/webp/750x0/props/052618731_1778339623727.jpg | https://images.aqar.fm/webp/750x0/props/052618735_1778339623776.jpg | https://images.aqar.fm/webp/750x0/props/052618731_1778339623803.jpg | https://images.aqar.fm/webp/750x0/props/052618733_1778339623846.jpg | https://images.aqar.fm/webp/750x0/props/052618737_1778339623879.jpg | https://images.aqar.fm/webp/750x0/props/052618734_1778339623955.jpg | https://images.aqar.fm/webp/750x0/props/052618730_1778339624028.jpg | https://images.aqar.fm/webp/750x0/props/052618734_1778339623544.jpg | https://images.aqar.fm/webp/750x0/props/052618730_1778339623548.jpg | https://images.aqar.fm/webp/750x0/props/052618738_1778339623577.jpg | https://images.aqar.fm/webp/750x0/props/052618732_1778339623576.jpg | https://images.aqar.fm/webp/750x0/props/052618732_1778339623656.jpg | https://images.aqar.fm/webp/750x0/props/052618731_1778339623727.jpg | https://images.aqar.fm/webp/750x0/props/052618735_1778339623776.jpg | https://images.aqar.fm/webp/750x0/props/052618731_1778339623803.jpg | https://images.aqar.fm/webp/750x0/props/052618733_1778339623846.jpg | https://images.aqar.fm/webp/750x0/props/052618737_1778339623879.jpg | https://images.aqar.fm/webp/750x0/props/052618734_1778339623955.jpg,24,سطام المطيري,,,2026-05-09,2026-08-04,2026-08-04,475,2026-08-23,True,"1,500,000",False,فيلا
6835421,https://sa.aqar.fm/فلل-للبيع/الرياض/شرق-الرياض/حي-الجنادرية/شارع-رقم-89-حي-الجنادرية-مدينة-الرياض-منطقة-الرياض-6835421,"فيلا للبيع في شارع رقم 89, حي الجنادرية, مدينة الرياض, منطقة الرياض",2000000,336,,0,0,11,حي الجنادرية,الرياض,شرق الرياض,"🏡 فيلا للبيع بحي الشروق – عرض رقم 426

📐 المساحة: 331م²
📍 الشارع: 20م شرقي
🏠 العمر: 15 سنة
🏦 عليها رهن عقاري

🔹 الدور الأرضي:
3 غرف + صالة + مجلس + مقلط + 3 دورات مياه + مطبخ

🔹 الدور العلوي:
نفس مواصفات الدور الأرضي

🔹 الشقة:
غرفتان + صالة + مجلس + دورتا مياه + مطبخ

⚡ 3 عدادات كهرباء

💰 السعر: 2,000,000 ريال قابل للتفاوض

📞 شركة ابن طوالة للعقارات
((الرقم يظهر عند الضغط على اتصال))
((الرقم يظهر عند الضغط على اتصال))

✨ فرصة مميزة للسكن أو الاستثمار",24.834613,46.890972,https://images.aqar.fm/webp/750x0/props/012283474_1787408951162.jpg,1,عواد محارب عقيل ابن طواله,شركة مكتب ابن طوالة للعقارات,1,2026-08-22,2026-08-22,2026-08-22,15,2026-08-23,True,"2,000,000",False,فيلا
6492698,https://sa.aqar.fm/فلل-للبيع/الرياض/شرق-الرياض/حي-الجنادرية/شارع-الركب-حي-الجنادرية-مدينة-الرياض-منطقة-الرياض-6492698,"فيلا للبيع في شارع الركب, حي الجنادرية, مدينة الرياض, منطقة الرياض",1700000,350,5,2,2,0,حي الجنادرية,الرياض,شرق الرياض,"للبيع درج داخلى مستقله بناء شخصي مساحه ٣٥٠ متر مسطح البناء ٦٠٢ 
شارع ٢٥ متر 
درج داخلى مستقله 
مؤسس مصعد 
الدور الارضي مجلس ومقلط وصاله وغرفة نوم وغرفة كبار سن و٣دوراة مياه ، مطبخ راكب 
الدور الثاني ٣غرف نوم ٢ ماستر 
الملحق غرفه وصاله كبير وسطح كبير
للتواصل ((رقم المعلن يظهر عند التواصل))",24.829425,46.852915,https://images.aqar.fm/webp/750x0/props/004670691_1764835803600.jpg | https://images.aqar.fm/webp/750x0/props/004670694_1764835803476.jpg | https://images.aqar.fm/webp/750x0/props/004670693_1764835803480.jpg | https://images.aqar.fm/webp/750x0/props/004670690_1764835803479.jpg | https://images.aqar.fm/webp/750x0/props/004670690_1764835803440.jpg | https://images.aqar.fm/webp/750x0/props/004670694_1764835803475.jpg | https://images.aqar.fm/webp/750x0/props/004670699_1764835803479.jpg | https://images.aqar.fm/webp/750x0/props/004670696_1764835803474.jpg | https://images.aqar.fm/webp/750x0/props/004670699_1764836162258.jpg,9,جابر ال فهاد,شركة ركائز الروعة,1,2025-12-04,2025-12-04,2026-08-23,2945,2026-08-23,True,"1,700,000",False,فيلا
6509792,https://sa.aqar.fm/فلل-للبيع/الرياض/شرق-الرياض/حي-الجنادرية/شارع-رقم-159-حي-الجنادرية-مدينة-الرياض-منطقة-الرياض-6509792,"فيلا للبيع في شارع رقم 159, حي الجنادرية, مدينة الرياض, منطقة الرياض",1200000,307,,5,5,0,حي الجنادرية,الرياض,شرق الرياض,"الـسـلام عـلـيـكم ورحـمـة الله وبركــاتــه
للبيــــــــع
———————
فيلا درج داخلي 

في حي الجنادريه
————————-
مواصفاتها :
* عليها شهادة اتمام البناء
* يوجد عليها ضمانات العزل
* يوجد تأمين ملاذ ضد العيوب الخفيه
*مسجد قريب
تتكون:
* مجلس داخلي
* مقلط ضيافه
* صاله واسعه
* صاله ( الدور الاول )
* صاله ( الدور الثاني )
* ⁠مطبخ 
* ⁠غرفة نوم ماستر
* ⁠غرفة نوم ماستر
* ⁠غرفة نوم
* ⁠غرفة نوم
* ⁠غرفة نوم
* ⁠غرفة نوم
* ⁠غرفة نوم
* ⁠سطح 
* ⁠دورة مياه ٦
—————————-

** السعر  ١،٢٠٠،٠٠٠
** رقم رخصة الوساطه 1100270266
** ل الاستفسار ((رقم المعلن يظهر عند التواصل))",24.844869,46.872351,https://images.aqar.fm/webp/750x0/props/020063776_1765922263008.jpg | https://images.aqar.fm/webp/750x0/props/020063772_1765922298139.jpg | https://images.aqar.fm/webp/750x0/props/020063772_1765922298109.jpg | https://images.aqar.fm/webp/750x0/props/020063779_1765922298112.jpg | https://images.aqar.fm/webp/750x0/props/020063775_1765922298122.jpg | https://images.aqar.fm/webp/750x0/props/020063776_1765922298170.jpg | https://images.aqar.fm/webp/750x0/props/020063772_1765922298143.jpg | https://images.aqar.fm/webp/750x0/props/020063776_1765922298116.jpg | https://images.aqar.fm/webp/750x0/props/020063773_1765922298120.jpg | https://images.aqar.fm/webp/750x0/props/020063772_1765922326735.jpg | https://images.aqar.fm/webp/750x0/props/020063778_1765922326783.jpg | https://images.aqar.fm/webp/750x0/props/020063778_1765922326808.jpg | https://images.aqar.fm/webp/750x0/props/020063777_1765922326779.jpg | https://images.aqar.fm/webp/750x0/props/020063773_1765922326858.jpg | https://images.aqar.fm/webp/750x0/props/020063775_1765922326802.jpg | https://images.aqar.fm/webp/750x0/props/020063771_1765922326854.jpg | https://images.aqar.fm/webp/750x0/props/020063777_1765922327215.jpg | https://images.aqar.fm/webp/750x0/props/020063775_1765922355706.jpg | https://images.aqar.fm/webp/750x0/props/020063772_1765922355772.jpg | https://images.aqar.fm/webp/750x0/props/020063774_1765922355708.jpg | https://images.aqar.fm/webp/750x0/props/020063770_1765922355736.jpg | https://images.aqar.fm/webp/750x0/props/020063776_1765922355710.jpg,22,سلطان سفر مسفر المطيري,,,2025-12-16,2025-12-16,2026-08-21,2258,2026-08-23,True,"1,200,000",False,فيلا
6709206,https://sa.aqar.fm/فلل-للبيع/الرياض/شرق-الرياض/حي-الجنادرية/شارع-رشيد-الدين-الصورى-حي-الجنادرية-مدينة-الرياض-منطقة-الرياض-6709206,"فيلا للبيع في شارع رشيد الدين الصورى, حي الجنادرية, مدينة الرياض, منطقة الرياض",1050000,315,4,6,2,0,حي الجنادرية,الرياض,شرق الرياض,"للبيع تاون هاوس علوي في حي الجنادرية – عرض رقم 1695 H

المواصفات:
- المساحة 315 متر
- يتكون من :
- الدور الأول ( غرفة نوم ماستر _ مجلس _صاله كبيرة _ مطبخ _ مقلط _ 4 حمام _ غرفة عاملة بدورة مياه )
- الدورالثاني ( 3 غرف نوم 1 منهم ماستر _صاله _ 2 حمام _ 2 سطح )

المميزات:
- عمر العقار جديد
- تشطيب سوبر لوكس
- الواجهةشرقية
- موقع مميز في حي االجنادرية (بوابة الشرق)
- قريب من جميع الخدمات والطرق الرئيسية

السعر: 1050000ريال

رقم العرض: 1695 H
-----------------
الـــفـــريـــح للــــعـــقـــارات",24.849025,46.904473,https://images.aqar.fm/webp/750x0/props/044628569_1779607793033.jpg | https://images.aqar.fm/webp/750x0/props/044628560_1779607793019.jpg | https://images.aqar.fm/webp/750x0/props/044628560_1779607793018.jpg | https://images.aqar.fm/webp/750x0/props/044628569_1779607793017.jpg | https://images.aqar.fm/webp/750x0/props/044628564_1779607793035.jpg | https://images.aqar.fm/webp/750x0/props/044628562_1779607846160.jpg | https://images.aqar.fm/webp/750x0/props/044628567_1779607846161.jpg | https://images.aqar.fm/webp/750x0/props/044628565_1779607846158.jpg | https://images.aqar.fm/webp/750x0/props/044628562_1779607846156.jpg | https://images.aqar.fm/webp/750x0/props/044628560_1779607846170.jpg | https://images.aqar.fm/webp/750x0/props/044628569_1779607846169.jpg | https://images.aqar.fm/webp/750x0/props/044628561_1779607846182.jpg | https://images.aqar.fm/webp/750x0/props/044628569_1779607846170.jpg | https://images.aqar.fm/webp/750x0/props/044628561_1779607846172.jpg | https://images.aqar.fm/webp/750x0/props/044628564_1779607846169.jpg | https://images.aqar.fm/webp/750x0/props/044628567_1779607846171.jpg | https://images.aqar.fm/webp/750x0/props/044628565_1779607846172.jpg | https://images.aqar.fm/webp/750x0/props/044628566_1779607846175.jpg | https://images.aqar.fm/webp/750x0/props/044628563_1779607846178.jpg | https://images.aqar.fm/webp/750x0/props/044628561_1779607846188.jpg | https://images.aqar.fm/webp/750x0/props/044628567_1779607846187.jpg | https://images.aqar.fm/webp/750x0/props/044628569_1779607846188.jpg | https://images.aqar.fm/webp/750x0/props/044628567_1779607846194.jpg | https://images.aqar.fm/webp/750x0/props/044628562_1779607846183.jpg | https://images.aqar.fm/webp/750x0/props/044628563_1779607846157.jpg | https://images.aqar.fm/webp/750x0/props/044628569_1779607846191.jpg,26,ريماز مشعل فريح المطيري,مكتب ريماز مشعل فريح المطيري للعقارات,1,2026-05-24,2026-08-19,2026-08-20,482,2026-08-23,True,"1,050,000",False,فيلا
6789501,https://sa.aqar.fm/فلل-للبيع/الرياض/شرق-الرياض/حي-الجنادرية/شارع-غصون-حي-الجنادرية-مدينة-الرياض-منطقة-الرياض-6789501,"فيلا للبيع في شارع غصون, حي الجنادرية, مدينة الرياض, منطقة الرياض",800000,227,5,,,0,حي الجنادرية,الرياض,شرق الرياض,"🏡✨ تاون هاوس علوي فاخر… سكن راقٍ وخصوصية تليق بك
إذا كنت تبحث عن منزل يجمع بين الفخامة، الراحة، وحسن استغلال المساحات، فهذا التاون هاوس العلوي خيار مثالي لك ولعائلتك 👌
📍 الموقع: شرق الرياض – حي الجنادرية 📌 مخطط غصون 🛣️ على شارع بعرض 18م
🏠 تفاصيل التاون هاوس العلوي: 🔹 4 غرف نوم — جميعها ماستر 🔹 صالة واسعة بتوزيع مريح 🔹 مجلس مستقل لاستقبال الضيوف 🔹 مقلط 🔹 مطبخ عملي 🔹 دورة مياه للضيوف مع مغاسل
✨ تصميم يجمع بين الرحابة والخصوصية، وتوزيع مثالي يمنحك منزلًا عمليًا وأنيقًا يلبي احتياجات العائلة.
📞 للتواصل والاستفسار ابو محمد : ((الرقم يظهر عند الضغط على اتصال))",24.849922,46.899839,https://images.aqar.fm/webp/750x0/props/004670692_1784988696319.jpg | https://images.aqar.fm/webp/750x0/props/004670695_1784988695711.jpg | https://images.aqar.fm/webp/750x0/props/004670691_1784988695961.jpg | https://images.aqar.fm/webp/750x0/props/004670694_1784988696091.jpg | https://images.aqar.fm/webp/750x0/props/004670697_1784988696481.jpg | https://images.aqar.fm/webp/750x0/props/004670696_1784988696615.jpg | https://images.aqar.fm/webp/750x0/props/004670698_1784988696773.jpg | https://images.aqar.fm/webp/750x0/props/004670690_1784988697047.jpg | https://images.aqar.fm/webp/750x0/props/004670691_1784988697176.jpg | https://images.aqar.fm/webp/750x0/props/004670696_1784988697416.jpg | https://images.aqar.fm/webp/750x0/props/004670693_1784988697641.jpg | https://images.aqar.fm/webp/750x0/props/004670694_1784988697889.jpg,12,جابر ال فهاد,شركة ركائز الروعة,1,2026-07-25,2026-07-25,2026-08-23,250,2026-08-23,True,"800,000",False,فيلا
6782394,https://sa.aqar.fm/فلل-للبيع/الرياض/شرق-الرياض/حي-الجنادرية/شارع-بوابة-الشرق-حي-الجنادرية-مدينة-الرياض-منطقة-الرياض-6782394,"فيلا للبيع في شارع بوابة الشرق, حي الجنادرية, مدينة الرياض, منطقة الرياض",900000,200,6,,,0,حي الجنادرية,الرياض,شرق الرياض,"👌🏻 فرصة سكنية مميزة في حي بوابة الشرق شرق الرياض 
📍موقع متطور وقريب من جميع الخدمات.

🔘( فيلا درج داخلي مع شقة) 

✏️ المساحة :250 م
💵 السعر  :  900  الف فقط 

🏠 المواصفات: 

*  مجلس
*   مقلط 
* 6 غرف نوم  منها ماستر
* مطبخ 
* صاله كبيرة
* مدخل نساء ورجال 
 خزان وعداد مستقل 
* سطح كبير 
* ٣ دور 
* مؤسس مصعد 
مواصفات اخرى : * 
* مطابقة للكود السعودي. 
*  ضمان 25 سنوات.
* عمر العقار جديد.
* واجهة جنوبية 
* عرض الشارع 15
* ماء وكهرب راكب.
* قريب مرفق  حديقه +مسجد 



للتواصل : ‭‬ابو عبدالله 
[((الرقم يظهر عند الضغط على اتصال))]",24.874429,46.914358,https://images.aqar.fm/webp/750x0/props/004670695_1784557049158.jpg | https://images.aqar.fm/webp/750x0/props/004670698_1784557047552.jpg | https://images.aqar.fm/webp/750x0/props/004670693_1784557047530.jpg | https://images.aqar.fm/webp/750x0/props/004670696_1784557047534.jpg | https://images.aqar.fm/webp/750x0/props/004670698_1784557047531.jpg | https://images.aqar.fm/webp/750x0/props/004670690_1784557047670.jpg | https://images.aqar.fm/webp/750x0/props/004670694_1784557047777.jpg | https://images.aqar.fm/webp/750x0/props/004670698_1784557047891.jpg | https://images.aqar.fm/webp/750x0/props/004670694_1784557048071.jpg | https://images.aqar.fm/webp/750x0/props/004670696_1784557048290.jpg | https://images.aqar.fm/webp/750x0/props/004670695_1784557048498.jpg | https://images.aqar.fm/webp/750x0/props/004670697_1784557048738.jpg | https://images.aqar.fm/webp/750x0/props/004670695_1784557048920.jpg | https://images.aqar.fm/webp/750x0/props/004670691_1784557049470.jpg | https://images.aqar.fm/webp/750x0/props/004670699_1784557049578.jpg,15,جابر ال فهاد,شركة ركائز الروعة,1,2026-07-20,2026-08-18,2026-08-23,161,2026-08-23,True,"900,000",False,فيلا
6758905,https://sa.aqar.fm/فلل-للبيع/الرياض/شرق-الرياض/حي-الجنادرية/شارع-عمر-بن-الحبيب-حي-الجنادرية-مدينة-الرياض-منطقة-الرياض-6758905,"فيلا للبيع في شارع عمر بن الحبيب, حي الجنادرية, مدينة الرياض, منطقة الرياض",1300000,277,7,6,2,0,حي الجنادرية,الرياض,شرق الرياض,$5d,24.848921,46.90162,https://images.aqar.fm/webp/750x0/props/044628566_1783164140616.jpg | https://images.aqar.fm/webp/750x0/props/044628565_1783164140629.jpg | https://images.aqar.fm/webp/750x0/props/044628562_1783164140635.jpg | https://images.aqar.fm/webp/750x0/props/044628568_1783164140621.jpg | https://images.aqar.fm/webp/750x0/props/044628564_1783164140623.jpg | https://images.aqar.fm/webp/750x0/props/044628565_1783164140615.jpg | https://images.aqar.fm/webp/750x0/props/044628567_1783164140635.jpg | https://images.aqar.fm/webp/750x0/props/044628568_1783164141115.jpg | https://images.aqar.fm/webp/750x0/props/044628561_1783164140626.jpg | https://images.aqar.fm/webp/750x0/props/044628560_1783164140636.jpg | https://images.aqar.fm/webp/750x0/props/044628564_1783164140626.jpg | https://images.aqar.fm/webp/750x0/props/044628563_1783164140643.jpg | https://images.aqar.fm/webp/750x0/props/044628565_1783164140650.jpg | https://images.aqar.fm/webp/750x0/props/044628566_1783164140638.jpg | https://images.aqar.fm/webp/750x0/props/044628562_1783164140652.png | https://images.aqar.fm/webp/750x0/props/044628567_1783164140811.jpg | https://images.aqar.fm/webp/750x0/props/044628567_1783164140654.jpg | https://images.aqar.fm/webp/750x0/props/044628565_1783164140657.jpg | https://images.aqar.fm/webp/750x0/props/044628564_1783164140803.jpg | https://images.aqar.fm/webp/750x0/props/044628569_1783164140840.jpg | https://images.aqar.fm/webp/750x0/props/044628565_1783164140802.jpg | https://images.aqar.fm/webp/750x0/props/044628562_1783164140664.jpg | https://images.aqar.fm/webp/750x0/props/044628561_1783164140658.jpg | https://images.aqar.fm/webp/750x0/props/044628568_1783164140801.jpg | https://images.aqar.fm/webp/750x0/props/044628569_1783164140652.jpg | https://images.aqar.fm/webp/750x0/props/044628562_1783164140622.jpg | https://images.aqar.fm/webp/750x0/props/044628568_1783164140659.jpg,27,ريماز مشعل فريح المطيري,مكتب ريماز مشعل فريح المطيري للعقارات,1,2026-07-04,2026-08-02,2026-08-20,63,2026-08-23,True,"1,300,000",False,فيلا
6775212,https://sa.aqar.fm/فلل-للبيع/الرياض/شرق-الرياض/حي-الجنادرية/شارع-الفجر-حي-الجنادرية-مدينة-الرياض-منطقة-الرياض-6775212,"فيلا للبيع في شارع الفجر, حي الجنادرية, مدينة الرياض, منطقة الرياض",2500000,750,5,,,11,حي الجنادرية,الرياض,شرق الرياض,"فيلا للبيع حي الجنادريه 
المساحة 750 متر 
شارع 15 م شرقي 
عباره عن دور ارضي و4 شقق
الدور الارضي ملحق خارجي ومجلس ومقلط وصالة ومطبخ و5 غرف نوم و5 دورات مياة 
الشقق
شقتين 3غرف ومطبخ وصاله ودورتين مياه 
وشقتين غرفتين ومطبخ وصاله ودورتين مياه
البيع  2 مليون و 500 الف
مباشر مع المالك 
الموقع 📍
https://maps.app.goo.gl/fewNm8kid9jAenu99?g_st=aw",24.813325,46.85793,,,عبدالملك ابراهيم محمد الجمعان,شركة بنايات نجد للتسويق شخص واحد,1,2026-07-15,2026-08-13,2026-08-21,223,2026-08-23,True,"2,500,000",False,فيلا
6244756,https://sa.aqar.fm/فلل-للبيع/الرياض/شرق-الرياض/حي-الجنادرية/شارع-رقم-120-حي-الجنادرية-الرياض-منطقة-الرياض-6244756,فيلا للبيع في شارع رقم 120 ، حي الجنادرية ، الرياض ، منطقة الرياض,2500000,378,6,3,1,8,حي الجنادرية,الرياض,شرق الرياض,"فيلا بحي الشروق 
دور و ٣ شقق المساحة ٣٧٨ حديد الزاوية
الدور الأرضي عبارة عن:
حوش ومشب ومجلس ومقلط وصالة ومطبخ
ومستودع جاهز لتحويله دورة مياه إضافية
و٣ غرف نوم واحدة منها ماستر و٣ دورات مياه
تم تجديد الدور الأرضي بالكامل بتشطيبات فاخرة
وإضافة غرفة غسيل وغرفة خادمة مع دورة مياه
والشقق الثلاث: مجلس وغرفتين نوم 
وصالة ومطبخ ودورتين مياه 
🔴شهادة إتمام بناء جاهزة🔴
🔴شهادة إطلاق التيار الكهربائي🔴
🔴شهادة إتمام العزل الحراري🔴
🔴جاهزة لتجزئتها٣ وحدات بصكوك مستقلة🔴
إشراف هندسي وضمانات  ",24.837519,46.884251,https://images.aqar.fm/webp/750x0/props/018238367_1749687417490.jpg | https://images.aqar.fm/webp/750x0/props/018238369_1749687257294.jpg | https://images.aqar.fm/webp/750x0/props/018238364_1749687257276.jpg | https://images.aqar.fm/webp/750x0/props/018238369_1749687257319.jpg | https://images.aqar.fm/webp/750x0/props/018238362_1749687257291.jpg | https://images.aqar.fm/webp/750x0/props/018238367_1749687257294.jpg | https://images.aqar.fm/webp/750x0/props/018238360_1749687257294.jpg | https://images.aqar.fm/webp/750x0/props/018238367_1749687257309.jpg | https://images.aqar.fm/webp/750x0/props/018238367_1749687257322.jpg | https://images.aqar.fm/webp/750x0/props/018238366_1749687312031.jpg | https://images.aqar.fm/webp/750x0/props/018238365_1749687312026.jpg | https://images.aqar.fm/webp/750x0/props/018238365_1749687312018.jpg | https://images.aqar.fm/webp/750x0/props/018238368_1749687312046.jpg | https://images.aqar.fm/webp/750x0/props/018238361_1749687312042.jpg | https://images.aqar.fm/webp/750x0/props/018238366_1749687312033.jpg | https://images.aqar.fm/webp/750x0/props/018238368_1749687312031.jpg | https://images.aqar.fm/webp/750x0/props/018238361_1749687312024.jpg | https://images.aqar.fm/webp/750x0/props/018238364_1749687417491.jpg | https://images.aqar.fm/webp/750x0/props/018238363_1749687417487.jpg | https://images.aqar.fm/webp/750x0/props/018238365_1749687417494.jpg | https://images.aqar.fm/webp/750x0/props/018238360_1749687417507.jpg | https://images.aqar.fm/webp/750x0/props/018238361_1749687417503.jpg | https://images.aqar.fm/webp/750x0/props/018238369_1749687417485.jpg | https://images.aqar.fm/webp/750x0/props/018238364_1749687991766.jpg,24,عبدالعزيز العنزي,,,2025-06-12,,2026-08-15,166,2026-08-23,False,طلب تسويق,False,فيلا
6743016,https://sa.aqar.fm/فلل-للبيع/الرياض/شرق-الرياض/حي-الجنادرية/شارع-15-م-حي-الجنادرية-مدينة-الرياض-منطقة-الرياض-6743016,"فيلا للبيع في شارع 15 م , حي الجنادرية, مدينة الرياض, منطقة الرياض",1130000,208,6,5,2,0,حي الجنادرية,الرياض,شرق الرياض,"فيلا سكنية بمساحة 422 م² شرق الرياض
تقع هذه الفيلا ضمن مشروع غصون فيو في حي الجنادرية شرق مدينة الرياض، بموقع مميز مباشرة على طريق الخريص، ما يمنح سهولة الوصول إلى أهم الطرق والخدمات والوجهات الحيوية.
تفاصيل الفيلا
مساحة الأرض: 422 م²
3 غرف نوم
مجلس
صالة معيشة
مطبخ
غرفة خادمة
5 دورات مياه
حوش خاص بمساحة 62 م²
مدخل سيارة مستقل
الموقع
📍 حي الجنادرية – الرياض
📍 مباشرة على طريق الخريص
📍 5 دقائق من طريق الدمام
📍 7 دقائق من طريق الشيخ جابر الصباح
الخدمات القريبة
✈️ مطار الملك خالد الدولي — 20 دقيقة
🏙️ واجهة روشن — 22 دقيقة
🏥 مجمع الشرق التخصصي — 3 دقائق
🛍️ المعالي سكوير الجنادرية — 6 دقائق
🛒 أسواق الجنادرية — 8 دقائق
غصون فيو يقدم بيئة سكنية متكاملة تجمع بين المساحات الواسعة، سهولة الوصول، وقرب الخدمات اليومية، في أحد المواقع الواعدة شرق الرياض.",24.842439,46.895964,https://images.aqar.fm/webp/750x0/props/049609030_1782130576135.jpg | https://images.aqar.fm/webp/750x0/props/049609032_1782130581410.jpg | https://images.aqar.fm/webp/750x0/props/049609037_1782130581408.jpg | https://images.aqar.fm/webp/750x0/props/049609039_1782130581409.jpg | https://images.aqar.fm/webp/750x0/props/049609039_1782130581410.jpg | https://images.aqar.fm/webp/750x0/props/049609030_1782130581409.jpg | https://images.aqar.fm/webp/750x0/props/049609037_1782130581408.jpg | https://images.aqar.fm/webp/750x0/props/049609032_1782130581409.jpg | https://images.aqar.fm/webp/750x0/props/049609039_1782130581408.jpg | https://images.aqar.fm/webp/750x0/props/049609039_1782130581431.jpg | https://images.aqar.fm/webp/750x0/props/049609039_1782130581433.jpg | https://images.aqar.fm/webp/750x0/props/049609038_1782130581430.jpg | https://images.aqar.fm/webp/750x0/props/049609032_1782130581432.jpg,13,علي حمد,شركة أساس أومم العقارية,1,2026-06-22,2026-08-19,2026-08-19,515,2026-08-23,True,"1,130,000",False,فيلا
6537051,https://sa.aqar.fm/فلل-للبيع/الرياض/شرق-الرياض/حي-الجنادرية/شارع-سواج-حي-الجنادرية-مدينة-الرياض-منطقة-الرياض-6537051,"فيلا للبيع في شارع سواج, حي الجنادرية, مدينة الرياض, منطقة الرياض",1400000,277,6,1,0,0,حي الجنادرية,الرياض,شرق الرياض,$5f,24.902407,46.94058,https://images.aqar.fm/webp/750x0/props/048974397_1767766324642.jpg | https://images.aqar.fm/webp/750x0/props/048974393_1767766324531.jpg | https://images.aqar.fm/webp/750x0/props/048974395_1767766324823.jpg | https://images.aqar.fm/webp/750x0/props/048974399_1767766323734.jpg | https://images.aqar.fm/webp/750x0/props/048974395_1767766323867.jpg | https://images.aqar.fm/webp/750x0/props/048974390_1767766323874.jpg | https://images.aqar.fm/webp/750x0/props/048974399_1767766323972.jpg | https://images.aqar.fm/webp/750x0/props/048974398_1767766324007.jpg | https://images.aqar.fm/webp/750x0/props/048974391_1767766324098.jpg | https://images.aqar.fm/webp/750x0/props/048974390_1767766324103.jpg | https://images.aqar.fm/webp/750x0/props/048974399_1767766324204.jpg | https://images.aqar.fm/webp/750x0/props/048974396_1767766324206.jpg | https://images.aqar.fm/webp/750x0/props/048974390_1767766324348.jpg | https://images.aqar.fm/webp/750x0/props/048974398_1767766324361.jpg | https://images.aqar.fm/webp/750x0/props/048974394_1767766324358.jpg | https://images.aqar.fm/webp/750x0/props/048974396_1767766324460.jpg | https://images.aqar.fm/webp/750x0/props/048974391_1767766324572.jpg | https://images.aqar.fm/webp/750x0/props/048974393_1767766324709.jpg | https://images.aqar.fm/webp/750x0/props/048974391_1767766324709.jpg,19,عبدالله اليوسف,مؤسسة اثال العقارية للعقارات,1,2026-01-07,2026-06-24,2026-08-23,395,2026-08-23,True,"1,400,000",False,فيلا
6784993,https://sa.aqar.fm/فلل-للبيع/الرياض/شرق-الرياض/حي-الجنادرية/شارع-رقم-175-حي-الجنادرية-مدينة-الرياض-منطقة-الرياض-6784993,"فيلا للبيع في شارع رقم 175, حي الجنادرية, مدينة الرياض, منطقة الرياض",1000000,260,6,5,1,0,حي الجنادرية,الرياض,شرق الرياض,"شركه أثال العقاريه تقدم لعملائها احدث العروض العقاريه ذات التصميم المودرن الحديث ب احياء شمال شرق الرياض حي الجنادريه مخطط المعالي
عرض اليوم تاون هاوسي أرضى
التاون الأرضي
المساحة 300
شارع 20 جنوبي
يتكون من ثلاث
مجلس
مقلط
صاله
مطبخ
غرفه ماستر 
ارتداد 
الدور الثاني 2غرف نوم ماستر 
الأخير سطح وغرفة ماستر
السعر مليون 50
ينزل مليون
للأستفسار فون او واتساب
((الرقم يظهر عند الضغط على اتصال))
((الرقم يظهر عند الضغط على اتصال))
يتم تخليص كافه والأجرأت البنكيه",24.850402,46.867163,https://images.aqar.fm/webp/750x0/props/049095582_1784701331666.jpg | https://images.aqar.fm/webp/750x0/props/049095582_1784701331339.jpg | https://images.aqar.fm/webp/750x0/props/049095581_1784701331492.jpg | https://images.aqar.fm/webp/750x0/props/049095586_1784701331503.jpg | https://images.aqar.fm/webp/750x0/props/049095582_1784701331572.jpg | https://images.aqar.fm/webp/750x0/props/049095582_1784701331575.jpg | https://images.aqar.fm/webp/750x0/props/049095580_1784701331622.jpg | https://images.aqar.fm/webp/750x0/props/049095586_1784701331698.jpg | https://images.aqar.fm/webp/750x0/props/049095580_1784701331770.jpg | https://images.aqar.fm/webp/750x0/props/049095587_1784701331850.jpg | https://images.aqar.fm/webp/750x0/props/049095580_1784701331922.jpg | https://images.aqar.fm/webp/750x0/props/049095586_1784701331944.jpg | https://images.aqar.fm/webp/750x0/props/049095582_1784701332021.jpg | https://images.aqar.fm/webp/750x0/props/049095583_1784701332016.jpg | https://images.aqar.fm/webp/750x0/props/049095584_1784701332080.jpg | https://images.aqar.fm/webp/750x0/props/049095589_1784701332205.jpg | https://images.aqar.fm/webp/750x0/props/049095582_1784701332218.jpg | https://images.aqar.fm/webp/750x0/props/049095580_1784701332249.jpg | https://images.aqar.fm/webp/750x0/props/049095582_1784701331666.jpg | https://images.aqar.fm/webp/750x0/props/049095582_1784701331339.jpg | https://images.aqar.fm/webp/750x0/props/049095581_1784701331492.jpg | https://images.aqar.fm/webp/750x0/props/049095586_1784701331503.jpg | https://images.aqar.fm/webp/750x0/props/049095582_1784701331572.jpg | https://images.aqar.fm/webp/750x0/props/049095582_1784701331575.jpg | https://images.aqar.fm/webp/750x0/props/049095580_1784701331622.jpg | https://images.aqar.fm/webp/750x0/props/049095586_1784701331698.jpg | https://images.aqar.fm/webp/750x0/props/049095580_1784701331770.jpg | https://images.aqar.fm/webp/750x0/props/049095587_1784701331850.jpg | https://images.aqar.fm/webp/750x0/props/049095580_1784701331922.jpg | https://images.aqar.fm/webp/750x0/props/049095586_1784701331944.jpg | https://images.aqar.fm/webp/750x0/props/049095582_1784701332021.jpg | https://images.aqar.fm/webp/750x0/props/049095583_1784701332016.jpg | https://images.aqar.fm/webp/750x0/props/049095584_1784701332080.jpg | https://images.aqar.fm/webp/750x0/props/049095589_1784701332205.jpg | https://images.aqar.fm/webp/750x0/props/049095582_1784701332218.jpg | https://images.aqar.fm/webp/750x0/props/049095580_1784701332249.jpg,36,عبدالله اليوسف,مؤسسة اثال العقارية للعقارات,1,2026-07-22,2026-07-22,2026-08-20,313,2026-08-23,True,"1,000,000",False,فيلا
6817090,https://sa.aqar.fm/فلل-للبيع/الرياض/شرق-الرياض/حي-الجنادرية/شارع-رقم-56-حي-الجنادرية-مدينة-الرياض-منطقة-الرياض-6817090,"فيلا للبيع في شارع رقم 56, حي الجنادرية, مدينة الرياض, منطقة الرياض",2500000,337,,0,0,11,حي الجنادرية,الرياض,شرق الرياض,"السلام عليكم ورحمة الله وبركاته 
للبيع ..
فلة سكنية بحي الجنادرية – مخطط بن باز

للراغبين في التملك، تتوفر فلة سكنية مميزة للبيع في حي الجنادرية بمدينة الرياض، تقع على شارع الشيخ حمد آل ثاني ضمن مخطط بن باز.

تفاصيل العقار:
	•	المساحة: 337.5 متر مربع
	•	الشارع: 15 متر
	•	عمر العقار: 15 سنة
	•	تحتوي على شقتين للإيجار، لكل منهما مدخل جانبي مستقل

موقع متميز وخدمات متكاملة في الحي",24.815624,46.875167,https://images.aqar.fm/webp/750x0/props/021387109_1786470207680.jpg | https://images.aqar.fm/webp/750x0/props/021387107_1786470207703.jpg | https://images.aqar.fm/webp/750x0/props/021387109_1786470207698.jpg,3,عبدالرحمن جابر بن عقيل,مكتب أمتار الوسطى للعقارات,1,2026-08-11,2026-08-11,2026-08-11,44,2026-08-23,True,"2,500,000",False,فيلا
6782377,https://sa.aqar.fm/فلل-للبيع/الرياض/شرق-الرياض/حي-الجنادرية/شارع-بوابة-الشرق-حي-الجنادرية-مدينة-الرياض-منطقة-الرياض-6782377,"فيلا للبيع في شارع بوابة الشرق, حي الجنادرية, مدينة الرياض, منطقة الرياض",1200000,384,4,1,0,0,حي الجنادرية,الرياض,شرق الرياض,"فلة دبلكس في بوابة الشرق تكون من مجلس مقلط وصالة ومطبخ وغرفة كبار السن لفت راكب ادور الثاني 4غرف نوم وصالة ودورتين مياه 
الدور الثالث صالة غرفة غسيل دورتين مياه صطح خلفي سطح امامي كبير 
 علا شارع 15 
واجهه غرب 
قدام صامت تجاري وحديقة 
السعر مليون 200
للتواصل ابو عجلان",24.891133,46.955447,https://images.aqar.fm/webp/750x0/props/004670698_1784556503619.jpg | https://images.aqar.fm/webp/750x0/props/004670691_1784556501772.jpg | https://images.aqar.fm/webp/750x0/props/004670695_1784556501866.jpg | https://images.aqar.fm/webp/750x0/props/004670690_1784556501967.jpg | https://images.aqar.fm/webp/750x0/props/004670697_1784556502113.jpg | https://images.aqar.fm/webp/750x0/props/004670696_1784556502228.jpg | https://images.aqar.fm/webp/750x0/props/004670698_1784556502460.jpg | https://images.aqar.fm/webp/750x0/props/004670691_1784556502601.jpg | https://images.aqar.fm/webp/750x0/props/004670691_1784556502849.jpg | https://images.aqar.fm/webp/750x0/props/004670697_1784556503076.jpg | https://images.aqar.fm/webp/750x0/props/004670690_1784556503346.jpg | https://images.aqar.fm/webp/750x0/props/004670693_1784556503781.jpg | https://images.aqar.fm/webp/750x0/props/004670691_1784556501772.jpg | https://images.aqar.fm/webp/750x0/props/004670695_1784556501866.jpg | https://images.aqar.fm/webp/750x0/props/004670690_1784556501967.jpg | https://images.aqar.fm/webp/750x0/props/004670697_1784556502113.jpg | https://images.aqar.fm/webp/750x0/props/004670696_1784556502228.jpg | https://images.aqar.fm/webp/750x0/props/004670698_1784556502460.jpg | https://images.aqar.fm/webp/750x0/props/004670691_1784556502601.jpg | https://images.aqar.fm/webp/750x0/props/004670691_1784556502849.jpg | https://images.aqar.fm/webp/750x0/props/004670697_1784556503076.jpg | https://images.aqar.fm/webp/750x0/props/004670690_1784556503346.jpg | https://images.aqar.fm/webp/750x0/props/004670698_1784556503619.jpg | https://images.aqar.fm/webp/750x0/props/004670693_1784556503781.jpg,24,جابر ال فهاد,شركة ركائز الروعة,1,2026-07-20,2026-08-18,2026-08-23,517,2026-08-23,True,"1,200,000",False,فيلا
6609580,https://sa.aqar.fm/فلل-للبيع/الرياض/شرق-الرياض/حي-الجنادرية/حي-الجنادرية-الرياض-منطقة-الرياض-6609580,"فيلا للبيع في حي الجنادرية, مدينة الرياض, منطقة الرياض",1080000,300,5,5,2,0,حي الجنادرية,الرياض,شرق الرياض,"فيلا  درج داخلي 3 ادوار على مساحه 300 م في مخطط  أبوابه الشرق 
تتكون من  دور ارضي وأول وثانيه وحواش وأسطح 
عليها جميع الضمانات موجودة على جميع المواد 
ويوجد تامين عن العيوب الخفية شركة ملاذ للتامين 
البيع كاش او عن طريق اي بنك",24.900914457882514,46.967451600622624,https://images.aqar.fm/webp/750x0/props/001391684_1772321392654.jpg | https://images.aqar.fm/webp/750x0/props/001391680_1772321413743.jpg | https://images.aqar.fm/webp/750x0/props/001391680_1781054863275.jpg | https://images.aqar.fm/webp/750x0/props/001391685_1783852751007.jpg,4,سليمان طلع,,,2026-02-28,2026-03-01,2026-08-19,569,2026-08-23,True,"1,080,000",False,فيلا
6783839,https://sa.aqar.fm/فلل-للبيع/الرياض/شرق-الرياض/حي-الجنادرية/شارع-438-حي-الجنادرية-مدينة-الرياض-منطقة-الرياض-6783839,"فيلا للبيع في شارع 438, حي الجنادرية, مدينة الرياض, منطقة الرياض",950000,192,4,0,0,0,حي الجنادرية,الرياض,شرق الرياض,"🏡 شركة موافقة العقارية

تقدّم لكم عرض مميز في حيّ المتعثرين ✨

📍 موقع راقٍ
تصاميم فاخرة
تشطيبات عالية الجودة
أسعار مغرية 🔥

🔹 المساحة:300م
المتوفر : دور ارضي

——————————
——————————
🏠 مواصفات الدور الارضي:
ملحق خارجي
مجلس رجال
صالة طعام
صالة عائلية
مطبخ + مستودع + غرفة خادمة 
ثلاث غرف ارضي منها (ماستر)
مدخل سياره
—————————
📞 نتشرف بخدمتكم على مدار الساعة
📲 للتواصل: 
((الرقم يظهر عند الضغط على اتصال))
عبد العزيز العنزي 

*ملاحظه*
📍 الموقع غير دقيق",24.850102,46.90458,https://images.aqar.fm/webp/750x0/props/053099304_1784637995241.jpg | https://images.aqar.fm/webp/750x0/props/053099304_1784638030683.jpg | https://images.aqar.fm/webp/750x0/props/053099304_1784638046131.jpg | https://images.aqar.fm/webp/750x0/props/053099302_1784638065625.jpg | https://images.aqar.fm/webp/750x0/props/053099304_1784638065628.jpg | https://images.aqar.fm/webp/750x0/props/053099309_1784638065695.jpg | https://images.aqar.fm/webp/750x0/props/053099302_1784638065678.jpg | https://images.aqar.fm/webp/750x0/props/053099300_1784638065709.jpg | https://images.aqar.fm/webp/750x0/props/053099303_1784638065722.jpg | https://images.aqar.fm/webp/750x0/props/053099306_1784638065743.jpg | https://images.aqar.fm/webp/750x0/props/053099301_1784638065778.jpg | https://images.aqar.fm/webp/750x0/props/053099300_1784638107855.jpg | https://images.aqar.fm/webp/750x0/props/053099303_1784638107853.jpg | https://images.aqar.fm/webp/750x0/props/053099302_1784638107901.jpg | https://images.aqar.fm/webp/750x0/props/053099302_1784638107853.jpg | https://images.aqar.fm/webp/750x0/props/053099305_1784638107888.jpg | https://images.aqar.fm/webp/750x0/props/053099307_1784638108042.jpg | https://images.aqar.fm/webp/750x0/props/053099309_1784638108014.jpg | https://images.aqar.fm/webp/750x0/props/053099308_1784638108029.jpg | https://images.aqar.fm/webp/750x0/props/053099301_1784638135942.jpg | https://images.aqar.fm/webp/750x0/props/053099306_1784638135950.jpg | https://images.aqar.fm/webp/750x0/props/053099300_1784638136026.jpg | https://images.aqar.fm/webp/750x0/props/053099305_1784638136024.jpg | https://images.aqar.fm/webp/750x0/props/053099305_1784638136041.jpg | https://images.aqar.fm/webp/750x0/props/053099306_1784638136038.jpg | https://images.aqar.fm/webp/750x0/props/053099304_1784638136051.jpg | https://images.aqar.fm/webp/750x0/props/053099305_1784638136058.jpg | https://images.aqar.fm/webp/750x0/props/053099300_1784638168416.jpg | https://images.aqar.fm/webp/750x0/props/053099308_1784638168430.jpg,29,نايف عبدالله بن سلطان بن سفران,مؤسسة موافقة العقارية,1,2026-07-21,2026-08-19,2026-08-20,109,2026-08-23,True,"950,000",False,فيلا
6732395,https://sa.aqar.fm/فلل-للبيع/الرياض/شرق-الرياض/حي-الجنادرية/شارع-رقم-97-حي-الجنادرية-الرياض-منطقة-الرياض-6732395,"فيلا للبيع في شارع رقم 97, حي الجنادرية, مدينة الرياض, منطقة الرياض",2550000,480,5,3,1,11,حي الجنادرية,الرياض,شرق الرياض,للبيع فيلا سكنية بتصميم واعد وتشطيب مميز في حي الجنادرية مخطط الشروق بشرق الرياض. يتميز الموقع بالقرب من الطرق الرئيسية والخدمات الحيوية والمدارس، مما يجعلها مثالية للسكن العائلي أو الاستثمار. البيع من المالك مباشرة لسرعة التعامل والإفراغ.,24.83763983345432,46.883214389047,https://images.aqar.fm/webp/750x0/props/009818516_1782868363438.jpg,1,موسى بن عوض بن قريعط الحربي,,,2026-06-14,2026-06-14,2026-07-22,335,2026-08-23,True,"2,550,000",False,فيلا
6761433,https://sa.aqar.fm/فلل-للبيع/الرياض/شرق-الرياض/حي-الجنادرية/شارع-العمره-حي-الجنادرية-الرياض-منطقة-الرياض-6761433,فيلا للبيع في شارع العمره ، حي الجنادرية ، الرياض ، منطقة الرياض,1650000,420,7,7,4,8,حي الجنادرية,الرياض,شرق الرياض,,24.838506,46.889888,https://images.aqar.fm/webp/750x0/props/052356382_1783292376947.png,1,سالم بن خلف بن مطلق النومسي,,,2026-07-05,,2026-07-05,32,2026-08-23,False,طلب تسويق,False,فيلا
6640926,https://sa.aqar.fm/فلل-للبيع/الرياض/شرق-الرياض/حي-الجنادرية/شارع-شارع-السيف-حي-الجنادرية-مدينة-الرياض-منطقة-الرياض-6640926,"فيلا للبيع في شارع شارع السيف, حي الجنادرية, مدينة الرياض, منطقة الرياض",1650000,375,5,1,0,0,حي الجنادرية,الرياض,شرق الرياض,"السلام عليكم ورحمة الله وبركاته اسعد الله أوقاتكم بكل خير تقدم  شركه سكن المعالي للعقارات كل ما هو جديد في عالم التسويق العقاري
عرض اليوم دور أرضي وثلاث شقق 
حي بوابة الشرق 
موقع ممتاز جدا وهادي قريب من جميع الخدمات
جميع الضمانات من كهرباء وسباكه وعوازل وإشراف هندسي وتأمين ملاذ عشر سنوات ع الكود الجديد وشهاده إتمام بناء
امكانيه سداد المديونية والتحويل بأقل هامش ربح ممكن مرحبا
امكانيه توفير حلول الدفعه المقدمه
امكانيه إعطاء اكبر مبلغ تمويل عقاري ممكن
امكانيه تخليص جميع المعاملات في أنحاء المملكة
لتواصل والاستفسار 0500040730 
لسنا الواحدون لكننا متميزون
زيارة واحده تكفي",24.901892,46.962439,https://images.aqar.fm/webp/750x0/props/039576481_1775310784212.jpg | https://images.aqar.fm/webp/750x0/props/039576481_1775379498516.jpg | https://images.aqar.fm/webp/750x0/props/039576488_1775379498556.jpg | https://images.aqar.fm/webp/750x0/props/039576480_1775379498655.jpg | https://images.aqar.fm/webp/750x0/props/039576485_1775379498656.jpg | https://images.aqar.fm/webp/750x0/props/039576484_1775379498741.jpg | https://images.aqar.fm/webp/750x0/props/039576486_1775379498935.jpg | https://images.aqar.fm/webp/750x0/props/039576484_1775379499017.jpg | https://images.aqar.fm/webp/750x0/props/039576481_1775379499051.jpg | https://images.aqar.fm/webp/750x0/props/039576488_1775379499091.jpg | https://images.aqar.fm/webp/750x0/props/039576480_1775379499133.jpg | https://images.aqar.fm/webp/750x0/props/039576489_1775379499212.jpg | https://images.aqar.fm/webp/750x0/props/039576485_1775379499252.jpg | https://images.aqar.fm/webp/750x0/props/039576480_1775379499284.jpg | https://images.aqar.fm/webp/750x0/props/039576487_1775379499321.jpg | https://images.aqar.fm/webp/750x0/props/039576485_1775379499406.jpg | https://images.aqar.fm/webp/750x0/props/039576485_1775379499451.jpg,17,عائشه بنت سليمان بن عبدالله الطريم,مؤسسة سكن المعالي للعقارات,1,2026-04-04,2026-07-29,2026-08-18,596,2026-08-23,True,"1,650,000",False,فيلا
6730128,https://sa.aqar.fm/فلل-للبيع/الرياض/شرق-الرياض/حي-الجنادرية/شارع-رقم-85-حي-الجنادرية-الرياض-منطقة-الرياض-6730128,فيلا للبيع في شارع رقم 85 ، حي الجنادرية ، الرياض ، منطقة الرياض,2400000,600,7,5,0,12,حي الجنادرية,الرياض,شرق الرياض,للبيع بيت دور ٣ شقق المساحه ٦٠٠ شرعها ٢٠ شرقي البيت مؤجر كامل الدور الأرضي ٤٥٠٠ ريال والشقق ٢٥٠٠ ريال البيت حر وعليه إتمام بناء,24.833578,46.888386,https://images.aqar.fm/webp/750x0/props/015903850_1781280875705.jpg,1,محمد هليل سالم خلف,,,2026-06-12,,2026-06-12,45,2026-08-23,False,طلب تسويق,False,فيلا
6450497,https://sa.aqar.fm/فلل-للبيع/الرياض/شرق-الرياض/حي-الجنادرية/شارع-العمرة-حي-الجنادرية-مدينة-الرياض-منطقة-الرياض-6450497,"فيلا للبيع في شارع العمرة, حي الجنادرية, مدينة الرياض, منطقة الرياض",750000,192,5,4,0,0,حي الجنادرية,الرياض,شرق الرياض,"🏡 شركة موافقة العقارية
تقدّم لكم كل ما هو جديد ومميز في حي الجنادرية – مخطط غصون 🌟

📣 حيث يجتمع السعر المميز مع جودة البناء 💪

للبيع 🔑
🏘️ تاون هاوس علوي
المتبقي: 5 وحدات فقط

📏 المساحة: 192 م²
💰 السعر: 750 ألف ريال

━━━━━━━━━━
تفاصيل الوحدة:
🚗 مدخل سيارة
🛋️ مجلس رجال
🍽️ صالة طعام
🏠 صالة عائلية
👩‍🍳 مطبخ

الدور العلوي:
🛏️ صالة عائلية واسعة
🛌 أربع غرف نوم (منها غرفة ماستر)
🌅 سطح واسع

━━━━━━━━━━
📞 شركة موافقة العقارية
نتشرف بخدمتكم على مدار الساعة طوال أيام الأسبوع 🌙☀️
📲 للتواصل: ((رقم المعلن يظهر عند التواصل))
*ملاحظة: الموقع غير دقيق",24.840666,46.888994,https://images.aqar.fm/webp/750x0/props/043848019_1763594352407.jpg | https://images.aqar.fm/webp/750x0/props/043848014_1763594352403.jpg | https://images.aqar.fm/webp/750x0/props/043848012_1763594415719.jpg | https://images.aqar.fm/webp/750x0/props/043848014_1763594415711.jpg | https://images.aqar.fm/webp/750x0/props/043848011_1763594415735.jpg | https://images.aqar.fm/webp/750x0/props/043848019_1763594415710.jpg | https://images.aqar.fm/webp/750x0/props/043848018_1763594415717.jpg | https://images.aqar.fm/webp/750x0/props/043848011_1763594415733.jpg | https://images.aqar.fm/webp/750x0/props/043848014_1763594415744.jpg | https://images.aqar.fm/webp/750x0/props/043848014_1763594415731.jpg,10,نايف عبدالله بن سلطان بن سفران,مؤسسة موافقة العقارية,1,2025-11-02,2025-11-02,2026-08-13,5574,2026-08-23,True,"750,000",False,فيلا
6679661,https://sa.aqar.fm/فلل-للبيع/الرياض/شرق-الرياض/حي-الجنادرية/شارع-العمرة-حي-الجنادرية-مدينة-الرياض-منطقة-الرياض-6679661,"فيلا للبيع في شارع العمرة, حي الجنادرية, مدينة الرياض, منطقة الرياض",1750000,277,7,7,2,0,حي الجنادرية,الرياض,شرق الرياض,"للبيع فيلا درج داخلي في  حي الجنادرية  – عرض رقم 1812 H

المواصفات:
- مدخلين
- المساحة 280 متر
- تتكون من  :
-  دور أرضي ( يتكون من مشب _ مجلس _صاله _ مقلط _ مطبخ   _ غرفة خادمة _3 حمام_ مدخل سيارة   )
-  دور ثاني  ( يتكون من 5 غرف نوم 2 منهم ماستر  _ 3 حمام  )
-  دور ثالث  ( سطح كبير   )
- شقة بمدخل منفصل // ( يتكون من 2 غرف نوم _ مجلس _صاله _ مطبخ   _ 2 حمام_  سطح   )

المميزات:
- عمر العقار جديد
- تشطيب سوبر لوكس
- الواجهة جنوبية
- موقع مميز في شرق الرياض 
- قريبة من جميع الخدمات والطرق الرئيسية

السعر:   1,750,000 ريال ( قابل للتفاوض)

 رقم العرض:  1812 H
-----------------
الـــفـــريـــح للــــعـــقـــارات",24.836582,46.891886,https://images.aqar.fm/webp/750x0/props/044628568_1777816085571.jpg | https://images.aqar.fm/webp/750x0/props/044628564_1777816121865.jpg | https://images.aqar.fm/webp/750x0/props/044628569_1777816121860.jpg | https://images.aqar.fm/webp/750x0/props/044628569_1777816121866.jpg | https://images.aqar.fm/webp/750x0/props/044628569_1777816121867.jpg | https://images.aqar.fm/webp/750x0/props/044628564_1777816121886.jpg | https://images.aqar.fm/webp/750x0/props/044628561_1777816121857.jpg | https://images.aqar.fm/webp/750x0/props/044628562_1777816121867.jpg | https://images.aqar.fm/webp/750x0/props/044628561_1777816121868.jpg | https://images.aqar.fm/webp/750x0/props/044628561_1777816121879.jpg | https://images.aqar.fm/webp/750x0/props/044628566_1777816122076.jpg | https://images.aqar.fm/webp/750x0/props/044628561_1777816121898.jpg | https://images.aqar.fm/webp/750x0/props/044628561_1777816121858.jpg | https://images.aqar.fm/webp/750x0/props/044628568_1777816121892.jpg | https://images.aqar.fm/webp/750x0/props/044628563_1777816122066.jpg | https://images.aqar.fm/webp/750x0/props/044628567_1777816121897.jpg | https://images.aqar.fm/webp/750x0/props/044628560_1777816122075.jpg | https://images.aqar.fm/webp/750x0/props/044628569_1777816121884.jpg | https://images.aqar.fm/webp/750x0/props/044628560_1777816121867.jpg | https://images.aqar.fm/webp/750x0/props/044628563_1777816121868.jpg | https://images.aqar.fm/webp/750x0/props/044628561_1777816121875.jpg,21,ريماز مشعل فريح المطيري,مكتب ريماز مشعل فريح المطيري للعقارات,1,2026-05-03,2026-07-29,2026-08-20,123,2026-08-23,True,"1,750,000",False,فيلا
6782522,https://sa.aqar.fm/فلل-للبيع/الرياض/شرق-الرياض/حي-الجنادرية/شارع-المشرقية-حي-الجنادرية-مدينة-الرياض-منطقة-الرياض-6782522,"فيلا للبيع في شارع المشرقية, حي الجنادرية, مدينة الرياض, منطقة الرياض",1499000,349,3,4,2,0,حي الجنادرية,الرياض,شرق الرياض,"فيلا للبيع | تصميم عصري | فرصة تملك

فيلا حديثة بتصميم عملي وتشطيبات راقية، مناسبة للسكن العائلي أو الاستثمار

**تفاصيل العقار:**

* المساحة: **349.56 م²**
* صالة واسعة بتصميم مفتوح.
* 3 غرف نوم
* غرفة ماستر بدورة مياه خاصة
* حوش كبير
* مطبخ راكب
* مكيفات راكبة
* 3 دورات مياه
* شرفة
موقع مميز أمام مرفق حديقة
* تشطيبات حديثة

**ملاحظة مهمة:**

* **البيع كاش فقط.**
* يوجد رهن عقاري قائم لدى **بنك البلاد** بقيمة تقارب **800,000 ريال**.
* سيتم فك الرهن وإتمام نقل الملكية وفق الإجراءات النظامية
كذلك تقبل التمويل البنكي

للتواصل والاستفسار أو حجز موعد للمعاينة، يرجى التواصل.

---

Modern Villa for Sale | Cash Buyers Only

A modern villa with a practical layout and quality finishes, ideal for family living or investment.

**Property Details:**

* Land Area: **349.56 sqm**
* Spacious open-plan living area.
* 3 Bedrooms.
* 1 Master Bedroom with an en-suite bathroom.
* Large private yard.
* Fully fitted kitchen.
* Installed air conditioners.
* 3 Bathrooms.
* Balcony.
* **Prime location facing a park and community facility.**
* Modern finishes.

**Important Information:**

* **Cash sale only.**
* The property is currently mortgaged with **Bank Albilad**, with an outstanding balance of approximately **SAR 800,000**.
* The mortgage will be settled and the title transferred to the buyer through the official legal procedures.

For more information or to arrange a viewing, please get in touch",24.838977,46.868473,https://images.aqar.fm/webp/750x0/props/022798281_1784561443368.png | https://images.aqar.fm/webp/750x0/props/022798285_1784561454557.png | https://images.aqar.fm/webp/750x0/props/022798287_1784561454493.png | https://images.aqar.fm/webp/750x0/props/022798289_1784561454477.png | https://images.aqar.fm/webp/750x0/props/022798282_1784561454493.png | https://images.aqar.fm/webp/750x0/props/022798280_1784561454475.png | https://images.aqar.fm/webp/750x0/props/022798289_1784561454475.png | https://images.aqar.fm/webp/750x0/props/022798284_1784561454490.png | https://images.aqar.fm/webp/750x0/props/022798280_1784561454470.png | https://images.aqar.fm/webp/750x0/props/022798286_1784561454468.png | https://images.aqar.fm/webp/750x0/props/022798286_1784561987524.png | https://images.aqar.fm/webp/750x0/props/022798287_1784562063533.png,12,سعود فيصل,,,2026-07-20,2026-08-18,2026-08-20,605,2026-08-23,True,"1,499,000",False,فيلا
6818478,https://sa.aqar.fm/فلل-للبيع/الرياض/شرق-الرياض/حي-الجنادرية/شارع-الجنادرية-حي-الجنادرية-مدينة-الرياض-منطقة-الرياض-6818478,"فيلا للبيع في شارع الجنادرية, حي الجنادرية, مدينة الرياض, منطقة الرياض",1500000,351,3,,,0,حي الجنادرية,الرياض,شرق الرياض,"تقدم هذه الفيلا الواقعة في الجنادرية، الرياض فرصة فريدة لأولئك الذين يتطلعون إلى الاستثمار في عقار متميز. على الرغم من عدم وجود أي غرف نوم محددة، إلا أن التخطيط واسع يسمح بمساحات معيشة متعددة الاستخدامات. مميزات الفيلا تشمل: - نوع العقار: فيلا - الهدف: للبيع - المدينة: الرياض - الموقع: الجنادرية - السعر: 1,500,000 ريال سعودي - غير مفروش - المرافق: - إمدادات الكهرباء - إمدادات المياه - نظام الصرف الصحي تمثل هذه العقارية فرصة استثمارية ممتازة في منطقة مرغوبة في الرياض. توفر المرافق المخصصة تجربة معيشة مريحة وتناسب التعديلات أو التخصيصات المحتملة وفقًا لرؤية المالك الجديد. تشتهر الجنادرية بأجوائها الجميلة ومجتمعها المتماسك، مما يجعلها خيارًا جذابًا للعائلات والأفراد على حد سواء. تتمتع المنطقة بمدى سهل إلى المرافق المحلية مما يعزز من جاذبيتها. سواء كنت تبحث عن جعل هذه الفيلا منزلك الخاص أو تسعى للحصول على استثمار قيم، لا تفوت هذه الفرصة. اتصل بنا اليوم لترتيب زيارة أو للحصول على مزيد من المعلومات.",24.827297,46.858305,,,محمد منصور ناصر,مكتب رواد الملقا للخدمات العقارية,1,2026-08-12,2026-08-12,2026-08-12,124,2026-08-23,True,"1,500,000",False,فيلا
6728104,https://sa.aqar.fm/فلل-للبيع/الرياض/شرق-الرياض/حي-الجنادرية/حي-الجنادرية-الرياض-منطقة-الرياض-6728104,فيلا للبيع في حي الجنادرية ، الرياض ، منطقة الرياض,1950000,360,3,3,2,0,حي الجنادرية,الرياض,شرق الرياض,,24.823929,46.854362,,,بجاد العتيبي,,,2026-06-11,,2026-06-11,52,2026-08-23,False,طلب تسويق,False,فيلا
6436390,https://sa.aqar.fm/فلل-للبيع/الرياض/شرق-الرياض/حي-الجنادرية/شارع-خليفه-ابن-حمد-آل-ثاني-حي-الجنادرية-مدينة-الرياض-منطقة-الرياض-6436390,"فيلا للبيع في شارع  خليفه ابن حمد آل ثاني, حي الجنادرية, مدينة الرياض, منطقة الرياض",860000,260,,5,3,0,حي الجنادرية,الرياض,شرق الرياض,"الـسـلام عـلـيـكم ورحـمـة الله وبركــاتــه

للبيــــــــع تاون هاوس ارضي 
مؤسس مصعد
في حي الجنادريه 

على شـارع 15 بجانب ممر
امام مرافق ( مسجد )

مواصفاتها 

* عليها شهادة اتمام البناء
* يوجد عليها ضمانات العزل
 
*مسجد قريب 

تتكون: 

* حوش 
* مجلس  خارجي
* مجلس  
* مقلط ضيافه
* صاله واسعه
* مطبخ مع غرفة خادمه
* ⁠غرفة نوم ماستر
* ⁠غرفة نوم ماستر
* ⁠غرفة نوم ماستر
* ⁠غرفة نوم 
* ⁠ 6دورة مياه

** السعر  1050،000 قابل تفاوض

** رقم رخصة الوساطه 1100270266

** لـ الإسـتفسـار ((رقم المعلن يظهر عند التواصل))",24.82639,46.883571,https://images.aqar.fm/webp/750x0/props/020063779_1761170140693.jpg | https://images.aqar.fm/webp/750x0/props/020063771_1761170140685.jpg | https://images.aqar.fm/webp/750x0/props/020063777_1761170140685.jpg | https://images.aqar.fm/webp/750x0/props/020063776_1761170140724.jpg | https://images.aqar.fm/webp/750x0/props/020063779_1761170140686.jpg | https://images.aqar.fm/webp/750x0/props/020063779_1761170140683.jpg | https://images.aqar.fm/webp/750x0/props/020063772_1761170140703.jpg | https://images.aqar.fm/webp/750x0/props/020063772_1761170140688.jpg | https://images.aqar.fm/webp/750x0/props/020063776_1761170163577.jpg | https://images.aqar.fm/webp/750x0/props/020063776_1761170163586.jpg | https://images.aqar.fm/webp/750x0/props/020063773_1761170163602.jpg | https://images.aqar.fm/webp/750x0/props/020063776_1761170163581.jpg,12,سلطان سفر مسفر المطيري,,,2025-10-22,2025-10-22,2026-08-21,1889,2026-08-23,True,"860,000",False,فيلا
6823797,https://sa.aqar.fm/فلل-للبيع/الرياض/شرق-الرياض/حي-الجنادرية/شارع-الضياء-حي-الجنادرية-مدينة-الرياض-منطقة-الرياض-6823797,"فيلا للبيع في شارع الضياء, حي الجنادرية, مدينة الرياض, منطقة الرياض",1550000,300,6,1,0,0,حي الجنادرية,الرياض,شرق الرياض,"🛑 للبيــــــــــــــع 🛑

🏡 فيلا درج داخلي + شقة
📍 مخطط غصون
📐 المساحة: 300 م²
🛣️ شارع 15 متر – واجهة شمالية

✨ مكونات الفيلا:
🔹 6 غرف نوم واسعة
🔹 درج داخلي
🔹 شقة مستقلة
🔹 تصميم عملي ومساحات مريحة تناسب العائلة

💰 السعر: 1,550,000 ريال
✅ قابل للتفاوض

📞 للتواصل والاستفسار:
أبو أسد ((الرقم يظهر عند الضغط على اتصال))",24.839663,46.881247,https://images.aqar.fm/webp/750x0/props/004670690_1786806500797.jpg | https://images.aqar.fm/webp/750x0/props/004670691_1786806500212.jpg | https://images.aqar.fm/webp/750x0/props/004670694_1786806500326.jpg | https://images.aqar.fm/webp/750x0/props/004670692_1786806500399.jpg | https://images.aqar.fm/webp/750x0/props/004670696_1786806500476.jpg | https://images.aqar.fm/webp/750x0/props/004670693_1786806500477.jpg | https://images.aqar.fm/webp/750x0/props/004670699_1786806500486.jpg | https://images.aqar.fm/webp/750x0/props/004670693_1786806500606.jpg | https://images.aqar.fm/webp/750x0/props/004670692_1786806500708.jpg | https://images.aqar.fm/webp/750x0/props/004670698_1786806500710.jpg | https://images.aqar.fm/webp/750x0/props/004670692_1786806500809.jpg | https://images.aqar.fm/webp/750x0/props/004670690_1786806500915.jpg | https://images.aqar.fm/webp/750x0/props/004670699_1786806500947.jpg | https://images.aqar.fm/webp/750x0/props/004670694_1786806501010.jpg | https://images.aqar.fm/webp/750x0/props/004670691_1786806500212.jpg | https://images.aqar.fm/webp/750x0/props/004670694_1786806500326.jpg | https://images.aqar.fm/webp/750x0/props/004670692_1786806500399.jpg | https://images.aqar.fm/webp/750x0/props/004670696_1786806500476.jpg | https://images.aqar.fm/webp/750x0/props/004670693_1786806500477.jpg | https://images.aqar.fm/webp/750x0/props/004670699_1786806500486.jpg | https://images.aqar.fm/webp/750x0/props/004670693_1786806500606.jpg | https://images.aqar.fm/webp/750x0/props/004670692_1786806500708.jpg | https://images.aqar.fm/webp/750x0/props/004670698_1786806500710.jpg | https://images.aqar.fm/webp/750x0/props/004670690_1786806500797.jpg | https://images.aqar.fm/webp/750x0/props/004670692_1786806500809.jpg | https://images.aqar.fm/webp/750x0/props/004670690_1786806500915.jpg | https://images.aqar.fm/webp/750x0/props/004670699_1786806500947.jpg | https://images.aqar.fm/webp/750x0/props/004670694_1786806501010.jpg,28,جابر ال فهاد,شركة ركائز الروعة,1,2026-08-15,2026-08-15,2026-08-23,255,2026-08-23,True,"1,550,000",False,فيلا
6557083,https://sa.aqar.fm/فلل-للبيع/الرياض/شرق-الرياض/حي-الجنادرية/حي-الجنادرية-مدينة-الرياض-منطقة-الرياض-6557083,"فيلا للبيع في حي الجنادرية, مدينة الرياض, منطقة الرياض",1600000,350,,5,2,0,حي الجنادرية,الرياض,شرق الرياض,"للبيع فيلا درج داخلي في المشرقية 

مساحة ٣٥٠ 
شارع ٢٥ غرب

الدور الأول :
مشب مجلس مقلط صاله غرفه مطبخ
الدور الثاني :
أربع غرف وصاله منها غرفتين رئيسيه
الدور الثالث :
غرفه وصاله وغرفة غسيل و سطح

مطلوب للبنك ( ٢٠٠ الف ريال ) 

السعر  : مليون و ٧٠٠ الف شامل البنك 

بناء شخصي🫰✨
ضمانات البناء كاملة ✨
شهادة اشغال ✨
افراغ فوري ✨
 

‎      🔶 وسيط عقاري معتمد : الشوامـخ الأولـى  🔶  📲

‎🔶 🔷  نستـقبـل عروضـكم العقارية ونسـوقهـا 🔷 🔶

0.5 3 6 1 4 0 9 9 9 📲

0.5 3 5 6 0 3 9 9 9 📲
 
0.5 5 2 2 9 5 1 9 5 📲",24.833754,46.873637,https://images.aqar.fm/webp/750x0/props/004758238_1769031281791.jpg | https://images.aqar.fm/webp/750x0/props/004758239_1769031281781.jpg | https://images.aqar.fm/webp/750x0/props/004758231_1769031281783.jpg | https://images.aqar.fm/webp/750x0/props/004758239_1769031281792.jpg | https://images.aqar.fm/webp/750x0/props/004758238_1769031281786.jpg | https://images.aqar.fm/webp/750x0/props/004758237_1769031281791.jpg | https://images.aqar.fm/webp/750x0/props/004758234_1769031281780.jpg | https://images.aqar.fm/webp/750x0/props/004758238_1769031342820.jpg | https://images.aqar.fm/webp/750x0/props/004758234_1769031342825.jpg | https://images.aqar.fm/webp/750x0/props/004758231_1769031342833.jpg | https://images.aqar.fm/webp/750x0/props/004758238_1769031342827.jpg | https://images.aqar.fm/webp/750x0/props/004758236_1769031342824.jpg | https://images.aqar.fm/webp/750x0/props/004758235_1769031342835.jpg | https://images.aqar.fm/webp/750x0/props/004758237_1769031342839.jpg,14,هديه عوض,مؤسسة الشوامخ الاولى للخدمات العقارية,1,2026-01-21,2026-03-03,2026-08-13,1210,2026-08-23,True,"1,600,000",False,فيلا
6810840,https://sa.aqar.fm/فلل-للبيع/الرياض/شرق-الرياض/حي-الجنادرية/شارع-أحمد-بن-صالح-منصور-حي-الجنادرية-مدينة-الرياض-منطقة-الرياض-6810840,"فيلا للبيع في شارع أحمد بن صالح منصور, حي الجنادرية, مدينة الرياض, منطقة الرياض",1100000,300,3,0,0,2,حي الجنادرية,الرياض,شرق الرياض,"فيلا للبيع مخطط بوابة الشرق (النرجس)
حي الجنادرية
مساحة 300
واجهة شمالية
الدور الأرضي:
* مجلس مع دورة مياه وصالة كبيرة مع دورة مياه ومطبخ
الدور الأول:
* غرفة ماستر
* 3 غرف بينهم دورة مياه
الدور الثاني:
* غرفة خادمة مع دورة مياه
* سطح
مميزات الفيلا:
* قريبة من جامع جديد ومحلات جديدة
* وجود خط جديد مسارين قريب منها ينفذ على طريق الدمام مباشرة
* قريبة من محطة البنزين وخدماتها
* قريبة من مباني تجارية
* صكها حر
* عليها شهادة إتمام بناء
* عدم وجود زحمة مباني حولها
تبعد 35 د عن:
* كلية الملك خالد العسكرية
* مستشفى الحرس الوطني
* جامعة الملك سعود الصحية
تبعد 26 د عن وسط الرياض",24.909111,46.942824,https://images.aqar.fm/webp/750x0/props/047198476_1786188271573.jpg | https://images.aqar.fm/webp/750x0/props/047198473_1786188271581.jpg | https://images.aqar.fm/webp/750x0/props/047198471_1786188271576.jpg | https://images.aqar.fm/webp/750x0/props/047198470_1786188271574.jpg | https://images.aqar.fm/webp/750x0/props/047198472_1786188271600.jpg | https://images.aqar.fm/webp/750x0/props/047198475_1786188271588.jpg | https://images.aqar.fm/webp/750x0/props/047198471_1786188271586.jpg | https://images.aqar.fm/webp/750x0/props/047198471_1786188271763.jpg,8,منصور علي منير العتيبي,,,2026-08-08,2026-08-08,2026-08-19,57,2026-08-23,True,"1,100,000",False,فيلا
6660486,https://sa.aqar.fm/فلل-للبيع/الرياض/شرق-الرياض/حي-الجنادرية/شارع-البرجسيات-حي-الجنادرية-مدينة-الرياض-منطقة-الرياض-6660486,"فيلا للبيع في شارع البرجسيات, حي الجنادرية, مدينة الرياض, منطقة الرياض",100000,72,5,0,0,0,حي الجنادرية,الرياض,شرق الرياض,"للبيع في مخطط غصون
( دور + دور + شقه )
( ومصعد )
السعي 2.5
دور ارضي مكون من مجلس رجال مقلط صاله 4 غرف نوم وغرفة خادمه 4 دورات مياه
الدور الاول مكون من مجلس رجال مقلط صاله 4 غرف نوم 4دورات مياه
الشقه تتكون من مجلس رجال و3 غرف نوم 2 سطح
يوجد ضمانات على السباكه والكهرباء والعوازل وتامين ضد العيوب الخفيه
صاحب الترخيص : مقرن الحربي
وصف موقع العقار حسب الصك
المدينة: الرياض
الحي: الجنادرية
عمولة نقل الملكية: لا يوجد
سكن 
المساحة 360 متر
الواجهة 
عمر العقار 
شارع 
صفة المعلن 
رقم رخصة الوساطة 1100280059
رقم الترخيص : 7100275264",24.878549,46.917665,https://images.aqar.fm/webp/750x0/props/007439629_1776579020510.jpg | https://images.aqar.fm/webp/750x0/props/007439629_1776579020521.jpg,2,مقرن الحربي,,,2026-04-19,2026-08-13,2026-08-18,2144,2026-08-23,True,"100,000",False,فيلا
6807888,https://sa.aqar.fm/فلل-للبيع/الرياض/شرق-الرياض/حي-الجنادرية/شارع-الاشقر-حي-الجنادرية-مدينة-الرياض-منطقة-الرياض-6807888,"فيلا للبيع في شارع الاشقر , حي الجنادرية, مدينة الرياض, منطقة الرياض",1250000,260,,0,0,0,حي الجنادرية,الرياض,شرق الرياض,"🏡 للبيع | فيلا مودرن – حي الجنادرية (مخطط الروسان)

✨ فرصة مميزة لامتلاك فيلا بتشطيب فاخر وموقع هادئ، مع ضمانات شاملة وتأمين ضد العيوب الخفية.

📍 الموقع: حي الجنادرية – مخطط الروسان
📐 المساحة: 260 م²

مواصفات الفيلا:

🔹 الدور الأرضي:

* ملحق
* مجلس
* مقلط
* صالة واسعة
* مطبخ
* مستودع

🔹 الدور الأول:

* 4 غرف نوم
* غرفتان ماستر

🔹 الدور الثاني:

* غرفتا نوم
* غرفة غسيل
* سطح

✅ بدون شقة
✅ مصعد مؤسس

الضمانات:

* تأمين من شركة التعاونية ضد العيوب الخفية لمدة 10 سنوات.
* ضمان السباكة والكهرباء لمدة 15 سنة.
* ضمان عزل الخزان وعزل الأسطح لمدة 10 سنوات.

💰 سعر البيع: 1,250,000 ريال",24.919267,46.942755,https://images.aqar.fm/webp/750x0/props/003484349_1785954489064.jpg | https://images.aqar.fm/webp/750x0/props/003484343_1785954489061.jpg | https://images.aqar.fm/webp/750x0/props/003484348_1785954489073.jpg | https://images.aqar.fm/webp/750x0/props/003484340_1785954489059.jpg | https://images.aqar.fm/webp/750x0/props/003484348_1785954489056.jpg | https://images.aqar.fm/webp/750x0/props/003484343_1785954489063.jpg | https://images.aqar.fm/webp/750x0/props/003484345_1785954489071.jpg | https://images.aqar.fm/webp/750x0/props/003484346_1785954489068.jpg | https://images.aqar.fm/webp/750x0/props/003484346_1785954501272.jpg | https://images.aqar.fm/webp/750x0/props/003484340_1785954501264.jpg | https://images.aqar.fm/webp/750x0/props/003484340_1785954501277.jpg | https://images.aqar.fm/webp/750x0/props/003484348_1785954501265.jpg | https://images.aqar.fm/webp/750x0/props/003484341_1785954501267.jpg,13,تركي عبدالعزيز,مؤسسة الهيكل المعماري للتطوير العقاري,1,2026-08-05,2026-08-05,2026-08-22,36,2026-08-23,True,"1,250,000",False,فيلا
6813223,https://sa.aqar.fm/فلل-للبيع/الرياض/شرق-الرياض/حي-الجنادرية/شارع-553-حي-الجنادرية-مدينة-الرياض-منطقة-الرياض-6813223,"فيلا للبيع في شارع 553, حي الجنادرية, مدينة الرياض, منطقة الرياض",1550000,300,5,5,3,0,حي الجنادرية,الرياض,شرق الرياض,"🏡فيلا للبيع – حي الجنادرية بالرياض

فرصة سكنية واستثمارية مميزة، فيلا مقامة على أرض بمساحة 300م²، ومقسمة إلى 3 وحدات سكنية مستقلة:

• دور أرضي
• دور علوي
• شقة علوية

✅ كل وحدة بصك مستقل
✅ إمكانية شراء الفيلا كاملة أو شراء وحدة منفردة
✅ مبنية وفق كود البناء السعودي
✅ تأمين ضد العيوب الخفية
✅ ضمانات على العزل وأعمال السباكة والكهرباء
✅ مناسبة للسكن أو الاستثمار والتأجير

💰 سعر الفيلا كاملة: 1,550,000 ريال

📍 الموقع: حي الجنادرية – الرياض

للتواصل والاستفسار أو تحديد موعد للمعاينة، يرجى التواصل معنا",24.900848,46.968453,https://images.aqar.fm/webp/750x0/props/043266527_1786296871813.jpg | https://images.aqar.fm/webp/750x0/props/043266526_1786296882221.jpg | https://images.aqar.fm/webp/750x0/props/043266523_1786296893051.jpg | https://images.aqar.fm/webp/750x0/props/043266521_1786296899998.jpg | https://images.aqar.fm/webp/750x0/props/043266525_1786296907738.jpg | https://images.aqar.fm/webp/750x0/props/043266522_1786296916272.jpg | https://images.aqar.fm/webp/750x0/props/043266525_1786296924225.jpg | https://images.aqar.fm/webp/750x0/props/043266520_1786296946593.jpg | https://images.aqar.fm/webp/750x0/props/043266526_1786296946481.jpg | https://images.aqar.fm/webp/750x0/props/043266525_1786296946484.jpg | https://images.aqar.fm/webp/750x0/props/043266523_1786296946501.jpg | https://images.aqar.fm/webp/750x0/props/043266520_1786296946498.jpg | https://images.aqar.fm/webp/750x0/props/043266522_1786296946501.jpg | https://images.aqar.fm/webp/750x0/props/043266521_1786297073262.jpg | https://images.aqar.fm/webp/750x0/props/043266521_1786297073354.jpg | https://images.aqar.fm/webp/750x0/props/043266527_1786297073275.jpg | https://images.aqar.fm/webp/750x0/props/043266523_1786297073432.jpg | https://images.aqar.fm/webp/750x0/props/043266529_1786297073262.jpg | https://images.aqar.fm/webp/750x0/props/043266529_1786297073260.jpg | https://images.aqar.fm/webp/750x0/props/043266529_1786297073356.jpg | https://images.aqar.fm/webp/750x0/props/043266524_1786297081289.jpg,21,علي القحطاني,مؤسسة نود ريل إستيت,1,2026-08-09,2026-08-09,2026-08-21,71,2026-08-23,True,"1,550,000",False,فيلا
6834502,https://sa.aqar.fm/فلل-للبيع/الرياض/شرق-الرياض/حي-الجنادرية/حي-الجنادرية-مدينة-الرياض-منطقة-الرياض-6834502,"فيلا للبيع في حي الجنادرية, مدينة الرياض, منطقة الرياض",1100000,300,5,4,2,5,حي الجنادرية,الرياض,شرق الرياض,"فيلا للبيع مساحة ٣٠٠م٢ في حي الجنادرية طريقة الدمام بوابة الشرق مخطط المزيني عمرها ٦ سنوات وعليها قرض :

المساحة: 300 م²

الدور الأرضي:

* مجلس رجال مخدوم بدورة مياه
* غرفة كبار سن مخدومة بدورة مياه
* صالة
* مطبخ
* إجمالي 3 دورات مياه

الدور الأول:

* 3 غرف نوم
* منها غرفة ماستر بدورة مياه
* صالة
* بلكونة
* دورة مياه تخدم الصالة

الدور الثاني:

* غرفة خادمة بدورة مياه
* غرفة غسيل ملابس
* سطح

الخارج:

* حوش يتسع لـ 3 سيارات 
* إمكانية بناء ملحق خارجي
* خيارات واستغلالات متعددة للمساحات الخارجية",24.900926,46.943019,https://images.aqar.fm/webp/750x0/props/000539241_1787336151683.jpg,1,عبدالرحمن عبدالله عبدالرحمن الدواي,مكتب عبدالرحمن عبدالله عبدالرحمن الدواي للعقارات,1,2026-08-21,2026-08-21,2026-08-22,18,2026-08-23,True,"1,100,000",False,فيلا
6542312,https://sa.aqar.fm/فلل-للبيع/الرياض/شرق-الرياض/حي-الجنادرية/شارع-366-حي-المونسية-مدينة-الرياض-منطقة-الرياض-6542312,"فيلا للبيع في شارع 366, حي المونسية, مدينة الرياض, منطقة الرياض",1100000,257,5,,,0,حي الجنادرية,الرياض,شرق الرياض,"https://goo.gl/maps/9bfpmVpYmG3FRLh29
للبيــــــــع فيلا بحي الجنادرية درج داخلي 
المســــــــاحه ٢٥٧م 
الشارع ١٨م شرقي 
عمر الـعـقـار جديد 
المواصـفات 

مجزئه ٣ وحدات :-
  حوش + كراج + ملحق خارجي + مجلس + مقلط + صاله كبيره جدا + مطبخ 

الدور الاول 
٣ غرف نوم صاله مطبخ دورتين مياء 
 غرفتين ماستر في الدور العلوي

تامين ملاذ ١٠ سنوات + اشراف هندسي + ضمانات على السباكه والكهرباء والعزل

البيع مليون و١٠٠ الف 
مباشر مع المالك",24.836475,46.87179,https://images.aqar.fm/webp/750x0/props/034308212_1768149741548.jpg | https://images.aqar.fm/webp/750x0/props/034308210_1768149741547.jpg | https://images.aqar.fm/webp/750x0/props/034308214_1768149741545.jpg | https://images.aqar.fm/webp/750x0/props/034308211_1768149741561.jpg,4,فاطمه القحطاني,مؤسسة مكتب رؤيتك للعقارات,1,2026-01-11,2026-01-11,2026-08-22,2520,2026-08-23,True,"1,100,000",False,فيلا
6823928,https://sa.aqar.fm/فلل-للبيع/الرياض/شرق-الرياض/حي-الجنادرية/شارع-رقم-184-حي-الجنادرية-الرياض-منطقة-الرياض-6823928,فيلا للبيع في شارع رقم 184 ، حي الجنادرية ، الرياض ، منطقة الرياض,2200000,325,5,4,1,6,حي الجنادرية,الرياض,شرق الرياض,"فيلا درج داخلي + شقتين 
العمر  : 6 سنوات 
يوجد رهن للبنك 1060000
لايوجد سعي",24.850878,46.888252,https://images.aqar.fm/webp/750x0/props/008512860_1786809558241.jpg,1,عبدالرحمن بن صالح بن عقلا العنزي,,,2026-08-15,,2026-08-15,21,2026-08-23,False,طلب تسويق,False,فيلا
6833447,https://sa.aqar.fm/فلل-للبيع/الرياض/شرق-الرياض/حي-الجنادرية/شارع-الجنادرية-131-حي-الجنادرية-مدينة-الرياض-منطقة-الرياض-6833447,"فيلا للبيع في شارع الجنادرية 131, حي الجنادرية, مدينة الرياض, منطقة الرياض",1700000,355,,7,4,0,حي الجنادرية,الرياض,شرق الرياض,"تفاصيل الدور الأرضي:
• مجلس رجال
• مجلس نساء
• صالة استقبال
• غرفة كبار سن
• مستودع خلف المطبخ
• مطبخ
• درج داخلي

الدور العلوي:
• 3 غرف نوم ماستر
• صالة
• غرفة عاملة منزلية
• غرفة غسيل
• سطح

الشقتان:
كل شقة تتكون من:
• مجلس
• غرفتي نوم
• صالة
• مطبخ
• دورتَي مياه

مواصفات إضافية:
• مساحة الأرض: 375م²
• الواجهة: شمالية
• شقتان ضمن العقار
• توزيع مناسب للسكن العائلي
• مناسبة للسكن والاستثمار
• جميع الضمانات موجودة
• ضمانات لمدة 10 سنوات
• التأمين متوفر",24.908518,46.960449,https://images.aqar.fm/webp/750x0/props/054753792_1787252339468.jpg | https://images.aqar.fm/webp/750x0/props/054753795_1787252339470.jpg | https://images.aqar.fm/webp/750x0/props/054753797_1787252339467.jpg | https://images.aqar.fm/webp/750x0/props/054753791_1787252339475.jpg | https://images.aqar.fm/webp/750x0/props/054753795_1787252339485.jpg | https://images.aqar.fm/webp/750x0/props/054753797_1787252339512.jpg | https://images.aqar.fm/webp/750x0/props/054753794_1787252339585.jpg | https://images.aqar.fm/webp/750x0/props/054753795_1787252339547.jpg | https://images.aqar.fm/webp/750x0/props/054753795_1787252339567.jpg | https://images.aqar.fm/webp/750x0/props/054753793_1787252339569.jpg | https://images.aqar.fm/webp/750x0/props/054753791_1787252339573.jpg | https://images.aqar.fm/webp/750x0/props/054753795_1787252339652.jpg | https://images.aqar.fm/webp/750x0/props/054753799_1787252339596.jpg | https://images.aqar.fm/webp/750x0/props/054753799_1787252339592.jpg | https://images.aqar.fm/webp/750x0/props/054753797_1787252339677.jpg | https://images.aqar.fm/webp/750x0/props/054753795_1787252339667.jpg | https://images.aqar.fm/webp/750x0/props/054753794_1787252339687.jpg | https://images.aqar.fm/webp/750x0/props/054753791_1787252339671.jpg | https://images.aqar.fm/webp/750x0/props/054753791_1787252339681.jpg | https://images.aqar.fm/webp/750x0/props/054753793_1787252339631.jpg | https://images.aqar.fm/webp/750x0/props/054753795_1787252339692.jpg | https://images.aqar.fm/webp/750x0/props/054753791_1787252339710.jpg,22,علي بن سعيد بن يعن الله الغامدي,,,2026-08-20,2026-08-20,2026-08-20,5,2026-08-23,True,"1,700,000",False,فيلا
6735352,https://sa.aqar.fm/فلل-للبيع/الرياض/شرق-الرياض/حي-الجنادرية/شارع-رقم-165-حي-الجنادرية-مدينة-الرياض-منطقة-الرياض-6735352,"فيلا للبيع في شارع رقم 165, حي الجنادرية, مدينة الرياض, منطقة الرياض",1700000,450,5,5,1,0,حي الجنادرية,الرياض,شرق الرياض,"للبيع فيلا درج داخلى مع شقه 
حى الجنادريه مخطط غصون 
المساحه ٣١٢.٥م
السعر مليون ٧٠٠ ألف 
الشارع ١٨ م 
الواجهه جنوبيه 
البيع بدون سعى 
المواصفات 
مدخل سياره 
مجلس رجال مع حمام 
مقلط 
صاله 
مطبخ 
غرفة كبار السن 
٢ غرفة نوم ماستر 
صاله 
٢ غرفة نوم مع حمام 
الضمانات 
سباكة 
كهربا 
شهادة إتمام بناء 
تامين على الهيكل الانشائي 
التواصل 
ابو محمد 
((الرقم يظهر عند الضغط على اتصال))",24.848795,46.863456,https://images.aqar.fm/webp/750x0/props/003873992_1781625646063.jpg | https://images.aqar.fm/webp/750x0/props/003873990_1781625646036.jpg | https://images.aqar.fm/webp/750x0/props/003873991_1781625646072.jpg | https://images.aqar.fm/webp/750x0/props/003873991_1781625646028.jpg | https://images.aqar.fm/webp/750x0/props/003873992_1781625646061.jpg | https://images.aqar.fm/webp/750x0/props/003873991_1781625646044.jpg | https://images.aqar.fm/webp/750x0/props/003873998_1781625646040.jpg | https://images.aqar.fm/webp/750x0/props/003873997_1781625646067.jpg | https://images.aqar.fm/webp/750x0/props/003873996_1781625736637.jpg | https://images.aqar.fm/webp/750x0/props/003873998_1781625736606.jpg | https://images.aqar.fm/webp/750x0/props/003873993_1781625736633.jpg | https://images.aqar.fm/webp/750x0/props/003873996_1781625736631.jpg | https://images.aqar.fm/webp/750x0/props/003873994_1781625736648.jpg | https://images.aqar.fm/webp/750x0/props/003873999_1781625736643.jpg | https://images.aqar.fm/webp/750x0/props/003873991_1781625736644.jpg | https://images.aqar.fm/webp/750x0/props/003873996_1781625736636.jpg,16,عائشه بنت سليمان بن عبدالله الطريم,مؤسسة سكن المعالي للعقارات,1,2026-06-16,2026-08-13,2026-08-16,374,2026-08-23,True,"1,700,000",False,فيلا
6831227,https://sa.aqar.fm/فلل-للبيع/الرياض/شرق-الرياض/حي-الجنادرية/حي-الجنادرية-مدينة-الرياض-منطقة-الرياض-6831227,"فيلا للبيع في حي الجنادرية, مدينة الرياض, منطقة الرياض",1200000,300,4,,,5,حي الجنادرية,الرياض,شرق الرياض,"للبيع | فيلا بحي الجنادرية – مخطط بوابة الشرق

🏡 مشروع المزيني | فرصة سكنية بسعر مميز

💰 السعر: 1,100,000 ريال شامل الرهن

📐 مساحة الأرض: 300م²
🛣️ شارع 15م – واجهة شمالية
📍 حي الجنادرية – مخطط بوابة الشرق

تفاصيل الفيلا:
• مجلس
• مقلط
• مطبخ مفتوح
• صالة
• الدور الأول: 4 غرف نوم
• الدور الثاني: غرفة خادمة
• العقار مرهون لمصرف الراجحي والرهن مشمول ضمن السعر

📞 للتواصل: ((الرقم يظهر عند الضغط على اتصال))

رخصة فال: 1200024688
رخصة الإعلان: 7201093736

🔥 سعر مميز وفرصة تستحق المعاينة!",24.903854,46.941213,,,رويسان مضحى قنيفذ الرويسان,شركة ليس العقارية,1,2026-08-19,2026-08-19,2026-08-23,33,2026-08-23,True,"1,200,000",False,فيلا
6792116,https://sa.aqar.fm/فلل-للبيع/الرياض/شرق-الرياض/حي-الجنادرية/شارع-بوابة-الشرق-حي-الجنادرية-مدينة-الرياض-منطقة-الرياض-6792116,"فيلا للبيع في شارع بوابة الشرق, حي الجنادرية, مدينة الرياض, منطقة الرياض",1150000,250,7,0,0,0,حي الجنادرية,الرياض,شرق الرياض,"🏠فيلا دبلكس درج داخلي مودرن في شرق الرياض حي الجنادريه مخطط بوابة الشرق 
📐المساحه 250
🛣️الشارع 15 ع مرفق
تتكون الفيلا من كراج سياره 
مدخل رجال 
مدخل حريم
مجلس مع مغاسل ودورة مياه 
مقلط 
صاله 
مطبخ
ارتداد خلف المطبخ
غرفة كبار سن مع مغاسل ودورة مياه 
درج داخلي
خمس غرف نوم منهن ثلاث غرف ماستر
صاله
درج داخلي
غرفه ماستر
2سطوح كبيره
صاله

الفيلا عليها كافة الضمانات 
تامين ملاذ 10سنوات
ضمان الكهرباء شركة الفنار السعودية 25سنه
ضمان السباكه شركة الأنابيب الخضراء 25سنه
العوازل 10سنين
قريب من الخدمات

عندنا حلول تمويليه 
سداد متعثرات 
السعر مليون و 150 الف


للتواصل ((الرقم يظهر عند الضغط على اتصال))ابو سند",24.87441,46.914411,https://images.aqar.fm/webp/750x0/props/046052076_1785111493585.jpg | https://images.aqar.fm/webp/750x0/props/046052075_1785111493577.jpg | https://images.aqar.fm/webp/750x0/props/046052076_1785111515241.jpg | https://images.aqar.fm/webp/750x0/props/046052074_1785111515217.jpg | https://images.aqar.fm/webp/750x0/props/046052076_1785111515251.jpg | https://images.aqar.fm/webp/750x0/props/046052070_1785111515236.jpg | https://images.aqar.fm/webp/750x0/props/046052073_1785111515225.jpg | https://images.aqar.fm/webp/750x0/props/046052073_1785111515237.jpg | https://images.aqar.fm/webp/750x0/props/046052077_1785111515228.jpg | https://images.aqar.fm/webp/750x0/props/046052070_1785111515238.jpg | https://images.aqar.fm/webp/750x0/props/046052076_1785111553750.jpg | https://images.aqar.fm/webp/750x0/props/046052079_1785111553760.jpg | https://images.aqar.fm/webp/750x0/props/046052071_1785111553770.jpg | https://images.aqar.fm/webp/750x0/props/046052077_1785111553768.jpg | https://images.aqar.fm/webp/750x0/props/046052077_1785111553752.jpg | https://images.aqar.fm/webp/750x0/props/046052074_1785111553754.jpg | https://images.aqar.fm/webp/750x0/props/046052079_1785111553765.jpg | https://images.aqar.fm/webp/750x0/props/046052071_1785111553762.jpg | https://images.aqar.fm/webp/750x0/props/046052075_1785115197305.jpg | https://images.aqar.fm/webp/750x0/props/046052071_1785115197309.jpg | https://images.aqar.fm/webp/750x0/props/046052077_1785115197326.jpg | https://images.aqar.fm/webp/750x0/props/046052070_1785115197344.jpg | https://images.aqar.fm/webp/750x0/props/046052073_1785115197322.jpg | https://images.aqar.fm/webp/750x0/props/046052076_1785115197341.jpg | https://images.aqar.fm/webp/750x0/props/046052077_1785115197303.jpg,25,جابر ال فهاد,شركة ركائز الروعة,1,2026-07-27,2026-07-27,2026-08-23,539,2026-08-23,True,"1,150,000",False,فيلا
6764704,https://sa.aqar.fm/فلل-للبيع/الرياض/شرق-الرياض/حي-الجنادرية/شارع-15-حي-الجنادرية-مدينة-الرياض-منطقة-الرياض-6764704,"فيلا للبيع في شارع 15, حي الجنادرية, مدينة الرياض, منطقة الرياض",2160000,600,5,5,1,0,حي الجنادرية,الرياض,شرق الرياض,"🏡 للبيع | فلتين فاخرات بتصميم عصري
📍 الرياض – حي الجنادرية | مخطط غصون

💰 سعر كل فيلا: 2,160,000 ريال
📐 مساحة كل فيلا: 300م²

إذا كنت تبحث عن منزل فاخر يجمع بين السكن الراقي والاستثمار الذكي، فهذه فرصة مميزة تمنحك الخصوصية، والمساحات الواسعة، بالإضافة إلى شقة مستقلة تحقق لك دخلاً إضافياً.

✨ مواصفات كل فيلا:
5 غرف نوم واسعة.
مجلس رجال مستقل.
مقلط.
صالة عائلية.
مطبخ.
غرفة سائق.
كراج خاص.
ملحق خارجي.
سطح مستقل.
تأسيس مصعد.
درج خدمة مستقل.
🏠 شقة مستقلة بالكامل

بمدخل مستقل وتتكون من:

مجلس.
غرفتا نوم.
صالة.
مطبخ.
سطح خاص.

مثالية للتأجير وتحقيق دخل شهري، أو لسكن أحد أفراد العائلة مع المحافظة على الخصوصية الكاملة.

⭐ المميزات:
✅ تأسيس مصعد.
✅ تمديدات الإنترنت (الألياف البصرية) جاهزة.
✅ تمديدات كاميرات المراقبة جاهزة.
✅ جميع ضمانات السباكة والكهرباء متوفرة.
✅ تصميم عصري وتشطيبات عالية الجودة.
✅ خصوصية تامة بين الفيلا والشقة المستقلة.
✅ لا يوجد سعي على المشتري.

📞 للتواصل والاستفسار وحجز موعد للمعاينة:
((الرقم يظهر عند الضغط على اتصال))",24.838665,46.88883,https://images.aqar.fm/webp/750x0/props/040379081_1783701410028.jpg | https://images.aqar.fm/webp/750x0/props/040379083_1783701410026.jpg | https://images.aqar.fm/webp/750x0/props/040379088_1783701410028.jpg | https://images.aqar.fm/webp/750x0/props/040379088_1783701410027.jpg | https://images.aqar.fm/webp/750x0/props/040379083_1783701410032.jpg | https://images.aqar.fm/webp/750x0/props/040379082_1783701410030.jpg | https://images.aqar.fm/webp/750x0/props/040379086_1783701410052.jpg | https://images.aqar.fm/webp/750x0/props/040379086_1783701410053.jpg | https://images.aqar.fm/webp/750x0/props/040379083_1783701410054.jpg | https://images.aqar.fm/webp/750x0/props/040379080_1783701410050.jpg | https://images.aqar.fm/webp/750x0/props/040379082_1783701410052.jpg | https://images.aqar.fm/webp/750x0/props/040379082_1783701410082.jpg,12,سلمان علي محمد غنيمي,شركة العلامة الذكية للخدمات العقارية,1,2026-07-08,2026-07-08,2026-08-09,428,2026-08-23,True,"2,160,000",False,فيلا
6706231,https://sa.aqar.fm/فلل-للبيع/الرياض/شرق-الرياض/حي-الجنادرية/حي-الجنادرية-مدينة-الرياض-منطقة-الرياض-6706231,"فيلا للبيع في حي الجنادرية, مدينة الرياض, منطقة الرياض",1000000,250,,1,0,0,حي الجنادرية,الرياض,شرق الرياض,"فيلا  للبيع بحي الجنادرية مخطط بوابه الشرق 
البناء على الكود السعودي الجديد مودرن 
 شارع 15
مساحه الفيلا  
250 م 
الفيلا عباره عن ثلاثه دور دبلكس بصك مستقل 
حوش سياره واسع جدا 
مجلس رجال + مقلط + صاله + مطبخ + غرفة كبار السن + دورتين مياة 
مؤسس مصعد 
الدور الاول 4 غرف نوم كلها ماستر+ صالة عائلية 
الدور الأخير الملحق الاخير 
غرفه شغاله كبيره بدورة مياة + 
غرفه غسيل 
+ سطح كبير جدا 
يوجد كافة الضمانات السباكة الكهرباء 25 سنه العوازل المائية الحرارية وعلى الهيكل الانشائي وإشراف هندسي لمده 30 سنه  معتمد  يوجد تامين من شركة ملاذ لمده 15 سنه 
وكما نوفر للعملانا الكرام جميع الحلول التمويلية وسداد المتعثرات وتوحيد الاقساط 
وتخليص جميع الإجراءات البنكية",24.896405,46.944327,https://images.aqar.fm/webp/750x0/props/010018291_1779310453261.jpg | https://images.aqar.fm/webp/750x0/props/010018299_1779310453270.jpg | https://images.aqar.fm/webp/750x0/props/010018291_1779310443355.jpg | https://images.aqar.fm/webp/750x0/props/010018293_1779310443352.jpg | https://images.aqar.fm/webp/750x0/props/010018299_1779310443462.jpg | https://images.aqar.fm/webp/750x0/props/010018297_1779310453275.jpg | https://images.aqar.fm/webp/750x0/props/010018295_1779310453449.jpg | https://images.aqar.fm/webp/750x0/props/010018292_1779310453451.jpg | https://images.aqar.fm/webp/750x0/props/010018291_1779310453517.jpg | https://images.aqar.fm/webp/750x0/props/010018294_1779310453635.jpg | https://images.aqar.fm/webp/750x0/props/010018292_1779310453642.jpg | https://images.aqar.fm/webp/750x0/props/010018294_1779310453722.jpg | https://images.aqar.fm/webp/750x0/props/010018298_1779310453813.jpg | https://images.aqar.fm/webp/750x0/props/010018294_1779310453821.jpg | https://images.aqar.fm/webp/750x0/props/010018292_1779310454056.jpg | https://images.aqar.fm/webp/750x0/props/010018296_1779310454064.jpg | https://images.aqar.fm/webp/750x0/props/010018296_1779310454130.jpg | https://images.aqar.fm/webp/750x0/props/010018297_1779310454250.jpg | https://images.aqar.fm/webp/750x0/props/010018292_1779310454524.jpg | https://images.aqar.fm/webp/750x0/props/010018293_1779310454571.jpg | https://images.aqar.fm/webp/750x0/props/010018292_1779310455422.jpg,21,ابراهيم أحمد عبدالله العيسي,,,2026-05-20,2026-05-20,2026-08-21,305,2026-08-23,True,"1,000,000",False,فيلا
6832663,https://sa.aqar.fm/فلل-للبيع/الرياض/شرق-الرياض/حي-الجنادرية/شارع-رقم-71-حي-الجنادرية-مدينة-الرياض-منطقة-الرياض-6832663,"فيلا للبيع في شارع رقم 71, حي الجنادرية, مدينة الرياض, منطقة الرياض",1550000,344,,0,0,0,حي الجنادرية,الرياض,شرق الرياض,"فيلا مع شقه في حي الجنادرية مخطط الرابية شرق الرياض 
المساحه 344 متر 
الشارع 18 شرقي 
تصميم الفيلا 
الدور الارضي 
مجلس رجال ومقلط ودوره مياه 
صالة عائلية ومجلس نساء ومطبخ ودوره مياه 
درج داخلي 
الدور الاول 
4 غرف نوم وصاله وثلاث دورات مياه 
الدور الثاني 
شقه مستقله 
مجلس وصاله وغرفتين نوم ثلاث دورات مياه 
السعر مليون و 550 الف ريال",24.824395,46.883626,https://images.aqar.fm/webp/750x0/props/045934356_1787299251350.jpg | https://images.aqar.fm/webp/750x0/props/045934359_1787299251347.jpg | https://images.aqar.fm/webp/750x0/props/045934357_1787299251353.jpg | https://images.aqar.fm/webp/750x0/props/045934354_1787299251329.jpg | https://images.aqar.fm/webp/750x0/props/045934351_1787299251337.jpg | https://images.aqar.fm/webp/750x0/props/045934356_1787299251342.jpg | https://images.aqar.fm/webp/750x0/props/045934350_1787299251329.jpg | https://images.aqar.fm/webp/750x0/props/045934352_1787299251339.jpg | https://images.aqar.fm/webp/750x0/props/045934355_1787299276155.jpg | https://images.aqar.fm/webp/750x0/props/045934359_1787299276162.jpg | https://images.aqar.fm/webp/750x0/props/045934359_1787299276154.jpg,11,عبدالله مشعل,مؤسسة عنكم لخدمات الأعمال,1,2026-08-20,2026-08-20,2026-08-20,71,2026-08-23,True,"1,550,000",False,فيلا
6361170,https://sa.aqar.fm/فلل-للبيع/الرياض/شرق-الرياض/حي-الجنادرية/شارع-رقم-186-حي-الجنادرية-مدينة-الرياض-منطقة-الرياض-6361170,"فيلا للبيع في شارع رقم 186, حي الجنادرية, مدينة الرياض, منطقة الرياض",1250000,260,5,,,0,حي الجنادرية,الرياض,شرق الرياض,"كود 1003
✨ تاون هاوس ✨       
  ( الجنادريه حي المعالي )

                🔺

✨ المساحه 300 متر 
✨السعر مليون 250 الف

              (  5  غرف )

                ( ارضي )

يتكون من ⬇️

✨ حوش ومدخل سياره
✨ مجلس ومقلط بحمام
       ومغاسل 
✨ صاله كبيره بحمام
      ومغاسل + حوش جانبي
✨مطبخ مغلق
✨ غرفة ماستر + حوش
       جانبي


            🔻 الدور الاول 🔻 
 
✨ 2 غرفه ماستر   

             🔻 الملحق 🔻
✨ سطح 

            🔺ملحوظات 🔺
🔺تكييفات سبليت 
🔺عداد كهرباء خاص
🔺عداد مياه خاص 
🔺عدد 2 مدخل 
🔺شارع 25 متر
🔺قريبه من المسجد 
🔺قريبه من الدائري
🔺خزانات سفلي وعلوي
 ✨ يوجد جميع الضمانات✨",24.850381,46.886232,https://images.aqar.fm/webp/750x0/props/002296382_1756721573184.jpg | https://images.aqar.fm/webp/750x0/props/002296387_1756721573216.jpg | https://images.aqar.fm/webp/750x0/props/002296381_1756721573187.jpg | https://images.aqar.fm/webp/750x0/props/002296386_1756721573214.jpg | https://images.aqar.fm/webp/750x0/props/002296386_1756721573233.jpg | https://images.aqar.fm/webp/750x0/props/002296389_1756721573221.jpg | https://images.aqar.fm/webp/750x0/props/002296381_1756721573217.jpg | https://images.aqar.fm/webp/750x0/props/002296389_1756721573219.jpg | https://images.aqar.fm/webp/750x0/props/002296385_1756721591932.jpg | https://images.aqar.fm/webp/750x0/props/002296388_1756721591940.jpg | https://images.aqar.fm/webp/750x0/props/002296383_1756721591963.jpg | https://images.aqar.fm/webp/750x0/props/002296388_1756721591942.jpg | https://images.aqar.fm/webp/750x0/props/002296383_1756721591932.jpg | https://images.aqar.fm/webp/750x0/props/002296384_1756721591943.jpg | https://images.aqar.fm/webp/750x0/props/002296380_1756721591928.jpg | https://images.aqar.fm/webp/750x0/props/002296383_1756721591928.jpg,16,هدى علي عشوي العنزي,شركة جسور الثقة العالمية العقارية,1,2025-09-01,2025-09-01,2026-07-29,751,2026-08-23,True,"1,250,000",False,فيلا
6430983,https://sa.aqar.fm/فلل-للبيع/الرياض/شرق-الرياض/حي-الجنادرية/حي-الجنادرية-مدينة-الرياض-منطقة-الرياض-6430983,"فيلا للبيع في حي الجنادرية, مدينة الرياض, منطقة الرياض",1100000,300,5,4,0,0,حي الجنادرية,الرياض,شرق الرياض,"فيلا درج داخلي مخطط بوابة الشرق جديدة للبيع
المساحة 300 شارع 15 شمالي قريبة من طريق الدمام
يوجد اتمام بناء
وتقبل البنك
لمزيد من التفاصيل الاتصال
((رقم المعلن يظهر عند التواصل))
((رقم المعلن يظهر عند التواصل))",24.909107,46.942845,https://images.aqar.fm/webp/750x0/props/035783543_1781102659871.jpg | https://images.aqar.fm/webp/750x0/props/035783547_1760894604115.jpg | https://images.aqar.fm/webp/750x0/props/035783546_1760894612962.jpg | https://images.aqar.fm/webp/750x0/props/035783545_1760894612964.jpg | https://images.aqar.fm/webp/750x0/props/035783549_1760894612962.jpg | https://images.aqar.fm/webp/750x0/props/035783540_1760894612959.jpg | https://images.aqar.fm/webp/750x0/props/035783548_1760894624012.jpg | https://images.aqar.fm/webp/750x0/props/035783541_1760894624016.jpg,8,عثمان العنزي,مؤسسة مكتب أعمال الباني للعقارات,1,2025-10-19,2025-10-19,2026-08-03,600,2026-08-23,True,"1,100,000",False,فيلا
6786144,https://sa.aqar.fm/فلل-للبيع/الرياض/شرق-الرياض/حي-الجنادرية/حي-الجنادرية-مدينة-الرياض-منطقة-الرياض-6786144,"فيلا للبيع في حي الجنادرية, مدينة الرياض, منطقة الرياض",1800000,253,7,,,0,حي الجنادرية,الرياض,شرق الرياض,"بسم الله الرحمن الرحيم  //////////////////////////////////::""""""""""""""/////«/////////////////////////////////////////////////////////////",24.899635,46.962552,,,خالد سعود,شركة حدائق نجد العقارية,1,2026-07-22,2026-08-21,2026-08-22,58,2026-08-23,True,"1,800,000",False,فيلا
6631475,https://sa.aqar.fm/فلل-للبيع/الرياض/شرق-الرياض/حي-الجنادرية/شارع-العمره-حي-الجنادرية-مدينة-الرياض-منطقة-الرياض-6631475,"فيلا للبيع في شارع العمره, حي الجنادرية, مدينة الرياض, منطقة الرياض",3700000,800,6,1,2,0,حي الجنادرية,الرياض,شرق الرياض,"((الرقم يظهر عند الضغط على اتصال))
 فيلا للبيع حي الجنادريه
 دور و3 شقق
المساحه ٨٠٠متر
الشارع ٢٥متر شرقي
عمر الفيلا سنتين 
♛♛♛♛♛♛♛♛♛♛♛♛
التفصيل الدور الارضي
دور ارضي مشب ١٠ في ٧ ودورة مياه+ خارجيه +مجلس ٨ في ٦ ودرة مياه ومقلط وصاله واربع غرف+ وثلاث دوراة مياه وغرفة خادمه +وغرفة غسيل ومطبخ +ومستودع
♛♛♛♛♛♛♛♛♛♛♛♛
تفصيل الشقق 
ثلاث شقق كل شقه+ مجلس واربع غرفه +ومطبخ +ومستودع+ وثلاث +دوراة مياه (يوجد مصعد) 
الفيلا بناء شخصي 
مرهونه لي بنك الراجحي مليون و 100
السوم 3 مليون. 800 الف
ـــــــــــــــــــــــــــــــــــــــــــــــــ",24.844972,46.878801,https://images.aqar.fm/webp/750x0/props/030748817_1774483768063.jpg | https://images.aqar.fm/webp/750x0/props/030748813_1774483768160.jpg | https://images.aqar.fm/webp/750x0/props/030748817_1774483768062.jpg | https://images.aqar.fm/webp/750x0/props/030748812_1774483768117.jpg | https://images.aqar.fm/webp/750x0/props/030748811_1774483768160.jpg | https://images.aqar.fm/webp/750x0/props/030748818_1774483768297.jpg,6,عبدالله بن ناصر بن قنيفذ القحطاني,,0,2026-03-26,2026-06-21,2026-08-23,747,2026-08-23,True,"3,700,000",False,فيلا
6358849,https://sa.aqar.fm/فلل-للبيع/الرياض/شرق-الرياض/حي-الجنادرية/حي-الجنادرية-مدينة-الرياض-منطقة-الرياض-6358849,"فيلا للبيع في حي الجنادرية, مدينة الرياض, منطقة الرياض",1500000,539,6,2,1,0,حي الجنادرية,الرياض,شرق الرياض,"للتواصل ((رقم المعلن يظهر عند التواصل))
فيلا فاخرة للبيع في حي الجنادرية 
فيلا فاخرة للبيع في حي الجنادرية 
فيلا فاخرة للبيع في حي الجنادرية 
فيلا فاخرة للبيع في حي الجنادرية 
فيلا فاخرة للبيع في حي الجنادرية 
فيلا فاخرة للبيع في حي الجنادرية",24.844747,46.899549,https://images.aqar.fm/webp/750x0/props/042914507_1756678457687.jpg | https://images.aqar.fm/webp/750x0/props/042914506_1756678457678.jpg | https://images.aqar.fm/webp/750x0/props/042914505_1756685997702.jpg | https://images.aqar.fm/webp/750x0/props/042914501_1756685997695.jpg | https://images.aqar.fm/webp/750x0/props/042914506_1756685997724.jpg | https://images.aqar.fm/webp/750x0/props/042914505_1756685997726.jpg | https://images.aqar.fm/webp/750x0/props/042914501_1756685997738.jpg | https://images.aqar.fm/webp/750x0/props/042914506_1756685997758.jpg | https://images.aqar.fm/webp/750x0/props/042914503_1756685997755.jpg | https://images.aqar.fm/webp/750x0/props/042914505_1756685997767.jpg | https://images.aqar.fm/webp/750x0/props/042914505_1756686035473.jpg | https://images.aqar.fm/webp/750x0/props/042914503_1756686035515.jpg | https://images.aqar.fm/webp/750x0/props/042914500_1756686035518.jpg | https://images.aqar.fm/webp/750x0/props/042914508_1756686035505.jpg | https://images.aqar.fm/webp/750x0/props/042914500_1756686035513.jpg | https://images.aqar.fm/webp/750x0/props/042914506_1756686035525.jpg | https://images.aqar.fm/webp/750x0/props/042914509_1756686035541.jpg,17,ماجد البقمي,,0,2025-08-30,2025-08-30,2026-08-18,1868,2026-08-23,True,"1,500,000",False,فيلا
6724210,https://sa.aqar.fm/فلل-للبيع/الرياض/شرق-الرياض/حي-الجنادرية/شارع-رقم-180-حي-الجنادرية-مدينة-الرياض-منطقة-الرياض-6724210,"فيلا للبيع في شارع رقم 180, حي الجنادرية, مدينة الرياض, منطقة الرياض",1250000,230,6,3,2,3,حي الجنادرية,الرياض,شرق الرياض,"فيلا للبيع درج صاله المساحه ٢٣٠ متر الواجهه
جنوبية شرقية بمشروع معالي عنان حي الجنادرية مخطط المعالي 
البيع كاش لوجود رهن على العقار

الدور الارضي :
حوش مدخل سياره غرفة سائق مجلس رجال + دورة مياه + مقلط + صالة مع مجلس نساء مفتوح + مطبخ مغلق جبس بورد + دورة مياه للصاله

الدور الثاني :
4 غرف نوم 2 ماستر 2 اطفال
صالة علويه 

الدور الثالث :
غرفة غسيل + غرفة خادمه + دورة مياه + سطح 

*الاضافات عزل الخزان ايبوكسي
مظلة اماميه ومظله خلفيه بالحوش
الامامي والخلفي

 
عليها رهن ٧٣٠ الف🔺
 البيع مليون و٢٥٠ الف شامل المديونية🔺

📍 البيع كااااش فقط لوجود الرهن

🔸 مع العلم ان الفيلا كذلك معروضة للأجار بأثاثها كاملا
🔸الأجار ٥٥٠٠ ريال شهريا",24.847879,46.880057,https://images.aqar.fm/webp/750x0/props/029804273_1780927562739.jpg | https://images.aqar.fm/webp/750x0/props/029804278_1780927562712.jpg | https://images.aqar.fm/webp/750x0/props/029804271_1780927562714.jpg | https://images.aqar.fm/webp/750x0/props/029804270_1780927562714.jpg,4,عبيد سعيد مطير الشمري,مكتب قشاعم للخدمات العقارية,1,2026-06-08,2026-08-05,2026-08-05,552,2026-08-23,True,"1,250,000",False,فيلا
6691508,https://sa.aqar.fm/فلل-للبيع/الرياض/شرق-الرياض/حي-الجنادرية/حي-الجنادرية-مدينة-الرياض-منطقة-الرياض-6691508,"فيلا للبيع في حي الجنادرية, مدينة الرياض, منطقة الرياض",1700000,375,3,0,0,4,حي الجنادرية,الرياض,شرق الرياض,"للبيع فله وشقتين 
المساحة : 300 م
الشارع : 15 جنوبي 

التفاصيل : 
الدور الارضي : 
ملحق خارجي 
مجلس رجال + مقلط 
صاله نسائية ودرج داخلي وحمام 
وغرفتين ومطبخ .. 
الدور العلوي : 
غرفة ماستر وغرفتين وحمام ، 
الدور الاخير : 
غرفة عامله مع حمام وسطح وغرفة غسيل 
…….
تفاصيل الشقق : 
مدخلين لكل شقه 
مجلس رجال وحمام 
وصاله وغرفتين وحمام 
ومطبخ 
……. 
سطح

البيع : مليون و 700 

للتواصل : 
 
 ",24.89254,46.95371,https://images.aqar.fm/webp/750x0/props/006908006_1778480495817.jpg,1,رامي بن شداد بن يحي عقدي,,,2026-05-11,2026-05-11,2026-05-11,0,2026-08-23,True,"1,700,000",False,فيلا
6834819,https://sa.aqar.fm/فلل-للبيع/الرياض/شرق-الرياض/حي-الجنادرية/شارع-الضياء-حي-الجنادرية-مدينة-الرياض-منطقة-الرياض-6834819,"فيلا للبيع في شارع الضياء, حي الجنادرية, مدينة الرياض, منطقة الرياض",1320000,364,,5,2,0,حي الجنادرية,الرياض,شرق الرياض,,24.864241,46.914587,https://images.aqar.fm/webp/750x0/props/019015308_1787356681944.jpg | https://images.aqar.fm/webp/750x0/props/019015303_1787356681932.jpg | https://images.aqar.fm/webp/750x0/props/019015307_1787356681946.jpg | https://images.aqar.fm/webp/750x0/props/019015308_1787356728108.jpg | https://images.aqar.fm/webp/750x0/props/019015303_1787356728097.jpg | https://images.aqar.fm/webp/750x0/props/019015309_1787356728118.jpg | https://images.aqar.fm/webp/750x0/props/019015307_1787356728118.jpg | https://images.aqar.fm/webp/750x0/props/019015300_1787356728122.jpg | https://images.aqar.fm/webp/750x0/props/019015302_1787356728138.jpg | https://images.aqar.fm/webp/750x0/props/019015306_1787356728111.jpg | https://images.aqar.fm/webp/750x0/props/019015302_1787356728136.jpg | https://images.aqar.fm/webp/750x0/props/019015308_1787356761220.jpg | https://images.aqar.fm/webp/750x0/props/019015307_1787356761230.jpg | https://images.aqar.fm/webp/750x0/props/019015308_1787356761207.jpg | https://images.aqar.fm/webp/750x0/props/019015300_1787356761211.jpg | https://images.aqar.fm/webp/750x0/props/019015301_1787356761201.jpg | https://images.aqar.fm/webp/750x0/props/019015300_1787356761208.jpg | https://images.aqar.fm/webp/750x0/props/019015300_1787356761202.jpg | https://images.aqar.fm/webp/750x0/props/019015305_1787356761206.jpg | https://images.aqar.fm/webp/750x0/props/019015302_1787356801886.jpg | https://images.aqar.fm/webp/750x0/props/019015305_1787356801883.jpg | https://images.aqar.fm/webp/750x0/props/019015306_1787356801892.jpg | https://images.aqar.fm/webp/750x0/props/019015300_1787356801893.jpg | https://images.aqar.fm/webp/750x0/props/019015304_1787356801912.jpg | https://images.aqar.fm/webp/750x0/props/019015304_1787356801912.jpg | https://images.aqar.fm/webp/750x0/props/019015309_1787356801881.jpg | https://images.aqar.fm/webp/750x0/props/019015305_1787356801912.jpg | https://images.aqar.fm/webp/750x0/props/019015305_1787356860233.jpg | https://images.aqar.fm/webp/750x0/props/019015306_1787356933652.jpg | https://images.aqar.fm/webp/750x0/props/019015308_1787356933628.jpg,30,عبدالله علي,,0,2026-08-22,2026-08-22,2026-08-22,5,2026-08-23,True,"1,320,000",False,فيلا
6712194,https://sa.aqar.fm/فلل-للبيع/الرياض/شرق-الرياض/حي-الجنادرية/شارع-رقم-178-حي-الجنادرية-الرياض-منطقة-الرياض-6712194,فيلا للبيع في شارع رقم 178 ، حي الجنادرية ، الرياض ، منطقة الرياض,1100000,230,5,5,3,5,حي الجنادرية,الرياض,شرق الرياض,دبلكس في اسكان عنان المسجد 50 متر تقريباً,24.847305,46.880322,https://images.aqar.fm/webp/750x0/props/011719070_1780014908277.jpg | https://images.aqar.fm/webp/750x0/props/011719073_1780014908275.jpg | https://images.aqar.fm/webp/750x0/props/011719078_1780014908276.jpg | https://images.aqar.fm/webp/750x0/props/011719072_1780014908239.jpg,4,نايف الشمري,,,2026-05-29,,2026-07-19,30,2026-08-23,False,طلب تسويق,False,فيلا
6653142,https://sa.aqar.fm/فلل-للبيع/الرياض/شرق-الرياض/حي-الجنادرية/شارع-إسماعيل-بن-أمية-حي-الجنادرية-مدينة-الرياض-منطقة-الرياض-6653142,"فيلا للبيع في شارع إسماعيل بن أمية, حي الجنادرية, مدينة الرياض, منطقة الرياض",1600000,300,4,,,0,حي الجنادرية,الرياض,شرق الرياض,"https://maps.app.goo.gl/wxaxZT9XjvZhnjpP8

للبيع فيلا في حي الجنادرية 

درج داخلي + شقه)

مساحة 300 متر 
شارع 15 شمالي 
 مسطح البناء 445 متر

الدور الارضي 
 مجلس كبير مقلط ، صالة كبيره ، غرفه نوم ، مطبخ ، ۲ دوره مياه ، غرفه خادمه + دوره مياه خاصه لها
مؤسس مصعد مدخل سيارة خاص.
الدور الاول العلوي 
 3 غرف نوم ماستر غرفه نوم دوره مياه صاله
 الدور الثالث 
( شقه السطح
مدخل جانبي مستقل ٢ غرفة نوم صالة مطله على السطح, مطبخ مجلس مطل على السطح, ۲ دوره مياه السطح
اشراف مكتب هندسي كامل .
تنفيذ ومتابعه شخصيه من المالك لجميع مراحل البناء. * تامين التعاونية ضمان الكهرباء أسلاك وافياش من شركة الفنار .
ضمان السباكة شركة الأنابيب الخضراء. ضمان الابواب الداخلية شركة الباب الداخل ۱۰ سنوات شامل.
سوم مليون 600 الف ريال
البيع قريب ان شاء الله
مباشر من المالك
تواصل اتصل اوتساب 
0540287991
0592673374",24.905083,46.95822,,,عبدالملك ابراهيم محمد الجمعان,شركة بنايات نجد للتسويق شخص واحد,1,2026-04-13,2026-08-07,2026-08-23,50,2026-08-23,True,"1,600,000",False,فيلا
6818821,https://sa.aqar.fm/فلل-للبيع/الرياض/شرق-الرياض/حي-الجنادرية/شارع-123-حي-الجنادرية-مدينة-الرياض-منطقة-الرياض-6818821,"فيلا للبيع في شارع 123, حي الجنادرية, مدينة الرياض, منطقة الرياض",850000,308,,0,0,0,حي الجنادرية,الرياض,شرق الرياض,"للبيع فيلا في بوابه الشرق 
تصميم بشكل احترافي مع مراعاه ادق التفاصيل الفيلا تتكون من 
مشب خارجي مجلس مقلط صاله كبيره مطبخ مجلس نساء حديقه خلفيه
الدور الاول صاله وخمس غرف نوم 2 منها ماستر الدور العلوي غرفه خادمه وغرفه غسيل مجهزه بسياكه كامله  وسطح خاص بالفله
المميزات 
تفتح على صامت تجاري تأسيس كاميرات خارجيه تأسيس شتر على جميع الدرايش سباكه مخقيه سخانات مخفيه  الواجه حجر
🔴
يوجد شقه في السطح مستقله بصك مستقل تتكون من مجلس ودوره مياه
وصاله ومطبخ وغرفتين نوم بدوره مياه وسطح خاص
لمن اراد الشقه يتواصل لتفاصيل اكثر",24.909038,46.961547,https://images.aqar.fm/webp/750x0/props/000108180_1786550004006.jpg | https://images.aqar.fm/webp/750x0/props/000108189_1786550003899.jpg | https://images.aqar.fm/webp/750x0/props/000108186_1786550003883.jpg | https://images.aqar.fm/webp/750x0/props/000108182_1786550004006.jpg | https://images.aqar.fm/webp/750x0/props/000108187_1786550003997.jpg | https://images.aqar.fm/webp/750x0/props/000108189_1786550004011.jpg | https://images.aqar.fm/webp/750x0/props/000108181_1786550004014.jpg | https://images.aqar.fm/webp/750x0/props/000108184_1786550003905.jpg,8,عايض البقمي,,,2026-08-12,2026-08-12,2026-08-21,252,2026-08-23,True,"850,000",False,فيلا
6612881,https://sa.aqar.fm/فلل-للبيع/الرياض/شرق-الرياض/حي-الجنادرية/شارع-العمره-حي-الجنادرية-مدينة-الرياض-منطقة-الرياض-6612881,"فيلا للبيع في شارع العمره, حي الجنادرية, مدينة الرياض, منطقة الرياض",2100000,380,,7,3,0,حي الجنادرية,الرياض,شرق الرياض,$5f,24.838311,46.889025,https://images.aqar.fm/webp/750x0/props/049888602_1772565409752.jpg | https://images.aqar.fm/webp/750x0/props/049888609_1772565409472.jpg | https://images.aqar.fm/webp/750x0/props/049888607_1772565409646.jpg | https://images.aqar.fm/webp/750x0/props/049888608_1772565409581.jpg | https://images.aqar.fm/webp/750x0/props/049888604_1772565409629.jpg | https://images.aqar.fm/webp/750x0/props/049888602_1772565409694.jpg | https://images.aqar.fm/webp/750x0/props/049888604_1772565409712.jpg | https://images.aqar.fm/webp/750x0/props/049888606_1772565409721.jpg | https://images.aqar.fm/webp/750x0/props/049888606_1772565409458.jpg | https://images.aqar.fm/webp/750x0/props/049888601_1772565409578.jpg | https://images.aqar.fm/webp/750x0/props/049888603_1772565409712.jpg | https://images.aqar.fm/webp/750x0/props/049888601_1772565409680.jpg | https://images.aqar.fm/webp/750x0/props/049888609_1772565409613.jpg | https://images.aqar.fm/webp/750x0/props/049888604_1772565409656.jpg | https://images.aqar.fm/webp/750x0/props/049888604_1772565409782.jpg | https://images.aqar.fm/webp/750x0/props/049888607_1772565409583.jpg | https://images.aqar.fm/webp/750x0/props/049888602_1772565409493.jpg | https://images.aqar.fm/webp/750x0/props/049888602_1772565409726.jpg | https://images.aqar.fm/webp/750x0/props/049888603_1772565409480.jpg | https://images.aqar.fm/webp/750x0/props/049888601_1772565409593.jpg | https://images.aqar.fm/webp/750x0/props/049888603_1772565409576.jpg | https://images.aqar.fm/webp/750x0/props/049888609_1772565409658.jpg | https://images.aqar.fm/webp/750x0/props/049888606_1772565437049.jpg | https://images.aqar.fm/webp/750x0/props/049888602_1772565437071.jpg | https://images.aqar.fm/webp/750x0/props/049888609_1772565437072.jpg | https://images.aqar.fm/webp/750x0/props/049888604_1772565437083.jpg | https://images.aqar.fm/webp/750x0/props/049888609_1772565437099.jpg | https://images.aqar.fm/webp/750x0/props/049888604_1772565437114.jpg,28,هاني سعود,شركة مدارك السكن للتطوير العقاري,1,2026-03-03,2026-07-27,2026-08-14,464,2026-08-23,True,"2,100,000",False,فيلا
6439202,https://sa.aqar.fm/فلل-للبيع/الرياض/شرق-الرياض/حي-الجنادرية/شارع-رقم-75-حي-الجنادرية-مدينة-الرياض-منطقة-الرياض-6439202,"فيلا للبيع في شارع رقم 75, حي الجنادرية, مدينة الرياض, منطقة الرياض",1750000,360,7,5,5,0,حي الجنادرية,الرياض,شرق الرياض,"بسعر صيده 
درج داخلي وشقتين مساحه 360 شرقيه حرف تي مخطط غصون مكونه مدخل سياره ومجلس خارجي ومجلس داخلي دوره مياه مقلط صاله غرفة كبار السن دوره مياه مطبخ غرفة شغاله مع دوره مياه 
الدور الاول ثلاث غرف نوم منهم غرفة ماستر وشقتين كل شقه غرفتين نوم وصاله ومطبخ وحمام مجلس ودورة مياه ..
للتواصل : ((رقم المعلن يظهر عند التواصل))
ابو صالح",24.861089,46.915998,https://images.aqar.fm/webp/750x0/props/004670693_1767954108951.jpg | https://images.aqar.fm/webp/750x0/props/004670692_1767954150718.jpg | https://images.aqar.fm/webp/750x0/props/004670690_1767954150741.jpg | https://images.aqar.fm/webp/750x0/props/004670699_1767954150793.jpg | https://images.aqar.fm/webp/750x0/props/004670695_1767954150824.jpg | https://images.aqar.fm/webp/750x0/props/004670690_1767954150868.jpg | https://images.aqar.fm/webp/750x0/props/004670690_1767954150880.jpg | https://images.aqar.fm/webp/750x0/props/004670697_1767954150943.jpg | https://images.aqar.fm/webp/750x0/props/004670696_1767954150949.jpg,9,جابر ال فهاد,شركة ركائز الروعة,1,2025-10-25,2025-10-25,2026-08-23,1224,2026-08-23,True,"1,750,000",False,فيلا
6633335,https://sa.aqar.fm/فلل-للبيع/الرياض/شرق-الرياض/حي-الجنادرية/حي-الجنادرية-مدينة-الرياض-منطقة-الرياض-6633335,"فيلا للبيع في حي الجنادرية, مدينة الرياض, منطقة الرياض",1100000,218,5,5,3,0,حي الجنادرية,الرياض,شرق الرياض,"((( البيع بدون سعي  )))
تعلن مؤسسة الاعمار الذكيه 
عن فيلا دبلكس درج داخلي 
فى حى الجنادرية مخطط غصون 
الوجهه شرقيه شارع 15 متر
مساحه الارض 156.5 متر
مسطح البناء 218 م  
السعر مليون و 100 ألف 
<><><><><><>
التفاصيل 
الدور الارضي استقبال بالكامل 
مدخل سياره + حوش + مدخلين مدخل لمجلس  رجال بدورة مياه ومغسلة + مدخل للفيلا + صاله + مطبخ + + دورة مياه ومغسلة + مستودع تحت الدرج 
<><><><><><><><>
الدور الأول العلوي 
صاله + بلكونه + 3 غرف نوم منهم غرفه ماستر + دورة مياه 
<><><><><><><><>
الملحق العلوي 
صاله + 2 غرفة + دورة مياه + سطح مؤهيه لجلسة خارجية 
_____________________
يوجد جميع الضمانات على الفيلا 
كم يوجد شهادة إتمام بناء 
و تأمين ملاذ ومكتب إشراف هندسي 
البيع يناسب المشتري الكاش وجميع البنوك 
______________
التواصل مؤسسة الاعمار الذكيه
0533002372 واتساب",24.838369,46.892979,https://images.aqar.fm/webp/750x0/props/037868748_1774702954233.jpg,1,عبدالله بن حمد بن عبدالله العامر,مؤسسة الإعمار الذكيه للخدمات العقارية,1,2026-03-28,2026-08-20,2026-08-23,399,2026-08-23,True,"1,100,000",False,فيلا
6703857,https://sa.aqar.fm/فلل-للبيع/الرياض/شرق-الرياض/حي-الجنادرية/شارع-الجنادريه-حي-الجنادرية-مدينة-الرياض-منطقة-الرياض-6703857,"فيلا للبيع في شارع الجنادريه, حي الجنادرية, مدينة الرياض, منطقة الرياض",1230000,354,7,5,2,0,حي الجنادرية,الرياض,شرق الرياض,"فيلا مميزة للبيع بحي غصون – تصميم عملي وتشطيب راقٍ

🔹 الدور الأرضي:

* مدخلين مستقلين (رجال / نساء)
* مجلس رجال مع دورة مياه ومغاسل
* مقلط
* صالة عائلية مطلة على منور
* مطبخ عملي يفتح على حوش خارجي
* دورة مياه إضافية
* غرفة أرضية ماستر بدورة مياه

🔹 الدور العلوي:

* غرفة ماستر بدورة مياه مطلة على مدخل الفيلا
* غرفة نوم بدورة مياه
* صالة
* دورة مياه
* غرفتين مستقلتين

🔹 مميزات إضافية:

* مواقف داخلية (Parking)
* توزيع ذكي يوفر خصوصية تامة
* إضاءة طبيعية مميزة عبر المنور
* موقع هادئ ومناسب للسكن العائلي",24.843926,46.888953,https://images.aqar.fm/webp/750x0/props/019004803_1779192000274.jpg | https://images.aqar.fm/webp/750x0/props/019004808_1779192000271.jpg | https://images.aqar.fm/webp/750x0/props/019004806_1779192000261.jpg | https://images.aqar.fm/webp/750x0/props/019004801_1779192000271.jpg | https://images.aqar.fm/webp/750x0/props/019004808_1779192000259.jpg | https://images.aqar.fm/webp/750x0/props/019004803_1779192000280.jpg | https://images.aqar.fm/webp/750x0/props/019004803_1779192000258.jpg | https://images.aqar.fm/webp/750x0/props/019004806_1779192000272.jpg,8,عبدالملك الحمود,مكتب عبدالملك محمد عبدالعزيز الحمود للخدمات العقارية,1,2026-05-19,2026-05-19,2026-08-19,379,2026-08-23,True,"1,230,000",False,فيلا
6354971,https://sa.aqar.fm/فلل-للبيع/الرياض/شرق-الرياض/حي-الجنادرية/شارع-رقم-165-حي-الجنادرية-مدينة-الرياض-منطقة-الرياض-6354971,"فيلا للبيع في شارع رقم 165, حي الجنادرية, مدينة الرياض, منطقة الرياض",1250000,260,5,,,0,حي الجنادرية,الرياض,شرق الرياض,السلام عليكم                                       .,24.848848,46.863354,https://images.aqar.fm/webp/750x0/props/039646521_1756364341188.jpg | https://images.aqar.fm/webp/750x0/props/039646524_1756364341195.jpg | https://images.aqar.fm/webp/750x0/props/039646526_1756364341186.jpg | https://images.aqar.fm/webp/750x0/props/039646522_1756364341184.jpg | https://images.aqar.fm/webp/750x0/props/039646524_1756364341178.jpg | https://images.aqar.fm/webp/750x0/props/039646521_1756364341202.jpg | https://images.aqar.fm/webp/750x0/props/039646521_1756364341188.jpg | https://images.aqar.fm/webp/750x0/props/039646529_1756364341183.jpg,8,عائشه بنت سليمان بن عبدالله الطريم,مؤسسة سكن المعالي للعقارات,1,2025-08-28,2026-08-05,2026-08-05,462,2026-08-23,True,"1,250,000",False,فيلا
6614080,https://sa.aqar.fm/فلل-للبيع/الرياض/شرق-الرياض/حي-الجنادرية/شارع-حرة-الحجرة-حي-الجنادرية-مدينة-الرياض-منطقة-الرياض-6614080,"فيلا للبيع في شارع حرة الحجرة, حي الجنادرية, مدينة الرياض, منطقة الرياض",1600000,300,7,4,1,4,حي الجنادرية,الرياض,شرق الرياض,"للبيع فيلا في مشروع بوابة الشرق في حي الجنادرية بمدينة الرياض 

الفيلا تتكون من : 

مجلس رجال + مقلط + مطبخ مع الصالة 

اربع غرف نوم منها غرفه ماستر 

غرفة خادمة مع دورة المياه الخاصه بها 

مكيفات راكبه + مطبخ راكب 

عمر العقار 4 سنوات 

الموقع على طريق الدمام السريع 
وتعتبر من المشريع الاولى في شرق الرياض 

للتواصل :
مكتب ارتكاز البنيان للعقارات 
0550333683
0580684848",24.90052,46.940449,,,احمد بن زيد,مؤسسة مكتب ارتكاز البنيان العقارية,1,2026-03-04,2026-07-28,2026-08-22,266,2026-08-23,True,"1,600,000",False,فيلا
6355813,https://sa.aqar.fm/فلل-للبيع/الرياض/شرق-الرياض/حي-الجنادرية/شارع-السيل-حي-الجنادرية-مدينة-الرياض-منطقة-الرياض-6355813,"فيلا للبيع في شارع السيل, حي الجنادرية, مدينة الرياض, منطقة الرياض",980000,299,5,5,2,0,حي الجنادرية,الرياض,شرق الرياض,$5d,24.911634,46.951699,https://images.aqar.fm/webp/750x0/props/044075846_1757176911770.jpg | https://images.aqar.fm/webp/750x0/props/044075845_1757176910357.jpg | https://images.aqar.fm/webp/750x0/props/044075847_1757176909707.jpg | https://images.aqar.fm/webp/750x0/props/044075840_1757176910028.jpg | https://images.aqar.fm/webp/750x0/props/044075849_1757176910704.jpg | https://images.aqar.fm/webp/750x0/props/044075845_1757176910989.jpg | https://images.aqar.fm/webp/750x0/props/044075841_1757176911221.jpg | https://images.aqar.fm/webp/750x0/props/044075846_1757176911315.jpg | https://images.aqar.fm/webp/750x0/props/044075847_1757176911440.jpg | https://images.aqar.fm/webp/750x0/props/044075841_1757176911675.jpg | https://images.aqar.fm/webp/750x0/props/044075847_1757176911902.jpg | https://images.aqar.fm/webp/750x0/props/044075849_1757176912135.jpg | https://images.aqar.fm/webp/750x0/props/044075840_1757176912241.jpg | https://images.aqar.fm/webp/750x0/props/044075847_1757176912471.jpg | https://images.aqar.fm/webp/750x0/props/044075846_1757176912564.jpg | https://images.aqar.fm/webp/750x0/props/044075844_1757176912700.jpg | https://images.aqar.fm/webp/750x0/props/044075847_1757176912921.jpg | https://images.aqar.fm/webp/750x0/props/044075841_1757176913020.jpg | https://images.aqar.fm/webp/750x0/props/044075841_1757176913177.jpg | https://images.aqar.fm/webp/750x0/props/044075848_1757176913370.jpg | https://images.aqar.fm/webp/750x0/props/044075840_1757176913517.jpg | https://images.aqar.fm/webp/750x0/props/044075843_1757176913629.jpg,22,عائشه بنت سليمان بن عبدالله الطريم,مؤسسة سكن المعالي للعقارات,1,2025-08-28,2025-08-28,2026-07-14,1701,2026-08-23,True,"980,000",False,فيلا
6833265,https://sa.aqar.fm/فلل-للبيع/الرياض/شرق-الرياض/حي-الجنادرية/شارع-الجنادرية-389-حي-الجنادرية-مدينة-الرياض-منطقة-الرياض-6833265,"فيلا للبيع في شارع الجنادرية 389, حي الجنادرية, مدينة الرياض, منطقة الرياض",1200000,300,4,0,0,0,حي الجنادرية,الرياض,شرق الرياض,"� فيلا للبيع | الجنادرية – مخطط بوابة الشرق
✨ مشروع المزيني | مساحة 300م²

📍 موقع مميز في حي الجنادرية
🧭 واجهة شمالية
📏 شارع 15م
🏦 مرهونة لمصرف الراجحي

🏠 تفاصيل الفيلا:

• الدور الأرضي: مجلس + مقلط + صالة + مطبخ مفتوح
• الدور الأول: 4 غرف نوم
• الدور الثاني: غرفة خادمة

✨ تصميم عملي مناسب للعائلة واستغلال ممتاز للمساحات",24.903848,46.941213,,,موسى بن خالد بن هلال المطيري,,,2026-08-20,2026-08-20,2026-08-23,16,2026-08-23,True,"1,200,000",False,فيلا
6396662,https://sa.aqar.fm/فلل-للبيع/الرياض/شرق-الرياض/حي-الجنادرية/شارع-خليفه-ابن-حمد-آل-ثاني-حي-الجنادرية-مدينة-الرياض-منطقة-الرياض-6396662,"فيلا للبيع في شارع  خليفه ابن حمد آل ثاني, حي الجنادرية, مدينة الرياض, منطقة الرياض",1300000,249,,5,4,0,حي الجنادرية,الرياض,شرق الرياض,"الـسـلام عـلـيـكم ورحـمـة الله وبركــاتــه
للـبـيـع فيلا درج داخلي وشقه
في حي الجنادريه
مواصفاتها
* عليها شهادة اتمام البناء
* يوجد عليها ضمانات العزل
*مسجد قريب
تتكون:
* حوش
* مجلس
* مقلط ضيافه
* صاله واسعه
* مطبخ + غرفة خادمه + مستودع
* ⁠غرفة نوم ماستر
* ⁠غرفة نوم ماستر
* ⁠غرفة نوم
* ⁠ 5دورة مياه
———————
الشقه :
* ⁠ سطح
* ⁠مجلس
* ⁠ صاله
* ⁠غرفة نوم
* ⁠غرفة نوم
* ⁠3 دورة مياه
** لـلبيع ب سعر ١،٥٠٠،٠٠٠ تفاوض
** رقم رخصة الوساطه 1100270266
** لـ الإسـتفسـار ((رقم المعلن يظهر عند التواصل))",24.826363,46.883519,https://images.aqar.fm/webp/750x0/props/020063773_1758740065417.jpg | https://images.aqar.fm/webp/750x0/props/020063770_1758740065417.jpg | https://images.aqar.fm/webp/750x0/props/020063776_1758740065411.jpg | https://images.aqar.fm/webp/750x0/props/020063779_1758740065421.jpg | https://images.aqar.fm/webp/750x0/props/020063771_1758740065423.jpg | https://images.aqar.fm/webp/750x0/props/020063776_1758740065450.jpg | https://images.aqar.fm/webp/750x0/props/020063774_1758740065428.jpg | https://images.aqar.fm/webp/750x0/props/020063779_1758740065412.jpg | https://images.aqar.fm/webp/750x0/props/020063777_1758740090554.jpg | https://images.aqar.fm/webp/750x0/props/020063779_1758740090571.jpg | https://images.aqar.fm/webp/750x0/props/020063772_1758740090613.jpg | https://images.aqar.fm/webp/750x0/props/020063770_1758740090564.jpg | https://images.aqar.fm/webp/750x0/props/020063771_1758740090571.jpg | https://images.aqar.fm/webp/750x0/props/020063773_1758740090565.jpg | https://images.aqar.fm/webp/750x0/props/020063771_1758740090574.jpg | https://images.aqar.fm/webp/750x0/props/020063775_1758740090578.jpg | https://images.aqar.fm/webp/750x0/props/020063776_1758740107961.jpg | https://images.aqar.fm/webp/750x0/props/020063775_1758740107956.jpg,18,سلطان سفر مسفر المطيري,,,2025-09-24,2025-09-24,2026-08-21,2743,2026-08-23,True,"1,300,000",False,فيلا
6735818,https://sa.aqar.fm/فلل-للبيع/الرياض/شرق-الرياض/حي-الجنادرية/حي-الجنادرية-مدينة-الرياض-منطقة-الرياض-6735818,"فيلا للبيع في حي الجنادرية, مدينة الرياض, منطقة الرياض",1600000,254,4,0,0,0,حي الجنادرية,الرياض,شرق الرياض,"فيلا بالجنادرية درج داخلي ٣ غرف نوم وجلس رجال بدورة مياة ومقلط ومطبخ وصالة مت شقة بالدور العلوي بمدخل منفصل وعداد كهرب منفصل  تتكون من غرفتين نوم وصالة ومقلط ومجلس رجال وسطوح
بسعر 1,600,000",24.851728,46.900881,https://images.aqar.fm/webp/750x0/props/006004757_1781643967597.jpg | https://images.aqar.fm/webp/750x0/props/006004755_1781643967607.jpg | https://images.aqar.fm/webp/750x0/props/006004758_1781643967581.jpg | https://images.aqar.fm/webp/750x0/props/006004750_1781643967620.jpg,4,عبدالله عثمان بكر العمري,,,2026-06-16,2026-06-16,2026-07-02,0,2026-08-23,True,"1,600,000",False,فيلا
6576802,https://sa.aqar.fm/فلل-للبيع/الرياض/شرق-الرياض/حي-الجنادرية/شارع-لا-يوجد-حي-الجنادرية-مدينة-الرياض-منطقة-الرياض-6576802,"فيلا للبيع في شارع لا يوجد, حي الجنادرية, مدينة الرياض, منطقة الرياض",1700000,375,5,0,0,0,حي الجنادرية,الرياض,شرق الرياض,"فيلا فاخرة للبيع 
درج داخلي وشقتين 
- يوجد ضمانات على العقار 
الفيلا مكونة من :
مدخل سيارة
مشب
مجلس
مقلط 
صالتين 
حديقتين
مطبخ + مستودع 
الدور الاول مكون من :
3 غرف نوم كل غرفة بدورة مياة مستقله 
السطح مكون من :
غرفة خادمة + غرفة غسيل 

————
يوجد شقتين وكل شقة مكونه من 3 غرف نوم وصاله ومطبخ ودورتين مياة .

السعر : 1.700.000 الف على شور .

السيحاني العقارية 

((رقم المعلن يظهر عند التواصل)) - ((رقم المعلن يظهر عند التواصل)) - ((رقم المعلن يظهر عند التواصل))",24.905996,46.957321,https://images.aqar.fm/webp/750x0/props/001829409_1770237710302.jpg | https://images.aqar.fm/webp/750x0/props/001829401_1770237710286.jpg | https://images.aqar.fm/webp/750x0/props/001829408_1770237710645.jpg | https://images.aqar.fm/webp/750x0/props/001829401_1770237710661.jpg | https://images.aqar.fm/webp/750x0/props/001829409_1770237710670.jpg | https://images.aqar.fm/webp/750x0/props/001829400_1770237710644.jpg | https://images.aqar.fm/webp/750x0/props/001829409_1770237710679.jpg | https://images.aqar.fm/webp/750x0/props/001829405_1770237710685.jpg,8,مساعد خالد,مكتب السيحاني للعقارات,1,2026-02-04,2026-06-01,2026-08-13,411,2026-08-23,True,"1,700,000",False,فيلا
6543687,https://sa.aqar.fm/فلل-للبيع/الرياض/شرق-الرياض/حي-الجنادرية/شارع-الحناكية-حي-الجنادرية-مدينة-الرياض-منطقة-الرياض-6543687,"فيلا للبيع في شارع الحناكية, حي الجنادرية, مدينة الرياض, منطقة الرياض",1700000,361,,,,0,حي الجنادرية,الرياض,شرق الرياض,"👌🏻 فرصة سكنية مميزة في حي (بوابة الشرق - الجنادرية ) 
📍موقع متطور وقريب من جميع الخدمات.
📍أمام مرفق. 
🔘( فلة درج داخلي - شقتين ) 

✏️ المساحة : 363 م 
💵 السعر  :  1.700.000 

🏠 المواصفات: 
الدور الأرضي : 
• ملحق 
• ⁠مجلس 
• ⁠مقلط 
• ⁠صالة 
• ⁠مجلس نساء 
• ⁠غرفة كبار سن - ماستر 
• ⁠مطبخ 
• ⁠مستودع 
——- 
الدور الأول 🏠 :
• صالة 
• ⁠غرفتين نوم - ماستر 
• ⁠غرفة نوم 
• ⁠دورة مياة 
——- 
الشقق🏠 : 
• مجلس رجال 
• ⁠دورتين مياة 
• ⁠مطبخ 
• ⁠غرفتين نوم 
مواصفات اخرى :  
* مطابقة للكود السعودي. 
* ⁠ضمانات على الكهرباء 20 سنة والسباكة 15 سنة. 
* ⁠تأمين 10 سنوات.   
* ⁠إشراف هندسي 
* عمر العقار جديد.
* واجهة شمالية.
* عرض الشارع 20 أمام مرفق. 
* ماء وكهرب راكب.

للتواصل : ((رقم المعلن يظهر عند التواصل)) 
نايف.",24.889025,46.952446,https://images.aqar.fm/webp/750x0/props/004670697_1768231021327.jpg | https://images.aqar.fm/webp/750x0/props/004670693_1768231041834.jpg | https://images.aqar.fm/webp/750x0/props/004670695_1768231041830.jpg | https://images.aqar.fm/webp/750x0/props/004670694_1768231041824.jpg | https://images.aqar.fm/webp/750x0/props/004670690_1768231041828.jpg | https://images.aqar.fm/webp/750x0/props/004670694_1768231041826.jpg | https://images.aqar.fm/webp/750x0/props/004670693_1768231041824.jpg | https://images.aqar.fm/webp/750x0/props/004670695_1768231041826.jpg | https://images.aqar.fm/webp/750x0/props/004670697_1768231041849.jpg,9,جابر ال فهاد,شركة ركائز الروعة,1,2026-01-12,2026-01-12,2026-08-23,414,2026-08-23,True,"1,700,000",False,فيلا
6702046,https://sa.aqar.fm/فلل-للبيع/الرياض/شرق-الرياض/حي-الجنادرية/حي-الجنادرية-مدينة-الرياض-منطقة-الرياض-6702046,"فيلا للبيع في حي الجنادرية, مدينة الرياض, منطقة الرياض",1700000,375,3,0,0,4,حي الجنادرية,الرياض,شرق الرياض,"للبيع فله وشقتين حي الجنادرية 
المساحة : 375 م
الشارع : 15 جنوبي 

الدور الارضي 
ملحق خارجي مجلس رجال مقلط
صاله درج داخلي دورة مياه غرفتين مطبخ
الدور العلوي 
غرفة ماستر - غرفتين دورة مياه
الدور الاخير :
غرفة عامله دورة مياه سطح غرفة غسيل

الشقق :
مدخلين لكل شقه مجلس رجال دورة مياه
صاله مطبخ غرفتين دورة مياه
سطح

البيع : مليون و 700 


للتواصل : 
 
 ",24.89254,46.95371,https://images.aqar.fm/webp/750x0/props/006908004_1779100241711.jpg,1,رامي بن شداد بن يحي عقدي,,,2026-05-18,2026-05-18,2026-05-18,50,2026-08-23,True,"1,700,000",False,فيلا
6735408,https://sa.aqar.fm/فلل-للبيع/الرياض/شرق-الرياض/حي-الجنادرية/شارع-رقم-113-حي-الجنادرية-الرياض-منطقة-الرياض-6735408,فيلا للبيع في شارع رقم 113 ، حي الجنادرية ، الرياض ، منطقة الرياض,2000000,264,4,5,2,6,حي الجنادرية,الرياض,شرق الرياض,"البيت عمره ست سنوات عليه بنك 750000 ريال 
سعر البيت 2 مليون فيلا الواجهه شرقي 
 تحت مجلس مع مشب ودورة مياه رجال 
  ودوره مياه  نساء ومقلط ومطبخ وصاله وغرفه

درج داخلي فوق غرفتين ماستر وغرفتين حمام وصاله
وفوق سطح وغرفه شغاله ودوره مياه 

والشقه مستقله وكهرب مستقل ومدخل خاص وتتكون مدخلين مجلس وحمام وصاله في غرفه نوم وغرفه وحمام

 عداد مويه الواجهه شرقي الحاره هاديه وجيران كويسين الدور مؤجر والشقه مؤجره",24.843126,46.879892,https://images.aqar.fm/webp/750x0/props/009385249_1782137014623.jpg | https://images.aqar.fm/webp/750x0/props/009385240_1782137014799.jpg,2,مفلح سعد بن مفلح,,,2026-06-16,,2026-08-22,33,2026-08-23,False,طلب تسويق,False,فيلا
6586495,https://sa.aqar.fm/فلل-للبيع/الرياض/شرق-الرياض/حي-الجنادرية/شارع-رقم-188-حي-الجنادرية-مدينة-الرياض-منطقة-الرياض-6586495,"فيلا للبيع في شارع رقم 188, حي الجنادرية, مدينة الرياض, منطقة الرياض",750000,184,6,1,0,0,حي الجنادرية,الرياض,شرق الرياض,"السلام عليكم ورحمة الله وبركاته

مؤسسة درة الانشاءات تعرض لكم ما هو مميز فرصة استثنائيه لإمتلاك تاون هاوس علوى حى الجنادرية شرق الرياض بتصميم أنيق وتشطيبات ممتازة موقع مميز بالقرب من جميع الخدمات
🔹 للبيع تاون هاوس علوى حى الجنادرية 
تاون هاوس علوي مساحه ٣٢٠ متر 
عبارة عن مدخل سيارة 
الدور الاول عباره عن مجلس وصالة ومطبخ  ودورتين مياه 
الدور الثاني عبارة عن صالة و٣غرف نوم بدورة مياة ومغاسل خارجيه وغرفة ماستر وسطح 
💰 السعر: ٧٥٠ الف
1- عليه جميع الضمانات
على الكود السعودي الجديد
تأمین ملاذ
خزان مستقل
عداد كهرباء مستقل
تملك عقارك الآن مع شركة درة الانشاءات
للتواصل والاستفسار
((رقم المعلن يظهر عند التواصل))
نسعد بخدمتكم",24.850749,46.88577,https://images.aqar.fm/webp/750x0/props/045658400_1770837024716.jpg | https://images.aqar.fm/webp/750x0/props/045658403_1770837024972.jpg | https://images.aqar.fm/webp/750x0/props/045658401_1770837025190.jpg | https://images.aqar.fm/webp/750x0/props/045658407_1770837025317.jpg | https://images.aqar.fm/webp/750x0/props/045658408_1770837025559.jpg | https://images.aqar.fm/webp/750x0/props/045658401_1770837025665.jpg | https://images.aqar.fm/webp/750x0/props/045658405_1770837025902.jpg | https://images.aqar.fm/webp/750x0/props/045658401_1770837026039.jpg | https://images.aqar.fm/webp/750x0/props/045658406_1770837026204.jpg | https://images.aqar.fm/webp/750x0/props/045658407_1770837026458.jpg | https://images.aqar.fm/webp/750x0/props/045658401_1770837026579.jpg | https://images.aqar.fm/webp/750x0/props/045658404_1770837026803.jpg,12,منيره مناحي بن جابر ال فهاد,مؤسسة درة الانشاءات والتشييد للمقاولات العامة,1,2026-02-11,2026-08-05,2026-08-23,3012,2026-08-23,True,"750,000",False,فيلا
6813219,https://sa.aqar.fm/فلل-للبيع/الرياض/شرق-الرياض/حي-الجنادرية/شارع-بوابة-الشرق-حي-الجنادرية-مدينة-الرياض-منطقة-الرياض-6813219,"فيلا للبيع في شارع بوابة الشرق, حي الجنادرية, مدينة الرياض, منطقة الرياض",870000,204,7,,,0,حي الجنادرية,الرياض,شرق الرياض,"🏡 فيلا مميزة للبيع – تصميم عملي ومساحات
 رائعة 🏡
السعر 870 قابل للتفاوض

📐 المساحة: 205م²

✨ تفاصيل الفيلا:

🔹 الدور الأرضي:

- مجلس
- مقلط
- صالة
- مطبخ
- مدخلان مستقلان

🔹 الدور الأول:

- 3 غرف نوم (منها غرفة ماستر)
- صالة عائلية
- 2 حمام

🔹 الدور الأخير:

- غرفة ماستر
- غرفة خادمة

✅ توزيع مميز يوفر الخصوصية والراحة لجميع أفراد الأسرة.
✅ موقع مناسب وتصميم عصري يلبي احتياجات السكن العائلي.

📞 للتواصل والاستفسار ومعاينة العقار يرجى التواصل مباشر أبو عمار :((الرقم يظهر عند الضغط على اتصال))",24.892196,46.954376,https://images.aqar.fm/webp/750x0/props/004670690_1786296487161.jpg | https://images.aqar.fm/webp/750x0/props/004670697_1786296487361.jpg | https://images.aqar.fm/webp/750x0/props/004670694_1786296487452.jpg | https://images.aqar.fm/webp/750x0/props/004670696_1786296487484.jpg | https://images.aqar.fm/webp/750x0/props/004670698_1786296487486.jpg | https://images.aqar.fm/webp/750x0/props/004670699_1786296487577.jpg | https://images.aqar.fm/webp/750x0/props/004670695_1786296487709.jpg | https://images.aqar.fm/webp/750x0/props/004670698_1786296487710.jpg | https://images.aqar.fm/webp/750x0/props/004670697_1786296487719.jpg | https://images.aqar.fm/webp/750x0/props/004670698_1786296487866.jpg | https://images.aqar.fm/webp/750x0/props/004670691_1786296487892.jpg | https://images.aqar.fm/webp/750x0/props/004670699_1786296487943.jpg,12,جابر ال فهاد,شركة ركائز الروعة,1,2026-08-09,2026-08-09,2026-08-23,335,2026-08-23,True,"870,000",False,فيلا
6613271,https://sa.aqar.fm/فلل-للبيع/الرياض/شرق-الرياض/حي-الجنادرية/حي-الجنادرية-مدينة-الرياض-منطقة-الرياض-6613271,"فيلا للبيع في حي الجنادرية, مدينة الرياض, منطقة الرياض",1200000,250,,0,0,0,حي الجنادرية,الرياض,شرق الرياض,"فيلا سكنية في بوابة الشرق

🔶 وسيط عقاري معتمد : الشوامـخ الأولـى  🔶 ‎
🔶 🔷  نستقبل عروضكم العقارية ونسوقها 🔷 🔶
0.5 5 5 8 7 5 6 8 6 📲
0.5 9 9 1 9 9 9 8 5 📲
0.5 3 0 1 4 0 9 9 9 📲",24.901977,46.965399,https://images.aqar.fm/webp/750x0/props/004758235_1772822310871.jpg,1,هديه عوض,مؤسسة الشوامخ الاولى للخدمات العقارية,1,2026-03-03,2026-03-03,2026-08-02,209,2026-08-23,True,"1,200,000",False,فيلا
6834069,https://sa.aqar.fm/فلل-للبيع/الرياض/شرق-الرياض/حي-الجنادرية/شارع-ال-سويلم-حي-الجنادرية-مدينة-الرياض-منطقة-الرياض-6834069,"فيلا للبيع في شارع ال سويلم, حي الجنادرية, مدينة الرياض, منطقة الرياض",1200000,199,5,0,0,0,حي الجنادرية,الرياض,شرق الرياض,"المشروع عبارة عن؛
1-تاون هاوس دور ارضي مع اول ثلاث مجلس ومقلط وصالة كبيرة ومطبخ 
ثلاث غرف نوم ماستر وغرفتين بحمام مشترك (خمس غرف)
غرفة خادمة وغرفة غسيل وملحق خارجي  جميع الضمانات متوقرة
2- بنتهاوس دور اول مع الدور الثاني مجلس وصالة ومطبخ وبلكونة وغرفتين ماستر احداهما اطلالة على السطح وغرفتين نوم بحمام مشترك باطلالة على السطح (اربع غرف)
وغرفة نوم للخادمة ومصعد خاص لجميع الادوار
مميزات المبنى:
استقلالية كاملة عدادات الكهرباء والمياه والمداخل ومواقف سيارة لكل وحدة  
ضمان للعيوب الخفية التعاونية للتأمين وكذلك للسباكة والكهرباء اشراف هندسي لجميع المراحل",24.84662,46.896368,https://images.aqar.fm/webp/750x0/props/021256001_1787309964685.jpg | https://images.aqar.fm/webp/750x0/props/021256001_1787309964675.jpg | https://images.aqar.fm/webp/750x0/props/021256006_1787309964686.jpg | https://images.aqar.fm/webp/750x0/props/021256008_1787309964688.jpg | https://images.aqar.fm/webp/750x0/props/021256006_1787309964795.jpg,5,ناصر ذعار جربوع السبيعي,,,2026-08-21,2026-08-21,2026-08-21,24,2026-08-23,True,"1,200,000",False,فيلا
6580532,https://sa.aqar.fm/فلل-للبيع/الرياض/شرق-الرياض/حي-الجنادرية/شارع-الشرق-حي-الجنادرية-مدينة-الرياض-منطقة-الرياض-6580532,"فيلا للبيع في شارع الشرق, حي الجنادرية, مدينة الرياض, منطقة الرياض",1200000,273,7,3,1,0,حي الجنادرية,الرياض,شرق الرياض,"فيلا للبيع – وحدة مستقلة بصك منفصل حي الجنادرية – شارع الشرق | شرق الرياض
فيلا سكنية مميزة بوحدة مستقلة وصك منفصل وبيع مفرد، تقع في حي الجنادرية شرق الرياض – شارع الشرق، ضمن حي راقٍ يتميز بالتنظيم الجيد وشوارع واسعة وقربه من جميع الخدمات الحيوية.

📍 الموقع:

الرياض – حي الجنادرية (شارع الشرق)
حي هادئ وراقي
شوارع واسعة وسهولة دخول وخروج
قريب من المدارس، المساجد، الأسواق
موقع مناسب للسكن العائلي والاستثمار

 تفاصيل الفيلا:
نوع الوحدة: فيلا (دور مع شقتين)
المساحة الإجمالية: 273.21 م²
الواجهة: جنوبية غربية

🛋️ مكونات الفيلا:
4 غرف نوم
مجلس
صالة
غرفة طعام
مطبخ
5 دورات مياه
مغاسل
مستودع
درجين داخليين
⭐ مميزات الفيلا:
صك مستقل
بيع مفرد
تصميم عملي وتشطيب مناسب للعائلة
تهوية وإضاءة طبيعية
موقع مميز داخل الحي

🏢 مزايا شركة مدارك السكن للتطوير العقاري:
تطوير عقاري بمعايير جودة عالية
التزام بالأنظمة واللوائح العقارية
تسويق احترافي وشفافية كاملة
تسهيل إجراءات البيع والتملك
خدمة عملاء ومتابعة ما بعد البيع
📞 للتواصل والاستفسار:
يرجى التواصل معنا مباشرة.",24.835149,46.871787,https://images.aqar.fm/webp/750x0/props/049888603_1770538211492.jpg | https://images.aqar.fm/webp/750x0/props/049888607_1770538219467.jpg | https://images.aqar.fm/webp/750x0/props/049888607_1770538219491.jpg | https://images.aqar.fm/webp/750x0/props/049888603_1770538219474.jpg | https://images.aqar.fm/webp/750x0/props/049888604_1770538219666.jpg | https://images.aqar.fm/webp/750x0/props/049888606_1770538219665.jpg | https://images.aqar.fm/webp/750x0/props/049888601_1770538219468.jpg | https://images.aqar.fm/webp/750x0/props/049888600_1770538219694.jpg | https://images.aqar.fm/webp/750x0/props/049888609_1770538219679.jpg | https://images.aqar.fm/webp/750x0/props/049888605_1770538219694.jpg,10,هاني سعود,شركة مدارك السكن للتطوير العقاري,1,2026-02-08,2026-08-01,2026-08-21,2090,2026-08-23,True,"1,200,000",False,فيلا
6742678,https://sa.aqar.fm/فلل-للبيع/الرياض/شرق-الرياض/حي-الجنادرية/شارع-رقم-158-حي-الجنادرية-مدينة-الرياض-منطقة-الرياض-6742678,"فيلا للبيع في شارع رقم 158, حي الجنادرية, مدينة الرياض, منطقة الرياض",1100000,356,,0,0,0,حي الجنادرية,الرياض,شرق الرياض,"فيلا درج داخلي بمساحة أرض 330م² ومسطح بناء 350م²، تصميم عملي ومساحات واسعة، تتكون من:

🔹 الدور الأرضي:

* موقف سيارة
* ملحق خارجي
* مدخلان (رجال وعائلة)
* مجلس رجال
* مقلط
* دورة مياه
* صالة واسعة
* مطبخ
* مستودع
* غرفة كبار سن

🔹 الدور الأول:

* 4 غرف نوم
* غرفتان ماستر
* صالة

🔹 الدور الثاني:

* غرفة نوم خامسة
* غرفة غسيل
* دورة مياه
* سطح

✅ الفيلا مكونة من 3 طوابق",24.84774,46.890813,,,فارس بدر زاحم المطيري,,,2026-06-22,2026-08-19,2026-08-19,241,2026-08-23,True,"1,100,000",False,فيلا
6720514,https://sa.aqar.fm/فلل-للبيع/الرياض/شرق-الرياض/حي-الجنادرية/شارع-عبدالله-ابن-سعود-ابن-عبدالعزيز-حي-الجنادرية-الرياض-منطقة-الرياض-6720514,فيلا للبيع في شارع عبدالله ابن سعود ابن عبدالعزيز ، حي الجنادرية ، الرياض ، منطقة الرياض,57000,375,3,3,1,0,حي الجنادرية,الرياض,شرق الرياض,,24.82056,46.85582,,,حمود بن مرداس بن دغيليب الروقي,,,2026-06-05,,2026-06-05,41,2026-08-23,False,طلب تسويق,False,فيلا
6536491,https://sa.aqar.fm/فلل-للبيع/الرياض/شرق-الرياض/حي-الجنادرية/شارع-الضياء-حي-الجنادرية-مدينة-الرياض-منطقة-الرياض-6536491,"فيلا للبيع في شارع الضياء, حي الجنادرية, مدينة الرياض, منطقة الرياض",1300000,277,5,5,0,0,حي الجنادرية,الرياض,شرق الرياض,"🏡 شركة موافقة العقارية
تقدّم لكم كل ما هو جديد ومميز في حيّ الجنادرية – مخطّط غصون 🌟

📣 حيث يجتمع السعر المميَّز مع جودة البناء 💪

للبيع: فيلا درج صالة مع شقه
📍 موقع مميَّز — 
📐 المساحة:280 م²
💰 السعر:مليون و400 الف

⸻

تفاصيل الفيلا:
	•	مدخل سيارة 🚗
	•	مشب 🔥
	•	مجلس رجال 🛋️
	•	صالة طعام 🍽️
	•	صالة عائلية 🏠
	•	مجلس نساء 👩‍🦰
	•	مطبخ +مستودع

الدور العلويّ
	4 غرف نوم منهم ماستر
⸻

تفاصيل الشقق:
	•مجلس رجال
	•	صالة
       •غرفتين
      •سطح كبير

📞 شركة موافقة العقارية
نتشرف بخدمتكم على مدار الساعة طوال أيام الأسبوع 🌙☀️

عبدالله المرحبي

📲 للتواصل: ((الرقم يظهر عند الضغط على اتصال))

⚠️ ملاحظة: الموقع غير دقيق",24.853193,46.900493,https://images.aqar.fm/webp/750x0/props/043848019_1767716699265.jpg | https://images.aqar.fm/webp/750x0/props/043848017_1767716699249.jpg | https://images.aqar.fm/webp/750x0/props/043848012_1767717018367.jpg | https://images.aqar.fm/webp/750x0/props/043848013_1767717057905.jpg | https://images.aqar.fm/webp/750x0/props/043848011_1767717064745.jpg | https://images.aqar.fm/webp/750x0/props/043848016_1767717249067.jpg | https://images.aqar.fm/webp/750x0/props/043848015_1767717249077.jpg | https://images.aqar.fm/webp/750x0/props/043848014_1767717249089.jpg | https://images.aqar.fm/webp/750x0/props/043848011_1767717249084.jpg | https://images.aqar.fm/webp/750x0/props/043848011_1767717249079.jpg | https://images.aqar.fm/webp/750x0/props/043848012_1767717249091.jpg | https://images.aqar.fm/webp/750x0/props/043848010_1767717249140.jpg | https://images.aqar.fm/webp/750x0/props/043848017_1767717249091.jpg | https://images.aqar.fm/webp/750x0/props/043848013_1767717309518.jpg | https://images.aqar.fm/webp/750x0/props/043848010_1767717309567.jpg | https://images.aqar.fm/webp/750x0/props/043848014_1767717515020.jpg | https://images.aqar.fm/webp/750x0/props/043848018_1767717515029.jpg | https://images.aqar.fm/webp/750x0/props/043848017_1767717515028.jpg | https://images.aqar.fm/webp/750x0/props/043848019_1767717515012.jpg | https://images.aqar.fm/webp/750x0/props/043848012_1767717757219.jpg | https://images.aqar.fm/webp/750x0/props/043848010_1767717757209.jpg | https://images.aqar.fm/webp/750x0/props/043848013_1767717757188.jpg | https://images.aqar.fm/webp/750x0/props/043848016_1767717757221.jpg | https://images.aqar.fm/webp/750x0/props/043848018_1767717757222.jpg | https://images.aqar.fm/webp/750x0/props/043848012_1767717757240.jpg | https://images.aqar.fm/webp/750x0/props/043848010_1767717757255.jpg | https://images.aqar.fm/webp/750x0/props/043848011_1767717872512.jpg | https://images.aqar.fm/webp/750x0/props/043848016_1767717872497.jpg | https://images.aqar.fm/webp/750x0/props/043848013_1767717872517.jpg | https://images.aqar.fm/webp/750x0/props/043848014_1767717872518.jpg,30,نايف عبدالله بن سلطان بن سفران,مؤسسة موافقة العقارية,1,2026-01-06,2026-01-06,2026-08-13,632,2026-08-23,True,"1,300,000",False,فيلا
6573620,https://sa.aqar.fm/فلل-للبيع/الرياض/شرق-الرياض/حي-الجنادرية/حي-الجنادرية-مدينة-الرياض-منطقة-الرياض-6573620,"فيلا للبيع في حي الجنادرية, مدينة الرياض, منطقة الرياض",1130000,371,4,0,0,0,حي الجنادرية,الرياض,شرق الرياض,"عقار للبيع 
عقار للبيع
عقار للبيع
عقار للبيع
عقار للبيع
عقار للبيع
عقار للبيع",24.838211,46.893862,https://images.aqar.fm/webp/750x0/props/042914501_1770318569794.jpg | https://images.aqar.fm/webp/750x0/props/042914509_1770318584882.jpg | https://images.aqar.fm/webp/750x0/props/042914508_1770318584910.jpg | https://images.aqar.fm/webp/750x0/props/042914506_1770318584852.jpg | https://images.aqar.fm/webp/750x0/props/042914508_1770318584903.jpg | https://images.aqar.fm/webp/750x0/props/042914506_1770318584846.jpg | https://images.aqar.fm/webp/750x0/props/042914503_1770318584920.jpg | https://images.aqar.fm/webp/750x0/props/042914502_1770318584911.jpg | https://images.aqar.fm/webp/750x0/props/042914509_1770318584869.jpg | https://images.aqar.fm/webp/750x0/props/042914508_1770318603274.jpg | https://images.aqar.fm/webp/750x0/props/042914503_1770318603285.jpg | https://images.aqar.fm/webp/750x0/props/042914508_1770318603281.jpg | https://images.aqar.fm/webp/750x0/props/042914504_1770318603295.jpg | https://images.aqar.fm/webp/750x0/props/042914500_1770318603312.jpg | https://images.aqar.fm/webp/750x0/props/042914508_1770318603327.jpg | https://images.aqar.fm/webp/750x0/props/042914500_1770318603354.jpg,16,ماجد البقمي,,0,2026-02-03,2026-02-03,2026-08-18,836,2026-08-23,True,"1,130,000",False,فيلا
6485830,https://sa.aqar.fm/فلل-للبيع/الرياض/شرق-الرياض/حي-الجنادرية/شارع-الركب-حي-الجنادرية-مدينة-الرياض-منطقة-الرياض-6485830,"فيلا للبيع في شارع الركب, حي الجنادرية, مدينة الرياض, منطقة الرياض",1400000,353,3,,,0,حي الجنادرية,الرياض,شرق الرياض,"للبيع 
الفيلا     📍الدور الارضي    الفيلا مساحة ٣٥٤ م تتكون من مدخل وباب كراج وفِناء كبير الدور الأرضي مسطح البناء ١١٠ م يتكون من صالة كبيرة مفتوحة يمكن تقسيمها وحمام وغرفة غسيل ومطبخ  
الدور الأول غرفة ماستر  وغرفتين بينهن حمام  
📍السطح فاضي  
قريبة من جميع الخدمات مدارس حكومية وأهلية قريبة الحرس الوطني ربع ساعة محطة مترو مدينة الملك فهد الرياضية ١٣ د",24.822437,46.850763,https://images.aqar.fm/webp/750x0/props/003855298_1764439005647.jpg | https://images.aqar.fm/webp/750x0/props/003855294_1764439005626.jpg | https://images.aqar.fm/webp/750x0/props/003855293_1764439005654.jpg | https://images.aqar.fm/webp/750x0/props/003855298_1764439005656.jpg,4,خليفه العنزي,مؤسسة مكتب مناهج الفلاح للعقارات,1,2025-11-29,2025-11-29,2026-08-17,5471,2026-08-23,True,"1,400,000",False,فيلا
6759613,https://sa.aqar.fm/فلل-للبيع/الرياض/شرق-الرياض/حي-الجنادرية/شارع-رقم-61-حي-الجنادرية-مدينة-الرياض-منطقة-الرياض-6759613,"فيلا للبيع في شارع رقم 61, حي الجنادرية, مدينة الرياض, منطقة الرياض",2500000,420,5,,,11,حي الجنادرية,الرياض,شرق الرياض,"فيلا للبيع بحي الجنادريه
دور ارضي + دور علوي 

فيلا سكنية بمساحة 420م²، 
واجهة 20 متر على الشارع، 
قريبة من المسجد، 
 ومؤسسة لشقة مستقلة في الدور العلوي.

الدور الأرضي:🔰
مدخل رجال مستقل
حوش
مجلس رجال
مقلط
مغاسل رجال
دورة مياه رجال
صالة جانبية
غرفة شغالة
غرفة نوم ماستر
غرفة نوم
غرفة نوم
مغاسل ودورة مياه
مدخل نساء جانبي
غرفة غسيل بالخلف مع تمديدات جاهزة

الدور العلوي:🔰
1-غرفة نوم
2- غرفة نوم
ثلاث دورات مياه
صالة
مجلس
مقلط
مطبخ
مدخلين للدور العلوي

مميزات العقار:

قريب من المسجد
واجهة 20 متر على الشارع
دور + دور
مؤسس لشقة مستقلة
عداد كهرباء مستقل
مدخل سيارة",24.820594,46.879867,https://images.aqar.fm/webp/750x0/props/003579791_1787360466223.jpg,1,شلاش الشمري,مكتب شلاش عايد غازي الشمري للعقارات,1,2026-07-04,2026-08-03,2026-08-22,185,2026-08-23,True,"2,500,000",False,فيلا
6586294,https://sa.aqar.fm/فلل-للبيع/الرياض/شرق-الرياض/حي-الجنادرية/شارع-رقم-188-حي-الجنادرية-مدينة-الرياض-منطقة-الرياض-6586294,"فيلا للبيع في شارع رقم 188, حي الجنادرية, مدينة الرياض, منطقة الرياض",750000,184,6,4,2,0,حي الجنادرية,الرياض,شرق الرياض,"تاون هاوس علوي للبيع – تشطيب راقٍ – موقع مميز ✨

المساحة: 185 متر
السعر للوحدة: 750.000 ريال – قابل للتفاوض

🔹 المواصفات:

🚗 مدخل سيارة + تأسيس مصعد

الدور الأول:
	•	مجلس
	•	مقلط
	•	مطبخ
	•	غرفة ماستر
	•	3 دورات مياه

الدور الثاني:
	•	صالة
	•	غرفتان نوم (إحداها ماستر)
	•	2 دورة مياه
	•	سطح خاص

✅ تصميم عملي للعائلة
✅ تشطيب مميز
✅ موقع قريب من جميع الخدمات

📞 للتواصل والاستفسار (((رقم المعلن يظهر عند التواصل)))
                                         ( ((رقم المعلن يظهر عند التواصل)))",24.850749,46.88577,https://images.aqar.fm/webp/750x0/props/043672409_1771795367344.jpg | https://images.aqar.fm/webp/750x0/props/043672401_1770821832824.jpg | https://images.aqar.fm/webp/750x0/props/043672406_1770821832035.jpg | https://images.aqar.fm/webp/750x0/props/043672408_1770821832221.jpg | https://images.aqar.fm/webp/750x0/props/043672404_1770821832543.jpg | https://images.aqar.fm/webp/750x0/props/043672405_1770821832817.jpg | https://images.aqar.fm/webp/750x0/props/043672405_1770821832973.jpg | https://images.aqar.fm/webp/750x0/props/043672409_1770821833221.jpg | https://images.aqar.fm/webp/750x0/props/043672408_1770821833791.jpg | https://images.aqar.fm/webp/750x0/props/043672404_1770821834202.jpg | https://images.aqar.fm/webp/750x0/props/043672405_1770821834763.jpg | https://images.aqar.fm/webp/750x0/props/043672400_1770821834764.jpg | https://images.aqar.fm/webp/750x0/props/043672402_1770821835444.jpg,13,منيره مناحي بن جابر ال فهاد,مؤسسة درة الانشاءات والتشييد للمقاولات العامة,1,2026-02-11,2026-08-05,2026-08-20,4324,2026-08-23,True,"750,000",False,فيلا
6797264,https://sa.aqar.fm/فلل-للبيع/الرياض/شرق-الرياض/حي-الجنادرية/شارع-الضياء-حي-الجنادرية-مدينة-الرياض-منطقة-الرياض-6797264,"فيلا للبيع في شارع الضياء, حي الجنادرية, مدينة الرياض, منطقة الرياض",1435000,384,4,0,0,0,حي الجنادرية,الرياض,شرق الرياض,"فيلا درج داخلي + شقة

مساحة الأرض: 250 م²
المسطح: 384 م²
الدور الأرضي
مخل سيارة
مجلس واسع.
مقلط.
صالة كبيرة.
مطبخ بتصميم عملي.
مستودع.
غرفة خادمة مع دورة مياه خاصة.

الدور الأول

4 غرف نوم
غرفتين نوم ماستر، لكل غرفة دورة مياه خاصة.
غرفتين نوم بينهم دورة مياه مشتركة بين الغرفتين.


الشقة
غرفتين نوم .
صالة.
مطبخ.
دورة مياه.
سطح خاص.
✨ مميزات الفيلا
تصميم عملي يناسب احتياجات الأسرة.
مساحات داخلية واسعة وتوزيع مريح.
جناح مستقل (شقة) مناسب للاستثمار أو السكن.
تشطيبات أنيقة واستغلال مثالي للمساحات.
خيار مثالي للراغبين في السكن الراقي والاستثمار في الوقت نفسه.",24.839743,46.888518,https://images.aqar.fm/webp/750x0/props/014314007_1785510926462.jpg | https://images.aqar.fm/webp/750x0/props/013074325_1785397974386.jpg | https://images.aqar.fm/webp/750x0/props/013074321_1785397974455.jpg | https://images.aqar.fm/webp/750x0/props/013074320_1785397974445.jpg | https://images.aqar.fm/webp/750x0/props/013074328_1785397974443.jpg | https://images.aqar.fm/webp/750x0/props/013074329_1785397974453.jpg | https://images.aqar.fm/webp/750x0/props/013074329_1785397974452.jpg,7,فيصل الدوسري,مؤسسة فقط نقطة العقارية,1,2026-07-30,2026-07-30,2026-08-20,632,2026-08-23,True,"1,435,000",False,فيلا
6684472,https://sa.aqar.fm/فلل-للبيع/الرياض/شرق-الرياض/حي-الجنادرية/شارع-غير-مسمى-حي-الجنادرية-مدينة-الرياض-منطقة-الرياض-6684472,"فيلا للبيع في شارع غير مسمى, حي الجنادرية, مدينة الرياض, منطقة الرياض",950000,288,4,5,3,0,حي الجنادرية,الرياض,شرق الرياض,"للبيع  تاون هاوس أرضي حي الجنادرية – عرض رقم   H 1832

المواصفات:
- مدخلين
- المساحة 290 متر
-  دور أرضي ( يتكون من غرفة نوم  _ مجلس _ صاله _  مقلط  _مطبخ  _ 
2 حمام  _ مشب )
-  دور أول  ( يتكون من 2 غرف نوم  _ صاله _  2  حمام  )
-  دور ثاني  ( يتكون من غرفة ماستر  _  غرفة غسيل _ صاله _   حمام  _ 2 سطح )

المميزات:
- عمر العقار جديد
- تشطيب سوبر لوكس
- الواجهة جنوبية
- موقع مميز في شرق الرياض
- قريب من جميع الخدمات والطرق الرئيسية

السعر: 950,000 ريال

رقم العرض:   H1832
للإستفسارات الرجاء التواصل معنا على الرقم  : (0594100564)
-----------------
الـــفـــريـــح للــــعـــقـــارات",24.855537,46.911625,https://images.aqar.fm/webp/750x0/props/044628568_1778050201644.jpg | https://images.aqar.fm/webp/750x0/props/044628568_1778050201644.jpg | https://images.aqar.fm/webp/750x0/props/044628568_1778050240606.jpg | https://images.aqar.fm/webp/750x0/props/044628565_1778050240611.jpg | https://images.aqar.fm/webp/750x0/props/044628561_1778050240611.jpg | https://images.aqar.fm/webp/750x0/props/044628563_1778050240612.jpg | https://images.aqar.fm/webp/750x0/props/044628564_1778050240606.jpg | https://images.aqar.fm/webp/750x0/props/044628562_1778050240612.jpg | https://images.aqar.fm/webp/750x0/props/044628567_1778050240611.jpg | https://images.aqar.fm/webp/750x0/props/044628568_1778050240617.jpg | https://images.aqar.fm/webp/750x0/props/044628566_1778050240619.jpg | https://images.aqar.fm/webp/750x0/props/044628561_1778050240615.jpg | https://images.aqar.fm/webp/750x0/props/044628560_1778050240615.jpg | https://images.aqar.fm/webp/750x0/props/044628565_1778050240629.jpg | https://images.aqar.fm/webp/750x0/props/044628565_1778050240635.jpg | https://images.aqar.fm/webp/750x0/props/044628567_1778050240632.jpg | https://images.aqar.fm/webp/750x0/props/044628565_1778050240628.jpg | https://images.aqar.fm/webp/750x0/props/044628561_1778050240636.jpg | https://images.aqar.fm/webp/750x0/props/044628568_1778050240643.jpg | https://images.aqar.fm/webp/750x0/props/044628561_1778050240636.jpg | https://images.aqar.fm/webp/750x0/props/044628564_1778050240793.jpg | https://images.aqar.fm/webp/750x0/props/044628568_1778050240815.jpg | https://images.aqar.fm/webp/750x0/props/044628561_1778050240638.jpg | https://images.aqar.fm/webp/750x0/props/044628565_1778050240638.jpg,24,ريماز مشعل فريح المطيري,مكتب ريماز مشعل فريح المطيري للعقارات,1,2026-05-06,2026-08-01,2026-08-20,318,2026-08-23,True,"950,000",False,فيلا
6702770,https://sa.aqar.fm/فلل-للبيع/الرياض/شرق-الرياض/حي-الجنادرية/شارع-591-الجنادرية-حي-الجنادرية-مدينة-الرياض-منطقة-الرياض-6702770,"فيلا للبيع في شارع 591 الجنادرية, حي الجنادرية, مدينة الرياض, منطقة الرياض",850000,205,4,3,2,0,حي الجنادرية,الرياض,شرق الرياض,"📐 المساحة: 242 م²
💰 السعر: 850,000 ريال

التفاصيل:
• حوش خاص بموقف سيارة
• غرفة سائق
• مجلس رجال + دورة مياه
• صالة نساء + دورة مياه
• مطبخ

الدور الثاني عبارة عن:
• غرفة ماستر بدورة مياه
• غرفتين أطفال مخدومة بدورة مياه

• قسم خاص للخادمة
(غسيل + غرفة نوم + دورة مياه)

• سطحين منفصلين",24.847375,46.896487,https://images.aqar.fm/webp/750x0/props/043266524_1779122880326.jpg | https://images.aqar.fm/webp/750x0/props/043266525_1779122891490.jpg | https://images.aqar.fm/webp/750x0/props/043266523_1779122899193.jpg | https://images.aqar.fm/webp/750x0/props/043266524_1779122911037.jpg | https://images.aqar.fm/webp/750x0/props/043266526_1779122911078.jpg | https://images.aqar.fm/webp/750x0/props/043266523_1779122911038.jpg | https://images.aqar.fm/webp/750x0/props/043266526_1779122911035.jpg | https://images.aqar.fm/webp/750x0/props/043266524_1779122911067.jpg | https://images.aqar.fm/webp/750x0/props/043266525_1779122911057.jpg | https://images.aqar.fm/webp/750x0/props/043266523_1779122918882.jpg | https://images.aqar.fm/webp/750x0/props/043266523_1779122918932.jpg | https://images.aqar.fm/webp/750x0/props/043266526_1779122918889.jpg,12,علي القحطاني,مؤسسة نود ريل إستيت,1,2026-05-18,2026-08-15,2026-08-21,599,2026-08-23,True,"850,000",False,فيلا
6736971,https://sa.aqar.fm/فلل-للبيع/الرياض/شرق-الرياض/حي-الجنادرية/حي-الجنادرية-مدينة-الرياض-منطقة-الرياض-6736971,"فيلا للبيع في حي الجنادرية, مدينة الرياض, منطقة الرياض",1100000,320,5,0,0,0,حي الجنادرية,الرياض,شرق الرياض,"فيلا تاون هاوس بحي غصون
تتكون من مجلس رجال مستقل مع دورة مياه 
مقلط 
صاله عائليه 
مطبخ مستقل
غرفتين نوم 
الدور العلوي ثلاث غرف نوم واحده ماستر

السعر 1,100,000 ريال 

للتواصل
((الرقم يظهر عند الضغط على اتصال))
((الرقم يظهر عند الضغط على اتصال))
((الرقم يظهر عند الضغط على اتصال))",24.850199,46.904714,https://images.aqar.fm/webp/750x0/props/001761569_1781716646186.jpg | https://images.aqar.fm/webp/750x0/props/001761560_1781716646177.jpg | https://images.aqar.fm/webp/750x0/props/001761562_1781716646175.jpg | https://images.aqar.fm/webp/750x0/props/001761567_1781716646180.jpg | https://images.aqar.fm/webp/750x0/props/001761565_1781716646177.jpg | https://images.aqar.fm/webp/750x0/props/001761563_1781716646178.jpg | https://images.aqar.fm/webp/750x0/props/001761566_1781716646188.jpg | https://images.aqar.fm/webp/750x0/props/001761566_1781716646201.jpg | https://images.aqar.fm/webp/750x0/props/001761568_1781716655103.jpg | https://images.aqar.fm/webp/750x0/props/001761566_1781716655116.jpg | https://images.aqar.fm/webp/750x0/props/001761565_1781716655098.jpg | https://images.aqar.fm/webp/750x0/props/001761568_1781716655100.jpg | https://images.aqar.fm/webp/750x0/props/001761563_1781716655119.jpg | https://images.aqar.fm/webp/750x0/props/001761569_1781716655092.jpg | https://images.aqar.fm/webp/750x0/props/001761563_1781716655101.jpg | https://images.aqar.fm/webp/750x0/props/001761565_1781716655093.jpg,16,عبدالاله صالح,شركة أوفرز العقارية,1,2026-06-17,2026-08-15,2026-08-16,266,2026-08-23,True,"1,100,000",False,فيلا
6716310,https://sa.aqar.fm/فلل-للبيع/الرياض/شرق-الرياض/حي-الجنادرية/حي-الجنادرية-مدينة-الرياض-منطقة-الرياض-6716310,"فيلا للبيع في حي الجنادرية, مدينة الرياض, منطقة الرياض",1300000,415,4,5,1,0,حي الجنادرية,الرياض,شرق الرياض,"فيلا دبلكس فاخرة مع شقة مستقلة | حي الجنادرية – تصميم عصري ومساحات واسعة 🏡✨

فرصة مميزة لامتلاك فيلا جديدة في حي الجنادرية بمساحة أرض 250م² وبناء 415م²، بتصميم دبلكس أنيق مع شقة مستقلة تمنح خصوصية عالية وخيار استثماري إضافي.

الدور الأرضي يتميز بتوزيع عملي ومرتب: 

مجلس استقبال، مقلط، صالة عائلية رحبة، مطبخ مجهز، ودورتين مياه.

الدور الأول
 يضم 4 غرف نوم مريحة، منها 2 ماستر مع خصوصية عالية، بالإضافة إلى صالة عائلية مناسبة للاستخدام اليومي.


الملحق عبارة عن شقة مستقلة متكاملة: 
3 غرف نوم، صالة، مطبخ، ودورتين مياه، مع سطح خاص وبلكونة واسعة تضيف لمسة راحة واستجمام وإطلالة مفتوحة 🌿

العقار حديث البناء ويتميز بتشطيبات عصرية وتوزيع ذكي للمساحات، مع توفر جميع الضمانات للاطلاع، ما يجعله خيار مناسب للسكن العائلي أو الاستثمار الإيجاري.

💸 السعر: 1,380,000",24.843964,46.890723,https://images.aqar.fm/webp/750x0/props/051063807_1780415877538.jpg | https://images.aqar.fm/webp/750x0/props/051063804_1780415877546.jpg | https://images.aqar.fm/webp/750x0/props/051063805_1780415877542.jpg | https://images.aqar.fm/webp/750x0/props/051063800_1780415877551.jpg | https://images.aqar.fm/webp/750x0/props/051063809_1780415877551.jpg | https://images.aqar.fm/webp/750x0/props/051063808_1780415877578.jpg | https://images.aqar.fm/webp/750x0/props/051063808_1780415877557.jpg | https://images.aqar.fm/webp/750x0/props/051063801_1780415877580.jpg | https://images.aqar.fm/webp/750x0/props/051063802_1780415877569.jpg,9,مسعود بن مسفر بن شعف العتيبي,شركة ويانا,1,2026-06-02,2026-07-31,2026-08-23,277,2026-08-23,True,"1,300,000",False,فيلا
6768126,https://sa.aqar.fm/فلل-للبيع/الرياض/شرق-الرياض/حي-الجنادرية/شارع-بدون-اسم-حي-الجنادرية-مدينة-الرياض-منطقة-الرياض-6768126,"فيلا للبيع في شارع بدون اسم, حي الجنادرية, مدينة الرياض, منطقة الرياض",1030000,300,5,,,0,حي الجنادرية,الرياض,شرق الرياض,"دور مؤ سس المساحة 300
شارع 15
يتكون من مجلس ومقلط وصالة ومطبخ ثلاث غرف نوم اثنين ماستر  حوش كراج 
واجة جنوبي  
يفتح علا طريق خريص 
الحي بوابة الشرق 
كل الخدمات متوفرة  قريب من حدائق 
السعر مليون ٥٠
للتواصل ابو عجلان ((الرقم يظهر عند الضغط على اتصال))",24.894142,46.957277,https://images.aqar.fm/webp/750x0/props/004670699_1783706459841.jpg | https://images.aqar.fm/webp/750x0/props/004670692_1783706459659.jpg | https://images.aqar.fm/webp/750x0/props/004670691_1783706460178.jpg | https://images.aqar.fm/webp/750x0/props/004670698_1783706460429.jpg | https://images.aqar.fm/webp/750x0/props/004670698_1783706460671.jpg | https://images.aqar.fm/webp/750x0/props/004670698_1783706460962.jpg | https://images.aqar.fm/webp/750x0/props/004670697_1783706461241.jpg | https://images.aqar.fm/webp/750x0/props/004670693_1783706461495.jpg | https://images.aqar.fm/webp/750x0/props/004670697_1783706461719.jpg | https://images.aqar.fm/webp/750x0/props/004670695_1783706461982.jpg | https://images.aqar.fm/webp/750x0/props/004670699_1783706462357.jpg | https://images.aqar.fm/webp/750x0/props/004670691_1783706462835.jpg | https://images.aqar.fm/webp/750x0/props/004670694_1783706462932.jpg,13,جابر ال فهاد,شركة ركائز الروعة,1,2026-07-10,2026-08-09,2026-08-23,208,2026-08-23,True,"1,030,000",False,فيلا
6795735,https://sa.aqar.fm/فلل-للبيع/الرياض/شرق-الرياض/حي-الجنادرية/حي-الجنادرية-مدينة-الرياض-منطقة-الرياض-6795735,"فيلا للبيع في حي الجنادرية, مدينة الرياض, منطقة الرياض",1000000,274,6,,,0,حي الجنادرية,الرياض,شرق الرياض,"فيلا دبلوكس شبه متصل درج داخلي -الرياض حي الجنادريه

 مكونة من:
 الدور الأرضي
مجلس - صالة - مقلط - غرفة ماستر - مطبخ - 2دورة مياة 

الدور الأول
صالة - 2غرف ماستر 

الدور الثاني
غرفة ماستر 

مميزات العقار :
نوافذ زجاج ، حوش ، سطح ، مدخل سيارة 
قريب من الخدمات

رقم العرض: 20056
رقم ترخيص الإعلان: 7201061698 
 رقم رخصة فال: 1200019203 
 يقبل الدفع كاش او تقسيط من البنك",24.843946,46.862152,https://images.aqar.fm/webp/750x0/props/025113872_1785313475927.jpg | https://images.aqar.fm/webp/750x0/props/025113873_1785313475938.jpg | https://images.aqar.fm/webp/750x0/props/025113876_1785313475902.jpg | https://images.aqar.fm/webp/750x0/props/025113874_1785313475913.jpg | https://images.aqar.fm/webp/750x0/props/025113877_1785313475927.jpg | https://images.aqar.fm/webp/750x0/props/025113874_1785313475910.jpg | https://images.aqar.fm/webp/750x0/props/025113874_1785313475919.jpg | https://images.aqar.fm/webp/750x0/props/025113877_1785313475912.jpg,8,عبدالهادي سليمان,شركة إسكان سلمان العقارية,1,2026-07-29,2026-07-29,2026-08-20,131,2026-08-23,True,"1,000,000",False,فيلا
6531174,https://sa.aqar.fm/فلل-للبيع/الرياض/شرق-الرياض/حي-الجنادرية/حي-الجنادرية-مدينة-الرياض-منطقة-الرياض-6531174,"فيلا للبيع في حي الجنادرية, مدينة الرياض, منطقة الرياض",700000,187,5,4,0,0,حي الجنادرية,الرياض,شرق الرياض,"للبيع فيلا تاون هاوس علوي 
مساحه ٣٠٠م 
الارضي ٨٧٠
العلوي ٧٠٠
ولدينا سداد المديونيه وحلول الدفعه تمويليه ميسره ونتعامل معا جميع الشركات الخاصه البنوك 
1",24.842057,46.889884,https://images.aqar.fm/webp/750x0/props/040820588_1767392785500.jpg | https://images.aqar.fm/webp/750x0/props/040820580_1767392784843.jpg | https://images.aqar.fm/webp/750x0/props/040820589_1767392784844.jpg | https://images.aqar.fm/webp/750x0/props/040820586_1767392784852.jpg | https://images.aqar.fm/webp/750x0/props/040820583_1767392784844.jpg | https://images.aqar.fm/webp/750x0/props/040820583_1767392785106.jpg | https://images.aqar.fm/webp/750x0/props/040820582_1767392785121.jpg | https://images.aqar.fm/webp/750x0/props/040820588_1767392785112.jpg | https://images.aqar.fm/webp/750x0/props/040820581_1767392785246.jpg | https://images.aqar.fm/webp/750x0/props/040820584_1767392785277.jpg | https://images.aqar.fm/webp/750x0/props/040820581_1767392785329.jpg | https://images.aqar.fm/webp/750x0/props/040820589_1767392785349.jpg | https://images.aqar.fm/webp/750x0/props/040820587_1767392785536.jpg | https://images.aqar.fm/webp/750x0/props/040820580_1767392785574.jpg | https://images.aqar.fm/webp/750x0/props/040820583_1767392785659.jpg | https://images.aqar.fm/webp/750x0/props/040820580_1767392785659.jpg | https://images.aqar.fm/webp/750x0/props/040820580_1767392785732.jpg | https://images.aqar.fm/webp/750x0/props/040820581_1767392785854.jpg | https://images.aqar.fm/webp/750x0/props/040820581_1767392785856.jpg | https://images.aqar.fm/webp/750x0/props/040820588_1767392785973.jpg | https://images.aqar.fm/webp/750x0/props/040820584_1767392785864.jpg | https://images.aqar.fm/webp/750x0/props/040820587_1767392785979.jpg | https://images.aqar.fm/webp/750x0/props/040820584_1767392786032.jpg | https://images.aqar.fm/webp/750x0/props/040820585_1767392786168.jpg | https://images.aqar.fm/webp/750x0/props/040820582_1767392786168.jpg | https://images.aqar.fm/webp/750x0/props/040820583_1767392786236.jpg | https://images.aqar.fm/webp/750x0/props/040820583_1767392786588.jpg | https://images.aqar.fm/webp/750x0/props/040820588_1767392786590.jpg | https://images.aqar.fm/webp/750x0/props/040820589_1767392786749.jpg | https://images.aqar.fm/webp/750x0/props/040820585_1767392786919.jpg,30,فايز مصلح,مؤسسة فايز مصلح المطيري,1,2026-01-02,2026-01-02,2026-08-20,2083,2026-08-23,True,"700,000",False,فيلا
6484435,https://sa.aqar.fm/فلل-للبيع/الرياض/شرق-الرياض/حي-الجنادرية/شارع-خليفه-ابن-حمد-آل-ثاني-حي-الجنادرية-مدينة-الرياض-منطقة-الرياض-6484435,"فيلا للبيع في شارع  خليفه ابن حمد آل ثاني, حي الجنادرية, مدينة الرياض, منطقة الرياض",1850000,360,,5,5,0,حي الجنادرية,الرياض,شرق الرياض,"الـسـلام عـلـيـكم ورحـمـة الله وبركــاتــه
للبيــــــــع
———————
فيلا درج داخلي ب شقتين
مساحه ٣٦٠ شارع ١٨ شمالي 
في حي الجنادريه
————————-
مواصفاتها :
* عليها شهادة اتمام البناء
* يوجد عليها ضمانات العزل
* يوجد تأمين ملاذ ضد العيوب الخفيه
*مسجد قريب
————————————
تتكون:
* مجلس داخلي
* مقلط ضيافه
* صاله واسعه
* ⁠مطبخ ب مستودع
* ⁠غرفة نوم ماستر
* ⁠غرفة نوم 
* ⁠غرفة نوم
* ⁠غرفة نوم
* ⁠غرفة نوم
* ⁠دورة مياه 5
—————————-
الشقه رقم ١ :
* مجلس
* صاله واسعه
* ⁠مطبخ 
* ⁠غرفة نوم 
* ⁠غرفة نوم
* ⁠دورة مياه ٣

————————————-

الشقه رقم ٢:
* سطح
* مجلس
* صاله واسعه
* ⁠مطبخ 
* ⁠غرفة نوم 
* ⁠غرفة نوم
* ⁠دورة مياه ٣
——————————————
** السعر ١،٨٥٠،٠٠٠ قابل تفاوض
** رقم رخصة الوساطه 1100270266
** ل الاستفسار ((رقم المعلن يظهر عند التواصل))",24.826531,46.88364,https://images.aqar.fm/webp/750x0/props/020063778_1764335457267.jpg | https://images.aqar.fm/webp/750x0/props/020063771_1764335457289.jpg | https://images.aqar.fm/webp/750x0/props/020063776_1764335457297.jpg | https://images.aqar.fm/webp/750x0/props/020063777_1764335457253.jpg | https://images.aqar.fm/webp/750x0/props/020063775_1764335457319.jpg | https://images.aqar.fm/webp/750x0/props/020063779_1764335457308.jpg | https://images.aqar.fm/webp/750x0/props/020063777_1764335457316.jpg | https://images.aqar.fm/webp/750x0/props/020063773_1764335492620.jpg | https://images.aqar.fm/webp/750x0/props/020063775_1764335492628.jpg | https://images.aqar.fm/webp/750x0/props/020063773_1764335492650.jpg | https://images.aqar.fm/webp/750x0/props/020063775_1764335492637.jpg | https://images.aqar.fm/webp/750x0/props/020063778_1764335492621.jpg | https://images.aqar.fm/webp/750x0/props/020063779_1764335492644.jpg | https://images.aqar.fm/webp/750x0/props/020063773_1764335492644.jpg | https://images.aqar.fm/webp/750x0/props/020063772_1764335492645.jpg,15,سلطان سفر مسفر المطيري,,,2025-11-28,2025-11-28,2026-08-21,2108,2026-08-23,True,"1,850,000",False,فيلا
6552754,https://sa.aqar.fm/فلل-للبيع/الرياض/شرق-الرياض/حي-الجنادرية/شارع-خرشان-حي-الجنادرية-مدينة-الرياض-منطقة-الرياض-6552754,"فيلا للبيع في شارع خرشان, حي الجنادرية, مدينة الرياض, منطقة الرياض",1150000,300,4,,,0,حي الجنادرية,الرياض,شرق الرياض,"فيلا للبيع في حي الجنادرية ( مشروع بوابة الشرق )

المساحة 300م
المحتويات: 
4 غرف نوم
صاله 
مطبخ
مجلس
ملحق بدورة مياه
و حوش واسع 

سعر البيع: 1,150,000 ريال سعودي
للتواصل:
ناصر الدعرمي: ((رقم المعلن يظهر عند التواصل))
سعود العجمي: ((رقم المعلن يظهر عند التواصل))",24.904957,46.946539,,,فهد عبدالعزيز,مكتب المنزل الرائع العقارية,1,2026-01-19,2026-01-19,2026-08-18,290,2026-08-23,True,"1,150,000",False,فيلا
6432366,https://sa.aqar.fm/فلل-للبيع/الرياض/شرق-الرياض/حي-الجنادرية/شارع-رقم-170-حي-الجنادرية-مدينة-الرياض-منطقة-الرياض-6432366,"فيلا للبيع في شارع رقم 170, حي الجنادرية, مدينة الرياض, منطقة الرياض",1500000,249,6,,,0,حي الجنادرية,الرياض,شرق الرياض,فيلا مع شقه في الجنادريه مخطط غصون منفصله مساحه 250 متر السعر مليون 500 قابل للتفاوض جميع اوراقها جاهزه تشطيب سوبر لوكس موقع مميز قريب من كل الخدمات والطرق الرئيسيه,24.850342,46.888162,https://images.aqar.fm/webp/750x0/props/035591347_1760973865321.jpg | https://images.aqar.fm/webp/750x0/props/035591343_1760973865406.jpg | https://images.aqar.fm/webp/750x0/props/035591342_1760973865489.jpg | https://images.aqar.fm/webp/750x0/props/035591345_1760973865586.jpg | https://images.aqar.fm/webp/750x0/props/035591348_1760973865707.jpg | https://images.aqar.fm/webp/750x0/props/035591340_1760973865806.jpg | https://images.aqar.fm/webp/750x0/props/035591348_1760973865914.jpg | https://images.aqar.fm/webp/750x0/props/035591345_1760973866023.jpg | https://images.aqar.fm/webp/750x0/props/035591347_1760973866150.jpg | https://images.aqar.fm/webp/750x0/props/035591349_1760973866278.jpg | https://images.aqar.fm/webp/750x0/props/035591340_1760973866384.jpg | https://images.aqar.fm/webp/750x0/props/035591343_1760973866489.jpg | https://images.aqar.fm/webp/750x0/props/035591344_1760973866592.jpg | https://images.aqar.fm/webp/750x0/props/035591341_1760973866700.jpg | https://images.aqar.fm/webp/750x0/props/035591347_1760973866805.jpg | https://images.aqar.fm/webp/750x0/props/035591349_1760973866911.jpg,16,راشد فهد,مؤسسة راشد فهد عبدالله العجمي للعقارات,1,2025-10-20,2025-10-20,2026-08-20,641,2026-08-23,True,"1,500,000",False,فيلا
6770486,https://sa.aqar.fm/فلل-للبيع/الرياض/شرق-الرياض/حي-الجنادرية/حي-الجنادرية-مدينة-الرياض-منطقة-الرياض-6770486,"فيلا للبيع في حي الجنادرية, مدينة الرياض, منطقة الرياض",650000,220,4,4,2,0,حي الجنادرية,الرياض,شرق الرياض,"تاون هاوس  للبيع بحي الجنادرية مع ملحق سطح
مساحة:(221م)
عداد كهرباء و ماء مستقل وخزان علوي و ارضي مستقل
مكوناته :
1- مجلس  و بلكونه
2- صالة
3-مطبخ
4-(2 غرفه نوم)
5-درج داخلي لملحق السطح
ملحق السطح :
مكوناته:
1-غرفه نوم+ (2 غرفه نوم ماستر)
2-دوره مياه
3-صاله
4- سطح كبير مستقل
المزايا:
مدخل سيارة خاص
اشراف مكتب هندسي كامل 
تنفيذ و متابعة شخصية من المالك لجميع مراحل البناء
تامين ملاذ
ضمان الكهرباء واسلاك و افياش من شركة الفنار
ضمان السباكة شركة الانابيب الخضراء
ضمان الأبواب الداخلية شركة الباب الداخل (10سنوات شامل)
شركة سمة الوسيط العقارية
رقم التراخيص الإعلاني :7201037440
رقم التواصل :(((الرقم يظهر عند الضغط على اتصال)))",24.904663,46.957552,https://images.aqar.fm/webp/750x0/props/028564769_1783870376521.jpg | https://images.aqar.fm/webp/750x0/props/028564761_1783870421359.jpg | https://images.aqar.fm/webp/750x0/props/028564765_1783870421361.jpg | https://images.aqar.fm/webp/750x0/props/028564762_1783870421361.jpg | https://images.aqar.fm/webp/750x0/props/028564767_1783870421363.jpg | https://images.aqar.fm/webp/750x0/props/028564767_1783870421363.jpg | https://images.aqar.fm/webp/750x0/props/028564769_1783870421369.jpg | https://images.aqar.fm/webp/750x0/props/028564769_1783870421377.jpg | https://images.aqar.fm/webp/750x0/props/028564766_1783870421370.jpg | https://images.aqar.fm/webp/750x0/props/028564769_1783870421372.jpg | https://images.aqar.fm/webp/750x0/props/028564762_1783870421372.jpg | https://images.aqar.fm/webp/750x0/props/028564769_1783870421374.jpg,12,أحمد بن سعد بن معتق,شركة سمة الوسيط العقارية,1,2026-07-12,2026-08-10,2026-08-16,698,2026-08-23,True,"650,000",False,فيلا
6674951,https://sa.aqar.fm/فلل-للبيع/الرياض/شرق-الرياض/حي-الجنادرية/شارع-عمر-ابن-حبيب-حي-الجنادرية-مدينة-الرياض-منطقة-الرياض-6674951,"فيلا للبيع في شارع عمر ابن حبيب, حي الجنادرية, مدينة الرياض, منطقة الرياض",1600000,277,5,5,1,0,حي الجنادرية,الرياض,شرق الرياض,"🏡 شركة موافقة العقارية
تقدّم لكم كل ما هو جديد ومميز في حيّ الجنادرية – 🌟

📣 حيث يجتمع السعر المميَّز مع جودة البناء 💪

للبيع: فيلا درج صالة مع شقة ع زاويه
📍 موقع مميَّز — 
📐 المساحة:277 م²
💰 السعر:مليون و٦٠٠ الف

تفاصيل الفيلا:
	•	مدخل سيارة 
	•	مجلس رجال 🛋️
	•	صالة طعام 🍽️
	•	صالة عائلية 🏠
	•	مجلس نساء 👩‍🦰
	•	مطبخ +مستودع
     • غرفه خادمه
     • مشب خارجي
     • 5 غرف نوم منهم ماستر
     • حوش خلفي واسع
     . موئسس اسانسير
     • سطح كبير

تفاصيل الشقق:
	•	مجلس رجال
	•	صالة
	•	غرفتين
     • سطح

📞 شركة موافقة العقارية
نتشرف بخدمتكم على مدار الساعة طوال أيام الأسبوع

  📲 للتواصل: 

((الرقم يظهر عند الضغط على اتصال))

أبو نجد

⚠️ ملاحظة: الموقع غير دقيق",24.836582,46.891886,https://images.aqar.fm/webp/750x0/props/052363594_1777466087420.jpg | https://images.aqar.fm/webp/750x0/props/052363595_1777466103427.jpg | https://images.aqar.fm/webp/750x0/props/052363597_1777466210041.jpg | https://images.aqar.fm/webp/750x0/props/052363592_1777466210113.jpg | https://images.aqar.fm/webp/750x0/props/052363594_1777466210071.jpg | https://images.aqar.fm/webp/750x0/props/052363599_1777466210207.jpg | https://images.aqar.fm/webp/750x0/props/052363599_1777466210124.jpg | https://images.aqar.fm/webp/750x0/props/052363594_1777466210110.jpg | https://images.aqar.fm/webp/750x0/props/052363593_1777466210264.jpg | https://images.aqar.fm/webp/750x0/props/052363596_1777466210323.jpg | https://images.aqar.fm/webp/750x0/props/052363597_1777466245922.jpg | https://images.aqar.fm/webp/750x0/props/052363598_1777466245905.jpg | https://images.aqar.fm/webp/750x0/props/052363591_1777466245975.jpg | https://images.aqar.fm/webp/750x0/props/052363595_1777466245923.jpg | https://images.aqar.fm/webp/750x0/props/052363593_1777466246002.jpg | https://images.aqar.fm/webp/750x0/props/052363599_1777466246043.jpg | https://images.aqar.fm/webp/750x0/props/052363599_1777466245999.jpg | https://images.aqar.fm/webp/750x0/props/052363594_1777466246044.jpg | https://images.aqar.fm/webp/750x0/props/052363593_1777466276102.jpg | https://images.aqar.fm/webp/750x0/props/052363599_1777466276132.jpg | https://images.aqar.fm/webp/750x0/props/052363594_1777466276148.jpg | https://images.aqar.fm/webp/750x0/props/052363597_1777466276150.jpg | https://images.aqar.fm/webp/750x0/props/052363590_1777466276151.jpg | https://images.aqar.fm/webp/750x0/props/052363597_1777466276197.jpg | https://images.aqar.fm/webp/750x0/props/052363597_1777466276109.jpg | https://images.aqar.fm/webp/750x0/props/052363597_1777466276111.jpg | https://images.aqar.fm/webp/750x0/props/052363599_1777466294661.jpg | https://images.aqar.fm/webp/750x0/props/052363592_1777466294742.jpg | https://images.aqar.fm/webp/750x0/props/052363599_1777466294716.jpg | https://images.aqar.fm/webp/750x0/props/052363598_1777466294787.jpg,30,نايف عبدالله بن سلطان بن سفران,مؤسسة موافقة العقارية,1,2026-04-29,2026-07-25,2026-08-13,607,2026-08-23,True,"1,600,000",False,فيلا
6833285,https://sa.aqar.fm/فلل-للبيع/الرياض/شرق-الرياض/حي-الجنادرية/شارع-غصون-حي-الجنادرية-مدينة-الرياض-منطقة-الرياض-6833285,"فيلا للبيع في شارع غصون, حي الجنادرية, مدينة الرياض, منطقة الرياض",1650000,303,7,4,2,0,حي الجنادرية,الرياض,شرق الرياض,"🔥 زاوية فاخرة.. وتصميم يفرض نفسه! 🔥
السعر قابل لتفاوض🔥

🏡 فيلا مميزة للبيع | حي غصون

إذا كنت تبحث عن الفخامة + الموقع + التوزيع الذكي… هذي تستاهل تشوفها 👌🏻

📐 المساحة: 303م²
📍 حي غصون – زاوية على شارعين 15م
✨ واجهة فاخرة وتصميم عصري أنيق

🏠 الفيلا:
• درج داخلي
• مجلس
• مقلط
• مطبخ
• 5 غرف نوم
• الدور العلوي يحتوي على 4 غرف نوم

🏢 وشقة مستقلة:
• مجلس
• مقلط
• صالة
• مطبخ
• غرفتان نوم

💎 سكن فاخر للعائلة + شقة للاستثمار أو الضيافة

📲 للتفاصيل ((الرقم يظهر عند الضغط على اتصال)) عبدالرحمن",24.849011,46.901113,https://images.aqar.fm/webp/750x0/props/053464582_1787245422615.jpg | https://images.aqar.fm/webp/750x0/props/053464585_1787245422629.jpg | https://images.aqar.fm/webp/750x0/props/053464586_1787245422619.jpg | https://images.aqar.fm/webp/750x0/props/053464581_1787245422639.jpg | https://images.aqar.fm/webp/750x0/props/053464588_1787245422637.jpg | https://images.aqar.fm/webp/750x0/props/053464584_1787245422633.jpg | https://images.aqar.fm/webp/750x0/props/053464580_1787245422628.jpg,7,جابر ال فهاد,شركة ركائز الروعة,1,2026-08-20,2026-08-20,2026-08-23,45,2026-08-23,True,"1,650,000",False,فيلا
6426879,https://sa.aqar.fm/فلل-للبيع/الرياض/شرق-الرياض/حي-الجنادرية/شارع-رقم-113-حي-الجنادرية-مدينة-الرياض-منطقة-الرياض-6426879,"فيلا للبيع في شارع رقم 113, حي الجنادرية, مدينة الرياض, منطقة الرياض",1100000,235,5,,,0,حي الجنادرية,الرياض,شرق الرياض,"*تاون هاوس ارضي
1_مدخلين 
2_مجلس مع دوره مياه بالمغاسل
3_مقلط
4_صاله
5_مطبخ
6_غرفه كبار سن
7_3غرف نوم منهم 1ماستر
8_4دورات مياه
9_سطح",24.842429,46.878269,https://images.aqar.fm/webp/750x0/props/035591348_1760623203162.jpg | https://images.aqar.fm/webp/750x0/props/035591340_1760623203276.jpg | https://images.aqar.fm/webp/750x0/props/035591342_1760623203361.jpg | https://images.aqar.fm/webp/750x0/props/035591341_1760623203437.jpg | https://images.aqar.fm/webp/750x0/props/035591344_1760623203528.jpg | https://images.aqar.fm/webp/750x0/props/035591348_1760623203628.jpg,6,راشد فهد,مؤسسة راشد فهد عبدالله العجمي للعقارات,1,2025-10-16,2025-10-16,2026-08-20,1235,2026-08-23,True,"1,100,000",False,فيلا
6478609,https://sa.aqar.fm/فلل-للبيع/الرياض/شرق-الرياض/حي-الجنادرية/حي-الجنادرية-مدينة-الرياض-منطقة-الرياض-6478609,"فيلا للبيع في حي الجنادرية, مدينة الرياض, منطقة الرياض",1150000,300,5,3,1,0,حي الجنادرية,الرياض,شرق الرياض,"للبيع فيلا مشروع بوابة الشرق حي الجنادريه مساحة 300 متر جديده لم تسكن بتصميم مميز

الاستفسار ((رقم المعلن يظهر عند التواصل))",24.835345,46.87354,https://images.aqar.fm/webp/750x0/props/008056085_1764068633343.jpg | https://images.aqar.fm/webp/750x0/props/008056083_1771023059317.jpg | https://images.aqar.fm/webp/750x0/props/008056085_1771023059338.jpg,3,عبدالله فواز,شركة فكرة العمار للعقارات شركة شخص واحد,1,2025-11-23,2025-11-23,2026-08-15,2319,2026-08-23,True,"1,150,000",False,فيلا
6669037,https://sa.aqar.fm/فلل-للبيع/الرياض/شرق-الرياض/حي-الجنادرية/شارع-العمرة-حي-الجنادرية-مدينة-الرياض-منطقة-الرياض-6669037,"فيلا للبيع في شارع العمرة, حي الجنادرية, مدينة الرياض, منطقة الرياض",750000,171,3,5,2,0,حي الجنادرية,الرياض,شرق الرياض,"للبيع  تاون هاوس علوي حي الجنادرية – عرض رقم  1731 H 

المواصفات:
- المساحة 190 متر
-  دور أول ( يتكون من   مجلس _صاله   _ مطبخ _    2 حمام   )
-  دور علوي  ( يتكون من 3 غرف نوم  ماستر  _  صاله _  حمام _  سطح  )

المميزات:
- عمر العقار جديد
- تشطيب سوبر لوكس
- موقف سيارة خاص
- الواجهة جنوبية
- موقع مميز في مدينة الرياض
- الموقع يخدم الحياة اليومية بجميع احتياجاتها (مطاعم، خدمات، صالات رياضية، مولات، مدارس، مستشفيات) 

السعر: 750,000 ريال

رقم العرض:   H 1731
-----------------
الـــفـــريـــح للــــعـــقـــارات",24.842198,46.888078,https://images.aqar.fm/webp/750x0/props/044628563_1777123415115.jpg | https://images.aqar.fm/webp/750x0/props/044628561_1777123415079.jpg | https://images.aqar.fm/webp/750x0/props/044628561_1777123415113.jpg | https://images.aqar.fm/webp/750x0/props/044628568_1777123415112.jpg | https://images.aqar.fm/webp/750x0/props/044628563_1777123415102.jpg | https://images.aqar.fm/webp/750x0/props/044628565_1777123415110.jpg | https://images.aqar.fm/webp/750x0/props/044628565_1777123415117.jpg | https://images.aqar.fm/webp/750x0/props/044628565_1777123415106.jpg | https://images.aqar.fm/webp/750x0/props/044628564_1777123415114.jpg | https://images.aqar.fm/webp/750x0/props/044628565_1777123415111.jpg | https://images.aqar.fm/webp/750x0/props/044628567_1777123415107.jpg | https://images.aqar.fm/webp/750x0/props/044628565_1777123415108.jpg | https://images.aqar.fm/webp/750x0/props/044628564_1777123415124.jpg | https://images.aqar.fm/webp/750x0/props/044628562_1777123415119.jpg | https://images.aqar.fm/webp/750x0/props/044628566_1777123415139.jpg | https://images.aqar.fm/webp/750x0/props/044628563_1777123415130.jpg | https://images.aqar.fm/webp/750x0/props/044628561_1777123415133.jpg | https://images.aqar.fm/webp/750x0/props/044628560_1777123415143.jpg | https://images.aqar.fm/webp/750x0/props/044628567_1777123415145.jpg | https://images.aqar.fm/webp/750x0/props/044628562_1777123415151.jpg | https://images.aqar.fm/webp/750x0/props/044628568_1777123415139.jpg | https://images.aqar.fm/webp/750x0/props/044628565_1777123415144.jpg,22,ريماز مشعل فريح المطيري,مكتب ريماز مشعل فريح المطيري للعقارات,1,2026-04-25,2026-05-24,2026-08-20,1521,2026-08-23,True,"750,000",False,فيلا
6667021,https://sa.aqar.fm/فلل-للبيع/الرياض/شرق-الرياض/حي-الجنادرية/حي-الجنادرية-مدينة-الرياض-منطقة-الرياض-6667021,"فيلا للبيع في حي الجنادرية, مدينة الرياض, منطقة الرياض",1200000,234,,5,2,0,حي الجنادرية,الرياض,شرق الرياض,"فرصه للسكن والاستثمار 
للبيــــــــع 
فيلا درج صاله مع شقه 
فى حي الجنادرية مخطط بوابة الشرق 
المساحة ٢٣٤.٦٦م
الوجهه شرقيه شارع ١٥م 
السعر مليون و ٢٠٠ الف
العمر جديد 
التفاصيل 
الفيلا عباره عن 
الدور الارضي 
مدخل سياره + ملحق خارجي + مجلس رجال ودورة مياه 
+ مقلط + صاله كبيره + مدخل نساء + مطبخ + غرفه خادمه بدوره مياه + دورة مياه 
<><><><><>
الدور الأول العلوي 
صاله + ٤ غرف نوم منهم غرفتين ماستر + دورة مياه 
_____________
تفصيل الشقه 
مدخل خاص 
٣ غرف ودورتين مياه ومطبخ وصالة ومعها سطح
___________
عداد كهرباء مستقل للفيلا 
عداد كهرباء مستقل للشقة 
عداد مياه مشترك للفيلا والشقة
يوجد جميع الضمانات
ملاحظة 
الفيلا مؤجره بقيمه 45 الف سنوي الدفعات شهري 3750

بالاضافة الى الشقه مؤجره بقيمه 28200 سنوي 
الدفعات شهري 2350
القيمة الإجمالية للسنة 73200
<><><><><><>
الفيلا ساكنه يلزم موعد مسبق لزيارة الفيلا 
التواصل مؤسسة الاعمار الذكيه
0533008447 واتساب",24.906885,46.963479,https://images.aqar.fm/webp/750x0/props/037868744_1776943720068.jpg,1,عبدالله بن حمد بن عبدالله العامر,مؤسسة الإعمار الذكيه للخدمات العقارية,1,2026-04-23,2026-08-17,2026-08-23,554,2026-08-23,True,"1,200,000",False,فيلا
6418326,https://sa.aqar.fm/فلل-للبيع/الرياض/شرق-الرياض/حي-الجنادرية/شارع-رقم-166-حي-الجنادرية-مدينة-الرياض-منطقة-الرياض-6418326,"فيلا للبيع في شارع رقم 166, حي الجنادرية, مدينة الرياض, منطقة الرياض",1100000,192,4,,,0,حي الجنادرية,الرياض,شرق الرياض,"للتواصل ((رقم المعلن يظهر عند التواصل))

حي الجنادرية 
تاون هاوس علوي درج داخلي 
تصميم مميز",24.84861,46.888155,https://images.aqar.fm/webp/750x0/props/042914503_1764494142713.jpg | https://images.aqar.fm/webp/750x0/props/042914503_1764494157622.jpg | https://images.aqar.fm/webp/750x0/props/042914500_1764494157626.jpg | https://images.aqar.fm/webp/750x0/props/042914502_1764494157639.jpg | https://images.aqar.fm/webp/750x0/props/042914500_1764494157703.jpg | https://images.aqar.fm/webp/750x0/props/042914509_1764494157675.jpg | https://images.aqar.fm/webp/750x0/props/042914505_1764494157705.jpg | https://images.aqar.fm/webp/750x0/props/042914509_1764494157682.jpg,8,ماجد البقمي,,0,2025-10-11,2025-10-11,2026-08-18,318,2026-08-23,True,"1,100,000",False,فيلا
6418323,https://sa.aqar.fm/فلل-للبيع/الرياض/شرق-الرياض/حي-الجنادرية/شارع-رقم-164-حي-الجنادرية-مدينة-الرياض-منطقة-الرياض-6418323,"فيلا للبيع في شارع رقم 164, حي الجنادرية, مدينة الرياض, منطقة الرياض",1100000,192,4,,,0,حي الجنادرية,الرياض,شرق الرياض,"للتواصل ((رقم المعلن يظهر عند التواصل))

حي الجنادرية 
تاون هاوس علوي درج داخلي 
تصميم مميز",24.849382,46.8901,https://images.aqar.fm/webp/750x0/props/042914509_1764494192374.jpg | https://images.aqar.fm/webp/750x0/props/042914508_1764494205460.jpg | https://images.aqar.fm/webp/750x0/props/042914505_1764494205476.jpg | https://images.aqar.fm/webp/750x0/props/042914507_1764494205487.jpg | https://images.aqar.fm/webp/750x0/props/042914506_1764494205475.jpg | https://images.aqar.fm/webp/750x0/props/042914506_1764494205499.jpg | https://images.aqar.fm/webp/750x0/props/042914506_1764494205541.jpg | https://images.aqar.fm/webp/750x0/props/042914509_1764494205561.jpg,8,ماجد البقمي,,0,2025-10-11,2025-10-11,2026-08-18,166,2026-08-23,True,"1,100,000",False,فيلا
6776687,https://sa.aqar.fm/فلل-للبيع/الرياض/شرق-الرياض/حي-الجنادرية/شارع-المرجان-حي-الجنادرية-مدينة-الرياض-منطقة-الرياض-6776687,"فيلا للبيع في شارع المرجان, حي الجنادرية, مدينة الرياض, منطقة الرياض",1650000,302,6,,,0,حي الجنادرية,الرياض,شرق الرياض,"فلة درج داخلي نوافذ واسعة ومعزولة 
ترس 
أحواش واسعة 
تكييف مخفي 
مجلس وصالة طعام 
مجلس نساء 
4غرف نوم 
2ماستر 
صالة 
غرفة غدامة 
غرفت غسيل كل الغرف 6
المساحه 270
شارع 15 
واجهه غربية
أسس المرجان 
لتواصل والاستفسار ((الرقم يظهر عند الضغط على اتصال))ابو عجلان",24.890088,46.94313,https://images.aqar.fm/webp/750x0/props/004670694_1784198871722.jpg | https://images.aqar.fm/webp/750x0/props/004670693_1784198871133.jpg | https://images.aqar.fm/webp/750x0/props/004670697_1784198871410.jpg | https://images.aqar.fm/webp/750x0/props/004670691_1784198871905.jpg | https://images.aqar.fm/webp/750x0/props/004670693_1784198871898.jpg | https://images.aqar.fm/webp/750x0/props/004670692_1784198872529.jpg | https://images.aqar.fm/webp/750x0/props/004670694_1784198872529.jpg | https://images.aqar.fm/webp/750x0/props/004670692_1784198872690.jpg | https://images.aqar.fm/webp/750x0/props/004670696_1784198872701.jpg | https://images.aqar.fm/webp/750x0/props/004670692_1784198872918.jpg | https://images.aqar.fm/webp/750x0/props/004670691_1784198873269.jpg,11,جابر ال فهاد,شركة ركائز الروعة,1,2026-07-16,2026-08-14,2026-08-23,95,2026-08-23,True,"1,650,000",False,فيلا
6680010,https://sa.aqar.fm/فلل-للبيع/الرياض/شرق-الرياض/حي-الجنادرية/حي-الجنادرية-الرياض-منطقة-الرياض-6680010,فيلا للبيع في حي الجنادرية ، الرياض ، منطقة الرياض,970000,20,7,5,3,0,حي الجنادرية,الرياض,شرق الرياض,"من المالك مباشرة  
فيلا زاوية مساحة ٢٠٠.٣٧ م 
الموقع بوابة الشرق المربع الذهبي
شارعين ١٥ وتفتح على صامت تجاري بدون جار امامي
المكونات 
الدور الارضي 
مجلس 
مقلط 
صالتين في قسم النساء تفتح على بعض 
مطبخ مع مستودع 
دورتان مياه
غرفة سائق 
مأسس مصعد 
الدور الاول 
٤ غرف نوم مع ثلاثة دورات مياه 
الملحق مطبخ اوفيس مع 
غرفتان نوم وصالة مع سطح واسع 
جميع الضمانات والتامين ضد العيوب الخفية والاشراف الهندسي موجودة
تصوير موجود من صبة النظافة الى صبة الخزان والملحق 
شغل شخصي وتشطيب مودرن
جميع الخدمات من كهرباء ومياه شغالة 
حي مكتمل",24.891352,46.95071,,,عيد بن سليم ابن مبارك العتيبي,,,2026-05-03,,2026-07-15,49,2026-08-23,False,طلب تسويق,False,فيلا
6763651,https://sa.aqar.fm/فلل-للبيع/الرياض/شرق-الرياض/حي-الجنادرية/شارع-رقم-186-حي-الجنادرية-مدينة-الرياض-منطقة-الرياض-6763651,"فيلا للبيع في شارع رقم 186, حي الجنادرية, مدينة الرياض, منطقة الرياض",1350000,270,5,5,2,0,حي الجنادرية,الرياض,شرق الرياض,"فيلا للبيع في حي الجنادرية - فرصة مميزة
• الموقع: حي الجنادرية
مساحة الأرض: 270 م2
. مسطح البناء: 430 م2
مواصفات الفيلا:
دور أرضي: مجلس رجال مع مقلط، وصالة، ومطبخ، ومجلس نساء بمدخل خاص، 3 حمامات.
• الدور الأول: 3 غرف نوم (إحداها ماستر) + حمام مشترك.
• شقة مستقلة بمدخل خاص: غرفتن نوم، مجلس، مطبخ،
2 حمام.

* فيلا فاخرة بتصميم عصري، وموقع هادئ وقريب من جميع الخدمات.",24.850887,46.886911,https://images.aqar.fm/webp/750x0/props/043725101_1783425503622.jpg | https://images.aqar.fm/webp/750x0/props/043725107_1783425573967.jpg | https://images.aqar.fm/webp/750x0/props/043725107_1783425574035.jpg | https://images.aqar.fm/webp/750x0/props/043725109_1783425573950.jpg | https://images.aqar.fm/webp/750x0/props/043725108_1783425573963.jpg | https://images.aqar.fm/webp/750x0/props/043725109_1783425573952.jpg | https://images.aqar.fm/webp/750x0/props/043725106_1783425573987.jpg | https://images.aqar.fm/webp/750x0/props/043725109_1783425573949.jpg | https://images.aqar.fm/webp/750x0/props/043725102_1783425573956.jpg | https://images.aqar.fm/webp/750x0/props/043725106_1783425611738.jpg,10,بندر مرعي حسين قماش,شركة سمار العقارية,1,2026-07-07,2026-08-05,2026-08-22,864,2026-08-23,True,"1,350,000",False,فيلا
6772139,https://sa.aqar.fm/فلل-للبيع/الرياض/شرق-الرياض/حي-الجنادرية/شارع-الربع-الخالي-حي-الجنادرية-مدينة-الرياض-منطقة-الرياض-6772139,"فيلا للبيع في شارع الربع الخالي, حي الجنادرية, مدينة الرياض, منطقة الرياض",1250000,256,4,4,2,0,حي الجنادرية,الرياض,شرق الرياض,"فلل مستقلة للبيع 

فيلا رقم 3 : 
الدور الارضي 
ملحق خارجي + دورة مياة + مجلس + مقلط + صالة صغيرة مع حمام  + مطبخ + مستودع 
الدور الاول 
غرفتين نوم بينها حمام + غرفة ماستر + صالة  مع دورة مياة 
الدور الثاني 
سطح مع غرفة وحمام

زاوية شارع 25 غربي شارع 25شمالي 
السعر : 1250000
____________
فيلا رقم 2 : 
 
الدور الارضي 
ملحق خارجي + دورة مياة + مجلس + مقلط + صالة صغيرة مع حمام  + مطبخ + مستودع 
الدور الاول 
غرفتين نوم بينها حمام + غرفة ماستر + صالة  مع دورة مياة 
الدور الثاني 
سطح مع غرفة وحمام

زاوية شارع 25 غربي شارع 15جنوبي
السعر : 1250000",24.903518,46.963013,https://images.aqar.fm/webp/750x0/props/008594319_1783961427677.jpg | https://images.aqar.fm/webp/750x0/props/008594314_1783961427671.jpg,2,خالد ابراهيم,مكتب سما القارات للعقارات,1,2026-07-13,2026-08-11,2026-08-18,358,2026-08-23,True,"1,250,000",False,فيلا
6653674,https://sa.aqar.fm/فلل-للبيع/الرياض/شرق-الرياض/حي-الجنادرية/شارع-رقم-50-حي-الجنادرية-مدينة-الرياض-منطقة-الرياض-6653674,"فيلا للبيع في شارع رقم 50, حي الجنادرية, مدينة الرياض, منطقة الرياض",4200000,980,,0,0,7,حي الجنادرية,الرياض,شرق الرياض,"فيلا فاخرة للبيع بحي الجنادرية - موقع مميز على طريق خريص

المساحة: 980 م²
الموقع: زاوية مميزة بواجهة جنوبية شرقية
الشوارع: شارع غربي  20م (على طريق خريص) + شارع جنوبي 15م  

⸻

مواصفات الفيلا:

الدور الأرضي:
	•	حوش رجال واسع مع مدخل سيارة
	•	خيمتين كبيرتين جداً مجهزتين
	•	حوش نساء مستقل ومعزول يحتوي على:
	•	مجلس نساء كبير
	•	دورة مياه
	•	مستودع + مطبخ
	•	غرفة غسيل مجهزة
	•	غرفة خادمة مع دورة مياه خاصة

داخل الفيلا:
	•	مجلس رجال كبير جداً
	•	صالة نساء واسعة
	•	صالة عائلية
	•	مطبخ
	•	4 غرف نوم
	•	4 دورات مياه

⸻

الدور الأول:
	•	شقتان مستقلة (لكل شقة مدخلين)
	•	كل شقة تحتوي على:
	•	3 غرف نوم
	•	صالة
	•	مجلس منعزل
	•	مطبخ
	•	2 دورة مياه ( احدى الشقق تحتوي على 3 دورات مياه )

⸻

الدور الثاني:
	•	5 غرف نوم
	•	صالة
	•	مجلس
	•	خيمة كبيرة على السطح
	•	4 دورات مياه

⸻

مميزات إضافية:
	•	تصميم يناسب العوائل الكبيرة أو الاستثمار
	•	موقع استراتيجي قريب من جميع الخدمات والمدارس
	•	الواجهة على طريق خريص مباشرة تزيد من قيمة العقار

⸻

للتواصل والاستفسار الجاد:
(ضع رقم التواصل هنا)",24.812164,46.874941,https://images.aqar.fm/webp/750x0/props/005143741_1776101958081.jpg | https://images.aqar.fm/webp/750x0/props/005143740_1776101958078.jpg | https://images.aqar.fm/webp/750x0/props/005143742_1776101958095.jpg,3,حمود بشير,مكتب قصر الشوامخ للعقارات,1,2026-04-13,2026-06-11,2026-06-11,1155,2026-08-23,True,"4,200,000",False,فيلا
6558397,https://sa.aqar.fm/فلل-للبيع/الرياض/شرق-الرياض/حي-الجنادرية/شارع-رقم-85-حي-الجنادرية-مدينة-الرياض-منطقة-الرياض-6558397,"فيلا للبيع في شارع رقم 85, حي الجنادرية, مدينة الرياض, منطقة الرياض",2250000,480,,5,5,9,حي الجنادرية,الرياض,شرق الرياض,"للبيع فيلا مميزة سكن واستثمار
مساحة ٤٨٠
٤ وحدات سكنية دور و ٣ شقق
شارع غربي ٢٥
٣ عدادات كهرب


الدور الارضي    
مشب وحوش ومجلس رجال ومقلط ومطبخ ٢ صاله ٣ غرف نوم     ٤ دورات مياه
 
الدور الاول
شقتين مكونه من ٣ غرف وصاله ومطبخ  ٢ دورة مياه 

الدور الثاني
شقة مع السطح مكونه من ٤ غرف نوم وصاله ومطبخ ٢ دورة مياه 

جميع الغرف وسيعه وشرحه

مع المالك مباشرة",24.834022,46.887509,https://images.aqar.fm/webp/750x0/props/027665380_1769112562076.jpg | https://images.aqar.fm/webp/750x0/props/027665388_1769112562085.jpg | https://images.aqar.fm/webp/750x0/props/027665381_1773779918021.jpg | https://images.aqar.fm/webp/750x0/props/027665387_1777473918367.jpg | https://images.aqar.fm/webp/750x0/props/027665382_1777473918367.jpg | https://images.aqar.fm/webp/750x0/props/027665388_1777473918365.jpg | https://images.aqar.fm/webp/750x0/props/027665389_1777473918365.jpg | https://images.aqar.fm/webp/750x0/props/027665384_1777473918366.jpg | https://images.aqar.fm/webp/750x0/props/027665380_1777473918368.jpg | https://images.aqar.fm/webp/750x0/props/027665381_1777473918370.jpg | https://images.aqar.fm/webp/750x0/props/027665384_1777473918375.jpg | https://images.aqar.fm/webp/750x0/props/027665386_1777473935435.jpg | https://images.aqar.fm/webp/750x0/props/027665386_1777473935442.jpg | https://images.aqar.fm/webp/750x0/props/027665386_1777473935438.jpg | https://images.aqar.fm/webp/750x0/props/027665386_1777473935438.jpg | https://images.aqar.fm/webp/750x0/props/027665384_1777473935440.jpg | https://images.aqar.fm/webp/750x0/props/027665385_1777473935438.jpg | https://images.aqar.fm/webp/750x0/props/027665386_1777473935441.jpg,18,محمد عبدالله سعيد غايب,مؤسسة نوادر الأبراج العقارية,1,2026-01-22,2026-07-30,2026-08-22,1979,2026-08-23,True,"2,250,000",False,فيلا
6742879,https://sa.aqar.fm/فلل-للبيع/الرياض/شرق-الرياض/حي-الجنادرية/شارع-رقم-13-حي-الندوة-الرياض-منطقة-الرياض-6742879,"فيلا للبيع في شارع 0000, حي الندوة, مدينة الرياض, منطقة الرياض",1200000,270,5,5,1,0,حي الجنادرية,الرياض,شرق الرياض,"🏡 للبيع فيلا – الدور الأرضي

📐 مساحة الأرض: 312م²

✨ مواصفات الوحدة:

* مجلس.
* مقلط.
* صالة.
* مطبخ.
* غرفة خادمة.
* غرفة لكبار السن.
* 3 غرف نوم.
* 5 دورات مياه.
* درج داخلي.
* حوش خاص.

📍 المميزات:

* زاوية على شارعين 20م × 15م.
* موقع استراتيجي مميز يفتح على طريق خريص (ظهيرة تجاري).
* جميع الخدمات الأساسية متوفرة في الحي.
* شبكة صرف صحي.
* شبكة مياه.
* خلف مستشفى العائلة مباشرة.
* مسجد في نهاية الشارع.
* حديقة قريبة من الفيلا.
* مدارس حكومية قريبة.
* مدارس أهلية قريبة.
* موقع مثالي للسكن والاستثمار في آن واحد.
* فرصة نادرة في موقع حيوي ومطلوب.

💰 السعر: 1,300,000 ريال

📞 للاستفسار الجاد وطلب صور أوضح أو تحديد موعد للمعاينة، يرجى التواصل فورًا عبر الواتساب:
((الرقم يظهر عند الضغط على اتصال))

📍 كما يمكن زيارة الموقع المرفق والاستفسار من الحارس.",24.80502892175713,46.87299001927702,https://images.aqar.fm/webp/750x0/props/005610629_1782121426405.jpg | https://images.aqar.fm/webp/750x0/props/005610624_1782121426410.jpg | https://images.aqar.fm/webp/750x0/props/005610628_1782941925681.jpg | https://images.aqar.fm/webp/750x0/props/005610622_1782941925237.jpg | https://images.aqar.fm/webp/750x0/props/005610623_1782941925616.jpg | https://images.aqar.fm/webp/750x0/props/005610621_1782941925527.jpg | https://images.aqar.fm/webp/750x0/props/005610627_1782941925616.jpg | https://images.aqar.fm/webp/750x0/props/005610628_1782941925680.jpg | https://images.aqar.fm/webp/750x0/props/005610623_1782941925445.jpg | https://images.aqar.fm/webp/750x0/props/005610627_1782941925615.jpg,10,أسماء بنت متعب كسار العنزي,,,2026-06-22,2026-07-06,2026-07-22,1013,2026-08-23,True,"1,200,000",False,فيلا
6422827,https://sa.aqar.fm/فلل-للبيع/الرياض/شرق-الرياض/حي-الجنادرية/حي-الجنادرية-مدينة-الرياض-منطقة-الرياض-6422827,"فيلا للبيع في حي الجنادرية, مدينة الرياض, منطقة الرياض",1550000,300,,5,3,0,حي الجنادرية,الرياض,شرق الرياض,"للبيع فيلا درج داخلي + شقه 
حي الجنادرية مخطط غصون 
الوجهه شماليه شارع 15 متر
المساحه 300 متر 
السعر مليون و 550 الف 
تفصيل الفيلا 
الدور الارضي مدخل سياره + ملحق خارجي + مجلس رجال بدورة مياه ومغسلة + مؤسس مصعد + صاله كبيره بها مدخل النساء + مطبخ + غرفه خادمه بدوره مياه + غرفه كبار سن + مغسلة ودورة مياة 
<><><><><><><><>
الدور الأول العلوي 
صاله + 4 غرف نوم منهم غرفتين ماستر + دورة مياه 
اجمالي دورات المياه فى الدور 3
<><><><><><><><><>
نظام الشقه 
مدخلين 
مدخل لمجلس الرجال وبه دورة مياه ومغسلة 
المدخل الثاني _ صاله + مطبخ + غرفتين نوم + دورة مياه + 
السطح بمدخل لحاله من الدرج 
<><><><><><><><><><><>
يوجد جميع الضمانات على الفيلا كم يوجد شهادة إشراف مكتب هندسي 
يوجد شهادة إتمام بناء 
يوجد تأمين ملاز 
يوجد عداد كهرباء مستقل للفيلا 
كم يوجد عداد مياه راكب 
كم يوجد عداد كهرباء مستقل للشقة 
______________
التواصل مؤسسة الاعمار الذكيه
((رقم المعلن يظهر عند التواصل)) واتساب",24.838328,46.89254,https://images.aqar.fm/webp/750x0/props/049687094_1779309324980.jpg,1,عبدالله بن حمد بن عبدالله العامر,مؤسسة الإعمار الذكيه للخدمات العقارية,1,2025-10-13,2025-10-13,2026-08-23,4309,2026-08-23,True,"1,550,000",False,فيلا
6601772,https://sa.aqar.fm/فلل-للبيع/الرياض/شرق-الرياض/حي-الجنادرية/حي-الجنادرية-مدينة-الرياض-منطقة-الرياض-6601772,"فيلا للبيع في حي الجنادرية, مدينة الرياض, منطقة الرياض",1250000,412,5,0,0,0,حي الجنادرية,الرياض,شرق الرياض,$5b,24.898337,46.958918,https://images.aqar.fm/webp/750x0/props/041229259_1771852931850.jpg,1,فهد مطير حمود العتيبي,مؤسسة منبع السعادة للخدمات العقارية,1,2026-02-23,2026-08-16,2026-08-16,451,2026-08-23,True,"1,250,000",False,فيلا
6577625,https://sa.aqar.fm/فلل-للبيع/الرياض/شرق-الرياض/حي-الجنادرية/شارع-محمد-حي-الجنادرية-مدينة-الرياض-منطقة-الرياض-6577625,"فيلا للبيع في شارع محمد, حي الجنادرية, مدينة الرياض, منطقة الرياض",650000,182,4,0,0,0,حي الجنادرية,الرياض,شرق الرياض,"⛔️ تاون هاوس ⛔️

عباره عن مدخل خاص وبايكه ( 3 غرف وحده ماستر - مجلس - مقلط - صاله - حوش 3 دورات مياه )",24.843608,46.892716,https://images.aqar.fm/webp/750x0/props/021228037_1784310430979.jpg | https://images.aqar.fm/webp/750x0/props/021228037_1784310430983.jpg | https://images.aqar.fm/webp/750x0/props/021228030_1784310430983.jpg | https://images.aqar.fm/webp/750x0/props/021228039_1784310430940.jpg | https://images.aqar.fm/webp/750x0/props/021228032_1784310430941.jpg | https://images.aqar.fm/webp/750x0/props/021228034_1784310430984.jpg,6,وليد زيد,مؤسسة تداول البيان للتطوير والاستثمار العقاري,1,2026-02-05,2026-07-30,2026-08-21,4592,2026-08-23,True,"650,000",False,فيلا
6376511,https://sa.aqar.fm/فلل-للبيع/الرياض/شرق-الرياض/حي-الجنادرية/شارع-رقم-159-حي-الجنادرية-مدينة-الرياض-منطقة-الرياض-6376511,"فيلا للبيع في شارع رقم 159, حي الجنادرية, مدينة الرياض, منطقة الرياض",1300000,381,,5,5,0,حي الجنادرية,الرياض,شرق الرياض,"الـسـلام عـلـيـكم ورحـمـة الله وبركــاتــه

للبيــــــــع 
فيلا درج داخلي ب شقه
ب مساحة ٣٨١
في حي الجنادريه
على شـارع ١٥

مواصفاتها :

* عليها شهادة اتمام البناء
* يوجد عليها ضمانات العزل
* يوجد تأمين ملاذ ضد العيوب الخفيه
*مسجد قريب 

تتكون: 

* مجلس داخلي
* مقلط صيافه
* صاله واسعه 
* ⁠مطبخ غرفة غسيل 
* ⁠غرفة نوم ماستر
* ⁠غرفة نوم ماستر
* ⁠غرفة نوم 
* ⁠غرفة نوم 
* ⁠٥ دورة مياه
—————————-
الشقه :

* مجلس ب سطح
* ⁠مطبخ 
* ⁠غرفة نوم 
* ⁠غرفة نوم 
*٣ دورة مياه

** السعر ١،٤٥٠،٠٠٠
** رقم رخصة الوساطه 1100270266
** لـ الإسـتفسـار ((رقم المعلن يظهر عند التواصل))",24.845517,46.872702,https://images.aqar.fm/webp/750x0/props/020063771_1757536892198.jpg | https://images.aqar.fm/webp/750x0/props/020063775_1757536892194.jpg | https://images.aqar.fm/webp/750x0/props/020063774_1757536892237.jpg | https://images.aqar.fm/webp/750x0/props/020063774_1757536892210.jpg | https://images.aqar.fm/webp/750x0/props/020063770_1757536892239.jpg | https://images.aqar.fm/webp/750x0/props/020063779_1757536892227.jpg | https://images.aqar.fm/webp/750x0/props/020063771_1757536892213.jpg | https://images.aqar.fm/webp/750x0/props/020063772_1757536892224.jpg,8,سلطان سفر مسفر المطيري,,,2025-09-10,2025-09-10,2026-08-21,2117,2026-08-23,True,"1,300,000",False,فيلا
6646125,https://sa.aqar.fm/فلل-للبيع/الرياض/شرق-الرياض/حي-الجنادرية/شارع-الجنادريه-حي-الجنادرية-مدينة-الرياض-منطقة-الرياض-6646125,"فيلا للبيع في شارع الجنادريه, حي الجنادرية, مدينة الرياض, منطقة الرياض",2200000,214,,0,0,0,حي الجنادرية,الرياض,شرق الرياض,"فيلا للبيع 

دور ارضي مستقل 
مدخل سياره يشيل سيارتين 
مجلس 
دوراة مياه ومغاسل
غرفة طعام 
صالة 
مطبخ 
مستودع 
دوراة مياه 
غرفتين ماستر 
غرفة 
دوراة مياه 

الدور الاول شقة 1
مدخلين 
صالة 
مطبخ 
غرفتين نوم 
دوراة مياه 
مجلس مدخل 2
دوراة مياه 
مغاسل

الدور الاول شقة 2
مدخلين 
مجلس 
دوراة مياه 
غرفة طعام 
صالة 
مطبخ 
دوراة مياه 
غرفة 
غرفة ماستر 
بلكونه واسعه 

الدور الثاني 
شقة 
صالة 
دوراة مياه 
غرفتين 
سطح واسع 


يوجد ضمانات على السباكة والكهرباء 
جوده عالية بالمواد 
يوجد تأسيس مصعد 
العقار مناسب للاستثمار والسكن 
مقابل العقار تجاري صامت ( سور عالي ) يعطي سعه للشارع",24.851816,46.899652,https://images.aqar.fm/webp/750x0/props/003868404_1775629012922.jpg | https://images.aqar.fm/webp/750x0/props/003868402_1775629013017.jpg | https://images.aqar.fm/webp/750x0/props/003868404_1775629012970.jpg | https://images.aqar.fm/webp/750x0/props/003868407_1775629013037.jpg | https://images.aqar.fm/webp/750x0/props/003868402_1775629013038.jpg | https://images.aqar.fm/webp/750x0/props/003868408_1775629013051.jpg | https://images.aqar.fm/webp/750x0/props/003868403_1775629013031.jpg | https://images.aqar.fm/webp/750x0/props/003868400_1775629013052.jpg | https://images.aqar.fm/webp/750x0/props/003868403_1775629079783.jpg | https://images.aqar.fm/webp/750x0/props/003868405_1775629079782.jpg | https://images.aqar.fm/webp/750x0/props/003868408_1775629079746.jpg | https://images.aqar.fm/webp/750x0/props/003868408_1775629079715.jpg | https://images.aqar.fm/webp/750x0/props/003868401_1775629079734.jpg | https://images.aqar.fm/webp/750x0/props/003868401_1775629079767.jpg | https://images.aqar.fm/webp/750x0/props/003868401_1775629079785.jpg | https://images.aqar.fm/webp/750x0/props/003868406_1775629197331.jpg | https://images.aqar.fm/webp/750x0/props/003868402_1775629197336.jpg | https://images.aqar.fm/webp/750x0/props/003868403_1775629197281.jpg | https://images.aqar.fm/webp/750x0/props/003868408_1775629197284.jpg | https://images.aqar.fm/webp/750x0/props/003868401_1775629197286.jpg | https://images.aqar.fm/webp/750x0/props/003868407_1775629197562.jpg | https://images.aqar.fm/webp/750x0/props/003868405_1775629197330.jpg | https://images.aqar.fm/webp/750x0/props/003868407_1775629199158.jpg | https://images.aqar.fm/webp/750x0/props/003868403_1775629265440.jpg | https://images.aqar.fm/webp/750x0/props/003868405_1775629265494.jpg | https://images.aqar.fm/webp/750x0/props/003868400_1775629265438.jpg | https://images.aqar.fm/webp/750x0/props/003868408_1775629265491.jpg | https://images.aqar.fm/webp/750x0/props/003868404_1775629265487.jpg | https://images.aqar.fm/webp/750x0/props/003868409_1775629265512.jpg | https://images.aqar.fm/webp/750x0/props/003868400_1775629265516.jpg,30,عمر محمد منصور العمران,شركة عين الرائدة العقارية,1,2026-04-08,2026-08-02,2026-08-21,458,2026-08-23,True,"2,200,000",False,فيلا
6418322,https://sa.aqar.fm/فلل-للبيع/الرياض/شرق-الرياض/حي-الجنادرية/شارع-رقم-164-حي-الجنادرية-مدينة-الرياض-منطقة-الرياض-6418322,"فيلا للبيع في شارع رقم 164, حي الجنادرية, مدينة الرياض, منطقة الرياض",1200000,255,4,,,0,حي الجنادرية,الرياض,شرق الرياض,"للتواصل ((رقم المعلن يظهر عند التواصل))

الجنادرية 
تاون هاوس ارضي درج داخلي 
تصميم مميز",24.849326,46.88997,https://images.aqar.fm/webp/750x0/props/042914503_1764497957630.jpg | https://images.aqar.fm/webp/750x0/props/042914507_1764497974108.jpg | https://images.aqar.fm/webp/750x0/props/042914508_1764497974189.jpg | https://images.aqar.fm/webp/750x0/props/042914505_1764497974130.jpg | https://images.aqar.fm/webp/750x0/props/042914503_1764497974140.jpg | https://images.aqar.fm/webp/750x0/props/042914502_1764497974214.jpg | https://images.aqar.fm/webp/750x0/props/042914509_1764497974221.jpg | https://images.aqar.fm/webp/750x0/props/042914503_1764497974221.jpg,8,ماجد البقمي,,0,2025-10-11,2025-10-11,2026-08-18,213,2026-08-23,True,"1,200,000",False,فيلا
6732726,https://sa.aqar.fm/فلل-للبيع/الرياض/شرق-الرياض/حي-الجنادرية/شارع-رقم-154-حي-الجنادرية-مدينة-الرياض-منطقة-الرياض-6732726,"فيلا للبيع في شارع رقم 154, حي الجنادرية, مدينة الرياض, منطقة الرياض",1350000,292,6,0,0,7,حي الجنادرية,الرياض,شرق الرياض,"نوع العقار: دور ماسس
عمر العقار:  7سنوات
مساحة العقار: 292
واجهة العقار: شمالي
عدد غرف النوم 3  وحده ماستر
+مجلس
 +مقلط
+مطبخ
+صاله
+ 3  دورات مياه
+مدخل سياره
+حديقه
+ مضله لسياره 
عرض الشارع: 15",24.845109,46.884104,https://images.aqar.fm/webp/750x0/props/018085967_1781454198599.jpg | https://images.aqar.fm/webp/750x0/props/018085960_1781454198580.jpg | https://images.aqar.fm/webp/750x0/props/018085969_1781454198577.jpg | https://images.aqar.fm/webp/750x0/props/018085966_1781454198601.jpg | https://images.aqar.fm/webp/750x0/props/018085969_1781454198597.jpg | https://images.aqar.fm/webp/750x0/props/018085967_1781454198595.jpg | https://images.aqar.fm/webp/750x0/props/018085963_1781454198584.jpg | https://images.aqar.fm/webp/750x0/props/018085965_1781454198599.jpg,8,خالد مرزوق عواض المطيري,,,2026-06-14,2026-06-14,2026-08-20,0,2026-08-23,True,"1,350,000",False,فيلا
6812045,https://sa.aqar.fm/فلل-للبيع/الرياض/شرق-الرياض/حي-الجنادرية/شارع-0000-حي-الجنادرية-مدينة-الرياض-منطقة-الرياض-6812045,"فيلا للبيع في شارع 0000, حي الجنادرية, مدينة الرياض, منطقة الرياض",1500000,254,5,,,0,حي الجنادرية,الرياض,شرق الرياض,"🏡 للبيع – فلل فاخرة في مخطط غصون

فرصة مميزة لامتلاك خمس فلل بتصميم فاخر وتشطيبات راقية، مع شقق مستقلة، ومواصفات إنشائية مميزة.

✨ المواصفات:
• المساحة: 254م²
• البناء وفق الكود السعودي الجديد
• تأمين من التعاونية لمدة 10 سنوات
• ضمانات على السباكة والكهرباء والعزل الحراري والمائي
• واجهات شمالية شرقية
• شوارع واسعة: 20م شرقي – 15م جنوبي – 15م شمالي
• قريبة من المسجد
• تصميم فاخر واستغلال ممتاز للمساحات

🏠 الدور الأرضي:
• مجلس
• صالة كبيرة
• مقلط
• مطبخ
• غرفة خادمة
• مدخل نساء

🛏️ الدور الأول:
• 3 غرف نوم
• غرفة ماستر
• صالة كبيرة

🏢 شقة مستقلة بالخلف

💰 الأسعار:
• فلل الزوايا: 1,650,000 ريال – قابل للتفاوض البسيط للجادين
• الفلل الوسط: 1,500,000 ريال

📍 الموقع: مخطط غصون

تصميم فاخر، موقع مميز، وضمانات تمنحك راحة واطمئنان.
للتواصل والاستفسار،",24.852736,46.901273,https://images.aqar.fm/webp/750x0/props/002867220_1786239065645.jpg | https://images.aqar.fm/webp/750x0/props/002867228_1786239065777.jpg | https://images.aqar.fm/webp/750x0/props/002867222_1786239065767.jpg | https://images.aqar.fm/webp/750x0/props/002867229_1786239065830.jpg | https://images.aqar.fm/webp/750x0/props/002867220_1786239065941.jpg | https://images.aqar.fm/webp/750x0/props/002867221_1786239065995.jpg | https://images.aqar.fm/webp/750x0/props/002867222_1786239085077.jpg | https://images.aqar.fm/webp/750x0/props/002867222_1786239085539.jpg | https://images.aqar.fm/webp/750x0/props/002867222_1786239085675.jpg | https://images.aqar.fm/webp/750x0/props/002867229_1786239085896.jpg | https://images.aqar.fm/webp/750x0/props/002867228_1786239086065.jpg | https://images.aqar.fm/webp/750x0/props/002867224_1786239086269.jpg | https://images.aqar.fm/webp/750x0/props/002867222_1786239086412.jpg | https://images.aqar.fm/webp/750x0/props/002867228_1786239086538.jpg | https://images.aqar.fm/webp/750x0/props/002867228_1786239086610.jpg | https://images.aqar.fm/webp/750x0/props/002867223_1786239086910.jpg | https://images.aqar.fm/webp/750x0/props/002867228_1786239086983.jpg | https://images.aqar.fm/webp/750x0/props/002867225_1786239087088.jpg | https://images.aqar.fm/webp/750x0/props/002867224_1786239087152.jpg | https://images.aqar.fm/webp/750x0/props/002867228_1786239087306.jpg | https://images.aqar.fm/webp/750x0/props/002867223_1786239087445.jpg | https://images.aqar.fm/webp/750x0/props/002867228_1786239087506.jpg | https://images.aqar.fm/webp/750x0/props/002867229_1786239087639.jpg | https://images.aqar.fm/webp/750x0/props/002867224_1786239087711.jpg,24,يحي علي شريف المالكي,مؤسسة مكتب يحي علي شريف الاحمدي المالكي للعقارات,1,2026-08-09,2026-08-09,2026-08-22,39,2026-08-23,True,"1,500,000",False,فيلا
6425188,https://sa.aqar.fm/فلل-للبيع/الرياض/شرق-الرياض/حي-الجنادرية/شارع-الربيع-حي-الجنادرية-مدينة-الرياض-منطقة-الرياض-6425188,"فيلا للبيع في شارع الربيع, حي الجنادرية, مدينة الرياض, منطقة الرياض",2000000,350,4,,,0,حي الجنادرية,الرياض,شرق الرياض,"*فيلا للبيع أو الإيجار في حي المشرقية بالرياض.*

المساحة 350 م².
الشارع 20 م.
الواجهة شرقية (مظاهر الحديقة والمسجد)
رقم الفيلا 1224
التصميم شرفة D
درج داخلي

*الدور الأرضي:*
- موقف سيارة 5.80 × 6.40
- ⁠حديقة خارجية 11.80 × 4.80
- ⁠مجلس 4.60 × 4.80 م
- ⁠دورة مياه 1.80 × 1.80 م
- ⁠جلسة خارجية 3.20 × 4.80 م
- ⁠دورة مياه 1.80 × 1.80 م
- ⁠مطبخ 4.00 × 4.60 م
- ⁠جلسة عائلية 8.00 × 5.20 م

*الدور الأول:*
- غرفة نوم رئيسية 4.00 × 6.60 م
- غرفة الملابس 4.60 × 2.60 م
- دورة مياه 1.80 × 2.60 م
- غرفة نوم 4.80 × 4.00 م
- دورة مياه 1.80 × 2.60 م
- غرفة نوم 4.00 × 4.00 م
- دورة مياه 2.40 × 1.60 م
- غرفة نوم 4.00 × 4.00 م

*البيع 2,000,000 ريال (كاش فقط، لا نقبل بنوك).*  
*الإيجار 70,000 ريال سنويًا.*",24.824183,46.853874,https://images.aqar.fm/webp/750x0/props/046017204_1760535871554.jpg | https://images.aqar.fm/webp/750x0/props/046017200_1760535871576.jpg | https://images.aqar.fm/webp/750x0/props/046017205_1760535871550.jpg | https://images.aqar.fm/webp/750x0/props/046017207_1760535871549.jpg | https://images.aqar.fm/webp/750x0/props/046017207_1760535871517.jpg | https://images.aqar.fm/webp/750x0/props/046017206_1760535871516.jpg | https://images.aqar.fm/webp/750x0/props/046017203_1760535871550.jpg | https://images.aqar.fm/webp/750x0/props/046017208_1760535871569.jpg | https://images.aqar.fm/webp/750x0/props/046017204_1760535899172.jpg | https://images.aqar.fm/webp/750x0/props/046017208_1760535899143.jpg | https://images.aqar.fm/webp/750x0/props/046017209_1760535899156.jpg | https://images.aqar.fm/webp/750x0/props/046017204_1760535899169.jpg | https://images.aqar.fm/webp/750x0/props/046017200_1760535899156.jpg | https://images.aqar.fm/webp/750x0/props/046017204_1760535899141.jpg | https://images.aqar.fm/webp/750x0/props/046017206_1760535899146.jpg | https://images.aqar.fm/webp/750x0/props/046017203_1760535899144.jpg | https://images.aqar.fm/webp/750x0/props/046017206_1760535931471.jpg | https://images.aqar.fm/webp/750x0/props/046017205_1760535931472.jpg | https://images.aqar.fm/webp/750x0/props/046017207_1760535931479.jpg | https://images.aqar.fm/webp/750x0/props/046017205_1760535931486.jpg | https://images.aqar.fm/webp/750x0/props/046017208_1760535931471.jpg | https://images.aqar.fm/webp/750x0/props/046017203_1760535931484.jpg | https://images.aqar.fm/webp/750x0/props/046017207_1760535931462.jpg | https://images.aqar.fm/webp/750x0/props/046017201_1760535931462.jpg | https://images.aqar.fm/webp/750x0/props/046017201_1760535998117.jpg | https://images.aqar.fm/webp/750x0/props/046017209_1760535998115.jpg | https://images.aqar.fm/webp/750x0/props/046017203_1760535998124.jpg | https://images.aqar.fm/webp/750x0/props/046017208_1760535998114.jpg | https://images.aqar.fm/webp/750x0/props/046017209_1760535998142.jpg | https://images.aqar.fm/webp/750x0/props/046017203_1760535998122.jpg,30,حمد ناصر,مكتب مُشَاورات للعقارات,1,2025-10-15,2025-10-15,2026-07-29,4927,2026-08-23,True,"2,000,000",False,فيلا
6778462,https://sa.aqar.fm/فلل-للبيع/الرياض/شرق-الرياض/حي-الجنادرية/حي-الجنادرية-مدينة-الرياض-منطقة-الرياض-6778462,"فيلا للبيع في حي الجنادرية, مدينة الرياض, منطقة الرياض",1200000,206,7,4,0,0,حي الجنادرية,الرياض,شرق الرياض,"فيلا زاوية درج داخلى الغصون ( بدون شقق ) فله مستقلة
مساحه 220 متر
تتكون من مدخل خاص ومدخل سيدات  مجلس رجال ومقلط وصاله ومطبخ وغرفه غسيل و 4 غرف نوم ماستر وسطح كبير",24.846621,46.896417,https://images.aqar.fm/webp/750x0/props/052425287_1784308739444.jpg | https://images.aqar.fm/webp/750x0/props/052425280_1784308739453.jpg | https://images.aqar.fm/webp/750x0/props/052425288_1784308739423.jpg | https://images.aqar.fm/webp/750x0/props/052425282_1784308739453.jpg | https://images.aqar.fm/webp/750x0/props/052425284_1784308932960.jpg | https://images.aqar.fm/webp/750x0/props/052425282_1784308932911.jpg | https://images.aqar.fm/webp/750x0/props/052425280_1784308932957.jpg | https://images.aqar.fm/webp/750x0/props/052425287_1784308932957.jpg,8,فيصل العتيبي,مؤسسة قوة للتعمير والبناء,1,2026-07-17,2026-08-15,2026-08-23,155,2026-08-23,True,"1,200,000",False,فيلا
6657596,https://sa.aqar.fm/فلل-للبيع/الرياض/شرق-الرياض/حي-الجنادرية/شارع-عمر-ابن-حبيب-حي-الجنادرية-مدينة-الرياض-منطقة-الرياض-6657596,"فيلا للبيع في شارع عمر ابن حبيب, حي الجنادرية, مدينة الرياض, منطقة الرياض",1500000,300,5,5,0,0,حي الجنادرية,الرياض,شرق الرياض,"اسعد الله جميع اوقاتكم 
نقدم لكم ڤيلا ع زاويه
تقع في موقع حيوي 📍
بمساحات متنوعة 


للبيع: فيلا درج صالة مع شقه ع زاويه
📍 موقع مميَّز 
📐 المساحة:280م² مسطح البناء 

تفاصيل الفيلا:
	•	مدخل سيارة 
	•	مجلس رجال 🛋️
	•	صالة طعام 🍽️
	•	صالة عائلية 🏠
	•	مجلس نساء 👩‍🦰
       •.       مطبخ 
       •.       5غرف نوم منهم ماستر 


مميزات الموقع الحيوي ✨
قريب طريق خريص ، قريب من مستشفى العائلة، 


 * تأمين ملاذ على الهيكل الانشائي
 * ضمانات السباكة و الكهرباء 

لتجربة فريدة من نوعها , تبقى وحدات سكنية قليلة. 

احجز وحدتك الأن وكن جزء من مجتمعاتنا

ملاحظه الموقع غير دقيق ❗️
عبدالله ابوسعود -موافقه العقاريه
((الرقم يظهر عند الضغط على اتصال))",24.836582,46.891886,https://images.aqar.fm/webp/750x0/props/043848012_1776340738943.jpg | https://images.aqar.fm/webp/750x0/props/043848012_1776340738936.jpg | https://images.aqar.fm/webp/750x0/props/043848017_1776340738948.jpg | https://images.aqar.fm/webp/750x0/props/043848018_1776340942060.jpg | https://images.aqar.fm/webp/750x0/props/043848019_1776340942047.jpg | https://images.aqar.fm/webp/750x0/props/043848018_1776340942141.jpg | https://images.aqar.fm/webp/750x0/props/043848018_1776340942067.jpg | https://images.aqar.fm/webp/750x0/props/043848015_1776340942160.jpg | https://images.aqar.fm/webp/750x0/props/043848012_1776340942155.jpg | https://images.aqar.fm/webp/750x0/props/043848010_1776340942162.jpg | https://images.aqar.fm/webp/750x0/props/043848016_1776340942075.jpg | https://images.aqar.fm/webp/750x0/props/043848014_1776341092306.jpg | https://images.aqar.fm/webp/750x0/props/043848019_1776341092194.jpg | https://images.aqar.fm/webp/750x0/props/043848015_1776341092310.jpg | https://images.aqar.fm/webp/750x0/props/043848013_1776341092236.jpg | https://images.aqar.fm/webp/750x0/props/043848011_1776341092243.jpg | https://images.aqar.fm/webp/750x0/props/043848015_1776341092221.jpg | https://images.aqar.fm/webp/750x0/props/043848011_1776341092231.jpg | https://images.aqar.fm/webp/750x0/props/043848018_1776341092231.jpg | https://images.aqar.fm/webp/750x0/props/043848016_1776341184128.jpg | https://images.aqar.fm/webp/750x0/props/043848011_1776341183980.jpg | https://images.aqar.fm/webp/750x0/props/043848013_1776341183984.jpg | https://images.aqar.fm/webp/750x0/props/043848010_1776341184169.jpg | https://images.aqar.fm/webp/750x0/props/043848014_1776341184158.jpg | https://images.aqar.fm/webp/750x0/props/043848015_1776341183971.jpg | https://images.aqar.fm/webp/750x0/props/043848013_1776341184183.jpg | https://images.aqar.fm/webp/750x0/props/043848018_1776341183996.jpg | https://images.aqar.fm/webp/750x0/props/043848015_1776341311458.jpg | https://images.aqar.fm/webp/750x0/props/043848019_1776341311532.jpg | https://images.aqar.fm/webp/750x0/props/043848016_1776341311587.jpg,30,نايف عبدالله بن سلطان بن سفران,مؤسسة موافقة العقارية,1,2026-04-16,2026-08-10,2026-08-13,301,2026-08-23,True,"1,500,000",False,فيلا
6547750,https://sa.aqar.fm/فلل-للبيع/الرياض/شرق-الرياض/حي-الجنادرية/شارع-الضياء-حي-الجنادرية-مدينة-الرياض-منطقة-الرياض-6547750,"فيلا للبيع في شارع الضياء, حي الجنادرية, مدينة الرياض, منطقة الرياض",1388000,200,,5,3,0,حي الجنادرية,الرياض,شرق الرياض,"للبيع فيلا عمر العقار جديد اول ساكن 
 في الرياض حي الجنادية الاتجاه شرقي كل فله تتكون من 
فيلا درج داخلي + شقه مستقله  فيلا عداد ماء وكهرباء مستقل والشقه عداد كهرباء مستقل

الدور الارضي مجلس + مقلط+ صاله+ مطبخ وغرفه غسيل ودورتين مياه

الدور الثاني 4 غرف نوم 2 ماستر و2 مشتركه

الشقه في الدور الثالث تتكون من مدخلين مدخلً للشقه ومدخل للمجلس 
تتكون من غرفتين نوم ومطبخ ومجلس ودورتين مياه وسطح 
 فيلا 200 مساحة الأرض متر مسطح  فيلا حوالي 450 
تامين ملاذ
البيع مليون و350 الف للفيلا",24.849988,46.903496,https://images.aqar.fm/webp/750x0/props/043720399_1783166732380.jpg,1,وصايف عبدالرحمن,مؤسسة كامب ليفينج,1,2026-01-15,2026-08-17,2026-08-23,983,2026-08-23,True,"1,388,000",False,فيلا
6723899,https://sa.aqar.fm/فلل-للبيع/الرياض/شرق-الرياض/حي-الجنادرية/حي-الجنادرية-مدينة-الرياض-منطقة-الرياض-6723899,"فيلا للبيع في حي الجنادرية, مدينة الرياض, منطقة الرياض",2470000,406,,0,0,1,حي الجنادرية,الرياض,شرق الرياض,"فله استثماريه في حي الجنادريه غصون 
تتكون من فله في الأمام وأربع شقق شارعين الفله جديده ماجره كلها دخلها ١٩٠ الف 
مساحتها ٤٠٧ شغل شخصي 
الشقق تتكون من ٣ غرف وصاله ومطبخ ودرتين مياه 
الفله تتكون من أربع غرف ماستر وصالتين ومجلس رجال ومقلط",24.847511,46.895959,https://images.aqar.fm/webp/750x0/props/006257932_1780916289027.jpg | https://images.aqar.fm/webp/750x0/props/006257935_1780916289025.jpg | https://images.aqar.fm/webp/750x0/props/006257937_1780916289043.jpg | https://images.aqar.fm/webp/750x0/props/006257932_1780916289106.jpg | https://images.aqar.fm/webp/750x0/props/006257936_1780916289041.jpg | https://images.aqar.fm/webp/750x0/props/006257939_1780916289110.jpg | https://images.aqar.fm/webp/750x0/props/006257935_1780916289045.jpg | https://images.aqar.fm/webp/750x0/props/006257930_1780916289050.jpg | https://images.aqar.fm/webp/750x0/props/006257930_1780916305226.jpg,9,فائزه المطيري,,,2026-06-08,2026-07-07,2026-07-31,127,2026-08-23,True,"2,470,000",False,فيلا
6824920,https://sa.aqar.fm/فلل-للبيع/الرياض/شرق-الرياض/حي-الجنادرية/شارع-895-الجنادرية-حي-الجنادرية-مدينة-الرياض-منطقة-الرياض-6824920,"فيلا للبيع في شارع 895 الجنادرية, حي الجنادرية, مدينة الرياض, منطقة الرياض",980000,255,6,,,0,حي الجنادرية,الرياض,شرق الرياض,"🏡 تاون هاوس أمام حديقة | حي الجنادرية – مربع غصون
📍 حي الجنادرية – مربع غصون
📐 مساحة الأرض: 300م²
🛣️ شارع 20م
🌳 مباشرة أمام حديقة
💰 التاون هاوس الأرضي: 980,000 ريال
فرصة مناسبة للسكن العائلي في تاون هاوس بتوزيع عملي، مع 4 غرف ماستر وسطح كبير، إضافة إلى المصعد والتكييف المركزي الراكب.
🏠 تفاصيل التاون هاوس الأرضي
🚗 مدخل
🛋️ مجلس
🍽️ مقلط
🍳 مطبخ
🧹 غرفة خادمة
🛏️ 4 غرف نوم ماستر في الدور العلوي
🌤️ سطح كبير
🛗 مصعد
❄️ تكييف مركزي راكب
🏡 تاون هاوس علوي متوفر أيضًا
✨ بنفس المواصفات
💰 السعر: 930,000 ريال
📌 ميزة الموقع: العقار أمام حديقة، وعلى شارع 20م.
📌 يتوفر لدينا عروض مشابهة بمساحات وأسعار متنوعة، تواصل معنا للاطلاع على أحدث الفرص العقارية.
📍 شركة أضواء الروابي للعقارات
🔑 نوفر عقارك حيث يكون، بجودةٍ تضيء بها دربك.
📞  ((الرقم يظهر عند الضغط على اتصال))
🏷️ كود التسويق: 514
السعي في ذمة كل من يصل إلى العقار عن طريقنا.",24.844722,46.899178,https://images.aqar.fm/webp/750x0/props/048745608_1786866580975.jpg,1,فارس حمود,شركة أضواء الروابي المحدودة,1,2026-08-16,2026-08-16,2026-08-20,6,2026-08-23,True,"980,000",False,فيلا
6673265,https://sa.aqar.fm/فلل-للبيع/الرياض/شرق-الرياض/حي-الجنادرية/شارع-0000-حي-الجنادرية-مدينة-الرياض-منطقة-الرياض-6673265,"فيلا للبيع في شارع 0000, حي الجنادرية, مدينة الرياض, منطقة الرياض",1250000,415,4,3,2,0,حي الجنادرية,الرياض,شرق الرياض,"للبيع فلل   دبلكس  في بوابة الشرق مع شقه
مساحه ٢٥٠ متر
الواجهه شماليه
عرض الشارع ١٥

تفاصيل 
:- مجلس ,مقلط ,صاله ,مطبخ ,غرفه كبار سن -ماستر ,3دورات مياه ,4غرف نوم منها ماستر ,صاله ,مؤسس مصعد ,شقه عداد مستقل ,أبواب WPC",24.891365,46.951509,https://images.aqar.fm/webp/750x0/props/036259462_1780755530250.jpg,1,سلطان البراك ,مكتب مستقبل النمو للعقارات,1,2026-04-28,2026-07-24,2026-08-12,3189,2026-08-23,True,"1,250,000",False,فيلا
6461861,https://sa.aqar.fm/فلل-للبيع/الرياض/شرق-الرياض/حي-الجنادرية/شارع-السرحاني-حي-الجنادرية-مدينة-الرياض-منطقة-الرياض-6461861,"فيلا للبيع في شارع السرحاني, حي الجنادرية, مدينة الرياض, منطقة الرياض",660000,225,,5,3,0,حي الجنادرية,الرياض,شرق الرياض,"الـسـلام عـلـيـكم ورحـمـة الله وبركــاتــه
———————
‏‎للبيــــــــع تاون هاوس علوي
‏‎في حي الجنادريه 
‏‎على شـارع ١٥ بجانب ممر
‏‎امام مرافق ( مسجد )
———————-
‏‎مواصفاتها 
‏‎* عليها شهادة اتمام البناء
‏‎* يوجد عليها ضمانات العزل
‏‎* يوجد عليها تأمين ملاذ 
‏‎*مسجد قريب 
—————————-
‏‎تتكون: 
*غرفة سائق
‏‎* حوش مدخل سياره
‏‎* مجلس  
‏‎* مقلط ضيافه
‏‎* صاله واسعه
‏‎* مطبخ 
‏‎* ⁠غرفة نوم ماستر ب سطح رقم ١
‏‎* ⁠غرفة نوم ماستر
‏‎* ⁠غرفة نوم 
‏‎* ⁠غرفة نوم 
‏‎* ⁠سطح رقم ٢
‏‎* ⁠غرفة غسيل
‏‎* ⁠ ٥ دورة مياه

—————————————-
‏‎** السعر  ٨٠٠،٠٠٠ قابل تفاوض
‏‎** رقم رخصة الوساطه 1100270266
‏‎** لـ الإسـتفسـار ((رقم المعلن يظهر عند التواصل))",24.844462,46.886084,https://images.aqar.fm/webp/750x0/props/020063779_1762787610007.jpg | https://images.aqar.fm/webp/750x0/props/020063776_1762787609377.jpg | https://images.aqar.fm/webp/750x0/props/020063770_1762787609276.jpg | https://images.aqar.fm/webp/750x0/props/020063774_1762787609148.jpg | https://images.aqar.fm/webp/750x0/props/020063775_1762787609101.jpg | https://images.aqar.fm/webp/750x0/props/020063776_1762787609763.jpg | https://images.aqar.fm/webp/750x0/props/020063773_1762787609687.jpg | https://images.aqar.fm/webp/750x0/props/020063771_1762787609992.jpg | https://images.aqar.fm/webp/750x0/props/020063777_1762787629495.jpg | https://images.aqar.fm/webp/750x0/props/020063779_1762787629490.jpg | https://images.aqar.fm/webp/750x0/props/020063776_1762787629449.jpg | https://images.aqar.fm/webp/750x0/props/020063772_1762787629480.jpg | https://images.aqar.fm/webp/750x0/props/020063777_1762787629495.jpg | https://images.aqar.fm/webp/750x0/props/020063773_1762787629497.jpg | https://images.aqar.fm/webp/750x0/props/020063778_1762787629479.jpg | https://images.aqar.fm/webp/750x0/props/020063775_1762787629474.jpg,16,سلطان سفر مسفر المطيري,,,2025-11-10,2025-11-10,2026-08-21,3091,2026-08-23,True,"660,000",False,فيلا
6626672,https://sa.aqar.fm/فلل-للبيع/الرياض/شرق-الرياض/حي-الجنادرية/حي-الجنادرية-مدينة-الرياض-منطقة-الرياض-6626672,"فيلا للبيع في حي الجنادرية, مدينة الرياض, منطقة الرياض",1400000,415,7,5,,0,حي الجنادرية,الرياض,شرق الرياض,"""**فلة للبيع بحي الجنادرية – تصميم عائلي مع شقة مستقلة | مساحة ٢٥٠م²** 🏡

فرصة مميزة لامتلاك فلة في **حي الجنادرية** بتصميم عملي يناسب العائلات، مع توزيع مريح للأدوار بالإضافة إلى **شقة مستقلة** مناسبة للسكن أو الاستثمار.

**تفاصيل الفيلا:**

**الدور الأرضي**

* مجلس واسع
* مقلط
* صالة عائلية
* مطبخ
* 2 دورات مياه

**الدور العلوي**

* 4 غرف نوم
* 2 غرف ماستر بدورات مياه خاصة
* دورة مياه إضافية

**الشقة (مدخل مستقل)**

* 3 غرف
* صالة
* مطبخ
* 2 دورات مياه

📐 **المساحة:** 250 م²

💸 **السعر:** 1٬450٬000 ريال""",24.847683,46.898655,https://images.aqar.fm/webp/750x0/props/051063808_1773689357766.jpg | https://images.aqar.fm/webp/750x0/props/051063805_1773689357763.jpg | https://images.aqar.fm/webp/750x0/props/051063808_1773689357782.jpg | https://images.aqar.fm/webp/750x0/props/051063804_1773689357781.jpg | https://images.aqar.fm/webp/750x0/props/051063807_1773689357762.jpg | https://images.aqar.fm/webp/750x0/props/051063804_1773689357764.jpg | https://images.aqar.fm/webp/750x0/props/051063801_1773689357763.jpg | https://images.aqar.fm/webp/750x0/props/051063807_1773689401683.jpg | https://images.aqar.fm/webp/750x0/props/051063807_1773689401684.jpg | https://images.aqar.fm/webp/750x0/props/051063808_1773689401683.jpg | https://images.aqar.fm/webp/750x0/props/051063807_1773689401750.jpg | https://images.aqar.fm/webp/750x0/props/051063808_1773689401701.jpg | https://images.aqar.fm/webp/750x0/props/051063804_1773689401710.jpg | https://images.aqar.fm/webp/750x0/props/051063802_1773689401706.jpg | https://images.aqar.fm/webp/750x0/props/051063805_1773689401707.jpg | https://images.aqar.fm/webp/750x0/props/051063809_1773689401710.jpg,16,مسعود بن مسفر بن شعف العتيبي,شركة ويانا,1,2026-03-16,2026-08-09,2026-08-23,1002,2026-08-23,True,"1,400,000",False,فيلا
6762259,https://sa.aqar.fm/فلل-للبيع/الرياض/شرق-الرياض/حي-الجنادرية/شارع-رقم-97-حي-الجنادرية-مدينة-الرياض-منطقة-الرياض-6762259,"فيلا للبيع في شارع رقم 97, حي الجنادرية, مدينة الرياض, منطقة الرياض",2100000,4500,5,5,5,11,حي الجنادرية,الرياض,شرق الرياض,"https://maps.app.goo.gl/A8A5xxVazRQbxRxA6?g_st=awb
البيع فيلا بحي الجنادرية 
مساحة ٤٠٥
 دور ٣ شقق
فرصة استثمارية مميزة يتكون العقار 

عمر العقار: 11 سنة
بناء مميز بجودة عالية من حيث التنفيذ والتشطيب.
مسجل في نظام السجل العقاري لضمان سلامة الملكية.
يتميز الدور الأرضي بوجود مشب وفناء واسع، بالإضافة إلى كراج يتسع لسيارتين مع مظلة داخلية.
غرفة غسيل ومستودع في الدور الأرضي لزيادة الراحة والتنظيم.
غرفة سائق مستقلة في السطح مزودة بـ دورة مياه ومغسلة.
موقع استراتيجي في حي الجنادرية، قريب من جميع الخدمات الحيوية.
قريب من مسجد وروضة أطفال في امتداد نفس الشارع.
موقع مثالي للعائلات لوجود مدرسة ابتدائية للبنات ومدرسة ابتدائية للأولاد على مقربة.
📍 يجمع المبنى بين السكن العائلي المريح والفرصة الاستثمارية المربحة.
2مليون وميتين ألف قابل للتفاوض
مباشر",24.83764,46.883214,,,هند العطاوي,مؤسسة قوى الأعمار الذكية,1,2026-07-06,2026-08-04,2026-08-23,171,2026-08-23,True,"2,100,000",False,فيلا
6813461,https://sa.aqar.fm/فلل-للبيع/الرياض/شرق-الرياض/حي-الجنادرية/شارع-رقم-56-حي-الجنادرية-مدينة-الرياض-منطقة-الرياض-6813461,"فيلا للبيع في شارع رقم 56, حي الجنادرية, مدينة الرياض, منطقة الرياض",2300000,337,,,,8,حي الجنادرية,الرياض,شرق الرياض,"فلة سكنية بحي الجنادرية – مخطط بن باز

للراغبين في التملك، تتوفر فلة سكنية مميزة للبيع في حي الجنادرية بمدينة الرياض، تقع على شارع الشيخ حمد آل ثاني ضمن مخطط بن باز.

تفاصيل العقار:
	•	المساحة: 337.5 متر مربع
	•	الشارع: 15 متر
	•	عمر العقار: 15 سنة
	•	تحتوي على شقتين للإيجار، لكل منهما مدخل جانبي مستقل

موقع متميز وخدمات متكاملة في الحي
البيع 2 مليون و 500
قابل للتفاوض ان شاء الله 
مباشر من المالك 
الموقع 📍
https://maps.app.goo.gl/mwE7wVKrnZRdWwjb7?g_st=aw",24.815624,46.875167,https://images.aqar.fm/webp/750x0/props/053185965_1786303785459.jpg,1,نوره البقمي,مؤسسة رعد السحاب للخدمات العقارية,1,2026-08-09,2026-08-09,2026-08-22,46,2026-08-23,True,"2,300,000",False,فيلا
6686388,https://sa.aqar.fm/فلل-للبيع/الرياض/شرق-الرياض/حي-الجنادرية/شارع-ممر77-حي-الجنادرية-مدينة-الرياض-منطقة-الرياض-6686388,"فيلا للبيع في شارع ممر77, حي الجنادرية, مدينة الرياض, منطقة الرياض",1700000,300,,0,0,0,حي الجنادرية,الرياض,شرق الرياض,"الجنادريه 
-----------&
فيلا نظام دور+ دور + شقه 
______________________
الدور الأرضي 
مدخل سياره+ حوش 
خذانات مستقله 
مجلس+حمام ومغاسل 
صاله + مطبخ 
صاله طعام 
3 غرف نوم 
4 دورات مياه 
-----------------------------
الدور الاول  
مدخل خاص مع الشقه 
خذانات مستقله 
مجلس+حمام ومغاسل 
صاله + مطبخ 
صاله طعام 
3 غرف نوم 
4 دورات مياه 
-------------------------------
الشقه 
مجلس 
غرفتين نوم 
صاله+ مطبخ 
سطح 
3 دورات مياه 
-------------------------------
السعر: 1,700,000",24.850044,46.864416,https://images.aqar.fm/webp/750x0/props/031126167_1778147087309.jpg | https://images.aqar.fm/webp/750x0/props/031126160_1778147087352.jpg | https://images.aqar.fm/webp/750x0/props/031126161_1778147087325.jpg | https://images.aqar.fm/webp/750x0/props/031126163_1778147087350.jpg | https://images.aqar.fm/webp/750x0/props/031126160_1778147087350.jpg | https://images.aqar.fm/webp/750x0/props/031126160_1778147087349.jpg | https://images.aqar.fm/webp/750x0/props/031126167_1778147087357.jpg,7,راشد فهد,مؤسسة راشد فهد عبدالله العجمي للعقارات,1,2026-05-07,2026-08-02,2026-08-20,467,2026-08-23,True,"1,700,000",False,فيلا
6598806,https://sa.aqar.fm/فلل-للبيع/الرياض/شرق-الرياض/حي-الجنادرية/شارع-رقم-181-حي-الجنادرية-مدينة-الرياض-منطقة-الرياض-6598806,"فيلا للبيع في شارع رقم 181, حي الجنادرية, مدينة الرياض, منطقة الرياض",1750000,313,6,0,0,3,حي الجنادرية,الرياض,شرق الرياض,"*للبيع فيلا بحي الجنادريه درج داخلي وشقتين*

 مساحة - 313 متر
 الشارع - 20 شرقي 
عمر العقار - سنتين 


 الدور الارضي : ضيافه 
 مجلس ومقلط ودورة مياه خاصه بالمجلس والمقلط وصاله وغرفة كبار سن ودورة مياه 
 
الدور العلوي : غرف النوم 
 عباره عن : ثلاث غرف نوم واحده من الغرف ماستر ودورتين مياه

 *الشقق*
الشقة الاولى : 
3 غرف وصاله ومطبخ ودورتين مياه

الشقه الثانيه : 
ثلاث غرف وصاله ومطبخ ودورتين مياه بالاضافه الى سطح + غرفة بدورة مياه 


*العقار مرهون لدى مصرف الراجحي بمبلغ 1,400,000*

*البيع كاش فقط 1,750,000*",24.853587,46.867684,https://images.aqar.fm/webp/750x0/props/050873778_1771625715423.jpg,1,عيسى عايض,مؤسسة دليل العنوان العقارية,1,2026-02-20,2026-02-20,2026-08-14,525,2026-08-23,True,"1,750,000",False,فيلا
6836376,https://sa.aqar.fm/فلل-للبيع/الرياض/شرق-الرياض/حي-الجنادرية/شارع-000000-حي-الجنادرية-مدينة-الرياض-منطقة-الرياض-6836376,"فيلا للبيع في شارع 000000, حي الجنادرية, مدينة الرياض, منطقة الرياض",850000,300,4,,,4,حي الجنادرية,الرياض,شرق الرياض,"للبيــع فيـلا دوبلكس منفصله
المساحه 300 متر
شـــــارع 15 متر
الواجهة جنوبية
عمرها العقار 4 سنوات

الـدور الارضي :-
مجلس - مقلط - غـرف نوم
صـالـه - مـطبخ - دورتـين ميـاه

الـدور الاول :-
غـرفـه نوم رئـيسيه مع دورة ميـاه
4 غـرف - دورة ميــاه 

الـدور الثاني :-
غـرفة خـادامه - دورة ميــاه 

الفيـلا عليها مـديونيه 
ليـ بنك الـراجحي بيـ 720 الفــ

البيــع 850الف شامل البنك 720الف 
مـن الـمـالـك 
الـمـوقـع :-
https://maps.app.goo.gl/MqxC78coKZS5g1Gw8?g_st=aw",24.902555,46.93812,https://images.aqar.fm/webp/750x0/props/048656211_1787447821257.jpg,1,راجح محمد,شركة املاك المشرق للعقارات,1,2026-08-23,2026-08-23,2026-08-23,15,2026-08-23,True,"850,000",False,فيلا
6612011,https://sa.aqar.fm/فلل-للبيع/الرياض/شرق-الرياض/حي-الجنادرية/حي-الجنادرية-مدينة-الرياض-منطقة-الرياض-6612011,"فيلا للبيع في حي الجنادرية, مدينة الرياض, منطقة الرياض",1150000,312,5,4,3,0,حي الجنادرية,الرياض,شرق الرياض,"🏡 فيلا للبيع 312 م - مخطط بوابة الشرق 

✨ عرض فاخر يتكون من دور ارضي واسع ومستقل مؤسس لدور اضافي وشقه يتميز العقار باطلاله مباشره على حديقه ومسجد ✨


📏 المساحة :  312 م
🚧 الشارع : 15 شرقي 

🌟 تفاصيل العقار 🌟 

🔸 مدخل سيارة واسع
🔸 مجلس للرجال
🔸 مقلط
🔸 مطبخ
🔸 صاله
🔸 4 غرف نوم ( 1 ماستر )
🔸 4 دورات مياة

التامين على الهيكل الانشائي لمدة 10 سنوات شركة ملاذ
وجميع الضمانات متوفره 

💵 السعر : 1,150,000 ريال ( قابل للتفاوض ) 

☎️ للتواصل : 0556282000",24.901161,46.955633,,,راشد صالح,مكتب سهول الشرق للعقارات,1,2026-03-02,2026-07-26,2026-08-21,143,2026-08-23,True,"1,150,000",False,فيلا
