listing_id,url,title,price,area_sqm,rooms,bathrooms,livings,age_years,district,city,direction,description,latitude,longitude,images,images_count,advertiser_name,advertiser_company,advertiser_type,created_at,published_at,last_update,views,date_scraped,published,price_text,price_was_missing,property_type
6709775,https://sa.aqar.fm/فلل-للبيع/الرياض/شمال-الرياض/حي-سدرة/شارع-العام-حي-مطار-الملك-خالد-الدولي-مدينة-الرياض-منطقة-الرياض-6709775,"فيلا للبيع في شارع العام, حي مطار الملك خالد الدولي, مدينة الرياض, منطقة الرياض",2000000,275,7,1,0,7,حي سدرة,الرياض,شمال الرياض,"للبيع فيلا بحي مطار الملك خالد 
المساحه 275م بالصك
مساحة البناء 300 م
الواجهة جنوبية 15م
الدور الارضي 
مجلس & غرفة طعام & صالة جلوس & مطبخ & دورة مياه ضيوف & دورة مياه  العائلة & مخزن 
الدور الاول 
غرفة نوم ماستر 
4 غرفة نوم 
3 دورات مياه 
الملحق
غرفة خادمة 
دورة مياه 
غرفة غسيل 
يوجد رهن 650 الف 
السعر 2 مليون",24.939761,46.754657,https://images.aqar.fm/webp/750x0/props/005910736_1779638190134.jpg,1,صالح بن عبيد بن عايش العنزي,مكتب ابداع الصحافة للخدمات العقارية,1,2026-05-24,2026-08-20,2026-08-20,406,2026-08-23,True,"2,000,000",False,فيلا
6774861,https://sa.aqar.fm/فلل-للبيع/الرياض/شمال-الرياض/حي-سدرة/شارع-ابن-أبي-بكر-المخزومي-حي-الرمال-مدينة-الرياض-منطقة-الرياض-6774861,"فيلا للبيع في شارع ابن أبي بكر المخزومي, حي الرمال, مدينة الرياض, منطقة الرياض",1700000,252,5,1,0,3,حي سدرة,الرياض,شمال الرياض,"*شركه بي فاوند العقارية*
رقم العرض: 2314
. النوع : فيلا للبيع في مشروع إشراق ليفينج
. الحي : ضاحية خزام
. المساحه : 252
. العمر : 3 سنوات 
. عرض الشارع : 15 
. السعر : 1,700,000 ريال 
—————————————*الوصف*
تتكون الفله من دورين 
و يوجد بها فناء خارجي مزروع 
. مدخل سياره 
. مجلس واسع الاستقبال الضيوف 
. مدخل عوائل 
. مقلط 
. صاله عائليه 
. مطبخ بتصميم حديث 
. مستودع لتخزين 
————————————————
عدد دورات المياه : 5 
عدد الغرف : 4 غرف نوم 
2 غرف ماستر مع حمام خاص 
2 غرف نوم عاديه مناسبه الاطفال او الضيوف 
————————————————
المرافق الاضافيه : 
. غرفه غسيل مستقله 
. غرفه خادمه مع دوره مياه 
. موجود تكييف في 2 من الغرف و 1 في الصاله 
. حوش جانبي و خلفي مع امكانيه  التعديل و اضافه مطبخ خارجي 
————————————————
مميزات المشروع : 
. حي سكني متكامل 
. امن على مدار الساعه 
. مسطحات خضراء و مرافق عائليه 
. جامع قريب من البيت 
. حديقه قريبه من البيت 
. بيئه مثاليه للراحه و الاستقرار 

رقم الترخيص الاعلاني: 7201043031",24.961142,46.619923,https://images.aqar.fm/webp/750x0/props/035903852_1784113128853.jpg | https://images.aqar.fm/webp/750x0/props/035903857_1784113047024.jpg | https://images.aqar.fm/webp/750x0/props/035903853_1784113047107.jpg | https://images.aqar.fm/webp/750x0/props/035903854_1784113047136.jpg | https://images.aqar.fm/webp/750x0/props/035903858_1784113047165.jpg | https://images.aqar.fm/webp/750x0/props/035903857_1784113047249.jpg | https://images.aqar.fm/webp/750x0/props/035903854_1784113047303.jpg | https://images.aqar.fm/webp/750x0/props/035903852_1784113047324.jpg | https://images.aqar.fm/webp/750x0/props/035903859_1784113047349.jpg | https://images.aqar.fm/webp/750x0/props/035903850_1784113047372.jpg | https://images.aqar.fm/webp/750x0/props/035903851_1784113047457.jpg | https://images.aqar.fm/webp/750x0/props/035903855_1784113047507.jpg | https://images.aqar.fm/webp/750x0/props/035903852_1784113047546.jpg | https://images.aqar.fm/webp/750x0/props/035903858_1784113047611.jpg | https://images.aqar.fm/webp/750x0/props/035903853_1784113047614.jpg | https://images.aqar.fm/webp/750x0/props/035903852_1784113047641.jpg | https://images.aqar.fm/webp/750x0/props/035903851_1784113047681.jpg | https://images.aqar.fm/webp/750x0/props/035903855_1784113047872.jpg | https://images.aqar.fm/webp/750x0/props/035903856_1784113047876.jpg | https://images.aqar.fm/webp/750x0/props/035903855_1784113047908.jpg | https://images.aqar.fm/webp/750x0/props/035903853_1784113047877.jpg | https://images.aqar.fm/webp/750x0/props/035903852_1784113047909.jpg | https://images.aqar.fm/webp/750x0/props/035903856_1784113048069.jpg | https://images.aqar.fm/webp/750x0/props/035903851_1784113048103.jpg | https://images.aqar.fm/webp/750x0/props/035903852_1784113128853.jpg | https://images.aqar.fm/webp/750x0/props/035903857_1784113047024.jpg | https://images.aqar.fm/webp/750x0/props/035903853_1784113047107.jpg | https://images.aqar.fm/webp/750x0/props/035903854_1784113047136.jpg | https://images.aqar.fm/webp/750x0/props/035903858_1784113047165.jpg | https://images.aqar.fm/webp/750x0/props/035903857_1784113047249.jpg | https://images.aqar.fm/webp/750x0/props/035903854_1784113047303.jpg | https://images.aqar.fm/webp/750x0/props/035903852_1784113047324.jpg | https://images.aqar.fm/webp/750x0/props/035903859_1784113047349.jpg | https://images.aqar.fm/webp/750x0/props/035903850_1784113047372.jpg | https://images.aqar.fm/webp/750x0/props/035903851_1784113047457.jpg | https://images.aqar.fm/webp/750x0/props/035903855_1784113047507.jpg | https://images.aqar.fm/webp/750x0/props/035903852_1784113047546.jpg | https://images.aqar.fm/webp/750x0/props/035903858_1784113047611.jpg | https://images.aqar.fm/webp/750x0/props/035903853_1784113047614.jpg | https://images.aqar.fm/webp/750x0/props/035903852_1784113047641.jpg | https://images.aqar.fm/webp/750x0/props/035903851_1784113047681.jpg | https://images.aqar.fm/webp/750x0/props/035903855_1784113047872.jpg | https://images.aqar.fm/webp/750x0/props/035903856_1784113047876.jpg | https://images.aqar.fm/webp/750x0/props/035903855_1784113047908.jpg | https://images.aqar.fm/webp/750x0/props/035903853_1784113047877.jpg | https://images.aqar.fm/webp/750x0/props/035903852_1784113047909.jpg | https://images.aqar.fm/webp/750x0/props/035903856_1784113048069.jpg | https://images.aqar.fm/webp/750x0/props/035903851_1784113048103.jpg,48,مناور احمد,شركة بي فاوند,1,2026-07-15,2026-08-13,2026-08-22,261,2026-08-23,True,"1,700,000",False,فيلا
6666510,https://sa.aqar.fm/فلل-للبيع/الرياض/شمال-الرياض/حي-سدرة/شارع-شارع-حارثة-بن-وهب-الخزاعي-حي-مطار-الملك-خالد-الدولي-مدينة-الرياض-منطقة-الرياض-6666510,"فيلا للبيع في شارع شارع حارثة بن وهب الخزاعي, حي مطار الملك خالد الدولي, مدينة الرياض, منطقة الرياض",1900000,250,5,,,0,حي سدرة,الرياض,شمال الرياض,"فيلا مودرن بتصميم عصري فاخر، واجهات زجاجية وبلكونات أنيقة، تقع في موقع مميز بحي ضاحية خزام.

تفاصيل العقار:

* المساحة: 250 م²

الدور الأول:

* مجلس رجال
* مجلس نساء
* مطبخ

الدور الثاني:

* غرفة ماستر مع بلكونة
* 3 غرف نوم (واحدة منها ماستر)

الدور الثالث:

* غرفة نوم مع حمام وبلكونة كبيرة
* غرفة خادمة مع حمام
* غرفة غسيل + سطح

المميزات:

* تصميم مودرن بواجهات زجاجية
* بلكونات متعددة
* حوش أمامي وخلفي
* مدخل سيارة

الضمانات:

* ضمانات كهرباء وسباكة
* ضمانات إنشائية تصل إلى 25 سنة

ملاحظات:

* على الفيلا تمويل بنكي بقيمة 900,000 ريال
* البيع كاش (مباشر مع المالك)",24.926402,46.648589,https://images.aqar.fm/webp/750x0/props/016666040_1776893857014.jpg | https://images.aqar.fm/webp/750x0/props/016666047_1776893857066.jpg | https://images.aqar.fm/webp/750x0/props/016666047_1776893857031.jpg | https://images.aqar.fm/webp/750x0/props/016666046_1776893857035.jpg | https://images.aqar.fm/webp/750x0/props/016666048_1776893857026.jpg | https://images.aqar.fm/webp/750x0/props/016666049_1776893857023.jpg | https://images.aqar.fm/webp/750x0/props/016666043_1776893857071.jpg,7,خالد بن صالح,مكتب سعي الخير للخدمات العقارية,1,2026-04-22,2026-08-17,2026-08-17,1212,2026-08-23,True,"1,900,000",False,فيلا
6754275,https://sa.aqar.fm/فلل-للبيع/الرياض/شمال-الرياض/حي-سدرة/شارع-الخضر-بن-كامل-حي-مطار-الملك-خالد-الدولي-مدينة-الرياض-منطقة-الرياض-6754275,"فيلا للبيع في شارع الخضر بن كامل, حي مطار الملك خالد الدولي, مدينة الرياض, منطقة الرياض",1300000,303,7,5,3,2,حي سدرة,الرياض,شمال الرياض,"فله للبيع 
ضاحية الخزام مشروع مرسيه 
مساحة 303م
تتكون من

٧ غرف
 ٢ صاله
 ٧ دورات مياه 
ومجلس 
وارتداد احواش خارجيه 
مدخل سياره ومطبخ راكب وغرفة سائق

*مرهونه والبيع كاش مليون و400 الف*

*🔴السعي في ذمه من يوصل العقار من طرف مكتبنا🔴* 



‏https://maps.app.goo.gl/m95jZ3XVXgNHvkFb9?g_st=iw",24.958241,46.628218,https://images.aqar.fm/webp/750x0/props/005405668_1782838140440.jpg | https://images.aqar.fm/webp/750x0/props/005405664_1782838149681.jpg | https://images.aqar.fm/webp/750x0/props/005405660_1782838149682.jpg | https://images.aqar.fm/webp/750x0/props/005405664_1782838164438.jpg | https://images.aqar.fm/webp/750x0/props/005405661_1782838164519.jpg | https://images.aqar.fm/webp/750x0/props/005405661_1782838164443.jpg | https://images.aqar.fm/webp/750x0/props/005405665_1782838164443.jpg | https://images.aqar.fm/webp/750x0/props/005405664_1782838164447.jpg | https://images.aqar.fm/webp/750x0/props/005405667_1782838164444.jpg | https://images.aqar.fm/webp/750x0/props/005405669_1782838164472.jpg | https://images.aqar.fm/webp/750x0/props/005405669_1782838164447.jpg | https://images.aqar.fm/webp/750x0/props/005405660_1782838175362.jpg | https://images.aqar.fm/webp/750x0/props/005405667_1782838175361.jpg | https://images.aqar.fm/webp/750x0/props/005405663_1782838175366.jpg | https://images.aqar.fm/webp/750x0/props/005405666_1782838175367.jpg | https://images.aqar.fm/webp/750x0/props/005405669_1782838175369.jpg,16,مساعد محمد بن علي الزهراني,مكتب مساعد محمد بن علي الزهراني للعقارات,1,2026-06-30,2026-07-29,2026-07-29,1718,2026-08-23,True,"1,300,000",False,فيلا
6695454,https://sa.aqar.fm/فلل-للبيع/الرياض/شمال-الرياض/حي-سدرة/شارع-عمر-بن-عبدالله-قاضي-حي-مطار-الملك-خالد-الدولي-مدينة-الرياض-منطقة-الرياض-6695454,"فيلا للبيع في شارع عمر بن عبدالله قاضي, حي مطار الملك خالد الدولي, مدينة الرياض, منطقة الرياض",2600000,250,7,6,1,5,حي سدرة,الرياض,شمال الرياض,فيلا سكنيه ضاحية خزام الواجه جنوبية راس بلك الجنوب شارع 20 الشرق ممر 10 الشمال شارع 37 مكونات المبني فيلا درج داخلي الدور الارضي يتكون من ثلاث مداخل مجلس مقلط دورتين مياه مطبخ مفتوح على الصاله مستودع الدور الاول 4 غرف نوم ثنتين ماستر(مع دورة مياه ) و دورة مياة تخدمة الغرفتين الاخرى الدور الثاني العلوي غرفه خادمه بدورة مياة غرفه ملابس سطحين منفصلين متوفر سخان مركزي وموسس مصعد,24.967781,46.628356,https://images.aqar.fm/webp/750x0/props/047067987_1778676040936.jpg | https://images.aqar.fm/webp/750x0/props/047067989_1778676040984.jpg | https://images.aqar.fm/webp/750x0/props/047067987_1778676040936.jpg | https://images.aqar.fm/webp/750x0/props/047067981_1778676040932.jpg | https://images.aqar.fm/webp/750x0/props/047067983_1778676040665.jpg | https://images.aqar.fm/webp/750x0/props/047067981_1778676040661.jpg | https://images.aqar.fm/webp/750x0/props/047067989_1778676040677.jpg | https://images.aqar.fm/webp/750x0/props/047067981_1778676040669.jpg | https://images.aqar.fm/webp/750x0/props/047067987_1778676040673.jpg | https://images.aqar.fm/webp/750x0/props/047067982_1778676040669.jpg | https://images.aqar.fm/webp/750x0/props/047067984_1778676040681.jpg | https://images.aqar.fm/webp/750x0/props/047067980_1778676040675.jpg | https://images.aqar.fm/webp/750x0/props/047067987_1778676040743.jpg | https://images.aqar.fm/webp/750x0/props/047067988_1778676040760.jpg | https://images.aqar.fm/webp/750x0/props/047067983_1778676040751.jpg | https://images.aqar.fm/webp/750x0/props/047067987_1778676040752.jpg | https://images.aqar.fm/webp/750x0/props/047067980_1778676040766.jpg | https://images.aqar.fm/webp/750x0/props/047067982_1778676040935.jpg | https://images.aqar.fm/webp/750x0/props/047067987_1778676040911.jpg | https://images.aqar.fm/webp/750x0/props/047067983_1778676040941.jpg | https://images.aqar.fm/webp/750x0/props/047067982_1778676040935.jpg | https://images.aqar.fm/webp/750x0/props/047067986_1778676040941.jpg | https://images.aqar.fm/webp/750x0/props/047067986_1778676040941.jpg | https://images.aqar.fm/webp/750x0/props/047067980_1778676040945.jpg | https://images.aqar.fm/webp/750x0/props/047067984_1778676040937.jpg | https://images.aqar.fm/webp/750x0/props/047067981_1778676041110.jpg | https://images.aqar.fm/webp/750x0/props/047067989_1778676041064.jpg | https://images.aqar.fm/webp/750x0/props/047067985_1778676041065.jpg,28,ثامر علي,مؤسسة بيوتات العاصمة العقارية,1,2026-05-13,2026-08-08,2026-08-08,593,2026-08-23,True,"2,600,000",False,فيلا
6762126,https://sa.aqar.fm/فلل-للبيع/الرياض/شمال-الرياض/حي-سدرة/شارع-0000-حي-مطار-الملك-خالد-الدولي-مدينة-الرياض-منطقة-الرياض-6762126,"فيلا للبيع في شارع 0000, حي مطار الملك خالد الدولي, مدينة الرياض, منطقة الرياض",2000000,250,5,0,0,0,حي سدرة,الرياض,شمال الرياض,"فيلا فاخرة للبيع – مشروع المهندية 

فرصة مميزة لامتلاك فيلا جديدة بتشطيبات راقية داخل مجمع سكني هادئ، جاهزة للإفراغ الفوري.

المواصفات:
• 5 غرف نوم (منها جناحان رئيسيان)
• مجلس وصالة طعام وصالة معيشة
• مطبخ ألماني مجهز بالكامل
• غرفة خادمة بحمام
• 6 دورات مياه
• ملحق خارجي
• تيراس وحوش أمامي وخلفي
• مسبح وجلسة خارجية
• موقف سيارة مظلل

تتميز الفيلا بتعديلات فاخرة، ومجهزة بالمكيفات والستائر، مع كاميرات مراقبة، وتقع بالقرب من المدارس والخدمات والمرافق الحيوية.

جاهزة للإفراغ الفوري.",24.923916,46.649759,https://images.aqar.fm/webp/750x0/props/033609352_1783344435448.jpg | https://images.aqar.fm/webp/750x0/props/033609357_1783344435454.jpg | https://images.aqar.fm/webp/750x0/props/033609352_1783344435405.jpg | https://images.aqar.fm/webp/750x0/props/033609358_1783344435414.jpg | https://images.aqar.fm/webp/750x0/props/033609352_1783344435452.jpg | https://images.aqar.fm/webp/750x0/props/033609358_1783344435557.jpg | https://images.aqar.fm/webp/750x0/props/033609351_1783344435445.jpg | https://images.aqar.fm/webp/750x0/props/033609359_1783344435452.jpg | https://images.aqar.fm/webp/750x0/props/033609351_1783344452737.jpg | https://images.aqar.fm/webp/750x0/props/033609353_1783344452738.jpg | https://images.aqar.fm/webp/750x0/props/033609351_1783344452694.jpg | https://images.aqar.fm/webp/750x0/props/033609359_1783344452724.jpg | https://images.aqar.fm/webp/750x0/props/033609353_1783344452730.jpg | https://images.aqar.fm/webp/750x0/props/033609353_1783344452714.jpg | https://images.aqar.fm/webp/750x0/props/033609358_1783344452696.jpg | https://images.aqar.fm/webp/750x0/props/033609357_1783344452740.jpg | https://images.aqar.fm/webp/750x0/props/033609353_1783344465136.jpg | https://images.aqar.fm/webp/750x0/props/033609359_1783344465117.jpg | https://images.aqar.fm/webp/750x0/props/033609352_1783344465139.jpg | https://images.aqar.fm/webp/750x0/props/033609358_1783344465091.jpg | https://images.aqar.fm/webp/750x0/props/033609356_1783344465103.jpg | https://images.aqar.fm/webp/750x0/props/033609358_1783344465138.jpg | https://images.aqar.fm/webp/750x0/props/033609356_1783344465140.jpg,23,بندر مرعي حسين قماش,شركة سمار العقارية,1,2026-07-06,2026-08-04,2026-08-04,918,2026-08-23,True,"2,000,000",False,فيلا
6654309,https://sa.aqar.fm/فلل-للبيع/الرياض/شمال-الرياض/حي-سدرة/شارع-أحمد-بن-الرفعة-حي-مطار-الملك-خالد-الدولي-مدينة-الرياض-منطقة-الرياض-6654309,"فيلا للبيع في شارع أحمد بن الرفعة, حي مطار الملك خالد الدولي, مدينة الرياض, منطقة الرياض",1350000,200,4,,,1,حي سدرة,الرياض,شمال الرياض,"للبيع فيلا في مشروع ضاحية الخزام – شمال الرياض

المساحة: 200 م²
تتكون من: 4 غرف نوم (غرفتين ماستر)، مجلس، مقلط، صالة، حوش، وارتداد خلفي.
السطح فيه تراسين تصلح جلسات خارجية.

الفيلا مستخدمة سنة تقريبًا وتعتبر شبه جديدة.

السوم واصل: 1,350,000 ريال 

مباشر من وكيل الافراغ",24.969966,46.626025,,,عبدالملك ابراهيم محمد الجمعان,شركة بنايات نجد للتسويق شخص واحد,1,2026-04-14,2026-08-08,2026-08-21,1290,2026-08-23,True,"1,350,000",False,فيلا
6699716,https://sa.aqar.fm/فلل-للبيع/الرياض/شمال-الرياض/حي-سدرة/شارع-عبدالخالق-بن-غريبة-حي-مطار-الملك-خالد-الدولي-الرياض-منطقة-الرياض-6699716,فيلا للبيع في شارع عبدالخالق بن غريبة ، حي مطار الملك خالد الدولي ، الرياض ، منطقة الرياض,1850000,264,5,5,4,4,حي سدرة,الرياض,شمال الرياض,$5a,24.962557,46.627335,https://images.aqar.fm/webp/750x0/props/028676493_1778950777031.jpg | https://images.aqar.fm/webp/750x0/props/028676496_1778950777035.jpg | https://images.aqar.fm/webp/750x0/props/028676495_1778950777038.jpg | https://images.aqar.fm/webp/750x0/props/028676492_1778950777054.jpg | https://images.aqar.fm/webp/750x0/props/028676491_1778950776980.jpg | https://images.aqar.fm/webp/750x0/props/028676491_1778950777038.jpg | https://images.aqar.fm/webp/750x0/props/028676498_1778950777033.jpg | https://images.aqar.fm/webp/750x0/props/028676490_1778950777044.jpg,8,احمد عبدالله سعيد الشهراني,,,2026-05-16,,2026-08-21,59,2026-08-23,False,طلب تسويق,False,فيلا
6787428,https://sa.aqar.fm/فلل-للبيع/الرياض/شمال-الرياض/حي-سدرة/حي-مطار-الملك-خالد-الدولي-مدينة-الرياض-منطقة-الرياض-6787428,"فيلا للبيع في حي مطار الملك خالد الدولي, مدينة الرياض, منطقة الرياض",1400000,250,5,5,1,0,حي سدرة,الرياض,شمال الرياض,"فيلا للبيع | ضاحية خزام – مشروع إشراق ليفينج

فرصة مميزة لتملك فيلا بتصميم عملي ومساحات مناسبة للعائلة، في موقع مميز داخل ضاحية خزام.

مساحة الأرض: 250 م²

تفاصيل الفيلا:

الدور الأرضي:
• حوش كبير
• مجلس
• صالة
• مطبخ
• مستودع
• دورتين مياه
• مساحة خلفية (ارتداد)
• مدخل سيارة

الدور الأول:
• 4 غرف نوم
• منها غرفتان ماستر
• دورة مياه

الدور الثاني:
• غرفة خادمة
• غرفة غسيل
• سطح خدمات 
• سطح 

موقع مميز في مشروع إشراق ليفينج بضاحية خزام، مع تصميم عملي يوفر الخصوصية والراحة للعائلة.

للاستفسار والتواصل: ((الرقم يظهر عند الضغط على اتصال))",24.964897,46.628137,https://images.aqar.fm/webp/750x0/props/033609352_1784822897996.jpg | https://images.aqar.fm/webp/750x0/props/033609356_1784822897957.jpg | https://images.aqar.fm/webp/750x0/props/033609350_1784822897998.jpg | https://images.aqar.fm/webp/750x0/props/033609353_1784822897983.jpg | https://images.aqar.fm/webp/750x0/props/033609358_1784822898081.jpg | https://images.aqar.fm/webp/750x0/props/033609351_1784822898080.jpg | https://images.aqar.fm/webp/750x0/props/033609356_1784822897982.jpg | https://images.aqar.fm/webp/750x0/props/033609355_1784822898072.jpg | https://images.aqar.fm/webp/750x0/props/033609350_1784822915001.jpg | https://images.aqar.fm/webp/750x0/props/033609355_1784822914987.jpg | https://images.aqar.fm/webp/750x0/props/033609358_1784822915050.jpg | https://images.aqar.fm/webp/750x0/props/033609353_1784822915083.jpg | https://images.aqar.fm/webp/750x0/props/033609355_1784822915042.jpg | https://images.aqar.fm/webp/750x0/props/033609350_1784822914991.jpg | https://images.aqar.fm/webp/750x0/props/033609351_1784822915080.jpg | https://images.aqar.fm/webp/750x0/props/033609359_1784822915084.jpg | https://images.aqar.fm/webp/750x0/props/033609359_1784823033503.jpg | https://images.aqar.fm/webp/750x0/props/033609356_1784823033459.jpg | https://images.aqar.fm/webp/750x0/props/033609352_1784823033551.jpg | https://images.aqar.fm/webp/750x0/props/033609356_1784823033454.jpg | https://images.aqar.fm/webp/750x0/props/033609359_1784823033496.jpg | https://images.aqar.fm/webp/750x0/props/033609352_1784823033451.jpg | https://images.aqar.fm/webp/750x0/props/033609353_1784823033510.jpg | https://images.aqar.fm/webp/750x0/props/033609350_1784823052358.jpg | https://images.aqar.fm/webp/750x0/props/033609350_1784823052427.jpg | https://images.aqar.fm/webp/750x0/props/033609350_1784823052432.jpg | https://images.aqar.fm/webp/750x0/props/033609351_1784823052385.jpg | https://images.aqar.fm/webp/750x0/props/033609359_1784823052425.jpg | https://images.aqar.fm/webp/750x0/props/033609359_1784823073418.jpg | https://images.aqar.fm/webp/750x0/props/033609352_1784823073388.jpg,30,بندر مرعي حسين قماش,شركة سمار العقارية,1,2026-07-23,2026-08-21,2026-08-21,1854,2026-08-23,True,"1,400,000",False,فيلا
6726782,https://sa.aqar.fm/فلل-للبيع/الرياض/شمال-الرياض/حي-سدرة/شارع-عمر-بن-جميع-حي-مطار-الملك-خالد-الدولي-مدينة-الرياض-منطقة-الرياض-6726782,"فيلا للبيع في شارع عمر بن جميع, حي مطار الملك خالد الدولي, مدينة الرياض, منطقة الرياض",3000000,400,,0,0,2,حي سدرة,الرياض,شمال الرياض,"بسم الله الرحمن الرحيم 
اللهم صل وسلم على نبينا محمد 

للبيع فيلا مساحة 400 دور و ثلاث شقق 
مطار الملك خالد الدولي 
عمر العقار سنتين 
تبعد عن النرجس الشمالي 5 دقائق فقط 
شارع 18 شمالية 
الدور الارضي يتكون من 
مجلس كبير 
مقلط 
مجلس نساء 
صالة 
مطبخ 
3 دورات مياه اعزكم الله 
3 غرف نوم وحده منها ماستر 

الدور الاول شقتين نظام مودرن  مدخلين كل شقة غرفتين ومجلس مستقل وصالة ومطبخ ودورتين مياه اعزكم الله 


الدور الثاني 
شقة واسعه عبارة عن مدخلين 3 غرف نوم ومجلس مستقل ومطبخ ودورتين مياه اعزكم الله
سطح واسع 
الفله مؤجره بعقود متفرقة ينتهي اخر عقد بعد 8 شهور تقريباً 

وبالله التوفيق",24.962456,46.618277,https://images.aqar.fm/webp/750x0/props/008033839_1781071572158.jpg | https://images.aqar.fm/webp/750x0/props/008033834_1781071572157.jpg | https://images.aqar.fm/webp/750x0/props/008033831_1781071572142.jpg,3,يوسف فياض بن حمد الفياض,مؤسسة دليل النرجس للعقارات,1,2026-06-10,2026-08-07,2026-08-07,1883,2026-08-23,True,"3,000,000",False,فيلا
6633705,https://sa.aqar.fm/فلل-للبيع/الرياض/شمال-الرياض/حي-سدرة/شارع-علي-الأحمر-حي-مطار-الملك-خالد-الدولي-مدينة-الرياض-منطقة-الرياض-6633705,"فيلا للبيع في شارع علي الأحمر, حي مطار الملك خالد الدولي, مدينة الرياض, منطقة الرياض",1450000,195,6,1,0,3,حي سدرة,الرياض,شمال الرياض,"مباشر للبيع مطار الملك خالد الدولي تاون هاوس اشراق لڤينج (القصر)
المساحة 195 متر
عرض الشارع 20 متر
الواجهة شمالية
عمر العقار 3 سنوات
شارع 
6 غرف
صالة
6 دورات مياة
مدخل سيارة. مليون و ٥٠٠ قابل لتفاوض المعقول عليها رهن ٦٩٠ الف",24.964743,46.631055,https://images.aqar.fm/webp/750x0/props/050713787_1774718666165.jpg | https://images.aqar.fm/webp/750x0/props/050713789_1774718666163.jpg | https://images.aqar.fm/webp/750x0/props/050713783_1774718666455.jpg | https://images.aqar.fm/webp/750x0/props/050713787_1774718666557.jpg | https://images.aqar.fm/webp/750x0/props/050713786_1774718666651.jpg | https://images.aqar.fm/webp/750x0/props/050713787_1774718666864.jpg | https://images.aqar.fm/webp/750x0/props/050713780_1774718667070.jpg | https://images.aqar.fm/webp/750x0/props/050713781_1774718667380.jpg | https://images.aqar.fm/webp/750x0/props/050713787_1774718667580.jpg | https://images.aqar.fm/webp/750x0/props/050713785_1774718667734.jpg | https://images.aqar.fm/webp/750x0/props/050713780_1774718668131.jpg,11,جواهر ال سعيد,مكتب ريحانة نجد للعقارات,1,2026-03-28,2026-06-23,2026-08-23,1026,2026-08-23,True,"1,450,000",False,فيلا
6640638,https://sa.aqar.fm/فلل-للبيع/الرياض/شمال-الرياض/حي-سدرة/شارع-شمس-الدين-المزي-حي-مطار-الملك-خالد-الدولي-مدينة-الرياض-منطقة-الرياض-6640638,"فيلا للبيع في شارع شمس الدين المزي, حي مطار الملك خالد الدولي, مدينة الرياض, منطقة الرياض",1550000,264,5,5,2,3,حي سدرة,الرياض,شمال الرياض,"عرض رقم     4020
بسم الله الرحمن الرحيم
الرجاء قراءة الاعلان بشكل واضح
السلام عليكم ورحمة الله وبركاته

* 🏠 للبيع فيلا دبلكس ضاحية خزام
 (مشروع اشراق ليفنق ) 

المساحه : 264
الواجهه : شرقيه 
الشارع :20

تتكون من :
الدور الأرضي :
مجلس -صاله طعام -صاله -مطبخ( نضام امريكي)-دورتين مياه-مدخل رجال ومدخل نساء -مدخل جراج -حوش امامي وخلفي 
الدور الأول:
غرفتين نوم بينهم دوره مياه-وغرفتين نوم ماستر 
الدور الثاني :
سطحين منفصلين كل سطح له باب -غرفه عامله مع دوره مياه -غرفه غسيل .

سعر البيع  / 
مليون ٥٥٠ الف 
شامل قيمة الرهن 

           📞 للتواصل 
                  ابو رفيف  0556678197
                  ابو سعد   0536883439
             
شركة العبره العقارية
خدماتنا :تسويق -ادراة املاك -تطوير عقاري -كتابة عقود الكترونيه -اتحاد ملاك -خدمات البيع على الخارطة أوقات العمل من ٤ عصرًا حتى ١٠ مساءً
واتساب ٢٤ ساعه",24.961479,46.627342,https://images.aqar.fm/webp/750x0/props/041998197_1775294442244.jpg | https://images.aqar.fm/webp/750x0/props/041998191_1775294453457.jpg | https://images.aqar.fm/webp/750x0/props/041998192_1775294453261.jpg | https://images.aqar.fm/webp/750x0/props/041998198_1775294453246.jpg | https://images.aqar.fm/webp/750x0/props/041998197_1775294453269.jpg | https://images.aqar.fm/webp/750x0/props/041998195_1775294453461.jpg | https://images.aqar.fm/webp/750x0/props/041998192_1775294453227.jpg | https://images.aqar.fm/webp/750x0/props/041998192_1775294453451.jpg | https://images.aqar.fm/webp/750x0/props/041998198_1775294453264.jpg | https://images.aqar.fm/webp/750x0/props/041998196_1775294470734.jpg | https://images.aqar.fm/webp/750x0/props/041998196_1775294470757.jpg | https://images.aqar.fm/webp/750x0/props/041998194_1775294470764.jpg | https://images.aqar.fm/webp/750x0/props/041998197_1775294470774.jpg | https://images.aqar.fm/webp/750x0/props/041998196_1775294470712.jpg | https://images.aqar.fm/webp/750x0/props/041998199_1775294470724.jpg | https://images.aqar.fm/webp/750x0/props/041998198_1775294470768.jpg | https://images.aqar.fm/webp/750x0/props/041998196_1775294470729.jpg | https://images.aqar.fm/webp/750x0/props/041998197_1775294482838.jpg | https://images.aqar.fm/webp/750x0/props/041998198_1775294482842.jpg | https://images.aqar.fm/webp/750x0/props/041998197_1775294482843.jpg | https://images.aqar.fm/webp/750x0/props/041998196_1775294482840.jpg,21,عثمان عبدالرحمن بن عثمان العبره,شركة ركن العبرة للتطوير والاستثمار العقاري,1,2026-04-04,2026-07-29,2026-08-16,3249,2026-08-23,True,"1,550,000",False,فيلا
6574792,https://sa.aqar.fm/فلل-للبيع/الرياض/شمال-الرياض/حي-سدرة/شارع-أحمد-البصري-حي-مطار-الملك-خالد-الدولي-مدينة-الرياض-منطقة-الرياض-6574792,"فيلا للبيع في شارع أحمد البصري, حي مطار الملك خالد الدولي, مدينة الرياض, منطقة الرياض",1750000,195,5,4,1,3,حي سدرة,الرياض,شمال الرياض,"https://maps.app.goo.gl/kUSknrKvUcuXyFn69?
g_st=ic✨فيلا للبيع حي المطار 
السعر1,8000,00﷼
مساحه 195م
(البنك عليه ) 600الف
♦️الشوارع  عرض 18جنوبي
✨جميع الخدمات موجوده (مياه، كهرباء، ألياف نت)
تتكون الفيلا من 
الدور الأرضي 
مجلس مع دورة مياه♦️
♦️صاله
♦️مطبخ 
♦️دورة مياه
حوش خلفي 
حوش امامي 
مجلس بيت شعر ♦️
🔴الدور الأول 
عباره عن ♦️4غرف نوم2منها ماستر 3دورات مياه
🔴الدور الثاني عبارة عن
♦️غرفه عامله ماستر وسطحيي
https://maps.app.goo.gl/kUSknrKvUcuXyFn69?

g_st=ic✨Villa for sale in Al Matar neighborhood
Price: 18,000,000 SAR
Area: 195 sq m
(Bank loan available) 600,000 SAR
♦️Streets: 18 meters wide, south-facing
✨All services are available (water, electricity, fiber optic internet)
The villa consists of:
Ground Floor:
Majlis with bathroom
♦️Living room
♦️Kitchen
♦️Bathroom
Backyard
Frontyard
♦️First Floor:
♦️4 bedrooms, 2 of which are master bedrooms, 3 bathrooms
♦️Second Floor:
♦️Maid's room with master bedroom and roof terrace",24.96602,46.624497,https://images.aqar.fm/webp/750x0/props/000530441_1770139693794.jpg | https://images.aqar.fm/webp/750x0/props/000530448_1770139693548.jpg | https://images.aqar.fm/webp/750x0/props/000530449_1770139693579.jpg | https://images.aqar.fm/webp/750x0/props/000530444_1770139693591.jpg | https://images.aqar.fm/webp/750x0/props/000530449_1770139693561.jpg | https://images.aqar.fm/webp/750x0/props/000530440_1770139693587.jpg | https://images.aqar.fm/webp/750x0/props/000530442_1770139693560.jpg | https://images.aqar.fm/webp/750x0/props/000530440_1770139781563.jpg | https://images.aqar.fm/webp/750x0/props/000530449_1770139781453.jpg | https://images.aqar.fm/webp/750x0/props/000530444_1770139781555.jpg | https://images.aqar.fm/webp/750x0/props/000530447_1770139781491.jpg | https://images.aqar.fm/webp/750x0/props/000530448_1770139781505.jpg | https://images.aqar.fm/webp/750x0/props/000530442_1770139781509.jpg | https://images.aqar.fm/webp/750x0/props/000530447_1770139781438.jpg | https://images.aqar.fm/webp/750x0/props/000530444_1770139781472.jpg | https://images.aqar.fm/webp/750x0/props/000530442_1770139820706.jpg | https://images.aqar.fm/webp/750x0/props/000530443_1770139820491.jpg | https://images.aqar.fm/webp/750x0/props/000530444_1770139820644.jpg | https://images.aqar.fm/webp/750x0/props/000530446_1770139820610.jpg | https://images.aqar.fm/webp/750x0/props/000530446_1770139820466.jpg | https://images.aqar.fm/webp/750x0/props/000530441_1770139820607.jpg | https://images.aqar.fm/webp/750x0/props/000530448_1770139820432.jpg | https://images.aqar.fm/webp/750x0/props/000530449_1770139820467.jpg,23,معيوف مسعود محمد الشهراني,شركة فواصل الانشاء للعقارات ,1,2026-02-03,2026-07-28,2026-08-19,1705,2026-08-23,True,"1,750,000",False,فيلا
6752006,https://sa.aqar.fm/فلل-للبيع/الرياض/شمال-الرياض/حي-سدرة/شارع-البرهان-بن-أيوب-حي-مطار-الملك-خالد-الدولي-مدينة-الرياض-منطقة-الرياض-6752006,"فيلا للبيع في شارع البرهان بن أيوب, حي مطار الملك خالد الدولي, مدينة الرياض, منطقة الرياض",1800000,270,6,0,0,0,حي سدرة,الرياض,شمال الرياض,"فرصة مميزة للبيع بسعر 1,800,000 ريال

🔹 غرفة سائق
🔹 حوش أمامي مع جلسة خارجية
🔹 صالة كبيرة + مجلس
🔹 دورتا مياه
🔹 مطبخ مغلق
🔹 جلسة خارجية

الدور الأول:
🔹 صالة عائلية
🔹 مطبخ إضافي
🔹 4 غرف نوم (جميعها ماستر)

الدور الثاني:
🔹 غرفة خادمة
🔹 غرفة إضافية
🔹 غرفة غسيل
🔹 سطح مطل مع جلسة خارجية

📍فيلا بتصميم مميز ومساحات عملية مناسبة للسكن والاستثمار",24.95735,46.629953,https://images.aqar.fm/webp/750x0/props/022440320_1782701456629.jpg | https://images.aqar.fm/webp/750x0/props/022440320_1782701594420.jpg | https://images.aqar.fm/webp/750x0/props/022440327_1782701594403.jpg | https://images.aqar.fm/webp/750x0/props/022440321_1782701594418.jpg | https://images.aqar.fm/webp/750x0/props/022440328_1782701594402.jpg | https://images.aqar.fm/webp/750x0/props/022440320_1782701594415.jpg | https://images.aqar.fm/webp/750x0/props/022440320_1782701594419.jpg | https://images.aqar.fm/webp/750x0/props/022440322_1782701594473.jpg | https://images.aqar.fm/webp/750x0/props/022440321_1782701594420.jpg | https://images.aqar.fm/webp/750x0/props/022440320_1782701770238.jpg | https://images.aqar.fm/webp/750x0/props/022440328_1782701770242.jpg | https://images.aqar.fm/webp/750x0/props/022440328_1782701770238.jpg | https://images.aqar.fm/webp/750x0/props/022440326_1782701770275.jpg | https://images.aqar.fm/webp/750x0/props/022440329_1782701770247.jpg | https://images.aqar.fm/webp/750x0/props/022440327_1782701770277.jpg | https://images.aqar.fm/webp/750x0/props/022440320_1782701770247.jpg | https://images.aqar.fm/webp/750x0/props/022440323_1782701770253.jpg | https://images.aqar.fm/webp/750x0/props/022440325_1782702026391.jpg | https://images.aqar.fm/webp/750x0/props/022440322_1782702026391.jpg | https://images.aqar.fm/webp/750x0/props/022440329_1782702026396.jpg | https://images.aqar.fm/webp/750x0/props/022440322_1782702026398.jpg | https://images.aqar.fm/webp/750x0/props/022440320_1782702026401.jpg | https://images.aqar.fm/webp/750x0/props/022440328_1782702026400.jpg | https://images.aqar.fm/webp/750x0/props/022440323_1782702026396.jpg | https://images.aqar.fm/webp/750x0/props/022440328_1782702026410.jpg | https://images.aqar.fm/webp/750x0/props/022440328_1782702041428.jpg | https://images.aqar.fm/webp/750x0/props/022440322_1782702041436.jpg | https://images.aqar.fm/webp/750x0/props/022440328_1782702041437.jpg | https://images.aqar.fm/webp/750x0/props/022440322_1782702041445.jpg | https://images.aqar.fm/webp/750x0/props/022440328_1782702124011.jpg,30,بدر عواض بن عيضه الحارثي,,0,2026-06-29,2026-07-28,2026-08-07,1152,2026-08-23,True,"1,800,000",False,فيلا
6575280,https://sa.aqar.fm/فلل-للبيع/الرياض/شمال-الرياض/حي-سدرة/شارع-احمد-بن-الرفعة-حي-مطار-الملك-خالد-الدولي-مدينة-الرياض-منطقة-الرياض-6575280,"فيلا للبيع في شارع احمد بن الرفعة, حي مطار الملك خالد الدولي, مدينة الرياض, منطقة الرياض",1550000,262,,0,0,0,حي سدرة,الرياض,شمال الرياض,فيلا يضاحية خزام ديار السعد واجهة شمالية السوم مليون و 600 الف نظيفة جدا ومنوة للساكنين مساحتها حلوة جدا واكبر من غيرها 260م حوش وموقف سيارة مجالس اسفل والدور العلوي غرفتين ماستر وغرفتين مستقلة بحمام غثر ملحق السطح السعر نازل وفرصة ما تعوض,24.970723,46.627842,https://images.aqar.fm/webp/750x0/props/009924477_1770167617792.jpg,1,خالد راشد,مؤسسة المسكن المميز للتطوير والاستثمار العقاري,1,2026-02-04,2026-05-31,2026-08-21,5255,2026-08-23,True,"1,550,000",False,فيلا
6722825,https://sa.aqar.fm/فلل-للبيع/الرياض/شمال-الرياض/حي-سدرة/شارع-احمد-بن-الرفعة-حي-مطار-الملك-خالد-الدولي-مدينة-الرياض-منطقة-الرياض-6722825,"فيلا للبيع في شارع احمد بن الرفعة, حي مطار الملك خالد الدولي, مدينة الرياض, منطقة الرياض",1350000,200,6,0,0,1,حي سدرة,الرياض,شمال الرياض,"فلا بضاحية خزام 
مشروع ديار السعد 
مساحة الارض 200 م 
مسطح البناء 271 م  
  

الدور الأرضي
حوش امامي مدخل سيارة 
مجلس رجال بدورة مياه 
مقلط  
صاله ضيافة بدورة مياة 
 مستودع
  حديقة خلفية 

الدور الأول يتكون من : 
غرفتين نوم ماستر 
غرفتين نوم بدورة مياه مشتركة 

الدور الثاني يتكون من : 
غرفة خادمة بدورة مياه
غرفة غسيل
سطحين


السوم 1,350,000 
البيع قريب 

جميع الضمانات موجوده

شركة طريق الاسكان توفر عروض 
حصرية تناسب الجميع 

للتواصل / ابو محمد 0503203125",24.970218,46.626932,https://images.aqar.fm/webp/750x0/props/016152997_1780845758079.jpg | https://images.aqar.fm/webp/750x0/props/016152998_1780845758070.jpg | https://images.aqar.fm/webp/750x0/props/016152999_1780845776431.jpg | https://images.aqar.fm/webp/750x0/props/016152999_1780845776427.jpg | https://images.aqar.fm/webp/750x0/props/016152999_1780845776354.jpg | https://images.aqar.fm/webp/750x0/props/016152998_1780845776357.jpg | https://images.aqar.fm/webp/750x0/props/016152991_1780845776436.jpg | https://images.aqar.fm/webp/750x0/props/016152990_1780845776447.jpg | https://images.aqar.fm/webp/750x0/props/016152994_1780845776352.jpg | https://images.aqar.fm/webp/750x0/props/016152995_1780845776428.jpg | https://images.aqar.fm/webp/750x0/props/016152997_1780845784462.jpg | https://images.aqar.fm/webp/750x0/props/016152993_1780845784463.jpg,12,احمد علي سليمان ودعاني,شركة مكتب طريق الاسكان للعقارات,1,2026-06-07,2026-06-07,2026-08-17,528,2026-08-23,True,"1,350,000",False,فيلا
6425398,https://sa.aqar.fm/فلل-للبيع/الرياض/شمال-الرياض/حي-سدرة/شارع-سلمان-بن-مالك-حي-مطار-الملك-خالد-الدولي-مدينة-الرياض-منطقة-الرياض-6425398,"فيلا للبيع في شارع سلمان بن مالك, حي مطار الملك خالد الدولي, مدينة الرياض, منطقة الرياض",1600000,250,4,,,0,حي سدرة,الرياض,شمال الرياض,"فله للبيع بحي مطار الملك خالد

مساحه الأرض 250 

مسطح بناء 320 الواجهه جنوبيه يتضمن :
- صالة 
- ⁠مطبخ 
- ⁠مجلس 
- غرفة طعام
- غرفتين ماستر 
- غرفتين عادية 
- غرفة عاملة 
6 دورات مياه 
- سطح أمامي مطل على الحديقة 
- سطح خلفي
- ⁠حوش أمامي
- ⁠حوش خلفي


عليها بنك 700 الف 

البيع مليون و600 الف",24.962152,46.632415,https://images.aqar.fm/webp/750x0/props/041931070_1760541373427.jpg | https://images.aqar.fm/webp/750x0/props/041931077_1760541373572.jpg | https://images.aqar.fm/webp/750x0/props/041931078_1760541373500.jpg | https://images.aqar.fm/webp/750x0/props/041931076_1760541373547.jpg | https://images.aqar.fm/webp/750x0/props/041931075_1760541373489.jpg | https://images.aqar.fm/webp/750x0/props/041931077_1760541373499.jpg | https://images.aqar.fm/webp/750x0/props/041931071_1760541373567.jpg | https://images.aqar.fm/webp/750x0/props/041931073_1760541373487.jpg | https://images.aqar.fm/webp/750x0/props/041931071_1760541391618.jpg | https://images.aqar.fm/webp/750x0/props/041931077_1760541391632.jpg | https://images.aqar.fm/webp/750x0/props/041931071_1760541391610.jpg | https://images.aqar.fm/webp/750x0/props/041931079_1760541391684.jpg | https://images.aqar.fm/webp/750x0/props/041931070_1760541391653.jpg | https://images.aqar.fm/webp/750x0/props/041931079_1760541391624.jpg | https://images.aqar.fm/webp/750x0/props/041931076_1760541391624.jpg | https://images.aqar.fm/webp/750x0/props/041931072_1760541391642.jpg,16,احمد بن سليمان بن محمد الصانع,شركة واحة التعمير العقاري شركة شخص واحد,1,2025-10-15,2025-10-15,2026-07-04,4115,2026-08-23,True,"1,600,000",False,فيلا
6395757,https://sa.aqar.fm/فلل-للبيع/الرياض/شمال-الرياض/حي-سدرة/حي-مطار-الملك-خالد-الدولي-مدينة-الرياض-منطقة-الرياض-6395757,"فيلا للبيع في حي مطار الملك خالد الدولي, مدينة الرياض, منطقة الرياض",2450000,307,6,,,1,حي سدرة,الرياض,شمال الرياض,"فله للبيع جديده حي المطار 
جاهزه للسكن 
حي هادئ جداً",24.964607,46.630073,https://images.aqar.fm/webp/750x0/props/018624744_1758707237828.jpg | https://images.aqar.fm/webp/750x0/props/018624743_1758707238109.jpg | https://images.aqar.fm/webp/750x0/props/018624743_1758707237823.jpg | https://images.aqar.fm/webp/750x0/props/018624742_1758707237836.jpg | https://images.aqar.fm/webp/750x0/props/018624740_1758707237852.jpg | https://images.aqar.fm/webp/750x0/props/018624746_1758707237829.jpg | https://images.aqar.fm/webp/750x0/props/018624744_1758707237822.jpg | https://images.aqar.fm/webp/750x0/props/018624742_1758707237824.jpg,8,رعد عطيه عواض الطلحي,,,2025-09-24,2026-03-12,2026-06-24,2650,2026-08-23,True,"2,450,000",False,فيلا
6574178,https://sa.aqar.fm/فلل-للبيع/الرياض/شمال-الرياض/حي-سدرة/حي-الرمال-مدينة-الرياض-منطقة-الرياض-6574178,"فيلا للبيع في حي الرمال, مدينة الرياض, منطقة الرياض",1125000,292,4,2,1,0,حي سدرة,الرياض,شمال الرياض,"فله عباره عن ادوار مستقله 
دور ارضي   مستقل عداد خزان بمليون و٨٠
دور اول ب ٩٥٠الف
دور ثاني سطح ب٧٥٠ الف 

البيع مفرد. او كامل  فرصه مميزه يوجد بكل صك غرفة سائق خاصه مرفقه بالصك 

✨ عرض استثنائي لعملاء التميز بحي تنال الرمال قريبه من المطار 
فلة ادوار منفصله. دور ارضي  
▪️ 3غرف نوم. غرفة سائق مرفقه بالصك 
▪️ صالة واسعة
▪️ مجلس كبير
▪️ صالة طعام
▪️ غرفة عاملة 
▪️ مدخلين
▪️ على شارع٢٠م
📐 المساحة:٢٩٢م
💰 بسعر مميز
فرصة قوية للسكن المريح والاستثمار الذكي
الجاد يتواصل 📞",24.953767,46.760063,https://images.aqar.fm/webp/750x0/props/006819272_1779109645480.jpg | https://images.aqar.fm/webp/750x0/props/006819277_1779109693742.jpg | https://images.aqar.fm/webp/750x0/props/006819275_1779109714575.jpg | https://images.aqar.fm/webp/750x0/props/006819271_1779109714571.jpg | https://images.aqar.fm/webp/750x0/props/006819278_1779109714631.jpg | https://images.aqar.fm/webp/750x0/props/006819279_1779109714641.jpg | https://images.aqar.fm/webp/750x0/props/006819278_1779109714628.jpg | https://images.aqar.fm/webp/750x0/props/006819278_1780396851742.jpg | https://images.aqar.fm/webp/750x0/props/006819271_1780396851702.jpg,9,مشعل بن علي بن قيقان العنزي,,,2026-02-03,2026-06-26,2026-08-19,4723,2026-08-23,True,"1,125,000",False,فيلا
6778849,https://sa.aqar.fm/فلل-للبيع/الرياض/شمال-الرياض/حي-سدرة/شارع-البرهان-بن-أيوب-حي-مطار-الملك-خالد-الدولي-مدينة-الرياض-منطقة-الرياض-6778849,"فيلا للبيع في شارع البرهان بن أيوب, حي مطار الملك خالد الدولي, مدينة الرياض, منطقة الرياض",1250000,303,6,5,1,0,حي سدرة,الرياض,شمال الرياض,"https://maps.app.goo.gl/m95jZ3XVXgNHvkFb9?g_st=iw
للبيع فلة بمطار ضاحية الخزام – مشروع مرسيه

- المساحة: 303 م² (تاون هاوس)
- المواصفات: ٦ غرف 
- – ٢ صالة 
- – ٧ دورات مياه 
- – مجلس 
- – ارتداد وأحواش خارجية 
- – مدخل سيارة 
- – مطبخ راكب
- البيع مليون500
-  باقي في العقد 8 شهور
- مباشر مع المالك",24.957927,46.629573,https://images.aqar.fm/webp/750x0/props/038459096_1784352989283.jpg | https://images.aqar.fm/webp/750x0/props/038459092_1784352988969.jpg | https://images.aqar.fm/webp/750x0/props/038459095_1784352989153.jpg | https://images.aqar.fm/webp/750x0/props/038459090_1784352989242.jpg | https://images.aqar.fm/webp/750x0/props/038459099_1784352989508.jpg | https://images.aqar.fm/webp/750x0/props/038459093_1784352989745.jpg | https://images.aqar.fm/webp/750x0/props/038459099_1784352989811.jpg,7,جواهر عبدالعزيز,مكتب ريحانة نجد للعقارات,1,2026-07-18,2026-08-16,2026-08-23,1348,2026-08-23,True,"1,250,000",False,فيلا
6748456,https://sa.aqar.fm/فلل-للبيع/الرياض/شمال-الرياض/حي-سدرة/شارع-حارثة-بن-وهب-الخزاعي-حي-مطار-الملك-خالد-الدولي-مدينة-الرياض-منطقة-الرياض-6748456,"فيلا للبيع في شارع حارثة بن وهب الخزاعي, حي مطار الملك خالد الدولي, مدينة الرياض, منطقة الرياض",1750000,250,6,5,1,0,حي سدرة,الرياض,شمال الرياض,"فيلا المهندية للبيع نموذج (العالية)
الدور الارضي : مجلس - صالة - دورتين مياه - مطبخ 
الدور الاول : غرفتين ماستر - غرفتين بينها دورة مياه مشتركة 
الدور الثاني : غرفة ماستر - غرفة عاملة - سطح واسع

المعذرة اذا لم يتم الرد على الاتصال لكثرة العملاء 
يرجى التواصل على الواتساب .",24.926094,46.647985,https://images.aqar.fm/webp/750x0/props/027888481_1782435456200.jpg | https://images.aqar.fm/webp/750x0/props/027888488_1782435456196.jpg | https://images.aqar.fm/webp/750x0/props/027888487_1782435456196.jpg | https://images.aqar.fm/webp/750x0/props/027888484_1782435456150.jpg | https://images.aqar.fm/webp/750x0/props/027888485_1782435456162.jpg | https://images.aqar.fm/webp/750x0/props/027888481_1782435456199.jpg | https://images.aqar.fm/webp/750x0/props/027888484_1782435456163.jpg | https://images.aqar.fm/webp/750x0/props/027888485_1782435456208.jpg,8,نواف بن خالد بن قليل الحارثي,مؤسسة نواف خالد قليل الحارثي,1,2026-06-26,2026-07-25,2026-07-25,1405,2026-08-23,True,"1,750,000",False,فيلا
6722847,https://sa.aqar.fm/فلل-للبيع/الرياض/شمال-الرياض/حي-سدرة/شارع-احمد-بن-الرفعة-حي-مطار-الملك-خالد-الدولي-مدينة-الرياض-منطقة-الرياض-6722847,"فيلا للبيع في شارع احمد بن الرفعة, حي مطار الملك خالد الدولي, مدينة الرياض, منطقة الرياض",1350000,200,6,0,0,1,حي سدرة,الرياض,شمال الرياض,"فلا بضاحية خزام 
مشروع ديار السعد 
مساحة الارض 200 م 
مسطح البناء 271 م  
  

الدور الأرضي
حوش امامي مدخل سيارة 
مجلس رجال بدورة مياه 
مقلط  
صاله ضيافة بدورة مياة 
 مستودع
  حديقة خلفية 

الدور الأول يتكون من : 
غرفتين نوم ماستر 
غرفتين نوم بدورة مياه مشتركة 

الدور الثاني يتكون من : 
غرفة خادمة بدورة مياه
غرفة غسيل
سطحين


السوم 1,350,000 
البيع قريب 

جميع الضمانات موجوده

شركة طريق الاسكان توفر عروض 
حصرية تناسب الجميع 

للتواصل / ابو محمد 0532004356",24.970218,46.626932,https://images.aqar.fm/webp/750x0/props/036575429_1780846078428.jpg | https://images.aqar.fm/webp/750x0/props/036575429_1780846078389.jpg | https://images.aqar.fm/webp/750x0/props/036575427_1780846090305.jpg | https://images.aqar.fm/webp/750x0/props/036575427_1780846090313.jpg | https://images.aqar.fm/webp/750x0/props/036575428_1780846090342.jpg | https://images.aqar.fm/webp/750x0/props/036575427_1780846090417.jpg | https://images.aqar.fm/webp/750x0/props/036575429_1780846090347.jpg | https://images.aqar.fm/webp/750x0/props/036575422_1780846090403.jpg | https://images.aqar.fm/webp/750x0/props/036575423_1780846090345.jpg | https://images.aqar.fm/webp/750x0/props/036575421_1780846090344.jpg | https://images.aqar.fm/webp/750x0/props/036575429_1780846100973.jpg | https://images.aqar.fm/webp/750x0/props/036575425_1780846100976.jpg,12,احمد علي سليمان ودعاني,شركة مكتب طريق الاسكان للعقارات,1,2026-06-07,2026-06-07,2026-08-17,796,2026-08-23,True,"1,350,000",False,فيلا
6759889,https://sa.aqar.fm/فلل-للبيع/الرياض/شمال-الرياض/حي-سدرة/حي-مطار-الملك-خالد-الدولي-مدينة-الرياض-منطقة-الرياض-6759889,"فيلا للبيع في حي مطار الملك خالد الدولي, مدينة الرياض, منطقة الرياض",1600000,250,5,5,2,0,حي سدرة,الرياض,شمال الرياض,"ثبات المسكن حي المطار رقمها ٤٠٠
* المساحة: 250م²
* واجهة شرقية
* موقع استراتيجي مميز.

تفاصيل الفيلا:

* الدور الأرضي: مجلس، صالة، مطبخ، دورتا مياه، وحوش أمامي وجانبي وخلفي.
* الدور الأول: 4 غرف نوم، منها غرفتان ماستر وغرفتان تخدمهما دورة مياه.
* الدور الثاني: غرفة خادمة، غرفة غسيل، وصالة.

تشطيب مميز وتصميم عملي، مناسبة للسكن العائلي",24.924365,46.651868,https://images.aqar.fm/webp/750x0/props/022440327_1783204489857.jpg | https://images.aqar.fm/webp/750x0/props/022440327_1783204507839.jpg | https://images.aqar.fm/webp/750x0/props/022440323_1783204507847.jpg | https://images.aqar.fm/webp/750x0/props/022440327_1783204507843.jpg | https://images.aqar.fm/webp/750x0/props/022440328_1783204507856.jpg | https://images.aqar.fm/webp/750x0/props/022440321_1783204507843.jpg | https://images.aqar.fm/webp/750x0/props/022440325_1783204507851.jpg | https://images.aqar.fm/webp/750x0/props/022440323_1783204507850.jpg | https://images.aqar.fm/webp/750x0/props/022440326_1783204507851.jpg | https://images.aqar.fm/webp/750x0/props/022440324_1783204527148.jpg | https://images.aqar.fm/webp/750x0/props/022440325_1783204527182.jpg | https://images.aqar.fm/webp/750x0/props/022440320_1783204527132.jpg | https://images.aqar.fm/webp/750x0/props/022440322_1783204527179.jpg | https://images.aqar.fm/webp/750x0/props/022440322_1783204527140.jpg | https://images.aqar.fm/webp/750x0/props/022440325_1783204527144.jpg | https://images.aqar.fm/webp/750x0/props/022440327_1783204527199.jpg | https://images.aqar.fm/webp/750x0/props/022440326_1783204527190.jpg | https://images.aqar.fm/webp/750x0/props/022440326_1783204544232.jpg | https://images.aqar.fm/webp/750x0/props/022440323_1783204544236.jpg | https://images.aqar.fm/webp/750x0/props/022440321_1783204544223.jpg | https://images.aqar.fm/webp/750x0/props/022440326_1783204544227.jpg | https://images.aqar.fm/webp/750x0/props/022440327_1783204544233.jpg | https://images.aqar.fm/webp/750x0/props/022440328_1783204544242.jpg | https://images.aqar.fm/webp/750x0/props/022440322_1783204544242.jpg | https://images.aqar.fm/webp/750x0/props/022440323_1783204544246.jpg,25,بدر عواض بن عيضه الحارثي,,0,2026-07-04,2026-08-03,2026-08-09,2497,2026-08-23,True,"1,600,000",False,فيلا
6721101,https://sa.aqar.fm/فلل-للبيع/الرياض/شمال-الرياض/حي-سدرة/شارع-احمد-بن-الرفعة-حي-مطار-الملك-خالد-الدولي-مدينة-الرياض-منطقة-الرياض-6721101,"فيلا للبيع في شارع احمد بن الرفعة, حي مطار الملك خالد الدولي, مدينة الرياض, منطقة الرياض",1350000,200,6,3,0,1,حي سدرة,الرياض,شمال الرياض,"فلا بضاحية خزام 
مشروع ديار السعد 
مساحة الارض 200 م 
مسطح البناء 271 م  
  
قريب من مسجد و حديقة 

الدور الأرضي
حوش امامي مدخل سيارة 
مجلس رجال بدورة مياه 
مقلط  
صاله ضيافة بدورة مياة 
 مستودع
  حديقة خلفية 

الدور الأول يتكون من : 
غرفتين نوم ماستر 
غرفتين نوم بدورة مياه مشتركة 

الدور الثاني يتكون من : 
غرفة خادمة بدورة مياه
غرفة غسيل
سطحين


السوم 1,350,000 
البيع قريب 

جميع الضمانات موجوده

شركة طريق الاسكان توفر عروض 
حصرية تناسب الجميع 

للتواصل /  رنيم ((الرقم يظهر عند الضغط على اتصال))",24.970218,46.626932,https://images.aqar.fm/webp/750x0/props/012590243_1780831532698.jpg | https://images.aqar.fm/webp/750x0/props/012590248_1780831532830.jpg | https://images.aqar.fm/webp/750x0/props/012590240_1780831532749.jpg | https://images.aqar.fm/webp/750x0/props/012590248_1780831532694.jpg | https://images.aqar.fm/webp/750x0/props/012590248_1780831532731.jpg | https://images.aqar.fm/webp/750x0/props/012590249_1780831532730.jpg | https://images.aqar.fm/webp/750x0/props/012590243_1780831532730.jpg | https://images.aqar.fm/webp/750x0/props/012590241_1780831532733.jpg | https://images.aqar.fm/webp/750x0/props/012590244_1780831546120.jpg | https://images.aqar.fm/webp/750x0/props/012590245_1780831546127.jpg | https://images.aqar.fm/webp/750x0/props/012590243_1780831546120.jpg | https://images.aqar.fm/webp/750x0/props/012590246_1780831546170.jpg,12,احمد علي سليمان ودعاني,شركة مكتب طريق الاسكان للعقارات,1,2026-06-06,2026-06-06,2026-08-17,810,2026-08-23,True,"1,350,000",False,فيلا
6708491,https://sa.aqar.fm/فلل-للبيع/الرياض/شمال-الرياض/حي-سدرة/شارع-ابن-الجارود-حي-مطار-الملك-خالد-الدولي-مدينة-الرياض-منطقة-الرياض-6708491,"فيلا للبيع في شارع ابن الجارود, حي مطار الملك خالد الدولي, مدينة الرياض, منطقة الرياض",1600000,200,4,5,3,5,حي سدرة,الرياض,شمال الرياض,$6c,24.969906,46.628932,https://images.aqar.fm/webp/750x0/props/039565773_1779544695411.jpg | https://images.aqar.fm/webp/750x0/props/039565771_1779544699854.jpg | https://images.aqar.fm/webp/750x0/props/039565776_1779544699848.jpg | https://images.aqar.fm/webp/750x0/props/039565776_1779544699863.jpg | https://images.aqar.fm/webp/750x0/props/039565779_1779544699869.jpg | https://images.aqar.fm/webp/750x0/props/039565776_1779544699856.jpg | https://images.aqar.fm/webp/750x0/props/039565776_1779544699868.jpg,7,علي عبدالله,شركة مساكن طوبى العقارية,1,2026-05-23,2026-08-18,2026-08-18,473,2026-08-23,True,"1,600,000",False,فيلا
6778243,https://sa.aqar.fm/فلل-للبيع/الرياض/شمال-الرياض/حي-سدرة/شارع-معاوية-بن-هشام-حي-مطار-الملك-خالد-الدولي-مدينة-الرياض-منطقة-الرياض-6778243,"فيلا للبيع في شارع معاوية بن هشام, حي مطار الملك خالد الدولي, مدينة الرياض, منطقة الرياض",1750000,195,4,5,1,2,حي سدرة,الرياض,شمال الرياض,"فيلا للبيع 

بحي مطار الملك خالد الدولي ( خزام) 


المساحة 195 متر 


المواصفات 

حوش خارجي + مدخل سيارة + حوش مطل على الصالة 



الدور الارض 

مجلس + مقلط + صالة + مطبخ + مستودع + ٢ دورة مياه 




الدور الاول 


٤ غرف نوم 


٢ ماستر و٢ بينهم دورة مياه مشتركة 


السطح 


غرفة نوم بدورة مياه + غرفة غسيل 




البيع يشمل الأثاث والمكيفات 

ماعدا طولة الطعم وغرفة النوم الماستر",24.962897,46.631718,https://images.aqar.fm/webp/750x0/props/041931075_1784298789536.jpg | https://images.aqar.fm/webp/750x0/props/041931071_1784298789574.jpg | https://images.aqar.fm/webp/750x0/props/041931072_1784298789566.jpg | https://images.aqar.fm/webp/750x0/props/041931074_1784298789530.jpg | https://images.aqar.fm/webp/750x0/props/041931070_1784298789582.jpg | https://images.aqar.fm/webp/750x0/props/041931078_1784298789544.jpg | https://images.aqar.fm/webp/750x0/props/041931078_1784298789574.jpg | https://images.aqar.fm/webp/750x0/props/041931078_1784298789538.jpg | https://images.aqar.fm/webp/750x0/props/041931079_1784298823807.jpg | https://images.aqar.fm/webp/750x0/props/041931074_1784298823789.jpg | https://images.aqar.fm/webp/750x0/props/041931074_1784298823850.jpg | https://images.aqar.fm/webp/750x0/props/041931078_1784298823806.jpg,12,احمد بن سليمان بن محمد الصانع,شركة واحة التعمير العقاري شركة شخص واحد,1,2026-07-17,2026-08-15,2026-08-19,750,2026-08-23,True,"1,750,000",False,فيلا
6711268,https://sa.aqar.fm/فلل-للبيع/الرياض/شمال-الرياض/حي-سدرة/شارع-سلمان-بن-مالك-حي-مطار-الملك-خالد-الدولي-مدينة-الرياض-منطقة-الرياض-6711268,"فيلا للبيع في شارع سلمان بن مالك, حي مطار الملك خالد الدولي, مدينة الرياض, منطقة الرياض",2000000,275,4,6,1,3,حي سدرة,الرياض,شمال الرياض,"المسؤول عن الإعلان/ عبدالرحمن محمد المجاهد
جوال 0506323221

فيلا للبيع بحي مطار الملك خالد الدولي شمال الرياض
ضمن مشروع (إشراق ليفينج)
الفيلا تبعد 150 متر عن جامع حصة البليهد (خلف الفيلا)
وتبعد 600 متر عن حديقة وممشى مرسية

مساحة الأرض: 275 م²
مساحة البناء: 300 م²
الواجهة: جنوبية (شارع 18 م)

• مكونات الفيلا:
حوش أمامي + حوش خلفي
صالة + مطبخ + مجلس + غرفة طعام
غرفتين نوم ماستر + غرفتين نوم + غرفة خادمة
6 دورات مياه
سطح أمامي + سطح خلفي

ملاحظة: الفيلا عليها مبلغ للبنك (600,000 ريال سعودي)
محسوب ضمن السعر

سعر البيع: 2,000,000 ريال سعودي
السعي على المشتري",24.961933,46.632005,https://images.aqar.fm/webp/750x0/props/051981838_1779792462291.jpg | https://images.aqar.fm/webp/750x0/props/051981835_1779792462291.jpg | https://images.aqar.fm/webp/750x0/props/051981834_1779792462454.jpg | https://images.aqar.fm/webp/750x0/props/051981830_1779792462485.jpg | https://images.aqar.fm/webp/750x0/props/051981833_1779792462307.jpg | https://images.aqar.fm/webp/750x0/props/051981834_1779792462481.jpg | https://images.aqar.fm/webp/750x0/props/051981830_1779792462307.jpg | https://images.aqar.fm/webp/750x0/props/051981833_1779792462485.jpg | https://images.aqar.fm/webp/750x0/props/051981835_1779792462439.jpg | https://images.aqar.fm/webp/750x0/props/051981835_1779792462440.jpg | https://images.aqar.fm/webp/750x0/props/051981837_1779792462455.jpg | https://images.aqar.fm/webp/750x0/props/051981831_1779792462469.jpg | https://images.aqar.fm/webp/750x0/props/051981830_1779792462466.jpg | https://images.aqar.fm/webp/750x0/props/051981834_1779792462331.jpg | https://images.aqar.fm/webp/750x0/props/051981832_1779792462512.jpg | https://images.aqar.fm/webp/750x0/props/051981833_1779792462520.jpg | https://images.aqar.fm/webp/750x0/props/051981830_1779792462464.jpg | https://images.aqar.fm/webp/750x0/props/051981836_1779792462511.jpg | https://images.aqar.fm/webp/750x0/props/051981836_1779792462509.jpg | https://images.aqar.fm/webp/750x0/props/051981832_1779792462504.jpg | https://images.aqar.fm/webp/750x0/props/051981832_1779792462512.jpg | https://images.aqar.fm/webp/750x0/props/051981839_1779792462465.jpg | https://images.aqar.fm/webp/750x0/props/051981835_1779792462465.jpg | https://images.aqar.fm/webp/750x0/props/051981831_1779792462513.jpg | https://images.aqar.fm/webp/750x0/props/051981836_1779792462513.jpg | https://images.aqar.fm/webp/750x0/props/051981838_1779792462507.jpg,26,محمد بن عبدالرحمن,شركة دار الروافد لتقنية المعلومات شركة شخص واحد,1,2026-05-26,2026-08-21,2026-08-21,687,2026-08-23,True,"2,000,000",False,فيلا
6746924,https://sa.aqar.fm/فلل-للبيع/الرياض/شمال-الرياض/حي-سدرة/شارع-حارثة-بن-وهب-الخزاعي-حي-مطار-الملك-خالد-الدولي-مدينة-الرياض-منطقة-الرياض-6746924,"فيلا للبيع في شارع حارثة بن وهب الخزاعي, حي مطار الملك خالد الدولي, مدينة الرياض, منطقة الرياض",1900000,250,7,,,0,حي سدرة,الرياض,شمال الرياض,"فله للبيع حي ضاحية خزام
في مشروع المهنديه ضاحية خزام 
مودرن واجهات زجاجيه و بلكونات 
مساحة 250 م 
الدور الاول 
ضيافة رجال ونساء و مطبخ 
الدور الثاني
غرفة ماستر مع بلكونه 
3 غرف نوم واحده ماستر 
الدور الثالث 
غرفة نوم وحمام وبلكونه كبيره 
غرفة نوم خادمه بحمام 
غرفة غسيل سطح 
ضمانات كهرب و سباكه 
25 سنه و ضمانات مدي
الاحيا وا جهات زجاجه
حوش خلف و أمام و مدخل
 سياره عليه بنك 900الف 
البيع كاش مباشر معا المالك",24.926402,46.648589,https://images.aqar.fm/webp/750x0/props/050645273_1782330924978.jpg | https://images.aqar.fm/webp/750x0/props/050645270_1782330925020.jpg | https://images.aqar.fm/webp/750x0/props/050645273_1782330925021.jpg | https://images.aqar.fm/webp/750x0/props/050645272_1782330925175.jpg | https://images.aqar.fm/webp/750x0/props/050645271_1782330925514.jpg | https://images.aqar.fm/webp/750x0/props/050645278_1782330925735.jpg | https://images.aqar.fm/webp/750x0/props/050645272_1782330940458.jpg,7,صالح بن عبيد بن عايش العنزي,مكتب ابداع الصحافة للخدمات العقارية,1,2026-06-24,2026-08-22,2026-08-22,423,2026-08-23,True,"1,900,000",False,فيلا
6750847,https://sa.aqar.fm/فلل-للبيع/الرياض/شمال-الرياض/حي-سدرة/شارع-يحيى-الوراق-حي-مطار-الملك-خالد-الدولي-مدينة-الرياض-منطقة-الرياض-6750847,"فيلا للبيع في شارع يحيى الوراق, حي مطار الملك خالد الدولي, مدينة الرياض, منطقة الرياض",1650000,200,7,1,0,0,حي سدرة,الرياض,شمال الرياض,"فيلا فاخرة للبيع في حي مطار الملك خالد شمال الرياض

التفاصيل العامة
- الموقع: حي مطار الملك خالد
- المساحة: 200 متر مربع
- عمر العقار 3 سنوات
- الحوش: حوش امامي وحوش خلفي
- عدد الدور: 3 أدوار

تفاصيل الدور الأرضي
- مجلس
- صالة كبيرة
- مطبخ
- دورات مياه (2)
- مستودع

تفاصيل الدور الأول
- 4 غرف نوم
- غرفتين نوم ماستر
- غرفتين نوم مع حمام خارجي

تفاصيل الدور الثاني
- غرفة خادمة مع دورة مياه
- غرفة غسيل
- سطحين
- مطبخ راكب

المزايا
- 6 مكيفات راكبة
- موقع ممتاز في حي مطار الملك خالد
- تصميمات داخلية فاخرة
- البيع على مليون ٧٥٠الف
- 
- الموقع📍
https://maps.google.com/?q=24.((الرقم يظهر عند الضغط على اتصال))847,46.62143153921335",24.963529,46.618859,https://images.aqar.fm/webp/750x0/props/052045908_1784377892894.jpg,1,حمد بن عبدالله بن مقرن الوايلي,مؤسسة ارض الشمال العقارية,1,2026-06-28,2026-07-27,2026-08-23,394,2026-08-23,True,"1,650,000",False,فيلا
6776551,https://sa.aqar.fm/فلل-للبيع/الرياض/شمال-الرياض/حي-سدرة/شارع-علي-الأحمر-حي-مطار-الملك-خالد-الدولي-الرياض-منطقة-الرياض-6776551,فيلا للبيع في شارع علي الأحمر ، حي مطار الملك خالد الدولي ، الرياض ، منطقة الرياض,1800000,200,5,5,2,3,حي سدرة,الرياض,شمال الرياض,"فيلا شمال الرياض مدخل سيارة عن مقبرة الشمال والقولف ٥ دقائق.
حي المطار / العارض / النرجس ،، ضاحية خزام اشراق ليفينج.
طريق الأمير فيصل بن بندر مع طريق الملك سلمان
المميزات:
مقبل البيت اكبر حديقة في المشروع العاب اطفال بادل ملعب كوره فود ترك ،، و مسجد جامع بجانب البيت ... حديقة مرسية والتميمي وفتنس تايم مشي على الاقدام اقل من ٥ دقائق وعن وسط حي النرجس اقل من ١٠ دقائق بالسيارة الحي امن وهادئ والجيران لطيفين

مواصفات الفيلا :
عمر العقار :4 سنوات
واصل الكهرباء والماء والصرف الصحي والألياف الضوئيه
الواجهة شماليه عرض الشارع 20 مساحة الارض 195 ومساحة
البناء 290
الدور الارضي :
حوش امامي موقف مع مضله
حوش خلفي فيه حديقة مزروعة واضائات وجلسه خارجية.
مجلس
صالة مع صالة طعام 
مطبخ
دورات مياه

الدور الاول :
غرف النوم ماستر بدورات مياه عدد اثنين
غرفة النوم عدد ٢  بينهم حمام مشترك
الدور الثاني :
غرفة خادمة مع دورة مياه
غرفة غسيل ملابس: 1
الاسطح: 2
سخان مركزي: 1
مطبخ راكب نوعية فاخرة + مكيفات كامل البيت.

البيت تم تركيب ديكورات تجميليه بالكامل بتكلفة إجمالية بلغت 200
ألف ريال، وشملت الأعمال:
 الجبس بورد واضائات مخفية كامل البيت
 حديقة زراعيه  بالحوش الخلفي
تغيير بويه داخليه وخارجيه مميزه . 
العقار مرهون لدى بنك الراجحي وفي حال الاتفاق ودفع العربون يتم تحريره من البنك بنفس اليوم ان شاءالله للصامل والله يكتب اللي فيه خير.

‏السوم 1.8 والبيع قريب",24.963818,46.6292,,,عبدالله راشد سعد المشوح,,,2026-07-16,,2026-08-14,36,2026-08-23,False,طلب تسويق,False,فيلا
6807039,https://sa.aqar.fm/فلل-للبيع/الرياض/شمال-الرياض/حي-سدرة/شارع-أحمد-الحسباني-حي-مطار-الملك-خالد-الدولي-مدينة-الرياض-منطقة-الرياض-6807039,"فيلا للبيع في شارع أحمد الحسباني, حي مطار الملك خالد الدولي, مدينة الرياض, منطقة الرياض",2300000,297,4,5,2,1,حي سدرة,الرياض,شمال الرياض,"🏡 فيلا مستقلة للبيع – نموذج أصيل
📍 حي مطار الملك خالد – إشراق ليفينج، ضاحية خزام – الرياض

✨ فرصة مميزة للسكن الطويل والاستقرار العائلي 

📐 المساحة:
	•	إجمالي مساحة الأرض: 297.5 م²

🏠 تفاصيل الفيلا:

الدور الأرضي:
	•	مدخل سيارة + حوش أمامي وخلفي وجانبي
	•	مجلس رجال مع دورة مياه
	•	مقلط
	•	صالة عائلية مفتوحة على المطبخ
	•	2 دورة مياه

الدور الأول:
	•	غرفتين نوم ماستر
	•	غرفتين نوم + دورة مياه منفصلة

الدور الثاني (العلوي):
	•	غرفة خادمة مع دورة مياه خاصة
	•	منطقة غسيل
	•	سطح أمامي + سطح خلفي

🔑 المميزات:
	•	عداد كهرباء مستقل + المياه موصولة
	•	سخان مركزي + مكيفات راكبة
	•	ضخ ماء قوي (دينمو سكالا)
	•	ملحق خارجي مع دورة مياه
	•	جبس بورد بالدور الأرضي وغرفة نوم بالدور الثاني
	•	نجفات راكبه من إيكيا
	•	حديقة خلفية مطلة على الصالة
	•	مودم “سلام” مركب (جاهز للتفعيل)

البيع 2 مليون و300 البيع كاش فقط",24.961098,46.622021,https://images.aqar.fm/webp/750x0/props/035594588_1785929070384.jpg | https://images.aqar.fm/webp/750x0/props/035594580_1785929069983.jpg | https://images.aqar.fm/webp/750x0/props/035594581_1785929070056.jpg | https://images.aqar.fm/webp/750x0/props/035594588_1785929070078.jpg | https://images.aqar.fm/webp/750x0/props/035594588_1785929070157.jpg | https://images.aqar.fm/webp/750x0/props/035594582_1785929070201.jpg | https://images.aqar.fm/webp/750x0/props/035594586_1785929070216.jpg | https://images.aqar.fm/webp/750x0/props/035594584_1785929070263.jpg | https://images.aqar.fm/webp/750x0/props/035594583_1785929070313.jpg | https://images.aqar.fm/webp/750x0/props/035594580_1785929070450.jpg | https://images.aqar.fm/webp/750x0/props/035594587_1785929070441.jpg | https://images.aqar.fm/webp/750x0/props/035594586_1785929070499.jpg | https://images.aqar.fm/webp/750x0/props/035594580_1785929070565.jpg | https://images.aqar.fm/webp/750x0/props/035594581_1785929070626.jpg | https://images.aqar.fm/webp/750x0/props/035594588_1785929070638.jpg | https://images.aqar.fm/webp/750x0/props/035594588_1785929070671.jpg | https://images.aqar.fm/webp/750x0/props/035594588_1785929070753.jpg | https://images.aqar.fm/webp/750x0/props/035594583_1785929070820.jpg | https://images.aqar.fm/webp/750x0/props/035594581_1785929070830.jpg | https://images.aqar.fm/webp/750x0/props/035594584_1785929070923.jpg | https://images.aqar.fm/webp/750x0/props/035594588_1785929070384.jpg | https://images.aqar.fm/webp/750x0/props/035594580_1785929069983.jpg | https://images.aqar.fm/webp/750x0/props/035594581_1785929070056.jpg | https://images.aqar.fm/webp/750x0/props/035594588_1785929070078.jpg | https://images.aqar.fm/webp/750x0/props/035594588_1785929070157.jpg | https://images.aqar.fm/webp/750x0/props/035594582_1785929070201.jpg | https://images.aqar.fm/webp/750x0/props/035594586_1785929070216.jpg | https://images.aqar.fm/webp/750x0/props/035594584_1785929070263.jpg | https://images.aqar.fm/webp/750x0/props/035594583_1785929070313.jpg | https://images.aqar.fm/webp/750x0/props/035594580_1785929070450.jpg | https://images.aqar.fm/webp/750x0/props/035594587_1785929070441.jpg | https://images.aqar.fm/webp/750x0/props/035594586_1785929070499.jpg | https://images.aqar.fm/webp/750x0/props/035594580_1785929070565.jpg | https://images.aqar.fm/webp/750x0/props/035594581_1785929070626.jpg | https://images.aqar.fm/webp/750x0/props/035594588_1785929070638.jpg | https://images.aqar.fm/webp/750x0/props/035594588_1785929070671.jpg | https://images.aqar.fm/webp/750x0/props/035594588_1785929070753.jpg | https://images.aqar.fm/webp/750x0/props/035594583_1785929070820.jpg | https://images.aqar.fm/webp/750x0/props/035594581_1785929070830.jpg | https://images.aqar.fm/webp/750x0/props/035594584_1785929070923.jpg,40,دعاء عبدالله ابراهيم بن سعد,مكتب قمة الطويل للعقار,1,2026-08-05,2026-08-05,2026-08-14,398,2026-08-23,True,"2,300,000",False,فيلا
6721125,https://sa.aqar.fm/فلل-للبيع/الرياض/شمال-الرياض/حي-سدرة/شارع-احمد-بن-الرفعة-حي-مطار-الملك-خالد-الدولي-مدينة-الرياض-منطقة-الرياض-6721125,"فيلا للبيع في شارع احمد بن الرفعة, حي مطار الملك خالد الدولي, مدينة الرياض, منطقة الرياض",1350000,200,6,3,1,1,حي سدرة,الرياض,شمال الرياض,"فلا بضاحية خزام 
مشروع ديار السعد 
مساحة الارض 200 م 
مسطح البناء 271 م  
  

الدور الأرضي
حوش امامي مدخل سيارة 
مجلس رجال بدورة مياه 
مقلط  
صاله ضيافة بدورة مياة 
 مستودع
  حديقة خلفية 

الدور الأول يتكون من : 
غرفتين نوم ماستر 
غرفتين نوم بدورة مياه مشتركة 

الدور الثاني يتكون من : 
غرفة خادمة بدورة مياه
غرفة غسيل
سطحين


السوم 1,350,000 
البيع قريب 

جميع الضمانات موجوده

شركة طريق الاسكان توفر عروض 
حصرية تناسب الجميع 

للتواصل /   رنيم ((الرقم يظهر عند الضغط على اتصال))",24.970218,46.626932,https://images.aqar.fm/webp/750x0/props/012590243_1780831572960.jpg | https://images.aqar.fm/webp/750x0/props/012590247_1780831572943.jpg | https://images.aqar.fm/webp/750x0/props/012590242_1780831583792.jpg | https://images.aqar.fm/webp/750x0/props/012590241_1780831583742.jpg | https://images.aqar.fm/webp/750x0/props/012590240_1780831583787.jpg | https://images.aqar.fm/webp/750x0/props/012590243_1780831583788.jpg | https://images.aqar.fm/webp/750x0/props/012590245_1780831583788.jpg | https://images.aqar.fm/webp/750x0/props/012590245_1780831583802.jpg | https://images.aqar.fm/webp/750x0/props/012590246_1780831583790.jpg | https://images.aqar.fm/webp/750x0/props/012590243_1780831583790.jpg | https://images.aqar.fm/webp/750x0/props/012590246_1780831598460.jpg | https://images.aqar.fm/webp/750x0/props/012590246_1780831598430.jpg | https://images.aqar.fm/webp/750x0/props/012590240_1780831598458.jpg | https://images.aqar.fm/webp/750x0/props/012590242_1780831598468.jpg | https://images.aqar.fm/webp/750x0/props/012590241_1780831598434.jpg,15,احمد علي سليمان ودعاني,شركة مكتب طريق الاسكان للعقارات,1,2026-06-06,2026-06-06,2026-08-17,524,2026-08-23,True,"1,350,000",False,فيلا
6831422,https://sa.aqar.fm/فلل-للبيع/الرياض/شمال-الرياض/حي-سدرة/حي-مطار-الملك-خالد-الدولي-مدينة-الرياض-منطقة-الرياض-6831422,"فيلا للبيع في حي مطار الملك خالد الدولي, مدينة الرياض, منطقة الرياض",1750000,250,5,5,2,0,حي سدرة,الرياض,شمال الرياض,"فيلا مميزة في سرايا أجوان – مساحة 250م²

الدور الأرضي:
مجلس ضيافة – صالة – مطبخ راكب – دورتان مياه

الدور الأول:
4 غرف نوم، منها غرفتان ماستر وغرفتان عادية

الدور الثاني:
غرفة خادمة – غرفة إضافية – سطح

فيلا بتوزيع عملي ومناسبة للعائلة

غاف العقارية | نقدم لك أفضل الخيارات العقاريه",24.922077,46.653135,https://images.aqar.fm/webp/750x0/props/022440326_1787157603747.jpg | https://images.aqar.fm/webp/750x0/props/022440324_1787157620631.jpg | https://images.aqar.fm/webp/750x0/props/022440327_1787157620614.jpg | https://images.aqar.fm/webp/750x0/props/022440323_1787157620621.jpg | https://images.aqar.fm/webp/750x0/props/022440320_1787157620631.jpg | https://images.aqar.fm/webp/750x0/props/022440327_1787157620621.jpg | https://images.aqar.fm/webp/750x0/props/022440326_1787157620617.jpg | https://images.aqar.fm/webp/750x0/props/022440323_1787157620633.jpg | https://images.aqar.fm/webp/750x0/props/022440329_1787157620621.jpg | https://images.aqar.fm/webp/750x0/props/022440325_1787157650100.jpg | https://images.aqar.fm/webp/750x0/props/022440328_1787157649262.jpg | https://images.aqar.fm/webp/750x0/props/022440328_1787157650106.jpg | https://images.aqar.fm/webp/750x0/props/022440322_1787157650112.jpg | https://images.aqar.fm/webp/750x0/props/022440320_1787157650101.jpg | https://images.aqar.fm/webp/750x0/props/022440324_1787157649255.jpg | https://images.aqar.fm/webp/750x0/props/022440322_1787157650109.jpg | https://images.aqar.fm/webp/750x0/props/022440320_1787157650102.jpg | https://images.aqar.fm/webp/750x0/props/022440323_1787157668178.jpg | https://images.aqar.fm/webp/750x0/props/022440323_1787157668192.jpg | https://images.aqar.fm/webp/750x0/props/022440322_1787157668180.jpg | https://images.aqar.fm/webp/750x0/props/022440320_1787157668196.jpg,21,بدر عواض بن عيضه الحارثي,,0,2026-08-19,2026-08-19,2026-08-19,197,2026-08-23,True,"1,750,000",False,فيلا
6624391,https://sa.aqar.fm/فلل-للبيع/الرياض/شمال-الرياض/حي-سدرة/شارع-البرهان-بن-أيوب-حي-مطار-الملك-خالد-الدولي-مدينة-الرياض-منطقة-الرياض-6624391,"فيلا للبيع في شارع البرهان بن أيوب, حي مطار الملك خالد الدولي, مدينة الرياض, منطقة الرياض",1300000,303,7,5,3,1,حي سدرة,الرياض,شمال الرياض,"فله للبيع 
ضاحية الخزام مشروع مرسيه 
مساحة 303م
تتكون من

٧ غرف
 ٢ صاله
 ٧ دورات مياه 
ومجلس 
وارتداد احواش خارجيه 
مدخل سياره ومطبخ راكب وغرفة سائق

مرهونه والبيع كاش مليون و500 قابل لتفاوض 
*🔴السعي في ذمه من يوصل العقار من طرف مكتبنا🔴* 



‏https://maps.app.goo.gl/m95jZ3XVXgNHvkFb9?g_st=iw",24.957839,46.629534,https://images.aqar.fm/webp/750x0/props/005405664_1773442324123.jpg | https://images.aqar.fm/webp/750x0/props/005405661_1773442335168.jpg | https://images.aqar.fm/webp/750x0/props/005405663_1773442335201.jpg | https://images.aqar.fm/webp/750x0/props/005405665_1773442335166.jpg | https://images.aqar.fm/webp/750x0/props/005405666_1773442335204.jpg | https://images.aqar.fm/webp/750x0/props/005405666_1773442335208.jpg | https://images.aqar.fm/webp/750x0/props/005405660_1773442335175.jpg | https://images.aqar.fm/webp/750x0/props/005405661_1773442335171.jpg | https://images.aqar.fm/webp/750x0/props/005405660_1773442335200.jpg | https://images.aqar.fm/webp/750x0/props/005405665_1773442346993.jpg | https://images.aqar.fm/webp/750x0/props/005405663_1773442346980.jpg | https://images.aqar.fm/webp/750x0/props/005405668_1773442346983.jpg | https://images.aqar.fm/webp/750x0/props/005405667_1773442346990.jpg | https://images.aqar.fm/webp/750x0/props/005405662_1773442347002.jpg | https://images.aqar.fm/webp/750x0/props/005405664_1773442346972.jpg | https://images.aqar.fm/webp/750x0/props/005405669_1773442346993.jpg | https://images.aqar.fm/webp/750x0/props/005405664_1773442347006.jpg,17,مساعد محمد بن علي الزهراني,مكتب مساعد محمد بن علي الزهراني للعقارات,1,2026-03-13,2026-08-06,2026-08-06,3892,2026-08-23,True,"1,300,000",False,فيلا
6765175,https://sa.aqar.fm/فلل-للبيع/الرياض/شمال-الرياض/حي-سدرة/شارع-البرهان-بن-ايوب-حي-مطار-الملك-خالد-الدولي-مدينة-الرياض-منطقة-الرياض-6765175,"فيلا للبيع في شارع البرهان بن ايوب, حي مطار الملك خالد الدولي, مدينة الرياض, منطقة الرياض",1300000,303,6,0,0,2,حي سدرة,الرياض,شمال الرياض,"للبيع تاون هاوس 
شارع:18 م 
الدور الارضي :
 مجلس 
غرفة كبار سن
مخزن
صالة 
ارتداد
احواش خارجية 
مدخل سيارة 
مطبخ راكب 
غرفة سائق 

الدور الأول: 
2 غرف نوم ماستر * احداهم ببلكونه
2 غرف نوم بدورات مياه مشتركة 
غرفة معيشة 

الدور الثاني:
غرفة خادمه بدورة مياه 
غرفة غسيل ملابس 
غرفة ماستر 
سطحين",24.919454,46.696366,https://images.aqar.fm/webp/750x0/props/015876706_1783514363018.jpg | https://images.aqar.fm/webp/750x0/props/015876708_1783514363087.jpg | https://images.aqar.fm/webp/750x0/props/015876703_1783514363083.jpg | https://images.aqar.fm/webp/750x0/props/015876707_1783514363086.jpg | https://images.aqar.fm/webp/750x0/props/015876704_1783514363086.jpg | https://images.aqar.fm/webp/750x0/props/015876704_1783514363090.jpg | https://images.aqar.fm/webp/750x0/props/015876701_1783514363085.jpg | https://images.aqar.fm/webp/750x0/props/015876705_1783514363088.jpg | https://images.aqar.fm/webp/750x0/props/015876701_1783514379493.jpg | https://images.aqar.fm/webp/750x0/props/015876702_1783514379476.jpg | https://images.aqar.fm/webp/750x0/props/015876701_1783514379499.jpg | https://images.aqar.fm/webp/750x0/props/015876703_1783514379497.jpg | https://images.aqar.fm/webp/750x0/props/015876702_1783514379505.jpg | https://images.aqar.fm/webp/750x0/props/015876701_1783514379509.jpg | https://images.aqar.fm/webp/750x0/props/015876701_1783514379503.jpg | https://images.aqar.fm/webp/750x0/props/015876708_1783514379519.jpg,16,فراس بن يحيى بن ابراهيم النعمي,,,2026-07-08,2026-08-06,2026-08-06,1235,2026-08-23,True,"1,300,000",False,فيلا
6832967,https://sa.aqar.fm/فلل-للبيع/الرياض/شمال-الرياض/حي-سدرة/حي-الرمال-مدينة-الرياض-منطقة-الرياض-6832967,"فيلا للبيع في حي الرمال, مدينة الرياض, منطقة الرياض",2000000,277,3,,,3,حي سدرة,الرياض,شمال الرياض,"فيلا في مجمع الضاحية حي الرمال 
قريبة من المطار >>",24.938128,46.76755,,,محمد سعد عبدالله المعيذر,مكتب إتساع للعقارات,1,2026-08-20,2026-08-20,2026-08-20,4,2026-08-23,True,"2,000,000",False,فيلا
6777807,https://sa.aqar.fm/فلل-للبيع/الرياض/شمال-الرياض/حي-سدرة/شارع-طريق-الامير-فيصل-بن-بندر-بن-عبد-العزيز-الفرعي-حي-مطار-الملك-خالد-الدولي-مدينة-الرياض-6777807,"فيلا للبيع في شارع طريق الامير فيصل بن بندر بن عبد العزيز الفرعي , حي مطار الملك خالد الدولي, مدينة الرياض",2300000,250,,,,0,حي سدرة,الرياض,شمال الرياض,"للبيع فيلا جديدة مشروع المهندية   في حي خزام شمال الرياض

مساحة الفيلا : ٢٥٠ متر
مسطح البناء : ٣٢٠ متر 
عرض الشارع : ١٨ متر 



الدور الارضي
مجلس + صالة طعام + صالة للعائلة + مطبخ

الدور العلوي : 
٤ غرف نوم ، ٣ دورات مياه ( منها غرفتين نوم ماستر ) 

السطح :
جناح كامل مع دورة مياه مع جلسة وحوش خارجي 
+ غرفة خادمة بدورة مياه خاصة + غرفة غسيل ملابس + سطح مستقل وكبير

المميزات :  
- الفيلا جديدة بناء بلوك
- ⁠بالقرب من طريق فيصل بن بندر الفرعي 
- نافذة على المطار تبعد ٣ دقايق   
-تقع على شارع عرض١٨ م وقريبه من الحديقة  والمسجد تبعد ٨٠ م تقريبا  
 سعر البيع ٢٣٠٠٠٠٠ للجادين
والكاش ٢٢٠٠٠٠٠

رقم التواصل للجادين 
((الرقم يظهر عند الضغط على اتصال))",24.926259,46.650343,https://images.aqar.fm/webp/750x0/props/012189808_1784244444627.jpg | https://images.aqar.fm/webp/750x0/props/012189800_1784244444620.jpg | https://images.aqar.fm/webp/750x0/props/012189808_1784244460511.jpg,3,فاطمه القرني,,,2026-07-16,2026-08-15,2026-08-23,790,2026-08-23,True,"2,300,000",False,فيلا
6804733,https://sa.aqar.fm/فلل-للبيع/الرياض/شمال-الرياض/حي-سدرة/شارع-عبدالكريم-بن-الهيثم-حي-مطار-الملك-خالد-الدولي-مدينة-الرياض-منطقة-الرياض-6804733,"فيلا للبيع في شارع عبدالكريم بن الهيثم, حي مطار الملك خالد الدولي, مدينة الرياض, منطقة الرياض",1780000,200,5,5,3,0,حي سدرة,الرياض,شمال الرياض,"🏡 فيلا مودرن جديدة للبيع مع الأثاث
📍 الموقع: حي المطار
📐 مساحة الأرض: 200 م²
🏗️ مسطح البناء: 365 م²

فيلا جديدة بتصميم عصري وتشطيبات فاخرة، جاهزة للسكن وتُباع مع كامل الأثاث.

تفاصيل الفيلا

* 6 غرف نوم (جميعها أجنحة مستقلة)
* 6 دورات مياه
* مجلس
* صالة واسعة
* مطبخ فاخر
* غرفة خادمة
* غرفة غسيل
* سطح مستقل
* مدخل سيارة مع مظلة
* حديقة أمامية
* جلسة خارجية

المميزات

✨ إفراغ فوري
✨ أرضيات باركيه في كامل الفيلا
✨ مغاسل بورسلان
✨ رخام فاخر ، مطبخ فاخر
✨ درابزين حديد قص ليزر بتصميم أنيق
✨ جبسيات في كامل الفيلا مع إنارة مخفية
✨ إضاءات LED حديثة
✨ جميع النوافذ مزودة بشترات (ستائر كهربائية)
✨ مكيفات Gree جديدة (حار / بارد)
✨ تصميم داخلي عملي واستغلال ممتاز للمساحات
✨ تشطيبات راقية وعصرية
✨ موقع هادئ وقريب من جميع الخدمات 

💰السعر: 1,780,000 ريال. 

السعر قابل لتفاوض للجادين",24.966731,46.6218,https://images.aqar.fm/webp/750x0/props/008684045_1785796748583.jpg | https://images.aqar.fm/webp/750x0/props/008684047_1785796795404.jpg | https://images.aqar.fm/webp/750x0/props/008684044_1785796795391.jpg | https://images.aqar.fm/webp/750x0/props/008684043_1785796795569.jpg | https://images.aqar.fm/webp/750x0/props/008684043_1785796795416.jpg | https://images.aqar.fm/webp/750x0/props/008684042_1785796795409.jpg | https://images.aqar.fm/webp/750x0/props/008684046_1785796795550.jpg | https://images.aqar.fm/webp/750x0/props/008684042_1785796795407.jpg | https://images.aqar.fm/webp/750x0/props/008684044_1785796795401.jpg | https://images.aqar.fm/webp/750x0/props/008684045_1785796836321.jpg | https://images.aqar.fm/webp/750x0/props/008684047_1785796836351.jpg | https://images.aqar.fm/webp/750x0/props/008684048_1785796836524.jpg | https://images.aqar.fm/webp/750x0/props/008684042_1785796836316.jpg | https://images.aqar.fm/webp/750x0/props/008684049_1785796836318.jpg | https://images.aqar.fm/webp/750x0/props/008684049_1785796836302.jpg | https://images.aqar.fm/webp/750x0/props/008684044_1785796836313.jpg | https://images.aqar.fm/webp/750x0/props/008684046_1785796836327.jpg | https://images.aqar.fm/webp/750x0/props/008684043_1785796891595.jpg | https://images.aqar.fm/webp/750x0/props/008684048_1785796891587.jpg | https://images.aqar.fm/webp/750x0/props/008684045_1785796891593.jpg | https://images.aqar.fm/webp/750x0/props/008684048_1785796891605.jpg | https://images.aqar.fm/webp/750x0/props/008684049_1785796891597.jpg | https://images.aqar.fm/webp/750x0/props/008684046_1785796891716.jpg | https://images.aqar.fm/webp/750x0/props/008684049_1785796891594.jpg | https://images.aqar.fm/webp/750x0/props/008684044_1785796891593.jpg | https://images.aqar.fm/webp/750x0/props/008684044_1785796958187.jpg | https://images.aqar.fm/webp/750x0/props/008684048_1785796958185.jpg | https://images.aqar.fm/webp/750x0/props/008684043_1785797047936.jpg | https://images.aqar.fm/webp/750x0/props/008684049_1785797914223.jpg,29,مشعل العوفي,,,2026-08-03,2026-08-03,2026-08-17,323,2026-08-23,True,"1,780,000",False,فيلا
6715785,https://sa.aqar.fm/فلل-للبيع/الرياض/شمال-الرياض/حي-سدرة/شارع-أبي-عبدالله-بن-عبدالجبار-حي-مطار-الملك-خالد-الدولي-مدينة-الرياض-منطقة-الرياض-6715785,"فيلا للبيع في شارع أبي عبدالله بن عبدالجبار, حي مطار الملك خالد الدولي, مدينة الرياض, منطقة الرياض",1500000,313,5,0,0,0,حي سدرة,الرياض,شمال الرياض,"🏡 فيلا للبيع في حي المطار – موقع مميز وتصميم عملي

فرصة تملك فيلا مميزة بمساحة 313 م² وواجهة جنوبية،

🔹 الدور الأرضي:

* حديقة 🌿
* حوش واسع
* مجلس
* مقلط
* صالة
* مطبخ
* 2 دورة مياه

🔹 الدور الأول:

* 4 غرف نوم
* 2 غرف ماستر
* دورة مياه إضافية

🔹 الدور العلوي:

* غرفة خادمة
* غرفة غسيل
* سطحين",24.964561,46.623477,https://images.aqar.fm/webp/750x0/props/033351303_1780390918010.jpg | https://images.aqar.fm/webp/750x0/props/033351305_1780391159056.jpg | https://images.aqar.fm/webp/750x0/props/033351304_1780391159071.jpg | https://images.aqar.fm/webp/750x0/props/033351301_1780391159059.jpg | https://images.aqar.fm/webp/750x0/props/033351304_1780391159070.jpg | https://images.aqar.fm/webp/750x0/props/033351305_1780391159060.jpg | https://images.aqar.fm/webp/750x0/props/033351300_1780391159060.jpg | https://images.aqar.fm/webp/750x0/props/033351300_1780391159062.jpg | https://images.aqar.fm/webp/750x0/props/033351302_1780391159058.jpg | https://images.aqar.fm/webp/750x0/props/033351301_1780391188147.jpg | https://images.aqar.fm/webp/750x0/props/033351307_1780391188149.jpg | https://images.aqar.fm/webp/750x0/props/033351305_1780391188138.jpg | https://images.aqar.fm/webp/750x0/props/033351300_1780391188137.jpg | https://images.aqar.fm/webp/750x0/props/033351302_1780391188144.jpg | https://images.aqar.fm/webp/750x0/props/033351303_1780391188157.jpg,15,بندر مرعي حسين قماش,شركة سمار العقارية,1,2026-06-02,2026-07-30,2026-08-19,6896,2026-08-23,True,"1,500,000",False,فيلا
6645995,https://sa.aqar.fm/فلل-للبيع/الرياض/شمال-الرياض/حي-سدرة/شارع-شارع-حارثة-بن-وهب-الخزاعي-حي-مطار-الملك-خالد-الدولي-مدينة-الرياض-منطقة-الرياض-6645995,"فيلا للبيع في شارع شارع حارثة بن وهب الخزاعي, حي مطار الملك خالد الدولي, مدينة الرياض, منطقة الرياض",1650000,250,5,5,2,1,حي سدرة,الرياض,شمال الرياض,"فيلا للبيع – حي المطار | مشروع درة المسكن

فرصة مميزة لامتلاك فيلا بحي المطار، ضمن مشروع درة المسكن، بموقع استراتيجي قريب من شارع الأمير فيصل بن بندر، وعلى شارع عرض 18.

تفاصيل الفيلا:
	•	المساحة: 250 م²
	•	الدور الأرضي: مجلس ضيافة + صالة + مطبخ + دورتين مياه
	•	الدور الأول: 4 غرف نوم (2 ماستر + 2 عادية)
	•	الدور الثاني: غرفة خادمة + غرفة غسيل
	•	السطح: جلسة خارجية مميزة

مميزات الفيلا:
	•	تصميم عملي مناسب للعوائل
	•	موقع هادئ وقريب من جميع الخدمات
	•	سهولة الوصول للطرق الرئيسية",24.926402,46.648589,https://images.aqar.fm/webp/750x0/props/022440323_1775610783974.jpg | https://images.aqar.fm/webp/750x0/props/022440321_1775610798433.jpg | https://images.aqar.fm/webp/750x0/props/022440328_1775610798436.jpg | https://images.aqar.fm/webp/750x0/props/022440321_1775610798435.jpg | https://images.aqar.fm/webp/750x0/props/022440329_1775610798448.jpg | https://images.aqar.fm/webp/750x0/props/022440321_1775610798453.jpg | https://images.aqar.fm/webp/750x0/props/022440322_1775610798451.jpg | https://images.aqar.fm/webp/750x0/props/022440329_1775610798459.jpg | https://images.aqar.fm/webp/750x0/props/022440322_1775610798459.jpg | https://images.aqar.fm/webp/750x0/props/022440326_1775610815362.jpg | https://images.aqar.fm/webp/750x0/props/022440328_1775610815384.jpg | https://images.aqar.fm/webp/750x0/props/022440323_1775610815396.jpg | https://images.aqar.fm/webp/750x0/props/022440327_1775610815396.jpg | https://images.aqar.fm/webp/750x0/props/022440323_1775610815398.jpg | https://images.aqar.fm/webp/750x0/props/022440320_1775610815396.jpg,15,بدر عواض بن عيضه الحارثي,,0,2026-04-08,2026-08-02,2026-08-02,4351,2026-08-23,True,"1,650,000",False,فيلا
6750815,https://sa.aqar.fm/فلل-للبيع/الرياض/شمال-الرياض/حي-سدرة/شارع-يحيى-الوراق-حي-مطار-الملك-خالد-الدولي-مدينة-الرياض-منطقة-الرياض-6750815,"فيلا للبيع في شارع يحيى الوراق, حي مطار الملك خالد الدولي, مدينة الرياض, منطقة الرياض",1700000,200,7,,,0,حي سدرة,الرياض,شمال الرياض,"فيلا جديده مودرين
 حي المطار شمال النرجس 
المساحة 200 م 
مسطح البناء 386 م
من تنفيذ شركة الديار العربية مع ضمانات كم هو مرفق بالصور موقع مميز بجانب المسجد وعدد غرف نوم 7 غرف نوم مع غرفة الخادمة ، درج بالصاله ، بالإضافة إلى مجلس كبير وصالة ارضية تفتح على المطبخ وعلى الحوش الخلفي للفله وعدد 7 دورات مياه ، مؤسس للاصنصير داخل الدرج ،يوجد كذلك حوش أمامي وكراج السياره ، تقع بالقرب من المطار، 
البيع مليون و700 الف
مباشر مع المالك 
الموقع 📍
https://maps.app.goo.gl/WQG7wnMbtKLo3ByW7?g_st=aw",24.963529,46.618859,https://images.aqar.fm/webp/750x0/props/040512352_1782639411513.jpg,1,حمد بن عبدالله بن مقرن الوايلي,مؤسسة ارض الشمال العقارية,1,2026-06-28,2026-07-27,2026-08-17,494,2026-08-23,True,"1,700,000",False,فيلا
6765265,https://sa.aqar.fm/فلل-للبيع/الرياض/شمال-الرياض/حي-سدرة/شارع-تقي-الدين-بن-مؤمن-حي-مطار-الملك-خالد-الدولي-مدينة-الرياض-منطقة-الرياض-6765265,"فيلا للبيع في شارع تقي الدين بن مؤمن, حي مطار الملك خالد الدولي, مدينة الرياض, منطقة الرياض",1300000,303,7,1,0,2,حي سدرة,الرياض,شمال الرياض,"* شركة بي فاوند العقارية
* رقم العرض : 2243
•  النوع : فيلا تاون هاوس للبيع
•  الحي : ضاحية خزام
•  الشارع :    18م شرقي
•  المساحة : 230 م²
•  البيع : 1.300.000 ريال شامل الرهن 
•  عمر العقار :  سنتين
•  الرهن : 850.000 ريال 
الوصف
 فيلا تاون هاوس حي المطار ضاحية خزام 
الدور الارضي 
مجلس وغرفه كبار سن وصالة ومخزن وارتداد احواش خارجيه ومدخل سياره وغرفه حارس.  
الدور الاول
4 غرف نوم
منهم غرفتين ماستر  وغرفتين بدورة مياه مشتركة 
وصاله جلوس ودورتين مياة
الدور العلوي
 غرفه خدامه وغرفه غسيل 
وغرفه ماستر بدورة مياه 
وسطحين 
الفيلا ساكنةباقي للمستأجر 5 شهور يطلع ف شهر 12 ميلادي",24.959237,46.629428,https://images.aqar.fm/webp/750x0/props/004834727_1783517869404.jpg | https://images.aqar.fm/webp/750x0/props/004834722_1783517869471.jpg | https://images.aqar.fm/webp/750x0/props/004834729_1783517869375.jpg | https://images.aqar.fm/webp/750x0/props/004834725_1783517869398.jpg | https://images.aqar.fm/webp/750x0/props/004834722_1783517869407.jpg | https://images.aqar.fm/webp/750x0/props/004834728_1783517869376.jpg | https://images.aqar.fm/webp/750x0/props/004834723_1783517869381.jpg | https://images.aqar.fm/webp/750x0/props/004834720_1783517869473.jpg | https://images.aqar.fm/webp/750x0/props/004834728_1783517869427.jpg | https://images.aqar.fm/webp/750x0/props/004834724_1783517869444.jpg | https://images.aqar.fm/webp/750x0/props/004834729_1783517869377.jpg | https://images.aqar.fm/webp/750x0/props/004834721_1783517869380.jpg | https://images.aqar.fm/webp/750x0/props/004834723_1783517869384.jpg | https://images.aqar.fm/webp/750x0/props/004834725_1783517869439.jpg | https://images.aqar.fm/webp/750x0/props/004834725_1783517869445.jpg | https://images.aqar.fm/webp/750x0/props/004834728_1783517869449.jpg | https://images.aqar.fm/webp/750x0/props/004834728_1783517869414.jpg | https://images.aqar.fm/webp/750x0/props/004834724_1783517869418.jpg,18,مناور احمد,شركة بي فاوند,1,2026-07-08,2026-08-06,2026-08-23,2039,2026-08-23,True,"1,300,000",False,فيلا
6784593,https://sa.aqar.fm/فلل-للبيع/الرياض/شمال-الرياض/حي-سدرة/حي-مطار-الملك-خالد-الدولي-مدينة-الرياض-منطقة-الرياض-6784593,"فيلا للبيع في حي مطار الملك خالد الدولي, مدينة الرياض, منطقة الرياض",950000,227,5,,,0,حي سدرة,الرياض,شمال الرياض,"فيلا للبيع حي الرمال تاون هاوس علوي دورين
افضل تشطيب وجميع الضمانات
وسداد المديونية مجانا والدفعة المقدمة مجانا وتسهيلات بنكية لجميع البنوك للتواصل والاستفسار ((الرقم يظهر عند الضغط على اتصال))",24.915738,46.711068,https://images.aqar.fm/webp/750x0/props/028314683_1784664894691.jpg | https://images.aqar.fm/webp/750x0/props/028314689_1784664894828.jpg,2,تماني بنت عقيل بن فارس العنزي,مكتب مساكن المهلهل,1,2026-07-21,2026-08-20,2026-08-23,1595,2026-08-23,True,"950,000",False,فيلا
6820125,https://sa.aqar.fm/فلل-للبيع/الرياض/شمال-الرياض/حي-سدرة/شارع-ابن-الجارود-حي-مطار-الملك-خالد-الدولي-مدينة-الرياض-منطقة-الرياض-6820125,"فيلا للبيع في شارع ابن الجارود, حي مطار الملك خالد الدولي, مدينة الرياض, منطقة الرياض",2500000,400,5,5,0,5,حي سدرة,الرياض,شمال الرياض,"البيع كاش لوجود رهن 

فله للبيع في شمال الرياض (ضاحية خزام) طريق 
مساحة 400 متر زاويه شارع 18 و 15
الاطوال 20*20
الواجهه جنوبية شرقيه
شارع 18 شرقي
شارع 15 جنوبي

تتكون  من حوش خارجي كبير و كراج يتسع لاكثر من سياره

الدور الارضي 
مجلس رجال ومقلط ومجلس نساء ومطبخ مستقل ومستودع ودورتين مياه

الدور الاول 
 اربعه غرف نوم اثنين ماستر واثنين بحمام مشترك مع صاله

الدور الثاني
 غرفة ماستر وايضا منطقة غسيل وغرفة خادمه مع السطح

المنطقه مرغوبه وقريبه على حديقة خزام المستقبليه ونادي الغولف والمطار
يوجد عداد ماء وكهرباء وصرف صحي وايضا شبكة انترنت

الفله مؤجرة ب 65 الف",24.971041,46.627837,https://images.aqar.fm/webp/750x0/props/005821519_1786964690505.jpg | https://images.aqar.fm/webp/750x0/props/005821511_1786964710293.jpg | https://images.aqar.fm/webp/750x0/props/005821513_1786964782677.jpg | https://images.aqar.fm/webp/750x0/props/005821515_1787211445851.jpg | https://images.aqar.fm/webp/750x0/props/005821519_1787211445893.jpg | https://images.aqar.fm/webp/750x0/props/005821513_1787211445824.jpg | https://images.aqar.fm/webp/750x0/props/005821514_1787211445965.jpg | https://images.aqar.fm/webp/750x0/props/005821515_1787211445885.jpg | https://images.aqar.fm/webp/750x0/props/005821519_1787211445956.jpg | https://images.aqar.fm/webp/750x0/props/005821511_1787211445857.jpg | https://images.aqar.fm/webp/750x0/props/005821517_1787211445844.jpg,11,عبدالرحمن هذال ابن زيد الرشود,,,2026-08-13,2026-08-13,2026-08-23,194,2026-08-23,True,"2,500,000",False,فيلا
6633242,https://sa.aqar.fm/فلل-للبيع/الرياض/شمال-الرياض/حي-سدرة/شارع-احمد-بن-المنادي-حي-مطار-الملك-خالد-الدولي-الرياض-منطقة-الرياض-6633242,"فيلا للبيع في شارع احمد بن المنادي, حي مطار الملك خالد الدولي, مدينة الرياض, منطقة الرياض",1650000,250,7,5,2,2,حي سدرة,الرياض,شمال الرياض,"فرصة عقارية للسكن في منطقة واعدة ومكتملة الخدمات في وجهة خزام شمال الرياض تشطيب فاخر وعليها كل الضمانات مطبخ راكب ومكيفات  

فله  مستقلة غير متلاصقة مساحتها ٢٥٠م ومسطح البناء ٣٢٠م تتكون من:
الدور الارضي: كراج سيارة وموقفين خارجية حوش امامي وجانبي وخلفي مدخل رئيسي ومدخل جانبي + مجلس+ مقلط ( يمكن استخدام المجلس او المقلط غرفة لكبار السن) + صالة + مطبخ + مستودع+ ٢ دورة مياه

الدور الاول: ٢ غرفة نوم ماستر بحماماتها+ ٢ غرفة يخدمهم حمام واحد
الدور الثاني: ٢ سطح + غرفة خادمة مع حمامها + منطقة غسيل ممدد للغسالة.
خلفها مركز الخدمات محلات تجارية ومسجد وحديقة وحضانه

الفيلا حره ماعليها رهن لا مانع من البيع كاش او بنك 
الافراغ فوري للمشتري
البيع من المالك بدون سعي والسعر قابل للتفاوض للجاد",24.96614931088996,46.62817208982533,https://images.aqar.fm/webp/750x0/props/015323717_1774694500635.jpg | https://images.aqar.fm/webp/750x0/props/015323713_1774694500603.jpg | https://images.aqar.fm/webp/750x0/props/015323711_1775397123689.jpg | https://images.aqar.fm/webp/750x0/props/015323712_1775397123697.jpg | https://images.aqar.fm/webp/750x0/props/015323717_1775397123705.jpg | https://images.aqar.fm/webp/750x0/props/015323717_1779553639853.jpg | https://images.aqar.fm/webp/750x0/props/015323719_1779553639906.jpg | https://images.aqar.fm/webp/750x0/props/015323717_1786905316835.jpg | https://images.aqar.fm/webp/750x0/props/015323717_1786905316834.jpg | https://images.aqar.fm/webp/750x0/props/015323710_1786905316815.jpg | https://images.aqar.fm/webp/750x0/props/015323714_1786905316836.jpg | https://images.aqar.fm/webp/750x0/props/015323710_1786905316834.jpg | https://images.aqar.fm/webp/750x0/props/015323717_1786905316815.jpg | https://images.aqar.fm/webp/750x0/props/015323716_1786905316830.jpg | https://images.aqar.fm/webp/750x0/props/015323712_1786905316853.jpg | https://images.aqar.fm/webp/750x0/props/015323713_1786905370478.jpg | https://images.aqar.fm/webp/750x0/props/015323714_1786905370473.jpg,17,عدنان بن عبدالرحمن بن صالح المحمود,,,2026-03-28,2026-03-28,2026-08-21,1940,2026-08-23,True,"1,650,000",False,فيلا
6743494,https://sa.aqar.fm/فلل-للبيع/الرياض/شمال-الرياض/حي-سدرة/شارع-أبي-الفضل-الخيمي-حي-مطار-الملك-خالد-الدولي-مدينة-الرياض-منطقة-الرياض-6743494,"فيلا للبيع في شارع أبي الفضل الخيمي, حي مطار الملك خالد الدولي, مدينة الرياض, منطقة الرياض",1550000,250,4,0,0,2,حي سدرة,الرياض,شمال الرياض,"� للبيع فيلا بمشروع إشراق ليفنج 🏡

📍 مساحة الفيلا: 250 م²

🔹 الدور الأرضي:
• مجلس
• مقلط
• صالة واسعة
• مطبخ
• دورتا مياه

🔹 الدور الأول:
• 4 غرف نوم
• غرفتان ماستر
• غرفتان تخدمهما دورة مياه

🔹 الدور الثاني:
• غرفة خادمة بحمام خاص
• غرفة غسيل

💰 الفيلا مؤجرة حالياً بقيمة 3,500 ريال شهرياً.

✨ تصميم عصري ومخطط عملي، وفرصة مناسبة للسكن أو الاستثمار",24.96289,46.629384,https://images.aqar.fm/webp/750x0/props/001814941_1782146184596.jpg | https://images.aqar.fm/webp/750x0/props/001814947_1782146184590.jpg | https://images.aqar.fm/webp/750x0/props/001814945_1782146184602.jpg | https://images.aqar.fm/webp/750x0/props/001814943_1782146184596.jpg | https://images.aqar.fm/webp/750x0/props/001814949_1782146184600.jpg | https://images.aqar.fm/webp/750x0/props/001814940_1782146184607.jpg | https://images.aqar.fm/webp/750x0/props/001814947_1782146184609.jpg | https://images.aqar.fm/webp/750x0/props/001814943_1782146184601.jpg,8,ماجد القحطاني,,,2026-06-22,2026-06-22,2026-08-18,858,2026-08-23,True,"1,550,000",False,فيلا
6789202,https://sa.aqar.fm/فلل-للبيع/الرياض/شمال-الرياض/حي-سدرة/شارع-البرهان-بن-أيوب-حي-مطار-الملك-خالد-الدولي-مدينة-الرياض-منطقة-الرياض-6789202,"فيلا للبيع في شارع البرهان بن أيوب, حي مطار الملك خالد الدولي, مدينة الرياض, منطقة الرياض",1990000,309,6,5,2,0,حي سدرة,الرياض,شمال الرياض,"فله حي المطار  بالرياض مجمع مرسيه نموذج سي زاويه قريبه من الحديقه صكها حر الإفراغ فوري مكونه من صاله كبيره وغرفه سائق ومطبخ ودوره مياه ٢ ومخزن وحوش 
الدور الاول ٤ غرف اثنين ماستر رووم وصاله كبيره والدور الثاني غرفه خادمه وغرفه ماستر روم مطله علي البلكونه موقعها روعه",24.957422,46.630235,https://images.aqar.fm/webp/750x0/props/022440321_1784971583863.jpg | https://images.aqar.fm/webp/750x0/props/022440322_1784971601706.jpg | https://images.aqar.fm/webp/750x0/props/022440320_1784971601716.jpg | https://images.aqar.fm/webp/750x0/props/022440326_1784971601711.jpg | https://images.aqar.fm/webp/750x0/props/022440325_1784971601712.jpg | https://images.aqar.fm/webp/750x0/props/022440325_1784971601716.jpg | https://images.aqar.fm/webp/750x0/props/022440324_1784971601713.jpg | https://images.aqar.fm/webp/750x0/props/022440325_1784971601720.jpg | https://images.aqar.fm/webp/750x0/props/022440321_1784971601720.jpg | https://images.aqar.fm/webp/750x0/props/022440328_1784971632697.jpg | https://images.aqar.fm/webp/750x0/props/022440328_1784971632695.jpg | https://images.aqar.fm/webp/750x0/props/022440321_1784971632689.jpg | https://images.aqar.fm/webp/750x0/props/022440328_1784971632701.jpg | https://images.aqar.fm/webp/750x0/props/022440325_1784971632689.jpg | https://images.aqar.fm/webp/750x0/props/022440323_1784971632689.jpg | https://images.aqar.fm/webp/750x0/props/022440326_1784971632684.jpg,16,بدر عواض بن عيضه الحارثي,,0,2026-07-25,2026-07-25,2026-07-26,823,2026-08-23,True,"1,990,000",False,فيلا
6684764,https://sa.aqar.fm/فلل-للبيع/الرياض/شمال-الرياض/حي-سدرة/شارع-ابن-أبي-بكر-المخزومي-حي-مطار-الملك-خالد-الدولي-مدينة-الرياض-منطقة-الرياض-6684764,"فيلا للبيع في شارع ابن أبي بكر المخزومي, حي مطار الملك خالد الدولي, مدينة الرياض, منطقة الرياض",1290000,195,5,5,2,2,حي سدرة,الرياض,شمال الرياض,"فله مساحه ١٩٠ م اشراق ليفينج رقم الفله 719
الدور الأرضي  حوش امامي وخلفي ضيافه . مجلس وصاله و٢ دوره مياه  ومطبخ 
الدور الاول اربع غرف اثنين منها ماستر روم 
الدور الثاني غرفه خادمه وغرفه غسيل
مؤجره حاليا ينتهي إيجارها بعد ٨ شهور 
صك جاهز للإفراغ",24.960699,46.619244,https://images.aqar.fm/webp/750x0/props/022440326_1778064455975.jpg | https://images.aqar.fm/webp/750x0/props/022440322_1778064469015.jpg | https://images.aqar.fm/webp/750x0/props/022440328_1778064469038.jpg | https://images.aqar.fm/webp/750x0/props/022440321_1778064469022.jpg | https://images.aqar.fm/webp/750x0/props/022440327_1778064469065.jpg | https://images.aqar.fm/webp/750x0/props/022440322_1778064469047.jpg | https://images.aqar.fm/webp/750x0/props/022440325_1778064469026.jpg | https://images.aqar.fm/webp/750x0/props/022440329_1778064469081.jpg | https://images.aqar.fm/webp/750x0/props/022440321_1778064469039.jpg | https://images.aqar.fm/webp/750x0/props/022440322_1778064483114.jpg | https://images.aqar.fm/webp/750x0/props/022440326_1778064483127.jpg | https://images.aqar.fm/webp/750x0/props/022440325_1778064483106.jpg,12,بدر عواض بن عيضه الحارثي,,0,2026-05-06,2026-08-01,2026-08-01,5499,2026-08-23,True,"1,290,000",False,فيلا
6795291,https://sa.aqar.fm/فلل-للبيع/الرياض/شمال-الرياض/حي-سدرة/شارع-عبدالله-بن-محمد-التلمساني-حي-مطار-الملك-خالد-الدولي-مدينة-الرياض-منطقة-الرياض-6795291,"فيلا للبيع في شارع عبدالله بن محمد التلمساني, حي مطار الملك خالد الدولي, مدينة الرياض, منطقة الرياض",1800000,195,5,5,2,1,حي سدرة,الرياض,شمال الرياض,"فله رقم ٢٠٩٥ 

 فيلا للبيع في اشراق ليفينج 
من أجمل الفلل في المشروع، بموقع مميز وإطلالة مباشرة على الحديقة .المسجد جنبها وقريب من مجمع المدارس تبعد ٥٠٠ م 

المساحة: 200 م²

الدور الأرضي:

* مجلس
* صالة عائلية
* مطبخ
* دورتا مياه
* حوش أمامي وحوش خلفي

الدور الأول:

* 4 غرف نوم
* غرفتان ماستر
* غرفتان بدورة مياه مشتركة

الدور الثاني:

* غرفة خادمة
* غرفة غسيل

الفيلا مؤثثة بالكامل وجاهزة للسكن",24.968314,46.623175,https://images.aqar.fm/webp/750x0/props/022440324_1785274122421.jpg | https://images.aqar.fm/webp/750x0/props/022440324_1785274142561.jpg | https://images.aqar.fm/webp/750x0/props/022440322_1785274142694.jpg | https://images.aqar.fm/webp/750x0/props/022440328_1785274142673.jpg | https://images.aqar.fm/webp/750x0/props/022440328_1785274142681.jpg | https://images.aqar.fm/webp/750x0/props/022440327_1785274142714.jpg | https://images.aqar.fm/webp/750x0/props/022440320_1785274142687.jpg | https://images.aqar.fm/webp/750x0/props/022440326_1785274142594.jpg | https://images.aqar.fm/webp/750x0/props/022440321_1785274142587.jpg | https://images.aqar.fm/webp/750x0/props/022440327_1785274174149.jpg | https://images.aqar.fm/webp/750x0/props/022440329_1785274174242.jpg | https://images.aqar.fm/webp/750x0/props/022440329_1785274174262.jpg | https://images.aqar.fm/webp/750x0/props/022440320_1785274174153.jpg | https://images.aqar.fm/webp/750x0/props/022440327_1785274174256.jpg | https://images.aqar.fm/webp/750x0/props/022440328_1785274174254.jpg | https://images.aqar.fm/webp/750x0/props/022440321_1785274174160.jpg,16,بدر عواض بن عيضه الحارثي,,0,2026-07-28,2026-07-28,2026-07-28,290,2026-08-23,True,"1,800,000",False,فيلا
6809629,https://sa.aqar.fm/فلل-للبيع/الرياض/شمال-الرياض/حي-سدرة/شارع-أبي-القاسم-البوري-حي-مطار-الملك-خالد-الدولي-مدينة-الرياض-منطقة-الرياض-6809629,"فيلا للبيع في شارع أبي القاسم البوري, حي مطار الملك خالد الدولي, مدينة الرياض, منطقة الرياض",1500000,250,5,1,0,2,حي سدرة,الرياض,شمال الرياض,"للبيع فيلا حي ضاحية الخزام
مساحتها 250 م 
المسطح 300
الفيلا متقون ثلاث ادوار 
ادور ارضي مجلس ومقلط وصاله ومطبخ و٢ دوراة مياه 
الدور الأول ٤غرف نوم ثنتين منها ماستر 
الدور الثاني غرف خادمه بحمامها 
وسيب غسيل 
البيت عليه رهن لدى بنك الاهلى 
المتبقي للبنك ٤٩٨ الف

البيــــــــع مليون و٤٥٠ الف
مع المالك 
الموقع

https://maps.app.goo.gl/8NX33hdmhnkwWMmT6?g_st=aw",24.96234,46.629855,https://images.aqar.fm/webp/750x0/props/049994662_1786042334663.jpg,1,بشرى القطان,مؤسسة أملاك نجد العقارية,1,2026-08-06,2026-08-06,2026-08-23,387,2026-08-23,True,"1,500,000",False,فيلا
6622846,https://sa.aqar.fm/فلل-للبيع/الرياض/شمال-الرياض/حي-سدرة/شارع-البرهان-بن-أيوب-حي-مطار-الملك-خالد-الدولي-مدينة-الرياض-منطقة-الرياض-6622846,"فيلا للبيع في شارع البرهان بن أيوب, حي مطار الملك خالد الدولي, مدينة الرياض, منطقة الرياض",1500000,303,7,1,0,1,حي سدرة,الرياض,شمال الرياض,تاون هاوس ٧ غرف ٢ صاله ٧ دورات مياه ومجلس وارتداد احواش خارجيه مدخل سياره ومطبخ راكب وغرفة سائقضاحية الخزام مشروع مرسيه مساحة ٣٠٣ متر,24.958159,46.629469,https://images.aqar.fm/webp/750x0/props/049944631_1773279171473.jpg | https://images.aqar.fm/webp/750x0/props/049944638_1773279171638.jpg | https://images.aqar.fm/webp/750x0/props/049944630_1773279171802.jpg | https://images.aqar.fm/webp/750x0/props/049944636_1773279171805.jpg | https://images.aqar.fm/webp/750x0/props/049944637_1773279172135.jpg | https://images.aqar.fm/webp/750x0/props/049944635_1773279175019.jpg | https://images.aqar.fm/webp/750x0/props/049944633_1773279175168.jpg | https://images.aqar.fm/webp/750x0/props/049944636_1773279175170.jpg | https://images.aqar.fm/webp/750x0/props/049944632_1773279175019.jpg | https://images.aqar.fm/webp/750x0/props/049944633_1773279175019.jpg | https://images.aqar.fm/webp/750x0/props/049944632_1773279175235.jpg | https://images.aqar.fm/webp/750x0/props/049944635_1773279175242.jpg | https://images.aqar.fm/webp/750x0/props/049944639_1773279175240.jpg | https://images.aqar.fm/webp/750x0/props/049944634_1773279175333.jpg | https://images.aqar.fm/webp/750x0/props/049944635_1773279175398.jpg | https://images.aqar.fm/webp/750x0/props/049944639_1773279175398.jpg,16,جواهر ال سعيد,مكتب ريحانة نجد للعقارات,1,2026-03-12,2026-07-06,2026-08-23,2537,2026-08-23,True,"1,500,000",False,فيلا
6657902,https://sa.aqar.fm/فلل-للبيع/الرياض/شمال-الرياض/حي-سدرة/شارع-حطان-بن-عوف-حي-مطار-الملك-خالد-الدولي-مدينة-الرياض-منطقة-الرياض-6657902,"فيلا للبيع في شارع حطان بن عوف, حي مطار الملك خالد الدولي, مدينة الرياض, منطقة الرياض",2000000,400,5,1,0,2,حي سدرة,الرياض,شمال الرياض,"للبيع فيلا سكنية 
حي المطار 
حي خزام 

المساحة ٤٠٠م 
الوجهة شمالية  شارع ١٨
ممر جنوبي 
التفاصيل ///
الدور الأرضي ملحق مع دورة مياه و
صالتين وغرفة طعام ومستودع ودورة مياه
الدور الاول///
الاول 4 غرف نوع اثنين ماستر 
وغرفتين بينهم دورة مياه مشتركة وصاله

السطح ////
غرفة خادمة مع دورة مياه وغرفة غسيل
السوم 2مليون ١٥٠الف
للبيع قريب",24.957794,46.622643,https://images.aqar.fm/webp/750x0/props/013668659_1776358046243.jpg,1,بشرى عبدالكريم,مؤسسة بيت الحكمة للخدمات العقارية,1,2026-04-16,2026-06-14,2026-08-16,6735,2026-08-23,True,"2,000,000",False,فيلا
6507111,https://sa.aqar.fm/فلل-للبيع/الرياض/شمال-الرياض/حي-سدرة/شارع-علي-الجرجاني-حي-مطار-الملك-خالد-الدولي-مدينة-الرياض-منطقة-الرياض-6507111,"فيلا للبيع في شارع علي الجرجاني, حي مطار الملك خالد الدولي, مدينة الرياض, منطقة الرياض",1550000,200,5,5,0,3,حي سدرة,الرياض,شمال الرياض,"للبيع فيلا (تاون هاوس) حي مطار الملك خالد(ضاحية خزام)
مساحتها : 200م 
مسطح البناء (270م)
الواجهة شرقيه 
الشارع : 18م

حوش امامي مدخل سياره
الدور الارضي مدخل ومجلس ومقلط ومستودع ومطبخ وصاله عائليه حوش خلفي على الصاله ودورتين مياه درج داخلي

الدور الاول : اربع غرف نوم اثنين منها ماستر وغرفتين بدوره مياه مشتركه

الدور الثاني : غرفه عامله مع دوره مياه ومنطقه غسيال ملابس ويوجد سطح امامي وسطح خلفي خزان مويه ارضي وعلوي
ويوجد مطبخ راكب وثلاثه مكيف سبيلت راكبه
مؤجر والمتبقي من مدة الاجار ٨ شهور
عمر العقار 3 سنوات
ضمان على الهيكل الانشائي والكهرباء والسباكه والخزان من عشر الى ثلاثين سنه
عليه بنك
البيع كاش
الحد : ١،٦٠٠،٠٠٠ ريال
للتواصل /     
مع المالك",24.969116,46.621358,https://images.aqar.fm/webp/750x0/props/020274145_1765756157676.jpg | https://images.aqar.fm/webp/750x0/props/020274143_1765756157662.jpg | https://images.aqar.fm/webp/750x0/props/020274145_1765756157660.jpg,3,عبدالله عثمان عبدالله الدغفق,,,2025-12-14,2026-08-06,2026-08-10,2517,2026-08-23,True,"1,550,000",False,فيلا
6626294,https://sa.aqar.fm/فلل-للبيع/الرياض/شمال-الرياض/حي-سدرة/شارع-علي-الأحمر-حي-مطار-الملك-خالد-الدولي-مدينة-الرياض-منطقة-الرياض-6626294,"فيلا للبيع في شارع علي الأحمر, حي مطار الملك خالد الدولي, مدينة الرياض, منطقة الرياض",1500000,195,4,1,0,3,حي سدرة,الرياض,شمال الرياض,"للبيع تاون هاوس في مشروع إشراق ليفينج – حي القصر

📐 المساحة: 195 م²
🧭 الواجهة: شمالية
🛣 عرض الشارع: 20 م
🏗 عمر العقار: 3 سنوات
تفاصيل العقار:
▪️ 6 غرف
▪️ صالة
▪️ 6 دورات مياه
▪️ مطبخ
▪️ مدخل سيارة
💰 السعر: 1,500,000 ريال
📉 قابل للتفاوض بالمعقول

ملاحظة:
العقار عليه رهن بقيمة 690,000 ريال",24.964743,46.631055,,,بشرى عبدالكريم,مؤسسة بيت الحكمة للخدمات العقارية,1,2026-03-16,2026-06-14,2026-08-21,566,2026-08-23,True,"1,500,000",False,فيلا
6788550,https://sa.aqar.fm/فلل-للبيع/الرياض/شمال-الرياض/حي-سدرة/شارع-حارثة-بن-وهب-الخزاعي-حي-مطار-الملك-خالد-الدولي-مدينة-الرياض-منطقة-الرياض-6788550,"فيلا للبيع في شارع حارثة بن وهب الخزاعي, حي مطار الملك خالد الدولي, مدينة الرياض, منطقة الرياض",1700000,250,5,5,1,0,حي سدرة,الرياض,شمال الرياض,"فلة حي المطار مشروع المهندية مسطح البناء 320 

تتكون من 

5 غرف نوم

4 بالدور الارضي
1 بالدور الاول

غرفة غسيل 
غرفة خادمة بدورة مياه 

6 دورات مياه

موقف سيارة
مساحة لملحق خارجي
حوش خارجي
صالة + صالة ضيافة
مطبخ


المساحة (250)


المطلوب 
 مليون وسبعمائة الف            1700000",24.926094,46.647985,https://images.aqar.fm/webp/750x0/props/012496849_1785074049500.jpg | https://images.aqar.fm/webp/750x0/props/012496846_1785074049503.jpg | https://images.aqar.fm/webp/750x0/props/012496849_1785074049490.jpg | https://images.aqar.fm/webp/750x0/props/012496841_1785074049498.jpg | https://images.aqar.fm/webp/750x0/props/012496840_1785074049503.jpg | https://images.aqar.fm/webp/750x0/props/012496843_1785074049490.jpg | https://images.aqar.fm/webp/750x0/props/012496845_1785074049633.jpg | https://images.aqar.fm/webp/750x0/props/012496842_1785074049623.jpg | https://images.aqar.fm/webp/750x0/props/012496846_1785074102455.jpg | https://images.aqar.fm/webp/750x0/props/012496840_1785074102414.jpg | https://images.aqar.fm/webp/750x0/props/012496840_1785074102558.jpg | https://images.aqar.fm/webp/750x0/props/012496843_1785074102555.jpg | https://images.aqar.fm/webp/750x0/props/012496845_1785074102558.jpg | https://images.aqar.fm/webp/750x0/props/012496849_1785074102553.jpg | https://images.aqar.fm/webp/750x0/props/012496841_1785074102584.jpg | https://images.aqar.fm/webp/750x0/props/012496845_1785074102579.jpg | https://images.aqar.fm/webp/750x0/props/012496849_1785074122100.jpg | https://images.aqar.fm/webp/750x0/props/012496849_1785074121921.jpg | https://images.aqar.fm/webp/750x0/props/012496843_1785074122074.jpg | https://images.aqar.fm/webp/750x0/props/012496849_1785074122098.jpg | https://images.aqar.fm/webp/750x0/props/012496844_1785074122054.jpg | https://images.aqar.fm/webp/750x0/props/012496848_1785074122058.jpg | https://images.aqar.fm/webp/750x0/props/012496842_1785074122078.jpg | https://images.aqar.fm/webp/750x0/props/012496844_1785074121930.jpg,24,انس محمد,مؤسسة سبعة متر للتطوير العقاري,1,2026-07-24,2026-07-24,2026-08-09,610,2026-08-23,True,"1,700,000",False,فيلا
6624298,https://sa.aqar.fm/فلل-للبيع/الرياض/شمال-الرياض/حي-سدرة/شارع-عبدالرحيم-المغربي-حي-مطار-الملك-خالد-الدولي-مدينة-الرياض-منطقة-الرياض-6624298,"فيلا للبيع في شارع عبدالرحيم المغربي, حي مطار الملك خالد الدولي, مدينة الرياض, منطقة الرياض",1500000,303,7,4,2,3,حي سدرة,الرياض,شمال الرياض,"للبيع تاون هاوس
بحي ضاحية الخزامى
مشروع مرسيه
مساحه ٢٣٠متر
مكونه كالاتي
مدخل سياره 
حواش خارجي 
ارتداد
٧غرفه نوم
٣صالة
٨دورات مياء
السعر مليون و500 الف",24.958123,46.629127,https://images.aqar.fm/webp/750x0/props/011521062_1773434303545.jpg | https://images.aqar.fm/webp/750x0/props/011521065_1773434303331.jpg | https://images.aqar.fm/webp/750x0/props/011521068_1773434303405.jpg | https://images.aqar.fm/webp/750x0/props/011521063_1773434303500.jpg | https://images.aqar.fm/webp/750x0/props/011521066_1773434303620.jpg | https://images.aqar.fm/webp/750x0/props/011521069_1773434303841.jpg | https://images.aqar.fm/webp/750x0/props/011521067_1773434303938.jpg | https://images.aqar.fm/webp/750x0/props/011521064_1773434303984.jpg,8,سلطان ثامر,مؤسسة دارك النرجس العقارية,1,2026-03-13,2026-08-12,2026-08-23,1000,2026-08-23,True,"1,500,000",False,فيلا
6745233,https://sa.aqar.fm/فلل-للبيع/الرياض/شمال-الرياض/حي-سدرة/شارع-أبي-محمد-بن-أيوب-حي-مطار-الملك-خالد-الدولي-مدينة-الرياض-منطقة-الرياض-6745233,"فيلا للبيع في شارع أبي محمد بن أيوب, حي مطار الملك خالد الدولي, مدينة الرياض, منطقة الرياض",1700000,200,7,0,0,4,حي سدرة,الرياض,شمال الرياض,"فيلا جديده للبيع الفيلا 
 ضاحية خزام حي المطار
مشروع شمس الديار
موقع مميز بجانب المسجد 
المساحة: 200م
مسطح البناء 386م
الشارع:15 شرق
العمر: 4 سنوات
لم تسكن 
تتكون من مدخل سيارة وفناءومجلس ومقلط وصاله ومطبخ ومستودع وحديقة بالخلف.
الدور الاول اربع غرف نوم
الدور الثاني غرفتين نوم وغرفة عاملة
عليها صك وشهادة اتمام 
تقبل البنك المدعوم
السعر :1700000",24.966537,46.618583,https://images.aqar.fm/webp/750x0/props/027666960_1782234880587.jpg | https://images.aqar.fm/webp/750x0/props/027666967_1782234911450.jpg | https://images.aqar.fm/webp/750x0/props/027666962_1782234911659.jpg | https://images.aqar.fm/webp/750x0/props/027666962_1782234911474.jpg | https://images.aqar.fm/webp/750x0/props/027666968_1782234911462.jpg | https://images.aqar.fm/webp/750x0/props/027666966_1782234911481.jpg,6,محمد حسن احمد الفيفي,,,2026-06-23,2026-08-21,2026-08-21,369,2026-08-23,True,"1,700,000",False,فيلا
6718390,https://sa.aqar.fm/فلل-للبيع/الرياض/شمال-الرياض/حي-سدرة/شارع-إبراهيم-الموسكي-حي-مطار-الملك-خالد-الدولي-مدينة-الرياض-منطقة-الرياض-6718390,"فيلا للبيع في شارع إبراهيم الموسكي, حي مطار الملك خالد الدولي, مدينة الرياض, منطقة الرياض",1650000,250,7,0,0,0,حي سدرة,الرياض,شمال الرياض,"بسم الله الرحمن الرحيم 
اللهم صل وسلم على نبينا محمد 

نوع العقار / فيلا مستقله نموذج ضياء
موقع العقار / حي مطار الملك خالد 
( اشراق ليفينج)
مساحة الفله: 250 م
المساحة البناء الإجمالية/ 307
الواجهة / شرقية
الدور الارضي : مدخل سيارة -حوش امامي وحوش خلفي - مجلس رجال - مقلط - صالة - مطبخ - دورتين مياه .
الدور الاول : غرفتين نوم مع دورة مياه مشتركة - غرفتين نوم ماستر ..
الدور الثاني : غرفة خادمة مع دورة مياه- غرفة غسيل - سطح امامي - سطح خلفي
المياة موصله للفله
خدمه الالياف واصله للفله
سخان مركزي
الفيلا جاهزة للسكن
تم تركيب باب سمارت للكراج عن بعد 
كاميرات داخلية وخارجية
تم توزيع نقاط شبكة الانترنت لجميع الغرف
الجبس نوع مدى اخضر مقاوم للرطوبه لجميع الغرف والمطبخ مدى احمر مقاوم للحريق
الفلة جديدة لم تسكن من قبل 
وبالله التوفيق",24.965261,46.628998,https://images.aqar.fm/webp/750x0/props/008033831_1780555315065.jpg | https://images.aqar.fm/webp/750x0/props/008033836_1780555315041.jpg | https://images.aqar.fm/webp/750x0/props/008033832_1780555315044.jpg | https://images.aqar.fm/webp/750x0/props/008033831_1780555315043.jpg | https://images.aqar.fm/webp/750x0/props/008033839_1780555315051.jpg | https://images.aqar.fm/webp/750x0/props/008033837_1780555315042.jpg,6,يوسف فياض بن حمد الفياض,مؤسسة دليل النرجس للعقارات,1,2026-06-04,2026-08-01,2026-08-06,1258,2026-08-23,True,"1,650,000",False,فيلا
6773185,https://sa.aqar.fm/فلل-للبيع/الرياض/شمال-الرياض/حي-سدرة/شارع-البرهان-بن-أيوب-حي-مطار-الملك-خالد-الدولي-مدينة-الرياض-منطقة-الرياض-6773185,"فيلا للبيع في شارع البرهان بن أيوب, حي مطار الملك خالد الدولي, مدينة الرياض, منطقة الرياض",1300000,303,,,,2,حي سدرة,الرياض,شمال الرياض,"للبيع تاون هاوس

شارع: 18 م

الدور الارضي :
مجلس
غرفة كبار سن
مخزن
صالة
ارتداد
احواش خارجية
مدخل سيارة
مطبخ راكب
غرفة سائق

الدور الأول:
2 غرف نوم ماستر * احداهم ببلكونه
2 غرف نوم بدورات مياد مشتركة
غرفة معيشة

الدور الثاني:
غرفة خادمه بدورة مياه
غرفة غسيل ملابس
غرفة ماستر
سطحين",24.958138,46.629406,https://images.aqar.fm/webp/750x0/props/039049256_1784027646335.jpg | https://images.aqar.fm/webp/750x0/props/039049250_1784027646307.jpg,2,حمزه الزهراني,,,2026-07-14,2026-08-12,2026-08-19,335,2026-08-23,True,"1,300,000",False,فيلا
6698766,https://sa.aqar.fm/فلل-للبيع/الرياض/شمال-الرياض/حي-سدرة/شارع-شمس-الدين-الشافعي-حي-مطار-الملك-خالد-الدولي-مدينة-الرياض-منطقة-الرياض-6698766,"فيلا للبيع في شارع شمس الدين الشافعي, حي مطار الملك خالد الدولي, مدينة الرياض, منطقة الرياض",1500000,271,4,5,2,3,حي سدرة,الرياض,شمال الرياض,"فلة للبيع ضاحية خزام
((( غير مرهونة)))
المساحة : 271 م
الشوارع : 15 جنوبي ، و36 ظهير شمالي ( يمكن فتح باب )

الدور الأول : 
حوش واسع + موقف سيارة + مدخلين للفلة + مجلس ودورة مياه
+ مقلط + مستودع + صالة ودورة مياه + مطبخ

الدور الثاني : 
عدد غرفتين نوم بدورة مياه خاصة لكل غرفة
+ عدد غرفتين نوم بدورة مياه مشتركة

الدور الثالث : 
سطحين ( سطح خدمات + سطح رئيسي ) + غرفة خادمة بدورة مياه + منطقة غسيل.

- شركة الفآل الأمثل للخدمات العقارية
0542270017
0545555363",24.96178,46.620094,https://images.aqar.fm/webp/750x0/props/001920235_1778880109399.jpg | https://images.aqar.fm/webp/750x0/props/001920232_1778880109397.jpg | https://images.aqar.fm/webp/750x0/props/001920237_1778880109399.jpg | https://images.aqar.fm/webp/750x0/props/001920234_1778880109399.jpg | https://images.aqar.fm/webp/750x0/props/001920231_1778880109557.jpg | https://images.aqar.fm/webp/750x0/props/001920237_1778880109400.jpg | https://images.aqar.fm/webp/750x0/props/001920235_1778880109397.jpg | https://images.aqar.fm/webp/750x0/props/001920233_1778880109409.jpg | https://images.aqar.fm/webp/750x0/props/001920231_1778880122961.jpg | https://images.aqar.fm/webp/750x0/props/001920232_1778880122918.jpg | https://images.aqar.fm/webp/750x0/props/001920235_1778880122925.jpg | https://images.aqar.fm/webp/750x0/props/001920234_1778880122918.jpg | https://images.aqar.fm/webp/750x0/props/001920231_1778880122927.jpg,13,سعيد القحطاني,شركة الفآل الأمثل للخدمات العقارية شخص واحد,1,2026-05-15,2026-08-11,2026-08-21,4316,2026-08-23,True,"1,500,000",False,فيلا
6769266,https://sa.aqar.fm/فلل-للبيع/الرياض/شمال-الرياض/حي-سدرة/شارع-ابن-أبي-بكر-المخزومي-حي-مطار-الملك-خالد-الدولي-مدينة-الرياض-منطقة-الرياض-6769266,"فيلا للبيع في شارع ابن أبي بكر المخزومي, حي مطار الملك خالد الدولي, مدينة الرياض, منطقة الرياض",1600000,252,4,0,0,2,حي سدرة,الرياض,شمال الرياض,"🏡 للبيع | فيلا راقية في مشروع إشراق ليفينج – حي النرجس

📍 المساحة: 252م²
🛣️ الواجهة: جنوبية – شارع 15م
🔸 عمر العقار: سنتين

مواصفات الفيلا:
• مجلس واسع
• مقلط
• صالة عائلية
• مطبخ بتصميم حديث
• مستودع
• 5 دورات مياه
• 4 غرف نوم:

* غرفتين ماستر بحمامات خاصة
* غرفتين نوم

المرافق الإضافية:
• غرفة خادمة مع دورة مياه
• غرفة غسيل مستقلة

مميزات إضافية:
✅ مكيفات راكبة (صالة + غرفتين)
✅ حوش جانبي وخلفي مع إمكانية إضافة مطبخ خارجي
✅ موقع مميز داخل المشروع
✅ قريب من الجامع والحديقة

مميزات مشروع إشراق ليفينج:
✔️ حي سكني متكامل
✔️ أمن على مدار الساعة
✔️ مساحات خضراء ومرافق عائلية

📌 يلزم حجز موعد مسبق لمعاينة العقار.

💰 السعر: 1,600,000 ريال شامل الأثاث والمديونية
🏦 المديونية لدى مصرف الراجحي تقارب 600,000 ريال.

📞 للتواصل: ((الرقم يظهر عند الضغط على اتصال))

—
رؤيتك للعقارات
بيع • شراء • تأجير • إدارة أملاك",24.961142,46.619923,https://images.aqar.fm/webp/750x0/props/016353650_1783789643728.jpg | https://images.aqar.fm/webp/750x0/props/016353656_1783789674810.jpg | https://images.aqar.fm/webp/750x0/props/016353654_1783789674806.jpg | https://images.aqar.fm/webp/750x0/props/016353652_1783789674807.jpg | https://images.aqar.fm/webp/750x0/props/016353658_1783789674808.jpg | https://images.aqar.fm/webp/750x0/props/016353653_1783789674825.jpg | https://images.aqar.fm/webp/750x0/props/016353656_1783789674822.jpg | https://images.aqar.fm/webp/750x0/props/016353659_1783789674823.jpg | https://images.aqar.fm/webp/750x0/props/016353650_1783789697000.jpg | https://images.aqar.fm/webp/750x0/props/016353659_1783789697024.jpg | https://images.aqar.fm/webp/750x0/props/016353650_1783789697002.jpg | https://images.aqar.fm/webp/750x0/props/016353659_1783789697021.jpg | https://images.aqar.fm/webp/750x0/props/016353654_1783789697002.jpg | https://images.aqar.fm/webp/750x0/props/016353659_1783789697004.jpg | https://images.aqar.fm/webp/750x0/props/016353653_1783789697024.jpg | https://images.aqar.fm/webp/750x0/props/016353658_1783789784374.jpg | https://images.aqar.fm/webp/750x0/props/016353652_1783789784383.jpg | https://images.aqar.fm/webp/750x0/props/016353658_1783789784380.jpg | https://images.aqar.fm/webp/750x0/props/016353656_1783789784343.jpg | https://images.aqar.fm/webp/750x0/props/016353650_1783789784390.jpg,20,فاطمه القحطاني,مؤسسة مكتب رؤيتك للعقارات,1,2026-07-11,2026-08-09,2026-08-22,709,2026-08-23,True,"1,600,000",False,فيلا
6717722,https://sa.aqar.fm/فلل-للبيع/الرياض/شمال-الرياض/حي-سدرة/شارع-عمر-بن-عبدالله-قاضي-حي-مطار-الملك-خالد-الدولي-مدينة-الرياض-منطقة-الرياض-6717722,"فيلا للبيع في شارع عمر بن عبدالله قاضي, حي مطار الملك خالد الدولي, مدينة الرياض, منطقة الرياض",1800000,265,5,5,2,3,حي سدرة,الرياض,شمال الرياض,"عرض رقم 4122

بسم الله الرحمن الرحيم
الرجاء قراءة الاعلان بشكل واضح
السلام عليكم ورحمة الله وبركاته

فيلا للبيع .  
نوع العقار / فيلا مستقله نموذج اصيل
موقع العقار / حي مطار الملك خالد 
( اشراق ليفينج)
مساحة الارض: ٢٦٥ م
المساحة البناء الكلى/ ٢٦٤.٨٤
شارع عرض :١٨م
الواجهه: الجنوبية
الدور الارضي : مدخل سيارة -حوش امامي وحوش خلفي - مجلس رجال - مقلط - صالة - مطبخ - دورتين مياه .
الدور الاول : غرفتين نوم مع دورة مياه مشتركة - غرفتين نوم ماستر ..
الدور الثاني : غرفة خادمة مع دورة مياه- غرفة غسيل - سطح امامي - سطح خلفي
عداد كهرباء خاص
المياة موصله للفله
سخان مركزي
الفيلا جاهزة للسكن
*باب سمارت للقراج*
* راكب المطبخ فيها 
* ⁠غرفه نوم الماستركامله 
* ⁠وغرفه ثانيه فيها سرير ودولاب
* ⁠غرفه ملابس راكبه

* ⁠البيع 2،000،000

ومرهون لدى بنك الراجحي بقيمة 
674 الف ريال

والرهن داخل في قيمة بيع الفيلا



للتواصل/ 
ابو رفيف  0556678197
ابو سعد  0536883439

شركة العبره العقارية
خدماتنا :تسويق -ادراة املاك -تطوير عقاري -كتابة عقود الكترونيه -اتحاد ملاك -خدمات البيع على الخارطة أوقات العمل من ٤ عصرًا حتى ١٠ مساءً
واتساب ٢٤ ساعه",24.967171,46.627345,https://images.aqar.fm/webp/750x0/props/041998198_1780502127990.jpg | https://images.aqar.fm/webp/750x0/props/041998199_1780502139881.jpg | https://images.aqar.fm/webp/750x0/props/041998193_1780502139889.jpg | https://images.aqar.fm/webp/750x0/props/041998199_1780502139878.jpg | https://images.aqar.fm/webp/750x0/props/041998196_1780502139881.jpg | https://images.aqar.fm/webp/750x0/props/041998196_1780502139898.jpg,6,عثمان عبدالرحمن بن عثمان العبره,شركة ركن العبرة للتطوير والاستثمار العقاري,1,2026-06-03,2026-07-31,2026-08-16,558,2026-08-23,True,"1,800,000",False,فيلا
6816403,https://sa.aqar.fm/فلل-للبيع/الرياض/شمال-الرياض/حي-سدرة/شارع-ابن-أبي-بكر-المخزومي-حي-مطار-الملك-خالد-الدولي-مدينة-الرياض-منطقة-الرياض-6816403,"فيلا للبيع في شارع ابن أبي بكر المخزومي, حي مطار الملك خالد الدولي, مدينة الرياض, منطقة الرياض",1550000,252,4,4,2,0,حي سدرة,الرياض,شمال الرياض,"فيلا للبيع في مشروع إشراق ليفينج

إشراق ليفينج: مجتمع سكني راق، يتميز بالهدوء، ، والتصميم العصري.وموقع مميز في شمال الرياض.

المساحة: 252 متر 

المواصفات:
مجلس واسع لاستقبال الضيوف 
مقلط 
صالة عائلية مريحة 
مطبخ عملي
مستودع لتخزين إضافي
5 دورات مياه
عدد الغرف: 4 غرف نوم
2 غرف ماستر مع حمام خاص
2 غرف نوم عادية مناسبة للأطفال أو الضيوف

- مرافق إضافية:
غرفة غسيل مستقلة
غرفة خادمة مع دورة مياه
موقع مميز داخل الحي
موجود تكييف في 3غرفه و1 صاله
حوش جانبي وخلفي مع امكانيه التعديل واضافه مطبخ خارجي 

- مميزات المشروع:
حي سكني متكامل
أمن على مدار الساعة
مساحات خضراء ومرافق عائلية
جامع قريب من البيت 
وحديقة قريبه من البيت 
بيئة مثالية للراحة والاستقرار",24.961142,46.619923,https://images.aqar.fm/webp/750x0/props/001959843_1786452540997.jpg | https://images.aqar.fm/webp/750x0/props/001959844_1786452540998.jpg | https://images.aqar.fm/webp/750x0/props/001959845_1786452565049.jpg | https://images.aqar.fm/webp/750x0/props/001959847_1786452578556.jpg | https://images.aqar.fm/webp/750x0/props/001959843_1786452579079.jpg | https://images.aqar.fm/webp/750x0/props/001959841_1786452707361.jpg | https://images.aqar.fm/webp/750x0/props/001959844_1786452728342.jpg | https://images.aqar.fm/webp/750x0/props/001959845_1786452728216.jpg | https://images.aqar.fm/webp/750x0/props/001959846_1786452728213.jpg | https://images.aqar.fm/webp/750x0/props/001959849_1786452728321.jpg | https://images.aqar.fm/webp/750x0/props/001959843_1786452728205.jpg | https://images.aqar.fm/webp/750x0/props/001959845_1786452769609.jpg | https://images.aqar.fm/webp/750x0/props/001959840_1786452769778.jpg | https://images.aqar.fm/webp/750x0/props/001959842_1786452769618.jpg | https://images.aqar.fm/webp/750x0/props/001959846_1786452769629.jpg,15,عبدالله بن محمد,,,2026-08-11,2026-08-11,2026-08-23,105,2026-08-23,True,"1,550,000",False,فيلا
6565611,https://sa.aqar.fm/فلل-للبيع/الرياض/شمال-الرياض/حي-سدرة/شارع-أبي-عبدالله-الحلاوي-حي-مطار-الملك-خالد-الدولي-مدينة-الرياض-منطقة-الرياض-6565611,"فيلا للبيع في شارع أبي عبدالله الحلاوي, حي مطار الملك خالد الدولي, مدينة الرياض, منطقة الرياض",1650000,324,5,5,3,2,حي سدرة,الرياض,شمال الرياض,"للبيع فله دبلوكس زاوية شوارع بضاحية خزام ( مشروع شمس الديار )

-مميزات الفله
قريبه من مسجد وحديقه
المساحة : 324.94 م
الأطوال : 13 م في 25 م
الشوارع : شارع 22 جنوبي ، وشارع 18 شرقي
يتميز الحي بتكامل الخدمات ( مياه + كهرباء + تصريف سيول + ألياف بصريه + صرف صحي)

الدور الارضي : 
حوش كبير على شكل حرف U ويمكن استغلاله
+ مجلس رجال بدورة مياه + صالة طعام 
صاله كبيرة بدورة مياه + مطبخ 

الدور الأول : 
عدد 2 غرف نوم بدورة مياه خاصة 
+ عدد 2 غرف نوم بدورة مياه مشتركة

الدور  الثاني : غرفة خادمة بدورة مياه + منطقة غسيل + سطح كبير يمكن استغلاله 

( شركة الفال الأمثل للخدمات العقارية )
((رقم المعلن يظهر عند التواصل))
((رقم المعلن يظهر عند التواصل))",24.965875,46.620174,https://images.aqar.fm/webp/750x0/props/001920233_1769586175783.jpg | https://images.aqar.fm/webp/750x0/props/001920231_1769586196282.jpg | https://images.aqar.fm/webp/750x0/props/001920231_1769586196288.jpg | https://images.aqar.fm/webp/750x0/props/001920234_1769586196284.jpg | https://images.aqar.fm/webp/750x0/props/001920232_1769586196208.jpg,5,سعيد القحطاني,شركة الفآل الأمثل للخدمات العقارية شخص واحد,1,2026-01-28,2026-08-19,2026-08-19,7841,2026-08-23,True,"1,650,000",False,فيلا
6752859,https://sa.aqar.fm/فلل-للبيع/الرياض/شمال-الرياض/حي-سدرة/شارع-عائشة-بنت-أبي-المعالي-حي-مطار-الملك-خالد-الدولي-مدينة-الرياض-منطقة-الرياض-6752859,"فيلا للبيع في شارع عائشة بنت أبي المعالي, حي مطار الملك خالد الدولي, مدينة الرياض, منطقة الرياض",1800000,312,4,3,2,4,حي سدرة,الرياض,شمال الرياض,"ض

فرصة مميزة لامتلاك فيلا مستقلة في حي المطار، أحد الأحياء الواعدة شمال الرياض، بموقع قريب من مطار الملك خالد الدولي والخدمات والطرق الرئيسية.

تفاصيل العقار:

* المساحة: 312 م²
* واجهة شمالية
* شارع 15 متر
* عمر العقار: 4 سنوات

مكونات الفيلا:

* 4 غرف نوم
* صالتان
* 3 دورات مياه
* مطبخ
* غرفة خادمة
* ملحق
* حوش
* درج داخلي

المميزات:
✅ فيلا مستقلة
✅ تصميم عملي ومساحات مريحة
✅ جميع الخدمات متوفرة (كهرباء، مياه، صرف صحي)
✅ موقع مميز في حي المطار مع سهولة الوصول للمطار والطرق الرئيسية
✅ مناسبة للسكن العائلي أو الاستثمار

📞 للتواصل والاستفسار ومعاينة العقار، يرجى التواصل على الرقم المرفق بالإعلان",24.964007,46.62103,,,رعد عطيه عواض الطلحي,,,2026-06-29,2026-07-28,2026-08-14,754,2026-08-23,True,"1,800,000",False,فيلا
6829797,https://sa.aqar.fm/فلل-للبيع/الرياض/شمال-الرياض/حي-سدرة/شارع-الشهاب-الربعي-حي-مطار-الملك-خالد-الدولي-الرياض-منطقة-الرياض-6829797,فيلا للبيع في شارع الشهاب الربعي ، حي مطار الملك خالد الدولي ، الرياض ، منطقة الرياض,75000,230,6,5,2,0,حي سدرة,الرياض,شمال الرياض,"🏡 فيلا جديدة للإيجار – موقع مميز وحي هادئ

فيلا جديدة في حي خزام، والمنطقة حديثة وتتوفر فيها أغلب الخدمات، وقريبة من النرجس والعارض.

📍 الموقع والمواصلات:

* ✈️ مطار الملك خالد: حوالي 18–20 دقيقة عبر الطريق المختصر الجديد.
* 🎓 جامعة الأميرة نورة: قريبة من الموقع.
* 🛣️ طريق الملك سلمان: حوالي 15 دقيقة.
* 🚇 يوجد نقل ترددي مجدول إلى محطة المترو في المطار وإلى محطة المترو عند البنك الأول.
* 🚇 محطة مترو البنك الأول: حوالي 20–25 دقيقة.

🌳 الخدمات والمرافق:

* حديقة مصغرة داخل الحي.
* عدة حدائق موزعة في الحي.
* حديقة خزام الرئيسية تبعد تقريبًا 5–8 دقائق مشيًا.
* التميمي، حلاق، صيدلية، ووقت اللياقة قريبين.
* جاري العمل على إضافة حدائق ومرافق أخرى.
* مدارس قريبة، ومتوسط الوصول إليها حوالي 20 دقيقة.
* الحي هادئ ومناسب للعوائل.

💰 الإيجار: دفعة أو دفعتين، والسعر قابل للتفاوض بالمعقول.

⭐ الأولوية لعائلة تحافظ على البيت وحقوق الجيرة، وتلتزم بالاتفاق وشروط الإيجار.

يفضل أخذ نظرة على موقع الحي والمنطقة قبل التواصل.",24.957317,46.631279,https://images.aqar.fm/webp/750x0/props/054798616_1787076999396.jpg | https://images.aqar.fm/webp/750x0/props/054798616_1787076999401.jpg | https://images.aqar.fm/webp/750x0/props/054798615_1787076999542.jpg | https://images.aqar.fm/webp/750x0/props/054798617_1787076999558.jpg | https://images.aqar.fm/webp/750x0/props/054798617_1787076999419.jpg | https://images.aqar.fm/webp/750x0/props/054798611_1787076999557.jpg | https://images.aqar.fm/webp/750x0/props/054798613_1787076999585.jpg | https://images.aqar.fm/webp/750x0/props/054798619_1787076999558.jpg,8,فاطمه المطيري,,,2026-08-18,,2026-08-19,18,2026-08-23,False,طلب تسويق,False,فيلا
6780339,https://sa.aqar.fm/فلل-للبيع/الرياض/شمال-الرياض/حي-سدرة/شارع-عبدالرحمن-العمادي-حي-مطار-الملك-خالد-الدولي-الرياض-منطقة-الرياض-6780339,فيلا للبيع في شارع عبدالرحمن العمادي ، حي مطار الملك خالد الدولي ، الرياض ، منطقة الرياض,3400000,400,4,5,2,0,حي سدرة,الرياض,شمال الرياض,"فلة سكنية 
حي المطار 
بالقرب من المدخل الشمالي للحي 
تبعد عن حديقة الحي 300 م تقريباً 
شارع واسع ومواقف خارجيه وموقف داخلي",24.966141,46.626446,https://images.aqar.fm/webp/750x0/props/004389564_1784443945557.jpg | https://images.aqar.fm/webp/750x0/props/004389562_1784443945563.jpg | https://images.aqar.fm/webp/750x0/props/004389563_1784443945563.jpg | https://images.aqar.fm/webp/750x0/props/004389560_1784443945564.jpg | https://images.aqar.fm/webp/750x0/props/004389568_1784443945559.jpg | https://images.aqar.fm/webp/750x0/props/004389566_1784443945570.jpg | https://images.aqar.fm/webp/750x0/props/004389567_1784443945567.jpg | https://images.aqar.fm/webp/750x0/props/004389560_1784443945573.jpg | https://images.aqar.fm/webp/750x0/props/004389560_1784443983202.jpg | https://images.aqar.fm/webp/750x0/props/004389560_1784443983208.jpg | https://images.aqar.fm/webp/750x0/props/004389568_1784443983225.jpg | https://images.aqar.fm/webp/750x0/props/004389564_1784443983210.jpg | https://images.aqar.fm/webp/750x0/props/004389564_1784443983198.jpg | https://images.aqar.fm/webp/750x0/props/004389567_1784443983208.jpg | https://images.aqar.fm/webp/750x0/props/004389562_1784443983207.jpg | https://images.aqar.fm/webp/750x0/props/004389564_1784443983209.jpg,16,سعد محمد سعيد الاسمري,,,2026-07-19,,2026-07-19,85,2026-08-23,False,طلب تسويق,False,فيلا
6775712,https://sa.aqar.fm/فلل-للبيع/الرياض/شمال-الرياض/حي-سدرة/شارع-ابن-أبي-بكر-المخزومي-حي-مطار-الملك-خالد-الدولي-مدينة-الرياض-منطقة-الرياض-6775712,"فيلا للبيع في شارع ابن أبي بكر المخزومي, حي مطار الملك خالد الدولي, مدينة الرياض, منطقة الرياض",1500000,252,5,5,0,0,حي سدرة,الرياض,شمال الرياض,"عرض رقم 4183
بسم الله الرحمن الرحيم
الرجاء قراءة الاعلان بشكل واضح
السلام عليكم ورحمة الله وبركاته

للبيع 
فيلا بحي ضاحية خرام 
مساحة 252 م 

عباره عن :- 
4- غرف نوم
6 - دورات مياه
1- صاله 
1- مطبخ
1- مجلس 
1- غرفة خادمه 
1- حوش 
1- مدخل سياره

السعر : مليون و600 ﷼ 
🛑البيع للكاش 

للتواصل :    ((الرقم يظهر عند الضغط على اتصال))   ( ابو بندر  )
شركة ركن العبرة العقارية
خدماتنا :تسويق -ادراة املاك -تطوير عقاري -كتابة عقود الكترونيه -اتحاد ملاك -خدمات البيع على الخارطة أوقات العمل من ٤ عصرًا حتى ١٠ مساءً
واتساب ٢٤ ساعه 
* الموقع غير دقيق",24.961067,46.620041,https://images.aqar.fm/webp/750x0/props/015282255_1784135862390.jpg | https://images.aqar.fm/webp/750x0/props/015282250_1784135873544.jpg | https://images.aqar.fm/webp/750x0/props/015282259_1784135873552.jpg | https://images.aqar.fm/webp/750x0/props/015282259_1784135873538.jpg | https://images.aqar.fm/webp/750x0/props/015282256_1784135873534.jpg | https://images.aqar.fm/webp/750x0/props/015282255_1784135873548.jpg | https://images.aqar.fm/webp/750x0/props/015282250_1784135873545.jpg | https://images.aqar.fm/webp/750x0/props/015282258_1784135873543.jpg | https://images.aqar.fm/webp/750x0/props/015282252_1784135873546.jpg | https://images.aqar.fm/webp/750x0/props/015282257_1784135887424.jpg | https://images.aqar.fm/webp/750x0/props/015282253_1784135887437.jpg | https://images.aqar.fm/webp/750x0/props/015282251_1784135887424.jpg | https://images.aqar.fm/webp/750x0/props/015282253_1784135887428.jpg | https://images.aqar.fm/webp/750x0/props/015282253_1784135887617.jpg | https://images.aqar.fm/webp/750x0/props/015282255_1784135887624.jpg | https://images.aqar.fm/webp/750x0/props/015282257_1784135887621.jpg | https://images.aqar.fm/webp/750x0/props/015282258_1784135887628.jpg | https://images.aqar.fm/webp/750x0/props/015282251_1784135895869.jpg | https://images.aqar.fm/webp/750x0/props/015282254_1784135896275.jpg,19,عثمان عبدالرحمن بن عثمان العبره,شركة ركن العبرة للتطوير والاستثمار العقاري,1,2026-07-15,2026-08-13,2026-08-14,639,2026-08-23,True,"1,500,000",False,فيلا
6654499,https://sa.aqar.fm/فلل-للبيع/الرياض/شمال-الرياض/حي-سدرة/شارع-البرهان-بن-أيوب-حي-مطار-الملك-خالد-الدولي-مدينة-الرياض-منطقة-الرياض-6654499,"فيلا للبيع في شارع البرهان بن أيوب, حي مطار الملك خالد الدولي, مدينة الرياض, منطقة الرياض",1500000,303,,1,0,2,حي سدرة,الرياض,شمال الرياض,"للبيع تاون هاوس
المساحة 230 متر 
شارع 18م
الدور الأرضي:
ومجلس وغرفة كبار سن ومخزن وصاله وارتداد احواش خارجيه مدخل سياره ومطبخ راكب وغرفة سائق 
الدور الاول:
 4 غرف 2 ماستر ووحدة منها ببلكونة ودورة مياة كغرفة نوم مودرن رىيسية و2 حمام مشترك و صاله للجلوس مزوده بركن للقهوة
الدور الثاني:
غرفه خادمة بدورة مياة وغرفة غسيل ملابس وغرفة ماستر وسطحين  
للبيع مليون 500 الف

ملحوظه الموقع بالعقار ليس بالدقيق",24.958034,46.629453,https://images.aqar.fm/webp/750x0/props/048099762_1776163091632.jpg | https://images.aqar.fm/webp/750x0/props/048099762_1776163087703.jpg | https://images.aqar.fm/webp/750x0/props/048099761_1776163087945.jpg | https://images.aqar.fm/webp/750x0/props/048099762_1776163088127.jpg | https://images.aqar.fm/webp/750x0/props/048099764_1776163088328.jpg | https://images.aqar.fm/webp/750x0/props/048099768_1776163088503.jpg | https://images.aqar.fm/webp/750x0/props/048099766_1776163088727.jpg | https://images.aqar.fm/webp/750x0/props/048099760_1776163088929.jpg | https://images.aqar.fm/webp/750x0/props/048099761_1776163089138.jpg | https://images.aqar.fm/webp/750x0/props/048099766_1776163089426.jpg | https://images.aqar.fm/webp/750x0/props/048099761_1776163089646.jpg | https://images.aqar.fm/webp/750x0/props/048099762_1776163089913.jpg | https://images.aqar.fm/webp/750x0/props/048099760_1776163090139.jpg | https://images.aqar.fm/webp/750x0/props/048099763_1776163090341.jpg | https://images.aqar.fm/webp/750x0/props/048099764_1776163090563.jpg | https://images.aqar.fm/webp/750x0/props/048099765_1776163090771.jpg | https://images.aqar.fm/webp/750x0/props/048099768_1776163090985.jpg | https://images.aqar.fm/webp/750x0/props/048099762_1776163091178.jpg,18,فهد فالح فرج الحربي,شركة قمم نجد العقارية شركة شخص واحد,1,2026-04-14,2026-08-08,2026-08-08,1796,2026-08-23,True,"1,500,000",False,فيلا
6721989,https://sa.aqar.fm/فلل-للبيع/الرياض/شمال-الرياض/حي-سدرة/شارع-ابن-السيبي-حي-مطار-الملك-خالد-الدولي-مدينة-الرياض-منطقة-الرياض-6721989,"فيلا للبيع في شارع ابن السيبي, حي مطار الملك خالد الدولي, مدينة الرياض, منطقة الرياض",1900000,250,6,0,0,3,حي سدرة,الرياض,شمال الرياض,"🏡 فيلا مميزة للبيع | شمال الرياض – حي مطار الملك خالد
📍 مشروع إشراق ليفنج

✨ المواصفات:

🔹 مساحة الأرض: 252م²
🔹 مسطحات البناء: 300م²
🔹 عمر العقار: أقل من سنة
🔹 واجهة شرقية
🔹 موقع مميز أمام حديقة

🏠 تفاصيل الفيلا:

الدور الأرضي:
▫️ مجلس رجال راقٍ
▫️ غرفة طعام
▫️ صالة عائلية واسعة
▫️ مطبخ راكب
▫️ مستودع
▫️ دورتي مياه

الدور الأول:
▫️ 4 غرف نوم
▫️ غرفتين ماستر
▫️ دورة مياه مشتركة

الدور الثاني:
▫️ غرفة خادمة بدورة مياه
▫️ غرفة غسيل / ركن غسيل
▫️ سطحين مستقلين

🚗 المميزات الإضافية:

✅ مكيفات راكبة بالكامل
✅ سخان مركزي
✅ كراج سيارة
✅ تصميم عصري وتشطيب فاخر
✅ جميع الخدمات متوفرة (مياه – كهرباء – فايبر)

🌟 عقار مناسب للعائلة بمساحات عملية وتشطيب حديث وموقع حيوي في شمال الرياض",24.960046,46.618856,https://images.aqar.fm/webp/750x0/props/016524712_1780798273474.jpg | https://images.aqar.fm/webp/750x0/props/016524715_1780798273478.jpg,2,فارس بن مسفر بن علي القرني,,,2026-06-07,2026-06-07,2026-07-22,396,2026-08-23,True,"1,900,000",False,فيلا
6637898,https://sa.aqar.fm/فلل-للبيع/الرياض/شمال-الرياض/حي-سدرة/شارع-البرهان-بن-أيوب-حي-مطار-الملك-خالد-الدولي-مدينة-الرياض-منطقة-الرياض-6637898,"فيلا للبيع في شارع البرهان بن أيوب, حي مطار الملك خالد الدولي, مدينة الرياض, منطقة الرياض",1500000,303,6,0,0,2,حي سدرة,الرياض,شمال الرياض,"للبيع تاون هاوس بحي النرجس 
ضاحية الخزام مشروع مرسية 
المساحة 230 متر 
شارع 18م شرقي
الدور الأرضي: يتكون من 
ومجلس وغرفة كبار سن ومخزن وصاله وارتداد احواش خارجيه مدخل سياره ومطبخ راكب وغرفة سائق 
الدور الاول:
 4 غرف 2 ماستر ووحدة منها ببلكونة ودورة مياة كغرفة نوم مودرن رىيسية و2 حمام مشترك و صاله للجلوس مزوده بركن للقهوة
الدور الثاني:
غرفه خادمة بدورة مياة وغرفة غسيل ملابس وغرفة ماستر وسطحين  
مطلب عليها سداد مبكر للبنك 
مبلغ 836 الف 
واللبيع مليون 500 الف شامل البنك
التواصل وتساب 05646922921",24.958119,46.629393,https://images.aqar.fm/webp/750x0/props/008986808_1775055593610.jpg | https://images.aqar.fm/webp/750x0/props/008986807_1775055593627.jpg | https://images.aqar.fm/webp/750x0/props/008986800_1775055593613.jpg | https://images.aqar.fm/webp/750x0/props/008986802_1775055593612.jpg | https://images.aqar.fm/webp/750x0/props/008986808_1775055593647.jpg | https://images.aqar.fm/webp/750x0/props/008986807_1775055593688.jpg | https://images.aqar.fm/webp/750x0/props/008986800_1775055593687.jpg | https://images.aqar.fm/webp/750x0/props/008986801_1775055593692.jpg | https://images.aqar.fm/webp/750x0/props/008986803_1775055633868.jpg | https://images.aqar.fm/webp/750x0/props/008986804_1775055633846.jpg | https://images.aqar.fm/webp/750x0/props/008986802_1775055633824.jpg | https://images.aqar.fm/webp/750x0/props/008986805_1775055633821.jpg | https://images.aqar.fm/webp/750x0/props/008986802_1775055633865.jpg | https://images.aqar.fm/webp/750x0/props/008986802_1775055633861.jpg | https://images.aqar.fm/webp/750x0/props/008986805_1775055633845.jpg | https://images.aqar.fm/webp/750x0/props/008986800_1775055633847.jpg,16,ابراهيم حسن,مكتب نظرة النجاح للخدمات العقارية,1,2026-04-01,2026-07-27,2026-08-11,3986,2026-08-23,True,"1,500,000",False,فيلا
6442000,https://sa.aqar.fm/فلل-للبيع/الرياض/شمال-الرياض/حي-سدرة/شارع-علي-الأحمر-حي-مطار-الملك-خالد-الدولي-مدينة-الرياض-منطقة-الرياض-6442000,"فيلا للبيع في شارع علي الأحمر, حي مطار الملك خالد الدولي, مدينة الرياض, منطقة الرياض",1400000,195,5,3,2,1,حي سدرة,الرياض,شمال الرياض,"السوم وصل : 1.400.000

فيلا أنيقة للبيع مشروع اشراق ليفينج – حي الخزام | الرياض
مساحة عملية ، تصميم راقٍ ، وسكن يلائم أسلوب حياة عصري


المساحة: 195 م²
تشطيب حديث ومساحات موزعة بذكاء
غرف واسعة تمنح العائلة راحة واستقلالية
موقف خاص
قُرب الخدمات الحيوية والمدارس والطرق الرئيسية

حي الخزام أحد المواقع الصاعدة في شمال الرياض، حيث تتقاطع الجودة مع المستقبل السكني الهادئ.

هذه الفيلا خيار رائع لمن يبحث عن:
• سكن عائلي بمكان راقٍ
• استثمار عقاري بدخل وقيمة مستقبلية قوية",24.964907,46.631127,https://images.aqar.fm/webp/750x0/props/018624742_1761554432427.jpg | https://images.aqar.fm/webp/750x0/props/018624742_1761554432460.jpg | https://images.aqar.fm/webp/750x0/props/018624746_1761554432482.jpg | https://images.aqar.fm/webp/750x0/props/018624740_1761554432518.jpg | https://images.aqar.fm/webp/750x0/props/018624740_1761554432509.jpg | https://images.aqar.fm/webp/750x0/props/018624743_1761554432513.jpg,6,رعد عطيه عواض الطلحي,,,2025-10-27,2026-03-12,2026-06-24,3271,2026-08-23,True,"1,400,000",False,فيلا
6733345,https://sa.aqar.fm/فلل-للبيع/الرياض/شمال-الرياض/حي-سدرة/شارع-إبراهيم-الوزان-حي-مطار-الملك-خالد-الدولي-مدينة-الرياض-منطقة-الرياض-6733345,"فيلا للبيع في شارع إبراهيم الوزان, حي مطار الملك خالد الدولي, مدينة الرياض, منطقة الرياض",1900000,200,4,0,0,1,حي سدرة,الرياض,شمال الرياض,"للبيع فيلا مميزة في ضاحية خزام

فرصة تملك في موقع هادئ ومميز

تفاصيل الفيلا:

* المساحة: 200 متر
* مدخل سيارة
* مؤثثة بالكامل
* 4 غرف نوم (جميعها ماستر)
* 2 جناح نوم فاخر
* غرفة خادمة
* مطبخ راكب
* المكيفات راكبة

مميزات إضافية:

* تصميم عصري وخصوصية عالية
* جاهزة للسكن الفوري",24.967354,46.622121,https://images.aqar.fm/webp/750x0/props/016639385_1781497219560.jpg | https://images.aqar.fm/webp/750x0/props/016639386_1781497219537.jpg | https://images.aqar.fm/webp/750x0/props/016639383_1781497219577.jpg | https://images.aqar.fm/webp/750x0/props/016639388_1781497219593.jpg | https://images.aqar.fm/webp/750x0/props/016639383_1781497219571.jpg | https://images.aqar.fm/webp/750x0/props/016639383_1781497219584.jpg | https://images.aqar.fm/webp/750x0/props/016639389_1781497219587.jpg | https://images.aqar.fm/webp/750x0/props/016639382_1781497219583.jpg | https://images.aqar.fm/webp/750x0/props/016639386_1781497249179.jpg | https://images.aqar.fm/webp/750x0/props/016639383_1781497249169.jpg | https://images.aqar.fm/webp/750x0/props/016639381_1781497249170.jpg | https://images.aqar.fm/webp/750x0/props/016639388_1781497249174.jpg | https://images.aqar.fm/webp/750x0/props/016639387_1781497249177.jpg | https://images.aqar.fm/webp/750x0/props/016639383_1781497249179.jpg | https://images.aqar.fm/webp/750x0/props/016639383_1781497249177.jpg | https://images.aqar.fm/webp/750x0/props/016639388_1781497249185.jpg | https://images.aqar.fm/webp/750x0/props/016639389_1781497279923.jpg | https://images.aqar.fm/webp/750x0/props/016639384_1781497279925.jpg | https://images.aqar.fm/webp/750x0/props/016639384_1781497279919.jpg | https://images.aqar.fm/webp/750x0/props/016639383_1781497279924.jpg | https://images.aqar.fm/webp/750x0/props/016639386_1781497279916.jpg | https://images.aqar.fm/webp/750x0/props/016639384_1781497279928.jpg | https://images.aqar.fm/webp/750x0/props/016639389_1781497279935.jpg | https://images.aqar.fm/webp/750x0/props/016639383_1781497279931.jpg | https://images.aqar.fm/webp/750x0/props/016639389_1781497313383.jpg | https://images.aqar.fm/webp/750x0/props/016639384_1781497313388.jpg | https://images.aqar.fm/webp/750x0/props/016639385_1781497313387.jpg | https://images.aqar.fm/webp/750x0/props/016639380_1781497313391.jpg | https://images.aqar.fm/webp/750x0/props/016639389_1781497313387.jpg,29,فهد الزيد,,,2026-06-15,2026-06-15,2026-07-20,480,2026-08-23,True,"1,900,000",False,فيلا
6788767,https://sa.aqar.fm/فلل-للبيع/الرياض/شمال-الرياض/حي-سدرة/شارع-ابن-الجارود-حي-مطار-الملك-خالد-الدولي-الرياض-منطقة-الرياض-6788767,فيلا للبيع في شارع ابن الجارود ، حي مطار الملك خالد الدولي ، الرياض ، منطقة الرياض,1400000,200,4,5,2,5,حي سدرة,الرياض,شمال الرياض,فيلا بديار السعد,24.969318,46.626148,,,حسن بن فتحي بن حسن عبدالفتاح,,,2026-07-24,,2026-07-24,65,2026-08-23,False,طلب تسويق,False,فيلا
6677601,https://sa.aqar.fm/فلل-للبيع/الرياض/شمال-الرياض/حي-سدرة/شارع-ابن-الجارود-حي-مطار-الملك-خالد-الدولي-مدينة-الرياض-منطقة-الرياض-6677601,"فيلا للبيع في شارع ابن الجارود, حي مطار الملك خالد الدولي, مدينة الرياض, منطقة الرياض",1400000,200,5,0,0,4,حي سدرة,الرياض,شمال الرياض,"دبلكس حي ديار السعد 
مكونه من ٤ غرف - وغرفة خادمة ومطبخ ومجلس

شارعين متظاهرين ٣٦ متر شرقي -١٨ غربي
عمر العقار ٤ سنوات

نستقبل عروضكم 
عليها رهن ٧٠٠ الف",24.969906,46.628932,https://images.aqar.fm/webp/750x0/props/047822774_1777672627116.jpg | https://images.aqar.fm/webp/750x0/props/047822774_1777672627115.jpg | https://images.aqar.fm/webp/750x0/props/047822770_1777672627125.jpg | https://images.aqar.fm/webp/750x0/props/047822773_1777672627125.jpg | https://images.aqar.fm/webp/750x0/props/047822776_1777672627125.jpg | https://images.aqar.fm/webp/750x0/props/047822770_1777672627140.jpg,6,فهد على عبدالله الضحيان,,,2026-05-01,2026-06-29,2026-08-11,632,2026-08-23,True,"1,400,000",False,فيلا
6730405,https://sa.aqar.fm/فلل-للبيع/الرياض/شمال-الرياض/حي-سدرة/حي-مطار-الملك-خالد-الدولي-مدينة-الرياض-منطقة-الرياض-6730405,"فيلا للبيع في حي مطار الملك خالد الدولي, مدينة الرياض, منطقة الرياض",1700000,250,5,5,2,0,حي سدرة,الرياض,شمال الرياض,"فيلا في حي المطار – ثبات المسكن رقم الفله 469

مساحة 250م² بتصميم مميز:

🔹 الدور الأرضي:
صالة + مجلس + مطبخ + دورتا مياه

🔹 الدور الأول:
4 غرف نوم (منها غرفتان ماستر)

🔹 الدور الثاني:
غرفتان + غرفة خادمة + غرفة ماستر + جلسة في السطح

فيلا بموقع مميز وتوزيع عملي يناسب العائلة
مؤجره حاليا يطلع المستأجر مجرد تم دفع",24.923692,46.648798,https://images.aqar.fm/webp/750x0/props/022440321_1781297871280.jpg | https://images.aqar.fm/webp/750x0/props/022440328_1781297888500.jpg | https://images.aqar.fm/webp/750x0/props/022440320_1781297888509.jpg | https://images.aqar.fm/webp/750x0/props/022440329_1781297888497.jpg | https://images.aqar.fm/webp/750x0/props/022440324_1781297888497.jpg | https://images.aqar.fm/webp/750x0/props/022440320_1781297888500.jpg | https://images.aqar.fm/webp/750x0/props/022440324_1781297888498.jpg | https://images.aqar.fm/webp/750x0/props/022440321_1781297888497.jpg | https://images.aqar.fm/webp/750x0/props/022440320_1781297909374.jpg | https://images.aqar.fm/webp/750x0/props/022440327_1781297909384.jpg | https://images.aqar.fm/webp/750x0/props/022440321_1781297909458.jpg | https://images.aqar.fm/webp/750x0/props/022440326_1781297909472.jpg | https://images.aqar.fm/webp/750x0/props/022440328_1781297909462.jpg | https://images.aqar.fm/webp/750x0/props/022440321_1781297909509.jpg | https://images.aqar.fm/webp/750x0/props/022440327_1781297909489.jpg | https://images.aqar.fm/webp/750x0/props/022440324_1781298067225.jpg | https://images.aqar.fm/webp/750x0/props/022440327_1781298067233.jpg | https://images.aqar.fm/webp/750x0/props/022440325_1781298067233.jpg | https://images.aqar.fm/webp/750x0/props/022440323_1781298067234.jpg | https://images.aqar.fm/webp/750x0/props/022440321_1781298067233.jpg | https://images.aqar.fm/webp/750x0/props/022440322_1781298067235.jpg | https://images.aqar.fm/webp/750x0/props/022440323_1781298067243.jpg | https://images.aqar.fm/webp/750x0/props/022440323_1781298067247.jpg,23,بدر عواض بن عيضه الحارثي,,0,2026-06-12,2026-08-10,2026-08-10,4342,2026-08-23,True,"1,700,000",False,فيلا
6719089,https://sa.aqar.fm/فلل-للبيع/الرياض/شمال-الرياض/حي-سدرة/شارع-حطان-بن-عوف-حي-مطار-الملك-خالد-الدولي-الرياض-منطقة-الرياض-6719089,فيلا للبيع في شارع حطان بن عوف ، حي مطار الملك خالد الدولي ، الرياض ، منطقة الرياض,1600000,195,4,5,1,3,حي سدرة,الرياض,شمال الرياض,فيلا في حي المطار,24.958344,46.621521,https://images.aqar.fm/webp/750x0/props/041172178_1780587474926.jpg | https://images.aqar.fm/webp/750x0/props/041172177_1780587474921.jpg | https://images.aqar.fm/webp/750x0/props/041172170_1780587474915.jpg | https://images.aqar.fm/webp/750x0/props/041172178_1780587474917.jpg | https://images.aqar.fm/webp/750x0/props/041172176_1780587474925.jpg | https://images.aqar.fm/webp/750x0/props/041172177_1780587474930.jpg | https://images.aqar.fm/webp/750x0/props/041172176_1780587474929.jpg | https://images.aqar.fm/webp/750x0/props/041172178_1780587474928.jpg,8,محمد بن ابراهيم بن احمد آل امحضارمه,,,2026-06-04,,2026-06-04,39,2026-08-23,False,طلب تسويق,False,فيلا
6778096,https://sa.aqar.fm/فلل-للبيع/الرياض/شمال-الرياض/حي-سدرة/شارع-البرهان-بن-أيوب-حي-مطار-الملك-خالد-الدولي-مدينة-الرياض-منطقة-الرياض-6778096,"فيلا للبيع في شارع البرهان بن أيوب, حي مطار الملك خالد الدولي, مدينة الرياض, منطقة الرياض",1300000,303,4,1,0,0,حي سدرة,الرياض,شمال الرياض,"للبيع فيلا - حي المطار بالرياض

- المساحة: 303.15 م
- الواجهة: شرقية
- عرض الشارع: 18م
- عمر العقار: 2 سنوات

🔷🔹 مواصفات الفيلا 🔹🔷
 
🔸 الدور الأرضي:
- مدخل سيارة
- حوش
- مجلس
- صالة
- غرفة نوم
- مطبخ 
- 2 دورة مياه

🔸 الدور الأول:
- 2 غرف نوم ماستر
إحداها بشرفة ومنطقة ملابس
- 2 غرف نوم بدورة مياه مشتركة
- صالة عائلية

 🔸 الدور الثاني:
- غرفة ماستر
- غرفة خادمة بدورة مياه
- منطقة غسيل 
- سطحين


🔷 تفاصيل أكثر: 🔷
- مخطط مرسية
- منطقة هادئة ومكتملة
- قريبة من خدمات الحي والحديقة
- قريبة من المسجد 270م
- عليها رهن بـ 850.000 ريال
- مؤجرة 50.000 ريال سنوي




 سعر البيع: 1.300.000 ريال


(( مباشر مع المالك ))
ترخيص الإعلان: 7100301383

---

للتواصل : إبراهيم العودة

💬  واتـسـاب || تيـلجـرام

📞 ـ ((الرقم يظهر عند الضغط على اتصال))
👤 ـ linktr.ee/isoaqar",24.958043,46.629462,https://images.aqar.fm/webp/750x0/props/045331261_1784290450640.jpg | https://images.aqar.fm/webp/750x0/props/045331265_1784290450529.jpg | https://images.aqar.fm/webp/750x0/props/045331265_1784290450670.jpg | https://images.aqar.fm/webp/750x0/props/045331268_1784290450743.jpg | https://images.aqar.fm/webp/750x0/props/045331267_1784290450925.jpg | https://images.aqar.fm/webp/750x0/props/045331261_1784290450922.jpg | https://images.aqar.fm/webp/750x0/props/045331265_1784290450959.jpg | https://images.aqar.fm/webp/750x0/props/045331269_1784290450951.jpg | https://images.aqar.fm/webp/750x0/props/045331261_1784290451231.jpg | https://images.aqar.fm/webp/750x0/props/045331266_1784290451237.jpg | https://images.aqar.fm/webp/750x0/props/045331268_1784290451246.jpg | https://images.aqar.fm/webp/750x0/props/045331263_1784290451244.jpg | https://images.aqar.fm/webp/750x0/props/045331263_1784296904190.jpg,13,ابراهيم العوده,,,2026-07-17,2026-08-15,2026-08-15,367,2026-08-23,True,"1,300,000",False,فيلا
6782748,https://sa.aqar.fm/فلل-للبيع/الرياض/شمال-الرياض/حي-سدرة/شارع-عبدالرحمن-العمادي-حي-مطار-الملك-خالد-الدولي-مدينة-الرياض-منطقة-الرياض-6782748,"فيلا للبيع في شارع عبدالرحمن العمادي, حي مطار الملك خالد الدولي, مدينة الرياض, منطقة الرياض",2800000,400,,5,3,0,حي سدرة,الرياض,شمال الرياض,"✨شركة وسم الطموح العقارية ✨
فله مميزة مستقله للبيع 
مساحة الارض 400 
حوش امامي وخلفي وعلى الجنبين 
موقف سياره مع مضله فالحوش 
مراقف خارجيه 
 الدور الارضي 
مجلس + مقلط صاله كبيره مع المطبخ 
دورتين مياه 
الدور الاول 
4 غرف نوم  
غرفتين ماستر 
وغرفتين حمام مشترك 
الدور الثاني 
غرفه خادمه + دورة مياه + غرفة غسيل 
مع السطح 
كهرب مويه صرف صحي فايبر كلها موجوده 
بجانب المدخل الشمالي للحي 
وبالقرب من حديقه الحي 300 م 
عليها بنك 900 الف تقريباً",24.966275,46.62657,https://images.aqar.fm/webp/750x0/props/008770669_1784567222300.jpg | https://images.aqar.fm/webp/750x0/props/008770660_1784567222299.jpg | https://images.aqar.fm/webp/750x0/props/008770664_1784567222298.jpg | https://images.aqar.fm/webp/750x0/props/008770661_1784567238982.jpg | https://images.aqar.fm/webp/750x0/props/008770668_1784567238970.jpg | https://images.aqar.fm/webp/750x0/props/008770669_1784567238964.jpg | https://images.aqar.fm/webp/750x0/props/008770668_1784567238961.jpg | https://images.aqar.fm/webp/750x0/props/008770663_1784567238976.jpg | https://images.aqar.fm/webp/750x0/props/008770663_1784567238968.jpg | https://images.aqar.fm/webp/750x0/props/008770666_1784567238975.jpg | https://images.aqar.fm/webp/750x0/props/008770666_1784567238972.jpg | https://images.aqar.fm/webp/750x0/props/008770669_1784567263643.jpg | https://images.aqar.fm/webp/750x0/props/008770667_1784567263643.jpg | https://images.aqar.fm/webp/750x0/props/008770667_1784567263661.jpg | https://images.aqar.fm/webp/750x0/props/008770666_1784567263633.jpg | https://images.aqar.fm/webp/750x0/props/008770667_1784567263630.jpg | https://images.aqar.fm/webp/750x0/props/008770664_1784567263633.jpg | https://images.aqar.fm/webp/750x0/props/008770668_1784567263642.jpg | https://images.aqar.fm/webp/750x0/props/008770667_1784567263652.jpg,19,مبارك الدوسري,شركة وسم الطموح العقارية,1,2026-07-20,2026-08-19,2026-08-21,1240,2026-08-23,True,"2,800,000",False,فيلا
6445506,https://sa.aqar.fm/فلل-للبيع/الرياض/شمال-الرياض/حي-سدرة/شارع-علي-بن-عمر-الحمامي-حي-مطار-الملك-خالد-الدولي-مدينة-الرياض-منطقة-الرياض-6445506,"فيلا للبيع في شارع علي بن عمر الحمامي, حي مطار الملك خالد الدولي, مدينة الرياض, منطقة الرياض",1500000,250,3,6,3,0,حي سدرة,الرياض,شمال الرياض,"🏡 فيلا دوبلكس جديدة للبيع – شمال الرياض (حي مطار الملك خالد – مشروع إشراق ليفينج)

✨ المواصفات:

المساحة:250م²

مسطحات البناء: 300 م²

عمر العقار: أقل من سنة

الواجهة: غربية 

🏠 تفاصيل الفيلا:
الدور الأرضي:
مجلس رجال + غرفة طعام + صالة عائلية + مستودع + دورتا مياه

الدور الأول:
4 غرف نوم (منها غرفتان ماستر) + دورة مياه مشتركة

الدور الثاني:
غرفة خادمة بدورة مياه + ركن غسيل + سطحين منفصلين

كراج سيارة



📍 الموقع: شمال الرياض – مشروع إشراق ليفينج – حي مطار الملك خالد

📞 للتواصل والمعاينة: 920022709",24.96188,46.623836,https://images.aqar.fm/webp/750x0/props/001582964_1761747265643.jpg | https://images.aqar.fm/webp/750x0/props/001582967_1761747265635.jpg | https://images.aqar.fm/webp/750x0/props/001582967_1761747265645.jpg | https://images.aqar.fm/webp/750x0/props/001582969_1761747265651.jpg | https://images.aqar.fm/webp/750x0/props/001582961_1761747265666.jpg | https://images.aqar.fm/webp/750x0/props/001582967_1761747265655.jpg | https://images.aqar.fm/webp/750x0/props/001582965_1761747265654.jpg | https://images.aqar.fm/webp/750x0/props/001582966_1761747265640.jpg | https://images.aqar.fm/webp/750x0/props/001582966_1761747308635.jpg | https://images.aqar.fm/webp/750x0/props/001582961_1761747308643.jpg,10,عبدالعزيز بن يوسف,شركة اتحاد فيئ للعقارات,1,2025-10-29,2025-10-29,2026-08-23,3736,2026-08-23,True,"1,500,000",False,فيلا
6723803,https://sa.aqar.fm/فلل-للبيع/الرياض/شمال-الرياض/حي-سدرة/شارع-احمد-بن-الرفعة-حي-مطار-الملك-خالد-الدولي-مدينة-الرياض-منطقة-الرياض-6723803,"فيلا للبيع في شارع احمد بن الرفعة, حي مطار الملك خالد الدولي, مدينة الرياض, منطقة الرياض",1350000,200,6,0,0,1,حي سدرة,الرياض,شمال الرياض,"فلا بضاحية خزام 
مشروع ديار السعد 
مساحة الارض 200 م 
مسطح البناء 271 م  
  

الدور الأرضي
حوش امامي مدخل سيارة 
مجلس رجال بدورة مياه 
مقلط  
صاله ضيافة بدورة مياة 
 مستودع
  حديقة خلفية 

الدور الأول يتكون من : 
غرفتين نوم ماستر 
غرفتين نوم بدورة مياه مشتركة 

الدور الثاني يتكون من : 
غرفة خادمة بدورة مياه
غرفة غسيل
سطحين


السوم 1,350,000 
البيع قريب 

جميع الضمانات موجوده

شركة طريق الاسكان توفر عروض 
حصرية تناسب الجميع 

للتواصل / عبدالله القحطاني
0559272978",24.970218,46.626932,https://images.aqar.fm/webp/750x0/props/051102589_1780912673336.jpg | https://images.aqar.fm/webp/750x0/props/051102586_1780912673297.jpg | https://images.aqar.fm/webp/750x0/props/051102585_1780912673299.jpg | https://images.aqar.fm/webp/750x0/props/051102587_1780912673218.jpg | https://images.aqar.fm/webp/750x0/props/051102583_1780912673227.jpg | https://images.aqar.fm/webp/750x0/props/051102588_1780912673299.jpg | https://images.aqar.fm/webp/750x0/props/051102585_1780912673300.jpg | https://images.aqar.fm/webp/750x0/props/051102580_1780912673294.jpg | https://images.aqar.fm/webp/750x0/props/051102584_1780912681409.jpg | https://images.aqar.fm/webp/750x0/props/051102586_1780912681410.jpg | https://images.aqar.fm/webp/750x0/props/051102586_1780912681457.jpg | https://images.aqar.fm/webp/750x0/props/051102580_1780912681353.jpg,12,احمد علي سليمان ودعاني,شركة مكتب طريق الاسكان للعقارات,1,2026-06-08,2026-06-08,2026-08-16,780,2026-08-23,True,"1,350,000",False,فيلا
6646337,https://sa.aqar.fm/فلل-للبيع/الرياض/شمال-الرياض/حي-سدرة/شارع-جعفر-المروزي-حي-مطار-الملك-خالد-الدولي-مدينة-الرياض-منطقة-الرياض-6646337,"فيلا للبيع في شارع جعفر المروزي, حي مطار الملك خالد الدولي, مدينة الرياض, منطقة الرياض",1400000,230,4,5,2,1,حي سدرة,الرياض,شمال الرياض,"للبيع فيلا سكنية فاخرة – حي المطار (ضاحية خزام) – مشروع مرسية
المساحة //235
فيلا دبلكس 
العمر سنه
✨ فرصة ذهبية لامتلاك فيلا جديدة في موقع استراتيجي ومميز، مناسبة للسكن أو الاستثمار.

📍 الموقع:

	•	نافذة على طريق الأمير فيصل بن بندر.
	•	تبعد 10 دقائق عن طريق الملك سلمان.
	•	قريبة جدًا من مطار الملك خالد، موقع إكسبو، وحديقة الملك سلمان.


🏠 مواصفات الفيلا:

	•	العمر: 5 أشهر فقط – بناء حديث وفاخر.
	•	الواجهة: جنوبية شرقية (من أفضل الواجهات).
	•	شارع عرض 18 م.
	•	ارتداد أمامي ومدخل سيارة + حديقة داخلية جميلة.
	•	سطحان واسعتان.
	•	مجلس وصالة كبيرة بإطلالة بانورامية على الحديقة.
	•	مطبخ مغلق مع نافذة كبيرة على الحديقة.
	•	مخزن بالدور الأرضي.
	•	الدور الأول: 3 غرف نوم، 2 حمام، صالة كبيرة، وخدمة (سيرفس).
	•	غرفة عاملة مع حمام ومطبخ صغير.
	•	مدخل رئيسي ومدخل جانبي من وسط الحديقة.
	•	جراج وحديقة أمامية صغيرة.
البيع كاش 
مليون 400الف
يقبل البنك 

الصك موجود وطالع صك عيني
للجادين فقط
مباشر مع المالك
السوم مليون ٣٠٠الف",24.956728,46.629559,https://images.aqar.fm/webp/750x0/props/013668652_1784371457160.jpg,1,بشرى عبدالكريم,مؤسسة بيت الحكمة للخدمات العقارية,1,2026-04-08,2026-06-14,2026-08-23,6538,2026-08-23,True,"1,400,000",False,فيلا
6837121,https://sa.aqar.fm/فلل-للبيع/الرياض/شمال-الرياض/حي-سدرة/شارع-أبي-بكر-الظفري-حي-مطار-الملك-خالد-الدولي-مدينة-الرياض-منطقة-الرياض-6837121,"فيلا للبيع في شارع أبي بكر الظفري, حي مطار الملك خالد الدولي, مدينة الرياض, منطقة الرياض",1500000,250,6,5,2,0,حي سدرة,الرياض,شمال الرياض,"🏡 فيلا للبيع
الموقع: الرياض – حي مطار الملك خالد
المساحة: 250.14 م²
شارع: 18
الدور الأرضي: مجلس رجال + مقلط نساء + دورتين مياه + مطبخ خارجي + مستودع

الدور العلوي: 4 غرف نوم + 3 دورات مياه

السطح: غرفة نوم + مستودع + دورة مياه
💰
السوم مليون 550 الف ريال",24.961772,46.625971,https://images.aqar.fm/webp/750x0/props/006313076_1787494492934.jpg | https://images.aqar.fm/webp/750x0/props/006313073_1787494492937.jpg | https://images.aqar.fm/webp/750x0/props/006313075_1787494492923.jpg | https://images.aqar.fm/webp/750x0/props/006313074_1787494492918.jpg | https://images.aqar.fm/webp/750x0/props/006313077_1787494492912.jpg | https://images.aqar.fm/webp/750x0/props/006313077_1787494492923.jpg,6,عاصم عبدالله,مكتب سواعد الامتياز للعقارات,1,2026-08-23,2026-08-23,2026-08-23,36,2026-08-24,True,"1,500,000",False,فيلا
6713182,https://sa.aqar.fm/فلل-للبيع/الرياض/شمال-الرياض/حي-سدرة/شارع-خالد-بن-لؤي-حي-مطار-الملك-خالد-الدولي-الرياض-منطقة-الرياض-6713182,فيلا للبيع في شارع خالد بن لؤي ، حي مطار الملك خالد الدولي ، الرياض ، منطقة الرياض,2000000,275,5,5,1,1,حي سدرة,الرياض,شمال الرياض,"دوبلكس في اشراق ليفينق 3 ادوار مساحة 275م ومسطح 306م 

الدور الارضي 
مجلس ومقلط وصاله ومطبخ ودورتين مياة ومخزن 
وحوش امامي وحوش خلفي وكراج سيارة 

الدور الاول  4 غرف نوم منها غرفتين ماستر وغرفتين بينها دورة مياة مشتركة 

الدور الثاني غرفة خادمة وغرفة غسيل ودورة مياه وسطحين

نموذج اصيل حسب صورة المخطط المرفقة
البيت حر وجاهز تماما ، ومن المالك مباشرة

شارع شرقي 18م ومقابلها مواقف
وممر نافذ لحديقة الحي",24.963885,46.626809,https://images.aqar.fm/webp/750x0/props/000525668_1784975503737.jpg | https://images.aqar.fm/webp/750x0/props/000525667_1780165448297.jpg | https://images.aqar.fm/webp/750x0/props/000525669_1780170193427.jpg | https://images.aqar.fm/webp/750x0/props/000525666_1780170369959.jpg | https://images.aqar.fm/webp/750x0/props/000525668_1780170658613.jpg | https://images.aqar.fm/webp/750x0/props/000525661_1780170672400.jpg | https://images.aqar.fm/webp/750x0/props/000525663_1780170701232.jpg,7,تركي بن مجول بن الاملح العنزي,,,2026-05-30,,2026-07-25,40,2026-08-24,False,طلب تسويق,False,فيلا
