listing_id,url,title,price,area_sqm,rooms,bathrooms,livings,age_years,district,city,direction,description,latitude,longitude,images,images_count,advertiser_name,advertiser_company,advertiser_type,created_at,published_at,last_update,views,date_scraped,published,price_text,price_was_missing,property_type
6692129,https://sa.aqar.fm/فلل-للبيع/الرياض/شرق-الرياض/حي-قرطبة/شارع-نهر-النعامين-حي-قرطبة-مدينة-الرياض-منطقة-الرياض-6692129,"فيلا للبيع في شارع نهر النعامين, حي قرطبة, مدينة الرياض, منطقة الرياض",3650000,432,5,7,2,11,حي قرطبة,الرياض,شرق الرياض,"للبيع فيلا بحي قرطبة

العمر : 11سنوات
 واجهة شمالية
 شارع 15 م
العمر 11 سنوات
مصعد راكب
مكونه من 4 أدوار


تقع بالقرب من :
طريق الأمير محمد بن سلمان
طريق الشيخ حسن بن حسين
طريق الثمامة
طريق الدمام
طريق سعيد بن زيد


مواصفات الفيــلا :

الدور الأرضي :

 مجلس رجال وصالتين مفتوحة على بعض مرفق معها مدفأة كهربائية ودورتان مياه
بالإضافة إلى مطبخ خارجي مغطى مع غرفة عاملة ومكان غسيل ملابس

الدور الأول :
جناح ماستر دورين بارتفاع ٦ متر مرفق معه كاونتر وجاكوزي ودورة مياة ودرج داخلي
والدور الثاني يحتوي على غرفة خزانة ملابس خاصة مع جلسة خارجية صغيرة
٣ غرف نوم مع دورة مياة خاصة بكل غرفة وخزانات ملابس

الدور الثاني (السطح) :
غرفة مع دورة مياه خاصة

مميزات اضافية :
مصعد
سخان مركزي
خزان غاز مدفون
مدخل سيارة خاص
غرفة سائق
مكيفات فوجي مخفية وسبليت


السعـــر : على السوم

بإمكانك تسجيل الاهتمام من خلال التواصل مع قسم المبيعات :

- الرقم الموحد: 920007218 

- عبدالعزيز : 0538522066
- محمد : 0538522055",24.827387,46.744263,https://images.aqar.fm/webp/750x0/props/036665407_1778507720388.jpg | https://images.aqar.fm/webp/750x0/props/036665405_1778507720207.jpg | https://images.aqar.fm/webp/750x0/props/036665405_1778507720208.jpg | https://images.aqar.fm/webp/750x0/props/036665400_1778507720210.jpg | https://images.aqar.fm/webp/750x0/props/036665408_1778507720207.jpg | https://images.aqar.fm/webp/750x0/props/036665401_1778507720193.jpg | https://images.aqar.fm/webp/750x0/props/036665404_1778507720204.jpg | https://images.aqar.fm/webp/750x0/props/036665402_1778507720340.jpg | https://images.aqar.fm/webp/750x0/props/036665407_1778507720208.jpg | https://images.aqar.fm/webp/750x0/props/036665409_1778507720224.jpg | https://images.aqar.fm/webp/750x0/props/036665403_1778507720431.jpg | https://images.aqar.fm/webp/750x0/props/036665404_1778507720222.jpg | https://images.aqar.fm/webp/750x0/props/036665402_1778507720434.jpg,13,عبدالعزيز ابراهيم صالح الهلالي,شركة ديم العقارية,1,2026-05-11,2026-08-06,2026-08-10,1305,2026-08-23,True,"3,650,000",False,فيلا
6800237,https://sa.aqar.fm/فلل-للبيع/الرياض/شرق-الرياض/حي-قرطبة/شارع-نهر-النعامين-حي-قرطبة-مدينة-الرياض-منطقة-الرياض-6800237,"فيلا للبيع في شارع نهر النعامين, حي قرطبة, مدينة الرياض, منطقة الرياض",3400000,432,5,5,,10,حي قرطبة,الرياض,شرق الرياض,"فيلا للبيع مساحة ٤٣٢ م٢
حي قرطبة واجهة الشمالية شارع ١٥ م

الطرق الرئيسية القريبة من الفيلا
طريق الأمير محمد بن سلمان
طريق الشيخ حسن بن حسين
طريق الثمامة
طريق الدمام
طريق سعيد بن زيد

الفيلا ٤ أدوار
دور القبو مساحته ١٨٢م٢ مع حديقة ونافورة مؤسسة

الدور الأرضي : مجلس رجال وصالتين مفتوحة على بعض مرفق معها مدفأة كهربائية ومصعد ودورتان مياه
بالإضافة إلى مطبخ خارجي مغطى مع غرفة عاملة ومكان غسيل ملابس

الدور الأول
جناح ماستر دورين بارتفاع ٦ متر مرفق معه كاونتر وجاكوزي ودورة مياة ودرج داخلي
والدور الثاني يحتوي على غرفة خزانة ملابس خاصة مع جلسة خارجية صغيرة
٣ غرف نوم مع دورة مياة خاصة بكل غرفة وخزانات ملابس

الدور الثاني (السطح) :
غرفة مع دورة مياه خاصة

مميزات أخرى :
سخان مركزي
خزان غاز مدفون
مدخل سيارة خاص
غرفة سائق
مكيفات فوجي مخفية وسبليت",24.82738,46.744261,https://images.aqar.fm/webp/750x0/props/050435306_1785595908646.jpg | https://images.aqar.fm/webp/750x0/props/050435300_1785595908648.jpg | https://images.aqar.fm/webp/750x0/props/050435309_1785595908646.jpg | https://images.aqar.fm/webp/750x0/props/050435307_1785595908694.jpg | https://images.aqar.fm/webp/750x0/props/050435304_1785595908648.jpg | https://images.aqar.fm/webp/750x0/props/050435303_1785595908646.jpg | https://images.aqar.fm/webp/750x0/props/050435300_1785595908819.jpg | https://images.aqar.fm/webp/750x0/props/050435305_1785595908659.jpg | https://images.aqar.fm/webp/750x0/props/050435304_1785595908645.jpg | https://images.aqar.fm/webp/750x0/props/050435308_1785595908650.jpg | https://images.aqar.fm/webp/750x0/props/050435305_1785595908647.jpg | https://images.aqar.fm/webp/750x0/props/050435305_1785595908648.jpg | https://images.aqar.fm/webp/750x0/props/050435307_1785595908654.jpg | https://images.aqar.fm/webp/750x0/props/050435304_1785595908652.jpg | https://images.aqar.fm/webp/750x0/props/050435303_1785595908656.jpg | https://images.aqar.fm/webp/750x0/props/050435302_1785595908644.jpg | https://images.aqar.fm/webp/750x0/props/050435303_1785595908649.jpg | https://images.aqar.fm/webp/750x0/props/050435309_1785595908646.jpg | https://images.aqar.fm/webp/750x0/props/050435308_1785595908646.jpg,19,البندري احمد,شركة ثقة الاعمال المتطورة,1,2026-08-01,2026-08-01,2026-08-22,226,2026-08-23,True,"3,400,000",False,فيلا
6662725,https://sa.aqar.fm/فلل-للبيع/الرياض/شرق-الرياض/حي-قرطبة/شارع-الصالحي-حي-قرطبة-مدينة-الرياض-منطقة-الرياض-6662725,"فيلا للبيع في شارع الصالحي, حي قرطبة, مدينة الرياض, منطقة الرياض",3150000,300,4,3,2,11,حي قرطبة,الرياض,شرق الرياض,"للبيع فيلا بحي قرطبة 
درج دخلي 
المساحة ٣٠٠ م
عمر العقار ١٦ سنه
سيب يدور مدخل سياره
الدور الاول 
مجلس وغرفة طعام ومطبخ 
وصالة ودرج وسط الصاله
غرفه دوره مياه ٢
الدور الثاني :
٣ غرف ماستر و ٢ ببلكونه 
وغرفه عاديه حمام خارجي 
صاله وكونر خدمة
الدور الثالث :
غرفة خادمه مستودع 
٢ دوره مياه صاله سطح
البيع ٢ مليون و ٨٠٠ الف
فيلا حره",24.812265,46.73673,https://images.aqar.fm/webp/750x0/props/044278167_1779434009364.jpg | https://images.aqar.fm/webp/750x0/props/044278163_1779434009534.jpg | https://images.aqar.fm/webp/750x0/props/044278167_1779434009720.jpg | https://images.aqar.fm/webp/750x0/props/044278169_1779434009893.jpg | https://images.aqar.fm/webp/750x0/props/044278165_1779434010077.jpg | https://images.aqar.fm/webp/750x0/props/044278168_1779434010259.jpg | https://images.aqar.fm/webp/750x0/props/044278162_1779434010445.jpg | https://images.aqar.fm/webp/750x0/props/044278168_1779434010661.jpg | https://images.aqar.fm/webp/750x0/props/044278163_1779434010858.jpg | https://images.aqar.fm/webp/750x0/props/044278163_1779434011084.jpg | https://images.aqar.fm/webp/750x0/props/044278166_1779434011332.jpg,11,مشاري بن نعيم بن وصل الحنيني,مؤسسة مكتب دانة الملقا للخدمات العقارية,1,2026-04-20,2026-08-15,2026-08-22,1457,2026-08-23,True,"3,150,000",False,فيلا
6818531,https://sa.aqar.fm/فلل-للبيع/الرياض/شرق-الرياض/حي-قرطبة/شارع-الصقره-حي-قرطبة-مدينة-الرياض-منطقة-الرياض-6818531,"فيلا للبيع في شارع الصقره, حي قرطبة, مدينة الرياض, منطقة الرياض",1800000,237,3,,,0,حي قرطبة,الرياض,شرق الرياض,"اكتشف فرصة استثنائية لامتلاك فيلا في حي قرطبة المرغوب بالرياض. هذه الملكية مثالية لأولئك الذين يبحثون عن أسلوب حياة هادئ مع وصول مريح إلى مرافق المدينة. **ميزات الملكية:** - **النوع:** فيلا - **السعر:** 1,800,000 ريال سعودي - **الغرض:** للبيع - **الموقع:** قرطبة، الرياض - **حجم الأرض:** غير محدد - **الغرف:** 0 (يعتبر كاستوديو) - **الحمامات:** 0 - **حالة التأثيث:** غير مؤثثة **المرافق المتاحة:** - الكهرباء - إمدادات المياه - الصرف الصحي تقدم هذه الفيلا لوحة فارغة لك لتخصيصها وجعلها خاصة بك. يسمح وضعها غير المؤثث بأقصى قدر من المرونة في التصميم والتخطيط. يُعرف حي قرطبة ببيئته الهادئة ومجتمعه المناسب للعائلات، مما يجعله مكانًا مثاليًا للاستقرار. مع وجود المرافق الأساسية في متناول اليد، بما في ذلك المدارس والحدائق ومناطق التسوق، ستجد كل ما تحتاجه على بعد مسافة قصيرة. استفد من هذه الفرصة الرائعة للاستثمار في ملكية توفر أساسًا لإنشاء منزلك الحلم. لا تفوت هذه العروض الاستثنائية. اتصل بنا اليوم لتحديد موعد لمشاهدة واستكشاف إمكانيات هذه الفيلا في قرطبة، الرياض.",24.813575,46.739915,,,محمد منصور ناصر,مكتب رواد الملقا للخدمات العقارية,1,2026-08-12,2026-08-12,2026-08-12,313,2026-08-23,True,"1,800,000",False,فيلا
6821121,https://sa.aqar.fm/فلل-للبيع/الرياض/شرق-الرياض/حي-قرطبة/شارع-رفاع-حي-قرطبة-مدينة-الرياض-منطقة-الرياض-6821121,"فيلا للبيع في شارع رفاع, حي قرطبة, مدينة الرياض, منطقة الرياض",3900000,312,6,,,0,حي قرطبة,الرياض,شرق الرياض,"للبيع فيلا مميزة - حي قرطبة
🔹 المساحة: 414 م²
🔹 شارع: 15م جنوبي
حره تقبل بنك 
عمرها 10 سنوات 
🔹 المواصفات:
- القبو:
    - صالة كبيرة + بوفيه + دورة مياه
    - ملحق زجاجي (مشب + إطلالة على المسبح)
    - درج خارجي وداخلي
- الدور الأرضي:
    - مجلس رجال + مغاسل + دورة مياه
    - مقلط
    - صالة كبيرة + مغاسل + دورة مياه
    - مجلس نساء
    - مطبخ داخلي + مطبخ خارجي
    - غرفة سائق خارجية
- الدور الأول:
    - 4 غرف نوم ماستر
    - غرفة بحمام
- الدور الثاني (السطح):
    - غرفة خادمة
    - غرفة غسيل
    - حمام
- البيع يشمل: المطابخ + المكيفات
🔹 تشطيب راق وموقع مميز
🔹 السوم 3 مليون 700
 البيع قريب إن شاء الله 
🔹 مباشر مع ابن المالك
الفيلا ساكنه يلزم موعد 
https://maps.app.goo.gl/KZnky9ydXb4oQQDh9",24.807214,46.745372,https://images.aqar.fm/webp/750x0/props/020546196_1786645378063.jpg,1,أمل بنت صالح بن فهد المحيجين,شركة مساكن وصلة العقارية,1,2026-08-13,2026-08-13,2026-08-23,63,2026-08-23,True,"3,900,000",False,فيلا
6550214,https://sa.aqar.fm/فلل-للبيع/الرياض/شرق-الرياض/حي-قرطبة/شارع-الصيادة-حي-قرطبة-مدينة-الرياض-منطقة-الرياض-6550214,"فيلا للبيع في شارع الصيادة, حي قرطبة, مدينة الرياض, منطقة الرياض",4200000,399,5,5,2,10,حي قرطبة,الرياض,شرق الرياض,"للبيع فيلا درج صالة – حي قرطبة

📐 المساحة: 399 م²
📍 الموقع: زاوية شرقي شمالي
🛣 الشوارع: 15 م
🏗 عمر العقار: 10 سنوات

مواصفات الفيلا:

🔹 الدور الأرضي:
	•	مجلس رجال
	•	مقلط
	•	صالة
	•	مجلس نساء
	•	مطبخ
	•	مستودع
	•	دورات مياه
	•	حوش
	•	مدخل سيارة
	•	غرفة سائق

🔹 الدور الأول:
	•	4 غرف نوم
	•	غرفتان ماستر
	•	صالة

🔹 الدور الثاني (السطح):
	•	غرفة خادمة
	•	غرفة غسيل
	•	جلسة قرميد في السطح

💰 الرهن العقاري: 621,000 ريال
💵 سعر البيع: 4,200,000 ريال
🤝 قابل للتفاوض

📞 للتواصل:
شركة رؤيتك العقارية
((رقم المعلن يظهر عند التواصل))
((رقم المعلن يظهر عند التواصل))",24.80834,46.739059,https://images.aqar.fm/webp/750x0/props/043170051_1768668515122.jpg | https://images.aqar.fm/webp/750x0/props/043170055_1768668522065.jpg | https://images.aqar.fm/webp/750x0/props/043170051_1768668522114.jpg | https://images.aqar.fm/webp/750x0/props/043170059_1768668522103.jpg | https://images.aqar.fm/webp/750x0/props/043170052_1768668522070.jpg | https://images.aqar.fm/webp/750x0/props/043170052_1768668522107.jpg,6,فاطمه القحطاني,مؤسسة مكتب رؤيتك للعقارات,1,2026-01-17,2026-01-17,2026-08-23,299,2026-08-23,True,"4,200,000",False,فيلا
6588703,https://sa.aqar.fm/فلل-للبيع/الرياض/شرق-الرياض/حي-قرطبة/شارع-الصالحي-حي-قرطبة-مدينة-الرياض-منطقة-الرياض-6588703,"فيلا للبيع في شارع الصالحي, حي قرطبة, مدينة الرياض, منطقة الرياض",4100000,414,6,5,2,10,حي قرطبة,الرياض,شرق الرياض,"للبيع فيلا مميزة – حي قرطبة
مساحة 414م² – شارع 15م جنوبي
السوم ٣٧٠٠٠٠٠ ريال

القبو:
صالة كبيرة بكاونتر بوفيه و دورة مياه مع مغاسلها + مخزن + ملحق زجاجي في القبو بمشب و اطلالة على المسبح + درج خارجي و داخلي للقبو 

الدور الارضي:
 مجلس رجال و مغاسل و دورة مياه + مقلط + صالة كبيرة مع مغاسل و دورة مياه + مجلس نساء + مطبخ داخلي مفتوح على الصالة + مطبخ خارجي + غرفة سائق خارجية 

الدور الاول :
4 غرف نوم (ماستر + غرفة بحمام + غرفتين)

الدور الثاني (السطح):
غرفة خادمة و غرفة غسيل و حمام 

البيع يشمل المطابخ و المكيفات 

تشطيب راقٍ وموقع مميز",24.812757,46.737009,https://images.aqar.fm/webp/750x0/props/001564188_1770982776732.jpg | https://images.aqar.fm/webp/750x0/props/001564187_1770982910418.jpg | https://images.aqar.fm/webp/750x0/props/001564184_1770982944078.jpg | https://images.aqar.fm/webp/750x0/props/001564187_1770982944104.jpg | https://images.aqar.fm/webp/750x0/props/001564188_1770982944108.jpg | https://images.aqar.fm/webp/750x0/props/001564184_1770982944119.jpg | https://images.aqar.fm/webp/750x0/props/001564186_1770982944115.jpg | https://images.aqar.fm/webp/750x0/props/001564187_1770982944117.jpg | https://images.aqar.fm/webp/750x0/props/001564184_1770982944113.jpg | https://images.aqar.fm/webp/750x0/props/001564180_1770982944100.jpg,10,سعود عبدالعزيز محمد الاحيدب,,,2026-02-13,2026-08-06,2026-08-06,1000,2026-08-23,True,"4,100,000",False,فيلا
6394479,https://sa.aqar.fm/فلل-للبيع/الرياض/شرق-الرياض/حي-قرطبة/شارع-جبل-الريث-حي-قرطبة-مدينة-الرياض-منطقة-الرياض-6394479,"فيلا للبيع في شارع جبل الريث, حي قرطبة, مدينة الرياض, منطقة الرياض",3550000,357,6,,,0,حي قرطبة,الرياض,شرق الرياض,"للبيــــــــع فيلا دوبلكس زاويه درج صاله 
بحي قرطبه من أفضل المواقع 
المساحه ٢٤٠م 
شارع ٢٠م شمالي وشرقي ١٠م 
الدور الأرضي استقبال كامل 
والدور الأول ٤ غرف نوم وصاله 
والسطح غرفتين نوم وصاله وسطح 
البيع ٣ مليون و٥٥٠ ألف بإذن الله وفق الله الجميع",24.827395,46.733656,https://images.aqar.fm/webp/750x0/props/042588845_1758576362077.jpg | https://images.aqar.fm/webp/750x0/props/042588847_1758576361308.jpg | https://images.aqar.fm/webp/750x0/props/042588845_1758576361675.jpg | https://images.aqar.fm/webp/750x0/props/042588845_1758576361833.jpg | https://images.aqar.fm/webp/750x0/props/042588840_1758576361831.jpg | https://images.aqar.fm/webp/750x0/props/042588849_1758576361922.jpg | https://images.aqar.fm/webp/750x0/props/042588848_1758576361987.jpg | https://images.aqar.fm/webp/750x0/props/042588844_1758576362020.jpg | https://images.aqar.fm/webp/750x0/props/042588849_1758576362194.jpg | https://images.aqar.fm/webp/750x0/props/042588848_1758576362195.jpg | https://images.aqar.fm/webp/750x0/props/042588842_1758576362264.jpg | https://images.aqar.fm/webp/750x0/props/042588840_1758576362367.jpg | https://images.aqar.fm/webp/750x0/props/042588846_1758576362354.jpg | https://images.aqar.fm/webp/750x0/props/042588846_1758576362498.jpg | https://images.aqar.fm/webp/750x0/props/042588845_1758576362490.jpg | https://images.aqar.fm/webp/750x0/props/042588849_1758576362577.jpg | https://images.aqar.fm/webp/750x0/props/042588846_1758576362614.jpg,17,احمد بن سليمان بن محمد الصانع,شركة واحة التعمير العقاري شركة شخص واحد,1,2025-09-22,2026-08-03,2026-08-22,2219,2026-08-23,True,"3,550,000",False,فيلا
6573221,https://sa.aqar.fm/فلل-للبيع/الرياض/شرق-الرياض/حي-قرطبة/شارع-الصيادة-حي-قرطبة-مدينة-الرياض-منطقة-الرياض-6573221,"فيلا للبيع في شارع الصيادة, حي قرطبة, مدينة الرياض, منطقة الرياض",4700000,399,5,5,2,10,حي قرطبة,الرياض,شرق الرياض,"للبيــــــــع فيلا درج صاله بحي قرطبة 
المســــــــاحه ٣٩٩م 
الشارع  ١٥م 
عمر الـعـقـار ١٠ سنوات 

المواصفات 
الـدور الارضي 
مجلس ومقلط وصاله مجلس نساء مطبخ مستودع دورات مياه 
حوش مدخل سياره غرفه سائق 

الـدور الأول 
اربع غرف نوم منهم غرفتين ماستر وصاله 

الـدور الثاني
 السطح غرفه خادمه وغرفة غسيل وجلسه قرميد في السطح

الفيلا عليها رهن عقاري ٦٢١ الف 
البيع 3مليون و900 الف 

قابل للتفاوض 
مباشر مع المالك",24.80834,46.739059,https://images.aqar.fm/webp/750x0/props/034308217_1770056854359.jpg | https://images.aqar.fm/webp/750x0/props/034308212_1770056854328.jpg | https://images.aqar.fm/webp/750x0/props/034308210_1770056854330.jpg | https://images.aqar.fm/webp/750x0/props/034308215_1770056854322.jpg | https://images.aqar.fm/webp/750x0/props/034308210_1770056854330.jpg | https://images.aqar.fm/webp/750x0/props/034308216_1770056854357.jpg,6,فاطمه القحطاني,مؤسسة مكتب رؤيتك للعقارات,1,2026-02-02,2026-07-27,2026-08-22,385,2026-08-23,True,"4,700,000",False,فيلا
6571643,https://sa.aqar.fm/فلل-للبيع/الرياض/شرق-الرياض/حي-قرطبة/شارع-الصباحية-حي-قرطبة-مدينة-الرياض-منطقة-الرياض-6571643,"فيلا للبيع في شارع الصباحية, حي قرطبة, مدينة الرياض, منطقة الرياض",2800000,300,7,1,0,11,حي قرطبة,الرياض,شرق الرياض,"للبيع فيلا بحي قرطبة 
درج دخلي 
المساحة ٣٠٠ م
عمر العقار ١٦ سنه
سيب يدور مدخل سياره
الدور الاول 
مجلس وغرفة طعام ومطبخ 
وصالة ودرج وسط الصاله
غرفه دوره مياه ٢
الدور الثاني :
٣ غرف ماستر و ٢ ببلكونه 
وغرفه عاديه حمام خارجي 
صاله وكونر خدمة
الدور الثالث :
غرفة خادمه مستودع 
٢ دوره مياه صاله سطح
البيع ٢ مليون و ٨٠٠ الف
فيلا حره و تقبل بنك",24.811396,46.736494,,,صالح محمد,مؤسسة روف الصفوة العقارية,1,2026-02-01,2026-06-20,2026-08-21,466,2026-08-23,True,"2,800,000",False,فيلا
6704209,https://sa.aqar.fm/فلل-للبيع/الرياض/شرق-الرياض/حي-قرطبة/شارع-رآمة-حي-قرطبة-مدينة-الرياض-منطقة-الرياض-6704209,"فيلا للبيع في شارع رآمة
, حي قرطبة, مدينة الرياض, منطقة الرياض",3900000,375,4,0,0,11,حي قرطبة,الرياض,شرق الرياض,"فيلا مع شقتين مميزة للبيع حي قرطبه 

مجاورة لشارع سعيد بن زيد 
متوفر جميع الخدمات 

المساحة  : 375 م 
الواجهة : شمالية
عمر العقار : 13 سنه
عرض الشارع : 20 م 

الدور الأول :- 

ملحق خارجي مع دورة مياه 
مجلس رجال 
مقلط 
صالة كبيرة 
غرفتين 
مطبخ 

الدور الثاني :- 

٣غرف نوم
دورتين مياه 

الدور الثالث :- 
غرفة خادمة 
دورة مياه 
سطح 

متوفر شقتين : 
بمدخل خاص 
تفاصيل الشقة 

مجلس  
صالة 
مطبخ 
غرفتين  نوم 
دورتين مياه 

يوجد مستأجر في احدى الشقق 
 ب٣٨ ألف سنويا.    دفعتين 



سعر البيع : 4.000.000

موقع العقار : 

https://maps.app.goo.gl/eP8xKAg1SRjo1Cfq6?g_st=iw",24.803612,46.739469,https://images.aqar.fm/webp/750x0/props/020203125_1779203113876.jpg | https://images.aqar.fm/webp/750x0/props/020203126_1779203113904.jpg | https://images.aqar.fm/webp/750x0/props/020203123_1779203113880.jpg | https://images.aqar.fm/webp/750x0/props/020203120_1779203113878.jpg | https://images.aqar.fm/webp/750x0/props/020203128_1779203113877.jpg | https://images.aqar.fm/webp/750x0/props/020203125_1779203113890.jpg | https://images.aqar.fm/webp/750x0/props/020203124_1779203113907.jpg | https://images.aqar.fm/webp/750x0/props/020203125_1779203113920.jpg,8,مهند فهد عبدالله الراشد,,,2026-05-19,2026-05-19,2026-08-07,643,2026-08-23,True,"3,900,000",False,فيلا
6685213,https://sa.aqar.fm/فلل-للبيع/الرياض/شرق-الرياض/حي-قرطبة/شارع-رفاع-حي-قرطبة-مدينة-الرياض-منطقة-الرياض-6685213,"فيلا للبيع في شارع رفاع, حي قرطبة, مدينة الرياض, منطقة الرياض",3500000,312,4,0,0,0,حي قرطبة,الرياض,شرق الرياض,"للبيع فلة +شقة 
مودرن 
📍الرياض - قرطبة
💠مساحة الفلة 312 م 
شارع : 15 م شمالي 
البيع : 3.500.000


💢دورين درج داخلي 
💎وشقة مفصولة تبعها السطح.

♦️الارضي يتكون من : 

صالة - مجلس - صالة  طعام - تاسيس مصعد - ملحق خارجي - غرفة سايق 

♦️الدور العلوي : 

4 غرف نوم 
صالة علوية 

السطح : 

شقة مدخل خاص 

تتكون من 2 غرفة وصالة ومطبخ و2 دورة مياه",24.807214,46.745372,https://images.aqar.fm/webp/750x0/props/012451305_1778079366742.jpg | https://images.aqar.fm/webp/750x0/props/012451308_1778079366742.jpg | https://images.aqar.fm/webp/750x0/props/012451307_1778079366735.jpg | https://images.aqar.fm/webp/750x0/props/012451300_1778079366728.jpg | https://images.aqar.fm/webp/750x0/props/012451302_1778079366748.jpg | https://images.aqar.fm/webp/750x0/props/012451304_1778079366730.jpg | https://images.aqar.fm/webp/750x0/props/012451304_1778079366747.jpg | https://images.aqar.fm/webp/750x0/props/012451301_1778079366728.jpg,8,سعادان بن حسن,مؤسسة روز نجد العقارية,1,2026-05-06,2026-08-01,2026-08-11,114,2026-08-23,True,"3,500,000",False,فيلا
6701268,https://sa.aqar.fm/فلل-للبيع/الرياض/شرق-الرياض/حي-قرطبة/شارع-رآمة-حي-قرطبة-مدينة-الرياض-منطقة-الرياض-6701268,"فيلا للبيع في شارع رآمة
, حي قرطبة, مدينة الرياض, منطقة الرياض",4500000,375,,,,11,حي قرطبة,الرياض,شرق الرياض,"للبيع | فلة درج داخلي + شقتين 🏡

📍مواصفات الفلة:

ملحق خارجي بدورة مياه
موقف سيارة
مجلس رجال + مقلط + دورة مياه
صالة واسعة
مجلس نساء + مقلط + دورة مياه
مطبخ مؤثث

🛏 الدور الثاني:

غرفة نوم ماستر
غرفتين نوم بدورة مياه مشتركة

🔝 الدور الثالث:

غرفة خادمة
دورة مياه
منطقة غسيل
سطح

✨ بالإضافة إلى شقتين بمدخل مستقل
💰 إحدى الشقق مؤجرة بـ 38 ألف سنوي

💵 سعر البيع: 4,500,000 ريال

📞 للتواصل:
0552248480
0530029533",24.803612,46.739469,https://images.aqar.fm/webp/750x0/props/001378377_1779041501798.jpg | https://images.aqar.fm/webp/750x0/props/001378370_1779041512485.jpg | https://images.aqar.fm/webp/750x0/props/001378371_1779041512491.jpg | https://images.aqar.fm/webp/750x0/props/001378374_1779041512483.jpg | https://images.aqar.fm/webp/750x0/props/001378373_1779041512487.jpg | https://images.aqar.fm/webp/750x0/props/001378375_1779041512485.jpg | https://images.aqar.fm/webp/750x0/props/001378372_1779041512478.jpg | https://images.aqar.fm/webp/750x0/props/001378378_1779041512477.jpg | https://images.aqar.fm/webp/750x0/props/001378372_1779041512505.jpg | https://images.aqar.fm/webp/750x0/props/001378373_1779041512494.jpg | https://images.aqar.fm/webp/750x0/props/001378379_1779041512505.jpg | https://images.aqar.fm/webp/750x0/props/001378374_1779041512514.jpg | https://images.aqar.fm/webp/750x0/props/001378374_1779041512503.jpg | https://images.aqar.fm/webp/750x0/props/001378371_1779041512508.jpg | https://images.aqar.fm/webp/750x0/props/001378376_1779041512517.jpg | https://images.aqar.fm/webp/750x0/props/001378376_1779041512512.jpg | https://images.aqar.fm/webp/750x0/props/001378378_1779041512514.jpg,17,فهد عائض سعيد القحطاني,شركة  التنفيذيون العقارية,1,2026-05-17,2026-08-13,2026-08-13,327,2026-08-23,True,"4,500,000",False,فيلا
6761367,https://sa.aqar.fm/فلل-للبيع/الرياض/شرق-الرياض/حي-قرطبة/شارع-يافا-حي-قرطبة-مدينة-الرياض-منطقة-الرياض-6761367,"فيلا للبيع في شارع يافا, حي قرطبة, مدينة الرياض, منطقة الرياض",2800000,360,6,0,0,8,حي قرطبة,الرياض,شرق الرياض,"الفله للبيع مساحة الارض ٣٦٠م  شارع ٢٠ (يافا) 
الواجه جنوبي تفتح على مرفق 
مكونه من فله وشقتين عليها بنك الاهلي رخصة البناء صادره عام ١٤٣٥هـ مؤجره الفله والشقه وساكن في الشقه العلويه


فلة مكونة من (مجلس وحمام )
ومقلط طعام (وصاله جانبية مع حمام )ومطبخ ومخزن وغرفة نوم ارضيه بحمامها 
الدور الثاني مكون من ثلاث غرف نوم وحمامين 
السطح غرفة خادمه وحمام 


الشقتين 
٣ غرف و٢ حمام وصاله ومطبخ",24.826179,46.74213,https://images.aqar.fm/webp/750x0/props/010868261_1783288077841.jpg,1,مفرح القحطاني,,,2026-07-05,2026-08-04,2026-08-04,1605,2026-08-23,True,"2,800,000",False,فيلا
6594254,https://sa.aqar.fm/فلل-للبيع/الرياض/شرق-الرياض/حي-قرطبة/شارع-الصالحي-حي-قرطبة-مدينة-الرياض-منطقة-الرياض-6594254,"فيلا للبيع في شارع الصالحي, حي قرطبة, مدينة الرياض, منطقة الرياض",4000000,414,4,1,0,10,حي قرطبة,الرياض,شرق الرياض,"السعر قابل للتفاوض 
التواصل علي الرقم ((رقم المعلن يظهر عند التواصل))
للبيع فيلا مميزة حي قرطبة
مساحة 414 متر
شارع 15متر 
الواجهة جنوبي
عمر العقار 10 سنوات 
القبو:
صالة كبيرة بكاونتر بوفيه و دورة مياه مع مغاسلها + مخزن + ملحق زجاجي في القبو بمشب و اطلالة على المسبح + درج خارجي و داخلي للقبو 

الدور الارضي:
 مجلس رجال و مغاسل و دورة مياه + مقلط + صالة كبيرة مع مغاسل و دورة مياه + مجلس نساء + مطبخ داخلي مفتوح على الصالة + مطبخ خارجي + غرفة سائق خارجية 
الدور الاول :
4 غرف نوم (ماستر + غرفة بحمام + غرفتين)
الدور الثاني (السطح):
غرفة خادمة و غرفة غسيل و حمام 
البيع يشمل المطابخ و المكيفات 
تشطيب راقٍ وموقع مميز
السعر 4 مليون",24.812757,46.737009,https://images.aqar.fm/webp/750x0/props/041214331_1771331496666.jpg,1,عبدالملك ابراهيم محمد الجمعان,شركة بنايات نجد للتسويق شخص واحد,1,2026-02-17,2026-08-10,2026-08-10,1582,2026-08-23,True,"4,000,000",False,فيلا
6815447,https://sa.aqar.fm/فلل-للبيع/الرياض/شرق-الرياض/حي-قرطبة/شارع-الشافيه-حي-قرطبة-مدينة-الرياض-منطقة-الرياض-6815447,"فيلا للبيع في شارع الشافيه, حي قرطبة, مدينة الرياض, منطقة الرياض",7500000,640,,5,5,11,حي قرطبة,الرياض,شرق الرياض,,24.818632,46.719364,https://images.aqar.fm/webp/750x0/props/000338482_1786393399369.jpg | https://images.aqar.fm/webp/750x0/props/000338489_1786393399378.jpg | https://images.aqar.fm/webp/750x0/props/000338481_1786393399344.jpg | https://images.aqar.fm/webp/750x0/props/000338487_1786393399340.jpg | https://images.aqar.fm/webp/750x0/props/000338480_1786393399375.jpg | https://images.aqar.fm/webp/750x0/props/000338489_1786393399355.jpg | https://images.aqar.fm/webp/750x0/props/000338483_1786393399370.jpg | https://images.aqar.fm/webp/750x0/props/000338488_1786393399370.jpg | https://images.aqar.fm/webp/750x0/props/000338487_1786393416203.jpg | https://images.aqar.fm/webp/750x0/props/000338482_1786393416172.jpg | https://images.aqar.fm/webp/750x0/props/000338485_1786393416166.jpg | https://images.aqar.fm/webp/750x0/props/000338484_1786393416194.jpg | https://images.aqar.fm/webp/750x0/props/000338481_1786393416179.jpg,13,ظافر بن مفرح بن ظافر العمري,مكتب ظافر مفرح ظافر ال مفرح العمري للعقارات,1,2026-08-10,2026-08-10,2026-08-12,288,2026-08-23,True,"7,500,000",False,فيلا
6778576,https://sa.aqar.fm/فلل-للبيع/الرياض/شرق-الرياض/حي-قرطبة/شارع-الضاحي-حي-قرطبة-مدينة-الرياض-منطقة-الرياض-6778576,"فيلا للبيع في شارع الضاحي, حي قرطبة, مدينة الرياض, منطقة الرياض",2500000,235,3,5,1,11,حي قرطبة,الرياض,شرق الرياض,$5c,24.810508,46.74296,https://images.aqar.fm/webp/750x0/props/000499925_1784314607236.jpg | https://images.aqar.fm/webp/750x0/props/000499925_1784314629850.jpg | https://images.aqar.fm/webp/750x0/props/000499925_1784314660093.jpg | https://images.aqar.fm/webp/750x0/props/000499925_1784314704792.jpg | https://images.aqar.fm/webp/750x0/props/000499922_1784314726007.jpg | https://images.aqar.fm/webp/750x0/props/000499927_1784314757601.jpg | https://images.aqar.fm/webp/750x0/props/000499926_1784314757670.jpg | https://images.aqar.fm/webp/750x0/props/000499927_1784314757650.jpg | https://images.aqar.fm/webp/750x0/props/000499929_1784314757648.jpg | https://images.aqar.fm/webp/750x0/props/000499926_1784314757645.jpg | https://images.aqar.fm/webp/750x0/props/000499928_1784314809616.jpg | https://images.aqar.fm/webp/750x0/props/000499923_1784314809574.jpg | https://images.aqar.fm/webp/750x0/props/000499926_1784314809610.jpg | https://images.aqar.fm/webp/750x0/props/000499921_1784314809617.jpg | https://images.aqar.fm/webp/750x0/props/000499922_1784314809591.jpg | https://images.aqar.fm/webp/750x0/props/000499923_1784314809610.jpg | https://images.aqar.fm/webp/750x0/props/000499922_1784314809554.jpg | https://images.aqar.fm/webp/750x0/props/000499925_1784314867202.jpg,18,احمد سعد,مكتب مسكن و مغنم للعقارات,1,2026-07-17,2026-08-16,2026-08-16,1012,2026-08-23,True,"2,500,000",False,فيلا
6692788,https://sa.aqar.fm/فلل-للبيع/الرياض/شرق-الرياض/حي-قرطبة/شارع-جبل-الفاو-حي-قرطبة-مدينة-الرياض-منطقة-الرياض-6692788,"فيلا للبيع في شارع جبل الفاو, حي قرطبة, مدينة الرياض, منطقة الرياض",9000000,900,7,5,2,11,حي قرطبة,الرياض,شرق الرياض,$5c,24.824362,46.735605,https://images.aqar.fm/webp/750x0/props/024204275_1778525085139.jpg | https://images.aqar.fm/webp/750x0/props/024204273_1778525084974.jpg | https://images.aqar.fm/webp/750x0/props/024204275_1778525085082.jpg | https://images.aqar.fm/webp/750x0/props/024204273_1778525084934.jpg | https://images.aqar.fm/webp/750x0/props/024204278_1778525084899.jpg | https://images.aqar.fm/webp/750x0/props/024204271_1778525104086.jpg,6,معاذ سليمان عبدالرحمن الوهيبي,,,2026-05-11,2026-08-07,2026-08-07,2431,2026-08-23,True,"9,000,000",False,فيلا
6624033,https://sa.aqar.fm/فلل-للبيع/الرياض/شرق-الرياض/حي-قرطبة/شارع-رنية-حي-قرطبة-مدينة-الرياض-منطقة-الرياض-6624033,"فيلا للبيع في شارع رنية, حي قرطبة, مدينة الرياض, منطقة الرياض",2800000,338,5,5,2,11,حي قرطبة,الرياض,شرق الرياض,"فيلا في حي قرطبة 
بالقرب من الدائري الشمالي وطريق سعيد بن زيد
العمر / ١١ سنه
عرض الشارع / ١٥ م 

فيلا درج داخلي + شقة 

الدور الارضي: حوش - غرفة سائق- ملحق - دورة مياه - مجلس - صالة طعام - مجلس نساء - صالة - دورتين مياه - مطبخ - مستودع - غرفة غسيل - غرفة خادمه - دورة مياه 

الدور الاول : صالة عائلية - وميني بار - غرفتين ماستر مع دورات مياه وبلكونه واسعه في غرفة الماستر الرئيسية بالاضافة الى عدد غرفتين واسعة بينهم دورة مياه.

شقة مسروقة مؤجرة ب ٤٥ الف
وبها غرفتين نوم وصالة ومجلس رجال ومطبخ وبلكونه واسعه مع السطح مكيفات الشقه كاملة عدد (٢) شباك و(٢) سبيلت، والمطبخ راكب.

ملاحظه/ جميع الاوراق كاملة ويوجد شهادة إتمام بناء( اشغال)
البيع مع الاثاث او بدون حسب رغبة المشتري.",24.804916,46.740054,https://images.aqar.fm/webp/750x0/props/050467474_1773410303203.jpg | https://images.aqar.fm/webp/750x0/props/050467473_1773410303204.jpg | https://images.aqar.fm/webp/750x0/props/050467470_1773410334761.jpg | https://images.aqar.fm/webp/750x0/props/050467472_1773410334776.jpg | https://images.aqar.fm/webp/750x0/props/050467476_1773410334756.jpg | https://images.aqar.fm/webp/750x0/props/050467475_1773410334777.jpg,6,صهيب العقيلي,مؤسسة رس الاسس العقارية,1,2026-03-13,2026-08-05,2026-08-21,1920,2026-08-23,True,"2,800,000",False,فيلا
6605515,https://sa.aqar.fm/فلل-للبيع/الرياض/شرق-الرياض/حي-قرطبة/شارع-آمنه-بنت-عتيبه-حي-قرطبة-مدينة-الرياض-منطقة-الرياض-6605515,"فيلا للبيع في شارع آمنه بنت عتيبه, حي قرطبة, مدينة الرياض, منطقة الرياض",3500000,390,,0,0,11,حي قرطبة,الرياض,شرق الرياض,"رقم الترخيص الاعلاني:
7200893674 
رقم السجل التجاري:
1009131008
فله للبيع في حي قرطبه 
درج داخلي وشقتين المساحه ٣٩٠ 
الدور الاول مجلس رجال مع دورة مياه مع غرفة طعام مع مجلس نساء وصاله ومطبخ وغرفة كبار سن ودورة مياه الدور الاول ٣ غرف نوم وحده ماستر ودورة مياه تخدم باقي الغرفتين الدور الثاني غرفة خادمه وسطح الشقق كل شقه غرفتين نوم وصاله ومطبخ ومجلس ودورتين مياه 
يوجد غرفة سائق وملحق العمر التقريبي للبيت من ١٢ الى ١٥ سنه والبيت متماسك ويقبل بنك


https://maps.app.goo.gl/EeGycWyaw4dzaD7V8",24.810795,46.749972,https://images.aqar.fm/webp/750x0/props/020203125_1772050849052.jpg,1,عبدالله عبدالعزيز,شركة الطخيم العالمية,1,2026-02-25,2026-08-19,2026-08-19,911,2026-08-23,True,"3,500,000",False,فيلا
6810703,https://sa.aqar.fm/فلل-للبيع/الرياض/شرق-الرياض/حي-قرطبة/شارع-الأعشى-بن-قيس-حي-قرطبة-مدينة-الرياض-منطقة-الرياض-6810703,"فيلا للبيع في شارع الأعشى بن قيس, حي قرطبة, مدينة الرياض, منطقة الرياض",2700000,235,,5,3,8,حي قرطبة,الرياض,شرق الرياض,"فيلا دوبلكس دورين وسطح
كل دور بمدخل مستقل 
كل دور ثلاث غرف وصاله
مؤجره لمدة سنه ب ٢٠٠ ألف 
من تاريخ ١ أغسطس مع أمكانية ألغاء عقد الايجار أو تمديد العقد في حال رغب المشتري 

مساحة الارض ٢٣٥،٧١ متر 
مسطحات الأراضي ٣٢٤ متر
عمر العقار ٨ سنوات 
السعر 2مليون و700الف قابل للتفاوض",24.805359,46.721404,https://images.aqar.fm/webp/750x0/props/029659904_1786181089968.jpg | https://images.aqar.fm/webp/750x0/props/029659904_1786181089968.jpg,2,محمد فهد عبدالله الخضير,شركة ركائز الراية للتجارة والمقاولات شركة شخص واحد,1,2026-08-08,2026-08-08,2026-08-11,350,2026-08-23,True,"2,700,000",False,فيلا
6823933,https://sa.aqar.fm/فلل-للبيع/الرياض/شرق-الرياض/حي-قرطبة/شارع-الطيفه-حي-قرطبة-مدينة-الرياض-منطقة-الرياض-6823933,"فيلا للبيع في شارع الطيفه, حي قرطبة, مدينة الرياض, منطقة الرياض",3950000,412,7,,3,11,حي قرطبة,الرياض,شرق الرياض,"✨ فيلا راقية للبيع – 412 متر – واجهة شمالية – شارع 20 – في افضل مربع بحي قرطبة الغربية
📍 الموقع: في مربع راقٍ وهادئ من أفضل مواقع قرطبة الغربية  
🏡 المساحة: 412 متر
🧱 الواجهة: شمالية على شارع 20
🎁 البيع شامل الأثاث كامل  
⏳ عمر الفيلا: 12 سنة – محافظة جداً وبحالة ممتازة
🌳 قرب جامع كبير وحديقة جديدة واسعة في موقع مميز

تفاصيل الفيلا:
الدور الأرضي:
🚗 مدخل سيارة واسع يتسع لـ 3 سيارات
🏡 ملحق خارجي مع دورة مياه
🔑 غرفة سائق  
↔️ ارتدادات واسعة حول الفيلا
🛋️ مجلس رجال مع دورة مياه ومغاسل
🍽️ مقلط  
👩‍🦰 مجلس نساء وصالة مع دورة مياه
🍳 مطبخ رئيسي  
📦 مستودع  
🧹 غرفة عاملة

الدور الأول:
🛏️ 3 غرف ماستر واسعة  
👑 جناح رئيسي فاخر: غرفة نوم + صالة خاصة + دورة مياه بمساحات كبيرة
☕ صالة عائلية مع كاونتر

الدور الثاني:
🛏️ غرفة ماستر مع دورة مياه
🏞️ سطح واسع

مميزات إضافية:
موقع راقٍ جداً في أفضل مربعات حي قرطبة

قرب جامع وحديقة جديدة

تشطيب ممتاز

البيع شامل الأثاث بالكامل

جميع الغرف واسعة وبدورات مياه خاصة 

جودة البناء عالية جدا ولا تعاني من اي مشاكل 

السعر قابل للتفاوض بالمعقول",24.816479,46.727097,https://images.aqar.fm/webp/750x0/props/001277318_1786810397842.jpg | https://images.aqar.fm/webp/750x0/props/001277317_1786810515382.jpg | https://images.aqar.fm/webp/750x0/props/001277313_1786810472662.jpg | https://images.aqar.fm/webp/750x0/props/001277313_1786810472646.jpg | https://images.aqar.fm/webp/750x0/props/001277313_1786810472663.jpg | https://images.aqar.fm/webp/750x0/props/001277312_1786810444494.jpg | https://images.aqar.fm/webp/750x0/props/001277316_1786810444493.jpg | https://images.aqar.fm/webp/750x0/props/001277310_1786810472664.jpg | https://images.aqar.fm/webp/750x0/props/001277312_1786810397819.jpg | https://images.aqar.fm/webp/750x0/props/001277319_1786810397859.jpg | https://images.aqar.fm/webp/750x0/props/001277316_1786810397844.jpg | https://images.aqar.fm/webp/750x0/props/001277310_1786810397843.jpg | https://images.aqar.fm/webp/750x0/props/001277311_1786810444480.jpg | https://images.aqar.fm/webp/750x0/props/001277312_1786810444515.jpg | https://images.aqar.fm/webp/750x0/props/001277310_1786810444472.jpg | https://images.aqar.fm/webp/750x0/props/001277312_1786810444511.jpg | https://images.aqar.fm/webp/750x0/props/001277312_1786810397844.jpg | https://images.aqar.fm/webp/750x0/props/001277313_1786810397811.jpg | https://images.aqar.fm/webp/750x0/props/001277310_1786810397842.jpg | https://images.aqar.fm/webp/750x0/props/001277310_1786810444491.jpg | https://images.aqar.fm/webp/750x0/props/001277314_1786810444494.jpg | https://images.aqar.fm/webp/750x0/props/001277314_1786810472664.jpg | https://images.aqar.fm/webp/750x0/props/001277317_1786810472679.jpg | https://images.aqar.fm/webp/750x0/props/001277318_1786810515384.jpg | https://images.aqar.fm/webp/750x0/props/001277314_1786810515383.jpg | https://images.aqar.fm/webp/750x0/props/001277311_1786810515385.jpg,26,بندر عبدالعزيز,مكتب بندر عبدالعزيز المشعل للعقارات,1,2026-08-15,2026-08-15,2026-08-22,404,2026-08-23,True,"3,950,000",False,فيلا
6819301,https://sa.aqar.fm/فلل-للبيع/الرياض/شرق-الرياض/حي-قرطبة/شارع-قها-حي-قرطبة-مدينة-الرياض-منطقة-الرياض-6819301,"فيلا للبيع في شارع قها, حي قرطبة, مدينة الرياض, منطقة الرياض",5500000,728,,5,3,11,حي قرطبة,الرياض,شرق الرياض,"للبيع فيلا زاوية بحي قرطبة بمساحة ٧٢٨ متر شارع ٢٠ وممر
شمالية غربية
عمرها اكثر من ٢٠ سنة
الدور الأرضي:
ملحق بدورة مياه
مجلس رجال كبير يخدمه دورة مياه ومغاسل
صالة طعام
صالة عائلية كبيرة
مطبخ 
مجلس نساء
جلسة عائلية أرضية يخدمه دورة مياه 
غرفتين نوم
الدور الأول :
صالة كبيرة
٣ غرفة نوم بدورة مياه
شقة من ٣ غرف وصالة

🔴يجب تحديد موعد🔴",24.807862,46.750346,https://images.aqar.fm/webp/750x0/props/036893408_1786562000253.jpg | https://images.aqar.fm/webp/750x0/props/036893405_1786562199841.jpg | https://images.aqar.fm/webp/750x0/props/036893404_1786562245434.jpg | https://images.aqar.fm/webp/750x0/props/036893404_1786562245443.jpg | https://images.aqar.fm/webp/750x0/props/036893409_1786562245408.jpg | https://images.aqar.fm/webp/750x0/props/036893403_1786562264986.jpg | https://images.aqar.fm/webp/750x0/props/036893401_1786562363086.jpg | https://images.aqar.fm/webp/750x0/props/036893407_1786562380321.jpg | https://images.aqar.fm/webp/750x0/props/036893405_1786562391758.jpg | https://images.aqar.fm/webp/750x0/props/036893400_1786562411214.jpg | https://images.aqar.fm/webp/750x0/props/036893409_1786562424298.jpg | https://images.aqar.fm/webp/750x0/props/036893406_1786562438222.jpg | https://images.aqar.fm/webp/750x0/props/036893409_1786562464546.jpg | https://images.aqar.fm/webp/750x0/props/036893404_1786562493962.jpg | https://images.aqar.fm/webp/750x0/props/036893407_1786562493929.jpg | https://images.aqar.fm/webp/750x0/props/036893408_1786562493961.jpg | https://images.aqar.fm/webp/750x0/props/036893407_1786562513901.jpg | https://images.aqar.fm/webp/750x0/props/036893405_1786562513898.jpg | https://images.aqar.fm/webp/750x0/props/036893404_1786562513897.jpg,19,محمد عبدالعزيز عبدالله ال عثمان,مكتب محمد عبدالعزيز ال عثمان للعقارات,1,2026-08-12,2026-08-12,2026-08-22,227,2026-08-23,True,"5,500,000",False,فيلا
6547926,https://sa.aqar.fm/فلل-للبيع/الرياض/شرق-الرياض/حي-قرطبة/شارع-الصيادة-حي-قرطبة-مدينة-الرياض-منطقة-الرياض-6547926,"فيلا للبيع في شارع الصيادة, حي قرطبة, مدينة الرياض, منطقة الرياض",3800000,399,4,4,2,11,حي قرطبة,الرياض,شرق الرياض,"فيلا 
المساحه ٣٩٩ الواجهة شماليه

دورين 
الدور الأرضي 
مجلس و مقلط و صالة و مجلس حريم و مطبخ و دورة مياه و مستودع
الدور الأول 
أربع غرف نوم اثنين ماستر و صاله
الدور الثاني ( السطح) 
غرفة خادمه و غرفة غسيل و جلسه قرميد في السطح
يوجد غرفة سايق و حوش
البيــــــــــــــــع ٤ مليون و٢٠٠ الف
نعتذر الموقع غير دقيق
 
الموقع قريب جدا",24.80834,46.739059,https://images.aqar.fm/webp/750x0/props/010508657_1768480824063.jpg | https://images.aqar.fm/webp/750x0/props/010508651_1768480824025.jpg | https://images.aqar.fm/webp/750x0/props/010508651_1768480824015.jpg | https://images.aqar.fm/webp/750x0/props/010508657_1768480824031.jpg | https://images.aqar.fm/webp/750x0/props/010508655_1768480824064.jpg | https://images.aqar.fm/webp/750x0/props/010508656_1768480824254.jpg | https://images.aqar.fm/webp/750x0/props/010508651_1768480824279.jpg,7,عبدالله بن عبدالرحمن بن علي الهمش,مكتب عبدالله عبدالرحمن علي الهمش للعقارات,1,2026-01-15,2026-01-15,2026-07-18,159,2026-08-23,True,"3,800,000",False,فيلا
6394478,https://sa.aqar.fm/فلل-للبيع/الرياض/شرق-الرياض/حي-قرطبة/شارع-جبل-الريث-حي-قرطبة-مدينة-الرياض-منطقة-الرياض-6394478,"فيلا للبيع في شارع جبل الريث, حي قرطبة, مدينة الرياض, منطقة الرياض",3500000,343,6,,,0,حي قرطبة,الرياض,شرق الرياض,"للبيــــــــع فيلا دوبلكس  درج صاله 
بحي قرطبه من أفضل المواقع 
المساحه ٢٤٠م 
شارع ٢٠م شمالي 
الدور الأرضي استقبال كامل 
والدور الأول ٤ غرف نوم وصاله 
والسطح غرفتين نوم وصاله وسطح 
البيع ٣ مليون و٥٥٠ ألف بإذن الله وفق الله الجميع",24.827464,46.73376,https://images.aqar.fm/webp/750x0/props/042588842_1758576188792.jpg | https://images.aqar.fm/webp/750x0/props/042588841_1758576187836.jpg | https://images.aqar.fm/webp/750x0/props/042588840_1758576188171.jpg | https://images.aqar.fm/webp/750x0/props/042588845_1758576188373.jpg | https://images.aqar.fm/webp/750x0/props/042588846_1758576188366.jpg | https://images.aqar.fm/webp/750x0/props/042588843_1758576188469.jpg | https://images.aqar.fm/webp/750x0/props/042588841_1758576188471.jpg | https://images.aqar.fm/webp/750x0/props/042588847_1758576188589.jpg | https://images.aqar.fm/webp/750x0/props/042588840_1758576188599.jpg | https://images.aqar.fm/webp/750x0/props/042588841_1758576188700.jpg | https://images.aqar.fm/webp/750x0/props/042588841_1758576188670.jpg | https://images.aqar.fm/webp/750x0/props/042588841_1758576188881.jpg | https://images.aqar.fm/webp/750x0/props/042588847_1758576188788.jpg | https://images.aqar.fm/webp/750x0/props/042588846_1758576188919.jpg | https://images.aqar.fm/webp/750x0/props/042588840_1758576189022.jpg | https://images.aqar.fm/webp/750x0/props/042588846_1758576189020.jpg | https://images.aqar.fm/webp/750x0/props/042588848_1758576189108.jpg,17,احمد بن سليمان بن محمد الصانع,شركة واحة التعمير العقاري شركة شخص واحد,1,2025-09-22,2026-08-03,2026-08-22,672,2026-08-23,True,"3,500,000",False,فيلا
6716441,https://sa.aqar.fm/فلل-للبيع/الرياض/شرق-الرياض/حي-قرطبة/شارع-عشيرة-حي-قرطبة-مدينة-الرياض-منطقة-الرياض-6716441,"فيلا للبيع في شارع عشيرة, حي قرطبة, مدينة الرياض, منطقة الرياض",3400000,312,7,1,0,0,حي قرطبة,الرياض,شرق الرياض,"للبيع فيله  شغل مودرن
 في  حي قرطبه 
عباره عن درج داخلي مع شقه 
موقع مميز وقريب من حديقه 
المساحه ٣١٢م 
 شارع ٢٠م  شمال 

المكونات

الدور الارضي 
مجلس ومقلط وملحق خارجي غرفة سائق 2 صاله مطبخ مستودع غرفة خادمه  2 دورات مياه 

الدور العلوي صاله و 4 غرف نوم ماستر 

الشقه
2 غرفة نوم ومجلس وصاله ومطبخ ودورتين مياه

================
البيع ٣مليون  ٤٠٠الف
مباشر من المالك",24.807707,46.744987,https://images.aqar.fm/webp/750x0/props/047744087_1780421037339.jpg | https://images.aqar.fm/webp/750x0/props/047744082_1780673823869.jpg | https://images.aqar.fm/webp/750x0/props/047744082_1780673824157.jpg | https://images.aqar.fm/webp/750x0/props/047744080_1780673824101.jpg | https://images.aqar.fm/webp/750x0/props/047744080_1780673824257.jpg,5,صالح بن عبيد بن عايش العنزي,مكتب ابداع الصحافة للخدمات العقارية,1,2026-06-02,2026-07-31,2026-08-08,566,2026-08-23,True,"3,400,000",False,فيلا
6794417,https://sa.aqar.fm/فلل-للبيع/الرياض/شرق-الرياض/حي-قرطبة/شارع-الصائن-حي-قرطبة-مدينة-الرياض-منطقة-الرياض-6794417,"فيلا للبيع في شارع الصائن, حي قرطبة, مدينة الرياض, منطقة الرياض",3500000,375,4,5,2,10,حي قرطبة,الرياض,شرق الرياض,$5b,24.813419,46.735775,https://images.aqar.fm/webp/750x0/props/044284359_1785244974408.png | https://images.aqar.fm/webp/750x0/props/044284359_1785244981875.png,2,علي خلف بن علي المطيري,شركة وجيه للتطوير والاستثمار العقاري,1,2026-07-28,2026-07-28,2026-08-23,273,2026-08-23,True,"3,500,000",False,فيلا
6755969,https://sa.aqar.fm/فلل-للبيع/الرياض/شرق-الرياض/حي-قرطبة/شارع-الصباحية-حي-قرطبة-مدينة-الرياض-منطقة-الرياض-6755969,"فيلا للبيع في شارع الصباحية, حي قرطبة, مدينة الرياض, منطقة الرياض",3050000,378,5,5,3,11,حي قرطبة,الرياض,شرق الرياض,"للبيع فيلا (حي قرطبه) 
مساحة378م
شارع 15م 
درج صالة + شقتين
عمر العقار 13 سنة ومجددة
*التفاصيل*
*الدور الارضي*
ملحق خارجي 
مجلس رجال 
غرفتين نوم صاله مطبخ 
*الدور الاول*
3 غرف نوم+ حمامين
*الشقتين*
3غرف وصالة ودورتين مياه ومطبخ",24.811707,46.737232,https://images.aqar.fm/webp/750x0/props/008825877_1783850036528.jpg,1,محمد اسماعيل مرشود الرميح,,,2026-07-01,2026-07-31,2026-08-23,345,2026-08-23,True,"3,050,000",False,فيلا
6820967,https://sa.aqar.fm/فلل-للبيع/الرياض/شرق-الرياض/حي-قرطبة/شارع-وادي-أبراد-حي-قرطبة-مدينة-الرياض-منطقة-الرياض-6820967,"فيلا للبيع في شارع وادي أبراد, حي قرطبة, مدينة الرياض, منطقة الرياض",7500000,750,,5,2,10,حي قرطبة,الرياض,شرق الرياض,"تصميم الفيلا:

* فيلا دور ونصف، مع شقتين مستقلتين.
* يوجد درج داخلي داخل الصالة، ودرج خاص للشقق، بالإضافة إلى مصعد.

الدور الأرضي:

* مجلس رجال خارجي بمساحة 6 × 4.5 م.
* مدخل.
* مجلس داخلي مع مجلس استقبال بمساحة 11 × 5 م.
* 5 مغاسل.
* دورة مياه.
* مقلط بمساحة 9 × 4 م.
* صالة جانبية كبيرة.
* مجلس نساء بمساحة 6 × 5 م.
* 3 مغاسل ودورة مياه تخدم الصالة ومجلس النساء.
* غرفتان ماستر.
* مطبخ.
* مجلس نساء خارجي.
* مستودع.
* غرفة عاملة مع دورة مياه.
* درج في منتصف الصالة يؤدي إلى الدور العلوي.

الدور العلوي (نصف الدور):

* صالة.
* 3 غرف ماستر.

الشقة الأولى:

* صالة.
* مجلس.
* مطبخ.
* 5 غرف نوم.
* 4 دورات مياه.

الشقة الثانية:

* صالة.
* مجلس.
* مطبخ.
* 3 غرف نوم.
* 3 دورات مياه.
* مستودع.

يوجد اصنصير خاص للشقق
السعر قابل للتفاوض",24.829912,46.730681,https://images.aqar.fm/webp/750x0/props/051197597_1786640959512.jpg | https://images.aqar.fm/webp/750x0/props/051197594_1786640959350.jpg,2,نواف عبدالله,,,2026-08-13,2026-08-13,2026-08-13,240,2026-08-23,True,"7,500,000",False,فيلا
6768701,https://sa.aqar.fm/فلل-للبيع/الرياض/شرق-الرياض/حي-قرطبة/شارع-وبرة-حي-قرطبة-مدينة-الرياض-منطقة-الرياض-6768701,"فيلا للبيع في شارع وبرة, حي قرطبة, مدينة الرياض, منطقة الرياض",10500000,961,,7,3,11,حي قرطبة,الرياض,شرق الرياض,$5c,24.818406,46.75036,https://images.aqar.fm/webp/750x0/props/050195513_1783769796035.jpg | https://images.aqar.fm/webp/750x0/props/050195510_1783769835002.jpg | https://images.aqar.fm/webp/750x0/props/050195516_1783769835004.jpg | https://images.aqar.fm/webp/750x0/props/050195510_1783769834989.jpg | https://images.aqar.fm/webp/750x0/props/050195514_1783769834996.jpg | https://images.aqar.fm/webp/750x0/props/050195518_1783769835003.jpg | https://images.aqar.fm/webp/750x0/props/050195515_1783769834999.jpg,7,الياس بن محمد بن دخيل الدخيل,,,2026-07-11,2026-08-09,2026-08-22,1046,2026-08-23,True,"10,500,000",False,فيلا
6802734,https://sa.aqar.fm/فلل-للبيع/الرياض/شرق-الرياض/حي-قرطبة/شارع-سدوان-حي-قرطبة-مدينة-الرياض-منطقة-الرياض-6802734,"فيلا للبيع في شارع سدوان, حي قرطبة, مدينة الرياض, منطقة الرياض",3000000,300,5,,,11,حي قرطبة,الرياض,شرق الرياض,"للبيــــــع فيلا حي قرطبة مــســاحــــِة 300 م
الوجهه غربيه شارع 15 
الفيلاه في موقع ممتاز 
قريب من مسجدوحديقة 

الموصفات كل الخدمات حوله
الفيلاه ثلاث ادوار 
سيب يدور مدخل سياره 

الدور الاول :
- مجلس- وغرفة طعام ومطبخ - وصالة - ودرج وسط الصاله -غرفه - دوره مياه 2
- 
الدور الثاني :
3غرف ماستر و2ببلكونه  وغرفه عاديه- دورة مياه   خارجي صاله وكونر  خدمة 

الدور الثالث : 
غرفة خادمه - مستودع 2دوره مياه صاله سطح
العـمـر الـعـقـار 16 سـنـه
 
للبيــــــــع ثلاثه مـليـون 
مـبـاشـر مـن الـمـالـك 

الـــــمــــــــوقـــــــــــــع
https://maps.app.goo.gl/JTYN9Z",24.803186,46.743875,https://images.aqar.fm/webp/750x0/props/006561641_1785705678032.jpg | https://images.aqar.fm/webp/750x0/props/006561648_1785705678031.jpg | https://images.aqar.fm/webp/750x0/props/006561644_1785705678034.jpg | https://images.aqar.fm/webp/750x0/props/006561647_1785705678034.jpg | https://images.aqar.fm/webp/750x0/props/006561646_1785705678036.jpg | https://images.aqar.fm/webp/750x0/props/006561648_1785705678035.jpg | https://images.aqar.fm/webp/750x0/props/006561644_1785705678047.jpg | https://images.aqar.fm/webp/750x0/props/006561645_1785705678050.jpg | https://images.aqar.fm/webp/750x0/props/006561644_1785705678047.jpg | https://images.aqar.fm/webp/750x0/props/006561649_1785705678051.jpg | https://images.aqar.fm/webp/750x0/props/006561642_1785705678050.jpg | https://images.aqar.fm/webp/750x0/props/006561641_1785705678132.jpg,12,مريم محمد,مؤسسة ادارة وانجاز,1,2026-08-02,2026-08-02,2026-08-22,139,2026-08-23,True,"3,000,000",False,فيلا
6768118,https://sa.aqar.fm/فلل-للبيع/الرياض/شرق-الرياض/حي-قرطبة/شارع-عارمة-حي-قرطبة-مدينة-الرياض-منطقة-الرياض-6768118,"فيلا للبيع في شارع عارمة, حي قرطبة, مدينة الرياض, منطقة الرياض",2700000,299,4,5,1,10,حي قرطبة,الرياض,شرق الرياض,$5c,24.80761,46.741037,https://images.aqar.fm/webp/750x0/props/002415463_1783705425070.jpg | https://images.aqar.fm/webp/750x0/props/002415467_1784983821122.png | https://images.aqar.fm/webp/750x0/props/002415468_1787022133355.jpg | https://images.aqar.fm/webp/750x0/props/002415469_1787022133365.jpg | https://images.aqar.fm/webp/750x0/props/002415468_1787022133359.jpg | https://images.aqar.fm/webp/750x0/props/002415464_1787022133354.jpg | https://images.aqar.fm/webp/750x0/props/002415467_1787022133364.jpg | https://images.aqar.fm/webp/750x0/props/002415464_1787022133356.jpg,8,عاصم سليمان بن راشد,مؤسسة أعمال مكانة للخدمات العقارية,1,2026-07-10,2026-08-09,2026-08-18,1446,2026-08-23,True,"2,700,000",False,فيلا
6685099,https://sa.aqar.fm/فلل-للبيع/الرياض/شرق-الرياض/حي-قرطبة/شارع-الحديثة-حي-قرطبة-مدينة-الرياض-منطقة-الرياض-6685099,"فيلا للبيع في شارع الحديثة, حي قرطبة, مدينة الرياض, منطقة الرياض",5000000,600,,7,3,11,حي قرطبة,الرياض,شرق الرياض,"ڤيلا + تاون هاوس
 المساحه الإجمالية ٦٠٠ م 
واجهه شرقيه شارع ٢٨ 
ثلاث ادوار 
ثلاث مداخل للڤيلا

التفاصيل— 
مدخل سيارة
حوش جانبي وخلفي 
مسبح بالخلف مع دورة مياه خاصة
ملحق خارجي مع حمام داخلي خاص 
مدخل رجال ونساء ومدخل خدمة 

الدور الأرضي——
مدخل 
مجلس ودورة مياه
مقلط 
صالتين داخليه مفتوحه على بعض 
صاله
مطبخين اوبن كتشن ومغلق 
دورة مياة 

الدور الأول—-
صالة 
غرفتين نوم رئيسية مع دورة مياه خاصة
وغرفتين نوم
دورة مياه 
درج مع منور داخلي 

الدور الثاني——
غرفة نوم
 غرفة عامله مع دورة مياه خاصة 
وغرفة غسيل 
وسطح 

____
التاون هاوس 

مساحه ٣٠٠م
الدور الثاني والثالث 
مدخل خاص 
درج خاص 

الدور الثاني 
مجلس رجال مع مدخل ودورة مياه خاصة 
مدخل وصالة داخليه
مقلط 
دورتين مياه 

الدور الثالث 
صالة 
غرفة نوم رئيسية 
ثلاث غرف نوم 
دورتين مياه 
ومطبخ",24.819023,46.747084,https://images.aqar.fm/webp/750x0/props/042504330_1778077160062.jpg | https://images.aqar.fm/webp/750x0/props/042504336_1778077156864.jpg | https://images.aqar.fm/webp/750x0/props/042504336_1778077163054.jpg | https://images.aqar.fm/webp/750x0/props/042504335_1778077166764.jpg | https://images.aqar.fm/webp/750x0/props/042504337_1778077169762.jpg | https://images.aqar.fm/webp/750x0/props/042504331_1778077172536.jpg | https://images.aqar.fm/webp/750x0/props/042504335_1778077175537.jpg | https://images.aqar.fm/webp/750x0/props/042504333_1778077178499.jpg | https://images.aqar.fm/webp/750x0/props/042504338_1778077182468.jpg,9,عبدالعزيز خالد,شركة دار ديم العقارية,1,2026-05-06,2026-05-06,2026-08-22,1093,2026-08-23,True,"5,000,000",False,فيلا
6589076,https://sa.aqar.fm/فلل-للبيع/الرياض/شرق-الرياض/حي-قرطبة/شارع-جبل-الأشعر-حي-قرطبة-مدينة-الرياض-منطقة-الرياض-6589076,"فيلا للبيع في شارع جبل الأشعر, حي قرطبة, مدينة الرياض, منطقة الرياض",2900000,408,4,5,3,0,حي قرطبة,الرياض,شرق الرياض,"رقم الاعلان(10)
شركة روفا جولدن تقدم لكم السكن العصري بمواصفات عالية.
فيلا دوبلكس فاخرة للبيع – حي قرطبة
واجهة شمالية | شارع 15م | مساحة الأرض 260 م² | مساحة البناء 450 م²

 تفاصيل صممت لتليق بك:
-حوش + مجلس رجال + دورة مياة + صالة طعام + صالة +دورة مياه + مطبخ + غرفة غسيل + غرفة خادمه + درج داخلي + 5غرف نوم ماستر مزوده بدورات مياه + 2غرفة نوم +صالة جانبية + سطح

ضمانات تمنحك راحة البال:
-السباكة
-الكهرباء 
-العزل المائي والحراري 
- التكييف المخفي 
-إشراف هندسي

مزايا تعزز قيمة سكنك:
-مواقف خاصة
-تاسيس مصعد
-مداخل خاصة
-حوش خاص
-أسطح خاصة
-دخول ذكي

موقع استثنائي:
- قريب من مسجد وحديقه
-قريب من مطار الملك خالد
- قريب من بارك أفينيو
- قريب من جامعة ألامام
- دقيقه من طريق الثمامه
-4دقاىق من طريق المطار
-4دقاىق من طريق محمد بن سلمان
-10دقاىق من طريق الملك سلمان",24.830307,46.729641,https://images.aqar.fm/webp/750x0/props/041604993_1772947425250.jpg | https://images.aqar.fm/webp/750x0/props/041604992_1772947425260.jpg | https://images.aqar.fm/webp/750x0/props/041604991_1772947473391.jpg | https://images.aqar.fm/webp/750x0/props/041604993_1772947473377.jpg | https://images.aqar.fm/webp/750x0/props/041604994_1772947473387.jpg | https://images.aqar.fm/webp/750x0/props/041604999_1772947473381.jpg | https://images.aqar.fm/webp/750x0/props/041604995_1772947489599.jpg | https://images.aqar.fm/webp/750x0/props/041604993_1772947489620.jpg | https://images.aqar.fm/webp/750x0/props/041604998_1772947489612.jpg | https://images.aqar.fm/webp/750x0/props/041604995_1772947489603.jpg | https://images.aqar.fm/webp/750x0/props/041604995_1772947489605.jpg | https://images.aqar.fm/webp/750x0/props/041604999_1772947489615.jpg | https://images.aqar.fm/webp/750x0/props/041604997_1772947489642.jpg | https://images.aqar.fm/webp/750x0/props/041604999_1772947489572.jpg | https://images.aqar.fm/webp/750x0/props/041604990_1772947521385.jpg | https://images.aqar.fm/webp/750x0/props/041604998_1772947521410.jpg | https://images.aqar.fm/webp/750x0/props/041604990_1772947521379.jpg | https://images.aqar.fm/webp/750x0/props/041604991_1772947535934.jpg | https://images.aqar.fm/webp/750x0/props/041604997_1772947535933.jpg | https://images.aqar.fm/webp/750x0/props/041604995_1772947535911.jpg | https://images.aqar.fm/webp/750x0/props/041604996_1772947535932.jpg | https://images.aqar.fm/webp/750x0/props/041604997_1772947643515.jpg | https://images.aqar.fm/webp/750x0/props/041604995_1772947643532.jpg | https://images.aqar.fm/webp/750x0/props/041604993_1772947643518.jpg | https://images.aqar.fm/webp/750x0/props/041604991_1772947643523.jpg | https://images.aqar.fm/webp/750x0/props/041604998_1772947643525.jpg | https://images.aqar.fm/webp/750x0/props/041604998_1772947643524.jpg | https://images.aqar.fm/webp/750x0/props/041604997_1772947643529.jpg | https://images.aqar.fm/webp/750x0/props/041604995_1772947643514.jpg | https://images.aqar.fm/webp/750x0/props/041604993_1772947655060.jpg,30,وافي راجح,شركة روفا جولدن العقارية,1,2026-02-13,2026-08-07,2026-08-22,2021,2026-08-23,True,"2,900,000",False,فيلا
6532581,https://sa.aqar.fm/فلل-للبيع/الرياض/شرق-الرياض/حي-قرطبة/شارع-الشامانية-حي-قرطبة-مدينة-الرياض-منطقة-الرياض-6532581,"فيلا للبيع في شارع الشامانية, حي قرطبة, مدينة الرياض, منطقة الرياض",3720000,479,5,,,0,حي قرطبة,الرياض,شرق الرياض,"مشروع فلل مرفأ - شركة نقش للاستثمار
مكون من ثلاثة فلل بمساحات متنوعة

ومتبقي آخر فيلا !

مواصفات الفيلا A
مساحة الأرض : 280م
إجمالي مسطحات البناء : 443.66م

مكونات الدور الأرضي :
مجلس – صالة – صالة طعام – مطبخ – غرفة سائق - غرفة عاملة - جلسات خارجية

مكونات الدور الأول :
4 غرف نوم رئيسية – جلسات خارجية

مكونات الدور الثاني :
صالة – سطح خدمات – غرفة نوم رئيسية - جلسات خارجية

السعر : 3,820,000
————————————

تواصل معنا : 920031327",24.817371,46.717371,https://images.aqar.fm/webp/750x0/props/036351422_1754397580024.jpg | https://images.aqar.fm/webp/750x0/props/036351423_1754397581609.jpg | https://images.aqar.fm/webp/750x0/props/036351426_1754397580045.jpg | https://images.aqar.fm/webp/750x0/props/036351427_1754397580069.jpg | https://images.aqar.fm/webp/750x0/props/036351427_1754397580189.jpg | https://images.aqar.fm/webp/750x0/props/036351429_1754397580059.jpg | https://images.aqar.fm/webp/750x0/props/036351427_1754397580074.jpg | https://images.aqar.fm/webp/750x0/props/036351429_1754397580104.jpg | https://images.aqar.fm/webp/750x0/props/036351424_1754397580062.jpg | https://images.aqar.fm/webp/750x0/props/036351425_1754397580128.jpg | https://images.aqar.fm/webp/750x0/props/036351422_1754397580116.jpg | https://images.aqar.fm/webp/750x0/props/036351420_1754397580198.jpg | https://images.aqar.fm/webp/750x0/props/036351420_1754397580154.jpg | https://images.aqar.fm/webp/750x0/props/036351429_1754397580202.jpg | https://images.aqar.fm/webp/750x0/props/036351421_1754397580076.jpg | https://images.aqar.fm/webp/750x0/props/036351429_1754397580221.jpg | https://images.aqar.fm/webp/750x0/props/036351427_1754397580207.jpg | https://images.aqar.fm/webp/750x0/props/036351422_1754397580248.jpg | https://images.aqar.fm/webp/750x0/props/036351423_1754397580238.jpg | https://images.aqar.fm/webp/750x0/props/036351420_1754397580199.jpg | https://images.aqar.fm/webp/750x0/props/036351427_1754397580221.jpg | https://images.aqar.fm/webp/750x0/props/036351421_1754397580256.jpg | https://images.aqar.fm/webp/750x0/props/036351429_1754397580407.jpg | https://images.aqar.fm/webp/750x0/props/036351429_1754397582728.jpg | https://images.aqar.fm/webp/750x0/props/036351425_1754397581524.jpg | https://images.aqar.fm/webp/750x0/props/036351425_1754397581780.jpg | https://images.aqar.fm/webp/750x0/props/036351426_1754397582248.jpg | https://images.aqar.fm/webp/750x0/props/036351423_1754397582139.jpg,28,عبدالرحمن محمد عبدالله البصيلي,شركة نقش للاستثمار,1,2026-01-04,2026-08-17,2026-08-17,8800,2026-08-23,True,"3,720,000",False,فيلا
6760711,https://sa.aqar.fm/فلل-للبيع/الرياض/شرق-الرياض/حي-قرطبة/شارع-هجر-حي-قرطبة-مدينة-الرياض-منطقة-الرياض-6760711,"فيلا للبيع في شارع هجر, حي قرطبة, مدينة الرياض, منطقة الرياض",3500000,364,,0,0,11,حي قرطبة,الرياض,شرق الرياض,"للبيع فيلا  استثماريه  وموقع حيوي

‏فيلا ‏ ‏استثمارية 
‏بالقرب من مدارس ابن رشد للبنات
في حي قرطبة مساحتها 364 م
‏شارع 20 واجهة غربية
‏الدور الأرضي 
دور ونصف
‏مدخل السيارة
‏مجلس رجال ومقلط
‏مجلس النساء وغرفة إضافية
‏صالة ودورتين مياه
‏النصف المتبقي من الدور
‏يشمل على غرفتين نوم ماستر مع دورات مياه لكل غرفة 

‏الدور الأول
‏شقة مدخلين
‏مجلس رجال
‏صالة
‏غرفتين نوم
‏مطبخ راكب
‏مع دورتين مياه

‏الشقة العلوية
‏صالة غرفتين نوم
و‏مطبخ ودورة مياه

‏السطح مستقل
 وله مدخل خاص",24.815225,46.748674,https://images.aqar.fm/webp/750x0/props/001987942_1783262361280.jpg,1,عبدالرحمن محمد,,,2026-07-05,2026-08-03,2026-08-17,482,2026-08-23,True,"3,500,000",False,فيلا
6670078,https://sa.aqar.fm/فلل-للبيع/الرياض/شرق-الرياض/حي-قرطبة/شارع-الشاهر-حي-قرطبة-مدينة-الرياض-منطقة-الرياض-6670078,"فيلا للبيع في شارع الشاهر, حي قرطبة, مدينة الرياض, منطقة الرياض",2700000,360,5,5,2,11,حي قرطبة,الرياض,شرق الرياض,"للبيع فيلا مستقلة في حي قرطبة 
📐 المساحة: 360 م²
🛣️ عرض الشارع: 18 م
🧭 الواجهة: شرقية
🏗️ سنة البناء: 2014

تفاصيل الفيلا:

🔹 الدور الأرضي:
صالة واسعة + مجلس رجال + مجلس نساء + غرفة ضيافة + مطبخ مفتوح + دورتين مياه
(أرضيات رخام فاخر كامل الدور)

🔹 الدور الأول:
صالة عائلية + غرفة ماستر كبيرة + 4 غرف نوم
(كل غرفتين بدورة مياه – تصميم سويت مغلق)

🔹 السطح:
غرفتين خدمات كبيرة + دورة مياه + غرفة غسيل

🔹 الخارج:
غرفة سائق
مشب صغير (سمنت بورد) مستحدث بموقع مدخل السيارة

للتواصل:
0507436772
0557324458",24.819795,46.719764,https://images.aqar.fm/webp/750x0/props/000629807_1779744283363.jpg | https://images.aqar.fm/webp/750x0/props/000629801_1779744419711.jpg | https://images.aqar.fm/webp/750x0/props/000629801_1779744443588.jpg | https://images.aqar.fm/webp/750x0/props/000629802_1779744468753.jpg | https://images.aqar.fm/webp/750x0/props/000629804_1779744496214.jpg | https://images.aqar.fm/webp/750x0/props/000629804_1779744521980.jpg | https://images.aqar.fm/webp/750x0/props/000629809_1779744533542.jpg | https://images.aqar.fm/webp/750x0/props/000629809_1779744547407.jpg,8,مشعل العميريني,شركة مساعد إبراهيم العميريني للاستثمار والتطوير العقاري,1,2026-04-26,2026-08-20,2026-08-20,5977,2026-08-23,True,"2,700,000",False,فيلا
6537081,https://sa.aqar.fm/فلل-للبيع/الرياض/شرق-الرياض/حي-قرطبة/شارع-سدوان-حي-قرطبة-مدينة-الرياض-منطقة-الرياض-6537081,"فيلا للبيع في شارع سدوان, حي قرطبة, مدينة الرياض, منطقة الرياض",3000000,300,5,5,3,3,حي قرطبة,الرياض,شرق الرياض,"للبيع فيلا سكنيه 
حي قرطبه
مساحة 300 
سيب يدور - مدخل سياره 
ثلاث ادوار 
الدور الاول :
- مجلس - وغرفة طعام - ومطبخ - وصالة - ودرج وسط الصاله -غرفه - دوره مياه 2
الدور الثاني :
3غرف ماستر و 2 ببلكونه -وغرفه عاديه  - حمام خارجي -صاله وكونر خدمة 
الدور الثالث : 
غرفة خادمه - مستودع - 2دوره مياه 
-صاله - سطح
البيع ٣ مليون قابل للتفاوض 
مباشر مع المالك 

https://maps.app.goo.gl/RWmA2pAS2qMooWGe9",24.803186,46.743875,https://images.aqar.fm/webp/750x0/props/048740263_1768051615899.jpg | https://images.aqar.fm/webp/750x0/props/048740260_1768051615906.jpg | https://images.aqar.fm/webp/750x0/props/048740262_1768051615911.jpg | https://images.aqar.fm/webp/750x0/props/048740267_1768051615927.jpg | https://images.aqar.fm/webp/750x0/props/048740269_1768051615893.jpg | https://images.aqar.fm/webp/750x0/props/048740264_1768051615915.jpg | https://images.aqar.fm/webp/750x0/props/048740262_1768051615892.jpg | https://images.aqar.fm/webp/750x0/props/048740260_1768051615926.jpg,8,عبدالرحمن بن ابراهيم بن سعد بن مصيليخ,مؤسسة تلال العاذرية,1,2026-01-07,2026-08-13,2026-08-13,1397,2026-08-23,True,"3,000,000",False,فيلا
6560586,https://sa.aqar.fm/فلل-للبيع/الرياض/شرق-الرياض/حي-قرطبة/شارع-جبل-الأثريات-حي-قرطبة-مدينة-الرياض-منطقة-الرياض-6560586,"فيلا للبيع في شارع جبل الأثريات, حي قرطبة, مدينة الرياض, منطقة الرياض",4400000,535,5,5,3,8,حي قرطبة,الرياض,شرق الرياض,"للبيع 3فلل فيه حى قرطبة 
مساحة فيلا 535متر
درج صاله مع شقتين
للتواصل وتس ((الرقم يظهر عند الضغط على اتصال))",24.830734,46.733263,https://images.aqar.fm/webp/750x0/props/025713598_1769288536404.jpg | https://images.aqar.fm/webp/750x0/props/025713591_1770405314765.jpg | https://images.aqar.fm/webp/750x0/props/025713598_1770405315057.jpg | https://images.aqar.fm/webp/750x0/props/025713591_1770405315172.jpg | https://images.aqar.fm/webp/750x0/props/025713590_1770405315179.jpg | https://images.aqar.fm/webp/750x0/props/025713590_1770405315394.jpg | https://images.aqar.fm/webp/750x0/props/025713594_1770405315577.jpg | https://images.aqar.fm/webp/750x0/props/025713590_1770405315592.jpg,8,عبدالله بن عبدالرحمن بن علي الهمش,مكتب عبدالله عبدالرحمن علي الهمش للعقارات,1,2026-01-24,2026-01-24,2026-08-23,2226,2026-08-23,True,"4,400,000",False,فيلا
6399763,https://sa.aqar.fm/فلل-للبيع/الرياض/شرق-الرياض/حي-قرطبة/شارع-الضالع-حي-قرطبة-مدينة-الرياض-منطقة-الرياض-6399763,"فيلا للبيع في شارع الضالع, حي قرطبة, مدينة الرياض, منطقة الرياض",2800000,205,3,3,2,11,حي قرطبة,الرياض,شرق الرياض,"للبيع فيلا دوبلكس | حي قرطبة – الرياض
🏡 مواصفات العقار:
•	نوع العقار: فيلا دوبلكس
•	عمر العقار: أكثر من 10 سنوات
•	المساحة: 205 م²
•	الاستخدام: سكني
•	عدد الغرف: 3 غرف
•	الخدمات: كهرباء – مياه – صرف صحي
📍 الموقع:
•	المدينة: الرياض
•	الحي: قرطبة
•	الشارع: الضالع – واجهة جنوبية على شارع عرض 15 متر
📏 الأبعاد والحدود:
•	شمال: 10.00 م
•	جنوب: 10.06 م (شارع)
•	شرق: 20.41 م
•	غرب: 20.40 م
📜 التراخيص:
•	رخصة إعلان رقم: 7200694477
•	رخصة فال رقم: 1200014772",24.810075,46.742471,https://images.aqar.fm/webp/750x0/props/014568700_1758971691093.png | https://images.aqar.fm/webp/750x0/props/014568709_1758971691092.png | https://images.aqar.fm/webp/750x0/props/014568701_1758971691092.png | https://images.aqar.fm/webp/750x0/props/014568701_1758971691083.png | https://images.aqar.fm/webp/750x0/props/014568705_1758971691232.png | https://images.aqar.fm/webp/750x0/props/014568707_1758971691126.png | https://images.aqar.fm/webp/750x0/props/014568709_1758971691106.png | https://images.aqar.fm/webp/750x0/props/014568708_1758971691091.png | https://images.aqar.fm/webp/750x0/props/014568702_1758971691093.png | https://images.aqar.fm/webp/750x0/props/014568705_1758971691109.png,10,عبدالله مسفر,مؤسسة مكتب ضياء الشمال للعقارات,1,2025-09-27,2025-09-27,2026-08-19,1259,2026-08-23,True,"2,800,000",False,فيلا
6713498,https://sa.aqar.fm/فلل-للبيع/الرياض/شرق-الرياض/حي-قرطبة/شارع-الضالع-حي-قرطبة-مدينة-الرياض-منطقة-الرياض-6713498,"فيلا للبيع في شارع الضالع, حي قرطبة, مدينة الرياض, منطقة الرياض",2600000,205,4,4,2,11,حي قرطبة,الرياض,شرق الرياض,"الفريح العقارية ....
للبيع فيلا درج داخلي في حي قرطبة – عرض رقم 1888 H

المواصفات:
- مدخلين
- المساحة 205 متر
- تتكون من :
- دور أرضي ( يتكون من مجلس _ صاله _ مطبخ _ مقلط _ مستودع _ غرفة سائق _2 حمام _ حديقة _ مدخل سيارة )
- دور أول ( يتكون من 3 غرف نوم 1 منها ماستر _  صاله )
- دور ثاني ( يتكون من غرفة خادمة بدورة مياه _ غرفة غسيل _ مخزن _سطح  )

المميزات:
- عمر العقار 13 سنة
- تشطيب مجدد
- الواجهة جنوبية
- موقع مميز في شرق الرياض
- قريبة من جميع الخدمات والطرق الرئيسية

السعر:   2,600,000 ريال ( قابل للتفاوض )

 رقم العرض:  1888 H
-----------------
الـــفـــريـــح للــــعـــقـــارات",24.810095,46.742467,https://images.aqar.fm/webp/750x0/props/044628562_1780222834027.jpg | https://images.aqar.fm/webp/750x0/props/044628567_1780222862813.jpg | https://images.aqar.fm/webp/750x0/props/044628562_1780222862817.jpg | https://images.aqar.fm/webp/750x0/props/044628563_1780222862819.jpg | https://images.aqar.fm/webp/750x0/props/044628563_1780222862827.jpg | https://images.aqar.fm/webp/750x0/props/044628563_1780222862829.jpg | https://images.aqar.fm/webp/750x0/props/044628561_1780222862829.jpg | https://images.aqar.fm/webp/750x0/props/044628562_1780222862831.jpg | https://images.aqar.fm/webp/750x0/props/044628562_1780222862833.jpg | https://images.aqar.fm/webp/750x0/props/044628568_1780222862827.jpg | https://images.aqar.fm/webp/750x0/props/044628569_1780222862827.jpg | https://images.aqar.fm/webp/750x0/props/044628566_1780222862829.jpg | https://images.aqar.fm/webp/750x0/props/044628560_1780222862830.jpg | https://images.aqar.fm/webp/750x0/props/044628561_1780222863001.jpg | https://images.aqar.fm/webp/750x0/props/044628568_1780222863002.jpg | https://images.aqar.fm/webp/750x0/props/044628568_1780222862980.jpg | https://images.aqar.fm/webp/750x0/props/044628565_1780222862994.jpg,17,ريماز مشعل فريح المطيري,مكتب ريماز مشعل فريح المطيري للعقارات,1,2026-05-31,2026-07-28,2026-08-20,826,2026-08-23,True,"2,600,000",False,فيلا
6618694,https://sa.aqar.fm/فلل-للبيع/الرياض/شرق-الرياض/حي-قرطبة/شارع-عيدة-حي-قرطبة-مدينة-الرياض-منطقة-الرياض-6618694,"فيلا للبيع في شارع عيدة, حي قرطبة, مدينة الرياض, منطقة الرياض",4500000,576,7,5,1,10,حي قرطبة,الرياض,شرق الرياض,"فله للبيع  في قرطبه بجوار طريق الدمام 
مساحه ٥٧٦ واجهه غربي 
دور وخمس شقق عليه بنك ( مليون و900 ) 
الدور الاول 
حوش وكراج يتسع ٣ سيارات 
ملحق خارجي +دوره مياه 
مجلس رجال+ مقلط +٢ صاله +٣ غرف نوم واحده ماستر +مطبخ داخلي ومطبخ خارجي +غرفه غسيل + مخزن + غرفه سائق 
٤ حمامات و ماسس لها مصعد 
*صاله النساء والمطبخ يوجد دك لتكييف 
*الشقق 1
مجلس رجال +مقلط+ صاله + غرفتين نوم + مطبخ بمخزن * دورتين مياه 
* شقتين استديو  يوجد غرفة ومطبخ وصاله وحمام
* ⁠شقتين صغار غرفتين نوم ومطبخ وصاله وحده حمامين وحده حمام وسطح 

⁠* ⁠يوجد دك لشقتين الدور الاول متصل بالمطبخ والاسياب  والصاله 
*",24.805244,46.749024,https://images.aqar.fm/webp/750x0/props/004304625_1772993037929.jpg,1,شباب بركان بركه المطيري,مكتب درة البركات للعقارات,1,2026-03-08,2026-08-01,2026-08-23,1456,2026-08-23,True,"4,500,000",False,فيلا
6392310,https://sa.aqar.fm/فلل-للبيع/الرياض/شرق-الرياض/حي-قرطبة/شارع-ضرما-حي-قرطبة-مدينة-الرياض-منطقة-الرياض-6392310,"فيلا للبيع في شارع ضرما, حي قرطبة, مدينة الرياض, منطقة الرياض",3900000,312,6,5,1,0,حي قرطبة,الرياض,شرق الرياض,"🧲🔸فلتين جنب بعض للبيع🔸🧲
📍الرياض - قرطبة
💠مساحة الفلة ٣١٢ متر مربع 
💢دورين درج داخلي 
💎وشقة مفصولة تبعها السطح.
♦️الارضي يتكون من : مجلس ومقلط وصالة ومطبخ ودورتين مياه.
♦️فوق: ثلاث غرف ماستر كل وحدة معها حمام، وغرفة وصالة.
♦️ملحق وغرفة سواق.
🔷مؤسس مصعد.
🟡الحد 3 مليون 900

ابو سلمان
((رقم المعلن يظهر عند التواصل))
ابو باسل
((رقم المعلن يظهر عند التواصل))
ابو محمد
((رقم المعلن يظهر عند التواصل))
ابو عبدالرحمن 
((رقم المعلن يظهر عند التواصل))",24.806627,46.744484,https://images.aqar.fm/webp/750x0/props/015615658_1758467357241.jpg | https://images.aqar.fm/webp/750x0/props/015615652_1758467357249.jpg | https://images.aqar.fm/webp/750x0/props/015615656_1758467357271.jpg | https://images.aqar.fm/webp/750x0/props/015615658_1758467357253.jpg | https://images.aqar.fm/webp/750x0/props/015615650_1758467357431.jpg | https://images.aqar.fm/webp/750x0/props/015615655_1758467357241.jpg | https://images.aqar.fm/webp/750x0/props/015615654_1758467357248.jpg,7,نوير القحطاني,مكتب بيت السعادة للعقارات,1,2025-09-21,2026-02-14,2026-08-23,1394,2026-08-23,True,"3,900,000",False,فيلا
6544685,https://sa.aqar.fm/فلل-للبيع/الرياض/شرق-الرياض/حي-قرطبة/شارع-الضاحي-حي-قرطبة-مدينة-الرياض-منطقة-الرياض-6544685,"فيلا للبيع في شارع الضاحي, حي قرطبة, مدينة الرياض, منطقة الرياض",2200000,205,5,5,0,10,حي قرطبة,الرياض,شرق الرياض,"فيلا للبيع في حي قرطبه 
مساحة الارض 205 متر 
مسطحات البناء 450 متر 
الفيلا عمرها 10 سنوات تقريبا 
الدور الارضي 
مجلس وصاله ومجلط ومطبخ ودورتين مياه 
الدور الاول ثلاث غرف نوم ودورتين مياه 
الملحق غرفة شغاله وغرفة غسيل 
الفيلا نظيفه جداً

للاستفسار : ((رقم المعلن يظهر عند التواصل))",24.810188,46.742203,https://images.aqar.fm/webp/750x0/props/040296381_1768298193488.jpg,1,اريج فؤاد عمر المصباحي,شركة أعيان العربية العقارية,1,2026-01-13,2026-01-13,2026-06-18,1309,2026-08-23,True,"2,200,000",False,فيلا
6576424,https://sa.aqar.fm/فلل-للبيع/الرياض/شرق-الرياض/حي-قرطبة/شارع-الضاحي-حي-قرطبة-مدينة-الرياض-منطقة-الرياض-6576424,"فيلا للبيع في شارع الضاحي, حي قرطبة, مدينة الرياض, منطقة الرياض",2000000,205,3,,,11,حي قرطبة,الرياض,شرق الرياض,فيلا دوبلكس 205 متر  في قرطبة  مجمع الارجان السكني عمرها أكثر من 10 سنوات الدور الأرضي مجلس ومقلط وغرفة طعام ودورتين مياه الدور الأول ثلاث غرف نوم واحدة ماستر دورتين مياه  الدور الثاني غرفة خادمة وغرفة غسيل وسطح مناسب لزيادة البناء  ويوجد غرفة السائق خارجية شارع 15 متر المجمع راقي وهادئ جدا السعر 2400000 قابل للتفاوض,24.810188,46.742203,https://images.aqar.fm/webp/750x0/props/010854767_1770224253354.jpg | https://images.aqar.fm/webp/750x0/props/010854769_1770224259413.jpg | https://images.aqar.fm/webp/750x0/props/010854762_1775664014055.jpg | https://images.aqar.fm/webp/750x0/props/010854769_1775664013976.jpg | https://images.aqar.fm/webp/750x0/props/010854769_1775664013978.jpg,5,العنود ناصر,,,2026-02-04,2026-07-29,2026-08-18,3601,2026-08-23,True,"2,000,000",False,فيلا
6738766,https://sa.aqar.fm/فلل-للبيع/الرياض/شرق-الرياض/حي-قرطبة/شارع-احمد-بن-ميسر-حي-قرطبة-مدينة-الرياض-منطقة-الرياض-6738766,"فيلا للبيع في شارع احمد بن ميسر, حي قرطبة, مدينة الرياض, منطقة الرياض",5500000,507,4,5,5,10,حي قرطبة,الرياض,شرق الرياض,"للبيع فيلا بحي قرطبة 
الفيلا بناء شخصي
المساحه 507 متر 
عرض الشارع 20
تتكون من ثلاث ادوار لكل دور صك مستقل
درج داخلي للدور الارضي مع بدروم
درج خارجي مع مدخل خارجي خاص للدورين الاول و الثاني
الدور الارضي يتكون من
مجلس + مقلط رجال + مقلط نساء + صالة + مطبخ + غرفة
خادمة + ملحق خارجي + غرفة سائق + اربع غرف نوم + ستة
حمامات
الدور الاول يتكون من
مجلس + مطبخ + صالة + ثلاث غرف نوم + ثلاث حمامات
الدور الثاني يتكون من
مجلس + مطبخ + صالة + اربع غرف نوم + ثلاث حمامات
عمر العقار اكثر من ١٠ سنوات 
البيع ٥ مليون و ٥٠٠ الف

للتواصل ((الرقم يظهر عند الضغط على اتصال))",24.810209,46.747458,https://images.aqar.fm/webp/750x0/props/044284939_1781822172222.jpg | https://images.aqar.fm/webp/750x0/props/044284932_1781822172197.jpg | https://images.aqar.fm/webp/750x0/props/044284936_1781822172217.jpg | https://images.aqar.fm/webp/750x0/props/044284939_1781822172364.jpg,4,ليان ابراهيم حسن قميري,شركة كيان الاوائل للتطوير العقاري,1,2026-06-18,2026-08-16,2026-08-19,1565,2026-08-23,True,"5,500,000",False,فيلا
6549447,https://sa.aqar.fm/فلل-للبيع/الرياض/شرق-الرياض/حي-قرطبة/شارع-الصيادة-حي-قرطبة-مدينة-الرياض-منطقة-الرياض-6549447,"فيلا للبيع في شارع الصيادة, حي قرطبة, مدينة الرياض, منطقة الرياض",3800000,399,7,,,11,حي قرطبة,الرياض,شرق الرياض,"للبيع فيلا - حي قرطبة (خلف التميمي - شارع الصيادة)

المساحة: 399 م²
- واجهة: شمالية
- شارع: 18 م
- العمر: أكثر من 10 سنوات

*مكونات الفيلا:*
- درج داخلي
- حديقة داخلية كبيرة
- مجلس رجال مع مقلط
- صالة واسعة مع غرفة طعام
- مطبخ مفتوح
- 4 دورات مياه
- الدور الأرضي: حديقة، مجلس، مقلط، صالة كبيرة، غرفة طعام، مطبخ، دورة مياه
- الدور الأول: 4 غرف نوم، صالة عائلية، 3 دورات مياه

*المميزات:*
- مدخل سيارة
- غرفة سائق
- غرفة خادمة
- غرفة غسيل
- توفر الكهرباء والمياه والصرف الصحي
- موقع مميز قريب من جميع الخدمات

*الحالة المالية:*
- الفيلا مرهونة باسم المالك
- المتبقي على الرهن: 620,000 ريال
- يتم سداد الرهن ونقل الملكية عند البيع

*السعر:* 4,000,000 ريال (كاش)
*المباشر:*  مع المالك
https://maps.app.goo.gl/PgvSY7cv8HKKzXwu8",24.808117,46.738295,,,موضي حمد هجرس الباهلي,شركة مهادا العقارية شركة شخص واحد,1,2026-01-16,2026-07-29,2026-08-21,417,2026-08-23,True,"3,800,000",False,فيلا
6744978,https://sa.aqar.fm/فلل-للبيع/الرياض/شرق-الرياض/حي-قرطبة/شارع-الشيماء-حي-قرطبة-مدينة-الرياض-منطقة-الرياض-6744978,"فيلا للبيع في شارع الشيماء, حي قرطبة, مدينة الرياض, منطقة الرياض",3400000,385,4,0,0,9,حي قرطبة,الرياض,شرق الرياض,"فلة _ حي قرطبة _ الرياض _ المساحة 385 م
شارع 15 شمالي
دورين أرضي وعلوي + شقة بالدور ثالث (بالسطح)

الدور الأرضي يحتوي على:
ملحق خارجي
مجلس رجال مع حمام ومغاسل (رخام)
صالة داخلية كبيرة تفتح على الحوش من الجهتين
الجهتين زجاج سيكوريت + الدرج وسط الصالة 
حمام نسائي مع مغاسل (رخام)
مطبخ خارجي يفتح على الصالة الداخلية والحوش
مع غرفة وحمام للشغالة مستقلة
الحوش فيه ٣ مظلات (حديد ثقيل + ديكور مرتب)
ملبس بزجاج سيكوريت

الدور العلوي يحتوي على:
غرفة نوم رئيسية ماستر الحمام رخام فيه جاكوزي
بالإضافة إلى غرفة ملابس
غرفة ماستر
غرفتين بينهما حمام مشترك
مكتب 
كيتشن قهوة
غرفة بالسطح ( مستودع )

الشقة بالدور ثالث (بالسطح) :
مدخل خاص
مجلس رجال + حمام + سطح
صالة
مطبخ
غرفتين نوم + حمامين
عداد كهرباء مستقل 

تفاصيل أخرى:
 واجهة البيت حجر طبيعي 
٣ أبواب خارجية + باب مدخل سيارة
البلاط للأدوار والحمامات والأحواش (بلاط أسباني)
أدوات الكهرباء والسباكة الداخلية (أعلى جودة)
الخزان الأرضي كبير معزول عزل مائي (إيبوسكي)
السطح معزول عزل مائي وعزل حراري (فوم)

إضافات:
احتياج البيت حالياً بوية وأبواب داخلية
سعر أجار الشقة في السوق 55 ألف ريال",24.813756,46.734879,https://images.aqar.fm/webp/750x0/props/010303937_1782226873947.jpg | https://images.aqar.fm/webp/750x0/props/010303937_1782226873936.jpg | https://images.aqar.fm/webp/750x0/props/010303934_1782226873931.jpg | https://images.aqar.fm/webp/750x0/props/010303934_1782226873934.jpg | https://images.aqar.fm/webp/750x0/props/010303937_1782226873935.jpg | https://images.aqar.fm/webp/750x0/props/010303934_1782226874008.jpg | https://images.aqar.fm/webp/750x0/props/010303939_1782226873938.jpg | https://images.aqar.fm/webp/750x0/props/010303933_1782226874129.jpg | https://images.aqar.fm/webp/750x0/props/010303939_1782226898098.jpg | https://images.aqar.fm/webp/750x0/props/010303935_1782226898108.jpg | https://images.aqar.fm/webp/750x0/props/010303931_1782226898110.jpg | https://images.aqar.fm/webp/750x0/props/010303938_1782226898089.jpg,12,محمد عبدالله محمد اليوسف,,0,2026-06-23,2026-08-20,2026-08-22,973,2026-08-23,True,"3,400,000",False,فيلا
6676450,https://sa.aqar.fm/فلل-للبيع/الرياض/شرق-الرياض/حي-قرطبة/شارع-جبل-بيسان-حي-قرطبة-مدينة-الرياض-منطقة-الرياض-6676450,"فيلا للبيع في شارع جبل بيسان, حي قرطبة, مدينة الرياض, منطقة الرياض",4500000,428,5,5,2,3,حي قرطبة,الرياض,شرق الرياض,"فيلا مميزة للبيع 
تصميم فاخر وتركيبات ذات جودة عالية
الحي / قرطبة قريبة من طريق سعيد بن زيد
في افضل مربعات قرطبة ( ابناء السيد )
بالقرب من الجامعات و واجهة الرياض والمطار في موقع مميز جداً
المساحة 428 م
الشارع 28 م مقابلها حديقة
المكونات / فيلا سكنيه + شقة في السطح بمدخل مستقل
الفيلا تتكون من مجلس خارجي و مجلس داخلي و صالة طعام وصاله داخلية و مطبخ مطل على المسبح و الشلال الخلفي 
مصعد راكب فوق 5 غرف نوم
ارضيات رخام و ابواب بي في سي
ضمانات كهرباء و سباكة و مصعد و اشراف مكتب هندسي على الانشاء
السطح غرفة خادمة مع غرفة غسيل و سطح
ضمانات كامله و تشطيب مميز
السعر / 4 مليون و 700 الف
لتواصل : ابوزياد
نعتذر من الوسطاء",24.82097,46.733295,https://images.aqar.fm/webp/750x0/props/003825605_1777561235529.jpg | https://images.aqar.fm/webp/750x0/props/003825605_1777561235521.jpg | https://images.aqar.fm/webp/750x0/props/003825601_1777561235518.jpg | https://images.aqar.fm/webp/750x0/props/003825608_1777561235514.jpg | https://images.aqar.fm/webp/750x0/props/003825608_1777561235487.jpg | https://images.aqar.fm/webp/750x0/props/003825602_1777561235527.jpg | https://images.aqar.fm/webp/750x0/props/003825608_1785189201924.jpg | https://images.aqar.fm/webp/750x0/props/003825606_1785189201881.jpg | https://images.aqar.fm/webp/750x0/props/003825608_1785189201936.jpg | https://images.aqar.fm/webp/750x0/props/003825608_1785189201936.jpg | https://images.aqar.fm/webp/750x0/props/003825602_1785189201936.jpg,11,طلال سعيد بن سعد العتيبي,,,2026-04-30,2026-04-30,2026-08-21,2394,2026-08-23,True,"4,500,000",False,فيلا
6600011,https://sa.aqar.fm/فلل-للبيع/الرياض/شرق-الرياض/حي-قرطبة/شارع-الصيادة-حي-قرطبة-مدينة-الرياض-منطقة-الرياض-6600011,"فيلا للبيع في شارع الصيادة, حي قرطبة, مدينة الرياض, منطقة الرياض",4200000,399,4,1,0,11,حي قرطبة,الرياض,شرق الرياض,"الموقع قرطبه
المساحه 500
عمر العقار 10 سنوات
فيله درج داخلي مع شقتين
موسس مصعد 
تكيف مركزي للدور الارضي
مجلس خارجي
مسبح وشلال خارجي 
غرفه سائق 
الدور الارضي
مجلس ومقلط وصالتين ومطبخ ومستودع وغرفه ماستر
وعدد 2 حمام
ودرج داخلي علوي 3 غرف ماستر وصاله.
وسطح غرفه ماستر ومستودع وحوش في السطح كبير
الشقه الاولى مجلس وصاله ومطبخ وغرفتين و2 حمام
الشقه الثانيه مجلس ومطبخ وصاله وغرفتين و2 حمام
البيع 4مليون 500
قابل للتفاوض 
من الوكيل 
https://maps.app.goo.gl/AMGZzDTo8YViTxHAA?g_st=ac",24.808359,46.739043,https://images.aqar.fm/webp/750x0/props/036376773_1783887176380.jpg | https://images.aqar.fm/webp/750x0/props/036376770_1783887176441.jpg | https://images.aqar.fm/webp/750x0/props/036376774_1783887176439.jpg | https://images.aqar.fm/webp/750x0/props/036376773_1783887176489.jpg | https://images.aqar.fm/webp/750x0/props/036376774_1783887176588.jpg | https://images.aqar.fm/webp/750x0/props/036376775_1783887176631.jpg | https://images.aqar.fm/webp/750x0/props/036376771_1783887176717.jpg | https://images.aqar.fm/webp/750x0/props/036376774_1783887176815.jpg | https://images.aqar.fm/webp/750x0/props/036376779_1783887176889.jpg | https://images.aqar.fm/webp/750x0/props/036376770_1783887176958.jpg,10,وصايف عبدالرحمن,مؤسسة كامب ليفينج,1,2026-02-21,2026-08-15,2026-08-15,449,2026-08-23,True,"4,200,000",False,فيلا
6596112,https://sa.aqar.fm/فلل-للبيع/الرياض/شرق-الرياض/حي-قرطبة/شارع-سرين-حي-قرطبة-مدينة-الرياض-منطقة-الرياض-6596112,"فيلا للبيع في شارع سرين, حي قرطبة, مدينة الرياض, منطقة الرياض",3900000,455,,7,5,11,حي قرطبة,الرياض,شرق الرياض,$5c,24.811957,46.752274,https://images.aqar.fm/webp/750x0/props/006111428_1772911270325.jpg | https://images.aqar.fm/webp/750x0/props/006111423_1772911270262.jpg | https://images.aqar.fm/webp/750x0/props/006111421_1772911270333.jpg | https://images.aqar.fm/webp/750x0/props/006111426_1772911270329.jpg | https://images.aqar.fm/webp/750x0/props/006111426_1772911270261.jpg | https://images.aqar.fm/webp/750x0/props/006111425_1772911270336.jpg,6,رضا المازني,مؤسسة الروابط العقارية,1,2026-02-18,2026-08-12,2026-08-16,1834,2026-08-23,True,"3,900,000",False,فيلا
6821496,https://sa.aqar.fm/فلل-للبيع/الرياض/شرق-الرياض/حي-قرطبة/شارع-السيوطي-حي-قرطبة-مدينة-الرياض-منطقة-الرياض-6821496,"فيلا للبيع في شارع السيوطي, حي قرطبة, مدينة الرياض, منطقة الرياض",4000000,369,,7,2,11,حي قرطبة,الرياض,شرق الرياض,للبيع فيلا درج داخلي  مساحة 369.6  بحي قرطبة الغربي الفيلا,24.818515,46.716612,https://images.aqar.fm/webp/750x0/props/025493823_1786661149069.jpg | https://images.aqar.fm/webp/750x0/props/025493829_1786661488133.jpg | https://images.aqar.fm/webp/750x0/props/025493820_1786661419428.jpg | https://images.aqar.fm/webp/750x0/props/025493825_1786661507554.jpg | https://images.aqar.fm/webp/750x0/props/025493823_1786661544498.jpg | https://images.aqar.fm/webp/750x0/props/025493826_1786661579868.jpg | https://images.aqar.fm/webp/750x0/props/025493821_1786661593309.jpg,7,عمر حجرف,مؤسسة مكتب اعتمد للعقارات,1,2026-08-13,2026-08-13,2026-08-18,402,2026-08-23,True,"4,000,000",False,فيلا
6760834,https://sa.aqar.fm/فلل-للبيع/الرياض/شرق-الرياض/حي-قرطبة/شارع-الصباحية-حي-قرطبة-مدينة-الرياض-منطقة-الرياض-6760834,"فيلا للبيع في شارع الصباحية, حي قرطبة, مدينة الرياض, منطقة الرياض",3400000,378,4,5,3,10,حي قرطبة,الرياض,شرق الرياض,"تتقدم شركة الرائد العقاريه لعملانا الكرام 

فيلا مستخدمه حي قرطبه 

درج داخلي مع شقتين 

مستخدمه 12 سنه

مجدد بالكامل

مساحه/378 متر 
السعر 3مليون 400 قابل للتفاوض 

موقع استرتيجي 
قريب من جميع الخدمات 

شركه الرائد العقاريه 

للتواصل معنا/((الرقم يظهر عند الضغط على اتصال))",24.811707,46.737232,https://images.aqar.fm/webp/750x0/props/046654681_1783265367006.jpg,1,رائد مقبل بن محمد العصيمي,مؤسسة رائد مقبل بن محمد العصيمي للمقاولات العامة,1,2026-07-05,2026-08-03,2026-08-23,519,2026-08-23,True,"3,400,000",False,فيلا
6686569,https://sa.aqar.fm/فلل-للبيع/الرياض/شرق-الرياض/حي-قرطبة/شارع-السلطاني-حي-قرطبة-مدينة-الرياض-منطقة-الرياض-6686569,"فيلا للبيع في شارع السلطاني, حي قرطبة, مدينة الرياض, منطقة الرياض",4800000,720,5,5,2,0,حي قرطبة,الرياض,شرق الرياض,"للبيع فيلا عظم بحي قرطبه
المساحة :720
شارعين 15 وممر 6
ملحق ماستر في السطح 
و أربع غرف نوم بالدور الأول 
 والأرضي:
  صالة ضيوف كبيرة مع مدخل انيق و مطبخ و صالة طعام منفصلة عن صالون الضيوف مطلة على الحديقة الخلفييه بمساخ 240م   و صالة معيشة ومجلس وغرفة سائق",24.832922,46.742034,https://images.aqar.fm/webp/750x0/props/001537660_1779296193584.jpg,1,محمد بن يوسف بن عبدالعزيز الجبر,مكتب فلتك للعقارات,1,2026-05-07,2026-08-02,2026-08-21,1535,2026-08-23,True,"4,800,000",False,فيلا
6727459,https://sa.aqar.fm/فلل-للبيع/الرياض/شرق-الرياض/حي-قرطبة/شارع-الصيادة-حي-قرطبة-مدينة-الرياض-منطقة-الرياض-6727459,"فيلا للبيع في شارع الصيادة, حي قرطبة, مدينة الرياض, منطقة الرياض",3600000,338,,5,3,10,حي قرطبة,الرياض,شرق الرياض,"تحديث العرض 
 
✨للبيـــــــــع فيلا بحي قرطبة + شقة مسروقة✨
عمر العقار 10 سنوات بس الفيلا موجدده بالكامل 
المساحه 338 متر 
شارع 15م جنوبي

 ⚜️تتكون من.............. ⚜️

مع مواقف سعة (٤) سيارات 
ارتداد امامي ٤ متر وخلفي ٢متر

الدور الارضي>>>> 
جلسه خارجيه  ومجلس رجال ومقلط وصالة نساء مفتوحة ومجلس نساء وعدد 2 دورة مياه ومطبخ كبير مع مستودع وغرفة غسيل وغرفة خادمة مع حمام خاص بها حوش امامي مع ارتداد جانبي وارتداد خلفي للفلة
درج داخلي و غرفة سائق 

الدور العلوي>>>>
 به صالة عائلية صغيره وميني بار صغير مع عدد غرفتين ماستر مع دورات مياه وبلكونه واسعه في غرفة الماستر الرئيسية بالاضافة الى عدد غرفتين واسعة بينهم دورة مياه، التأثيث كامل وجديد وبها عدد ١٢ مكيف و٣ تلفزيونات واجهزة المطبخ كاملة من ميكرويف وفرن غاز وكهرباء وعدد ثلاجتين وفريزر كبيرر
طقم المطبخ غالي

يوجد شقة مسروقة>>>> 
 مؤجرة ب ٤٥ الف
وبها غرفتين نوم وصالة ومجلس رجال ومطبخ وبلكونه واسعه مع السطح 
مكيفات الشقه كاملة
البيع مع الاثاث كامل 100%
مع العلم بأن الاثاث جديد تم شراءه قبل ٤ اشهر من غرف نوم وجلسات
البيع 3مليون 
«مباشر من المالك»",24.80834,46.739059,https://images.aqar.fm/webp/750x0/props/050446793_1781107076175.jpg | https://images.aqar.fm/webp/750x0/props/050446798_1781107075661.jpg | https://images.aqar.fm/webp/750x0/props/050446795_1781107075660.jpg | https://images.aqar.fm/webp/750x0/props/050446790_1781107075810.jpg | https://images.aqar.fm/webp/750x0/props/050446796_1781107075752.jpg | https://images.aqar.fm/webp/750x0/props/050446794_1781107075788.jpg | https://images.aqar.fm/webp/750x0/props/050446791_1781107075871.jpg | https://images.aqar.fm/webp/750x0/props/050446799_1781107075931.jpg | https://images.aqar.fm/webp/750x0/props/050446796_1781107076042.jpg | https://images.aqar.fm/webp/750x0/props/050446799_1781107076197.jpg | https://images.aqar.fm/webp/750x0/props/050446799_1781107076268.jpg | https://images.aqar.fm/webp/750x0/props/050446799_1781107076363.jpg | https://images.aqar.fm/webp/750x0/props/050446798_1781107076544.jpg | https://images.aqar.fm/webp/750x0/props/050446791_1781107076546.jpg | https://images.aqar.fm/webp/750x0/props/050446793_1781107076737.jpg,15,جواهر بنت عبدالعزيز بن سعيد ال سعيد,مكتب ريحانة نجد للعقارات,1,2026-06-10,2026-08-07,2026-08-21,326,2026-08-23,True,"3,600,000",False,فيلا
6759282,https://sa.aqar.fm/فلل-للبيع/الرياض/شرق-الرياض/حي-قرطبة/شارع-واصل-حي-قرطبة-مدينة-الرياض-منطقة-الرياض-6759282,"فيلا للبيع في شارع واصل, حي قرطبة, مدينة الرياض, منطقة الرياض",4750000,500,6,,,10,حي قرطبة,الرياض,شرق الرياض,"للبيع فيلا درج داخلي مع شقتين
في حي قرطبه
 المساحه 500 م
الشارع 20م
العمر 10 سنوات
مؤسس مصعد
الدور الارضي 
مجلس وصلتين ومطبخ ومستودع وغرفه مستر 
ودورتي المياه 
ويوجد مسبح وشلال خارجي وغرفه سايق
الشقه تتكون من غرفتين وصاله ودورتين مياه
البيع 4 مليون و 400 الف
للتواصل ((الرقم يظهر عند الضغط على اتصال))",24.815358,46.745207,https://images.aqar.fm/webp/750x0/props/053384501_1783178101149.jpg | https://images.aqar.fm/webp/750x0/props/053384507_1783178100043.jpg | https://images.aqar.fm/webp/750x0/props/053384500_1783178100186.jpg | https://images.aqar.fm/webp/750x0/props/053384508_1783178100303.jpg | https://images.aqar.fm/webp/750x0/props/053384503_1783178100346.jpg | https://images.aqar.fm/webp/750x0/props/053384501_1783178100487.jpg | https://images.aqar.fm/webp/750x0/props/053384500_1783178100547.jpg | https://images.aqar.fm/webp/750x0/props/053384508_1783178100625.jpg | https://images.aqar.fm/webp/750x0/props/053384508_1783178100677.jpg | https://images.aqar.fm/webp/750x0/props/053384507_1783178100750.jpg | https://images.aqar.fm/webp/750x0/props/053384506_1783178100841.jpg | https://images.aqar.fm/webp/750x0/props/053384502_1783178100933.jpg | https://images.aqar.fm/webp/750x0/props/053384509_1783178101093.jpg | https://images.aqar.fm/webp/750x0/props/053384503_1783178101233.jpg | https://images.aqar.fm/webp/750x0/props/053384500_1783178101320.jpg | https://images.aqar.fm/webp/750x0/props/053384504_1783178101418.jpg,16,نوره الحربي,مؤسسة أسطورة الرائد للتجارة,1,2026-07-04,2026-08-02,2026-08-21,313,2026-08-23,True,"4,750,000",False,فيلا
6683293,https://sa.aqar.fm/فلل-للبيع/الرياض/شرق-الرياض/حي-قرطبة/شارع-عجمان-حي-قرطبة-مدينة-الرياض-منطقة-الرياض-6683293,"فيلا للبيع في شارع عجمان, حي قرطبة, مدينة الرياض, منطقة الرياض",6000000,669,5,7,2,11,حي قرطبة,الرياض,شرق الرياض,موقع مميز مساحة 669.5 م مربع 24.5 * 27.5 شارع غربي 20 متر مع ممر شمالي 6 متر مكتمل الخدمات قريب من الحدائق والملاعب وشارع خالد بن الوليد والتميمي والمطاعم حي راقي ويصلح للعائلات الكبيرة يوجد غرفة سوق وملحق ومؤثث ومكيفات سبلت ومطبخ راكب وحديقة,24.80811,46.740496,https://images.aqar.fm/webp/750x0/props/000590916_1777988688648.jpg | https://images.aqar.fm/webp/750x0/props/000590919_1777988688631.jpg | https://images.aqar.fm/webp/750x0/props/000590914_1777988688636.jpg | https://images.aqar.fm/webp/750x0/props/000590916_1777988688640.jpg,4,عبدالله عبدالعزيز مرعي العمري,,,2026-05-05,2026-07-31,2026-07-31,1532,2026-08-23,True,"6,000,000",False,فيلا
6717621,https://sa.aqar.fm/فلل-للبيع/الرياض/شرق-الرياض/حي-قرطبة/شارع-الصيادة-حي-قرطبة-مدينة-الرياض-منطقة-الرياض-6717621,"فيلا للبيع في شارع الصيادة, حي قرطبة, مدينة الرياض, منطقة الرياض",4100000,399,,1,0,11,حي قرطبة,الرياض,شرق الرياض,"للبيع فيلا 

حي قرطبة شارع الصيادة خلف التميمي 
المساحة 399متر
مدخل سيارة 
غرفة سايق 
غرفة خادمة 
حوش

درج داخلي حديقة كبيرة 
تحت استقبال مجلس ومقلط وصالة كبيرة مع غرفة طعام 
مطبخ مفتوح 
دورة مياه 
الدور الأول ٤ غرف نوم 
٣ دورات مياه 
صالة 

وغرفة شغاله وغرفة غسيل
السعر 4مليون 100

يوجد عروض اخر 
يوجد عروض اخر 
الرجاء تواصل وتساب 

ابو سلطان 
0548959739",24.80834,46.739059,https://images.aqar.fm/webp/750x0/props/030708510_1780498937092.jpg,1,جواهر ال سعيد,مكتب ريحانة نجد للعقارات,1,2026-06-03,2026-07-02,2026-08-22,99,2026-08-23,True,"4,100,000",False,فيلا
6815452,https://sa.aqar.fm/فلل-للبيع/الرياض/شرق-الرياض/حي-قرطبة/شارع-السنهوري-حي-قرطبة-مدينة-الرياض-منطقة-الرياض-6815452,"فيلا للبيع في شارع السنهوري, حي قرطبة, مدينة الرياض, منطقة الرياض",4500000,458,5,0,0,6,حي قرطبة,الرياض,شرق الرياض,$5e,24.819685,46.735337,https://images.aqar.fm/webp/750x0/props/020203129_1786393461294.jpg | https://images.aqar.fm/webp/750x0/props/020203122_1786393461171.jpg | https://images.aqar.fm/webp/750x0/props/020203129_1786393461032.jpg | https://images.aqar.fm/webp/750x0/props/020203128_1786393461290.jpg | https://images.aqar.fm/webp/750x0/props/020203129_1786393461013.jpg | https://images.aqar.fm/webp/750x0/props/020203126_1786393461309.jpg | https://images.aqar.fm/webp/750x0/props/020203121_1786393461299.jpg | https://images.aqar.fm/webp/750x0/props/020203129_1786393461305.jpg,8,مهند فهد عبدالله الراشد,,,2026-08-10,2026-08-10,2026-08-10,331,2026-08-23,True,"4,500,000",False,فيلا
6591420,https://sa.aqar.fm/فلل-للبيع/الرياض/شرق-الرياض/حي-قرطبة/شارع-الصيادة-حي-قرطبة-مدينة-الرياض-منطقة-الرياض-6591420,"فيلا للبيع في شارع الصيادة, حي قرطبة, مدينة الرياض, منطقة الرياض",3999900,399,7,5,3,10,حي قرطبة,الرياض,شرق الرياض,"فله للبيع
حي قرطبة 
مساحه 399م
خلف التميمي
تتكون من 
درج صاله حديقه كبيره
تحت استقبال مجلس ومقلط وصاله كبيره مع غرفه طعام ومطبخ مفتوح ودوره مياه

الدور الاول 
4 غرف نوم و3 دوره مياه وصاله وغرفه سواق وغرفه شغاله وغرفه غسيل 
مرهونه للبنك ب 620 الف

البيع 4 مليون شامل الرهن 

*🔴السعي في ذمه من يوصل العقار من طرف مكتبنا🔴* 

https://maps.google.com/?q=24.808361,46.739006",24.80834,46.739059,https://images.aqar.fm/webp/750x0/props/005405666_1771170181261.jpg | https://images.aqar.fm/webp/750x0/props/005405667_1771170191797.jpg | https://images.aqar.fm/webp/750x0/props/005405661_1771170191794.jpg | https://images.aqar.fm/webp/750x0/props/005405667_1771170191822.jpg,4,مساعد محمد بن علي الزهراني,مكتب مساعد محمد بن علي الزهراني للعقارات,1,2026-02-15,2026-08-09,2026-08-09,150,2026-08-23,True,"3,999,900",False,فيلا
6800614,https://sa.aqar.fm/فلل-للبيع/الرياض/شرق-الرياض/حي-قرطبة/شارع-واصل-حي-قرطبة-مدينة-الرياض-منطقة-الرياض-6800614,"فيلا للبيع في شارع واصل, حي قرطبة, مدينة الرياض, منطقة الرياض",4750000,500,4,0,0,10,حي قرطبة,الرياض,شرق الرياض,"الموقع قرطبه
المساحه 500
عمر العقار 10 سنوات
فيله درج داخلي مع شقتين
موسس مصعد 
تكيف مركزي للدور الارضي
مجلس خارجي
مسبح وشلال خارجي 
غرفه سائق 
الدور الارضي
مجلس ومقلط وصالتين ومطبخ ومستودع وغرفه ماستر
وعدد 2 حمام
ودرج داخلي علوي 3 غرف ماستر وصاله.
وسطح غرفه ماستر ومستودع وحوش في السطح كبير
الشقه الاولى مجلس وصاله ومطبخ وغرفتين و2 حمام
الشقه الثانيه مجلس ومطبخ وصاله وغرفتين و2 حمام",24.815358,46.745207,https://images.aqar.fm/webp/750x0/props/014840670_1785605606875.jpg | https://images.aqar.fm/webp/750x0/props/014840677_1785605606923.jpg | https://images.aqar.fm/webp/750x0/props/014840673_1785605606838.jpg | https://images.aqar.fm/webp/750x0/props/014840676_1785605606830.jpg | https://images.aqar.fm/webp/750x0/props/014840676_1785605606849.jpg | https://images.aqar.fm/webp/750x0/props/014840673_1785605606835.jpg | https://images.aqar.fm/webp/750x0/props/014840679_1785605606988.jpg | https://images.aqar.fm/webp/750x0/props/014840670_1785605606711.jpg | https://images.aqar.fm/webp/750x0/props/014840677_1785605688074.jpg | https://images.aqar.fm/webp/750x0/props/014840672_1785605688062.jpg | https://images.aqar.fm/webp/750x0/props/014840673_1785605688056.jpg | https://images.aqar.fm/webp/750x0/props/014840678_1785605687940.jpg | https://images.aqar.fm/webp/750x0/props/014840671_1785605688060.jpg | https://images.aqar.fm/webp/750x0/props/014840678_1785605688058.jpg | https://images.aqar.fm/webp/750x0/props/014840673_1785605687939.jpg | https://images.aqar.fm/webp/750x0/props/014840670_1785605688067.jpg,16,عائض علي ناصر,مؤسسة مكتب رياض التميز للعقارات,1,2026-08-01,2026-08-01,2026-08-18,131,2026-08-23,True,"4,750,000",False,فيلا
6454959,https://sa.aqar.fm/فلل-للبيع/الرياض/شرق-الرياض/حي-قرطبة/شارع-الشاهر-حي-قرطبة-مدينة-الرياض-منطقة-الرياض-6454959,"فيلا للبيع في شارع الشاهر, حي قرطبة, مدينة الرياض, منطقة الرياض",5800000,630,6,1,0,11,حي قرطبة,الرياض,شرق الرياض,$5c,24.817129,46.718387,https://images.aqar.fm/webp/750x0/props/030673864_1762349601523.jpg | https://images.aqar.fm/webp/750x0/props/030673864_1762349602017.jpg | https://images.aqar.fm/webp/750x0/props/030673868_1762349601155.jpg | https://images.aqar.fm/webp/750x0/props/030673861_1762349601301.jpg | https://images.aqar.fm/webp/750x0/props/030673861_1762349601376.jpg | https://images.aqar.fm/webp/750x0/props/030673866_1762349601633.jpg | https://images.aqar.fm/webp/750x0/props/030673866_1762349601747.jpg | https://images.aqar.fm/webp/750x0/props/030673866_1762349601877.jpg | https://images.aqar.fm/webp/750x0/props/030673861_1762349602181.jpg | https://images.aqar.fm/webp/750x0/props/030673866_1762349602334.jpg | https://images.aqar.fm/webp/750x0/props/030673867_1762349602473.jpg | https://images.aqar.fm/webp/750x0/props/030673862_1762349699452.jpg | https://images.aqar.fm/webp/750x0/props/030673868_1762349699613.jpg | https://images.aqar.fm/webp/750x0/props/030673861_1762349699743.jpg | https://images.aqar.fm/webp/750x0/props/030673861_1762349699894.jpg | https://images.aqar.fm/webp/750x0/props/030673866_1762349700060.jpg,16,سلطان سويري قنيفذ العنزي,,,2025-11-05,2026-08-14,2026-08-14,2996,2026-08-23,True,"5,800,000",False,فيلا
6663003,https://sa.aqar.fm/فلل-للبيع/الرياض/شرق-الرياض/حي-قرطبة/شارع-جبل-الأجداد-حي-قرطبة-مدينة-الرياض-منطقة-الرياض-6663003,"فيلا للبيع في شارع جبل الأجداد, حي قرطبة, مدينة الرياض, منطقة الرياض",5500000,464,,5,2,6,حي قرطبة,الرياض,شرق الرياض,"المساحه ٤٦٤م
درج داخلي + ٣ شقق
الدرج الداخلي يتكون من 
مجلس خارجي +غرفة سايق +مجلس +مقلط +صاله +مجلس نساء +غرفة كبار سن +مطبخ +غرفة خادمة +٤ غرف نوم
٢ منها ماستر+ عدد ٥ دورات مياه
+خزان غاز مركزي للفلة فقط
الشقق تتكون من 
٣ غرف وصالة ومطبخ وعدد ٢ دورات مياة راكب مكيفات ومطابخ لكامل الفله والشقق. الاسطح ٢ 
سطح مستقل للشقة رقم ٣
شارع ٢٠ جنوبي وحديقه
الشقق مؤجره بالكامل

بناء شخصي",24.828779,46.731386,https://images.aqar.fm/webp/750x0/props/002623330_1776706123703.jpg | https://images.aqar.fm/webp/750x0/props/002623332_1776706318144.jpg | https://images.aqar.fm/webp/750x0/props/002623332_1776706318143.jpg | https://images.aqar.fm/webp/750x0/props/002623337_1776706318146.jpg | https://images.aqar.fm/webp/750x0/props/002623338_1776706318151.jpg | https://images.aqar.fm/webp/750x0/props/002623336_1776706318052.jpg | https://images.aqar.fm/webp/750x0/props/002623330_1776706318146.jpg | https://images.aqar.fm/webp/750x0/props/002623331_1776706318161.jpg,8,عبدالله العتيبي,,,2026-04-20,2026-05-20,2026-07-13,1163,2026-08-23,True,"5,500,000",False,فيلا
6781510,https://sa.aqar.fm/فلل-للبيع/الرياض/شرق-الرياض/حي-قرطبة/شارع-الصيادة-حي-قرطبة-مدينة-الرياض-منطقة-الرياض-6781510,"فيلا للبيع في شارع الصيادة, حي قرطبة, مدينة الرياض, منطقة الرياض",4200000,390,,5,5,11,حي قرطبة,الرياض,شرق الرياض,"للبيع فيلا مرممة في حي قرطبة
📍 الموقع: حي قرطبة
📐 المساحة: 390 م2
🧱 العمر: 12 سنة (تم ترميمها)
🧭 الواجهة: شرقية
 عرض الشارع: 20 متر
مواصفات العقار:
* فيلا تحتوي على شقتين بمدخلين مستقلين.
* الشقة العلوية:
    * 3 غرف نوم.
    صالة. مطبخ سطح خاص
* الفيلا:
    * الدور الثاني 4 غرف نوم، منها غرفة ماستر.
    * الدور الارضي درج داخلي ومدخل مجلس ومجلس ودورة مياة وغرفة طعام وغرفة ضيافه و عدد 2 صاله مفتوحه على بعض مع دورة مياه و2 مطبخ داخلي وخارجي مع غرفة خادمة و مع دورة مياه
* مبني مستودع خلف الحوش 
    * غرفة في السطح بالدور الأخير.
 سطح. غرفة سائق. حوش واسع.ملحق خارجي.
✨ فيلا مرممة، مناسبة للسكن أو الاستثمار، وتتميز بوجود شقتين مستقلتين بمدخلين منفصلين، مما يوفر خصوصية عالية وفرصة لتحقيق دخل إضافي.
حد البيع ٤مليون ٣٠٠
الفيلا ساكنه لازم موعد 
مباشر مع الوكيل",24.808362,46.739079,https://images.aqar.fm/webp/750x0/props/043951370_1784492379323.jpg,1,صالح بن عبيد بن عايش العنزي,مكتب ابداع الصحافة للخدمات العقارية,1,2026-07-19,2026-08-18,2026-08-23,270,2026-08-23,True,"4,200,000",False,فيلا
6560653,https://sa.aqar.fm/فلل-للبيع/الرياض/شرق-الرياض/حي-قرطبة/شارع-الصباحية-حي-قرطبة-مدينة-الرياض-منطقة-الرياض-6560653,"فيلا للبيع في شارع الصباحية, حي قرطبة, مدينة الرياض, منطقة الرياض",3450000,378,7,1,0,11,حي قرطبة,الرياض,شرق الرياض,"فيلا للبيع 
مساحه378م

حي قرطبة 

شارع ١٥ شمالي
قبو يتكون 
مجلس + مقلط+ ركن قهوة
أرضي يتكون
 مجلس نساء + مطبخين+ صالة +دورتين مياه.
أول يتكون 
 غرفة نوم رئيسية + وصالة + غرفة بدورة مياه + غرفتين + دورة مياه.
دور ثاني يتكون
 ٣ غرف + غرفة خادمة + غرفة غسيل + مشب صغير + دورتين مياه.
أسبلت مخفي فوجي
واجهه زجاج سكتشر 
مصعد راكب
غرفة سائق 
العمر ١١ سنوات 
للبيع ٣مليون و٤٥٠الف 
على شور
الموقع.",24.811396,46.736494,https://images.aqar.fm/webp/750x0/props/034048569_1769290248669.jpg | https://images.aqar.fm/webp/750x0/props/034048567_1769290248842.jpg | https://images.aqar.fm/webp/750x0/props/034048563_1769290248840.jpg | https://images.aqar.fm/webp/750x0/props/034048566_1769290248843.jpg | https://images.aqar.fm/webp/750x0/props/034048569_1769290249008.jpg | https://images.aqar.fm/webp/750x0/props/034048565_1769290249202.jpg | https://images.aqar.fm/webp/750x0/props/034048567_1769290249239.jpg | https://images.aqar.fm/webp/750x0/props/034048565_1769290249426.jpg | https://images.aqar.fm/webp/750x0/props/034048564_1769290249591.jpg | https://images.aqar.fm/webp/750x0/props/034048568_1769290249595.jpg | https://images.aqar.fm/webp/750x0/props/034048560_1769290249777.jpg | https://images.aqar.fm/webp/750x0/props/034048564_1769290249956.jpg | https://images.aqar.fm/webp/750x0/props/034048565_1769290249961.jpg | https://images.aqar.fm/webp/750x0/props/034048569_1769290250128.jpg,14,صالح محمد,مؤسسة روف الصفوة العقارية,1,2026-01-24,2026-07-24,2026-08-21,710,2026-08-23,True,"3,450,000",False,فيلا
6422006,https://sa.aqar.fm/فلل-للبيع/الرياض/شرق-الرياض/حي-قرطبة/شارع-حيدرة-بن-محمد-حي-قرطبة-مدينة-الرياض-منطقة-الرياض-6422006,"فيلا للبيع في شارع حيدرة بن محمد, حي قرطبة, مدينة الرياض, منطقة الرياض",3000000,237,7,5,2,0,حي قرطبة,الرياض,شرق الرياض,"🛑نرجو قراءة التفاصيل 👇🛑 050.6767.742
للبيع         : ٣ فيلا دبلكس
الحي          : قرطبه
المساحه  : ٢٣٧م
الواجهه    : شمال ، غرب
البيع        : ٣ مليون و ٤٠٠ الف
#️⃣المواصفات#️⃣
#️⃣الدور الأرضي#️⃣مجلس،مقلط،صاله،مطبخ، مؤسس مصعد،غرفة خادمه وغسيل
#️⃣الدور العلوي#️⃣ ٤ غرف وصاله 
#️⃣السطح#️⃣ ٣ غرف وصاله و سطح",24.83269,46.738096,https://images.aqar.fm/webp/750x0/props/001388170_1760359685701.jpg | https://images.aqar.fm/webp/750x0/props/005052916_1761650061502.jpg | https://images.aqar.fm/webp/750x0/props/005052919_1761650061805.jpg | https://images.aqar.fm/webp/750x0/props/005052915_1761650062115.jpg | https://images.aqar.fm/webp/750x0/props/005052914_1761650062106.jpg | https://images.aqar.fm/webp/750x0/props/005052913_1761650062286.jpg | https://images.aqar.fm/webp/750x0/props/005052917_1761650062406.jpg | https://images.aqar.fm/webp/750x0/props/005052914_1761650062710.jpg | https://images.aqar.fm/webp/750x0/props/005052919_1761650062863.jpg,9,محمد الدرعاني,شركة مجموعة الدرعاني العقارية,1,2025-10-13,2026-08-18,2026-08-23,2656,2026-08-23,True,"3,000,000",False,فيلا
6727379,https://sa.aqar.fm/فلل-للبيع/الرياض/شرق-الرياض/حي-قرطبة/شارع-الطويراني-حي-قرطبة-مدينة-الرياض-منطقة-الرياض-6727379,"فيلا للبيع في شارع الطويراني, حي قرطبة, مدينة الرياض, منطقة الرياض",3000000,308,5,1,0,11,حي قرطبة,الرياض,شرق الرياض,"نستقبل عروضكم ونسوقها بكل احترافيه 

وسيط عقاري مرخص من الهيئة العامة للعقار 

قرطبة 
فيلا المساحة 308 م درج صاله موقع استثنائي قريب
من طريق الامير محمد بن سلمان 
مميزات الفله 
شارع 15 
واجهه شرقية
العمر 14 سنه
درج صاله 
الدور الارضي 
مجلس رجال 
صالة طعام 
مجلس نساء مفتوح على 
صاله كبيرة 
مطبخ مغلق 
درج وسط الصالة 
عدد 2 حمام
الدور الثاني 
2 غرفة ماستر بدورة مياة 
2 غرفة بينها حمام 
السطح 
غرفة بحمام 

الحوش 
ملحق 
غرفة سائق بدورة مياة
مدخل سيارة 

ارضيات الدور الارضي بورسلان 
مكيفات راكبه 
مطبخ راكب 
الفلة نظيفه جدا",24.815301,46.737377,https://images.aqar.fm/webp/750x0/props/049205913_1781107476539.jpg,1,عثمان عبدالله,,,2026-06-10,2026-08-07,2026-08-08,389,2026-08-23,True,"3,000,000",False,فيلا
6756951,https://sa.aqar.fm/فلل-للبيع/الرياض/شرق-الرياض/حي-قرطبة/شارع-راية-حي-قرطبة-مدينة-الرياض-منطقة-الرياض-6756951,"فيلا للبيع في شارع راية, حي قرطبة, مدينة الرياض, منطقة الرياض",7000000,768,,5,2,11,حي قرطبة,الرياض,شرق الرياض,"أرض تجارية استثمارية | حي قرطبة، شارع 30

مكونه من فيلا دور + ثلاث شقق

📍 الموقع: حي قرطبة – شارع تجاري (شارع 30)
📐 المساحة: 768 م²
🧭 الواجهة: شمالية
🏫 القرب من: حدائق ومدارس ومرافق خدمية متكاملة

━━━━━━━━━━━━━━━━━━━━

فرصة استثمارية مميزة في قلب قرطبة!

قطعة أرض على شارع تجاري حيوي بحي قرطبة، شارع 30، بمساحة 768 م² وواجهة شمالية، تصلح لأكثر من غرض:

✅ مشروع استثماري تجاري – الموقع على الشارع التجاري يفتح المجال لإنشاء معرض تجاري أو مبنى مكاتب بعائد إيجاري ممتاز
✅ بناء عمارة سكنية (شقق تمليك) – موقع مثالي لمشروع سكني متكامل يخدم الطلب المتزايد في المنطقة
✅ قرب الخدمات – محاطة بالحدائق والمدارس، ما يرفع من جاذبية المشروع لسكان العائلات",24.80507,46.744054,https://images.aqar.fm/webp/750x0/props/042091863_1782997654791.jpg,1,تركي عبدالله,,,2026-07-02,2026-07-31,2026-08-22,436,2026-08-23,True,"7,000,000",False,فيلا
6779623,https://sa.aqar.fm/فلل-للبيع/الرياض/شرق-الرياض/حي-قرطبة/شارع-الساويه-حي-قرطبة-مدينة-الرياض-منطقة-الرياض-6779623,"فيلا للبيع في شارع الساويه, حي قرطبة, مدينة الرياض, منطقة الرياض",4450000,420,,0,0,0,حي قرطبة,الرياض,شرق الرياض,$5c,24.811366,46.747178,https://images.aqar.fm/webp/750x0/props/003741483_1784391774165.jpg | https://images.aqar.fm/webp/750x0/props/003741482_1784391774167.jpg | https://images.aqar.fm/webp/750x0/props/003741486_1784391774115.jpg | https://images.aqar.fm/webp/750x0/props/003741487_1784392428000.jpg | https://images.aqar.fm/webp/750x0/props/003741484_1784392428038.jpg | https://images.aqar.fm/webp/750x0/props/003741487_1784392428030.jpg | https://images.aqar.fm/webp/750x0/props/003741481_1784392428048.jpg | https://images.aqar.fm/webp/750x0/props/003741484_1784392428021.jpg | https://images.aqar.fm/webp/750x0/props/003741488_1784392427997.jpg,9,ابتسام معوض,شركة فرصة للتطوير والاستثمار العقاري,1,2026-07-18,2026-08-16,2026-08-20,885,2026-08-23,True,"4,450,000",False,فيلا
6670523,https://sa.aqar.fm/فلل-للبيع/الرياض/شرق-الرياض/حي-قرطبة/شارع-واصل-حي-قرطبة-مدينة-الرياض-منطقة-الرياض-6670523,"فيلا للبيع في شارع واصل, حي قرطبة, مدينة الرياض, منطقة الرياض",4750000,500,7,7,2,10,حي قرطبة,الرياض,شرق الرياض,"فيلا سكنية للبيع في حي قرطبة
اسعر قابل للتفاوض
 بمساحة 500 متر مربع، عمر العقار 10 سنوات، تصميم درج داخلي مع شقتين مستقلة، مع تأسيس مصعد. تقع الفيلا في موقع مميز قريب من جميع الخدمات، الأسواق، المولات، المدارس، المساجد، والمراكز الصحية، إضافة إلى سهولة الوصول للطرق الرئيسية والمحاور الحيوية. مواصفات الفيلا: الدور الأرضي: مجلس واسع، مقلط، صالتان، مطبخ، مستودع، غرفة نوم ماستر، عدد 2 حمام، مجلس خارجي، مسبح، شلال خارجي، وغرفة سائق. التكييف مركزي للدور الأرضي. الدور العلوي: 3 غرف نوم ماستر، وصالة عائلية. السطح: غرفة نوم ماستر، مستودع، وسطح واسع بحوش كبير. الشقة الأولى: مجلس، صالة، مطبخ، غرفتان نوم، عدد 2 حمام. الشقة الثانية: مجلس، صالة، مطبخ، غرفتان نوم، عدد 2 حمام. العقار مناسب للسكن العائلي أو للاستثمار، مع إمكانية الاستفادة من دخل الشقق، ويتميز بتوزيع عملي ومساحات واسعة وموقع حيوي قريب من كافة الخدمات",24.815358,46.745207,https://images.aqar.fm/webp/750x0/props/049388889_1780929505333.jpg | https://images.aqar.fm/webp/750x0/props/049388880_1780929432782.jpg | https://images.aqar.fm/webp/750x0/props/049388889_1780929521345.jpg | https://images.aqar.fm/webp/750x0/props/049388881_1780929549948.jpg | https://images.aqar.fm/webp/750x0/props/049388884_1780929563056.jpg | https://images.aqar.fm/webp/750x0/props/049388886_1780929600691.jpg | https://images.aqar.fm/webp/750x0/props/049388889_1780929664887.jpg | https://images.aqar.fm/webp/750x0/props/049388886_1780929700344.jpg | https://images.aqar.fm/webp/750x0/props/049388884_1780929772695.jpg | https://images.aqar.fm/webp/750x0/props/049388880_1780929837707.jpg | https://images.aqar.fm/webp/750x0/props/049388884_1780929905136.jpg | https://images.aqar.fm/webp/750x0/props/049388889_1780929953711.jpg | https://images.aqar.fm/webp/750x0/props/049388886_1780939501510.jpg | https://images.aqar.fm/webp/750x0/props/049388880_1780939501512.jpg | https://images.aqar.fm/webp/750x0/props/049388886_1780939501514.jpg | https://images.aqar.fm/webp/750x0/props/049388889_1780939501518.jpg | https://images.aqar.fm/webp/750x0/props/049388884_1780939501518.jpg | https://images.aqar.fm/webp/750x0/props/049388881_1780939501519.jpg | https://images.aqar.fm/webp/750x0/props/049388882_1780939501545.jpg | https://images.aqar.fm/webp/750x0/props/049388889_1781293357963.jpg | https://images.aqar.fm/webp/750x0/props/049388880_1781293357955.jpg | https://images.aqar.fm/webp/750x0/props/049388882_1781293358036.jpg | https://images.aqar.fm/webp/750x0/props/049388887_1781293358030.jpg | https://images.aqar.fm/webp/750x0/props/049388882_1781293358051.jpg | https://images.aqar.fm/webp/750x0/props/049388887_1781293358031.jpg | https://images.aqar.fm/webp/750x0/props/049388883_1781293357957.jpg | https://images.aqar.fm/webp/750x0/props/049388887_1781293358029.jpg,27,ثامر بن منصور بن صالح الهويشل,,,2026-04-26,2026-04-26,2026-08-23,1187,2026-08-23,True,"4,750,000",False,فيلا
6654896,https://sa.aqar.fm/فلل-للبيع/الرياض/شرق-الرياض/حي-قرطبة/شارع-السيب-حي-قرطبة-مدينة-الرياض-منطقة-الرياض-6654896,"فيلا للبيع في شارع السيب, حي قرطبة, مدينة الرياض, منطقة الرياض",9800000,942,,5,5,7,حي قرطبة,الرياض,شرق الرياض,$5c,24.81999,46.724451,,,عبدالله عبدالعزيز عبدالله السويد,,,2026-04-14,2026-08-08,2026-08-22,1281,2026-08-23,True,"9,800,000",False,فيلا
6813591,https://sa.aqar.fm/فلل-للبيع/الرياض/شرق-الرياض/حي-قرطبة/شارع-الصالح-حي-قرطبة-مدينة-الرياض-منطقة-الرياض-6813591,"فيلا للبيع في شارع الصالح, حي قرطبة, مدينة الرياض, منطقة الرياض",5499000,679,,,,10,حي قرطبة,الرياض,شرق الرياض,"للبيع فيلا استثمار 💥💥

حي قرطبة 🌍

مساحة 679متر 🏨

شارع 20🎈🎈


عمر العقار 7سنوات 🎈

دور+ثلاث شقق 🎈

مؤجرة استثمار بعقود موثقة 
دخلها تقريبا 317الف. 
عقود متفرقة 
السوم 5مليون و400✔️✔️
البيع للصامل ان شاءالله 
5مليون و500💸🎈
تقبل كاش او بنك 
لابد من موعد للزيارة 
الموقع غير دقيق نسبيا 
يوجد لدينا عروض اخري 🔥
للتواصل 
((الرقم يظهر عند الضغط على اتصال))ابو يزن 
@@@@@#@
///////////////",24.813628,46.738467,https://images.aqar.fm/webp/750x0/props/040077142_1786307338203.jpg | https://images.aqar.fm/webp/750x0/props/040077142_1786307338203.jpg | https://images.aqar.fm/webp/750x0/props/040077145_1786307338241.jpg | https://images.aqar.fm/webp/750x0/props/040077145_1786307338342.jpg | https://images.aqar.fm/webp/750x0/props/040077149_1786307338350.jpg | https://images.aqar.fm/webp/750x0/props/040077143_1786307338441.jpg | https://images.aqar.fm/webp/750x0/props/040077146_1786307338465.jpg | https://images.aqar.fm/webp/750x0/props/040077145_1786307338578.jpg,8,صالح محمد,مؤسسة روف الصفوة العقارية,1,2026-08-09,2026-08-09,2026-08-22,210,2026-08-23,True,"5,499,000",False,فيلا
6675024,https://sa.aqar.fm/فلل-للبيع/الرياض/شرق-الرياض/حي-قرطبة/شارع-مرمى-حي-قرطبة-مدينة-الرياض-منطقة-الرياض-6675024,"فيلا للبيع في شارع مرمى, حي قرطبة, مدينة الرياض, منطقة الرياض",6200000,496,6,7,6,11,حي قرطبة,الرياض,شرق الرياض,"كود العرض / SV 37

✅ فيلا زاوية للبيع بحي قرطبة – مخطط ابن إبراهيم

📐 تفاصيل الفيلا:
✅ المساحة الإجمالية: 816 م² (مقسومة بصكين)
✅ الواجهة: جنوبية – شرقاً ميدان
✅ عرض الشارع: 15م جنوبي – شرقاً ميدان
✅ عمر الفيلا: 17 سنة

🏡 التفاصيل الداخلية:
✅ فيلا درج داخلي + شقة داخلية

🛏️ غرف النوم:
✅ غرفة نوم رئيسية مع حمام
✅ 3 غرف نوم مع حمامات

🛋️ الدور الأرضي:
✅ مجلس رجال
✅ صالة رجالية
✅ مجلس نساء مع صالة مختصرة
✅ صالة معيشة
✅ مطبخ
✅ بدروم

🏠 الشقة:
✅ غرفتين نوم
✅ صالة معيشة
✅ صالة جلوس
✅ مطبخ
✅ سطح
✅ مجلس حريم

💰 السعر:
✅ 6,200,000 ريال

📞 للتواصل والاستفسار:
 500740220",24.819921,46.748446,https://images.aqar.fm/webp/750x0/props/000366995_1783949753671.jpg | https://images.aqar.fm/webp/750x0/props/000366991_1783949756625.jpg | https://images.aqar.fm/webp/750x0/props/000366998_1783949763268.jpg | https://images.aqar.fm/webp/750x0/props/000366999_1783949766717.jpg,4,سالم علي بن محمد القحطاني,شركة البيت العتيق للتطوير والاستثمار العقاري,1,2026-04-29,2026-07-25,2026-08-23,2537,2026-08-23,True,"6,200,000",False,فيلا
6659192,https://sa.aqar.fm/فلل-للبيع/الرياض/شرق-الرياض/حي-قرطبة/شارع-آمنه-بنت-عتيبه-حي-قرطبة-مدينة-الرياض-منطقة-الرياض-6659192,"فيلا للبيع في شارع آمنه بنت عتيبه, حي قرطبة, مدينة الرياض, منطقة الرياض",3500000,312,,1,0,11,حي قرطبة,الرياض,شرق الرياض,"للبيع فلل بحي قرطبه 
السعر  ٣مليون و٥٠٠الف 
المساحه 312،5م
 شارع 20م شمالي 
درج داخلي وشقه 
المكونات
الدور الارضي 
مجلس ومقلط وملحق خارجي غرفة سائق 2 صاله مطبخ مستودع غرفة خادمه  2 دورات مياه 
الدور العلوي صاله و 4 غرف نوم ماستر 

الشقه 2 غرفة نوم ومجلس وصاله ومطبخ ودورتين مياه",24.810795,46.749972,https://images.aqar.fm/webp/750x0/props/034048565_1776484510284.jpg | https://images.aqar.fm/webp/750x0/props/034048564_1776484510425.jpg | https://images.aqar.fm/webp/750x0/props/034048561_1776484510483.jpg | https://images.aqar.fm/webp/750x0/props/034048568_1776484510422.jpg | https://images.aqar.fm/webp/750x0/props/034048566_1776484510456.jpg | https://images.aqar.fm/webp/750x0/props/034048566_1776484510644.jpg | https://images.aqar.fm/webp/750x0/props/034048563_1776484510664.jpg,7,عبدالله عبدالعزيز,شركة الطخيم العالمية,1,2026-04-18,2026-08-12,2026-08-12,642,2026-08-23,True,"3,500,000",False,فيلا
6658593,https://sa.aqar.fm/فلل-للبيع/الرياض/شرق-الرياض/حي-قرطبة/شارع-شارع-حي-قرطبة-مدينة-الرياض-منطقة-الرياض-6658593,"فيلا للبيع في شارع شارع , حي قرطبة, مدينة الرياض, منطقة الرياض",4500000,450,4,,,10,حي قرطبة,الرياض,شرق الرياض,"فيلا زاويه ٤٥٠ م
١٥ جنوبي ١٥ غربي
فيلا درج داخلي ٣ غرف نوم الدور الاول مع حمامين
الأرضي مجلس كبير وغرفة طعام وصاله ومجلس نساء ومكتب "" غرفة كبار سن "" ومطبخ كبير مع مطبخ إضافي جانبي مع مستودع وغرفة شغاله
غرفة سائق مع ملحق خارجي بدورة مياه
٣ شقق مدخل منفصل ، غرفتين ومجلس و صاله ومطبخ ودورتين مياه",24.823766,46.734955,,,عبدالملك ابراهيم محمد الجمعان,شركة بنايات نجد للتسويق شخص واحد,1,2026-04-17,2026-08-11,2026-08-18,622,2026-08-23,True,"4,500,000",False,فيلا
6781326,https://sa.aqar.fm/فلل-للبيع/الرياض/شرق-الرياض/حي-قرطبة/شارع-الصوارمة-حي-قرطبة-مدينة-الرياض-منطقة-الرياض-6781326,"فيلا للبيع في شارع الصوارمة, حي قرطبة, مدينة الرياض, منطقة الرياض",3700000,232,3,5,1,0,حي قرطبة,الرياض,شرق الرياض,"فيلا للبيع مساحة 232.47 م

المواصفات :
عرض الشارع ٢٠
واجهة جنوبية

٤ غرف نوم 
٥ دورات مياه
مجلس 
صاله
مقلط
مطبخ داخلي
مطبخ خارجي
غرفة سائق مع دورات مياه 
الدور الارضي تكييف مخفي 
بقية المنزل سبليت راكب",24.800101,46.72549,https://images.aqar.fm/webp/750x0/props/046522120_1786720462558.jpg | https://images.aqar.fm/webp/750x0/props/046522125_1786720462513.jpg | https://images.aqar.fm/webp/750x0/props/046522125_1786720462552.jpg | https://images.aqar.fm/webp/750x0/props/046522125_1786720462604.jpg | https://images.aqar.fm/webp/750x0/props/046522129_1786720462574.jpg | https://images.aqar.fm/webp/750x0/props/046522125_1786720462510.jpg | https://images.aqar.fm/webp/750x0/props/046522121_1786720462603.jpg | https://images.aqar.fm/webp/750x0/props/046522124_1786720462587.jpg,8,منصور محمد عبدالله الشريمي,مكتب منصور محمد الشريمي للعقارات,1,2026-07-19,2026-08-18,2026-08-22,497,2026-08-23,True,"3,700,000",False,فيلا
6784111,https://sa.aqar.fm/فلل-للبيع/الرياض/شرق-الرياض/حي-قرطبة/شارع-عكا-حي-قرطبة-مدينة-الرياض-منطقة-الرياض-6784111,"فيلا للبيع في شارع عكا, حي قرطبة, مدينة الرياض, منطقة الرياض",3100000,263,5,0,0,11,حي قرطبة,الرياض,شرق الرياض,"مدخل سياره وحديقه خلفيه مع غرفه زجاجيه مطله 
3 غرف نوم وغرفه خادمه وغرفه عسيل وغرفه سائق وصاله ومجلس 
مطبخ ومكيفات راكبه",24.81098,46.742656,https://images.aqar.fm/webp/750x0/props/004414720_1784647241931.jpg | https://images.aqar.fm/webp/750x0/props/004414728_1784647273840.jpg | https://images.aqar.fm/webp/750x0/props/004414726_1784647273831.jpg | https://images.aqar.fm/webp/750x0/props/004414727_1784647273795.jpg | https://images.aqar.fm/webp/750x0/props/004414726_1784647273793.jpg | https://images.aqar.fm/webp/750x0/props/004414728_1784647273852.jpg | https://images.aqar.fm/webp/750x0/props/004414728_1784647273852.jpg | https://images.aqar.fm/webp/750x0/props/004414722_1784647273857.jpg | https://images.aqar.fm/webp/750x0/props/004414728_1784647273809.jpg | https://images.aqar.fm/webp/750x0/props/004414729_1784647308151.jpg | https://images.aqar.fm/webp/750x0/props/004414723_1784647308176.jpg | https://images.aqar.fm/webp/750x0/props/004414723_1784647308145.jpg | https://images.aqar.fm/webp/750x0/props/004414727_1784647308191.jpg | https://images.aqar.fm/webp/750x0/props/004414723_1784647308190.jpg | https://images.aqar.fm/webp/750x0/props/004414729_1784647308194.jpg | https://images.aqar.fm/webp/750x0/props/004414726_1784647308131.jpg | https://images.aqar.fm/webp/750x0/props/004414725_1784647308141.jpg | https://images.aqar.fm/webp/750x0/props/004414725_1784647345230.jpg | https://images.aqar.fm/webp/750x0/props/004414726_1784647345426.jpg | https://images.aqar.fm/webp/750x0/props/004414723_1784647345469.jpg,20,عزام عوض شعيل الحربي,,,2026-07-21,2026-07-21,2026-08-10,261,2026-08-23,True,"3,100,000",False,فيلا
6699545,https://sa.aqar.fm/فلل-للبيع/الرياض/شرق-الرياض/حي-قرطبة/شارع-بشار-حي-قرطبة-مدينة-الرياض-منطقة-الرياض-6699545,"فيلا للبيع في شارع بشار, حي قرطبة, مدينة الرياض, منطقة الرياض",6000000,625,6,5,2,11,حي قرطبة,الرياض,شرق الرياض,"للبيع فيلا زاوية ( شارعين)
مساحه 625 م
حي قرطبة الغربي مربع شركة سابك 
واجهة جنوبية شارع 15 
واجهة غربية شارع 15 
العمر 15 سنه 
تتكون من مداخل سيارات 
وملحق وغرفة سائق 
الدور الارضي مجالس ومطبخ وصالات 
الدور العلوي 6 أجنحه نوم 
السطح  غرفتين نوم وغسيل 
الموقع قريب من 
الدائري الشمالي والشرقي 
والمطار 
والجامعات 
وواجهة روشن 
نظيف جداً 
مكتب الجردان للعقارات 
((الرقم يظهر عند الضغط على اتصال))",24.797557,46.731347,https://images.aqar.fm/webp/750x0/props/000000162_1778944658008.jpg | https://images.aqar.fm/webp/750x0/props/000000162_1778944694107.jpg | https://images.aqar.fm/webp/750x0/props/000000165_1778944738442.jpg | https://images.aqar.fm/webp/750x0/props/000000162_1778944738540.jpg | https://images.aqar.fm/webp/750x0/props/000000160_1778944738453.jpg | https://images.aqar.fm/webp/750x0/props/000000164_1778944788348.jpg | https://images.aqar.fm/webp/750x0/props/000000166_1778944788604.jpg | https://images.aqar.fm/webp/750x0/props/000000163_1778944788346.jpg | https://images.aqar.fm/webp/750x0/props/000000162_1778944788446.jpg,9,علي صالح علي الجردان,مكتب علي صالح الجردان للعقارات,1,2026-05-16,2026-08-11,2026-08-14,2590,2026-08-23,True,"6,000,000",False,فيلا
6629677,https://sa.aqar.fm/فلل-للبيع/الرياض/شرق-الرياض/حي-قرطبة/شارع-الشرع-حي-قرطبة-مدينة-الرياض-منطقة-الرياض-6629677,"فيلا للبيع في شارع الشرع, حي قرطبة, مدينة الرياض, منطقة الرياض",3000000,240,4,1,0,0,حي قرطبة,الرياض,شرق الرياض,,24.819216,46.727053,,,جواهر ال سعيد,مكتب ريحانة نجد للعقارات,1,2026-03-23,2026-06-19,2026-08-07,2314,2026-08-23,True,"3,000,000",False,فيلا
6545799,https://sa.aqar.fm/فلل-للبيع/الرياض/شرق-الرياض/حي-قرطبة/شارع-الصيادة-حي-قرطبة-مدينة-الرياض-منطقة-الرياض-6545799,"فيلا للبيع في شارع الصيادة, حي قرطبة, مدينة الرياض, منطقة الرياض",3500000,399,,1,0,11,حي قرطبة,الرياض,شرق الرياض,"للبيع فيلا بحي قرطبة
المساحه ٣٩٩ م
شارع ١٥م شمالي
العمر ١٤ سنه 
دورين ونصف
الدور الأرضي 
مجلس و مقلط و صالة و مجلس حريم و مطبخ و دورة مياه و مستودع
الدور الأول 
أربع غرف نوم اثنين ماستر و صاله
الدور الثاني ( السطح) 
غرفة خادمه و غرفة غسيل و جلسه قرميد في السطح
يوجد غرفة سايق و حوش
السوم ٤ مليون 
البيع فرق السوم 
مباشر مع المالك",24.80834,46.739059,https://images.aqar.fm/webp/750x0/props/049209524_1768342573863.jpg | https://images.aqar.fm/webp/750x0/props/049209523_1768342573525.jpg | https://images.aqar.fm/webp/750x0/props/049209526_1768342573776.jpg | https://images.aqar.fm/webp/750x0/props/049209528_1768342573728.jpg,4,فهد سعود,مؤسسة فهد سعود الطريري للتطوير والاستثمار العقاري,1,2026-01-13,2026-01-13,2026-08-23,132,2026-08-23,True,"3,500,000",False,فيلا
6547309,https://sa.aqar.fm/فلل-للبيع/الرياض/شرق-الرياض/حي-قرطبة/شارع-الصيادة-حي-قرطبة-مدينة-الرياض-منطقة-الرياض-6547309,"فيلا للبيع في شارع الصيادة, حي قرطبة, مدينة الرياض, منطقة الرياض",4800000,399,4,,,11,حي قرطبة,الرياض,شرق الرياض,"للبيع فيلا فى حى قرطبه 
المساحه 399
عرض الشارع 15
عمر العقار14سنه
4غرف
صالتين
4دورات مياة
مطبخ
غرفة سواق
حوش
مدسيارة
على السوم 4مليون 
الموقع",24.80834,46.739059,https://images.aqar.fm/webp/750x0/props/049036594_1768426115822.jpg,1,عبدالملك ابراهيم محمد الجمعان,شركة بنايات نجد للتسويق شخص واحد,1,2026-01-14,2026-01-14,2026-08-23,455,2026-08-23,True,"4,800,000",False,فيلا
6641134,https://sa.aqar.fm/فلل-للبيع/الرياض/شرق-الرياض/حي-قرطبة/شارع-السلامة-حي-قرطبة-مدينة-الرياض-منطقة-الرياض-6641134,"فيلا للبيع في شارع السلامة, حي قرطبة, مدينة الرياض, منطقة الرياض",4000000,390,4,5,2,8,حي قرطبة,الرياض,شرق الرياض,"‏للبيع فيلا بحي قرطبة ٣ عداد كهرباء 
مساحة 390م شارع ١٥ تتكون من : - 
مجلس رجال + ملحق + غرفة كبار سن + غرفة طعام 
صالة كبيرة + مطبخ + درج صالة + ٤ غرف نوم منهم غرفتين ماستر 
سطح خاص + غرفة عاملة بالحمام  + مدخل سيارة + غرفة سائق
🚧 الفيلا مجهزه تأسيس مصعد 
🚧 مدخل خاص لشقتين كل شقة تتكون من :
غرفتين نوم + مجلس + صالة + مطبخ + ٢ حمام 
راكب مطبخ + راكب مكيفات اسبليت
كل شقه مستأجره بقيمه 40000 دفعه واحده سنويا
موقع ممتاز قريب من جميع الخدمات والطرق الرئيسية 
🚧 فضلا الوسطاء يمتنعون 🚧
للتواصل واتساب 
0533243303
0565993377",24.834022,46.739402,https://images.aqar.fm/webp/750x0/props/001240585_1775318341762.jpg,1,وليد عبدالله صالح الجربوع,شركة أصول المباني للخدمات العقارية شركة شخص واحد,1,2026-04-04,2026-07-30,2026-08-22,1346,2026-08-23,True,"4,000,000",False,فيلا
6620888,https://sa.aqar.fm/فلل-للبيع/الرياض/شرق-الرياض/حي-قرطبة/شارع-الصقور-حي-قرطبة-مدينة-الرياض-منطقة-الرياض-6620888,"فيلا للبيع في شارع الصقور, حي قرطبة, مدينة الرياض, منطقة الرياض",4300000,341,4,,,0,حي قرطبة,الرياض,شرق الرياض,"للبيع 
فيلا سكنية تقع بحي قرطبة  احد افضل احياء مدينة الرياض نظرا لما يتميز بموقع جغرافي راقي علما بان الفيلا تقع بالمربع المحدود بطريق المطار من جهة الغرب وطريق الدائري الشمالي من جهة الجنوب تحديداً خلف شركة (سابك)وحيث تقع بالقرب من جامعة الامام 
جامعة الاميرة نورة 
مطار الملك خالد 
واجهة الرياض 
تفاصيل العقار 
المساحة: 342م 
شارعين زاوية 
شارع عرض: 20م شرقي 
شارع عرض:20م شمالي 
المكونات الداخلية 
الدور الارضي: حوش امامي + جانبي -مدخل سيارة - مدخل نساء + مدخل رجال - مجلس - صالة - مقلط- مطبخ مفتوح - مطبخ مغلق - دورتين مياه 
الدور الاول : غرفتين ماستر + غرفة نوم رئيسية معاها غرفة ملابس ودورة مياه وبلكونة - 
الدور الثاني : غرفة نوم او مكتبية -  غرفة غسيل - غرفة خادمة بدورة مياه 

الاسقف كلها جبس بورد 
تم تركيب جميع المكيفات 
مخفي+ اسبلت 
يوجد سخان مركزي 
جميع الاعمال الانشائية والسباكة والكهرباء عليها ضمان 
الفيلا من تطوير شركة الارجان",24.802161,46.725649,https://images.aqar.fm/webp/750x0/props/000367571_1773142743947.jpg | https://images.aqar.fm/webp/750x0/props/000367574_1773142742506.jpg | https://images.aqar.fm/webp/750x0/props/000367571_1773142742700.jpg | https://images.aqar.fm/webp/750x0/props/000367575_1773142742880.jpg | https://images.aqar.fm/webp/750x0/props/000367572_1773142742889.jpg | https://images.aqar.fm/webp/750x0/props/000367571_1773142742958.jpg | https://images.aqar.fm/webp/750x0/props/000367576_1773142742972.jpg | https://images.aqar.fm/webp/750x0/props/000367578_1773142743055.jpg | https://images.aqar.fm/webp/750x0/props/000367572_1773142743130.jpg | https://images.aqar.fm/webp/750x0/props/000367575_1773142743145.jpg | https://images.aqar.fm/webp/750x0/props/000367577_1773142743218.jpg | https://images.aqar.fm/webp/750x0/props/000367576_1773142743289.jpg | https://images.aqar.fm/webp/750x0/props/000367573_1773142743338.jpg | https://images.aqar.fm/webp/750x0/props/000367576_1773142743421.jpg | https://images.aqar.fm/webp/750x0/props/000367578_1773142743420.jpg | https://images.aqar.fm/webp/750x0/props/000367577_1773142743499.jpg | https://images.aqar.fm/webp/750x0/props/000367579_1773142743583.jpg | https://images.aqar.fm/webp/750x0/props/000367574_1773142743613.jpg | https://images.aqar.fm/webp/750x0/props/000367575_1773142743682.jpg | https://images.aqar.fm/webp/750x0/props/000367572_1773142743754.jpg | https://images.aqar.fm/webp/750x0/props/000367570_1773142743755.jpg | https://images.aqar.fm/webp/750x0/props/000367572_1773142743830.jpg | https://images.aqar.fm/webp/750x0/props/000367572_1773142743877.jpg | https://images.aqar.fm/webp/750x0/props/000367578_1773142744013.jpg | https://images.aqar.fm/webp/750x0/props/000367574_1773142744022.jpg | https://images.aqar.fm/webp/750x0/props/000367579_1773142744110.jpg,26,سعد القريني,مكتب اوتاد العقار للعقارات,1,2026-03-10,2026-08-02,2026-08-23,2411,2026-08-23,True,"4,300,000",False,فيلا
6771971,https://sa.aqar.fm/فلل-للبيع/الرياض/شرق-الرياض/حي-قرطبة/شارع-رضوي-حي-قرطبة-مدينة-الرياض-منطقة-الرياض-6771971,"فيلا للبيع في شارع رضوي, حي قرطبة, مدينة الرياض, منطقة الرياض",2800000,338,6,5,3,10,حي قرطبة,الرياض,شرق الرياض,$5b,24.805103,46.739936,https://images.aqar.fm/webp/750x0/props/043196672_1783956224068.jpg | https://images.aqar.fm/webp/750x0/props/043196674_1783956224318.jpg | https://images.aqar.fm/webp/750x0/props/043196679_1783956224428.jpg,3,حماد ثامر حامد الظفيري,مؤسسة ثقة النرجس العقارية,1,2026-07-13,2026-08-11,2026-08-21,701,2026-08-23,True,"2,800,000",False,فيلا
6619489,https://sa.aqar.fm/فلل-للبيع/الرياض/شرق-الرياض/حي-قرطبة/شارع-واصل-حي-قرطبة-مدينة-الرياض-منطقة-الرياض-6619489,"فيلا للبيع في شارع واصل, حي قرطبة, مدينة الرياض, منطقة الرياض",4750000,500,,5,4,10,حي قرطبة,الرياض,شرق الرياض,,24.815358,46.745207,https://images.aqar.fm/webp/750x0/props/038359033_1775592215454.jpg | https://images.aqar.fm/webp/750x0/props/038359032_1775592354804.jpg | https://images.aqar.fm/webp/750x0/props/038359038_1775592354800.jpg | https://images.aqar.fm/webp/750x0/props/038359034_1775592354813.jpg | https://images.aqar.fm/webp/750x0/props/038359035_1775592354800.jpg | https://images.aqar.fm/webp/750x0/props/038359035_1775592354807.jpg | https://images.aqar.fm/webp/750x0/props/038359031_1775592354806.jpg | https://images.aqar.fm/webp/750x0/props/038359032_1775592354813.jpg | https://images.aqar.fm/webp/750x0/props/038359036_1775592354827.jpg,9,ابراهيم حسن,مكتب نظرة النجاح للخدمات العقارية,1,2026-03-09,2026-08-01,2026-08-22,1514,2026-08-23,True,"4,750,000",False,فيلا
6810678,https://sa.aqar.fm/فلل-للبيع/الرياض/شرق-الرياض/حي-قرطبة/شارع-الأعشى-بن-قيس-حي-قرطبة-مدينة-الرياض-منطقة-الرياض-6810678,"فيلا للبيع في شارع الأعشى بن قيس, حي قرطبة, مدينة الرياض, منطقة الرياض",2700000,235,,5,2,8,حي قرطبة,الرياض,شرق الرياض,"للبيع
الفله دورين وسطح
كل دور بمدخل مستقل 
كل دور ثلاث غرف وصاله
محدوده ٢,٦ مليون 
مؤجره لمدة سنه ب ٢٠٠ ألف 
من تاريخ ١ أغسطس مع أمكانية ألغاء عقد الايجار أو تمديد العقد في حال رغب المشتري 

مساحة الارض ٢٣٥،٧١ متر 
مسطحات الأراضي ٣٢٤ متر",24.805359,46.721404,https://images.aqar.fm/webp/750x0/props/000760830_1786178453876.jpg | https://images.aqar.fm/webp/750x0/props/000760830_1786178453876.jpg,2,محمد فهد عبدالله الخضير,شركة ركائز الراية للتجارة والمقاولات شركة شخص واحد,1,2026-08-08,2026-08-08,2026-08-23,412,2026-08-23,True,"2,700,000",False,فيلا
6588164,https://sa.aqar.fm/فلل-للبيع/الرياض/شرق-الرياض/حي-قرطبة/شارع-الصيادة-حي-قرطبة-مدينة-الرياض-منطقة-الرياض-6588164,"فيلا للبيع في شارع الصيادة, حي قرطبة, مدينة الرياض, منطقة الرياض",3800000,399,,5,4,11,حي قرطبة,الرياض,شرق الرياض,$5c,24.808314,46.739024,https://images.aqar.fm/webp/750x0/props/025787866_1770914929415.jpg | https://images.aqar.fm/webp/750x0/props/025787860_1770914929404.jpg | https://images.aqar.fm/webp/750x0/props/025787861_1770914929428.jpg | https://images.aqar.fm/webp/750x0/props/025787869_1770914929398.jpg | https://images.aqar.fm/webp/750x0/props/025787864_1770914929423.jpg | https://images.aqar.fm/webp/750x0/props/025787863_1770914929419.jpg | https://images.aqar.fm/webp/750x0/props/025787867_1770914929409.jpg | https://images.aqar.fm/webp/750x0/props/025787867_1770914929440.jpg | https://images.aqar.fm/webp/750x0/props/025787865_1770914963327.jpg | https://images.aqar.fm/webp/750x0/props/025787867_1770914963366.jpg | https://images.aqar.fm/webp/750x0/props/025787867_1770914963363.jpg | https://images.aqar.fm/webp/750x0/props/025787866_1770914963342.jpg | https://images.aqar.fm/webp/750x0/props/025787869_1770914963332.jpg | https://images.aqar.fm/webp/750x0/props/025787860_1770914963334.jpg | https://images.aqar.fm/webp/750x0/props/025787863_1770914963324.jpg | https://images.aqar.fm/webp/750x0/props/025787861_1770914963329.jpg,16,فطيمه القرني,شركة ابداع داش للخدمات العقارية ,1,2026-02-12,2026-08-06,2026-08-23,1177,2026-08-23,True,"3,800,000",False,فيلا
6785629,https://sa.aqar.fm/فلل-للبيع/الرياض/شرق-الرياض/حي-قرطبة/شارع-شروره-حي-قرطبة-الرياض-منطقة-الرياض-6785629,فيلا للبيع في شارع شروره ، حي قرطبة ، الرياض ، منطقة الرياض,3800000,350,4,5,2,13,حي قرطبة,الرياض,شرق الرياض,,24.803591,46.741856,https://images.aqar.fm/webp/750x0/props/028586047_1784729247957.jpg | https://images.aqar.fm/webp/750x0/props/028586046_1784729247955.jpg | https://images.aqar.fm/webp/750x0/props/028586040_1784729247952.jpg | https://images.aqar.fm/webp/750x0/props/028586048_1784729247963.jpg | https://images.aqar.fm/webp/750x0/props/028586047_1784729247956.jpg,5,بندر موسى فيصل العتيبي,,,2026-07-22,,2026-07-22,252,2026-08-23,False,طلب تسويق,False,فيلا
6576713,https://sa.aqar.fm/فلل-للبيع/الرياض/شرق-الرياض/حي-قرطبة/شارع-الصيادة-حي-قرطبة-مدينة-الرياض-منطقة-الرياض-6576713,"فيلا للبيع في شارع الصيادة, حي قرطبة, مدينة الرياض, منطقة الرياض",3225000,300,6,4,4,1,حي قرطبة,الرياض,شرق الرياض,"https://maps.app.goo.gl/ddWkUC3a9SQdB7Ez9

•فرصه للبيع فيلا حي قرطبه
 •المساحه 300 متر  
•شارع 15
•سيب يدور - مدخل سياره 
•ثلاث ادوار 
•الدور الاول-مجلس - وغرفة طعام - •ومطبخ - وصالة - ودرج وسط الصاله       •غرفه دوره مياه 2
•الدور الثاني :
•3غرف ماستر و 2 ببلكونه -وغرفه •عاديه  - حمام خارجي -صاله وكونر •خدمة 
•الدور الثالث : 
•غرفة خادمه - مستودع - 2دوره مياه •صاله - سطح
•وقريب من المسجد
•كل الخدمات حوله
•حي قرطبة شارع سدوان
•
• مباشر من المالك",24.80834,46.739059,https://images.aqar.fm/webp/750x0/props/046984999_1777582119340.jpg | https://images.aqar.fm/webp/750x0/props/046984998_1777582119026.jpg | https://images.aqar.fm/webp/750x0/props/046984995_1777582119198.jpg | https://images.aqar.fm/webp/750x0/props/046984996_1777582119261.jpg,4,عبدالله بن عبدالرحمن بن علي الهمش,مكتب عبدالله عبدالرحمن علي الهمش للعقارات,1,2026-02-04,2026-02-04,2026-08-17,515,2026-08-23,True,"3,225,000",False,فيلا
6560127,https://sa.aqar.fm/فلل-للبيع/الرياض/شرق-الرياض/حي-قرطبة/شارع-الطويراني-حي-قرطبة-مدينة-الرياض-منطقة-الرياض-6560127,"فيلا للبيع في شارع الطويراني, حي قرطبة, مدينة الرياض, منطقة الرياض",3150000,308,5,,,11,حي قرطبة,الرياض,شرق الرياض,"فله مستقلة في ربيع قرطبة 
المساحة 308 م 
مميزات المنطقة
مرتفعه هاديه
على طريق الامير محمد بن سلمان 
مقابل حديقة 
موقعها استراتيجي 
لقربها من 
*المطار 
*جامعة الاميرة نورة 
*جامعة الامام 
*شركة سابك 
*طريق الثمامة 
*الدائري الشمالي  
*مول بارك افينيو 
*واجهة روشن (واجهة الرياض)
*مدارس التربية النموذجية 
*مدارس الحصان العالمية 
*مدارس ابن رشد العالمية 
*مدارس المتقدمة
*محطة سابك للمترو

مميزات الفله 
شارع 15 
واجهه شرقية
العمر 14 سنه
درج صاله 
الدور الارضي 
مجلس رجال 
صالة طعام 
مجلس نساء مفتوح على 
صاله كبيرة 
مطبخ مغلق 
درج وسط الصالة 
عدد 2 حمام
الدور الثاني 
2 غرفة ماستر بدورة مياة 
2 غرفة بينها حمام 
السطح 
غرفة بحمام 

الحوش 
ملحق 
غرفة سائق بدورة مياة
مدخل سيارة 

ارضيات الدور الارضي بورسلان 
مكيفات راكبه 
مطبخ راكب 
الفلة نظيفه جدا",24.815279,46.737301,https://images.aqar.fm/webp/750x0/props/009255103_1769271500992.jpg | https://images.aqar.fm/webp/750x0/props/009255106_1769271501000.jpg | https://images.aqar.fm/webp/750x0/props/009255103_1769271501019.jpg | https://images.aqar.fm/webp/750x0/props/009255109_1769271501050.jpg | https://images.aqar.fm/webp/750x0/props/009255104_1769271501011.jpg | https://images.aqar.fm/webp/750x0/props/009255102_1769271501023.jpg | https://images.aqar.fm/webp/750x0/props/009255101_1769271501017.jpg | https://images.aqar.fm/webp/750x0/props/009255100_1769271501015.jpg | https://images.aqar.fm/webp/750x0/props/009255100_1769271511662.jpg | https://images.aqar.fm/webp/750x0/props/009255102_1769271511646.jpg | https://images.aqar.fm/webp/750x0/props/009255106_1769271511647.jpg | https://images.aqar.fm/webp/750x0/props/009255108_1769271511662.jpg,12,عبدالله حامد بن سعيد الغامدي,شركة تحديد للخدمات العقارية,1,2026-01-24,2026-08-06,2026-08-06,1790,2026-08-23,True,"3,150,000",False,فيلا
6355727,https://sa.aqar.fm/فلل-للبيع/الرياض/شرق-الرياض/حي-قرطبة/شارع-الصفحي-حي-قرطبة-مدينة-الرياض-منطقة-الرياض-6355727,"فيلا للبيع في شارع الصفحي, حي قرطبة, مدينة الرياض, منطقة الرياض",1750000,237,3,1,0,0,حي قرطبة,الرياض,شرق الرياض,"الحي / قرطبه
الشارع /١٥ جنوبي

تفاصيل النتهاوس قرطبة :
المسطح : ٢٢٦م
درج + تاسيس مصعد + 
الدور الاول :مجلس رجال +دورتين مياه+ صاله+ مطبخ + درج داخلي 
الدور الثاني : صاله+ دورة مياه + غرفة نوم + ٢ غرفة نوم ماستر  
————————-
تفاصيل ادوار قرطبة ___
الدور الأرضي :
المسطح : ١٩٢م
مدخل سيارة + غرفة حارس 
مجلس رجال + دورة مياه +مقلط+ صاله+ دورة مياه + مطبخ + ٣ غرف نوم ماستر + مستودع

الدور الاول :
المسطح : ١٧٧م
مجلس رجال + دورة مياه+ مقلط + مطبخ + صاله+ دورة مياه + غرفة نوم + ٢ غرفة نوم ماستر + مستودع

الدور الثاني :
المسطح : ١٦٠م
مجلس رجال + دورة مياه + مقلط + مطبخ + صاله + دورة مياه + ٢ غرفة نوم + غرفة نوم ماستر
**مصعد راكب للأدوار",24.812629,46.74102,https://images.aqar.fm/webp/750x0/props/047095267_1756398736352.jpg | https://images.aqar.fm/webp/750x0/props/047095262_1756398736601.jpg | https://images.aqar.fm/webp/750x0/props/047095264_1756398736741.jpg | https://images.aqar.fm/webp/750x0/props/047095263_1756398736927.jpg | https://images.aqar.fm/webp/750x0/props/047095269_1756398737157.jpg | https://images.aqar.fm/webp/750x0/props/047095262_1756398737374.jpg | https://images.aqar.fm/webp/750x0/props/047095261_1756398737598.jpg,7,عبدالكريم ابراهيم بن رسلان العنزي,شركة ابداع العالمية للتطوير والاستثمار العقاري ,1,2025-08-28,2026-08-20,2026-08-20,12521,2026-08-23,True,"1,750,000",False,فيلا
6808635,https://sa.aqar.fm/فلل-للبيع/الرياض/شرق-الرياض/حي-قرطبة/شارع-الصيادة-حي-قرطبة-مدينة-الرياض-منطقة-الرياض-6808635,"فيلا للبيع في شارع الصيادة, حي قرطبة, مدينة الرياض, منطقة الرياض",4100000,435,5,1,0,11,حي قرطبة,الرياض,شرق الرياض,"للبيع فيلا بحي قرطبة - الرياض

دور + ٣ شقة

مساحة : ٤٣٥ م 

شارع ١٥ م جنوبي

العمر ١٣ سنة

المواصفات الدور الأرضي: ملحق خارجي + مجالس + مقلط + ٣ غرف +

واحد منها ماستر + صالة + مطبخ + واربع دوراة مياه الشقق (٣) متشابها : ٣غرف نوم + حمامين + صاله + ومطبخ وكل شقه مدخلين + الدور الاول شقتين والعلوي

شقه + سطح

مسكونه بالكامل )) السعر : ٤ مليون
موقع مميز - فرصة استثمارية ممتازة - قريب من المسجد - وخلف البيت استراحه خلفها شارع دباس بن

راشد - قريب جدا من حرف تي

مباشر مع الوكيل",24.80834,46.739059,https://images.aqar.fm/webp/750x0/props/045489600_1786012811647.jpg | https://images.aqar.fm/webp/750x0/props/045489603_1786012811619.jpg | https://images.aqar.fm/webp/750x0/props/045489601_1786012811727.jpg | https://images.aqar.fm/webp/750x0/props/045489602_1786012811760.jpg | https://images.aqar.fm/webp/750x0/props/045489608_1786012811792.jpg | https://images.aqar.fm/webp/750x0/props/045489605_1786012811841.jpg | https://images.aqar.fm/webp/750x0/props/045489600_1786012811927.jpg,7,بشرى القطان,مؤسسة أملاك نجد العقارية,1,2026-08-06,2026-08-06,2026-08-23,48,2026-08-23,True,"4,100,000",False,فيلا
6558229,https://sa.aqar.fm/فلل-للبيع/الرياض/شرق-الرياض/حي-قرطبة/شارع-الصبيح-حي-قرطبة-مدينة-الرياض-منطقة-الرياض-6558229,"فيلا للبيع في شارع الصبيح, حي قرطبة, مدينة الرياض, منطقة الرياض",6000000,544,5,1,0,11,حي قرطبة,الرياض,شرق الرياض,"للبيــــــــع فيلا في قرطبه
مساحه ٥٤٥ م
شارع ٢٠ غربي 
فيلا درج داخلي مع شقتين
الشقق ٣ غرف وصاله 
الدور الارضي مشب ومجلس ومختصر ومقلط وصالة نساء وجلس نساء ومطبخين ومستودع  ٢ دورة مياه وغرفة نوم للكبار مع دورة مياه
الدور الاول 
صاله و٣ غرف نوم مع دورات مياه لكل منهم
العمر ١٢ سنه 
البيع ٦ مليون
مباشر مع المالك
للتواصل ((رقم المعلن يظهر عند التواصل))",24.817616,46.742341,https://images.aqar.fm/webp/750x0/props/006273855_1769105346538.jpg,1,بشرى عبدالكريم,مؤسسة بيت الحكمة للخدمات العقارية,1,2026-01-22,2026-06-14,2026-08-23,2027,2026-08-23,True,"6,000,000",False,فيلا
6768720,https://sa.aqar.fm/فلل-للبيع/الرياض/شرق-الرياض/حي-قرطبة/شارع-واصل-حي-قرطبة-مدينة-الرياض-منطقة-الرياض-6768720,"فيلا للبيع في شارع واصل, حي قرطبة, مدينة الرياض, منطقة الرياض",4000000,384,4,5,2,11,حي قرطبة,الرياض,شرق الرياض,"🏡 فيلا للبيع بموقع مميز في حي قرطبة الشرقية

📐 المساحة: 384م²
🛣️ الشارع: غربي بعرض 20م
🏠 النظام: درج وصالة فقط، بدون شقق

تفاصيل الفيلا:
• غرفة سائق
• ملحق خارجي
• حوش
• مجلس رجال
• مجلس نساء
• صالة
• مطبخ

الدور العلوي:
• 4 غرف نوم

السطح:
• غرفة خادمة

📌 موقع مميز وتصميم مناسب للسكن العائلي.

للمشاهدة يرجى التواصل:

0  5  3  3  0  2  2  2  4  4",24.816599,46.745174,https://images.aqar.fm/webp/750x0/props/000020521_1784556407184.jpg,1,عبدالهادي سالم علي العجمي,مكتب بوابة الحمراء للعقارات,1,2026-07-11,2026-08-09,2026-08-22,358,2026-08-23,True,"4,000,000",False,فيلا
6553846,https://sa.aqar.fm/فلل-للبيع/الرياض/شرق-الرياض/حي-قرطبة/شارع-الصويفي-حي-قرطبة-مدينة-الرياض-منطقة-الرياض-6553846,"فيلا للبيع في شارع الصويفي, حي قرطبة, مدينة الرياض, منطقة الرياض",3150000,399,4,5,0,11,حي قرطبة,الرياض,شرق الرياض,"للبيع فيلا حي قرطبه 
المساحه ٣٣٨ م
الواجهة / جنوبية 
 شارع عرض ١٥ م
العمر ١٠ سنوات 
الحالة: مجددة بالكامل دهان، 
حمامات، أبواب، ديكورات).
المواقف: تتسع لحوالي ٥
سيارات.الارتدادات:
أمامي ٤ متر خلفي ٢ متر
الدور الأرضي يحتوي على
غرفة سائق مع مدخل 
مستقل للشقة ملحق 
شبابي بباب خشبي 
يفتح بالكامل مجلس رجال
مقلط (غرفة طعا مصالة 
نساء مفتوحة مجلس نساء
عدد ٢ دورة مياه مطبخ كبير
مستودع غرفة غسيل
غرفة خادمة مع حمام خاص
حوش أمامي ارتداد جانبي 
وخلفي كما يوجد درج 
داخلي للصعود 
للدور العلوي.
الدور العلوي يحتوي على
صالة عائلية صغيرة ميني بار
غرفتين ماستر مع حمامات 
خاصة بلكونة واسعة في 
غرفة الماستر الرئيسية
غرفتين واسعتين بينهما 
حمام مشترك
 الشقة (شقة مستقلة)
مؤجرة حاليًا ب٤٥ الف سنويًا 
تتكون من: غرفتين نوم
صالة مجلس رجال مطبخ
بلكونة واسعة سطح
المكيفات ٢ مكيف شباك
٢ مكيف سبليت المطبخ مركب.
الأوراق النظامية جميع 
الأوراق مكتملة
يوجد شهادة إتمام بناء 
(شهادة إشغال)
البيع ٢ مليون و ٨٠٠ الف",24.808723,46.738684,https://images.aqar.fm/webp/750x0/props/048209514_1783775438522.jpg,1,عبدالرحمن بن ابراهيم بن سعد بن مصيليخ,مؤسسة تلال العاذرية,1,2026-01-20,2026-08-13,2026-08-23,1606,2026-08-23,True,"3,150,000",False,فيلا
6785678,https://sa.aqar.fm/فلل-للبيع/الرياض/شرق-الرياض/حي-قرطبة/شارع-الصباحية-حي-قرطبة-مدينة-الرياض-منطقة-الرياض-6785678,"فيلا للبيع في شارع الصباحية, حي قرطبة, مدينة الرياض, منطقة الرياض",3800000,378,5,1,3,11,حي قرطبة,الرياض,شرق الرياض,"للبيــــــــــــع فيلا حي قرطبه قريبه من مسجدين وحديقه 
( دور + دور + شقه +ملحق ) 
 للعلم كل دور بصك لحاله 
توجد شهاده إتمام البناء  وحره تقبل جميع البنوك 

المساحة:- 360 متر 
 شارع:-  15 جنوبي
 عمرها:- 12 سنه (( تم تجديدها  كامله نزلت عظم  اتجددت من كل شي ))

🔹️الدور الارضي :-  5 غرف وصاله ومطبخ و3 حمامات  وحوش 
-----------------
🔹️ الدور العلوي :- 5 غرف وصاله ومطبخ و3 حمامات
الدور الاول مؤجر ب 72 
 السعر :- مليون و150
------------------‐-
🔹️الشقه :- 3 غرف وصاله ومطبخ و2 حمام وسطح كبير+ الملحق
[ ايجار الشقه 60 الف ][ الملحق 30الف]
 الشقه والملحق بصك واحد مؤجرين ب 90 ألف السعر مليون و200 للاثنين البيع كاش فقط ماتقبل بنوك
-------------------
علي السوم لو الفيلا كامله",24.811392,46.73649,https://images.aqar.fm/webp/750x0/props/044385642_1786978081838.jpg | https://images.aqar.fm/webp/750x0/props/044385649_1786978082202.jpg | https://images.aqar.fm/webp/750x0/props/044385645_1786978081973.jpg | https://images.aqar.fm/webp/750x0/props/044385640_1786978081947.jpg | https://images.aqar.fm/webp/750x0/props/044385647_1786978081709.jpg | https://images.aqar.fm/webp/750x0/props/044385645_1786978081861.jpg | https://images.aqar.fm/webp/750x0/props/044385644_1786978081984.jpg | https://images.aqar.fm/webp/750x0/props/044385644_1786978082023.jpg | https://images.aqar.fm/webp/750x0/props/044385649_1786978082110.jpg | https://images.aqar.fm/webp/750x0/props/044385649_1786978082174.jpg | https://images.aqar.fm/webp/750x0/props/044385643_1786978082331.jpg,11,خالد سعود,شركة حدائق نجد العقارية,1,2026-07-22,2026-08-20,2026-08-22,187,2026-08-23,True,"3,800,000",False,فيلا
6640648,https://sa.aqar.fm/فلل-للبيع/الرياض/شرق-الرياض/حي-قرطبة/شارع-رنية-حي-قرطبة-مدينة-الرياض-منطقة-الرياض-6640648,"فيلا للبيع في شارع رنية, حي قرطبة, مدينة الرياض, منطقة الرياض",3000000,338,4,7,1,10,حي قرطبة,الرياض,شرق الرياض,$5b,24.804916,46.740054,https://images.aqar.fm/webp/750x0/props/000366999_1775295325096.jpg | https://images.aqar.fm/webp/750x0/props/000366990_1775295331115.jpg | https://images.aqar.fm/webp/750x0/props/000366999_1775295331125.jpg | https://images.aqar.fm/webp/750x0/props/000366996_1775295331115.jpg,4,سالم علي بن محمد القحطاني,شركة البيت العتيق للتطوير والاستثمار العقاري,1,2026-04-04,2026-07-29,2026-08-23,1073,2026-08-23,True,"3,000,000",False,فيلا
6705463,https://sa.aqar.fm/فلل-للبيع/الرياض/شرق-الرياض/حي-قرطبة/شارع-الشهدة-حي-قرطبة-مدينة-الرياض-منطقة-الرياض-6705463,"فيلا للبيع في شارع الشهدة, حي قرطبة, مدينة الرياض, منطقة الرياض",3700000,421,,0,0,11,حي قرطبة,الرياض,شرق الرياض,"فيلا للبيع بحي قرطبة 
الدور الأرضي  
مجلس رجال كبير 
مقلط 
صاله داخلية 
غرفتين جلوس 
مطبخ مركب كامل مع مستودع مفصول 
ثلاث دورات مياه 
الدور الاول 
صالة كبيرة جدا مع بوفيه صغير 
غرفة ماستر كبيره مع غرفه جانبية صغيره و حمام 
اربع غرف كل غرفه فيها حمام خاص 
الدور الثاني 
غرفة خدم كبيرة 
غرفة كوي كبيره 
منطقة غسلات 
السطح واسع 
الحوش فيه ملحق مع ارتداد في الخلف ( مستودع صغير ) 
كراج كهربائي 
المطبخ راكب مع كامل المكيفات 
لا يوجد شقق
الموقع مميز قريب من جميع الخدمات 
والمدارس والجامعات 

المبلغ المطلوب ٣ مليون و٧٠٠ الف 
غير شامل للضريبة والسعي ..


يسعدنا في رمضاء استقبال عروضكم والرد على استفساراتكم لا تترددوا في التواصل معنا ..",24.817415,46.724108,https://images.aqar.fm/webp/750x0/props/000715577_1779282484744.jpg | https://images.aqar.fm/webp/750x0/props/000715571_1779282484736.jpg | https://images.aqar.fm/webp/750x0/props/000715571_1779282484727.jpg | https://images.aqar.fm/webp/750x0/props/000715578_1779282484732.jpg | https://images.aqar.fm/webp/750x0/props/000715576_1779282484739.jpg | https://images.aqar.fm/webp/750x0/props/000715575_1779282484729.jpg | https://images.aqar.fm/webp/750x0/props/000715578_1779282515668.jpg | https://images.aqar.fm/webp/750x0/props/000715577_1779282515685.jpg | https://images.aqar.fm/webp/750x0/props/000715570_1779282515680.jpg | https://images.aqar.fm/webp/750x0/props/000715577_1779282515670.jpg | https://images.aqar.fm/webp/750x0/props/000715574_1779282515660.jpg | https://images.aqar.fm/webp/750x0/props/000715574_1779282515679.jpg | https://images.aqar.fm/webp/750x0/props/000715573_1779282515666.jpg,13,خالد سليمان علي العقل,مؤسسة رمضاء العقارية,1,2026-05-20,2026-08-15,2026-08-21,1575,2026-08-23,True,"3,700,000",False,فيلا
6651656,https://sa.aqar.fm/فلل-للبيع/الرياض/شرق-الرياض/حي-قرطبة/شارع-آمنه-بنت-عتيبه-حي-قرطبة-مدينة-الرياض-منطقة-الرياض-6651656,"فيلا للبيع في شارع آمنه بنت عتيبه, حي قرطبة, مدينة الرياض, منطقة الرياض",3500000,390,,0,0,11,حي قرطبة,الرياض,شرق الرياض,"فله للبيع في حي قرطبه 
درج داخلي وشقتين المساحه ٣٩٠ 
الدور الاول مجلس رجال مع دورة مياه مع غرفة طعام مع مجلس نساء وصاله ومطبخ وغرفة كبار سن ودورة مياه الدور الاول ٣ غرف نوم وحده ماستر ودورة مياه تخدم باقي الغرفتين الدور الثاني غرفة خادمه وسطح الشقق كل شقه غرفتين نوم وصاله ومطبخ ومجلس ودورتين مياه 
يوجد غرفة سائق وملحق العمر التقريبي للبيت من ١٢ الى ١٥ سنه والبيت متماسك ويقبل بنك

الزياه بموعد البيت مسكون
3500000
https://maps.app.goo.gl/EeGycWyaw4dzaD7V8",24.810795,46.749972,https://images.aqar.fm/webp/750x0/props/044843993_1776003010685.jpg,1,عبدالله عبدالعزيز,شركة الطخيم العالمية,1,2026-04-12,2026-08-06,2026-08-06,623,2026-08-23,True,"3,500,000",False,فيلا
6474997,https://sa.aqar.fm/فلل-للبيع/الرياض/شرق-الرياض/حي-قرطبة/شارع-الطويراني-حي-قرطبة-مدينة-الرياض-منطقة-الرياض-6474997,"فيلا للبيع في شارع الطويراني, حي قرطبة, مدينة الرياض, منطقة الرياض",3200000,308,,7,2,11,حي قرطبة,الرياض,شرق الرياض,"السعر شامل السعي 
المطلوب المشتري الجاد فعلا 
يمنع الوسطاء والمكاتب والوكلاء",24.815299,46.737342,https://images.aqar.fm/webp/750x0/props/018247632_1746381175915.jpg | https://images.aqar.fm/webp/750x0/props/018247638_1746381175914.jpg | https://images.aqar.fm/webp/750x0/props/018247634_1746381175915.jpg | https://images.aqar.fm/webp/750x0/props/018247631_1746381175910.jpg | https://images.aqar.fm/webp/750x0/props/018247635_1746381175926.jpg,5,علي بن موسى بن علي ياسين,,,2025-11-20,2025-11-20,2026-08-21,525,2026-08-23,True,"3,200,000",False,فيلا
6390145,https://sa.aqar.fm/فلل-للبيع/الرياض/شرق-الرياض/حي-قرطبة/شارع-مهرة-حي-قرطبة-مدينة-الرياض-منطقة-الرياض-6390145,"فيلا للبيع في شارع مهرة, حي قرطبة, مدينة الرياض, منطقة الرياض",3500000,360,5,5,3,7,حي قرطبة,الرياض,شرق الرياض,فيلا للبيع فاخره للبيع بحي قرطبه مساحه 360 شارع 15 شمالي موقع مميز وقريب من الخدمات  نظام الفيلا درج داخلي وشقتين تتكون الفيلا من مجلس مقلط صاله جلسه نساء غرفه كبار سن مشب خارجي كراج مدخل سياره غرفه سواق وفوق عدد اربع غرفه نوم وغرفه شغاله وشقتين كل شقه تتكون من ثلاث غرف وصاله وحمامين ومطبخ مدخلين للشقه  البيع 3500000 يوجد مديونية على الفلة لدى بنك ساب للتواصل ((رقم المعلن يظهر عند التواصل)),24.824685,46.747021,https://images.aqar.fm/webp/750x0/props/004087685_1758360455393.jpg,1,عبدالله سعد,مكتب ثقه للعقارات,1,2025-09-20,2025-09-20,2026-08-13,2260,2026-08-23,True,"3,500,000",False,فيلا
6594625,https://sa.aqar.fm/فلل-للبيع/الرياض/شرق-الرياض/حي-قرطبة/شارع-آمنه-بنت-عتيبه-حي-قرطبة-مدينة-الرياض-منطقة-الرياض-6594625,"فيلا للبيع في شارع آمنه بنت عتيبه, حي قرطبة, مدينة الرياض, منطقة الرياض",3700000,390,4,,,11,حي قرطبة,الرياض,شرق الرياض,"فرصة استثمارية فله للبيع في حي قرطبة 
درج داخلي وشقتين المساحة ٣٩٠ 
الدور الاول مجلس رجال مع دورة مياه مع غرفة طعام مع مجلس نساء وصاله ومطبخ وغرفة كبار سن ودورة مياه
 الدور الاول ٣ غرف نوم وحده ماستر ودورة مياه تخدم باقي الغرفتين 
الدور الثاني غرفة خادمه وسطح 
الشقق كل شقه غرفتين نوم وصاله ومطبخ ومجلس ودورتين مياه 
يوجد غرفة سائق وملحق العمر التقريبي للبيت من ١٢ الى ١٥ سنه والبيت متماسك ويقبل بنك (قابل للتفاوض)",24.810795,46.749972,https://images.aqar.fm/webp/750x0/props/051223084_1771346764752.jpg,1,لمى بنت فهد بن عبدالله الحرمل,,,2026-02-17,2026-08-11,2026-08-11,812,2026-08-23,True,"3,700,000",False,فيلا
6712034,https://sa.aqar.fm/فلل-للبيع/الرياض/شرق-الرياض/حي-قرطبة/شارع-نخال-حي-قرطبة-مدينة-الرياض-منطقة-الرياض-6712034,"فيلا للبيع في شارع نخال, حي قرطبة, مدينة الرياض, منطقة الرياض",3950000,162,7,5,2,0,حي قرطبة,الرياض,شرق الرياض,"للبيع في حي قرطبة

فله سكنية مميزة تتكون من:
دور أرضي + دور أول + شقة مع ملحق مستقل

الدور الأرضي:
المساحة الارض الكلية 308م
مضاف له بأيكة وحوش كامل مع ارتدادات يسار وخلف ويمين حتى بيت الدرج
ساكنه المالك ومجدد بالكامل من واجهة الحجر والبلاط والأبواب والنوافذ والحمامات وجميع التشطيبات
يوجد إتمام بناء ويقبل الدعم السكني
البيع شامل الأثاث بالكامل من مكيفات سبليت ومطبخ كامل بأجهزته
المطبخ مكلف أكثر من 22 ألف
على الكود القديم

الدور الأول:
بصك مستقل
5 غرف وصالة ومطبخ و3 حمامات
شارع 15 جنوب
موقع هادئ وغير مزدحم
الفلل المقابلة بدون شقق
العمر 12 سنة ومجدد ومرمم
يوجد إتمام بناء ويقبل الدعم السكني وجميع البنوك

الشقة:
3 غرف وصالة ومطبخ وحمامين
مضاف لها ملحق يتكون من غرفة وصالة ومطبخ وحمام
يوجد إتمام بناء

العقار مناسب للسكن والاستثمار",24.826196,46.74632,https://images.aqar.fm/webp/750x0/props/049388880_1779991476578.jpg,1,ثامر بن منصور بن صالح الهويشل,,,2026-05-28,2026-05-28,2026-08-23,525,2026-08-23,True,"3,950,000",False,فيلا
6559782,https://sa.aqar.fm/فلل-للبيع/الرياض/شرق-الرياض/حي-قرطبة/شارع-الصيادة-حي-قرطبة-مدينة-الرياض-منطقة-الرياض-6559782,"فيلا للبيع في شارع الصيادة, حي قرطبة, مدينة الرياض, منطقة الرياض",4000000,399,4,3,3,0,حي قرطبة,الرياض,شرق الرياض,"اللبيع فيلا  بحي قرطبة 
المساحه ٣٩٩ الواجهة شماليه

دورين 
الدور الأرضي 
مجلس و مقلط و صالة و مجلس حريم و مطبخ و دورة مياه و مستودع
الدور الأول 
أربع غرف نوم اثنين ماستر و صاله
الدور الثاني ( السطح) 
غرفة خادمه و غرفة غسيل و جلسه قرميد في السطح
يوجد غرفة سايق و حوش
الحد ٤مليون ٢٠٠
مباشر من المالك",24.80834,46.739059,https://images.aqar.fm/webp/750x0/props/006161961_1769259990617.jpg | https://images.aqar.fm/webp/750x0/props/006161961_1769259990438.jpg | https://images.aqar.fm/webp/750x0/props/006161962_1769259990521.jpg | https://images.aqar.fm/webp/750x0/props/006161969_1769259990625.jpg | https://images.aqar.fm/webp/750x0/props/006161962_1769259990723.jpg | https://images.aqar.fm/webp/750x0/props/006161965_1769259990757.jpg,6,ابراهيم حسن,شركة كيان الاوائل للتطوير العقاري,1,2026-01-24,2026-01-24,2026-07-04,226,2026-08-23,True,"4,000,000",False,فيلا
6767399,https://sa.aqar.fm/فلل-للبيع/الرياض/شرق-الرياض/حي-قرطبة/شارع-ظبيا-حي-قرطبة-مدينة-الرياض-منطقة-الرياض-6767399,"فيلا للبيع في شارع ظبيا, حي قرطبة, مدينة الرياض, منطقة الرياض",5200000,312,7,5,3,7,حي قرطبة,الرياض,شرق الرياض,$5c,24.808974,46.753387,https://images.aqar.fm/webp/750x0/props/001693959_1783625902110.jpg | https://images.aqar.fm/webp/750x0/props/001693950_1783625902108.jpg | https://images.aqar.fm/webp/750x0/props/001693957_1784100190833.jpg | https://images.aqar.fm/webp/750x0/props/001693952_1784100190834.jpg | https://images.aqar.fm/webp/750x0/props/001693957_1784100190838.jpg | https://images.aqar.fm/webp/750x0/props/001693958_1784100190826.jpg | https://images.aqar.fm/webp/750x0/props/001693954_1784100190838.jpg | https://images.aqar.fm/webp/750x0/props/001693950_1784100190853.jpg,8,عبدالرحمن سليمان,,,2026-07-09,2026-07-09,2026-08-22,626,2026-08-23,True,"5,200,000",False,فيلا
6639554,https://sa.aqar.fm/فلل-للبيع/الرياض/شرق-الرياض/حي-قرطبة/شارع-الصباحية-حي-قرطبة-مدينة-الرياض-منطقة-الرياض-6639554,"فيلا للبيع في شارع الصباحية, حي قرطبة, مدينة الرياض, منطقة الرياض",3450000,378,5,1,0,11,حي قرطبة,الرياض,شرق الرياض,"فيلا للبيع 
مساحه378
حي قرطبة 
شارع ١٥ شمالي
قبو / مجلس + مقلط+ ركن قهوة
أرضي/ مجلس نساء + مطبخين+ صالة +دورتين مياه.
أول / غرفة نوم رئيسية + وصالة + غرفة بدورة مياه + غرفتين + دورة مياه.
دور ثاني / ٣ غرف + غرفة خادمة + غرفة غسيل + مشب صغير + دورتين مياه.
أسبلت مخفي فوجي
واجهه زجاج سكتشر 
مصعد راكب
غرفة سائق 
العمر ١١ سنوات 
للبيع ٣مليون و٤٥٠الف 
على شور
الموقع.",24.811396,46.736494,https://images.aqar.fm/webp/750x0/props/034048562_1775158247669.jpg | https://images.aqar.fm/webp/750x0/props/034048562_1775158247315.jpg | https://images.aqar.fm/webp/750x0/props/034048569_1775158247422.jpg | https://images.aqar.fm/webp/750x0/props/034048569_1775158247484.jpg | https://images.aqar.fm/webp/750x0/props/034048567_1775158247566.jpg | https://images.aqar.fm/webp/750x0/props/034048564_1775158247769.jpg | https://images.aqar.fm/webp/750x0/props/034048565_1775158248110.jpg | https://images.aqar.fm/webp/750x0/props/034048569_1775158248111.jpg | https://images.aqar.fm/webp/750x0/props/034048564_1775158248240.jpg | https://images.aqar.fm/webp/750x0/props/034048569_1775158248325.jpg | https://images.aqar.fm/webp/750x0/props/034048564_1775158248514.jpg,11,عبدالله عبدالعزيز,شركة الطخيم العالمية,1,2026-04-02,2026-07-28,2026-08-19,293,2026-08-23,True,"3,450,000",False,فيلا
6811536,https://sa.aqar.fm/فلل-للبيع/الرياض/شرق-الرياض/حي-قرطبة/شارع-دوس-حي-قرطبة-مدينة-الرياض-منطقة-الرياض-6811536,"فيلا للبيع في شارع دوس, حي قرطبة, مدينة الرياض, منطقة الرياض",3800000,350,5,5,3,11,حي قرطبة,الرياض,شرق الرياض,$5d,24.802847,46.741866,https://images.aqar.fm/webp/750x0/props/000499927_1786302648738.jpg | https://images.aqar.fm/webp/750x0/props/000499924_1786302725489.jpg | https://images.aqar.fm/webp/750x0/props/000499925_1786302739652.jpg | https://images.aqar.fm/webp/750x0/props/000499928_1786302796863.jpg | https://images.aqar.fm/webp/750x0/props/000499929_1786302796867.jpg | https://images.aqar.fm/webp/750x0/props/000499920_1786302796895.jpg | https://images.aqar.fm/webp/750x0/props/000499923_1786302796859.jpg | https://images.aqar.fm/webp/750x0/props/000499920_1786302796886.jpg | https://images.aqar.fm/webp/750x0/props/000499920_1786302796888.jpg | https://images.aqar.fm/webp/750x0/props/000499929_1786302821740.jpg | https://images.aqar.fm/webp/750x0/props/000499921_1786302821912.jpg | https://images.aqar.fm/webp/750x0/props/000499925_1786302821910.jpg | https://images.aqar.fm/webp/750x0/props/000499925_1786302821888.jpg | https://images.aqar.fm/webp/750x0/props/000499921_1786302837032.jpg | https://images.aqar.fm/webp/750x0/props/000499924_1786733032278.jpg | https://images.aqar.fm/webp/750x0/props/000499926_1786733038863.jpg | https://images.aqar.fm/webp/750x0/props/000499925_1786733055063.jpg | https://images.aqar.fm/webp/750x0/props/000499929_1786733069648.jpg | https://images.aqar.fm/webp/750x0/props/000499928_1786733096661.jpg | https://images.aqar.fm/webp/750x0/props/000499929_1786733110286.jpg,20,احمد سعد,مكتب مسكن و مغنم للعقارات,1,2026-08-08,2026-08-08,2026-08-20,383,2026-08-23,True,"3,800,000",False,فيلا
6782154,https://sa.aqar.fm/فلل-للبيع/الرياض/شرق-الرياض/حي-قرطبة/شارع-جبل-مرة-حي-قرطبة-مدينة-الرياض-منطقة-الرياض-6782154,"فيلا للبيع في شارع جبل مرة, حي قرطبة, مدينة الرياض, منطقة الرياض",4350000,870,5,5,3,11,حي قرطبة,الرياض,شرق الرياض,"فرصة 

المساحة ٨٧٠ متر 
شارع ١٥ متر جنوبي 
الاطوال ٢٩ × ٣٠ عمق 
الارض قائم عليها فلتين قديمة 
الفلتين بي صك واحد 
الموقع مميزة جدا
البيع ٥٠٠٠ للمتر",24.828469,46.740556,https://images.aqar.fm/webp/750x0/props/035327557_1786453939736.jpg | https://images.aqar.fm/webp/750x0/props/035327550_1786453968196.jpg | https://images.aqar.fm/webp/750x0/props/035327557_1786453968444.jpg | https://images.aqar.fm/webp/750x0/props/035327551_1786453968821.jpg | https://images.aqar.fm/webp/750x0/props/035327555_1786453968832.jpg | https://images.aqar.fm/webp/750x0/props/035327554_1786453969000.jpg | https://images.aqar.fm/webp/750x0/props/035327559_1786453969020.jpg | https://images.aqar.fm/webp/750x0/props/035327552_1786453969210.jpg | https://images.aqar.fm/webp/750x0/props/035327559_1786453969217.jpg | https://images.aqar.fm/webp/750x0/props/035327551_1786453969407.jpg | https://images.aqar.fm/webp/750x0/props/035327550_1786453969412.jpg | https://images.aqar.fm/webp/750x0/props/035327551_1786453969593.jpg | https://images.aqar.fm/webp/750x0/props/035327551_1786453969615.jpg | https://images.aqar.fm/webp/750x0/props/035327558_1786453984830.jpg,14,عبيد صالح شبلي الشمري,مؤسسة نظرة المطور للمقاولات,1,2026-07-20,2026-08-18,2026-08-23,636,2026-08-23,True,"4,350,000",False,فيلا
6823595,https://sa.aqar.fm/فلل-للبيع/الرياض/شرق-الرياض/حي-قرطبة/شارع-يافا-حي-قرطبة-مدينة-الرياض-منطقة-الرياض-6823595,"فيلا للبيع في شارع يافا, حي قرطبة, مدينة الرياض, منطقة الرياض",4000000,480,,5,4,10,حي قرطبة,الرياض,شرق الرياض,"🏡 للبيع فيلا مميزة بحي قرطبة – واجهة جنوبية

📍 الموقع: حي قرطبة
🧭 الواجهة: جنوبية
🛣️ عرض الشارع: 20 متر
📐 مساحة الأرض: 480 م²
     مقابل مرفق وحديقه 

💰 السعر المطلوب: 4,000,000 ريال

تفاصيل العقار:

🔹 الدور الأرضي:

* مدخل رئيسي ومدخل للبايكة.
* ملحق خارجي مع دورة مياه.
* حوش واسع.
* مجلس ومقلط ودورة مياه.
* صالة.
* مطبخ.
* 3 غرف نوم.

🔹 الدور الأول – شقتان:
كل شقة تتكون من:

* مدخلين.
* مجلس ودورة مياه.
* صالة.
* مطبخ.
* غرفتي نوم.
* دورتَي مياه.

🔹 الدور العلوي:

* مدخلين.
* مجلس.
* صالة.
* مطبخ.
* غرفتا نوم.
* دورتا مياه.
* سطح واسع.

✨ العقار مناسب للسكن والاستثمار، ويتميز بتعدد الوحدات والمساحات الواسعة.

📞 للتواصل وتحديد موعد للمعاينة مسبقًا:
**أبو تميم – ((الرقم يظهر عند الضغط على اتصال))",24.827439,46.745191,https://images.aqar.fm/webp/750x0/props/000833307_1786802579723.jpg | https://images.aqar.fm/webp/750x0/props/000833309_1786819476766.jpg,2,سميره فلاح,مؤسسة النواصي العقارية,1,2026-08-15,2026-08-15,2026-08-22,292,2026-08-23,True,"4,000,000",False,فيلا
6796755,https://sa.aqar.fm/فلل-للبيع/الرياض/شرق-الرياض/حي-قرطبة/شارع-سدوان-حي-قرطبة-مدينة-الرياض-منطقة-الرياض-6796755,"فيلا للبيع في شارع سدوان, حي قرطبة, مدينة الرياض, منطقة الرياض",2800000,338,,1,0,10,حي قرطبة,الرياض,شرق الرياض,"للبيع فيلا حي قرطبه 
المساحه ٣٣٨ م
الواجهة / جنوبية 
 شارع عرض ١٥ م
الحالةمجددة بالكامل دهان، 
حمامات، أبواب، ديكورات).
المواقف: تتسع لحوالي ٥
سيارات.الارتدادات:
أمامي ٤ متر خلفي ٢ متر
الدور الأرضي يحتوي على
غرفة سائق مع مدخل 
مستقل للشقة ملحق 
شبابي بباب خشبي 
يفتح بالكامل مجلس رجال
مقلط (غرفة طعا مصالة 
نساء مفتوحة مجلس نساء
عدد ٢ دورة مياه مطبخ كبير
مستودع غرفة غسيل
غرفة خادمة مع حمام خاص
حوش أمامي ارتداد جانبي 
وخلفي كما يوجد درج 
داخلي للصعود 
للدور العلوي.
الدور العلوي يحتوي على
صالة عائلية صغيرة ميني بار
غرفتين ماستر مع حمامات 
خاصة بلكونة واسعة في 
غرفة الماستر الرئيسية
غرفتين واسعتين بينهما 
حمام مشترك
 الشقة (شقة مستقلة) 
تتكون من: غرفتين نوم
صالة مجلس رجال مطبخ
بلكونة واسعة س
المكيفات ٢ مكيف شباك
٢ مكيف سبليت المطبخ مركب.
الأوراق النظامية جميع 
الأوراق مكتملة
يوجد شهادة إتمام بناء 
شهادة إشغال",24.803186,46.743875,https://images.aqar.fm/webp/750x0/props/041582275_1785352868379.jpg,1,خالد بن محمد بن ابراهيم علاالله,مؤسسة محترف الاصول العقارية,1,2026-07-29,2026-07-29,2026-08-23,331,2026-08-23,True,"2,800,000",False,فيلا
6661804,https://sa.aqar.fm/فلل-للبيع/الرياض/شرق-الرياض/حي-قرطبة/شارع-واصل-حي-قرطبة-مدينة-الرياض-منطقة-الرياض-6661804,"فيلا للبيع في شارع واصل, حي قرطبة, مدينة الرياض, منطقة الرياض",4750000,500,,0,0,9,حي قرطبة,الرياض,شرق الرياض,"⭐️⭐️فرصة عقارية⭐️⭐️

الموقع مميز جداً مناسب استثمار او سكن 

بالقرب من
- حديقة 
- جامع 
-مركز تجاري

المساحه 500
عمر العقار 10 سنوات
درج داخلي
موسس مصعد 
تكيف مركزي للدور الارضي
مجلس خارجي
مسبح وشلال خارجي 
غرفه سائق 
الدور الارضي
مجلس
 مقلط 
صالتين 
مطبخ 
مستودع 
غرفه ماستر
عدد 2 حمام
درج داخلي علوي
 3 غرف ماستر 
صاله.
سطح غرفه ماستر 
مستودع 
حوش 
سطح كبير

يوجد شقتين بمدخل مستقل 

الشقه الاولى 
مجلس 
صاله 
مطبخ 
غرفتين 
2 حمام

الشقه الثانيه
 مجلس 
مطبخ 
صاله 
غرفتين و
2 حمام",24.815358,46.745207,https://images.aqar.fm/webp/750x0/props/003868401_1776633678290.jpg | https://images.aqar.fm/webp/750x0/props/003868402_1776633678236.jpg | https://images.aqar.fm/webp/750x0/props/003868403_1776633678295.jpg | https://images.aqar.fm/webp/750x0/props/003868400_1776633678289.jpg | https://images.aqar.fm/webp/750x0/props/003868402_1776633735530.jpg | https://images.aqar.fm/webp/750x0/props/003868402_1776633735534.jpg | https://images.aqar.fm/webp/750x0/props/003868406_1776633735535.jpg,7,عمر محمد منصور العمران,شركة عين الرائدة العقارية,1,2026-04-19,2026-08-15,2026-08-21,905,2026-08-23,True,"4,750,000",False,فيلا
6804431,https://sa.aqar.fm/فلل-للبيع/الرياض/شرق-الرياض/حي-قرطبة/شارع-بلقيس-حي-قرطبة-مدينة-الرياض-منطقة-الرياض-6804431,"فيلا للبيع في شارع بلقيس, حي قرطبة, مدينة الرياض, منطقة الرياض",9300000,750,,5,4,11,حي قرطبة,الرياض,شرق الرياض,"فيلا راقية (قصر مصغّر) للبيع
📍 الموقع: زاوية على شارع 20 جنوبي + ممر مغلق شرقي (أفضل الواجهات)  
✨ من أفضل المواقع في قرطبة الغربية  
🏡 عمر الفيلا: 15 سنة – منظر حديث تماماً، جودة بناء ممتازة جداً، وحالتها افضل من الفلل الجديدة 
🛠️ تشطيب وبناء: مع أفضل المقاولين وباعلى التكاليف 
🚿 الأطقم الصحية: من نجم أبا حسين بتكلفة 500,000 ريال (الفواتير موجودة)
🧱 واجهات: حجرية راقية
❄️ تكييف: مكيفات مركزية للمجالس والصالات والقبو

تفاصيل الفيلا:

الدور الأرضي:
🛋️ مجلس واسع + مقلط + دورة مياه ومغاسل
👩‍🦰 صالة نساء واسعة + مطبخ + دورة مياه
🏠 ٤ ملاحق خارجية (أحدها مطبخ خارجي)
🚗 مدخل سيارة واسع مع مظلات
🕳️ قبو كبير بمساحة 200 متر
 🔑 غرفة سائق 

الدور الأول:
🛏️ ٥ أجنحة نوم (أحدها رئيسي مطل على الواجهة)
👨‍👩‍👧 صالة عائلية

الدور الثاني:
🛏️ غرفتين نوم ماستر واسعة
🏞️ سطح وغرفة عاملة 

الفيلا تصلح للمهتمين بالجودة ومالكها مهتم فيها بكل مراحل الانشاء ولم يظهر فيها اي عيوب بفضل الله 
تقع على موقع ممتاز للغاية على مخرج للدائري الشمالي وطريق المطار",24.800585,46.734084,https://images.aqar.fm/webp/750x0/props/001277313_1785782764697.jpg | https://images.aqar.fm/webp/750x0/props/001277311_1785782680688.jpg | https://images.aqar.fm/webp/750x0/props/001277312_1785782680868.jpg | https://images.aqar.fm/webp/750x0/props/001277319_1785782680690.jpg | https://images.aqar.fm/webp/750x0/props/001277317_1785782680690.jpg | https://images.aqar.fm/webp/750x0/props/001277316_1785782680688.jpg | https://images.aqar.fm/webp/750x0/props/001277316_1785782680689.jpg | https://images.aqar.fm/webp/750x0/props/001277319_1785782738092.jpg | https://images.aqar.fm/webp/750x0/props/001277314_1785782738095.jpg | https://images.aqar.fm/webp/750x0/props/001277311_1785782738091.jpg | https://images.aqar.fm/webp/750x0/props/001277313_1785782738098.jpg | https://images.aqar.fm/webp/750x0/props/001277313_1785782738092.jpg | https://images.aqar.fm/webp/750x0/props/001277310_1785782680688.jpg | https://images.aqar.fm/webp/750x0/props/001277312_1785782680688.jpg | https://images.aqar.fm/webp/750x0/props/001277313_1785782738094.jpg | https://images.aqar.fm/webp/750x0/props/001277315_1785782764696.jpg | https://images.aqar.fm/webp/750x0/props/001277316_1785782738091.jpg,17,بندر عبدالعزيز,مكتب بندر عبدالعزيز المشعل للعقارات,1,2026-08-03,2026-08-03,2026-08-22,1285,2026-08-23,True,"9,300,000",False,فيلا
6503469,https://sa.aqar.fm/فلل-للبيع/الرياض/شرق-الرياض/حي-قرطبة/شارع-الشهدة-حي-قرطبة-مدينة-الرياض-منطقة-الرياض-6503469,"فيلا للبيع في شارع الشهدة, حي قرطبة, مدينة الرياض, منطقة الرياض",3800000,421,,5,3,11,حي قرطبة,الرياض,شرق الرياض,"فله فاخره بحي قرطبة 
مساحة 421 م 
ملحق خارجي 
مجلس رجال 
مقلط 
مجلس نساء 
غرفة كبير السن 
صاله 
مطبخ مع مستودع 
٣ حمامات تحت 
الدور العلوي 
صاله كبيره 
خمس غرف نوم مع خمس حمامات 
السطح 
غرفة خادمة مع غرفة غسيل و كوي",24.817483,46.724132,https://images.aqar.fm/webp/750x0/props/009255103_1765491257024.jpg | https://images.aqar.fm/webp/750x0/props/009255109_1765491257077.jpg | https://images.aqar.fm/webp/750x0/props/009255105_1765491256937.jpg | https://images.aqar.fm/webp/750x0/props/009255106_1765491257045.jpg | https://images.aqar.fm/webp/750x0/props/009255109_1765491257073.jpg | https://images.aqar.fm/webp/750x0/props/009255103_1765491257090.jpg | https://images.aqar.fm/webp/750x0/props/009255105_1765491257091.jpg | https://images.aqar.fm/webp/750x0/props/009255108_1765491257086.jpg | https://images.aqar.fm/webp/750x0/props/009255103_1765491265024.jpg,9,عبدالله حامد بن سعيد الغامدي,شركة تحديد للخدمات العقارية,1,2025-12-11,2026-08-06,2026-08-06,3546,2026-08-23,True,"3,800,000",False,فيلا
6454060,https://sa.aqar.fm/فلل-للبيع/الرياض/شرق-الرياض/حي-قرطبة/شارع-الصدارة-حي-قرطبة-مدينة-الرياض-منطقة-الرياض-6454060,"فيلا للبيع في شارع الصدارة, حي قرطبة, مدينة الرياض, منطقة الرياض",3650000,278,6,5,5,0,حي قرطبة,الرياض,شرق الرياض,$5c,24.815455,46.742425,https://images.aqar.fm/webp/750x0/props/048964206_1762871274467.jpg | https://images.aqar.fm/webp/750x0/props/048964201_1762871274508.jpg | https://images.aqar.fm/webp/750x0/props/048964202_1762871296622.jpg | https://images.aqar.fm/webp/750x0/props/048964202_1763016785584.jpg | https://images.aqar.fm/webp/750x0/props/048964205_1763016785563.jpg | https://images.aqar.fm/webp/750x0/props/048964208_1763016785589.jpg | https://images.aqar.fm/webp/750x0/props/048964205_1763016785581.jpg | https://images.aqar.fm/webp/750x0/props/048964201_1763016785593.jpg | https://images.aqar.fm/webp/750x0/props/048964209_1763016785590.jpg | https://images.aqar.fm/webp/750x0/props/048964208_1763016785602.jpg | https://images.aqar.fm/webp/750x0/props/048964207_1763016785572.jpg,11,عبدالله اليوسف,مؤسسة اثال العقارية للعقارات,1,2025-11-04,2026-05-26,2026-08-23,1778,2026-08-23,True,"3,650,000",False,فيلا
6546420,https://sa.aqar.fm/فلل-للبيع/الرياض/شرق-الرياض/حي-قرطبة/شارع-الصيادة-حي-قرطبة-مدينة-الرياض-منطقة-الرياض-6546420,"فيلا للبيع في شارع الصيادة, حي قرطبة, مدينة الرياض, منطقة الرياض",3500000,399,,1,0,11,حي قرطبة,الرياض,شرق الرياض,"الموقع مميز في حي قرطبه

فيلا

المساحة 399 متر

عرض الشارع 15 متر

الواجهة شرقية شمالية

عمر العقار 14 سنة
شارع سكني
4 غرف
صالتين
4 دورات مياة
مطبخ
غرفة سواق
غرفة شغالة
حوش
مدخل سيارة
السعر 4مليون 200

السعر قابل للتفاوض",24.80834,46.739059,https://images.aqar.fm/webp/750x0/props/047169350_1768393879410.jpg | https://images.aqar.fm/webp/750x0/props/047169352_1768393879022.jpg | https://images.aqar.fm/webp/750x0/props/047169353_1768393879102.jpg | https://images.aqar.fm/webp/750x0/props/047169359_1768393879207.jpg | https://images.aqar.fm/webp/750x0/props/047169355_1768393879321.jpg,5,ابراهيم ضيدان بن غلاب العتيبي,مكتب راية الابتكار للخدمات العقارية,1,2026-01-14,2026-01-14,2026-08-23,268,2026-08-23,True,"3,500,000",False,فيلا
6671205,https://sa.aqar.fm/فلل-للبيع/الرياض/شرق-الرياض/حي-قرطبة/شارع-جبل-الكرمل-حي-قرطبة-مدينة-الرياض-منطقة-الرياض-6671205,"فيلا للبيع في شارع جبل الكرمل, حي قرطبة, مدينة الرياض, منطقة الرياض",4400000,500,,1,0,9,حي قرطبة,الرياض,شرق الرياض,"التوصيل على رقم الجوال 

((الرقم يظهر عند الضغط على اتصال))

للبيع فيلا مميزة بحي قرطبة – موقع ممتاز ومساحة كبيرة
المساحة: 500 م
 عمر العقار: 10 سنوات
 فيلا درج داخلي + شقتين مستقلة
 مؤسس مصعد و تكييف مركزي للدور الأرضي
 مميزات العقار: مجلس خارجي فاخر
 مسبح مع شلال خارجي يعطي جلسات ولا أروعو  غرفة سائق مستقلة
 الدور الأرضي:
مجلس رجال مقلط و صالتين واسعة
مطبخ + مستودع و غرفة ماستر و عدد 2 دورات مياه
 الدور العلوي:
3 غرف ماستر و صالة عائلية
السطح: غرفة ماستر ،مستودع 
حوش واسع في السطح مناسب للجلسات
الشقق:
🟦 الشقة الأولى:
مجلس ،صالة ، مطبخ ، غرفتين نوم ، 2 دورات مياه
🟩 الشقة الثانية:
مجلس ،صالة ،مطبخ ،غرفتين نوم
2 دورات مياه
 نيه بيع 4 مليون و500
في تفاوض لي  
الصامل الكاش بيكون خير ان شاءالله

مباشر مع المالك

https://maps.app.goo.gl/kfGf5jEL8CubuMb7A",24.82374,46.737148,https://images.aqar.fm/webp/750x0/props/008374640_1787417470697.jpg,1,عبدالله بن عبدالرحمن بن علي الهمش,مكتب عبدالله عبدالرحمن علي الهمش للعقارات,1,2026-04-26,2026-05-26,2026-08-22,2280,2026-08-23,True,"4,400,000",False,فيلا
6829417,https://sa.aqar.fm/فلل-للبيع/الرياض/شرق-الرياض/حي-قرطبة/شارع-قها-حي-قرطبة-مدينة-الرياض-منطقة-الرياض-6829417,"فيلا للبيع في شارع قها, حي قرطبة, مدينة الرياض, منطقة الرياض",4800000,728,6,5,2,11,حي قرطبة,الرياض,شرق الرياض,"- فيلا للبيع في حي قرطبة مرممه من الداخل بالكامل 
  - درج داخلي + شقه  
  - مساحة  728 م² 
  - زاويه شارع  20 غربي + ممر 10 شمالي 
  - اطوالها 26 والعمق 28 
  - امامها مرفق حكومي مواقف 
  - الدور الارضي : مشب خارجي بدورة مياه – مجلس رجال – مع دورة مياه – مقلط – صالة نساء – مجلس نساء – غرفتين نوم بينهم   دورة مياه – مطبخ . 
  - الدور الأول : 4 غرف نوم  وصاله كبيره  ودورتين مياه
  - الشقة مكونة مجلس -  مقلط -صالة - غرفتين نوم -  مطبخ دورتين مياه",24.807869,46.75034,https://images.aqar.fm/webp/750x0/props/005938293_1787069031606.png | https://images.aqar.fm/webp/750x0/props/005938299_1787069042340.png | https://images.aqar.fm/webp/750x0/props/005938292_1787069042336.png | https://images.aqar.fm/webp/750x0/props/005938295_1787069042336.png | https://images.aqar.fm/webp/750x0/props/005938294_1787069042340.png | https://images.aqar.fm/webp/750x0/props/005938292_1787069042335.png | https://images.aqar.fm/webp/750x0/props/005938293_1787069042335.png | https://images.aqar.fm/webp/750x0/props/005938298_1787069042339.png | https://images.aqar.fm/webp/750x0/props/005938294_1787069042391.png,9,وائل المطيري,مكتب اضواء الاوائل للعقارات,1,2026-08-18,2026-08-18,2026-08-23,35,2026-08-23,True,"4,800,000",False,فيلا
6725802,https://sa.aqar.fm/فلل-للبيع/الرياض/شرق-الرياض/حي-قرطبة/شارع-نهر-النعامين-حي-قرطبة-مدينة-الرياض-منطقة-الرياض-6725802,"فيلا للبيع في شارع نهر النعامين, حي قرطبة, مدينة الرياض, منطقة الرياض",3700000,432,,5,2,10,حي قرطبة,الرياض,شرق الرياض,$5c,24.82738,46.744261,https://images.aqar.fm/webp/750x0/props/000143429_1781014695332.jpg | https://images.aqar.fm/webp/750x0/props/000143426_1781014695282.jpg | https://images.aqar.fm/webp/750x0/props/000143428_1781014695329.jpg | https://images.aqar.fm/webp/750x0/props/000143428_1781014695346.jpg | https://images.aqar.fm/webp/750x0/props/000143422_1781014695348.jpg | https://images.aqar.fm/webp/750x0/props/000143429_1781014695343.jpg | https://images.aqar.fm/webp/750x0/props/000143427_1781014695348.jpg | https://images.aqar.fm/webp/750x0/props/000143425_1781014695310.jpg,8,عويض الحربي,,,2026-06-09,2026-08-06,2026-08-23,1742,2026-08-23,True,"3,700,000",False,فيلا
6577999,https://sa.aqar.fm/فلل-للبيع/الرياض/شرق-الرياض/حي-قرطبة/شارع-رفاع-حي-قرطبة-مدينة-الرياض-منطقة-الرياض-6577999,"فيلا للبيع في شارع رفاع, حي قرطبة, مدينة الرياض, منطقة الرياض",3400000,312,6,4,2,0,حي قرطبة,الرياض,شرق الرياض,"للبيع فلتين حي قرطبة
مساحة الفيلا 312 متر مربع
شارع 18 متر شمالي
دورين درج داخلي
وشقة مفصولة تابعة للسطح
الدور الأرضي: مجلس، مقلط، صالة، مطبخ، دورتين مياه
الدور العلوي: ثلاث غرف ماستر كل غرفة بحمام، غرفة إضافية، صالة
ملحق علوي
غرفة سائق
مصعد
الحد 3,400,000 ريال
مباشر المالك 
الموقع*",24.807214,46.745372,https://images.aqar.fm/webp/750x0/props/049209526_1770311746947.jpg | https://images.aqar.fm/webp/750x0/props/049209526_1770311746771.jpg | https://images.aqar.fm/webp/750x0/props/049209524_1770311746839.jpg | https://images.aqar.fm/webp/750x0/props/049209528_1770311746949.jpg | https://images.aqar.fm/webp/750x0/props/049209525_1770311747024.jpg | https://images.aqar.fm/webp/750x0/props/049209526_1770311747118.jpg | https://images.aqar.fm/webp/750x0/props/049209528_1770311747191.jpg | https://images.aqar.fm/webp/750x0/props/049209523_1770311747264.jpg | https://images.aqar.fm/webp/750x0/props/049209528_1770311747359.jpg,9,فهد سعود,مؤسسة فهد سعود الطريري للتطوير والاستثمار العقاري,1,2026-02-05,2026-07-30,2026-08-23,357,2026-08-23,True,"3,400,000",False,فيلا
6668393,https://sa.aqar.fm/فلل-للبيع/الرياض/شرق-الرياض/حي-قرطبة/شارع-سدوان-حي-قرطبة-الرياض-منطقة-الرياض-6668393,فيلا للبيع في شارع سدوان ، حي قرطبة ، الرياض ، منطقة الرياض,2800000,300,4,4,2,16,حي قرطبة,الرياض,شرق الرياض,"للبيع فيلا بحي قرطبة 
درج دخلي 
المساحة ٣٠٠ م
عمر العقار ١٦ سنه
سيب يدور مدخل سياره
الدور الاول 
مجلس وغرفة طعام ومطبخ 
وصالة ودرج وسط الصاله
غرفه دوره مياه ٢
الدور الثاني :
٣ غرف ماستر و ٢ ببلكونه 
وغرفه عاديه حمام خارجي 
صاله وكونر خدمة
الدور الثالث :
غرفة خادمه مستودع 
٢ دوره مياه صاله سطح
البيع ٢ مليون و ٨٠٠ الف
فيلا حره و تقبل بنك

الموقع

https://maps.app.goo.gl/dabADDYvHGgjK56B9?g_st=iw",24.803032,46.743805,https://images.aqar.fm/webp/750x0/props/049680134_1777048337251.jpg | https://images.aqar.fm/webp/750x0/props/049680131_1777047510899.jpg | https://images.aqar.fm/webp/750x0/props/049680137_1777047510484.jpg | https://images.aqar.fm/webp/750x0/props/049680134_1777047510718.jpg | https://images.aqar.fm/webp/750x0/props/049680137_1777047510886.jpg | https://images.aqar.fm/webp/750x0/props/049680136_1777047510820.jpg | https://images.aqar.fm/webp/750x0/props/049680130_1777047510486.jpg | https://images.aqar.fm/webp/750x0/props/049680138_1777047510870.jpg,8,متوكل عباس احمد محمد,,,2026-04-24,,2026-06-09,412,2026-08-23,False,طلب تسويق,False,فيلا
6734146,https://sa.aqar.fm/فلل-للبيع/الرياض/شرق-الرياض/حي-قرطبة/شارع-تمرة-حي-قرطبة-مدينة-الرياض-منطقة-الرياض-6734146,"فيلا للبيع في شارع تمرة, حي قرطبة, مدينة الرياض, منطقة الرياض",5500000,625,6,5,1,7,حي قرطبة,الرياض,شرق الرياض,"الروابط العقارية للتسويق والتطوير العقاري تقدم لكم … 

🏡 فيلا للبيع درج داخلي 
مع شقة مستقلة 

📍 الموقع: حي قرطبة – الرياض
📐 المساحة: 625 م²
الواجهة: شرقية
شارع عرض 15 متر
عمر العقار:  7 سنوات تقريبا 

🔹 تفاصيل الفيلا:

الدور الأرضي:

* مجلس
* مقلط
* صالة
* مطبخ
* غرفة سائق ⁠ 

الدور الأول:

* 6 غرف نوم
* 3 دورات مياه

❄️ نظام تكييف دكت للدور الأرضي والمجلس والصالة العلوية.

الملحق:

* غرفة خادمة
* غرفة غسيل

🔹 شقة مستقلة بمدخل خاص:

* غرفتين نوم
* مجلس
* صالة
* سطح خاص

✅ درج داخلي
✅ شقة مستقلة بمدخل خاص
✅ تأسيس مصعد (غير مركب)
✅ موقع مميز في حي قرطبة
✅ مناسبة للسكن والاستثمار


💰 السعر: 5,500,000 ريال",24.800008,46.735138,https://images.aqar.fm/webp/750x0/props/046326503_1781540324228.jpg | https://images.aqar.fm/webp/750x0/props/046326506_1781540340837.jpg | https://images.aqar.fm/webp/750x0/props/046326508_1781540353738.jpg | https://images.aqar.fm/webp/750x0/props/046326508_1781540353756.jpg | https://images.aqar.fm/webp/750x0/props/046326506_1781540353750.jpg | https://images.aqar.fm/webp/750x0/props/046326502_1781540375112.jpg | https://images.aqar.fm/webp/750x0/props/046326502_1781540375051.jpg | https://images.aqar.fm/webp/750x0/props/046326508_1781540374969.jpg | https://images.aqar.fm/webp/750x0/props/046326501_1781540375108.jpg,9,رضا المازني,مؤسسة الروابط العقارية,1,2026-06-15,2026-08-12,2026-08-12,3849,2026-08-23,True,"5,500,000",False,فيلا
6801963,https://sa.aqar.fm/فلل-للبيع/الرياض/شرق-الرياض/حي-قرطبة/شارع-واصل-حي-قرطبة-مدينة-الرياض-منطقة-الرياض-6801963,"فيلا للبيع في شارع واصل, حي قرطبة, مدينة الرياض, منطقة الرياض",5200000,544,,5,5,5,حي قرطبة,الرياض,شرق الرياض,"الروابط العقارية تقدم لكم فرصة عقارية مميزة في شرق مدينة الرياض 🏡✨

🔹 للبيع فلة درج داخلي مع شقتين – حي قرطبه 🔹

📐 المساحة: 545 م²
🛣️ الشارع: 20 غربي
💰 السوم: 5200000 ريال

📍 الموقع: حي قرطبه

✨ مواصفات الفيلا:

📌 الدور الأرضي:
▪️ ملحق رجال
▪️ مجلس
▪️ مقلط
▪️ صالتان كبيرة
▪️ مطبخ مع مستودع 
▪️ دورتا مياه
▪️ غرفة غسيل 

📌 الدور الأول:
▪️ 3 غرف ماستر

🔸 شقة مستقلة تحتوي على:
▪️ مجلس
▪️ صالة
▪️ غرفتا نوم
▪️ مطبخ
▪️ دورتا مياه

📌 الدور الثاني:

▪️ غرفة مع دورة مياه وسطح خاص للفلة 
🔸 شقة مماثلة للدور الأول
▪️ سطح

🛑 مباشر مع الروابط العقارية

📍 المكتب: المونسية – طريق الصحابة

📞 للتواصل والاستفسار:

أبو ناصر: ((الرقم يظهر عند الضغط على اتصال))
أبو محمد: ((الرقم يظهر عند الضغط على اتصال))",24.816358,46.745392,https://images.aqar.fm/webp/750x0/props/045657017_1785683865054.jpg | https://images.aqar.fm/webp/750x0/props/045657010_1785690928060.jpg | https://images.aqar.fm/webp/750x0/props/045657015_1785690928078.jpg | https://images.aqar.fm/webp/750x0/props/045657013_1785690927973.jpg | https://images.aqar.fm/webp/750x0/props/045657016_1785690928094.jpg | https://images.aqar.fm/webp/750x0/props/045657013_1785690928083.jpg | https://images.aqar.fm/webp/750x0/props/045657018_1785690928070.jpg | https://images.aqar.fm/webp/750x0/props/045657013_1785690928079.jpg,8,رضا المازني,مؤسسة الروابط العقارية,1,2026-08-02,2026-08-02,2026-08-02,227,2026-08-23,True,"5,200,000",False,فيلا
