listing_id,url,title,price,area_sqm,rooms,bathrooms,livings,age_years,district,city,direction,description,latitude,longitude,images,images_count,advertiser_name,advertiser_company,advertiser_type,created_at,published_at,last_update,views,date_scraped,published,price_text,price_was_missing,property_type
6807168,https://sa.aqar.fm/شقق-للبيع/الظهران/حي-الجامعة/شارع-سعيد-بن-المسيب-حي-الجامعة-مدينة-الظهران-المنطقة-الشرقية-6807168,"شقة للبيع في شارع سعيد بن المسيب, حي الجامعة, مدينة الظهران, المنطقة الشرقية",900000,154,3,3.0,2.0,0,حي الجامعة,الظهران,حي الجامعة,"شقة راقية للبيع في مشروع رواس 30
في مدينة الظهران - حي الربوة
تفاصيل اكثر 👇🏻🤩🤩

رمز العرض : R06040258025

*⭐️ مكونات الوحدة ⭐️*
- غرف النوم 3
- ⁠دورات المياه 3
- ⁠مجلس
- ⁠صاله 
- ⁠مطبخ
- ⁠غرفة عامله مع دورة مياه
- ⁠بالكوني بإطلالة على المدينة 🌃
- ⁠مكيفة بالكامل 

*⭐️ المميزات الإضافية ⭐️*  
- ⁠منطقة استقبال في مدخل المبنى
- ⁠دخول آمن للمبنى 
- ⁠دخول ذكي للوحدة
- ⁠موقف سيارة مظلل

*⭐️ تفاصيل اكثر ⭐️*
- ⁠سعر البيع :  900 ألف ريال
- ⁠رقم ترخيص الإعلان: 7201070763
- رابط اعلان *Tiktok* 
https://vt.tiktok.com/ZS5eBwHFM/
- إعلان تطبيق *عقار*
https://sa.aqar.fm/r/5172f432

التواصل مباشرة 
مستشار مبيعات شركة إسهام الشرق :
نهال / ((الرقم يظهر عند الضغط على اتصال))

مستشار مبيعات شركة إسهام الشرق : 
نوف / ((الرقم يظهر عند الضغط على اتصال))

مستشار مبيعات شركة إسهام الشرق : 
مجاهد / ((الرقم يظهر عند الضغط على اتصال))",26.349241,50.13999,https://images.aqar.fm/webp/750x0/props/033740143_1766870866579.jpg,12.0,مشعل غرم الله بن علي الزهراني,مؤسسة إسهام الشرق للصيانة والنظافة,1.0,2026-08-05,2026-08-05,2026-09-24,132,2026-09-27,True,"900,000",False,شقة
6730067,https://sa.aqar.fm/شقق-للبيع/الظهران/حي-الجامعة/شارع-سعيد-بن-المسيب-حي-الجامعة-مدينة-الظهران-المنطقة-الشرقية-6730067,"شقة للبيع في شارع سعيد بن المسيب, حي الجامعة, مدينة الظهران, المنطقة الشرقية",650000,109,2,3.0,2.0,0,حي الجامعة,الظهران,حي الجامعة,"شقة راقية للبيع في مشروع رواس 30
في مدينة الظهران - حي الربوة
تفاصيل اكثر 👇🏻🤩🤩

رمز العرض : R010302580258

*⭐️ مكونات الوحدة ⭐️*
- غرف النوم 2
- ⁠دورات المياه 3
- ⁠مجلس
- ⁠صاله  
- ⁠مطبخ ( خزائن بدون أجهزة )
- ⁠غرفة عامله مع دورة مياه 
- ⁠مكيفة بالكامل
- ⁠مساحة الشقة : 109.78 متر
-الشقه جديدة 

*⭐️ المميزات الإضافية ⭐️*  
- ⁠منطقة استقبال في مدخل المبنى
- ⁠دخول آمن للمبنى 
- ⁠دخول ذكي للوحدة
- ⁠موقف سيارة مظلل

*⭐️ تفاصيل اكثر ⭐️*
- ⁠سعر البيع : 650 ألف ريال
- ⁠رقم ترخيص الإعلان:7200997802
- رابط اعلان *Tiktok* 
https://vt.tiktok.com/ZSQaVNYcX/
- إعلان تطبيق *عقار*
https://sa.aqar.fm/r/006ddc63

Luxury apartment for sale in Rawas 30 project
In Dhahran City - Rabwa District
More details 👇🏻🤩🤩

*⭐️ Components of the unit ⭐️*

- Bedrooms 2
- ⁠Toilets 3
- ⁠Council
- ⁠Hall
- ⁠Kitchen (cabinets without appliances)
- ⁠A working room with a toilet
- Fully air-conditioned ⁠
- Apartment area: 109.78 meters
The apartment is new

*⭐️ Additional features ⭐️*

- ⁠Reception area at the entrance of the building
- ⁠Safe entry to the building
- ⁠Smart entry to the unit
- ⁠Shaded parking

*⭐️ More details ⭐️*

- ⁠Selling price: 650 thousand riyals
- ⁠Ad license number: 7200997802
- Ad link *Tiktok*
https://vt.tiktok.com/ZSQaVNYcX/

التواصل مباشرة 
مستشار مبيعات شركة إسهام الشرق :
نهال / ((الرقم يظهر عند الضغط على اتصال))

مستشار مبيعات شركة إسهام الشرق : 
نوف / ((الرقم يظهر عند الضغط على اتصال))

مستشار مبيعات شركة إسهام الشرق : 
مجاهد / ((الرقم يظهر عند الضغط على اتصال))",26.349227,50.139991,https://images.aqar.fm/webp/750x0/props/033740149_1781277644828.jpg,12.0,مشعل غرم الله بن علي الزهراني,مؤسسة إسهام الشرق للصيانة والنظافة,1.0,2026-06-12,2026-09-07,2026-09-24,908,2026-09-27,True,"650,000",False,شقة
6816905,https://sa.aqar.fm/شقق-للبيع/الظهران/حي-الجامعة/حي-الجامعة-مدينة-الظهران-المنطقة-الشرقية-6816905,"شقة للبيع في حي الجامعة, مدينة الظهران, المنطقة الشرقية",500000,130,3,0.0,0.0,8,حي الجامعة,الظهران,حي الجامعة,"شقه في حي الجامعه للبيع 
مجددة بالكامل
كل شي فيها مركب من إيكيا.
تتكون من 

٣. غرف نوم وصاله ومجلس ومخزن
السيارة لها موقف خاص
واجهتها شمالية
مطله على مرتفعات الظهران
قريبه من بوابة ارامكو 4 دقائق 
قريبه من اسواق التميمي 
تقع بين ٣ شوارع رئيسية 
- الملك عبدالعزيز الميناء
- طريق خادم الحرمين الخبر
- طريق الأمير محمد بن فهد",26.345193,50.142355,,,عبدالعزيز سالم منصور آل قراد,شركة ذا دارك هورس,1.0,2026-08-11,2026-09-09,2026-09-26,609,2026-09-27,True,"500,000",False,شقة
6810915,https://sa.aqar.fm/شقق-للبيع/الظهران/حي-الجامعة/شارع-سعيد-بن-المسيب-حي-الجامعة-مدينة-الظهران-المنطقة-الشرقية-6810915,"شقة للبيع في شارع سعيد بن المسيب, حي الجامعة, مدينة الظهران, المنطقة الشرقية",850000,154,3,3.0,2.0,0,حي الجامعة,الظهران,حي الجامعة,"شقة راقية للبيع في مشروع رواس 30
في مدينة الظهران- حي الربوة 
تفاصيل اكثر 👇🏻🤩🤩

رمز العرض : R((الرقم يظهر عند الضغط على اتصال))5

*⭐️ مكونات الوحدة ⭐️*
- غرف النوم 3
- ⁠دورات المياه 3
- ⁠مجلس
- ⁠صاله 
- ⁠مطبخ (بدون خزائن )
- ⁠غرفة عامله مع دورة مياه 
- ⁠مكيفة بالكامل 

*⭐️ المميزات الإضافية ⭐️*  
- ⁠منطقة استقبال في مدخل المبنى
- ⁠دخول آمن للمبنى 
- ⁠دخول ذكي للوحدة
- ⁠موقف سيارة مظلل

*⭐️ تفاصيل اكثر ⭐️*
- ⁠سعر البيع  : 850 ألف ريال 
- ⁠رقم ترخيص الإعلان: 7201073823
- رابط اعلان *Tiktok* 
https://vt.tiktok.com/ZSu4UcAxY/
- إعلان تطبيق *عقار*
https://sa.aqar.fm/r/71225738

التواصل مباشرة 
مستشار مبيعات شركة إسهام الشرق :
نهال / ((الرقم يظهر عند الضغط على اتصال))

مستشار مبيعات شركة إسهام الشرق : 
نوف / ((الرقم يظهر عند الضغط على اتصال))

مستشار مبيعات شركة إسهام الشرق : 
مجاهد / ((الرقم يظهر عند الضغط على اتصال))",26.349227,50.13999,https://images.aqar.fm/webp/750x0/props/033740149_1773868776051.jpg,13.0,مشعل غرم الله بن علي الزهراني,مؤسسة إسهام الشرق للصيانة والنظافة,1.0,2026-08-08,2026-09-06,2026-09-24,564,2026-09-27,True,"850,000",False,شقة
6774613,https://sa.aqar.fm/شقق-للبيع/الظهران/حي-الجامعة/شارع-الانباري-حي-الجامعة-مدينة-الظهران-المنطقة-الشرقية-6774613,"شقة للبيع في شارع الانباري, حي الجامعة, مدينة الظهران, المنطقة الشرقية",800000,181,3,4.0,1.0,3,حي الجامعة,الظهران,حي الجامعة,"للبيع شقة اماميه  بحي الجامعة بالظهران مقابل إثراء 
عمرها ٣ سنوات 
مكونه من مدخلين 
مجلس ودورة مياة 
صالة كبيرة ومطبخ وغرفة خادمة ماستر 
غرفتين نوم ودورة مياة 
غرفة رئيسية ماستر 
مكيفات راكبه ومطبخ راكب",26.337869,50.130465,https://images.aqar.fm/webp/750x0/props/015368062_1784098968003.jpg,15.0,عبدالعزيز الدوسري,,0.0,2026-07-15,2026-09-11,2026-09-25,591,2026-09-27,True,"800,000",False,شقة
6738896,https://sa.aqar.fm/شقق-للبيع/الظهران/حي-الجامعة/شارع-الثريا-حي-الجامعة-مدينة-الظهران-المنطقة-الشرقية-6738896,"شقة للبيع في شارع الثريا, حي الجامعة, مدينة الظهران, المنطقة الشرقية",800000,184,5,3.0,1.0,7,حي الجامعة,الظهران,حي الجامعة,"📍شقة في حي الجامعة – الظهران
 الطابق الثاني.
🔻
مواصفات الشقة:
مجلس واسع وصالة مفتوحة بتكييف مركزي مخفي.
مطبخ أمريكي بدواليب خشبية.
مطبخ داخلي مستقل مجهز بدواليب ألمنيوم ومكيف سبليت.
غرفتا نوم بمكيفات سبليت مع حمام مشترك.
غرفة نوم ماستر.
غرفة خادمة مع دورة مياه خاصة.
مستودع مجهز بدواليب تخزين.

المميزات:
تكييف مركزي مخفي للمجلس والصالة.
مكيفات سبليت لجميع الغرف.
عداد كهرباء مستقل.
مياه تحلية.
موقف سيارة خاص.
ألعاب أطفال بجوار العمارة.
قريب من الخدمات والمرافق.

((الرقم يظهر عند الضغط على اتصال))
Whatsapp",26.33749,50.129998,https://images.aqar.fm/webp/750x0/props/006909498_1786196450423.jpg,12.0,عبير عبدالرحمن,مؤسسة مكتب إعمار الشعله للخدمات العقارية,1.0,2026-06-19,2026-09-14,2026-09-26,725,2026-09-27,True,"800,000",False,شقة
6793994,https://sa.aqar.fm/شقق-للبيع/الظهران/حي-الجامعة/شارع-21ب-حي-الجامعة-مدينة-الظهران-المنطقة-الشرقية-6793994,"شقة للبيع في شارع 21ب, حي الجامعة, مدينة الظهران, المنطقة الشرقية",850000,123,2,3.0,1.0,3,حي الجامعة,الظهران,حي الجامعة,"شقة للبيع | Apartment for Sale

📍 الموقع | Location
حي الجامعة – شارع 21ب
Al Jamiah District - 21B Street

📐 المساحة | Space
123 م²| 123 m²

🔹 تفاصيل الشقة | Apartment Details
الدور الخامس
Fifth Floor
مدخلين
Two Entrances
مجلس
Majlis
صالة
Living Room
مطبخ راكب
Installed Kitchen
3 دورات مياه
3 Bathrooms
2 غرف نوم
2 Bedrooms
مكيفات راكبة
Installed ACs
سطح خاص
Private Roof

🔹 مميزات العمارة | Building Features
موقف خاص ومظلل
Dedicated Shaded Parking
مصعد
Elevator

💰 سعر البيع | Selling Price
850,000 ريال سعودي شامل المكيفات والمطبخ
SR 850,000 including ACs & Kitchen",26.337079,50.129011,https://images.aqar.fm/webp/750x0/props/009009892_1785226331416.jpg,6.0,علي القحطاني,شركة نود ريل إستيت,1.0,2026-07-28,2026-09-24,2026-09-24,540,2026-09-27,True,"850,000",False,شقة
6821480,https://sa.aqar.fm/شقق-للبيع/الظهران/حي-الجامعة/شارع-21ب-حي-الجامعة-مدينة-الظهران-المنطقة-الشرقية-6821480,"شقة للبيع في شارع 21ب, حي الجامعة, مدينة الظهران, المنطقة الشرقية",850000,123,2,3.0,2.0,3,حي الجامعة,الظهران,حي الجامعة,"للبيع شقة مميزة – دور خامس مع سطح خاص 🏡✨
فرصة مميزة للسكن أو الاستثمار، شقة مرتبة بمواصفات رائعة:

• غرفتان نوم
• صالة واسعة
• مجلس
• 3 دورات مياه
• مطبخ راكب
• مكيفات راكبة
• مدخلان مستقلان
• سطح خاص
• الدور الخامس

شقة متكاملة تجمع بين الراحة والخصوصية، ومناسبة للعائلة.

📞 للتواصل والاستفسار ع الرقم الموجود واتساب",26.337079,50.129011,https://images.aqar.fm/webp/750x0/props/050866260_1786660354379.jpg,11.0,آلاء محمد,,,2026-08-13,2026-09-12,2026-09-25,206,2026-09-27,True,"850,000",False,شقة
6889859,https://sa.aqar.fm/شقق-للبيع/الظهران/حي-الجامعة/شارع-سعيد-بن-المسيب-حي-الجامعة-مدينة-الظهران-المنطقة-الشرقية-6889859,"شقة للبيع في شارع سعيد بن المسيب, حي الجامعة, مدينة الظهران, المنطقة الشرقية",840000,154,4,3.0,1.0,0,حي الجامعة,الظهران,حي الجامعة,"🏠 شقة راقية للبيع | الربوة
🏢 الوحدة رقم: 504
📐 السماحة: 154 م
✨ تفاصيل الوحدة:
▪️ 3 غرف نوم 🛏️
▪️ 3 دورات مياه 🚿
▪️ مجلس واسع 🛋️
▪️ صالة أنيقة 🛋️
▪️ مطبخ (بدون خزائن) 🍳
▪️ غرفة عاملة مع دورة مياه 🧹
▪️ تكييف راكب بالكامل ❄️
✨ المميزات الإضافية:
▫️ منطقة استقبال 🏨
▫️ دخول آمن للمبنى 🔒
▫️ دخول ذكي للوحدة 🔑
▫️ موقف سيارة مظلل 🅿️
💰 السعر: 850,000 ﷼ 💸
📞 للتواصل: الرقم في أيقونة الاتصال بالاسفل",26.349296,50.140053,https://images.aqar.fm/webp/750x0/props/055393093_1790239922165.jpg,11.0,عبدالعزيز سعيد,,,2026-09-24,2026-09-24,2026-09-24,19,2026-09-27,True,"840,000",False,شقة
6798157,https://sa.aqar.fm/شقق-للبيع/الظهران/حي-الجامعة/شارع-سعيد-بن-المسيب-حي-الجامعة-مدينة-الظهران-المنطقة-الشرقية-6798157,"شقة للبيع في شارع سعيد بن المسيب, حي الجامعة, مدينة الظهران, المنطقة الشرقية",750000,109,2,3.0,2.0,0,حي الجامعة,الظهران,حي الجامعة,"شقة راقية للبيع في مشروع رواس 30
في مدينة الظهران- حي الربوة 
تفاصيل اكثر 👇🏻🤩🤩

رمز العرض : R01020258025

*⭐️ مكونات الوحدة ⭐️*
- غرف النوم 2
- ⁠دورات المياه 3
- ⁠مجلس
- ⁠صاله 
- ⁠مطبخ ( قيد التركيب )
- ⁠غرفة عامله مع دورة مياه 
- ⁠مكيفة بالكامل 

*⭐️ المميزات الإضافية ⭐️*  
- ⁠منطقة استقبال في مدخل المبنى
- ⁠دخول آمن للمبنى 
- ⁠دخول ذكي للوحدة
- ⁠موقف سيارة مظلل

*⭐️ تفاصيل اكثر ⭐️*
- ⁠سعر البيع : 750 ألف ريال 
- ⁠رقم ترخيص الإعلان: 7201061992
- إعلان تطبيق *عقار*
https://sa.aqar.fm/r/fae6deab

التواصل مباشرة 
مستشار مبيعات شركة إسهام الشرق :
نهال / ((الرقم يظهر عند الضغط على اتصال))

مستشار مبيعات شركة إسهام الشرق : 
نوف / ((الرقم يظهر عند الضغط على اتصال))

مستشار مبيعات شركة إسهام الشرق : 
مجاهد / ((الرقم يظهر عند الضغط على اتصال))",26.349239,50.139992,https://images.aqar.fm/webp/750x0/props/033740148_1775116621125.jpg,12.0,مشعل غرم الله بن علي الزهراني,مؤسسة إسهام الشرق للصيانة والنظافة,1.0,2026-07-30,2026-08-29,2026-09-24,129,2026-09-27,True,"750,000",False,شقة
6856697,https://sa.aqar.fm/شقق-للبيع/الظهران/حي-الجامعة/شارع-الشهاده-حي-الجامعة-مدينة-الظهران-المنطقة-الشرقية-6856697,"شقة للبيع في شارع الشهاده, حي الجامعة, مدينة الظهران, المنطقة الشرقية",570000,168,5,2.0,1.0,7,حي الجامعة,الظهران,حي الجامعة,"🏡 شقة للبيع – الظهران فيوز (حي الجامعة)

✨ موقع حيوي ومميز وخدمات متكاملة.
🚶🏻‍♂️(دقيقة واحدة مشي) الى محطة بنزين أورنج ""ستاربكس، ميني ماركت، ..""  والفرع الجديد للبنك الاهلي
🚶🏻‍♂️🚶🏻‍♂️ (دقيقتين مشي) مجمع
‏ Shally View واللي فيه قهوة EQUAL
The Coffee Bean
صالون نسائي
صيدلية

🔹 المساحة: 168 م²
🔹 صك حر
🔹 السعر: 650000

التفاصيل:
• غرفة نوم ماستر بدورة مياه
• غرفتين نوم مع حمام
• مجلس مع دورة مياه
• صالة مع مطبخ مفتوح
• مطبخ ايكيا
• غرفة شغالة بدورة مياه
• موقف سيارة بمظلة

مميزات المبنى:
✔ مصعدين
✔ اتحاد ملاك
✔ جرس انتركوم

📍 مناسبة للسكن العائلي أو الاستثمار
📞 للتواصل والاستفسار
((الرقم يظهر عند الضغط على اتصال))
((الرقم يظهر عند الضغط على اتصال))",26.336621,50.131835,https://images.aqar.fm/webp/750x0/props/000568886_1788458726615.jpg,8.0,خالد العريقي,مكتب خالد محمد حميد العريقي للخدمات العقارية,1.0,2026-09-03,2026-09-03,2026-09-24,697,2026-09-27,True,"570,000",False,شقة
6681189,https://sa.aqar.fm/شقق-للبيع/الظهران/حي-الجامعة/شارع-19ب-حي-الجامعة-مدينة-الظهران-المنطقة-الشرقية-6681189,"شقة للبيع في شارع 19ب, حي الجامعة, مدينة الظهران, المنطقة الشرقية",730000,138,3,3.0,2.0,2,حي الجامعة,الظهران,حي الجامعة,"شقة راقية للبيع في مشروع رواس 15 
في مدينة الظهران- الجامعة 
تفاصيل اكثر 👇🏻🤩🤩

رمز العرض : R01060111555

*مكونات الوحدة*
- غرف النوم 3
- دورات المياه 3
- ⁠مجلس
- ⁠صاله 
- ⁠مطبخ مغلق ( خزائن بدون أجهزة ) 
- ⁠غرفة عاملة مع دورة مياه⁠
- ⁠ بالكوني بإطلاله على المدينة 🌃
- ⁠مكيفة بالكامل
- ⁠مساحة الشقة : 138.36

*المميزات الإضافية* 
- منطقة استقبال في مدخل المبنى 
- دخول امن للمبنى 
- دخول ذكي للوحدة 
- موقف سيارة مظلل  ⁠

*تفاصيل اكثر*
- ⁠سعر البيع : 730 ألف ريال 
- ⁠رقم ترخيص الإعلان:7200946428
- رابط اعلان *Tiktok*
https://vt.tiktok.com/ZS9aJWjah/
- إعلان تطبيق *عقار*
https://sa.aqar.fm/r/0cc779ca

التواصل مباشرة 
مستشار مبيعات شركة إسهام الشرق :
نهال / ((الرقم يظهر عند الضغط على اتصال))

مستشار مبيعات شركة إسهام الشرق : 
نوف / ((الرقم يظهر عند الضغط على اتصال))

مستشار مبيعات شركة إسهام الشرق : 
مجاهد / ((الرقم يظهر عند الضغط على اتصال))",26.337468,50.130755,https://images.aqar.fm/webp/750x0/props/033740143_1783251539633.png,10.0,مشعل غرم الله بن علي الزهراني,مؤسسة إسهام الشرق للصيانة والنظافة,1.0,2026-05-04,2026-08-28,2026-09-24,1246,2026-09-27,True,"730,000",False,شقة
6801499,https://sa.aqar.fm/شقق-للبيع/الظهران/حي-الجامعة/شارع-سعيد-بن-المسيب-حي-الجامعة-مدينة-الظهران-المنطقة-الشرقية-6801499,"شقة للبيع في شارع سعيد بن المسيب, حي الجامعة, مدينة الظهران, المنطقة الشرقية",850000,154,3,3.0,1.0,0,حي الجامعة,الظهران,حي الجامعة,"شقة راقية للبيع في مشروع رواس 30
في مدينة الظهران - حي الربوة
تفاصيل اكثر 👇🏻🤩🤩

رمز العرض : R03040258025

*⭐️ مكونات الوحدة ⭐️*
- غرف النوم 3
- ⁠دورات المياه 3
- ⁠صاله 
- ⁠مطبخ ( بدون خزائن )
- ⁠بالكوني بإطلاله على المدينة 🌃
- ⁠غرفة عامله مع دورة مياه 
- ⁠مكيفة بالكامل 

*⭐️ المميزات الإضافية ⭐️*  
- ⁠منطقة استقبال في مدخل المبنى
- ⁠دخول آمن للمبنى 
- ⁠دخول ذكي للوحدة
- ⁠موقف سيارة مظلل

*⭐️ تفاصيل اكثر ⭐️*
- ⁠سعر البيع : 850 ألف ريال
- ⁠رقم ترخيص الإعلان: 7201063552
- رابط اعلان *Tiktok*
https://vt.tiktok.com/ZSao47WwX/
- إعلان تطبيق *عقار*
https://sa.aqar.fm/r/1750fbe9

التواصل مباشرة 
مستشار مبيعات شركة إسهام الشرق :
نهال / ((الرقم يظهر عند الضغط على اتصال))

مستشار مبيعات شركة إسهام الشرق : 
نوف / ((الرقم يظهر عند الضغط على اتصال))

مستشار مبيعات شركة إسهام الشرق : 
مجاهد / ((الرقم يظهر عند الضغط على اتصال))",26.349235,50.139984,https://images.aqar.fm/webp/750x0/props/033740147_1770568845253.jpg,12.0,مشعل غرم الله بن علي الزهراني,مؤسسة إسهام الشرق للصيانة والنظافة,1.0,2026-08-02,2026-08-31,2026-09-24,101,2026-09-27,True,"850,000",False,شقة
6835104,https://sa.aqar.fm/شقق-للبيع/الظهران/حي-الجامعة/شارع-B21-حي-الجامعة-مدينة-الظهران-المنطقة-الشرقية-6835104,"شقة للبيع في شارع B21, حي الجامعة, مدينة الظهران, المنطقة الشرقية",850000,122,2,3.0,1.0,4,حي الجامعة,الظهران,حي الجامعة,شقة ملحق، مدخلين الشقة، صاله، مجلس، مطبخ راكب، ٣ دورات مياه,26.337077,50.128947,https://images.aqar.fm/webp/750x0/props/049103568_1787470592318.jpg,15.0,حمود مفلح,شركة سهم رواق,1.0,2026-08-22,2026-09-20,2026-09-20,200,2026-09-27,True,"850,000",False,شقة
6890164,https://sa.aqar.fm/شقق-للبيع/الظهران/حي-الجامعة/شارع-بن-جبير-حي-الجامعة-مدينة-الظهران-المنطقة-الشرقية-6890164,"شقة للبيع في شارع بن جبير, حي الجامعة, مدينة الظهران, المنطقة الشرقية",600000,217,3,3.0,1.0,10,حي الجامعة,الظهران,حي الجامعة,"شقة دورين للبيع في حي الجامعة (مجددة بالكامل)

مساحة 217.89 متر 
الدور الرابع + السطح 


+ تفاصيل الشقة : 

- الدور الاسفل

 غرفة نوم ماستر (غرفتين مفتوحة على بعض + دورة مياة واسعة) 
صالة واسعة جدا
مطبخ 
دورة مياة تخدم الصالة 


- الدور العلوي

صالة 
2 غرف نوم 
2 دورة مياة 
سطح 
2 منور 


+ مميزات الشقة 

موقع ممتاز ظهيرة طريق الامير محمد بن فهد
كاميرا للباب الشقة 
عداد مويه مستقل مع خزانين علوي وارضي ومواطير
عدد 2 موقف مضللة 
بلاط جديد 
ابواب خشب جديدة فاخرة
تسليك كهرباء جديد 
تجديد مواصير التصريف 
افياش كهرباء جديدة 


البيع 600,000


للتواصل عبدالعزيز صيرفي
((رقم المعلن يظهر عند التواصل))
عرض - 41",26.345413,50.142632,https://images.aqar.fm/webp/750x0/props/025242988_1765201754861.jpg,30.0,عبدالعزيز عبدالرحمن حمزه صيرفى,,,2026-09-24,2026-09-24,2026-09-24,63,2026-09-27,True,"600,000",False,شقة
6756242,https://sa.aqar.fm/شقق-للبيع/الظهران/حي-الجامعة/شارع-الثريا-حي-الجامعة-مدينة-الظهران-المنطقة-الشرقية-6756242,"شقة للبيع في شارع الثريا, حي الجامعة, مدينة الظهران, المنطقة الشرقية",800000,184,4,1.0,0.0,6,حي الجامعة,الظهران,حي الجامعة,"🏠 شقة فاخرة للبيع في حي الجامعة - الظهران ✨

📍 **موقع استراتيجي مميز** في حي الجامعة بمدينة الظهران، قريبة من **جميع الخدمات** والأسواق التجارية والمقاهي.

**العمارة:** حديثة وأنيقة مزودة بمصعد 🛗، والشقة في الطابق الثاني.

---
 ✨ مميزات الشقة:

- **مجلس واسع** + **صالة مفتوحة** مريحة مع **تكييف مركزي مخفي** ❄️ (توزيع هواء مثالي ومظهر فخم)
- **مطبخ أمريكي** فاخر بدواليب خشبية 🍳
- **مطبخ داخلي مستقل** مجهز بدواليب ألمنيوم + مكيف سبليت
- **غرفتي نوم** + حمام مشترك 🛏️
- **غرفة نوم ماستر** واسعة ومريحة
- **غرفة خادمة** مع دورة مياه خاصة
- **مستودع** كبير مجهز بدواليب تخزين 📦

**التكييف:** موزع بعناية (مركزي مخفي في المجلس والصالة + سبليت في باقي الغرف) ❄️

**المرافق:**
- عداد كهرباء مستقل ⚡
- مياه تحلية  💧
- موقف سيارة خاص 🅿️
- مرافق ألعاب أطفال بجوار العمارة 🧒🎠

شقة عائلية راقية بتصميم ممتاز ومساحات مريحة، جاهزة للسكن مباشرة! 🏡
السعر : 800 الف

للاستفسار واستقبال طلباتكم العقارية :
((الرقم يظهر عند الضغط على اتصال))
((الرقم يظهر عند الضغط على اتصال))

رخصة فال :
1100234409
ترخيص الاعلان :
7100296946",26.33749,50.129998,https://images.aqar.fm/webp/750x0/props/019340889_1782978300158.jpg,4.0,عاصم يوسف علي الجاسر,,,2026-07-02,2026-07-02,2026-09-22,198,2026-09-27,True,"800,000",False,شقة
6795141,https://sa.aqar.fm/شقق-للبيع/الظهران/حي-الجامعة/حي-الجامعة-مدينة-الظهران-المنطقة-الشرقية-6795141,"شقة للبيع في حي الجامعة, مدينة الظهران, المنطقة الشرقية",800000,141,3,0.0,0.0,0,حي الجامعة,الظهران,حي الجامعة,"شقة في حي الظهران فيوز
دخول ذكي للعمارة
٣ غرف نوم وصاله ومجلس و٣ حمامات  ومطبخ غير راكب مكيف مركزي كامل الشقه",26.348364,50.133653,https://images.aqar.fm/webp/750x0/props/001465571_1785266700514.jpg,15.0,فهد عبدالله سليمان الشارخ,,,2026-07-28,2026-07-28,2026-09-24,549,2026-09-27,True,"800,000",False,شقة
6850820,https://sa.aqar.fm/شقق-للبيع/الظهران/حي-الجامعة/شارع-20ب-حي-الجامعة-مدينة-الظهران-المنطقة-الشرقية-6850820,"شقة للبيع في شارع 20ب, حي الجامعة, مدينة الظهران, المنطقة الشرقية",750000,127,3,0.0,0.0,10,حي الجامعة,الظهران,حي الجامعة,"شقه سكنيه تتكون من ٣ غرف نوم + مطبخ راكب 
صالتين + صالون ضيافه",26.336912,50.130501,https://images.aqar.fm/webp/750x0/props/002971580_1788187007799.jpg,13.0,مشاري عبدالله,مؤسسة كوادر الشرق للتطوير والاستثمار العقاري,1.0,2026-08-31,2026-08-31,2026-09-21,392,2026-09-27,True,"750,000",False,شقة
6595175,https://sa.aqar.fm/شقق-للبيع/الظهران/حي-الجامعة/شارع-سعيد-بن-المسيب-حي-الجامعة-مدينة-الظهران-المنطقة-الشرقية-6595175,"شقة للبيع في شارع سعيد بن المسيب, حي الجامعة, مدينة الظهران, المنطقة الشرقية",650000,109,2,4.0,2.0,0,حي الجامعة,الظهران,حي الجامعة,"🏠 رواس الربوة 30 RAWAS

🌟مميزات المشروع:
يمتاز المشروع بموقع استراتيجي في حي الربوة بمدينة الظهران وبالقرب من الأماكن والطرق الرئيسية في المدينة، كما يمتاز بـ: 
- التكييف على كامل الوحدات بنظام VRV.
- كاميرات مراقبة
- بوابات إلكترونية
- دخول ذكي
- كاشف للدخان
- مضخة إطفاء للحريق

📋ضمانات المشروع:
10 سنوات | الهكيل الإنشائي
5 سنوات | أعمال السباكة
5سنوات | أعمال الكهرباء
5 سنوات | العزل المائي
سنتين | المصاعد
سنة واحدة | ضمان شامل",26.34923,50.139982,,,سلمان عبدالله احمد الأحيدب,مكتب مصعب عبدالله الاحيدب للعقارات,1.0,2026-02-18,2026-09-09,2026-09-09,650,2026-09-27,True,"650,000",False,شقة
6595151,https://sa.aqar.fm/شقق-للبيع/الظهران/حي-الجامعة/شارع-سعيد-بن-المسيب-حي-الجامعة-مدينة-الظهران-المنطقة-الشرقية-6595151,"شقة للبيع في شارع سعيد بن المسيب, حي الجامعة, مدينة الظهران, المنطقة الشرقية",865000,154,3,4.0,2.0,0,حي الجامعة,الظهران,حي الجامعة,"🏠 رواس الربوة 30 RAWAS

🌟مميزات المشروع:
يمتاز المشروع بموقع استراتيجي في حي الربوة بمدينة الظهران وبالقرب من الأماكن والطرق الرئيسية في المدينة، كما يمتاز بـ: 
- التكييف على كامل الوحدات بنظام VRV.
- كاميرات مراقبة
- بوابات إلكترونية
- دخول ذكي
- كاشف للدخان
- مضخة إطفاء للحريق

📋ضمانات المشروع:
10 سنوات | الهكيل الإنشائي
5 سنوات | أعمال السباكة
5سنوات | أعمال الكهرباء
5 سنوات | العزل المائي
سنتين | المصاعد
سنة واحدة | ضمان شامل",26.349263,50.139993,https://images.aqar.fm/webp/750x0/props/044097673_1789551019471.png,8.0,سلمان عبدالله احمد الأحيدب,مكتب مصعب عبدالله الاحيدب للعقارات,1.0,2026-02-18,2026-09-09,2026-09-16,655,2026-09-27,True,"865,000",False,شقة
6244594,https://sa.aqar.fm/شقق-للبيع/الظهران/حي-الجامعة/شارع-الثريا-حي-الجامعة-الظهران-الدمام-6244594,"شقة للبيع في شارع الثريا, حي الجامعة, مدينة الظهران, المنطقة الشرقية",860000,231,4,4.0,2.0,6,حي الجامعة,الظهران,حي الجامعة,"شقة للبيع مساحة ٢٣١ م٢
مساحة كبيرة 
أربع غرف نوم 
مدخلين
مجلس وصالة كبيرة 
غرفة خادمة 
موقف خاص مظلل
خمس دورات مياه 
مجددة بالكامل 
مكيفات راكبة مخفية للصالة والمجلس سبليت لباقي الغرف من افضل الماركات
الشقة وحيدة في اعلى دور مما يضيف خصوصية 
مصعد ماركة كوني
يوجد غرف سائق خالية بالعمارة ( ليست ملك خاص)
تصممي الشقة مرتب جدا
موقع مميز قريب من ارامكو خطوط سريعة",26.3374895770056,50.12999845799493,,,ايمان بنت عدنان بن عبدالحميد القرشي,,,2025-06-11,2026-06-30,2026-09-23,3014,2026-09-27,True,"860,000",False,شقة
6792470,https://sa.aqar.fm/شقق-للبيع/الظهران/حي-الجامعة/حي-الجامعة-الظهران-الدمام-6792470,شقة للبيع في حي الجامعة ، الظهران ، الدمام,1000000,124,2,3.0,1.0,3,حي الجامعة,الظهران,حي الجامعة,,26.337183,50.129063,https://images.aqar.fm/webp/750x0/props/000755670_1785147921585.jpg,1.0,ثامر علي مسفر الغامدي,,,2026-07-27,,2026-07-27,57,2026-09-27,False,طلب تسويق,False,شقة
6849720,https://sa.aqar.fm/شقق-للبيع/الظهران/حي-الدانة-الشمالية/حي-الدانة-الشمالية-مدينة-الظهران-المنطقة-الشرقية-6849720,"شقة للبيع في حي الدانة الشمالية, مدينة الظهران, المنطقة الشرقية",650000,193,5,3.0,1.0,11,حي الدانة الشمالية,الظهران,حي الدانة الشمالية,"🏡 شقة للبيع - الظهران | حي الجامعة —— البيع للكاش فقط 

✨ موقع استراتيجي مميز بالقرب من جامعة الملك فهد للبترول والمعادن، وقريب من أرامكو السعودية وجميع الخدمات، مع سهولة الوصول إلى الطرق الرئيسية.

🏢الدور الثاني
🕒عمر العقار: 12 سنة

مميزات الشقة:
✅ مصعد
✅ موقف سيارة خاص
✅ غرفة سائق
✅ مدخلان مستقلان

نتكون من:

* مجلس
*مقلط
*صالة واسعة
*مطبخ راكب مفتوح على الصالة
*  3 غرف، منها غرفة نوم رئيسية (ماستر)
*غرفة خادمة
*3 دورات مياه 

💰 سعر البيع: 650,000 الف ريال

🏦 تقبل جميع البنوك والتمويل العقاري

⭐️ فرصة مميزة للسكن أو الاستثمار في أحد أفضل أحياء الظهران، بموقع ح0, قيس من حامعة الملك فيد للتروا، هالمعادن وأرامكو السعودية والخدامات.

📲 للتواصل واتساب : ((الرقم يظهر عند الضغط على اتصال))",26.343651,50.143705,https://images.aqar.fm/webp/750x0/props/015116235_1788120990035.jpg,20.0,خالد تهامي,مؤسسة سيولة وكاش العقارية,1.0,2026-08-30,2026-08-30,2026-09-19,478,2026-09-27,True,"650,000",False,شقة
6872233,https://sa.aqar.fm/شقق-للبيع/الظهران/حي-الدانة-الشمالية/شارع-ابو-ألعقيل-الاسلمي-حي-الدانة-الشمالية-مدينة-الظهران-المنطقة-الشرقية-6872233,"شقة للبيع في شارع ابو ألعقيل الاسلمي, حي الدانة الشمالية, مدينة الظهران, المنطقة الشرقية",530000,147,4,0.0,0.0,11,حي الدانة الشمالية,الظهران,حي الدانة الشمالية,"شقة بالدانة 
مساحتها 147 متر
عمرها 13 سنة
غرفتين نوم وصالة ومجلس ومقلط ودورتين مياه ومطبخ 
مكيفات راكبة
مطبخ راكب
معمول لها صيانة بالكامل وصبغ وسيراميك مجددة بالكامل",26.333339,50.140635,https://images.aqar.fm/webp/750x0/props/032844964_1789306117583.jpg,1.0,عمار حسين,شركة خبرات الشرق الاحترافية,1.0,2026-09-13,2026-09-13,2026-09-13,217,2026-09-27,True,"530,000",False,شقة
6585961,https://sa.aqar.fm/شقق-للبيع/الظهران/حي-الدانة-الشمالية/حي-الدانة-الشمالية-مدينة-الظهران-المنطقة-الشرقية-6585961,"شقة للبيع في حي الدانة الشمالية, مدينة الظهران, المنطقة الشرقية",960000,171,4,,,0,حي الدانة الشمالية,الظهران,حي الدانة الشمالية,"مشروع هامات هيلز حي الدانه ( نادي رياضي رجالي -نسائي)
صالون نسائي- حضانة اطفال - صالون رجالي - مصلى-موظفين استقبال",26.332695,50.138022,https://images.aqar.fm/webp/750x0/props/009688222_1771234006036.jpg,1.0,سلطان شارد محسن العتيبي,,,2026-02-11,2026-09-02,2026-09-02,4176,2026-09-27,True,"960,000",False,شقة
6801545,https://sa.aqar.fm/شقق-للبيع/الظهران/حي-الدانة-الشمالية/شارع-ابو-الوليد-النصري-حي-الدانة-الشمالية-مدينة-الظهران-المنطقة-الشرقية-6801545,"شقة للبيع في شارع ابو الوليد النصري, حي الدانة الشمالية, مدينة الظهران, المنطقة الشرقية",460000,180,5,3.0,1.0,11,حي الدانة الشمالية,الظهران,حي الدانة الشمالية,"🏡 شقة للبيع – الظهران | حي الجامعة

✨ موقع استراتيجي مميز بالقرب من جامعة الملك فهد للبترول والمعادن، وقريب من أرامكو السعودية وجميع الخدمات، مع سهولة الوصول إلى الطرق الرئيسية.

🏢 الدور الأول
🕒 عمر العقار: 10 سنوات

مميزات الشقة:
✅ مصعد
✅ موقف سيارة خاص
✅ غرفة سائق
✅ مدخلان مستقلان

تتكون من:

* مجلس
* مقلط
* صالة واسعة
* مطبخ راكب مفتوح على الصالة
* 3 غرف، منها غرفة نوم رئيسية (ماستر)
* غرفة خادمة
* 3 دورات مياه

💰 سعر البيع: 460,000  الف ريال

🏦 تقبل جميع البنوك والتمويل العقاري

⭐ فرصة مميزة للسكن أو الاستثمار في أحد أفضل أحياء الظهران، بموقع حيوي قريب من جامعة الملك فهد للبترول والمعادن وأرامكو السعودية والخدمات.

📲 للتواصل واتساب",26.343849,50.143305,https://images.aqar.fm/webp/750x0/props/011783661_1785668710332.jpg,10.0,بدر عبدالله صالح العمري,مكتب الاشراق للخدمات العقارية,1.0,2026-08-02,2026-08-31,2026-09-26,2826,2026-09-27,True,"460,000",False,شقة
6859287,https://sa.aqar.fm/شقق-للبيع/الظهران/حي-الدانة-الشمالية/شارع-ابن-الهيثم-حي-الجامعة-مدينة-الظهران-المنطقة-الشرقية-6859287,"شقة للبيع في شارع ابن الهيثم, حي الجامعة, مدينة الظهران, المنطقة الشرقية",1100000,157,3,3.0,2.0,1,حي الدانة الشمالية,الظهران,حي الدانة الشمالية,"🏠 RAWAS 🏠

- غرفة ماستر 
- غرفتين فردية 
- صالة كبيرة 
- مجلس 
- غرفة عاملة   
- مطبخ 
- 4 دورات مياة 

🏠 مميزات الشقة 🏠

- دخول ذكي 
- ارتفاع السقف 3 متر 
- ادوات صحية جروهي 


🏠 مميزات المشروع 🏠

- دخول ذكي للمبنى   
- موقف خاص 
- لاونج داخلي 

التواصل مباشرة قسم المبيعات 

حسام : ((الرقم يظهر عند الضغط على اتصال))",26.335229,50.133193,https://images.aqar.fm/webp/750x0/props/050835937_1788640187102.jpg,10.0,نبيل جابر,مؤسسة إسناد الإتقان,1.0,2026-09-05,2026-09-05,2026-09-25,290,2026-09-27,True,"1,100,000",False,شقة
6425039,https://sa.aqar.fm/شقق-للبيع/الظهران/حي-الدانة-الشمالية/حي-الجامعة-الظهران-الدمام-6425039,"شقة للبيع في شارع 21ب, حي الجامعة, مدينة الظهران, المنطقة الشرقية",1350000,167,2,3.0,2.0,3,حي الدانة الشمالية,الظهران,حي الدانة الشمالية,$5f,26.335754,50.132298,https://images.aqar.fm/webp/750x0/props/021491305_1760529689638.jpg,21.0,مهند بن سعيد بن احمد قروان,,,2025-10-15,2025-11-04,2026-09-16,3289,2026-09-27,True,"1,350,000",False,شقة
6805865,https://sa.aqar.fm/شقق-للبيع/الظهران/حي-الدانة-الشمالية/شارع-يزيد-بن-حصين-حي-الدانة-الشمالية-مدينة-الظهران-المنطقة-الشرقية-6805865,"شقة للبيع في شارع يزيد بن حصين, حي الدانة الشمالية, مدينة الظهران, المنطقة الشرقية",800000,186,6,0.0,0.0,9,حي الدانة الشمالية,الظهران,حي الدانة الشمالية,"شقة مدخلين مجلس ومقلط ودوره مياه 
وصاله ومطبخ  راكب
غرفه غسيل 
غرفه خادمه مع دورة مياه
ثلاث غرف نوم منها وحده ماستر 
ودورة مياه وحده مشتركة بين الغرف 
موقف 
مصعد
الدور الثالث
الشقة مؤجره 
58000",26.333127,50.140319,https://images.aqar.fm/webp/750x0/props/003060554_1785856783258.jpg,16.0,عبدالقادر بن عبدالله,شركة وسم ألاعمال القابضة,1.0,2026-08-04,2026-08-04,2026-08-04,633,2026-09-27,True,"800,000",False,شقة
6566247,https://sa.aqar.fm/شقق-للبيع/الظهران/حي-الدانة-الشمالية/شارع-1-الجامعة-حي-الجامعة-مدينة-الظهران-المنطقة-الشرقية-6566247,"شقة للبيع في شارع 1 الجامعة, حي الجامعة, مدينة الظهران, المنطقة الشرقية",691000,159,3,4.0,1.0,0,حي الدانة الشمالية,الظهران,حي الدانة الشمالية,"✨ بشرى استثنائية من الظهران✨

*مشروع شرفات في حي الظهران مقابل برج اثراء

هل تبحث عن شقة لك ولأسرتك يسعدنا أن نقدم لكم فرصة استثنائية للحصول على وحدة سكنية في مشروعنا الجديد الذي يتميز بتصميم مودرن ومساحات ومعارض متنوعه 

✨ مميزات الوحدات 
- تشطيبات عالية الجودة
- تصميم مودرن وأنيق
- موقع مميز وسط كافة الخدمات
- أماكن مخصصة لوقوف السيارات 
-ضمانات تمتد حتى 25 سنه 

خصومات الكاش توصل الى 20 بالمية 

( الاسعار في الصور قبل خصم الكاش )",26.334911,50.131989,https://images.aqar.fm/webp/750x0/props/010687365_1752340497978.jpg,9.0,عبدالله محمد بن عبد الله العصفور,,,2026-01-28,2026-06-27,2026-09-13,5100,2026-09-27,True,"691,000",False,شقة
6832979,https://sa.aqar.fm/شقق-للبيع/الظهران/حي-الدانة-الشمالية/شارع-أبو-عبيدة-بن-الجراح-حي-الدانة-الشمالية-مدينة-الظهران-المنطقة-الشرقية-6832979,"شقة للبيع في شارع أبو عبيدة بن الجراح, حي الدانة الشمالية, مدينة الظهران, المنطقة الشرقية",600000,158,6,0.0,0.0,11,حي الدانة الشمالية,الظهران,حي الدانة الشمالية,"مجلس 
دوره مياه 
مقلط - صالة
ماستر روم مع حمام 
غرفتين بينهم دوره مياه 

غرفة سائق
دور اول علوي ع الشارع الرئيسي مواجه لطريق الظهران الخبر 
باركينق 
مصعد",26.344203,50.144153,https://images.aqar.fm/webp/750x0/props/006546976_1787236716269.jpg,2.0,بندر الشمري,,,2026-08-20,2026-09-18,2026-09-21,499,2026-09-27,True,"600,000",False,شقة
6885788,https://sa.aqar.fm/شقق-للبيع/الظهران/حي-الدانة-الشمالية/شارع-ابو-ألعقيل-الاسلمي-حي-الدانة-الشمالية-مدينة-الظهران-المنطقة-الشرقية-6885788,"شقة للبيع في شارع ابو ألعقيل الاسلمي, حي الدانة الشمالية, مدينة الظهران, المنطقة الشرقية",850000,188,5,0.0,0.0,11,حي الدانة الشمالية,الظهران,حي الدانة الشمالية,"فرصة سكنية في حي الدانة بمدينة الخبر، شقة واسعة في الدور الأول، تتميز بتعدد الغرف وموقع العقار على شارعين بعرض 18م و15م.

تفاصيل الشقة:

* 💰 السعر المطلوب: 850,000 ريال
* 📐 المساحة المسجلة: 188.25 م²
* 🛏️ عدد الغرف: 6 غرف
* 🚿 دورات المياه: 4
* 🛋️ صالة
* 🍽️ مطبخ راكب ومفتوح
* 🏢 الدور: الأول
* 🛗 يوجد مصعد
* 🚗 يوجد موقف سيارة
* ↗️ واجهة شمالية على شارع عرض 18م
* ↖️ واجهة غربية على شارع عرض 15م

العقار مرهون لبنك الرياض، والمتبقي من الرهن بحسب إفادة المالك 490,000 ريال. وتؤكد وثيقة الملكية وجود الرهن لصالح بنك الرياض.

📍 الموقع: الخبر – حي الدانة، والوحدة رقم 17",26.333425,50.140281,https://images.aqar.fm/webp/750x0/props/024128886_1789991329912.jpg,8.0,شيخه محمد حمد العنزي,,,2026-09-21,2026-09-21,2026-09-21,56,2026-09-27,True,"850,000",False,شقة
6837518,https://sa.aqar.fm/شقق-للبيع/الظهران/حي-الدانة-الشمالية/شارع-1-الجامعة-حي-الجامعة-مدينة-الظهران-المنطقة-الشرقية-6837518,"شقة للبيع في شارع 1 الجامعة, حي الجامعة, مدينة الظهران, المنطقة الشرقية",820000,147,3,,1.0,0,حي الدانة الشمالية,الظهران,حي الدانة الشمالية,"بسم الله الرحمن الرحيم 

للبيع شقه جديده ومميزه 

الحي والمدينه : حي الجامعه بالظهران 
مساحة الشقه : 147 متر 
الدور الثالث 
مكوناتها : 
3 غرف نوم وحده منها ماستر 
مجلس 
صاله 
مطبخ 
3 دورات مياه 
غرفة خادمه مع حمامها 
مكبفات راكبه 
موقف خاص 
مدخل واحد 

البيع :  820000 الف ريال 
مباشره لدى معامل العقاريه",26.335322,50.132382,https://images.aqar.fm/webp/750x0/props/004125961_1787504374711.jpg,4.0,عبدالعزيز فطيس بن عبدالرحمن ال منشره,مؤسسة معامل العقارية,1.0,2026-08-23,2026-09-22,2026-09-22,435,2026-09-27,True,"820,000",False,شقة
6811870,https://sa.aqar.fm/شقق-للبيع/الظهران/حي-الدانة-الشمالية/شارع-يزيد-بن-حصين-حي-الدانة-الشمالية-مدينة-الظهران-المنطقة-الشرقية-6811870,"شقة للبيع في شارع يزيد بن حصين, حي الدانة الشمالية, مدينة الظهران, المنطقة الشرقية",680000,188,5,4.0,2.0,5,حي الدانة الشمالية,الظهران,حي الدانة الشمالية,"💠للبـــيع شقة بموقع استراتيجي مقبل ارامكو 💠

💠تفاصيل الشقة :

-مجلس رجال 
-مقلط 
-صالة 
-مطبخ 
-منطقة غسيل 
-غرفة عاملة 
-ثلاث غرف نوم احدها ماستر 


💠لتفاصيل اكثر يرجى التواصل على الواتساب",26.333232,50.140069,https://images.aqar.fm/webp/750x0/props/024383603_1786217397233.jpg,1.0,عبدالله الشهراني,شركة اثرا العقارية,1.0,2026-08-08,2026-09-07,2026-09-25,1054,2026-09-27,True,"680,000",False,شقة
6880146,https://sa.aqar.fm/شقق-للبيع/الظهران/حي-الدانة-الشمالية/شارع-ابو-ألعقيل-الاسلمي-حي-الدانة-الشمالية-مدينة-الظهران-المنطقة-الشرقية-6880146,"شقة للبيع في شارع ابو ألعقيل الاسلمي, حي الدانة الشمالية, مدينة الظهران, المنطقة الشرقية",639000,186,3,3.0,1.0,11,حي الدانة الشمالية,الظهران,حي الدانة الشمالية,"🏡 للبيع شقة مميزة في حي الدانة – الظهران | مقابل كمباوند أرامكو الرابية

📍 موقع استراتيجي ومميز في حي الدانة بالظهران، وعلى بُعد حوالي دقيقتين فقط من بوابة أرامكو الدانة.

### 🏠 تفاصيل الشقة
▪️ المساحة: 187 م²  
▪️ عمر العقار: 12 سنة  
▪️ مدخلان مستقلان للشقة   
▪️ مجلس  
▪️ مقلط  
▪️ 3 غرف نوم منها غرفة ماستر مع دورة مياه و غرفة ملابس  
▪️ غرفة خادمة مع حمام خاص  
▪️ 8 مكيفات  
▪️ مطبخ بجودة ممتازة وحالة جيدة  
▪️ ثلاجة  
▪️ غسالة  
▪️ فرن كهربائي 
▪️ أسقف مرتفعة  
▪️ نوافذ كبيرة  
▪️ موقف خاص للشقة مضللة
▪️ عدد كبير من المواقف المتاحة حول المبنى

### 🏢 مميزات المبنى
▪️ العمارة تتكون من 10 شقق، بمعدل شقتين في كل دور  
▪️ جميع شقق العمارة مؤجرة بالكامل  
▪️ إدارة المبنى بالكامل من خلال شركة صيانة متخصصة  
▪️ الشركة تتولى أعمال الصيانة والنظافة والخدمات التشغيلية بالكامل للمبنى  
▪️ جميع الملاك مسجلون عبر منصة اتحاد الملاك  
▪️ حارس متواجد على مدار الساعة  
▪️ أنظمة سلامة وتجهيزات وإمدادات مخصصة للإطفاء في كل دور.
▪️ يوجد غرفتان للسائقين مؤجرتان، ويتم توجيه عوائدهما للمساهمة في إدارة تشغيل المبنى.

### 💰 الوضع التأجيري
الشقة مؤجرة حاليًا بمبلغ 43,000 ريال سنويًا، على دفعتين.

👤 المستأجر يسكن في الوحدة منذ 6 سنوات، مما يعكس استقرارًا في الإشغال.
؜ 

📞 **للتواصل والاستفسار ((الرقم يظهر عند الضغط على اتصال))

ملاحظة: في حال وجود رغبة جادة في الشراء ومعاينة الشقة من الداخل، سيتم بكل ترحيب التنسيق مسبقًا مع المستأجر الحالي لتحديد الموعد والوقت المناسب للمعاينة، بما يتناسب مع ظروفه وخصوصيته",26.333425,50.140281,https://images.aqar.fm/webp/750x0/props/047637473_1790057570605.jpg,13.0,عبدالعزيز الاحمدي,مؤسسة الأهم للأعمال المدنية والانشائية للمقاولات,1.0,2026-09-17,2026-09-17,2026-09-25,131,2026-09-27,True,"639,000",False,شقة
6725690,https://sa.aqar.fm/شقق-للبيع/الظهران/حي-الدانة-الشمالية/شارع-ابو-ألعقيل-الاسلمي-حي-الدانة-الشمالية-مدينة-الظهران-المنطقة-الشرقية-6725690,"شقة للبيع في شارع ابو ألعقيل الاسلمي, حي الدانة الشمالية, مدينة الظهران, المنطقة الشرقية",395000,158,3,0.0,0.0,11,حي الدانة الشمالية,الظهران,حي الدانة الشمالية,"🏡 شقة للبيع – المنطقة الشرقية | حي الدانة الشمالي

فرصة مميزة للتملك في أحد الأحياء الراقية والمكتملة الخدمات بحي الدانة الشمالي.

📍 الموقع: حي الدانة الشمالي – المنطقة الشرقية
📐 المساحة: 158 م²

مكونات الشقة:
✔️ 3 غرف واسعة
✔️ صالة معيشة
✔️ مطبخ
✔️ دورات مياه
✔️ تشطيبات جيدة وتصميم عملي

✨ تمتاز الشقة بموقع حيوي قريب من المدارس والمساجد والأسواق والخدمات اليومية، كما يتميز حي الدانة الشمالي بسهولة الوصول للطرق الرئيسية والمرافق العامة.",26.331608,50.140511,https://images.aqar.fm/webp/750x0/props/036045061_1781011080313.jpg,8.0,محمد فهد,,,2026-06-09,2026-06-09,2026-09-18,4736,2026-09-27,True,"395,000",False,شقة
6835088,https://sa.aqar.fm/شقق-للبيع/الظهران/حي-الدانة-الشمالية/شارع-ابو-لبعقيل-الاسلمي-حي-الدانة-الشمالية-مدينة-الظهران-المنطقة-الشرقية-6835088,"شقة للبيع في شارع ابو لبعقيل الاسلمي, حي الدانة الشمالية, مدينة الظهران, المنطقة الشرقية",700000,295,5,4.0,1.0,11,حي الدانة الشمالية,الظهران,حي الدانة الشمالية,"شقه دبلكس للبيع

مكونه من
مجلس ومقلط وحمام
مطبخ وصاله وحمام

العلوي

غرفه ماستر
غرفتين نوم بحمام مشترك
غرفة عامله و غرفة غسيل 

شقه مكيفه مركزي و اسبلت
مطبخ راكب 
موقف سياره خاص بالشقه
عداد الكهرباء خاص بالشقه
مصعد موجود",26.333551,50.140274,https://images.aqar.fm/webp/750x0/props/002768939_1787397142697.jpg,15.0,عادل بن عوض بن صالح بازيد,مكتب وفاق الخير العقاري,1.0,2026-08-22,2026-09-20,2026-09-20,474,2026-09-27,True,"700,000",False,شقة
6759309,https://sa.aqar.fm/شقق-للبيع/الظهران/حي-الدانة-الشمالية/شارع-ابو-ألعقيل-الاسلمي-حي-الدانة-الشمالية-مدينة-الظهران-المنطقة-الشرقية-6759309,"شقة للبيع في شارع ابو ألعقيل الاسلمي, حي الدانة الشمالية, مدينة الظهران, المنطقة الشرقية",1500000,158,3,3.0,1.0,8,حي الدانة الشمالية,الظهران,حي الدانة الشمالية,"شقه للبيع في الضهران حي الدانه الشمالي
شقه مميزه  دور علوي موقف سياره خاص مطبخ تكييف راكب",26.331612,50.140508,https://images.aqar.fm/webp/750x0/props/039048627_1783179095019.jpg,6.0,صالح عبدالرحمن,,,2026-07-04,2026-08-31,2026-08-31,614,2026-09-27,True,"1,500,000",False,شقة
6797824,https://sa.aqar.fm/شقق-للبيع/الظهران/حي-هجر/شارع-11ب-حي-هجر-مدينة-الدمام-المنطقة-الشرقية-6797824,"شقة للبيع في شارع 11ب, حي هجر, مدينة الدمام, المنطقة الشرقية",480000,186,5,0.0,0.0,11,حي هجر,الظهران,حي هجر,"🏡 للبيع شقة أرضية مستخدمة – حي هجر

فرصة مميزة للسكن في موقع هادئ ومناسب للعائلة.

🔹 المواصفات:

* 3 غرف نوم
* مجلس
* مقلط
* صالة واسعة
* غرفة غسيل
* غرفة حارس
* حوش جانبي
* شقة أرضية
* المساحة: 190 م² (بدون احتساب مساحة الحوش)

💰 السعر: 490,000 ريال كاش



كما تتوفر لدينا العديد من العروض العقارية المميزة في مختلف أحياء الدمام، تشمل الشقق والفلل والأراضي، بأسعار تنافسية تناسب جميع الاحتياجات والميزانيات. تواصل معنا لاختيار العقار المناسب لك",26.367387,50.103078,https://images.aqar.fm/webp/750x0/props/029427719_1785425456769.jpg,11.0,بدريه القحطاني,مؤسسة مكتب الإتجاه الجديد للعقار,1.0,2026-07-30,2026-08-28,2026-09-26,1227,2026-09-27,True,"480,000",False,شقة
6872310,https://sa.aqar.fm/شقق-للبيع/الظهران/حي-القصور/شارع-بيرين-حي-القصور-مدينة-الظهران-المنطقة-الشرقية-6872310,"شقة للبيع في شارع بيرين, حي القصور, مدينة الظهران, المنطقة الشرقية",450000,128,3,3.0,1.0,9,حي القصور,الظهران,حي القصور,"للبيع شقة  في الظهران  
حي القصور
مساحه الشقه ١٢٨ متر 
يوجد اتحاد ملاك لادارة العمارة والمناطق المشتركة 
دور ثاني شقة امامية 
متوفر مصعد 
قريبة من ارامكو واسواق التميمي وممشى تلال الدوحة وجميع الخدمات متوفرة بالحي .
صيانه حديثه شامله دهانات حمامات باركيه خشب  ، مجدده بالكامل 
مؤجره حاليًا بقيمه ٣٣ الف ،ينتهي العقد ابريل ٢٠٢٧ م قابل للتجديد إذا رغب المشتري

مكونات الشقة :-
- مدخل  للشقة مع مدخلين داخلية منفصلة
- ٣ غرف نوم 
- وحده منهم ماستر .
- مجلس رجال بدوره مياه.
- صالة جلوس مفتوحه على المطبخ  .
- مطبخ راكب دواليب + فرن كهربائي راكب .
-عدد ٣ دورات مياة .
-سخانات راكبه
- باركيه خشب
- راكب مكيفات سبلت لجميع الغرف.
- ومخزن
مياه حلوه من الشبكه
- ديكورات  جبسية ببعض الغرف
- عداد كهرباء مستقل.
- موقف في اسفل العمارة خاص بالشقة .",26.344245,50.1509,https://images.aqar.fm/webp/750x0/props/047314679_1789308312192.jpg,7.0,عبدالعزيز سليمان بن ابراهيم الفهيد,مؤسسة روشن الشرق لادارة الأملاك,1.0,2026-09-13,2026-09-13,2026-09-25,611,2026-09-27,True,"450,000",False,شقة
6593488,https://sa.aqar.fm/شقق-للبيع/الظهران/حي-هجر/شارع-13أ-حي-هجر-مدينة-الدمام-المنطقة-الشرقية-6593488,"شقة للبيع في شارع 13أ, حي هجر, مدينة الدمام, المنطقة الشرقية",685000,133,3,3.0,2.0,1,حي هجر,الظهران,حي هجر,"شقة للبيع – الدمام | حي هاجر (جديدة وجاهزة للسكن)

شقة شبه جديدة وجاهزة في موقع مميز بحي هاجر، تتكون من:
       •        مؤثثه بالكامل 
	•	3 غرف نوم
	•	مجلس بمدخل مستقل
      •	         صالة واسعة
      •	       بلكونه 
	•	مكيفات راكبة
	•	مطبخ راكب ومجهز بالأجهزة
      •        يوجد غرفة  خادمه
      •        ويوجد غرفة سائق مستقلة بالدور الارضي تابعة للشقة. 

📐 المساحة: 133 م²

الموقع:
	•	بالقرب من المحكمة التجارية بالدمام
	•	تبعد دقيقتين عن طريق الظهران–الجبيل
	•	قريبة من الإدارة العامة للتعليم
	•	بالقرب من إدارة دوريات الأمن العام

مناسبة للعائلات، موقع حيوي وقريب من جميع الخدمات",26.371224,50.096518,https://images.aqar.fm/webp/750x0/props/007300426_1771268896735.jpg,11.0,عبدالرحمن رياض,شركة عنان السحاب العقارية,1.0,2026-02-16,2026-09-08,2026-09-20,1814,2026-09-27,True,"685,000",False,شقة
6851370,https://sa.aqar.fm/شقق-للبيع/الظهران/حي-هجر/شارع-11ب-حي-هجر-مدينة-الدمام-المنطقة-الشرقية-6851370,"شقة للبيع في شارع 11ب, حي هجر, مدينة الدمام, المنطقة الشرقية",560000,168,3,1.0,0.0,10,حي هجر,الظهران,حي هجر,"🏠 لتنازل شقة مميزة مرهونه لصندوق- حي هجرة، الدمام

شقة واسعة بمساحة 170 م² لمدخلين بموقف خاص

📍 الموقع: حي هجرة - الدمام (قريبة من جميع الخدمات والعمارات)

المواصفات:
✅ 3 غرف نوم
✅ مجلس رجال منفصل
✅ صالة واسعة
✅ مدخلين مستقلين (رجال - عائلي)
✅ موقف سيارة خاص
✅ عمر العقار: 10 سنوات
✅ الشقة مؤجرة حالياً (دخل إيجاري ثابت)

التفاصيل المالية:
🏦 العقار مرهون لصندوق التنمية العقاري بمبلغ 360,000 ريال (يُفرغ حسب إجراءات الصندوق)

المبلغ المطلوب لتنازل 200,000 ريال
مميزات إضافية:
🔹 قربها من الخدمات (مساجد، مدارس، أسواق)
🔹 موقع حيوي يناسب السكن أو الاستثمار
🔹 دخل إيجاري مستمر لمن يرغب بالاستثمار

📞 للاستفسار والمعاينة: ((الرقم يظهر عند الضغط على اتصال))",26.367905,50.102713,https://images.aqar.fm/webp/750x0/props/037581950_1788203551273.jpg,22.0,ابراهيم ناصر بن ابراهيم التميمي,مؤسسة مكتب الوان الينابيع للعقارات,1.0,2026-08-31,2026-08-31,2026-09-19,454,2026-09-27,True,"560,000",False,شقة
6664018,https://sa.aqar.fm/شقق-للبيع/الظهران/حي-القشلة/شارع-ابو-مرة-الطائفي-حي-الصفاء-مدينة-الدمام-المنطقة-الشرقية-6664018,"شقة للبيع في شارع ابو مرة الطائفي, حي الصفاء, مدينة الدمام, المنطقة الشرقية",650000,149,3,,,11,حي القشلة,الظهران,حي القشلة,شقة بحي الصفا - الدمام - مدخل وحوش خاص بجراج - ٣ غرف نوم +صالة + مجلس +٣ حمامات +مطبخ راكب + مكيفة بالكامل .,26.378476,50.183894,https://images.aqar.fm/webp/750x0/props/050397400_1776769810852.jpg,6.0,اسامه عبدالله سليمان الشارخ,شركة عبدالله سليمان الشارخ للتجارة والمقاولات وشركاؤه المحدودة,1.0,2026-04-21,2026-09-13,2026-09-13,1954,2026-09-27,True,"650,000",False,شقة
6870949,https://sa.aqar.fm/شقق-للبيع/الظهران/حي-هجر/حي-هجر-مدينة-الدمام-المنطقة-الشرقية-6870949,"شقة للبيع في حي هجر, مدينة الدمام, المنطقة الشرقية",730000,174,4,3.0,1.0,0,حي هجر,الظهران,حي هجر,"للبيع شقة فاخرة حي هجر 
لموقع والمميزات

* موقع متميز يتوسط الدمام والظهران والخبر.
* القرب من الطرق الرئيسية:
    * طريق الأمير محمد بن فهد.
    * طريق الملك عبدالعزيز.
    * طريق الظهران–الجبيل السريع.
    * طريق الملك عبدالله.
* يتوسط العديد من المقرات الحكومية.
* تتوفر المدارس والمستشفيات الحكومية والخاصة والمتنزهات والحدائق المجاورة والمساجد.
* بنية تحتية متكاملة.

* المساحة: 175 م².
* الشقة مؤجرة بقيمة 40,000 ريال سنويًا.
* موقف خاص.
* خزان أرضي وعلوي خاص.
* مصعد.
* غرفة للسائقين.

مكونات الشقة

* مدخلان.
* غرفة رئيسية: 1.
* غرفتان: 2.
* صالة مع بلكونة : 1.
* مطبخ: 1.
* مجلس: 1.
* دورات مياه: 3.
* غرفة خادمة + دورة مياه.",26.374214,50.105016,https://images.aqar.fm/webp/750x0/props/053996538_1789234070460.jpg,3.0,صالح الزهراني,مكتب سمات ندى الأعمار,1.0,2026-09-12,2026-09-12,2026-09-26,275,2026-09-27,True,"730,000",False,شقة
6797470,https://sa.aqar.fm/شقق-للبيع/الظهران/حي-القصور/شارع-الوادى-حي-القصور-مدينة-الظهران-المنطقة-الشرقية-6797470,"شقة للبيع في شارع الوادى, حي القصور, مدينة الظهران, المنطقة الشرقية",850000,200,3,0.0,0.0,9,حي القصور,الظهران,حي القصور,"للبيع شقة دور واحد 3 غرف نوم
مدخل واحد 
مطبخ راكب + التكييف راكب 
مطله على الحديقة الداخلية
السعر قابل للتفاوض",26.338479,50.152983,https://images.aqar.fm/webp/750x0/props/016722122_1773706927979.jpg,19.0,بهاء عبد الرحمن,شركة جهد العقارية شركة شخص واحد,1.0,2026-07-30,2026-07-30,2026-09-26,334,2026-09-27,True,"850,000",False,شقة
6740583,https://sa.aqar.fm/شقق-للبيع/الظهران/حي-هجر/شارع-المؤمونية-حي-هجر-مدينة-الدمام-المنطقة-الشرقية-6740583,"شقة للبيع في شارع المؤمونية, حي هجر, مدينة الدمام, المنطقة الشرقية",720000,189,6,0.0,0.0,7,حي هجر,الظهران,حي هجر,"شقة فاخرة للبيع – حي هجر

🏡 فرصة مميزة للتملك في أحد أفضل أحياء الدمام

📍 الموقع: حي هجر
📐 المساحة: 192 م²
🏢 الدور: الأول
🕒 العمر: 7 سنوات
🏘️ عمارة راقية مكونة من 6 شقق فقط

مواصفات الشقة:

🔹 مجلس واسع بمدخل مستقل ولوبي استقبال
🔹 مقلط
🔹 صالة كبيرة ومريحة
🔹 3 غرف نوم
🔹 غرفة خادمة
🔹 غرفة غسيل
🔹 مطبخان
🔹 مطبخ راكب
🔹 تكييف مركزي
🔹 مصعد
🔹 تشطيبات راقية ومساحات عملية

المميزات:

✅ خصوصية عالية
✅ عمارة هادئة وقليلة السكان
✅ مواقف سيارات مظللة
✅ موقع مخدوم وقريب من جميع الخدمات
✅ جاهزة للسكن

📞 للتواصل والاستفسار:
((الرقم يظهر عند الضغط على اتصال))

أثمن العقارية
نثمن ثقتكم",26.370366,50.101904,https://images.aqar.fm/webp/750x0/props/025677605_1781971810515.jpg,1.0,عبدالله بن شباب بن زائد العتيبي,مؤسسة أثمن العقارية,1.0,2026-06-20,2026-09-15,2026-09-15,937,2026-09-27,True,"720,000",False,شقة
6658259,https://sa.aqar.fm/شقق-للبيع/الظهران/حي-هجر/شارع-12ج-حي-هجر-مدينة-الدمام-المنطقة-الشرقية-6658259,"شقة للبيع في شارع 12ج, حي هجر, مدينة الدمام, المنطقة الشرقية",590000,182,3,4.0,3.0,0,حي هجر,الظهران,حي هجر,"🏠 شقة حي هجر  🏠

عمر العقار : 8 سنوات  

 - غرفة ماستر 
- غرفتين فردية   
- صالة كبيرة 
- صالة طعام 
- مجلس 
- غرفة عاملة  
- مطبخ 
 

🏠 مميزات الشقة  🏠

- نوافذ كبيرة  
- مساحات واسعة  

🏠 مميزات الموقع 🏠

- موقف خاص 
- بالقرب من الخدمات الرئيسية  
 

التواصل مباشرة قسم المبيعات 

حسام : 0546928988",26.364956,50.101826,https://images.aqar.fm/webp/750x0/props/050835939_1776370221891.jpg,10.0,نبيل جابر,مؤسسة إسناد الإتقان,1.0,2026-04-16,2026-09-09,2026-09-27,3726,2026-09-27,True,"590,000",False,شقة
6865142,https://sa.aqar.fm/شقق-للبيع/الظهران/حي-هجر/شارع-11ا-حي-هجر-مدينة-الدمام-المنطقة-الشرقية-6865142,"شقة للبيع في شارع 11ا, حي هجر, مدينة الدمام, المنطقة الشرقية",780000,349,5,0.0,0.0,5,حي هجر,الظهران,حي هجر,"🏡 شقة بنتهاوس للبيع في حي هجر – الدمام

بنتهاوس مميز يشغل دورًا كاملًا في أعلى المبنى، بموقع قريب من طريق الأمير متعب والخدمات والمسجد.

مميزات العقار:
• مساحة ٣٥٠ م
• مدخلان للشقة
• مجلس وصالة بمساحات واسعة
• غرفة طعام
• مطبخ واسع مفتوح على الصالة
• غرف نوم واسعة منها ٢ غرف ماستر
• غرفة خادمة
• تكييف مركزي
• سطح خاص كبير بإطلالات مباشرة من الغرف والصالة
• مصعد
• موقف خاص
• غرف للسائقين
• منطقة ألعاب وساحة أمامية
• عمر العقار قرابة 6 سنوات
• قريب من طريق متعب و مسجد 

💰 السعر: 780,000 ريال

للتواصل مع أثمن العقارية:
📞 ((الرقم يظهر عند الضغط على اتصال))

رقم الترخيص الإعلاني: 7201124383",26.370305,50.100945,https://images.aqar.fm/webp/750x0/props/025677604_1788900322252.jpg,7.0,عبدالله بن شباب بن زائد العتيبي,مؤسسة أثمن العقارية,1.0,2026-09-08,2026-09-08,2026-09-08,337,2026-09-27,True,"780,000",False,شقة
6734684,https://sa.aqar.fm/شقق-للبيع/الظهران/حي-القشلة/حي-الصفاء-مدينة-الدمام-المنطقة-الشرقية-6734684,"شقة للبيع في حي الصفاء, مدينة الدمام, المنطقة الشرقية",700000,235,5,,,11,حي القشلة,الظهران,حي القشلة,"دوبلكس متصل خلفيات 
العمر  ١٠ سنوات
الدور الارضي مجلس صاله كبيره مطبخ وحمامين 
الدور الاول ٣ غرف نوم مع حمامين
الذوز الثاني السطح غرفتين نوم مع حمام
السعر قابل للتفاوض",26.382246,50.184681,https://images.aqar.fm/webp/750x0/props/002594634_1781596696524.jpg,8.0,خالد محمد عبدالوهاب الدليجان,,0.0,2026-06-16,2026-08-13,2026-09-17,1200,2026-09-27,True,"700,000",False,شقة
6814740,https://sa.aqar.fm/شقق-للبيع/الظهران/حي-هجر/شارع-القرن-حي-هجر-مدينة-الدمام-المنطقة-الشرقية-6814740,"شقة للبيع في شارع القرن, حي هجر, مدينة الدمام, المنطقة الشرقية",635000,179,5,3.0,1.0,10,حي هجر,الظهران,حي هجر,"📍 حي هجر، غرب الظهران
المساحة: 180 م²، دون احتساب مساحة البلكونة.

مكونات الشقة:
3 غرف نوم
صالة
مجلس
4 دورات مياه
غرفة خادمة
غرفة طعام
مطبخ

مواصفات الشقة:
تشطيب عالي الجودة
مكيفات مركبة بالكامل
مطبخ بجودة عالية وتحت الضمان، مع ضمان مدى الحياة على المفصلات
موقف سيارة مظلل

مواصفات العمارة:
عمارة خاصة بعمر يقارب 10 سنوات
العمارة مخصصة للعوائل
نظافة دورية للمداخل والممرات عن طريق شركة نظافة
مصعد ياباني
عقد صيانة سنوي للمصعد
موقع قريب من الأسواق والمطاعم والمدارس والخدمات",26.372412,50.101447,https://images.aqar.fm/webp/750x0/props/048760485_1786372415071.jpg,21.0,عبير عبدالرحمن,مؤسسة مكتب إعمار الشعله للخدمات العقارية,1.0,2026-08-10,2026-09-08,2026-09-26,338,2026-09-27,True,"635,000",False,شقة
6867349,https://sa.aqar.fm/شقق-للبيع/الظهران/حي-هجر/حي-هجر-مدينة-الدمام-المنطقة-الشرقية-6867349,"شقة للبيع في حي هجر, مدينة الدمام, المنطقة الشرقية",580000,151,3,0.0,0.0,0,حي هجر,الظهران,حي هجر,"شقق للبيع بتصاميم و موقع مميز 

مساحات تبدا من 152 الى 160 

، بدون سعي 🌷",26.372359,50.105513,https://images.aqar.fm/webp/750x0/props/015288196_1789051333439.jpg,7.0,طلال زيد هلال الحارثي,,,2026-09-10,2026-09-10,2026-09-27,846,2026-09-27,True,"580,000",False,شقة
6825626,https://sa.aqar.fm/شقق-للبيع/الظهران/حي-القصور/شارع-الوادى-حي-القصور-مدينة-الظهران-المنطقة-الشرقية-6825626,"شقة للبيع في شارع الوادى, حي القصور, مدينة الظهران, المنطقة الشرقية",900000,218,4,0.0,0.0,10,حي القصور,الظهران,حي القصور,"شقة دوبلكس للبيع 📍 
كمبوند مربيلا – حي القصور، الظهران  

مساحة 218.79م   

الدور الأرضي:  
• صالتين 
• مجلس 
• دورتين مياه
 • مطبخ  

الدور الأول:  
• ٣ غرف نوم (منها غرفة ماستر) 
• صالة 
• غرفة شغالة 

 المميزات:  • تكييف مركزي + سبلت (المكيفات راكبة) 
• عدادات كهرباء وماء مستقلة 
• الشقة فاضية وجاهزة للتسليم  

مرافق الكمبوند:  
• نادي رياضي
 • بركة سباحة 
• ملاعب رياضية 
• ديوانية  
• مكتبة  
• مسجد
  • صالون نساء
  • مرافق ترفيهية أخرى   

📞 للتواصل: 
((الرقم يظهر عند الضغط على اتصال)) 
أوج العقارية",26.338479,50.152983,https://images.aqar.fm/webp/750x0/props/001275676_1786890655673.jpg,13.0,مبارك بن محمد,شركة أوج النمو,1.0,2026-08-16,2026-09-14,2026-09-15,255,2026-09-27,True,"900,000",False,شقة
6752165,https://sa.aqar.fm/شقق-للبيع/الظهران/حي-تهامة/حي-تهامة-مدينة-الدمام-المنطقة-الشرقية-6752165,"شقة للبيع في حي تهامة, مدينة الدمام, المنطقة الشرقية",850000,226,4,4.0,1.0,11,حي تهامة,الظهران,حي تهامة,"فرصة مميزة لامتلاك عقار في حي تهامة بموقع استراتيجي بالقرب من دوار قصر الخليج، يتميز بإطلالة رائعة وموقع حيوي يسهل الوصول إلى مختلف الخدمات والمرافق.

تبلغ مساحة العقار 226 مترًا مربعًا، ويضم:
• مدخل مستقل.
• أربع غرف واسعة.
• صالة مريحة.
• مطبخ داخلي.
• موقف خاص للسيارة.

عقار يجمع بين الموقع المميز والتصميم العملي، ويعد خيارًا مثاليًا للسكن والاستثمار",26.357174,50.131307,https://images.aqar.fm/webp/750x0/props/003925015_1782719813336.jpg,3.0,حازم عبدالله عمر باموسى,مؤسسة مجموعة حازم العقارية,1.0,2026-06-29,2026-09-25,2026-09-25,1290,2026-09-27,True,"850,000",False,شقة
6595187,https://sa.aqar.fm/شقق-للبيع/الظهران/حي-القصور/حي-القصور-مدينة-الظهران-المنطقة-الشرقية-6595187,"شقة للبيع في حي القصور, مدينة الظهران, المنطقة الشرقية",490000,4628,2,2.0,1.0,0,حي القصور,الظهران,حي القصور,"🏠 رواس القصور 35 RAWAS

🌟مميزات المشروع:
يمتاز المشروع بموقع استراتيجي في حي القصور بمدينة الظهران، وبالقرب من مدينة الخبر والدمام والطرق الرئيسية المؤدية لها، والأماكن الرئيسية في المنطقة، مع خدمات ترفيهية خاصة للسكان، كما يمتاز بـ: 
- التكييف على كامل الوحدات.
- نادي رياضي رجالي.
- نادي رياضي نسائي.
- حضانة أطفال.
- لاونج مخصص للسكان.
- مصلى.
- غرف للسائقين.
- كاميرات مراقبة.
- بوابات إلكترونية.
- دخول ذكي.
- كاشف للدخان.
- مضخة إطفاء للحريق.

📋ضمانات المشروع:
10 سنوات | الهكيل الإنشائي
5 سنوات | أعمال السباكة
5سنوات | أعمال الكهرباء
5 سنوات | العزل المائي
سنتين | المصاعد
سنة واحدة | ضمان شامل

تبدأ مساحات الوحدات من 75م وحتى 165م، وتبدأ الأسعار من: 490,000 ريال.",26.350672,50.140925,https://images.aqar.fm/webp/750x0/props/025359571_1776927475750.jpg,20.0,سلمان عبدالله احمد الأحيدب,مكتب مصعب عبدالله الاحيدب للعقارات,1.0,2026-02-18,2026-09-09,2026-09-09,6001,2026-09-27,True,"490,000",False,شقة
6811841,https://sa.aqar.fm/شقق-للبيع/الظهران/حي-ارامكو-السعودية/شارع-الدمام-420-حي-الظهران-مدينة-الظهران-المنطقة-الشرقية-6811841,"شقة للبيع في شارع الدمام 420, حي الظهران, مدينة الظهران, المنطقة الشرقية",750000,240,5,5.0,2.0,1,حي ارامكو السعودية,الظهران,حي ارامكو السعودية,"شقة راقية للبيع في مشروع اجيال
في مدينة الظهران - حي اجيال
تفاصيل اكثر 👇🏻🤩🤩

رمز العرض : R06030MM

*⭐️ مكونات الوحدة ⭐️*
- غرف النوم 5
- ⁠دورات المياه 5
- ⁠مجلس
- ⁠صاله  
- ⁠مطبخ ( خزائن بدون أجهزة )
- ⁠غرفة عامله مع دورة مياه 
- ⁠مكيفة بالكامل
- ⁠مساحة الشقة :240.6


*⭐️ المميزات الإضافية ⭐️*  
- ⁠منطقة استقبال في مدخل المبنى
- ⁠دخول آمن للمبنى 
- ⁠دخول ذكي للوحدة
- ⁠موقف سيارة مظلل
- ⁠الشقة مناسبة للاستثمار 
( مؤجره بقيمة 50 الف دفعه كامله )
-مطله على طريق الخليج والحديقه العامه بجوار حي ازيان

*⭐️ تفاصيل اكثر ⭐️*
- ⁠سعر البيع : 750 الف 
- ⁠رقم ترخيص الإعلان: 7201073791
- إعلان تطبيق *عقار*
https://sa.aqar.fm/r/316c6b58
التواصل مباشرة 
مستشار مبيعات شركة إسهام الشرق :
نهال / ((الرقم يظهر عند الضغط على اتصال))

مستشار مبيعات شركة إسهام الشرق : 
نوف / ((الرقم يظهر عند الضغط على اتصال))

مستشار مبيعات شركة إسهام الشرق : 
مجاهد / ((الرقم يظهر عند الضغط على اتصال))",26.262254,50.074087,https://images.aqar.fm/webp/750x0/props/033740140_1787335623209.png,15.0,مشعل غرم الله بن علي الزهراني,مؤسسة إسهام الشرق للصيانة والنظافة,1.0,2026-08-08,2026-09-07,2026-09-24,1064,2026-09-27,True,"750,000",False,شقة
6491263,https://sa.aqar.fm/شقق-للبيع/الظهران/حي-القصور/شارع-بيرين-حي-القصور-مدينة-الظهران-المنطقة-الشرقية-6491263,"شقة للبيع في شارع بيرين, حي القصور, مدينة الظهران, المنطقة الشرقية",550000,128,3,,,10,حي القصور,الظهران,حي القصور,"للبيع شقة في الظهران
حي القصور
مساحه الشقه 130 متر
اتحاد ملاك لادارة العمارة والمناطق المشتركة دور ثاني شقة امامية
متوفر مصعد
قريبة من ارامكو واسواق التميمي وممشى تلال الدوحة وجميع الخدمات متوفرة بالحي.
صيانه حديثه شامله دهانات حمامات باركيه خشب ، مجدده بالكامل
مؤجره حاليًا بقيمه 33 الف ، ينتهي العقد ابريل 2026 م
مكونات الشقة :-
- مدخل للشقة مع مدخلين داخلية منفصلة
- 3 غرف نوم
- وحده منهم ماستر .
- مجلس رجال بدوره مياه.
- صالة جلوس مفتوحه على المطبخ .
- مطبخ راكب دواليب + فرن كهربائي راكب .
-عدد 3 دورات مياة.
-سخانات راكبه
- باركيه خشب
- راكب مكيفات سبلت لجميع الغرف.
مياه حلوه من الشبكه
- ديكورات جبسية ببعض الغرف
- عداد كهرباء مستقل.
- موقف في اسفل العمارة خاص بالشقة.
السعر 550 الف ريال
((رقم المعلن يظهر عند التواصل))",26.344285,50.150868,https://images.aqar.fm/webp/750x0/props/002310849_1764754780365.jpg,3.0,ايمان بنت عبدالرزاق بن عبدالستار الطائي,مؤسسة مكتب مستطيلات البناء للخدمات العقارية,1.0,2025-12-03,2025-12-03,2026-08-20,2833,2026-09-27,True,"550,000",False,شقة
6862843,https://sa.aqar.fm/شقق-للبيع/الظهران/حي-القصور/شارع-الصداوي-حي-القصور-مدينة-الظهران-المنطقة-الشرقية-6862843,"شقة للبيع في شارع الصداوي, حي القصور, مدينة الظهران, المنطقة الشرقية",656000,138,5,3.0,1.0,10,حي القصور,الظهران,حي القصور,"🏢 **شقة للبيع | الظهران – حي القصور**

📍 **الموقع:** الظهران – حي القصور، بالقرب من التميمي

🏠 **الدور:** الأول
📐 **المساحة:** 138 م²

**مكونات الشقة:**
▪️ 3 غرف نوم، منها غرفة ماستر مفروشة بالكامل
▪️ 3 دورات مياه
▪️ مجلس
▪️ صالة واسعة
▪️ مطبخ مفتوح على الصالة

✨ **مميزات الشقة:**
▪️ مؤثثة بالكامل
▪️ مطبخ راكب
▪️ فرن + مغسلة أواني + مغسلة ملابس
▪️ ثلاجة، وجميعها جديدة
▪️ أدوات مطبخ
▪️ مكنسة كهربائية
▪️ 5 مكيفات راكبة
▪️ ستائر راكبة
▪️ موقف خاص
▪️ مصعد

📍 **الموقع:**
[موقع الشقة على الخريطة](https://maps.app.goo.gl/yKUchksSqZU5Mtt27?utm_source=chatgpt.com)",26.343231,50.150069,https://images.aqar.fm/webp/750x0/props/014167825_1788806492964.jpg,1.0,صلاح بن مكي بن حسين بوعريش,مؤسسة بيوند فاليويشن,1.0,2026-09-07,2026-09-07,2026-09-26,343,2026-09-27,True,"656,000",False,شقة
6596930,https://sa.aqar.fm/شقق-للبيع/الظهران/حي-تهامة/شارع-خلف-بن-سعد-حي-تهامة-مدينة-الدمام-المنطقة-الشرقية-6596930,"شقة للبيع في شارع خلف بن سعد, حي تهامة, مدينة الدمام, المنطقة الشرقية",560000,2059,2,4.0,2.0,0,حي تهامة,الظهران,حي تهامة,"🏠 رواس تهامة 34 RAWAS

📌 الموقع: الظهران - حي تهامة

🌟مميزات المشروع:
- موقع استراتيجي في قلب مدينة الظهران، في وسط الطرق الرئيسية، التي تربط بين (الخبر-الدمام-طريق بقيق-طريق الرياض). 
- ⁠لاونج مخصص للسكان (في الدور العاشر)، متعدد الاستخدامات، مع دورة مياه، مطل على برج إثراء.
- إطلالات دائمة، لجميع النماذج.
- ⁠مدخلين لأغلب وحدات المشروع. 
- ⁠غرف خادمة لجميع الوحدات. 
- ⁠موقف خاص لكل وحدة.
- ⁠أنظمة إطفاء ومكافحة الحريق.
- ⁠بهو خاص للدفاع المدني في جميع الأدوار.
- ⁠التكييف بنظام VRV. 
- أنظمة أمنية، ومراقبة.
- ⁠مرمى نفايات في جميع الأدوار.
- ⁠أنظمة سمارت هوم، وانتركوم. 
- ⁠بوابات ذكيّة للدخول إلى المبنى. 
- ⁠بنية تحتية لخدمات مشتركة، (سوبرماركت ذكي - مغسلة ملابس ذكية) -تخضع لتفعيل شركة إدارة المرافق-.
- ⁠مصعد خدمات دائم (لنقل الأثاث).

📋ضمانات المشروع:
10 سنوات | الهكيل الإنشائي
5 سنوات | العزل المائي
١ سنة | أعمال السباكة
١ سنة | أعمال الكهرباء
سنتين | المصاعد

تبدأ المساحات من 117م، وتصل حتى 144م.
تبدأ الأسعار من 560,000 ريال.",26.351704,50.132665,https://images.aqar.fm/webp/750x0/props/044097677_1774325207711.jpg,15.0,سلمان عبدالله احمد الأحيدب,مكتب مصعب عبدالله الاحيدب للعقارات,1.0,2026-02-19,2026-09-10,2026-09-10,4945,2026-09-27,True,"560,000",False,شقة
6874209,https://sa.aqar.fm/شقق-للبيع/الظهران/حي-هجر/شارع-المتباهي-حي-هجر-مدينة-الدمام-المنطقة-الشرقية-6874209,"شقة للبيع في شارع المتباهي, حي هجر, مدينة الدمام, المنطقة الشرقية",550000,176,3,4.0,1.0,8,حي هجر,الظهران,حي هجر,"للبيع شقة أرضية في الدمام

مخطط 945/ ش د حي هجر

المساحة: 176.77 متر مربع

عداد كهرباء مستقل

عداد ماء مشترك

العمر التقريبي: 13 سنة

الصك مرهون

المكونات:

مجلس – صالة – صالة طعام – غرفة خادمة – ثلاثة غرف نوم – أربعة دورات مياه

السعر: 550,000 ريال

غير شامل ضريبة التصرفات العقارية

غير شامل العمولة",26.36999,50.101896,https://images.aqar.fm/webp/750x0/props/000986354_1789399433705.jpg,1.0,جاسم عبدرب النبي بن جاسم المزعل السيهاتي,مؤسسة دانة الخير العقارية,1.0,2026-09-14,2026-09-14,2026-09-14,158,2026-09-27,True,"550,000",False,شقة
6848534,https://sa.aqar.fm/شقق-للبيع/الظهران/حي-هجر/شارع-القاسمة-حي-هجر-مدينة-الدمام-المنطقة-الشرقية-6848534,"شقة للبيع في شارع القاسمة, حي هجر, مدينة الدمام, المنطقة الشرقية",510000,180,3,3.0,1.0,5,حي هجر,الظهران,حي هجر,"شقه للبيع مساحه ١٨٠ 
حي هجر عمر العقار ٩ سنوات
الدور 3
٣ غرف نوم وصاله ٣ دورات مياة مع مجلس وملقط وغرفة شغاله 
موقع ممتازة
سوم 510000",26.371772,50.104504,https://images.aqar.fm/webp/750x0/props/022528163_1788083270924.jpg,14.0,محمد حمدان,شركة قمة الحلول للعقارات شركة شخص واحد,1.0,2026-08-30,2026-08-30,2026-09-26,499,2026-09-27,True,"510,000",False,شقة
6795979,https://sa.aqar.fm/شقق-للبيع/الظهران/حي-هجر/شارع-الكدواية-حي-هجر-مدينة-الدمام-المنطقة-الشرقية-6795979,"شقة للبيع في شارع الكدواية, حي هجر, مدينة الدمام, المنطقة الشرقية",650000,171,4,3.0,1.0,0,حي هجر,الظهران,حي هجر,"� للبيع شقة مميزة في حي هجر

فرصة رائعة للسكن أو الاستثمار في موقع مميز.

📐 المساحة: 171 م²
🛏️ 3 غرف نوم
🛋️ صالة واسعة
🪑 مجلس
🚪 مدخلان
🚿 3 دورات مياه 
مميزات الشقة : 
 #  تصميم عصري ومساحات واسعة . 
 # إضاءة طبيعية وتهوية ممتازة . 
 # قريب من المدارس والمراكز الخدمية . 
# موقف خاص . 
 # تشطيب عالي جودة . 
 للتواصل : ((الرقم يظهر عند الضغط على اتصال))  / ((الرقم يظهر عند الضغط على اتصال))",26.371137,50.10189,https://images.aqar.fm/webp/750x0/props/002983066_1785397335001.jpg,8.0,سعد عادل بن سعد المعمر,شركة إحياء المحدودة شركة شخص واحد,1.0,2026-07-29,2026-09-25,2026-09-25,543,2026-09-27,True,"650,000",False,شقة
6885374,https://sa.aqar.fm/شقق-للبيع/الظهران/حي-هجر/شارع-13أ-حي-هجر-مدينة-الدمام-المنطقة-الشرقية-6885374,"شقة للبيع في شارع 13أ, حي هجر, مدينة الدمام, المنطقة الشرقية",580000,171,4,0.0,0.0,0,حي هجر,الظهران,حي هجر,"شقه للبيع بالدمام بحي هجر موقعها ممتاز جدا وقريبه من جميع كافيات والخدمات وقريبه من طريق الجبيل السريع وإثراء عليها كل الضمانات وإشراف هندسي وتامين ملاذ ضد العيوب الخفيه 

التفاصيل :
                الشقه عباره : ثلاثه غرف نوم ومطبخ وصاله وغرفه للغسيل 
ومجلس 

للحجز او الاستفسار : شركه اراف للتطوير العقاري 
اخصاصي مبيعات : فضل 
نسعد بخدمتكم",26.369622,50.09762,https://images.aqar.fm/webp/750x0/props/042105056_1789985860876.jpg,3.0,عبدالرحمن بن عبدالله بن محمد القحطاني,شركة أراف للتطوير العقاري,1.0,2026-09-21,2026-09-21,2026-09-26,26,2026-09-27,True,"580,000",False,شقة
6534897,https://sa.aqar.fm/شقق-للبيع/الظهران/حي-تهامة/حي-تهامة-مدينة-الدمام-المنطقة-الشرقية-6534897,"شقة للبيع في حي تهامة, مدينة الدمام, المنطقة الشرقية",570000,172,4,3.0,1.0,10,حي تهامة,الظهران,حي تهامة,"شقة للبيع موقع مميز 
… 
مساحة 172.74م 

السعر 600 الف",26.357174,50.131307,https://images.aqar.fm/webp/750x0/props/008319959_1768245315484.jpg,8.0,عبدالرحمن بن فهد,مؤسسة الفرصة العقارية,1.0,2026-01-05,2026-09-18,2026-09-21,1604,2026-09-27,True,"570,000",False,شقة
6865466,https://sa.aqar.fm/شقق-للبيع/الظهران/حي-الدوحة-الجنوبية/شارع-البوابة-حي-الدوحة-الجنوبية-مدينة-الظهران-المنطقة-الشرقية-6865466,"شقة للبيع في شارع البوابة, حي الدوحة الجنوبية, مدينة الظهران, المنطقة الشرقية",820000,257,4,4.0,2.0,11,حي الدوحة الجنوبية,الظهران,حي الدوحة الجنوبية,"🔹 شقة بنتهاوس مميزة للبيع

📍 الموقع
الظهران - حي الدوحة الجنوبية – شارع البوابة

📐 المساحة
257 م²

🔹 تفاصيل الشقة
تتكون الشقة من طابقين
3 مداخل
مجلس
2 صالة واسعة (كل دور صالة)
مطبخ
مخزن
4 دورات مياه
4 غرف نوم (2 غرف ماستر)
سطح خاص

🔹 مميزات العمارة
موقف خاص ومظلل
مصعد

💰 سعر البيع
820,000 ريال سعودي",26.328425,50.175119,https://images.aqar.fm/webp/750x0/props/009009891_1788929673880.jpg,9.0,علي القحطاني,شركة نود ريل إستيت,1.0,2026-09-09,2026-09-09,2026-09-09,253,2026-09-27,True,"820,000",False,شقة
6877311,https://sa.aqar.fm/شقق-للبيع/الظهران/حي-الدوحة-الجنوبية/شارع-الحني-حي-الدوحة-الجنوبية-مدينة-الظهران-المنطقة-الشرقية-6877311,"شقة للبيع في شارع الحني, حي الدوحة الجنوبية, مدينة الظهران, المنطقة الشرقية",895000,194,5,4.0,2.0,11,حي الدوحة الجنوبية,الظهران,حي الدوحة الجنوبية,"شقة دورين فاخرة للبيع 
الحي : الثريا
المساحة : ١٩٥ م
الدور : الثالث والرابع 
الواجهة : جنوبية غربية ( زاوية )
عرض الشارع : 30 م
العمر : ١٠ سنوات
التفاصيل : شقة دورين 3 غرف نوم وصالة وغرفة غسيل ومجلس مع الحمام وغرفة عاملة مستقلة مع حمام 
عدد ٤ دورات مياه
٣ مداخل
*راكب فيها ٨ مكيفات سبليت بحالة ممتازة ومطبخ ايكيا
السعر المطلوب: ٨٩٥ الف ريال قابل للتفاوض",26.32904,50.176672,https://images.aqar.fm/webp/750x0/props/006352625_1789554544245.jpg,8.0,احمد سليمان عبدالله العجاجي,,,2026-09-16,2026-09-16,2026-09-26,86,2026-09-27,True,"895,000",False,شقة
6738075,https://sa.aqar.fm/شقق-للبيع/الظهران/حي-ارامكو-السعودية/شارع-الدمام-420-حي-الظهران-مدينة-الظهران-المنطقة-الشرقية-6738075,"شقة للبيع في شارع الدمام 420, حي الظهران, مدينة الظهران, المنطقة الشرقية",850000,240,5,0.0,0.0,4,حي ارامكو السعودية,الظهران,حي ارامكو السعودية,"شقه للبيع 
حي اجيال ارامكو 
مساحة كبيره ماشاء الله
240 متر
مدخلين
مجلس مقلط 
صالتين
وثلاث غرف نوم 
ومطبخ راكب الدولاب 
والمكيفات راكبه 
وغرفه عامله وغرفه سايق",26.256988,50.077988,https://images.aqar.fm/webp/750x0/props/031766065_1782127118659.jpg,1.0,جواهر عبدالله,,,2026-06-18,2026-09-13,2026-09-23,1351,2026-09-27,True,"850,000",False,شقة
6839022,https://sa.aqar.fm/شقق-للبيع/الظهران/حي-الدوحة-الجنوبية/شارع-الخلد-حي-الدوحة-الجنوبية-الظهران-الدمام-6839022,"شقة للبيع في شارع المحدث علي الزاهد, حي الدوحة الجنوبية, مدينة الظهران, المنطقة الشرقية",710000,189,3,3.0,1.0,11,حي الدوحة الجنوبية,الظهران,حي الدوحة الجنوبية,"للبيع شقه دبلكس ( دورين)  الظهران الدوحة الجنوبيه حي الثريا شارع الخلد، العنوان الوطني EKMB5561 , الدور الثاني شقه 8
يوجد مصعد، مدخلين،مواقف،شقه مكيفه،،موقع مميز وقريبه من الظهران مول و ملعب ارامكو ومول الافينيوز",26.329811,50.177279,https://images.aqar.fm/webp/750x0/props/044331307_1787577005056.jpg,8.0,عبدالمحسن بن سليمان بن عبدالرحمن المحيسن,,,2026-08-24,2026-08-25,2026-09-25,701,2026-09-27,True,"710,000",False,شقة
6723914,https://sa.aqar.fm/شقق-للبيع/الظهران/حي-الدوحة-الجنوبية/شارع-السعدة-حي-الدوحة-الجنوبية-الظهران-الدمام-6723914,"شقة للبيع في شارع 6848266, حي الدوحة الجنوبية, مدينة الظهران, المنطقة الشرقية",850000,223,4,5.0,2.0,7,حي الدوحة الجنوبية,الظهران,حي الدوحة الجنوبية,"شقة دورين في عماير الثريا في الدوحة الجنوبيه الشقه التكييف راكب في الدورين والمطبخ راكب لها موقف خاص الشقه للبيع مع المكيفات بدون اثاث 
الدور الاول للشقه مدخلين مدخل للمجلس بدورة مياه ومدخل للصاله بدورة مياه ومطبخ 
الدور الثاني غرفه ماستر مع مكان لخزانه الملابس 
وغرفتين مع دورة مياه 
وغرفه خادمة بدور مياه",26.328407,50.175991,https://images.aqar.fm/webp/750x0/props/023057397_1780916365476.jpg,8.0,ساره بنت علي حمد المري ,,,2026-06-08,2026-06-08,2026-07-11,2173,2026-09-27,True,"850,000",False,شقة
6786980,https://sa.aqar.fm/شقق-للبيع/الظهران/حي-القصور/شارع-جبل-شهلان-حي-القصور-مدينة-الظهران-المنطقة-الشرقية-6786980,"شقة للبيع في شارع جبل شهلان, حي القصور, مدينة الظهران, المنطقة الشرقية",930000,185,3,0.0,0.0,0,حي القصور,الظهران,حي القصور,"مشروع القصور ٢٢ من تطوير شركة المنفذون العقارية . 
📍*الموقع* 
 حي القصور - الظهران
                                https://maps.app.goo.gl/7iQCVxsxRGVjY5sj6?g_st=ic

نماذج المشروع :  
نموذج (A) 185.45م - 
نموذج (B) 182.55م -
نموذج (C) 182.55م - 
نموذج (D) 185.45م -
نموذج (E) 180.05م -
نموذج (F) 179.20م- 
نموذج (G) 179.20م - 
نموذج (H) 180.05م -
نموذج (I) 205.55م -  
نموذج (J) 166.4م - (روف)
نموذج (K) 166.40م - (روف)
نموذج (M) 171.85م - (روف)
نموذج (N) 171.85م - (روف)",26.351493,50.140197,https://images.aqar.fm/webp/750x0/props/022761728_1788709149923.jpg,17.0,مشعل صلاح,,,2026-07-23,2026-09-19,2026-09-19,763,2026-09-27,True,"930,000",False,شقة
6568026,https://sa.aqar.fm/شقق-للبيع/الظهران/حي-هجر/شارع-الكدواية-حي-هجر-مدينة-الدمام-المنطقة-الشرقية-6568026,"شقة للبيع في شارع الكدواية, حي هجر, مدينة الدمام, المنطقة الشرقية",725000,604,6,4.0,1.0,0,حي هجر,الظهران,حي هجر,شقة دور أول مميزة مع بلكونة مطلة على مسجد وحديقة ، ثلاث غرف نوم، بلكونة مطلة، مجلس ، مقلط، صالة، غرفة شغالة بدورة مياة خاصة، مطبخ ، غرفة غسيل ، مدخلين، سمارت هوم ، جودة عالية.,26.371849,50.102383,https://images.aqar.fm/webp/750x0/props/007551812_1778943370163.jpg,13.0,ظافر سعيد مناع العمري ,,,2026-01-29,2026-07-12,2026-09-13,3898,2026-09-27,True,"725,000",False,شقة
6712075,https://sa.aqar.fm/شقق-للبيع/الظهران/حي-القصور/شارع-العيينة-حي-القصور-مدينة-الظهران-المنطقة-الشرقية-6712075,"شقة للبيع في شارع العيينة, حي القصور, مدينة الظهران, المنطقة الشرقية",850000,294,6,0.0,0.0,0,حي القصور,الظهران,حي القصور,"شقة دبلكس ( دورين ) 🏡

مساحتها 🗳️ / 294 م
تقع في الدور الأول من العمارة ✅

كل دور يتكون من : 
مدخلين 🚪
مطبخ 🧑‍🍳
مجلس 🛋️
صالة 🛋️
غرفة خادمة مع دورة مياه ✅
غرفتين نوم ✅
دورتين مياه 🚿


بالامكان استثمارها وتأجيرها ٦٥-٧٠ ألف ✔️
بالإمكان فصلها وتأجيرها كشقتين بـ ١٠٠ ألف ✔️",26.352378,50.141217,https://images.aqar.fm/webp/750x0/props/022158264_1779996852685.jpg,7.0,مصعب طارق,,,2026-05-28,2026-08-31,2026-09-19,2192,2026-09-27,True,"850,000",False,شقة
6766754,https://sa.aqar.fm/شقق-للبيع/الظهران/حي-القصور/شارع-جبل-شهلان-حي-القصور-مدينة-الظهران-المنطقة-الشرقية-6766754,"شقة للبيع في شارع جبل شهلان, حي القصور, مدينة الظهران, المنطقة الشرقية",930000,179,3,3.0,1.0,0,حي القصور,الظهران,حي القصور,"*المنفذون 22*

📍*الموقع* 
 حي القصور - الظهران
                                https://maps.app.goo.gl/7iQCVxsxRGVjY5sj6?g_st=ic

📌 *مخطط المشروع* 
                                           https://is.gd/3eUJEy

📌 *بروشور المشروع*
                                          https://is.gd/EMnQt6

🎥 *فيديو المشروع*
                                          https://is.gd/TPzYAB

- *النماذج والأسعار* 
نموذج(A) 190م - 975,000ريال
نموذج(B) 186م - 930,000ريال
نموذج(C) 186م - 930,000ريال
نموذج(D) 190م - 975,000ريال
نموذج(E) 190م - 975,000ريال 
نموذج(F) 184م - 930,000ريال
نموذج(G) 184م - 930,000ريال 
نموذج(H) 190م - 975,000ريال 
نموذج(I) 212م - 1,450,000ريال(روف)
نموذج(J) 165م - 1,350,000ريال(روف)
نموذج(K) 165م - 1,350,000ريال(روف)
نموذج(M) 176م - 1,250,000ريال(روف)
نموذج(N) 176م - 1,250,000ريال(روف)

*ملاحظة: الاسعار قابلة للتحديث وتزيد مع ارتفاع كل دور بعد الدور الثالث*

📱
https://beacons.ai/almonfthon

*شركة المنفذون*",26.351497,50.14031,https://images.aqar.fm/webp/750x0/props/050161534_1783601607874.jpg,18.0,عبدالرحمن الحملي,,,2026-07-09,2026-09-05,2026-09-26,620,2026-09-27,True,"930,000",False,شقة
6652318,https://sa.aqar.fm/شقق-للبيع/الظهران/حي-الدوحة-الجنوبية/شارع-البوابة-حي-الدوحة-الجنوبية-مدينة-الظهران-المنطقة-الشرقية-6652318,"شقة للبيع في شارع البوابة, حي الدوحة الجنوبية, مدينة الظهران, المنطقة الشرقية",850000,202,5,3.0,1.0,11,حي الدوحة الجنوبية,الظهران,حي الدوحة الجنوبية,"✨ للبيع شقة بحي الثريا بالدوحة الجنوبية قريبة من الأفنيوز ✨ 
● المساحة: 202 م
❖ الدور الثاني 2️⃣ 
🚪🚪 مدخلين
● مجلس + دورة مياه 
● مقلط 
● غرفة نوم ماستر 
● غرفتين بحمام مشترك
● مطبخ أمريكي - مفتوح على الصالة
● مخزن
❄️ الشقة كاملة مجهزة بمكيف كونسيلد LG
🚘 موقف خاص
ـــــــــــــــــــــــــــــــ 
⭐ قريبة من جامع الثريا - وبجانب الجامع حديقة 🟢 

ـــــــــــــــــــــــــــــــ 
🔘 للتواصل:
0️⃣5️⃣6️⃣1️⃣5️⃣5️⃣5️⃣3️⃣2️⃣2️⃣",26.328414,50.175122,https://images.aqar.fm/webp/750x0/props/001448322_1776026847268.jpg,6.0,مشاري الحربي,,,2026-04-12,2026-08-07,2026-09-25,1332,2026-09-27,True,"850,000",False,شقة
6692568,https://sa.aqar.fm/شقق-للبيع/الظهران/حي-هجر/شارع-الوجيد-حي-هجر-مدينة-الدمام-المنطقة-الشرقية-6692568,"شقة للبيع في شارع الوجيد, حي هجر, مدينة الدمام, المنطقة الشرقية",700000,161,3,4.0,2.0,3,حي هجر,الظهران,حي هجر,"للبيع | شقة أرضية مميزة بحي هجر ✨

فرصة ممتازة للسكن أو الاستثمارشقة أرضية بعمر ٤ سنوات ولم تُسكن من قبل، بتشطيب جميل وموقع مميز قريب من المسجد.

📍 الموقع: حي هجر💰 سعر البيع: 700,000 ريال⚠️ السعر غير شامل السعي والضريبة

تفاصيل الشقة:

مساحة 161 م² (غير شاملة مساحة الحوش)
3 غرف نوم
4 دورات مياه
مجلس
صالة واسعة
مطبخ
غرفة عاملة
وحدة غسيل
حوش خاص
مدخلين مستقلين
موقف سيارة خاص

✅ كافة الضمانات متوفرة✅ قريبة من الخدمات والمسجد                ❌ لا يوجد مطبخ راكب❌ لا توجد مكيفات",26.370895,50.102089,https://images.aqar.fm/webp/750x0/props/005970867_1778518265083.jpg,8.0,فاطمه عبدالله بن حسن بن حسن,,,2026-05-11,2026-09-05,2026-09-22,946,2026-09-27,True,"700,000",False,شقة
6798987,https://sa.aqar.fm/شقق-للبيع/الظهران/حي-القصور/شارع-الوادى-حي-القصور-مدينة-الظهران-المنطقة-الشرقية-6798987,"شقة للبيع في شارع الوادى, حي القصور, مدينة الظهران, المنطقة الشرقية",1050000,201,5,0.0,0.0,10,حي القصور,الظهران,حي القصور,"شقه بالدور الرابع بكامباوند ماربيلا الظهران تتكون من مجلس مع غرفه طعام وصاله عائليه ومطبخ وغرفه خادمه و3 غرف نوم 
للاطلاع على المشروع والتعرف على الخدمات المقدمه موجود بالملف المرفق
https://youtu.be/mpi-MtZJKZs?si=DBiidHkYN9Sz7-j-",26.338479,50.152983,https://images.aqar.fm/webp/750x0/props/005477705_1785507950380.jpg,8.0,ابراهيم القرني,,,2026-07-31,2026-08-29,2026-09-21,117,2026-09-27,True,"1,050,000",False,شقة
6880842,https://sa.aqar.fm/شقق-للبيع/الظهران/حي-هجر/شارع-حجلان-حي-هجر-مدينة-الدمام-المنطقة-الشرقية-6880842,"شقة للبيع في شارع حجلان, حي هجر, مدينة الدمام, المنطقة الشرقية",556000,176,5,3.0,1.0,2,حي هجر,الظهران,حي هجر,"🏠 شقة نظيفة للبيع | هجر 
📐 المساحة: 178 م
💰 السعر: 556,000 ريال
📌 الشراء كاش فقط
🏗️ العمر: سنتين تقريباً
🛌 3 غرف نوم (1 ماستر)
🛋️ صالة + مجلس + مقلط
🍳 مطبخ + 3 دورات مياه
🏙️ المميزات:
▪️ موقع مميز بمدخل سهل
▪️ موقع قريب من الخدمات
▪️ موقع مقابل جامع كبير
💡 ملاحظة:
▫️ سبب البيع: النقل لمدينة أخرى
▫️ السعر لقطة ومغري للتصفية
📹 لمن أراد الفيديو التواصل واتساب
📞 للتواصل: ((الرقم يظهر عند الضغط على اتصال))",26.362401,50.103312,https://images.aqar.fm/webp/750x0/props/055393099_1789745041041.jpg,9.0,عبدالعزيز سعيد,,,2026-09-18,2026-09-18,2026-09-24,137,2026-09-27,True,"556,000",False,شقة
6745027,https://sa.aqar.fm/شقق-للبيع/الظهران/حي-ارامكو-السعودية/حي-الظهران-مدينة-الظهران-المنطقة-الشرقية-6745027,"شقة للبيع في حي الظهران, مدينة الظهران, المنطقة الشرقية",850000,240,5,0.0,0.0,4,حي ارامكو السعودية,الظهران,حي ارامكو السعودية,"شقه للبيع
حي اجيال الظهران
مساحة ٢٤٠ ألف 
مدخلين
مجلس مقلط 
صالتين 
٣ غرف نوم 
غرفه عامله وغسيل",26.262051,50.073945,https://images.aqar.fm/webp/750x0/props/031766068_1782422441961.jpg,1.0,جواهر عبدالله,,,2026-06-23,2026-09-18,2026-09-23,1233,2026-09-27,True,"850,000",False,شقة
6775660,https://sa.aqar.fm/شقق-للبيع/الظهران/حي-هجر/شارع-13أ-حي-هجر-مدينة-الدمام-المنطقة-الشرقية-6775660,"شقة للبيع في شارع 13أ, حي هجر, مدينة الدمام, المنطقة الشرقية",690000,171,6,0.0,0.0,0,حي هجر,الظهران,حي هجر,موقع جغرافي مميز وعداد مستقل وضمانات على السباكه والكهرباء  والهيكل الانشائي وموقف خاص  وتشطيبات راقيه,26.371136,50.096544,https://images.aqar.fm/webp/750x0/props/052265575_1784134287176.jpg,8.0,علي سعد فرج الغامدي,مؤسسة سهم التخطيط للتطوير العقاري,1.0,2026-07-15,2026-09-11,2026-09-24,141,2026-09-27,True,"690,000",False,شقة
6853967,https://sa.aqar.fm/شقق-للبيع/الظهران/حي-القصور/شارع-1-القصور-حي-القصور-مدينة-الظهران-المنطقة-الشرقية-6853967,"شقة للبيع في شارع 1 القصور, حي القصور, مدينة الظهران, المنطقة الشرقية",780000,4355,3,3.0,1.0,0,حي القصور,الظهران,حي القصور,"مشروع تلال الظهران 

المساحات تبدا من 38م إلى 142 م 

المميزات المشروع 
مكيفات راكبة 
مواقف لكل شقة 
مكيفات راكبة 
مرافق للمشروع",26.343057,50.148643,https://images.aqar.fm/webp/750x0/props/041633129_1788346353259.jpg,7.0,مبارك محمد,شركة أملاك القصور,1.0,2026-09-02,2026-09-02,2026-09-26,265,2026-09-27,True,"780,000",False,شقة
6775446,https://sa.aqar.fm/شقق-للبيع/الظهران/حي-هجر/شارع-دبسان-حي-هجر-مدينة-الدمام-المنطقة-الشرقية-6775446,"شقة للبيع في شارع دبسان, حي هجر, مدينة الدمام, المنطقة الشرقية",580000,143,5,0.0,0.0,0,حي هجر,الظهران,حي هجر,"شقه تتكون من مدخلين خاص للرجال ومدخل خاص للصاله وغرف النوم 
وتوجد بلكونه
ومن خدمات الحي ان كل شي قريب مسجد امام العماره وحديقه قريبه جداً",26.370171,50.098442,https://images.aqar.fm/webp/750x0/props/051317883_1784128166233.jpg,18.0,علي سعد فرج الغامدي,مؤسسة سهم التخطيط للتطوير العقاري,1.0,2026-07-15,2026-09-11,2026-09-25,278,2026-09-27,True,"580,000",False,شقة
6775430,https://sa.aqar.fm/شقق-للبيع/الظهران/حي-هجر/شارع-13أ-حي-هجر-مدينة-الدمام-المنطقة-الشرقية-6775430,"شقة للبيع في شارع 13أ, حي هجر, مدينة الدمام, المنطقة الشرقية",690000,171,6,0.0,0.0,0,حي هجر,الظهران,حي هجر,"شقه تتكون من مدخلين خاص للرجال ومدخل خاص للصاله وغرف النوم     ويوجد مقلط ومجلس 
ويوجد مستودع بمساحه جميله للتخزين وتوجد غرفه للخادمه 
ومن خدمات الحي ان كل شي قريب مسجد امام العماره وحديقه قريبه جداً
وقريب من اثرا",26.371136,50.096544,https://images.aqar.fm/webp/750x0/props/051317889_1784127762695.jpg,18.0,علي سعد فرج الغامدي,مؤسسة سهم التخطيط للتطوير العقاري,1.0,2026-07-15,2026-09-11,2026-09-24,150,2026-09-27,True,"690,000",False,شقة
6868259,https://sa.aqar.fm/شقق-للبيع/الظهران/حي-القصور/شارع-جبل-شهلان-حي-القصور-مدينة-الظهران-المنطقة-الشرقية-6868259,"شقة للبيع في شارع جبل شهلان, حي القصور, مدينة الظهران, المنطقة الشرقية",930000,182,4,0.0,0.0,0,حي القصور,الظهران,حي القصور,"🏡 للبيع شقق بطابع فندقي في موقع مميز بحي القصور
✨ مشروع سكني راقٍ من شركة المنفذون، بخبرة تتجاوز 30 عامًا في مجال البناء والتطوير، مع تصميم يجمع بين الفخامة والراحة.

مميزات المشروع:

📍 موقع مميز في حي القصور.
🏋️ نادي رياضي متكامل للرجال والنساء.
🛋️ مجلس خاص لسكان العمارة.
🧸 منطقة ألعاب مخصصة للأطفال.
🏨 شقق بتصميم وطابع فندقي راقٍ.
مكونات الشقة:
🛏️ 3 غرف نوم.
🛋️ مجلس.
🛋️ صالة.
🚿 4 دورات مياه.
👩‍🍳 غرفة عاملة.
🍳 مطبخ.
✨ فرصة للسكن الراقي والاستثمار في أحد المواقع المميزة بحي القصور.
📞 للتواصل والاستفسار: ((الرقم يظهر عند الضغط على اتصال))",26.351483,50.140193,https://images.aqar.fm/webp/750x0/props/017153391_1789058870583.jpg,5.0,صلاح بن عبدالله,مكتب المنفذون الوسطاء للخدمات العقارية,1.0,2026-09-10,2026-09-10,2026-09-16,72,2026-09-27,True,"930,000",False,شقة
6872859,https://sa.aqar.fm/شقق-للبيع/الظهران/حي-هجر/شارع-12أ-حي-هجر-الظهران-الدمام-6872859,"شقة للبيع في شارع 17أ, حي هجر, مدينة الدمام, المنطقة الشرقية",520000,175,3,4.0,2.0,3,حي هجر,الظهران,حي هجر,شقة شبة جديدة في حي هجر  مدخلين وصالة ومقلط ومجلس وثلاث غرف وحدة منهم ماستر  واربع دورات مياه,26.370548,50.097375,https://images.aqar.fm/webp/750x0/props/023688695_1789322127154.jpg,5.0,عبدالرحمن احمد,,,2026-09-13,2026-09-14,2026-09-13,169,2026-09-27,True,"520,000",False,شقة
6811628,https://sa.aqar.fm/شقق-للبيع/الظهران/حي-القصور/حي-القصور-مدينة-الظهران-المنطقة-الشرقية-6811628,"شقة للبيع في حي القصور, مدينة الظهران, المنطقة الشرقية",670000,159,5,0.0,0.0,0,حي القصور,الظهران,حي القصور,"مشروع المار بحي القصور 


مشروع فاخر 
بحي راقي جداً من اجمل الأحياء بالظهران 


المشروع بتصميم فندقي مودرن 

مكيفات راكبه مجانا. 
تامين تعاونية على المسكن 
مواقف خاصه 
سباكه مخفيه 
ضمانات تصل إلى ٢٥ سنه 

البيع مباشر لا يوجد سعي 🌹🌹🌹",26.349677,50.141902,https://images.aqar.fm/webp/750x0/props/010187997_1786213892749.jpg,12.0,سلطان فهيد معيوض الجعيد,مؤسسة سلطان فهيد معيوض الجعيد العقارية,1.0,2026-08-08,2026-09-07,2026-09-24,494,2026-09-27,True,"670,000",False,شقة
6866119,https://sa.aqar.fm/شقق-للبيع/الظهران/حي-القصور/شارع-1-القصور-حي-القصور-مدينة-الظهران-المنطقة-الشرقية-6866119,"شقة للبيع في شارع 1 القصور, حي القصور, مدينة الظهران, المنطقة الشرقية",370000,4355,1,0.0,0.0,0,حي القصور,الظهران,حي القصور,"*مشروع تلال الظهـــــران*

رؤية تُصـــــاغ، قبـــل ان تتجسد

رؤية معمارية تُصاغ قبل أن تتجسّد، لتبني استقرارك على أسسٍ من الجودة والإتقان.
تبدأ المساحات من 38 م إلى 142 م 

مواصفات البناء:
	•دخول ذكي.
مزايا المشروع:
	•مدخل فندقي.
	•شقق مكيفة بالكامل.
	•قبو مخصص للمواقف.
	•معارض تجارية.
	•اتحاد ملاك لمدة 5 سنوات.

البيع على الخارطة بدء الآن رقم الترخيص 867",26.343057,50.14864,https://images.aqar.fm/webp/750x0/props/030499160_1788960690346.jpg,7.0,مبارك محمد,شركة أملاك القصور,1.0,2026-09-09,2026-09-09,2026-09-13,137,2026-09-27,True,"370,000",False,شقة
6809036,https://sa.aqar.fm/شقق-للبيع/الظهران/حي-القصور/حي-القصور-مدينة-الظهران-المنطقة-الشرقية-6809036,"شقة للبيع في حي القصور, مدينة الظهران, المنطقة الشرقية",640000,159,5,3.0,1.0,0,حي القصور,الظهران,حي القصور,"📍 شقق - مشروع “إلمار حي القصور - الظهران ”  
✨ – والآن الحجز مفتوح! المساحة من 145 الى 160 🪟  متوفر شقق و ملاحق ، و شقة دبلكسية ،  

💸 الأسعار تبدأ من: 640 الف  

📐 تصاميم الشقق: مكونة من مجلس و مقلط و صالة و 3 غرف نوم منهم غرفة ماستر و 3 دورات مياه + مكيفات راكبة  

✅ تشطيبات عالية الجودة ✅ ضمانات هندسية كاملة على الهيكل والتشطيبات",26.349677,50.141902,https://images.aqar.fm/webp/750x0/props/028622221_1775164948614.jpg,17.0,سلطان فهيد معيوض الجعيد,مؤسسة سلطان فهيد معيوض الجعيد العقارية,1.0,2026-08-06,2026-09-04,2026-09-04,694,2026-09-27,True,"640,000",False,شقة
6853960,https://sa.aqar.fm/شقق-للبيع/الظهران/حي-القصور/شارع-1-القصور-حي-القصور-مدينة-الظهران-المنطقة-الشرقية-6853960,"شقة للبيع في شارع 1 القصور, حي القصور, مدينة الظهران, المنطقة الشرقية",520000,4355,2,2.0,1.0,0,حي القصور,الظهران,حي القصور,"مشروع تلال الظهران 

المساحات تبدا من 38 م إلى 142 م 

مميزات المشروع 

ثلاث مصاعد 
ثلاث مخارج طوارئ 
مكيفات راكبة 
مرافق في الدور السابع 
موقف لكل شقة",26.343059,50.148632,https://images.aqar.fm/webp/750x0/props/041633126_1788346040810.jpg,7.0,مبارك محمد,شركة أملاك القصور,1.0,2026-09-02,2026-09-02,2026-09-26,174,2026-09-27,True,"520,000",False,شقة
6792328,https://sa.aqar.fm/شقق-للبيع/الظهران/حي-القصور/شارع-جبل-شهلان-حي-القصور-مدينة-الظهران-المنطقة-الشرقية-6792328,"شقة للبيع في شارع جبل شهلان, حي القصور, مدينة الظهران, المنطقة الشرقية",930000,182,4,4.0,1.0,0,حي القصور,الظهران,حي القصور,"*المنفذون 22*
📍*الموقع* 
 حي القصور - الظهران
- *النماذج والأسعار* 
نموذج (A) 185.45م - 975,000 ريال 
نموذج (B) 182.55م - 930,000 ربال  
نموذج (C) 182.55م - 930,000 ريال 
نموذج (D) 185.45م - 975,000 ريال
نموذج (E) 180.05م - 975,000 ريال
نموذج (F) 179.20م- 930,000 ريال 
نموذج (G) 179.20م - 930,000 ريال 
نموذج (H) 180.05م - 975,000 ريال
نموذج (I) 205.55م - 1,450,000 ريال  
نموذج (J) 166.4م - 1,350,000 ريال (روف)
نموذج (K) 166.40م - 1,350,000 ريال (روف)
نموذج (M) 171.85م - 1,250,000 ريال (روف)
نموذج (N) 171.85م - 1,250,000 ريال (روف)
*ملاحظة: الاسعار قابلة للتحديث وتزيد مع ارتفاع كل دور بعد الدور الثالث*
للتواصل /
((الرقم يظهر عند الضغط على اتصال))",26.351565,50.140052,https://images.aqar.fm/webp/750x0/props/004160208_1785140877197.jpg,2.0,صلاح بن عبدالله,مكتب المنفذون الوسطاء للخدمات العقارية,1.0,2026-07-27,2026-08-25,2026-08-25,349,2026-09-27,True,"930,000",False,شقة
6866150,https://sa.aqar.fm/شقق-للبيع/الظهران/حي-القصور/شارع-1-القصور-حي-القصور-مدينة-الظهران-المنطقة-الشرقية-6866150,"شقة للبيع في شارع 1 القصور, حي القصور, مدينة الظهران, المنطقة الشرقية",520000,4355,2,0.0,0.0,0,حي القصور,الظهران,حي القصور,"*مشروع تلال الظهـــــران*

رؤية تُصـــــاغ، قبـــل ان تتجسد

رؤية معمارية تُصاغ قبل أن تتجسّد، لتبني استقرارك على أسسٍ من الجودة والإتقان.
تبدأ المساحات من 38 م إلى 142 م 

مواصفات البناء:
	•دخول ذكي.
مزايا المشروع:
	•مدخل فندقي.
	•شقق مكيفة بالكامل.
	•قبو مخصص للمواقف.
	•معارض تجارية.
	•اتحاد ملاك لمدة 5 سنوات.

للاستفسار عن بقية النماذج والتفاصيل، يمكنكم التواصل عبر الرقم الآتي:

📞: ((الرقم يظهر عند الضغط على اتصال))

البيع على الخارطة بدء الآن رقم الترخيص 867",26.343059,50.148632,https://images.aqar.fm/webp/750x0/props/030499169_1788961599301.jpg,10.0,مبارك محمد,شركة أملاك القصور,1.0,2026-09-09,2026-09-09,2026-09-13,114,2026-09-27,True,"520,000",False,شقة
6742516,https://sa.aqar.fm/شقق-للبيع/الظهران/حي-الدوحة-الجنوبية/حي-الدوحة-الجنوبية-الظهران-الدمام-6742516,"شقة للبيع في شارع طريق الملك سعود, حي الدوحة الجنوبية, مدينة الظهران, المنطقة الشرقية",1100000,185,2,4.0,2.0,8,حي الدوحة الجنوبية,الظهران,حي الدوحة الجنوبية,"شقه للبيع بالدور التاسع في برج بن سلطان السكني 

غرفتين نوم 
صالة ومجلس 
ثلاث دورات مياة
غرفة طعام 
مطبخ
غرفة خادمه مع دورة مياة",26.313353,50.177673,https://images.aqar.fm/webp/750x0/props/027719506_1782083057662.jpg,29.0,خالد على,,,2026-06-21,2026-06-25,2026-07-31,1026,2026-09-27,True,"1,100,000",False,شقة
6853950,https://sa.aqar.fm/شقق-للبيع/الظهران/حي-القصور/شارع-1-القصور-حي-القصور-مدينة-الظهران-المنطقة-الشرقية-6853950,"شقة للبيع في شارع 1 القصور, حي القصور, مدينة الظهران, المنطقة الشرقية",370000,4355,1,1.0,0.0,0,حي القصور,الظهران,حي القصور,"مشروع تلال الظهران 

المساحات تبدا من 38 م إلى 142 

المميزات المشروع 
ثلاث مصاعد 
مكيفات راكبة 
مرافق مشتركة 
ثلاث مخارج طوارئ
كل شقة لها موقف",26.343057,50.14864,https://images.aqar.fm/webp/750x0/props/041633122_1788345600202.jpg,7.0,مبارك محمد,شركة أملاك القصور,1.0,2026-09-02,2026-09-02,2026-09-26,238,2026-09-27,True,"370,000",False,شقة
6747653,https://sa.aqar.fm/شقق-للبيع/الظهران/حي-القصور/حي-القصور-الظهران-الدمام-6747653,"شقة للبيع في شارع سكاكا, حي القصور, مدينة الظهران, المنطقة الشرقية",530000,128,3,3.0,2.0,10,حي القصور,الظهران,حي القصور,"شقة للبيع في حي القصور

صك مستقل
المساحة: 128.6 م²
الدور الأول
عمر العقار: 10 سنوات

• مدخلان مستقلان
• مجلس بدورة مياه
• صالة مفتوحه على المطبخ 
•باركيه خشب فالصاله والغرفه
• 3 غرف نوم (إحداها ماستر)
• 3 دورات مياه
•  مطبخ راكبه الدواليب 
• غرفة غسيل / مخزن بجانب المطبخ
• راكب مكيفات سبلت لجميع الغرف.
• مصعد
• مواقف خاصة للعمارة

مميزات الموقع:
• موقع مميز وهادئ
 قريبة من ارامكو واسواق التميمي وممشى تلال الدوحة وجميع الخدمات متوفرة بالحي

الشقة نظيفة وجاهزة للسكن.

للتواصل والمعاينة:
واتساب أو اتصال",26.34444,50.151096,https://images.aqar.fm/webp/750x0/props/009700764_1782391544115.jpg,5.0,سعد الجبر,,,2026-06-25,2026-06-25,2026-08-14,1893,2026-09-27,True,"530,000",False,شقة
6775453,https://sa.aqar.fm/شقق-للبيع/الظهران/حي-هجر/شارع-القاسمة-حي-هجر-مدينة-الدمام-المنطقة-الشرقية-6775453,"شقة للبيع في شارع القاسمة, حي هجر, مدينة الدمام, المنطقة الشرقية",510000,110,4,0.0,0.0,0,حي هجر,الظهران,حي هجر,"شقه جميله وبموقع جميل 
وجميع الخدمات قريبه من ناحية المسجد قريب والحديقه قريبه 
وقريبه من اثرا  مع سطح بمساحة ٣٦م",26.372409,50.100275,https://images.aqar.fm/webp/750x0/props/051317885_1784128447704.jpg,16.0,علي سعد فرج الغامدي,مؤسسة سهم التخطيط للتطوير العقاري,1.0,2026-07-15,2026-09-11,2026-09-25,272,2026-09-27,True,"510,000",False,شقة
6775733,https://sa.aqar.fm/شقق-للبيع/الظهران/حي-هجر/شارع-القاسمة-حي-هجر-مدينة-الدمام-المنطقة-الشرقية-6775733,"شقة للبيع في شارع القاسمة, حي هجر, مدينة الدمام, المنطقة الشرقية",510000,110,4,3.0,1.0,0,حي هجر,الظهران,حي هجر,"شقة ملحق للبيع 
بحي هجر الظهران 
مساحه ١١١م 
مساحه السطح ٣٦م 
تتكون من مدخلين مجلس رجال 
وصاله ومطبخ وغرفتين نوم و٣ دورات مياه 
وسطح خاص تصميم عصري حديث 
المبني علي الكود السعودي وجميع الضمانات متوفرة",26.372409,50.100275,https://images.aqar.fm/webp/750x0/props/013639759_1784136039973.jpg,18.0,علي سعد فرج الغامدي,مؤسسة سهم التخطيط للتطوير العقاري,1.0,2026-07-15,2026-09-12,2026-09-26,349,2026-09-27,True,"510,000",False,شقة
6826966,https://sa.aqar.fm/شقق-للبيع/الظهران/حي-الدانة-الجنوبية/شارع-عاصم-بن-عمرو-حي-الدانة-الجنوبية-مدينة-الظهران-المنطقة-الشرقية-6826966,"شقة للبيع في شارع عاصم بن عمرو, حي الدانة الجنوبية, مدينة الظهران, المنطقة الشرقية",620000,193,3,4.0,1.0,0,حي الدانة الجنوبية,الظهران,حي الدانة الجنوبية,"اعلان رقم 3054
للبيع شقه في حي دانه الجوهره بالظهران 
مساحه الشقه ١٩٣ م 
مكيفات راكبه 
مكونه من غرفه سائق الدور الارضي 
الدور الثاني مدخلين مجلس مقلط صاله مطبخ راكب  مستودع 
ثلاث غرف نوم منهم واحده ماستر 
السعر ٦٢٠ الف",26.32691,50.150446,https://images.aqar.fm/webp/750x0/props/041942300_1786962497616.jpg,1.0,سعد العتيبي,مؤسسة الحلم المستهدف للمقاولات المعمارية العامة,1.0,2026-08-17,2026-09-15,2026-09-17,891,2026-09-27,True,"620,000",False,شقة
6726113,https://sa.aqar.fm/شقق-للبيع/الظهران/حي-تهامة/حي-تهامة-مدينة-الدمام-المنطقة-الشرقية-6726113,"شقة للبيع في حي تهامة, مدينة الدمام, المنطقة الشرقية",550000,177,5,3.0,1.0,5,حي تهامة,الظهران,حي تهامة,"شقة للبيع | Apartment for Sale

📍 الموقع | Location
حي تهامة – شارع 1
Tahama District - 1st Street

📐 المساحة | Space
177 م²| 177 m²

🔹 تفاصيل الشقة | Apartment Details
مجلس
Majlis
صالة طعام
Dinning Room
صالة
Living Room
مطبخ
Kitchen
4 دورات مياه
4 Bathrooms
3 غرف نوم (1 غرفة ماستر)
3 Bedrooms (1 Master)
غرفة خادمة
Maid’s Room

🔹 مميزات العمارة | Building Features
موقف خاص ومظلل
Dedicated Shaded Parking
مصعد
Elevator

💰 سعر البيع | Selling Price
550,000 ريال سعودي
SR 550,000",26.354965,50.131684,https://images.aqar.fm/webp/750x0/props/009009898_1781023877231.jpg,11.0,علي القحطاني,شركة نود ريل إستيت,1.0,2026-06-09,2026-09-05,2026-09-12,913,2026-09-27,True,"550,000",False,شقة
6854615,https://sa.aqar.fm/شقق-للبيع/الظهران/حي-القصور/شارع-1-القصور-حي-القصور-مدينة-الظهران-المنطقة-الشرقية-6854615,"شقة للبيع في شارع 1 القصور, حي القصور, مدينة الظهران, المنطقة الشرقية",370000,4355,1,0.0,0.0,0,حي القصور,الظهران,حي القصور,"*مشروع تلال الظهـــــران*

رؤية تُصـــــاغ، قبـــل ان تتجسد

رؤية معمارية تُصاغ قبل أن تتجسّد، لتبني استقرارك على أسسٍ من الجودة والإتقان.

تتنوّع المساحات لتبدأ من 37.76 م² حتى 142.22 م²،
بأسعار تبدأ من 370,000  ريال وتصل إلى 970,000 ريال .

عدد الأدوار:  ١٤ دور 
عدد الوحدات :  ١٥٢ وحدة 
مزايا المشروع:
	•مدخل فندقي.
      •دخول ذكي 
	•شقق مكيفة بالكامل.
	•قبو مخصص للمواقف.
	•معارض تجارية.
      •مرافق مشتركة .
	•اتحاد ملاك لمدة 5 سنوات. 

البيع على الخارطة بدء الآن رقم الترخيص 867",26.343057,50.14864,https://images.aqar.fm/webp/750x0/props/046379603_1788361921242.jpg,15.0,مبارك محمد,شركة أملاك القصور,1.0,2026-09-02,2026-09-02,2026-09-25,368,2026-09-27,True,"370,000",False,شقة
6778973,https://sa.aqar.fm/شقق-للبيع/الظهران/حي-هجر/شارع-13أ-حي-هجر-مدينة-الدمام-المنطقة-الشرقية-6778973,"شقة للبيع في شارع 13أ, حي هجر, مدينة الدمام, المنطقة الشرقية",690000,171,6,,,0,حي هجر,الظهران,حي هجر,"شقه دور ثالث 
مجلس ومقلط 
وثلاث غرف نوم وصاله ومطبخ وغرفة غسيل ومستودع 
دخول انتر كم .
موقف خاص
عداد مستقل .
الموقع بجوار مسجد وحديقه",26.371136,50.096544,https://images.aqar.fm/webp/750x0/props/004281388_1784367262006.jpg,1.0,علي سعد فرج الغامدي,مؤسسة سهم التخطيط للتطوير العقاري,1.0,2026-07-18,2026-09-14,2026-09-20,98,2026-09-27,True,"690,000",False,شقة
6775440,https://sa.aqar.fm/شقق-للبيع/الظهران/حي-هجر/شارع-القاسمة-حي-هجر-مدينة-الدمام-المنطقة-الشرقية-6775440,"شقة للبيع في شارع القاسمة, حي هجر, مدينة الدمام, المنطقة الشرقية",510000,110,4,,,0,حي هجر,الظهران,حي هجر,"شقه ملحق مودرن
المبناء على الكود السعودي
توجد كل الضمانات
انشاء
كهرباء وسباكه
موقع ممتاز جدا
غرفتين نوم ومجلس وصاله ومطبخ وسطح
وثلاثة دورات مياه
للتواصل ((الرقم يظهر عند الضغط على اتصال))",26.372409,50.100275,https://images.aqar.fm/webp/750x0/props/026041940_1784127840230.jpg,15.0,علي سعد فرج الغامدي,مؤسسة سهم التخطيط للتطوير العقاري,1.0,2026-07-15,2026-09-11,2026-09-26,247,2026-09-27,True,"510,000",False,شقة
6775424,https://sa.aqar.fm/شقق-للبيع/الظهران/حي-هجر/شارع-13أ-حي-هجر-مدينة-الدمام-المنطقة-الشرقية-6775424,"شقة للبيع في شارع 13أ, حي هجر, مدينة الدمام, المنطقة الشرقية",690000,171,6,0.0,0.0,0,حي هجر,الظهران,حي هجر,شقه تمليك فاخره ومميزه موقع جغرافي مميز عداد مستقل خزان مستقل موقف خاص كذالك حديقه بجانب العقار ومسجد وخدمات وشارع تجاري قريب ومحطه بإنزيم ضمانات ع السباكه والكهربا والهيكل الانشائي الشقه تشطيب فاخر ولمسات مميزه ومساحات مميزه واسعار مناسبه,26.371136,50.096544,https://images.aqar.fm/webp/750x0/props/025468555_1784127516783.jpg,7.0,علي سعد فرج الغامدي,مؤسسة سهم التخطيط للتطوير العقاري,1.0,2026-07-15,2026-09-11,2026-09-24,144,2026-09-27,True,"690,000",False,شقة
6775512,https://sa.aqar.fm/شقق-للبيع/الظهران/حي-هجر/شارع-دبسان-حي-هجر-مدينة-الدمام-المنطقة-الشرقية-6775512,"شقة للبيع في شارع دبسان, حي هجر, مدينة الدمام, المنطقة الشرقية",580000,143,5,,,0,حي هجر,الظهران,حي هجر,"شركة السهم الثاقب للتطوير العقاري تقديم لكم أفخم واجود الديكورات والطشطيب الفاخر 
 مكونات الشقه 
3/ غرف نوم واحدة ماستر 
/  صالة 
/  مجلس 
/  مطبخ 🍔🍔 🍔
٣/ دورات مياه 
/ موقف خاص 
/ خزان مستغل 
/ عداد مستغل 
كل الخدمات متوفرة بجوار مسجد وحديقة 
كل الضمانات متوفرة من سباكه إلى كهرباء",26.370171,50.098442,https://images.aqar.fm/webp/750x0/props/038928786_1784128305230.jpg,13.0,علي سعد فرج الغامدي,مؤسسة سهم التخطيط للتطوير العقاري,1.0,2026-07-15,2026-09-11,2026-09-27,159,2026-09-27,True,"580,000",False,شقة
6700074,https://sa.aqar.fm/شقق-للبيع/الظهران/حي-تهامة/حي-تهامة-مدينة-الدمام-المنطقة-الشرقية-6700074,"شقة للبيع في حي تهامة, مدينة الدمام, المنطقة الشرقية",550000,177,5,0.0,0.0,6,حي تهامة,الظهران,حي تهامة,"شقة للبيع في الدمام حي تهامة 
:محتويات الشقة 
٣غرف نوم 
غرفة خادمة 
صالة 
مطبخ 
مقلط
مجلس 
٤ دورات مياه 
السعر البيع (٥٥٠٠٠٠)",26.356228,50.132167,https://images.aqar.fm/webp/750x0/props/049666582_1778973465073.jpg,20.0,زياد ناصر,شركة انوار المساكن العقاريه,1.0,2026-05-16,2026-09-10,2026-09-25,1269,2026-09-27,True,"550,000",False,شقة
6775491,https://sa.aqar.fm/شقق-للبيع/الظهران/حي-هجر/شارع-القاسمة-حي-هجر-مدينة-الدمام-المنطقة-الشرقية-6775491,"شقة للبيع في شارع القاسمة, حي هجر, مدينة الدمام, المنطقة الشرقية",510000,110,4,0.0,0.0,0,حي هجر,الظهران,حي هجر,"شقه فاخره  مكونه من غرفتين نوم ومجلس وصاله ومطبخ وثلاث دورات مياه مع سطح 
يوجد اصنصير  ومواقف خاصه بالعماره",26.372409,50.100275,https://images.aqar.fm/webp/750x0/props/005254093_1784128998080.jpg,7.0,علي سعد فرج الغامدي,مؤسسة سهم التخطيط للتطوير العقاري,1.0,2026-07-15,2026-09-11,2026-09-23,305,2026-09-27,True,"510,000",False,شقة
6775774,https://sa.aqar.fm/شقق-للبيع/الظهران/حي-هجر/شارع-دبسان-حي-هجر-مدينة-الدمام-المنطقة-الشرقية-6775774,"شقة للبيع في شارع دبسان, حي هجر, مدينة الدمام, المنطقة الشرقية",580000,143,5,0.0,0.0,0,حي هجر,الظهران,حي هجر,"للبيع شقه دور ثالث 
الموقع / حي هجر 
* 🛋️ مجلس + صالة
* 🍳 مطبخ
* 🛏️ 3غرف نوم
* 🚿 3 دورات مياه

* 📐 المساحة: 143م
* 💰 السعر: 580.000
*",26.370171,50.098442,https://images.aqar.fm/webp/750x0/props/007375955_1784137270698.jpg,8.0,علي سعد فرج الغامدي,مؤسسة سهم التخطيط للتطوير العقاري,1.0,2026-07-15,2026-09-12,2026-09-21,108,2026-09-27,True,"580,000",False,شقة
6817975,https://sa.aqar.fm/شقق-للبيع/الظهران/حي-هجر/حي-هجر-مدينة-الدمام-المنطقة-الشرقية-6817975,"شقة للبيع في حي هجر, مدينة الدمام, المنطقة الشرقية",520000,143,6,0.0,0.0,0,حي هجر,الظهران,حي هجر,"🔸للبيع شقق تمليك الدمام حي هجر 🔸

✅تصاميم الشقق مكونه من :مجلس ، مقلط ، صاله ، مطبخ ، 3 غرفه نوم ، غرفه خادمه ، مستودع 

المساحات تبدا من 116 م إلى 172 م 
الأسعار تبدا من 520 الف إلى 700 الف 

للمعانيه 
((الرقم يظهر عند الضغط على اتصال))",26.353454,50.119267,https://images.aqar.fm/webp/750x0/props/015577498_1786521171909.jpg,13.0,سعيد العامري,,,2026-08-12,2026-09-10,2026-09-24,195,2026-09-27,True,"520,000",False,شقة
6798820,https://sa.aqar.fm/شقق-للبيع/الظهران/حي-القصور/شارع-الوادى-حي-القصور-مدينة-الظهران-المنطقة-الشرقية-6798820,"شقة للبيع في شارع الوادى, حي القصور, مدينة الظهران, المنطقة الشرقية",880000,199,3,4.0,1.0,8,حي القصور,الظهران,حي القصور,"للبيع شقة فاخرة رقم C706
 الدور السابع - مجمع ماربيلا - حي القصور  

مكون من : 
شرفة خارجية
مجلس بدورة مياه خاصة 
صالة  
مطبخ راكب
 3 غرف نوم - واحدة منها ماستر بدورة مياه خاصة 
غرفة خادمة بدورة مياه خاصة 
مجموع 4 دورات مياه
المميزات: 
• ⁠موقف خاص 
• ⁠خدمة استقبال وكونسيرج 24 ساعة 
• ⁠خدمات داخل المجمع من سوبرماركت ومطعم ومقهى وبنك  
• ⁠منطقة العاب للاطفال  
• ⁠لاونج خاص بالسكان  
• ⁠نادي رياضي رجالي واخر نسائي
 •قريب من ممشى تلال الظهران 

السعر غير شامل ضريبة التصرفات العقارية والسعي
-
-
-
Luxury Apartment for Sale – Unit D701
7th Floor – Marbella Complex – Al Qusour District

Consists of:
	•	Outdoor balcony
	•	Majlis (guest reception room) with a private bathroom
	•	Living room
	•	Fully installed kitchen
	•	3 bedrooms, including one master bedroom with a private bathroom
	•	Maid’s room with a private bathroom
	•	Total bathrooms: 4

Features:
	•	Private parking space
	•	24-hour reception and concierge service
	•	On-site amenities within the complex including a supermarket, restaurant, café, and bank
	•	Children’s playground area
	•	Residents-only lounge
	•	Separate fitness centers for men and women
	•	Close to Dhahran Hills Walkway

Note:
The price does not include the real estate transaction tax & brokerage commission.",26.338377,50.153093,https://images.aqar.fm/webp/750x0/props/009203526_1772321630427.jpg,26.0,عبدالاءله ابراهيم ناصر بن موسى,,,2026-07-31,2026-07-31,2026-09-23,281,2026-09-27,True,"880,000",False,شقة
6798810,https://sa.aqar.fm/شقق-للبيع/الظهران/حي-القصور/شارع-الوادى-حي-القصور-مدينة-الظهران-المنطقة-الشرقية-6798810,"شقة للبيع في شارع الوادى, حي القصور, مدينة الظهران, المنطقة الشرقية",880000,199,3,4.0,1.0,8,حي القصور,الظهران,حي القصور,"للبيع شقة  فاخرة رقم D701 
 الدور السابع- مجمع ماربيلا - حي القصور 

مكون من :
شرفة خارجية 
مجلس بدورة مياه خاصة
صالة 
مطبخ راكب
3 غرف نوم - واحدة منها ماستر بدورة مياه خاصة
غرفة خادمة بدورة مياه خاصة
مجموع دورات المياه 4 

المميزات:
• ⁠موقف خاص
 • ⁠خدمة استقبال وكونسيرج 24 ساعة
• ⁠خدمات داخل المجمع من سوبرماركت ومطعم ومقهى وبنك  
• ⁠منطقة العاب للاطفال 
• ⁠لاونج خاص بالسكان 
• ⁠نادي رياضي رجالي واخر نسائي
•قريب من ممشى تلال الظهران

 السعر غير شامل ضريبة التصرفات العقارية والسعي
-
-
-
-
Luxury Apartment for Sale – Unit D701
7th Floor – Marbella Complex – Al Qusour District

Consists of:
	•	Outdoor balcony
	•	Majlis (guest reception room) with a private bathroom
	•	Living room
	•	Fully installed kitchen
	•	3 bedrooms, including one master bedroom with a private bathroom
	•	Maid’s room with a private bathroom
	•	Total bathrooms: 4

Features:
	•	Private parking space
	•	24-hour reception and concierge service
	•	On-site amenities within the complex including a supermarket, restaurant, café, and bank
	•	Children’s playground area
	•	Residents-only lounge
	•	Separate fitness centers for men and women
	•	Close to Dhahran Hills Walkway

Note:
The price does not include the real estate transaction tax & brokerage commission.",26.338254,50.15301,https://images.aqar.fm/webp/750x0/props/009203529_1772320517708.jpg,24.0,عبدالاءله ابراهيم ناصر بن موسى,,,2026-07-31,2026-07-31,2026-09-23,755,2026-09-27,True,"880,000",False,شقة
6828705,https://sa.aqar.fm/شقق-للبيع/الظهران/حي-هجر/شارع-13أ-حي-هجر-مدينة-الدمام-المنطقة-الشرقية-6828705,"شقة للبيع في شارع 13أ, حي هجر, مدينة الدمام, المنطقة الشرقية",580000,143,3,3.0,1.0,0,حي هجر,الظهران,حي هجر,"شقة للبيع في حي هجر بالدمام 🏠✨
📍 الموقع:
 الحي: حي هجر
 العمارة: عمارة 60 (واجهة جنوبية غربية)

📐 التفاصيل والمساحة:
 رقم الشقة: 3/3 (الدور الثالث)
 المساحة: 144 م²
 السعر: 580,000 ريال
🏡 المكونات الداخلية:
 مجلس
 صالة واسعة
 مطبخ
 3 غرف نوم
 3 دورات مياه
 بلكونة

📞 لللتواصل والاستفسار:
[((الرقم يظهر عند الضغط على اتصال))]
[((الرقم يظهر عند الضغط على اتصال))]
[((الرقم يظهر عند الضغط على اتصال))]",26.369794,50.097391,https://images.aqar.fm/webp/750x0/props/016168771_1787048509700.jpg,17.0,هنادي بنت سعود بن عبدالله الصالح,شركة كنوز البلد للعقارات,1.0,2026-08-18,2026-08-18,2026-08-30,65,2026-09-27,True,"580,000",False,شقة
6791505,https://sa.aqar.fm/شقق-للبيع/الظهران/حي-القصور/حي-القصور-مدينة-الظهران-المنطقة-الشرقية-6791505,"شقة للبيع في حي القصور, مدينة الظهران, المنطقة الشرقية",640000,159,3,3.0,0.0,0,حي القصور,الظهران,حي القصور,"شقة مميزة في حي القصور بموقع حيوي وقريب من جميع الخدمات مناسبة للسكن العائلي.
المواصفات: 3 غرف نوم - مجلس - صالة - غرفة طعام - مطبخ - 3 دورات مياه - غرفة غسيل )
	•	جميع المكيفات راكبة
	•	زجاج عازل للصوت
المساحات المتوفرة:
	•	142 م²
	•	159 م²
مميزات المشروع:
	•	تشطيبات حديثة
	•	موقع مميز
	•	قريب من الخدمات الرئيسية
	•	تتوفر خيارات بمدخل مشترك (حسب الشقة)
الأسعار تبدأ من 650,000 ريال
📞 للتواصل والاستفسار ((الرقم يظهر عند الضغط على اتصال))
رخصة فال: 1100284538",26.349415,50.142013,https://images.aqar.fm/webp/750x0/props/046057766_1789736094650.jpg,8.0,معاذ جمال بن ابراهيم الناجم,مكتب معاذ جمال الناجم للعقارات,1.0,2026-07-26,2026-08-24,2026-09-23,780,2026-09-27,True,"640,000",False,شقة
6760116,https://sa.aqar.fm/شقق-للبيع/الظهران/حي-القصور/شارع-جبل-شهلان-حي-القصور-مدينة-الظهران-المنطقة-الشرقية-6760116,"شقة للبيع في شارع جبل شهلان, حي القصور, مدينة الظهران, المنطقة الشرقية",930000,182,3,3.0,1.0,0,حي القصور,الظهران,حي القصور,"حي القصور – الظهران
✨ تملك أو استثمر في أحد أرقى أحياء الظهران، حيث يجتمع الموقع الحيوي مع جودة التخطيط والقيمة الاستثمارية.
مشروع سكني مميز في حي القصور، يتمتع بموقع استراتيجي على شارع تجاري حيوي، وقريب من جميع الخدمات والمرافق،

🏠 تفاصيل الوحدة
🛏️ غرفة نوم رئيسية مع دورة مياة خاصة
🛏️ 2 غرفة نوم
🛋️ صالة معيشة واسعة مطلة
🪑 مجلس إستقبال
🚿 3 دورات مياه
🍽️ مطبخ
🧺 منطقة غسيل
👩‍🍳 غرفة عاملة

✨ مميزات المشروع
🛗 مصاعد حديثة | 📹 كاميرات مراقبة | 🎨 تشطيبات راقية
⚡ عدادات كهرباء مستقلة | 💧 خزانات مستقلة | 🚗 مواقف خاصة
🏨 مدخل فندقي

🪑 مجلس استقبال راقي
🧸 منطقة مخصصة لألعاب الأطفال
🏋️ نادي رياضي للرجال
🏋️‍♀️ نادي رياضي للنساء
🌿 مسطحات خضراء
🔐 دخول ذكي

📐 النماذج والمساحات
- النماذج والأسعار 
نموذج (A) 185.45م - 975,000 ريال 
نموذج (B) 182.55م - 930,000 ربال  
نموذج (C) 182.55م - 930,000 ريال 
نموذج (D) 185.45م - 975,000 ريال
نموذج (E) 180.05م - 975,000 ريال
نموذج (F) 179.20م- 930,000 ريال 
نموذج (G) 179.20م - 930,000 ريال 
نموذج (H) 180.05م - 975,000 ريال
نموذج (I) 205.55م - 1,450,000 ريال  
نموذج (J) 166.4م - 1,350,000 ريال (روف)
نموذج (K) 166.40م - 1,350,000 ريال (روف)
نموذج (M) 171.85م - 1,250,000 ريال (روف)
نموذج (N) 171.85م - 1,250,000 ريال (روف)

للاطلاع على باقي النماذج والاسعار تواصل معنا


📜 ضمانات المشروع
🏡 2 سنة — سمارت هوم
🔧 25 سنة — الأفياش والمفاتيح
🏗️ 10 سنوات — الهيكل الإنشائي
⚡ 5 سنوات — الكهرباء
🚿 5 سنوات — السباكة
🧱 5 سنوات — العزل
💡 3 سنوات — الإنارة
🛡️ 1 سنة — ضمان شامل

للتواصل : ايمان العتيبي : ((الرقم يظهر عند الضغط على اتصال))",26.351498,50.140221,https://images.aqar.fm/webp/750x0/props/052201227_1783238107603.jpg,6.0,ايمان الوقداني,,,2026-07-05,2026-09-01,2026-09-25,533,2026-09-27,True,"930,000",False,شقة
6697319,https://sa.aqar.fm/شقق-للبيع/الظهران/حي-هجر/حي-هجر-مدينة-الدمام-المنطقة-الشرقية-6697319,"شقة للبيع في حي هجر, مدينة الدمام, المنطقة الشرقية",400000,166,4,2.0,1.0,11,حي هجر,الظهران,حي هجر,"إعلان شقة للبيع بسعر مغري قابل للتفاوض

شقة مميزة للبيع في موقع هادئ ومناسب للسكن أو الاستثمار ✨

تتكون من:

* ٣ غرف نوم
* ٣ دورات مياه
* صالة واسعة
* مجلس
* مقلط
* مطبخ
* مخزن

المميزات:

* مدخلين مستقلين (مدخل رجال ومدخل حريم)
* تقع في الطابق الثالث
* يوجد مصعد (أصنصير)

مناسبة للسكن العائلي أو للاستثمار بعائد سنوي ممتاز.",26.372176,50.103875,https://images.aqar.fm/webp/750x0/props/001186782_1778771040551.jpg,12.0,احمد بن حسن بن محمد عسكر,شركة أملاك وأصول الدولية,1.0,2026-05-14,2026-05-14,2026-08-16,1774,2026-09-27,True,"400,000",False,شقة
6889505,https://sa.aqar.fm/شقق-للبيع/الظهران/حي-القصور/حي-القصور-مدينة-الظهران-المنطقة-الشرقية-6889505,"شقة للبيع في حي القصور, مدينة الظهران, المنطقة الشرقية",640000,159,5,3.0,1.0,0,حي القصور,الظهران,حي القصور,"� شقق سكنية – مشروع المار بدون سعي مباشر للمالك
📌 حي القصور – الظهران

✨ متاح الحجز الآن
📐 المساحات تبدأ من 160م²
🏘️ تتوفر:
(شقق – ملاحق – شقق دوبلكس)

💰 الأسعار تبدأ من 690,000 ريال

🔹 مواصفات الشقق:
• مجلس
• مقلط
• صالة
• 3 غرف نوم
• غرفة ماستر
• 3 دورات مياه
• مطبخ
• مكيفات راكبة

🔹 مميزات المشروع:
✅ تشطيبات عالية الجودة
✅ إشراف هندسي كامل على الهيكل والتشطيب
✅ ضمانات شاملة",26.34966,50.141855,https://images.aqar.fm/webp/750x0/props/030691691_1770489289431.jpg,12.0,سعيد العتيبي,,,2026-09-23,2026-09-23,2026-09-26,25,2026-09-27,True,"640,000",False,شقة
6773994,https://sa.aqar.fm/شقق-للبيع/الظهران/حي-القصور/شارع-1-القصور-حي-القصور-مدينة-الظهران-المنطقة-الشرقية-6773994,"شقة للبيع في شارع 1 القصور, حي القصور, مدينة الظهران, المنطقة الشرقية",640000,159,4,3.0,1.0,0,حي القصور,الظهران,حي القصور,"� امتلك شقتك الجديدة في حي القصور الآن! 🔥

🏡 شقق تمليك بتصميم عصري وتشطيبات مميزة
فرصة رائعة للسكن والاستثمار في موقع مميز، بمساحات مدروسة تناسب احتياجات العائلة.

✨ مميزات الشقق:
🔹 مجلس + مقلط
🔹 3 غرف نوم مريحة
🔹 صالة واسعة بإضاءة وتهوية ممتازة
🔹 مطبخ عملي
🔹 3 دورات مياه
🔹 غرفة غسيل

🏗️ جودة بناء موثوقة:
✅ مبنية وفق الكود السعودي
✅ ضمانات من التعاونية تصل إلى 25 سنة
✅ مصعدان لخدمة السكان وراحة أكبر

📐 مساحات متنوعة: من 145م² إلى 160م²
💰 أسعار تبدأ من 640 ألف وتصل إلى 870 ألف ريال

⭐ لا تفوّت فرصة تملك شقتك في حي القصور
📲 تواصل الآن واحجز موعد المعاينة قبل اكتمال الوحدات المتاحة",26.348419,50.142939,https://images.aqar.fm/webp/750x0/props/020008448_1784051115661.jpg,25.0,محمد عبدالله بن محمد آل الحارث,,,2026-07-14,2026-09-11,2026-09-25,1478,2026-09-27,True,"640,000",False,شقة
6644277,https://sa.aqar.fm/شقق-للبيع/الظهران/حي-القصور/حي-القصور-مدينة-الظهران-المنطقة-الشرقية-6644277,"شقة للبيع في حي القصور, مدينة الظهران, المنطقة الشرقية",640000,156,5,0.0,0.0,0,حي القصور,الظهران,حي القصور,"شقق للبيع – مشروع إلمار حي القصور – الظهران
📍 الآن الحجز مفتوح و البيع بدون سعي 🔥 

تتوفر:
شقق
ملاحق
وشقة دوبلكس

المساحات تبدأ من 160م²
الأسعار تبدأ من 690 ألف

تفاصيل الشقق:
مجلس
صالة طعام 
صالة
3 غرف نوم، منها غرفة ماستر
3 دورات مياه
مكيفات راكبة

المميزات:
تشطيبات عالية الجودة
ضمانات هندسية كاملة على الهيكل والتشطيبات

للتواصل 0566447232",26.349677,50.141874,https://images.aqar.fm/webp/750x0/props/005767238_1775497217712.jpg,10.0,ناصر صالح بن علي آل الحارث,,,2026-04-06,2026-08-30,2026-09-08,1135,2026-09-27,True,"640,000",False,شقة
6881007,https://sa.aqar.fm/شقق-للبيع/الظهران/حي-القصور/شارع-الوادى-حي-القصور-مدينة-الظهران-المنطقة-الشرقية-6881007,"شقة للبيع في شارع الوادى, حي القصور, مدينة الظهران, المنطقة الشرقية",1200000,302,2,0.0,0.0,6,حي القصور,الظهران,حي القصور,$5f,26.338479,50.152983,https://images.aqar.fm/webp/750x0/props/004783302_1789752644310.jpg,25.0,خالد محمد عبدالغفور الشيخ,مؤسسة خالد محمد عبدالغفور الشيخ للخدمات العقارية,1.0,2026-09-18,2026-09-18,2026-09-18,30,2026-09-27,True,"1,200,000",False,شقة
6755651,https://sa.aqar.fm/شقق-للبيع/الظهران/حي-القصور/حي-القصور-مدينة-الظهران-المنطقة-الشرقية-6755651,"شقة للبيع في حي القصور, مدينة الظهران, المنطقة الشرقية",640000,159,5,0.0,0.0,0,حي القصور,الظهران,حي القصور,📍 شقق - مشروع “إلمار حي القصور - الظهران ”  ✨ – والآن الحجز مفتوح! المساحة من 145 الى 160 🪟 متوفر شقق و ملاحق ، و شقة دبلكسية ،   💸 الأسعار تبدأ من: 640 الف   📐 تصاميم الشقق: مكونة من مجلس و مقلط و صالة و 3 غرف نوم منهم غرفة ماستر و 3 دورات مياه + مكيفات راكبة   ✅ تشطيبات عالية الجودة ✅ ضمانات هندسية كاملة على الهيكل والتشطيبات,26.349658,50.141879,https://images.aqar.fm/webp/750x0/props/010849468_1782925393272.jpg,8.0,هياء بنت عبدالله ابن مسفر الخثعمي,,,2026-07-01,2026-08-29,2026-09-22,685,2026-09-27,True,"640,000",False,شقة
6750295,https://sa.aqar.fm/شقق-للبيع/الظهران/حي-هجر/شارع-11ب-حي-هجر-مدينة-الدمام-المنطقة-الشرقية-6750295,"شقة للبيع في شارع 11ب, حي هجر, مدينة الدمام, المنطقة الشرقية",480000,155,3,5.0,2.0,9,حي هجر,الظهران,حي هجر,"شقة مميزة للبيع | حي هجر، الظهران | Apartment for Sale ✨
📐 المساحة (Area):
 المساحة في الصك: 153م | الفعلي: 168م (مع المجلس).
 Title Deed Area: 153m² | Actual Area: 168m² (including Majlis).
🚪 تفاصيل الشقة / Apartment Details:
 الشقة تتميز بـ مدخلين | 2 Entrances.
 مجلس ضيوف مع دورة مياه | Guest Majlis with Bathroom.
 مقلط + صالة واسعة | Dining room + Spacious Living room.
 مطبخ راكب | Fully installed Kitchen.
 3 غرف نوم (منها 1 غرف ماستر + غرفتين بينهم دورة مياه).
 3 Bedrooms (1 Master + 2 Bedrooms with a shared Bathroom).
 مستودع | Storage room.
✨ المميزات والإضافات / Extra Features:
 7 مكيفات راكبة | 7 AC units installed.
📍 الموقع (Location):
 الظهران - حي هجر | Dhahran - Hajar District.
💰 السعر والرسوم / Price & Fees:
 سعر البيع (Price): 480,000 SAR.
 السعي (Brokerage Fee): 12,000 SAR.
🔴للتواصل ((الرقم يظهر عند الضغط على اتصال))",26.367578,50.103077,https://images.aqar.fm/webp/750x0/props/009238529_1782591155065.jpg,11.0,مساعد مشعل محمد البريه,,,2026-06-27,2026-09-23,2026-09-23,876,2026-09-27,True,"480,000",False,شقة
6567801,https://sa.aqar.fm/شقق-للبيع/الظهران/حي-القصور/شارع-الوادى-حي-القصور-مدينة-الظهران-المنطقة-الشرقية-6567801,"شقة للبيع في شارع الوادى, حي القصور, مدينة الظهران, المنطقة الشرقية",1049000,278,3,4.0,2.0,11,حي القصور,الظهران,حي القصور,"للبيع | شقة دبلكس مميزة في مجمع ماربيلا – حي القصور، الظهران

افضل سعر شقة دبلكس بالكمباوند

الصك مرهون لبنك الجزيرة 

📍 الموقع:
الظهران – حي القصور
مجمع ماربيلا السكني
واجهة شرقية على ساحة داخلية هادئة

🏢 المواصفات:
تقع في الدور الأول
المساحة: 278 م²

💼 فرصة استثمارية مميزة:
مناسبة للتأجير السنوي
مناسبة للتأجير قصير الأمد (مبات، بوكينج، Airbnb وغيرها)

🛋 تفاصيل الشقة:

الدور الأرضي:
مجلس ضيوف مع دورة مياه
صالة عائلية مع دورة مياه
غرفة طعام
مطبخ راكب (كافكو)
غسالة صحون مدمجة
مروحة تهوية للفرن

الدور العلوي:
صالة عائلية
غرفتا نوم أطفال مع دورة مياه مشتركة
غرفة نوم رئيسية مع بلكونة، غرفة ملابس، ودورة مياه
غرفة خادمة مع دورة مياه

❄ التكييف:
تكييف مركزي كامل
سبليت للمطبخ، غرف الأطفال، وغرفة الخادمة

🏡 خدمات ومرافق المجمع:
حديقة داخلية
منطقة ألعاب أطفال
حضانة أطفال (بالاشتراك)
موقف خاص لكل شقة
مقهى
مجلس ضيوف
مكتبة للقراءة
سوبرماركت
مغسلة ملابس (الجبر)
محل زهور وتغليف هدايا
صالون تجميل نسائي

نادي صحي متكامل
(صالة رياضية – بخار – ساونا – مسبح – جاكوزي)
إمكانية الحجز العائلي أو الاستخدام المشترك

ℹ️ ملاحظات:
السعر غير شامل العمولة
السعر غير شامل ضريبة التصرفات العقارية",26.338479,50.152983,https://images.aqar.fm/webp/750x0/props/000986359_1745153786440.jpg,28.0,جاسم عبدرب النبي بن جاسم المزعل السيهاتي,مؤسسة دانة الخير العقارية,1.0,2026-01-29,2026-06-24,2026-09-24,1252,2026-09-27,True,"1,049,000",False,شقة
6820109,https://sa.aqar.fm/شقق-للبيع/الظهران/حي-هجر/حي-هجر-مدينة-الدمام-المنطقة-الشرقية-6820109,"شقة للبيع في حي هجر, مدينة الدمام, المنطقة الشرقية",600000,143,4,,,0,حي هجر,الظهران,حي هجر,"🏡 وحدة سكنية للبيع – حي هجر، الدمام

📍 الموقع: حي هجر – الدمام
📐 المساحة: 144 م²
💰 السعر: 600,000 ريال

التفاصيل:

🛋️ مجلس
🛋️ صالة
🍳 مطبخ
🛏️ 3 غرف نوم
🚿 3 دورات مياه
🌿 بلكونة
🚗 مواقف سيارات
⚡ عداد كهرباء مستقل
🚪 مدخلان منفصلان

رقم الموظف 1101",26.368298,50.121847,https://images.aqar.fm/webp/750x0/props/054424774_1787230682960.png,6.0,يوسف بن سامى بن عادل فيصل,شركة حلم المسكن العقارية,1.0,2026-08-13,2026-09-11,2026-09-22,562,2026-09-27,True,"600,000",False,شقة
6703140,https://sa.aqar.fm/شقق-للبيع/الظهران/حي-تهامة/شارع-الامير-محمد-بن-فهد-حي-تهامة-مدينة-الدمام-المنطقة-الشرقية-6703140,"شقة للبيع في شارع الامير محمد بن فهد, حي تهامة, مدينة الدمام, المنطقة الشرقية",550000,177,3,0.0,0.0,7,حي تهامة,الظهران,حي تهامة,"شقه للبيع حي تهامه بالظهران 
تطل مباشره على قصر الخليج حي محمد بن فهد 
المساحه 177م٢ 
عباره عن 3 غرف نوم وأربع حمامات 
غرفه خادمه وغرفه غسيل مع حمام 
مطبخ راكب وصاله 
مجلس و مقلط 
الشقه لها مدخلين 
مكيفات سبّلت راكبه
موقف خاص للشقه اسفل العماره 
السعر 550 ألف 
للمفاهمه جوال ابو معاذ 0550553681",26.356044,50.133093,https://images.aqar.fm/webp/750x0/props/032599557_1779138328355.jpg,2.0,معاذ عبدالرحمن بن هزيم الرويلي,,,2026-05-18,2026-09-13,2026-09-26,662,2026-09-27,True,"550,000",False,شقة
6812752,https://sa.aqar.fm/شقق-للبيع/الظهران/حي-هجر/شارع-الساحل-حي-هجر-مدينة-الدمام-المنطقة-الشرقية-6812752,"شقة للبيع في شارع الساحل, حي هجر, مدينة الدمام, المنطقة الشرقية",850000,204,5,,,11,حي هجر,الظهران,حي هجر,"للبيع شقة سكنية 
الدور الاول 
مدخل واحد 
مجلس وغرفة طعام 
صالة 
٣ غرف نوم 
غرفة عاملة منزلية مع حمام خاص 
مطبخ راكب 
مكيفات مركزية 
مؤثثة بالكامل",26.370225,50.124488,,,عبدالرحمن بن عبدالله بن فالح القحطاني,,,2026-08-09,2026-09-07,2026-09-18,388,2026-09-27,True,"850,000",False,شقة
6824405,https://sa.aqar.fm/شقق-للبيع/الظهران/حي-هجر/شارع-13أ-حي-هجر-مدينة-الدمام-المنطقة-الشرقية-6824405,"شقة للبيع في شارع 13أ, حي هجر, مدينة الدمام, المنطقة الشرقية",580,143,5,,,0,حي هجر,الظهران,حي هجر,"شقق تمليك 
تبدا الأسعار من ٥٨٠ الف
 الموقع حي هجر 
تتكون من
٣غرف
وصاله مع بلكونه
ومجلس
٣ دورة مياه
ومطبخ",26.369627,50.097593,https://images.aqar.fm/webp/750x0/props/052116382_1786823520725.jpg,6.0,عيسى بن سعيد بن محمد الفضلي,,,2026-08-15,2026-08-15,2026-09-26,165,2026-09-27,True,580,False,شقة
6840866,https://sa.aqar.fm/شقق-للبيع/الظهران/حي-تهامة/شارع-طريق-الامير-محمد-بن-فهد-حي-تهامة-مدينة-الدمام-المنطقة-الشرقية-6840866,"شقة للبيع في شارع طريق الامير محمد بن فهد, حي تهامة, مدينة الدمام, المنطقة الشرقية",660000,177,3,4.0,2.0,7,حي تهامة,الظهران,حي تهامة,"🏡 شقة للبيع – الدمام | حي تهامة
 فرصة مميزة للامتلاك او الاستثمار شقة واسعة ومناسبة للعائلات 
الدور الأول وبموقع مميز في حي تهامة بالدمام ✨

الوصف :
  مدخلين
🛏️ 3 غرف نوم
👩🏻‍🍳 غرفة خادمة
🛋️ صالة
🍽️ مقلط
🏠 مجلس
🚿 4 دورات مياه

✨ فرصة استثمارية جاهزة
الشقة مؤجرة حاليًا بمبلغ 25,000 ريال سنويًا، مما يجعلها خيارًا مناسبًا لمن يبحث عن عقار استثماري بدخل إيجاري  قائم.

للتواصل والاستفسار : ع الجوال الموجود واتساب",26.356154,50.132474,https://images.aqar.fm/webp/750x0/props/050866262_1787665643229.jpg,12.0,آلاء محمد,,,2026-08-25,2026-09-23,2026-09-25,121,2026-09-27,True,"660,000",False,شقة
6713078,https://sa.aqar.fm/شقق-للبيع/الظهران/حي-القصور/شارع-5396471-حي-القصور-مدينة-الظهران-المنطقة-الشرقية-6713078,"شقة للبيع في شارع 5396471, حي القصور, مدينة الظهران, المنطقة الشرقية",1020000,218,3,5.0,3.0,9,حي القصور,الظهران,حي القصور,"معروض شقة دبلوكس (من دورين) في مجمع سكني فاخر، يوجد لديه خدمات ممتازة من ساحة للعب الأطفال مع صالة رياضية و سباحة و كذلك استقبال فندقي من موظف عند استقبال المجمع
مع كاميرات للرقابة و الأمن و بهو مميز و كذلك غرفة
القراءة و غرفة إضافية للضيوف و مصلى داخل المجمع.
الوحدة السكنية مكيفة بالكامل مع تركيب المطبخ و الستائر
كما توجد غرفة خاصة للعاملة المنزلية مع دورية مياه
خاصة بها في الظهران حي القصور بجانب سوبرماركت التميمي و كذلك المزرعة بالقرب  من شركة ارمكو و إثراء على طريق الظهران 


الشقة تتكون من دورين و هي عبارة عن:
➖ *مدخل* 
➖ *مجلس و مقلط*
➖ *3 غرفة نوم ( منه غرفة ماستر)*
➖ *غرفة عاملة منزلية مع دورة مياه منفصلة*  
➖ *صالة كبيرة*
➖ *4 دورات مياه*


قيمة البيع مليون و عشرين ألف ريال سعودي",26.34915,50.152523,https://images.aqar.fm/webp/750x0/props/016412598_1780160684363.jpg,30.0,حاتم بن علي بن عبدالعزيز العزمان,,,2026-05-30,2026-06-28,2026-09-06,2934,2026-09-27,True,"1,020,000",False,شقة
6653483,https://sa.aqar.fm/شقق-للبيع/الظهران/حي-الجامعة/شارع-20ب-حي-الجامعة-مدينة-الظهران-المنطقة-الشرقية-6653483,"شقة للبيع في شارع 20ب, حي الجامعة, مدينة الظهران, المنطقة الشرقية",470000,136,4,0.0,0.0,9,حي الجامعة,الظهران,حي الجامعة,حي الجامعة مقابل اثراء  خلف مسجد هيلة بنت احمد  من جهة الشرق,26.336912,50.130501,,,وليد بن عبدالله بن محمد الدبيخي,,,2026-04-13,2026-09-05,2026-09-26,2033,2026-09-27,True,"470,000",False,شقة
6872294,https://sa.aqar.fm/شقق-للبيع/الظهران/حي-القصور/حي-القصور-مدينة-الظهران-المنطقة-الشرقية-6872294,"شقة للبيع في حي القصور, مدينة الظهران, المنطقة الشرقية",940000,358,8,5.0,1.0,0,حي القصور,الظهران,حي القصور,"🏠 شقة دبلكس للبيع | القصور
🔥 فرصة استثمارية ذهبية
📐 المساحة: 338 م²
💰 السعر: 950,000 ريال
❄️ التجهيز: مكيفة + مطبخ مجهز
📑 مواصفات كل دور
🚪 المدخل: مدخلان لكل دور
🛋️ المجلس: مجلس لكل دور
🛏️ الغرف: 3 غرف (2 منها ماستر)
🍳 المطبخ: مطبخ مركب بأجهزته
🧹 الخدمات: غرفة خادمة
📈 الخيار الاستثماري:
💵 العائد: 45 - 50 ألف/شقة
📊 نسبة العائد: 9.4% - 10.5%
🔄 الفصل: قابل للتقسيم إلى شقتين
🪜 الدرج: يتحول لصالتين 🛋️
📞 للتواصل: تجدون الرقم في الاسفل ايقونة الاتصال",26.351229,50.140848,https://images.aqar.fm/webp/750x0/props/055393095_1789307018622.jpg,16.0,عبدالعزيز سعيد,,,2026-09-13,2026-09-13,2026-09-24,209,2026-09-27,True,"940,000",False,شقة
6741758,https://sa.aqar.fm/شقق-للبيع/الظهران/حي-القصور/شارع-14أ-حي-القصور-مدينة-الظهران-المنطقة-الشرقية-6741758,"شقة للبيع في شارع 14أ, حي القصور, مدينة الظهران, المنطقة الشرقية",500000,146,5,,,8,حي القصور,الظهران,حي القصور,$5d,26.343532,50.149759,,,ابراهيم عبدالعزيز ابراهيم العثمان,مؤسسة ابراهيم عبدالعزيز العثمان,1.0,2026-06-21,2026-09-16,2026-09-16,1298,2026-09-27,True,"500,000",False,شقة
6828954,https://sa.aqar.fm/شقق-للبيع/الظهران/حي-هجر/حي-هجر-مدينة-الدمام-المنطقة-الشرقية-6828954,"شقة للبيع في حي هجر, مدينة الدمام, المنطقة الشرقية",450000,166,3,0.0,0.0,11,حي هجر,الظهران,حي هجر,"لللبيع 

7100278735

للبيع شقه مستخدمه نظيفه في حي هجر الدمام
العمر 14 سنه
الدور الثالث
عباره عن
3 غرف نوم 3 حمامات مطبخ مخزن مجلس مقلط صاله
مدخلين مدخل حريم ومدخل رجال
💎 يوجد مصعد
💎 يوجد مطبخ راكب
💎 مؤجوه في الوقت الحالي
💎 مؤجره 27 الف
💎 يقبل جميع البنوك
✅ سعر البيع 450 الف حد

✅ للمعاينه التواصل واتس/((الرقم يظهر عند الضغط على اتصال))

✅ للتفاصيل وطلب المعاينه التواصل مع ام لين واتس/((الرقم يظهر عند الضغط على اتصال))",26.372176,50.103875,https://images.aqar.fm/webp/750x0/props/017198092_1787057441466.jpg,1.0,اسماء محمد,,0.0,2026-08-18,2026-09-16,2026-09-25,414,2026-09-27,True,"450,000",False,شقة
6848259,https://sa.aqar.fm/شقق-للبيع/الظهران/حي-هجر/شارع-حجلان-حي-هجر-مدينة-الدمام-المنطقة-الشرقية-6848259,"شقة للبيع في شارع حجلان, حي هجر, مدينة الدمام, المنطقة الشرقية",680000,183,6,3.0,1.0,0,حي هجر,الظهران,حي هجر,"السلام عليكم ورحمة الله وبركاته
شقق للبيع فاخرة تشطيب ممتاز بناء شخصي
أمام جامع وخلف المبنى طريق حيوي يربط بين طريق الجبيل وارامكو واثراء
تتكون كل شقه من ٣ غرف نوم ( غرفه نوم ماستر )
مجلس – مقلط – مطبخ مفتوح – صاله ببلكونه تطل على جهة الشمال ( شارع عرض 16 متر )  – غرفة غسيل - مدخلين
جميع الضمانات موجوده وعلى الكود السعودي - تأمين ملاذ للعيوب الخفيه
لكل شقة خزانين ومضختين ماء وعداد كهرباء وماء خاص
لكل شقه موقف خاص مظلل
لكل شقه نظام انتركوم بشاشه مستقله
يوجد نظام مراقبة للدور الارضي وتغطي المواقف كامله والمدخل والمخرج
يوجد تمديد لكل شقة لنظام التكييف من نوع مولر الامريكي
يوجد شبك لتغطية المنور ويمنع دخول الطيور ويسمح بالتهوية وضوء الشمس
المساحات بدون الخدمات المشتركه ( المصعد – الدرج – المنور ) الشقه 183 متر مربع السعر 680 الف 
 الروف  (ملحق ) بالسطح الخاص به 228 متر مربع السعر 720 الف",26.362293,50.103151,,,احمد بن علي,,,2026-08-30,2026-08-30,2026-09-26,151,2026-09-27,True,"680,000",False,شقة
6817926,https://sa.aqar.fm/شقق-للبيع/الظهران/حي-هجر/شارع-حليمه-السعديه-حي-هجر-مدينة-الدمام-المنطقة-الشرقية-6817926,"شقة للبيع في شارع حليمه السعديه, حي هجر, مدينة الدمام, المنطقة الشرقية",660000,152,5,3.0,1.0,0,حي هجر,الظهران,حي هجر,"شقق تمليك حى هجر 
موقع ممتاز متوفر جميع الادور
مساحات كبيره متوفر شقق ارضيه

 تشططب ممتاز 
جميع الضمات",26.372253,50.105153,https://images.aqar.fm/webp/750x0/props/018068233_1788962815208.jpg,1.0,مبارك بن عوض,,,2026-08-12,2026-08-12,2026-09-22,363,2026-09-27,True,"660,000",False,شقة
6782416,https://sa.aqar.fm/شقق-للبيع/الظهران/حي-هجر/حي-هجر-مدينة-الدمام-المنطقة-الشرقية-6782416,"شقة للبيع في حي هجر, مدينة الدمام, المنطقة الشرقية",550000,178,5,3.0,1.0,3,حي هجر,الظهران,حي هجر,"للبيع شقه مميزه موقع مميز 
حي هجر
مجلس، غرفة طعام ،ثلاث نوم،3دورات مياه،مخزن
مدخلين لشقه ، دور ثاتي 
العماره 7شقق فقط
كل دور شقتين
الدور الثاني 
مكتب محمد العجمي العقاري
((الرقم يظهر عند الضغط على اتصال))
الظهران",26.371808,50.104177,,,محمد شبيب احسن العجمي,مؤسسة مكتب محمد شبيب احسن العجمي العقاري,1.0,2026-07-20,2026-09-16,2026-09-16,435,2026-09-27,True,"550,000",False,شقة
6819949,https://sa.aqar.fm/شقق-للبيع/الظهران/حي-تهامة/شارع-2أ-حي-تهامة-الظهران-الدمام-6819949,شقة للبيع في شارع 2أ ، حي تهامة ، الظهران ، الدمام,660,177,4,4.0,1.0,7,حي تهامة,الظهران,حي تهامة,"الشقه مكونه من 3 غرف نوم وغرفه خدامه وأربع دورة مياه
وصاله ومقلط ومجالس ومطبخ ومدخلين",26.356676,50.130772,https://images.aqar.fm/webp/750x0/props/032858910_1786598761988.jpg,8.0,احمد بن محمد بن عبدالرحمن العيد,,,2026-08-13,,2026-08-13,30,2026-09-27,False,طلب تسويق,False,شقة
6689481,https://sa.aqar.fm/شقق-للبيع/الظهران/حي-تهامة/شارع-الامير-محمد-بن-فهد-حي-تهامة-مدينة-الدمام-المنطقة-الشرقية-6689481,"شقة للبيع في شارع الامير محمد بن فهد, حي تهامة, مدينة الدمام, المنطقة الشرقية",660000,177,3,4.0,2.0,5,حي تهامة,الظهران,حي تهامة,"🏠 شقة حي تهامة  🏠

 
- غرفة ماستر 
- غرفتين فردية    
- صالة
- مجلس 
- مطبخ  
- 
🏠 مميزات الشقة 🏠

- موقف خاص 
- بالقرب من خدمات 

التواصل مباشرة قسم المبيعات 

حسام : 0546928988",26.35658,50.132551,https://images.aqar.fm/webp/750x0/props/050835933_1778353011397.jpg,8.0,نبيل جابر,مؤسسة إسناد الإتقان,1.0,2026-05-09,2026-09-03,2026-09-25,879,2026-09-27,True,"660,000",False,شقة
6875902,https://sa.aqar.fm/شقق-للبيع/الظهران/حي-الدوحة-الجنوبية/شارع-الظواهري-حي-الدوحة-الجنوبية-مدينة-الظهران-المنطقة-الشرقية-6875902,"شقة للبيع في شارع الظواهري, حي الدوحة الجنوبية, مدينة الظهران, المنطقة الشرقية",900000,194,5,3.0,1.0,9,حي الدوحة الجنوبية,الظهران,حي الدوحة الجنوبية,"فرصة للبيع شقة في موقع متميز وتشطيبات مضمونة وشخصية :

الدور الثالث


مواصفات الشقة الفاخرة :

💎 للبيع: شقة فاخرة وجاهزة للسكن بإطلالة مميزة في حي البحر 💎
فرصة تملك شقة فاخرة ومجهزة بالتكيف ، بموقع حيوي وجداً ممتاز! كل ما عليك هو إحضار أثاثك .

✨ مواصفات الشقة ✨
الموقع: حي الثرياء الظهران .
الميزة: موقع جداً ممتاز وله مستقبل 
بجانب الافنيوز مول 
قريب من ملعب أرامكو 
قريب من الظهران 
التجهيز: مكيفات راكبة ومطبخ راكب جاهز للاستخدام.

🏡 تقسيمات الشقة 🏡
المكون:
غرف النوم 🛏️ 4 غرف نوم، منها غرفة ماستر رئيسية، وغرفتين بحمام مشترك.
الضيوف 🪑 مجلس واسع مع حمام خاص للضيوف.
المعيشة 📺 صالة معيشة مريحة.
الخدمات  :
غرفة خادمة مزودة بحمام خاص.
غرفة سائق 
موقف خاص 

تشطيبات شخصية :
سراميك اسباني كامل الشقة
جميع الشقة جبس 
العزل 4 طبقات امريكي
جدران دورات المياه والمطابخ معزولة عزل ماء 
مكيفات جديدة 
المطابخ من الرشيد 
جميع المواد المستخدمة في التشطيبه معتمده من سابك وارامكو 
 والشقة من الخاج معزولة من الحرارة طابوق احمر

تسعدنا خدمتكم ..
السعر النهائي ٩٠٠ الف ريال",26.327197,50.174609,https://images.aqar.fm/webp/750x0/props/043391448_1789481661878.jpg,1.0,احمد بن محمد,شركة سمة المتحدة العقارية,1.0,2026-09-15,2026-09-15,2026-09-27,183,2026-09-27,True,"900,000",False,شقة
6791556,https://sa.aqar.fm/شقق-للبيع/الظهران/حي-القصور/شارع-جبل-شهلان-حي-القصور-مدينة-الظهران-المنطقة-الشرقية-6791556,"شقة للبيع في شارع جبل شهلان, حي القصور, مدينة الظهران, المنطقة الشرقية",1250000,171,3,0.0,0.0,0,حي القصور,الظهران,حي القصور,"🏡 امتلك منزلك في حي القصور – الظهران ✨

وحدات سكنية مميزة من تنفيذ شركة المنفذون، في موقع استراتيجي بالقرب من أرامكو السعودية ومركز الملك عبدالعزيز الثقافي العالمي (إثراء)، لتمنحك أسلوب حياة يجمع بين الراحة والرفاهية.

مواصفات الوحدة:
✅ غرفتا نوم
✅ مجلس
✅ صالة واسعة
✅ مطبخ
✅ مدخلان مستقلان
✅ غرفة عاملة
✅ 4 دورات مياه
✅ سطح خاص

مرافق المشروع:
🏋️‍♂️ نادي رياضي للرجال
🏋️‍♀️ نادي رياضي للسيدات
🛝 منطقة ألعاب للأطفال
🛋️ مجلس مخصص للسكان والضيوف

مزايا إضافية:
✔ موقع مميز بالقرب من أرامكو وإثراء
✔ تشطيبات عصرية وجودة تنفيذ عالية
✔ ضمان على الهيكل الإنشائي لمدة 10 سنوات
✔ تصميم يوفر الخصوصية والراحة لجميع أفراد الأسرة

📞 احجز موعدك الآن، واكتشف منزلًا يجمع بين جودة البناء، وروعة الموقع، وتكامل المرافق.
((الرقم يظهر عند الضغط على اتصال))",26.351384,50.14018,https://images.aqar.fm/webp/750x0/props/017153399_1785087025985.jpg,5.0,صلاح بن عبدالله,مكتب المنفذون الوسطاء للخدمات العقارية,1.0,2026-07-26,2026-09-23,2026-09-23,673,2026-09-27,True,"1,250,000",False,شقة
6822065,https://sa.aqar.fm/شقق-للبيع/الظهران/حي-هجر/شارع-حليمه-السعديه-حي-هجر-مدينة-الدمام-المنطقة-الشرقية-6822065,"شقة للبيع في شارع حليمه السعديه, حي هجر, مدينة الدمام, المنطقة الشرقية",660000,152,5,3.0,0.0,0,حي هجر,الظهران,حي هجر,"شقه في حي هجر دوراول
تتكون من مجلس رجال مقلط مطبخ وثلاث غرف نوم 
مساحه 152
مصعد راكب",26.372253,50.105153,https://images.aqar.fm/webp/750x0/props/007118676_1786707342152.jpg,1.0,حصه هليل,مؤسسة ركن البناء الفاخر للتطوير العقاري,1.0,2026-08-14,2026-09-12,2026-09-19,439,2026-09-27,True,"660,000",False,شقة
6778975,https://sa.aqar.fm/شقق-للبيع/الظهران/حي-هجر/شارع-دبسان-حي-هجر-مدينة-الدمام-المنطقة-الشرقية-6778975,"شقة للبيع في شارع دبسان, حي هجر, مدينة الدمام, المنطقة الشرقية",580000,143,5,,,0,حي هجر,الظهران,حي هجر,"للبيع شقه دور ثالث 
مجلس وثلاث غرف نوم وصاله ومبطخ وثلاث دوراة مياه 
دخول انتر كوم

موقف خاص 
عداد مستقل",26.370171,50.098442,https://images.aqar.fm/webp/750x0/props/004281383_1784367483882.jpg,12.0,علي سعد فرج الغامدي,مؤسسة سهم التخطيط للتطوير العقاري,1.0,2026-07-18,2026-09-14,2026-09-23,108,2026-09-27,True,"580,000",False,شقة
6819866,https://sa.aqar.fm/شقق-للبيع/الظهران/حي-هجر/شارع-13أ-حي-هجر-مدينة-الدمام-المنطقة-الشرقية-6819866,"شقة للبيع في شارع 13أ, حي هجر, مدينة الدمام, المنطقة الشرقية",700000,143,5,0.0,0.0,0,حي هجر,الظهران,حي هجر,"شقة مكونه من 
مجلس + مقلط + صاله + مطبخ + ثلاث غرف نوم 
ثلاث دورات مياه + غرفة غسيل + مستودع
السعر (٧٠٠،٠٠٠﷼)

يوجد نموذج اخر 
شقة مكونه من 
مجلس + صاله + ثلاث غرف نوم 
+ ثلاث دورات مياه + مطبخ يفتح ع الصاله 
مساحة ١٤٤ السعر (٦٠٠،٠٠٠﷼)

يوجد شقق بموقع اخر بحي ضاحية الملك فهد الحي العاشر 
مجاس + ومقلط + صاله + مطبخ + ٤ غرف نوم 
ثلاث دورة مياه+ركن عسيل  + حوش ٧٨م 
السعر (٦٦٠،٠٠٠﷼) 
مساحة ١٩٥ م دور ارضي 

شقة ملحق مساحه (١٧٥) مكونه من
مجلس + مقلط + صاله + مطبخ + ثلاث غرف نوم واحده ماستر 
سطح حاص ٤٢م
السعر (٥٩٠،٠٠٠﷼)
 للتواصل 
((الرقم يظهر عند الضغط على اتصال))",26.369623,50.097578,https://images.aqar.fm/webp/750x0/props/008245646_1786588028896.jpg,1.0,جمعان بن عبدالله بن علي العامري,,,2026-08-13,2026-09-11,2026-09-26,48,2026-09-27,True,"700,000",False,شقة
6892116,https://sa.aqar.fm/دور-للبيع/الظهران/حي-الدوحة-الشمالية/شارع-الرمال-حي-الدوحة-الشمالية-مدينة-الظهران-المنطقة-الشرقية-6892116,"دور للبيع في شارع الرمال, حي الدوحة الشمالية, مدينة الظهران, المنطقة الشرقية",1500000,600,4,4,3,11,حي الدوحة الشمالية,الظهران,حي الدوحة الشمالية,دور للبيع بحي الدوحة الشماليه بالظهران .. مساحة العقار 600م .. عمر العقار اكثر من 30 سنة مناسب جدا لعمل 2 دبلكس .. .. المنزل بحالة جيدة من الداخل لذا ممكن ترميمه واستخدامه للسكن ..,26.332567,50.16921,https://images.aqar.fm/webp/750x0/props/005970861_1790423198358.jpg,3,فاطمه عبدالله بن حسن بن حسن,,,2026-09-26,2026-09-26,2026-09-26,40,2026-09-27,True,"1,500,000",False,دور
6809503,https://sa.aqar.fm/دور-للبيع/الظهران/حي-هجر/حي-هجر-الظهران-الدمام-6809503,"دور للبيع في شارع 2271717, حي هجر, مدينة الدمام, المنطقة الشرقية",950000,186,3,3,1,3,حي هجر,الظهران,حي هجر,"دور ارضي مستقل بمدخل خاص جزء منه مؤثث يتكون من مدخلين مدخل للمجلس والمقلط ودورة مياة والمدخل الثاني للصاله ومطبخ جاهز ومستودع  ودورة مياة وثلاث غرف نوم منها غرفة ماستر مع غرفة ملابس ويوجد حوش خاص 
الدور مؤجر بمبلغ 65000 لمدة ثلاث سنوات انتهت منها سنه
يوجد عداد ماء راكب 
الدور امام مسجد وحديقة هجر",26.372443,50.105989,https://images.aqar.fm/webp/750x0/props/010275673_1786036316470.jpg,23,عبدالعزيز بن علي بن حسين الحربي,,,2026-08-06,2026-08-09,2026-09-18,1277,2026-09-27,True,"950,000",False,دور
6706556,https://sa.aqar.fm/دور-للبيع/الظهران/حي-الدوحة-الجنوبية/شارع-سعد-بن-مالك-حي-الدوحة-الجنوبية-مدينة-الظهران-المنطقة-الشرقية-6706556,"دور للبيع في شارع سعد بن مالك, حي الدوحة الجنوبية, مدينة الظهران, المنطقة الشرقية",1850000,630,10,5,2,11,حي الدوحة الجنوبية,الظهران,حي الدوحة الجنوبية,"للبيع دور وشقه بالدوحه الجنوبيه  

مساحة   600  متر 

العمر  27 سنه 
قريب من الحديقه

السعر   مليون و  950  الف",26.331144,50.158197,https://images.aqar.fm/webp/750x0/props/010330775_1779358316993.jpg,1,مشاري  محمد  بن حميم  العنزي ,مؤسسة الكفاح و التنمية للتطوير العقاري,1.0,2026-05-21,2026-09-14,2026-09-26,1747,2026-09-27,True,"1,850,000",False,دور
6887205,https://sa.aqar.fm/عمائر-للبيع/الظهران/حي-هجر/شارع-اوطاس-حي-هجر-مدينة-الدمام-المنطقة-الشرقية-6887205,"عمارة للبيع في شارع اوطاس, حي هجر, مدينة الدمام, المنطقة الشرقية",5000000,181,,,,8,حي هجر,الظهران,حي هجر,"🏢 فرصة استثمارية مميزة | عمارة سكنية للبيع في حي هجر – الظهران

أصل عقاري قائم ومدر للدخل، مؤجر بالكامل، في موقع مميز بحي هجر بالظهران.

📍 حي هجر – الظهران
📐 مساحة الأرض: 904 م²
🧭 واجهة جنوبية شرقية
🏗️ عمر العقار: 9 سنوات
💰 الدخل السنوي: من 350,000 إلى 400,000 ريال
🔑 العمارة مؤجرة بالكامل

🏠 مكونات العقار:

يتكون العقار من 9 شقق سكنية + ملحق مستقل بالدور الرابع مع حوش خاص.

▪️ مساحات الشقق: 171 – 181 م²
▪️ مساحة الملحق: 255 م²
▪️ الشقق مفرزة على صكوك مستقلة
▪️ عدادات كهرباء مستقلة لكل شقة

🛋️ مواصفات الشقق:

▪️ 3 غرف نوم، منها غرفة ماستر
▪️ غرفة خادمة مع دورة مياه مستقلة
▪️ مجلس + مقلط
▪️ مطبخ راكب
▪️ تكييف من شركة GREE بحالة ممتازة

⭐ مميزات إضافية:

▪️ العمارة مؤجرة بالكامل
▪️ دخل سنوي متحقق
▪️ صكوك مستقلة للشقق
▪️ عدادات كهرباء مستقلة
▪️ مصعد
▪️ غرفة حارس بالسطح
▪️ نظام مراقبة متكامل بالكاميرات
▪️ واجهة جنوبية شرقية
▪️ ملحق مستقل مع حوش خاص

فرصة مناسبة لمن يبحث عن عقار استثماري قائم ومدر للدخل، مع وحدات مفرزة بصكوك مستقلة وعدادات كهرباء مستقلة، مما يمنح العقار مرونة استثمارية عالية",26.367661,50.104488,https://images.aqar.fm/webp/750x0/props/054314649_1790054664437.jpg,8.0,عبدالعزيز بن راشد بن ابراهيم ال سليمان,,,2026-09-22,2026-09-22,2026-09-26,76,2026-09-27,True,"5,000,000",False,عمارة
6800337,https://sa.aqar.fm/عمائر-للبيع/الظهران/حي-القشلة/شارع-عبدالله-ابن-عمرو-حي-الصفاء-مدينة-الدمام-المنطقة-الشرقية-6800337,"عمارة للبيع في شارع عبدالله ابن عمرو, حي الصفاء, مدينة الدمام, المنطقة الشرقية",2700000,627,,,,8,حي القشلة,الظهران,حي القشلة,$5f,26.379742,50.185771,https://images.aqar.fm/webp/750x0/props/020610010_1785598139081.jpg,3.0,عبدالهادي علي,مؤسسة التخطيط الخليجي للمقاولات,1.0,2026-08-01,2026-08-30,2026-08-30,1075,2026-09-27,True,"2,700,000",False,عمارة
6849332,https://sa.aqar.fm/عمائر-للبيع/الظهران/حي-الدوحة-الجنوبية/شارع-اسعد-بن-زرارة-حي-الدوحة-الجنوبية-مدينة-الظهران-المنطقة-الشرقية-6849332,"عمارة للبيع في شارع اسعد بن زرارة, حي الدوحة الجنوبية, مدينة الظهران, المنطقة الشرقية",1850000,614,,,,11,حي الدوحة الجنوبية,الظهران,حي الدوحة الجنوبية,"للبيع فيلا دور وملحق بسعر أرض العمر 35 سنة (هدد)

المساحة : 614م 
الواجهة : شمالية
عرض الشارع : 18

ممتازة جداً للمطورين وراغبين السكن بموقع مميز 
ألارض شيخة وبموقع مميز جداً بحكم ندرة العروض المماثلة 
(ظهيرة حديقة ومسجد)
(طريق الامير سلطان دقيقتين)
(طريق الملك سلمان 4 دقايق)
(مدارس الظهران الاهلية دقيقتين)
موقع حيوي جداً 

السعر 1850.000 صافي 
للاستفسار والتواصل 059331310 
معارف الشرق العقارية",26.325512,50.163458,https://images.aqar.fm/webp/750x0/props/040718410_1788108425771.png,1.0,عبدالمحسن الدلاك,مكتب معارف الشرق العقارية,1.0,2026-08-30,2026-08-30,2026-09-26,1101,2026-09-27,True,"1,850,000",False,عمارة
6765137,https://sa.aqar.fm/عمائر-للبيع/الظهران/حي-الجامعة/شارع-19ب-حي-الجامعة-مدينة-الظهران-المنطقة-الشرقية-6765137,"عمارة للبيع في شارع 19ب, حي الجامعة, مدينة الظهران, المنطقة الشرقية",11500000,912,,,,7,حي الجامعة,الظهران,حي الجامعة,"🏢 مواصفات المشروع

* 18 شقة سكنية (4 شقق في كل دور، والدور الخامس يضم شقتين).
* مساحة الأرض: 957 م².
* كل شقة تضم:
    * مجلس وصالة.
    * غرفتي نوم مع خزائن.
    * 4 دورات مياه.
    * مطبخ مجهز.
    * غرفة خادمة مع حمام.
    * غرفة غسيل.
    * تكييف مركزي وأسقف جبسية.

مرافق المشروع:

* صالتان متعددتا الأغراض.
* غرف سائقين وغرفة حارس.
* مواقف سيارات مغلقة.
* خزانات مياه أرضية وعلوية.
* مصعد أوتس.
* نظام إنذار ومكافحة حريق.

المميزات:

* تشطيبات راقية.
* مواد عالية الجودة.
* تصميم عصري.
* موقع مميز.",26.337077,50.13071,,,محمد فهد,مكتب فارس المهوس للعقارات,1.0,2026-07-08,2026-08-06,2026-09-25,544,2026-09-27,True,"11,500,000",False,عمارة
6884994,https://sa.aqar.fm/عمائر-للبيع/الظهران/حي-القصور/شارع-الخفجي-حي-القصور-مدينة-الظهران-المنطقة-الشرقية-6884994,"عمارة للبيع في شارع الخفجي, حي القصور, مدينة الظهران, المنطقة الشرقية",7200000,750,,,,7,حي القصور,الظهران,حي القصور,"عمارة سكنية للبيع 
🏢 المواصفات 
 تتكون من (3 أدوار + ملحق) وتضم 15 شقة مقسمة بذكاء كالتالي:
* 9 شقق: مكونة من 3 غرف 
* 6 شقق: مكونة من 4 غرف (حي القصور): 
مؤجرة بالكامل
للتفاصيل اكثر التواصلو واتساب 
السعر قابل للتفاوض",26.344488,50.149913,,,هيثم عون,شركة دليل الثقة للتسويق,1.0,2026-09-20,2026-09-20,2026-09-26,83,2026-09-27,True,"7,200,000",False,عمارة
6662132,https://sa.aqar.fm/فلل-للبيع/الظهران/حي-ارامكو-السعودية/شارع-شارع-مكه-حي-الظهران-مدينة-الظهران-المنطقة-الشرقية-6662132,"فيلا للبيع في شارع شارع مكه, حي الظهران, مدينة الظهران, المنطقة الشرقية",1900000,352,5,,,3,حي ارامكو السعودية,الظهران,حي ارامكو السعودية,"هل تبحث عن الفخامة والخصوصية في أرقى أحياء الظهران؟
 نقدم لكم فيلا فاخرة للبيع في حي ""أجيال"" (أرامكو)
 تتميز بتصميم عصري واستغلال ذكي للمساحات .. عمر العقار 3 سنوات فقط (شبه جديدة).

تفاصيل الفيلا:

الدور الأرضي (منطقة الضيافة):
مجلس رجال بخصوصية تامة.
مقلط .
صالة عائلية واسعة .
غرفة طعام عائلية.
مطبخ مجهز بتصميم حديث.
مخزن واسع.

الدور الأول (منطقة الراحة):
3 غرف نوم جميعها ""ماستر"" (لكل غرفة دورة مياه خاصة) لضمان أقصى درجات الخصوصية.
صالة عائلية إضافية تجمع أفراد الأسرة.

الملحق (منطقة الخدمات):

غرفة خاصة للعاملة المنزلية.
غرفة غسيل مستقلة.

لماذا هذه الفيلا؟
الموقع:
 تقع في حي أجيال التابع لأرامكو، المعروف بتنظيمه العالي وبنيته التحتية العالمية.

الحالة:
 عمرها 3 سنوات فقط، مما يعني جاهزيتها التامة للسكن دون الحاجة لأي ترميم.

التصميم: 
توزيع الغرف يجمع بين الأصالة في استقبال الضيوف والحداثة في المعيشة اليومية.

للتواصل والاستفسار أو لتحديد موعد للمعاينة:
0552522025",26.264618,50.062418,https://images.aqar.fm/webp/750x0/props/046757641_1776675136795.jpg,30.0,فهد بن محمد,شركة عقارات فهد محمد النهدي,1.0,2026-04-20,2026-09-13,2026-09-26,2982,2026-09-27,True,"1,900,000",False,فيلا
6738095,https://sa.aqar.fm/فلل-للبيع/الظهران/حي-ارامكو-السعودية/شارع15ج-حي-الظهران-مدينة-الظهران-المنطقة-الشرقية-6738095,"فيلا للبيع في شارع15ج, حي الظهران, مدينة الظهران, المنطقة الشرقية",1650000,350,7,0.0,0.0,4,حي ارامكو السعودية,الظهران,حي ارامكو السعودية,"🏡 دبلكس للبيع – حي أجيال أرامكو (الظهران)

📐 المساحة: 350 م²

🔹 الدور الأرضي:

* مجلس
* مقلط
* صالة واسعة
* مطبخ
* غرفة جلوس
* مستودع صغير

🔹 الدور الأول:

* 3 غرف نوم ماستر بدورات مياه خاصة

🔹 الملحق والخدمات:

* غرفة عاملة بدورة مياه
* منطقة غسيل
* مطبخ راكب (دواليب مطبخ)
* مكيفات راكبة
يوجد قراج 
وموقف ثلاث سيارات


✨ موقع مميز في حي أجيال أرامكو.

📞 للتواصل والاستفسار:
((الرقم يظهر عند الضغط على اتصال))",26.255058,50.069468,https://images.aqar.fm/webp/750x0/props/031766061_1782422553341.jpg,1.0,جواهر عبدالله,,,2026-06-18,2026-09-13,2026-09-23,1654,2026-09-27,True,"1,650,000",False,فيلا
6832827,https://sa.aqar.fm/فلل-للبيع/الظهران/حي-ارامكو-السعودية/شارع-مكه-حي-الظهران-مدينة-الظهران-المنطقة-الشرقية-6832827,"فيلا للبيع في شارع مكه, حي الظهران, مدينة الظهران, المنطقة الشرقية",2850000,515,3,0.0,0.0,0,حي ارامكو السعودية,الظهران,حي ارامكو السعودية,"🔴العرض للمشتري🔴

*فيلا للبيع في حي أجيال*

فيلا في حي أجيال (أرامكو)، تتميز بموقع قرب من مجمع أجيال، على شارع بعرض 32 متر، مع شارع خدمة خلفي بعرض 10 أمتار، مما يوفر سهولة الوصول وخصوصية أكبر.

*مواصفات الفيلا:*

* تتكون من طابقين وملحق.
* كراج يتسع لسيارتين.
* حديقة خلفية مع أحواض زراعية تحيط بالمنزل من جميع الجهات.

*الدور الأرضي:*

* مجلس رجال.
* مجلس نساء.
* صالة معيشة.
* صالة طعام.
* مطبخ رئيسي.
* مطبخ خدمة مجهز بالخزائن (بدون الأجهزة الكهربائية).
* غرفة سائق.
* مخزن خلف غرفة السائق.

*الدور الأول:*

* غرفة ماستر واسعة.
* غرفتان إضافيتان.
* جميع الغرف مزودة بدورات مياه خاصة.
* صالة عائلية.
* بلكونة بإحدى الغرف.

*الملحق:*

* غرفة خادمة مع دورة مياه.
* غرفة كبيرة مخصصة لغسيل الملابس مع مساحة إضافية للتخزين.
* غرفة خدمات تحتوي على سخان المياه والتجهيزات الفنية الأخرى.

الفيلا مناسبة للعائلات الباحثة عن المساحات الواسعة، والتصميم العملي، والموقع المميز في أحد أفضل أحياء أرامكو
السعر 2,850,000 ريال غير شامل الضريبه والسعي
السعر قابل للتفاوض للزبون الجاد",26.270096,50.073515,https://images.aqar.fm/webp/750x0/props/014337393_1787232671503.jpg,1.0,عمر جابر,مؤسسة صروح الشرق العقارية,1.0,2026-08-20,2026-09-18,2026-09-19,275,2026-09-27,True,"2,850,000",False,فيلا
6798500,https://sa.aqar.fm/فلل-للبيع/الظهران/حي-ارامكو-السعودية/شارع-مكه-حي-الظهران-مدينة-الظهران-المنطقة-الشرقية-6798500,"فيلا للبيع في شارع مكه, حي الظهران, مدينة الظهران, المنطقة الشرقية",1850000,356,6,0.0,0.0,4,حي ارامكو السعودية,الظهران,حي ارامكو السعودية,"دبلكس للبيع
مساحة ٣٥٦متر٢
موقع مميز وحي هادئ
الدور الارضي
مجلس
غرفة طعام
غرفة جلوس
صالة مطبخ
-
الدور الاول
٣ غرف نوم ماستر وصالة

الدور العلوي
غرفة عاملة بحمام ومنطقة غسيل
الدبلكس يوجد به تكييف السبلت
وسخان مركزي
وقراج يتسع سيارتين
للتواصل واتساب
((الرقم يظهر عند الضغط على اتصال))",26.270718,50.073541,https://images.aqar.fm/webp/750x0/props/031766064_1785453518838.jpg,1.0,جواهر عبدالله,,,2026-07-30,2026-08-29,2026-09-12,688,2026-09-27,True,"1,850,000",False,فيلا
6810927,https://sa.aqar.fm/فلل-للبيع/الظهران/حي-ارامكو-السعودية/شارع-الدرعية-حي-أجيال-الظهران-الدمام-6810927,"فيلا للبيع في شارع الدرعية, حي الظهران, مدينة الظهران, المنطقة الشرقية",3000000,517,7,5.0,2.0,5,حي ارامكو السعودية,الظهران,حي ارامكو السعودية,"‎*فيلا في حي ارامكو اجيال - 2E*

- بيت زاوية ومساحة الارض كبيرة (٥١٧.٤ متر مربع) والحوش الخارجي واسع
- واجهة البيت شمالية وعلى شارع كبير (عرض ٣٠م)
- ⁠وتتميز بسهولة الدخول والخروج من الحي
- ⁠يوجد سواتر على حدود الفيلا الخارجية من الجهة الشرقية والغربية لتعطي خصوصية لأهل البيت
- ⁠يوجد كراج مستقل للفيلا يتسع لسيارتين
- ⁠عدد ١٤ مكيف الزامل راكبة جديده وعلى الضمان
- ⁠تم توسعة مساحة البناء للفيلا بتصميم مميز وتشطيب عالي الجودة حيث تم توسعة صالة المعيشة في الدور الارضي والعلوي وتوسعة المطبخ  الداخلي والمفتوح واستحداث مخزن خارجي بمساحة كبيرة
- ⁠تم تأسيس مصعد بحمولة ٥طن ثلاث طوابق.
- ⁠تم تركيب شترات بتحكم ريموت كونترول لجميع نوافذ الفيلا في الدور الأرضي والدور الثاني
- ⁠تم تأسيس مستودع خارجي (داخل الحوش) للتخزين
- ⁠تم بناء الارتداد من الجهة الغربية كتوسعة للمطبخ الداخلي وتم تأسيسه وتجهيزه بشكل كامل 
- ⁠تم اعادة دهان جميع جدران المنزل الداخليه والخارجية لضمان الجودة والشكل
- ⁠الفيلا مؤجرة حالياً بعقد مميز، حسب رغبة المالك الجديد اما الاستفادة من عقد الايجار او الإخلاء الفوري

‎*الدور الارضي:*
- مجلس بدورة مياة ومغاسل للضيوف ومقلط ومطبخ واسع وصالة ارضيه كبيرة (تم توسعتها وتشطيبها بجودة عالية)و عدد (١) غرفة كبيره مستقله بدورة مياة. وعدد (٢) مستودع داخلي للتخزين.

‎*الدور الأول:*
- صالة علوية كبيرة (تم توسعتها وتشطيبها بجودة عالية) وعدد (٤) غرف نوم جميعها ماستر بدورات مياه مستقله لكل غرفة. واحده من الغرف فيها بلكونه. ويوجد عدد (١) غرفة غسيل.
- ⁠تم تركيب جبس (سقف مستعار) بتصميم عصري وجودة عاليه وتم تأسيس وتوزيع الانارة لكامل الدور الثاني (الصالة + جميع الغرف)
‎*الدور الثاني:*
‎غرفة خادمة",26.255408535722356,50.067013092950894,https://images.aqar.fm/webp/750x0/props/054401854_1786191646826.jpg,20.0,محمد بن عبدالغني بن آدم البكري,,,2026-08-08,2026-08-09,2026-09-20,510,2026-09-27,True,"3,000,000",False,فيلا
6666024,https://sa.aqar.fm/فلل-للبيع/الظهران/حي-ارامكو-السعودية/شارع-الدرعيه-حي-أجيال-الظهران-الدمام-6666024,"فيلا للبيع في شارع شارع الدرعيه, حي الظهران, مدينة الظهران, المنطقة الشرقية",2400000,496,5,5.0,2.0,6,حي ارامكو السعودية,الظهران,حي ارامكو السعودية,"للبيع المستعجل
من المالك مباشرة وبدون سعي

📍 الموقع: حي أجيال أرامكو
📐 المساحة: 500 م²

المواصفات:

* 🛏️ خمس غرف نوم
* 🛁 سبع دورات مياه
* 🛋️ صالتان (واحدة بالدور الأول وواحدة بالدور الثاني)
* 🏡 مجلس 
* 🚗 كراج سيارات يكفي سيارتين
* ❄️ مكيفات في جميع الغرف + سخان مركزي
* 🧱 البيت معزول بالكامل

مميزات الفيلا:

* على شارع ٣٠
* دقيقتين مشي من الحدائق وألعاب الأطفال ومدرسة اجيال
* متوفر إنترنت فايبر
* حي جديد وراقي

معلومات إضافية:

* إمكانية بيع الفيلا على أي شخص
* ساكن أول مستأجر
* مؤجرة سنويًا بـ ٦٨ ألف ريال 

💰 السعر قابل للتفاوض",26.256306,50.06921,https://images.aqar.fm/webp/750x0/props/010885306_1776873956633.jpg,4.0,عمر عبدالرحمن يوسف الدبيان ,,,2026-04-22,2026-04-23,2026-07-06,1850,2026-09-27,True,"2,400,000",False,فيلا
6641271,https://sa.aqar.fm/فلل-للبيع/الظهران/حي-ارامكو-السعودية/شارع-البدع-حي-أجيال-الظهران-الدمام-6641271,"فيلا للبيع في شارع 4429830, حي الظهران, مدينة الظهران, المنطقة الشرقية",1800000,412,7,5.0,2.0,3,حي ارامكو السعودية,الظهران,حي ارامكو السعودية,"فيلا بناء ٣٥٠ وارض ٤١٢م مميزة على ثلاث شوارع أمام حديقة وموقع هادئ. قريبة من مدارس الحي. ولكن بعيدة عن زحمة دخول وخروج المدارس في منطقة على شكل حرف U
لايشترط موظف ارامكو

العقار مرهون لارامكو
يجب فك الرهن من ارامكو ومن ثم تحويل العقار للمالك الجديد.

الفيلا مؤجرة استثمار سنوي بمبلغ ٧٢٥٠٠ دفعتين او ٧٥٠٠٠ دفعه بعقد ممتد",26.254679,50.069111,https://images.aqar.fm/webp/750x0/props/041743195_1775323408194.jpg,4.0,مازن بن على بن سعيد الزهراني,,,2026-04-04,2026-04-04,2026-09-22,3809,2026-09-27,True,"1,800,000",False,فيلا
6873041,https://sa.aqar.fm/فلل-للبيع/الظهران/حي-ارامكو-السعودية/شارع-الدمام-1061-حي-الظهران-مدينة-الظهران-المنطقة-الشرقية-6873041,"فيلا للبيع في شارع الدمام 1061, حي الظهران, مدينة الظهران, المنطقة الشرقية",3075000,601,8,0.0,0.0,5,حي ارامكو السعودية,الظهران,حي ارامكو السعودية,"فيلا فاخره للبيع 
حي اجيال 
مساحة ٦٠١ متر٢
موقعها قريب التميمي 
الفيلا فيها مسبح خارجي
تكييف كونسلت 
دولابين للمطبخين

وغرفه النوم الماستر  مفصل لها دولاب 

للتواصل 
((الرقم يظهر عند الضغط على اتصال))",26.264037,50.067709,https://images.aqar.fm/webp/750x0/props/031766063_1789329746566.jpg,2.0,جواهر عبدالله,,,2026-09-13,2026-09-13,2026-09-23,191,2026-09-27,True,"3,075,000",False,فيلا
6604255,https://sa.aqar.fm/فلل-للبيع/الظهران/حي-ارامكو-السعودية/شارع-شارع-8-حي-الظهران-مدينة-الظهران-المنطقة-الشرقية-6604255,"فيلا للبيع في شارع شارع 8 , حي الظهران, مدينة الظهران, المنطقة الشرقية",3250000,594,5,5.0,0.0,0,حي ارامكو السعودية,الظهران,حي ارامكو السعودية,"بناء جاهز من ارامكو 
حي اجيال الصور نموذج بدون اثاث 
مساحة 595م
البيت على شارعين✅
رئيسي شارع شرقي عرض 18 و شارع خدمة من الخلف✅
بدون اي تعديل
ولم يسكن ابدا جديد✅
بداية الحي✅
سهل الدخول و الخروج✅
قريب من المجمع الجديد و المناطق التجارية
٤ غرف ماستر بالحمامات 
 (الدور الاول)
و غرفة ماستر بالحمام (الدور الارضي)

صالتين (الدور الارضي)
صالة (الدور الاول)
مجلس 
غرفة طعام
البيت مكيف كامل سبليت

قريبه من حديقة وجامع عبدالمحسن 
ومحلات التجارية

(((لا يشترط المشتري يكون موظف ارامكو)))

السعي والضريبة على المشتري) 
السعر 3مليون و450 الف",26.268153,50.069692,https://images.aqar.fm/webp/750x0/props/014701543_1780406422890.jpg,4.0,فارس عبدالرحمن,,,2026-02-24,2026-09-16,2026-09-25,1380,2026-09-27,True,"3,250,000",False,فيلا
6886575,https://sa.aqar.fm/فلل-للبيع/الظهران/حي-ارامكو-السعودية/شارع6أ-حي-الظهران-مدينة-الظهران-المنطقة-الشرقية-6886575,"فيلا للبيع في شارع6أ, حي الظهران, مدينة الظهران, المنطقة الشرقية",2800000,566,5,1.0,0.0,4,حي ارامكو السعودية,الظهران,حي ارامكو السعودية,"للبيع فيلا سكنية مجددة – حي أجيال، الظهران
📍 موقع استثنائي على 4 شوارع في مخطط أجيال – الظهران
شارعين 15 متر و شارعين نافذ
📐 المساحة: 566 متر مربع
📅 عمر العقار: 3 سنوات
🚪 الواجهة: شمالي شرقي
🚗 عرض الشارع: 15 متر
الوصف:
فرصة نادرة لامتلاك فيلا سكنية مميزة بموقع زاوية على 4 شوارع، ضمن حي راقٍ ومخطط منظم في الظهران.
الفيلا مجددة بالكامل وفي حالة ممتازة، بتصميم عملي ومساحات واسعة تضمن الراحة والخصوصية.
المواصفات الداخلية:
5 غرف نوم (منها غرفة ضيف بالدور الأرضي)
صالة علوية عائلية
مجلس رجال رسمي
صالة رئيسية واسعة
غرفة طعام
مطبخ راكب بجودة عالية
مستودع عملي
فناء خارجي كبير ومهيأ للاستخدامات المتعددة
المميزات:
✅ موقع نادر على 4 شوارع
✅ عمر العقار فقط 3 سنوات
✅ تشطيب نظيف وجاهزة للسكن
✅ تصميم عملي بمساحات ممتازة
📞 للتواصل والاستفسار:
((الرقم يظهر عند الضغط على اتصال))",26.263693,50.070276,https://images.aqar.fm/webp/750x0/props/000829307_1790270839561.jpg,29.0,محمد بن مانع بن محمد آل هتيله,مكتب الواحة الجميلة العقاري,1.0,2026-09-21,2026-09-21,2026-09-26,92,2026-09-27,True,"2,800,000",False,فيلا
6848829,https://sa.aqar.fm/فلل-للبيع/الظهران/حي-ارامكو-السعودية/شارع12أ-حي-الظهران-مدينة-الظهران-المنطقة-الشرقية-6848829,"فيلا للبيع في شارع12أ, حي الظهران, مدينة الظهران, المنطقة الشرقية",3000000,508,5,0.0,0.0,5,حي ارامكو السعودية,الظهران,حي ارامكو السعودية,"فيلا للبيع تقع في الشرقية الدمام، الظهران حي اجيال شارع ركانة بن عبد بن يزيد ، تتكون من 5 غرف فيلا مستقله 
1. واجهة العقار:غربية
2. عمر العقار:5سنوات
3. الخدمات:ماء كهرباء
4. عرض الشارع:25م
5. ⁠السعر:3مليون.",26.271384,50.067358,https://images.aqar.fm/webp/750x0/props/046116286_1788093874185.jpg,1.0,فهد بن عبدالله بن عبدالعزيز الحوشاني,,,2026-08-30,2026-08-30,2026-08-30,198,2026-09-27,True,"3,000,000",False,فيلا
6764359,https://sa.aqar.fm/فلل-للبيع/الظهران/حي-ارامكو-السعودية/حي-الظهران-مدينة-الظهران-المنطقة-الشرقية-6764359,"فيلا للبيع في حي الظهران, مدينة الظهران, المنطقة الشرقية",1700000,369,6,0.0,0.0,4,حي ارامكو السعودية,الظهران,حي ارامكو السعودية,"دبلكس للبيع
حي اجيال ارامكو 
امام المسجد مباشره
بالخلف مدرستين للبنات 
زاويه 
متصل من جهة واحدة 
للتواصل
واتساب 
((الرقم يظهر عند الضغط على اتصال))",26.254868,50.074896,https://images.aqar.fm/webp/750x0/props/031766060_1783930880224.jpg,10.0,جواهر عبدالله,,,2026-07-07,2026-09-04,2026-09-12,1984,2026-09-27,True,"1,700,000",False,فيلا
6619338,https://sa.aqar.fm/فلل-للبيع/الظهران/حي-ارامكو-السعودية/شارع-شارع-مكه-حي-الظهران-مدينة-الظهران-المنطقة-الشرقية-6619338,"فيلا للبيع في شارع شارع مكه, حي الظهران, مدينة الظهران, المنطقة الشرقية",2000000,356,5,5.0,1.0,5,حي ارامكو السعودية,الظهران,حي ارامكو السعودية,"للبيع
‎الموقع: حي أجيال أرامكو 
‎مساحة: ٣٥٦ م٢ 
‎مواصفات: 
‎-  ثلاث غرف نوم ماستر* 🛌 
‎- * ست دورات مياه * 🛁 🚽 
‎- *٢ صالة * واحده بالدور الاول و وحدة بالدور الثاني 🛋 
‎- * مجلس و مقلط *
‎- * مطبخ راكب مع خزائن*
‎- * مخزن بالدور الارضي
‎- *كراج سيارات يكفي سيارتين*
‎- *غرفة شغالة بحمامها بالدور الثالث*
‎- *مكيفات بكل الغرف* & *سخان مركزي*
‎- * البيت معزول كامل*

‎مميزات الڤيلا: 
قريب من طريق ابوحدرية 
قريب من مول اجيال  الجديد
امام مدرسة ACCEL العالمية 
بالقرب جدا من حضانه ارتق وتألق لاستضافة الأطفال   
‎- متوفر انترنت فايبر
‎- حي جديد و راقي

امكانية بيع الفيلا على اى شخص. 
عمر الفيلا 5 سنوات 
بالإمكان زيارة ومعاينة الفلة بأي وقت.

السعر ٢ مليون قابل للتفاوض 
ونرحب بكل الوسطاء.",26.273723,50.071958,https://images.aqar.fm/webp/750x0/props/001965778_1773013516830.jpg,7.0,احمد بن عبدالعزيز بن ابراهيم الضعيان,,,2026-03-08,2026-03-08,2026-06-28,1149,2026-09-27,True,"2,000,000",False,فيلا
6727501,https://sa.aqar.fm/فلل-للبيع/الظهران/حي-ارامكو-السعودية/شارع12ب-حي-الظهران-مدينة-الظهران-المنطقة-الشرقية-6727501,"فيلا للبيع في شارع12ب, حي الظهران, مدينة الظهران, المنطقة الشرقية",3200000,594,5,5.0,2.0,1,حي ارامكو السعودية,الظهران,حي ارامكو السعودية,"فيلا جاهزة للبيع – بدون أي تعديل – لم تُسكن أبداً

📍 الموقع:
بداية الحي – سهولة الدخول والخروج
قريبة من المجمع الجديد والمناطق التجارية

🏗 المواصفات:

بناء جاهز من أرامكو

تشطيب كامل ومكيفات مركبة

تصميم حديث (ستايل بيوت أجيال)

الفيلا على شارعين (شارع رئيسي + شارع خدمة من الخلف)

🛏 التقسيم الداخلي:

4 غرف ماستر بحمامات

3 غرف في الدور الأول

غرفة ماستر في الدور الأرضي

صالتان

صالة في الدور الأرضي

صالة في الدور الأول

مجلس مستقل

غرفة طعام

✨ مميزات إضافية:

لم تُسكن أبداً

جاهزة للسكن الفوري

موقع مميز وتشطيب راقٍ",26.267863,50.068112,https://images.aqar.fm/webp/750x0/props/044228047_1779893386780.jpg,26.0,اسامه أحمد محمد السحيباني,,,2026-06-10,2026-08-07,2026-09-26,995,2026-09-27,True,"3,200,000",False,فيلا
6743787,https://sa.aqar.fm/فلل-للبيع/الظهران/حي-ارامكو-السعودية/شارع10ب-حي-الظهران-مدينة-الظهران-المنطقة-الشرقية-6743787,"فيلا للبيع في شارع10ب, حي الظهران, مدينة الظهران, المنطقة الشرقية",2200000,447,7,0.0,0.0,4,حي ارامكو السعودية,الظهران,حي ارامكو السعودية,"فيلا للبيع
مساحة 447متر2
مجلس مقلط 
صالة مطبخ 
غرفه جلوس 
ومستودع صغير
الدور الاول
٤ غرف نوم ماستر بالاضافه غرفه غسيل
والدور العلوي
غرفه عامله 
الفيلا فيها مكيفات السبلت
ودولاب مطبخ داخلي
وقراج ومضله لسيارتين",26.260841,50.069444,https://images.aqar.fm/webp/750x0/props/031766061_1782155692718.jpg,5.0,جواهر عبدالله,,,2026-06-22,2026-09-18,2026-09-23,1616,2026-09-27,True,"2,200,000",False,فيلا
6716110,https://sa.aqar.fm/فلل-للبيع/الظهران/حي-ارامكو-السعودية/شارع-المجمعة-حي-الظهران-مدينة-الظهران-المنطقة-الشرقية-6716110,"فيلا للبيع في شارع المجمعة, حي الظهران, مدينة الظهران, المنطقة الشرقية",4200000,671,6,0.0,0.0,3,حي ارامكو السعودية,الظهران,حي ارامكو السعودية,"فيلا فاخرة للبيع أو الإيجار – حي أجيال، الظهران

أرقى أحياء المنطقة الشرقية
 
المساحة: 671 م² على 3 شوارع وحديقة
بالقرب من شركة أرامكو السعودية والطرق الرئيسية والمراكز التجارية

المواصفات:
- 4 غرف نوم (جناح ماستر فاخر + 3 أجنحة ماستر إضافية)
- 8 دورات مياه
- مجلسان + صالة طعام + صالة عائلية
- مطبخ ومكيفات راكب + غرفة خادمة + غسيل + مستودع
- جلسات شواء خارجية + ركن قهوة
- بركة سباحة 8×4 + منطقة شواء خاصة
- ديوانية خارجية (12×5) مع مطبخ ودورة مياه
- مواقف سيارات: 2 داخلي + 10 خارجي
 
السوم : 3 مليون 800 الف 

💰 السعر للبيع: 4 مليون و 200 الف
 
📌 قابل للتفاوض مع الجادين


الموقع : 

https://maps.app.goo.gl/aYy2WQ9HvvP8mtcQ6?g_st=ic",26.262489,50.072052,https://images.aqar.fm/webp/750x0/props/015942085_1780408426274.jpg,8.0,عادل بن عبدالرحمن بن احمد آل سعيد,مؤسسة عادل بن عبدالرحمن بن احمد آل سعيد للعقارات,1.0,2026-06-02,2026-06-02,2026-09-25,1921,2026-09-27,True,"4,200,000",False,فيلا
6578949,https://sa.aqar.fm/فلل-للبيع/الظهران/حي-ارامكو-السعودية/شارع19أ-حي-أجيال-الظهران-الدمام-6578949,"فيلا للبيع في شارع 2603018, حي الظهران, مدينة الظهران, المنطقة الشرقية",3950000,621,5,5.0,3.0,3,حي ارامكو السعودية,الظهران,حي ارامكو السعودية,"فيلا نوع 600 مساحتها 621 م
على ثلاث شوارع, واجهة الحوش شرقية

مضاف لها غرفة سائق مع دورة المياه
الفيلا مكيفة بالكامل سبليت

5 غرف نوم بدورات مياه لكل غرفة
مجلس ومقلط
صالتين عائلية كبيره في كل دور صاله
صالة اضافية في الدور الارضي

مستودعين, غرفة غسيل, غرفة جيم, غرفة عاملة منزلية بدورة المياه, كراج داخلي لسيارتين بالاضافة الى 3 مواقف امام المنزل",26.260973,50.065439,https://images.aqar.fm/webp/750x0/props/050442559_1770408817720.jpg,7.0,حسن بن ضيف  الله بن لافي المالكي,,,2026-02-06,2026-02-07,2026-09-08,2531,2026-09-27,True,"3,950,000",False,فيلا
6635887,https://sa.aqar.fm/فلل-للبيع/الظهران/حي-ارامكو-السعودية/شارع-شارع-مكه-حي-الظهران-مدينة-الظهران-المنطقة-الشرقية-6635887,"فيلا للبيع في شارع شارع مكه, حي الظهران, مدينة الظهران, المنطقة الشرقية",2000000,356,4,,,6,حي ارامكو السعودية,الظهران,حي ارامكو السعودية,"🏡 دبلكس للبيع – حي أجيال الظهران

Duplex for Sale – Ajyal District, Dhahran

📍 الموقع: حي أجيال – الظهران
📍 Location: Ajyal District – Dhahran

🔹 موقع مميز قريب من الشارع العام (سهولة الدخول والخروج)
🔹 Prime location near main road (easy access and exit)

⸻

🔸 المساحة: 356.8 م²
🔸 Area: 356.8 sqm

🔸 الواجهة: شرقية
🔸 Facing: East

🔸 نوع العقار: دبلكس
🔸 Property Type: Duplex

⸻

🛏️ التفاصيل | Details:
	•	4 غرف نوم (منها غرف ماستر)
4 Bedrooms (including master rooms)
	•	صالة عائلية
Family living room
	•	مجلس + غرفة طعام
Majlis + Dining room
	•	5 دورات مياه
5 Bathrooms
	•	مطبخ
Kitchen
	•	غرفة خادمة + غرفة غسيل
Maid’s room + Laundry room
	•	موقف سيارة
Parking space

⸻

✨ المميزات | Features:
	•	موقع استراتيجي قريب من الشارع العام
Strategic location near main road
	•	سهولة الوصول والخروج
Easy access and exit
	•	حي راقي وهادئ
Quiet and upscale neighborhood
	•	قريب من جميع الخدمات
Close to all amenities
	•	تصميم عملي مناسب للعائلات
Practical family-friendly design

⸻

💰 السعر | Price:
2,000,000 SAR (Negotiable)

📞 للتواصل | Contact:
0568300022",26.273723,50.071958,https://images.aqar.fm/webp/750x0/props/004783303_1775219517282.jpg,18.0,خالد محمد عبدالغفور الشيخ,مؤسسة خالد محمد عبدالغفور الشيخ للخدمات العقارية,1.0,2026-03-30,2026-09-21,2026-09-21,1141,2026-09-27,True,"2,000,000",False,فيلا
6548104,https://sa.aqar.fm/فلل-للبيع/الظهران/حي-ارامكو-السعودية/شارع-الجبيل-حي-الظهران-مدينة-الظهران-المنطقة-الشرقية-6548104,"فيلا للبيع في شارع الجبيل, حي الظهران, مدينة الظهران, المنطقة الشرقية",2850000,503,6,5.0,0.0,5,حي ارامكو السعودية,الظهران,حي ارامكو السعودية,"للبيع
‎الموقع: حي أجيال أرامكو 
‎مساحة: ٥٠٠ م٢ 
‎مواصفات: 
‎- *خمس غرف نوم* 🛌 
‎- * سبع  دورات مياه * 🛁 🚽 
‎- *٢ صالة * واحده بالدور الاول و وحدة بالدور الثاني 🛋 
‎- * مجلس و مقلط *
‎- * مطبخ راكب مع خزائن*
‎- * ٢ مخزن * بالدور الأول
‎- *كراج سيارات يكفي سيارتين*
‎- *غرفة شغالة بحمامها بالدور الثالث*
‎- *مكيفات بكل الغرف* & *سخان مركزي*
‎- * البيت معزول كامل*

‎مميزات الڤيلا: 
جار واحد فقط 
يبعد ٥ دقائق مشي عن مدارس اجيال العالمية
‎- دقيقتين مشي من الحدائق و ألعاب الأطفال
‎- متوفر انترنت فايبر
‎- حي جديد و راقي

امكانية بيع الفيلا على اى شخص. 
عمر الفيلا 6 سنوات 
ساكن اول مستاحر اول 
ب٧٥ الف ريال سنوي موجري قابل للتجديد او الاخلاء حسب رغبه المالك الجديد 
السعر قابل للتفاوض
ونرحب بكل الوسطاء.",26.25706,50.073042,https://images.aqar.fm/webp/750x0/props/001965771_1768509801521.jpg,9.0,احمد بن عبدالعزيز بن ابراهيم الضعيان,,,2026-01-15,2026-01-15,2026-06-29,3003,2026-09-27,True,"2,850,000",False,فيلا
6849410,https://sa.aqar.fm/فلل-للبيع/الظهران/حي-ارامكو-السعودية/شارع23ا-حي-الظهران-مدينة-الظهران-المنطقة-الشرقية-6849410,"فيلا للبيع في شارع23ا, حي الظهران, مدينة الظهران, المنطقة الشرقية",2900000,581,8,6.0,3.0,8,حي ارامكو السعودية,الظهران,حي ارامكو السعودية,"للبيع فيلا سكنيه 
حي اجيال موقع مميز قريب للمداخل والمخارج وجميع الخدمات

فيلا بناء شخصي 
العمر 8 سنوات
(( رهن شركة ارامكو 850 الف ))
المساحه 581 م زاويه ومن الخلف ساحه
للتواصل///
((الرقم يظهر عند الضغط على اتصال))
((الرقم يظهر عند الضغط على اتصال))

بناء كود سعودي",26.269263,50.064813,https://images.aqar.fm/webp/750x0/props/018721920_1788110496307.jpg,2.0,عبدالله المطيري,مؤسسة مكتب افراغ العقارية,1.0,2026-08-30,2026-08-30,2026-09-14,433,2026-09-27,True,"2,900,000",False,فيلا
6749673,https://sa.aqar.fm/فلل-للبيع/الظهران/حي-ارامكو-السعودية/شارع10ب-حي-أجيال-الظهران-الدمام-6749673,"فيلا للبيع في شارع 10ب, حي الظهران, مدينة الظهران, المنطقة الشرقية",3200000,508,5,5.0,3.0,5,حي ارامكو السعودية,الظهران,حي ارامكو السعودية,$5e,26.269117,50.068588,https://images.aqar.fm/webp/750x0/props/019077737_1782563230225.jpg,8.0,وائل بن عيسى بن علي الملاء,,,2026-06-27,2026-06-28,2026-09-22,634,2026-09-27,True,"3,200,000",False,فيلا
6891868,https://sa.aqar.fm/فلل-للبيع/الظهران/حي-ارامكو-السعودية/شارع10أ-حي-أجيال-الظهران-الدمام-6891868,فيلا للبيع في شارع10أ ، حي أجيال ، الظهران ، الدمام,1900000,354,5,5.0,2.0,5,حي ارامكو السعودية,الظهران,حي ارامكو السعودية,,26.263006,50.068802,https://images.aqar.fm/webp/750x0/props/055635840_1790397369662.jpg,1.0,ابراهيم بن محمد بن ابراهيم كريري,,,2026-09-26,,2026-09-26,3,2026-09-27,False,طلب تسويق,False,فيلا
6873049,https://sa.aqar.fm/فلل-للبيع/الظهران/حي-ارامكو-السعودية/شارع-الظهران-حي-الظهران-مدينة-الظهران-المنطقة-الشرقية-6873049,"فيلا للبيع في شارع الظهران, حي الظهران, مدينة الظهران, المنطقة الشرقية",4300000,671,7,0.0,0.0,5,حي ارامكو السعودية,الظهران,حي ارامكو السعودية,"فيلا راقيه  للبيع 
بحي اجيال المنطقه الشرقيه الظهران ارامكو
مساحه 
٦٧١ متر٢
زاويه 
موقع استراتيجي بجانب ا لحديقه 
الفيلا 
فيها تعديلات مسبح خارجي 
وتكييف 
ودواليب مطبخ",26.266404,50.071388,,,جواهر عبدالله,,,2026-09-13,2026-09-13,2026-09-23,122,2026-09-27,True,"4,300,000",False,فيلا
6852447,https://sa.aqar.fm/فلل-للبيع/الظهران/حي-القصور/شارع-العيينة-حي-القصور-مدينة-الظهران-المنطقة-الشرقية-6852447,"فيلا للبيع في شارع العيينة, حي القصور, مدينة الظهران, المنطقة الشرقية",3800000,1077,5,5.0,2.0,11,حي القصور,الظهران,حي القصور,"للبيع فيلا + دوبلكس زاوية حي القصور
بناء شخصي

الفيلا 
الدور الارضي / مجلسين + مقلط + صاله + مطبخين
الدور الاول / صاله + ٥ غرف نوم 
العلوي ملحق الخادمة والغسيل
مجلس خارجي


الدوبلكس مدخل مستقل 
الارضي مجلس + صاله + مطبخ
العلوي غرفتين نوم


السعر ٣.٨٠٠.٠٠٠ ريال
السوم واصل ٣.٥٠٠.٠٠٠ ريال


ارجو من المشتري الاتصال 
نسعد بخدمتكم",26.351866,50.141357,https://images.aqar.fm/webp/750x0/props/034425999_1788269180853.jpg,5.0,عبدالرحمن بن عبداللطيف بن عبدالرحمن المعيبد,شركة تصور العقارات العقارية,1.0,2026-09-01,2026-09-01,2026-09-19,1011,2026-09-27,True,"3,800,000",False,فيلا
6802273,https://sa.aqar.fm/فلل-للبيع/الظهران/حي-القشلة/شارع-الزيزفون-حي-الحسام-مدينة-الدمام-المنطقة-الشرقية-6802273,"فيلا للبيع في شارع الزيزفون, حي الحسام, مدينة الدمام, المنطقة الشرقية",1650000,516,6,,,3,حي القشلة,الظهران,حي القشلة,"للبيع - ،
دبلوكسين متصلين. سعر الدبلكس الواحد1650000
يمكن تقسيم الدبلوكس إلى شقتين.
حي الحسام - أرامكو.
خلف الغرفه التجاريه.
بجانب حي الراكه.
المبنى جديد شمالي.
يوجد طبلون كهرباء لكل دور.
مساحة الدبلوكسين 700 م.
كل دبلوكس 350 م.
كل دبلوكس يحتوي على:
عداد كهرباء مستقل 
عداد ماء مستقل.
جميع المطابخ جاهزه.
يوجد سخان ماء لجميع الحمامات والمطابخ.
جميع الغرف مزوده بمكيفات سبليت Gree.
عدد 15 مكيف لكل دبلوكس.
خزان أرضي وخزان علوي.
البناء يحتوي مدخلين.
عوازل جدران وأسقف.
عازل مائي في السطح.
عازل مائي للحمامات.
أصباغ داخليه Jotun
أرضيات سيراميك.
الدرج رخام.
أسقف مستعاره.
إضاءه ظاهره ومخفيه.
الدبلوكس يحتوي على:
دورين وملحق السطح.
عدد 3 مطابخ.
الدور الأرضي:
3 غرف
3 حمام
1 صاله
1 مطبخ رئيسي
1 مطبخ خارجي
1 غرفة سائق مع حمام
1 كراج سياره
الدور الأول:
4 غرف
3 حمام
1 صاله
ملحق السطح:
2 غرفه
2 حمام
1 صاله ومطبخ صغير
سطح",26.38766,50.17197,https://images.aqar.fm/webp/750x0/props/047817523_1785689303714.jpg,8.0,سالمين مبارك,شركة محمد النهدي العقارية,1.0,2026-08-02,2026-08-31,2026-09-11,899,2026-09-27,True,"1,650,000",False,فيلا
6737071,https://sa.aqar.fm/فلل-للبيع/الظهران/حي-الجامعة/شارع-13أ-حي-الجامعة-مدينة-الظهران-المنطقة-الشرقية-6737071,"فيلا للبيع في شارع 13أ, حي الجامعة, مدينة الظهران, المنطقة الشرقية",1850000,465,5,0.0,0.0,11,حي الجامعة,الظهران,حي الجامعة,"💠للبـيـع فيـلا في حي الجامعة 💠

📍حي الجامعة (الربوة) / الظهران
 مساحة الفيلا 465 متر مربع 
الواجهه شرقي / شارع عرض 15 متر 
العمر : ١٤ سنة تقريباً 

💠مكونـات الفيـلا  : 

الدور الارضي :

-مجلسين رجال 
-مجلس نساء 
-طاولة طعام 
-صالة 
-مطبخ
-مسبح 

الدور الاول : 

-عدد خمس غرف نوم ماستر 
-صالة عائلية 
-بوفيه جانبي 

الدور الثاني :

غرفة عاملة
-غرفة غسيل 
-دورة مياه 
-السطح

———————————
-يوجد غرفة سائق",26.342098,50.133843,https://images.aqar.fm/webp/750x0/props/024383609_1786038269517.jpg,1.0,عبدالله الشهراني,شركة اثرا العقارية,1.0,2026-06-17,2026-09-13,2026-09-27,3569,2026-09-27,True,"1,850,000",False,فيلا
6843728,https://sa.aqar.fm/فلل-للبيع/الظهران/حي-القصور/شارع-الهفوف-حي-الجامعيين-مدينة-الدمام-المنطقة-الشرقية-6843728,"فيلا للبيع في شارع الهفوف, حي الجامعيين, مدينة الدمام, المنطقة الشرقية",2380000,286,7,7.0,3.0,0,حي القصور,الظهران,حي القصور,"فيلا سكنية جديدة ضمن مشروع «القصور» في حي القصور بالمنطقة الشرقية، على مقربة من أرامكو، في نطاق مكتمل البنية التحتية. تتميز الفيلا بواجهة حجر مركّبة ميكانيكياً وصالات مفتوحة بإضاءة طبيعية. المشروع يُسوَّق حصرياً عبر «بيتك ومسكنك»، والتفاصيل التالية مستندة إلى بطاقة مواصفات المطوّر.

الإنشاء والهيكل
خرسانة بقوة تقارب 4000 PSI للأعمدة والأسقف، وحديد وطني.
فحص تربة قبل التنفيذ، والأرض صخرية الطبيعة.
تأمين ضد العيوب الخفية لمدة 10 سنوات.
العزل والمياه
عزل مائي بضمان 10 سنوات يشمل دورات المياه والأسطح.
عزل حراري بالفوم بضمان 10 سنوات.
تغذية مباشرة من الشبكة إلى الخزانات — بدون خزان أرضي.
السباكة والكهرباء
نظام صرف أمريكي معلّق، ومواسير نيبرو، وأنابيب حرارية بضمان يصل إلى 50 سنة.
سخان مركزي بضمان 7 سنوات، وأدوات صحية بضمان مورّد 5 سنوات.
أسلاك الرياض بضمان مصنعي يتراوح بين 25 و30 سنة، وقواطع الفنار.
تأسيس كاميرات، وتأسيس إنترنت وألياف بصرية.
التكييف
تأسيس تكييف سبليت مع تمديد نحاس من الدور الأرضي حتى سطح الملحق، بما يخفي الوحدات الخارجية عن الواجهات.
تصريف مخفي للوحدات.
الأبواب والنوافذ والتشطيبات
أبواب UPVC مقاومة للماء والرطوبة والأرضة بضمان 10 سنوات.
نوافذ ألمنيوم بزجاج مزدوج أمريكي، وسيليكون ألماني، ودهان الزامل.
بورسلان وطني، ورخام في الدرج والمداخل، ودهانات جوتن قابلة للغسيل.
واجهات حجر بتركيب ميكانيكي (مسامير ومراسٍ) — أمتن من التركيب التقليدي.
تأسيس فرن كهربائي وشفاط، وتأسيس مصعد.
تفاصيل الأدوار
الدور الأرضي: مجلس بدورة مياه، ومقلط مفتوح، وصالة بدورة مياه، ومطبخان (مفتوح ومغلق)، ومستودع مخفي تحت الدرج، وحوش خلفي، مع مصعد مؤسّس بجانب الدرج.
الدور الأول: صالة عائلية و3 غرف نو",26.347243,50.156389,https://images.aqar.fm/webp/750x0/props/012474876_1787780114486.jpg,30.0,ناصر عبدالرحمن ناصر البيشي,مؤسسة بيتك و مسكنك للخدمات العقارية,1.0,2026-08-26,2026-09-25,2026-09-25,355,2026-09-27,True,"2,380,000",False,فيلا
6734794,https://sa.aqar.fm/فلل-للبيع/الظهران/حي-الدانة-الجنوبية/شارع-عفيف-حي-الدانة-الجنوبية-مدينة-الظهران-المنطقة-الشرقية-6734794,"فيلا للبيع في شارع عفيف, حي الدانة الجنوبية, مدينة الظهران, المنطقة الشرقية",2700000,691,7,3.0,2.0,11,حي الدانة الجنوبية,الظهران,حي الدانة الجنوبية,"⚠️ يلزم التنسيق قبل الحضور من اجل المعاينة ⚠️

للبيع فيلا فاخرة في الظهران حي الدانة الجنوبية

🔴الدور الارضي 
قبو كبير
 مجلس  رجال 
غرفة طعام رجال
 مجلس صغير 
دورة مياه   
صالة كبيرة  
مطبخ 
دورة مياه نساء 
مجلس نساء  
مستودع 
 حديقة خارجيه
مسبح 
غرفة سواق بمدخل خاص 
الكراج 

🔴الدور الاول
 2 غرفة  نوم رئيسية (+ دورة مياة ) 
4 غرف نوم مع حمام مشترك

🔴 الدور الثاني 
غرفة عاملة منزلية 
 غرفة غسيل

⚠️ يلزم التنسيق قبل الحضور من اجل المعاينة ⚠️",26.326635,50.15116,https://images.aqar.fm/webp/750x0/props/007308553_1781602851167.jpg,1.0,بندر بن عبدالعزيز,مكتب أعالي للخدمات العقارية,1.0,2026-06-16,2026-09-11,2026-09-22,2285,2026-09-27,True,"2,700,000",False,فيلا
6797442,https://sa.aqar.fm/فلل-للبيع/الظهران/حي-القصور/شارع-الوادى-مدينة-الظهران-المنطقة-الشرقية-6797442,"فيلا للبيع في شارع الوادى, مدينة الظهران, المنطقة الشرقية",1700000,285,5,,,9,حي القصور,الظهران,حي القصور,"مجمع ماربيلا الظهران 
للبيع فيلا دورين
المساحة الاجمالية : ٤٠٣ م٢
الدور الاول :
صالة كبيرة - مجلس - غرفة طعام - ٢ دورات مياة - مطبخ - مستودع
الدور الثاني:
صالة كبيرة
غرفة ماستر مع حمام -غرفة ملابس -جاكوزي -بلكونة
2 غرفة نوم يخدمهم حمام
غرفة خادمة مع حمام
مميزات المجمع :
بهو فخم جداً 
محلات تجارية (سوبرمارکت - مشغل نسائي- حلاق رجالي )
مركز رجال اعمال
صالة رياضية متكاملة VIP( مسبح - جاكوزي - ساونا - بخار )
منطقة الاستقبال لخدمة السكان ٢٤ ساعة
صالة افراح فخمة
منطقة العاب اطفال
روضة اطفال
يوجد رسوم",26.338492,50.153514,https://images.aqar.fm/webp/750x0/props/016722128_1741880560654.jpg,1.0,بهاء عبد الرحمن,شركة جهد العقارية شركة شخص واحد,1.0,2026-07-30,2026-07-30,2026-09-26,770,2026-09-27,True,"1,700,000",False,فيلا
6808845,https://sa.aqar.fm/فلل-للبيع/الظهران/حي-الدوحة-الجنوبية/شارع-الخزامى-مدينة-الظهران-المنطقة-الشرقية-6808845,"فيلا للبيع في شارع الخزامى, مدينة الظهران, المنطقة الشرقية",5300000,815,6,5.0,5.0,8,حي الدوحة الجنوبية,الظهران,حي الدوحة الجنوبية,$5f,26.325917,50.172457,https://images.aqar.fm/webp/750x0/props/033740141_1722957728036.jpg,1.0,مشعل غرم الله بن علي الزهراني,مؤسسة إسهام الشرق للصيانة والنظافة,1.0,2026-08-06,2026-09-04,2026-09-24,1844,2026-09-27,True,"5,300,000",False,فيلا
6782842,https://sa.aqar.fm/فلل-للبيع/الظهران/حي-الدوحة-الشمالية/شارع-الحارث-بن-قيس-حي-الدوحة-الشمالية-مدينة-الظهران-المنطقة-الشرقية-6782842,"فيلا للبيع في شارع الحارث بن قيس, حي الدوحة الشمالية, مدينة الظهران, المنطقة الشرقية",1600000,600,8,,,11,حي الدوحة الشمالية,الظهران,حي الدوحة الشمالية,"فيلا للبيع – فرصة استثمارية مميزة
📍 الظهران | حي الدوحة الشمالية

فرصة نادرة لامتلاك عقار بموقع مميز في أحد أفضل أحياء الظهران، مناسب للسكن أو الاستثمار وإعادة التطوير.

تفاصيل العقار:

📍 الموقع: حي الدوحة الشمالية – الظهران
📐 المساحة: 600 م²
🧭 الواجهة: شرقية
🛣️ عرض الشارع: 18 متر
📏 أبعاد الأرض: 20 × 30 متر تقريبًا

مميزات العقار:
✅ موقع مميز داخل حي هادئ ومخدوم.
✅ أرض منتظمة تسهّل التصميم والاستفادة القصوى من المساحة.
✅ مناسبة لبناء فيلا فاخرة أو مشروع سكني.
✅ قيمة استثمارية عالية مع إمكانية إعادة التطوير.
✅ قريبة من جميع الخدمات والطرق الرئيسية.

العقار عبارة عن بيت قائم على أرض سكنية، وتُعد القيمة الأساسية في الأرض وموقعها المميز.

💰 السعر المطلوب:
1,600,000 ريال",26.333602,50.166729,https://images.aqar.fm/webp/750x0/props/044303835_1784571640690.jpg,1.0,علاء بن سعيد بن جواد البوحليقه,مؤسسة مكتب ثلاثيات لادارت الاملاك,1.0,2026-07-20,2026-09-17,2026-09-24,2645,2026-09-27,True,"1,600,000",False,فيلا
6716027,https://sa.aqar.fm/فلل-للبيع/الظهران/حي-القشلة/شارع-السنبلة-حي-الحسام-مدينة-الدمام-المنطقة-الشرقية-6716027,"فيلا للبيع في شارع السنبلة, حي الحسام, مدينة الدمام, المنطقة الشرقية",1900000,664,5,0.0,0.0,0,حي القشلة,الظهران,حي القشلة,"دبلوكسين حي الحسام
متصل منفصل انشائي 
المساحه / ٣٣٠م
تشطيب فاخر بمواد عالية الجوده ( بناء شخصي )
كل دوبلكس مكون من :
الدور الأرضي :
مدخل مستقل - كراج
غرفة سائق + حمام 
خزان ارضي 
مجلس رجال - مقلط - مغاسل دورة مياه 
مجلس نساء دورة مياه 
غرفة مصعد 
صاله مطله على المسبح 
مطبخ مفتوح - مطبخ داخلي - مخزن - غرفة غسيل 

الدور الأول 
غرفة نوم ماستر غرفة ملابس 
غرفتين نوم بحماماتها 
صاله - بوفيه 

الملحق 
غرفه بحمام مطله عالسطح 
غرفة  بحمام 
غرفة غسيل - مخزن 

السعر قابل للتفاوض",26.390169,50.169712,https://images.aqar.fm/webp/750x0/props/052805176_1780405458410.jpg,8.0,خالد بن حمد بن علي اليامي,شركة مراسيم للخدمات العقارية,1.0,2026-06-02,2026-08-28,2026-08-28,2486,2026-09-27,True,"1,900,000",False,فيلا
6878990,https://sa.aqar.fm/فلل-للبيع/الظهران/حي-الدانة-الشمالية/شارع-الخرج-حي-الدانة-الشمالية-مدينة-الظهران-المنطقة-الشرقية-6878990,"فيلا للبيع في شارع الخرج, حي الدانة الشمالية, مدينة الظهران, المنطقة الشرقية",2200000,250,4,,,0,حي الدانة الشمالية,الظهران,حي الدانة الشمالية,"للبيع دبلكس متصل في الظهران حي الدانة مخطط رقم 326
مساحة 250 م
المواصفات:حوش، كراج سيارة، مدخلين 
الدور الاول: مجلس، دورة مياة، مقلط، صالة كبيرة ، دورة مياة، مطبخ، مستودع، دورة مياة 
الدور الثاني: غرفة نوم رئيسية، غرفة نوم ماستر، غرفة نوم بحمام، غرفة نوم ، صالة
الملحلق: غرفة نوم ماستر ، غرفة نوم، صالة كبيرة مطله على السطح ، دورة مياه .
تكييف مركزي راكب ، اسبليت غير راكب 
اشراف هندسي ، ضمانات على السباكة والكهرباء والكراج والخزانات والعزل 
السعر : 2,200,000
جوال : ((الرقم يظهر عند الضغط على اتصال))
نستقبل طلباتكم العقارية ونقوم بتسويق عروضكم باحترافية عبر فريق متمكن يمتلك خبرة طويلة في تسويق العقارات السكنية والتجارية والصناعية .",26.335071,50.137766,https://images.aqar.fm/webp/750x0/props/011306226_1789635355470.jpg,1.0,ناصر زيد,شركة سديرة العقارية,1.0,2026-09-17,2026-09-17,2026-09-17,389,2026-09-27,True,"2,200,000",False,فيلا
6787687,https://sa.aqar.fm/فلل-للبيع/الظهران/حي-القصور/شارع-القنفدة-حي-القصور-مدينة-الظهران-المنطقة-الشرقية-6787687,"فيلا للبيع في شارع القنفدة, حي القصور, مدينة الظهران, المنطقة الشرقية",4250000,500,6,5.0,4.0,0,حي القصور,الظهران,حي القصور,"🏠 فيلا حي القصور  🏠

 
- عدد 6 غرف نوم   
- صالة كبيرة 
- مجلسين 
- ديوانية 
- صالة طعام 
- غرفة غسيل   
- غرفة سائق 
- غرفة خادمة 
- مطبخ 


 
🏠 مميزات الفيلا 🏠

- كراج يتسع لسيارتين 
- ارتفاع الأسقف 
- بالقرب من المسجد 
- بالقرب من ممشى القصور 
- بالقرب من الخدمات الرئيسية 
- بالقرب من المشاريع الترفيهة 


التواصل مباشرة قسم المبيعات 

حسام : ((الرقم يظهر عند الضغط على اتصال))",26.341761,50.156892,https://images.aqar.fm/webp/750x0/props/050835939_1784832149197.jpg,23.0,نبيل جابر,مؤسسة إسناد الإتقان,1.0,2026-07-23,2026-09-20,2026-09-25,3007,2026-09-27,True,"4,250,000",False,فيلا
6852401,https://sa.aqar.fm/فلل-للبيع/الظهران/حي-القشلة/حي-الصفاء-مدينة-الدمام-المنطقة-الشرقية-6852401,"فيلا للبيع في حي الصفاء, مدينة الدمام, المنطقة الشرقية",2200000,575,10,5.0,2.0,11,حي القشلة,الظهران,حي القشلة,"فيلا للبيع | الدمام – حي الصفا

فرصة مميزة للسكن في حي الصفا بالدمام

فيلا سكنية للبيع بمساحة 575م²، تتميز بموقعها وواجهتها الشرقية على شارع بعرض 15م، وبناء شخصي، وعمر العقار قرابة 16 سنة.

العقار عبارة عن دورين وملحق، بتوزيع واسع وعملي يناسب العائلة الكبيرة:

الدور الأرضي

يتكون من:

حوش واسع
كراج
مدخل رجال ومدخل نساء
غرفة سائق
مجلس رجال
مقلط
صالة
مجلس نساء
مطبخ
مستودع
الدور الأول

يتكون من:

صالة
غرفتين مع حمام
3 غرف ماستر
الملحق

يتكون من:

غرفة عاملة
غرفة غسيل
سطح كبير

مميزات العقار:
مساحة أرض ممتازة، واجهة شرقية، شارع 15م، توزيع مناسب وخصوصية عالية، مع تعدد المجالس والغرف والخدمات.

الموقع: الدمام – حي الصفا
المساحة: 575م²
العمر: حوالي 16 سنة
الواجهة: شرقية
الشارع: 15م
التكوين: دورين + ملحق
للتواص ك ((الرقم يظهر عند الضغط على اتصال)) _((الرقم يظهر عند الضغط على اتصال))
شركة سلطان ريال استيت
ترخيص فال: 1200043435
ترخيص الإعلان: 7201112663",26.37791,50.1869,https://images.aqar.fm/webp/750x0/props/051531623_1788267937694.jpg,12.0,سلطان بن عمار بن علي الخالدي,شركة سلطان ريال إستيت,1.0,2026-09-01,2026-09-01,2026-09-24,383,2026-09-27,True,"2,200,000",False,فيلا
6808891,https://sa.aqar.fm/فلل-للبيع/الظهران/حي-القشلة/شارع-ربيعة-الدرامي-حي-الراكة-الشمالية-مدينة-الدمام-المنطقة-الشرقية-6808891,"فيلا للبيع في شارع ربيعة الدرامي, حي الراكة الشمالية, مدينة الدمام, المنطقة الشرقية",960000,222,4,4.0,1.0,0,حي القشلة,الظهران,حي القشلة,"فلل الصفا | المنطقة الشرقية - حي الراكة الشمالية

فرصة مميزة للسكن أو الاستثمار بعائد سنوي يصل إلى 8%
المشروع مميز ومتبقي منه 40% فقط

النماذج
نموذج C يبدأ من 850 ألف ريال
نموذج B يبدأ من 960 ألف ريال
نموذج A يبدأ من1,050,00 ريال ""تم البيع""

المرافق:
الدور الأرضي: موقف سيارة، مجلس، صالة معيشة، مطبخ، دورة مياه، مساحة خارجية
الدور الأول: غرفة نوم رئيسية مع دورة مياه، غرفتين نوم، ودورتين مياه
الملحق: غرفة نوم، دورة مياه، غرفة غسيل، غرفة عاملة، وجلسة خارجية

مميزات الموقع:
منطقة مميزة سهلة الخروج والدخول بين الخبر والدمام.
7 دقائق عن ملعب أرامكو.
7 دقائق عن الراكة سكوير.
9 دقائق عن إثراء.
9 دقائق عن الظهران إكسبو.
9 دقائق عن الأفنيوز.
9 دقائق عن مستشفى دله.
11 دقيقة عن جامعة الإمام عبدالرحمن بن فيصل.


حياك في فيلا العرض 
المشروع مكتمل وجاهز 100% 

للتواصل ومعرفة تفاصيل المساحات والمخططات وحجز موعد للمعاينة، يرجى التواصل عبر الواتساب أو الاتصال.
⁦((الرقم يظهر عند الضغط على اتصال))⁩",26.373469,50.184713,https://images.aqar.fm/webp/750x0/props/044023807_1786018406594.jpg,11.0,سعد عادل بن سعد المعمر,شركة إحياء العقارية,1.0,2026-08-06,2026-09-04,2026-09-04,3312,2026-09-27,True,"960,000",False,فيلا
6847705,https://sa.aqar.fm/فلل-للبيع/الظهران/حي-القشلة/شارع-28ج-حي-الراكة-الشمالية-مدينة-الدمام-المنطقة-الشرقية-6847705,"فيلا للبيع في شارع 28ج, حي الراكة الشمالية, مدينة الدمام, المنطقة الشرقية",4990000,942,6,5.0,3.0,11,حي القشلة,الظهران,حي القشلة,"قناص الخبر العقارية . 

لإدارة الأملاك وبيع وتسويق الأراضي والوحدات العقارية . 

🔵 فيلا راقية للبيع زواية في حي الصفا . 

مساحة الارض ٩٤٢ م ..
على شارعين 
شمال ٢٠ م
غرب  ١٦  م
البيت طابقين 
الطابق الارضي
دوانية خارجية 
حوش يتسع ٥ سيارات 
يوجد بركة سباحة تم دفنها مع غرفة شور 
مجلس رجال وغرفة طعام 
 صالة كبيرة  
مجلس نساء
غرفة نوم ماست
مطبخ 
٣ دورات مياه 
الطابق العلوي:
صالة كبيرة 
٦ غرف نوم 
٥ غرف منهم ماستر ( مع دورة مياه )
الطابق الاعلى 
٢ غرفة للخدم .
يوجد ديوانية في الحوش 
يوجد تاسيس مسبح ولكن تم ردمه .
مكيفات مركزي  شركة trane  نوع ( package )  .",26.372548,50.180055,https://images.aqar.fm/webp/750x0/props/003840474_1788025581646.jpg,1.0,عبدالرحمن بن وليد بن محمد القناص,مؤسسة قناص الخبر للعقارات,1.0,2026-08-29,2026-08-29,2026-09-17,572,2026-09-27,True,"4,990,000",False,فيلا
6843705,https://sa.aqar.fm/فلل-للبيع/الظهران/حي-القصور/شارع-الهفوف-حي-القصور-مدينة-الظهران-المنطقة-الشرقية-6843705,"فيلا للبيع في شارع الهفوف, حي القصور, مدينة الظهران, المنطقة الشرقية",2380000,281,7,6.0,3.0,0,حي القصور,الظهران,حي القصور,$5f,26.347059,50.156551,https://images.aqar.fm/webp/750x0/props/012474877_1787779603578.jpg,27.0,ناصر عبدالرحمن ناصر البيشي,مؤسسة بيتك و مسكنك للخدمات العقارية,1.0,2026-08-26,2026-09-25,2026-09-25,545,2026-09-27,True,"2,380,000",False,فيلا
6758970,https://sa.aqar.fm/فلل-للبيع/الظهران/حي-القصور/حي-القصور-مدينة-الظهران-المنطقة-الشرقية-6758970,"فيلا للبيع في حي القصور, مدينة الظهران, المنطقة الشرقية",3940000,410,7,5.0,0.0,0,حي القصور,الظهران,حي القصور,$5c,26.348208,50.148743,https://images.aqar.fm/webp/750x0/props/048910665_1783164550382.jpg,19.0,مبارك محمد,شركة أملاك القصور,1.0,2026-07-04,2026-08-31,2026-09-01,1396,2026-09-27,True,"3,940,000",False,فيلا
6761647,https://sa.aqar.fm/فلل-للبيع/الظهران/حي-الدوحة-الجنوبية/شارع-الدوحة-حي-الدوحة-الجنوبية-مدينة-الظهران-المنطقة-الشرقية-6761647,"فيلا للبيع في شارع الدوحة, حي الدوحة الجنوبية, مدينة الظهران, المنطقة الشرقية",3400000,1016,9,5.0,3.0,11,حي الدوحة الجنوبية,الظهران,حي الدوحة الجنوبية,"💠للبـيـع فيـلا فاخرة 💠
-المساحه: 1,016 متر مربع
-عمر العقار: فوق ال25 سنه

-المواصفات: دورين مكون من ٩ غرف نوم ٨ منهم ماستر و ٤ صالات و مجلس حريم و مجلس رجال(خارجي) و باتيو داخلي و باتيو خارجي و غرفة خادمة و غرفة سائق و مطبخ داخلي و مطبخ خارجي 
و بلكونه علويه

الدور الارضي: صاله، و صاله دبل هايت واجهة قزاز و جناح كامل بمدخل خاص مكون من غرفه و صاله و حمام بالامكان تحويلها الى مجلس حريم و غرفة طعام و  غرفة ماستر رئيسيه مع مخزن ملابس و حمام و مطله على الباتيو الداخلي و ٢ غرف ماستر و مطبخ داخلي و مطبخ خارجي و غرفة الخادمه و مخزن و غرفة غسيل 

الدور الاول: صاله و غرفة غسيل و ٣ غرف ماستر و غرفه عاديه و جناح كامل مكون من غرفة رئيسيه و حمام و غرفة ملابس و بلكونه و جاكوزي داخل الغرفه خارج الحمام 

-السعر: 3,400,000 ريال سعودي قابل للتفاوض",26.326254,50.156025,https://images.aqar.fm/webp/750x0/props/024383608_1783321977837.jpg,8.0,عبدالله الشهراني,شركة اثرا العقارية,1.0,2026-07-06,2026-09-02,2026-09-27,1500,2026-09-27,True,"3,400,000",False,فيلا
6809175,https://sa.aqar.fm/فلل-للبيع/الظهران/حي-القشلة/شارع-النرجس-حي-الحسام-مدينة-الدمام-المنطقة-الشرقية-6809175,"فيلا للبيع في شارع النرجس, حي الحسام, مدينة الدمام, المنطقة الشرقية",2500000,765,5,0.0,0.0,0,حي القشلة,الظهران,حي القشلة,$5e,26.385237,50.175438,https://images.aqar.fm/webp/750x0/props/000300328_1786026856229.jpg,1.0,مروى عبدالحميد,مكتب ثبات الخليج العقاري,1.0,2026-08-06,2026-09-04,2026-09-15,940,2026-09-27,True,"2,500,000",False,فيلا
6858921,https://sa.aqar.fm/فلل-للبيع/الظهران/حي-القصور/شارع-رفحاء-حي-القصور-مدينة-الظهران-المنطقة-الشرقية-6858921,"فيلا للبيع في شارع رفحاء, حي القصور, مدينة الظهران, المنطقة الشرقية",5600000,775,7,7.0,4.0,10,حي القصور,الظهران,حي القصور,"فيلا فاخرة بتصميم مميز وموقع استراتيجي على شارعين (ركنية)  تمنحك أقصى درجات الخصوصية والمرونة ( البيع بدون الاثاث )

أبرز المميزات العامة
المساحة: 776 متر مربع
الموقع:
 ركنية ( واجهة شمالية شرقية )
الاستخدام: مثالية للسكن العائلي الراقي 

تفاصيل التوزيع الداخلي
غرف النوم:
 -5 غرف نوم (4 غرف منها أجنحة ماستر بحمامات خاصة).

المجالس والصالات:
مجلس رجال .
مجلس للنساء.
مقلط (صالة طعام).
صالة معيشة واسعة بالدور الأرضي.
صالة معيشة بالدور الأول.
حمّامان مستقلان لخدمة صالات المعيشة والمجالس.

المطابخ: مطبخان.

الخدمات:
غرفة خادمة كبيرة مع حمام خاص.
غرفة سائق مستقلة مع حمام خاص.
إجمالي عدد الحمامات: 8 

قريبه من جميع الخدمات من مدارس واسواق",26.346076,50.14839,https://images.aqar.fm/webp/750x0/props/046757646_1788627134612.jpg,29.0,فهد بن محمد,شركة عقارات فهد محمد النهدي,1.0,2026-09-05,2026-09-05,2026-09-26,894,2026-09-27,True,"5,600,000",False,فيلا
6695946,https://sa.aqar.fm/فلل-للبيع/الظهران/حي-تهامة/حي-تهامة-مدينة-الدمام-المنطقة-الشرقية-6695946,"فيلا للبيع في حي تهامة, مدينة الدمام, المنطقة الشرقية",1650000,250,10,5.0,2.0,0,حي تهامة,الظهران,حي تهامة,"للبيع دبلوكس شبه منفصل في حي تهامة الظهران 

• رقم المخطط 115/1
• ⁠رقم القطعه 121
• ⁠*المساحة 250م*
• ⁠الواجهه غرب 
• ⁠عرض شارع 15م

• الدور الارضي :
مجلس 
مقلط 
2 دورات مياة كراسي معلقه مع مغاسل خارجيه
صاله واسعه 
مطبخ ومستودع 

• الدور الاول:
4 غرف نوم 
2 غرفه ماستر 
2 غرفه تخدمها دورة مياه
صاله علويه

• الملحق
قسم خدمات وصاله علويه مع بوفيه 
قسم الخدمات 
غرفه عامله ماستر مع غسيل 
2 سطح امامي وخلفي 
يوجد سكاي لايت 

• مواد التشطيب و البناء:
شركاء النجاح 
مصنع الخليج للخرسانه والطابوق جميع الصبات 4000 الف مقاوم 
حديد سابك
أسلاك الرياض 
كيابل الرياض 
سباكه KTP
مواسير الصرف AGM 7m
دهانات جوتن
المنيوم 2 ملي قطاع 24
ابواب wbc شركه هاي لاند
تامين ملاذ 
اشراف هندسي
الطالبين و المفاتيح من شركة الفنار

*شركة آل شبلان العقارية*
رقم الرخصه 1200004206*
رقم التواصل ((الرقم يظهر عند الضغط على اتصال))

• ⁠*السعر 1650000 ( مليون 650الف﷼)*
• ⁠الموقع: https://maps.app.goo.gl/r7FDiY8NG2sSSoYH8?g_st=ic",26.356484,50.129975,https://images.aqar.fm/webp/750x0/props/009672368_1778690669119.jpg,1.0,عبدالله القحطاني,شركة علي بن سعد آل شبلان القحطاني المحدودة,1.0,2026-05-13,2026-09-07,2026-09-18,3346,2026-09-27,True,"1,650,000",False,فيلا
6695037,https://sa.aqar.fm/فلل-للبيع/الظهران/حي-الجامعة/شارع-الابرار-حي-الجامعة-مدينة-الظهران-المنطقة-الشرقية-6695037,"فيلا للبيع في شارع الابرار, حي الجامعة, مدينة الظهران, المنطقة الشرقية",1600000,400,4,4.0,5.0,11,حي الجامعة,الظهران,حي الجامعة,"فيلا للبيع في الظهران حي الجامعة 🏠   

ملاحظه الفيلا تحتاج ترميم  بحكم العمر  ‼️📝 
الموقع مميز 🤝 

زاوية بجانب مسجد 🕌 
عمر العقار 15 سنه  
قريبه من حدايق أرامكو والطريق السريعه 🚗 
* المساحة: 400 متر مربع 
* الواجهة: جنوب شرق 
* مدخلين 

تفاصيل العقار: 
الدور الأرضي:
 * صالة 
* 3 مجالس مع دورات مياه 
* صالة طعام 
* مطبخ خارجي
 الدور الثاني: 
* صالة 
* 4 غرف نوم ، منها غرفتان ماستر 
* مطبخ 
*دورة مياه 
الدور الثالث:
 * غرفة غسيل 
* غرفة خادمة مع دورة مياه
* غرفة سائق 

 السعر المطلوب : 1,600,000 ريال سعودي

شريكك الموثوق في تسويق عقاراتكم 
📞 للتواصل : ((الرقم يظهر عند الضغط على اتصال)) – ((الرقم يظهر عند الضغط على اتصال)) – 0133501543",26.339695,50.13473,https://images.aqar.fm/webp/750x0/props/001045957_1778660373763.jpg,7.0,سعد الشريف,مكتب نمار الاولى العقارية,1.0,2026-05-13,2026-08-08,2026-09-24,4440,2026-09-27,True,"1,600,000",False,فيلا
6792288,https://sa.aqar.fm/فلل-للبيع/الظهران/حي-الدوحة-الشمالية/شارع-الريف-حي-الدوحة-الشمالية-مدينة-الظهران-المنطقة-الشرقية-6792288,"فيلا للبيع في شارع الريف, حي الدوحة الشمالية, مدينة الظهران, المنطقة الشرقية",1950000,648,5,7.0,4.0,11,حي الدوحة الشمالية,الظهران,حي الدوحة الشمالية,"فيلا بحي الدوحة الشمالية
 تفاصيل الفيلا : 
  الدور الأرضي : 
  مجلس رجالي + مدخل خاص + غرفة طعام + دورة مياه + مجلس نساء + صالة + مطبخ مع الأجهزة + مستودع 
الدور الأول : 
  صالة + 4 غرف نوم ماستر مع دورات مياه +مطبخ صغير + مستودع . 
الدور الثاني : 
شقة مؤجرة 20 الف ريال بالسنة . 
مميزات : 
ــ الموقع مميز ومكتمل الخدمات . 
ـ متوفر مطبخ . 
ـ متوفر مكيفات في الفيلا . 
ــ متوفر مصعد داخل الفيلا . 
للتواصل : ((الرقم يظهر عند الضغط على اتصال))  /  ((الرقم يظهر عند الضغط على اتصال))",26.334407,50.167559,https://images.aqar.fm/webp/750x0/props/002983068_1786602512368.jpg,8.0,سعد عادل بن سعد المعمر,شركة إحياء المحدودة شركة شخص واحد,1.0,2026-07-27,2026-09-23,2026-09-23,1671,2026-09-27,True,"1,950,000",False,فيلا
6632668,https://sa.aqar.fm/فلل-للبيع/الظهران/حي-القشلة/شارع-عبدالرزاق-ابن-همام-حي-الصفاء-مدينة-الدمام-المنطقة-الشرقية-6632668,"فيلا للبيع في شارع عبدالرزاق ابن همام, حي الصفاء, مدينة الدمام, المنطقة الشرقية",912000,500,5,5.0,0.0,0,حي القشلة,الظهران,حي القشلة,"لمعرفة جميع التفاصيل بالكامل زوروا موقعنا 
https://www.iv-lines.com/
لاينز العقاريه 
فلل لاينز 02 (تاون هاوس)
في مدينة الخبر – حي الراكة الشمالية (الصفا)

يقع المشروع على شارع بعرض 40 متر، ويتكون من 8 فلل فقط، بتصاميم حديثة ومساحات تبدأ من 185 متر مربع، وبأسعار تبدأ من 912,000 ريال.

يتميز المشروع بموقعه القريب من ملعب ارامكو وجامعة الامام عبدالرحمن وجميع الخدمات، وبيئة سكنية هادئة مناسبة للعائلات، مع جودة تنفيذ وتصميم يلبي متطلبات الحياة العصرية.

مدة التسليم المتوقعة خلال شهر تقريبًا.
الحجز متاح الآن.

للتواصل ومعرفة التفاصيل، يرجى الاتصال
((الرقم يظهر عند الضغط على اتصال))
((الرقم يظهر عند الضغط على اتصال))",26.376514,50.187877,https://images.aqar.fm/webp/750x0/props/051704264_1774621129874.jpg,17.0,عبدالمحسن عبدالرحمن,شركة آي في لاينز العقارية,1.0,2026-03-27,2026-09-13,2026-09-15,3719,2026-09-27,True,"912,000",False,فيلا
6861468,https://sa.aqar.fm/فلل-للبيع/الظهران/حي-الدوحة-الجنوبية/شارع-صخر-بن-حرب-حي-الدوحة-الجنوبية-مدينة-الظهران-المنطقة-الشرقية-6861468,"فيلا للبيع في شارع صخر بن حرب, حي الدوحة الجنوبية, مدينة الظهران, المنطقة الشرقية",2900000,781,17,5.0,1.0,11,حي الدوحة الجنوبية,الظهران,حي الدوحة الجنوبية,"للبيع: فيلا مجددة بالكامل في الظهران
فرصة مميزة للسكن والاستثمار في حي الدوحة الجنوبية بمدينة الظهران.

تفاصيل العقار
	•	مساحة الأرض: 781.66 م²
	•	مسطح البناء: حوالي 1,000 م²
	•	فيلا مجددة بالكامل
	•	دور أرضي مستقل يضم مجالس داخلية وخارجية ومرافق متكاملة
	•	شقتان في الدور الأول بمدخل مستقل
	•	مداخل متعددة توفر الخصوصية والمرونة
	•	مناسبة للعائلات الكبيرة والسكن العائلي
	•	خيار مناسب للسكن والاستثمار في عقار واحد

مؤسسة طروح العقارية

للتواصل والاستفسار:
((الرقم يظهر عند الضغط على اتصال))
اتصال وواتساب",26.328108,50.167279,https://images.aqar.fm/webp/750x0/props/009008888_1788873638291.jpg,15.0,حسين سعد,مؤسسة طروح العقارية,1.0,2026-09-07,2026-09-07,2026-09-22,1006,2026-09-27,True,"2,900,000",False,فيلا
6756465,https://sa.aqar.fm/فلل-للبيع/الظهران/حي-القصور/شارع-11ج-حي-القصور-مدينة-الظهران-المنطقة-الشرقية-6756465,"فيلا للبيع في شارع 11ج, حي القصور, مدينة الظهران, المنطقة الشرقية",2900000,750,6,5.0,3.0,0,حي القصور,الظهران,حي القصور,$5e,26.339805,50.156224,https://images.aqar.fm/webp/750x0/props/010426839_1782989374657.jpg,1.0,بندر العتيبى,مؤسسة ابهار للتطوير العقاري,1.0,2026-07-02,2026-08-29,2026-09-26,2226,2026-09-27,True,"2,900,000",False,فيلا
6677252,https://sa.aqar.fm/فلل-للبيع/الظهران/حي-الجامعة/شارع-السرور-حي-الجامعة-مدينة-الظهران-المنطقة-الشرقية-6677252,"فيلا للبيع في شارع السرور, حي الجامعة, مدينة الظهران, المنطقة الشرقية",2050000,625,6,5.0,2.0,0,حي الجامعة,الظهران,حي الجامعة,$5e,26.345656,50.129798,https://images.aqar.fm/webp/750x0/props/010426838_1777650766688.jpg,1.0,بندر العتيبى,مؤسسة ابهار للتطوير العقاري,1.0,2026-05-01,2026-09-24,2026-09-24,3683,2026-09-27,True,"2,050,000",False,فيلا
6773700,https://sa.aqar.fm/فلل-للبيع/الظهران/حي-الجامعة/شارع-الاريج-حي-الجامعة-مدينة-الظهران-المنطقة-الشرقية-6773700,"فيلا للبيع في شارع الاريج, حي الجامعة, مدينة الظهران, المنطقة الشرقية",3000000,472,7,5.0,2.0,7,حي الجامعة,الظهران,حي الجامعة,تُعتبر هذه الفيلا الراقية التي تبلغ مساحتها 472 متر مربع، واحدة من أروع الخيارات السكنية التي تجمع بين الفخامة والراحة. تقع في زاوية مميزة على واجهة شرقية وآخر جنوبية، مما يمنحها إطلالة متميزة وتهوية طبيعية على مدار اليوم. كما تتميز بموقعها المثالي أمام حديقة عامة واسعة. تصميمها العصري والواسع يعكس أفضل معايير البناء ويُعدّ الخيار المثالي لمن يبحث عن الرفاهية والراحة . المساحة : 472 متر مربع الواجهة : زاوية شرقية و جنوبية الإطلالة : أمام حديقة عامة المداخل : 4 مداخل من الحوش و ومدخلين من الخارج التصميم الداخلي: الدور الأرضي : 3 مجالس مقلط، 2 مطبخ (مفتوح ومغلق) 3 دورات مياه الدور الأول : 5 غرف نوم (3 منها ماستر) 4 دورات مياه صالة 2 بلكونة الدور الثاني : غرفة غسيل غرفة عاملة منزلية دورة مياه المزايا : تهوية طبيعية، إضاءة ممتازة الموقع الاستراتيجي : تقع على ارض زاوية امام حديقة عامة وقريبه من الخدمات والمراكز التجارية والمرافق العامة شركة رافدة العقارية تسعد باستقبال عقاراتكم وتقديم خدمات تسويقية شاملة. للاستفسار والتواصل: ((الرقم يظهر عند الضغط على اتصال)) ((الرقم يظهر عند الضغط على اتصال)),26.342436,50.128879,https://images.aqar.fm/webp/750x0/props/028833687_1784042959392.jpg,25.0,فيصل مطلق,شركة رافدة العقارية,1.0,2026-07-14,2026-09-10,2026-09-20,1361,2026-09-27,True,"3,000,000",False,فيلا
6777494,https://sa.aqar.fm/فلل-للبيع/الظهران/حي-القصور/حي-القصور-مدينة-الظهران-المنطقة-الشرقية-6777494,"فيلا للبيع في حي القصور, مدينة الظهران, المنطقة الشرقية",2100000,250,5,0.0,0.0,0,حي القصور,الظهران,حي القصور,"🏡 دبلكسات متصلة للبيع – حي القصور | الظهران
فرصة مميزة لامتلاك دبلكس في أحد أرقى أحياء الظهران، حي القصور، بموقع استراتيجي مرتفع وقريب من جميع الخدمات والمرافق الحيوية.
📐 مساحة كل دبلكس: 250 متر²
📍 الموقع: حي القصور – الظهران
✨ المميزات:
موقع مميز ومرتفع.
قريب من المدارس، المساجد، الأسواق، والطرق الرئيسية.
تصميم عصري وتشطيبات عالية الجودة.
توزيع داخلي عملي يوفر الراحة والخصوصية.
مناسب للسكن العائلي والاستثمار.
يقع في حي راقٍ يتميز بسهولة الوصول إلى مختلف الخدمات والطرق الرئيسية.
لا تفوت فرصة التملك في أحد أفضل المواقع السكنية في الظهران، حيث يجتمع الموقع المتميز مع جودة البناء وروعة التصميم.",26.344529,50.15803,https://images.aqar.fm/webp/750x0/props/028833687_1784226045379.jpg,14.0,فيصل مطلق,شركة رافدة العقارية,1.0,2026-07-16,2026-09-13,2026-09-20,1278,2026-09-27,True,"2,100,000",False,فيلا
6874134,https://sa.aqar.fm/فلل-للبيع/الظهران/حي-القصور/شارع-الامير-احمد-حي-القصور-مدينة-الظهران-المنطقة-الشرقية-6874134,"فيلا للبيع في شارع الامير احمد, حي القصور, مدينة الظهران, المنطقة الشرقية",2600000,405,5,0.0,0.0,0,حي القصور,الظهران,حي القصور,,26.346668,50.158615,https://images.aqar.fm/webp/750x0/props/027629464_1789478814103.jpg,2.0,عبدالله بن عبدالرحمن بن حجاج الثنيان,مؤسسة تيم سدن,1.0,2026-09-14,2026-09-14,2026-09-14,497,2026-09-27,True,"2,600,000",False,فيلا
6722415,https://sa.aqar.fm/فلل-للبيع/الظهران/حي-القشلة/حي-الصفاء-مدينة-الدمام-المنطقة-الشرقية-6722415,"فيلا للبيع في حي الصفاء, مدينة الدمام, المنطقة الشرقية",2000000,575,5,0.0,0.0,11,حي القشلة,الظهران,حي القشلة,"الراكة الشمالية -  حي الصفا 
للبيع فيلا نظيفة جداً وبناء شخصي 
مكيفة مكيفات سبلت يورك حار بارد 

المساحة 575 متر
شارع 15 شرق 
العمر 15 سنوات 
عوازل - صيانة دورية 

تتكون من حديقة وكراج وغرفة سائق 

الدور الارض 
صالة ومجلس رجال و مجلس نساء وغرفة طعام ومطبخ وغرفة غسيل ودورتين مياة 

الدور الاول 
يتكون من صالة و 3 غرف نوم ماسنر وغرفتين بينهم دورة مياه 

الدور الثاني 
غرفة عاملة - دورة مياة - سطح 

السعر 2 مليون ريال  

ملاحظة : الارض المقابله للفيلا في مخطط الحي حديقه",26.3779,50.186902,https://images.aqar.fm/webp/750x0/props/002310842_1780831196386.jpg,3.0,ايمان بنت عبدالرزاق بن عبدالستار الطائي,مؤسسة مكتب مستطيلات البناء للخدمات العقارية,1.0,2026-06-07,2026-08-04,2026-09-02,1563,2026-09-27,True,"2,000,000",False,فيلا
6654666,https://sa.aqar.fm/فلل-للبيع/الظهران/حي-الدوحة-الجنوبية/شارع-زيد-بن-ثابت-حي-الدوحة-الجنوبية-مدينة-الظهران-المنطقة-الشرقية-6654666,"فيلا للبيع في شارع زيد بن ثابت, حي الدوحة الجنوبية, مدينة الظهران, المنطقة الشرقية",2300000,300,6,5.0,2.0,0,حي الدوحة الجنوبية,الظهران,حي الدوحة الجنوبية,"( للبيع من المالك بدون سعي ) 
فيلا مفصوله مميزه بالتشطيب  مساحة الارض للفيلا  ٣٠٠ م 
الاطوال ١٥م على الشارع في عمق ٢٠م

السعر للفيلا  : مليونين و ٣٠٠ الف تسليم مفتاح ومتاح الحجز من الان 

✨مميزات الفيلا✨
▪︎ البناء شخصي على الكود السعودي بإستخدام أفضل المواد في البناء والتشطيب ( عالي الجوده )
▪︎ قواعد شريطيه كبيره - طابوق المنارتين - اسلاك وكيابل الرياض 
▪︎ السباكه حراري ضمان ١٥ سنوات
▪︎ عازل للسطح حراري ومائي بمواد امريكيه ضمان ١٠ سنوات
▪︎ تأمين على الهيكل الانشائي ١٠ سنوات من شركة ملاذ
▪︎ تأسيس مصعد 
▪︎  والمزيد من المميزات التفاصيل عبر الواتس اب .",26.315375,50.161563,https://images.aqar.fm/webp/750x0/props/010426835_1790057879811.jpg,3.0,بندر العتيبى,مؤسسة ابهار للتطوير العقاري,1.0,2026-04-14,2026-09-06,2026-09-26,2096,2026-09-27,True,"2,300,000",False,فيلا
6888573,https://sa.aqar.fm/فلل-للبيع/الظهران/حي-الجامعة/شارع-التألف-حي-الجامعة-مدينة-الظهران-المنطقة-الشرقية-6888573,"فيلا للبيع في شارع التألف, حي الجامعة, مدينة الظهران, المنطقة الشرقية",1383750,453,8,0.0,0.0,11,حي الجامعة,الظهران,حي الجامعة,"🏡 فيلا للبيع في الظهران – حي الجامعة

📍 موقع مميز بالقرب من الممشى والحديقة، وقريب من جامع محمد بن عبدالوهاب.

🏡 المواصفات:

* المساحة: 453.35 م²
* شمالية على شارع 15م
* دور ونصف
* العمر: حوالي 29 سنة
* الفيلا تحتوي على مكيفات

🔹 الدور الأرضي:
• مجلس رجال + مقلط
• مجلس نساء + مقلط
• صالة
• مطبخ داخلي
• دورتا مياه

🔹 الدور الأول:
• جناح يتكون من غرفتي نوم
• دورة مياه
• صالة
• دورة مياه

📌 الموقع: الظهران – حي الجامعة
📐 قطعة رقم: 426/أ
🗺️ مخطط رقم: 142/1

فرصة مناسبة للسكن في موقع مميز وقريب من الخدمات والمرافق.",26.343276,50.132222,https://images.aqar.fm/webp/750x0/props/029879596_1790106850378.jpg,7.0,مؤسسة مشاريع حمد للتطوير والاستثمار العقاري,مؤسسة مشاريع حمد للتطوير والاستثمار العقاري,1.0,2026-09-22,2026-09-22,2026-09-25,437,2026-09-27,True,"1,383,750",False,فيلا
6867317,https://sa.aqar.fm/فلل-للبيع/الظهران/حي-القشلة/شارع-الزهور-حي-الحسام-مدينة-الدمام-المنطقة-الشرقية-6867317,"فيلا للبيع في شارع الزهور, حي الحسام, مدينة الدمام, المنطقة الشرقية",4500000,735,4,5.0,3.0,4,حي القشلة,الظهران,حي القشلة,"فيلا الحسام
مميزة
استخدام حوالي سنه فقط
حالتها ممتازة جدا

جاهزة بافضل الاجهزة من مكيفات مركزي وحدات منفصلة 
ومطبخ راقي ومصعد راقي وبركة سباحة

( الدور الارضي صالة كبيره ومجلسين وغرفة طعام بالفرش كامل )

الدور الاول ٤ غرف نوم ماستر وكل دورة مياه بجاكوزي خاص وغرفة مكتب وبوفيه وصاله كبيره

الملحق صالة سنمائية مجهزة وقسم خادمه ودوره مياه وبوفيه

السعر ٤ مليون ونص الجاد يتفضل بالمعاينه والله الموفق🚩

بوناصر

مباشر 🚩🚩",26.386007,50.172861,https://images.aqar.fm/webp/750x0/props/001971639_1789017584206.jpg,23.0,غريب بن عبدالله,مكتب الصكوك الذهبية للعقارات,1.0,2026-09-10,2026-09-10,2026-09-19,297,2026-09-27,True,"4,500,000",False,فيلا
6677231,https://sa.aqar.fm/فلل-للبيع/الظهران/حي-القصور/حي-القصور-مدينة-الظهران-المنطقة-الشرقية-6677231,"فيلا للبيع في حي القصور, مدينة الظهران, المنطقة الشرقية",2750000,789,6,5.0,2.0,0,حي القصور,الظهران,حي القصور,$5c,26.348056,50.148861,https://images.aqar.fm/webp/750x0/props/010426835_1777649152227.jpg,1.0,بندر العتيبى,مؤسسة ابهار للتطوير العقاري,1.0,2026-05-01,2026-09-24,2026-09-26,4367,2026-09-27,True,"2,750,000",False,فيلا
6846724,https://sa.aqar.fm/فلل-للبيع/الظهران/حي-الجامعة/شارع-السريه-حي-الجامعة-مدينة-الظهران-المنطقة-الشرقية-6846724,"فيلا للبيع في شارع السريه, حي الجامعة, مدينة الظهران, المنطقة الشرقية",1050000,300,9,0.0,0.0,0,حي الجامعة,الظهران,حي الجامعة,"للبيع فيلا حي الجامعة الظهران شرقية مساحة 300 م عظم مكونة من 
الدور الأرضي/ مجلس رجال صالة طعام مجلس نساء صالة داخلية 2 دورات مياه مطبخين داخلي وخارجي غرفة سائق ودورة مياه موقف يتسع سيارتين 
الدور الأول / 4 غرف نوم وصالة  و 3 دورات مياه 
الملحق العلوي/ غرفتين ودورة مياه وصالة كبيرة وغرفة خادمة وغسيل ودورة مياه",26.344884,50.130044,https://images.aqar.fm/webp/750x0/props/012886913_1787978453108.jpg,9.0,سعد الغامدي,,,2026-08-29,2026-08-29,2026-09-26,786,2026-09-27,True,"1,050,000",False,فيلا
6773600,https://sa.aqar.fm/فلل-للبيع/الظهران/حي-هجر/شارع-الباهر-حي-هجر-الظهران-الدمام-6773600,"فيلا للبيع في شارع الباهر, حي هجر, مدينة الدمام, المنطقة الشرقية",5250000,875,7,5.0,3.0,11,حي هجر,الظهران,حي هجر,للبيع فيلا في حي هجر شارع الباهر بناء مستقل واجهة جنوبية مقابل جامع وحديقة,26.367375638861724,50.1223760720803,https://images.aqar.fm/webp/750x0/props/007397578_1784041576958.jpg,3.0,عبدالله عبدالعزيز علي المشخص,,0.0,2026-07-14,2026-07-15,2026-07-15,1497,2026-09-27,True,"5,250,000",False,فيلا
6844130,https://sa.aqar.fm/فلل-للبيع/الظهران/حي-الدانة-الشمالية/شارع-كعب-بن-بن-مالك-حي-الدانة-الشمالية-مدينة-الظهران-المنطقة-الشرقية-6844130,"فيلا للبيع في شارع كعب بن بن مالك, حي الدانة الشمالية, مدينة الظهران, المنطقة الشرقية",2250000,500,11,0.0,0.0,11,حي الدانة الشمالية,الظهران,حي الدانة الشمالية,"السلام عليكم ورحمة الله وبركاته. 

فيلا للبيع في حي الدانة الشمالية 

مساحة الفيلا 500م 
على شارعين بناء شخصي الموقع مميز و امام مسجد الحي راقي و هادي

تفاصيل الفيلا :
الدور الارضي : حوش + كراج + 3 مداخل + مجلس رجال + مجلس نساء + صالة + مقلط + دورتين مياة + مطبخ و مستوع 

الدور الاول : صالة + غرفة ماستر + 3 غرف + دورتين مياة + مطبخ صغير 

الدور الثاني : غرفة + دورة مياة + السطح.
يوجد غرفه سائق بالخلف 

المطلوب 2 مليون قابل للتفاوض",26.335915,50.151796,https://images.aqar.fm/webp/750x0/props/042873169_1787817952018.jpg,10.0,عبدالله عبدالرحمن محمد العمودي,مؤسسة عبدالله عبدالرحمن باطويل للخدمات العقارية,1.0,2026-08-27,2026-08-27,2026-09-26,974,2026-09-27,True,"2,250,000",False,فيلا
6816534,https://sa.aqar.fm/فلل-للبيع/الظهران/حي-القصور/شارع-ابن-جرير-الطبري-حي-القصور-مدينة-الظهران-المنطقة-الشرقية-6816534,"فيلا للبيع في شارع ابن جرير الطبري, حي القصور, مدينة الظهران, المنطقة الشرقية",1700000,375,8,0.0,0.0,9,حي القصور,الظهران,حي القصور,"✨ للبيع فيلا دبلوكس مميزة بحي القصور بالظهران - منفصلة

● المساحة: 375 م
● جنوبية
▪️قريبة من الخدمات
● [حوش واسع] 

ــــــــــــــــــــــــــــــــــــــــــــــــــــــــــــــ
التفصيل:
الدور الأرضي:
• مجلس رجال 8 × 5 - دورة مياه 
• صالة كبيرة
• مجلس نساء + دورة مياه 
• مطبخ مفتوح
• مطبخ مغلق 
# جميع المطابخ راكبة #
¦=¦ تكييف الدور الأرضي مركزي ¦=¦
.......................................... 

الدور الأول:
• غرفة ماستر كبيرة 
• غرفتين بدورة مياه خاصة للغرفتين فقط
• غرفة
• دورة مياه 
.......................................... 

الدور الثاني:
• غرفة غسيل
• غرفة خادمة + دورة مياه
ـــــــــــــــــــــــــــــــــــــــــــــــــــــــــــــ
● (غرفة سائق) ●
ـــــــــــــــــــــــــــــــــــــــــــــــــــــــــــــ

❄️ جميع المكيفات (Gree) راكبة
ــــــــــــــــــــــــــــــــــــــــــــــــــــــــــــــ

|",26.345463,50.158072,https://images.aqar.fm/webp/750x0/props/008313823_1786456685494.jpg,16.0,فلاح سلطان,,,2026-08-11,2026-09-09,2026-09-09,964,2026-09-27,True,"1,700,000",False,فيلا
6527888,https://sa.aqar.fm/فلل-للبيع/الظهران/حي-الدانة-الشمالية/شارع-ابن-الهيثم-حي-الدانة-الشمالية-مدينة-الظهران-المنطقة-الشرقية-6527888,"فيلا للبيع في شارع ابن الهيثم, حي الدانة الشمالية, مدينة الظهران, المنطقة الشرقية",2000000,539,12,1.0,3.0,11,حي الدانة الشمالية,الظهران,حي الدانة الشمالية,"السلام عليكم ورحمة الله وبركاته
 للبيع فيلا شخصيه فخمه في حي الظهران حي الدانه الشماليه
موقع شيخ قريب جدآ من مدرسه الامام سعود الثانويه  وقريب من طريق خادم الحرمين الشريفين
وقريب من شركه ارامكو  والقاعده الجويه
البيت يفتح على اتجاهين  شارعين متظاهري  شارع ابن الهيثم شمال ويفتح على حديقه منتزه الربيع جنوب
المساحه ٥٠٠متر
يصلح البيت لسكن ٣ أسر .
بناء شخصي مصمم على مواصفات ارامكو
غرف وصالات واسعه جدآ 
وجود  غرفه سائق وجود حوش كبير جدآ وحديقه داخليه
للاستفسار ((رقم المعلن يظهر عند التواصل))",26.337366,50.135231,https://images.aqar.fm/webp/750x0/props/045378533_1767144323682.jpg,29.0,محمد بن حافظ بن حمد حدادي,,,2025-12-31,2025-12-31,2026-09-02,7530,2026-09-27,True,"2,000,000",False,فيلا
6656888,https://sa.aqar.fm/فلل-للبيع/الظهران/حي-القشلة/شارع-ابو-موسى-الاشعري-حي-الحسام-مدينة-الدمام-المنطقة-الشرقية-6656888,"فيلا للبيع في شارع ابو موسى الاشعري, حي الحسام, مدينة الدمام, المنطقة الشرقية",3000000,700,5,5.0,0.0,0,حي القشلة,الظهران,حي القشلة,"فرصة رائعة لمن يرغب بالسكن الفاخر
فيلا فاخرة بناء شخصي 
قبو + دور ارضي + دور اول + ملحق 
في حي الحسام 
مخلصة لياسة داخلية وخارجية 
بعض التمديدات راكبة 
المساحة 700 متر مربع 
موقع جداً مميز على شارع 30 متر
( التفاصيل كاملة في الصورة الثانية المرفقة ) 
الاتصال على الرقم الموضح في صورة الاعلان",26.387347,50.171799,https://images.aqar.fm/webp/750x0/props/048902099_1776283260535.jpg,2.0,علي أحمد,مؤسسة إكساب العقارية,1.0,2026-04-15,2026-06-13,2026-08-25,1396,2026-09-27,True,"3,000,000",False,فيلا
6673007,https://sa.aqar.fm/فلل-للبيع/الظهران/حي-القصور/شارع-الرقعى-حي-القصور-مدينة-الظهران-المنطقة-الشرقية-6673007,"فيلا للبيع في شارع الرقعى, حي القصور, مدينة الظهران, المنطقة الشرقية",1950000,273,6,0.0,0.0,0,حي القصور,الظهران,حي القصور,"فيلا دبوبلكس للبيع جديدة
بالقرب من ممشى القصور 
بناء شخصي بجوده عالية 
المساحة : 273",26.349544,50.146471,https://images.aqar.fm/webp/750x0/props/023083114_1777369213695.jpg,1.0,حسن مسعود,مؤسسة قدا العقارية,1.0,2026-04-28,2026-09-20,2026-09-22,3828,2026-09-27,True,"1,950,000",False,فيلا
6687408,https://sa.aqar.fm/فلل-للبيع/الظهران/حي-الجامعة/شارع-الرماه-حي-الجامعة-مدينة-الظهران-المنطقة-الشرقية-6687408,"فيلا للبيع في شارع الرماه, حي الجامعة, مدينة الظهران, المنطقة الشرقية",3200000,605,5,0.0,0.0,10,حي الجامعة,الظهران,حي الجامعة," 
 🏡 فيلا كلاسيكية فاخرة للبيع - حي الجامعة، الخبر
موقع استراتيجي بجوار أرامكو السعودية
فرصة نادرة لامتلاك فيلا قائمة وتتميز ببناء شخصي في قلب حي الجامعة، أحد أكثر الأحياء طلباً وهدوءاً في مدينة الخبر. تتميز الفيلا بموقعها القريب جداً من المعالم الحيوية والمراكز الوظيفية الكبرى.
المميزات الجغرافية والموقع:
• القرب من أرامكو: موقع مثالي لموظفي أرامكو السعودية، حيث لا تبعد سوى دقائق معدودة عن الظهران.
• حي الجامعة: يتميز الحي بالرقي، الهدوء، وتكامل الخدمات التعليمية والترفيهية.
• الواجهة: الفيلا ""زاوية"" على شارعين (شرقي، وشرقي جنوبي) بمدخلين، مما يمنحها تميزاً في المداخل وسهولة في الوقوف وإضاءة طبيعية طوال اليوم.
• المساحة: 605 متر مربع.
• عمر العقار: 12 سنة 
• المسبح: مسبح جديد ومغلق بالكامل مع شلال ودش وحمام، تم تنفيذه مؤخراً ليقدم تجربة ترفيهية بخصوصية تامة للعائلة.
توزيع المساحات الداخلية:
🛋️ الدور الأرضي (للاستقبال والضيافة):
• مجلس ضيوف واسع بخصوصية تامة.
• مقلط (غرفة طعام للضيوف).
• صالة عائلية كبيرة تمثل قلب المنزل.
• غرفة طعام داخلية مخصصة للاستخدام العائلي.
🛌 الدور الأول (جناح النوم):
• صالة علوية مريحة للمعيشة اليومية.
• 5 غرف نوم واسعة، بتصميم يوفر الراحة والهدوء لكل أفراد الأسرة.",26.338938,50.133358,https://images.aqar.fm/webp/750x0/props/008750467_1778183162420.jpg,1.0,عثمان بن سليمان بن عثمان النمير,,,2026-05-07,2026-08-03,2026-08-03,2536,2026-09-27,True,"3,200,000",False,فيلا
6865008,https://sa.aqar.fm/فلل-للبيع/الظهران/حي-الدوحة-الشمالية/شارع-العنبر-حي-الدوحة-الشمالية-مدينة-الظهران-المنطقة-الشرقية-6865008,"فيلا للبيع في شارع العنبر, حي الدوحة الشمالية, مدينة الظهران, المنطقة الشرقية",2600000,844,16,7.0,4.0,11,حي الدوحة الشمالية,الظهران,حي الدوحة الشمالية,"المساحه 844 متر مربع
30 متر على الشارع 
الدخل 135000 مائه وخمسه وثلاثون الف ريال سنوي
مبنى رقم 1 يتكون من شقتين الارضي  
3 غرف 
مجلس+خيمه 
3 حمامات
مطبخ
و صاله
غرفه خادمه +غسيل
حوش و كراج 
الدور الاول 
3 غرف
مجلس+مقلط
3 حمامات 
مطبخ 
صاله
المبنى رقم 2
3 شقق 
الدور الارضي
 3 غرف
مجلس 
صاله 
3 حمامات 
حوش امامي و خلفي
و غرفه سايق 
غرفه خادمه 
الدور الأول 
3 غرف 
مجلس 
مطبخ 
صاله 
2 حمامات 
الملحق 
3 غرف 
صاله 
مطبخ 
2 حمامات 
حوش على السطح",26.331131,50.166811,https://images.aqar.fm/webp/750x0/props/055304344_1788895718836.jpg,1.0,نباء بن شميلان,مكتب مرجان الزمان للعقارات,1.0,2026-09-08,2026-09-08,2026-09-22,474,2026-09-27,True,"2,600,000",False,فيلا
6846726,https://sa.aqar.fm/فلل-للبيع/الظهران/حي-الجامعة/شارع-السريه-حي-الجامعة-مدينة-الظهران-المنطقة-الشرقية-6846726,"فيلا للبيع في شارع السريه, حي الجامعة, مدينة الظهران, المنطقة الشرقية",1100000,320,9,0.0,0.0,0,حي الجامعة,الظهران,حي الجامعة,"للبيع فيلا حي الجامعه الظهران مساحه 320 م زاوية شرقية وشمالية عظم مكونة من 
الدور الأرضي/ مجلس رجال وصالة طعام ومجلس نساء وصالة داخلية و 2 دورات مياه ومطبخين داخلي وخارجي وغرفة سائق ودورة مياه وموقف يتسع لسيارتين 
الدور الأول/ 4 غرف نوم وصالة و 3 دورات مياه 
الملحق العلوي/ غرفتين نوم وصالة كبيرة ودورة مياه وغرفة خادمة وغسيل 
0562222677",26.344772,50.130033,https://images.aqar.fm/webp/750x0/props/012886914_1787978996655.jpg,6.0,سعد الغامدي,,,2026-08-29,2026-08-29,2026-09-26,1883,2026-09-27,True,"1,100,000",False,فيلا
6879517,https://sa.aqar.fm/فلل-للبيع/الظهران/حي-القصور/شارع-11ب-حي-القصور-مدينة-الظهران-المنطقة-الشرقية-6879517,"فيلا للبيع في شارع 11ب, حي القصور, مدينة الظهران, المنطقة الشرقية",3000000,450,4,0.0,0.0,11,حي القصور,الظهران,حي القصور,"الدور الأرضي يتكون من ٣ مداخل 
المدخل الأول على المجلس مع دورة مياه 
المدخل الثاني للعايلة يفتح على صالة و دورة مياه ثانية
المدخل الثالث يفتح على المطبخ الخارجي

و فيه صالة طعام مفتوحة على المجلس 
و مطبخ مفتوح على الصالة

الدور الثاني يتكون من ٤ غرف نوم اثنين منهم ماستر و غرفتين بينهم دورة مياه مشتركة تخدم الغرفتين و تخدم صالة الدور الثاني

الدور الثالث غرفة غسيل و غرفة عاملة بدورة مياه

في الحوش ديوانية بدورة مياه و مطبخ خارجي مخصص للسائق

سعر العقار : 3.000.000 
العمر 13 سنة",26.345654,50.152753,https://images.aqar.fm/webp/750x0/props/000126443_1789654731683.jpg,2.0,عمر عبدالعزيز بن محمد الدليجان,مكتب عمر عبدالعزيز بن محمد الدليجان للخدمات العقارية,1.0,2026-09-17,2026-09-17,2026-09-21,559,2026-09-27,True,"3,000,000",False,فيلا
6853603,https://sa.aqar.fm/فلل-للبيع/الظهران/حي-القصور/شارع-الطرف-حي-القصور-مدينة-الظهران-المنطقة-الشرقية-6853603,"فيلا للبيع في شارع الطرف, حي القصور, مدينة الظهران, المنطقة الشرقية",5000000,517,10,,,6,حي القصور,الظهران,حي القصور,"✨ للبيع فيلا وشقة - زاوية بحي القصور بالظهران 
🟢|| بناء شخصي ||🟢
🟩 مؤسس مصعد 1.8 × 1.6✅ 
⭐ موقع مميز - أرض مستوية وقريبة من الخدمات
● المساحة: 518 م  
(أمامها الممشى المؤدي للممشى الرئيسي بالحي) 

❐ تفصيلها:
❖ الدور الأرضي:
● مجلس خارجي 7 × 4.5
● مجلس رجال داخلي 8 × 5 ● مقلط +دورة مياه ومغاسل ● مجلس نساء + دوره مياه ومغاسل
● صالة
● مطبخين - مطبخ مفتوح ومطبخ ديرتي كيتشن 
● غرفة خادمة بدورة مياه 
● غرفة غسيل 
● غرفة سائق  

❖ الدور الأول:  
● 6 غرف نوم - 2 ماستر
● غرفة جلوس
● صالة كبيرة جانبية
● دورتين مياه

❖ الملحق العلوي (الشقة) 
● مجلس رجال 
 ● 3 غرف نوم - 1 ماستر
●  3 دورات مياه 
● مطبخ 
● سطح مفتوح


❄️ تكييف الفيلا كونسيلد كارير + سبليت قري للغرف

 ▪️ 3 مطابخ راكبة
ـــــــــــــــــــــــــــــــ 
بالإمكان تكون الشقة دوبلكس إذا أضيف لها عدد 3 غرف ودورتين مياه جانبية من الدور الأول، ومخطط مسبقاً بهذا الشكل، وواحدة من الغرف مهيأة لتكون مطبخ✔️
ــــــــــــــــــــــــــــــ 
❐ للتواصل:
((الرقم يظهر عند الضغط على اتصال))",26.345902,50.155022,https://images.aqar.fm/webp/750x0/props/001448326_1788326449093.jpg,2.0,مشاري الحربي,,,2026-09-02,2026-09-13,2026-09-25,453,2026-09-27,True,"5,000,000",False,فيلا
6495459,https://sa.aqar.fm/فلل-للبيع/الظهران/حي-الجامعة/شارع-بن-جبير-مدينة-الظهران-المنطقة-الشرقية-6495459,"فيلا للبيع في شارع بن جبير, مدينة الظهران, المنطقة الشرقية",1950000,600,13,,,11,حي الجامعة,الظهران,حي الجامعة,"بيت للبيع في حي الجامعه -الظهران 
رقم المخطط 1/190
رقم القطعه 235
المساحه 600م

البيت يتكون من :-
الدور الارضي 
مجلس رجال - مقلط طعام - مجلس نساء -صاله كبيره - غرفة نوم وثلاث دورات مياه داخلية
مطبخ رئيسي مع مستودع وحديقة خلفية مع دورة مياه خارجية
———-____———————

الدور الاول:- 
الجزء الامام غرفة نوم ماستر مع دورة مياه وصالة رئيسية ذات واجهة زجاجية- غرفتين نوم مع دورة مياه مشتركة
الجزء الخلفي 3 غرف نوم دورتين مياه
————-______————-
يوجد شقه في ملحق السطح متصله مع الفله تتكون من غرفتين نوم وصالة ومقلط ومطبخ صغير  ودورتين مياه

شارع 30، شماليه ، منقطه هاديه قريبه من الخدمات 
العمر 26سنه

شركة آل شبلان العقاريه 
رقم الرخصه1200004206
رقم التواصل ((رقم المعلن يظهر عند التواصل))",26.349817,50.136369,https://images.aqar.fm/webp/750x0/props/009672369_1765042196059.jpg,1.0,عبدالله القحطاني,شركة علي بن سعد آل شبلان القحطاني المحدودة,1.0,2025-12-06,2025-12-06,2026-09-26,4907,2026-09-27,True,"1,950,000",False,فيلا
6753951,https://sa.aqar.fm/فلل-للبيع/الظهران/حي-الدانة-الشمالية/شارع-اسماء-بنت-ابي-بكر-حي-الدانة-الشمالية-مدينة-الظهران-المنطقة-الشرقية-6753951,"فيلا للبيع في شارع اسماء بنت ابي بكر, حي الدانة الشمالية, مدينة الظهران, المنطقة الشرقية",2200000,504,6,4.0,1.0,11,حي الدانة الشمالية,الظهران,حي الدانة الشمالية,"N1
♦️للبيع فيلا دورين بعمر 35   مجدده بالكامل♦️
 
🔹الظهران /حي الدانة الشمالية
🔹 الشارع / 26 شمالا🔹
🔹مساحه 505 م🔹



🔹الدور الارضي🔹


🔸 غرفه نوم رئيسيه مع دورة مياه مع غرفه ملابس
🔸غرفتين نوم
🔸صاله كبيره
🔸مجلس
🔸 مطبخ راكب
🔸مخزن
🔸مجموع دورات المياه (4) 
حوش مجهز باحواض زراعية ومشجره بعناية.
🔸 كراج للسياره


🔹الدور الاول🔹
 
🔸غرفتين ماستر مع دورات المياه مع غرف الملابس
🔸3 غرف نوم
🔸 غرفة غسيل ملابس
🔸 مطبخ راكب بالاجهزه
🔸مجموع دورات المياه 3


🔹الدور الثالث🔹
🔸سطح معزول ومبلط حديثا





♦️ الدورين مفصولة عن بعض بجدار نهايه الدرج الداخلي

♦️مؤثثه ومكيفه بالكامل
مكيفات سبلت (ماندو بلس)
اغلبها جديده والباقي شبه جديده

♦️ سخان مركزي كبير من الخزف السعودي

♦️الاطقم الصحيه ايطاليه ماركه غروهي و سيفونات ماركة جيبرت مخفيه

♦️ستائر  تعتيم بجودة عاليه
 
♦️ شبابيك المنزل بالكامل الزجاج سيكيوريت والالمونيوم دبل من مصنع الما للزجاج

♦️ الفيلا مفروشه بالكامل باركيه من أرضيات الفارس


 للتواصل:

((الرقم يظهر عند الضغط على اتصال))((الرقم يظهر عند الضغط على اتصال))",26.340261,50.143623,https://images.aqar.fm/webp/750x0/props/026602576_1766899200171.jpg,12.0,زبن الشعلان,,,2026-06-30,2026-09-25,2026-09-25,1863,2026-09-27,True,"2,200,000",False,فيلا
6837658,https://sa.aqar.fm/فلل-للبيع/الظهران/حي-القشلة/حي-الراكة-الشمالية-مدينة-الدمام-المنطقة-الشرقية-6837658,"فيلا للبيع في حي الراكة الشمالية, مدينة الدمام, المنطقة الشرقية",1285000,199,4,0.0,0.0,0,حي القشلة,الظهران,حي القشلة,"*فلل أرجاء الراكة بالخبر*

16 فيلا بالراكة الشمالية

💠تبدأ مساحة الأرض من 133م و مسطح البناء 250م. 
💠دورين وملحق .

⭕*الأسعار تبدأ من 885 الف ريال*

❇️ المواصفات 

🔸سكاي لايت
🔸تنفيذ البناء طبقا للكود السعودي
🔸تامين ضد العيوب الخفية
🔸التنفيذ تحت إشراف هندسي متكامل.
🔸تصميم وتشطيب راقي جدا
🔸استغلال للمساحات
🔸مطابخ جاهزة

1: ~محجوز~ 
2: 1,030,000  SARامامي 
3:  1,030,000  SARامامي 
4:985,000 SAR خلفي
5: 965,000 SARخلفي 
6:~محجوز~
7 : ~محجوز زاويه~
8: ~محجوز~ 
9: 1,085,000 SAR امامي 
10: ‏1,285,000 SARزاويه
11: 985,000 SAR امامي
12: 965,000 SARخلفي 
13: ~محجوز~
14: ~محجوز~ 
15: 885,000 SARخلفي 
16: ~محجوز~


📍الموقع https://maps.app.goo.gl/DfQhQcQW8KPa6Umz7?g_st=ipc

🧷 https://www.instagram.com/arja_properties?igsh=MTlrcW51ajYybWZycg==

📞 *للتواصل والاستفسار*
✒ *مجموعة أرجاء العقارات والمقاولات*
📱 *((الرقم يظهر عند الضغط على اتصال))*
📱 *((الرقم يظهر عند الضغط على اتصال))*",26.37186,50.184375,https://images.aqar.fm/webp/750x0/props/015379435_1788193725204.jpg,23.0,هاشم حيدر بن حسين السمين,,,2026-08-23,2026-09-22,2026-09-22,794,2026-09-27,True,"1,285,000",False,فيلا
6801691,https://sa.aqar.fm/فلل-للبيع/الظهران/حي-تهامة/شارع-عطاء-بن-ابي-رباح-حي-تهامة-مدينة-الدمام-المنطقة-الشرقية-6801691,"فيلا للبيع في شارع عطاء بن ابي رباح, حي تهامة, مدينة الدمام, المنطقة الشرقية",2500000,625,5,0.0,0.0,11,حي تهامة,الظهران,حي تهامة,$5f,26.351186,50.127519,https://images.aqar.fm/webp/750x0/props/010859412_1785671534575.jpg,21.0,نواف البارقي,مكتب بوارق الشرق للخدمات العقارية,1.0,2026-08-02,2026-08-02,2026-09-23,1520,2026-09-27,True,"2,500,000",False,فيلا
6815533,https://sa.aqar.fm/فلل-للبيع/الظهران/حي-الدوحة-الجنوبية/شارع-العزيزيه-حي-الدوحة-الجنوبية-مدينة-الظهران-المنطقة-الشرقية-6815533,"فيلا للبيع في شارع العزيزيه, حي الدوحة الجنوبية, مدينة الظهران, المنطقة الشرقية",1600000,349,6,0.0,0.0,10,حي الدوحة الجنوبية,الظهران,حي الدوحة الجنوبية,"🏡للبيع فيلا دوبلكس 
🔹متصل كل دوبلكس مستقل بجدار خاص فيه

📍الدوحة الجنوبية الظهران شارع العزيزية
📏 المساحة: 350 متر مربع 
🔹الواجهة جنوبية عرض الشارع ١٨ متر 
🔹عمر العقار : 10 سنوات 
💵 السعر : مليون 600 الف


📍المميزات
🔹غرفة سائق
🔹التكييف راكب و تمديد النت و التلفزيون و السنترال باناسونيك و السخان المركزي و تحلية المياه في المطبخ 
🔹البيت موقعه ممتاز قريب من المسجد و حديقة الحي و جميع الخدمات 

 

العقار مكون من: 
📍الدور الارضي: 
🔹مجلس 
🔹 ⁠غرفة طعام 
🔹 ⁠غرفة تلفزيون 
🔹 ⁠صالة 
🔹 ⁠دورتين مياه 
🔹 ⁠مطبخين راكبه الأطقم  فيهم

📍الدور الثاني: 
🔹 غرفة ماستر رئيسية مع غرفة مكتب 
🔹 ⁠غرفة ماستر 
🔹 ⁠غرفتين مع موزع و دورة مياه 
🔹 ⁠صالة عائلية 
🔹 ⁠كاونتر طبخ جاهز بالدواليب و فيه تمديد غساله 

📍الدور الثالث : 
🔹 غرفتين مع موزع و دورة مياه 
🔹 ⁠غرفة مع دورة مياه  
🔹 ⁠غرفة غسيل",26.325064,50.163141,https://images.aqar.fm/webp/750x0/props/033235510_1786397226359.jpg,16.0,ليلى المحيش,,,2026-08-10,2026-09-09,2026-09-26,2024,2026-09-27,True,"1,600,000",False,فيلا
6442287,https://sa.aqar.fm/فلل-للبيع/الظهران/حي-الدوحة-الجنوبية/شارع-عبدالله-ابن-عامر-الشامي-حي-الدوحة-الجنوبية-مدينة-الظهران-المنطقة-الشرقية-6442287,"فيلا للبيع في شارع عبدالله ابن عامر الشامي, حي الدوحة الجنوبية, مدينة الظهران, المنطقة الشرقية",4000000,618,7,,,8,حي الدوحة الجنوبية,الظهران,حي الدوحة الجنوبية,"للبيع فيلا في حي الدوحة الجنوبية مساحة الفيلا 618 م
زاوية على شارعين
مسطح البناء
القبو 117.7م
الدور الارضي 253.17م
الدور الاول 270.32م
الملحق 26.46م
مواصفات الفيلا خمسة غرف نوم:
1- الغرفة الرئيسية مع حمام كبير و غرفة ملابس و مكتبة.
2- غرفتين مع دواليب ملابس . في كل غرفة حمام.
3- غرفتين مثل الجناح بينهم حمام و غرفة ملابس .
4- قبو مجلس كبير وحمام وبوفيه ومسبح.
5- مجلس رجال مع المغاسل و الحمام.
6- مجلس نساء على ديكور أندلسي مفتوح على الصالة مع المغاسل و الحمام
7- مطبخ داخلي وخارجي",26.313951,50.171307,https://images.aqar.fm/webp/750x0/props/005308958_1736927668443.jpg,12.0,عبدالاله صالح عبدالحكيم بن دايل,,,2025-10-27,2026-09-20,2026-09-20,7329,2026-09-27,True,"4,000,000",False,فيلا
6741902,https://sa.aqar.fm/فلل-للبيع/الظهران/حي-القصور/شارع-الصمان-حي-القصور-مدينة-الظهران-المنطقة-الشرقية-6741902,"فيلا للبيع في شارع الصمان, حي القصور, مدينة الظهران, المنطقة الشرقية",3100000,399,6,5.0,2.0,0,حي القصور,الظهران,حي القصور,"الفيلا B
الصاله 2
الحمام 8
مطبخ واحد (اوبن كتشن)   والثاني داخلي
الغرف 6
مستودع 1
مغسله 1
غرفة جيم 1
مسطحات البناء
الدور الارضي 207 متر
الدور الاول 205 متر 
الملحق 100 متر",26.355239,50.141613,https://images.aqar.fm/webp/750x0/props/009547755_1782051947377.jpg,24.0,أحمد بن محمد,,,2026-06-21,2026-09-16,2026-09-24,951,2026-09-27,True,"3,100,000",False,فيلا
6881626,https://sa.aqar.fm/فلل-للبيع/الظهران/حي-القشلة/شارع-28ب-حي-الراكة-الشمالية-مدينة-الدمام-المنطقة-الشرقية-6881626,"فيلا للبيع في شارع 28ب, حي الراكة الشمالية, مدينة الدمام, المنطقة الشرقية",800000,219,5,0.0,0.0,0,حي القشلة,الظهران,حي القشلة,"� للبيع فيلا سكنية – الخبر | حي الراكة الشمالية

📐 مساحة الوحدة: 153. م²

تفاصيل الفيلا :
• مجلس
• صالة 
• 4 غرف نوم
• مطبخان
• غرفة خادمة
• درج
• سطح بمساحة 59.16 م²",26.37363,50.183723,https://images.aqar.fm/webp/750x0/props/033839752_1789799234608.jpg,7.0,نوره المطيري,,,2026-09-19,2026-09-19,2026-09-27,257,2026-09-27,True,"800,000",False,فيلا
6872909,https://sa.aqar.fm/فلل-للبيع/الظهران/حي-الدوحة-الجنوبية/شارع-العزيزية-حي-الدوحة-الجنوبية-الظهران-الدمام-6872909,"فيلا للبيع في شارع العزيزيه, حي الدوحة الجنوبية, مدينة الظهران, المنطقة الشرقية",2350000,674,7,5.0,5.0,11,حي الدوحة الجنوبية,الظهران,حي الدوحة الجنوبية,"وصف العقار
للبيع بيت قديم بالظهران الدوحه الجنوبيه
بالاضافة دورين كبيرة كل دور مؤجر ب ٣٤ الف ريال بعقود موثقة
مخطط 1 / 123 رقم 188 / أ
المساحة 675 متر
العمر 35 سنة
شارع 18 شمالي
الأطوال 30 x 21
( المميزات :
موقع ممتاز
قريب من الحديقة والمسجد
• قريبة من المدارس روضة وابتدائي ومتوسط",26.32459327866094,50.16309248786592,https://images.aqar.fm/webp/750x0/props/022834749_1789324147988.jpg,8.0,سلطان حسن محمد القحطاني,,,2026-09-13,2026-09-13,2026-09-26,413,2026-09-27,True,"2,350,000",False,فيلا
6861987,https://sa.aqar.fm/فلل-للبيع/الظهران/حي-القصور/شارع-الافلاج-حي-القصور-مدينة-الظهران-المنطقة-الشرقية-6861987,"فيلا للبيع في شارع الافلاج, حي القصور, مدينة الظهران, المنطقة الشرقية",1800000,250,6,0.0,0.0,11,حي القصور,الظهران,حي القصور,"دبلوكس حي القصور بالقرب من ممشى القصور والخدمات سوبرماركت التميمي والمزرعه 
المساحه 250 متر شمالي 
شارع عرض 12 متر 
الدور الارضي / غرفة سائق حوش مجلس رجال مقلط دورة مياه للرجال صاله ودورة مياه تخدم الصاله مطبخ مفتوح الجميع تكييف مركزي ومطبخ اضافي ديرتي كيتشن 
الدور الاول / غرفة 1بدورة مياه 
غرفه رقم 2 / صاله / دورة مياه تخدم الصاله / غرفة رقم 3 ملابس مع غرفة ماستر بدورة مياه 
الدور الثاني / غرفتين ودورة مياه وصاله صغيره وسطح
المطلوب 1،800،000 ريال
المنزل مجدد بالكامل من دورات مياه وغرف
البيت مسكون لازم تنسيق لزياره والدفع كاش كامل او نص المبلغ",26.340284,50.15373,https://images.aqar.fm/webp/750x0/props/014403123_1788782233003.jpg,4.0,نادر بن سعيد بن رحيل العنزي,,,2026-09-07,2026-09-07,2026-09-26,881,2026-09-27,True,"1,800,000",False,فيلا
6876998,https://sa.aqar.fm/فلل-للبيع/الظهران/حي-الدوحة-الشمالية/شارع-فارس-حي-الدوحة-الشمالية-مدينة-الظهران-المنطقة-الشرقية-6876998,"فيلا للبيع في شارع فارس, حي الدوحة الشمالية, مدينة الظهران, المنطقة الشرقية",1550000,600,5,0.0,0.0,11,حي الدوحة الشمالية,الظهران,حي الدوحة الشمالية,"البيع فله هدم
المساحه 600 متر
20/30 
الدوحه الشماليه
موقع ممتاز قريب من جميع الخدمات
مدارس
حديقه
اسواق
المقترح 
دبلكسيين
دور دور
فله",26.336156,50.16312,https://images.aqar.fm/webp/750x0/props/002803731_1789532073293.jpg,2.0,صالح عبدالله صالح الشمري,,,2026-09-16,2026-09-16,2026-09-18,486,2026-09-27,True,"1,550,000",False,فيلا
6839623,https://sa.aqar.fm/فلل-للبيع/الظهران/حي-القشلة/شارع-مسلمه-الفهري-حي-الراكة-الشمالية-مدينة-الدمام-المنطقة-الشرقية-6839623,"فيلا للبيع في شارع مسلمه الفهري, حي الراكة الشمالية, مدينة الدمام, المنطقة الشرقية",885000,184,4,0.0,0.0,0,حي القشلة,الظهران,حي القشلة,"*فلل أرجاء الراكة بالخبر*

16 فيلا بالراكة الشمالية

💠تبدأ مساحة الأرض من 133م و مسطح البناء 250م. 
💠دورين وملحق .

⭕*الأسعار تبدأ من 885 الف ريال*

❇️ المواصفات 

🔸سكاي لايت
🔸تنفيذ البناء طبقا للكود السعودي
🔸تامين ضد العيوب الخفية
🔸التنفيذ تحت إشراف هندسي متكامل.
🔸تصميم وتشطيب راقي جدا
🔸استغلال للمساحات
🔸مطابخ جاهزة

1: ~محجوز~ 
2: 1,030,000  SARامامي 
3:  1,030,000  SARامامي 
4:985,000 SAR خلفي
5: 965,000 SARخلفي 
6:~محجوز~
7 : ~محجوز زاويه~
8: ~محجوز~ 
9: 1,085,000 SAR امامي 
10: ‏1,285,000 SARزاويه
11: 985,000 SAR امامي
12: 965,000 SARخلفي 
13: ~محجوز~
14: ~محجوز~ 
15: 885,000 SARخلفي 
16: ~محجوز~


📍الموقع https://maps.app.goo.gl/DfQhQcQW8KPa6Umz7?g_st=ipc

🧷 https://www.instagram.com/arja_properties?igsh=MTlrcW51ajYybWZycg==

📞 *للتواصل والاستفسار*
✒ *مجموعة أرجاء العقارات والمقاولات*
📱 *((الرقم يظهر عند الضغط على اتصال))*
📱 *((الرقم يظهر عند الضغط على اتصال))*",26.372016,50.1842,https://images.aqar.fm/webp/750x0/props/015379430_1788111426895.jpg,23.0,هاشم حيدر بن حسين السمين,,,2026-08-24,2026-09-23,2026-09-23,680,2026-09-27,True,"885,000",False,فيلا
6741879,https://sa.aqar.fm/فلل-للبيع/الظهران/حي-القصور/شارع-سكاكا-حي-القصور-مدينة-الظهران-المنطقة-الشرقية-6741879,"فيلا للبيع في شارع سكاكا, حي القصور, مدينة الظهران, المنطقة الشرقية",3100000,389,6,5.0,2.0,0,حي القصور,الظهران,حي القصور,"الفيلا A
الصاله 2
الحمام 9
مطبخ واحد (اوبن كتشن)   والثاني داخلي
الغرف 6
مستودع 1
مغسله 1
غرفة جيم 1
مساحة البناء
الدور الارضي 222 متر 
الدور الاول 202 متر 
الملحق 100 متر",26.355107,50.141693,https://images.aqar.fm/webp/750x0/props/009547756_1782051566626.jpg,22.0,أحمد بن محمد,,,2026-06-21,2026-09-16,2026-09-24,1514,2026-09-27,True,"3,100,000",False,فيلا
6714487,https://sa.aqar.fm/فلل-للبيع/الظهران/حي-القشلة/شارع-ابو-فضالة-الانصاري-حي-الحسام-مدينة-الدمام-المنطقة-الشرقية-6714487,"فيلا للبيع في شارع ابو فضالة الانصاري, حي الحسام, مدينة الدمام, المنطقة الشرقية",2000000,261,9,5.0,2.0,0,حي القشلة,الظهران,حي القشلة,"دبلكسين جديده فاخر للبيع في مخطط ارامكو الحسام.
بنية تحتية من تنفيذ ارامكو 
تشطيب ديلوكس.
(في حال شراء الدبلوكسين جميع يكون السعر أربع مليون 
و100 ألف ).
* مواصفات الدبلوكس الواحد :
٦ غرف نوم (اربع دور اول واثنتان في الملحق العلوي احداهما كبيره تصلح غرفه العاب)  ومجلس ومقلط ومجلس نساء وصاله في الارضي 
• بناء شخصي 
• مساحة الارض للدبلوكس الواحد ٢٦١ م٢.
• مكيفات جري   راكبه في كل الغرف و المجالس.
• ⁠مطبخ الماني راكب بالاحهزة شاملة الفرن الكهربائي و المايكروويف و غسالة الأطباق بلت ان.
• ⁠كاميرات عالية الجودة و الدقة مع جرس انتركم 
• ⁠دولاب تلفيزيون ديكوري للصالة.
• ⁠مواد الكهرباء و السباكة من القفاري من أجود المواد. 
• واجهة جميلة من السمنت بورد و الحديد المشغول بالسي ان سي.
• عوازل مائيه و حراريه
• نوافذ دبل قلاس
• صبغ جوتن عالي الجوده
• ابواب المنيوم كلادينق بلون خشبي للباب السور و ابواب الحوش و السطح.
• ⁠ابواب خشب عالية الجودة من تصنيع و تركيب شركة سوليد وود 
• ⁠درابزين عالي الجوده من تصنيع و تنفيذ شركة البيطار.
•أعمال السباكه و الكهرباء  من تنفيذ مؤسسة السعدون
• شهادة اشراف من مكتب هندسي معروف. 
•  حديد شركة سابك
- مظلة ديكور ممكن تحويلها الى بلكونه مجاورة لغرفة الماستر
•كراج سياره
خزان ارضي ١٦ الف لتر وعلوي ٢٠٠٠ لتر.",26.384386,50.169863,https://images.aqar.fm/webp/750x0/props/006626544_1780300968614.jpg,25.0,عبدالعزيز مبارك عبدالرحمن الدغيمي,,,2026-06-01,2026-09-25,2026-09-25,1591,2026-09-27,True,"2,000,000",False,فيلا
6641885,https://sa.aqar.fm/فلل-للبيع/الظهران/حي-القشلة/شارع-النفل-حي-الحسام-مدينة-الدمام-المنطقة-الشرقية-6641885,"فيلا للبيع في شارع النفل, حي الحسام, مدينة الدمام, المنطقة الشرقية",1750000,265,6,7.0,3.0,0,حي القشلة,الظهران,حي القشلة,"عرض خاص للحجز المبكر | دوبلكس فاخر في حي الحسام

فرصة مميزة لامتلاك دوبلكس منفصل بتصميم عصري ومساحات واسعة، ضمن مشروع فلل الحسام، مع فيلا مجهزة بالكامل متاحة للمعاينة.

🏡 تفاصيل الفيلا
مساحة الأرض: 265 م²
مساحة البناء: 485 م²
6 غرف نوم
3 صالات
مطبخان
8 دورات مياه
موقف سيارة
بناء عالي الجودة وفق كود البناء السعودي
ضمانات شاملة
💰 عروض خاصة للحجز المبكر

🔥 العرض الأول | 1,750,000 ريال

الفيلا الأساسية، مع إمكانية اختيار ميزة إضافية واحدة مجانًا:
مصعد أو تكييف أو مطبخ

⭐ العرض الثاني | 2,080,000 ريال

الفيلا المجهزة بالكامل، مع عرض خاص على وحدات محدودة.

👀 المعاينة متاحة

تتوفر فيلا مجهزة بالكامل للمعاينة، للتعرف على مستوى التشطيب والتجهيزات على أرض الواقع.

📌 تفاصيل التجهيزات والمميزات موضحة في صور الإعلان.

📍 موقع مميز في حي الحسام

بالقرب من:

بوابة أرامكو
الكورنيش
الجامعة
المجمعات والخدمات
⚠️ تنويه

الأسعار غير شاملة السعي وضريبة التصرفات العقارية.

📲 للاستفسار عن المخططات والصور وتفاصيل الوحدات المتاحة، أو حجز موعد للمعاينة، يرجى التواصل عبر الواتساب.",26.387958,50.173687,https://images.aqar.fm/webp/750x0/props/015922155_1786865320243.jpg,16.0,محمد عبدالله,,,2026-04-05,2026-07-30,2026-09-26,4161,2026-09-27,True,"1,750,000",False,فيلا
6861265,https://sa.aqar.fm/فلل-للبيع/الظهران/حي-القشلة/حي-الحسام-مدينة-الدمام-المنطقة-الشرقية-6861265,"فيلا للبيع في حي الحسام, مدينة الدمام, المنطقة الشرقية",4100000,700,6,,,4,حي القشلة,الظهران,حي القشلة,"✨للبيع فيلا و3 شقق راقية بحي الحسام - زاوية ✅

🟢 ((بناء شخصي)) 
• المساحة: 700 م

|| الفيلا تتكون من:
مجلس رجال مع دورة المياه والمغاسل 
مقلط
صالتين 
مجلس نساء مع دورة المياه والمغاسل
مطبخ
مستودع
كراج

الدور الأول:
غرفة النوم الرئيسة ""ماستر"" 

الجناح الأول: غرفتين ماستر 

الجناح الثاني: 3 غرف +دورة مياه 

الدور الثاني: 
غرفة الخادمة +دورة مياه 
غرفة غسيل

📍[سطح خاص بالفيلا] 

•• توجد جلسة خارجية + دورة مياه ومغاسل ••

........................................................................ 
الثلاث شقق تتكون من: 
مدخلين
مجلس + دورة مياه 
صالة
غرفتين - وحدة ماستر
مطبخ

{الشقة العلوية معها جزء من السطح}


المميزات:
❄️ تكييف مركزي لكل غرفة
▪️ سخان مركزي 


📞 للتواصل:
((الرقم يظهر عند الضغط على اتصال))",26.387945,50.176213,https://images.aqar.fm/webp/750x0/props/001448321_1788729295291.jpg,4.0,مشاري الحربي,,,2026-09-06,2026-09-06,2026-09-25,451,2026-09-27,True,"4,100,000",False,فيلا
6667058,https://sa.aqar.fm/فلل-للبيع/الظهران/حي-القصور/شارع-شارع-الامير-احمد-حي-القصور-مدينة-الظهران-المنطقة-الشرقية-6667058,"فيلا للبيع في شارع شارع الامير احمد, حي القصور, مدينة الظهران, المنطقة الشرقية",6000000,691,7,0.0,0.0,11,حي القصور,الظهران,حي القصور,"*للبيع فيلا في الظهران حي القصور 
مساحة 700م*

*مميزات* : 
كراج سيارات - مجلس خارجي - دورت مياه - مصعد - الدور الارضي كامل رخام - تكييف مركزي الدور الارض 

*الدور الارضي* : 
مجلس كبير - غرفة طعام - مجلس نساء كبير - صالة - مطبخ داخلي - مطبخ خارجي - دورات مياه ومغاسل

*الدور الاول* : 
5 غرف ماستر عبارة عن جناح ماستر غيه غرفة نوم وغرفة جلوس وغرفة ملابس ودورة مياه جاكوزي 
بالاضافة الى 4 غرف نوم ماستر - + صالة كبيرة 

*المحلق*
 فيه شقة عباره عن غرفيتين ماستر وصاله كبيره ومطبخ كبير
وغرفة خادمة - غرفة غسيل - سطح كبير 


الفيلا تفتح جنوب على شارع 60م",26.356417,50.150937,https://images.aqar.fm/webp/750x0/props/045530827_1776944905155.jpg,9.0,امجاد علي يعقوب بيشي,,,2026-04-23,2026-05-22,2026-09-25,2900,2026-09-27,True,"6,000,000",False,فيلا
6769229,https://sa.aqar.fm/فلل-للبيع/الظهران/حي-الجامعة/شارع-التألف-حي-الجامعة-مدينة-الظهران-المنطقة-الشرقية-6769229,"فيلا للبيع في شارع التألف, حي الجامعة, مدينة الظهران, المنطقة الشرقية",2200000,400,3,3.0,2.0,11,حي الجامعة,الظهران,حي الجامعة,"فيلا للبيع 2,300,000
مساحة الفيلا 400م
الواجهه : على زاوية غربي جنوبي
الاطلاله :- ممشى وحديقه عامه ولعب للاطفال 
عدد الصالات : 2 
عدد دورات المياه :5
عرض الشارع 15م
الموقع : شارع التألف - حي الجامعه- الظهران - المنطقه الشرقية.
مقابل ممشى وحديقه الجامعه وبالقرب من بوابات ارامكو ومن مركز إثراء .

مميزات الوحدة:-
خزان مياه ارضي بسعة 18م
خزان علوي بسعة 5م
مدخل كراج 
غرفه سائق 
غرفه خادمة
توفر مياه
توفر كهرباء
توفر صرف صحي
فيلا مؤثثه 
الدور الارضي:-
مجلس رجال ومحلس نساء وصاله كبيره
صاله طعام من أشلي
مطبخ مجهز من كريستوود 
2 دورة مياه ومغاسلهم من 
4 مكيفات سبلت ( 3 Tn,  و 2.5 Tn)

الدور الاول:-
4 غرف نوم 
1 غرفه نوم ماستر :-
( غرفه نوم من العامر ، غرفه ملابس من الخزائن الكبرى، غرفة صاله من أشلي، دورة مياه)
6 مكيفات سبلت ( 3Tn ,  و 2.5Tn )
مطبخ خدمات من إيكيا 
3 دورات مياه 

السطح :- 
غرفة عامله منزليه
دورة مياه 
غرفة غسيل
خزان مياه بسعة 5L
نظام الري اتوماتيك 
عمر المنزل 13 سنة تقريبا
التواصل ((الرقم يظهر عند الضغط على اتصال))",26.343603,50.12925,https://images.aqar.fm/webp/750x0/props/040481931_1783788740895.jpg,7.0,نايف القحطاني,مؤسسة اسس البصمه للخدمات العقارية,1.0,2026-07-11,2026-09-09,2026-09-24,1165,2026-09-27,True,"2,200,000",False,فيلا
6695154,https://sa.aqar.fm/فلل-للبيع/الظهران/حي-القصور/شارع-تيماء-حي-القصور-مدينة-الظهران-المنطقة-الشرقية-6695154,"فيلا للبيع في شارع تيماء, حي القصور, مدينة الظهران, المنطقة الشرقية",2600000,319,5,0.0,0.0,0,حي القصور,الظهران,حي القصور,"✨ فيلا (دار التلال) فاخرة بتفاصيل صُممت للراحة والفخامة ✨🏡

تبدأ تفاصيل الفخامة من مدخل أنيق مع 🚘 قراج خاص للسيارة، وتصميم داخلي واسع يمنحك راحة ومساحات معيشية مثالية للعائلة.

📍 الدور الأرضي:
🛋️ مجلس واسع + مقلط
🚻 دورة مياه تخدم المجلس والمقلط
🍽️ صالة واسعة بمنطقة طعام أنيقة
🚻 دورة مياه تخدم الصالة
🛗 مصعد مؤسس لراحة أكبر
🍴 مطبخ واسع بتصميم عملي
🧹 غرفة خادمة بحمام خاص
🌿 جلسة خارجية هادئة ومميزة

📍 الدور الثاني:
🛏️ 3 غرف نوم ماستر
✨ بمساحات واسعة وتصاميم تمنح الخصوصية والراحة لكل فرد من العائلة

📍 الدور الثالث:
🛋️ صالة عائلية مريحة
🌤️ جلسة خارجية على السطح بأجواء راقية
🛏️ غرفة ضيوف بدورة مياه خاصة
🧺 غرفة غسيل
📦 غرفة تخزين

📐 الفلل تمتاز بمساحات واسعة وشرحـة جدًا
📍 موقع ممتاز قريب من أهم الخدمات والمرافق
✨ تصميم عصري يجمع بين الفخامة والعملية في كل تفصيل",26.346032,50.147077,https://images.aqar.fm/webp/750x0/props/048649977_1778663041027.jpg,30.0,دلال سعد,شركة دار الإعمار للتطوير العقاري ,1.0,2026-05-13,2026-09-06,2026-09-06,1724,2026-09-27,True,"2,600,000",False,فيلا
6788035,https://sa.aqar.fm/فلل-للبيع/الظهران/حي-الدوحة-الجنوبية/شارع-ابو-عبيده-عامر-بن-الجراح-حي-الدوحة-الجنوبية-الظهران-الدمام-6788035,"فيلا للبيع في شارع ابو عبيده عامر بن الجراح, حي الدوحة الجنوبية, مدينة الظهران, المنطقة الشرقية",2200000,600,5,5.0,1.0,11,حي الدوحة الجنوبية,الظهران,حي الدوحة الجنوبية,"فرصة استثمارية مميزة 
حي أرامكو راقي وشارع حيوي ٣٠ متر مدخل الدوحة الجنوبية من جهة سوق أبيات والظهران مول.
مؤجرة 117 الف ريال سنوي .
بناء قوي ومصان جيدا 
تكييف وحدتين مركزية و سبليت .
ممتاز كإستثمار وسكن لتوفر كافة الخدمات والنشاطات التجارية المتنوعة .

من المالك مباشرة",26.31917264044335,50.163615468651216,https://images.aqar.fm/webp/750x0/props/004752426_1784863535919.jpg,1.0,سعيد ناصر,,,2026-07-24,2026-07-24,2026-08-25,1841,2026-09-27,True,"2,200,000",False,فيلا
6853837,https://sa.aqar.fm/فلل-للبيع/الظهران/حي-القشلة/شارع-العناب-حي-الحسام-مدينة-الدمام-المنطقة-الشرقية-6853837,"فيلا للبيع في شارع العناب, حي الحسام, مدينة الدمام, المنطقة الشرقية",2800000,688,5,0.0,0.0,5,حي القشلة,الظهران,حي القشلة,"البناء ممتاز مع تصميم عائلي مريح 
الڤيلا متبقي على تشطيبها 30% تقريبا
السباكه والتمديدات الكهربائيه جاهزه تقريبا 60% 
النوافذ راكبه
تمديدات المكيفات موجوده
الأسقف جبس بورد
مساحه ممتازه امام الڤيلا
البناء شخصي
الأرضيات تقريبا متبقي 30%",26.387556,50.175604,https://images.aqar.fm/webp/750x0/props/026431274_1788340211701.jpg,8.0,أحمد عواد مشفي الدهام,,,2026-09-02,2026-09-02,2026-09-02,524,2026-09-27,True,"2,800,000",False,فيلا
6778091,https://sa.aqar.fm/فلل-للبيع/الظهران/حي-القشلة/حي-الصفاء-مدينة-الدمام-المنطقة-الشرقية-6778091,"فيلا للبيع في حي الصفاء, مدينة الدمام, المنطقة الشرقية",900000,234,4,5.0,3.0,0,حي القشلة,الظهران,حي القشلة,"♟️ أعلآن رقم 2003♟️
📍الخبر حي الصفا الراكه📍 
     متبقي وحده  خلفية  
          دبلكس متصله
           مطبخ راكب 
       6 مكيفات اسبلت 
  🛣️ شارع 20 شرق 🌅
       مساحه 234
   ❕كراج حوش❕
   
   ⬅️الدور الاول
• مجلس رجال مع دورة مياه
• صاله دورة مياه  
• مطبخ راكب مقفول 
     ⬅️الدور الثاني
•1غرفه نوم  ماستر
2غرفه مع دورة مياه 
• صاله

           ⬅️الملحق
غرفة خادمه مع دورة مياه 
غرفة غسيل 
صاله مع دورة مياه وسطح 
جميع الضمانات كود سعودى 
تأمين شركة التعاونيه 
سعر الخلفيه 910 الف 💰",26.380335,50.183531,https://images.aqar.fm/webp/750x0/props/053998825_1784290010182.jpg,4.0,فيصل مرضي,شركة الصدفة للتطوير العقاري,1.0,2026-07-17,2026-09-13,2026-09-26,1122,2026-09-27,True,"900,000",False,فيلا
6680204,https://sa.aqar.fm/فلل-للبيع/الظهران/حي-الدوحة-الشمالية/شارع-ابن-بطوطة-حي-الدوحة-الشمالية-مدينة-الظهران-المنطقة-الشرقية-6680204,"فيلا للبيع في شارع ابن بطوطة, حي الدوحة الشمالية, مدينة الظهران, المنطقة الشرقية",1600000,595,6,5.0,3.0,11,حي الدوحة الشمالية,الظهران,حي الدوحة الشمالية,"🏠 فيلا حي الدوحة الشمالية  🏠

 
- عدد 5 غرف   
- صالة كبيرة 
- صالة طعام 
- مجلس 
- غرفة عاملة  
- مطبخ 
 

🏠 مميزات الفيلا 🏠

- زاوية 
- توفر مواقف 

🏠 مميزات الموقع 🏠

- بالقرب من الحديقة   
- بالقرب من خدمات 
- بالقرب من مجمع الافينيوز 
- بالقرب من المدارس 

التواصل مباشرة قسم المبيعات 

حسام : ((الرقم يظهر عند الضغط على اتصال))",26.337991,50.162733,https://images.aqar.fm/webp/750x0/props/050835935_1777829327939.jpg,3.0,نبيل جابر,مؤسسة إسناد الإتقان,1.0,2026-05-03,2026-09-26,2026-09-26,4632,2026-09-27,True,"1,600,000",False,فيلا
6623344,https://sa.aqar.fm/فلل-للبيع/الظهران/حي-القشلة/شارع-يزيد-بن-حمزة-حي-الصفاء-مدينة-الدمام-المنطقة-الشرقية-6623344,"فيلا للبيع في شارع يزيد بن حمزة, حي الصفاء, مدينة الدمام, المنطقة الشرقية",850000,354,4,0.0,0.0,11,حي القشلة,الظهران,حي القشلة,"دبلكس متصل مساحتة ١٨٠م 
مساحة البناء ٣٥٤م
الشارع ١٥م شمال 
عمر العقار ١٤ سنة 

الدور الأرضي : مجلس + دورة مياه بمدخل خاص + صالة كبيره +مطبخ مفتوح على الصالة + دورة مياه 

الدور الأول صالة + ٣ غرف نوم + دورتين مياه

الملحق غرفة خادمة + دوره مياه + سطح

الإضافات مكيفات جري + مطبخ + مظله مواقف سيارات",26.383625,50.183948,https://images.aqar.fm/webp/750x0/props/051543997_1773342683306.jpg,8.0,ناصر بن ابراهيم بن ناصر العيسى,,,2026-03-12,2026-09-03,2026-09-03,6393,2026-09-27,True,"850,000",False,فيلا
6812319,https://sa.aqar.fm/فلل-للبيع/الظهران/حي-القشلة/حي-الصفاء-مدينة-الدمام-المنطقة-الشرقية-6812319,"فيلا للبيع في حي الصفاء, مدينة الدمام, المنطقة الشرقية",910000,234,4,5.0,2.0,0,حي القشلة,الظهران,حي القشلة,"♟️ أعلآن رقم 2003♟️
📍الخبر حي الصفا الراكه📍 
     متبقي وحده  خلفية  
          دبلكس متصله
           مطبخ راكب 
       6 مكيفات اسبلت 
  🛣️ شارع 20 شرق 🌅
       مساحه 234
   ❕كراج حوش❕
   
   ⬅️الدور الاول
• مجلس رجال مع دورة مياه
• صاله دورة مياه  
• مطبخ راكب مقفول 
     ⬅️الدور الثاني
•1غرفه نوم  ماستر
2غرفه مع دورة مياه 
• صاله

           ⬅️الملحق
غرفة خادمه مع دورة مياه 
غرفة غسيل 
صاله مع دورة مياه وسطح 
جميع الضمانات كود سعودى 
تأمين شركة التعاونيه 
سعر الخلفيه 910 الف 💰",26.381247,50.185208,https://images.aqar.fm/webp/750x0/props/054431759_1786265960694.jpg,2.0,فيصل مرضي,شركة الصدفة للتطوير العقاري,1.0,2026-08-09,2026-09-07,2026-09-21,272,2026-09-27,True,"910,000",False,فيلا
6862324,https://sa.aqar.fm/فلل-للبيع/الظهران/حي-الجامعة/شارع-السريه-حي-الجامعة-مدينة-الظهران-المنطقة-الشرقية-6862324,"فيلا للبيع في شارع السريه, حي الجامعة, مدينة الظهران, المنطقة الشرقية",1500000,325,5,,,8,حي الجامعة,الظهران,حي الجامعة,"فيلا دبلوكس زاوية منفصل ( بالقرب من منتزه أرامكوا البيئي )
الحي : الظهران - حي الجامعة
المساحة : 325 م

تتكون من دورين وملحق ، التفاصيل :

الدور الأرضي :
مجلس - مقلط - صالة كبيرة - ومطبخ داخلي راكب  - ومطبخ خارجي للقلي - 2 دورتين مياه - ديوانية عند مدخل البيت - غرفة سائق 

الدور الأول : 
3 غرف نوم ماستر - 3 دورات مياه - وصالة 

الملحق :
غرفة غسيل وكوي - غرفة خادمة

الفيلا تحتوي على سخان مركزي ومكيفات.

العمر : 8 سنوات
المطلوب : 1,500,000 ريال
للتواصل : 
((الرقم يظهر عند الضغط على اتصال))
((الرقم يظهر عند الضغط على اتصال))",26.344961,50.127777,https://images.aqar.fm/webp/750x0/props/002331594_1788792174834.jpg,2.0,عبدالله احمد عيسى البوشليبي,مؤسسة افق الرواحل العقارية,1.0,2026-09-07,2026-09-07,2026-09-24,564,2026-09-27,True,"1,500,000",False,فيلا
6534156,https://sa.aqar.fm/فلل-للبيع/الظهران/حي-القشلة/حي-الصفاء-مدينة-الدمام-المنطقة-الشرقية-6534156,"فيلا للبيع في حي الصفاء, مدينة الدمام, المنطقة الشرقية",920000,232,5,5.0,2.0,0,حي القشلة,الظهران,حي القشلة,"♟️ أعلآن رقم 7037♟️
📍الخبر حي الصفا الراكه📍 
     متبقي وحده  خلفية  
          دبلكس متصله
           مطبخ راكب 
       6 مكيفات اسبلت 
  🛣️ شارع 20 شرق 🌅
       مساحه 234
   ❕كراج حوش❕
   
   ⬅️الدور الاول
• مجلس رجال مع دورة مياه
• صاله دورة مياه  
• مطبخ راكب مقفول 
     ⬅️الدور الثاني
•1غرفه نوم  ماستر
2غرفه مع دورة مياه 
• صاله

           ⬅️الملحق
غرفة خادمه مع دورة مياه 
غرفة غسيل 
صاله مع دورة مياه وسطح 
جميع الضمانات كود سعودى 
تأمين شركة التعاونيه 
سعر الخلفيه 940 الف 💰",26.3804,50.183481,https://images.aqar.fm/webp/750x0/props/042776527_1767601755231.jpg,1.0,سعد العتيبي,مؤسسة الحلم المستهدف للمقاولات المعمارية العامة,1.0,2026-01-05,2026-09-18,2026-09-21,1827,2026-09-27,True,"920,000",False,فيلا
6842688,https://sa.aqar.fm/فلل-للبيع/الظهران/حي-القصور/شارع-11ب-حي-القصور-مدينة-الظهران-المنطقة-الشرقية-6842688,"فيلا للبيع في شارع 11ب, حي القصور, مدينة الظهران, المنطقة الشرقية",2780000,443,6,0.0,0.0,11,حي القصور,الظهران,حي القصور,"فيلا راقية مجددة بالكامل بحي القصور – مطلة مباشرة على ممشى تلال الظهران

إذا كنت تبحث عن فيلا مميزة تجمع بين الموقع الفريد و التصميم العملي الفاخر، فهذا الخيار المناسب لك:

المساحات الداخلية: تصميم مفتوح وذكي يستغل كامل المساحة، درج صالة وصالة طعام مفتوحة على العائلة لجو أكثر رحابة.

الخارج: حوش واسع + كراج يتسع لسيارتين.

الدور الأرضي:
 • مجلس رجال مستقل
 • مجلس نساء مستقل
 • صالة عائلية
 • صالة طعام مفتوحة
 • مطبخ داخلي + مطبخ خارجي
 • غرفة سائق وغرفة خادمة (مع مكيفات سبليت)
 • دورتين مياه

الدور الأول:
 • 4 غرف ماستر واسعة بتكييف مركزي
 • صالة عائلية

الدور الثاني:
 • صالة كبيرة متعددة الاستخدامات (تكييف سبيلت)
 • دورة مياه

مميزات إضافية:
 • الفيلا مجددة بالكامل
 • جميع التكييف مركزي (باستثناء المطابخ)
 • مطبخ راكب جديد بأجهزته الكهربائية (٨ أجهزة جديدة لم تُستخدم)

📍 الموقع: حي القصور – إطلالة مباشرة على ممشى تلال الظهران",26.342968,50.15421,https://images.aqar.fm/webp/750x0/props/018440755_1787749878390.jpg,1.0,محمد فردان ثابت القحطاني,,,2026-08-26,2026-09-24,2026-09-24,997,2026-09-27,True,"2,780,000",False,فيلا
6695195,https://sa.aqar.fm/فلل-للبيع/الظهران/حي-القصور/شارع-تيماء-حي-القصور-مدينة-الظهران-المنطقة-الشرقية-6695195,"فيلا للبيع في شارع تيماء, حي القصور, مدينة الظهران, المنطقة الشرقية",2600000,319,5,0.0,0.0,0,حي القصور,الظهران,حي القصور,"✨ فيلا (دار التلال )
فلل فاخرة بتفاصيل صُممت للراحة والفخامة ✨🏡

تبدأ تفاصيل الفخامة من مدخل أنيق مع 🚘 قراج خاص للسيارة، وتصميم داخلي واسع يمنحك راحة ومساحات معيشية مثالية للعائلة.

📍 الدور الأرضي:
🛋️ مجلس واسع + مقلط
🚻 دورة مياه تخدم المجلس والمقلط
🍽️ صالة واسعة بمنطقة طعام أنيقة
🚻 دورة مياه تخدم الصالة
🛗 مصعد مؤسس لراحة أكبر
🍴 مطبخ واسع بتصميم عملي
🧹 غرفة خادمة بحمام خاص
🌿 جلسة خارجية هادئة ومميزة

📍 الدور الثاني:
🛏️ 3 غرف نوم ماستر
✨ بمساحات واسعة وتصاميم تمنح الخصوصية والراحة لكل فرد من العائلة

📍 الدور الثالث:
🛋️ صالة عائلية مريحة
🌤️ جلسة خارجية على السطح بأجواء راقية
🛏️ غرفة ضيوف بدورة مياه خاصة
🧺 غرفة غسيل
📦 غرفة تخزين

📐 الفلل تمتاز بمساحات واسعة وشرحـة جدًا
📍 موقع ممتاز قريب من أهم الخدمات والمرافق
✨ تصميم عصري يجمع بين الفخامة والعملية في كل تفصيل",26.346032,50.147077,https://images.aqar.fm/webp/750x0/props/048649970_1778665487105.jpg,30.0,دلال سعد,شركة دار الإعمار للتطوير العقاري ,1.0,2026-05-13,2026-09-06,2026-09-11,1815,2026-09-27,True,"2,600,000",False,فيلا
6851954,https://sa.aqar.fm/فلل-للبيع/الظهران/حي-القشلة/شارع-ابو-ثعلبة-الانصاري-حي-الصفاء-مدينة-الدمام-المنطقة-الشرقية-6851954,"فيلا للبيع في شارع ابو ثعلبة الانصاري, حي الصفاء, مدينة الدمام, المنطقة الشرقية",900000,234,4,0.0,0.0,0,حي القشلة,الظهران,حي القشلة,"🏷️   رقم الاعلان :  2001   🏷️
🏡    فيللا عصرية للبيع      🏡
📍    الدمام  / حي الصفا  📍
📐    المساحة : 234م²   الشارع  .20م شرق  🛣️
💫 مميزات  : قريب جميع الخدمات البيع شامل مكيفات ومطبخ راكب وسستم كاميرات  💫
🏠 الطابق الارضي 
حوش / مجلس رجال مع دورة مياه  /صاله مع دورة مياه /مطبخ مقفول  🏠
🏠 الطابق الاول
 1 غرفه ماستر / 2غرفه مع دورة مياه  🏠
🏠 الملحق  :
 غرفة خادمه ماستر /غرفة غسيل/ صاله سطح 🏠
🗂️  ""جميع الضمانات كود سعودي ""  🗂️
💰 السعر : 900.000💰",26.380355,50.184217,https://images.aqar.fm/webp/750x0/props/055028080_1788248131200.jpg,1.0,رائد الزهراني,مؤسسة رائد احمد الزهراني التجارية,1.0,2026-09-01,2026-09-01,2026-09-20,277,2026-09-27,True,"900,000",False,فيلا
6746359,https://sa.aqar.fm/فلل-للبيع/الظهران/حي-القصور/شارع-القنفدة-حي-القصور-مدينة-الظهران-المنطقة-الشرقية-6746359,"فيلا للبيع في شارع القنفدة, حي القصور, مدينة الظهران, المنطقة الشرقية",1600000,250,7,6.0,2.0,11,حي القصور,الظهران,حي القصور,"🏡 دوبلكس للبيع | حي القصور – الظهران

فرصة مميزة لامتلاك دوبلكس واسع بموقع هادئ ومطلوب في حي القصور بالظهران، يتميز بتوزيع عملي واستغلال ممتاز للمساحات مع تجهيزات متكاملة ومكيفات تحت الضمان.

📍 الموقع: حي القصور – الظهران
🏠 نوع العقار: دوبلكس مشترك
📐 المساحة: 250 م² تقريباً
🧭 الواجهة: شمالية
🛣️ شارع: 12 متر
⌛ عمر العقار: 15 سنة
💰 السعر: 1,600,000 ريال (قابل للتفاوض بالمعقول)

تفاصيل العقار:

الدور الأرضي:
• خيمة مصغرة بالحوش
• مجلس رجال
• دورة مياه للمجلس
• مقلط
• صالة واسعة بمساحة تقريبية 7.5 × 8 م
• دورة مياه للصالة
• مطبخ داخلي مع بوفيه
• مطبخ إضافي
• جميع المطابخ مجهزة وراكبة
• مستودع أرضي متصل بالمطبخ
• مستودع علوي إضافي

الدور الأول:
• صالة كبيرة
• غرفة إضافية (جبس بورد قابلة للإزالة)
• غرفتا نوم ماستر
• غرفتا نوم بدورة مياه مشتركة

الدور الثاني:
• غرفة عاملة
• دورة مياه خدمة
• غرفة كبيرة متعددة الاستخدام
• صالة رياضية (جيم) بمساحة تقريبية 7 × 7.5 م
• غرفة سطح خارجية 4 × 7 م
• مستودع إضافي
• غرفة خزان

المميزات:
✅ جميع المكيفات سبليت
✅ المكيفات تحت الضمان
✅ نظام صفاية للتبريد وتنقية المياه
✅ استغلال ممتاز للمساحات
✅ موقع مميز في حي القصور
✅ مناسب للعائلات الكبيرة

للاستفسار والمعاينة:

أبو صالح | همم الشرق العقارية
📞 ((الرقم يظهر عند الضغط على اتصال))
رخصة فال: 1200029011",26.341352,50.155659,https://images.aqar.fm/webp/750x0/props/033364570_1782310258641.png,3.0,رياض محمد شوعي مكوعي,شركة همم الشرق العقارية ,1.0,2026-06-24,2026-09-22,2026-09-26,1097,2026-09-27,True,"1,600,000",False,فيلا
6864690,https://sa.aqar.fm/فلل-للبيع/الظهران/حي-تهامة/حي-تهامة-مدينة-الدمام-المنطقة-الشرقية-6864690,"فيلا للبيع في حي تهامة, مدينة الدمام, المنطقة الشرقية",2800000,625,10,0.0,0.0,9,حي تهامة,الظهران,حي تهامة,"فيلا للبيع بحي تهامة الظهران | 625م² | 9 غرف نوم | سعر قابل للتفاوض

🏡 فيلا واسعة للبيع في حي تهامة – الظهران

فرصة مميزة لامتلاك فيلا بمساحة 625م² في حي تهامة بالظهران، تتميز بمساحات واسعة وتوزيع عملي على 3 أدوار، مما يجعلها مناسبة للعائلات الكبيرة ويوفر خصوصية ومساحات متعددة للمعيشة والضيافة.

🔹 تفاصيل العقار:

الدور الأرضي:
• مجلس رجال + دورة مياه
• مجلسان للنساء + دورة مياه
• صالة واسعة
• درج داخلي
• مطبخ خارجي
• غرفة سائق
• خيمة خارجية
• مغاسل خارجية + دورة مياه

الدور الأول:
• 5 غرف نوم بينهم :
• 3 غرف ماستر
• غرفتان نوم بينهما دورة مياه
• صالة

الدور الثاني:
• 4 غرف نوم
• دورتا مياه
• صالة
• سطح

⭐ مميزات العقار:
• مساحة الأرض: 625م²
• إجمالي غرف النوم: 9 غرف
• 3 غرف ماستر
• صالات متعددة
• مجالس مستقلة للرجال والنساء
• خيمة خارجية
• غرفة سائق
• سطح
• تقسيم عملي مناسب للعائلات الكبيرة
• عمر العقار: 9 سنوات

💰 السعر المطلوب: 2,800,000 ريال
🔸 قابل للتفاوض للجادين

📍 حي تهامة – الظهران

📞 للاستفسار وتحديد موعد للمعاينة، التواصل عبر المنصة.

✨ مساحة كبيرة | توزيع عملي | خصوصية للعائلة | موقع مميز.",26.351005,50.128509,https://images.aqar.fm/webp/750x0/props/054984746_1788886213961.jpg,14.0,هديل التميمى,,,2026-09-08,2026-09-08,2026-09-25,404,2026-09-27,True,"2,800,000",False,فيلا
6761789,https://sa.aqar.fm/فلل-للبيع/الظهران/حي-القصور/شارع-القنفدة-حي-القصور-مدينة-الظهران-المنطقة-الشرقية-6761789,"فيلا للبيع في شارع القنفدة, حي القصور, مدينة الظهران, المنطقة الشرقية",1600000,250,7,6.0,2.0,11,حي القصور,الظهران,حي القصور,"# دوبلكس للبيع – حي القصور | الظهران

**الموقع:** حي القصور – الظهران
**نوع العقار:** دوبلكس مشترك
**المساحة:** 250 م² (تقريباً)
**الواجهة:** شمالية
**عرض الشارع:** 12 متر
**عمر العقار:** 15 سنة

**السعر:** 1,600,000 ريال
*قابل للتفاوض في حدود المعقول.*

---

## تفاصيل العقار

### الدور الأرضي

* خيمة مصغرة بالحوش.
* مجلس رجال بمدخل مستقل.
* دورة مياه خاصة بالمجلس.
* مقلط.
* مدخل جانبي للصالة.
* صالة عائلية واسعة بمساحة تقريبية (7.5 × 8 م).
* درج داخلي في منتصف الصالة.
* دورة مياه للصالة.
* مطبخ داخلي مع بوفيه.
* مطبخ إضافي.
* جميع المطابخ راكبة ومجهزة بالكامل.
* مستودع أرضي متصل بالمطبخ.
* مستودع علوي فوق المستودع الأرضي.

### الدور الأول

* صالة عائلية.
* غرفة نوم إضافية (جبس بورد قابلة للإزالة).
* غرفتا نوم ماستر.
* غرفتا نوم بدورة مياه مشتركة.

### الدور الثاني

* غرفة عاملة.
* دورة مياه خدمة.
* غرفة متعددة الاستخدام.
* صالة رياضية (جيم) بمساحة تقريبية (7 × 7.5 م).
* غرفة سطح خارجية بمساحة (4 × 7 م).
* مستودع إضافي بمساحة تقريبية (2.5 × 7 م).
* غرفة خزان.

---

## مميزات العقار

* جميع المكيفات من نوع سبليت.
* المكيفات تحت الضمان.
* نظام صفاية للتبريد وتنقية المياه.
* استغلال ممتاز للمساحات الداخلية والخارجية.
* تصميم عملي يناسب العائلات.
* موقع مميز في حي القصور بالظهران.

---

## للتواصل والاستفسار

**أبو صالح | همم الشرق العقارية**
**الجوال:** ((الرقم يظهر عند الضغط على اتصال))
**رخصة فال:** 1200029011",26.341352,50.155659,https://images.aqar.fm/webp/750x0/props/033364579_1783330924880.png,3.0,رياض محمد شوعي مكوعي,شركة همم الشرق العقارية ,1.0,2026-07-06,2026-09-02,2026-09-26,900,2026-09-27,True,"1,600,000",False,فيلا
6752658,https://sa.aqar.fm/فلل-للبيع/الظهران/حي-القصور/شارع-الامير-احمد-حي-القصور-مدينة-الظهران-المنطقة-الشرقية-6752658,"فيلا للبيع في شارع الامير احمد, حي القصور, مدينة الظهران, المنطقة الشرقية",6000000,691,5,0.0,0.0,10,حي القصور,الظهران,حي القصور,"فيلا في حي القصور الظهران مساحتها 691
الدور الارضي: كراج سيارات 
 حوش
 مجلس خارجي مع دورة مياه 
مجلس رجال كبير 
غرفة طعام كبيره
 مجلس نساء 
صالة 
مطبخين 
مصعد يخدم جميع الادوار 
الدور الاول :
عدد الغرف  : جناح رئيسي عباره عن غرفة نوم وغرفة جلوس وغرفة ملابس وجاكوزي ودورة مياه 
 ٤ غرف ماستر وصاله كبير
الملحق :
شقه بمدخل مستقل عبارة عن :
صالة 
مطبخ 
 غرفتين نوم احداها ماستر ودورتين مياه 
 غرفه عامله 
 دور مياه 
 غرفة غسيل 
سطح كبير يمكن استغلاله فالبناء 

الدور الارضي تكييف مركزي بالكامل بنطام وحدات منفصله 

الفيلا تفتح : جنوب ع شارع ٦٠

يشمل بيع الفيلا جميع ملحقاتها والاثاث الموجود بها 

شركة املاك العقارية
للاستفسارات والتواصل 
((الرقم يظهر عند الضغط على اتصال))",26.356084,50.15122,https://images.aqar.fm/webp/750x0/props/048910662_1782744512881.jpg,20.0,مبارك محمد,شركة أملاك القصور,1.0,2026-06-29,2026-09-24,2026-09-24,2270,2026-09-27,True,"6,000,000",False,فيلا
6778064,https://sa.aqar.fm/فلل-للبيع/الظهران/حي-القشلة/حي-الصفاء-مدينة-الدمام-المنطقة-الشرقية-6778064,"فيلا للبيع في حي الصفاء, مدينة الدمام, المنطقة الشرقية",900000,234,4,5.0,2.0,0,حي القشلة,الظهران,حي القشلة,"♟️ أعلآن رقم 2003♟️
📍الخبر حي الصفا الراكه📍 
     متبقي وحده  خلفية  
          دبلكس متصله
           مطبخ راكب 
       6 مكيفات اسبلت 
  🛣️ شارع 20 شرق 🌅
       مساحه 234
   ❕كراج حوش❕
   
   ⬅️الدور الاول
• مجلس رجال مع دورة مياه
• صاله دورة مياه  
• مطبخ راكب مقفول 
     ⬅️الدور الثاني
•1غرفه نوم  ماستر
2غرفه مع دورة مياه 
• صاله

           ⬅️الملحق
غرفة خادمه مع دورة مياه 
غرفة غسيل 
صاله مع دورة مياه وسطح 
جميع الضمانات كود سعودى 
تأمين شركة التعاونيه 
سعر الخلفيه 910 الف 💰",26.381247,50.185208,https://images.aqar.fm/webp/750x0/props/050274622_1784288331811.jpg,2.0,فيصل مرضي,شركة الصدفة للتطوير العقاري,1.0,2026-07-17,2026-09-13,2026-09-13,578,2026-09-27,True,"900,000",False,فيلا
6477656,https://sa.aqar.fm/فلل-للبيع/الظهران/حي-القشلة/حي-الصفاء-مدينة-الدمام-المنطقة-الشرقية-6477656,"فيلا للبيع في حي الصفاء, مدينة الدمام, المنطقة الشرقية",940000,232,5,,,0,حي القشلة,الظهران,حي القشلة,"♟️ أعلآن رقم 7037♟️
📍الخبر حي الصفا الراكه📍 
     متبقي وحده  خلفية  
          دبلكس متصله
           مطبخ راكب 
       6 مكيفات اسبلت 
  🛣️ شارع 20 شرق 🌅
       مساحه 234
   ❕كراج حوش❕
   
   ⬅️الدور الاول
• مجلس رجال مع دورة مياه
• صاله دورة مياه  
• مطبخ راكب مقفول 
     ⬅️الدور الثاني
•1غرفه نوم  ماستر
2غرفه مع دورة مياه 
• صاله

           ⬅️الملحق
غرفة خادمه مع دورة مياه 
غرفة غسيل 
صاله مع دورة مياه وسطح 
جميع الضمانات كود سعودى 
تأمين شركة التعاونيه 
سعر الخلفيه 940 الف 💰",26.3804,50.183481,https://images.aqar.fm/webp/750x0/props/041942300_1763895567448.jpg,1.0,سعد العتيبي,مؤسسة الحلم المستهدف للمقاولات المعمارية العامة,1.0,2025-11-23,2025-11-23,2026-07-14,2413,2026-09-27,True,"940,000",False,فيلا
6859980,https://sa.aqar.fm/فلل-للبيع/الظهران/حي-القشلة/شارع-سهل-بن-حنيف-حي-الحسام-مدينة-الدمام-المنطقة-الشرقية-6859980,"فيلا للبيع في شارع سهل بن حنيف, حي الحسام, مدينة الدمام, المنطقة الشرقية",1650000,300,9,,,0,حي القشلة,الظهران,حي القشلة,"للبيع | فيلا جديدة فاخرة في حي الحسام
📍 الموقع: حي الحسام – شارع 18 جنوب
🏡 مساحة الأرض: 300 م²
🏗️ مسطح البناء: 457 م²
✨ بناء شخصي وفق الكود السعودي
🛡️ تأمين ضد العيوب

🏠 تفاصيل الفيلا
الدور الأرضي:

صالة واسعة
مجلس
غرفة طعام
مطبخ
دورتا مياه مع مغاسل للضيوف
الدور الأول:

صالة
بوفيه
جناح نوم رئيسي كبير
3 غرف نوم ماستر إضافية
الملحق:

صالة كبيرة بإطلالة على السطح
دورة مياه
غرفة عاملة مع دورة مياه خاصة
غرفة غسيل
مستودع
⭐ المميزات الإضافية
تأسيس مصعد
خزان مياه أرضي وعلوي
سخان مركزي
كراسي معلقة
تصميم عملي واستغلال ممتاز للمساحات
تشطيب فاخر
فيلا جديدة مناسبة للسكن أو الاستثمار
رقم الموظف 1102",26.38784,50.169334,https://images.aqar.fm/webp/750x0/props/054424773_1788695973935.jpg,11.0,يوسف بن سامى بن عادل فيصل,شركة حلم المسكن العقارية,1.0,2026-09-06,2026-09-06,2026-09-21,533,2026-09-27,True,"1,650,000",False,فيلا
6710476,https://sa.aqar.fm/فلل-للبيع/الظهران/حي-القصور/شارع-تيماء-حي-القصور-مدينة-الظهران-المنطقة-الشرقية-6710476,"فيلا للبيع في شارع تيماء, حي القصور, مدينة الظهران, المنطقة الشرقية",2600000,319,5,0.0,0.0,0,حي القصور,الظهران,حي القصور,"🏡 دار التلال  مساحه320 – 
الدور الأرضي

🔹 مدخل سيارة (قراج) مع حوش 🚗🌿
🔹 مجلس + مقلط + حمام خدمة 🛋️🍽️🚻
🔹 صالة واسعة مع منطقة طعام + حمام خدمة 🛋️🍴🚻
🔹 تأسيس مصعد 🛗
🔹 مطبخ 🍳
🔹 غرفة خادمة مع حمام خاص 🧹🚿

🏡 الدور الثاني

🔹 3 غرف نوم ماستر (كل غرفة بحمام خاص) 🛏️🛁✨

🏡 الدور الثالث (الأخير)

🔹 صالة 🛋️
🔹 غرفة نوم مع حمام خدمة خارجي 🛏️🚻
🔹 غرفة مخزن 📦
🔹 غرفة غسيل 🧺
🔹 سطح 🌤️

✨ تصميم متكامل يوفر الراحة والخصوصية بمساحات عملية واسعه",26.346032,50.147077,https://images.aqar.fm/webp/750x0/props/048649970_1779707071440.jpg,30.0,دلال سعد,شركة دار الإعمار للتطوير العقاري ,1.0,2026-05-25,2026-09-18,2026-09-18,1490,2026-09-27,True,"2,600,000",False,فيلا
6623309,https://sa.aqar.fm/فلل-للبيع/الظهران/حي-الدوحة-الشمالية/شارع-بن-النفيس-حي-الدوحة-الشمالية-مدينة-الظهران-المنطقة-الشرقية-6623309,"فيلا للبيع في شارع بن النفيس, حي الدوحة الشمالية, مدينة الظهران, المنطقة الشرقية",1600000,595,9,,,11,حي الدوحة الشمالية,الظهران,حي الدوحة الشمالية,"💻 `معروض للبيع فيلا زاوية في  الدوحة الشمالية الظهران البيع بسعر الأرض بالقرب لي ممشى تلال الظهران` 👇
➖ مساحة 595م 
➖ شارع جنوب و شرق 
➖ العمر ٣٥ سنة 

🛑 *تفاصيل الفيلا:*

🛡️ `الدور الارضي👇` 
مجلس + مقلط +صالة+ 3 غرف نوم + 3دورات مياه +مطبخ +مخزن 

🛡️ `الدور الاول`
2 غرف نوم + صالة +دورة مياه + سطح كبير 

🛡️ `الدور الثالث`
سطح 

🌎 بالقرب لي المدارس 
🌎 بالقرب المسجد 
🌎 الموقع مميز جدا 

💰مطلوب ٢ مليون تفاوض 
🌎 land location 👇
https://maps.app.goo.gl/gM5boQtD9uUw7HBP7",26.338016,50.162849,https://images.aqar.fm/webp/750x0/props/000577098_1773341476883.jpg,8.0,بدريه القحطاني,مؤسسة مكتب الإتجاه الجديد للعقار,1.0,2026-03-12,2026-09-03,2026-09-03,3947,2026-09-27,True,"1,600,000",False,فيلا
6838548,https://sa.aqar.fm/فلل-للبيع/الظهران/حي-الدوحة-الجنوبية/شارع-العباس-حي-الدوحة-الجنوبية-مدينة-الظهران-المنطقة-الشرقية-6838548,"فيلا للبيع في شارع العباس, حي الدوحة الجنوبية, مدينة الظهران, المنطقة الشرقية",12000000,2535,7,0.0,0.0,11,حي الدوحة الجنوبية,الظهران,حي الدوحة الجنوبية,"قصر  خاص فاخر للبيع  مع الاثاث مساحته ٢٥٣٦
موقع استراتيجي ومميز  مخطط جامعه البترول سابقه الظهران الدوحه على ٣ واجهات ( ٣ شوارع ) من أفضل الاحياء الراقيه في الشرقيه  موقع مرتفع وارض صلبه من الاساس 
مجدد بالكامل قبل 3 سنوات 
حوش بمساحة ممتاز، كبيره وحديقة، مسبح مع كوخ و دورة مياه ، مجلس خارجي مع دورة مياة 
مطبخ داخلي * مطبخ خارجي  
٣ مداخل للفلة، الدور الارضي صالات استقبال، غرفة طعام، مطبخ مجهز 
الدور الاول 4 غرف نوم بدورات مياة، جناح غرفة ماستر مع غرفتين و دورة مياة 
الدور الاخير 2 غرفة مع دورة مياة 
قبو بمساحة الفله مكيف بالكامل، 3 صالات، دورتين مياة، غرف ضيوف، مكتبه، مطبخ 
الفله مكيفة بالكامل مركزي و كونسيلد  ، 
**القصر  مستوحاه  من انظمه وسلامه شركه ارامكو 
لا زال المالك ساكن في القصر . 
يوجد صور ،، عند الطلب",26.314471,50.156697,https://images.aqar.fm/webp/750x0/props/012092221_1788265315357.jpg,1.0,حسين بن عبدالعزيز بن فالح الفالح,مكتب الفالح للخدمات العقارية,1.0,2026-08-24,2026-09-22,2026-09-25,472,2026-09-27,True,"12,000,000",False,فيلا
6534160,https://sa.aqar.fm/فلل-للبيع/الظهران/حي-القشلة/حي-الصفاء-مدينة-الدمام-المنطقة-الشرقية-6534160,"فيلا للبيع في حي الصفاء, مدينة الدمام, المنطقة الشرقية",920000,232,5,5.0,4.0,0,حي القشلة,الظهران,حي القشلة,,26.3804,50.183481,https://images.aqar.fm/webp/750x0/props/044198116_1767602035571.jpg,1.0,سعد العتيبي,مؤسسة الحلم المستهدف للمقاولات المعمارية العامة,1.0,2026-01-05,2026-09-18,2026-09-26,882,2026-09-27,True,"920,000",False,فيلا
6847146,https://sa.aqar.fm/فلل-للبيع/الظهران/حي-الدانة-الشمالية/شارع-البديعه-حي-الدانة-الشمالية-مدينة-الظهران-المنطقة-الشرقية-6847146,"فيلا للبيع في شارع البديعه, حي الدانة الشمالية, مدينة الظهران, المنطقة الشرقية",1900000,500,9,7.0,2.0,11,حي الدانة الشمالية,الظهران,حي الدانة الشمالية,"🏡 للبيع فيلا مميزة في الظهران – حي الدانة الشمالية ✨

📍 موقع مميز بالقرب من جامع ابن تيمية
📐 مساحة الأرض: 500 م²
🛣️ على شارع 20م شمال + نافذ شرقي 8م
💰 المطلوب: 1,900,000 ريال
🔹 قابل للتفاوض البسيط
🏚️ عمر العقار : 30 عام

━━━━━━━━━━━━━━━━━━

🏠 تفاصيل الفيلا

الدور الأرضي:
▪️ مدخلان
▪️ مجلس رجال
▪️ مقلط رجال
▪️ مجلس نساء
▪️ مقلط نساء
▪️ غرفة نوم بحمام
▪️ صالة كبيرة
▪️ 3 دورات مياه
▪️ مطبخ + مستودع
▪️ حوش
▪️ كراج سيارة

الدور الثاني:
▪️ 6 غرف نوم
▪️ غرفتان ماستر – كل غرفة بحمام خاص
▪️ 4 غرف نوم – كل غرفتين بحمام
▪️ صالة كبيرة
▪️ سكاي لايت
▪️ درج مفتوح

━━━━━━━━━━━━━━━━━━

✨ أعمال الصيانة والتجديد

✅ صيانة كاملة للمنزل
✅ تجديد وتمديدات الكهرباء وتحويلها إلى 220 فولت
✅ استبدال مواد السباكة بالكامل
✅ أطقم صحية وخلاطات جديدة
✅ العقار جاهز للسكن

📍 موقع العقار على الخريطة:
فتح موقع الفيلا على الخريطة

💰 السعر: 1,900,000 ريال
قابل للتفاوض البسيط

📞 للاستفسار والمعاينة والتواصل: +966 54 519 4935
شركة همم الشرق العقارية",26.339563,50.14866,https://images.aqar.fm/webp/750x0/props/033364574_1788009864675.jpg,1.0,رياض محمد شوعي مكوعي,شركة همم الشرق العقارية ,1.0,2026-08-29,2026-08-29,2026-09-26,923,2026-09-27,True,"1,900,000",False,فيلا
6788084,https://sa.aqar.fm/فلل-للبيع/الظهران/حي-الدوحة-الجنوبية/شارع-اوس-بن-المنذر-حي-الدوحة-الجنوبية-مدينة-الظهران-المنطقة-الشرقية-6788084,"فيلا للبيع في شارع اوس بن المنذر, حي الدوحة الجنوبية, مدينة الظهران, المنطقة الشرقية",2200000,390,5,0.0,0.0,0,حي الدوحة الجنوبية,الظهران,حي الدوحة الجنوبية,"*للبيع فلل منفصله بموقع مميز بالدوحه الجنوبيه*

☆المساحة: ٣٩٠ م
☆الاتجاه: شرقيه 
☆الشارع: ٢٠ م 
☆ مسطح البناء: ٥٨٣ م

✨ *مميزات الفلل*✨
▪︎ البناء ( شخصي )على الكود السعودي بإستخدام أفضل المواد
▪︎ قواعد شريطيه كبيره - طابوق المنارتين - اسلاك وكيابل الرياض - الكهربا بضمانات تصل الى ٢٥ سنه - السباكه حراري ضمان ١٥ سنه
▪︎ عازل للسطح حراري ومائي بمواد امريكيه ضمان ١٠ سنوات
▪︎ تأمين على المبنى ١٠ سنوات من شركة ملاذ
▪︎مساحات واسعه بتصميم عصري
▪︎ تأسيس مصعد
▪︎ تكييف كونسلت في صالة الدور الارضي
▪︎النوافذ كبيره وكاتمه للصوت ومضاده للكسر
▪︎ ضمانات على أغلب التركيبات تصل إلى25سنه
▪︎المواد الصحيه معلقه والخلاطات ماركة جروهي
▪︎ تنفيذ ابهار للتطوير العقاري مقاول مصنف من البلديه ومعتمد من وزارة الاسكان

*الدور الأرضي*:
حوش/ كراج/ مجلس رجال /مغاسل/ دورة مياه/ غرفة طعام/  صاله واسعه /  تأسيس مصعد/ دورة مياه/ مطبخ
*الدور الأول*:
غرفة نوم رئيسيه مع غرفة ملابس ودورة مياه /   صاله  / غرفة نوم ماستر اخرى / غرفتين نوم بينهم دورة مياه

*الملحق*:
غرفة نوم / غرفة خامة / غرفة غسيل / دورة مياه 
*السعر* :
2.300.000

*الموقع*
https://maps.app.goo.gl/MMxbNY3MNPi2J2Rw9?g_st=iw",26.326092,50.170683,https://images.aqar.fm/webp/750x0/props/010426837_1784879729121.jpg,1.0,بندر العتيبى,مؤسسة ابهار للتطوير العقاري,1.0,2026-07-24,2026-09-20,2026-09-26,529,2026-09-27,True,"2,200,000",False,فيلا
6788082,https://sa.aqar.fm/فلل-للبيع/الظهران/حي-الدوحة-الجنوبية/شارع-جعفر-الطيار-حي-الدوحة-الجنوبية-مدينة-الظهران-المنطقة-الشرقية-6788082,"فيلا للبيع في شارع جعفر الطيار, حي الدوحة الجنوبية, مدينة الظهران, المنطقة الشرقية",2250000,404,5,0.0,0.0,0,حي الدوحة الجنوبية,الظهران,حي الدوحة الجنوبية,"*للبيع فلل منفصله بموقع مميز بالدوحه الجنوبيه*

☆المساحة: ٤٠٤ م
☆الاتجاه: شرق
☆الشارع: ٢٠ م
☆ مسطح البناء: ٥٧٦ م

✨ *مميزات الفلل*✨
▪︎ البناء ( شخصي )على الكود السعودي بإستخدام أفضل المواد
▪︎ قواعد شريطيه كبيره - طابوق المنارتين - اسلاك وكيابل الرياض - الكهربا بضمانات تصل الى ٢٥ سنه - السباكه حراري ضمان ١٥ سنه
▪︎ عازل للسطح حراري ومائي بمواد امريكيه ضمان ١٠ سنوات
▪︎ تأمين على المبنى ١٠ سنوات من شركة ملاذ
▪︎مساحات واسعه بتصميم عصري
▪︎ تأسيس مصعد
▪︎ تكييف كونسلت في صالة الدور الارضي
▪︎النوافذ كبيره وكاتمه للصوت ومضاده للكسر
▪︎ ضمانات على أغلب التركيبات تصل إلى25سنه
▪︎المواد الصحيه معلقه والخلاطات ماركة جروهي
▪︎ تنفيذ ابهار للتطوير العقاري مقاول مصنف من البلديه ومعتمد من وزارة الاسكان

*الدور الأرضي*:

حوش/ كراج/ مجلس رجال /مغاسل/ دورة مياه/ غرفة طعام/  صاله واسعه /  تأسيس مصعد/ دورة مياه/ مطبخ/ غرفة خامة / غرفة غسيل / دورة مياه 

*الدور الأول*:
غرفة نوم رئيسيه مع غرفة ملابس ودورة مياه /   صاله  / غرفة نوم ماستر اخرى / غرفتين نوم بينهم دورة مياه

*الملحق*:
غرفة نوم / دورة مياة 

*السعر* :
2.300.000

*الموقع*

https://maps.google.com/?q=26.332413,50.156136",26.332394,50.15592,https://images.aqar.fm/webp/750x0/props/010426835_1787419047969.jpg,7.0,بندر العتيبى,مؤسسة ابهار للتطوير العقاري,1.0,2026-07-24,2026-09-20,2026-09-26,777,2026-09-27,True,"2,250,000",False,فيلا
6481651,https://sa.aqar.fm/فلل-للبيع/الظهران/حي-الدوحة-الجنوبية/شارع-اوس-بن-المنذر-حي-الدوحة-الجنوبية-مدينة-الظهران-المنطقة-الشرقية-6481651,"فيلا للبيع في شارع اوس بن المنذر, حي الدوحة الجنوبية, مدينة الظهران, المنطقة الشرقية",2300000,390,5,5.0,2.0,0,حي الدوحة الجنوبية,الظهران,حي الدوحة الجنوبية,"*للبيع فلل منفصله بموقع مميز بالدوحه الجنوبيه*

☆المساحة: ٣٩٠ م
☆الاتجاه: شرقيه 
☆الشارع: ٢٠ م 
☆ مسطح البناء: ٥٨٣ م

✨ *مميزات الفلل*✨
▪︎ البناء ( شخصي )على الكود السعودي بإستخدام أفضل المواد
▪︎ قواعد شريطيه كبيره - طابوق المنارتين - اسلاك وكيابل الرياض - الكهربا بضمانات تصل الى ٢٥ سنه - السباكه حراري ضمان ١٥ سنه
▪︎ عازل للسطح حراري ومائي بمواد امريكيه ضمان ١٠ سنوات
▪︎ تأمين على المبنى ١٠ سنوات من شركة ملاذ
▪︎مساحات واسعه بتصميم عصري
▪︎ تأسيس مصعد
▪︎ تكييف كونسلت في صالة الدور الارضي
▪︎النوافذ كبيره وكاتمه للصوت ومضاده للكسر
▪︎ ضمانات على أغلب التركيبات تصل إلى25سنه
▪︎المواد الصحيه معلقه والخلاطات ماركة جروهي
▪︎ تنفيذ ابهار للتطوير العقاري مقاول مصنف من البلديه ومعتمد من وزارة الاسكان

*الدور الأرضي*:

حوش/ كراج/ مجلس رجال /مغاسل/ دورة مياه/ غرفة طعام/  صاله واسعه /  تأسيس مصعد/ دورة مياه/ مطبخ

*الدور الأول*:
غرفة نوم رئيسيه مع غرفة ملابس ودورة مياه /   صاله  / غرفة نوم ماستر اخرى / غرفتين نوم بينهم دورة مياه

*الملحق*:
غرفة نوم / غرفة خامة / غرفة غسيل / دورة مياه 

*السعر* :
2 مليون 300",26.326092,50.170683,https://images.aqar.fm/webp/750x0/props/003411610_1789641433806.jpg,21.0,هيا الغامدي,مؤسسة ركن النجاح للعقارات,1.0,2025-11-26,2026-01-26,2026-09-26,2360,2026-09-27,True,"2,300,000",False,فيلا
6772415,https://sa.aqar.fm/فلل-للبيع/الظهران/حي-الجامعة/شارع-التألف-حي-الجامعة-مدينة-الظهران-المنطقة-الشرقية-6772415,"فيلا للبيع في شارع التألف, حي الجامعة, مدينة الظهران, المنطقة الشرقية",2300000,400,7,,,11,حي الجامعة,الظهران,حي الجامعة,"فيلا للبيع 2,300,000
مساحة الفيلا 400م
الواجهه : على زاوية غربي جنوبي
الاطلاله :- ممشى وحديقه عامه ولعب للاطفال 
عدد الصالات : 2 
عدد دورات المياه :5
عرض الشارع 15م
الموقع : شارع التألف - حي الجامعه- الظهران - المنطقه الشرقية.
مقابل ممشى وحديقه الجامعه وبالقرب من بوابات ارامكو ومن مركز إثراء .

مميزات الوحدة:-
خزان مياه ارضي بسعة 18م
خزان علوي بسعة 5م
مدخل كراج 
غرفه سائق 
غرفه خادمة
توفر مياه
توفر كهرباء
توفر صرف صحي
فيلا مؤثثه 
الدور الارضي:-
مجلس رجال ومحلس نساء وصاله كبيره
صاله طعام من أشلي
مطبخ مجهز من كريستوود 
2 دورة مياه ومغاسلهم من 
4 مكيفات سبلت ( 3 Tn,  و 2.5 Tn)

الدور الاول:-
4 غرف نوم 
1 غرفه نوم ماستر :-
( غرفه نوم من العامر ، غرفه ملابس من الخزائن الكبرى، غرفة صاله من أشلي، دورة مياه)
6 مكيفات سبلت ( 3Tn ,  و 2.5Tn )
مطبخ خدمات من إيكيا 
3 دورات مياه 

السطح :- 
غرفة عامله منزليه
دورة مياه 
غرفة غسيل
خزان مياه بسعة 5L

نظام الري اتوماتيك 
عمر المنزل 13 سنة تقريبا",26.343648,50.129302,https://images.aqar.fm/webp/750x0/props/043784676_1783969227658.jpg,14.0,ابراهيم عبدالعزيز ابراهيم العثمان,مؤسسة ابراهيم عبدالعزيز العثمان,1.0,2026-07-13,2026-09-10,2026-09-26,530,2026-09-27,True,"2,300,000",False,فيلا
6802740,https://sa.aqar.fm/فلل-للبيع/الظهران/حي-القشلة/شارع-الزيزفون-حي-الحسام-مدينة-الدمام-المنطقة-الشرقية-6802740,"فيلا للبيع في شارع الزيزفون, حي الحسام, مدينة الدمام, المنطقة الشرقية",4500000,700,4,5.0,1.0,4,حي القشلة,الظهران,حي القشلة,"🏡 فيلا في حي الحسام خلف الغرفة التجاريه 

• مساحة الارض :700 م 
• عرض الشارع 18 
• الواجهه : شمال
• عمر العقار مع البناء : اربع سنوات ( جديد لم يسكن ) 

✨الدور الأرضي: 

• غرفة سائق و دورة مياه
• حوش واسع + قراج 
• ديوانية خارجيه  +دورة مياه 
• مسبح
• مجلس 
• غرفة طعام 
• صالة بإطلالة على المسبح
• مجلس نساء 
• مطبخ مستقل راكب
• 2 دورة مياه

✨الدور الاول: 

• غرفة سوبر ماستر ( دبلوكس طابقين مكونه من مجلس ودورة مياه والطابق الثاني نوم مع حديقه مخدومه بمصعد ) 
• ثلاث غرف نوم ماستر

✨الدور الثاني :

• غرفة عاملة 
• دورة مياه
• غرفة غسيل

✅ مصعد راكب  متبقي المكينه 

💰 قيمة العقار : 

4,500,000

صافي

📞 للتواصل والمعاينة: 

((الرقم يظهر عند الضغط على اتصال))",26.387417,50.172733,https://images.aqar.fm/webp/750x0/props/017657523_1785705470874.jpg,11.0,بسمه ظافر بن ظافر القرني,مؤسسة ميثاق الأملاك العقارية,1.0,2026-08-02,2026-09-01,2026-09-26,971,2026-09-27,True,"4,500,000",False,فيلا
6423016,https://sa.aqar.fm/فلل-للبيع/الظهران/حي-الدوحة-الجنوبية/شارع-الامير-احمد-مدينة-الظهران-المنطقة-الشرقية-6423016,"فيلا للبيع في شارع الامير احمد, مدينة الظهران, المنطقة الشرقية",2300000,404,5,5.0,2.0,0,حي الدوحة الجنوبية,الظهران,حي الدوحة الجنوبية,"*للبيع فلل منفصله بموقع مميز بالدوحه الجنوبيه*

☆المساحة: ٤٠٤ م
☆الاتجاه: شرق
☆الشارع: ٢٠ م
☆ مسطح البناء: ٥٧٦ م

✨ *مميزات الفلل*✨
▪︎ البناء ( شخصي )على الكود السعودي بإستخدام أفضل المواد
▪︎ قواعد شريطيه كبيره - طابوق المنارتين - اسلاك وكيابل الرياض - الكهربا بضمانات تصل الى ٢٥ سنه - السباكه حراري ضمان ١٥ سنه
▪︎ عازل للسطح حراري ومائي بمواد امريكيه ضمان ١٠ سنوات
▪︎ تأمين على المبنى ١٠ سنوات من شركة ملاذ
▪︎مساحات واسعه بتصميم عصري
▪︎ تأسيس مصعد
▪︎ تكييف كونسلت في صالة الدور الارضي
▪︎النوافذ كبيره وكاتمه للصوت ومضاده للكسر
▪︎ ضمانات على أغلب التركيبات تصل إلى25سنه
▪︎المواد الصحيه معلقه والخلاطات ماركة جروهي
▪︎ تنفيذ ابهار للتطوير العقاري مقاول مصنف من البلديه ومعتمد من وزارة الاسكان

*الدور الأرضي*:

حوش/ كراج/ مجلس رجال /مغاسل/ دورة مياه/ غرفة طعام/  صاله واسعه /  تأسيس مصعد/ دورة مياه/ مطبخ/ غرفة خامة / غرفة غسيل / دورة مياه 

*الدور الأول*:
غرفة نوم رئيسيه مع غرفة ملابس ودورة مياه /   صاله  / غرفة نوم ماستر اخرى / غرفتين نوم بينهم دورة مياه

*الملحق*:
غرفة نوم / دورة مياة 

*السعر* :
2, مليون و400 الف

✨ ملحوظه : الموقع غير دقيق يرجي التواصل للمعاينه 👌🏻",26.318177,50.166828,https://images.aqar.fm/webp/750x0/props/003411614_1789642197248.jpg,13.0,هيا الغامدي,مؤسسة ركن النجاح للعقارات,1.0,2025-10-13,2026-09-16,2026-09-26,6244,2026-09-27,True,"2,300,000",False,فيلا
6861219,https://sa.aqar.fm/فلل-للبيع/الظهران/حي-الدوحة-الشمالية/شارع-اوس-بن-ثابت-حي-الدوحة-الشمالية-مدينة-الظهران-المنطقة-الشرقية-6861219,"فيلا للبيع في شارع اوس بن ثابت, حي الدوحة الشمالية, مدينة الظهران, المنطقة الشرقية",2650000,750,6,5.0,2.0,11,حي الدوحة الشمالية,الظهران,حي الدوحة الشمالية,"فيلا في حي الدوحة الشمالية بالظهران قرب الأفنيوز

عقار بموقع مميز في حي الدوحة الشمالية بالظهران، يقع على شارع عام بعرض 30م وبواجهة شرقية. العقار قائم حالياً بفيلا ببناء متين وتتيح مساحة الأرض وموقعها مرونة عالية للمستثمر والمطور في إعادة تأهيل المبنى وتحديثه أو إعادة تطويره بالكامل.

تفاصيل ومميزات العقار:
 مساحة الأرض: 750 م² (الأبعاد: 30م × 25م)
 الواجهة: شرقية (طول الواجهة: 25م)
 الشارع: بعرض 30م
 الموقع: حي الدوحة الشمالية – قريب جداً من مشروع الأفنيوز والخدمات والمناطق الحيوية


الأفكار الاستثمارية المحتملة:
 مشروع وحدات سكنية / دوبلكسات
 حضانة أو مركز ضيافة أطفال
 مشغل نسائي
 مركز خدمات مناسب للحي
 أي نشاط استثماري أو تجاري يتناسب مع الموقع والاشتراطات

السعر المطلوب: 2,650,000 ريال
(قابل للتفاوض في حال وجود اهتمام فعلي وجاد)",26.33979,50.164279,https://images.aqar.fm/webp/750x0/props/052542369_1788727345670.jpg,2.0,يوسف سعد,مؤسسة اسس البحر,1.0,2026-09-06,2026-09-06,2026-09-21,572,2026-09-27,True,"2,650,000",False,فيلا
6757607,https://sa.aqar.fm/فلل-للبيع/الظهران/حي-القصور/حي-القصور-مدينة-الظهران-المنطقة-الشرقية-6757607,"فيلا للبيع في حي القصور, مدينة الظهران, المنطقة الشرقية",5000000,875,5,7.0,3.0,10,حي القصور,الظهران,حي القصور,"بسم الله الرحمن الرحيم 

للبيع فيلا فاخره بحي القصور بالدوحه 
المساحه : 875 متر 
مكونه من : 
الدور الأرضي 
مجلس ومقلط وصاله ومطبخ وغرفه لكبار السن وثلاث حمامات ومخزن 

الدور الأول : ثلاث غرف ماستر وغرفة سويت فيها مطبخ وغرفه وحمامين وصاله 

الدور الثالث : غرفتبن  خادمه وغرفة غسيل ومخزن 
التكييف مركزي بالكامل 
نوع السراميك 
يوجد كراج 
تتميز الفيلا بتشطيبات جدا راقيه ورخام من نوع روزا البرتغالي افضل درجات لون الروزا 
غرفة حارس الحاله جدا ممتازه وراقية جدا 
العمر  13 سنه 

الفيلا مؤثثه بالكامل 

للتواصل : 
((الرقم يظهر عند الضغط على اتصال))
ابو سليمان",26.349635,50.158605,https://images.aqar.fm/webp/750x0/props/004125964_1783024900570.jpg,15.0,عبدالعزيز فطيس بن عبدالرحمن ال منشره,مؤسسة معامل العقارية,1.0,2026-07-02,2026-07-02,2026-09-17,1799,2026-09-27,True,"5,000,000",False,فيلا
6720790,https://sa.aqar.fm/فلل-للبيع/الظهران/حي-القصور/شارع-القنفدة-حي-القصور-مدينة-الظهران-المنطقة-الشرقية-6720790,"فيلا للبيع في شارع القنفدة, حي القصور, مدينة الظهران, المنطقة الشرقية",1600000,250,7,7.0,2.0,11,حي القصور,الظهران,حي القصور,"دوبلكس للبيع – حي القصور | الظهران

الموقع: حي القصور – الظهران

نوع العقار: دوبلكس مشترك

عمر العقار: 15 سنة

الواجهة: شمالية على شارع عرض 12 متر

المساحة التقريبية: 250 م²

السعر: 1,600,000 ريال قابل للتفاوض في حدود المعقول

تفاصيل العقار

الدور الأرضي:

خيمة مصغرة بالحوش
مدخل رئيسي للمجلس
مدخل جانبي للصالة
مجلس رجال
دورة مياه للمجلس
مقلط
صالة واسعة (تقريباً 7.5 × 8 م)
درج وسط الصالة
دورة مياه للصالة
مطبخ داخلي مع بوفيه
مطبخ إضافي
جميع المطابخ راكبة ومجهزة
مستودع خارجي أرضي متصل بالمطبخ
مستودع علوي فوق المستودع الأرضي

الدور الأول:

صالة كبيرة
غرفة نوم إضافية (جبس بورد قابلة للإزالة)
غرفتا نوم ماستر
غرفتا نوم بدورة مياه مشتركة

الدور الثاني:

غرفة عاملة
دورة مياه خدمة
غرفة كبيرة
صالة رياضية (جيم) بمساحة تقريبية 7 × 7.5 م
غرفة سطح خارجية 4 × 7 م
مستودع إضافي تقريباً 2.5 × 7 م
غرفة خزان

مميزات إضافية:

جميع المكيفات سبليت
المكيفات تحت الضمان
نظام صفاية للتبريد وتنقية المياه
استغلال ممتاز للمساحات
موقع مميز في حي القصور

للاستفسار والمعاينة:

أبو صالح | همم الشرق العقارية
0508007944
رخصة فال: 1200029011",26.341352,50.155659,https://images.aqar.fm/webp/750x0/props/033364579_1780732665310.jpg,3.0,رياض محمد شوعي مكوعي,شركة همم الشرق العقارية ,1.0,2026-06-06,2026-09-01,2026-09-26,1801,2026-09-27,True,"1,600,000",False,فيلا
6836987,https://sa.aqar.fm/فلل-للبيع/الظهران/حي-الدانة-الشمالية/شارع-الغوار-حي-الدانة-الشمالية-مدينة-الظهران-المنطقة-الشرقية-6836987,"فيلا للبيع في شارع الغوار, حي الدانة الشمالية, مدينة الظهران, المنطقة الشرقية",2200000,500,10,5.0,0.0,11,حي الدانة الشمالية,الظهران,حي الدانة الشمالية,"🏡 للبيع | دورين سكنيين مستقلين – حي الدانة بالظهران

📍 موقع مميز جدًا مقابل مدرسة بنات (روضة وابتدائية)، في موقع حيوي ومميز بحي الدانة.

✨ المواصفات:
• دورين سكنيين مستقلين
• لكل دور عداد كهرباء مستقل
• كل دور يتكون من:
• 5 غرف
• صالة
• مطبخ
• 3 دورات مياه

🔹 الدور الأرضي: مؤجر حاليًا، مما يوفر دخلًا إيجاريًا قائمًا للمستثمر.

🔹 الدور الأول: شاغر حاليًا، وتم الانتهاء من صيانة كاملة وتجديده، ومعروض للإيجار — فرصة للحصول على دخل إضافي بعد تأجيره.

💰 السعر: 2,200,000 ريال

📞 للتواصل والاستفسار:
((الرقم يظهر عند الضغط على اتصال))

🪪 رقم الترخيص الإعلاني: 7201093445

⭐ فرصة استثمارية مميزة تجمع بين دخل إيجاري قائم وإمكانية تحقيق دخل إضافي من الدور الأول، في موقع سكني حيوي بالظهران.

مؤسسة التطوير الحضاري للعقارات",26.3379,50.147455,https://images.aqar.fm/webp/750x0/props/033173352_1787490947751.jpg,1.0,فالح عامر بن فالح الهاجري,مكتب التطوير الحضاري للعقارات,1.0,2026-08-23,2026-09-21,2026-09-26,585,2026-09-27,True,"2,200,000",False,فيلا
6766466,https://sa.aqar.fm/فلل-للبيع/الظهران/حي-هجر/حي-هجر-مدينة-الدمام-المنطقة-الشرقية-6766466,"فيلا للبيع في حي هجر, مدينة الدمام, المنطقة الشرقية",2500000,469,5,7.0,2.0,11,حي هجر,الظهران,حي هجر,"✨ فرصة سكنية مميزة في موقع راقٍ ✨  
🏡 فيلا للبيع – الظهران | حي هجر

امتلك فيلا واسعة بتصميم عملي ومواصفات تلبي احتياجات العائلة، مجددة وجاهزة للسكن 🏠✨

📍 تفاصيل العقار:
📐 مساحة الأرض: 469م
🏗️ مسطح البناء: 600م تقريبًا  
🧭 الواجهة: غربية  
🛣️ شارع بعرض: 18م  
🏡 نوع العقار: فيلا سكنية  
🔹 عمر العقار: أكثر من 10 سنوات  
✨ مجددة وجاهزة للانتقال والسكن

⭐ مميزات الفيلا:
✔️ موقع مميز في حي هجر بالظهران  
✔️ واجهة حجر تضيف فخامة وجودة للمظهر الخارجي  
✔️ ارتدادات من الجهات الأربع تمنح خصوصية وراحة أكبر  
✔️ 3 مداخل مستقلة تعزز الخصوصية وسهولة الاستخدام  
✔️ موقف سيارة مستقل  
✔️ غرفة سائق مستقلة  
✔️ حوش خارجي واسع مناسب للجلسات العائلية  
✔️ مجلس خارجي مستقل للضيافة ومخدوم بدورة مياه  
✔️ مصعد يخدم جميع الأدوار  
✔️ مساحات واسعة وتوزيع عملي يناسب العائلات الكبيرة  

🏠 الدور الأرضي:
🔹 مجلس رجال  
🔹 مقلط  
🔹 مجلس نساء  
🔹 صالة عائلية  
🔹 مطبخ أساسي  
🔹 مطبخ إضافي  

🏠 الدور الأول:
🛏️ 5 غرف نوم  
⭐ غرفة نوم رئيسية ماستر  
🔹 صالة عائلية  

🏠 الدور الثاني (الملحق):
🔹 غرفة كبيرة متعددة الاستخدام  
🔹 غرفة عاملة  
🔹 غرفة غسيل  
🔹 حوش خارجي خاص  

💎 فيلا تجمع بين المساحات الرحبة، جودة البناء، الخصوصية، والموقع المناسب في الظهران، خيار مثالي لمن يبحث عن منزل عائلي جاهز للسكن.

📲 للمشترين والمهتمين، يسعدنا تواصلكم لمعرفة كامل التفاصيل 📞

وصول العقارية
((الرقم يظهر عند الضغط على اتصال))",26.362522,50.123318,https://images.aqar.fm/webp/750x0/props/024184211_1783588387594.jpg,16.0,عمر بن عادل بن عبدالله المطرودي,,,2026-07-09,2026-09-05,2026-09-25,1208,2026-09-27,True,"2,500,000",False,فيلا
6721991,https://sa.aqar.fm/فلل-للبيع/الظهران/حي-الجامعة/شارع-24ب-حي-الجامعة-مدينة-الظهران-المنطقة-الشرقية-6721991,"فيلا للبيع في شارع 24ب, حي الجامعة, مدينة الظهران, المنطقة الشرقية",5000000,416,20,0.0,0.0,11,حي الجامعة,الظهران,حي الجامعة,"فلتين دوبلكس تقع في الشرقية، الظهران حي الجامعة شارع 24 ب ، 
1. واجهة العقار:جنوبية شرقية
2. عمر العقار:18 سنة
3. الخدمات:ماء كهرباء صرف صحي
4. عرض الشارع:15م
5. ⁠السعر:5000000
ميزة الفيلا الكبيره اطلالة مباشره على مركز الملك عبدالعزيز الثقافي العالمي ((برج إثراء)) و بجانب منتزة ارامكو البيئي الأول 
معلومات اضافيه:الفلتين كلها تبعد دقيقتين عن طريق الميناء
و٣ دقائق عن طريق الظهران _الجبيل السريع",26.342657,50.127182,https://images.aqar.fm/webp/750x0/props/046116289_1780798519804.jpg,7.0,فهد بن عبدالله بن عبدالعزيز الحوشاني,,,2026-06-07,2026-07-10,2026-09-21,665,2026-09-27,True,"5,000,000",False,فيلا
6758142,https://sa.aqar.fm/فلل-للبيع/الظهران/حي-هجر/شارع-4-ب-حي-هجر-مدينة-الدمام-المنطقة-الشرقية-6758142,"فيلا للبيع في شارع 4 ب , حي هجر, مدينة الدمام, المنطقة الشرقية",2700000,469,5,0.0,0.0,11,حي هجر,الظهران,حي هجر,"للبيع 🏠 

مواصفات البيت : 
العمر : 11 سنه 
الموقع         
حي هجر 
المساحه.  
   469.65
الواجهه  غربيه 18 متر 
المحتويات 
مجلس 
مقلط 
غرفة نساء 
صاله سفليه وعلويه
‏ مطبخ كبير 
ومطبخ صغير مجهزين بدواليب من ابيات بقيمة 42000
خمس غرف نوم واحده منها ماستر واسعه مع دورة مياه خاصه  
غرفة خادمه
 غرفة سائق 
مستودع 
ديوانيه مكيفه بمكيف كست جديد مع دورة مياه 
مظله في السطح  
اصنصير ثلاث ادوار تكلفة 85000",26.359412,50.112649,https://images.aqar.fm/webp/750x0/props/003441963_1783088432405.jpg,1.0,فهد عبدالكريم عبدالرحمن الناهض,,,2026-07-03,2026-08-30,2026-09-01,373,2026-09-27,True,"2,700,000",False,فيلا
6862806,https://sa.aqar.fm/فلل-للبيع/الظهران/حي-تهامة/شارع-المغيرة-بن-زياد-حي-تهامة-مدينة-الدمام-المنطقة-الشرقية-6862806,"فيلا للبيع في شارع المغيرة بن زياد, حي تهامة, مدينة الدمام, المنطقة الشرقية",1800000,500,7,4.0,2.0,11,حي تهامة,الظهران,حي تهامة,"🏡 فيلا للبيع – مساحة 500 م²
فيلا  مكونة من دورين + سطح + حوش وملحق خارجي، بتوزيع عملي ومساحات ممتازة.
الحوش:
• حوش واسع
• ملحق خارجي
• مطبخ خارجي
الدور الأول:
• مجلس
• مقلط
• غرفة
• صالة
• مطبخ
• عدد 2 حمام
الدور الثاني:
• صالة
• غرفة ماستر
• 4 غرف نوم
• عدد 2 حمام
السطح:
• غرفة خادمة
📐 مساحة الأرض: 500 م²
📲 للمزيد من المعلومات والصور، يرجى التواصل عبر الواتساب.",26.352701,50.132822,https://images.aqar.fm/webp/750x0/props/014277988_1788804233425.jpg,1.0,حسن خالد,شركة الخالدية الأولى المحدودة,1.0,2026-09-07,2026-09-07,2026-09-19,625,2026-09-27,True,"1,800,000",False,فيلا
6624630,https://sa.aqar.fm/فلل-للبيع/الظهران/حي-القصور/شارع-غزلان-حي-القصور-الظهران-الدمام-6624630,"فيلا للبيع في شارع 6820050, حي القصور, مدينة الظهران, المنطقة الشرقية",1690000,285,3,5.0,2.0,10,حي القصور,الظهران,حي القصور,تاون هاوس في موقع حيوي محاط بالخدمات ، بحاله ممتازه و مميزات خدمات من مجمع ماربيلا من نادي صحي و مسبح داخلي و مكتب خدمه ٢٤ ساعه,26.3451,50.156124,https://images.aqar.fm/webp/750x0/props/051406125_1773479760272.jpg,8.0,نجلا بنت ناجي بن عبدرب علي الشافعي,,,2026-03-14,2026-03-15,2026-09-24,4807,2026-09-27,True,"1,690,000",False,فيلا
6844284,https://sa.aqar.fm/فلل-للبيع/الظهران/حي-الدوحة-الجنوبية/شارع-العباس-حي-الدوحة-الجنوبية-مدينة-الظهران-المنطقة-الشرقية-6844284,"فيلا للبيع في شارع العباس, حي الدوحة الجنوبية, مدينة الظهران, المنطقة الشرقية",12000000,2535,7,0.0,0.0,11,حي الدوحة الجنوبية,الظهران,حي الدوحة الجنوبية,"قصر خاص وفاخر للبيع

الظهران – حي الدوحة

قصر مميز في موقع استراتيجي بأحد أرقى أحياء الظهران، يتميز بمساحاته الرحبة وخصوصيته العالية، مع سهولة الوصول للطرق الرئيسية والخدمات.

المساحة: 2,536 م²
الواجهات: 3 واجهات على 3 شوارع

مميزات القصر

* موقع مرتفع وأرض صلبة منذ التأسيس.
* مجدد بالكامل قبل 3 سنوات.
* مكيف بالكامل كونسيلد ومركزي.
* أنظمة سلامة من شركة أرامكو.
* مؤثث.
* خصوصية عالية وسهولة في الوصول.
* إطلالات مفتوحة وتهوية ممتازة.
* 3 مداخل مستقلة للفيلا.

الدور الأرضي

* غرفة طعام.
* صالات استقبال.
* مطبخ داخلي.
* مطبخ خارجي.

الدور الأول

* 4 غرف نوم ماستر، لكل غرفة دورة مياه.
* جناح ماستر مكوّن من غرفة ماستر وغرفتين ودورة مياه.

الدور الثاني

* غرفتا نوم.
* دورة مياه.

القبو

بمساحة الفيلا كاملة، ويضم:

* غرفة ضيوف.
* مكتبة.
* مطبخ.
* دورتَي مياه.
* 3 صالات.
* مكيف بالكامل.

الحوش والمرافق الخارجية

* حديقة كبيرة.
* مسبح مع كوش ودورة مياه.
* مجلس خارجي مع دورة مياه.

الموقع

الظهران – الدوحة (مخطط جامعة البترول سابقًا)
قريب من جامعة الملك فهد للبترول والمعادن، مع سهولة الوصول إلى الخبر والدمام والظهران عبر الطرق الرئيسية.

رقم الترخيص

مجموعة الفالح للخدمات العقارية",26.314471,50.156697,https://images.aqar.fm/webp/750x0/props/045530826_1787827507618.jpg,1.0,امجاد علي يعقوب بيشي,,,2026-08-27,2026-09-25,2026-09-25,435,2026-09-27,True,"12,000,000",False,فيلا
6874345,https://sa.aqar.fm/فلل-للبيع/الظهران/حي-الدوحة-الجنوبية/شارع-اوس-بن-المنذر-حي-الدوحة-الجنوبية-مدينة-الظهران-المنطقة-الشرقية-6874345,"فيلا للبيع في شارع اوس بن المنذر, حي الدوحة الجنوبية, مدينة الظهران, المنطقة الشرقية",2200000,390,6,0.0,0.0,0,حي الدوحة الجنوبية,الظهران,حي الدوحة الجنوبية,"*للبيع فلل منفصله بموقع مميز بالدوحه الجنوبيه*

☆المساحة: ٤٠٤ م
☆الاتجاه: شرق
☆الشارع: ٢٠ م
☆ مسطح البناء: ٥٧٦ م

✨ *مميزات الفلل*✨
▪︎ البناء ( شخصي )على الكود السعودي بإستخدام أفضل المواد
▪︎ قواعد شريطيه كبيره - طابوق المنارتين - اسلاك وكيابل الرياض - الكهربا بضمانات تصل الى ٢٥ سنه - السباكه حراري ضمان ١٥ سنه
▪︎ عازل للسطح حراري ومائي بمواد امريكيه ضمان ١٠ سنوات
▪︎ تأمين على المبنى ١٠ سنوات من شركة ملاذ
▪︎مساحات واسعه بتصميم عصري
▪︎ تأسيس مصعد
▪︎ تكييف كونسلت في صالة الدور الارضي
▪︎النوافذ كبيره وكاتمه للصوت ومضاده للكسر
▪︎ ضمانات على أغلب التركيبات تصل إلى25سنه
▪︎المواد الصحيه معلقه والخلاطات ماركة جروهي
▪︎ تنفيذ ابهار للتطوير العقاري مقاول مصنف من البلديه ومعتمد من وزارة الاسكان

*الدور الأرضي*:

حوش/ كراج/ مجلس رجال /مغاسل/ دورة مياه/ غرفة طعام/  صاله واسعه /  تأسيس مصعد/ دورة مياه/ مطبخ/ غرفة خامة / غرفة غسيل / دورة مياه 

*الدور الأول*:
غرفة نوم رئيسيه مع غرفة ملابس ودورة مياه /   صاله  / غرفة نوم ماستر اخرى / غرفتين نوم بينهم دورة مياه

*الملحق*:
غرفة نوم / دورة مياة 

*السعر* :2200000

*الموقع*

https://maps.google.com/?q=26.332413,50.156136",26.326092,50.170683,https://images.aqar.fm/webp/750x0/props/015575666_1789402888502.jpg,6.0,باسمه مطر جويعد العتيبي,,,2026-09-14,2026-09-14,2026-09-19,155,2026-09-27,True,"2,200,000",False,فيلا
6822944,https://sa.aqar.fm/فلل-للبيع/الظهران/حي-القشلة/شارع-الزيزفون-حي-الحسام-مدينة-الدمام-المنطقة-الشرقية-6822944,"فيلا للبيع في شارع الزيزفون, حي الحسام, مدينة الدمام, المنطقة الشرقية",4100000,700,7,5.0,2.0,3,حي القشلة,الظهران,حي القشلة,$5f,26.389449,50.171857,https://images.aqar.fm/webp/750x0/props/004889131_1786746327730.jpg,12.0,دلال صالح بن عيد السبيعي,,,2026-08-14,2026-09-13,2026-09-13,547,2026-09-27,True,"4,100,000",False,فيلا
6849543,https://sa.aqar.fm/فلل-للبيع/الظهران/حي-القصور/شارع-الوادى-حي-القصور-مدينة-الظهران-المنطقة-الشرقية-6849543,"فيلا للبيع في شارع الوادى, حي القصور, مدينة الظهران, المنطقة الشرقية",1580000,285,4,4.0,1.0,8,حي القصور,الظهران,حي القصور,"✨فيلا للبيع  🏠  - الظهران داخل مجمع ماربيلا الراقي
• الموقع: الظهران - حي القصور
خلف أسواق التميمي
داخل مجمع سكني متكامل الخدمات✅
مميزات الفيلا:
تكييف كونسيلد + اسبليت
حوش خاص
موقف خاص
عداد كهرباء مستقل

تفاصيل العقار:
مساحة اجمالية | 285 م2
الدور الأرضي:
مجلس
صالة واسعة
مطبخ
غرفة طعام (مقلط)
بلكونة
عدد (2) دورات مياه
ا الدور العلوي:
غرفة نوم ماستر + غرفة ملابس عدد (2) غرف نوم
غرفة عاملة + دورة مياه
غرفة غسيل
عدد (3) دورات مياه 

😍خدمات المجمع - أسلوب حياة متكامل:
‎ 🪴حديقة
‎🕌مسجد
‎👩‍🍼حضانة أطفال
‎مغسلة ملابس
‎محل زهور وهدايا
‎ 🛒سوبرماركت + مطاعم + مقاهي
‎19 بنك
‎'لوبي فاخر:
* ﻿﻿محلات متنوعة
* ﻿﻿صالون نسائي
* ﻿﻿صالون رجالي مرافق ترفيهية: نادي رياضي مسبح ساونا
* ﻿﻿جاكوزي
‎(بأيام مخصصة للرجال والنساء)
‎خدمات فندقية:
‎كونسيرج واستقبال 24 ساعة
‎استلام الشحنات والأمانات
‎صيانة متكاملة
* 
* ﻿﻿صيانة متكاملة منطقة ألعاب أطفال لاونج خاص بالسكان فرصة مثالية للسكن الراقي أو الاستثمار المميز موقع حيوي قريب من جميع الخدمات'


للتواصل محمد الرشيدي ((الرقم يظهر عند الضغط على اتصال))",26.338698,50.153308,https://images.aqar.fm/webp/750x0/props/009669463_1788114619886.jpg,7.0,محمد مساعد بدر الرشيدي,,,2026-08-30,2026-08-30,2026-09-21,382,2026-09-27,True,"1,580,000",False,فيلا
6730000,https://sa.aqar.fm/فلل-للبيع/الظهران/حي-الدوحة-الجنوبية/شارع-اوس-بن-المنذر-حي-الدوحة-الجنوبية-مدينة-الظهران-المنطقة-الشرقية-6730000,"فيلا للبيع في شارع اوس بن المنذر, حي الدوحة الجنوبية, مدينة الظهران, المنطقة الشرقية",2200000,390,5,0.0,0.0,0,حي الدوحة الجنوبية,الظهران,حي الدوحة الجنوبية,"*للبيع فلل منفصله بموقع مميز بالدوحه الجنوبيه*

☆المساحة: ٣٩٠ م
☆الاتجاه: شرقيه 
☆الشارع: ٢٠ م 
☆ مسطح البناء: ٥٨٣ م

✨ *مميزات الفلل*✨
▪︎ البناء ( شخصي )على الكود السعودي بإستخدام أفضل المواد
▪︎ قواعد شريطيه كبيره - طابوق المنارتين - اسلاك وكيابل الرياض - الكهربا بضمانات تصل الى ٢٥ سنه - السباكه حراري ضمان ١٥ سنه
▪︎ عازل للسطح حراري ومائي بمواد امريكيه ضمان ١٠ سنوات
▪︎ تأمين على المبنى ١٠ سنوات من شركة ملاذ
▪︎مساحات واسعه بتصميم عصري
▪︎ تأسيس مصعد
▪︎ تكييف كونسلت في صالة الدور الارضي
▪︎النوافذ كبيره وكاتمه للصوت ومضاده للكسر
▪︎ ضمانات على أغلب التركيبات تصل إلى25سنه
▪︎المواد الصحيه معلقه والخلاطات ماركة جروهي
▪︎ تنفيذ ابهار للتطوير العقاري مقاول مصنف من البلديه ومعتمد من وزارة الاسكان

*الدور الأرضي*:

حوش/ كراج/ مجلس رجال /مغاسل/ دورة مياه/ غرفة طعام/  صاله واسعه /  تأسيس مصعد/ دورة مياه/ مطبخ

*الدور الأول*:
غرفة نوم رئيسيه مع غرفة ملابس ودورة مياه /   صاله  / غرفة نوم ماستر اخرى / غرفتين نوم بينهم دورة مياه

*الملحق*:
غرفة نوم / غرفة خامة / غرفة غسيل / دورة مياه",26.326092,50.170683,https://images.aqar.fm/webp/750x0/props/036047939_1781273652997.jpg,13.0,فاطمه مطر جويعد العتيبي,,,2026-06-12,2026-09-07,2026-09-20,1636,2026-09-27,True,"2,200,000",False,فيلا
6843779,https://sa.aqar.fm/فلل-للبيع/الظهران/حي-القصور/حي-القصور-مدينة-الظهران-المنطقة-الشرقية-6843779,"فيلا للبيع في حي القصور, مدينة الظهران, المنطقة الشرقية",4400000,875,7,5.0,4.0,11,حي القصور,الظهران,حي القصور,$5f,26.349635,50.158605,https://images.aqar.fm/webp/750x0/props/017198096_1787781679422.jpg,9.0,اسماء محمد,,0.0,2026-08-26,2026-09-25,2026-09-26,922,2026-09-27,True,"4,400,000",False,فيلا
6606274,https://sa.aqar.fm/فلل-للبيع/الظهران/حي-القشلة/شارع-أبو-فضالة-الانصاري-حي-الحسام-الدمام-الدمام-6606274,فيلا للبيع في شارع أبو فضالة الانصاري ، حي الحسام ، الدمام ، الدمام,4400000,700,5,5.0,2.0,0,حي القشلة,الظهران,حي القشلة,,26.3902,50.171066,https://images.aqar.fm/webp/750x0/props/025321075_1772102788430.jpg,1.0,عبدالله بن حمد بن يوسف القطينه,,,2026-02-26,2026-04-07,2026-09-20,2087,2026-09-27,True,"4,400,000",False,فيلا
6725333,https://sa.aqar.fm/فلل-للبيع/الظهران/حي-القصور/شارع-القنفدة-حي-القصور-مدينة-الظهران-المنطقة-الشرقية-6725333,"فيلا للبيع في شارع القنفدة, حي القصور, مدينة الظهران, المنطقة الشرقية",1600000,250,7,,,11,حي القصور,الظهران,حي القصور,"دوبلكس للبيع – حي القصور | الظهران

الموقع: حي القصور – الظهران

نوع العقار: دوبلكس مشترك

عمر العقار: 15 سنة

الواجهة: شمالية على شارع عرض 12 متر

المساحة التقريبية: 250 م²

السعر: 1,600,000 ريال قابل للتفاوض في حدود المعقول

تفاصيل العقار

الدور الأرضي:

خيمة مصغرة بالحوش
مدخل رئيسي للمجلس
مدخل جانبي للصالة
مجلس رجال
دورة مياه للمجلس
مقلط
صالة واسعة (تقريباً 7.5 × 8 م)
درج وسط الصالة
دورة مياه للصالة
مطبخ داخلي مع بوفيه
مطبخ إضافي
جميع المطابخ راكبة ومجهزة
مستودع خارجي أرضي متصل بالمطبخ
مستودع علوي فوق المستودع الأرضي

الدور الأول:

صالة كبيرة
غرفة نوم إضافية (جبس بورد قابلة للإزالة)
غرفتا نوم ماستر
غرفتا نوم بدورة مياه مشتركة

الدور الثاني:

غرفة عاملة
دورة مياه خدمة
غرفة كبيرة
صالة رياضية (جيم) بمساحة تقريبية 7 × 7.5 م
غرفة سطح خارجية 4 × 7 م
مستودع إضافي تقريباً 2.5 × 7 م
غرفة خزان

مميزات إضافية:

جميع المكيفات سبليت
المكيفات تحت الضمان
نظام صفاية للتبريد وتنقية المياه
استغلال ممتاز للمساحات
موقع مميز في حي القصور

للاستفسار والمعاينة:

حامد الشرهان
0539902229
رقم رخصة الاعلان : 7100289586",26.341352,50.155659,https://images.aqar.fm/webp/750x0/props/049077408_1780996956856.jpg,2.0,حامد بن عبدالرزاق بن سعد الشرهان,,,2026-06-09,2026-09-04,2026-09-22,1269,2026-09-27,True,"1,600,000",False,فيلا
6878601,https://sa.aqar.fm/فلل-للبيع/الظهران/حي-الدوحة-الشمالية/شارع-اوس-بن-ثابت-حي-الدوحة-الشمالية-مدينة-الظهران-المنطقة-الشرقية-6878601,"فيلا للبيع في شارع اوس بن ثابت, حي الدوحة الشمالية, مدينة الظهران, المنطقة الشرقية",2650000,750,6,,,11,حي الدوحة الشمالية,الظهران,حي الدوحة الشمالية,"فرصة مميزة لامتلاك فيلا في حي الدوحة الشمالية بمدينة الظهران، على شارع اوس بن ثابت.

تفاصيل العقار:
- المدينة: الظهران
- الحي: الدوحة الشمالية
- المساحة: 750 م²
- عدد الغرف: 6
- واجهة شمالية
- عرض الشارع: 30م
- عمر العقار: أكثر من عشر سنوات
- الخدمات: كهرباء، مياه، صرف صحي

السعر: 2,950,000 ريال
للتواصل: ((الرقم يظهر عند الضغط على اتصال))
رقم ترخيص الإعلان العقاري: 7100322611",26.339725,50.164344,https://images.aqar.fm/webp/750x0/props/044228042_1789664941403.jpg,9.0,اسامه أحمد محمد السحيباني,,,2026-09-16,2026-09-16,2026-09-26,299,2026-09-27,True,"2,650,000",False,فيلا
6722590,https://sa.aqar.fm/فلل-للبيع/الظهران/حي-الدوحة-الشمالية/شارع-بن-النفيس-حي-الدوحة-الشمالية-مدينة-الظهران-المنطقة-الشرقية-6722590,"فيلا للبيع في شارع بن النفيس, حي الدوحة الشمالية, مدينة الظهران, المنطقة الشرقية",1650000,595,10,0.0,0.0,11,حي الدوحة الشمالية,الظهران,حي الدوحة الشمالية,"نبيع ونشتري  في الظهران و الخبر والدمام

 للبيع بيت قديم في الظهران مع وكلهم سعر بيع مليون ٦٥٠ الف 


 يوجد لدي قناة متابع عروض في علي جوالي",26.338052,50.162753,https://images.aqar.fm/webp/750x0/props/000631193_1780838747211.jpg,3.0,حسن كعبى,,,2026-06-07,2026-09-02,2026-09-25,657,2026-09-27,True,"1,650,000",False,فيلا
6837862,https://sa.aqar.fm/فلل-للبيع/الظهران/حي-الدوحة-الجنوبية/شارع-جعفر-الطيار-حي-الدوحة-الجنوبية-مدينة-الظهران-المنطقة-الشرقية-6837862,"فيلا للبيع في شارع جعفر الطيار, حي الدوحة الجنوبية, مدينة الظهران, المنطقة الشرقية",2300000,404,5,0.0,0.0,0,حي الدوحة الجنوبية,الظهران,حي الدوحة الجنوبية,"*للبيع فلل منفصله بموقع مميز بالدوحه الجنوبيه*

☆المساحة: ٤٠٤ م
☆الاتجاه: شرق
☆الشارع: ٢٠ م
☆ مسطح البناء: ٥٧٦ م

*الدور الأرضي*
حوش/ كراج/ مجلس رجال /مغاسل/ دورة مياه/ غرفة طعام/  صاله واسعه /  تأسيس مصعد/ دورة مياه/ مطبخ/ غرفة خامة / غرفة غسيل / دورة مياه 

*الدور الأول*
غرفة نوم رئيسيه مع غرفة ملابس ودورة مياه /   صاله  / غرفة نوم ماستر اخرى / غرفتين نوم بينهم دورة مياه

*الملحق*
غرفة نوم / دورة مياة 

*السعر* :
2.300.000

للتواصل / ((الرقم يظهر عند الضغط على اتصال))",26.332394,50.15592,https://images.aqar.fm/webp/750x0/props/008313829_1787514551332.jpg,14.0,فلاح سلطان,,,2026-08-23,2026-09-22,2026-09-23,285,2026-09-27,True,"2,300,000",False,فيلا
6891426,https://sa.aqar.fm/فلل-للبيع/الظهران/حي-الدانة-الشمالية/شارع-اسماء-بنت-ابي-بكر-حي-الدانة-الشمالية-الظهران-الدمام-6891426,فيلا للبيع في شارع اسماء بنت ابي بكر ، حي الدانة الشمالية ، الظهران ، الدمام,3500000,690,1,1.0,1.0,20,حي الدانة الشمالية,الظهران,حي الدانة الشمالية,"فيلا سكنية للبيع
المنطقة الشرقية - الظهران - الدانة الشمالية



مساحة الأرض: ٦٩٠ م م

مسطح البناء: ٨٩٠ م م +

مكيفات مركزية (جديدة)

عدد الغرف: ٦ غرف نوم / بامكان تحويل ٣ غرف نوم و دورتان مياه الى شقة

منفصلة.

بيسمنت

ديوانية

مجلس رجال

مجلس نساء

تصميم حديث/ مودرن Modern

٣ مطابخ

٦ دورات مياة

غرفة عاملة

غرفة غسل ملابس وكوي

زراعة خارجية ممتازة

غرفة سائق

قراج داخلي (سيارتان)

عمر العقار: ٢٥ سنة +",26.34034,50.146519,https://images.aqar.fm/webp/750x0/props/003053718_1790358404072.jpg,7.0,حسين بن سلمان بن حسين الخرس,,,2026-09-25,,2026-09-25,9,2026-09-27,False,طلب تسويق,False,فيلا
6880098,https://sa.aqar.fm/فلل-للبيع/الظهران/حي-القشلة/حي-الصفاء-مدينة-الدمام-المنطقة-الشرقية-6880098,"فيلا للبيع في حي الصفاء, مدينة الدمام, المنطقة الشرقية",870000,234,4,5.0,0.0,0,حي القشلة,الظهران,حي القشلة,"فلل دبلكس متصله في حي الصفا
*مطبخ راكب *و ٦ مكيفات سبلت 
الدور الأرضي مكون من مجلس وصاله و٢دورة مياه ومطبخ. 
دور الاول غرفه ماستر وغرفتين في حمام مشترك 
و ملحق علوي فيه صالة و غرفت غسيل وغرفت خادمة. بلإضافة الى عدد٢ دورات مياة و سطح .

""مطبخ و6 مكيفات و كاميرات مراقبه كلها راكبه ومجاناً""

البناء على الكود سعودي و يوجد ضمانات تصل الى ٢٥ سنه على :
١-السباكة 
٢-الخزانات 
٣-العوازل 
٤-افياش كهرب 
٥-أبواب
٦- شبابيك المنيوم 
٧-سبوت لايت .
8-تامبن ملاذ على البيت 15 سنه

حياكم الله جمعياً للاستفسارات او تواصل عبر الواتساب .",26.381204,50.185609,https://images.aqar.fm/webp/750x0/props/046092890_1789669656061.jpg,13.0,علي القحطاني,,,2026-09-17,2026-09-17,2026-09-25,333,2026-09-27,True,"870,000",False,فيلا
6782465,https://sa.aqar.fm/فلل-للبيع/الظهران/حي-الجامعة/حي-الجامعة-مدينة-الظهران-المنطقة-الشرقية-6782465,"فيلا للبيع في حي الجامعة, مدينة الظهران, المنطقة الشرقية",2650000,625,8,6.0,2.0,11,حي الجامعة,الظهران,حي الجامعة,"فيلا للبيع حي هادي وراقي حي الجامعة 
مواصفات العقار 
الدور الأرضي :
يوجد غرفة سائق مع دورة مياه 
يوجد ديوانية  مع دورة مياه خاصة بها ويوجد مستودع 
يوجد مجلس ومقلط وصالة ومطبخ وغرفة استقبال بمنافعها 
الدور الأول :
غرفة ماستر مع دورة مياه
يوجد ثلاث غرف نوم وصالة وعدد 2 دورة مياه
الطابق العلوي :
غرفة نوم وغرفة غسيل مع دورة مياه",26.347206,50.133961,,,جميله يحي,شركة هوم 4إيفر,1.0,2026-07-20,2026-07-20,2026-07-20,859,2026-09-27,True,"2,650,000",False,فيلا
6885594,https://sa.aqar.fm/فلل-للبيع/الظهران/حي-الجامعة/شارع-سعيد-بن-المسيب-حي-الجامعة-مدينة-الظهران-المنطقة-الشرقية-6885594,"فيلا للبيع في شارع سعيد بن المسيب, حي الجامعة, مدينة الظهران, المنطقة الشرقية",18500000,780,6,0.0,0.0,11,حي الجامعة,الظهران,حي الجامعة,"قناص الخبر العقارية . 

لادارة الملاك وبيع وتسويق العقارات . 

🔵 قصر للبيع بناء شخصي للبيع في مدينة الظهران حي الجامعه .",26.349412,50.139848,,,عبدالرحمن بن وليد بن محمد القناص,مؤسسة قناص الخبر للعقارات,1.0,2026-09-21,2026-09-21,2026-09-21,130,2026-09-27,True,"18,500,000",False,فيلا
6763654,https://sa.aqar.fm/فلل-للبيع/الظهران/حي-القشلة/شارع-6ب-حي-الصفا-الدمام-الدمام-6763654,فيلا للبيع في شارع 6ب ، حي الصفا ، الدمام ، الدمام,2100000,575,5,5.0,3.0,17,حي القشلة,الظهران,حي القشلة,"البيت في حاله ممتازه مع صيانه دائمه و يتكون من الدور الارض يشتمل علي مجلس و حمام رجال،  غرفة طعام، غرفة عائله، غرفة حريم مطبخ و حمام حريم 
الدور الاول يتكوم من صاله، و غرفتين مشتركتين في حمام و ٣ غرف ماستر . دور العلوي يتكون من ملحق عامله منزليه و منطقة الغسلات.  الحوش يتكون ملح سواق و كراج يسع لسيرتين و حديقه مع حمام خارجي و منطقة شوي. البيت مجهز بمكيفات اسبلت حار بار و سخان ماء مركزي الطلاء الخرجي بروفيل بلكامل. الطلاء الخارجي بروفيل بلكامل",26.378052,50.187046,https://images.aqar.fm/webp/750x0/props/023741730_1783424872739.jpg,25.0,طلال مصطفى جمعه السودانى,,,2026-07-07,,2026-09-18,72,2026-09-27,False,طلب تسويق,False,فيلا
6599470,https://sa.aqar.fm/فلل-للبيع/الظهران/حي-الدوحة-الشمالية/شارع-شارع-الامير-احمد-حي-الدوحة-الشمالية-مدينة-الظهران-المنطقة-الشرقية-6599470,"فيلا للبيع في شارع شارع الامير احمد, حي الدوحة الشمالية, مدينة الظهران, المنطقة الشرقية",7500000,1106,6,5.0,2.0,11,حي الدوحة الشمالية,الظهران,حي الدوحة الشمالية,"فيلا للبيع بالظهران راس بلك علي 3 شوارع مساحتها 2162م 

🏠 المساحة الفان ومائه واثنين وستون مترا 

ديوانية ومجلس خارجيوغرفة طعام مع دورات المياة والمغاسل  مع حديقة وعدد 2 مسابح وشاورات مع مطبخ خارجي وركن للشواء 

الدور الأول :-  
١ - مجلس رجال وغرفة طعام للرجال وحمام ومغاسل.
٢ - صالة كبيرة وغرفة طعام وحمام مع المغاسل .
٣ - مجلس حريم بالحمام والمغاسل.
٤ - مطبخ كبير ومخزن .
٥ - مطبخ خارجي.


الدور الثاني :-
١ - صالة كبيرة ومطبخ وغرفتين وحمام .
٢ - غرفتين كل غرفه لحالها بحمام منفصل لحاله.
٣ - الغرفة الرئيسية غرفه نوم كبيرة + مكتب + حمام + خزانة ملابس

الدور الثالث :-
١ - عدد ٢ غرفه للخدمات بالحمام.
٢ - غرفه بالحمام.
٣ - غرفه غسيل.

العمر فوق ال 17 سنة",26.342445,50.163574,,,عبدالرحمن بن فهد,مؤسسة الفرصة العقارية,1.0,2026-02-21,2026-09-13,2026-09-21,3382,2026-09-27,True,"7,500,000",False,فيلا
6508135,https://sa.aqar.fm/فلل-للبيع/الظهران/حي-القشلة/شارع-6ب-حي-الصفا-الدمام-الدمام-6508135,فيلا للبيع في شارع 6ب ، حي الصفا ، الدمام ، الدمام,2200000,575,5,4.0,3.0,16,حي القشلة,الظهران,حي القشلة,"البيت في حاله ممتازه مع صيانه دائمه و يتكون من الدور الارض يشتمل علي مجلس ر حمام رجال،  غرفة طعام، غرفة عائله، غرفة حريم مطبخ و حمام حريم 
الدور الاول يتكوم من صاله، و غرفتين مشتركتين في حمام و ٣ غرف ماستر . دور العلوي يتكون من ملحق عامله منزليه و منطقة الغسلات.  الحوش يتكون ملح سواق و كراج يسع لسيرتين و حديقه مع حمام خارجي و منطقة شوي. البيت مجهز بمكيفات اسبلت حار بار و سخان ماء مركزي الطلاء الخرجي بروفيل بلكامل",26.378134,50.187,https://images.aqar.fm/webp/750x0/props/023741730_1765818331656.jpg,28.0,طلال مصطفى جمعه السودانى,,,2025-12-15,,2026-09-18,258,2026-09-27,False,طلب تسويق,False,فيلا
6788110,https://sa.aqar.fm/فلل-للبيع/الظهران/حي-الدوحة-الجنوبية/شارع-جعفر-الطيار-حي-الدوحة-الجنوبية-مدينة-الظهران-المنطقة-الشرقية-6788110,"فيلا للبيع في شارع جعفر الطيار, حي الدوحة الجنوبية, مدينة الظهران, المنطقة الشرقية",2350000,404,6,0.0,0.0,0,حي الدوحة الجنوبية,الظهران,حي الدوحة الجنوبية,"*للبيع فلل منفصله بموقع مميز بالدوحه الجنوبيه*

☆المساحة: ٤٠٤ م
☆الاتجاه: شرق
☆الشارع: ٢٠ م
☆ مسطح البناء: ٥٧٦ م

✨ *مميزات الفلل*✨
▪︎ البناء ( شخصي )على الكود السعودي بإستخدام أفضل المواد
▪︎ قواعد شريطيه كبيره - طابوق المنارتين - اسلاك وكيابل الرياض - الكهربا بضمانات تصل الى ٢٥ سنه - السباكه حراري ضمان ١٥ سنه
▪︎ عازل للسطح حراري ومائي بمواد امريكيه ضمان ١٠ سنوات
▪︎ تأمين على المبنى ١٠ سنوات من شركة ملاذ
▪︎مساحات واسعه بتصميم عصري
▪︎ تأسيس مصعد
▪︎ تكييف كونسلت في صالة الدور الارضي
▪︎النوافذ كبيره وكاتمه للصوت ومضاده للكسر
▪︎ ضمانات على أغلب التركيبات تصل إلى25سنه
▪︎المواد الصحيه معلقه والخلاطات ماركة جروهي
▪︎ تنفيذ ابهار للتطوير العقاري مقاول مصنف من البلديه ومعتمد من وزارة الاسكان

*الدور الأرضي*:

حوش/ كراج/ مجلس رجال /مغاسل/ دورة مياه/ غرفة طعام/  صاله واسعه /  تأسيس مصعد/ دورة مياه/ مطبخ/ غرفة خامة / غرفة غسيل / دورة مياه 

*الدور الأول*:
غرفة نوم رئيسيه مع غرفة ملابس ودورة مياه /   صاله  / غرفة نوم ماستر اخرى / غرفتين نوم بينهم دورة مياه

*الملحق*:
غرفة نوم / دورة مياة 

*السعر* :
مليونين و ٣٥٠ الف",26.332394,50.15592,https://images.aqar.fm/webp/750x0/props/026793233_1784885188617.jpg,1.0,فراس مؤيد محمد الأسود,,,2026-07-24,2026-09-20,2026-09-20,875,2026-09-27,True,"2,350,000",False,فيلا
6459182,https://sa.aqar.fm/فلل-للبيع/الظهران/حي-الجامعة/شارع-24ب-حي-الجامعة-الظهران-الدمام-6459182,"فيلا للبيع في شارع 24ب, حي الجامعة, مدينة الظهران, المنطقة الشرقية",4500000,706,7,5.0,2.0,11,حي الجامعة,الظهران,حي الجامعة,"فيلا دبلوكس على شارعين
لمعلومات اكثر التواصل مع مالك العقار
 ",26.342443,50.127239,https://images.aqar.fm/webp/750x0/props/029272602_1762631346509.jpg,8.0,محمد على محمد العسيري,,,2025-11-08,2025-11-11,2026-09-21,3881,2026-09-27,True,"4,500,000",False,فيلا
6823369,https://sa.aqar.fm/فلل-للبيع/الظهران/حي-القشلة/شارع-الزيزفون-حي-الحسام-مدينة-الدمام-المنطقة-الشرقية-6823369,"فيلا للبيع في شارع الزيزفون, حي الحسام, مدينة الدمام, المنطقة الشرقية",4100000,700,7,3.0,4.0,3,حي القشلة,الظهران,حي القشلة,,26.389449,50.171857,,,اسماء محمد,,0.0,2026-08-15,2026-09-13,2026-09-26,493,2026-09-27,True,"4,100,000",False,فيلا
6862164,https://sa.aqar.fm/فلل-للبيع/الظهران/حي-الجامعة/شارع-السريه-حي-الجامعة-مدينة-الظهران-المنطقة-الشرقية-6862164,"فيلا للبيع في شارع السريه, حي الجامعة, مدينة الظهران, المنطقة الشرقية",1500000,325,7,5.0,2.0,8,حي الجامعة,الظهران,حي الجامعة,"السلام عليكم ورحمة الله وبركاته:

الوصف:

 فيلا دبلوكس منفصلة تماما  للبيع بحي الجامعة الظهران مساحة ٣٢٥ متر على شارعين على بعد خطوات  من حديقة ارامكو تتكون من دورين وملحق مطبخ راكب ومطبخ اخر للقلي والمكيفات والسخان مركزي راكب توجد غرفة السائق 
واخرى للعاملة المنزلية
الدور الارضي
مجلس ومقلط وصالة كبيرة ومطبخ وحمامين وديوانية عند مدخل البيت
الدور الاول ٣ غرف ماستر وصالة ٣ دورات مياه 
الملحق غرفة غسيل وكوي وغرفة خادمه
عمر الفيلا ٨ سنوات
المطلوب مليون وخمسمائة الف ريال",26.344961,50.127777,,,محمد شبيب احسن العجمي,مؤسسة مكتب محمد شبيب احسن العجمي العقاري,1.0,2026-09-07,2026-09-07,2026-09-26,406,2026-09-27,True,"1,500,000",False,فيلا
6889066,https://sa.aqar.fm/فلل-للبيع/الظهران/حي-الدانة-الشمالية/شارع-البديعه-حي-الدانة-الشمالية-مدينة-الظهران-المنطقة-الشرقية-6889066,"فيلا للبيع في شارع البديعه, حي الدانة الشمالية, مدينة الظهران, المنطقة الشرقية",1900000,500,6,0.0,0.0,11,حي الدانة الشمالية,الظهران,حي الدانة الشمالية,"🏡 للبيع فيلا مميزة في الظهران – حي الدانة الشمالية ✨

📍 موقع مميز بالقرب من جامع ابن تيمية
📐 مساحة الأرض: 500 م²
🛣️ على شارع 20م شمال + نافذ شرقي 8م
🏚️ عمر العقار : 30 عام

━━━━━━━━━━━━━━━

🏠 تفاصيل الفيلا

الدور الأرضي:
✅ مدخلان
✅ مجلس رجال
✅ مقلط رجال
 ✅ مجلس نساء
✅ مقلط نساء
 ✅ غرفة نوم بحمام
✅ صالة كبيرة
✅ 3 دورات مياه
✅ مطبخ + مستودع
✅ حوش
✅ كراج سيارة

الدور الثاني:
▪️ 6 غرف نوم
▪️ غرفتان ماستر – كل غرفة بحمام خاص
▪️ 4 غرف نوم – كل غرفتين بحمام
▪️ صالة كبيرة
▪️ سكاي لايت
▪️ درج مفتوح

━━━━━━━━━━━━━━

✨ أعمال الصيانة والتجديد : 
✅ صيانة كاملة للمنزل
✅ تجديد وتمديدات الكهرباء وتحويلها إلى 220 فولت
✅ استبدال مواد السباكة بالكامل
✅ أطقم صحية وخلاطات جديدة
✅ العقار جاهز للسكن

💰 السعر: 1,900,000 ريال
قابل للتفاوض البسيط

📞 للاستفسار :  ((الرقم يظهر عند الضغط على اتصال))",26.339563,50.14866,https://images.aqar.fm/webp/750x0/props/008510470_1790165392158.jpg,2.0,سيف اقطيم بن زايد,,,2026-09-23,2026-09-23,2026-09-24,106,2026-09-27,True,"1,900,000",False,فيلا
6857803,https://sa.aqar.fm/فلل-للبيع/الظهران/حي-الجامعة/حي-الجامعة-الظهران-الدمام-6857803,فيلا للبيع في حي الجامعة ، الظهران ، الدمام,1900000,625,5,4.0,3.0,25,حي الجامعة,الظهران,حي الجامعة,,26.347911,50.13076,,,ماجد بداى مسفر العتيبي,,,2026-09-04,,2026-09-18,35,2026-09-27,False,طلب تسويق,False,فيلا
6772571,https://sa.aqar.fm/فلل-للبيع/الظهران/حي-هجر/شارع-الباهر-حي-هجر-الظهران-الدمام-6772571,فيلا للبيع في شارع الباهر ، حي هجر ، الظهران ، الدمام,4000000,875,7,5.0,2.0,26,حي هجر,الظهران,حي هجر,فيلا مقابل جامع و حديقة,26.367308,50.122364,https://images.aqar.fm/webp/750x0/props/053852819_1783976104759.jpg,1.0,محمد بن عبدالعزيز بن علي المشخص,,,2026-07-13,,2026-07-13,93,2026-09-27,False,طلب تسويق,False,فيلا
6864341,https://sa.aqar.fm/فلل-للبيع/الظهران/حي-القصور/شارع-السكينه-حي-القصور-مدينة-الظهران-المنطقة-الشرقية-6864341,"فيلا للبيع في شارع السكينه, حي القصور, مدينة الظهران, المنطقة الشرقية",2130000,268,6,5.0,2.0,0,حي القصور,الظهران,حي القصور,"🏠 فلل فاخرة للبيع في مشروع القصور

امتلك بيت العمر بمواصفات راقية وتصميم عصري يجمع بين الفخامة والراحة وجودة التنفيذ.

📐 مساحة الفيلا: 268 م²

🔹 مواصفات الفيلا:

5 غرف نوم واسعة

مصعد داخلي

حمام سباحة خاص

واجهات حجر فاخرة

أرضيات رخام راقية

جدران الحمامات مكسوة بالرخام

تكييف مركزي للدور الأرضي وغرفة النوم الماستر

تمديدات تكييف سبليت لجميع الغرف الأخرى

ألمنيوم اسكرتش سماكة 2 ملم عالي الجودة

أدوات صحية من الخزف السعودي

أدوات كهربائية من مشكاني

✨ تشطيبات فاخرة وجودة بناء عالية تلبي تطلعات الباحثين عن السكن المتميز والاستثمار الآمن.

📞 للتواصل والاستفسار: ((الرقم يظهر عند الضغط على اتصال))

مكتب آفاق الشرق للعقارات 

🏢 المسوق الحصري: مكتب آفاق الشرق للعقارات",26.346393,50.161257,https://images.aqar.fm/webp/750x0/props/003257963_1788879647344.jpg,29.0,محمد سعد,مؤسسة مكتب آفاق الشرق للعقارات,1.0,2026-09-08,2026-09-08,2026-09-22,541,2026-09-27,True,"2,130,000",False,فيلا
6790516,https://sa.aqar.fm/فلل-للبيع/الظهران/حي-الدوحة-الجنوبية/شارع-زيد-بن-حارثه-حي-الدوحة-الجنوبية-الظهران-الدمام-6790516,فيلا للبيع في شارع زيد بن حارثه ، حي الدوحة الجنوبية ، الظهران ، الدمام,8000000,1920,6,6.0,2.0,20,حي الدوحة الجنوبية,الظهران,حي الدوحة الجنوبية,,26.316208,50.159462,,,علي احمد علي الريعان,,,2026-07-26,,2026-07-26,72,2026-09-27,False,طلب تسويق,False,فيلا
6886751,https://sa.aqar.fm/فلل-للبيع/الظهران/حي-القشلة/شارع-معاوية-بن-غلاب-حي-الراكة-الشمالية-الدمام-الدمام-6886751,فيلا للبيع في شارع معاوية بن غلاب ، حي الراكة الشمالية ، الدمام ، الدمام,2000,350,6,5.0,2.0,15,حي القشلة,الظهران,حي القشلة,,26.374186,50.186024,,,عبدالعزيز بن ابراهيم بن خليل الحسين,,,2026-09-21,,2026-09-21,9,2026-09-27,False,طلب تسويق,False,فيلا
6837651,https://sa.aqar.fm/فلل-للبيع/الظهران/حي-تهامة/شارع-عطاء-بن-ابي-رباح-حي-تهامة-مدينة-الدمام-المنطقة-الشرقية-6837651,"فيلا للبيع في شارع عطاء بن ابي رباح, حي تهامة, مدينة الدمام, المنطقة الشرقية",1650000,283,5,0.0,0.0,0,حي تهامة,الظهران,حي تهامة,"*3 فلل مفصولة بحي تهامة (البندرية) بالظهران*

*(آخر فيلا)فيلا رقم 1️⃣*
💠مساحة أرض الفلة 283.12 متر
💠مسطح البناء الفلة 525.79 متر
💠دورين وملحق .
⭕السعر :
*‏1,650,000 ريال*

فيلا رقم 2️⃣ *(الزاوية)مباع*

*فيلا رقم 3️⃣ مباع*

❇️ المواصفات 

🔸*تنفيذ بناء الكود السعودي الجديد*
🔸تامين ضد العيوب الخفية
🔸التنفيذ تحت إشراف هندسي متكامل.
🔸شهادة استدامة بجودة مراحل البناء من وزارة الاسكان
🔸تصميم وتشطيب راقي جدا
🔸استغلال للمساحات
🔸حوش كبير
🔸استخدام ألواح سيراميك

🌑الموقع: 

https://maps.app.goo.gl/fLM5Cx2eYEx174Qi9

🎯 رابط الانستقرام:

https://instagram.com/arja_properties?igshid=YmMyMTA2M2Y=

📞 *للتواصل والاستفسار*
✒ *مجموعة أرجاء العقارات والمقاولات*
📱 *((الرقم يظهر عند الضغط على اتصال))*
📱 *((الرقم يظهر عند الضغط على اتصال))*",26.350065,50.127547,https://images.aqar.fm/webp/750x0/props/015379438_1788195454545.jpg,21.0,هاشم حيدر بن حسين السمين,,,2026-08-23,2026-09-22,2026-09-22,879,2026-09-27,True,"1,650,000",False,فيلا
6768919,https://sa.aqar.fm/فلل-للبيع/الظهران/حي-القصور/شارع-ابن-النفيس-حي-القصور-مدينة-الظهران-المنطقة-الشرقية-6768919,"فيلا للبيع في شارع ابن النفيس, حي القصور, مدينة الظهران, المنطقة الشرقية",3200000,645,9,,,3,حي القصور,الظهران,حي القصور,$5e,26.349647,50.144687,https://images.aqar.fm/webp/750x0/props/008152003_1783778715150.jpg,1.0,زايد سعيد,مؤسسة نمو البناء العقارية,1.0,2026-07-11,2026-09-07,2026-09-27,1584,2026-09-27,True,"3,200,000",False,فيلا
6600496,https://sa.aqar.fm/فلل-للبيع/الظهران/حي-القصور/شارع-عين-دار-حي-القصور-مدينة-الظهران-المنطقة-الشرقية-6600496,"فيلا للبيع في شارع عين دار, حي القصور, مدينة الظهران, المنطقة الشرقية",3150000,451,5,,,9,حي القصور,الظهران,حي القصور,"فيلا الظهران حي القصور
-واجهة شرقيه على شارع  ١٥ م
-أطوال
فيلا مدخلين منفصلين 

-الدور الأرضي يشمل :
مجلس أساسي رجال 
دورة مياه المجلس مع منطقة مغاسل عدد ٢ رخام من شركة يلبن 
غرفة طعام
مطبخ مفتوح تركيب مطابخ حواء وفرن سيراميك بلت ان
مطبخ مغلق (dirty kitchen ) تركيب أبيات  مع مستودع 
الصالة الرئيسية مطلة على المسبح 
مجلس نساء
دورة مياه الصالة مع منطقة مغاسل عدد ٢ رخام من شركة يلبن
مسبح بالحديقه الخلفيه فيبر جلاس  مقاس ٥x٤م مع وجود غرفة مضخات وشاور خارجي للمسبح
-الدور الأول يشمل :
صالة علوية نوم",26.346941,50.155141,https://images.aqar.fm/webp/750x0/props/039266914_1739717044522.jpg,22.0,عبدالرحمن بن محمد بن عبدالله المهوس,مؤسسة عبدالرحمن المهوس للخدمات العقارية,1.0,2026-02-22,2026-09-13,2026-09-27,5251,2026-09-27,True,"3,150,000",False,فيلا
6800228,https://sa.aqar.fm/فلل-للبيع/الظهران/حي-الجامعة/شارع-الابرار-حي-الجامعة-الظهران-الدمام-6800228,فيلا للبيع في شارع الابرار ، حي الجامعة ، الظهران ، الدمام,2350000,400,5,5.0,2.0,25,حي الجامعة,الظهران,حي الجامعة,قابل للتفاوض,26.34316,50.138306,,,محمد بن راشد بن محمد البنعلي,,,2026-08-01,,2026-08-01,62,2026-09-27,False,طلب تسويق,False,فيلا
6894460,https://sa.aqar.fm/فلل-للبيع/الظهران/حي-ارامكو-السعودية/شارع8ب-حي-الظهران-مدينة-الظهران-المنطقة-الشرقية-6894460,"فيلا للبيع في شارع8ب, حي الظهران, مدينة الظهران, المنطقة الشرقية",1950000,352,6,5.0,2.0,0,حي ارامكو السعودية,الظهران,حي ارامكو السعودية,,26.259203,50.071802,https://images.aqar.fm/webp/750x0/props/044481081_1790525689151.jpg,5.0,ناصر زيد,شركة سديرة العقارية,1.0,2026-09-27,2026-09-27,2026-09-27,0,2026-09-27,True,"1,950,000",False,فيلا
6893940,https://sa.aqar.fm/فلل-للبيع/الظهران/حي-القصور/شارع-الحوطة-حي-القصور-مدينة-الظهران-المنطقة-الشرقية-6893940,"فيلا للبيع في شارع الحوطة, حي القصور, مدينة الظهران, المنطقة الشرقية",2200000,304,6,0.0,0.0,11,حي القصور,الظهران,حي القصور,"للبيع فيلا بحي القصور 
مساحتها 305 متر
تتكون من مجلس - مقلط - صالة عائلية - غرفة ضيوف - مطبخ 
 4 غرف نوم بمنافعها 
وحوش وكراج 
وغرفة سائق 
الفيلا مجددة بالكامل",26.350015,50.143781,https://images.aqar.fm/webp/750x0/props/002605826_1790518030733.jpg,1.0,علي بن مبارك بن علي الشهرانى,مؤسسة مكتب قصر العقار العقاري,1.0,2026-09-27,2026-09-27,2026-09-27,13,2026-09-27,True,"2,200,000",False,فيلا
6656623,https://sa.aqar.fm/فلل-للبيع/الظهران/حي-القصور/شارع-راس-ابو-علي-حي-القصور-مدينة-الظهران-المنطقة-الشرقية-6656623,"فيلا للبيع في شارع راس ابو علي, حي القصور, مدينة الظهران, المنطقة الشرقية",1600000,275,4,,,11,حي القصور,الظهران,حي القصور,"فيلا لليع
في الظهران حي  القصور

التفاصيل:
مجلس رجال ودورة مياه
غرفة طعام
صاله عائليه كبيره 
مطبخين
غرفة سائق خارجيه
4 غرف نوم منها غرفتين ماستر
صالة جلوس
غرفة خادمه مع حمام
غرفة غسيل ملابس
مكيفه بالكامل (13 مكيف)
------------------------------------------------------------------------------
حي راقي  وهادي وجيران مرتبين",26.348902,50.153826,https://images.aqar.fm/webp/750x0/props/011217498_1776273557547.jpg,1.0,ساره عبدالهادي بن مزروع المزروع,,,2026-04-15,2026-04-15,2026-08-24,3443,2026-09-27,True,"1,600,000",False,فيلا
6696856,https://sa.aqar.fm/فلل-للبيع/الظهران/حي-القصور/شارع-تيماء-حي-القصور-مدينة-الظهران-المنطقة-الشرقية-6696856,"فيلا للبيع في شارع تيماء, حي القصور, مدينة الظهران, المنطقة الشرقية",2600000,319,5,0.0,0.0,0,حي القصور,الظهران,حي القصور,"🏡 دار التلال 
– الدور الأرضي
🔹 مدخل سيارة (قراج) مع حوش 🚗🌿
🔹 مجلس + مقلط + حمام خدمة 🛋️🍽️🚻
🔹 صالة واسعة مع منطقة طعام + حمام خدمة 🛋️🍴🚻
🔹 تأسيس مصعد 🛗
🔹 مطبخ 🍳
🔹 غرفة خادمة مع حمام خاص 🧹🚿

🏡 الدور الثاني

🔹 3 غرف نوم ماستر (كل غرفة بحمام خاص) 🛏️🛁✨

🏡 الدور الثالث (الأخير)

🔹 صالة 🛋️
🔹 غرفة نوم مع حمام خدمة خارجي 🛏️🚻
🔹 غرفة مخزن 📦
🔹 غرفة غسيل 🧺
🔹 سطح 🌤️

✨ تصميم متكامل يوفر الراحة والخصوصية بمساحات عملية واسعه",26.346032,50.147077,https://images.aqar.fm/webp/750x0/props/048649979_1778753869497.jpg,30.0,دلال سعد,شركة دار الإعمار للتطوير العقاري ,1.0,2026-05-14,2026-09-07,2026-09-07,1771,2026-09-27,True,"2,600,000",False,فيلا
6844780,https://sa.aqar.fm/فلل-للبيع/الظهران/حي-القصور/شارع-الامير-احمد-حي-القصور-مدينة-الظهران-المنطقة-الشرقية-6844780,"فيلا للبيع في شارع الامير احمد, حي القصور, مدينة الظهران, المنطقة الشرقية",5700000,691,7,7.0,4.0,9,حي القصور,الظهران,حي القصور,"فيلا فاخرة للبيع في حي القصور – الظهران | مساحة 700م²

منزل عائلي متكامل يجمع بين فخامة المجالس، رحابة المساحات، وخصوصية السكن، بموقع مميز على واجهة جنوبية وشارع بعرض 60م.

يضم الدور الأرضي مجلسًا خارجيًا بدورة مياه، مجلس رجال واسع، غرفة طعام كبيرة، مجلس نساء، صالة عائلية، مطبخين، كراج سيارات وحوش، إضافة إلى مصعد يخدم جميع الأدوار وتكييف مركزي بنظام وحدات منفصلة.

أما الدور الأول فيتميز بجناح رئيسي متكامل يضم غرفة نوم، غرفة جلوس، غرفة ملابس، جاكوزي ودورة مياه، إلى جانب 4 غرف ماستر وصالة عائلية كبيرة؛ ما يوفر لكل فرد من العائلة مساحة مستقلة ومريحة.

ويضم الملحق شقة مستقلة بمدخل خاص تتكون من صالة، مطبخ، غرفتي نوم إحداهما ماستر ودورتَي مياه، بالإضافة إلى غرفة عاملة بدورة مياه وغرفة غسيل.

كما يتوفر سطح كبير يمنح المالك مساحة إضافية قابلة للاستفادة وفق الأنظمة والاشتراطات.

فيلا مناسبة لمن يبحث عن منزل واسع بتوزيع عملي، تعدد في المجالس، جناح رئيسي متكامل وملحق مستقل في أحد أحياء الظهران.

السعر المطلوب: 5,700,000 ريال سعودي

للتواصل مكتب أروقه الجوار للعقارات",26.35638,50.150862,https://images.aqar.fm/webp/750x0/props/000183213_1787856362500.jpg,4.0,عبدالرحمن عمار,مكتب أروقة الجوار للعقارات,1.0,2026-08-27,2026-09-25,2026-09-25,550,2026-09-27,True,"5,700,000",False,فيلا
6834462,https://sa.aqar.fm/فلل-للبيع/الظهران/حي-الدانة-الشمالية/شارع-البديعه-حي-الدانة-الشمالية-مدينة-الظهران-المنطقة-الشرقية-6834462,"فيلا للبيع في شارع البديعه, حي الدانة الشمالية, مدينة الظهران, المنطقة الشرقية",1800000,500,6,0.0,0.0,11,حي الدانة الشمالية,الظهران,حي الدانة الشمالية,"للبيع فيلا في الظهران حي الدانه الشمالية قريب جامع ابن تيميه مساحة الأرض 500متر على شارع 20 شمال ونافذ شرقي 8 متر 
يتكون مدخلين الدور الأرضي مجلس رجال ومقلط ومجلس نساء ومقلط وغرفة نوم بحمام صاله كبيره وثلاث دورات مياه مطبخ بمستودع حوش مع كراج السياره 
الدور الثاني 6 غرف نوم اثنين منهم ماستر كل غرفه بحمام 
وأربع غرف كل غرفتين بحمام و صاله كبير مع سكاي لايت البيت درج مفتوح معموله صيانه كامله تمديدات الكهرباء مع تحويلها 220 فولت و مواد سباكه مبدله كامله أطقم وخلاطات مطلوب 1.9 مليون قابل للتفاوض البسيط",26.339563,50.14866,https://images.aqar.fm/webp/750x0/props/006593468_1787333059722.jpg,2.0,بجاش الهاجري,,,2026-08-21,2026-09-20,2026-09-20,1619,2026-09-27,True,"1,800,000",False,فيلا
6772415,https://sa.aqar.fm/فلل-للبيع/الظهران/حي-الجامعة/شارع-التألف-حي-الجامعة-مدينة-الظهران-المنطقة-الشرقية-6772415,"فيلا للبيع في شارع التألف, حي الجامعة, مدينة الظهران, المنطقة الشرقية",2300000,400,7,,,11,حي الجامعة,الظهران,حي الجامعة,"فيلا للبيع 2,300,000
مساحة الفيلا 400م
الواجهه : على زاوية غربي جنوبي
الاطلاله :- ممشى وحديقه عامه ولعب للاطفال 
عدد الصالات : 2 
عدد دورات المياه :5
عرض الشارع 15م
الموقع : شارع التألف - حي الجامعه- الظهران - المنطقه الشرقية.
مقابل ممشى وحديقه الجامعه وبالقرب من بوابات ارامكو ومن مركز إثراء .

مميزات الوحدة:-
خزان مياه ارضي بسعة 18م
خزان علوي بسعة 5م
مدخل كراج 
غرفه سائق 
غرفه خادمة
توفر مياه
توفر كهرباء
توفر صرف صحي
فيلا مؤثثه 
الدور الارضي:-
مجلس رجال ومحلس نساء وصاله كبيره
صاله طعام من أشلي
مطبخ مجهز من كريستوود 
2 دورة مياه ومغاسلهم من 
4 مكيفات سبلت ( 3 Tn,  و 2.5 Tn)

الدور الاول:-
4 غرف نوم 
1 غرفه نوم ماستر :-
( غرفه نوم من العامر ، غرفه ملابس من الخزائن الكبرى، غرفة صاله من أشلي، دورة مياه)
6 مكيفات سبلت ( 3Tn ,  و 2.5Tn )
مطبخ خدمات من إيكيا 
3 دورات مياه 

السطح :- 
غرفة عامله منزليه
دورة مياه 
غرفة غسيل
خزان مياه بسعة 5L

نظام الري اتوماتيك 
عمر المنزل 13 سنة تقريبا",26.343648,50.129302,https://images.aqar.fm/webp/750x0/props/043784676_1783969227658.jpg,14.0,ابراهيم عبدالعزيز ابراهيم العثمان,مؤسسة ابراهيم عبدالعزيز العثمان,1.0,2026-07-13,2026-09-10,2026-09-26,530,2026-09-27,True,"2,300,000",False,فيلا
6800228,https://sa.aqar.fm/فلل-للبيع/الظهران/حي-الجامعة/شارع-الابرار-حي-الجامعة-الظهران-الدمام-6800228,فيلا للبيع في شارع الابرار ، حي الجامعة ، الظهران ، الدمام,2350000,400,5,5.0,2.0,25,حي الجامعة,الظهران,حي الجامعة,قابل للتفاوض,26.34316,50.138306,,,محمد بن راشد بن محمد البنعلي,,,2026-08-01,,2026-08-01,60,2026-09-27,False,طلب تسويق,False,فيلا
6695037,https://sa.aqar.fm/فلل-للبيع/الظهران/حي-الجامعة/شارع-الابرار-حي-الجامعة-مدينة-الظهران-المنطقة-الشرقية-6695037,"فيلا للبيع في شارع الابرار, حي الجامعة, مدينة الظهران, المنطقة الشرقية",1600000,400,4,4.0,5.0,11,حي الجامعة,الظهران,حي الجامعة,"فيلا للبيع في الظهران حي الجامعة 🏠   

ملاحظه الفيلا تحتاج ترميم  بحكم العمر  ‼️📝 
الموقع مميز 🤝 

زاوية بجانب مسجد 🕌 
عمر العقار 15 سنه  
قريبه من حدايق أرامكو والطريق السريعه 🚗 
* المساحة: 400 متر مربع 
* الواجهة: جنوب شرق 
* مدخلين 

تفاصيل العقار: 
الدور الأرضي:
 * صالة 
* 3 مجالس مع دورات مياه 
* صالة طعام 
* مطبخ خارجي
 الدور الثاني: 
* صالة 
* 4 غرف نوم ، منها غرفتان ماستر 
* مطبخ 
*دورة مياه 
الدور الثالث:
 * غرفة غسيل 
* غرفة خادمة مع دورة مياه
* غرفة سائق 

 السعر المطلوب : 1,600,000 ريال سعودي

شريكك الموثوق في تسويق عقاراتكم 
📞 للتواصل : ((الرقم يظهر عند الضغط على اتصال)) – ((الرقم يظهر عند الضغط على اتصال)) – 0133501543",26.339695,50.13473,https://images.aqar.fm/webp/750x0/props/001045957_1778660373763.jpg,7.0,سعد الشريف,مكتب نمار الاولى العقارية,1.0,2026-05-13,2026-08-08,2026-09-24,4433,2026-09-27,True,"1,600,000",False,فيلا
6857803,https://sa.aqar.fm/فلل-للبيع/الظهران/حي-الجامعة/حي-الجامعة-الظهران-الدمام-6857803,فيلا للبيع في حي الجامعة ، الظهران ، الدمام,1900000,625,5,4.0,3.0,25,حي الجامعة,الظهران,حي الجامعة,,26.347911,50.13076,,,ماجد بداى مسفر العتيبي,,,2026-09-04,,2026-09-18,35,2026-09-27,False,طلب تسويق,False,فيلا
6459182,https://sa.aqar.fm/فلل-للبيع/الظهران/حي-الجامعة/شارع-24ب-حي-الجامعة-الظهران-الدمام-6459182,"فيلا للبيع في شارع 24ب, حي الجامعة, مدينة الظهران, المنطقة الشرقية",4500000,706,7,5.0,2.0,11,حي الجامعة,الظهران,حي الجامعة,"فيلا دبلوكس على شارعين
لمعلومات اكثر التواصل مع مالك العقار
 ",26.342443,50.127239,https://images.aqar.fm/webp/750x0/props/029272602_1762631346509.jpg,8.0,محمد على محمد العسيري,,,2025-11-08,2025-11-11,2026-09-21,3865,2026-09-27,True,"4,500,000",False,فيلا
6782465,https://sa.aqar.fm/فلل-للبيع/الظهران/حي-الجامعة/حي-الجامعة-مدينة-الظهران-المنطقة-الشرقية-6782465,"فيلا للبيع في حي الجامعة, مدينة الظهران, المنطقة الشرقية",2650000,625,8,6.0,2.0,11,حي الجامعة,الظهران,حي الجامعة,"فيلا للبيع حي هادي وراقي حي الجامعة 
مواصفات العقار 
الدور الأرضي :
يوجد غرفة سائق مع دورة مياه 
يوجد ديوانية  مع دورة مياه خاصة بها ويوجد مستودع 
يوجد مجلس ومقلط وصالة ومطبخ وغرفة استقبال بمنافعها 
الدور الأول :
غرفة ماستر مع دورة مياه
يوجد ثلاث غرف نوم وصالة وعدد 2 دورة مياه
الطابق العلوي :
غرفة نوم وغرفة غسيل مع دورة مياه",26.347206,50.133961,,,جميله يحي,شركة هوم 4إيفر,1.0,2026-07-20,2026-07-20,2026-07-20,859,2026-09-27,True,"2,650,000",False,فيلا
6846726,https://sa.aqar.fm/فلل-للبيع/الظهران/حي-الجامعة/شارع-السريه-حي-الجامعة-مدينة-الظهران-المنطقة-الشرقية-6846726,"فيلا للبيع في شارع السريه, حي الجامعة, مدينة الظهران, المنطقة الشرقية",1100000,320,9,0.0,0.0,0,حي الجامعة,الظهران,حي الجامعة,"للبيع فيلا حي الجامعه الظهران مساحه 320 م زاوية شرقية وشمالية عظم مكونة من 
الدور الأرضي/ مجلس رجال وصالة طعام ومجلس نساء وصالة داخلية و 2 دورات مياه ومطبخين داخلي وخارجي وغرفة سائق ودورة مياه وموقف يتسع لسيارتين 
الدور الأول/ 4 غرف نوم وصالة و 3 دورات مياه 
الملحق العلوي/ غرفتين نوم وصالة كبيرة ودورة مياه وغرفة خادمة وغسيل 
0562222677",26.344772,50.130033,https://images.aqar.fm/webp/750x0/props/012886914_1787978996655.jpg,6.0,سعد الغامدي,,,2026-08-29,2026-08-29,2026-09-26,1908,2026-09-27,True,"1,100,000",False,فيلا
6773700,https://sa.aqar.fm/فلل-للبيع/الظهران/حي-الجامعة/شارع-الاريج-حي-الجامعة-مدينة-الظهران-المنطقة-الشرقية-6773700,"فيلا للبيع في شارع الاريج, حي الجامعة, مدينة الظهران, المنطقة الشرقية",3000000,472,7,5.0,2.0,7,حي الجامعة,الظهران,حي الجامعة,تُعتبر هذه الفيلا الراقية التي تبلغ مساحتها 472 متر مربع، واحدة من أروع الخيارات السكنية التي تجمع بين الفخامة والراحة. تقع في زاوية مميزة على واجهة شرقية وآخر جنوبية، مما يمنحها إطلالة متميزة وتهوية طبيعية على مدار اليوم. كما تتميز بموقعها المثالي أمام حديقة عامة واسعة. تصميمها العصري والواسع يعكس أفضل معايير البناء ويُعدّ الخيار المثالي لمن يبحث عن الرفاهية والراحة . المساحة : 472 متر مربع الواجهة : زاوية شرقية و جنوبية الإطلالة : أمام حديقة عامة المداخل : 4 مداخل من الحوش و ومدخلين من الخارج التصميم الداخلي: الدور الأرضي : 3 مجالس مقلط، 2 مطبخ (مفتوح ومغلق) 3 دورات مياه الدور الأول : 5 غرف نوم (3 منها ماستر) 4 دورات مياه صالة 2 بلكونة الدور الثاني : غرفة غسيل غرفة عاملة منزلية دورة مياه المزايا : تهوية طبيعية، إضاءة ممتازة الموقع الاستراتيجي : تقع على ارض زاوية امام حديقة عامة وقريبه من الخدمات والمراكز التجارية والمرافق العامة شركة رافدة العقارية تسعد باستقبال عقاراتكم وتقديم خدمات تسويقية شاملة. للاستفسار والتواصل: ((الرقم يظهر عند الضغط على اتصال)) ((الرقم يظهر عند الضغط على اتصال)),26.342436,50.128879,https://images.aqar.fm/webp/750x0/props/028833687_1784042959392.jpg,25.0,فيصل مطلق,شركة رافدة العقارية,1.0,2026-07-14,2026-09-10,2026-09-20,1361,2026-09-27,True,"3,000,000",False,فيلا
6885594,https://sa.aqar.fm/فلل-للبيع/الظهران/حي-الجامعة/شارع-سعيد-بن-المسيب-حي-الجامعة-مدينة-الظهران-المنطقة-الشرقية-6885594,"فيلا للبيع في شارع سعيد بن المسيب, حي الجامعة, مدينة الظهران, المنطقة الشرقية",18500000,780,6,0.0,0.0,11,حي الجامعة,الظهران,حي الجامعة,"قناص الخبر العقارية . 

لادارة الملاك وبيع وتسويق العقارات . 

🔵 قصر للبيع بناء شخصي للبيع في مدينة الظهران حي الجامعه .",26.349412,50.139848,,,عبدالرحمن بن وليد بن محمد القناص,مؤسسة قناص الخبر للعقارات,1.0,2026-09-21,2026-09-21,2026-09-21,120,2026-09-27,True,"18,500,000",False,فيلا
6721991,https://sa.aqar.fm/فلل-للبيع/الظهران/حي-الجامعة/شارع-24ب-حي-الجامعة-مدينة-الظهران-المنطقة-الشرقية-6721991,"فيلا للبيع في شارع 24ب, حي الجامعة, مدينة الظهران, المنطقة الشرقية",5000000,416,20,0.0,0.0,11,حي الجامعة,الظهران,حي الجامعة,"فلتين دوبلكس تقع في الشرقية، الظهران حي الجامعة شارع 24 ب ، 
1. واجهة العقار:جنوبية شرقية
2. عمر العقار:18 سنة
3. الخدمات:ماء كهرباء صرف صحي
4. عرض الشارع:15م
5. ⁠السعر:5000000
ميزة الفيلا الكبيره اطلالة مباشره على مركز الملك عبدالعزيز الثقافي العالمي ((برج إثراء)) و بجانب منتزة ارامكو البيئي الأول 
معلومات اضافيه:الفلتين كلها تبعد دقيقتين عن طريق الميناء
و٣ دقائق عن طريق الظهران _الجبيل السريع",26.342657,50.127182,https://images.aqar.fm/webp/750x0/props/046116289_1780798519804.jpg,7.0,فهد بن عبدالله بن عبدالعزيز الحوشاني,,,2026-06-07,2026-07-10,2026-09-21,668,2026-09-27,True,"5,000,000",False,فيلا
6888573,https://sa.aqar.fm/فلل-للبيع/الظهران/حي-الجامعة/شارع-التألف-حي-الجامعة-مدينة-الظهران-المنطقة-الشرقية-6888573,"فيلا للبيع في شارع التألف, حي الجامعة, مدينة الظهران, المنطقة الشرقية",1383750,453,8,0.0,0.0,11,حي الجامعة,الظهران,حي الجامعة,"🏡 فيلا للبيع في الظهران – حي الجامعة

📍 موقع مميز بالقرب من الممشى والحديقة، وقريب من جامع محمد بن عبدالوهاب.

🏡 المواصفات:

* المساحة: 453.35 م²
* شمالية على شارع 15م
* دور ونصف
* العمر: حوالي 29 سنة
* الفيلا تحتوي على مكيفات

🔹 الدور الأرضي:
• مجلس رجال + مقلط
• مجلس نساء + مقلط
• صالة
• مطبخ داخلي
• دورتا مياه

🔹 الدور الأول:
• جناح يتكون من غرفتي نوم
• دورة مياه
• صالة
• دورة مياه

📌 الموقع: الظهران – حي الجامعة
📐 قطعة رقم: 426/أ
🗺️ مخطط رقم: 142/1

فرصة مناسبة للسكن في موقع مميز وقريب من الخدمات والمرافق.",26.343276,50.132222,https://images.aqar.fm/webp/750x0/props/029879596_1790106850378.jpg,7.0,مؤسسة مشاريع حمد للتطوير والاستثمار العقاري,مؤسسة مشاريع حمد للتطوير والاستثمار العقاري,1.0,2026-09-22,2026-09-22,2026-09-25,445,2026-09-27,True,"1,383,750",False,فيلا
6737071,https://sa.aqar.fm/فلل-للبيع/الظهران/حي-الجامعة/شارع-13أ-حي-الجامعة-مدينة-الظهران-المنطقة-الشرقية-6737071,"فيلا للبيع في شارع 13أ, حي الجامعة, مدينة الظهران, المنطقة الشرقية",1850000,465,5,0.0,0.0,11,حي الجامعة,الظهران,حي الجامعة,"💠للبـيـع فيـلا في حي الجامعة 💠

📍حي الجامعة (الربوة) / الظهران
 مساحة الفيلا 465 متر مربع 
الواجهه شرقي / شارع عرض 15 متر 
العمر : ١٤ سنة تقريباً 

💠مكونـات الفيـلا  : 

الدور الارضي :

-مجلسين رجال 
-مجلس نساء 
-طاولة طعام 
-صالة 
-مطبخ
-مسبح 

الدور الاول : 

-عدد خمس غرف نوم ماستر 
-صالة عائلية 
-بوفيه جانبي 

الدور الثاني :

غرفة عاملة
-غرفة غسيل 
-دورة مياه 
-السطح

———————————
-يوجد غرفة سائق",26.342098,50.133843,https://images.aqar.fm/webp/750x0/props/024383609_1786038269517.jpg,1.0,عبدالله الشهراني,شركة اثرا العقارية,1.0,2026-06-17,2026-09-13,2026-09-25,3563,2026-09-27,True,"1,850,000",False,فيلا
6495459,https://sa.aqar.fm/فلل-للبيع/الظهران/حي-الجامعة/شارع-بن-جبير-مدينة-الظهران-المنطقة-الشرقية-6495459,"فيلا للبيع في شارع بن جبير, مدينة الظهران, المنطقة الشرقية",1950000,600,13,,,11,حي الجامعة,الظهران,حي الجامعة,"بيت للبيع في حي الجامعه -الظهران 
رقم المخطط 1/190
رقم القطعه 235
المساحه 600م

البيت يتكون من :-
الدور الارضي 
مجلس رجال - مقلط طعام - مجلس نساء -صاله كبيره - غرفة نوم وثلاث دورات مياه داخلية
مطبخ رئيسي مع مستودع وحديقة خلفية مع دورة مياه خارجية
———-____———————

الدور الاول:- 
الجزء الامام غرفة نوم ماستر مع دورة مياه وصالة رئيسية ذات واجهة زجاجية- غرفتين نوم مع دورة مياه مشتركة
الجزء الخلفي 3 غرف نوم دورتين مياه
————-______————-
يوجد شقه في ملحق السطح متصله مع الفله تتكون من غرفتين نوم وصالة ومقلط ومطبخ صغير  ودورتين مياه

شارع 30، شماليه ، منقطه هاديه قريبه من الخدمات 
العمر 26سنه

شركة آل شبلان العقاريه 
رقم الرخصه1200004206
رقم التواصل ((رقم المعلن يظهر عند التواصل))",26.349817,50.136369,https://images.aqar.fm/webp/750x0/props/009672369_1765042196059.jpg,1.0,عبدالله القحطاني,شركة علي بن سعد آل شبلان القحطاني المحدودة,1.0,2025-12-06,2025-12-06,2026-09-26,4896,2026-09-27,True,"1,950,000",False,فيلا
6862164,https://sa.aqar.fm/فلل-للبيع/الظهران/حي-الجامعة/شارع-السريه-حي-الجامعة-مدينة-الظهران-المنطقة-الشرقية-6862164,"فيلا للبيع في شارع السريه, حي الجامعة, مدينة الظهران, المنطقة الشرقية",1500000,325,7,5.0,2.0,8,حي الجامعة,الظهران,حي الجامعة,"السلام عليكم ورحمة الله وبركاته:

الوصف:

 فيلا دبلوكس منفصلة تماما  للبيع بحي الجامعة الظهران مساحة ٣٢٥ متر على شارعين على بعد خطوات  من حديقة ارامكو تتكون من دورين وملحق مطبخ راكب ومطبخ اخر للقلي والمكيفات والسخان مركزي راكب توجد غرفة السائق 
واخرى للعاملة المنزلية
الدور الارضي
مجلس ومقلط وصالة كبيرة ومطبخ وحمامين وديوانية عند مدخل البيت
الدور الاول ٣ غرف ماستر وصالة ٣ دورات مياه 
الملحق غرفة غسيل وكوي وغرفة خادمه
عمر الفيلا ٨ سنوات
المطلوب مليون وخمسمائة الف ريال",26.344961,50.127777,,,محمد شبيب احسن العجمي,مؤسسة مكتب محمد شبيب احسن العجمي العقاري,1.0,2026-09-07,2026-09-07,2026-09-18,374,2026-09-27,True,"1,500,000",False,فيلا
6769229,https://sa.aqar.fm/فلل-للبيع/الظهران/حي-الجامعة/شارع-التألف-حي-الجامعة-مدينة-الظهران-المنطقة-الشرقية-6769229,"فيلا للبيع في شارع التألف, حي الجامعة, مدينة الظهران, المنطقة الشرقية",2200000,400,3,3.0,2.0,11,حي الجامعة,الظهران,حي الجامعة,"فيلا للبيع 2,300,000
مساحة الفيلا 400م
الواجهه : على زاوية غربي جنوبي
الاطلاله :- ممشى وحديقه عامه ولعب للاطفال 
عدد الصالات : 2 
عدد دورات المياه :5
عرض الشارع 15م
الموقع : شارع التألف - حي الجامعه- الظهران - المنطقه الشرقية.
مقابل ممشى وحديقه الجامعه وبالقرب من بوابات ارامكو ومن مركز إثراء .

مميزات الوحدة:-
خزان مياه ارضي بسعة 18م
خزان علوي بسعة 5م
مدخل كراج 
غرفه سائق 
غرفه خادمة
توفر مياه
توفر كهرباء
توفر صرف صحي
فيلا مؤثثه 
الدور الارضي:-
مجلس رجال ومحلس نساء وصاله كبيره
صاله طعام من أشلي
مطبخ مجهز من كريستوود 
2 دورة مياه ومغاسلهم من 
4 مكيفات سبلت ( 3 Tn,  و 2.5 Tn)

الدور الاول:-
4 غرف نوم 
1 غرفه نوم ماستر :-
( غرفه نوم من العامر ، غرفه ملابس من الخزائن الكبرى، غرفة صاله من أشلي، دورة مياه)
6 مكيفات سبلت ( 3Tn ,  و 2.5Tn )
مطبخ خدمات من إيكيا 
3 دورات مياه 

السطح :- 
غرفة عامله منزليه
دورة مياه 
غرفة غسيل
خزان مياه بسعة 5L
نظام الري اتوماتيك 
عمر المنزل 13 سنة تقريبا
التواصل ((الرقم يظهر عند الضغط على اتصال))",26.343603,50.12925,https://images.aqar.fm/webp/750x0/props/040481931_1783788740895.jpg,7.0,نايف القحطاني,مؤسسة اسس البصمه للخدمات العقارية,1.0,2026-07-11,2026-09-09,2026-09-26,1189,2026-09-27,True,"2,200,000",False,فيلا
6687408,https://sa.aqar.fm/فلل-للبيع/الظهران/حي-الجامعة/شارع-الرماه-حي-الجامعة-مدينة-الظهران-المنطقة-الشرقية-6687408,"فيلا للبيع في شارع الرماه, حي الجامعة, مدينة الظهران, المنطقة الشرقية",3200000,605,5,0.0,0.0,10,حي الجامعة,الظهران,حي الجامعة," 
 🏡 فيلا كلاسيكية فاخرة للبيع - حي الجامعة، الخبر
موقع استراتيجي بجوار أرامكو السعودية
فرصة نادرة لامتلاك فيلا قائمة وتتميز ببناء شخصي في قلب حي الجامعة، أحد أكثر الأحياء طلباً وهدوءاً في مدينة الخبر. تتميز الفيلا بموقعها القريب جداً من المعالم الحيوية والمراكز الوظيفية الكبرى.
المميزات الجغرافية والموقع:
• القرب من أرامكو: موقع مثالي لموظفي أرامكو السعودية، حيث لا تبعد سوى دقائق معدودة عن الظهران.
• حي الجامعة: يتميز الحي بالرقي، الهدوء، وتكامل الخدمات التعليمية والترفيهية.
• الواجهة: الفيلا ""زاوية"" على شارعين (شرقي، وشرقي جنوبي) بمدخلين، مما يمنحها تميزاً في المداخل وسهولة في الوقوف وإضاءة طبيعية طوال اليوم.
• المساحة: 605 متر مربع.
• عمر العقار: 12 سنة 
• المسبح: مسبح جديد ومغلق بالكامل مع شلال ودش وحمام، تم تنفيذه مؤخراً ليقدم تجربة ترفيهية بخصوصية تامة للعائلة.
توزيع المساحات الداخلية:
🛋️ الدور الأرضي (للاستقبال والضيافة):
• مجلس ضيوف واسع بخصوصية تامة.
• مقلط (غرفة طعام للضيوف).
• صالة عائلية كبيرة تمثل قلب المنزل.
• غرفة طعام داخلية مخصصة للاستخدام العائلي.
🛌 الدور الأول (جناح النوم):
• صالة علوية مريحة للمعيشة اليومية.
• 5 غرف نوم واسعة، بتصميم يوفر الراحة والهدوء لكل أفراد الأسرة.",26.338938,50.133358,https://images.aqar.fm/webp/750x0/props/008750467_1778183162420.jpg,1.0,عثمان بن سليمان بن عثمان النمير,,,2026-05-07,2026-08-03,2026-08-03,2536,2026-09-27,True,"3,200,000",False,فيلا
6677252,https://sa.aqar.fm/فلل-للبيع/الظهران/حي-الجامعة/شارع-السرور-حي-الجامعة-مدينة-الظهران-المنطقة-الشرقية-6677252,"فيلا للبيع في شارع السرور, حي الجامعة, مدينة الظهران, المنطقة الشرقية",2050000,625,6,5.0,2.0,0,حي الجامعة,الظهران,حي الجامعة,$5e,26.345656,50.129798,https://images.aqar.fm/webp/750x0/props/010426838_1777650766688.jpg,1.0,بندر العتيبى,مؤسسة ابهار للتطوير العقاري,1.0,2026-05-01,2026-09-24,2026-09-26,3692,2026-09-27,True,"2,050,000",False,فيلا
6862324,https://sa.aqar.fm/فلل-للبيع/الظهران/حي-الجامعة/شارع-السريه-حي-الجامعة-مدينة-الظهران-المنطقة-الشرقية-6862324,"فيلا للبيع في شارع السريه, حي الجامعة, مدينة الظهران, المنطقة الشرقية",1500000,325,5,,,8,حي الجامعة,الظهران,حي الجامعة,"فيلا دبلوكس زاوية منفصل ( بالقرب من منتزه أرامكوا البيئي )
الحي : الظهران - حي الجامعة
المساحة : 325 م

تتكون من دورين وملحق ، التفاصيل :

الدور الأرضي :
مجلس - مقلط - صالة كبيرة - ومطبخ داخلي راكب  - ومطبخ خارجي للقلي - 2 دورتين مياه - ديوانية عند مدخل البيت - غرفة سائق 

الدور الأول : 
3 غرف نوم ماستر - 3 دورات مياه - وصالة 

الملحق :
غرفة غسيل وكوي - غرفة خادمة

الفيلا تحتوي على سخان مركزي ومكيفات.

العمر : 8 سنوات
المطلوب : 1,500,000 ريال
للتواصل : 
((الرقم يظهر عند الضغط على اتصال))
((الرقم يظهر عند الضغط على اتصال))",26.344961,50.127777,https://images.aqar.fm/webp/750x0/props/002331594_1788792174834.jpg,2.0,عبدالله احمد عيسى البوشليبي,مؤسسة افق الرواحل العقارية,1.0,2026-09-07,2026-09-07,2026-09-24,588,2026-09-27,True,"1,500,000",False,فيلا
6846724,https://sa.aqar.fm/فلل-للبيع/الظهران/حي-الجامعة/شارع-السريه-حي-الجامعة-مدينة-الظهران-المنطقة-الشرقية-6846724,"فيلا للبيع في شارع السريه, حي الجامعة, مدينة الظهران, المنطقة الشرقية",1050000,300,9,0.0,0.0,0,حي الجامعة,الظهران,حي الجامعة,"للبيع فيلا حي الجامعة الظهران شرقية مساحة 300 م عظم مكونة من 
الدور الأرضي/ مجلس رجال صالة طعام مجلس نساء صالة داخلية 2 دورات مياه مطبخين داخلي وخارجي غرفة سائق ودورة مياه موقف يتسع سيارتين 
الدور الأول / 4 غرف نوم وصالة  و 3 دورات مياه 
الملحق العلوي/ غرفتين ودورة مياه وصالة كبيرة وغرفة خادمة وغسيل ودورة مياه",26.344884,50.130044,https://images.aqar.fm/webp/750x0/props/012886913_1787978453108.jpg,9.0,سعد الغامدي,,,2026-08-29,2026-08-29,2026-09-26,782,2026-09-27,True,"1,050,000",False,فيلا
6889066,https://sa.aqar.fm/فلل-للبيع/الظهران/حي-الدانة-الشمالية/شارع-البديعه-حي-الدانة-الشمالية-مدينة-الظهران-المنطقة-الشرقية-6889066,"فيلا للبيع في شارع البديعه, حي الدانة الشمالية, مدينة الظهران, المنطقة الشرقية",1900000,500,6,0.0,0.0,11,حي الدانة الشمالية,الظهران,حي الدانة الشمالية,"🏡 للبيع فيلا مميزة في الظهران – حي الدانة الشمالية ✨

📍 موقع مميز بالقرب من جامع ابن تيمية
📐 مساحة الأرض: 500 م²
🛣️ على شارع 20م شمال + نافذ شرقي 8م
🏚️ عمر العقار : 30 عام

━━━━━━━━━━━━━━━

🏠 تفاصيل الفيلا

الدور الأرضي:
✅ مدخلان
✅ مجلس رجال
✅ مقلط رجال
 ✅ مجلس نساء
✅ مقلط نساء
 ✅ غرفة نوم بحمام
✅ صالة كبيرة
✅ 3 دورات مياه
✅ مطبخ + مستودع
✅ حوش
✅ كراج سيارة

الدور الثاني:
▪️ 6 غرف نوم
▪️ غرفتان ماستر – كل غرفة بحمام خاص
▪️ 4 غرف نوم – كل غرفتين بحمام
▪️ صالة كبيرة
▪️ سكاي لايت
▪️ درج مفتوح

━━━━━━━━━━━━━━

✨ أعمال الصيانة والتجديد : 
✅ صيانة كاملة للمنزل
✅ تجديد وتمديدات الكهرباء وتحويلها إلى 220 فولت
✅ استبدال مواد السباكة بالكامل
✅ أطقم صحية وخلاطات جديدة
✅ العقار جاهز للسكن

💰 السعر: 1,900,000 ريال
قابل للتفاوض البسيط

📞 للاستفسار :  ((الرقم يظهر عند الضغط على اتصال))",26.339563,50.14866,https://images.aqar.fm/webp/750x0/props/008510470_1790165392158.jpg,2.0,سيف اقطيم بن زايد,,,2026-09-23,2026-09-23,2026-09-24,117,2026-09-27,True,"1,900,000",False,فيلا
6849410,https://sa.aqar.fm/فلل-للبيع/الظهران/حي-ارامكو-السعودية/شارع23ا-حي-الظهران-مدينة-الظهران-المنطقة-الشرقية-6849410,"فيلا للبيع في شارع23ا, حي الظهران, مدينة الظهران, المنطقة الشرقية",2900000,581,8,6.0,3.0,8,حي ارامكو السعودية,الظهران,حي ارامكو السعودية,"للبيع فيلا سكنيه 
حي اجيال موقع مميز قريب للمداخل والمخارج وجميع الخدمات

فيلا بناء شخصي 
العمر 8 سنوات
(( رهن شركة ارامكو 850 الف ))
المساحه 581 م زاويه ومن الخلف ساحه
للتواصل///
((الرقم يظهر عند الضغط على اتصال))
((الرقم يظهر عند الضغط على اتصال))

بناء كود سعودي",26.269263,50.064813,https://images.aqar.fm/webp/750x0/props/018721920_1788110496307.jpg,2.0,عبدالله المطيري,مؤسسة مكتب افراغ العقارية,1.0,2026-08-30,2026-08-30,2026-09-14,431,2026-09-27,True,"2,900,000",False,فيلا
6891426,https://sa.aqar.fm/فلل-للبيع/الظهران/حي-الدانة-الشمالية/شارع-اسماء-بنت-ابي-بكر-حي-الدانة-الشمالية-الظهران-الدمام-6891426,فيلا للبيع في شارع اسماء بنت ابي بكر ، حي الدانة الشمالية ، الظهران ، الدمام,3500000,690,1,1.0,1.0,20,حي الدانة الشمالية,الظهران,حي الدانة الشمالية,"فيلا سكنية للبيع
المنطقة الشرقية - الظهران - الدانة الشمالية



مساحة الأرض: ٦٩٠ م م

مسطح البناء: ٨٩٠ م م +

مكيفات مركزية (جديدة)

عدد الغرف: ٦ غرف نوم / بامكان تحويل ٣ غرف نوم و دورتان مياه الى شقة

منفصلة.

بيسمنت

ديوانية

مجلس رجال

مجلس نساء

تصميم حديث/ مودرن Modern

٣ مطابخ

٦ دورات مياة

غرفة عاملة

غرفة غسل ملابس وكوي

زراعة خارجية ممتازة

غرفة سائق

قراج داخلي (سيارتان)

عمر العقار: ٢٥ سنة +",26.34034,50.146519,https://images.aqar.fm/webp/750x0/props/003053718_1790358404072.jpg,7.0,حسين بن سلمان بن حسين الخرس,,,2026-09-25,,2026-09-25,9,2026-09-27,False,طلب تسويق,False,فيلا
6808891,https://sa.aqar.fm/فلل-للبيع/الظهران/حي-القشلة/شارع-ربيعة-الدرامي-حي-الراكة-الشمالية-مدينة-الدمام-المنطقة-الشرقية-6808891,"فيلا للبيع في شارع ربيعة الدرامي, حي الراكة الشمالية, مدينة الدمام, المنطقة الشرقية",960000,222,4,4.0,1.0,0,حي القشلة,الظهران,حي القشلة,"فلل الصفا | المنطقة الشرقية - حي الراكة الشمالية

فرصة مميزة للسكن أو الاستثمار بعائد سنوي يصل إلى 8%
المشروع مميز ومتبقي منه 40% فقط

النماذج
نموذج C يبدأ من 850 ألف ريال
نموذج B يبدأ من 960 ألف ريال
نموذج A يبدأ من1,050,00 ريال ""تم البيع""

المرافق:
الدور الأرضي: موقف سيارة، مجلس، صالة معيشة، مطبخ، دورة مياه، مساحة خارجية
الدور الأول: غرفة نوم رئيسية مع دورة مياه، غرفتين نوم، ودورتين مياه
الملحق: غرفة نوم، دورة مياه، غرفة غسيل، غرفة عاملة، وجلسة خارجية

مميزات الموقع:
منطقة مميزة سهلة الخروج والدخول بين الخبر والدمام.
7 دقائق عن ملعب أرامكو.
7 دقائق عن الراكة سكوير.
9 دقائق عن إثراء.
9 دقائق عن الظهران إكسبو.
9 دقائق عن الأفنيوز.
9 دقائق عن مستشفى دله.
11 دقيقة عن جامعة الإمام عبدالرحمن بن فيصل.


حياك في فيلا العرض 
المشروع مكتمل وجاهز 100% 

للتواصل ومعرفة تفاصيل المساحات والمخططات وحجز موعد للمعاينة، يرجى التواصل عبر الواتساب أو الاتصال.
⁦((الرقم يظهر عند الضغط على اتصال))⁩",26.373469,50.184713,https://images.aqar.fm/webp/750x0/props/044023807_1786018406594.jpg,11.0,سعد عادل بن سعد المعمر,شركة إحياء العقارية,1.0,2026-08-06,2026-09-04,2026-09-04,3317,2026-09-27,True,"960,000",False,فيلا
6852401,https://sa.aqar.fm/فلل-للبيع/الظهران/حي-القشلة/حي-الصفاء-مدينة-الدمام-المنطقة-الشرقية-6852401,"فيلا للبيع في حي الصفاء, مدينة الدمام, المنطقة الشرقية",2200000,575,10,5.0,2.0,11,حي القشلة,الظهران,حي القشلة,"فيلا للبيع | الدمام – حي الصفا

فرصة مميزة للسكن في حي الصفا بالدمام

فيلا سكنية للبيع بمساحة 575م²، تتميز بموقعها وواجهتها الشرقية على شارع بعرض 15م، وبناء شخصي، وعمر العقار قرابة 16 سنة.

العقار عبارة عن دورين وملحق، بتوزيع واسع وعملي يناسب العائلة الكبيرة:

الدور الأرضي

يتكون من:

حوش واسع
كراج
مدخل رجال ومدخل نساء
غرفة سائق
مجلس رجال
مقلط
صالة
مجلس نساء
مطبخ
مستودع
الدور الأول

يتكون من:

صالة
غرفتين مع حمام
3 غرف ماستر
الملحق

يتكون من:

غرفة عاملة
غرفة غسيل
سطح كبير

مميزات العقار:
مساحة أرض ممتازة، واجهة شرقية، شارع 15م، توزيع مناسب وخصوصية عالية، مع تعدد المجالس والغرف والخدمات.

الموقع: الدمام – حي الصفا
المساحة: 575م²
العمر: حوالي 16 سنة
الواجهة: شرقية
الشارع: 15م
التكوين: دورين + ملحق
للتواص ك ((الرقم يظهر عند الضغط على اتصال)) _((الرقم يظهر عند الضغط على اتصال))
شركة سلطان ريال استيت
ترخيص فال: 1200043435
ترخيص الإعلان: 7201112663",26.37791,50.1869,https://images.aqar.fm/webp/750x0/props/051531623_1788267937694.jpg,12.0,سلطان بن عمار بن علي الخالدي,شركة سلطان ريال إستيت,1.0,2026-09-01,2026-09-01,2026-09-24,383,2026-09-27,True,"2,200,000",False,فيلا
6797442,https://sa.aqar.fm/فلل-للبيع/الظهران/حي-القصور/شارع-الوادى-مدينة-الظهران-المنطقة-الشرقية-6797442,"فيلا للبيع في شارع الوادى, مدينة الظهران, المنطقة الشرقية",1700000,285,5,,,9,حي القصور,الظهران,حي القصور,"مجمع ماربيلا الظهران 
للبيع فيلا دورين
المساحة الاجمالية : ٤٠٣ م٢
الدور الاول :
صالة كبيرة - مجلس - غرفة طعام - ٢ دورات مياة - مطبخ - مستودع
الدور الثاني:
صالة كبيرة
غرفة ماستر مع حمام -غرفة ملابس -جاكوزي -بلكونة
2 غرفة نوم يخدمهم حمام
غرفة خادمة مع حمام
مميزات المجمع :
بهو فخم جداً 
محلات تجارية (سوبرمارکت - مشغل نسائي- حلاق رجالي )
مركز رجال اعمال
صالة رياضية متكاملة VIP( مسبح - جاكوزي - ساونا - بخار )
منطقة الاستقبال لخدمة السكان ٢٤ ساعة
صالة افراح فخمة
منطقة العاب اطفال
روضة اطفال
يوجد رسوم",26.338492,50.153514,https://images.aqar.fm/webp/750x0/props/016722128_1741880560654.jpg,1.0,بهاء عبد الرحمن,شركة جهد العقارية شركة شخص واحد,1.0,2026-07-30,2026-07-30,2026-09-23,754,2026-09-27,True,"1,700,000",False,فيلا
6782842,https://sa.aqar.fm/فلل-للبيع/الظهران/حي-الدوحة-الشمالية/شارع-الحارث-بن-قيس-حي-الدوحة-الشمالية-مدينة-الظهران-المنطقة-الشرقية-6782842,"فيلا للبيع في شارع الحارث بن قيس, حي الدوحة الشمالية, مدينة الظهران, المنطقة الشرقية",1600000,600,8,,,11,حي الدوحة الشمالية,الظهران,حي الدوحة الشمالية,"فيلا للبيع – فرصة استثمارية مميزة
📍 الظهران | حي الدوحة الشمالية

فرصة نادرة لامتلاك عقار بموقع مميز في أحد أفضل أحياء الظهران، مناسب للسكن أو الاستثمار وإعادة التطوير.

تفاصيل العقار:

📍 الموقع: حي الدوحة الشمالية – الظهران
📐 المساحة: 600 م²
🧭 الواجهة: شرقية
🛣️ عرض الشارع: 18 متر
📏 أبعاد الأرض: 20 × 30 متر تقريبًا

مميزات العقار:
✅ موقع مميز داخل حي هادئ ومخدوم.
✅ أرض منتظمة تسهّل التصميم والاستفادة القصوى من المساحة.
✅ مناسبة لبناء فيلا فاخرة أو مشروع سكني.
✅ قيمة استثمارية عالية مع إمكانية إعادة التطوير.
✅ قريبة من جميع الخدمات والطرق الرئيسية.

العقار عبارة عن بيت قائم على أرض سكنية، وتُعد القيمة الأساسية في الأرض وموقعها المميز.

💰 السعر المطلوب:
1,600,000 ريال",26.333602,50.166729,https://images.aqar.fm/webp/750x0/props/044303835_1784571640690.jpg,1.0,علاء بن سعيد بن جواد البوحليقه,مؤسسة مكتب ثلاثيات لادارت الاملاك,1.0,2026-07-20,2026-09-17,2026-09-26,2667,2026-09-27,True,"1,600,000",False,فيلا
6527888,https://sa.aqar.fm/فلل-للبيع/الظهران/حي-الدانة-الشمالية/شارع-ابن-الهيثم-حي-الدانة-الشمالية-مدينة-الظهران-المنطقة-الشرقية-6527888,"فيلا للبيع في شارع ابن الهيثم, حي الدانة الشمالية, مدينة الظهران, المنطقة الشرقية",2000000,539,12,1.0,3.0,11,حي الدانة الشمالية,الظهران,حي الدانة الشمالية,"السلام عليكم ورحمة الله وبركاته
 للبيع فيلا شخصيه فخمه في حي الظهران حي الدانه الشماليه
موقع شيخ قريب جدآ من مدرسه الامام سعود الثانويه  وقريب من طريق خادم الحرمين الشريفين
وقريب من شركه ارامكو  والقاعده الجويه
البيت يفتح على اتجاهين  شارعين متظاهري  شارع ابن الهيثم شمال ويفتح على حديقه منتزه الربيع جنوب
المساحه ٥٠٠متر
يصلح البيت لسكن ٣ أسر .
بناء شخصي مصمم على مواصفات ارامكو
غرف وصالات واسعه جدآ 
وجود  غرفه سائق وجود حوش كبير جدآ وحديقه داخليه
للاستفسار ((رقم المعلن يظهر عند التواصل))",26.337366,50.135231,https://images.aqar.fm/webp/750x0/props/045378533_1767144323682.jpg,29.0,محمد بن حافظ بن حمد حدادي,,,2025-12-31,2025-12-31,2026-09-02,7524,2026-09-27,True,"2,000,000",False,فيلا
6787687,https://sa.aqar.fm/فلل-للبيع/الظهران/حي-القصور/شارع-القنفدة-حي-القصور-مدينة-الظهران-المنطقة-الشرقية-6787687,"فيلا للبيع في شارع القنفدة, حي القصور, مدينة الظهران, المنطقة الشرقية",4250000,500,6,5.0,4.0,0,حي القصور,الظهران,حي القصور,"🏠 فيلا حي القصور  🏠

 
- عدد 6 غرف نوم   
- صالة كبيرة 
- مجلسين 
- ديوانية 
- صالة طعام 
- غرفة غسيل   
- غرفة سائق 
- غرفة خادمة 
- مطبخ 


 
🏠 مميزات الفيلا 🏠

- كراج يتسع لسيارتين 
- ارتفاع الأسقف 
- بالقرب من المسجد 
- بالقرب من ممشى القصور 
- بالقرب من الخدمات الرئيسية 
- بالقرب من المشاريع الترفيهة 


التواصل مباشرة قسم المبيعات 

حسام : ((الرقم يظهر عند الضغط على اتصال))",26.341761,50.156892,https://images.aqar.fm/webp/750x0/props/050835939_1784832149197.jpg,23.0,نبيل جابر,مؤسسة إسناد الإتقان,1.0,2026-07-23,2026-09-20,2026-09-25,3003,2026-09-27,True,"4,250,000",False,فيلا
6852447,https://sa.aqar.fm/فلل-للبيع/الظهران/حي-القصور/شارع-العيينة-حي-القصور-مدينة-الظهران-المنطقة-الشرقية-6852447,"فيلا للبيع في شارع العيينة, حي القصور, مدينة الظهران, المنطقة الشرقية",3800000,1077,5,5.0,2.0,11,حي القصور,الظهران,حي القصور,"للبيع فيلا + دوبلكس زاوية حي القصور
بناء شخصي

الفيلا 
الدور الارضي / مجلسين + مقلط + صاله + مطبخين
الدور الاول / صاله + ٥ غرف نوم 
العلوي ملحق الخادمة والغسيل
مجلس خارجي


الدوبلكس مدخل مستقل 
الارضي مجلس + صاله + مطبخ
العلوي غرفتين نوم


السعر ٣.٨٠٠.٠٠٠ ريال
السوم واصل ٣.٥٠٠.٠٠٠ ريال


ارجو من المشتري الاتصال 
نسعد بخدمتكم",26.351866,50.141357,https://images.aqar.fm/webp/750x0/props/034425999_1788269180853.jpg,5.0,عبدالرحمن بن عبداللطيف بن عبدالرحمن المعيبد,شركة تصور العقارات العقارية,1.0,2026-09-01,2026-09-01,2026-09-19,1032,2026-09-27,True,"3,800,000",False,فيلا
6834462,https://sa.aqar.fm/فلل-للبيع/الظهران/حي-الدانة-الشمالية/شارع-البديعه-حي-الدانة-الشمالية-مدينة-الظهران-المنطقة-الشرقية-6834462,"فيلا للبيع في شارع البديعه, حي الدانة الشمالية, مدينة الظهران, المنطقة الشرقية",1800000,500,6,0.0,0.0,11,حي الدانة الشمالية,الظهران,حي الدانة الشمالية,"للبيع فيلا في الظهران حي الدانه الشمالية قريب جامع ابن تيميه مساحة الأرض 500متر على شارع 20 شمال ونافذ شرقي 8 متر 
يتكون مدخلين الدور الأرضي مجلس رجال ومقلط ومجلس نساء ومقلط وغرفة نوم بحمام صاله كبيره وثلاث دورات مياه مطبخ بمستودع حوش مع كراج السياره 
الدور الثاني 6 غرف نوم اثنين منهم ماستر كل غرفه بحمام 
وأربع غرف كل غرفتين بحمام و صاله كبير مع سكاي لايت البيت درج مفتوح معموله صيانه كامله تمديدات الكهرباء مع تحويلها 220 فولت و مواد سباكه مبدله كامله أطقم وخلاطات مطلوب 1.9 مليون قابل للتفاوض البسيط",26.339563,50.14866,https://images.aqar.fm/webp/750x0/props/006593468_1787333059722.jpg,2.0,بجاش الهاجري,,,2026-08-21,2026-09-20,2026-09-20,1613,2026-09-27,True,"1,800,000",False,فيلا
6844130,https://sa.aqar.fm/فلل-للبيع/الظهران/حي-الدانة-الشمالية/شارع-كعب-بن-بن-مالك-حي-الدانة-الشمالية-مدينة-الظهران-المنطقة-الشرقية-6844130,"فيلا للبيع في شارع كعب بن بن مالك, حي الدانة الشمالية, مدينة الظهران, المنطقة الشرقية",2250000,500,11,0.0,0.0,11,حي الدانة الشمالية,الظهران,حي الدانة الشمالية,"السلام عليكم ورحمة الله وبركاته. 

فيلا للبيع في حي الدانة الشمالية 

مساحة الفيلا 500م 
على شارعين بناء شخصي الموقع مميز و امام مسجد الحي راقي و هادي

تفاصيل الفيلا :
الدور الارضي : حوش + كراج + 3 مداخل + مجلس رجال + مجلس نساء + صالة + مقلط + دورتين مياة + مطبخ و مستوع 

الدور الاول : صالة + غرفة ماستر + 3 غرف + دورتين مياة + مطبخ صغير 

الدور الثاني : غرفة + دورة مياة + السطح.
يوجد غرفه سائق بالخلف 

المطلوب 2 مليون قابل للتفاوض",26.335915,50.151796,https://images.aqar.fm/webp/750x0/props/042873169_1787817952018.jpg,10.0,عبدالله عبدالرحمن محمد العمودي,مؤسسة عبدالله عبدالرحمن باطويل للخدمات العقارية,1.0,2026-08-27,2026-08-27,2026-09-26,960,2026-09-27,True,"2,250,000",False,فيلا
6847146,https://sa.aqar.fm/فلل-للبيع/الظهران/حي-الدانة-الشمالية/شارع-البديعه-حي-الدانة-الشمالية-مدينة-الظهران-المنطقة-الشرقية-6847146,"فيلا للبيع في شارع البديعه, حي الدانة الشمالية, مدينة الظهران, المنطقة الشرقية",1900000,500,9,7.0,2.0,11,حي الدانة الشمالية,الظهران,حي الدانة الشمالية,"🏡 للبيع فيلا مميزة في الظهران – حي الدانة الشمالية ✨

📍 موقع مميز بالقرب من جامع ابن تيمية
📐 مساحة الأرض: 500 م²
🛣️ على شارع 20م شمال + نافذ شرقي 8م
💰 المطلوب: 1,900,000 ريال
🔹 قابل للتفاوض البسيط
🏚️ عمر العقار : 30 عام

━━━━━━━━━━━━━━━━━━

🏠 تفاصيل الفيلا

الدور الأرضي:
▪️ مدخلان
▪️ مجلس رجال
▪️ مقلط رجال
▪️ مجلس نساء
▪️ مقلط نساء
▪️ غرفة نوم بحمام
▪️ صالة كبيرة
▪️ 3 دورات مياه
▪️ مطبخ + مستودع
▪️ حوش
▪️ كراج سيارة

الدور الثاني:
▪️ 6 غرف نوم
▪️ غرفتان ماستر – كل غرفة بحمام خاص
▪️ 4 غرف نوم – كل غرفتين بحمام
▪️ صالة كبيرة
▪️ سكاي لايت
▪️ درج مفتوح

━━━━━━━━━━━━━━━━━━

✨ أعمال الصيانة والتجديد

✅ صيانة كاملة للمنزل
✅ تجديد وتمديدات الكهرباء وتحويلها إلى 220 فولت
✅ استبدال مواد السباكة بالكامل
✅ أطقم صحية وخلاطات جديدة
✅ العقار جاهز للسكن

📍 موقع العقار على الخريطة:
فتح موقع الفيلا على الخريطة

💰 السعر: 1,900,000 ريال
قابل للتفاوض البسيط

📞 للاستفسار والمعاينة والتواصل: +966 54 519 4935
شركة همم الشرق العقارية",26.339563,50.14866,https://images.aqar.fm/webp/750x0/props/033364574_1788009864675.jpg,1.0,رياض محمد شوعي مكوعي,شركة همم الشرق العقارية ,1.0,2026-08-29,2026-08-29,2026-09-24,878,2026-09-27,True,"1,900,000",False,فيلا
6836987,https://sa.aqar.fm/فلل-للبيع/الظهران/حي-الدانة-الشمالية/شارع-الغوار-حي-الدانة-الشمالية-مدينة-الظهران-المنطقة-الشرقية-6836987,"فيلا للبيع في شارع الغوار, حي الدانة الشمالية, مدينة الظهران, المنطقة الشرقية",2200000,500,10,5.0,0.0,11,حي الدانة الشمالية,الظهران,حي الدانة الشمالية,"🏡 للبيع | دورين سكنيين مستقلين – حي الدانة بالظهران

📍 موقع مميز جدًا مقابل مدرسة بنات (روضة وابتدائية)، في موقع حيوي ومميز بحي الدانة.

✨ المواصفات:
• دورين سكنيين مستقلين
• لكل دور عداد كهرباء مستقل
• كل دور يتكون من:
• 5 غرف
• صالة
• مطبخ
• 3 دورات مياه

🔹 الدور الأرضي: مؤجر حاليًا، مما يوفر دخلًا إيجاريًا قائمًا للمستثمر.

🔹 الدور الأول: شاغر حاليًا، وتم الانتهاء من صيانة كاملة وتجديده، ومعروض للإيجار — فرصة للحصول على دخل إضافي بعد تأجيره.

💰 السعر: 2,200,000 ريال

📞 للتواصل والاستفسار:
((الرقم يظهر عند الضغط على اتصال))

🪪 رقم الترخيص الإعلاني: 7201093445

⭐ فرصة استثمارية مميزة تجمع بين دخل إيجاري قائم وإمكانية تحقيق دخل إضافي من الدور الأول، في موقع سكني حيوي بالظهران.

مؤسسة التطوير الحضاري للعقارات",26.3379,50.147455,https://images.aqar.fm/webp/750x0/props/033173352_1787490947751.jpg,1.0,فالح عامر بن فالح الهاجري,مكتب التطوير الحضاري للعقارات,1.0,2026-08-23,2026-09-21,2026-09-26,576,2026-09-27,True,"2,200,000",False,فيلا
6808845,https://sa.aqar.fm/فلل-للبيع/الظهران/حي-الدوحة-الجنوبية/شارع-الخزامى-مدينة-الظهران-المنطقة-الشرقية-6808845,"فيلا للبيع في شارع الخزامى, مدينة الظهران, المنطقة الشرقية",5300000,815,6,5.0,5.0,8,حي الدوحة الجنوبية,الظهران,حي الدوحة الجنوبية,$5f,26.325917,50.172457,https://images.aqar.fm/webp/750x0/props/033740141_1722957728036.jpg,1.0,مشعل غرم الله بن علي الزهراني,مؤسسة إسهام الشرق للصيانة والنظافة,1.0,2026-08-06,2026-09-04,2026-09-24,1816,2026-09-27,True,"5,300,000",False,فيلا
6758970,https://sa.aqar.fm/فلل-للبيع/الظهران/حي-القصور/حي-القصور-مدينة-الظهران-المنطقة-الشرقية-6758970,"فيلا للبيع في حي القصور, مدينة الظهران, المنطقة الشرقية",3940000,410,7,5.0,0.0,0,حي القصور,الظهران,حي القصور,$5c,26.348208,50.148743,https://images.aqar.fm/webp/750x0/props/048910665_1783164550382.jpg,19.0,مبارك محمد,شركة أملاك القصور,1.0,2026-07-04,2026-08-31,2026-09-01,1395,2026-09-27,True,"3,940,000",False,فيلا
6753951,https://sa.aqar.fm/فلل-للبيع/الظهران/حي-الدانة-الشمالية/شارع-اسماء-بنت-ابي-بكر-حي-الدانة-الشمالية-مدينة-الظهران-المنطقة-الشرقية-6753951,"فيلا للبيع في شارع اسماء بنت ابي بكر, حي الدانة الشمالية, مدينة الظهران, المنطقة الشرقية",2200000,504,6,4.0,1.0,11,حي الدانة الشمالية,الظهران,حي الدانة الشمالية,"N1
♦️للبيع فيلا دورين بعمر 35   مجدده بالكامل♦️
 
🔹الظهران /حي الدانة الشمالية
🔹 الشارع / 26 شمالا🔹
🔹مساحه 505 م🔹



🔹الدور الارضي🔹


🔸 غرفه نوم رئيسيه مع دورة مياه مع غرفه ملابس
🔸غرفتين نوم
🔸صاله كبيره
🔸مجلس
🔸 مطبخ راكب
🔸مخزن
🔸مجموع دورات المياه (4) 
حوش مجهز باحواض زراعية ومشجره بعناية.
🔸 كراج للسياره


🔹الدور الاول🔹
 
🔸غرفتين ماستر مع دورات المياه مع غرف الملابس
🔸3 غرف نوم
🔸 غرفة غسيل ملابس
🔸 مطبخ راكب بالاجهزه
🔸مجموع دورات المياه 3


🔹الدور الثالث🔹
🔸سطح معزول ومبلط حديثا





♦️ الدورين مفصولة عن بعض بجدار نهايه الدرج الداخلي

♦️مؤثثه ومكيفه بالكامل
مكيفات سبلت (ماندو بلس)
اغلبها جديده والباقي شبه جديده

♦️ سخان مركزي كبير من الخزف السعودي

♦️الاطقم الصحيه ايطاليه ماركه غروهي و سيفونات ماركة جيبرت مخفيه

♦️ستائر  تعتيم بجودة عاليه
 
♦️ شبابيك المنزل بالكامل الزجاج سيكيوريت والالمونيوم دبل من مصنع الما للزجاج

♦️ الفيلا مفروشه بالكامل باركيه من أرضيات الفارس


 للتواصل:

((الرقم يظهر عند الضغط على اتصال))((الرقم يظهر عند الضغط على اتصال))",26.340261,50.143623,https://images.aqar.fm/webp/750x0/props/026602576_1766899200171.jpg,12.0,زبن الشعلان,,,2026-06-30,2026-09-25,2026-09-25,1859,2026-09-27,True,"2,200,000",False,فيلا
6761647,https://sa.aqar.fm/فلل-للبيع/الظهران/حي-الدوحة-الجنوبية/شارع-الدوحة-حي-الدوحة-الجنوبية-مدينة-الظهران-المنطقة-الشرقية-6761647,"فيلا للبيع في شارع الدوحة, حي الدوحة الجنوبية, مدينة الظهران, المنطقة الشرقية",3400000,1016,9,5.0,3.0,11,حي الدوحة الجنوبية,الظهران,حي الدوحة الجنوبية,"💠للبـيـع فيـلا فاخرة 💠
-المساحه: 1,016 متر مربع
-عمر العقار: فوق ال25 سنه

-المواصفات: دورين مكون من ٩ غرف نوم ٨ منهم ماستر و ٤ صالات و مجلس حريم و مجلس رجال(خارجي) و باتيو داخلي و باتيو خارجي و غرفة خادمة و غرفة سائق و مطبخ داخلي و مطبخ خارجي 
و بلكونه علويه

الدور الارضي: صاله، و صاله دبل هايت واجهة قزاز و جناح كامل بمدخل خاص مكون من غرفه و صاله و حمام بالامكان تحويلها الى مجلس حريم و غرفة طعام و  غرفة ماستر رئيسيه مع مخزن ملابس و حمام و مطله على الباتيو الداخلي و ٢ غرف ماستر و مطبخ داخلي و مطبخ خارجي و غرفة الخادمه و مخزن و غرفة غسيل 

الدور الاول: صاله و غرفة غسيل و ٣ غرف ماستر و غرفه عاديه و جناح كامل مكون من غرفة رئيسيه و حمام و غرفة ملابس و بلكونه و جاكوزي داخل الغرفه خارج الحمام 

-السعر: 3,400,000 ريال سعودي قابل للتفاوض",26.326254,50.156025,https://images.aqar.fm/webp/750x0/props/024383608_1783321977837.jpg,8.0,عبدالله الشهراني,شركة اثرا العقارية,1.0,2026-07-06,2026-09-02,2026-09-25,1487,2026-09-27,True,"3,400,000",False,فيلا
6878990,https://sa.aqar.fm/فلل-للبيع/الظهران/حي-الدانة-الشمالية/شارع-الخرج-حي-الدانة-الشمالية-مدينة-الظهران-المنطقة-الشرقية-6878990,"فيلا للبيع في شارع الخرج, حي الدانة الشمالية, مدينة الظهران, المنطقة الشرقية",2200000,250,4,,,0,حي الدانة الشمالية,الظهران,حي الدانة الشمالية,"للبيع دبلكس متصل في الظهران حي الدانة مخطط رقم 326
مساحة 250 م
المواصفات:حوش، كراج سيارة، مدخلين 
الدور الاول: مجلس، دورة مياة، مقلط، صالة كبيرة ، دورة مياة، مطبخ، مستودع، دورة مياة 
الدور الثاني: غرفة نوم رئيسية، غرفة نوم ماستر، غرفة نوم بحمام، غرفة نوم ، صالة
الملحلق: غرفة نوم ماستر ، غرفة نوم، صالة كبيرة مطله على السطح ، دورة مياه .
تكييف مركزي راكب ، اسبليت غير راكب 
اشراف هندسي ، ضمانات على السباكة والكهرباء والكراج والخزانات والعزل 
السعر : 2,200,000
جوال : ((الرقم يظهر عند الضغط على اتصال))
نستقبل طلباتكم العقارية ونقوم بتسويق عروضكم باحترافية عبر فريق متمكن يمتلك خبرة طويلة في تسويق العقارات السكنية والتجارية والصناعية .",26.335071,50.137766,https://images.aqar.fm/webp/750x0/props/011306226_1789635355470.jpg,1.0,ناصر زيد,شركة سديرة العقارية,1.0,2026-09-17,2026-09-17,2026-09-17,355,2026-09-27,True,"2,200,000",False,فيلا
6662132,https://sa.aqar.fm/فلل-للبيع/الظهران/حي-ارامكو-السعودية/شارع-شارع-مكه-حي-الظهران-مدينة-الظهران-المنطقة-الشرقية-6662132,"فيلا للبيع في شارع شارع مكه, حي الظهران, مدينة الظهران, المنطقة الشرقية",1900000,352,5,,,3,حي ارامكو السعودية,الظهران,حي ارامكو السعودية,"هل تبحث عن الفخامة والخصوصية في أرقى أحياء الظهران؟
 نقدم لكم فيلا فاخرة للبيع في حي ""أجيال"" (أرامكو)
 تتميز بتصميم عصري واستغلال ذكي للمساحات .. عمر العقار 3 سنوات فقط (شبه جديدة).

تفاصيل الفيلا:

الدور الأرضي (منطقة الضيافة):
مجلس رجال بخصوصية تامة.
مقلط .
صالة عائلية واسعة .
غرفة طعام عائلية.
مطبخ مجهز بتصميم حديث.
مخزن واسع.

الدور الأول (منطقة الراحة):
3 غرف نوم جميعها ""ماستر"" (لكل غرفة دورة مياه خاصة) لضمان أقصى درجات الخصوصية.
صالة عائلية إضافية تجمع أفراد الأسرة.

الملحق (منطقة الخدمات):

غرفة خاصة للعاملة المنزلية.
غرفة غسيل مستقلة.

لماذا هذه الفيلا؟
الموقع:
 تقع في حي أجيال التابع لأرامكو، المعروف بتنظيمه العالي وبنيته التحتية العالمية.

الحالة:
 عمرها 3 سنوات فقط، مما يعني جاهزيتها التامة للسكن دون الحاجة لأي ترميم.

التصميم: 
توزيع الغرف يجمع بين الأصالة في استقبال الضيوف والحداثة في المعيشة اليومية.

للتواصل والاستفسار أو لتحديد موعد للمعاينة:
0552522025",26.264618,50.062418,https://images.aqar.fm/webp/750x0/props/046757641_1776675136795.jpg,30.0,فهد بن محمد,شركة عقارات فهد محمد النهدي,1.0,2026-04-20,2026-09-13,2026-09-26,2981,2026-09-27,True,"1,900,000",False,فيلا
6886575,https://sa.aqar.fm/فلل-للبيع/الظهران/حي-ارامكو-السعودية/شارع6أ-حي-الظهران-مدينة-الظهران-المنطقة-الشرقية-6886575,"فيلا للبيع في شارع6أ, حي الظهران, مدينة الظهران, المنطقة الشرقية",2800000,566,5,1.0,0.0,4,حي ارامكو السعودية,الظهران,حي ارامكو السعودية,"للبيع فيلا سكنية مجددة – حي أجيال، الظهران
📍 موقع استثنائي على 4 شوارع في مخطط أجيال – الظهران
شارعين 15 متر و شارعين نافذ
📐 المساحة: 566 متر مربع
📅 عمر العقار: 3 سنوات
🚪 الواجهة: شمالي شرقي
🚗 عرض الشارع: 15 متر
الوصف:
فرصة نادرة لامتلاك فيلا سكنية مميزة بموقع زاوية على 4 شوارع، ضمن حي راقٍ ومخطط منظم في الظهران.
الفيلا مجددة بالكامل وفي حالة ممتازة، بتصميم عملي ومساحات واسعة تضمن الراحة والخصوصية.
المواصفات الداخلية:
5 غرف نوم (منها غرفة ضيف بالدور الأرضي)
صالة علوية عائلية
مجلس رجال رسمي
صالة رئيسية واسعة
غرفة طعام
مطبخ راكب بجودة عالية
مستودع عملي
فناء خارجي كبير ومهيأ للاستخدامات المتعددة
المميزات:
✅ موقع نادر على 4 شوارع
✅ عمر العقار فقط 3 سنوات
✅ تشطيب نظيف وجاهزة للسكن
✅ تصميم عملي بمساحات ممتازة
📞 للتواصل والاستفسار:
((الرقم يظهر عند الضغط على اتصال))",26.263693,50.070276,https://images.aqar.fm/webp/750x0/props/000829307_1790270839561.jpg,29.0,محمد بن مانع بن محمد آل هتيله,مكتب الواحة الجميلة العقاري,1.0,2026-09-21,2026-09-21,2026-09-26,92,2026-09-27,True,"2,800,000",False,فيلا
6734794,https://sa.aqar.fm/فلل-للبيع/الظهران/حي-الدانة-الجنوبية/شارع-عفيف-حي-الدانة-الجنوبية-مدينة-الظهران-المنطقة-الشرقية-6734794,"فيلا للبيع في شارع عفيف, حي الدانة الجنوبية, مدينة الظهران, المنطقة الشرقية",2700000,691,7,3.0,2.0,11,حي الدانة الجنوبية,الظهران,حي الدانة الجنوبية,"⚠️ يلزم التنسيق قبل الحضور من اجل المعاينة ⚠️

للبيع فيلا فاخرة في الظهران حي الدانة الجنوبية

🔴الدور الارضي 
قبو كبير
 مجلس  رجال 
غرفة طعام رجال
 مجلس صغير 
دورة مياه   
صالة كبيرة  
مطبخ 
دورة مياه نساء 
مجلس نساء  
مستودع 
 حديقة خارجيه
مسبح 
غرفة سواق بمدخل خاص 
الكراج 

🔴الدور الاول
 2 غرفة  نوم رئيسية (+ دورة مياة ) 
4 غرف نوم مع حمام مشترك

🔴 الدور الثاني 
غرفة عاملة منزلية 
 غرفة غسيل

⚠️ يلزم التنسيق قبل الحضور من اجل المعاينة ⚠️",26.326635,50.15116,https://images.aqar.fm/webp/750x0/props/007308553_1781602851167.jpg,1.0,بندر بن عبدالعزيز,مكتب أعالي للخدمات العقارية,1.0,2026-06-16,2026-09-11,2026-09-22,2263,2026-09-27,True,"2,700,000",False,فيلا
6832827,https://sa.aqar.fm/فلل-للبيع/الظهران/حي-ارامكو-السعودية/شارع-مكه-حي-الظهران-مدينة-الظهران-المنطقة-الشرقية-6832827,"فيلا للبيع في شارع مكه, حي الظهران, مدينة الظهران, المنطقة الشرقية",2850000,515,3,0.0,0.0,0,حي ارامكو السعودية,الظهران,حي ارامكو السعودية,"🔴العرض للمشتري🔴

*فيلا للبيع في حي أجيال*

فيلا في حي أجيال (أرامكو)، تتميز بموقع قرب من مجمع أجيال، على شارع بعرض 32 متر، مع شارع خدمة خلفي بعرض 10 أمتار، مما يوفر سهولة الوصول وخصوصية أكبر.

*مواصفات الفيلا:*

* تتكون من طابقين وملحق.
* كراج يتسع لسيارتين.
* حديقة خلفية مع أحواض زراعية تحيط بالمنزل من جميع الجهات.

*الدور الأرضي:*

* مجلس رجال.
* مجلس نساء.
* صالة معيشة.
* صالة طعام.
* مطبخ رئيسي.
* مطبخ خدمة مجهز بالخزائن (بدون الأجهزة الكهربائية).
* غرفة سائق.
* مخزن خلف غرفة السائق.

*الدور الأول:*

* غرفة ماستر واسعة.
* غرفتان إضافيتان.
* جميع الغرف مزودة بدورات مياه خاصة.
* صالة عائلية.
* بلكونة بإحدى الغرف.

*الملحق:*

* غرفة خادمة مع دورة مياه.
* غرفة كبيرة مخصصة لغسيل الملابس مع مساحة إضافية للتخزين.
* غرفة خدمات تحتوي على سخان المياه والتجهيزات الفنية الأخرى.

الفيلا مناسبة للعائلات الباحثة عن المساحات الواسعة، والتصميم العملي، والموقع المميز في أحد أفضل أحياء أرامكو
السعر 2,850,000 ريال غير شامل الضريبه والسعي
السعر قابل للتفاوض للزبون الجاد",26.270096,50.073515,https://images.aqar.fm/webp/750x0/props/014337393_1787232671503.jpg,1.0,عمر جابر,مؤسسة صروح الشرق العقارية,1.0,2026-08-20,2026-09-18,2026-09-19,273,2026-09-27,True,"2,850,000",False,فيلا
6861468,https://sa.aqar.fm/فلل-للبيع/الظهران/حي-الدوحة-الجنوبية/شارع-صخر-بن-حرب-حي-الدوحة-الجنوبية-مدينة-الظهران-المنطقة-الشرقية-6861468,"فيلا للبيع في شارع صخر بن حرب, حي الدوحة الجنوبية, مدينة الظهران, المنطقة الشرقية",2900000,781,17,5.0,1.0,11,حي الدوحة الجنوبية,الظهران,حي الدوحة الجنوبية,"للبيع: فيلا مجددة بالكامل في الظهران
فرصة مميزة للسكن والاستثمار في حي الدوحة الجنوبية بمدينة الظهران.

تفاصيل العقار
	•	مساحة الأرض: 781.66 م²
	•	مسطح البناء: حوالي 1,000 م²
	•	فيلا مجددة بالكامل
	•	دور أرضي مستقل يضم مجالس داخلية وخارجية ومرافق متكاملة
	•	شقتان في الدور الأول بمدخل مستقل
	•	مداخل متعددة توفر الخصوصية والمرونة
	•	مناسبة للعائلات الكبيرة والسكن العائلي
	•	خيار مناسب للسكن والاستثمار في عقار واحد

مؤسسة طروح العقارية

للتواصل والاستفسار:
((الرقم يظهر عند الضغط على اتصال))
اتصال وواتساب",26.328108,50.167279,https://images.aqar.fm/webp/750x0/props/009008888_1788873638291.jpg,15.0,حسين سعد,مؤسسة طروح العقارية,1.0,2026-09-07,2026-09-07,2026-09-22,1002,2026-09-27,True,"2,900,000",False,فيلا
6756465,https://sa.aqar.fm/فلل-للبيع/الظهران/حي-القصور/شارع-11ج-حي-القصور-مدينة-الظهران-المنطقة-الشرقية-6756465,"فيلا للبيع في شارع 11ج, حي القصور, مدينة الظهران, المنطقة الشرقية",2900000,750,6,5.0,3.0,0,حي القصور,الظهران,حي القصور,$5e,26.339805,50.156224,https://images.aqar.fm/webp/750x0/props/010426839_1782989374657.jpg,1.0,بندر العتيبى,مؤسسة ابهار للتطوير العقاري,1.0,2026-07-02,2026-08-29,2026-09-26,2227,2026-09-27,True,"2,900,000",False,فيلا
6874134,https://sa.aqar.fm/فلل-للبيع/الظهران/حي-القصور/شارع-الامير-احمد-حي-القصور-مدينة-الظهران-المنطقة-الشرقية-6874134,"فيلا للبيع في شارع الامير احمد, حي القصور, مدينة الظهران, المنطقة الشرقية",2600000,405,5,0.0,0.0,0,حي القصور,الظهران,حي القصور,,26.346668,50.158615,https://images.aqar.fm/webp/750x0/props/027629464_1789478814103.jpg,2.0,عبدالله بن عبدالرحمن بن حجاج الثنيان,مؤسسة تيم سدن,1.0,2026-09-14,2026-09-14,2026-09-14,492,2026-09-27,True,"2,600,000",False,فيلا
6632668,https://sa.aqar.fm/فلل-للبيع/الظهران/حي-القشلة/شارع-عبدالرزاق-ابن-همام-حي-الصفاء-مدينة-الدمام-المنطقة-الشرقية-6632668,"فيلا للبيع في شارع عبدالرزاق ابن همام, حي الصفاء, مدينة الدمام, المنطقة الشرقية",912000,500,5,5.0,0.0,0,حي القشلة,الظهران,حي القشلة,"لمعرفة جميع التفاصيل بالكامل زوروا موقعنا 
https://www.iv-lines.com/
لاينز العقاريه 
فلل لاينز 02 (تاون هاوس)
في مدينة الخبر – حي الراكة الشمالية (الصفا)

يقع المشروع على شارع بعرض 40 متر، ويتكون من 8 فلل فقط، بتصاميم حديثة ومساحات تبدأ من 185 متر مربع، وبأسعار تبدأ من 912,000 ريال.

يتميز المشروع بموقعه القريب من ملعب ارامكو وجامعة الامام عبدالرحمن وجميع الخدمات، وبيئة سكنية هادئة مناسبة للعائلات، مع جودة تنفيذ وتصميم يلبي متطلبات الحياة العصرية.

مدة التسليم المتوقعة خلال شهر تقريبًا.
الحجز متاح الآن.

للتواصل ومعرفة التفاصيل، يرجى الاتصال
((الرقم يظهر عند الضغط على اتصال))
((الرقم يظهر عند الضغط على اتصال))",26.376514,50.187877,https://images.aqar.fm/webp/750x0/props/051704264_1774621129874.jpg,17.0,عبدالمحسن عبدالرحمن,شركة آي في لاينز العقارية,1.0,2026-03-27,2026-09-13,2026-09-15,3710,2026-09-27,True,"912,000",False,فيلا
6548104,https://sa.aqar.fm/فلل-للبيع/الظهران/حي-ارامكو-السعودية/شارع-الجبيل-حي-الظهران-مدينة-الظهران-المنطقة-الشرقية-6548104,"فيلا للبيع في شارع الجبيل, حي الظهران, مدينة الظهران, المنطقة الشرقية",2850000,503,6,5.0,0.0,5,حي ارامكو السعودية,الظهران,حي ارامكو السعودية,"للبيع
‎الموقع: حي أجيال أرامكو 
‎مساحة: ٥٠٠ م٢ 
‎مواصفات: 
‎- *خمس غرف نوم* 🛌 
‎- * سبع  دورات مياه * 🛁 🚽 
‎- *٢ صالة * واحده بالدور الاول و وحدة بالدور الثاني 🛋 
‎- * مجلس و مقلط *
‎- * مطبخ راكب مع خزائن*
‎- * ٢ مخزن * بالدور الأول
‎- *كراج سيارات يكفي سيارتين*
‎- *غرفة شغالة بحمامها بالدور الثالث*
‎- *مكيفات بكل الغرف* & *سخان مركزي*
‎- * البيت معزول كامل*

‎مميزات الڤيلا: 
جار واحد فقط 
يبعد ٥ دقائق مشي عن مدارس اجيال العالمية
‎- دقيقتين مشي من الحدائق و ألعاب الأطفال
‎- متوفر انترنت فايبر
‎- حي جديد و راقي

امكانية بيع الفيلا على اى شخص. 
عمر الفيلا 6 سنوات 
ساكن اول مستاحر اول 
ب٧٥ الف ريال سنوي موجري قابل للتجديد او الاخلاء حسب رغبه المالك الجديد 
السعر قابل للتفاوض
ونرحب بكل الوسطاء.",26.25706,50.073042,https://images.aqar.fm/webp/750x0/props/001965771_1768509801521.jpg,9.0,احمد بن عبدالعزيز بن ابراهيم الضعيان,,,2026-01-15,2026-01-15,2026-06-29,3003,2026-09-27,True,"2,850,000",False,فيلا
6673007,https://sa.aqar.fm/فلل-للبيع/الظهران/حي-القصور/شارع-الرقعى-حي-القصور-مدينة-الظهران-المنطقة-الشرقية-6673007,"فيلا للبيع في شارع الرقعى, حي القصور, مدينة الظهران, المنطقة الشرقية",1950000,273,6,0.0,0.0,0,حي القصور,الظهران,حي القصور,"فيلا دبوبلكس للبيع جديدة
بالقرب من ممشى القصور 
بناء شخصي بجوده عالية 
المساحة : 273",26.349544,50.146471,https://images.aqar.fm/webp/750x0/props/023083114_1777369213695.jpg,1.0,حسن مسعود,مؤسسة قدا العقارية,1.0,2026-04-28,2026-09-20,2026-09-22,3845,2026-09-27,True,"1,950,000",False,فيلا
6815533,https://sa.aqar.fm/فلل-للبيع/الظهران/حي-الدوحة-الجنوبية/شارع-العزيزيه-حي-الدوحة-الجنوبية-مدينة-الظهران-المنطقة-الشرقية-6815533,"فيلا للبيع في شارع العزيزيه, حي الدوحة الجنوبية, مدينة الظهران, المنطقة الشرقية",1600000,349,6,0.0,0.0,10,حي الدوحة الجنوبية,الظهران,حي الدوحة الجنوبية,"🏡للبيع فيلا دوبلكس 
🔹متصل كل دوبلكس مستقل بجدار خاص فيه

📍الدوحة الجنوبية الظهران شارع العزيزية
📏 المساحة: 350 متر مربع 
🔹الواجهة جنوبية عرض الشارع ١٨ متر 
🔹عمر العقار : 10 سنوات 
💵 السعر : مليون 600 الف


📍المميزات
🔹غرفة سائق
🔹التكييف راكب و تمديد النت و التلفزيون و السنترال باناسونيك و السخان المركزي و تحلية المياه في المطبخ 
🔹البيت موقعه ممتاز قريب من المسجد و حديقة الحي و جميع الخدمات 

 

العقار مكون من: 
📍الدور الارضي: 
🔹مجلس 
🔹 ⁠غرفة طعام 
🔹 ⁠غرفة تلفزيون 
🔹 ⁠صالة 
🔹 ⁠دورتين مياه 
🔹 ⁠مطبخين راكبه الأطقم  فيهم

📍الدور الثاني: 
🔹 غرفة ماستر رئيسية مع غرفة مكتب 
🔹 ⁠غرفة ماستر 
🔹 ⁠غرفتين مع موزع و دورة مياه 
🔹 ⁠صالة عائلية 
🔹 ⁠كاونتر طبخ جاهز بالدواليب و فيه تمديد غساله 

📍الدور الثالث : 
🔹 غرفتين مع موزع و دورة مياه 
🔹 ⁠غرفة مع دورة مياه  
🔹 ⁠غرفة غسيل",26.325064,50.163141,https://images.aqar.fm/webp/750x0/props/033235510_1786397226359.jpg,16.0,ليلى المحيش,,,2026-08-10,2026-09-09,2026-09-26,2022,2026-09-27,True,"1,600,000",False,فيلا
6879517,https://sa.aqar.fm/فلل-للبيع/الظهران/حي-القصور/شارع-11ب-حي-القصور-مدينة-الظهران-المنطقة-الشرقية-6879517,"فيلا للبيع في شارع 11ب, حي القصور, مدينة الظهران, المنطقة الشرقية",3000000,450,4,0.0,0.0,11,حي القصور,الظهران,حي القصور,"الدور الأرضي يتكون من ٣ مداخل 
المدخل الأول على المجلس مع دورة مياه 
المدخل الثاني للعايلة يفتح على صالة و دورة مياه ثانية
المدخل الثالث يفتح على المطبخ الخارجي

و فيه صالة طعام مفتوحة على المجلس 
و مطبخ مفتوح على الصالة

الدور الثاني يتكون من ٤ غرف نوم اثنين منهم ماستر و غرفتين بينهم دورة مياه مشتركة تخدم الغرفتين و تخدم صالة الدور الثاني

الدور الثالث غرفة غسيل و غرفة عاملة بدورة مياه

في الحوش ديوانية بدورة مياه و مطبخ خارجي مخصص للسائق

سعر العقار : 3.000.000 
العمر 13 سنة",26.345654,50.152753,https://images.aqar.fm/webp/750x0/props/000126443_1789654731683.jpg,2.0,عمر عبدالعزيز بن محمد الدليجان,مكتب عمر عبدالعزيز بن محمد الدليجان للخدمات العقارية,1.0,2026-09-17,2026-09-17,2026-09-21,558,2026-09-27,True,"3,000,000",False,فيلا
6656888,https://sa.aqar.fm/فلل-للبيع/الظهران/حي-القشلة/شارع-ابو-موسى-الاشعري-حي-الحسام-مدينة-الدمام-المنطقة-الشرقية-6656888,"فيلا للبيع في شارع ابو موسى الاشعري, حي الحسام, مدينة الدمام, المنطقة الشرقية",3000000,700,5,5.0,0.0,0,حي القشلة,الظهران,حي القشلة,"فرصة رائعة لمن يرغب بالسكن الفاخر
فيلا فاخرة بناء شخصي 
قبو + دور ارضي + دور اول + ملحق 
في حي الحسام 
مخلصة لياسة داخلية وخارجية 
بعض التمديدات راكبة 
المساحة 700 متر مربع 
موقع جداً مميز على شارع 30 متر
( التفاصيل كاملة في الصورة الثانية المرفقة ) 
الاتصال على الرقم الموضح في صورة الاعلان",26.387347,50.171799,https://images.aqar.fm/webp/750x0/props/048902099_1776283260535.jpg,2.0,علي أحمد,مؤسسة إكساب العقارية,1.0,2026-04-15,2026-06-13,2026-08-25,1387,2026-09-27,True,"3,000,000",False,فيلا
6801691,https://sa.aqar.fm/فلل-للبيع/الظهران/حي-تهامة/شارع-عطاء-بن-ابي-رباح-حي-تهامة-مدينة-الدمام-المنطقة-الشرقية-6801691,"فيلا للبيع في شارع عطاء بن ابي رباح, حي تهامة, مدينة الدمام, المنطقة الشرقية",2500000,625,5,0.0,0.0,11,حي تهامة,الظهران,حي تهامة,$5f,26.351186,50.127519,https://images.aqar.fm/webp/750x0/props/010859412_1785671534575.jpg,21.0,نواف البارقي,مكتب بوارق الشرق للخدمات العقارية,1.0,2026-08-02,2026-08-02,2026-09-23,1535,2026-09-27,True,"2,500,000",False,فيلا
6865008,https://sa.aqar.fm/فلل-للبيع/الظهران/حي-الدوحة-الشمالية/شارع-العنبر-حي-الدوحة-الشمالية-مدينة-الظهران-المنطقة-الشرقية-6865008,"فيلا للبيع في شارع العنبر, حي الدوحة الشمالية, مدينة الظهران, المنطقة الشرقية",2600000,844,16,7.0,4.0,11,حي الدوحة الشمالية,الظهران,حي الدوحة الشمالية,"المساحه 844 متر مربع
30 متر على الشارع 
الدخل 135000 مائه وخمسه وثلاثون الف ريال سنوي
مبنى رقم 1 يتكون من شقتين الارضي  
3 غرف 
مجلس+خيمه 
3 حمامات
مطبخ
و صاله
غرفه خادمه +غسيل
حوش و كراج 
الدور الاول 
3 غرف
مجلس+مقلط
3 حمامات 
مطبخ 
صاله
المبنى رقم 2
3 شقق 
الدور الارضي
 3 غرف
مجلس 
صاله 
3 حمامات 
حوش امامي و خلفي
و غرفه سايق 
غرفه خادمه 
الدور الأول 
3 غرف 
مجلس 
مطبخ 
صاله 
2 حمامات 
الملحق 
3 غرف 
صاله 
مطبخ 
2 حمامات 
حوش على السطح",26.331131,50.166811,https://images.aqar.fm/webp/750x0/props/055304344_1788895718836.jpg,1.0,نباء بن شميلان,مكتب مرجان الزمان للعقارات,1.0,2026-09-08,2026-09-08,2026-09-22,470,2026-09-27,True,"2,600,000",False,فيلا
6839623,https://sa.aqar.fm/فلل-للبيع/الظهران/حي-القشلة/شارع-مسلمه-الفهري-حي-الراكة-الشمالية-مدينة-الدمام-المنطقة-الشرقية-6839623,"فيلا للبيع في شارع مسلمه الفهري, حي الراكة الشمالية, مدينة الدمام, المنطقة الشرقية",885000,184,4,0.0,0.0,0,حي القشلة,الظهران,حي القشلة,"*فلل أرجاء الراكة بالخبر*

16 فيلا بالراكة الشمالية

💠تبدأ مساحة الأرض من 133م و مسطح البناء 250م. 
💠دورين وملحق .

⭕*الأسعار تبدأ من 885 الف ريال*

❇️ المواصفات 

🔸سكاي لايت
🔸تنفيذ البناء طبقا للكود السعودي
🔸تامين ضد العيوب الخفية
🔸التنفيذ تحت إشراف هندسي متكامل.
🔸تصميم وتشطيب راقي جدا
🔸استغلال للمساحات
🔸مطابخ جاهزة

1: ~محجوز~ 
2: 1,030,000  SARامامي 
3:  1,030,000  SARامامي 
4:985,000 SAR خلفي
5: 965,000 SARخلفي 
6:~محجوز~
7 : ~محجوز زاويه~
8: ~محجوز~ 
9: 1,085,000 SAR امامي 
10: ‏1,285,000 SARزاويه
11: 985,000 SAR امامي
12: 965,000 SARخلفي 
13: ~محجوز~
14: ~محجوز~ 
15: 885,000 SARخلفي 
16: ~محجوز~


📍الموقع https://maps.app.goo.gl/DfQhQcQW8KPa6Umz7?g_st=ipc

🧷 https://www.instagram.com/arja_properties?igsh=MTlrcW51ajYybWZycg==

📞 *للتواصل والاستفسار*
✒ *مجموعة أرجاء العقارات والمقاولات*
📱 *((الرقم يظهر عند الضغط على اتصال))*
📱 *((الرقم يظهر عند الضغط على اتصال))*",26.372016,50.1842,https://images.aqar.fm/webp/750x0/props/015379430_1788111426895.jpg,23.0,هاشم حيدر بن حسين السمين,,,2026-08-24,2026-09-23,2026-09-23,670,2026-09-27,True,"885,000",False,فيلا
6798500,https://sa.aqar.fm/فلل-للبيع/الظهران/حي-ارامكو-السعودية/شارع-مكه-حي-الظهران-مدينة-الظهران-المنطقة-الشرقية-6798500,"فيلا للبيع في شارع مكه, حي الظهران, مدينة الظهران, المنطقة الشرقية",1850000,356,6,0.0,0.0,4,حي ارامكو السعودية,الظهران,حي ارامكو السعودية,"دبلكس للبيع
مساحة ٣٥٦متر٢
موقع مميز وحي هادئ
الدور الارضي
مجلس
غرفة طعام
غرفة جلوس
صالة مطبخ
-
الدور الاول
٣ غرف نوم ماستر وصالة

الدور العلوي
غرفة عاملة بحمام ومنطقة غسيل
الدبلكس يوجد به تكييف السبلت
وسخان مركزي
وقراج يتسع سيارتين
للتواصل واتساب
((الرقم يظهر عند الضغط على اتصال))",26.270718,50.073541,https://images.aqar.fm/webp/750x0/props/031766064_1785453518838.jpg,1.0,جواهر عبدالله,,,2026-07-30,2026-08-29,2026-09-12,696,2026-09-27,True,"1,850,000",False,فيلا
6741879,https://sa.aqar.fm/فلل-للبيع/الظهران/حي-القصور/شارع-سكاكا-حي-القصور-مدينة-الظهران-المنطقة-الشرقية-6741879,"فيلا للبيع في شارع سكاكا, حي القصور, مدينة الظهران, المنطقة الشرقية",3100000,389,6,5.0,2.0,0,حي القصور,الظهران,حي القصور,"الفيلا A
الصاله 2
الحمام 9
مطبخ واحد (اوبن كتشن)   والثاني داخلي
الغرف 6
مستودع 1
مغسله 1
غرفة جيم 1
مساحة البناء
الدور الارضي 222 متر 
الدور الاول 202 متر 
الملحق 100 متر",26.355107,50.141693,https://images.aqar.fm/webp/750x0/props/009547756_1782051566626.jpg,22.0,أحمد بن محمد,,,2026-06-21,2026-09-16,2026-09-24,1498,2026-09-27,True,"3,100,000",False,فيلا
6714487,https://sa.aqar.fm/فلل-للبيع/الظهران/حي-القشلة/شارع-ابو-فضالة-الانصاري-حي-الحسام-مدينة-الدمام-المنطقة-الشرقية-6714487,"فيلا للبيع في شارع ابو فضالة الانصاري, حي الحسام, مدينة الدمام, المنطقة الشرقية",2000000,261,9,5.0,2.0,0,حي القشلة,الظهران,حي القشلة,"دبلكسين جديده فاخر للبيع في مخطط ارامكو الحسام.
بنية تحتية من تنفيذ ارامكو 
تشطيب ديلوكس.
(في حال شراء الدبلوكسين جميع يكون السعر أربع مليون 
و100 ألف ).
* مواصفات الدبلوكس الواحد :
٦ غرف نوم (اربع دور اول واثنتان في الملحق العلوي احداهما كبيره تصلح غرفه العاب)  ومجلس ومقلط ومجلس نساء وصاله في الارضي 
• بناء شخصي 
• مساحة الارض للدبلوكس الواحد ٢٦١ م٢.
• مكيفات جري   راكبه في كل الغرف و المجالس.
• ⁠مطبخ الماني راكب بالاحهزة شاملة الفرن الكهربائي و المايكروويف و غسالة الأطباق بلت ان.
• ⁠كاميرات عالية الجودة و الدقة مع جرس انتركم 
• ⁠دولاب تلفيزيون ديكوري للصالة.
• ⁠مواد الكهرباء و السباكة من القفاري من أجود المواد. 
• واجهة جميلة من السمنت بورد و الحديد المشغول بالسي ان سي.
• عوازل مائيه و حراريه
• نوافذ دبل قلاس
• صبغ جوتن عالي الجوده
• ابواب المنيوم كلادينق بلون خشبي للباب السور و ابواب الحوش و السطح.
• ⁠ابواب خشب عالية الجودة من تصنيع و تركيب شركة سوليد وود 
• ⁠درابزين عالي الجوده من تصنيع و تنفيذ شركة البيطار.
•أعمال السباكه و الكهرباء  من تنفيذ مؤسسة السعدون
• شهادة اشراف من مكتب هندسي معروف. 
•  حديد شركة سابك
- مظلة ديكور ممكن تحويلها الى بلكونه مجاورة لغرفة الماستر
•كراج سياره
خزان ارضي ١٦ الف لتر وعلوي ٢٠٠٠ لتر.",26.384386,50.169863,https://images.aqar.fm/webp/750x0/props/006626544_1780300968614.jpg,25.0,عبدالعزيز مبارك عبدالرحمن الدغيمي,,,2026-06-01,2026-09-25,2026-09-25,1584,2026-09-27,True,"2,000,000",False,فيلا
6881626,https://sa.aqar.fm/فلل-للبيع/الظهران/حي-القشلة/شارع-28ب-حي-الراكة-الشمالية-مدينة-الدمام-المنطقة-الشرقية-6881626,"فيلا للبيع في شارع 28ب, حي الراكة الشمالية, مدينة الدمام, المنطقة الشرقية",800000,219,5,0.0,0.0,0,حي القشلة,الظهران,حي القشلة,"� للبيع فيلا سكنية – الخبر | حي الراكة الشمالية

📐 مساحة الوحدة: 153. م²

تفاصيل الفيلا :
• مجلس
• صالة 
• 4 غرف نوم
• مطبخان
• غرفة خادمة
• درج
• سطح بمساحة 59.16 م²",26.37363,50.183723,https://images.aqar.fm/webp/750x0/props/033839752_1789799234608.jpg,7.0,نوره المطيري,,,2026-09-19,2026-09-19,2026-09-24,228,2026-09-27,True,"800,000",False,فيلا
6876998,https://sa.aqar.fm/فلل-للبيع/الظهران/حي-الدوحة-الشمالية/شارع-فارس-حي-الدوحة-الشمالية-مدينة-الظهران-المنطقة-الشرقية-6876998,"فيلا للبيع في شارع فارس, حي الدوحة الشمالية, مدينة الظهران, المنطقة الشرقية",1550000,600,5,0.0,0.0,11,حي الدوحة الشمالية,الظهران,حي الدوحة الشمالية,"البيع فله هدم
المساحه 600 متر
20/30 
الدوحه الشماليه
موقع ممتاز قريب من جميع الخدمات
مدارس
حديقه
اسواق
المقترح 
دبلكسيين
دور دور
فله",26.336156,50.16312,https://images.aqar.fm/webp/750x0/props/002803731_1789532073293.jpg,2.0,صالح عبدالله صالح الشمري,,,2026-09-16,2026-09-16,2026-09-18,517,2026-09-27,True,"1,550,000",False,فيلا
6861265,https://sa.aqar.fm/فلل-للبيع/الظهران/حي-القشلة/حي-الحسام-مدينة-الدمام-المنطقة-الشرقية-6861265,"فيلا للبيع في حي الحسام, مدينة الدمام, المنطقة الشرقية",4100000,700,6,,,4,حي القشلة,الظهران,حي القشلة,"✨للبيع فيلا و3 شقق راقية بحي الحسام - زاوية ✅

🟢 ((بناء شخصي)) 
• المساحة: 700 م

|| الفيلا تتكون من:
مجلس رجال مع دورة المياه والمغاسل 
مقلط
صالتين 
مجلس نساء مع دورة المياه والمغاسل
مطبخ
مستودع
كراج

الدور الأول:
غرفة النوم الرئيسة ""ماستر"" 

الجناح الأول: غرفتين ماستر 

الجناح الثاني: 3 غرف +دورة مياه 

الدور الثاني: 
غرفة الخادمة +دورة مياه 
غرفة غسيل

📍[سطح خاص بالفيلا] 

•• توجد جلسة خارجية + دورة مياه ومغاسل ••

........................................................................ 
الثلاث شقق تتكون من: 
مدخلين
مجلس + دورة مياه 
صالة
غرفتين - وحدة ماستر
مطبخ

{الشقة العلوية معها جزء من السطح}


المميزات:
❄️ تكييف مركزي لكل غرفة
▪️ سخان مركزي 


📞 للتواصل:
((الرقم يظهر عند الضغط على اتصال))",26.387945,50.176213,https://images.aqar.fm/webp/750x0/props/001448321_1788729295291.jpg,4.0,مشاري الحربي,,,2026-09-06,2026-09-06,2026-09-25,450,2026-09-27,True,"4,100,000",False,فيلا
6738095,https://sa.aqar.fm/فلل-للبيع/الظهران/حي-ارامكو-السعودية/شارع15ج-حي-الظهران-مدينة-الظهران-المنطقة-الشرقية-6738095,"فيلا للبيع في شارع15ج, حي الظهران, مدينة الظهران, المنطقة الشرقية",1650000,350,7,0.0,0.0,4,حي ارامكو السعودية,الظهران,حي ارامكو السعودية,"🏡 دبلكس للبيع – حي أجيال أرامكو (الظهران)

📐 المساحة: 350 م²

🔹 الدور الأرضي:

* مجلس
* مقلط
* صالة واسعة
* مطبخ
* غرفة جلوس
* مستودع صغير

🔹 الدور الأول:

* 3 غرف نوم ماستر بدورات مياه خاصة

🔹 الملحق والخدمات:

* غرفة عاملة بدورة مياه
* منطقة غسيل
* مطبخ راكب (دواليب مطبخ)
* مكيفات راكبة
يوجد قراج 
وموقف ثلاث سيارات


✨ موقع مميز في حي أجيال أرامكو.

📞 للتواصل والاستفسار:
((الرقم يظهر عند الضغط على اتصال))",26.255058,50.069468,https://images.aqar.fm/webp/750x0/props/031766061_1782422553341.jpg,1.0,جواهر عبدالله,,,2026-06-18,2026-09-13,2026-09-23,1647,2026-09-27,True,"1,650,000",False,فيلا
6873041,https://sa.aqar.fm/فلل-للبيع/الظهران/حي-ارامكو-السعودية/شارع-الدمام-1061-حي-الظهران-مدينة-الظهران-المنطقة-الشرقية-6873041,"فيلا للبيع في شارع الدمام 1061, حي الظهران, مدينة الظهران, المنطقة الشرقية",3075000,601,8,0.0,0.0,5,حي ارامكو السعودية,الظهران,حي ارامكو السعودية,"فيلا فاخره للبيع 
حي اجيال 
مساحة ٦٠١ متر٢
موقعها قريب التميمي 
الفيلا فيها مسبح خارجي
تكييف كونسلت 
دولابين للمطبخين

وغرفه النوم الماستر  مفصل لها دولاب 

للتواصل 
((الرقم يظهر عند الضغط على اتصال))",26.264037,50.067709,https://images.aqar.fm/webp/750x0/props/031766063_1789329746566.jpg,2.0,جواهر عبدالله,,,2026-09-13,2026-09-13,2026-09-23,187,2026-09-27,True,"3,075,000",False,فيلا
6861987,https://sa.aqar.fm/فلل-للبيع/الظهران/حي-القصور/شارع-الافلاج-حي-القصور-مدينة-الظهران-المنطقة-الشرقية-6861987,"فيلا للبيع في شارع الافلاج, حي القصور, مدينة الظهران, المنطقة الشرقية",1800000,250,6,0.0,0.0,11,حي القصور,الظهران,حي القصور,"دبلوكس حي القصور بالقرب من ممشى القصور والخدمات سوبرماركت التميمي والمزرعه 
المساحه 250 متر شمالي 
شارع عرض 12 متر 
الدور الارضي / غرفة سائق حوش مجلس رجال مقلط دورة مياه للرجال صاله ودورة مياه تخدم الصاله مطبخ مفتوح الجميع تكييف مركزي ومطبخ اضافي ديرتي كيتشن 
الدور الاول / غرفة 1بدورة مياه 
غرفه رقم 2 / صاله / دورة مياه تخدم الصاله / غرفة رقم 3 ملابس مع غرفة ماستر بدورة مياه 
الدور الثاني / غرفتين ودورة مياه وصاله صغيره وسطح
المطلوب 1،800،000 ريال
المنزل مجدد بالكامل من دورات مياه وغرف
البيت مسكون لازم تنسيق لزياره والدفع كاش كامل او نص المبلغ",26.340284,50.15373,https://images.aqar.fm/webp/750x0/props/014403123_1788782233003.jpg,4.0,نادر بن سعيد بن رحيل العنزي,,,2026-09-07,2026-09-07,2026-09-26,855,2026-09-27,True,"1,800,000",False,فيلا
6743787,https://sa.aqar.fm/فلل-للبيع/الظهران/حي-ارامكو-السعودية/شارع10ب-حي-الظهران-مدينة-الظهران-المنطقة-الشرقية-6743787,"فيلا للبيع في شارع10ب, حي الظهران, مدينة الظهران, المنطقة الشرقية",2200000,447,7,0.0,0.0,4,حي ارامكو السعودية,الظهران,حي ارامكو السعودية,"فيلا للبيع
مساحة 447متر2
مجلس مقلط 
صالة مطبخ 
غرفه جلوس 
ومستودع صغير
الدور الاول
٤ غرف نوم ماستر بالاضافه غرفه غسيل
والدور العلوي
غرفه عامله 
الفيلا فيها مكيفات السبلت
ودولاب مطبخ داخلي
وقراج ومضله لسيارتين",26.260841,50.069444,https://images.aqar.fm/webp/750x0/props/031766061_1782155692718.jpg,5.0,جواهر عبدالله,,,2026-06-22,2026-09-18,2026-09-23,1607,2026-09-27,True,"2,200,000",False,فيلا
6842688,https://sa.aqar.fm/فلل-للبيع/الظهران/حي-القصور/شارع-11ب-حي-القصور-مدينة-الظهران-المنطقة-الشرقية-6842688,"فيلا للبيع في شارع 11ب, حي القصور, مدينة الظهران, المنطقة الشرقية",2780000,443,6,0.0,0.0,11,حي القصور,الظهران,حي القصور,"فيلا راقية مجددة بالكامل بحي القصور – مطلة مباشرة على ممشى تلال الظهران

إذا كنت تبحث عن فيلا مميزة تجمع بين الموقع الفريد و التصميم العملي الفاخر، فهذا الخيار المناسب لك:

المساحات الداخلية: تصميم مفتوح وذكي يستغل كامل المساحة، درج صالة وصالة طعام مفتوحة على العائلة لجو أكثر رحابة.

الخارج: حوش واسع + كراج يتسع لسيارتين.

الدور الأرضي:
 • مجلس رجال مستقل
 • مجلس نساء مستقل
 • صالة عائلية
 • صالة طعام مفتوحة
 • مطبخ داخلي + مطبخ خارجي
 • غرفة سائق وغرفة خادمة (مع مكيفات سبليت)
 • دورتين مياه

الدور الأول:
 • 4 غرف ماستر واسعة بتكييف مركزي
 • صالة عائلية

الدور الثاني:
 • صالة كبيرة متعددة الاستخدامات (تكييف سبيلت)
 • دورة مياه

مميزات إضافية:
 • الفيلا مجددة بالكامل
 • جميع التكييف مركزي (باستثناء المطابخ)
 • مطبخ راكب جديد بأجهزته الكهربائية (٨ أجهزة جديدة لم تُستخدم)

📍 الموقع: حي القصور – إطلالة مباشرة على ممشى تلال الظهران",26.342968,50.15421,https://images.aqar.fm/webp/750x0/props/018440755_1787749878390.jpg,1.0,محمد فردان ثابت القحطاني,,,2026-08-26,2026-09-24,2026-09-24,997,2026-09-27,True,"2,780,000",False,فيلا
6695195,https://sa.aqar.fm/فلل-للبيع/الظهران/حي-القصور/شارع-تيماء-حي-القصور-مدينة-الظهران-المنطقة-الشرقية-6695195,"فيلا للبيع في شارع تيماء, حي القصور, مدينة الظهران, المنطقة الشرقية",2600000,319,5,0.0,0.0,0,حي القصور,الظهران,حي القصور,"✨ فيلا (دار التلال )
فلل فاخرة بتفاصيل صُممت للراحة والفخامة ✨🏡

تبدأ تفاصيل الفخامة من مدخل أنيق مع 🚘 قراج خاص للسيارة، وتصميم داخلي واسع يمنحك راحة ومساحات معيشية مثالية للعائلة.

📍 الدور الأرضي:
🛋️ مجلس واسع + مقلط
🚻 دورة مياه تخدم المجلس والمقلط
🍽️ صالة واسعة بمنطقة طعام أنيقة
🚻 دورة مياه تخدم الصالة
🛗 مصعد مؤسس لراحة أكبر
🍴 مطبخ واسع بتصميم عملي
🧹 غرفة خادمة بحمام خاص
🌿 جلسة خارجية هادئة ومميزة

📍 الدور الثاني:
🛏️ 3 غرف نوم ماستر
✨ بمساحات واسعة وتصاميم تمنح الخصوصية والراحة لكل فرد من العائلة

📍 الدور الثالث:
🛋️ صالة عائلية مريحة
🌤️ جلسة خارجية على السطح بأجواء راقية
🛏️ غرفة ضيوف بدورة مياه خاصة
🧺 غرفة غسيل
📦 غرفة تخزين

📐 الفلل تمتاز بمساحات واسعة وشرحـة جدًا
📍 موقع ممتاز قريب من أهم الخدمات والمرافق
✨ تصميم عصري يجمع بين الفخامة والعملية في كل تفصيل",26.346032,50.147077,https://images.aqar.fm/webp/750x0/props/048649970_1778665487105.jpg,30.0,دلال سعد,شركة دار الإعمار للتطوير العقاري ,1.0,2026-05-13,2026-09-06,2026-09-11,1806,2026-09-27,True,"2,600,000",False,فيلا
6578949,https://sa.aqar.fm/فلل-للبيع/الظهران/حي-ارامكو-السعودية/شارع19أ-حي-أجيال-الظهران-الدمام-6578949,"فيلا للبيع في شارع 2603018, حي الظهران, مدينة الظهران, المنطقة الشرقية",3950000,621,5,5.0,3.0,3,حي ارامكو السعودية,الظهران,حي ارامكو السعودية,"فيلا نوع 600 مساحتها 621 م
على ثلاث شوارع, واجهة الحوش شرقية

مضاف لها غرفة سائق مع دورة المياه
الفيلا مكيفة بالكامل سبليت

5 غرف نوم بدورات مياه لكل غرفة
مجلس ومقلط
صالتين عائلية كبيره في كل دور صاله
صالة اضافية في الدور الارضي

مستودعين, غرفة غسيل, غرفة جيم, غرفة عاملة منزلية بدورة المياه, كراج داخلي لسيارتين بالاضافة الى 3 مواقف امام المنزل",26.260973,50.065439,https://images.aqar.fm/webp/750x0/props/050442559_1770408817720.jpg,7.0,حسن بن ضيف  الله بن لافي المالكي,,,2026-02-06,2026-02-07,2026-09-08,2517,2026-09-27,True,"3,950,000",False,فيلا
6788035,https://sa.aqar.fm/فلل-للبيع/الظهران/حي-الدوحة-الجنوبية/شارع-ابو-عبيده-عامر-بن-الجراح-حي-الدوحة-الجنوبية-الظهران-الدمام-6788035,"فيلا للبيع في شارع ابو عبيده عامر بن الجراح, حي الدوحة الجنوبية, مدينة الظهران, المنطقة الشرقية",2200000,600,5,5.0,1.0,11,حي الدوحة الجنوبية,الظهران,حي الدوحة الجنوبية,"فرصة استثمارية مميزة 
حي أرامكو راقي وشارع حيوي ٣٠ متر مدخل الدوحة الجنوبية من جهة سوق أبيات والظهران مول.
مؤجرة 117 الف ريال سنوي .
بناء قوي ومصان جيدا 
تكييف وحدتين مركزية و سبليت .
ممتاز كإستثمار وسكن لتوفر كافة الخدمات والنشاطات التجارية المتنوعة .

من المالك مباشرة",26.31917264044335,50.163615468651216,https://images.aqar.fm/webp/750x0/props/004752426_1784863535919.jpg,1.0,سعيد ناصر,,,2026-07-24,2026-07-24,2026-08-25,1844,2026-09-27,True,"2,200,000",False,فيلا
6695154,https://sa.aqar.fm/فلل-للبيع/الظهران/حي-القصور/شارع-تيماء-حي-القصور-مدينة-الظهران-المنطقة-الشرقية-6695154,"فيلا للبيع في شارع تيماء, حي القصور, مدينة الظهران, المنطقة الشرقية",2600000,319,5,0.0,0.0,0,حي القصور,الظهران,حي القصور,"✨ فيلا (دار التلال) فاخرة بتفاصيل صُممت للراحة والفخامة ✨🏡

تبدأ تفاصيل الفخامة من مدخل أنيق مع 🚘 قراج خاص للسيارة، وتصميم داخلي واسع يمنحك راحة ومساحات معيشية مثالية للعائلة.

📍 الدور الأرضي:
🛋️ مجلس واسع + مقلط
🚻 دورة مياه تخدم المجلس والمقلط
🍽️ صالة واسعة بمنطقة طعام أنيقة
🚻 دورة مياه تخدم الصالة
🛗 مصعد مؤسس لراحة أكبر
🍴 مطبخ واسع بتصميم عملي
🧹 غرفة خادمة بحمام خاص
🌿 جلسة خارجية هادئة ومميزة

📍 الدور الثاني:
🛏️ 3 غرف نوم ماستر
✨ بمساحات واسعة وتصاميم تمنح الخصوصية والراحة لكل فرد من العائلة

📍 الدور الثالث:
🛋️ صالة عائلية مريحة
🌤️ جلسة خارجية على السطح بأجواء راقية
🛏️ غرفة ضيوف بدورة مياه خاصة
🧺 غرفة غسيل
📦 غرفة تخزين

📐 الفلل تمتاز بمساحات واسعة وشرحـة جدًا
📍 موقع ممتاز قريب من أهم الخدمات والمرافق
✨ تصميم عصري يجمع بين الفخامة والعملية في كل تفصيل",26.346032,50.147077,https://images.aqar.fm/webp/750x0/props/048649977_1778663041027.jpg,30.0,دلال سعد,شركة دار الإعمار للتطوير العقاري ,1.0,2026-05-13,2026-09-06,2026-09-06,1727,2026-09-27,True,"2,600,000",False,فيلا
6778064,https://sa.aqar.fm/فلل-للبيع/الظهران/حي-القشلة/حي-الصفاء-مدينة-الدمام-المنطقة-الشرقية-6778064,"فيلا للبيع في حي الصفاء, مدينة الدمام, المنطقة الشرقية",900000,234,4,5.0,2.0,0,حي القشلة,الظهران,حي القشلة,"♟️ أعلآن رقم 2003♟️
📍الخبر حي الصفا الراكه📍 
     متبقي وحده  خلفية  
          دبلكس متصله
           مطبخ راكب 
       6 مكيفات اسبلت 
  🛣️ شارع 20 شرق 🌅
       مساحه 234
   ❕كراج حوش❕
   
   ⬅️الدور الاول
• مجلس رجال مع دورة مياه
• صاله دورة مياه  
• مطبخ راكب مقفول 
     ⬅️الدور الثاني
•1غرفه نوم  ماستر
2غرفه مع دورة مياه 
• صاله

           ⬅️الملحق
غرفة خادمه مع دورة مياه 
غرفة غسيل 
صاله مع دورة مياه وسطح 
جميع الضمانات كود سعودى 
تأمين شركة التعاونيه 
سعر الخلفيه 910 الف 💰",26.381247,50.185208,https://images.aqar.fm/webp/750x0/props/050274622_1784288331811.jpg,2.0,فيصل مرضي,شركة الصدفة للتطوير العقاري,1.0,2026-07-17,2026-09-13,2026-09-13,593,2026-09-27,True,"900,000",False,فيلا
6864690,https://sa.aqar.fm/فلل-للبيع/الظهران/حي-تهامة/حي-تهامة-مدينة-الدمام-المنطقة-الشرقية-6864690,"فيلا للبيع في حي تهامة, مدينة الدمام, المنطقة الشرقية",2800000,625,10,0.0,0.0,9,حي تهامة,الظهران,حي تهامة,"فيلا للبيع بحي تهامة الظهران | 625م² | 9 غرف نوم | سعر قابل للتفاوض

🏡 فيلا واسعة للبيع في حي تهامة – الظهران

فرصة مميزة لامتلاك فيلا بمساحة 625م² في حي تهامة بالظهران، تتميز بمساحات واسعة وتوزيع عملي على 3 أدوار، مما يجعلها مناسبة للعائلات الكبيرة ويوفر خصوصية ومساحات متعددة للمعيشة والضيافة.

🔹 تفاصيل العقار:

الدور الأرضي:
• مجلس رجال + دورة مياه
• مجلسان للنساء + دورة مياه
• صالة واسعة
• درج داخلي
• مطبخ خارجي
• غرفة سائق
• خيمة خارجية
• مغاسل خارجية + دورة مياه

الدور الأول:
• 5 غرف نوم بينهم :
• 3 غرف ماستر
• غرفتان نوم بينهما دورة مياه
• صالة

الدور الثاني:
• 4 غرف نوم
• دورتا مياه
• صالة
• سطح

⭐ مميزات العقار:
• مساحة الأرض: 625م²
• إجمالي غرف النوم: 9 غرف
• 3 غرف ماستر
• صالات متعددة
• مجالس مستقلة للرجال والنساء
• خيمة خارجية
• غرفة سائق
• سطح
• تقسيم عملي مناسب للعائلات الكبيرة
• عمر العقار: 9 سنوات

💰 السعر المطلوب: 2,800,000 ريال
🔸 قابل للتفاوض للجادين

📍 حي تهامة – الظهران

📞 للاستفسار وتحديد موعد للمعاينة، التواصل عبر المنصة.

✨ مساحة كبيرة | توزيع عملي | خصوصية للعائلة | موقع مميز.",26.351005,50.128509,https://images.aqar.fm/webp/750x0/props/054984746_1788886213961.jpg,14.0,هديل التميمى,,,2026-09-08,2026-09-08,2026-09-25,390,2026-09-27,True,"2,800,000",False,فيلا
6812319,https://sa.aqar.fm/فلل-للبيع/الظهران/حي-القشلة/حي-الصفاء-مدينة-الدمام-المنطقة-الشرقية-6812319,"فيلا للبيع في حي الصفاء, مدينة الدمام, المنطقة الشرقية",910000,234,4,5.0,2.0,0,حي القشلة,الظهران,حي القشلة,"♟️ أعلآن رقم 2003♟️
📍الخبر حي الصفا الراكه📍 
     متبقي وحده  خلفية  
          دبلكس متصله
           مطبخ راكب 
       6 مكيفات اسبلت 
  🛣️ شارع 20 شرق 🌅
       مساحه 234
   ❕كراج حوش❕
   
   ⬅️الدور الاول
• مجلس رجال مع دورة مياه
• صاله دورة مياه  
• مطبخ راكب مقفول 
     ⬅️الدور الثاني
•1غرفه نوم  ماستر
2غرفه مع دورة مياه 
• صاله

           ⬅️الملحق
غرفة خادمه مع دورة مياه 
غرفة غسيل 
صاله مع دورة مياه وسطح 
جميع الضمانات كود سعودى 
تأمين شركة التعاونيه 
سعر الخلفيه 910 الف 💰",26.381247,50.185208,https://images.aqar.fm/webp/750x0/props/054431759_1786265960694.jpg,2.0,فيصل مرضي,شركة الصدفة للتطوير العقاري,1.0,2026-08-09,2026-09-07,2026-09-21,279,2026-09-27,True,"910,000",False,فيلا
6778091,https://sa.aqar.fm/فلل-للبيع/الظهران/حي-القشلة/حي-الصفاء-مدينة-الدمام-المنطقة-الشرقية-6778091,"فيلا للبيع في حي الصفاء, مدينة الدمام, المنطقة الشرقية",900000,234,4,5.0,3.0,0,حي القشلة,الظهران,حي القشلة,"♟️ أعلآن رقم 2003♟️
📍الخبر حي الصفا الراكه📍 
     متبقي وحده  خلفية  
          دبلكس متصله
           مطبخ راكب 
       6 مكيفات اسبلت 
  🛣️ شارع 20 شرق 🌅
       مساحه 234
   ❕كراج حوش❕
   
   ⬅️الدور الاول
• مجلس رجال مع دورة مياه
• صاله دورة مياه  
• مطبخ راكب مقفول 
     ⬅️الدور الثاني
•1غرفه نوم  ماستر
2غرفه مع دورة مياه 
• صاله

           ⬅️الملحق
غرفة خادمه مع دورة مياه 
غرفة غسيل 
صاله مع دورة مياه وسطح 
جميع الضمانات كود سعودى 
تأمين شركة التعاونيه 
سعر الخلفيه 910 الف 💰",26.380335,50.183531,https://images.aqar.fm/webp/750x0/props/053998825_1784290010182.jpg,4.0,فيصل مرضي,شركة الصدفة للتطوير العقاري,1.0,2026-07-17,2026-09-13,2026-09-26,1121,2026-09-27,True,"900,000",False,فيلا
6853837,https://sa.aqar.fm/فلل-للبيع/الظهران/حي-القشلة/شارع-العناب-حي-الحسام-مدينة-الدمام-المنطقة-الشرقية-6853837,"فيلا للبيع في شارع العناب, حي الحسام, مدينة الدمام, المنطقة الشرقية",2800000,688,5,0.0,0.0,5,حي القشلة,الظهران,حي القشلة,"البناء ممتاز مع تصميم عائلي مريح 
الڤيلا متبقي على تشطيبها 30% تقريبا
السباكه والتمديدات الكهربائيه جاهزه تقريبا 60% 
النوافذ راكبه
تمديدات المكيفات موجوده
الأسقف جبس بورد
مساحه ممتازه امام الڤيلا
البناء شخصي
الأرضيات تقريبا متبقي 30%",26.387556,50.175604,https://images.aqar.fm/webp/750x0/props/026431274_1788340211701.jpg,8.0,أحمد عواد مشفي الدهام,,,2026-09-02,2026-09-02,2026-09-02,524,2026-09-27,True,"2,800,000",False,فيلا
6623344,https://sa.aqar.fm/فلل-للبيع/الظهران/حي-القشلة/شارع-يزيد-بن-حمزة-حي-الصفاء-مدينة-الدمام-المنطقة-الشرقية-6623344,"فيلا للبيع في شارع يزيد بن حمزة, حي الصفاء, مدينة الدمام, المنطقة الشرقية",850000,354,4,0.0,0.0,11,حي القشلة,الظهران,حي القشلة,"دبلكس متصل مساحتة ١٨٠م 
مساحة البناء ٣٥٤م
الشارع ١٥م شمال 
عمر العقار ١٤ سنة 

الدور الأرضي : مجلس + دورة مياه بمدخل خاص + صالة كبيره +مطبخ مفتوح على الصالة + دورة مياه 

الدور الأول صالة + ٣ غرف نوم + دورتين مياه

الملحق غرفة خادمة + دوره مياه + سطح

الإضافات مكيفات جري + مطبخ + مظله مواقف سيارات",26.383625,50.183948,https://images.aqar.fm/webp/750x0/props/051543997_1773342683306.jpg,8.0,ناصر بن ابراهيم بن ناصر العيسى,,,2026-03-12,2026-09-03,2026-09-03,6366,2026-09-27,True,"850,000",False,فيلا
6788082,https://sa.aqar.fm/فلل-للبيع/الظهران/حي-الدوحة-الجنوبية/شارع-جعفر-الطيار-حي-الدوحة-الجنوبية-مدينة-الظهران-المنطقة-الشرقية-6788082,"فيلا للبيع في شارع جعفر الطيار, حي الدوحة الجنوبية, مدينة الظهران, المنطقة الشرقية",2250000,404,5,0.0,0.0,0,حي الدوحة الجنوبية,الظهران,حي الدوحة الجنوبية,"*للبيع فلل منفصله بموقع مميز بالدوحه الجنوبيه*

☆المساحة: ٤٠٤ م
☆الاتجاه: شرق
☆الشارع: ٢٠ م
☆ مسطح البناء: ٥٧٦ م

✨ *مميزات الفلل*✨
▪︎ البناء ( شخصي )على الكود السعودي بإستخدام أفضل المواد
▪︎ قواعد شريطيه كبيره - طابوق المنارتين - اسلاك وكيابل الرياض - الكهربا بضمانات تصل الى ٢٥ سنه - السباكه حراري ضمان ١٥ سنه
▪︎ عازل للسطح حراري ومائي بمواد امريكيه ضمان ١٠ سنوات
▪︎ تأمين على المبنى ١٠ سنوات من شركة ملاذ
▪︎مساحات واسعه بتصميم عصري
▪︎ تأسيس مصعد
▪︎ تكييف كونسلت في صالة الدور الارضي
▪︎النوافذ كبيره وكاتمه للصوت ومضاده للكسر
▪︎ ضمانات على أغلب التركيبات تصل إلى25سنه
▪︎المواد الصحيه معلقه والخلاطات ماركة جروهي
▪︎ تنفيذ ابهار للتطوير العقاري مقاول مصنف من البلديه ومعتمد من وزارة الاسكان

*الدور الأرضي*:

حوش/ كراج/ مجلس رجال /مغاسل/ دورة مياه/ غرفة طعام/  صاله واسعه /  تأسيس مصعد/ دورة مياه/ مطبخ/ غرفة خامة / غرفة غسيل / دورة مياه 

*الدور الأول*:
غرفة نوم رئيسيه مع غرفة ملابس ودورة مياه /   صاله  / غرفة نوم ماستر اخرى / غرفتين نوم بينهم دورة مياه

*الملحق*:
غرفة نوم / دورة مياة 

*السعر* :
2.300.000

*الموقع*

https://maps.google.com/?q=26.332413,50.156136",26.332394,50.15592,https://images.aqar.fm/webp/750x0/props/010426835_1787419047969.jpg,7.0,بندر العتيبى,مؤسسة ابهار للتطوير العقاري,1.0,2026-07-24,2026-09-20,2026-09-26,777,2026-09-27,True,"2,250,000",False,فيلا
6716110,https://sa.aqar.fm/فلل-للبيع/الظهران/حي-ارامكو-السعودية/شارع-المجمعة-حي-الظهران-مدينة-الظهران-المنطقة-الشرقية-6716110,"فيلا للبيع في شارع المجمعة, حي الظهران, مدينة الظهران, المنطقة الشرقية",4200000,671,6,0.0,0.0,3,حي ارامكو السعودية,الظهران,حي ارامكو السعودية,"فيلا فاخرة للبيع أو الإيجار – حي أجيال، الظهران

أرقى أحياء المنطقة الشرقية
 
المساحة: 671 م² على 3 شوارع وحديقة
بالقرب من شركة أرامكو السعودية والطرق الرئيسية والمراكز التجارية

المواصفات:
- 4 غرف نوم (جناح ماستر فاخر + 3 أجنحة ماستر إضافية)
- 8 دورات مياه
- مجلسان + صالة طعام + صالة عائلية
- مطبخ ومكيفات راكب + غرفة خادمة + غسيل + مستودع
- جلسات شواء خارجية + ركن قهوة
- بركة سباحة 8×4 + منطقة شواء خاصة
- ديوانية خارجية (12×5) مع مطبخ ودورة مياه
- مواقف سيارات: 2 داخلي + 10 خارجي
 
السوم : 3 مليون 800 الف 

💰 السعر للبيع: 4 مليون و 200 الف
 
📌 قابل للتفاوض مع الجادين


الموقع : 

https://maps.app.goo.gl/aYy2WQ9HvvP8mtcQ6?g_st=ic",26.262489,50.072052,https://images.aqar.fm/webp/750x0/props/015942085_1780408426274.jpg,8.0,عادل بن عبدالرحمن بن احمد آل سعيد,مؤسسة عادل بن عبدالرحمن بن احمد آل سعيد للعقارات,1.0,2026-06-02,2026-06-02,2026-09-25,1910,2026-09-27,True,"4,200,000",False,فيلا
6481651,https://sa.aqar.fm/فلل-للبيع/الظهران/حي-الدوحة-الجنوبية/شارع-اوس-بن-المنذر-حي-الدوحة-الجنوبية-مدينة-الظهران-المنطقة-الشرقية-6481651,"فيلا للبيع في شارع اوس بن المنذر, حي الدوحة الجنوبية, مدينة الظهران, المنطقة الشرقية",2300000,390,5,5.0,2.0,0,حي الدوحة الجنوبية,الظهران,حي الدوحة الجنوبية,"*للبيع فلل منفصله بموقع مميز بالدوحه الجنوبيه*

☆المساحة: ٣٩٠ م
☆الاتجاه: شرقيه 
☆الشارع: ٢٠ م 
☆ مسطح البناء: ٥٨٣ م

✨ *مميزات الفلل*✨
▪︎ البناء ( شخصي )على الكود السعودي بإستخدام أفضل المواد
▪︎ قواعد شريطيه كبيره - طابوق المنارتين - اسلاك وكيابل الرياض - الكهربا بضمانات تصل الى ٢٥ سنه - السباكه حراري ضمان ١٥ سنه
▪︎ عازل للسطح حراري ومائي بمواد امريكيه ضمان ١٠ سنوات
▪︎ تأمين على المبنى ١٠ سنوات من شركة ملاذ
▪︎مساحات واسعه بتصميم عصري
▪︎ تأسيس مصعد
▪︎ تكييف كونسلت في صالة الدور الارضي
▪︎النوافذ كبيره وكاتمه للصوت ومضاده للكسر
▪︎ ضمانات على أغلب التركيبات تصل إلى25سنه
▪︎المواد الصحيه معلقه والخلاطات ماركة جروهي
▪︎ تنفيذ ابهار للتطوير العقاري مقاول مصنف من البلديه ومعتمد من وزارة الاسكان

*الدور الأرضي*:

حوش/ كراج/ مجلس رجال /مغاسل/ دورة مياه/ غرفة طعام/  صاله واسعه /  تأسيس مصعد/ دورة مياه/ مطبخ

*الدور الأول*:
غرفة نوم رئيسيه مع غرفة ملابس ودورة مياه /   صاله  / غرفة نوم ماستر اخرى / غرفتين نوم بينهم دورة مياه

*الملحق*:
غرفة نوم / غرفة خامة / غرفة غسيل / دورة مياه 

*السعر* :
2 مليون 300",26.326092,50.170683,https://images.aqar.fm/webp/750x0/props/003411610_1789641433806.jpg,21.0,هيا الغامدي,مؤسسة ركن النجاح للعقارات,1.0,2025-11-26,2026-01-26,2026-09-26,2359,2026-09-27,True,"2,300,000",False,فيلا
6623309,https://sa.aqar.fm/فلل-للبيع/الظهران/حي-الدوحة-الشمالية/شارع-بن-النفيس-حي-الدوحة-الشمالية-مدينة-الظهران-المنطقة-الشرقية-6623309,"فيلا للبيع في شارع بن النفيس, حي الدوحة الشمالية, مدينة الظهران, المنطقة الشرقية",1600000,595,9,,,11,حي الدوحة الشمالية,الظهران,حي الدوحة الشمالية,"💻 `معروض للبيع فيلا زاوية في  الدوحة الشمالية الظهران البيع بسعر الأرض بالقرب لي ممشى تلال الظهران` 👇
➖ مساحة 595م 
➖ شارع جنوب و شرق 
➖ العمر ٣٥ سنة 

🛑 *تفاصيل الفيلا:*

🛡️ `الدور الارضي👇` 
مجلس + مقلط +صالة+ 3 غرف نوم + 3دورات مياه +مطبخ +مخزن 

🛡️ `الدور الاول`
2 غرف نوم + صالة +دورة مياه + سطح كبير 

🛡️ `الدور الثالث`
سطح 

🌎 بالقرب لي المدارس 
🌎 بالقرب المسجد 
🌎 الموقع مميز جدا 

💰مطلوب ٢ مليون تفاوض 
🌎 land location 👇
https://maps.app.goo.gl/gM5boQtD9uUw7HBP7",26.338016,50.162849,https://images.aqar.fm/webp/750x0/props/000577098_1773341476883.jpg,8.0,بدريه القحطاني,مؤسسة مكتب الإتجاه الجديد للعقار,1.0,2026-03-12,2026-09-03,2026-09-03,3947,2026-09-27,True,"1,600,000",False,فيلا
6710476,https://sa.aqar.fm/فلل-للبيع/الظهران/حي-القصور/شارع-تيماء-حي-القصور-مدينة-الظهران-المنطقة-الشرقية-6710476,"فيلا للبيع في شارع تيماء, حي القصور, مدينة الظهران, المنطقة الشرقية",2600000,319,5,0.0,0.0,0,حي القصور,الظهران,حي القصور,"🏡 دار التلال  مساحه320 – 
الدور الأرضي

🔹 مدخل سيارة (قراج) مع حوش 🚗🌿
🔹 مجلس + مقلط + حمام خدمة 🛋️🍽️🚻
🔹 صالة واسعة مع منطقة طعام + حمام خدمة 🛋️🍴🚻
🔹 تأسيس مصعد 🛗
🔹 مطبخ 🍳
🔹 غرفة خادمة مع حمام خاص 🧹🚿

🏡 الدور الثاني

🔹 3 غرف نوم ماستر (كل غرفة بحمام خاص) 🛏️🛁✨

🏡 الدور الثالث (الأخير)

🔹 صالة 🛋️
🔹 غرفة نوم مع حمام خدمة خارجي 🛏️🚻
🔹 غرفة مخزن 📦
🔹 غرفة غسيل 🧺
🔹 سطح 🌤️

✨ تصميم متكامل يوفر الراحة والخصوصية بمساحات عملية واسعه",26.346032,50.147077,https://images.aqar.fm/webp/750x0/props/048649970_1779707071440.jpg,30.0,دلال سعد,شركة دار الإعمار للتطوير العقاري ,1.0,2026-05-25,2026-09-18,2026-09-18,1501,2026-09-27,True,"2,600,000",False,فيلا
6720790,https://sa.aqar.fm/فلل-للبيع/الظهران/حي-القصور/شارع-القنفدة-حي-القصور-مدينة-الظهران-المنطقة-الشرقية-6720790,"فيلا للبيع في شارع القنفدة, حي القصور, مدينة الظهران, المنطقة الشرقية",1600000,250,7,7.0,2.0,11,حي القصور,الظهران,حي القصور,"دوبلكس للبيع – حي القصور | الظهران

الموقع: حي القصور – الظهران

نوع العقار: دوبلكس مشترك

عمر العقار: 15 سنة

الواجهة: شمالية على شارع عرض 12 متر

المساحة التقريبية: 250 م²

السعر: 1,600,000 ريال قابل للتفاوض في حدود المعقول

تفاصيل العقار

الدور الأرضي:

خيمة مصغرة بالحوش
مدخل رئيسي للمجلس
مدخل جانبي للصالة
مجلس رجال
دورة مياه للمجلس
مقلط
صالة واسعة (تقريباً 7.5 × 8 م)
درج وسط الصالة
دورة مياه للصالة
مطبخ داخلي مع بوفيه
مطبخ إضافي
جميع المطابخ راكبة ومجهزة
مستودع خارجي أرضي متصل بالمطبخ
مستودع علوي فوق المستودع الأرضي

الدور الأول:

صالة كبيرة
غرفة نوم إضافية (جبس بورد قابلة للإزالة)
غرفتا نوم ماستر
غرفتا نوم بدورة مياه مشتركة

الدور الثاني:

غرفة عاملة
دورة مياه خدمة
غرفة كبيرة
صالة رياضية (جيم) بمساحة تقريبية 7 × 7.5 م
غرفة سطح خارجية 4 × 7 م
مستودع إضافي تقريباً 2.5 × 7 م
غرفة خزان

مميزات إضافية:

جميع المكيفات سبليت
المكيفات تحت الضمان
نظام صفاية للتبريد وتنقية المياه
استغلال ممتاز للمساحات
موقع مميز في حي القصور

للاستفسار والمعاينة:

أبو صالح | همم الشرق العقارية
0508007944
رخصة فال: 1200029011",26.341352,50.155659,https://images.aqar.fm/webp/750x0/props/033364579_1780732665310.jpg,3.0,رياض محمد شوعي مكوعي,شركة همم الشرق العقارية ,1.0,2026-06-06,2026-09-01,2026-09-27,1808,2026-09-27,True,"1,600,000",False,فيلا
6696856,https://sa.aqar.fm/فلل-للبيع/الظهران/حي-القصور/شارع-تيماء-حي-القصور-مدينة-الظهران-المنطقة-الشرقية-6696856,"فيلا للبيع في شارع تيماء, حي القصور, مدينة الظهران, المنطقة الشرقية",2600000,319,5,0.0,0.0,0,حي القصور,الظهران,حي القصور,"🏡 دار التلال 
– الدور الأرضي
🔹 مدخل سيارة (قراج) مع حوش 🚗🌿
🔹 مجلس + مقلط + حمام خدمة 🛋️🍽️🚻
🔹 صالة واسعة مع منطقة طعام + حمام خدمة 🛋️🍴🚻
🔹 تأسيس مصعد 🛗
🔹 مطبخ 🍳
🔹 غرفة خادمة مع حمام خاص 🧹🚿

🏡 الدور الثاني

🔹 3 غرف نوم ماستر (كل غرفة بحمام خاص) 🛏️🛁✨

🏡 الدور الثالث (الأخير)

🔹 صالة 🛋️
🔹 غرفة نوم مع حمام خدمة خارجي 🛏️🚻
🔹 غرفة مخزن 📦
🔹 غرفة غسيل 🧺
🔹 سطح 🌤️

✨ تصميم متكامل يوفر الراحة والخصوصية بمساحات عملية واسعه",26.346032,50.147077,https://images.aqar.fm/webp/750x0/props/048649979_1778753869497.jpg,30.0,دلال سعد,شركة دار الإعمار للتطوير العقاري ,1.0,2026-05-14,2026-09-07,2026-09-07,1757,2026-09-27,True,"2,600,000",False,فيلا
6788084,https://sa.aqar.fm/فلل-للبيع/الظهران/حي-الدوحة-الجنوبية/شارع-اوس-بن-المنذر-حي-الدوحة-الجنوبية-مدينة-الظهران-المنطقة-الشرقية-6788084,"فيلا للبيع في شارع اوس بن المنذر, حي الدوحة الجنوبية, مدينة الظهران, المنطقة الشرقية",2200000,390,5,0.0,0.0,0,حي الدوحة الجنوبية,الظهران,حي الدوحة الجنوبية,"*للبيع فلل منفصله بموقع مميز بالدوحه الجنوبيه*

☆المساحة: ٣٩٠ م
☆الاتجاه: شرقيه 
☆الشارع: ٢٠ م 
☆ مسطح البناء: ٥٨٣ م

✨ *مميزات الفلل*✨
▪︎ البناء ( شخصي )على الكود السعودي بإستخدام أفضل المواد
▪︎ قواعد شريطيه كبيره - طابوق المنارتين - اسلاك وكيابل الرياض - الكهربا بضمانات تصل الى ٢٥ سنه - السباكه حراري ضمان ١٥ سنه
▪︎ عازل للسطح حراري ومائي بمواد امريكيه ضمان ١٠ سنوات
▪︎ تأمين على المبنى ١٠ سنوات من شركة ملاذ
▪︎مساحات واسعه بتصميم عصري
▪︎ تأسيس مصعد
▪︎ تكييف كونسلت في صالة الدور الارضي
▪︎النوافذ كبيره وكاتمه للصوت ومضاده للكسر
▪︎ ضمانات على أغلب التركيبات تصل إلى25سنه
▪︎المواد الصحيه معلقه والخلاطات ماركة جروهي
▪︎ تنفيذ ابهار للتطوير العقاري مقاول مصنف من البلديه ومعتمد من وزارة الاسكان

*الدور الأرضي*:
حوش/ كراج/ مجلس رجال /مغاسل/ دورة مياه/ غرفة طعام/  صاله واسعه /  تأسيس مصعد/ دورة مياه/ مطبخ
*الدور الأول*:
غرفة نوم رئيسيه مع غرفة ملابس ودورة مياه /   صاله  / غرفة نوم ماستر اخرى / غرفتين نوم بينهم دورة مياه

*الملحق*:
غرفة نوم / غرفة خامة / غرفة غسيل / دورة مياه 
*السعر* :
2.300.000

*الموقع*
https://maps.app.goo.gl/MMxbNY3MNPi2J2Rw9?g_st=iw",26.326092,50.170683,https://images.aqar.fm/webp/750x0/props/010426837_1784879729121.jpg,1.0,بندر العتيبى,مؤسسة ابهار للتطوير العقاري,1.0,2026-07-24,2026-09-20,2026-09-26,528,2026-09-27,True,"2,200,000",False,فيلا
6534160,https://sa.aqar.fm/فلل-للبيع/الظهران/حي-القشلة/حي-الصفاء-مدينة-الدمام-المنطقة-الشرقية-6534160,"فيلا للبيع في حي الصفاء, مدينة الدمام, المنطقة الشرقية",920000,232,5,5.0,4.0,0,حي القشلة,الظهران,حي القشلة,,26.3804,50.183481,https://images.aqar.fm/webp/750x0/props/044198116_1767602035571.jpg,1.0,سعد العتيبي,مؤسسة الحلم المستهدف للمقاولات المعمارية العامة,1.0,2026-01-05,2026-09-18,2026-09-24,873,2026-09-27,True,"920,000",False,فيلا
6604255,https://sa.aqar.fm/فلل-للبيع/الظهران/حي-ارامكو-السعودية/شارع-شارع-8-حي-الظهران-مدينة-الظهران-المنطقة-الشرقية-6604255,"فيلا للبيع في شارع شارع 8 , حي الظهران, مدينة الظهران, المنطقة الشرقية",3250000,594,5,5.0,0.0,0,حي ارامكو السعودية,الظهران,حي ارامكو السعودية,"بناء جاهز من ارامكو 
حي اجيال الصور نموذج بدون اثاث 
مساحة 595م
البيت على شارعين✅
رئيسي شارع شرقي عرض 18 و شارع خدمة من الخلف✅
بدون اي تعديل
ولم يسكن ابدا جديد✅
بداية الحي✅
سهل الدخول و الخروج✅
قريب من المجمع الجديد و المناطق التجارية
٤ غرف ماستر بالحمامات 
 (الدور الاول)
و غرفة ماستر بالحمام (الدور الارضي)

صالتين (الدور الارضي)
صالة (الدور الاول)
مجلس 
غرفة طعام
البيت مكيف كامل سبليت

قريبه من حديقة وجامع عبدالمحسن 
ومحلات التجارية

(((لا يشترط المشتري يكون موظف ارامكو)))

السعي والضريبة على المشتري) 
السعر 3مليون و450 الف",26.268153,50.069692,https://images.aqar.fm/webp/750x0/props/014701543_1780406422890.jpg,4.0,فارس عبدالرحمن,,,2026-02-24,2026-09-16,2026-09-25,1374,2026-09-27,True,"3,250,000",False,فيلا
6848829,https://sa.aqar.fm/فلل-للبيع/الظهران/حي-ارامكو-السعودية/شارع12أ-حي-الظهران-مدينة-الظهران-المنطقة-الشرقية-6848829,"فيلا للبيع في شارع12أ, حي الظهران, مدينة الظهران, المنطقة الشرقية",3000000,508,5,0.0,0.0,5,حي ارامكو السعودية,الظهران,حي ارامكو السعودية,"فيلا للبيع تقع في الشرقية الدمام، الظهران حي اجيال شارع ركانة بن عبد بن يزيد ، تتكون من 5 غرف فيلا مستقله 
1. واجهة العقار:غربية
2. عمر العقار:5سنوات
3. الخدمات:ماء كهرباء
4. عرض الشارع:25م
5. ⁠السعر:3مليون.",26.271384,50.067358,https://images.aqar.fm/webp/750x0/props/046116286_1788093874185.jpg,1.0,فهد بن عبدالله بن عبدالعزيز الحوشاني,,,2026-08-30,2026-08-30,2026-08-30,208,2026-09-27,True,"3,000,000",False,فيلا
6878601,https://sa.aqar.fm/فلل-للبيع/الظهران/حي-الدوحة-الشمالية/شارع-اوس-بن-ثابت-حي-الدوحة-الشمالية-مدينة-الظهران-المنطقة-الشرقية-6878601,"فيلا للبيع في شارع اوس بن ثابت, حي الدوحة الشمالية, مدينة الظهران, المنطقة الشرقية",2650000,750,6,,,11,حي الدوحة الشمالية,الظهران,حي الدوحة الشمالية,"فرصة مميزة لامتلاك فيلا في حي الدوحة الشمالية بمدينة الظهران، على شارع اوس بن ثابت.

تفاصيل العقار:
- المدينة: الظهران
- الحي: الدوحة الشمالية
- المساحة: 750 م²
- عدد الغرف: 6
- واجهة شمالية
- عرض الشارع: 30م
- عمر العقار: أكثر من عشر سنوات
- الخدمات: كهرباء، مياه، صرف صحي

السعر: 2,950,000 ريال
للتواصل: ((الرقم يظهر عند الضغط على اتصال))
رقم ترخيص الإعلان العقاري: 7100322611",26.339725,50.164344,https://images.aqar.fm/webp/750x0/props/044228042_1789664941403.jpg,9.0,اسامه أحمد محمد السحيباني,,,2026-09-16,2026-09-16,2026-09-22,286,2026-09-27,True,"2,650,000",False,فيلا
6843779,https://sa.aqar.fm/فلل-للبيع/الظهران/حي-القصور/حي-القصور-مدينة-الظهران-المنطقة-الشرقية-6843779,"فيلا للبيع في حي القصور, مدينة الظهران, المنطقة الشرقية",4400000,875,7,5.0,4.0,11,حي القصور,الظهران,حي القصور,$5f,26.349635,50.158605,https://images.aqar.fm/webp/750x0/props/017198096_1787781679422.jpg,9.0,اسماء محمد,,0.0,2026-08-26,2026-09-25,2026-09-25,903,2026-09-27,True,"4,400,000",False,فيلا
6874345,https://sa.aqar.fm/فلل-للبيع/الظهران/حي-الدوحة-الجنوبية/شارع-اوس-بن-المنذر-حي-الدوحة-الجنوبية-مدينة-الظهران-المنطقة-الشرقية-6874345,"فيلا للبيع في شارع اوس بن المنذر, حي الدوحة الجنوبية, مدينة الظهران, المنطقة الشرقية",2200000,390,6,0.0,0.0,0,حي الدوحة الجنوبية,الظهران,حي الدوحة الجنوبية,"*للبيع فلل منفصله بموقع مميز بالدوحه الجنوبيه*

☆المساحة: ٤٠٤ م
☆الاتجاه: شرق
☆الشارع: ٢٠ م
☆ مسطح البناء: ٥٧٦ م

✨ *مميزات الفلل*✨
▪︎ البناء ( شخصي )على الكود السعودي بإستخدام أفضل المواد
▪︎ قواعد شريطيه كبيره - طابوق المنارتين - اسلاك وكيابل الرياض - الكهربا بضمانات تصل الى ٢٥ سنه - السباكه حراري ضمان ١٥ سنه
▪︎ عازل للسطح حراري ومائي بمواد امريكيه ضمان ١٠ سنوات
▪︎ تأمين على المبنى ١٠ سنوات من شركة ملاذ
▪︎مساحات واسعه بتصميم عصري
▪︎ تأسيس مصعد
▪︎ تكييف كونسلت في صالة الدور الارضي
▪︎النوافذ كبيره وكاتمه للصوت ومضاده للكسر
▪︎ ضمانات على أغلب التركيبات تصل إلى25سنه
▪︎المواد الصحيه معلقه والخلاطات ماركة جروهي
▪︎ تنفيذ ابهار للتطوير العقاري مقاول مصنف من البلديه ومعتمد من وزارة الاسكان

*الدور الأرضي*:

حوش/ كراج/ مجلس رجال /مغاسل/ دورة مياه/ غرفة طعام/  صاله واسعه /  تأسيس مصعد/ دورة مياه/ مطبخ/ غرفة خامة / غرفة غسيل / دورة مياه 

*الدور الأول*:
غرفة نوم رئيسيه مع غرفة ملابس ودورة مياه /   صاله  / غرفة نوم ماستر اخرى / غرفتين نوم بينهم دورة مياه

*الملحق*:
غرفة نوم / دورة مياة 

*السعر* :2200000

*الموقع*

https://maps.google.com/?q=26.332413,50.156136",26.326092,50.170683,https://images.aqar.fm/webp/750x0/props/015575666_1789402888502.jpg,6.0,باسمه مطر جويعد العتيبي,,,2026-09-14,2026-09-14,2026-09-19,150,2026-09-27,True,"2,200,000",False,فيلا
6837862,https://sa.aqar.fm/فلل-للبيع/الظهران/حي-الدوحة-الجنوبية/شارع-جعفر-الطيار-حي-الدوحة-الجنوبية-مدينة-الظهران-المنطقة-الشرقية-6837862,"فيلا للبيع في شارع جعفر الطيار, حي الدوحة الجنوبية, مدينة الظهران, المنطقة الشرقية",2300000,404,5,0.0,0.0,0,حي الدوحة الجنوبية,الظهران,حي الدوحة الجنوبية,"*للبيع فلل منفصله بموقع مميز بالدوحه الجنوبيه*

☆المساحة: ٤٠٤ م
☆الاتجاه: شرق
☆الشارع: ٢٠ م
☆ مسطح البناء: ٥٧٦ م

*الدور الأرضي*
حوش/ كراج/ مجلس رجال /مغاسل/ دورة مياه/ غرفة طعام/  صاله واسعه /  تأسيس مصعد/ دورة مياه/ مطبخ/ غرفة خامة / غرفة غسيل / دورة مياه 

*الدور الأول*
غرفة نوم رئيسيه مع غرفة ملابس ودورة مياه /   صاله  / غرفة نوم ماستر اخرى / غرفتين نوم بينهم دورة مياه

*الملحق*
غرفة نوم / دورة مياة 

*السعر* :
2.300.000

للتواصل / ((الرقم يظهر عند الضغط على اتصال))",26.332394,50.15592,https://images.aqar.fm/webp/750x0/props/008313829_1787514551332.jpg,14.0,فلاح سلطان,,,2026-08-23,2026-09-22,2026-09-23,285,2026-09-27,True,"2,300,000",False,فيلا
6766466,https://sa.aqar.fm/فلل-للبيع/الظهران/حي-هجر/حي-هجر-مدينة-الدمام-المنطقة-الشرقية-6766466,"فيلا للبيع في حي هجر, مدينة الدمام, المنطقة الشرقية",2500000,469,5,7.0,2.0,11,حي هجر,الظهران,حي هجر,"✨ فرصة سكنية مميزة في موقع راقٍ ✨  
🏡 فيلا للبيع – الظهران | حي هجر

امتلك فيلا واسعة بتصميم عملي ومواصفات تلبي احتياجات العائلة، مجددة وجاهزة للسكن 🏠✨

📍 تفاصيل العقار:
📐 مساحة الأرض: 469م
🏗️ مسطح البناء: 600م تقريبًا  
🧭 الواجهة: غربية  
🛣️ شارع بعرض: 18م  
🏡 نوع العقار: فيلا سكنية  
🔹 عمر العقار: أكثر من 10 سنوات  
✨ مجددة وجاهزة للانتقال والسكن

⭐ مميزات الفيلا:
✔️ موقع مميز في حي هجر بالظهران  
✔️ واجهة حجر تضيف فخامة وجودة للمظهر الخارجي  
✔️ ارتدادات من الجهات الأربع تمنح خصوصية وراحة أكبر  
✔️ 3 مداخل مستقلة تعزز الخصوصية وسهولة الاستخدام  
✔️ موقف سيارة مستقل  
✔️ غرفة سائق مستقلة  
✔️ حوش خارجي واسع مناسب للجلسات العائلية  
✔️ مجلس خارجي مستقل للضيافة ومخدوم بدورة مياه  
✔️ مصعد يخدم جميع الأدوار  
✔️ مساحات واسعة وتوزيع عملي يناسب العائلات الكبيرة  

🏠 الدور الأرضي:
🔹 مجلس رجال  
🔹 مقلط  
🔹 مجلس نساء  
🔹 صالة عائلية  
🔹 مطبخ أساسي  
🔹 مطبخ إضافي  

🏠 الدور الأول:
🛏️ 5 غرف نوم  
⭐ غرفة نوم رئيسية ماستر  
🔹 صالة عائلية  

🏠 الدور الثاني (الملحق):
🔹 غرفة كبيرة متعددة الاستخدام  
🔹 غرفة عاملة  
🔹 غرفة غسيل  
🔹 حوش خارجي خاص  

💎 فيلا تجمع بين المساحات الرحبة، جودة البناء، الخصوصية، والموقع المناسب في الظهران، خيار مثالي لمن يبحث عن منزل عائلي جاهز للسكن.

📲 للمشترين والمهتمين، يسعدنا تواصلكم لمعرفة كامل التفاصيل 📞

وصول العقارية
((الرقم يظهر عند الضغط على اتصال))",26.362522,50.123318,https://images.aqar.fm/webp/750x0/props/024184211_1783588387594.jpg,16.0,عمر بن عادل بن عبدالله المطرودي,,,2026-07-09,2026-09-05,2026-09-25,1204,2026-09-27,True,"2,500,000",False,فيلا
6862806,https://sa.aqar.fm/فلل-للبيع/الظهران/حي-تهامة/شارع-المغيرة-بن-زياد-حي-تهامة-مدينة-الدمام-المنطقة-الشرقية-6862806,"فيلا للبيع في شارع المغيرة بن زياد, حي تهامة, مدينة الدمام, المنطقة الشرقية",1800000,500,7,4.0,2.0,11,حي تهامة,الظهران,حي تهامة,"🏡 فيلا للبيع – مساحة 500 م²
فيلا  مكونة من دورين + سطح + حوش وملحق خارجي، بتوزيع عملي ومساحات ممتازة.
الحوش:
• حوش واسع
• ملحق خارجي
• مطبخ خارجي
الدور الأول:
• مجلس
• مقلط
• غرفة
• صالة
• مطبخ
• عدد 2 حمام
الدور الثاني:
• صالة
• غرفة ماستر
• 4 غرف نوم
• عدد 2 حمام
السطح:
• غرفة خادمة
📐 مساحة الأرض: 500 م²
📲 للمزيد من المعلومات والصور، يرجى التواصل عبر الواتساب.",26.352701,50.132822,https://images.aqar.fm/webp/750x0/props/014277988_1788804233425.jpg,1.0,حسن خالد,شركة الخالدية الأولى المحدودة,1.0,2026-09-07,2026-09-07,2026-09-19,614,2026-09-27,True,"1,800,000",False,فيلا
6727501,https://sa.aqar.fm/فلل-للبيع/الظهران/حي-ارامكو-السعودية/شارع12ب-حي-الظهران-مدينة-الظهران-المنطقة-الشرقية-6727501,"فيلا للبيع في شارع12ب, حي الظهران, مدينة الظهران, المنطقة الشرقية",3200000,594,5,5.0,2.0,1,حي ارامكو السعودية,الظهران,حي ارامكو السعودية,"فيلا جاهزة للبيع – بدون أي تعديل – لم تُسكن أبداً

📍 الموقع:
بداية الحي – سهولة الدخول والخروج
قريبة من المجمع الجديد والمناطق التجارية

🏗 المواصفات:

بناء جاهز من أرامكو

تشطيب كامل ومكيفات مركبة

تصميم حديث (ستايل بيوت أجيال)

الفيلا على شارعين (شارع رئيسي + شارع خدمة من الخلف)

🛏 التقسيم الداخلي:

4 غرف ماستر بحمامات

3 غرف في الدور الأول

غرفة ماستر في الدور الأرضي

صالتان

صالة في الدور الأرضي

صالة في الدور الأول

مجلس مستقل

غرفة طعام

✨ مميزات إضافية:

لم تُسكن أبداً

جاهزة للسكن الفوري

موقع مميز وتشطيب راقٍ",26.267863,50.068112,https://images.aqar.fm/webp/750x0/props/044228047_1779893386780.jpg,26.0,اسامه أحمد محمد السحيباني,,,2026-06-10,2026-08-07,2026-09-26,995,2026-09-27,True,"3,200,000",False,فيلا
6725333,https://sa.aqar.fm/فلل-للبيع/الظهران/حي-القصور/شارع-القنفدة-حي-القصور-مدينة-الظهران-المنطقة-الشرقية-6725333,"فيلا للبيع في شارع القنفدة, حي القصور, مدينة الظهران, المنطقة الشرقية",1600000,250,7,,,11,حي القصور,الظهران,حي القصور,"دوبلكس للبيع – حي القصور | الظهران

الموقع: حي القصور – الظهران

نوع العقار: دوبلكس مشترك

عمر العقار: 15 سنة

الواجهة: شمالية على شارع عرض 12 متر

المساحة التقريبية: 250 م²

السعر: 1,600,000 ريال قابل للتفاوض في حدود المعقول

تفاصيل العقار

الدور الأرضي:

خيمة مصغرة بالحوش
مدخل رئيسي للمجلس
مدخل جانبي للصالة
مجلس رجال
دورة مياه للمجلس
مقلط
صالة واسعة (تقريباً 7.5 × 8 م)
درج وسط الصالة
دورة مياه للصالة
مطبخ داخلي مع بوفيه
مطبخ إضافي
جميع المطابخ راكبة ومجهزة
مستودع خارجي أرضي متصل بالمطبخ
مستودع علوي فوق المستودع الأرضي

الدور الأول:

صالة كبيرة
غرفة نوم إضافية (جبس بورد قابلة للإزالة)
غرفتا نوم ماستر
غرفتا نوم بدورة مياه مشتركة

الدور الثاني:

غرفة عاملة
دورة مياه خدمة
غرفة كبيرة
صالة رياضية (جيم) بمساحة تقريبية 7 × 7.5 م
غرفة سطح خارجية 4 × 7 م
مستودع إضافي تقريباً 2.5 × 7 م
غرفة خزان

مميزات إضافية:

جميع المكيفات سبليت
المكيفات تحت الضمان
نظام صفاية للتبريد وتنقية المياه
استغلال ممتاز للمساحات
موقع مميز في حي القصور

للاستفسار والمعاينة:

حامد الشرهان
0539902229
رقم رخصة الاعلان : 7100289586",26.341352,50.155659,https://images.aqar.fm/webp/750x0/props/049077408_1780996956856.jpg,2.0,حامد بن عبدالرزاق بن سعد الشرهان,,,2026-06-09,2026-09-04,2026-09-22,1260,2026-09-27,True,"1,600,000",False,فيلا
6599470,https://sa.aqar.fm/فلل-للبيع/الظهران/حي-الدوحة-الشمالية/شارع-شارع-الامير-احمد-حي-الدوحة-الشمالية-مدينة-الظهران-المنطقة-الشرقية-6599470,"فيلا للبيع في شارع شارع الامير احمد, حي الدوحة الشمالية, مدينة الظهران, المنطقة الشرقية",7500000,1106,6,5.0,2.0,11,حي الدوحة الشمالية,الظهران,حي الدوحة الشمالية,"فيلا للبيع بالظهران راس بلك علي 3 شوارع مساحتها 2162م 

🏠 المساحة الفان ومائه واثنين وستون مترا 

ديوانية ومجلس خارجيوغرفة طعام مع دورات المياة والمغاسل  مع حديقة وعدد 2 مسابح وشاورات مع مطبخ خارجي وركن للشواء 

الدور الأول :-  
١ - مجلس رجال وغرفة طعام للرجال وحمام ومغاسل.
٢ - صالة كبيرة وغرفة طعام وحمام مع المغاسل .
٣ - مجلس حريم بالحمام والمغاسل.
٤ - مطبخ كبير ومخزن .
٥ - مطبخ خارجي.


الدور الثاني :-
١ - صالة كبيرة ومطبخ وغرفتين وحمام .
٢ - غرفتين كل غرفه لحالها بحمام منفصل لحاله.
٣ - الغرفة الرئيسية غرفه نوم كبيرة + مكتب + حمام + خزانة ملابس

الدور الثالث :-
١ - عدد ٢ غرفه للخدمات بالحمام.
٢ - غرفه بالحمام.
٣ - غرفه غسيل.

العمر فوق ال 17 سنة",26.342445,50.163574,,,عبدالرحمن بن فهد,مؤسسة الفرصة العقارية,1.0,2026-02-21,2026-09-13,2026-09-21,3382,2026-09-27,True,"7,500,000",False,فيلا
6864341,https://sa.aqar.fm/فلل-للبيع/الظهران/حي-القصور/شارع-السكينه-حي-القصور-مدينة-الظهران-المنطقة-الشرقية-6864341,"فيلا للبيع في شارع السكينه, حي القصور, مدينة الظهران, المنطقة الشرقية",2130000,268,6,5.0,2.0,0,حي القصور,الظهران,حي القصور,"🏠 فلل فاخرة للبيع في مشروع القصور

امتلك بيت العمر بمواصفات راقية وتصميم عصري يجمع بين الفخامة والراحة وجودة التنفيذ.

📐 مساحة الفيلا: 268 م²

🔹 مواصفات الفيلا:

5 غرف نوم واسعة

مصعد داخلي

حمام سباحة خاص

واجهات حجر فاخرة

أرضيات رخام راقية

جدران الحمامات مكسوة بالرخام

تكييف مركزي للدور الأرضي وغرفة النوم الماستر

تمديدات تكييف سبليت لجميع الغرف الأخرى

ألمنيوم اسكرتش سماكة 2 ملم عالي الجودة

أدوات صحية من الخزف السعودي

أدوات كهربائية من مشكاني

✨ تشطيبات فاخرة وجودة بناء عالية تلبي تطلعات الباحثين عن السكن المتميز والاستثمار الآمن.

📞 للتواصل والاستفسار: ((الرقم يظهر عند الضغط على اتصال))

مكتب آفاق الشرق للعقارات 

🏢 المسوق الحصري: مكتب آفاق الشرق للعقارات",26.346393,50.161257,https://images.aqar.fm/webp/750x0/props/003257963_1788879647344.jpg,29.0,محمد سعد,مؤسسة مكتب آفاق الشرق للعقارات,1.0,2026-09-08,2026-09-08,2026-09-22,538,2026-09-27,True,"2,130,000",False,فيلا
6880098,https://sa.aqar.fm/فلل-للبيع/الظهران/حي-القشلة/حي-الصفاء-مدينة-الدمام-المنطقة-الشرقية-6880098,"فيلا للبيع في حي الصفاء, مدينة الدمام, المنطقة الشرقية",870000,234,4,5.0,0.0,0,حي القشلة,الظهران,حي القشلة,"فلل دبلكس متصله في حي الصفا
*مطبخ راكب *و ٦ مكيفات سبلت 
الدور الأرضي مكون من مجلس وصاله و٢دورة مياه ومطبخ. 
دور الاول غرفه ماستر وغرفتين في حمام مشترك 
و ملحق علوي فيه صالة و غرفت غسيل وغرفت خادمة. بلإضافة الى عدد٢ دورات مياة و سطح .

""مطبخ و6 مكيفات و كاميرات مراقبه كلها راكبه ومجاناً""

البناء على الكود سعودي و يوجد ضمانات تصل الى ٢٥ سنه على :
١-السباكة 
٢-الخزانات 
٣-العوازل 
٤-افياش كهرب 
٥-أبواب
٦- شبابيك المنيوم 
٧-سبوت لايت .
8-تامبن ملاذ على البيت 15 سنه

حياكم الله جمعياً للاستفسارات او تواصل عبر الواتساب .",26.381204,50.185609,https://images.aqar.fm/webp/750x0/props/046092890_1789669656061.jpg,13.0,علي القحطاني,,,2026-09-17,2026-09-17,2026-09-25,311,2026-09-27,True,"870,000",False,فيلا
6749673,https://sa.aqar.fm/فلل-للبيع/الظهران/حي-ارامكو-السعودية/شارع10ب-حي-أجيال-الظهران-الدمام-6749673,"فيلا للبيع في شارع 10ب, حي الظهران, مدينة الظهران, المنطقة الشرقية",3200000,508,5,5.0,3.0,5,حي ارامكو السعودية,الظهران,حي ارامكو السعودية,$5e,26.269117,50.068588,https://images.aqar.fm/webp/750x0/props/019077737_1782563230225.jpg,8.0,وائل بن عيسى بن علي الملاء,,,2026-06-27,2026-06-28,2026-09-22,629,2026-09-27,True,"3,200,000",False,فيلا
6619338,https://sa.aqar.fm/فلل-للبيع/الظهران/حي-ارامكو-السعودية/شارع-شارع-مكه-حي-الظهران-مدينة-الظهران-المنطقة-الشرقية-6619338,"فيلا للبيع في شارع شارع مكه, حي الظهران, مدينة الظهران, المنطقة الشرقية",2000000,356,5,5.0,1.0,5,حي ارامكو السعودية,الظهران,حي ارامكو السعودية,"للبيع
‎الموقع: حي أجيال أرامكو 
‎مساحة: ٣٥٦ م٢ 
‎مواصفات: 
‎-  ثلاث غرف نوم ماستر* 🛌 
‎- * ست دورات مياه * 🛁 🚽 
‎- *٢ صالة * واحده بالدور الاول و وحدة بالدور الثاني 🛋 
‎- * مجلس و مقلط *
‎- * مطبخ راكب مع خزائن*
‎- * مخزن بالدور الارضي
‎- *كراج سيارات يكفي سيارتين*
‎- *غرفة شغالة بحمامها بالدور الثالث*
‎- *مكيفات بكل الغرف* & *سخان مركزي*
‎- * البيت معزول كامل*

‎مميزات الڤيلا: 
قريب من طريق ابوحدرية 
قريب من مول اجيال  الجديد
امام مدرسة ACCEL العالمية 
بالقرب جدا من حضانه ارتق وتألق لاستضافة الأطفال   
‎- متوفر انترنت فايبر
‎- حي جديد و راقي

امكانية بيع الفيلا على اى شخص. 
عمر الفيلا 5 سنوات 
بالإمكان زيارة ومعاينة الفلة بأي وقت.

السعر ٢ مليون قابل للتفاوض 
ونرحب بكل الوسطاء.",26.273723,50.071958,https://images.aqar.fm/webp/750x0/props/001965778_1773013516830.jpg,7.0,احمد بن عبدالعزيز بن ابراهيم الضعيان,,,2026-03-08,2026-03-08,2026-06-28,1146,2026-09-27,True,"2,000,000",False,فيلا
6788110,https://sa.aqar.fm/فلل-للبيع/الظهران/حي-الدوحة-الجنوبية/شارع-جعفر-الطيار-حي-الدوحة-الجنوبية-مدينة-الظهران-المنطقة-الشرقية-6788110,"فيلا للبيع في شارع جعفر الطيار, حي الدوحة الجنوبية, مدينة الظهران, المنطقة الشرقية",2350000,404,6,0.0,0.0,0,حي الدوحة الجنوبية,الظهران,حي الدوحة الجنوبية,"*للبيع فلل منفصله بموقع مميز بالدوحه الجنوبيه*

☆المساحة: ٤٠٤ م
☆الاتجاه: شرق
☆الشارع: ٢٠ م
☆ مسطح البناء: ٥٧٦ م

✨ *مميزات الفلل*✨
▪︎ البناء ( شخصي )على الكود السعودي بإستخدام أفضل المواد
▪︎ قواعد شريطيه كبيره - طابوق المنارتين - اسلاك وكيابل الرياض - الكهربا بضمانات تصل الى ٢٥ سنه - السباكه حراري ضمان ١٥ سنه
▪︎ عازل للسطح حراري ومائي بمواد امريكيه ضمان ١٠ سنوات
▪︎ تأمين على المبنى ١٠ سنوات من شركة ملاذ
▪︎مساحات واسعه بتصميم عصري
▪︎ تأسيس مصعد
▪︎ تكييف كونسلت في صالة الدور الارضي
▪︎النوافذ كبيره وكاتمه للصوت ومضاده للكسر
▪︎ ضمانات على أغلب التركيبات تصل إلى25سنه
▪︎المواد الصحيه معلقه والخلاطات ماركة جروهي
▪︎ تنفيذ ابهار للتطوير العقاري مقاول مصنف من البلديه ومعتمد من وزارة الاسكان

*الدور الأرضي*:

حوش/ كراج/ مجلس رجال /مغاسل/ دورة مياه/ غرفة طعام/  صاله واسعه /  تأسيس مصعد/ دورة مياه/ مطبخ/ غرفة خامة / غرفة غسيل / دورة مياه 

*الدور الأول*:
غرفة نوم رئيسيه مع غرفة ملابس ودورة مياه /   صاله  / غرفة نوم ماستر اخرى / غرفتين نوم بينهم دورة مياه

*الملحق*:
غرفة نوم / دورة مياة 

*السعر* :
مليونين و ٣٥٠ الف",26.332394,50.15592,https://images.aqar.fm/webp/750x0/props/026793233_1784885188617.jpg,1.0,فراس مؤيد محمد الأسود,,,2026-07-24,2026-09-20,2026-09-20,874,2026-09-27,True,"2,350,000",False,فيلا
6886751,https://sa.aqar.fm/فلل-للبيع/الظهران/حي-القشلة/شارع-معاوية-بن-غلاب-حي-الراكة-الشمالية-الدمام-الدمام-6886751,فيلا للبيع في شارع معاوية بن غلاب ، حي الراكة الشمالية ، الدمام ، الدمام,2000,350,6,5.0,2.0,15,حي القشلة,الظهران,حي القشلة,,26.374186,50.186024,,,عبدالعزيز بن ابراهيم بن خليل الحسين,,,2026-09-21,,2026-09-21,9,2026-09-27,False,طلب تسويق,False,فيلا
6790516,https://sa.aqar.fm/فلل-للبيع/الظهران/حي-الدوحة-الجنوبية/شارع-زيد-بن-حارثه-حي-الدوحة-الجنوبية-الظهران-الدمام-6790516,فيلا للبيع في شارع زيد بن حارثه ، حي الدوحة الجنوبية ، الظهران ، الدمام,8000000,1920,6,6.0,2.0,20,حي الدوحة الجنوبية,الظهران,حي الدوحة الجنوبية,,26.316208,50.159462,,,علي احمد علي الريعان,,,2026-07-26,,2026-07-26,70,2026-09-27,False,طلب تسويق,False,فيلا
6792288,https://sa.aqar.fm/فلل-للبيع/الظهران/حي-الدوحة-الشمالية/شارع-الريف-حي-الدوحة-الشمالية-مدينة-الظهران-المنطقة-الشرقية-6792288,"فيلا للبيع في شارع الريف, حي الدوحة الشمالية, مدينة الظهران, المنطقة الشرقية",1950000,648,5,7.0,4.0,11,حي الدوحة الشمالية,الظهران,حي الدوحة الشمالية,"فيلا بحي الدوحة الشمالية
 تفاصيل الفيلا : 
  الدور الأرضي : 
  مجلس رجالي + مدخل خاص + غرفة طعام + دورة مياه + مجلس نساء + صالة + مطبخ مع الأجهزة + مستودع 
الدور الأول : 
  صالة + 4 غرف نوم ماستر مع دورات مياه +مطبخ صغير + مستودع . 
الدور الثاني : 
شقة مؤجرة 20 الف ريال بالسنة . 
مميزات : 
ــ الموقع مميز ومكتمل الخدمات . 
ـ متوفر مطبخ . 
ـ متوفر مكيفات في الفيلا . 
ــ متوفر مصعد داخل الفيلا . 
للتواصل : ((الرقم يظهر عند الضغط على اتصال))  /  ((الرقم يظهر عند الضغط على اتصال))",26.334407,50.167559,https://images.aqar.fm/webp/750x0/props/002983068_1786602512368.jpg,8.0,سعد عادل بن سعد المعمر,شركة إحياء المحدودة شركة شخص واحد,1.0,2026-07-27,2026-09-23,2026-09-23,1662,2026-09-27,True,"1,950,000",False,فيلا
6680204,https://sa.aqar.fm/فلل-للبيع/الظهران/حي-الدوحة-الشمالية/شارع-ابن-بطوطة-حي-الدوحة-الشمالية-مدينة-الظهران-المنطقة-الشرقية-6680204,"فيلا للبيع في شارع ابن بطوطة, حي الدوحة الشمالية, مدينة الظهران, المنطقة الشرقية",1600000,595,6,5.0,3.0,11,حي الدوحة الشمالية,الظهران,حي الدوحة الشمالية,"🏠 فيلا حي الدوحة الشمالية  🏠

 
- عدد 5 غرف   
- صالة كبيرة 
- صالة طعام 
- مجلس 
- غرفة عاملة  
- مطبخ 
 

🏠 مميزات الفيلا 🏠

- زاوية 
- توفر مواقف 

🏠 مميزات الموقع 🏠

- بالقرب من الحديقة   
- بالقرب من خدمات 
- بالقرب من مجمع الافينيوز 
- بالقرب من المدارس 

التواصل مباشرة قسم المبيعات 

حسام : ((الرقم يظهر عند الضغط على اتصال))",26.337991,50.162733,https://images.aqar.fm/webp/750x0/props/050835935_1777829327939.jpg,3.0,نبيل جابر,مؤسسة إسناد الإتقان,1.0,2026-05-03,2026-09-26,2026-09-26,4630,2026-09-27,True,"1,600,000",False,فيلا
6722590,https://sa.aqar.fm/فلل-للبيع/الظهران/حي-الدوحة-الشمالية/شارع-بن-النفيس-حي-الدوحة-الشمالية-مدينة-الظهران-المنطقة-الشرقية-6722590,"فيلا للبيع في شارع بن النفيس, حي الدوحة الشمالية, مدينة الظهران, المنطقة الشرقية",1650000,595,10,0.0,0.0,11,حي الدوحة الشمالية,الظهران,حي الدوحة الشمالية,"نبيع ونشتري  في الظهران و الخبر والدمام

 للبيع بيت قديم في الظهران مع وكلهم سعر بيع مليون ٦٥٠ الف 


 يوجد لدي قناة متابع عروض في علي جوالي",26.338052,50.162753,https://images.aqar.fm/webp/750x0/props/000631193_1780838747211.jpg,3.0,حسن كعبى,,,2026-06-07,2026-09-02,2026-09-25,657,2026-09-27,True,"1,650,000",False,فيلا
6861219,https://sa.aqar.fm/فلل-للبيع/الظهران/حي-الدوحة-الشمالية/شارع-اوس-بن-ثابت-حي-الدوحة-الشمالية-مدينة-الظهران-المنطقة-الشرقية-6861219,"فيلا للبيع في شارع اوس بن ثابت, حي الدوحة الشمالية, مدينة الظهران, المنطقة الشرقية",2650000,750,6,5.0,2.0,11,حي الدوحة الشمالية,الظهران,حي الدوحة الشمالية,"فيلا في حي الدوحة الشمالية بالظهران قرب الأفنيوز

عقار بموقع مميز في حي الدوحة الشمالية بالظهران، يقع على شارع عام بعرض 30م وبواجهة شرقية. العقار قائم حالياً بفيلا ببناء متين وتتيح مساحة الأرض وموقعها مرونة عالية للمستثمر والمطور في إعادة تأهيل المبنى وتحديثه أو إعادة تطويره بالكامل.

تفاصيل ومميزات العقار:
 مساحة الأرض: 750 م² (الأبعاد: 30م × 25م)
 الواجهة: شرقية (طول الواجهة: 25م)
 الشارع: بعرض 30م
 الموقع: حي الدوحة الشمالية – قريب جداً من مشروع الأفنيوز والخدمات والمناطق الحيوية


الأفكار الاستثمارية المحتملة:
 مشروع وحدات سكنية / دوبلكسات
 حضانة أو مركز ضيافة أطفال
 مشغل نسائي
 مركز خدمات مناسب للحي
 أي نشاط استثماري أو تجاري يتناسب مع الموقع والاشتراطات

السعر المطلوب: 2,650,000 ريال
(قابل للتفاوض في حال وجود اهتمام فعلي وجاد)",26.33979,50.164279,https://images.aqar.fm/webp/750x0/props/052542369_1788727345670.jpg,2.0,يوسف سعد,مؤسسة اسس البحر,1.0,2026-09-06,2026-09-06,2026-09-26,603,2026-09-27,True,"2,650,000",False,فيلا
6858921,https://sa.aqar.fm/فلل-للبيع/الظهران/حي-القصور/شارع-رفحاء-حي-القصور-مدينة-الظهران-المنطقة-الشرقية-6858921,"فيلا للبيع في شارع رفحاء, حي القصور, مدينة الظهران, المنطقة الشرقية",5600000,775,7,7.0,4.0,10,حي القصور,الظهران,حي القصور,"فيلا فاخرة بتصميم مميز وموقع استراتيجي على شارعين (ركنية)  تمنحك أقصى درجات الخصوصية والمرونة ( البيع بدون الاثاث )

أبرز المميزات العامة
المساحة: 776 متر مربع
الموقع:
 ركنية ( واجهة شمالية شرقية )
الاستخدام: مثالية للسكن العائلي الراقي 

تفاصيل التوزيع الداخلي
غرف النوم:
 -5 غرف نوم (4 غرف منها أجنحة ماستر بحمامات خاصة).

المجالس والصالات:
مجلس رجال .
مجلس للنساء.
مقلط (صالة طعام).
صالة معيشة واسعة بالدور الأرضي.
صالة معيشة بالدور الأول.
حمّامان مستقلان لخدمة صالات المعيشة والمجالس.

المطابخ: مطبخان.

الخدمات:
غرفة خادمة كبيرة مع حمام خاص.
غرفة سائق مستقلة مع حمام خاص.
إجمالي عدد الحمامات: 8 

قريبه من جميع الخدمات من مدارس واسواق",26.346076,50.14839,https://images.aqar.fm/webp/750x0/props/046757646_1788627134612.jpg,29.0,فهد بن محمد,شركة عقارات فهد محمد النهدي,1.0,2026-09-05,2026-09-05,2026-09-26,890,2026-09-27,True,"5,600,000",False,فيلا
6853603,https://sa.aqar.fm/فلل-للبيع/الظهران/حي-القصور/شارع-الطرف-حي-القصور-مدينة-الظهران-المنطقة-الشرقية-6853603,"فيلا للبيع في شارع الطرف, حي القصور, مدينة الظهران, المنطقة الشرقية",5000000,517,10,,,6,حي القصور,الظهران,حي القصور,"✨ للبيع فيلا وشقة - زاوية بحي القصور بالظهران 
🟢|| بناء شخصي ||🟢
🟩 مؤسس مصعد 1.8 × 1.6✅ 
⭐ موقع مميز - أرض مستوية وقريبة من الخدمات
● المساحة: 518 م  
(أمامها الممشى المؤدي للممشى الرئيسي بالحي) 

❐ تفصيلها:
❖ الدور الأرضي:
● مجلس خارجي 7 × 4.5
● مجلس رجال داخلي 8 × 5 ● مقلط +دورة مياه ومغاسل ● مجلس نساء + دوره مياه ومغاسل
● صالة
● مطبخين - مطبخ مفتوح ومطبخ ديرتي كيتشن 
● غرفة خادمة بدورة مياه 
● غرفة غسيل 
● غرفة سائق  

❖ الدور الأول:  
● 6 غرف نوم - 2 ماستر
● غرفة جلوس
● صالة كبيرة جانبية
● دورتين مياه

❖ الملحق العلوي (الشقة) 
● مجلس رجال 
 ● 3 غرف نوم - 1 ماستر
●  3 دورات مياه 
● مطبخ 
● سطح مفتوح


❄️ تكييف الفيلا كونسيلد كارير + سبليت قري للغرف

 ▪️ 3 مطابخ راكبة
ـــــــــــــــــــــــــــــــ 
بالإمكان تكون الشقة دوبلكس إذا أضيف لها عدد 3 غرف ودورتين مياه جانبية من الدور الأول، ومخطط مسبقاً بهذا الشكل، وواحدة من الغرف مهيأة لتكون مطبخ✔️
ــــــــــــــــــــــــــــــ 
❐ للتواصل:
((الرقم يظهر عند الضغط على اتصال))",26.345902,50.155022,https://images.aqar.fm/webp/750x0/props/001448326_1788326449093.jpg,2.0,مشاري الحربي,,,2026-09-02,2026-09-13,2026-09-25,448,2026-09-27,True,"5,000,000",False,فيلا
6843705,https://sa.aqar.fm/فلل-للبيع/الظهران/حي-القصور/شارع-الهفوف-حي-القصور-مدينة-الظهران-المنطقة-الشرقية-6843705,"فيلا للبيع في شارع الهفوف, حي القصور, مدينة الظهران, المنطقة الشرقية",2380000,281,7,6.0,3.0,0,حي القصور,الظهران,حي القصور,$5f,26.347059,50.156551,https://images.aqar.fm/webp/750x0/props/012474877_1787779603578.jpg,27.0,ناصر عبدالرحمن ناصر البيشي,مؤسسة بيتك و مسكنك للخدمات العقارية,1.0,2026-08-26,2026-09-25,2026-09-25,544,2026-09-27,True,"2,380,000",False,فيلا
6677231,https://sa.aqar.fm/فلل-للبيع/الظهران/حي-القصور/حي-القصور-مدينة-الظهران-المنطقة-الشرقية-6677231,"فيلا للبيع في حي القصور, مدينة الظهران, المنطقة الشرقية",2750000,789,6,5.0,2.0,0,حي القصور,الظهران,حي القصور,$5c,26.348056,50.148861,https://images.aqar.fm/webp/750x0/props/010426835_1777649152227.jpg,1.0,بندر العتيبى,مؤسسة ابهار للتطوير العقاري,1.0,2026-05-01,2026-09-24,2026-09-26,4367,2026-09-27,True,"2,750,000",False,فيلا
6768919,https://sa.aqar.fm/فلل-للبيع/الظهران/حي-القصور/شارع-ابن-النفيس-حي-القصور-مدينة-الظهران-المنطقة-الشرقية-6768919,"فيلا للبيع في شارع ابن النفيس, حي القصور, مدينة الظهران, المنطقة الشرقية",3200000,645,9,,,3,حي القصور,الظهران,حي القصور,$5e,26.349647,50.144687,https://images.aqar.fm/webp/750x0/props/008152003_1783778715150.jpg,1.0,زايد سعيد,مؤسسة نمو البناء العقارية,1.0,2026-07-11,2026-09-07,2026-09-26,1578,2026-09-27,True,"3,200,000",False,فيلا
6600496,https://sa.aqar.fm/فلل-للبيع/الظهران/حي-القصور/شارع-عين-دار-حي-القصور-مدينة-الظهران-المنطقة-الشرقية-6600496,"فيلا للبيع في شارع عين دار, حي القصور, مدينة الظهران, المنطقة الشرقية",3150000,451,5,,,9,حي القصور,الظهران,حي القصور,"فيلا الظهران حي القصور
-واجهة شرقيه على شارع  ١٥ م
-أطوال
فيلا مدخلين منفصلين 

-الدور الأرضي يشمل :
مجلس أساسي رجال 
دورة مياه المجلس مع منطقة مغاسل عدد ٢ رخام من شركة يلبن 
غرفة طعام
مطبخ مفتوح تركيب مطابخ حواء وفرن سيراميك بلت ان
مطبخ مغلق (dirty kitchen ) تركيب أبيات  مع مستودع 
الصالة الرئيسية مطلة على المسبح 
مجلس نساء
دورة مياه الصالة مع منطقة مغاسل عدد ٢ رخام من شركة يلبن
مسبح بالحديقه الخلفيه فيبر جلاس  مقاس ٥x٤م مع وجود غرفة مضخات وشاور خارجي للمسبح
-الدور الأول يشمل :
صالة علوية نوم",26.346941,50.155141,https://images.aqar.fm/webp/750x0/props/039266914_1739717044522.jpg,22.0,عبدالرحمن بن محمد بن عبدالله المهوس,مؤسسة عبدالرحمن المهوس للخدمات العقارية,1.0,2026-02-22,2026-09-13,2026-09-26,5242,2026-09-27,True,"3,150,000",False,فيلا
6741902,https://sa.aqar.fm/فلل-للبيع/الظهران/حي-القصور/شارع-الصمان-حي-القصور-مدينة-الظهران-المنطقة-الشرقية-6741902,"فيلا للبيع في شارع الصمان, حي القصور, مدينة الظهران, المنطقة الشرقية",3100000,399,6,5.0,2.0,0,حي القصور,الظهران,حي القصور,"الفيلا B
الصاله 2
الحمام 8
مطبخ واحد (اوبن كتشن)   والثاني داخلي
الغرف 6
مستودع 1
مغسله 1
غرفة جيم 1
مسطحات البناء
الدور الارضي 207 متر
الدور الاول 205 متر 
الملحق 100 متر",26.355239,50.141613,https://images.aqar.fm/webp/750x0/props/009547755_1782051947377.jpg,24.0,أحمد بن محمد,,,2026-06-21,2026-09-16,2026-09-24,940,2026-09-27,True,"3,100,000",False,فيلا
6843728,https://sa.aqar.fm/فلل-للبيع/الظهران/حي-القصور/شارع-الهفوف-حي-الجامعيين-مدينة-الدمام-المنطقة-الشرقية-6843728,"فيلا للبيع في شارع الهفوف, حي الجامعيين, مدينة الدمام, المنطقة الشرقية",2380000,286,7,7.0,3.0,0,حي القصور,الظهران,حي القصور,"فيلا سكنية جديدة ضمن مشروع «القصور» في حي القصور بالمنطقة الشرقية، على مقربة من أرامكو، في نطاق مكتمل البنية التحتية. تتميز الفيلا بواجهة حجر مركّبة ميكانيكياً وصالات مفتوحة بإضاءة طبيعية. المشروع يُسوَّق حصرياً عبر «بيتك ومسكنك»، والتفاصيل التالية مستندة إلى بطاقة مواصفات المطوّر.

الإنشاء والهيكل
خرسانة بقوة تقارب 4000 PSI للأعمدة والأسقف، وحديد وطني.
فحص تربة قبل التنفيذ، والأرض صخرية الطبيعة.
تأمين ضد العيوب الخفية لمدة 10 سنوات.
العزل والمياه
عزل مائي بضمان 10 سنوات يشمل دورات المياه والأسطح.
عزل حراري بالفوم بضمان 10 سنوات.
تغذية مباشرة من الشبكة إلى الخزانات — بدون خزان أرضي.
السباكة والكهرباء
نظام صرف أمريكي معلّق، ومواسير نيبرو، وأنابيب حرارية بضمان يصل إلى 50 سنة.
سخان مركزي بضمان 7 سنوات، وأدوات صحية بضمان مورّد 5 سنوات.
أسلاك الرياض بضمان مصنعي يتراوح بين 25 و30 سنة، وقواطع الفنار.
تأسيس كاميرات، وتأسيس إنترنت وألياف بصرية.
التكييف
تأسيس تكييف سبليت مع تمديد نحاس من الدور الأرضي حتى سطح الملحق، بما يخفي الوحدات الخارجية عن الواجهات.
تصريف مخفي للوحدات.
الأبواب والنوافذ والتشطيبات
أبواب UPVC مقاومة للماء والرطوبة والأرضة بضمان 10 سنوات.
نوافذ ألمنيوم بزجاج مزدوج أمريكي، وسيليكون ألماني، ودهان الزامل.
بورسلان وطني، ورخام في الدرج والمداخل، ودهانات جوتن قابلة للغسيل.
واجهات حجر بتركيب ميكانيكي (مسامير ومراسٍ) — أمتن من التركيب التقليدي.
تأسيس فرن كهربائي وشفاط، وتأسيس مصعد.
تفاصيل الأدوار
الدور الأرضي: مجلس بدورة مياه، ومقلط مفتوح، وصالة بدورة مياه، ومطبخان (مفتوح ومغلق)، ومستودع مخفي تحت الدرج، وحوش خلفي، مع مصعد مؤسّس بجانب الدرج.
الدور الأول: صالة عائلية و3 غرف نو",26.347243,50.156389,https://images.aqar.fm/webp/750x0/props/012474876_1787780114486.jpg,30.0,ناصر عبدالرحمن ناصر البيشي,مؤسسة بيتك و مسكنك للخدمات العقارية,1.0,2026-08-26,2026-09-25,2026-09-25,354,2026-09-27,True,"2,380,000",False,فيلا
6816534,https://sa.aqar.fm/فلل-للبيع/الظهران/حي-القصور/شارع-ابن-جرير-الطبري-حي-القصور-مدينة-الظهران-المنطقة-الشرقية-6816534,"فيلا للبيع في شارع ابن جرير الطبري, حي القصور, مدينة الظهران, المنطقة الشرقية",1700000,375,8,0.0,0.0,9,حي القصور,الظهران,حي القصور,"✨ للبيع فيلا دبلوكس مميزة بحي القصور بالظهران - منفصلة

● المساحة: 375 م
● جنوبية
▪️قريبة من الخدمات
● [حوش واسع] 

ــــــــــــــــــــــــــــــــــــــــــــــــــــــــــــــ
التفصيل:
الدور الأرضي:
• مجلس رجال 8 × 5 - دورة مياه 
• صالة كبيرة
• مجلس نساء + دورة مياه 
• مطبخ مفتوح
• مطبخ مغلق 
# جميع المطابخ راكبة #
¦=¦ تكييف الدور الأرضي مركزي ¦=¦
.......................................... 

الدور الأول:
• غرفة ماستر كبيرة 
• غرفتين بدورة مياه خاصة للغرفتين فقط
• غرفة
• دورة مياه 
.......................................... 

الدور الثاني:
• غرفة غسيل
• غرفة خادمة + دورة مياه
ـــــــــــــــــــــــــــــــــــــــــــــــــــــــــــــ
● (غرفة سائق) ●
ـــــــــــــــــــــــــــــــــــــــــــــــــــــــــــــ

❄️ جميع المكيفات (Gree) راكبة
ــــــــــــــــــــــــــــــــــــــــــــــــــــــــــــــ

|",26.345463,50.158072,https://images.aqar.fm/webp/750x0/props/008313823_1786456685494.jpg,16.0,فلاح سلطان,,,2026-08-11,2026-09-09,2026-09-09,962,2026-09-27,True,"1,700,000",False,فيلا
6777494,https://sa.aqar.fm/فلل-للبيع/الظهران/حي-القصور/حي-القصور-مدينة-الظهران-المنطقة-الشرقية-6777494,"فيلا للبيع في حي القصور, مدينة الظهران, المنطقة الشرقية",2100000,250,5,0.0,0.0,0,حي القصور,الظهران,حي القصور,"🏡 دبلكسات متصلة للبيع – حي القصور | الظهران
فرصة مميزة لامتلاك دبلكس في أحد أرقى أحياء الظهران، حي القصور، بموقع استراتيجي مرتفع وقريب من جميع الخدمات والمرافق الحيوية.
📐 مساحة كل دبلكس: 250 متر²
📍 الموقع: حي القصور – الظهران
✨ المميزات:
موقع مميز ومرتفع.
قريب من المدارس، المساجد، الأسواق، والطرق الرئيسية.
تصميم عصري وتشطيبات عالية الجودة.
توزيع داخلي عملي يوفر الراحة والخصوصية.
مناسب للسكن العائلي والاستثمار.
يقع في حي راقٍ يتميز بسهولة الوصول إلى مختلف الخدمات والطرق الرئيسية.
لا تفوت فرصة التملك في أحد أفضل المواقع السكنية في الظهران، حيث يجتمع الموقع المتميز مع جودة البناء وروعة التصميم.",26.344529,50.15803,https://images.aqar.fm/webp/750x0/props/028833687_1784226045379.jpg,14.0,فيصل مطلق,شركة رافدة العقارية,1.0,2026-07-16,2026-09-13,2026-09-20,1289,2026-09-27,True,"2,100,000",False,فيلا
6761789,https://sa.aqar.fm/فلل-للبيع/الظهران/حي-القصور/شارع-القنفدة-حي-القصور-مدينة-الظهران-المنطقة-الشرقية-6761789,"فيلا للبيع في شارع القنفدة, حي القصور, مدينة الظهران, المنطقة الشرقية",1600000,250,7,6.0,2.0,11,حي القصور,الظهران,حي القصور,"# دوبلكس للبيع – حي القصور | الظهران

**الموقع:** حي القصور – الظهران
**نوع العقار:** دوبلكس مشترك
**المساحة:** 250 م² (تقريباً)
**الواجهة:** شمالية
**عرض الشارع:** 12 متر
**عمر العقار:** 15 سنة

**السعر:** 1,600,000 ريال
*قابل للتفاوض في حدود المعقول.*

---

## تفاصيل العقار

### الدور الأرضي

* خيمة مصغرة بالحوش.
* مجلس رجال بمدخل مستقل.
* دورة مياه خاصة بالمجلس.
* مقلط.
* مدخل جانبي للصالة.
* صالة عائلية واسعة بمساحة تقريبية (7.5 × 8 م).
* درج داخلي في منتصف الصالة.
* دورة مياه للصالة.
* مطبخ داخلي مع بوفيه.
* مطبخ إضافي.
* جميع المطابخ راكبة ومجهزة بالكامل.
* مستودع أرضي متصل بالمطبخ.
* مستودع علوي فوق المستودع الأرضي.

### الدور الأول

* صالة عائلية.
* غرفة نوم إضافية (جبس بورد قابلة للإزالة).
* غرفتا نوم ماستر.
* غرفتا نوم بدورة مياه مشتركة.

### الدور الثاني

* غرفة عاملة.
* دورة مياه خدمة.
* غرفة متعددة الاستخدام.
* صالة رياضية (جيم) بمساحة تقريبية (7 × 7.5 م).
* غرفة سطح خارجية بمساحة (4 × 7 م).
* مستودع إضافي بمساحة تقريبية (2.5 × 7 م).
* غرفة خزان.

---

## مميزات العقار

* جميع المكيفات من نوع سبليت.
* المكيفات تحت الضمان.
* نظام صفاية للتبريد وتنقية المياه.
* استغلال ممتاز للمساحات الداخلية والخارجية.
* تصميم عملي يناسب العائلات.
* موقع مميز في حي القصور بالظهران.

---

## للتواصل والاستفسار

**أبو صالح | همم الشرق العقارية**
**الجوال:** ((الرقم يظهر عند الضغط على اتصال))
**رخصة فال:** 1200029011",26.341352,50.155659,https://images.aqar.fm/webp/750x0/props/033364579_1783330924880.png,3.0,رياض محمد شوعي مكوعي,شركة همم الشرق العقارية ,1.0,2026-07-06,2026-09-02,2026-09-27,900,2026-09-27,True,"1,600,000",False,فيلا
6656623,https://sa.aqar.fm/فلل-للبيع/الظهران/حي-القصور/شارع-راس-ابو-علي-حي-القصور-مدينة-الظهران-المنطقة-الشرقية-6656623,"فيلا للبيع في شارع راس ابو علي, حي القصور, مدينة الظهران, المنطقة الشرقية",1600000,275,4,,,11,حي القصور,الظهران,حي القصور,"فيلا لليع
في الظهران حي  القصور

التفاصيل:
مجلس رجال ودورة مياه
غرفة طعام
صاله عائليه كبيره 
مطبخين
غرفة سائق خارجيه
4 غرف نوم منها غرفتين ماستر
صالة جلوس
غرفة خادمه مع حمام
غرفة غسيل ملابس
مكيفه بالكامل (13 مكيف)
------------------------------------------------------------------------------
حي راقي  وهادي وجيران مرتبين",26.348902,50.153826,https://images.aqar.fm/webp/750x0/props/011217498_1776273557547.jpg,1.0,ساره عبدالهادي بن مزروع المزروع,,,2026-04-15,2026-04-15,2026-08-24,3420,2026-09-27,True,"1,600,000",False,فيلا
6844780,https://sa.aqar.fm/فلل-للبيع/الظهران/حي-القصور/شارع-الامير-احمد-حي-القصور-مدينة-الظهران-المنطقة-الشرقية-6844780,"فيلا للبيع في شارع الامير احمد, حي القصور, مدينة الظهران, المنطقة الشرقية",5700000,691,7,7.0,4.0,9,حي القصور,الظهران,حي القصور,"فيلا فاخرة للبيع في حي القصور – الظهران | مساحة 700م²

منزل عائلي متكامل يجمع بين فخامة المجالس، رحابة المساحات، وخصوصية السكن، بموقع مميز على واجهة جنوبية وشارع بعرض 60م.

يضم الدور الأرضي مجلسًا خارجيًا بدورة مياه، مجلس رجال واسع، غرفة طعام كبيرة، مجلس نساء، صالة عائلية، مطبخين، كراج سيارات وحوش، إضافة إلى مصعد يخدم جميع الأدوار وتكييف مركزي بنظام وحدات منفصلة.

أما الدور الأول فيتميز بجناح رئيسي متكامل يضم غرفة نوم، غرفة جلوس، غرفة ملابس، جاكوزي ودورة مياه، إلى جانب 4 غرف ماستر وصالة عائلية كبيرة؛ ما يوفر لكل فرد من العائلة مساحة مستقلة ومريحة.

ويضم الملحق شقة مستقلة بمدخل خاص تتكون من صالة، مطبخ، غرفتي نوم إحداهما ماستر ودورتَي مياه، بالإضافة إلى غرفة عاملة بدورة مياه وغرفة غسيل.

كما يتوفر سطح كبير يمنح المالك مساحة إضافية قابلة للاستفادة وفق الأنظمة والاشتراطات.

فيلا مناسبة لمن يبحث عن منزل واسع بتوزيع عملي، تعدد في المجالس، جناح رئيسي متكامل وملحق مستقل في أحد أحياء الظهران.

السعر المطلوب: 5,700,000 ريال سعودي

للتواصل مكتب أروقه الجوار للعقارات",26.35638,50.150862,https://images.aqar.fm/webp/750x0/props/000183213_1787856362500.jpg,4.0,عبدالرحمن عمار,مكتب أروقة الجوار للعقارات,1.0,2026-08-27,2026-09-25,2026-09-25,544,2026-09-27,True,"5,700,000",False,فيلا
6849543,https://sa.aqar.fm/فلل-للبيع/الظهران/حي-القصور/شارع-الوادى-حي-القصور-مدينة-الظهران-المنطقة-الشرقية-6849543,"فيلا للبيع في شارع الوادى, حي القصور, مدينة الظهران, المنطقة الشرقية",1580000,285,4,4.0,1.0,8,حي القصور,الظهران,حي القصور,"✨فيلا للبيع  🏠  - الظهران داخل مجمع ماربيلا الراقي
• الموقع: الظهران - حي القصور
خلف أسواق التميمي
داخل مجمع سكني متكامل الخدمات✅
مميزات الفيلا:
تكييف كونسيلد + اسبليت
حوش خاص
موقف خاص
عداد كهرباء مستقل

تفاصيل العقار:
مساحة اجمالية | 285 م2
الدور الأرضي:
مجلس
صالة واسعة
مطبخ
غرفة طعام (مقلط)
بلكونة
عدد (2) دورات مياه
ا الدور العلوي:
غرفة نوم ماستر + غرفة ملابس عدد (2) غرف نوم
غرفة عاملة + دورة مياه
غرفة غسيل
عدد (3) دورات مياه 

😍خدمات المجمع - أسلوب حياة متكامل:
‎ 🪴حديقة
‎🕌مسجد
‎👩‍🍼حضانة أطفال
‎مغسلة ملابس
‎محل زهور وهدايا
‎ 🛒سوبرماركت + مطاعم + مقاهي
‎19 بنك
‎'لوبي فاخر:
* ﻿﻿محلات متنوعة
* ﻿﻿صالون نسائي
* ﻿﻿صالون رجالي مرافق ترفيهية: نادي رياضي مسبح ساونا
* ﻿﻿جاكوزي
‎(بأيام مخصصة للرجال والنساء)
‎خدمات فندقية:
‎كونسيرج واستقبال 24 ساعة
‎استلام الشحنات والأمانات
‎صيانة متكاملة
* 
* ﻿﻿صيانة متكاملة منطقة ألعاب أطفال لاونج خاص بالسكان فرصة مثالية للسكن الراقي أو الاستثمار المميز موقع حيوي قريب من جميع الخدمات'


للتواصل محمد الرشيدي ((الرقم يظهر عند الضغط على اتصال))",26.338698,50.153308,https://images.aqar.fm/webp/750x0/props/009669463_1788114619886.jpg,7.0,محمد مساعد بدر الرشيدي,,,2026-08-30,2026-08-30,2026-09-21,382,2026-09-27,True,"1,580,000",False,فيلا
6624630,https://sa.aqar.fm/فلل-للبيع/الظهران/حي-القصور/شارع-غزلان-حي-القصور-الظهران-الدمام-6624630,"فيلا للبيع في شارع 6820050, حي القصور, مدينة الظهران, المنطقة الشرقية",1690000,285,3,5.0,2.0,10,حي القصور,الظهران,حي القصور,تاون هاوس في موقع حيوي محاط بالخدمات ، بحاله ممتازه و مميزات خدمات من مجمع ماربيلا من نادي صحي و مسبح داخلي و مكتب خدمه ٢٤ ساعه,26.3451,50.156124,https://images.aqar.fm/webp/750x0/props/051406125_1773479760272.jpg,8.0,نجلا بنت ناجي بن عبدرب علي الشافعي,,,2026-03-14,2026-03-15,2026-09-24,4800,2026-09-27,True,"1,690,000",False,فيلا
6746359,https://sa.aqar.fm/فلل-للبيع/الظهران/حي-القصور/شارع-القنفدة-حي-القصور-مدينة-الظهران-المنطقة-الشرقية-6746359,"فيلا للبيع في شارع القنفدة, حي القصور, مدينة الظهران, المنطقة الشرقية",1600000,250,7,6.0,2.0,11,حي القصور,الظهران,حي القصور,"🏡 دوبلكس للبيع | حي القصور – الظهران

فرصة مميزة لامتلاك دوبلكس واسع بموقع هادئ ومطلوب في حي القصور بالظهران، يتميز بتوزيع عملي واستغلال ممتاز للمساحات مع تجهيزات متكاملة ومكيفات تحت الضمان.

📍 الموقع: حي القصور – الظهران
🏠 نوع العقار: دوبلكس مشترك
📐 المساحة: 250 م² تقريباً
🧭 الواجهة: شمالية
🛣️ شارع: 12 متر
⌛ عمر العقار: 15 سنة
💰 السعر: 1,600,000 ريال (قابل للتفاوض بالمعقول)

تفاصيل العقار:

الدور الأرضي:
• خيمة مصغرة بالحوش
• مجلس رجال
• دورة مياه للمجلس
• مقلط
• صالة واسعة بمساحة تقريبية 7.5 × 8 م
• دورة مياه للصالة
• مطبخ داخلي مع بوفيه
• مطبخ إضافي
• جميع المطابخ مجهزة وراكبة
• مستودع أرضي متصل بالمطبخ
• مستودع علوي إضافي

الدور الأول:
• صالة كبيرة
• غرفة إضافية (جبس بورد قابلة للإزالة)
• غرفتا نوم ماستر
• غرفتا نوم بدورة مياه مشتركة

الدور الثاني:
• غرفة عاملة
• دورة مياه خدمة
• غرفة كبيرة متعددة الاستخدام
• صالة رياضية (جيم) بمساحة تقريبية 7 × 7.5 م
• غرفة سطح خارجية 4 × 7 م
• مستودع إضافي
• غرفة خزان

المميزات:
✅ جميع المكيفات سبليت
✅ المكيفات تحت الضمان
✅ نظام صفاية للتبريد وتنقية المياه
✅ استغلال ممتاز للمساحات
✅ موقع مميز في حي القصور
✅ مناسب للعائلات الكبيرة

للاستفسار والمعاينة:

أبو صالح | همم الشرق العقارية
📞 ((الرقم يظهر عند الضغط على اتصال))
رخصة فال: 1200029011",26.341352,50.155659,https://images.aqar.fm/webp/750x0/props/033364570_1782310258641.png,3.0,رياض محمد شوعي مكوعي,شركة همم الشرق العقارية ,1.0,2026-06-24,2026-09-22,2026-09-24,1083,2026-09-27,True,"1,600,000",False,فيلا
6757607,https://sa.aqar.fm/فلل-للبيع/الظهران/حي-القصور/حي-القصور-مدينة-الظهران-المنطقة-الشرقية-6757607,"فيلا للبيع في حي القصور, مدينة الظهران, المنطقة الشرقية",5000000,875,5,7.0,3.0,10,حي القصور,الظهران,حي القصور,"بسم الله الرحمن الرحيم 

للبيع فيلا فاخره بحي القصور بالدوحه 
المساحه : 875 متر 
مكونه من : 
الدور الأرضي 
مجلس ومقلط وصاله ومطبخ وغرفه لكبار السن وثلاث حمامات ومخزن 

الدور الأول : ثلاث غرف ماستر وغرفة سويت فيها مطبخ وغرفه وحمامين وصاله 

الدور الثالث : غرفتبن  خادمه وغرفة غسيل ومخزن 
التكييف مركزي بالكامل 
نوع السراميك 
يوجد كراج 
تتميز الفيلا بتشطيبات جدا راقيه ورخام من نوع روزا البرتغالي افضل درجات لون الروزا 
غرفة حارس الحاله جدا ممتازه وراقية جدا 
العمر  13 سنه 

الفيلا مؤثثه بالكامل 

للتواصل : 
((الرقم يظهر عند الضغط على اتصال))
ابو سليمان",26.349635,50.158605,https://images.aqar.fm/webp/750x0/props/004125964_1783024900570.jpg,15.0,عبدالعزيز فطيس بن عبدالرحمن ال منشره,مؤسسة معامل العقارية,1.0,2026-07-02,2026-07-02,2026-09-17,1798,2026-09-27,True,"5,000,000",False,فيلا
6752658,https://sa.aqar.fm/فلل-للبيع/الظهران/حي-القصور/شارع-الامير-احمد-حي-القصور-مدينة-الظهران-المنطقة-الشرقية-6752658,"فيلا للبيع في شارع الامير احمد, حي القصور, مدينة الظهران, المنطقة الشرقية",6000000,691,5,0.0,0.0,10,حي القصور,الظهران,حي القصور,"فيلا في حي القصور الظهران مساحتها 691
الدور الارضي: كراج سيارات 
 حوش
 مجلس خارجي مع دورة مياه 
مجلس رجال كبير 
غرفة طعام كبيره
 مجلس نساء 
صالة 
مطبخين 
مصعد يخدم جميع الادوار 
الدور الاول :
عدد الغرف  : جناح رئيسي عباره عن غرفة نوم وغرفة جلوس وغرفة ملابس وجاكوزي ودورة مياه 
 ٤ غرف ماستر وصاله كبير
الملحق :
شقه بمدخل مستقل عبارة عن :
صالة 
مطبخ 
 غرفتين نوم احداها ماستر ودورتين مياه 
 غرفه عامله 
 دور مياه 
 غرفة غسيل 
سطح كبير يمكن استغلاله فالبناء 

الدور الارضي تكييف مركزي بالكامل بنطام وحدات منفصله 

الفيلا تفتح : جنوب ع شارع ٦٠

يشمل بيع الفيلا جميع ملحقاتها والاثاث الموجود بها 

شركة املاك العقارية
للاستفسارات والتواصل 
((الرقم يظهر عند الضغط على اتصال))",26.356084,50.15122,https://images.aqar.fm/webp/750x0/props/048910662_1782744512881.jpg,20.0,مبارك محمد,شركة أملاك القصور,1.0,2026-06-29,2026-09-24,2026-09-24,2288,2026-09-27,True,"6,000,000",False,فيلا
6802273,https://sa.aqar.fm/فلل-للبيع/الظهران/حي-القشلة/شارع-الزيزفون-حي-الحسام-مدينة-الدمام-المنطقة-الشرقية-6802273,"فيلا للبيع في شارع الزيزفون, حي الحسام, مدينة الدمام, المنطقة الشرقية",1650000,516,6,,,3,حي القشلة,الظهران,حي القشلة,"للبيع - ،
دبلوكسين متصلين. سعر الدبلكس الواحد1650000
يمكن تقسيم الدبلوكس إلى شقتين.
حي الحسام - أرامكو.
خلف الغرفه التجاريه.
بجانب حي الراكه.
المبنى جديد شمالي.
يوجد طبلون كهرباء لكل دور.
مساحة الدبلوكسين 700 م.
كل دبلوكس 350 م.
كل دبلوكس يحتوي على:
عداد كهرباء مستقل 
عداد ماء مستقل.
جميع المطابخ جاهزه.
يوجد سخان ماء لجميع الحمامات والمطابخ.
جميع الغرف مزوده بمكيفات سبليت Gree.
عدد 15 مكيف لكل دبلوكس.
خزان أرضي وخزان علوي.
البناء يحتوي مدخلين.
عوازل جدران وأسقف.
عازل مائي في السطح.
عازل مائي للحمامات.
أصباغ داخليه Jotun
أرضيات سيراميك.
الدرج رخام.
أسقف مستعاره.
إضاءه ظاهره ومخفيه.
الدبلوكس يحتوي على:
دورين وملحق السطح.
عدد 3 مطابخ.
الدور الأرضي:
3 غرف
3 حمام
1 صاله
1 مطبخ رئيسي
1 مطبخ خارجي
1 غرفة سائق مع حمام
1 كراج سياره
الدور الأول:
4 غرف
3 حمام
1 صاله
ملحق السطح:
2 غرفه
2 حمام
1 صاله ومطبخ صغير
سطح",26.38766,50.17197,https://images.aqar.fm/webp/750x0/props/047817523_1785689303714.jpg,8.0,سالمين مبارك,شركة محمد النهدي العقارية,1.0,2026-08-02,2026-08-31,2026-09-11,900,2026-09-27,True,"1,650,000",False,فيلا
6773600,https://sa.aqar.fm/فلل-للبيع/الظهران/حي-هجر/شارع-الباهر-حي-هجر-الظهران-الدمام-6773600,"فيلا للبيع في شارع الباهر, حي هجر, مدينة الدمام, المنطقة الشرقية",5250000,875,7,5.0,3.0,11,حي هجر,الظهران,حي هجر,للبيع فيلا في حي هجر شارع الباهر بناء مستقل واجهة جنوبية مقابل جامع وحديقة,26.367375638861724,50.1223760720803,https://images.aqar.fm/webp/750x0/props/007397578_1784041576958.jpg,3.0,عبدالله عبدالعزيز علي المشخص,,0.0,2026-07-14,2026-07-15,2026-07-15,1508,2026-09-27,True,"5,250,000",False,فيلا
6809175,https://sa.aqar.fm/فلل-للبيع/الظهران/حي-القشلة/شارع-النرجس-حي-الحسام-مدينة-الدمام-المنطقة-الشرقية-6809175,"فيلا للبيع في شارع النرجس, حي الحسام, مدينة الدمام, المنطقة الشرقية",2500000,765,5,0.0,0.0,0,حي القشلة,الظهران,حي القشلة,$5e,26.385237,50.175438,https://images.aqar.fm/webp/750x0/props/000300328_1786026856229.jpg,1.0,مروى عبدالحميد,مكتب ثبات الخليج العقاري,1.0,2026-08-06,2026-09-04,2026-09-15,947,2026-09-27,True,"2,500,000",False,فيلا
6758142,https://sa.aqar.fm/فلل-للبيع/الظهران/حي-هجر/شارع-4-ب-حي-هجر-مدينة-الدمام-المنطقة-الشرقية-6758142,"فيلا للبيع في شارع 4 ب , حي هجر, مدينة الدمام, المنطقة الشرقية",2700000,469,5,0.0,0.0,11,حي هجر,الظهران,حي هجر,"للبيع 🏠 

مواصفات البيت : 
العمر : 11 سنه 
الموقع         
حي هجر 
المساحه.  
   469.65
الواجهه  غربيه 18 متر 
المحتويات 
مجلس 
مقلط 
غرفة نساء 
صاله سفليه وعلويه
‏ مطبخ كبير 
ومطبخ صغير مجهزين بدواليب من ابيات بقيمة 42000
خمس غرف نوم واحده منها ماستر واسعه مع دورة مياه خاصه  
غرفة خادمه
 غرفة سائق 
مستودع 
ديوانيه مكيفه بمكيف كست جديد مع دورة مياه 
مظله في السطح  
اصنصير ثلاث ادوار تكلفة 85000",26.359412,50.112649,https://images.aqar.fm/webp/750x0/props/003441963_1783088432405.jpg,1.0,فهد عبدالكريم عبدالرحمن الناهض,,,2026-07-03,2026-08-30,2026-09-01,373,2026-09-27,True,"2,700,000",False,فيلا
6772571,https://sa.aqar.fm/فلل-للبيع/الظهران/حي-هجر/شارع-الباهر-حي-هجر-الظهران-الدمام-6772571,فيلا للبيع في شارع الباهر ، حي هجر ، الظهران ، الدمام,4000000,875,7,5.0,2.0,26,حي هجر,الظهران,حي هجر,فيلا مقابل جامع و حديقة,26.367308,50.122364,https://images.aqar.fm/webp/750x0/props/053852819_1783976104759.jpg,1.0,محمد بن عبدالعزيز بن علي المشخص,,,2026-07-13,,2026-07-13,93,2026-09-27,False,طلب تسويق,False,فيلا
6847705,https://sa.aqar.fm/فلل-للبيع/الظهران/حي-القشلة/شارع-28ج-حي-الراكة-الشمالية-مدينة-الدمام-المنطقة-الشرقية-6847705,"فيلا للبيع في شارع 28ج, حي الراكة الشمالية, مدينة الدمام, المنطقة الشرقية",4990000,942,6,5.0,3.0,11,حي القشلة,الظهران,حي القشلة,"قناص الخبر العقارية . 

لإدارة الأملاك وبيع وتسويق الأراضي والوحدات العقارية . 

🔵 فيلا راقية للبيع زواية في حي الصفا . 

مساحة الارض ٩٤٢ م ..
على شارعين 
شمال ٢٠ م
غرب  ١٦  م
البيت طابقين 
الطابق الارضي
دوانية خارجية 
حوش يتسع ٥ سيارات 
يوجد بركة سباحة تم دفنها مع غرفة شور 
مجلس رجال وغرفة طعام 
 صالة كبيرة  
مجلس نساء
غرفة نوم ماست
مطبخ 
٣ دورات مياه 
الطابق العلوي:
صالة كبيرة 
٦ غرف نوم 
٥ غرف منهم ماستر ( مع دورة مياه )
الطابق الاعلى 
٢ غرفة للخدم .
يوجد ديوانية في الحوش 
يوجد تاسيس مسبح ولكن تم ردمه .
مكيفات مركزي  شركة trane  نوع ( package )  .",26.372548,50.180055,https://images.aqar.fm/webp/750x0/props/003840474_1788025581646.jpg,1.0,عبدالرحمن بن وليد بن محمد القناص,مؤسسة قناص الخبر للعقارات,1.0,2026-08-29,2026-08-29,2026-09-17,596,2026-09-27,True,"4,990,000",False,فيلا
6867317,https://sa.aqar.fm/فلل-للبيع/الظهران/حي-القشلة/شارع-الزهور-حي-الحسام-مدينة-الدمام-المنطقة-الشرقية-6867317,"فيلا للبيع في شارع الزهور, حي الحسام, مدينة الدمام, المنطقة الشرقية",4500000,735,4,5.0,3.0,4,حي القشلة,الظهران,حي القشلة,"فيلا الحسام
مميزة
استخدام حوالي سنه فقط
حالتها ممتازة جدا

جاهزة بافضل الاجهزة من مكيفات مركزي وحدات منفصلة 
ومطبخ راقي ومصعد راقي وبركة سباحة

( الدور الارضي صالة كبيره ومجلسين وغرفة طعام بالفرش كامل )

الدور الاول ٤ غرف نوم ماستر وكل دورة مياه بجاكوزي خاص وغرفة مكتب وبوفيه وصاله كبيره

الملحق صالة سنمائية مجهزة وقسم خادمه ودوره مياه وبوفيه

السعر ٤ مليون ونص الجاد يتفضل بالمعاينه والله الموفق🚩

بوناصر

مباشر 🚩🚩",26.386007,50.172861,https://images.aqar.fm/webp/750x0/props/001971639_1789017584206.jpg,23.0,غريب بن عبدالله,مكتب الصكوك الذهبية للعقارات,1.0,2026-09-10,2026-09-10,2026-09-19,296,2026-09-27,True,"4,500,000",False,فيلا
6695946,https://sa.aqar.fm/فلل-للبيع/الظهران/حي-تهامة/حي-تهامة-مدينة-الدمام-المنطقة-الشرقية-6695946,"فيلا للبيع في حي تهامة, مدينة الدمام, المنطقة الشرقية",1650000,250,10,5.0,2.0,0,حي تهامة,الظهران,حي تهامة,"للبيع دبلوكس شبه منفصل في حي تهامة الظهران 

• رقم المخطط 115/1
• ⁠رقم القطعه 121
• ⁠*المساحة 250م*
• ⁠الواجهه غرب 
• ⁠عرض شارع 15م

• الدور الارضي :
مجلس 
مقلط 
2 دورات مياة كراسي معلقه مع مغاسل خارجيه
صاله واسعه 
مطبخ ومستودع 

• الدور الاول:
4 غرف نوم 
2 غرفه ماستر 
2 غرفه تخدمها دورة مياه
صاله علويه

• الملحق
قسم خدمات وصاله علويه مع بوفيه 
قسم الخدمات 
غرفه عامله ماستر مع غسيل 
2 سطح امامي وخلفي 
يوجد سكاي لايت 

• مواد التشطيب و البناء:
شركاء النجاح 
مصنع الخليج للخرسانه والطابوق جميع الصبات 4000 الف مقاوم 
حديد سابك
أسلاك الرياض 
كيابل الرياض 
سباكه KTP
مواسير الصرف AGM 7m
دهانات جوتن
المنيوم 2 ملي قطاع 24
ابواب wbc شركه هاي لاند
تامين ملاذ 
اشراف هندسي
الطالبين و المفاتيح من شركة الفنار

*شركة آل شبلان العقارية*
رقم الرخصه 1200004206*
رقم التواصل ((الرقم يظهر عند الضغط على اتصال))

• ⁠*السعر 1650000 ( مليون 650الف﷼)*
• ⁠الموقع: https://maps.app.goo.gl/r7FDiY8NG2sSSoYH8?g_st=ic",26.356484,50.129975,https://images.aqar.fm/webp/750x0/props/009672368_1778690669119.jpg,1.0,عبدالله القحطاني,شركة علي بن سعد آل شبلان القحطاني المحدودة,1.0,2026-05-13,2026-09-07,2026-09-18,3329,2026-09-27,True,"1,650,000",False,فيلا
6641885,https://sa.aqar.fm/فلل-للبيع/الظهران/حي-القشلة/شارع-النفل-حي-الحسام-مدينة-الدمام-المنطقة-الشرقية-6641885,"فيلا للبيع في شارع النفل, حي الحسام, مدينة الدمام, المنطقة الشرقية",1750000,265,6,7.0,3.0,0,حي القشلة,الظهران,حي القشلة,"عرض خاص للحجز المبكر | دوبلكس فاخر في حي الحسام

فرصة مميزة لامتلاك دوبلكس منفصل بتصميم عصري ومساحات واسعة، ضمن مشروع فلل الحسام، مع فيلا مجهزة بالكامل متاحة للمعاينة.

🏡 تفاصيل الفيلا
مساحة الأرض: 265 م²
مساحة البناء: 485 م²
6 غرف نوم
3 صالات
مطبخان
8 دورات مياه
موقف سيارة
بناء عالي الجودة وفق كود البناء السعودي
ضمانات شاملة
💰 عروض خاصة للحجز المبكر

🔥 العرض الأول | 1,750,000 ريال

الفيلا الأساسية، مع إمكانية اختيار ميزة إضافية واحدة مجانًا:
مصعد أو تكييف أو مطبخ

⭐ العرض الثاني | 2,080,000 ريال

الفيلا المجهزة بالكامل، مع عرض خاص على وحدات محدودة.

👀 المعاينة متاحة

تتوفر فيلا مجهزة بالكامل للمعاينة، للتعرف على مستوى التشطيب والتجهيزات على أرض الواقع.

📌 تفاصيل التجهيزات والمميزات موضحة في صور الإعلان.

📍 موقع مميز في حي الحسام

بالقرب من:

بوابة أرامكو
الكورنيش
الجامعة
المجمعات والخدمات
⚠️ تنويه

الأسعار غير شاملة السعي وضريبة التصرفات العقارية.

📲 للاستفسار عن المخططات والصور وتفاصيل الوحدات المتاحة، أو حجز موعد للمعاينة، يرجى التواصل عبر الواتساب.",26.387958,50.173687,https://images.aqar.fm/webp/750x0/props/015922155_1786865320243.jpg,16.0,محمد عبدالله,,,2026-04-05,2026-07-30,2026-09-26,4160,2026-09-27,True,"1,750,000",False,فيلا
6810927,https://sa.aqar.fm/فلل-للبيع/الظهران/حي-ارامكو-السعودية/شارع-الدرعية-حي-أجيال-الظهران-الدمام-6810927,"فيلا للبيع في شارع الدرعية, حي الظهران, مدينة الظهران, المنطقة الشرقية",3000000,517,7,5.0,2.0,5,حي ارامكو السعودية,الظهران,حي ارامكو السعودية,"‎*فيلا في حي ارامكو اجيال - 2E*

- بيت زاوية ومساحة الارض كبيرة (٥١٧.٤ متر مربع) والحوش الخارجي واسع
- واجهة البيت شمالية وعلى شارع كبير (عرض ٣٠م)
- ⁠وتتميز بسهولة الدخول والخروج من الحي
- ⁠يوجد سواتر على حدود الفيلا الخارجية من الجهة الشرقية والغربية لتعطي خصوصية لأهل البيت
- ⁠يوجد كراج مستقل للفيلا يتسع لسيارتين
- ⁠عدد ١٤ مكيف الزامل راكبة جديده وعلى الضمان
- ⁠تم توسعة مساحة البناء للفيلا بتصميم مميز وتشطيب عالي الجودة حيث تم توسعة صالة المعيشة في الدور الارضي والعلوي وتوسعة المطبخ  الداخلي والمفتوح واستحداث مخزن خارجي بمساحة كبيرة
- ⁠تم تأسيس مصعد بحمولة ٥طن ثلاث طوابق.
- ⁠تم تركيب شترات بتحكم ريموت كونترول لجميع نوافذ الفيلا في الدور الأرضي والدور الثاني
- ⁠تم تأسيس مستودع خارجي (داخل الحوش) للتخزين
- ⁠تم بناء الارتداد من الجهة الغربية كتوسعة للمطبخ الداخلي وتم تأسيسه وتجهيزه بشكل كامل 
- ⁠تم اعادة دهان جميع جدران المنزل الداخليه والخارجية لضمان الجودة والشكل
- ⁠الفيلا مؤجرة حالياً بعقد مميز، حسب رغبة المالك الجديد اما الاستفادة من عقد الايجار او الإخلاء الفوري

‎*الدور الارضي:*
- مجلس بدورة مياة ومغاسل للضيوف ومقلط ومطبخ واسع وصالة ارضيه كبيرة (تم توسعتها وتشطيبها بجودة عالية)و عدد (١) غرفة كبيره مستقله بدورة مياة. وعدد (٢) مستودع داخلي للتخزين.

‎*الدور الأول:*
- صالة علوية كبيرة (تم توسعتها وتشطيبها بجودة عالية) وعدد (٤) غرف نوم جميعها ماستر بدورات مياه مستقله لكل غرفة. واحده من الغرف فيها بلكونه. ويوجد عدد (١) غرفة غسيل.
- ⁠تم تركيب جبس (سقف مستعار) بتصميم عصري وجودة عاليه وتم تأسيس وتوزيع الانارة لكامل الدور الثاني (الصالة + جميع الغرف)
‎*الدور الثاني:*
‎غرفة خادمة",26.255408535722356,50.067013092950894,https://images.aqar.fm/webp/750x0/props/054401854_1786191646826.jpg,20.0,محمد بن عبدالغني بن آدم البكري,,,2026-08-08,2026-08-09,2026-09-20,510,2026-09-27,True,"3,000,000",False,فيلا
6442287,https://sa.aqar.fm/فلل-للبيع/الظهران/حي-الدوحة-الجنوبية/شارع-عبدالله-ابن-عامر-الشامي-حي-الدوحة-الجنوبية-مدينة-الظهران-المنطقة-الشرقية-6442287,"فيلا للبيع في شارع عبدالله ابن عامر الشامي, حي الدوحة الجنوبية, مدينة الظهران, المنطقة الشرقية",4000000,618,7,,,8,حي الدوحة الجنوبية,الظهران,حي الدوحة الجنوبية,"للبيع فيلا في حي الدوحة الجنوبية مساحة الفيلا 618 م
زاوية على شارعين
مسطح البناء
القبو 117.7م
الدور الارضي 253.17م
الدور الاول 270.32م
الملحق 26.46م
مواصفات الفيلا خمسة غرف نوم:
1- الغرفة الرئيسية مع حمام كبير و غرفة ملابس و مكتبة.
2- غرفتين مع دواليب ملابس . في كل غرفة حمام.
3- غرفتين مثل الجناح بينهم حمام و غرفة ملابس .
4- قبو مجلس كبير وحمام وبوفيه ومسبح.
5- مجلس رجال مع المغاسل و الحمام.
6- مجلس نساء على ديكور أندلسي مفتوح على الصالة مع المغاسل و الحمام
7- مطبخ داخلي وخارجي",26.313951,50.171307,https://images.aqar.fm/webp/750x0/props/005308958_1736927668443.jpg,12.0,عبدالاله صالح عبدالحكيم بن دايل,,,2025-10-27,2026-09-20,2026-09-20,7329,2026-09-27,True,"4,000,000",False,فيلا
6667058,https://sa.aqar.fm/فلل-للبيع/الظهران/حي-القصور/شارع-شارع-الامير-احمد-حي-القصور-مدينة-الظهران-المنطقة-الشرقية-6667058,"فيلا للبيع في شارع شارع الامير احمد, حي القصور, مدينة الظهران, المنطقة الشرقية",6000000,691,7,0.0,0.0,11,حي القصور,الظهران,حي القصور,"*للبيع فيلا في الظهران حي القصور 
مساحة 700م*

*مميزات* : 
كراج سيارات - مجلس خارجي - دورت مياه - مصعد - الدور الارضي كامل رخام - تكييف مركزي الدور الارض 

*الدور الارضي* : 
مجلس كبير - غرفة طعام - مجلس نساء كبير - صالة - مطبخ داخلي - مطبخ خارجي - دورات مياه ومغاسل

*الدور الاول* : 
5 غرف ماستر عبارة عن جناح ماستر غيه غرفة نوم وغرفة جلوس وغرفة ملابس ودورة مياه جاكوزي 
بالاضافة الى 4 غرف نوم ماستر - + صالة كبيرة 

*المحلق*
 فيه شقة عباره عن غرفيتين ماستر وصاله كبيره ومطبخ كبير
وغرفة خادمة - غرفة غسيل - سطح كبير 


الفيلا تفتح جنوب على شارع 60م",26.356417,50.150937,https://images.aqar.fm/webp/750x0/props/045530827_1776944905155.jpg,9.0,امجاد علي يعقوب بيشي,,,2026-04-23,2026-05-22,2026-09-25,2905,2026-09-27,True,"6,000,000",False,فيلا
6851954,https://sa.aqar.fm/فلل-للبيع/الظهران/حي-القشلة/شارع-ابو-ثعلبة-الانصاري-حي-الصفاء-مدينة-الدمام-المنطقة-الشرقية-6851954,"فيلا للبيع في شارع ابو ثعلبة الانصاري, حي الصفاء, مدينة الدمام, المنطقة الشرقية",900000,234,4,0.0,0.0,0,حي القشلة,الظهران,حي القشلة,"🏷️   رقم الاعلان :  2001   🏷️
🏡    فيللا عصرية للبيع      🏡
📍    الدمام  / حي الصفا  📍
📐    المساحة : 234م²   الشارع  .20م شرق  🛣️
💫 مميزات  : قريب جميع الخدمات البيع شامل مكيفات ومطبخ راكب وسستم كاميرات  💫
🏠 الطابق الارضي 
حوش / مجلس رجال مع دورة مياه  /صاله مع دورة مياه /مطبخ مقفول  🏠
🏠 الطابق الاول
 1 غرفه ماستر / 2غرفه مع دورة مياه  🏠
🏠 الملحق  :
 غرفة خادمه ماستر /غرفة غسيل/ صاله سطح 🏠
🗂️  ""جميع الضمانات كود سعودي ""  🗂️
💰 السعر : 900.000💰",26.380355,50.184217,https://images.aqar.fm/webp/750x0/props/055028080_1788248131200.jpg,1.0,رائد الزهراني,مؤسسة رائد احمد الزهراني التجارية,1.0,2026-09-01,2026-09-01,2026-09-20,277,2026-09-27,True,"900,000",False,فيلا
6477656,https://sa.aqar.fm/فلل-للبيع/الظهران/حي-القشلة/حي-الصفاء-مدينة-الدمام-المنطقة-الشرقية-6477656,"فيلا للبيع في حي الصفاء, مدينة الدمام, المنطقة الشرقية",940000,232,5,,,0,حي القشلة,الظهران,حي القشلة,"♟️ أعلآن رقم 7037♟️
📍الخبر حي الصفا الراكه📍 
     متبقي وحده  خلفية  
          دبلكس متصله
           مطبخ راكب 
       6 مكيفات اسبلت 
  🛣️ شارع 20 شرق 🌅
       مساحه 234
   ❕كراج حوش❕
   
   ⬅️الدور الاول
• مجلس رجال مع دورة مياه
• صاله دورة مياه  
• مطبخ راكب مقفول 
     ⬅️الدور الثاني
•1غرفه نوم  ماستر
2غرفه مع دورة مياه 
• صاله

           ⬅️الملحق
غرفة خادمه مع دورة مياه 
غرفة غسيل 
صاله مع دورة مياه وسطح 
جميع الضمانات كود سعودى 
تأمين شركة التعاونيه 
سعر الخلفيه 940 الف 💰",26.3804,50.183481,https://images.aqar.fm/webp/750x0/props/041942300_1763895567448.jpg,1.0,سعد العتيبي,مؤسسة الحلم المستهدف للمقاولات المعمارية العامة,1.0,2025-11-23,2025-11-23,2026-07-14,2407,2026-09-27,True,"940,000",False,فيلا
6423016,https://sa.aqar.fm/فلل-للبيع/الظهران/حي-الدوحة-الجنوبية/شارع-الامير-احمد-مدينة-الظهران-المنطقة-الشرقية-6423016,"فيلا للبيع في شارع الامير احمد, مدينة الظهران, المنطقة الشرقية",2300000,404,5,5.0,2.0,0,حي الدوحة الجنوبية,الظهران,حي الدوحة الجنوبية,"*للبيع فلل منفصله بموقع مميز بالدوحه الجنوبيه*

☆المساحة: ٤٠٤ م
☆الاتجاه: شرق
☆الشارع: ٢٠ م
☆ مسطح البناء: ٥٧٦ م

✨ *مميزات الفلل*✨
▪︎ البناء ( شخصي )على الكود السعودي بإستخدام أفضل المواد
▪︎ قواعد شريطيه كبيره - طابوق المنارتين - اسلاك وكيابل الرياض - الكهربا بضمانات تصل الى ٢٥ سنه - السباكه حراري ضمان ١٥ سنه
▪︎ عازل للسطح حراري ومائي بمواد امريكيه ضمان ١٠ سنوات
▪︎ تأمين على المبنى ١٠ سنوات من شركة ملاذ
▪︎مساحات واسعه بتصميم عصري
▪︎ تأسيس مصعد
▪︎ تكييف كونسلت في صالة الدور الارضي
▪︎النوافذ كبيره وكاتمه للصوت ومضاده للكسر
▪︎ ضمانات على أغلب التركيبات تصل إلى25سنه
▪︎المواد الصحيه معلقه والخلاطات ماركة جروهي
▪︎ تنفيذ ابهار للتطوير العقاري مقاول مصنف من البلديه ومعتمد من وزارة الاسكان

*الدور الأرضي*:

حوش/ كراج/ مجلس رجال /مغاسل/ دورة مياه/ غرفة طعام/  صاله واسعه /  تأسيس مصعد/ دورة مياه/ مطبخ/ غرفة خامة / غرفة غسيل / دورة مياه 

*الدور الأول*:
غرفة نوم رئيسيه مع غرفة ملابس ودورة مياه /   صاله  / غرفة نوم ماستر اخرى / غرفتين نوم بينهم دورة مياه

*الملحق*:
غرفة نوم / دورة مياة 

*السعر* :
2, مليون و400 الف

✨ ملحوظه : الموقع غير دقيق يرجي التواصل للمعاينه 👌🏻",26.318177,50.166828,https://images.aqar.fm/webp/750x0/props/003411614_1789642197248.jpg,13.0,هيا الغامدي,مؤسسة ركن النجاح للعقارات,1.0,2025-10-13,2026-09-16,2026-09-26,6244,2026-09-27,True,"2,300,000",False,فيلا
6859980,https://sa.aqar.fm/فلل-للبيع/الظهران/حي-القشلة/شارع-سهل-بن-حنيف-حي-الحسام-مدينة-الدمام-المنطقة-الشرقية-6859980,"فيلا للبيع في شارع سهل بن حنيف, حي الحسام, مدينة الدمام, المنطقة الشرقية",1650000,300,9,,,0,حي القشلة,الظهران,حي القشلة,"للبيع | فيلا جديدة فاخرة في حي الحسام
📍 الموقع: حي الحسام – شارع 18 جنوب
🏡 مساحة الأرض: 300 م²
🏗️ مسطح البناء: 457 م²
✨ بناء شخصي وفق الكود السعودي
🛡️ تأمين ضد العيوب

🏠 تفاصيل الفيلا
الدور الأرضي:

صالة واسعة
مجلس
غرفة طعام
مطبخ
دورتا مياه مع مغاسل للضيوف
الدور الأول:

صالة
بوفيه
جناح نوم رئيسي كبير
3 غرف نوم ماستر إضافية
الملحق:

صالة كبيرة بإطلالة على السطح
دورة مياه
غرفة عاملة مع دورة مياه خاصة
غرفة غسيل
مستودع
⭐ المميزات الإضافية
تأسيس مصعد
خزان مياه أرضي وعلوي
سخان مركزي
كراسي معلقة
تصميم عملي واستغلال ممتاز للمساحات
تشطيب فاخر
فيلا جديدة مناسبة للسكن أو الاستثمار
رقم الموظف 1102",26.38784,50.169334,https://images.aqar.fm/webp/750x0/props/054424773_1788695973935.jpg,11.0,يوسف بن سامى بن عادل فيصل,شركة حلم المسكن العقارية,1.0,2026-09-06,2026-09-06,2026-09-21,533,2026-09-27,True,"1,650,000",False,فيلا
6802740,https://sa.aqar.fm/فلل-للبيع/الظهران/حي-القشلة/شارع-الزيزفون-حي-الحسام-مدينة-الدمام-المنطقة-الشرقية-6802740,"فيلا للبيع في شارع الزيزفون, حي الحسام, مدينة الدمام, المنطقة الشرقية",4500000,700,4,5.0,1.0,4,حي القشلة,الظهران,حي القشلة,"🏡 فيلا في حي الحسام خلف الغرفة التجاريه 

• مساحة الارض :700 م 
• عرض الشارع 18 
• الواجهه : شمال
• عمر العقار مع البناء : اربع سنوات ( جديد لم يسكن ) 

✨الدور الأرضي: 

• غرفة سائق و دورة مياه
• حوش واسع + قراج 
• ديوانية خارجيه  +دورة مياه 
• مسبح
• مجلس 
• غرفة طعام 
• صالة بإطلالة على المسبح
• مجلس نساء 
• مطبخ مستقل راكب
• 2 دورة مياه

✨الدور الاول: 

• غرفة سوبر ماستر ( دبلوكس طابقين مكونه من مجلس ودورة مياه والطابق الثاني نوم مع حديقه مخدومه بمصعد ) 
• ثلاث غرف نوم ماستر

✨الدور الثاني :

• غرفة عاملة 
• دورة مياه
• غرفة غسيل

✅ مصعد راكب  متبقي المكينه 

💰 قيمة العقار : 

4,500,000

صافي

📞 للتواصل والمعاينة: 

((الرقم يظهر عند الضغط على اتصال))",26.387417,50.172733,https://images.aqar.fm/webp/750x0/props/017657523_1785705470874.jpg,11.0,بسمه ظافر بن ظافر القرني,مؤسسة ميثاق الأملاك العقارية,1.0,2026-08-02,2026-09-01,2026-09-26,957,2026-09-27,True,"4,500,000",False,فيلا
6844284,https://sa.aqar.fm/فلل-للبيع/الظهران/حي-الدوحة-الجنوبية/شارع-العباس-حي-الدوحة-الجنوبية-مدينة-الظهران-المنطقة-الشرقية-6844284,"فيلا للبيع في شارع العباس, حي الدوحة الجنوبية, مدينة الظهران, المنطقة الشرقية",12000000,2535,7,0.0,0.0,11,حي الدوحة الجنوبية,الظهران,حي الدوحة الجنوبية,"قصر خاص وفاخر للبيع

الظهران – حي الدوحة

قصر مميز في موقع استراتيجي بأحد أرقى أحياء الظهران، يتميز بمساحاته الرحبة وخصوصيته العالية، مع سهولة الوصول للطرق الرئيسية والخدمات.

المساحة: 2,536 م²
الواجهات: 3 واجهات على 3 شوارع

مميزات القصر

* موقع مرتفع وأرض صلبة منذ التأسيس.
* مجدد بالكامل قبل 3 سنوات.
* مكيف بالكامل كونسيلد ومركزي.
* أنظمة سلامة من شركة أرامكو.
* مؤثث.
* خصوصية عالية وسهولة في الوصول.
* إطلالات مفتوحة وتهوية ممتازة.
* 3 مداخل مستقلة للفيلا.

الدور الأرضي

* غرفة طعام.
* صالات استقبال.
* مطبخ داخلي.
* مطبخ خارجي.

الدور الأول

* 4 غرف نوم ماستر، لكل غرفة دورة مياه.
* جناح ماستر مكوّن من غرفة ماستر وغرفتين ودورة مياه.

الدور الثاني

* غرفتا نوم.
* دورة مياه.

القبو

بمساحة الفيلا كاملة، ويضم:

* غرفة ضيوف.
* مكتبة.
* مطبخ.
* دورتَي مياه.
* 3 صالات.
* مكيف بالكامل.

الحوش والمرافق الخارجية

* حديقة كبيرة.
* مسبح مع كوش ودورة مياه.
* مجلس خارجي مع دورة مياه.

الموقع

الظهران – الدوحة (مخطط جامعة البترول سابقًا)
قريب من جامعة الملك فهد للبترول والمعادن، مع سهولة الوصول إلى الخبر والدمام والظهران عبر الطرق الرئيسية.

رقم الترخيص

مجموعة الفالح للخدمات العقارية",26.314471,50.156697,https://images.aqar.fm/webp/750x0/props/045530826_1787827507618.jpg,1.0,امجاد علي يعقوب بيشي,,,2026-08-27,2026-09-25,2026-09-25,428,2026-09-27,True,"12,000,000",False,فيلا
6822944,https://sa.aqar.fm/فلل-للبيع/الظهران/حي-القشلة/شارع-الزيزفون-حي-الحسام-مدينة-الدمام-المنطقة-الشرقية-6822944,"فيلا للبيع في شارع الزيزفون, حي الحسام, مدينة الدمام, المنطقة الشرقية",4100000,700,7,5.0,2.0,3,حي القشلة,الظهران,حي القشلة,$5f,26.389449,50.171857,https://images.aqar.fm/webp/750x0/props/004889131_1786746327730.jpg,12.0,دلال صالح بن عيد السبيعي,,,2026-08-14,2026-09-13,2026-09-13,549,2026-09-27,True,"4,100,000",False,فيلا
6730000,https://sa.aqar.fm/فلل-للبيع/الظهران/حي-الدوحة-الجنوبية/شارع-اوس-بن-المنذر-حي-الدوحة-الجنوبية-مدينة-الظهران-المنطقة-الشرقية-6730000,"فيلا للبيع في شارع اوس بن المنذر, حي الدوحة الجنوبية, مدينة الظهران, المنطقة الشرقية",2200000,390,5,0.0,0.0,0,حي الدوحة الجنوبية,الظهران,حي الدوحة الجنوبية,"*للبيع فلل منفصله بموقع مميز بالدوحه الجنوبيه*

☆المساحة: ٣٩٠ م
☆الاتجاه: شرقيه 
☆الشارع: ٢٠ م 
☆ مسطح البناء: ٥٨٣ م

✨ *مميزات الفلل*✨
▪︎ البناء ( شخصي )على الكود السعودي بإستخدام أفضل المواد
▪︎ قواعد شريطيه كبيره - طابوق المنارتين - اسلاك وكيابل الرياض - الكهربا بضمانات تصل الى ٢٥ سنه - السباكه حراري ضمان ١٥ سنه
▪︎ عازل للسطح حراري ومائي بمواد امريكيه ضمان ١٠ سنوات
▪︎ تأمين على المبنى ١٠ سنوات من شركة ملاذ
▪︎مساحات واسعه بتصميم عصري
▪︎ تأسيس مصعد
▪︎ تكييف كونسلت في صالة الدور الارضي
▪︎النوافذ كبيره وكاتمه للصوت ومضاده للكسر
▪︎ ضمانات على أغلب التركيبات تصل إلى25سنه
▪︎المواد الصحيه معلقه والخلاطات ماركة جروهي
▪︎ تنفيذ ابهار للتطوير العقاري مقاول مصنف من البلديه ومعتمد من وزارة الاسكان

*الدور الأرضي*:

حوش/ كراج/ مجلس رجال /مغاسل/ دورة مياه/ غرفة طعام/  صاله واسعه /  تأسيس مصعد/ دورة مياه/ مطبخ

*الدور الأول*:
غرفة نوم رئيسيه مع غرفة ملابس ودورة مياه /   صاله  / غرفة نوم ماستر اخرى / غرفتين نوم بينهم دورة مياه

*الملحق*:
غرفة نوم / غرفة خامة / غرفة غسيل / دورة مياه",26.326092,50.170683,https://images.aqar.fm/webp/750x0/props/036047939_1781273652997.jpg,13.0,فاطمه مطر جويعد العتيبي,,,2026-06-12,2026-09-07,2026-09-20,1634,2026-09-27,True,"2,200,000",False,فيلا
6763654,https://sa.aqar.fm/فلل-للبيع/الظهران/حي-القشلة/شارع-6ب-حي-الصفا-الدمام-الدمام-6763654,فيلا للبيع في شارع 6ب ، حي الصفا ، الدمام ، الدمام,2100000,575,5,5.0,3.0,17,حي القشلة,الظهران,حي القشلة,"البيت في حاله ممتازه مع صيانه دائمه و يتكون من الدور الارض يشتمل علي مجلس و حمام رجال،  غرفة طعام، غرفة عائله، غرفة حريم مطبخ و حمام حريم 
الدور الاول يتكوم من صاله، و غرفتين مشتركتين في حمام و ٣ غرف ماستر . دور العلوي يتكون من ملحق عامله منزليه و منطقة الغسلات.  الحوش يتكون ملح سواق و كراج يسع لسيرتين و حديقه مع حمام خارجي و منطقة شوي. البيت مجهز بمكيفات اسبلت حار بار و سخان ماء مركزي الطلاء الخرجي بروفيل بلكامل. الطلاء الخارجي بروفيل بلكامل",26.378052,50.187046,https://images.aqar.fm/webp/750x0/props/023741730_1783424872739.jpg,25.0,طلال مصطفى جمعه السودانى,,,2026-07-07,,2026-09-18,72,2026-09-27,False,طلب تسويق,False,فيلا
6873049,https://sa.aqar.fm/فلل-للبيع/الظهران/حي-ارامكو-السعودية/شارع-الظهران-حي-الظهران-مدينة-الظهران-المنطقة-الشرقية-6873049,"فيلا للبيع في شارع الظهران, حي الظهران, مدينة الظهران, المنطقة الشرقية",4300000,671,7,0.0,0.0,5,حي ارامكو السعودية,الظهران,حي ارامكو السعودية,"فيلا راقيه  للبيع 
بحي اجيال المنطقه الشرقيه الظهران ارامكو
مساحه 
٦٧١ متر٢
زاويه 
موقع استراتيجي بجانب ا لحديقه 
الفيلا 
فيها تعديلات مسبح خارجي 
وتكييف 
ودواليب مطبخ",26.266404,50.071388,,,جواهر عبدالله,,,2026-09-13,2026-09-13,2026-09-23,120,2026-09-27,True,"4,300,000",False,فيلا
6508135,https://sa.aqar.fm/فلل-للبيع/الظهران/حي-القشلة/شارع-6ب-حي-الصفا-الدمام-الدمام-6508135,فيلا للبيع في شارع 6ب ، حي الصفا ، الدمام ، الدمام,2200000,575,5,4.0,3.0,16,حي القشلة,الظهران,حي القشلة,"البيت في حاله ممتازه مع صيانه دائمه و يتكون من الدور الارض يشتمل علي مجلس ر حمام رجال،  غرفة طعام، غرفة عائله، غرفة حريم مطبخ و حمام حريم 
الدور الاول يتكوم من صاله، و غرفتين مشتركتين في حمام و ٣ غرف ماستر . دور العلوي يتكون من ملحق عامله منزليه و منطقة الغسلات.  الحوش يتكون ملح سواق و كراج يسع لسيرتين و حديقه مع حمام خارجي و منطقة شوي. البيت مجهز بمكيفات اسبلت حار بار و سخان ماء مركزي الطلاء الخرجي بروفيل بلكامل",26.378134,50.187,https://images.aqar.fm/webp/750x0/props/023741730_1765818331656.jpg,28.0,طلال مصطفى جمعه السودانى,,,2025-12-15,,2026-09-18,258,2026-09-27,False,طلب تسويق,False,فيلا
6823369,https://sa.aqar.fm/فلل-للبيع/الظهران/حي-القشلة/شارع-الزيزفون-حي-الحسام-مدينة-الدمام-المنطقة-الشرقية-6823369,"فيلا للبيع في شارع الزيزفون, حي الحسام, مدينة الدمام, المنطقة الشرقية",4100000,700,7,3.0,4.0,3,حي القشلة,الظهران,حي القشلة,,26.389449,50.171857,,,اسماء محمد,,0.0,2026-08-15,2026-09-13,2026-09-25,484,2026-09-27,True,"4,100,000",False,فيلا
6837651,https://sa.aqar.fm/فلل-للبيع/الظهران/حي-تهامة/شارع-عطاء-بن-ابي-رباح-حي-تهامة-مدينة-الدمام-المنطقة-الشرقية-6837651,"فيلا للبيع في شارع عطاء بن ابي رباح, حي تهامة, مدينة الدمام, المنطقة الشرقية",1650000,283,5,0.0,0.0,0,حي تهامة,الظهران,حي تهامة,"*3 فلل مفصولة بحي تهامة (البندرية) بالظهران*

*(آخر فيلا)فيلا رقم 1️⃣*
💠مساحة أرض الفلة 283.12 متر
💠مسطح البناء الفلة 525.79 متر
💠دورين وملحق .
⭕السعر :
*‏1,650,000 ريال*

فيلا رقم 2️⃣ *(الزاوية)مباع*

*فيلا رقم 3️⃣ مباع*

❇️ المواصفات 

🔸*تنفيذ بناء الكود السعودي الجديد*
🔸تامين ضد العيوب الخفية
🔸التنفيذ تحت إشراف هندسي متكامل.
🔸شهادة استدامة بجودة مراحل البناء من وزارة الاسكان
🔸تصميم وتشطيب راقي جدا
🔸استغلال للمساحات
🔸حوش كبير
🔸استخدام ألواح سيراميك

🌑الموقع: 

https://maps.app.goo.gl/fLM5Cx2eYEx174Qi9

🎯 رابط الانستقرام:

https://instagram.com/arja_properties?igshid=YmMyMTA2M2Y=

📞 *للتواصل والاستفسار*
✒ *مجموعة أرجاء العقارات والمقاولات*
📱 *((الرقم يظهر عند الضغط على اتصال))*
📱 *((الرقم يظهر عند الضغط على اتصال))*",26.350065,50.127547,https://images.aqar.fm/webp/750x0/props/015379438_1788195454545.jpg,21.0,هاشم حيدر بن حسين السمين,,,2026-08-23,2026-09-22,2026-09-22,886,2026-09-27,True,"1,650,000",False,فيلا
6893940,https://sa.aqar.fm/فلل-للبيع/الظهران/حي-القصور/شارع-الحوطة-حي-القصور-مدينة-الظهران-المنطقة-الشرقية-6893940,"فيلا للبيع في شارع الحوطة, حي القصور, مدينة الظهران, المنطقة الشرقية",2200000,304,6,0.0,0.0,11,حي القصور,الظهران,حي القصور,"للبيع فيلا بحي القصور 
مساحتها 305 متر
تتكون من مجلس - مقلط - صالة عائلية - غرفة ضيوف - مطبخ 
 4 غرف نوم بمنافعها 
وحوش وكراج 
وغرفة سائق 
الفيلا مجددة بالكامل",26.350015,50.143781,https://images.aqar.fm/webp/750x0/props/002605826_1790518030733.jpg,1.0,علي بن مبارك بن علي الشهرانى,مؤسسة مكتب قصر العقار العقاري,1.0,2026-09-27,2026-09-27,2026-09-27,0,2026-09-27,True,"2,200,000",False,فيلا
6722415,https://sa.aqar.fm/فلل-للبيع/الظهران/حي-القشلة/حي-الصفاء-مدينة-الدمام-المنطقة-الشرقية-6722415,"فيلا للبيع في حي الصفاء, مدينة الدمام, المنطقة الشرقية",2000000,575,5,0.0,0.0,11,حي القشلة,الظهران,حي القشلة,"الراكة الشمالية -  حي الصفا 
للبيع فيلا نظيفة جداً وبناء شخصي 
مكيفة مكيفات سبلت يورك حار بارد 

المساحة 575 متر
شارع 15 شرق 
العمر 15 سنوات 
عوازل - صيانة دورية 

تتكون من حديقة وكراج وغرفة سائق 

الدور الارض 
صالة ومجلس رجال و مجلس نساء وغرفة طعام ومطبخ وغرفة غسيل ودورتين مياة 

الدور الاول 
يتكون من صالة و 3 غرف نوم ماسنر وغرفتين بينهم دورة مياه 

الدور الثاني 
غرفة عاملة - دورة مياة - سطح 

السعر 2 مليون ريال  

ملاحظة : الارض المقابله للفيلا في مخطط الحي حديقه",26.3779,50.186902,https://images.aqar.fm/webp/750x0/props/002310842_1780831196386.jpg,3.0,ايمان بنت عبدالرزاق بن عبدالستار الطائي,مؤسسة مكتب مستطيلات البناء للخدمات العقارية,1.0,2026-06-07,2026-08-04,2026-09-02,1564,2026-09-27,True,"2,000,000",False,فيلا
6838548,https://sa.aqar.fm/فلل-للبيع/الظهران/حي-الدوحة-الجنوبية/شارع-العباس-حي-الدوحة-الجنوبية-مدينة-الظهران-المنطقة-الشرقية-6838548,"فيلا للبيع في شارع العباس, حي الدوحة الجنوبية, مدينة الظهران, المنطقة الشرقية",12000000,2535,7,0.0,0.0,11,حي الدوحة الجنوبية,الظهران,حي الدوحة الجنوبية,"قصر  خاص فاخر للبيع  مع الاثاث مساحته ٢٥٣٦
موقع استراتيجي ومميز  مخطط جامعه البترول سابقه الظهران الدوحه على ٣ واجهات ( ٣ شوارع ) من أفضل الاحياء الراقيه في الشرقيه  موقع مرتفع وارض صلبه من الاساس 
مجدد بالكامل قبل 3 سنوات 
حوش بمساحة ممتاز، كبيره وحديقة، مسبح مع كوخ و دورة مياه ، مجلس خارجي مع دورة مياة 
مطبخ داخلي * مطبخ خارجي  
٣ مداخل للفلة، الدور الارضي صالات استقبال، غرفة طعام، مطبخ مجهز 
الدور الاول 4 غرف نوم بدورات مياة، جناح غرفة ماستر مع غرفتين و دورة مياة 
الدور الاخير 2 غرفة مع دورة مياة 
قبو بمساحة الفله مكيف بالكامل، 3 صالات، دورتين مياة، غرف ضيوف، مكتبه، مطبخ 
الفله مكيفة بالكامل مركزي و كونسيلد  ، 
**القصر  مستوحاه  من انظمه وسلامه شركه ارامكو 
لا زال المالك ساكن في القصر . 
يوجد صور ،، عند الطلب",26.314471,50.156697,https://images.aqar.fm/webp/750x0/props/012092221_1788265315357.jpg,1.0,حسين بن عبدالعزيز بن فالح الفالح,مكتب الفالح للخدمات العقارية,1.0,2026-08-24,2026-09-22,2026-09-25,475,2026-09-27,True,"12,000,000",False,فيلا
6716027,https://sa.aqar.fm/فلل-للبيع/الظهران/حي-القشلة/شارع-السنبلة-حي-الحسام-مدينة-الدمام-المنطقة-الشرقية-6716027,"فيلا للبيع في شارع السنبلة, حي الحسام, مدينة الدمام, المنطقة الشرقية",1850000,664,5,0.0,0.0,0,حي القشلة,الظهران,حي القشلة,"دبلوكسين حي الحسام
متصل منفصل انشائي 
المساحه / ٣٣٠م
تشطيب فاخر بمواد عالية الجوده ( بناء شخصي )
كل دوبلكس مكون من :
الدور الأرضي :
مدخل مستقل - كراج
غرفة سائق + حمام 
خزان ارضي 
مجلس رجال - مقلط - مغاسل دورة مياه 
مجلس نساء دورة مياه 
غرفة مصعد 
صاله مطله على المسبح 
مطبخ مفتوح - مطبخ داخلي - مخزن - غرفة غسيل 

الدور الأول 
غرفة نوم ماستر غرفة ملابس 
غرفتين نوم بحماماتها 
صاله - بوفيه 

الملحق 
غرفه بحمام مطله عالسطح 
غرفة  بحمام 
غرفة غسيل - مخزن 

السعر قابل للتفاوض",26.390169,50.169712,https://images.aqar.fm/webp/750x0/props/052805176_1780405458410.jpg,8.0,خالد بن حمد بن علي اليامي,شركة مراسيم للخدمات العقارية,1.0,2026-06-02,2026-09-26,2026-09-26,2496,2026-09-27,True,"1,850,000",False,فيلا
6654666,https://sa.aqar.fm/فلل-للبيع/الظهران/حي-الدوحة-الجنوبية/شارع-زيد-بن-ثابت-حي-الدوحة-الجنوبية-مدينة-الظهران-المنطقة-الشرقية-6654666,"فيلا للبيع في شارع زيد بن ثابت, حي الدوحة الجنوبية, مدينة الظهران, المنطقة الشرقية",2300000,300,6,5.0,2.0,0,حي الدوحة الجنوبية,الظهران,حي الدوحة الجنوبية,"( للبيع من المالك بدون سعي ) 
فيلا مفصوله مميزه بالتشطيب  مساحة الارض للفيلا  ٣٠٠ م 
الاطوال ١٥م على الشارع في عمق ٢٠م

السعر للفيلا  : مليونين و ٣٠٠ الف تسليم مفتاح ومتاح الحجز من الان 

✨مميزات الفيلا✨
▪︎ البناء شخصي على الكود السعودي بإستخدام أفضل المواد في البناء والتشطيب ( عالي الجوده )
▪︎ قواعد شريطيه كبيره - طابوق المنارتين - اسلاك وكيابل الرياض 
▪︎ السباكه حراري ضمان ١٥ سنوات
▪︎ عازل للسطح حراري ومائي بمواد امريكيه ضمان ١٠ سنوات
▪︎ تأمين على الهيكل الانشائي ١٠ سنوات من شركة ملاذ
▪︎ تأسيس مصعد 
▪︎  والمزيد من المميزات التفاصيل عبر الواتس اب .",26.315375,50.161563,https://images.aqar.fm/webp/750x0/props/010426835_1790057879811.jpg,3.0,بندر العتيبى,مؤسسة ابهار للتطوير العقاري,1.0,2026-04-14,2026-09-06,2026-09-27,2108,2026-09-27,True,"2,300,000",False,فيلا
6641271,https://sa.aqar.fm/فلل-للبيع/الظهران/حي-ارامكو-السعودية/شارع-البدع-حي-أجيال-الظهران-الدمام-6641271,"فيلا للبيع في شارع 4429830, حي الظهران, مدينة الظهران, المنطقة الشرقية",1800000,412,7,5.0,2.0,3,حي ارامكو السعودية,الظهران,حي ارامكو السعودية,"فيلا بناء ٣٥٠ وارض ٤١٢م مميزة على ثلاث شوارع أمام حديقة وموقع هادئ. قريبة من مدارس الحي. ولكن بعيدة عن زحمة دخول وخروج المدارس في منطقة على شكل حرف U
لايشترط موظف ارامكو

العقار مرهون لارامكو
يجب فك الرهن من ارامكو ومن ثم تحويل العقار للمالك الجديد.

الفيلا مؤجرة استثمار سنوي بمبلغ ٧٢٥٠٠ دفعتين او ٧٥٠٠٠ دفعه بعقد ممتد",26.254679,50.069111,https://images.aqar.fm/webp/750x0/props/041743195_1775323408194.jpg,4.0,مازن بن على بن سعيد الزهراني,,,2026-04-04,2026-04-04,2026-09-22,3818,2026-09-27,True,"1,800,000",False,فيلا
6837658,https://sa.aqar.fm/فلل-للبيع/الظهران/حي-القشلة/حي-الراكة-الشمالية-مدينة-الدمام-المنطقة-الشرقية-6837658,"فيلا للبيع في حي الراكة الشمالية, مدينة الدمام, المنطقة الشرقية",1285000,199,4,0.0,0.0,0,حي القشلة,الظهران,حي القشلة,"*فلل أرجاء الراكة بالخبر*

16 فيلا بالراكة الشمالية

💠تبدأ مساحة الأرض من 133م و مسطح البناء 250م. 
💠دورين وملحق .

⭕*الأسعار تبدأ من 885 الف ريال*

❇️ المواصفات 

🔸سكاي لايت
🔸تنفيذ البناء طبقا للكود السعودي
🔸تامين ضد العيوب الخفية
🔸التنفيذ تحت إشراف هندسي متكامل.
🔸تصميم وتشطيب راقي جدا
🔸استغلال للمساحات
🔸مطابخ جاهزة

1: ~محجوز~ 
2: 1,030,000  SARامامي 
3:  1,030,000  SARامامي 
4:985,000 SAR خلفي
5: 965,000 SARخلفي 
6:~محجوز~
7 : ~محجوز زاويه~
8: ~محجوز~ 
9: 1,085,000 SAR امامي 
10: ‏1,285,000 SARزاويه
11: 985,000 SAR امامي
12: 965,000 SARخلفي 
13: ~محجوز~
14: ~محجوز~ 
15: 885,000 SARخلفي 
16: ~محجوز~


📍الموقع https://maps.app.goo.gl/DfQhQcQW8KPa6Umz7?g_st=ipc

🧷 https://www.instagram.com/arja_properties?igsh=MTlrcW51ajYybWZycg==

📞 *للتواصل والاستفسار*
✒ *مجموعة أرجاء العقارات والمقاولات*
📱 *((الرقم يظهر عند الضغط على اتصال))*
📱 *((الرقم يظهر عند الضغط على اتصال))*",26.37186,50.184375,https://images.aqar.fm/webp/750x0/props/015379435_1788193725204.jpg,23.0,هاشم حيدر بن حسين السمين,,,2026-08-23,2026-09-22,2026-09-22,850,2026-09-27,True,"1,285,000",False,فيلا
6764359,https://sa.aqar.fm/فلل-للبيع/الظهران/حي-ارامكو-السعودية/حي-الظهران-مدينة-الظهران-المنطقة-الشرقية-6764359,"فيلا للبيع في حي الظهران, مدينة الظهران, المنطقة الشرقية",1700000,369,6,0.0,0.0,4,حي ارامكو السعودية,الظهران,حي ارامكو السعودية,"دبلكس للبيع
حي اجيال ارامكو 
امام المسجد مباشره
بالخلف مدرستين للبنات 
زاويه 
متصل من جهة واحدة 
للتواصل
واتساب 
((الرقم يظهر عند الضغط على اتصال))",26.254868,50.074896,https://images.aqar.fm/webp/750x0/props/031766060_1783930880224.jpg,10.0,جواهر عبدالله,,,2026-07-07,2026-09-04,2026-09-12,1995,2026-09-27,True,"1,700,000",False,فيلا
6666024,https://sa.aqar.fm/فلل-للبيع/الظهران/حي-ارامكو-السعودية/شارع-الدرعيه-حي-أجيال-الظهران-الدمام-6666024,"فيلا للبيع في شارع شارع الدرعيه, حي الظهران, مدينة الظهران, المنطقة الشرقية",2400000,496,5,5.0,2.0,6,حي ارامكو السعودية,الظهران,حي ارامكو السعودية,"للبيع المستعجل
من المالك مباشرة وبدون سعي

📍 الموقع: حي أجيال أرامكو
📐 المساحة: 500 م²

المواصفات:

* 🛏️ خمس غرف نوم
* 🛁 سبع دورات مياه
* 🛋️ صالتان (واحدة بالدور الأول وواحدة بالدور الثاني)
* 🏡 مجلس 
* 🚗 كراج سيارات يكفي سيارتين
* ❄️ مكيفات في جميع الغرف + سخان مركزي
* 🧱 البيت معزول بالكامل

مميزات الفيلا:

* على شارع ٣٠
* دقيقتين مشي من الحدائق وألعاب الأطفال ومدرسة اجيال
* متوفر إنترنت فايبر
* حي جديد وراقي

معلومات إضافية:

* إمكانية بيع الفيلا على أي شخص
* ساكن أول مستأجر
* مؤجرة سنويًا بـ ٦٨ ألف ريال 

💰 السعر قابل للتفاوض",26.256306,50.06921,https://images.aqar.fm/webp/750x0/props/010885306_1776873956633.jpg,4.0,,,,2026-04-22,2026-04-23,2026-07-06,1856,2026-09-27,True,"2,400,000",False,فيلا
6635887,https://sa.aqar.fm/فلل-للبيع/الظهران/حي-ارامكو-السعودية/شارع-شارع-مكه-حي-الظهران-مدينة-الظهران-المنطقة-الشرقية-6635887,"فيلا للبيع في شارع شارع مكه, حي الظهران, مدينة الظهران, المنطقة الشرقية",2000000,356,4,,,6,حي ارامكو السعودية,الظهران,حي ارامكو السعودية,"🏡 دبلكس للبيع – حي أجيال الظهران

Duplex for Sale – Ajyal District, Dhahran

📍 الموقع: حي أجيال – الظهران
📍 Location: Ajyal District – Dhahran

🔹 موقع مميز قريب من الشارع العام (سهولة الدخول والخروج)
🔹 Prime location near main road (easy access and exit)

⸻

🔸 المساحة: 356.8 م²
🔸 Area: 356.8 sqm

🔸 الواجهة: شرقية
🔸 Facing: East

🔸 نوع العقار: دبلكس
🔸 Property Type: Duplex

⸻

🛏️ التفاصيل | Details:
	•	4 غرف نوم (منها غرف ماستر)
4 Bedrooms (including master rooms)
	•	صالة عائلية
Family living room
	•	مجلس + غرفة طعام
Majlis + Dining room
	•	5 دورات مياه
5 Bathrooms
	•	مطبخ
Kitchen
	•	غرفة خادمة + غرفة غسيل
Maid’s room + Laundry room
	•	موقف سيارة
Parking space

⸻

✨ المميزات | Features:
	•	موقع استراتيجي قريب من الشارع العام
Strategic location near main road
	•	سهولة الوصول والخروج
Easy access and exit
	•	حي راقي وهادئ
Quiet and upscale neighborhood
	•	قريب من جميع الخدمات
Close to all amenities
	•	تصميم عملي مناسب للعائلات
Practical family-friendly design

⸻

💰 السعر | Price:
2,000,000 SAR (Negotiable)

📞 للتواصل | Contact:
0568300022",26.273723,50.071958,https://images.aqar.fm/webp/750x0/props/004783303_1775219517282.jpg,18.0,خالد محمد عبدالغفور الشيخ,مؤسسة خالد محمد عبدالغفور الشيخ للخدمات العقارية,1.0,2026-03-30,2026-09-21,2026-09-21,1150,2026-09-27,True,"2,000,000",False,فيلا
6606274,https://sa.aqar.fm/فلل-للبيع/الظهران/حي-القشلة/شارع-أبو-فضالة-الانصاري-حي-الحسام-الدمام-الدمام-6606274,فيلا للبيع في شارع أبو فضالة الانصاري ، حي الحسام ، الدمام ، الدمام,4400000,700,5,5.0,2.0,0,حي القشلة,الظهران,حي القشلة,,26.3902,50.171066,https://images.aqar.fm/webp/750x0/props/025321075_1772102788430.jpg,1.0,عبدالله بن حمد بن يوسف القطينه,,,2026-02-26,2026-04-07,2026-09-20,2090,2026-09-27,True,"4,400,000",False,فيلا
6894460,https://sa.aqar.fm/فلل-للبيع/الظهران/حي-ارامكو-السعودية/شارع8ب-حي-الظهران-مدينة-الظهران-المنطقة-الشرقية-6894460,"فيلا للبيع في شارع8ب, حي الظهران, مدينة الظهران, المنطقة الشرقية",1950000,352,6,5.0,2.0,0,حي ارامكو السعودية,الظهران,حي ارامكو السعودية,,26.259203,50.071802,https://images.aqar.fm/webp/750x0/props/044481081_1790525689151.jpg,5.0,ناصر زيد,شركة سديرة العقارية,1.0,2026-09-27,2026-09-27,2026-09-27,2,2026-09-27,True,"1,950,000",False,فيلا
6534156,https://sa.aqar.fm/فلل-للبيع/الظهران/حي-القشلة/حي-الصفاء-مدينة-الدمام-المنطقة-الشرقية-6534156,"فيلا للبيع في حي الصفاء, مدينة الدمام, المنطقة الشرقية",920000,232,5,5.0,2.0,0,حي القشلة,الظهران,حي القشلة,"♟️ أعلآن رقم 7037♟️
📍الخبر حي الصفا الراكه📍 
     متبقي وحده  خلفية  
          دبلكس متصله
           مطبخ راكب 
       6 مكيفات اسبلت 
  🛣️ شارع 20 شرق 🌅
       مساحه 234
   ❕كراج حوش❕
   
   ⬅️الدور الاول
• مجلس رجال مع دورة مياه
• صاله دورة مياه  
• مطبخ راكب مقفول 
     ⬅️الدور الثاني
•1غرفه نوم  ماستر
2غرفه مع دورة مياه 
• صاله

           ⬅️الملحق
غرفة خادمه مع دورة مياه 
غرفة غسيل 
صاله مع دورة مياه وسطح 
جميع الضمانات كود سعودى 
تأمين شركة التعاونيه 
سعر الخلفيه 940 الف 💰",26.3804,50.183481,https://images.aqar.fm/webp/750x0/props/042776527_1767601755231.jpg,1.0,سعد العتيبي,مؤسسة الحلم المستهدف للمقاولات المعمارية العامة,1.0,2026-01-05,2026-09-18,2026-09-21,1827,2026-09-27,True,"920,000",False,فيلا
6856347,https://sa.aqar.fm/محلات-للبيع/الظهران/حي-الدانة-الشمالية/شارع-عمر-بن-عبد-العزيز-حي-الدانة-الشمالية-الظهران-الدمام-6856347,محل للبيع في شارع عمر بن عبد العزيز ، حي الدانة الشمالية ، الظهران ، الدمام,45000,100,,,,20,حي الدانة الشمالية,الظهران,حي الدانة الشمالية,محل للتقبيل,26.340347,50.139809,,,سالم احمد احمد هزازي,,,2026-09-03,,2026-09-03,21,2026-09-27,False,طلب تسويق,False,محل
6836788,https://sa.aqar.fm/أراضي-للبيع/الظهران/حي-هجر/شارع-بحار-حي-هجر-مدينة-الدمام-المنطقة-الشرقية-6836788,"أرض للبيع في شارع بحار, حي هجر, مدينة الدمام, المنطقة الشرقية",1680000.0,600,,,,,حي هجر,الظهران,حي هجر,"للبيع  ارض في هجر  زاوية وبجانبها مرفق  شارع جنوب ١٥   

للتواصل  والاستفسارات 

((الرقم يظهر عند الضغط على اتصال)) 

اتصال   او   واتس",26.365851,50.103996,https://images.aqar.fm/webp/750x0/props/003724152_1787483046307.jpg,5.0,فايز محمد,مؤسسة عقاري الخليج للعقارات,1.0,2026-08-23,2026-09-21,2026-09-25,452,2026-09-27,True,"1,680,000",False,أرض
6825709,https://sa.aqar.fm/أراضي-للبيع/الظهران/حي-القصور/شارع-سكاكا-حي-القصور-مدينة-الظهران-المنطقة-الشرقية-6825709,"أرض للبيع في شارع سكاكا, حي القصور, مدينة الظهران, المنطقة الشرقية",1350000.0,450,,,,,حي القصور,الظهران,حي القصور,"**للبيع أرض سكنية بموقع مميز**
📍 **حي القصور – الظهران**

▫️ **قطعة رقم:**84/1

▫️ **المساحة:** 450 م²

▫️ **الأبعاد:** 15 × 30 

▫️ **الواجهة:** شمال

▫️ **عرض الشارع:** 16 م

💰 **سعر المتر:** 3,000 ريال",26.355498,50.142754,https://images.aqar.fm/webp/750x0/props/008152001_1786892763543.jpg,1.0,زايد سعيد,مؤسسة نمو البناء العقارية,1.0,2026-08-16,2026-09-14,2026-09-26,1044,2026-09-27,True,"1,350,000",False,أرض
6411237,https://sa.aqar.fm/أراضي-للبيع/الظهران/حي-هجر/شارع-الليث-حي-هجر-مدينة-الدمام-المنطقة-الشرقية-6411237,"أرض للبيع في شارع الليث, حي هجر, مدينة الدمام, المنطقة الشرقية",2187500.0,875,,,,,حي هجر,الظهران,حي هجر,"ارض سكنية رقم 248 
للبيع في حي هجر (نزهة الخليج)

المساحة: 875 متر
جنوبية
سعر المتر: 2500 ريال

للتواصل 
((رقم المعلن يظهر عند التواصل))
((رقم المعلن يظهر عند التواصل))",26.372286,50.122158,https://images.aqar.fm/webp/750x0/props/008151863_1759663500743.jpg,1.0,حسن على محمد النمر,مكتب سبعة ادوار للخدمات العقارية,1.0,2025-10-05,2025-10-05,2026-08-26,2211,2026-09-27,True,"2,187,500",False,أرض
6712218,https://sa.aqar.fm/أراضي-للبيع/الظهران/حي-الدوحة-الجنوبية/شارع-البنفسج-حي-الدوحة-الجنوبية-الظهران-الدمام-6712218,"أرض للبيع في شارع بتران, حي الدوحة الجنوبية, مدينة الظهران, المنطقة الشرقية",3344137.5,998,,,,,حي الدوحة الجنوبية,الظهران,حي الدوحة الجنوبية,"ارض سكنية زاويه في حي الدوحه بمدينة الظهران
 
المساحه : 998.25 

الاطوال

شمالاً: 33.5م - شارع عرض 30م
جنوباً: 33.5م
شرقاً: 29.96م
غرباً: 29.96م - ممر عرض 6م

مناسبه لبناء فيلا سكنيه خاصه او للاستثمار بمشروع سكني
البيع من المالك مباشرة ولايوجد سعي 

السعر: 3,344,137 ريال سعودي",26.324274,50.173191,https://images.aqar.fm/webp/750x0/props/001313340_1780021456761.jpg,3.0,عبدالعزيز بن احمد بن نويران العنزي,,,2026-05-29,2026-05-29,2026-09-20,1604,2026-09-27,True,"3,344,138",False,أرض
6769986,https://sa.aqar.fm/أراضي-للبيع/الظهران/حي-تهامة/حي-تهامة-مدينة-الدمام-المنطقة-الشرقية-6769986,"أرض للبيع في حي تهامة, مدينة الدمام, المنطقة الشرقية",1426800.0,492,,,,,حي تهامة,الظهران,حي تهامة,"للبيع قطعتين زوايا رأس بلك في حي البندرية تهامة الظهران

* تكوين العقار: يتكون من قطعتين متجاورتين تشكلان رأس البلك بالكامل (القطعة رقم 239 والقطعة رقم 240).
* إجمالي المساحة للقطعتين: 1,084 متر مربع.

* الشوارع والمحيط: يفتح رأس القطعتين بالكامل على ثلاث واجهات بشوارع عرض 20 مترًا
* 
* سعر المتر: 2,900 ريال.
* إجمالي سعر القطعتين الزوايا معاً: 3,143,600 ريال سعودي.
* ويمكن البيع مفرد كل قطعة لحالها
وتوجد لدينا أراضي للبيع بنفس المخطط والإحياء المجاورة
((الرقم يظهر عند الضغط على اتصال))",26.352301,50.131256,https://images.aqar.fm/webp/750x0/props/002650777_1783849755292.jpg,1.0,سعد القحطاني,,0.0,2026-07-12,2026-07-12,2026-08-17,951,2026-09-27,True,"1,426,800",False,أرض
6750265,https://sa.aqar.fm/أراضي-للبيع/الظهران/حي-القصور/شارع-الامير-احمد-حي-القصور-مدينة-الظهران-المنطقة-الشرقية-6750265,"أرض للبيع في شارع الامير احمد, حي القصور, مدينة الظهران, المنطقة الشرقية",2355200.0,736,,,,,حي القصور,الظهران,حي القصور,"للبيع ارض سكنية بمدينة الظهران قابله للفرز
حي القصور
مخطط 1/360
المساحة: 736.88 م - 765م 
 1500م 
سعر المتر 3200
 تقع على شارع بعرض 60 متر 
شارع الامير احمد

السعر قابل للتفاوض",26.351348,50.155475,https://images.aqar.fm/webp/750x0/props/048760484_1784907251816.jpg,6.0,عبير عبدالرحمن,مؤسسة مكتب إعمار الشعله للخدمات العقارية,1.0,2026-06-27,2026-09-23,2026-09-26,2227,2026-09-27,True,"2,355,200",False,أرض
6854589,https://sa.aqar.fm/أراضي-للبيع/الظهران/حي-القصور/شارع-القصب-حي-القصور-مدينة-الظهران-المنطقة-الشرقية-6854589,"أرض للبيع في شارع القصب, حي القصور, مدينة الظهران, المنطقة الشرقية",2945000.0,950,,,,,حي القصور,الظهران,حي القصور,"قطعة ارض للبيع في القصور مربع الشيوخ مساحة 950 متر اطوالها 25*38 شمالية شارع 16 

قابلة للفرز 

للتواصل : ((الرقم يظهر عند الضغط على اتصال))",26.353496,50.144611,https://images.aqar.fm/webp/750x0/props/020334364_1788361817086.jpg,1.0,عمر عبدالله بن محمد الهريري,مؤسسة عمر عبدالله بن محمد الهريري العقارية,1.0,2026-09-02,2026-09-02,2026-09-26,469,2026-09-27,True,"2,945,000",False,أرض
6841753,https://sa.aqar.fm/أراضي-للبيع/الظهران/حي-القشلة/شارع-طريق-الملك-فهد-بن-عبدالعزيز-حي-الخالدية-الجنوبية-مدينة-الدمام-المنطقة-الشرقية-6841753,"أرض للبيع في شارع طريق الملك فهد بن عبدالعزيز, حي الخالدية الجنوبية, مدينة الدمام, المنطقة الشرقية",15600000.0,3000,,,,,حي القشلة,الظهران,حي القشلة,"ارض استثمارية علي طريق الملك فهد

جوار برج الموسي وجوار ملعب ارامكو

موقع استراتيجي 

ممكن تصبح برج مماثل لبرج الموسي 

او فندق  ويجي عليها تصريح محطه

موقع ممتاذ جدا

ومستقبلي 



سعر المتر 5400  وفيه تفاوض للصامل



مؤسسة برج ساره للمقاولات العامة

نسعد بخدمتكم.",26.384657,50.16344,https://images.aqar.fm/webp/750x0/props/030607351_1787689072584.jpg,1.0,عبدالله علي بن محمد القرني,مؤسسة برج سارة للعقارات,1.0,2026-08-25,2026-09-24,2026-09-26,159,2026-09-27,True,"15,600,000",False,أرض
6437493,https://sa.aqar.fm/أراضي-للبيع/الظهران/حي-القشلة/حي-القشلة-مدينة-الظهران-المنطقة-الشرقية-6437493,"أرض للبيع في حي القشلة, مدينة الظهران, المنطقة الشرقية",8000000.0,2417,,,,,حي القشلة,الظهران,حي القشلة,"قطعة ارض للبيع بموقع مميّز 

بالقرب من ملعب ارامكو 

مساحة 2417 م 


يسعدنا خدمتكم على الرقم التالي : 
((رقم المعلن يظهر عند التواصل))",26.368383,50.174511,https://images.aqar.fm/webp/750x0/props/047181805_1761239281951.jpg,1.0,محمد جمعان عمر النهدي,شركة مساكن العليا للتسويق العقاري,1.0,2025-10-23,2026-09-18,2026-09-18,1349,2026-09-27,True,"8,000,000",False,أرض
6482840,https://sa.aqar.fm/أراضي-للبيع/الظهران/حي-الجامعة/شارع-21ب-حي-الجامعة-مدينة-الظهران-المنطقة-الشرقية-6482840,"أرض للبيع في شارع 21ب, حي الجامعة, مدينة الظهران, المنطقة الشرقية",4476360.0,1119,,,,,حي الجامعة,الظهران,حي الجامعة,"أرض مدرسية على أربع شوارع
مساحة 1119 متر
المتر 4000 ريال
قابل للتفاوض مع المشتري الجاد
المشتري فقط يتواصل مكتفين من الوسطاء",26.336767,50.129804,https://images.aqar.fm/webp/750x0/props/041859214_1764193761736.jpg,2.0,أحمد زياد,,,2025-11-26,2025-11-26,2026-09-24,1948,2026-09-27,True,"4,476,360",False,أرض
6655183,https://sa.aqar.fm/أراضي-للبيع/الظهران/حي-الدوحة-الجنوبية/شارع-الدوحة-حي-الدوحة-الجنوبية-مدينة-الظهران-المنطقة-الشرقية-6655183,"أرض للبيع في شارع الدوحة, حي الدوحة الجنوبية, مدينة الظهران, المنطقة الشرقية",2376000.0,792,,,,,حي الدوحة الجنوبية,الظهران,حي الدوحة الجنوبية,"📍 فرصة استثمارية وسكنية نادرة في حي الدوحة الجنوبية
للباحثين عن التميز والموقع الاستراتيجي، نعلن عن توفر آخر قطعتين (زوايا) في مخطط رقم (701) بحي الدوحة الجنوبية. تم بيع 6 قطع من أصل 8، والمتبقي الآن هي القطع الأكثر تميزاً.
تفاصيل القطع المتاحة:
• القطعة الأولى (زاوية): رقم (4/47) - بمساحة 792.25 متر مربع.
• القطعة الثانية (زاوية): رقم (46/2) - بمساحة 898.86 متر مربع.
مميزات الموقع:
• يقع في مخطط رقم 701.
• حي الدوحة الجنوبية: أحد أرقى الأحياء المكتملة الخدمات.
• موقع مثالي لبناء فيلا سكنية فاخرة أو استثمار عقاري ناجح.
• ملاحظة: تم بيع القطع الأربع الخلفية والقطعتين الأمامية (البطن)، والمتبقي فقط الزوايا المذكورة أعلاه.
📞 للتواصل والاستفسار ومباشرة البيع:
0505273864
📍 Rare Real Estate Opportunity in South Doha District
An exceptional opportunity to own premium residential land in one of the most prestigious areas. Available now are the last two corner plots in Plan No. (701), South Doha.
Available Plots Details:
• Plot 1 (Corner): No. (4/47) – Area: 792.25 sqm.
• Plot 2 (Corner): No. (46/2) – Area: 898.86 sqm.
Why This Location?
• Located in the well-known Plan No. 701.
• South Doha District: A high-end neighborhood with full services and strategic accessibility.
• Ideal for building luxury villas or high-value real estate investments.
• Note: 6 out of 8 plots are already sold (4 rear plots & 2 front middle plots). Only these two premium corner plots remain!
📞 For inquiries and serious offers, please contact:
0505273864",26.317569,50.153626,https://images.aqar.fm/webp/750x0/props/002014843_1776188489709.jpg,2.0,ماهر بن باقر بن محمد الشخص,مؤسسة تنمية المشاريع العقارية,1.0,2026-04-14,2026-09-07,2026-09-24,1640,2026-09-27,True,"2,376,000",False,أرض
6865868,https://sa.aqar.fm/أراضي-للبيع/الظهران/حي-القشلة/شارع-الارجوان-حي-الحسام-مدينة-الدمام-المنطقة-الشرقية-6865868,"أرض للبيع في شارع الارجوان, حي الحسام, مدينة الدمام, المنطقة الشرقية",1202899.67,433,,,,,حي القشلة,الظهران,حي القشلة,"🏡 للبيع | أرض سكنية في حي الحسام

📍 موقع مميز بين الخبر والدمام
فرصة مميزة للتملك في أحد الأحياء الواعدة، بموقع استراتيجي قريب من الطرق والمواقع الحيوية، ومناسب لبناء منزل سكني 

مساحة الارض : 433م",26.386668,50.176039,https://images.aqar.fm/webp/750x0/props/012092229_1789293188618.jpg,1.0,حسين بن عبدالعزيز بن فالح الفالح,مكتب الفالح للخدمات العقارية,1.0,2026-09-09,2026-09-09,2026-09-25,173,2026-09-27,True,"1,202,900",False,أرض
6883052,https://sa.aqar.fm/أراضي-للبيع/الظهران/حي-القشلة/حي-القشلة-مدينة-الظهران-المنطقة-الشرقية-6883052,"أرض للبيع في حي القشلة, مدينة الظهران, المنطقة الشرقية",26327000.0,15000,,,,,حي القشلة,الظهران,حي القشلة,"للبيع أرض استثمارية مميزة بمساحة إجمالية 15,044م² في حي القشلة وقيمتها 52,654,000 ريال ، بموقع استراتيجي بالقرب من طريق الملك فهد، وضمن نطاق حيوي قريب من ملعب أرامكو وفندق كمبينسكي العثمان ومستشفى جاما وبرج غرفة الشرقية.

العقار مكوّن من قطعتين متجاورتين، وتتميز كل قطعة بمساحة كبيرة وشوارع بعرض 30م، والاستخدام  ارض استثمارية تجاري سكني متعدد ادوار.

أبرز المميزات:

• شوارع بعرض 30م
• موقع استراتيجي وحيوي
• قرب من طريق الملك فهد والمرافق الرئيسية
• البيع كاملًا


سعر المتر: 3,500 ريال",26.373336,50.170953,https://images.aqar.fm/webp/750x0/props/034558244_1789852407182.png,2.0,عمر غازي,مؤسسة عمر غازي الشكر,1.0,2026-09-19,2026-09-19,2026-09-24,64,2026-09-27,True,"26,327,000",False,أرض
6798184,https://sa.aqar.fm/أراضي-للبيع/الظهران/حي-القصور/شارع-11ب-حي-القصور-مدينة-الظهران-المنطقة-الشرقية-6798184,"أرض للبيع في شارع 11ب, حي القصور, مدينة الظهران, المنطقة الشرقية",5000000.0,1300,,,,,حي القصور,الظهران,حي القصور,"للبيع ارض مميزة في مخطط تلال الدوحة على ممشى التلال مساحة ١٣٠٠ م
تفتح شرق على الممشى و تفتح غرب على شارع ١٥ رقم الارض ٨٢٠ المطلوب خمسة مليون ريال صافي غير الضريبة والسعى ((الرقم يظهر عند الضغط على اتصال))",26.34871,50.149551,https://images.aqar.fm/webp/750x0/props/052765851_1785436116761.jpg,1.0,حمد بن عبدالله بن ثلاب الهاجري,,,2026-07-30,2026-08-29,2026-08-29,1185,2026-09-27,True,"5,000,000",False,أرض
6778065,https://sa.aqar.fm/أراضي-للبيع/الظهران/حي-الدوحة-الجنوبية/شارع-الشفاء-حي-الدوحة-الجنوبية-مدينة-الظهران-المنطقة-الشرقية-6778065,"أرض للبيع في شارع الشفاء, حي الدوحة الجنوبية, مدينة الظهران, المنطقة الشرقية",14000000.0,2933,,,,,حي الدوحة الجنوبية,الظهران,حي الدوحة الجنوبية,"أرض للبيع – فرصة استثمارية مميزة في الظهران

📍 الموقع: الظهران – حي الدوحة الجنوبية
📐 المساحة: 2,933 م²

✨ مميزات الأرض:

* تقع في أحد أفضل وأنشط المواقع في حي الدوحة الجنوبية.
* على 3 شوارع، مما يمنحها قيمة استثمارية عالية وسهولة في التطوير.
* قريبة من جميع الخدمات والمرافق الحيوية.
* مناسبة لإقامة مشروع سكني أو تجاري أو استثماري.

اغتنم فرصة التملك في أحد أكثر أحياء الظهران تميزًا، والمعروف بقربه من الخدمات وجودة البنية التحتية وارتفاع الطلب العقاري فيه. (sa.aqar.fm)

📞 للتواصل والاستفسار:
مكتب الإشراق للخدمات العقارية
أبو خالد العمري
التواصل على الواتس",26.319494,50.156468,https://images.aqar.fm/webp/750x0/props/011783664_1784474231270.jpg,1.0,بدر عبدالله صالح العمري,مكتب الاشراق للخدمات العقارية,1.0,2026-07-17,2026-09-13,2026-09-26,892,2026-09-27,True,"14,000,000",False,أرض
6826816,https://sa.aqar.fm/أراضي-للبيع/الظهران/حي-ارامكو-السعودية/شارع-طريق-ابوحدرية-حي-الظهران-مدينة-الظهران-المنطقة-الشرقية-6826816,"أرض للبيع في شارع طريق ابوحدرية, حي الظهران, مدينة الظهران, المنطقة الشرقية",53895108.0,134737,,,,,حي ارامكو السعودية,الظهران,حي ارامكو السعودية,"# فرصة استثمارية مميزة للبيع – أرض على طريق أبو حدرية بالظهران

📍 **موقع استراتيجي | مساحة استثنائية | فرصة تطوير واعدة**

📐 **المساحة:** 134,737 م²
🚗 **واجهة مباشرة على طريق أبو حدرية الدولي**
📍 **موقع مميز بين الدمام والظهران**

أرض بمساحة كبيرة وموقع استراتيجي، مناسبة للمطورين والمستثمرين الباحثين عن **مشاريع نوعية وفرص استثمارية واعدة**، مع إمكانات متعددة للتطوير والاستفادة من الموقع الحيوي.

🔹 مساحة إجمالية كبيرة
🔹 واجهة مباشرة على طريق دولي
🔹 موقع استراتيجي وحيوي
🔹 مناسبة لمشاريع تطوير واستثمار متعددة

**إجراءات التقسيم:**
معاملة التقسيم لدى **مكتب المراسم**، وقد استُكملت جميع الموافقات اللازمة، والمعاملة في مراحلها النهائية، ولم يتبقَّ سوى **الاعتماد النهائي وإصدار رقم التقسيم**.",26.253855,50.090863,https://images.aqar.fm/webp/750x0/props/039358329_1786972866819.png,1.0,صلاح بن مكي بن حسين بوعريش,شركة ايجاد الابتكار العقارية شركة شخص واحد,1.0,2026-08-17,2026-08-17,2026-09-21,157,2026-09-27,True,"53,895,108",False,أرض
6751364,https://sa.aqar.fm/أراضي-للبيع/الظهران/حي-الدانة-الشمالية/شارع-عمر-ابن-عبدالعزيز-حي-الدانة-الشمالية-مدينة-الظهران-المنطقة-الشرقية-6751364,"أرض للبيع في شارع عمر ابن عبدالعزيز, حي الدانة الشمالية, مدينة الظهران, المنطقة الشرقية",1650000.0,500,,,,,حي الدانة الشمالية,الظهران,حي الدانة الشمالية,"السلام عليكم ورحمة الله وبركاته

للبيع أرض مميزة بمخطط 326/1 – حي الدانة الشمالية – الظهران

رقم القطعة: 17

المساحة: 500 م²

الواجهة:
غرباً: شارع عرض 30 متر.

الأبعاد:
20 × 25 متر.

مميزات العقار:

* أرض بطن.
* واجهة غربية على شارع 30 متر.
* أبعاد منتظمة (20 × 25 متر).
* مناسبة لبناء فيلا سكنية.
* موقع مميز في حي الدانة الشمالية بمدينة الظهران.
* عداد مياه موجود.
* عداد كهرباء موجود.
* صك إلكتروني جاهز والإفراغ فوري.
* لا توجد قيود على العقار.

السعر:
1,650,000 ريال

للتواصل:
أبو مبارك
همم الشرق العقارية
((الرقم يظهر عند الضغط على اتصال))",26.336379,50.15107,https://images.aqar.fm/webp/750x0/props/033364578_1782662486827.jpg,6.0,رياض محمد شوعي مكوعي,شركة همم الشرق العقارية ,1.0,2026-06-28,2026-09-23,2026-09-26,2255,2026-09-27,True,"1,650,000",False,أرض
6808650,https://sa.aqar.fm/أراضي-للبيع/الظهران/حي-هجر/شارع-رحاب-حي-هجر-مدينة-الدمام-المنطقة-الشرقية-6808650,"أرض للبيع في شارع رحاب, حي هجر, مدينة الدمام, المنطقة الشرقية",2362500.0,875,,,,,حي هجر,الظهران,حي هجر,"قناص الخبر العقترية .

لادارة الأملاك وبيع وتسويق الاراضي و الوحدات العقارية .

🔵ارض سكنية للبيع

📍الدمام - حي هحر - بجانب ااظهران وقصر ااخليج .

- المساخة = 875 م
- الواجهه = شمال شارع عرض ١٨ م بطول 25
- جنوب جار بطول 25
- شرق وغرب جار بطول 35

قابله للفرز

📱للاستفسار :

((رقم المعلن يظهر عند التواصل))",26.370002,50.121842,https://images.aqar.fm/webp/750x0/props/003840479_1786040950014.jpg,1.0,عبدالرحمن بن وليد بن محمد القناص,مؤسسة قناص الخبر للعقارات,1.0,2026-08-06,2026-09-04,2026-09-17,451,2026-09-27,True,"2,362,500",False,أرض
6742428,https://sa.aqar.fm/أراضي-للبيع/الظهران/حي-الجامعة/شارع-السلام-مدينة-الظهران-المنطقة-الشرقية-6742428,"أرض للبيع في شارع السلام, مدينة الظهران, المنطقة الشرقية",1280000.0,400,,,,,حي الجامعة,الظهران,حي الجامعة,"ارض للبيع في الظهران حي الجامعة
مخطط 142/1
رقم القطعة : 191
مساحة : 400 م زاوية
اطوالها : 20 * 20
شارع 15 جنوبي و نافذ 8 غربي
سعر المتر  3200 ريال قابل للتفاوض",26.345259,50.134629,https://images.aqar.fm/webp/750x0/props/004196058_1782076934867.jpg,2.0,محمد علي يحيى بكري  ,,,2026-06-21,2026-09-12,2026-09-22,636,2026-09-27,True,"1,280,000",False,أرض
6411232,https://sa.aqar.fm/أراضي-للبيع/الظهران/حي-هجر/حي-هجر-مدينة-الدمام-المنطقة-الشرقية-6411232,"أرض للبيع في حي هجر, مدينة الدمام, المنطقة الشرقية",2262150.0,904,,,,,حي هجر,الظهران,حي هجر,"ارض سكنية رقم 118
للبيع في حي هجر (نزهة الخليج)

المساحه: 904 متر
غربية
سعر المتر: 2500 ريال 

للتواصل 
((رقم المعلن يظهر عند التواصل))
((رقم المعلن يظهر عند التواصل))",26.365044,50.122552,https://images.aqar.fm/webp/750x0/props/008151865_1759663096971.jpg,1.0,حسن على محمد النمر,مكتب سبعة ادوار للخدمات العقارية,1.0,2025-10-05,2025-10-05,2026-09-11,2205,2026-09-27,True,"2,262,150",False,أرض
6873844,https://sa.aqar.fm/أراضي-للبيع/الظهران/حي-القصور/شارع-العيينة-حي-القصور-مدينة-الظهران-المنطقة-الشرقية-6873844,"أرض للبيع في شارع العيينة, حي القصور, مدينة الظهران, المنطقة الشرقية",1650197.12,594,,,,,حي القصور,الظهران,حي القصور,"أرض سكنية للبيع في حي القصور، الدمام
المخطط: 452/1/ج
رقم القطعة: 16/2/ج
صك إلكتروني

الأطوال والحدود:
شمالاً: 30 متر على القطعة رقم 16/1
جنوباً: 30 متر على شارع عرض 16 متر
شرقاً: 20 متر على القطعة رقم 14
غرباً: 20 متر على شارع عرض 16 متر

المميزات:
واجهتان على شارعين عرض 16 متر من الجهتين الجنوبية والغربية
موقع زاوية مميز في حي القصور الراقي بالظهران
أبعاد منتظمة تسهّل البناء والتطوير
مناسبة لبناء فيلا سكنية أو مشروع استثماري
موقع حيوي قريب من الخدمات والمرافق
وثيقة تملك عقار إلكترونية موثقة
صك إلكتروني جاهز",26.353992,50.142927,,,مشاري عمر,شركة الرابح للتنمية العقارية المحدودة,1.0,2026-09-14,2026-09-14,2026-09-14,173,2026-09-27,True,"1,650,197",False,أرض
6815916,https://sa.aqar.fm/أراضي-للبيع/الظهران/حي-الدوحة-الجنوبية/شارع-تميم-ابن-ابي-الفتوح-حي-الدوحة-الجنوبية-مدينة-الظهران-المنطقة-الشرقية-6815916,"أرض للبيع في شارع تميم ابن ابي الفتوح, حي الدوحة الجنوبية, مدينة الظهران, المنطقة الشرقية",3679050.0,1226,,,,,حي الدوحة الجنوبية,الظهران,حي الدوحة الجنوبية,"📍ارض سكنية زاوية في حي الدوحة ( الظهران )
🔹 رقم 61


المساحة: 1,226.35متر

الاطوال: 
شمالًا: 52.33
جنوبًا: 30.4 - شارع عرض 15م
شرقًا: 30
غربًا: 37.16 - شارع عرض 40م

💰السعر: 3000﷼ للمتر 

للتواصل والاستفسار:
((الرقم يظهر عند الضغط على اتصال))
((الرقم يظهر عند الضغط على اتصال))

شركة أفيد العقارية",26.323914,50.175617,https://images.aqar.fm/webp/750x0/props/047707585_1786430413148.jpg,1.0,عبدالمجيد مطر,شركة أفيد العربية العقارية,1.0,2026-08-11,2026-09-09,2026-09-26,222,2026-09-27,True,"3,679,050",False,أرض
6789328,https://sa.aqar.fm/أراضي-للبيع/الظهران/حي-الدوحة-الجنوبية/شارع-سعد-بن-ابي-وقاص-مدينة-الظهران-المنطقة-الشرقية-6789328,"أرض للبيع في شارع سعد بن ابي وقاص, مدينة الظهران, المنطقة الشرقية",7125000.0,2375,,,,,حي الدوحة الجنوبية,الظهران,حي الدوحة الجنوبية,"✅✅✅✅✅✅✅
✅للبيع ارض بالمنطقه الشرقيه 
✅محافظة: الخبر
✅الاستخدام الحالي :سكني 
✅الموقع :حي الدوحه
✅موقع مميز مابين طريق الظهران الجبيل السريع 
والطرق المؤديه إلى ايكيا ومجمع الظهران 
✅مقابل أرامكو وجامعة الملك فهد للبترول والمعادن 
✅رقم :82/ج
✅المساحه :2375
✅على 3شوارع 
✅الاطوال:-
✅شمال قطعه رقم 81 بطول 50
✅جنوب شارع عرض 30 بطول 56
✅شرق شارع عرض 15 بطول 59
✅غرب شارع عرض 77 بطول 36
✅السوم:2900للمتر   
✅البيع قريب 
✅رقم التفويض :7200582494
✅https://linktr.ee/jahezrealestate",26.313813,50.156354,,,ثواب السبيعي,مؤسسة جاهز العقارية,1.0,2026-07-25,2026-09-21,2026-09-22,550,2026-09-27,True,"7,125,000",False,أرض
6882245,https://sa.aqar.fm/أراضي-للبيع/الظهران/حي-الدوحة-الجنوبية/شارع-تميم-ابن-ابي-الفتوح-حي-الدوحة-الجنوبية-مدينة-الظهران-المنطقة-الشرقية-6882245,"أرض للبيع في شارع تميم ابن ابي الفتوح, حي الدوحة الجنوبية, مدينة الظهران, المنطقة الشرقية",3679050.0,1226,,,,,حي الدوحة الجنوبية,الظهران,حي الدوحة الجنوبية,"للبيع ارض سكنية زاوية في الدوحة الشرقية مخطط 889/1 
بلك 5
قطعة رقم 61
مساحة  1226.35 م
 شارع 40 غرب  
شارع 15 جنوب 

السعر 3000 ريال للمتر",26.323919,50.175691,https://images.aqar.fm/webp/750x0/props/015896495_1789828274908.jpg,1.0,ناصر زيد,شركة سديرة العقارية,1.0,2026-09-19,2026-09-19,2026-09-19,37,2026-09-27,True,"3,679,050",False,أرض
6833428,https://sa.aqar.fm/أراضي-للبيع/الظهران/حي-الدوحة-الجنوبية/شارع-الملك-سعود-ابن-عبدالعزيز-سعود-حي-الدوحة-الجنوبية-مدينة-الظهران-المنطقة-الشرقية-6833428,"أرض للبيع في شارع الملك سعود ابن عبدالعزيز سعود, حي الدوحة الجنوبية, مدينة الظهران, المنطقة الشرقية",3679050.0,1226,,,,,حي الدوحة الجنوبية,الظهران,حي الدوحة الجنوبية,للبيع ارض زاويه  في الظهران حي الدوحه الجنوبيه                                                                                                                                                                                                                                                                        المساحه 1226.35م ، واجهه جنوبيه غربيه ، عرض الشارع 40م  غربي و 15م جنوبي، للتواصل على الرقم : ((الرقم يظهر عند الضغط على اتصال)),26.326784,50.177089,https://images.aqar.fm/webp/750x0/props/054851865_1787251891079.jpg,1.0,محمد بن علي بن احمد ابوخضراء,,,2026-08-20,2026-09-19,2026-09-20,322,2026-09-27,True,"3,679,050",False,أرض
6799218,https://sa.aqar.fm/أراضي-للبيع/الظهران/حي-الجامعة/شارع-الاصمعي-حي-الجامعة-مدينة-الظهران-المنطقة-الشرقية-6799218,"أرض للبيع في شارع الاصمعي, حي الجامعة, مدينة الظهران, المنطقة الشرقية",2150569.41,743,,,,,حي الجامعة,الظهران,حي الجامعة,"أرض زاويه سكنيه للبيع بحي الجامعه - الظهران 
المساحه743 م
الاطوال 25*30
شارع 30 غرب 
شارع 15 شمال 
السعر 2,150,000
للتواصل / ((رقم المعلن يظهر عند التواصل))",26.344177,50.131122,https://images.aqar.fm/webp/750x0/props/004160203_1771251868868.jpg,1.0,صلاح بن عبدالله,مكتب المنفذون الوسطاء للخدمات العقارية,1.0,2026-07-31,2026-08-30,2026-08-30,271,2026-09-27,True,"2,150,569",False,أرض
6837458,https://sa.aqar.fm/أراضي-للبيع/الظهران/حي-تهامة/شارع-المغيرة-بن-زياد-حي-تهامة-مدينة-الدمام-المنطقة-الشرقية-6837458,"أرض للبيع في شارع المغيرة بن زياد, حي تهامة, مدينة الدمام, المنطقة الشرقية",1250000.0,500,,,,,حي تهامة,الظهران,حي تهامة,"أرض للبيع – حي تهامة

أرض سكنية للبيع في حي تهامة.
* رقم القطعة: 319
* المساحة: 500 م²
* الواجهة: شمالية
* سعر المتر: 2,500 ريال
* السعر الإجمالي: 1,250,000 ريال

للتواصل والاستفسار على رقم الاتصال.",26.352701,50.132822,https://images.aqar.fm/webp/750x0/props/014277988_1787502858966.jpg,1.0,حسن خالد,شركة الخالدية الأولى المحدودة,1.0,2026-08-23,2026-08-23,2026-09-19,439,2026-09-27,True,"1,250,000",False,أرض
6873828,https://sa.aqar.fm/أراضي-للبيع/الظهران/حي-القصور/شارع-العيينة-حي-القصور-مدينة-الظهران-المنطقة-الشرقية-6873828,"أرض للبيع في شارع العيينة, حي القصور, مدينة الظهران, المنطقة الشرقية",2560249.0,1000,,,,,حي القصور,الظهران,حي القصور,"أرض سكنية للبيع في حي القصور، الدمام
اسم الشارع العيينة
عرض الشارع 20م
رقم المخطط 1/452
واجهة جنوبية",26.354925,50.144056,,,مشاري عمر,شركة الرابح للتنمية العقارية المحدودة,1.0,2026-09-14,2026-09-14,2026-09-14,157,2026-09-27,True,"2,560,249",False,أرض
6843098,https://sa.aqar.fm/أراضي-للبيع/الظهران/حي-القصور/شارع-الامير-احمد-حي-القصور-مدينة-الظهران-المنطقة-الشرقية-6843098,"أرض للبيع في شارع الامير احمد, حي القصور, مدينة الظهران, المنطقة الشرقية",1500000.0,415,,,,,حي القصور,الظهران,حي القصور,ارض في حي القصور بالظهران ، مسااحتها 415م ، واجهه غربيه ، شارع عرض ٦٠م قريبه من جامع وتموينات الحي بمسافه ١٠٠م تقريبا ، الحي من افضل احياء الشرقيه والارض موقعها جدا ممتاز وفي الواجهه ، المطلوب مليون و٥٠٠ الف ريال . للتواصل مكتب أروقه الجوار بالظهران ((الرقم يظهر عند الضغط على اتصال)),26.350886,50.155935,https://images.aqar.fm/webp/750x0/props/000183214_1787760051752.png,1.0,عبدالرحمن عمار,مكتب أروقة الجوار للعقارات,1.0,2026-08-26,2026-09-24,2026-09-26,337,2026-09-27,True,"1,500,000",False,أرض
6662427,https://sa.aqar.fm/أراضي-للبيع/الظهران/حي-الجامعة/شارع-الطبري-حي-الجامعة-مدينة-الظهران-المنطقة-الشرقية-6662427,"أرض للبيع في شارع الطبري, حي الجامعة, مدينة الظهران, المنطقة الشرقية",3244920.0,1081,,,,,حي الجامعة,الظهران,حي الجامعة,"️ للبيع أرض سكنية – حي الجامعة (الظهران)

📍 رقم المخطط: 340/ب
📐 المساحة: 1081.64 م²

⸻

📏 الأطوال:

* شمالاً: 23.05 م
* جنوباً: 38.75 م
* شرقاً: 35 م
* غرباً: 38.35 م (شارع عرض 30 متر)

⸻

🧭 الواجهة: غربية
🚗 شارع: 30 متر

⸻

💰 السعر: 3000 ريال للمتر
⚠️ السعر غير شامل الضريبة والسعي",26.347879,50.127404,https://images.aqar.fm/webp/750x0/props/013055786_1776688599237.jpg,1.0,نايف حسين,مؤسسة ظل السكن,1.0,2026-04-20,2026-09-13,2026-09-22,449,2026-09-27,True,"3,244,920",False,أرض
6873820,https://sa.aqar.fm/أراضي-للبيع/الظهران/حي-القصور/شارع-العيينة-حي-القصور-مدينة-الظهران-المنطقة-الشرقية-6873820,"أرض للبيع في شارع العيينة, حي القصور, مدينة الظهران, المنطقة الشرقية",2557038.0,1000,,,,,حي القصور,الظهران,حي القصور,"أرض سكنية للبيع في حي القصور، الدمام
اسم الشارع العيينة
عرض الشارع 16
رقم المخطط 1/452
واجهة جنوبية",26.354218,50.143077,,,مشاري عمر,شركة الرابح للتنمية العقارية المحدودة,1.0,2026-09-14,2026-09-14,2026-09-14,126,2026-09-27,True,"2,557,038",False,أرض
6565110,https://sa.aqar.fm/أراضي-للبيع/الظهران/حي-الدوحة-الجنوبية/شارع-تميم-بن-ابي-الفتوح-حي-الدوحة-الجنوبية-الظهران-الدمام-6565110,"أرض للبيع في شارع 5448951, حي الدوحة الجنوبية, مدينة الظهران, المنطقة الشرقية",2902500.0,900,,,,,حي الدوحة الجنوبية,الظهران,حي الدوحة الجنوبية,"📍للبيع ارض سكنية في حي الدوحة في مدينة الظهران 
🔹رقم المخطط (٨٨٩/١) رقم القطعة (٦٣)

المساحة: ٩٠٠ م²

اطوال الارض: 
شرقا: ٣٠ متر
غربا: ٣٠ متر
شمالا: ٣٠ متر
جنوبا: ٣٠ متر - شارع بعرض ١٥ متر

💰السعر: ٢،٩٠٢،٥٠٠﷼ (غير شامل ضريبة التصرف العقاري) 
البيع من المالك

للتواصل: ٤٧٧١ ٠٤٥ ٠٥٥",26.323343,50.17626,https://images.aqar.fm/webp/750x0/props/050682422_1769538224957.png,2.0,فهد الغامدي,,,2026-01-27,2026-01-27,2026-09-04,3018,2026-09-27,True,"2,902,500",False,أرض
6539518,https://sa.aqar.fm/أراضي-للبيع/الظهران/حي-الدوحة-الجنوبية/شارع-تميم-ابن-ابي-الفتوح-حي-الدوحة-الجنوبية-الظهران-الدمام-6539518,"أرض للبيع في شارع تميم ابن ابي الفتوح, حي الدوحة الجنوبية, مدينة الظهران, المنطقة الشرقية",3679050.0,1226,,,,,حي الدوحة الجنوبية,الظهران,حي الدوحة الجنوبية,"قرب ملعب ارامكو الجديد ، قرب الخبر والظهران . 
وجميع الأسواق في الظهران والخبر  ( الظهران ، الراشد ) . حي راقي",26.32389682757023,50.175620408424194,https://images.aqar.fm/webp/750x0/props/008346782_1767929571203.jpg,1.0,سعيد صالح سعيد الغامدي,,,2026-01-09,2026-04-18,2026-08-02,898,2026-09-27,True,"3,679,050",False,أرض
6873823,https://sa.aqar.fm/أراضي-للبيع/الظهران/حي-القصور/شارع-العيينة-حي-القصور-مدينة-الظهران-المنطقة-الشرقية-6873823,"أرض للبيع في شارع العيينة, حي القصور, مدينة الظهران, المنطقة الشرقية",1595338.2,600,,,,,حي القصور,الظهران,حي القصور,"أرض سكنية للبيع في حي القصور، الدمام
اسم الشارع العيينة
عرض الشارع 16م
رقم المخطط 452 / 1
واجهة غربية",26.354134,50.142801,,,مشاري عمر,شركة الرابح للتنمية العقارية المحدودة,1.0,2026-09-14,2026-09-14,2026-09-14,146,2026-09-27,True,"1,595,338",False,أرض
6803131,https://sa.aqar.fm/أراضي-للبيع/الظهران/حي-الجامعة/شارع-الاصمعي-حي-الجامعة-مدينة-الظهران-المنطقة-الشرقية-6803131,"أرض للبيع في شارع الاصمعي, حي الجامعة, مدينة الظهران, المنطقة الشرقية",2150569.41,743,,,,,حي الجامعة,الظهران,حي الجامعة,"📍 أرض سكنية ( زاوية ) في حي الجامعة - الظهران
🔹 رقم 109/ب

المساحة: 743.37
الاطوال: 30 * 25 
شارع عرض 30 - جنوبي
شارع عرض 20 - غربي 

💰السعر: 2,893﷼",26.344177,50.131122,https://images.aqar.fm/webp/750x0/props/047707585_1776070293911.jpg,1.0,عبدالمجيد مطر,شركة أفيد العربية العقارية,1.0,2026-08-03,2026-09-01,2026-09-26,366,2026-09-27,True,"2,150,569",False,أرض
6835744,https://sa.aqar.fm/أراضي-للبيع/الظهران/حي-القصور/شارع-الامير-احمد-حي-القصور-مدينة-الظهران-المنطقة-الشرقية-6835744,"أرض للبيع في شارع الامير احمد, حي القصور, مدينة الظهران, المنطقة الشرقية",1500000.0,415,,,,,حي القصور,الظهران,حي القصور,آرض في حي القصور مساحه ٤١٥م واجهه غربيه ، بطن ، شارع عرض ٦٠م ، قريبه جدا من الجامع ومن مركز تموينات الحي ، الحي بشكل عام راقي وجديد وسكان الحي هادئين ومن طبقه متعلمه ، الموقع بشكل عام ممتاز كأرض و كذلك الحي ،  عليها رهن عقاري للبنك ، المطلوب مليون وخمسمئه أالف . للتواصل مكتب أرقة الجوار للعقارات ((الرقم يظهر عند الضغط على اتصال)),26.350886,50.155935,https://images.aqar.fm/webp/750x0/props/000183212_1787417962752.jpg,1.0,عبدالرحمن عمار,مكتب أروقة الجوار للعقارات,1.0,2026-08-22,2026-09-20,2026-09-24,424,2026-09-27,True,"1,500,000",False,أرض
6635783,https://sa.aqar.fm/أراضي-للبيع/الظهران/حي-القصور/شارع-برقان-حي-القصور-الظهران-الدمام-6635783,"أرض للبيع في شارع برقان, حي القصور, مدينة الظهران, المنطقة الشرقية",4003065.0,889,,,,,حي القصور,الظهران,حي القصور,"ارض للبيع في الظهران حي القصور على شارعين مساحتها 889,57 بعد خصم مساحة الشطفة على شارعين ومقابل الجامع مباشرة",26.351130172007508,50.14532486325702,https://images.aqar.fm/webp/750x0/props/010391850_1774985929417.jpg,2.0,سالم علي عبده الشهري,,,2026-03-30,2026-04-18,2026-09-25,2650,2026-09-27,True,"4,003,065",False,أرض
6768888,https://sa.aqar.fm/أراضي-للبيع/الظهران/حي-الجامعة/شارع-الطبري-حي-الجامعة-مدينة-الظهران-المنطقة-الشرقية-6768888,"أرض للبيع في شارع الطبري, حي الجامعة, مدينة الظهران, المنطقة الشرقية",3006959.2,1081,,,,,حي الجامعة,الظهران,حي الجامعة,"🏡 للبيع | أرض سكنية في حي الجامعة – الظهران
فرصة مميزة للتملك أرض سكنية بموقع استراتيجي في حي الجامعة بمدينة الظهران، بمساحة كبيرة وواجهة غربية على شارع بعرض 30 متراً، مناسبة لبناء فيلا فاخرة أو مشروع سكني:


📍 الموقع: الظهران – حي الجامعة
📐 المساحة: 1,081.64 م²
🏷️ نوع العقار: أرض سكنية
🛣️ الواجهة: غربية
🛣️ عرض الشارع: 30 متر
مقابل منتزه أرامكوا البيئي.


أبعاد الأرض:
• شمالاً: 23.05 متر
• جنوباً: 38.75 متر
• شرقاً: 35 متر
• غرباً: 38.35 متر – على شارع عرض 30 متر


💰 السعر المطلوب: 3,006,959 ريال + السعي (2,5%).

مميزات العقار:
• موقع مميز في الظهران.
• مساحة كبيرة ومناسبة للتطوير السكني.
• واجهة غربية على شارع بعرض 30 متراً.",26.347917,50.127426,https://images.aqar.fm/webp/750x0/props/006804284_1783778157716.png,1.0,طاهر صالح,,,2026-07-11,2026-09-07,2026-09-27,259,2026-09-27,True,"3,006,959",False,أرض
6623243,https://sa.aqar.fm/أراضي-للبيع/الظهران/حي-الدوحة-الشمالية/شارع-بن-النفيس-حي-الدوحة-الشمالية-مدينة-الظهران-المنطقة-الشرقية-6623243,"أرض للبيع في شارع بن النفيس, حي الدوحة الشمالية, مدينة الظهران, المنطقة الشرقية",1599360.0,595,,,,,حي الدوحة الشمالية,الظهران,حي الدوحة الشمالية,"💻 `معروض للبيع ارض زاوية في  الدوحة الشمالية الظهران  بالقرب لي ممشى تلال الظهران` 👇
➖ مساحة 595.5م 
➖ شارع جنوب و شرق 
🌎 بالقرب لي المدارس 
🌎 بالقرب المسجد 
🌎 الموقع مميز جدا 

طالب مليون و 650 اي سومة نحاول في  
السوم واصل مليون و 600 البيع قريب إن شاء الله",26.337987,50.162761,https://images.aqar.fm/webp/750x0/props/000577095_1773337679589.jpg,2.0,بدريه القحطاني,مؤسسة مكتب الإتجاه الجديد للعقار,1.0,2026-03-12,2026-09-03,2026-09-15,3839,2026-09-27,True,"1,599,360",False,أرض
6614833,https://sa.aqar.fm/أراضي-للبيع/الظهران/حي-القصور/شارع-الاثيل-حي-القصور-مدينة-الظهران-المنطقة-الشرقية-6614833,"أرض للبيع في شارع الاثيل, حي القصور, مدينة الظهران, المنطقة الشرقية",2625000.0,875,,,,,حي القصور,الظهران,حي القصور,"ارض سكنيه في حي القصور
الموقع دقيق 
مخطط 361/1 قطعة رقم  الموقع دقيق",26.338052,50.155568,,,عبدالرحمن بن محمد بن عبدالعزيز الحسن,,,2026-03-05,2026-09-24,2026-09-24,2650,2026-09-27,True,"2,625,000",False,أرض
6873850,https://sa.aqar.fm/أراضي-للبيع/الظهران/حي-القصور/شارع-العيينة-حي-القصور-مدينة-الظهران-المنطقة-الشرقية-6873850,"أرض للبيع في شارع العيينة, حي القصور, مدينة الظهران, المنطقة الشرقية",3715102.52,1411,,,,,حي القصور,الظهران,حي القصور,"أرض سكنية للبيع في حي القصور، الدمام
المخطط: 452/1/ج
رقم القطعة: 2
صك إلكتروني

الأطوال والحدود:
شمالاً: 36.99 متر على القطعة رقم 1
جنوباً: 34 متر على شارع عرض 16 متر
شرقاً: 40.11 متر على شارع عرض 20 متر
غرباً: 40 متر على القطعة رقم 4

المميزات:
واجهتان على شارعين، جنوباً بعرض 16 متر وشرقاً بعرض 20 متر
موقع زاوية مميز يعزز القيمة الاستثمارية
موقع راقٍ في حي القصور بمدينة الظهران
مناسبة لبناء فيلا سكنية أو مشروع استثماري
سهولة الوصول إلى الطرق الرئيسية والخدمات
صك إلكتروني جاهز",26.355086,50.144356,,,مشاري عمر,شركة الرابح للتنمية العقارية المحدودة,1.0,2026-09-14,2026-09-14,2026-09-14,102,2026-09-27,True,"3,715,103",False,أرض
6660266,https://sa.aqar.fm/أراضي-للبيع/الظهران/حي-الجامعة/حي-الجامعة-مدينة-الظهران-المنطقة-الشرقية-6660266,"أرض للبيع في حي الجامعة, مدينة الظهران, المنطقة الشرقية",1430876.0,622,,,,,حي الجامعة,الظهران,حي الجامعة,"📍أرض سكنية للبيع بحي الجامعة - الظهران
 المساحة 622.12 م
الاطوال 19.75 * 31.5
شرقية عرض الشارع 18 م
سعر المتر 2300
💰سعر الارض 1,430,876",26.346874,50.1369,,,ناصر الهاجري,,,2026-04-18,2026-09-11,2026-09-24,2082,2026-09-27,True,"1,430,876",False,أرض
6873857,https://sa.aqar.fm/أراضي-للبيع/الظهران/حي-القصور/شارع-جبل-شهلان-حي-القصور-مدينة-الظهران-المنطقة-الشرقية-6873857,"أرض للبيع في شارع جبل شهلان, حي القصور, مدينة الظهران, المنطقة الشرقية",4020419.06,1531,,,,,حي القصور,الظهران,حي القصور,"رأرض سكنية للبيع في حي القصور، الدمام
المخطط: 452/1/ج
رقم القطعة: 1
صك إلكتروني

الأطوال والحدود:
شمالاً: 40 متر على شارع عرض 20 متر
جنوباً: 36.99 متر على القطعة رقم 2
شرقاً: 40.11 متر على شارع عرض 20 متر
غرباً: 40 متر على القطعة رقم 3

المميزات:
واجهتان على شارعين عرض 20 متر من الجهتين الشمالية والشرقية
موقع زاوية مميز يعزز القيمة الاستثمارية
موقع راقٍ في حي القصور بمدينة الظهران
مناسبة لبناء فيلا سكنية أو مشروع استثماري
سهولة الوصول إلى الطرق الرئيسية والخدمات
صك إلكتروني جاهز",26.355387,50.144049,,,مشاري عمر,شركة الرابح للتنمية العقارية المحدودة,1.0,2026-09-14,2026-09-14,2026-09-14,112,2026-09-27,True,"4,020,419",False,أرض
6690173,https://sa.aqar.fm/أراضي-للبيع/الظهران/حي-القصور/حي-القصور-مدينة-الظهران-المنطقة-الشرقية-6690173,"أرض للبيع في حي القصور, مدينة الظهران, المنطقة الشرقية",2046000.0,620,,,,,حي القصور,الظهران,حي القصور,"تعلن مؤسسة مشعل حسن العماري عن عرض أرض سكنية في موقع هادئ ومميز بمدينة الدمام، تمتاز بموقعها على شارعين مما يوفر مرونة في التصميم والبناء.
تفاصيل العقار:
• الموقع: الدمام - حي القصور.
• الواجهة: على شارعين (زاوية).
• عرض الشوارع: 12م / 12م.
• المميزات: موقع سهل الوصول، يتميز بالخصوصية والهدوء.
البيانات الرسمية:
• رقم ترخيص فال: 1200042292
• رقم الإعلان : 7200966851
للتواصل والاستفسار:
عبر الاتصال أو الواتساب على الرقم:
 ",26.343085,50.161543,,,مشعل بن حسن بن عبدالله العماري,مؤسسة مشعل حسن العماري,1.0,2026-05-10,2026-09-03,2026-09-03,1835,2026-09-27,True,"2,046,000",False,أرض
6891947,https://sa.aqar.fm/أراضي-للبيع/الظهران/حي-القشلة/حي-الصفا-الدمام-الدمام-6891947,أرض للبيع في حي الصفا ، الدمام ، الدمام,1400.0,3183,,,,,حي القشلة,الظهران,حي القشلة,"للبيع بلك مميز – حي الورود بالخرج

📍 البلك رقم 99
📐 المساحة: 3,138 م²
🛣️ على أربعة شوارع
• شارع 30م
• شارع 25م
• شارع 15م
• شارع 10م

🚶‍♂️ يتميز الموقع بوجود ممر مشاة 10م
⭐ بلك كبير وموقع مميز داخل المخطط
⭐ مناسب للاستثمار والتطوير
⭐ البيع كامل البلك

💰 المطلوب: 4,400,000 ريال
قابل للتفاوض للجادين

للتواصل: ((الرقم يظهر عند الضغط على اتصال))",26.37554,50.186237,,,شهد بنت عائض بن منير العتيبي,,,2026-09-26,,2026-09-26,2,2026-09-27,False,طلب تسويق,False,أرض
6873842,https://sa.aqar.fm/أراضي-للبيع/الظهران/حي-القصور/شارع-جبل-شهلان-حي-القصور-مدينة-الظهران-المنطقة-الشرقية-6873842,"أرض للبيع في شارع جبل شهلان, حي القصور, مدينة الظهران, المنطقة الشرقية",2560749.0,1000,,,,,حي القصور,الظهران,حي القصور,"أرض سكنية للبيع في حي القصور، الدمام
المخطط: 452/1/ج
رقم القطعة: 3
صك إلكتروني

الأطوال والحدود:
شمالاً: 25 متر على شارع عرض 20 متر
جنوباً: 25 متر على القطعة رقم 4
شرقاً: 40 متر على القطعة رقم 1
غرباً: 80 متر على القطعة رقم 5

المميزات:
واجهة شمالية على شارع عرض 20 متر
موقع مميز في حي القصور بالظهران
مساحة منتظمة تسهّل البناء والتطوير
مناسبة لبناء فيلا سكنية أو مشروع استثماري
سهولة الوصول إلى الطرق الرئيسية والخدمات
صك إلكتروني جاهز",26.355206,50.143803,,,مشاري عمر,شركة الرابح للتنمية العقارية المحدودة,1.0,2026-09-14,2026-09-14,2026-09-14,136,2026-09-27,True,"2,560,749",False,أرض
6893964,https://sa.aqar.fm/أراضي-للبيع/الظهران/حي-القصور/شارع-الحوطة-حي-القصور-مدينة-الظهران-المنطقة-الشرقية-6893964,"أرض للبيع في شارع الحوطة, حي القصور, مدينة الظهران, المنطقة الشرقية",800124.0,299,,,,,حي القصور,الظهران,حي القصور,"للبيع ارض سكنية بمخطط القصور بحي الظهران 
الارض مساحتها 300 متر
شارعها : 15 شمال 
قريبة للخدمات وطريق الظهران الدمام 
عليها بنيان قديم ومخططات ورخصة بناء في حال الرغبة باكمال البناء",26.349957,50.143698,https://images.aqar.fm/webp/750x0/props/002605826_1790518376311.jpg,1.0,علي بن مبارك بن علي الشهرانى,مؤسسة مكتب قصر العقار العقاري,1.0,2026-09-27,2026-09-27,2026-09-27,4,2026-09-27,True,"800,124",False,أرض
6836788,https://sa.aqar.fm/أراضي-للبيع/الظهران/حي-هجر/شارع-بحار-حي-هجر-مدينة-الدمام-المنطقة-الشرقية-6836788,"أرض للبيع في شارع بحار, حي هجر, مدينة الدمام, المنطقة الشرقية",1680000.0,600,,,,,حي هجر,الظهران,حي هجر,"للبيع  ارض في هجر  زاوية وبجانبها مرفق  شارع جنوب ١٥   

للتواصل  والاستفسارات 

((الرقم يظهر عند الضغط على اتصال)) 

اتصال   او   واتس",26.365851,50.103996,https://images.aqar.fm/webp/750x0/props/003724152_1787483046307.jpg,5.0,فايز محمد,مؤسسة عقاري الخليج للعقارات,1.0,2026-08-23,2026-09-21,2026-09-25,448,2026-09-27,True,"1,680,000",False,أرض
6799218,https://sa.aqar.fm/أراضي-للبيع/الظهران/حي-الجامعة/شارع-الاصمعي-حي-الجامعة-مدينة-الظهران-المنطقة-الشرقية-6799218,"أرض للبيع في شارع الاصمعي, حي الجامعة, مدينة الظهران, المنطقة الشرقية",2150569.41,743,,,,,حي الجامعة,الظهران,حي الجامعة,"أرض زاويه سكنيه للبيع بحي الجامعه - الظهران 
المساحه743 م
الاطوال 25*30
شارع 30 غرب 
شارع 15 شمال 
السعر 2,150,000
للتواصل / ((رقم المعلن يظهر عند التواصل))",26.344177,50.131122,https://images.aqar.fm/webp/750x0/props/004160203_1771251868868.jpg,1.0,صلاح بن عبدالله,مكتب المنفذون الوسطاء للخدمات العقارية,1.0,2026-07-31,2026-08-30,2026-08-30,282,2026-09-27,True,"2,150,569",False,أرض
6865868,https://sa.aqar.fm/أراضي-للبيع/الظهران/حي-القشلة/شارع-الارجوان-حي-الحسام-مدينة-الدمام-المنطقة-الشرقية-6865868,"أرض للبيع في شارع الارجوان, حي الحسام, مدينة الدمام, المنطقة الشرقية",1202899.67,433,,,,,حي القشلة,الظهران,حي القشلة,"🏡 للبيع | أرض سكنية في حي الحسام

📍 موقع مميز بين الخبر والدمام
فرصة مميزة للتملك في أحد الأحياء الواعدة، بموقع استراتيجي قريب من الطرق والمواقع الحيوية، ومناسب لبناء منزل سكني 

مساحة الارض : 433م",26.386668,50.176039,https://images.aqar.fm/webp/750x0/props/012092229_1789293188618.jpg,1.0,حسين بن عبدالعزيز بن فالح الفالح,مكتب الفالح للخدمات العقارية,1.0,2026-09-09,2026-09-09,2026-09-25,172,2026-09-27,True,"1,202,900",False,أرض
6841753,https://sa.aqar.fm/أراضي-للبيع/الظهران/حي-القشلة/شارع-طريق-الملك-فهد-بن-عبدالعزيز-حي-الخالدية-الجنوبية-مدينة-الدمام-المنطقة-الشرقية-6841753,"أرض للبيع في شارع طريق الملك فهد بن عبدالعزيز, حي الخالدية الجنوبية, مدينة الدمام, المنطقة الشرقية",15600000.0,3000,,,,,حي القشلة,الظهران,حي القشلة,"ارض استثمارية علي طريق الملك فهد

جوار برج الموسي وجوار ملعب ارامكو

موقع استراتيجي 

ممكن تصبح برج مماثل لبرج الموسي 

او فندق  ويجي عليها تصريح محطه

موقع ممتاذ جدا

ومستقبلي 



سعر المتر 5400  وفيه تفاوض للصامل



مؤسسة برج ساره للمقاولات العامة

نسعد بخدمتكم.",26.384657,50.16344,https://images.aqar.fm/webp/750x0/props/030607351_1787689072584.jpg,1.0,عبدالله علي بن محمد القرني,مؤسسة برج سارة للعقارات,1.0,2026-08-25,2026-09-24,2026-09-26,161,2026-09-27,True,"15,600,000",False,أرض
6742428,https://sa.aqar.fm/أراضي-للبيع/الظهران/حي-الجامعة/شارع-السلام-مدينة-الظهران-المنطقة-الشرقية-6742428,"أرض للبيع في شارع السلام, مدينة الظهران, المنطقة الشرقية",1280000.0,400,,,,,حي الجامعة,الظهران,حي الجامعة,"ارض للبيع في الظهران حي الجامعة
مخطط 142/1
رقم القطعة : 191
مساحة : 400 م زاوية
اطوالها : 20 * 20
شارع 15 جنوبي و نافذ 8 غربي
سعر المتر  3200 ريال قابل للتفاوض",26.345259,50.134629,https://images.aqar.fm/webp/750x0/props/004196058_1782076934867.jpg,2.0,محمد علي يحيى بكري  ,,,2026-06-21,2026-09-12,2026-09-22,633,2026-09-27,True,"1,280,000",False,أرض
6808650,https://sa.aqar.fm/أراضي-للبيع/الظهران/حي-هجر/شارع-رحاب-حي-هجر-مدينة-الدمام-المنطقة-الشرقية-6808650,"أرض للبيع في شارع رحاب, حي هجر, مدينة الدمام, المنطقة الشرقية",2362500.0,875,,,,,حي هجر,الظهران,حي هجر,"قناص الخبر العقترية .

لادارة الأملاك وبيع وتسويق الاراضي و الوحدات العقارية .

🔵ارض سكنية للبيع

📍الدمام - حي هحر - بجانب ااظهران وقصر ااخليج .

- المساخة = 875 م
- الواجهه = شمال شارع عرض ١٨ م بطول 25
- جنوب جار بطول 25
- شرق وغرب جار بطول 35

قابله للفرز

📱للاستفسار :

((رقم المعلن يظهر عند التواصل))",26.370002,50.121842,https://images.aqar.fm/webp/750x0/props/003840479_1786040950014.jpg,1.0,عبدالرحمن بن وليد بن محمد القناص,مؤسسة قناص الخبر للعقارات,1.0,2026-08-06,2026-09-04,2026-09-17,451,2026-09-27,True,"2,362,500",False,أرض
6854589,https://sa.aqar.fm/أراضي-للبيع/الظهران/حي-القصور/شارع-القصب-حي-القصور-مدينة-الظهران-المنطقة-الشرقية-6854589,"أرض للبيع في شارع القصب, حي القصور, مدينة الظهران, المنطقة الشرقية",2945000.0,950,,,,,حي القصور,الظهران,حي القصور,"قطعة ارض للبيع في القصور مربع الشيوخ مساحة 950 متر اطوالها 25*38 شمالية شارع 16 

قابلة للفرز 

للتواصل : ((الرقم يظهر عند الضغط على اتصال))",26.353496,50.144611,https://images.aqar.fm/webp/750x0/props/020334364_1788361817086.jpg,1.0,عمر عبدالله بن محمد الهريري,مؤسسة عمر عبدالله بن محمد الهريري العقارية,1.0,2026-09-02,2026-09-02,2026-09-26,467,2026-09-27,True,"2,945,000",False,أرض
6437493,https://sa.aqar.fm/أراضي-للبيع/الظهران/حي-القشلة/حي-القشلة-مدينة-الظهران-المنطقة-الشرقية-6437493,"أرض للبيع في حي القشلة, مدينة الظهران, المنطقة الشرقية",8000000.0,2417,,,,,حي القشلة,الظهران,حي القشلة,"قطعة ارض للبيع بموقع مميّز 

بالقرب من ملعب ارامكو 

مساحة 2417 م 


يسعدنا خدمتكم على الرقم التالي : 
((رقم المعلن يظهر عند التواصل))",26.368383,50.174511,https://images.aqar.fm/webp/750x0/props/047181805_1761239281951.jpg,1.0,محمد جمعان عمر النهدي,شركة مساكن العليا للتسويق العقاري,1.0,2025-10-23,2026-09-18,2026-09-18,1346,2026-09-27,True,"8,000,000",False,أرض
6662427,https://sa.aqar.fm/أراضي-للبيع/الظهران/حي-الجامعة/شارع-الطبري-حي-الجامعة-مدينة-الظهران-المنطقة-الشرقية-6662427,"أرض للبيع في شارع الطبري, حي الجامعة, مدينة الظهران, المنطقة الشرقية",3244920.0,1081,,,,,حي الجامعة,الظهران,حي الجامعة,"️ للبيع أرض سكنية – حي الجامعة (الظهران)

📍 رقم المخطط: 340/ب
📐 المساحة: 1081.64 م²

⸻

📏 الأطوال:

* شمالاً: 23.05 م
* جنوباً: 38.75 م
* شرقاً: 35 م
* غرباً: 38.35 م (شارع عرض 30 متر)

⸻

🧭 الواجهة: غربية
🚗 شارع: 30 متر

⸻

💰 السعر: 3000 ريال للمتر
⚠️ السعر غير شامل الضريبة والسعي",26.347879,50.127404,https://images.aqar.fm/webp/750x0/props/013055786_1776688599237.jpg,1.0,نايف حسين,مؤسسة ظل السكن,1.0,2026-04-20,2026-09-13,2026-09-22,449,2026-09-27,True,"3,244,920",False,أرض
6660266,https://sa.aqar.fm/أراضي-للبيع/الظهران/حي-الجامعة/حي-الجامعة-مدينة-الظهران-المنطقة-الشرقية-6660266,"أرض للبيع في حي الجامعة, مدينة الظهران, المنطقة الشرقية",1430876.0,622,,,,,حي الجامعة,الظهران,حي الجامعة,"📍أرض سكنية للبيع بحي الجامعة - الظهران
 المساحة 622.12 م
الاطوال 19.75 * 31.5
شرقية عرض الشارع 18 م
سعر المتر 2300
💰سعر الارض 1,430,876",26.346874,50.1369,,,ناصر الهاجري,,,2026-04-18,2026-09-11,2026-09-24,2106,2026-09-27,True,"1,430,876",False,أرض
6482840,https://sa.aqar.fm/أراضي-للبيع/الظهران/حي-الجامعة/شارع-21ب-حي-الجامعة-مدينة-الظهران-المنطقة-الشرقية-6482840,"أرض للبيع في شارع 21ب, حي الجامعة, مدينة الظهران, المنطقة الشرقية",4476360.0,1119,,,,,حي الجامعة,الظهران,حي الجامعة,"أرض مدرسية على أربع شوارع
مساحة 1119 متر
المتر 4000 ريال
قابل للتفاوض مع المشتري الجاد
المشتري فقط يتواصل مكتفين من الوسطاء",26.336767,50.129804,https://images.aqar.fm/webp/750x0/props/041859214_1764193761736.jpg,2.0,أحمد زياد,,,2025-11-26,2025-11-26,2026-09-24,1946,2026-09-27,True,"4,476,360",False,أرض
6411232,https://sa.aqar.fm/أراضي-للبيع/الظهران/حي-هجر/حي-هجر-مدينة-الدمام-المنطقة-الشرقية-6411232,"أرض للبيع في حي هجر, مدينة الدمام, المنطقة الشرقية",2262150.0,904,,,,,حي هجر,الظهران,حي هجر,"ارض سكنية رقم 118
للبيع في حي هجر (نزهة الخليج)

المساحه: 904 متر
غربية
سعر المتر: 2500 ريال 

للتواصل 
((رقم المعلن يظهر عند التواصل))
((رقم المعلن يظهر عند التواصل))",26.365044,50.122552,https://images.aqar.fm/webp/750x0/props/008151865_1759663096971.jpg,1.0,حسن على محمد النمر,مكتب سبعة ادوار للخدمات العقارية,1.0,2025-10-05,2025-10-05,2026-09-11,2204,2026-09-27,True,"2,262,150",False,أرض
6825709,https://sa.aqar.fm/أراضي-للبيع/الظهران/حي-القصور/شارع-سكاكا-حي-القصور-مدينة-الظهران-المنطقة-الشرقية-6825709,"أرض للبيع في شارع سكاكا, حي القصور, مدينة الظهران, المنطقة الشرقية",1350000.0,450,,,,,حي القصور,الظهران,حي القصور,"**للبيع أرض سكنية بموقع مميز**
📍 **حي القصور – الظهران**

▫️ **قطعة رقم:**84/1

▫️ **المساحة:** 450 م²

▫️ **الأبعاد:** 15 × 30 

▫️ **الواجهة:** شمال

▫️ **عرض الشارع:** 16 م

💰 **سعر المتر:** 3,000 ريال",26.355498,50.142754,https://images.aqar.fm/webp/750x0/props/008152001_1786892763543.jpg,1.0,زايد سعيد,مؤسسة نمو البناء العقارية,1.0,2026-08-16,2026-09-14,2026-09-26,1030,2026-09-27,True,"1,350,000",False,أرض
6778065,https://sa.aqar.fm/أراضي-للبيع/الظهران/حي-الدوحة-الجنوبية/شارع-الشفاء-حي-الدوحة-الجنوبية-مدينة-الظهران-المنطقة-الشرقية-6778065,"أرض للبيع في شارع الشفاء, حي الدوحة الجنوبية, مدينة الظهران, المنطقة الشرقية",14000000.0,2933,,,,,حي الدوحة الجنوبية,الظهران,حي الدوحة الجنوبية,"أرض للبيع – فرصة استثمارية مميزة في الظهران

📍 الموقع: الظهران – حي الدوحة الجنوبية
📐 المساحة: 2,933 م²

✨ مميزات الأرض:

* تقع في أحد أفضل وأنشط المواقع في حي الدوحة الجنوبية.
* على 3 شوارع، مما يمنحها قيمة استثمارية عالية وسهولة في التطوير.
* قريبة من جميع الخدمات والمرافق الحيوية.
* مناسبة لإقامة مشروع سكني أو تجاري أو استثماري.

اغتنم فرصة التملك في أحد أكثر أحياء الظهران تميزًا، والمعروف بقربه من الخدمات وجودة البنية التحتية وارتفاع الطلب العقاري فيه. (sa.aqar.fm)

📞 للتواصل والاستفسار:
مكتب الإشراق للخدمات العقارية
أبو خالد العمري
التواصل على الواتس",26.319494,50.156468,https://images.aqar.fm/webp/750x0/props/011783664_1784474231270.jpg,1.0,بدر عبدالله صالح العمري,مكتب الاشراق للخدمات العقارية,1.0,2026-07-17,2026-09-13,2026-09-26,886,2026-09-27,True,"14,000,000",False,أرض
6751364,https://sa.aqar.fm/أراضي-للبيع/الظهران/حي-الدانة-الشمالية/شارع-عمر-ابن-عبدالعزيز-حي-الدانة-الشمالية-مدينة-الظهران-المنطقة-الشرقية-6751364,"أرض للبيع في شارع عمر ابن عبدالعزيز, حي الدانة الشمالية, مدينة الظهران, المنطقة الشرقية",1650000.0,500,,,,,حي الدانة الشمالية,الظهران,حي الدانة الشمالية,"السلام عليكم ورحمة الله وبركاته

للبيع أرض مميزة بمخطط 326/1 – حي الدانة الشمالية – الظهران

رقم القطعة: 17

المساحة: 500 م²

الواجهة:
غرباً: شارع عرض 30 متر.

الأبعاد:
20 × 25 متر.

مميزات العقار:

* أرض بطن.
* واجهة غربية على شارع 30 متر.
* أبعاد منتظمة (20 × 25 متر).
* مناسبة لبناء فيلا سكنية.
* موقع مميز في حي الدانة الشمالية بمدينة الظهران.
* عداد مياه موجود.
* عداد كهرباء موجود.
* صك إلكتروني جاهز والإفراغ فوري.
* لا توجد قيود على العقار.

السعر:
1,650,000 ريال

للتواصل:
أبو مبارك
همم الشرق العقارية
((الرقم يظهر عند الضغط على اتصال))",26.336379,50.15107,https://images.aqar.fm/webp/750x0/props/033364578_1782662486827.jpg,6.0,رياض محمد شوعي مكوعي,شركة همم الشرق العقارية ,1.0,2026-06-28,2026-09-23,2026-09-26,2252,2026-09-27,True,"1,650,000",False,أرض
6411237,https://sa.aqar.fm/أراضي-للبيع/الظهران/حي-هجر/شارع-الليث-حي-هجر-مدينة-الدمام-المنطقة-الشرقية-6411237,"أرض للبيع في شارع الليث, حي هجر, مدينة الدمام, المنطقة الشرقية",2187500.0,875,,,,,حي هجر,الظهران,حي هجر,"ارض سكنية رقم 248 
للبيع في حي هجر (نزهة الخليج)

المساحة: 875 متر
جنوبية
سعر المتر: 2500 ريال

للتواصل 
((رقم المعلن يظهر عند التواصل))
((رقم المعلن يظهر عند التواصل))",26.372286,50.122158,https://images.aqar.fm/webp/750x0/props/008151863_1759663500743.jpg,1.0,حسن على محمد النمر,مكتب سبعة ادوار للخدمات العقارية,1.0,2025-10-05,2025-10-05,2026-08-26,2214,2026-09-27,True,"2,187,500",False,أرض
6655183,https://sa.aqar.fm/أراضي-للبيع/الظهران/حي-الدوحة-الجنوبية/شارع-الدوحة-حي-الدوحة-الجنوبية-مدينة-الظهران-المنطقة-الشرقية-6655183,"أرض للبيع في شارع الدوحة, حي الدوحة الجنوبية, مدينة الظهران, المنطقة الشرقية",2376000.0,792,,,,,حي الدوحة الجنوبية,الظهران,حي الدوحة الجنوبية,"📍 فرصة استثمارية وسكنية نادرة في حي الدوحة الجنوبية
للباحثين عن التميز والموقع الاستراتيجي، نعلن عن توفر آخر قطعتين (زوايا) في مخطط رقم (701) بحي الدوحة الجنوبية. تم بيع 6 قطع من أصل 8، والمتبقي الآن هي القطع الأكثر تميزاً.
تفاصيل القطع المتاحة:
• القطعة الأولى (زاوية): رقم (4/47) - بمساحة 792.25 متر مربع.
• القطعة الثانية (زاوية): رقم (46/2) - بمساحة 898.86 متر مربع.
مميزات الموقع:
• يقع في مخطط رقم 701.
• حي الدوحة الجنوبية: أحد أرقى الأحياء المكتملة الخدمات.
• موقع مثالي لبناء فيلا سكنية فاخرة أو استثمار عقاري ناجح.
• ملاحظة: تم بيع القطع الأربع الخلفية والقطعتين الأمامية (البطن)، والمتبقي فقط الزوايا المذكورة أعلاه.
📞 للتواصل والاستفسار ومباشرة البيع:
0505273864
📍 Rare Real Estate Opportunity in South Doha District
An exceptional opportunity to own premium residential land in one of the most prestigious areas. Available now are the last two corner plots in Plan No. (701), South Doha.
Available Plots Details:
• Plot 1 (Corner): No. (4/47) – Area: 792.25 sqm.
• Plot 2 (Corner): No. (46/2) – Area: 898.86 sqm.
Why This Location?
• Located in the well-known Plan No. 701.
• South Doha District: A high-end neighborhood with full services and strategic accessibility.
• Ideal for building luxury villas or high-value real estate investments.
• Note: 6 out of 8 plots are already sold (4 rear plots & 2 front middle plots). Only these two premium corner plots remain!
📞 For inquiries and serious offers, please contact:
0505273864",26.317569,50.153626,https://images.aqar.fm/webp/750x0/props/002014843_1776188489709.jpg,2.0,ماهر بن باقر بن محمد الشخص,مؤسسة تنمية المشاريع العقارية,1.0,2026-04-14,2026-09-07,2026-09-24,1637,2026-09-27,True,"2,376,000",False,أرض
6768888,https://sa.aqar.fm/أراضي-للبيع/الظهران/حي-الجامعة/شارع-الطبري-حي-الجامعة-مدينة-الظهران-المنطقة-الشرقية-6768888,"أرض للبيع في شارع الطبري, حي الجامعة, مدينة الظهران, المنطقة الشرقية",3006959.2,1081,,,,,حي الجامعة,الظهران,حي الجامعة,"🏡 للبيع | أرض سكنية في حي الجامعة – الظهران
فرصة مميزة للتملك أرض سكنية بموقع استراتيجي في حي الجامعة بمدينة الظهران، بمساحة كبيرة وواجهة غربية على شارع بعرض 30 متراً، مناسبة لبناء فيلا فاخرة أو مشروع سكني:


📍 الموقع: الظهران – حي الجامعة
📐 المساحة: 1,081.64 م²
🏷️ نوع العقار: أرض سكنية
🛣️ الواجهة: غربية
🛣️ عرض الشارع: 30 متر
مقابل منتزه أرامكوا البيئي.


أبعاد الأرض:
• شمالاً: 23.05 متر
• جنوباً: 38.75 متر
• شرقاً: 35 متر
• غرباً: 38.35 متر – على شارع عرض 30 متر


💰 السعر المطلوب: 3,006,959 ريال + السعي (2,5%).

مميزات العقار:
• موقع مميز في الظهران.
• مساحة كبيرة ومناسبة للتطوير السكني.
• واجهة غربية على شارع بعرض 30 متراً.",26.347917,50.127426,https://images.aqar.fm/webp/750x0/props/006804284_1783778157716.png,1.0,طاهر صالح,,,2026-07-11,2026-09-07,2026-09-26,255,2026-09-27,True,"3,006,959",False,أرض
6803131,https://sa.aqar.fm/أراضي-للبيع/الظهران/حي-الجامعة/شارع-الاصمعي-حي-الجامعة-مدينة-الظهران-المنطقة-الشرقية-6803131,"أرض للبيع في شارع الاصمعي, حي الجامعة, مدينة الظهران, المنطقة الشرقية",2150569.41,743,,,,,حي الجامعة,الظهران,حي الجامعة,"📍 أرض سكنية ( زاوية ) في حي الجامعة - الظهران
🔹 رقم 109/ب

المساحة: 743.37
الاطوال: 30 * 25 
شارع عرض 30 - جنوبي
شارع عرض 20 - غربي 

💰السعر: 2,893﷼",26.344177,50.131122,https://images.aqar.fm/webp/750x0/props/047707585_1776070293911.jpg,1.0,عبدالمجيد مطر,شركة أفيد العربية العقارية,1.0,2026-08-03,2026-09-01,2026-09-27,368,2026-09-27,True,"2,150,569",False,أرض
6750265,https://sa.aqar.fm/أراضي-للبيع/الظهران/حي-القصور/شارع-الامير-احمد-حي-القصور-مدينة-الظهران-المنطقة-الشرقية-6750265,"أرض للبيع في شارع الامير احمد, حي القصور, مدينة الظهران, المنطقة الشرقية",2355200.0,736,,,,,حي القصور,الظهران,حي القصور,"للبيع ارض سكنية بمدينة الظهران قابله للفرز
حي القصور
مخطط 1/360
المساحة: 736.88 م - 765م 
 1500م 
سعر المتر 3200
 تقع على شارع بعرض 60 متر 
شارع الامير احمد

السعر قابل للتفاوض",26.351348,50.155475,https://images.aqar.fm/webp/750x0/props/048760484_1784907251816.jpg,6.0,عبير عبدالرحمن,مؤسسة مكتب إعمار الشعله للخدمات العقارية,1.0,2026-06-27,2026-09-23,2026-09-26,2237,2026-09-27,True,"2,355,200",False,أرض
6835744,https://sa.aqar.fm/أراضي-للبيع/الظهران/حي-القصور/شارع-الامير-احمد-حي-القصور-مدينة-الظهران-المنطقة-الشرقية-6835744,"أرض للبيع في شارع الامير احمد, حي القصور, مدينة الظهران, المنطقة الشرقية",1500000.0,415,,,,,حي القصور,الظهران,حي القصور,آرض في حي القصور مساحه ٤١٥م واجهه غربيه ، بطن ، شارع عرض ٦٠م ، قريبه جدا من الجامع ومن مركز تموينات الحي ، الحي بشكل عام راقي وجديد وسكان الحي هادئين ومن طبقه متعلمه ، الموقع بشكل عام ممتاز كأرض و كذلك الحي ،  عليها رهن عقاري للبنك ، المطلوب مليون وخمسمئه أالف . للتواصل مكتب أرقة الجوار للعقارات ((الرقم يظهر عند الضغط على اتصال)),26.350886,50.155935,https://images.aqar.fm/webp/750x0/props/000183212_1787417962752.jpg,1.0,عبدالرحمن عمار,مكتب أروقة الجوار للعقارات,1.0,2026-08-22,2026-09-20,2026-09-26,432,2026-09-27,True,"1,500,000",False,أرض
6843098,https://sa.aqar.fm/أراضي-للبيع/الظهران/حي-القصور/شارع-الامير-احمد-حي-القصور-مدينة-الظهران-المنطقة-الشرقية-6843098,"أرض للبيع في شارع الامير احمد, حي القصور, مدينة الظهران, المنطقة الشرقية",1500000.0,415,,,,,حي القصور,الظهران,حي القصور,ارض في حي القصور بالظهران ، مسااحتها 415م ، واجهه غربيه ، شارع عرض ٦٠م قريبه من جامع وتموينات الحي بمسافه ١٠٠م تقريبا ، الحي من افضل احياء الشرقيه والارض موقعها جدا ممتاز وفي الواجهه ، المطلوب مليون و٥٠٠ الف ريال . للتواصل مكتب أروقه الجوار بالظهران ((الرقم يظهر عند الضغط على اتصال)),26.350886,50.155935,https://images.aqar.fm/webp/750x0/props/000183214_1787760051752.png,1.0,عبدالرحمن عمار,مكتب أروقة الجوار للعقارات,1.0,2026-08-26,2026-09-24,2026-09-26,337,2026-09-27,True,"1,500,000",False,أرض
6882245,https://sa.aqar.fm/أراضي-للبيع/الظهران/حي-الدوحة-الجنوبية/شارع-تميم-ابن-ابي-الفتوح-حي-الدوحة-الجنوبية-مدينة-الظهران-المنطقة-الشرقية-6882245,"أرض للبيع في شارع تميم ابن ابي الفتوح, حي الدوحة الجنوبية, مدينة الظهران, المنطقة الشرقية",3679050.0,1226,,,,,حي الدوحة الجنوبية,الظهران,حي الدوحة الجنوبية,"للبيع ارض سكنية زاوية في الدوحة الشرقية مخطط 889/1 
بلك 5
قطعة رقم 61
مساحة  1226.35 م
 شارع 40 غرب  
شارع 15 جنوب 

السعر 3000 ريال للمتر",26.323919,50.175691,https://images.aqar.fm/webp/750x0/props/015896495_1789828274908.jpg,1.0,ناصر زيد,شركة سديرة العقارية,1.0,2026-09-19,2026-09-19,2026-09-19,36,2026-09-27,True,"3,679,050",False,أرض
6815916,https://sa.aqar.fm/أراضي-للبيع/الظهران/حي-الدوحة-الجنوبية/شارع-تميم-ابن-ابي-الفتوح-حي-الدوحة-الجنوبية-مدينة-الظهران-المنطقة-الشرقية-6815916,"أرض للبيع في شارع تميم ابن ابي الفتوح, حي الدوحة الجنوبية, مدينة الظهران, المنطقة الشرقية",3679050.0,1226,,,,,حي الدوحة الجنوبية,الظهران,حي الدوحة الجنوبية,"📍ارض سكنية زاوية في حي الدوحة ( الظهران )
🔹 رقم 61


المساحة: 1,226.35متر

الاطوال: 
شمالًا: 52.33
جنوبًا: 30.4 - شارع عرض 15م
شرقًا: 30
غربًا: 37.16 - شارع عرض 40م

💰السعر: 3000﷼ للمتر 

للتواصل والاستفسار:
((الرقم يظهر عند الضغط على اتصال))
((الرقم يظهر عند الضغط على اتصال))

شركة أفيد العقارية",26.323914,50.175617,https://images.aqar.fm/webp/750x0/props/047707585_1786430413148.jpg,1.0,عبدالمجيد مطر,شركة أفيد العربية العقارية,1.0,2026-08-11,2026-09-09,2026-09-26,222,2026-09-27,True,"3,679,050",False,أرض
6833428,https://sa.aqar.fm/أراضي-للبيع/الظهران/حي-الدوحة-الجنوبية/شارع-الملك-سعود-ابن-عبدالعزيز-سعود-حي-الدوحة-الجنوبية-مدينة-الظهران-المنطقة-الشرقية-6833428,"أرض للبيع في شارع الملك سعود ابن عبدالعزيز سعود, حي الدوحة الجنوبية, مدينة الظهران, المنطقة الشرقية",3679050.0,1226,,,,,حي الدوحة الجنوبية,الظهران,حي الدوحة الجنوبية,للبيع ارض زاويه  في الظهران حي الدوحه الجنوبيه                                                                                                                                                                                                                                                                        المساحه 1226.35م ، واجهه جنوبيه غربيه ، عرض الشارع 40م  غربي و 15م جنوبي، للتواصل على الرقم : ((الرقم يظهر عند الضغط على اتصال)),26.326784,50.177089,https://images.aqar.fm/webp/750x0/props/054851865_1787251891079.jpg,1.0,محمد بن علي بن احمد ابوخضراء,,,2026-08-20,2026-09-19,2026-09-20,322,2026-09-27,True,"3,679,050",False,أرض
6623243,https://sa.aqar.fm/أراضي-للبيع/الظهران/حي-الدوحة-الشمالية/شارع-بن-النفيس-حي-الدوحة-الشمالية-مدينة-الظهران-المنطقة-الشرقية-6623243,"أرض للبيع في شارع بن النفيس, حي الدوحة الشمالية, مدينة الظهران, المنطقة الشرقية",1599360.0,595,,,,,حي الدوحة الشمالية,الظهران,حي الدوحة الشمالية,"💻 `معروض للبيع ارض زاوية في  الدوحة الشمالية الظهران  بالقرب لي ممشى تلال الظهران` 👇
➖ مساحة 595.5م 
➖ شارع جنوب و شرق 
🌎 بالقرب لي المدارس 
🌎 بالقرب المسجد 
🌎 الموقع مميز جدا 

طالب مليون و 650 اي سومة نحاول في  
السوم واصل مليون و 600 البيع قريب إن شاء الله",26.337987,50.162761,https://images.aqar.fm/webp/750x0/props/000577095_1773337679589.jpg,2.0,بدريه القحطاني,مؤسسة مكتب الإتجاه الجديد للعقار,1.0,2026-03-12,2026-09-03,2026-09-15,3840,2026-09-27,True,"1,599,360",False,أرض
6565110,https://sa.aqar.fm/أراضي-للبيع/الظهران/حي-الدوحة-الجنوبية/شارع-تميم-بن-ابي-الفتوح-حي-الدوحة-الجنوبية-الظهران-الدمام-6565110,"أرض للبيع في شارع 5448951, حي الدوحة الجنوبية, مدينة الظهران, المنطقة الشرقية",2902500.0,900,,,,,حي الدوحة الجنوبية,الظهران,حي الدوحة الجنوبية,"📍للبيع ارض سكنية في حي الدوحة في مدينة الظهران 
🔹رقم المخطط (٨٨٩/١) رقم القطعة (٦٣)

المساحة: ٩٠٠ م²

اطوال الارض: 
شرقا: ٣٠ متر
غربا: ٣٠ متر
شمالا: ٣٠ متر
جنوبا: ٣٠ متر - شارع بعرض ١٥ متر

💰السعر: ٢،٩٠٢،٥٠٠﷼ (غير شامل ضريبة التصرف العقاري) 
البيع من المالك

للتواصل: ٤٧٧١ ٠٤٥ ٠٥٥",26.323343,50.17626,https://images.aqar.fm/webp/750x0/props/050682422_1769538224957.png,2.0,فهد الغامدي,,,2026-01-27,2026-01-27,2026-09-26,3022,2026-09-27,True,"2,902,500",False,أرض
6837458,https://sa.aqar.fm/أراضي-للبيع/الظهران/حي-تهامة/شارع-المغيرة-بن-زياد-حي-تهامة-مدينة-الدمام-المنطقة-الشرقية-6837458,"أرض للبيع في شارع المغيرة بن زياد, حي تهامة, مدينة الدمام, المنطقة الشرقية",1250000.0,500,,,,,حي تهامة,الظهران,حي تهامة,"أرض للبيع – حي تهامة

أرض سكنية للبيع في حي تهامة.
* رقم القطعة: 319
* المساحة: 500 م²
* الواجهة: شمالية
* سعر المتر: 2,500 ريال
* السعر الإجمالي: 1,250,000 ريال

للتواصل والاستفسار على رقم الاتصال.",26.352701,50.132822,https://images.aqar.fm/webp/750x0/props/014277988_1787502858966.jpg,1.0,حسن خالد,شركة الخالدية الأولى المحدودة,1.0,2026-08-23,2026-08-23,2026-09-19,424,2026-09-27,True,"1,250,000",False,أرض
6635783,https://sa.aqar.fm/أراضي-للبيع/الظهران/حي-القصور/شارع-برقان-حي-القصور-الظهران-الدمام-6635783,"أرض للبيع في شارع برقان, حي القصور, مدينة الظهران, المنطقة الشرقية",4003065.0,889,,,,,حي القصور,الظهران,حي القصور,"ارض للبيع في الظهران حي القصور على شارعين مساحتها 889,57 بعد خصم مساحة الشطفة على شارعين ومقابل الجامع مباشرة",26.351130172007508,50.14532486325702,https://images.aqar.fm/webp/750x0/props/010391850_1774985929417.jpg,2.0,سالم علي عبده الشهري,,,2026-03-30,2026-04-18,2026-09-25,2650,2026-09-27,True,"4,003,065",False,أرض
6690173,https://sa.aqar.fm/أراضي-للبيع/الظهران/حي-القصور/حي-القصور-مدينة-الظهران-المنطقة-الشرقية-6690173,"أرض للبيع في حي القصور, مدينة الظهران, المنطقة الشرقية",2046000.0,620,,,,,حي القصور,الظهران,حي القصور,"تعلن مؤسسة مشعل حسن العماري عن عرض أرض سكنية في موقع هادئ ومميز بمدينة الدمام، تمتاز بموقعها على شارعين مما يوفر مرونة في التصميم والبناء.
تفاصيل العقار:
• الموقع: الدمام - حي القصور.
• الواجهة: على شارعين (زاوية).
• عرض الشوارع: 12م / 12م.
• المميزات: موقع سهل الوصول، يتميز بالخصوصية والهدوء.
البيانات الرسمية:
• رقم ترخيص فال: 1200042292
• رقم الإعلان : 7200966851
للتواصل والاستفسار:
عبر الاتصال أو الواتساب على الرقم:
 ",26.343085,50.161543,,,مشعل بن حسن بن عبدالله العماري,مؤسسة مشعل حسن العماري,1.0,2026-05-10,2026-09-03,2026-09-03,1835,2026-09-27,True,"2,046,000",False,أرض
6873850,https://sa.aqar.fm/أراضي-للبيع/الظهران/حي-القصور/شارع-العيينة-حي-القصور-مدينة-الظهران-المنطقة-الشرقية-6873850,"أرض للبيع في شارع العيينة, حي القصور, مدينة الظهران, المنطقة الشرقية",3715102.52,1411,,,,,حي القصور,الظهران,حي القصور,"أرض سكنية للبيع في حي القصور، الدمام
المخطط: 452/1/ج
رقم القطعة: 2
صك إلكتروني

الأطوال والحدود:
شمالاً: 36.99 متر على القطعة رقم 1
جنوباً: 34 متر على شارع عرض 16 متر
شرقاً: 40.11 متر على شارع عرض 20 متر
غرباً: 40 متر على القطعة رقم 4

المميزات:
واجهتان على شارعين، جنوباً بعرض 16 متر وشرقاً بعرض 20 متر
موقع زاوية مميز يعزز القيمة الاستثمارية
موقع راقٍ في حي القصور بمدينة الظهران
مناسبة لبناء فيلا سكنية أو مشروع استثماري
سهولة الوصول إلى الطرق الرئيسية والخدمات
صك إلكتروني جاهز",26.355086,50.144356,,,مشاري عمر,شركة الرابح للتنمية العقارية المحدودة,1.0,2026-09-14,2026-09-14,2026-09-14,103,2026-09-27,True,"3,715,103",False,أرض
6891947,https://sa.aqar.fm/أراضي-للبيع/الظهران/حي-القشلة/حي-الصفا-الدمام-الدمام-6891947,أرض للبيع في حي الصفا ، الدمام ، الدمام,1400.0,3183,,,,,حي القشلة,الظهران,حي القشلة,"للبيع بلك مميز – حي الورود بالخرج

📍 البلك رقم 99
📐 المساحة: 3,138 م²
🛣️ على أربعة شوارع
• شارع 30م
• شارع 25م
• شارع 15م
• شارع 10م

🚶‍♂️ يتميز الموقع بوجود ممر مشاة 10م
⭐ بلك كبير وموقع مميز داخل المخطط
⭐ مناسب للاستثمار والتطوير
⭐ البيع كامل البلك

💰 المطلوب: 4,400,000 ريال
قابل للتفاوض للجادين

للتواصل: ((الرقم يظهر عند الضغط على اتصال))",26.37554,50.186237,,,شهد بنت عائض بن منير العتيبي,,,2026-09-26,,2026-09-26,2,2026-09-27,False,طلب تسويق,False,أرض
6614833,https://sa.aqar.fm/أراضي-للبيع/الظهران/حي-القصور/شارع-الاثيل-حي-القصور-مدينة-الظهران-المنطقة-الشرقية-6614833,"أرض للبيع في شارع الاثيل, حي القصور, مدينة الظهران, المنطقة الشرقية",2625000.0,875,,,,,حي القصور,الظهران,حي القصور,"ارض سكنيه في حي القصور
الموقع دقيق 
مخطط 361/1 قطعة رقم  الموقع دقيق",26.338052,50.155568,,,عبدالرحمن بن محمد بن عبدالعزيز الحسن,,,2026-03-05,2026-09-24,2026-09-24,2648,2026-09-27,True,"2,625,000",False,أرض
6873857,https://sa.aqar.fm/أراضي-للبيع/الظهران/حي-القصور/شارع-جبل-شهلان-حي-القصور-مدينة-الظهران-المنطقة-الشرقية-6873857,"أرض للبيع في شارع جبل شهلان, حي القصور, مدينة الظهران, المنطقة الشرقية",4020419.06,1531,,,,,حي القصور,الظهران,حي القصور,"رأرض سكنية للبيع في حي القصور، الدمام
المخطط: 452/1/ج
رقم القطعة: 1
صك إلكتروني

الأطوال والحدود:
شمالاً: 40 متر على شارع عرض 20 متر
جنوباً: 36.99 متر على القطعة رقم 2
شرقاً: 40.11 متر على شارع عرض 20 متر
غرباً: 40 متر على القطعة رقم 3

المميزات:
واجهتان على شارعين عرض 20 متر من الجهتين الشمالية والشرقية
موقع زاوية مميز يعزز القيمة الاستثمارية
موقع راقٍ في حي القصور بمدينة الظهران
مناسبة لبناء فيلا سكنية أو مشروع استثماري
سهولة الوصول إلى الطرق الرئيسية والخدمات
صك إلكتروني جاهز",26.355387,50.144049,,,مشاري عمر,شركة الرابح للتنمية العقارية المحدودة,1.0,2026-09-14,2026-09-14,2026-09-14,119,2026-09-27,True,"4,020,419",False,أرض
6539518,https://sa.aqar.fm/أراضي-للبيع/الظهران/حي-الدوحة-الجنوبية/شارع-تميم-ابن-ابي-الفتوح-حي-الدوحة-الجنوبية-الظهران-الدمام-6539518,"أرض للبيع في شارع تميم ابن ابي الفتوح, حي الدوحة الجنوبية, مدينة الظهران, المنطقة الشرقية",3679050.0,1226,,,,,حي الدوحة الجنوبية,الظهران,حي الدوحة الجنوبية,"قرب ملعب ارامكو الجديد ، قرب الخبر والظهران . 
وجميع الأسواق في الظهران والخبر  ( الظهران ، الراشد ) . حي راقي",26.32389682757023,50.175620408424194,https://images.aqar.fm/webp/750x0/props/008346782_1767929571203.jpg,1.0,سعيد صالح سعيد الغامدي,,,2026-01-09,2026-04-18,2026-08-02,899,2026-09-27,True,"3,679,050",False,أرض
6789328,https://sa.aqar.fm/أراضي-للبيع/الظهران/حي-الدوحة-الجنوبية/شارع-سعد-بن-ابي-وقاص-مدينة-الظهران-المنطقة-الشرقية-6789328,"أرض للبيع في شارع سعد بن ابي وقاص, مدينة الظهران, المنطقة الشرقية",7125000.0,2375,,,,,حي الدوحة الجنوبية,الظهران,حي الدوحة الجنوبية,"✅✅✅✅✅✅✅
✅للبيع ارض بالمنطقه الشرقيه 
✅محافظة: الخبر
✅الاستخدام الحالي :سكني 
✅الموقع :حي الدوحه
✅موقع مميز مابين طريق الظهران الجبيل السريع 
والطرق المؤديه إلى ايكيا ومجمع الظهران 
✅مقابل أرامكو وجامعة الملك فهد للبترول والمعادن 
✅رقم :82/ج
✅المساحه :2375
✅على 3شوارع 
✅الاطوال:-
✅شمال قطعه رقم 81 بطول 50
✅جنوب شارع عرض 30 بطول 56
✅شرق شارع عرض 15 بطول 59
✅غرب شارع عرض 77 بطول 36
✅السوم:2900للمتر   
✅البيع قريب 
✅رقم التفويض :7200582494
✅https://linktr.ee/jahezrealestate",26.313813,50.156354,,,ثواب السبيعي,مؤسسة جاهز العقارية,1.0,2026-07-25,2026-09-21,2026-09-22,550,2026-09-27,True,"7,125,000",False,أرض
6712218,https://sa.aqar.fm/أراضي-للبيع/الظهران/حي-الدوحة-الجنوبية/شارع-البنفسج-حي-الدوحة-الجنوبية-الظهران-الدمام-6712218,"أرض للبيع في شارع بتران, حي الدوحة الجنوبية, مدينة الظهران, المنطقة الشرقية",3344137.5,998,,,,,حي الدوحة الجنوبية,الظهران,حي الدوحة الجنوبية,"ارض سكنية زاويه في حي الدوحه بمدينة الظهران
 
المساحه : 998.25 

الاطوال

شمالاً: 33.5م - شارع عرض 30م
جنوباً: 33.5م
شرقاً: 29.96م
غرباً: 29.96م - ممر عرض 6م

مناسبه لبناء فيلا سكنيه خاصه او للاستثمار بمشروع سكني
البيع من المالك مباشرة ولايوجد سعي 

السعر: 3,344,137 ريال سعودي",26.324274,50.173191,https://images.aqar.fm/webp/750x0/props/001313340_1780021456761.jpg,3.0,عبدالعزيز بن احمد بن نويران العنزي,,,2026-05-29,2026-05-29,2026-09-20,1603,2026-09-27,True,"3,344,138",False,أرض
6769986,https://sa.aqar.fm/أراضي-للبيع/الظهران/حي-تهامة/حي-تهامة-مدينة-الدمام-المنطقة-الشرقية-6769986,"أرض للبيع في حي تهامة, مدينة الدمام, المنطقة الشرقية",1426800.0,492,,,,,حي تهامة,الظهران,حي تهامة,"للبيع قطعتين زوايا رأس بلك في حي البندرية تهامة الظهران

* تكوين العقار: يتكون من قطعتين متجاورتين تشكلان رأس البلك بالكامل (القطعة رقم 239 والقطعة رقم 240).
* إجمالي المساحة للقطعتين: 1,084 متر مربع.

* الشوارع والمحيط: يفتح رأس القطعتين بالكامل على ثلاث واجهات بشوارع عرض 20 مترًا
* 
* سعر المتر: 2,900 ريال.
* إجمالي سعر القطعتين الزوايا معاً: 3,143,600 ريال سعودي.
* ويمكن البيع مفرد كل قطعة لحالها
وتوجد لدينا أراضي للبيع بنفس المخطط والإحياء المجاورة
((الرقم يظهر عند الضغط على اتصال))",26.352301,50.131256,https://images.aqar.fm/webp/750x0/props/002650777_1783849755292.jpg,1.0,سعد القحطاني,,0.0,2026-07-12,2026-07-12,2026-08-17,940,2026-09-27,True,"1,426,800",False,أرض
6826816,https://sa.aqar.fm/أراضي-للبيع/الظهران/حي-ارامكو-السعودية/شارع-طريق-ابوحدرية-حي-الظهران-مدينة-الظهران-المنطقة-الشرقية-6826816,"أرض للبيع في شارع طريق ابوحدرية, حي الظهران, مدينة الظهران, المنطقة الشرقية",53895108.0,134737,,,,,حي ارامكو السعودية,الظهران,حي ارامكو السعودية,"# فرصة استثمارية مميزة للبيع – أرض على طريق أبو حدرية بالظهران

📍 **موقع استراتيجي | مساحة استثنائية | فرصة تطوير واعدة**

📐 **المساحة:** 134,737 م²
🚗 **واجهة مباشرة على طريق أبو حدرية الدولي**
📍 **موقع مميز بين الدمام والظهران**

أرض بمساحة كبيرة وموقع استراتيجي، مناسبة للمطورين والمستثمرين الباحثين عن **مشاريع نوعية وفرص استثمارية واعدة**، مع إمكانات متعددة للتطوير والاستفادة من الموقع الحيوي.

🔹 مساحة إجمالية كبيرة
🔹 واجهة مباشرة على طريق دولي
🔹 موقع استراتيجي وحيوي
🔹 مناسبة لمشاريع تطوير واستثمار متعددة

**إجراءات التقسيم:**
معاملة التقسيم لدى **مكتب المراسم**، وقد استُكملت جميع الموافقات اللازمة، والمعاملة في مراحلها النهائية، ولم يتبقَّ سوى **الاعتماد النهائي وإصدار رقم التقسيم**.",26.253855,50.090863,https://images.aqar.fm/webp/750x0/props/039358329_1786972866819.png,1.0,صلاح بن مكي بن حسين بوعريش,شركة ايجاد الابتكار العقارية شركة شخص واحد,1.0,2026-08-17,2026-08-17,2026-09-21,158,2026-09-27,True,"53,895,108",False,أرض
6798184,https://sa.aqar.fm/أراضي-للبيع/الظهران/حي-القصور/شارع-11ب-حي-القصور-مدينة-الظهران-المنطقة-الشرقية-6798184,"أرض للبيع في شارع 11ب, حي القصور, مدينة الظهران, المنطقة الشرقية",5000000.0,1300,,,,,حي القصور,الظهران,حي القصور,"للبيع ارض مميزة في مخطط تلال الدوحة على ممشى التلال مساحة ١٣٠٠ م
تفتح شرق على الممشى و تفتح غرب على شارع ١٥ رقم الارض ٨٢٠ المطلوب خمسة مليون ريال صافي غير الضريبة والسعى ((الرقم يظهر عند الضغط على اتصال))",26.34871,50.149551,https://images.aqar.fm/webp/750x0/props/052765851_1785436116761.jpg,1.0,حمد بن عبدالله بن ثلاب الهاجري,,,2026-07-30,2026-08-29,2026-08-29,1171,2026-09-27,True,"5,000,000",False,أرض
6883052,https://sa.aqar.fm/أراضي-للبيع/الظهران/حي-القشلة/حي-القشلة-مدينة-الظهران-المنطقة-الشرقية-6883052,"أرض للبيع في حي القشلة, مدينة الظهران, المنطقة الشرقية",26327000.0,15000,,,,,حي القشلة,الظهران,حي القشلة,"للبيع أرض استثمارية مميزة بمساحة إجمالية 15,044م² في حي القشلة وقيمتها 52,654,000 ريال ، بموقع استراتيجي بالقرب من طريق الملك فهد، وضمن نطاق حيوي قريب من ملعب أرامكو وفندق كمبينسكي العثمان ومستشفى جاما وبرج غرفة الشرقية.

العقار مكوّن من قطعتين متجاورتين، وتتميز كل قطعة بمساحة كبيرة وشوارع بعرض 30م، والاستخدام  ارض استثمارية تجاري سكني متعدد ادوار.

أبرز المميزات:

• شوارع بعرض 30م
• موقع استراتيجي وحيوي
• قرب من طريق الملك فهد والمرافق الرئيسية
• البيع كاملًا


سعر المتر: 3,500 ريال",26.373336,50.170953,https://images.aqar.fm/webp/750x0/props/034558244_1789852407182.png,2.0,عمر غازي,مؤسسة عمر غازي الشكر,1.0,2026-09-19,2026-09-19,2026-09-24,64,2026-09-27,True,"26,327,000",False,أرض
6873823,https://sa.aqar.fm/أراضي-للبيع/الظهران/حي-القصور/شارع-العيينة-حي-القصور-مدينة-الظهران-المنطقة-الشرقية-6873823,"أرض للبيع في شارع العيينة, حي القصور, مدينة الظهران, المنطقة الشرقية",1595338.2,600,,,,,حي القصور,الظهران,حي القصور,"أرض سكنية للبيع في حي القصور، الدمام
اسم الشارع العيينة
عرض الشارع 16م
رقم المخطط 452 / 1
واجهة غربية",26.354134,50.142801,,,مشاري عمر,شركة الرابح للتنمية العقارية المحدودة,1.0,2026-09-14,2026-09-14,2026-09-14,148,2026-09-27,True,"1,595,338",False,أرض
6873828,https://sa.aqar.fm/أراضي-للبيع/الظهران/حي-القصور/شارع-العيينة-حي-القصور-مدينة-الظهران-المنطقة-الشرقية-6873828,"أرض للبيع في شارع العيينة, حي القصور, مدينة الظهران, المنطقة الشرقية",2560249.0,1000,,,,,حي القصور,الظهران,حي القصور,"أرض سكنية للبيع في حي القصور، الدمام
اسم الشارع العيينة
عرض الشارع 20م
رقم المخطط 1/452
واجهة جنوبية",26.354925,50.144056,,,مشاري عمر,شركة الرابح للتنمية العقارية المحدودة,1.0,2026-09-14,2026-09-14,2026-09-14,152,2026-09-27,True,"2,560,249",False,أرض
6873820,https://sa.aqar.fm/أراضي-للبيع/الظهران/حي-القصور/شارع-العيينة-حي-القصور-مدينة-الظهران-المنطقة-الشرقية-6873820,"أرض للبيع في شارع العيينة, حي القصور, مدينة الظهران, المنطقة الشرقية",2557038.0,1000,,,,,حي القصور,الظهران,حي القصور,"أرض سكنية للبيع في حي القصور، الدمام
اسم الشارع العيينة
عرض الشارع 16
رقم المخطط 1/452
واجهة جنوبية",26.354218,50.143077,,,مشاري عمر,شركة الرابح للتنمية العقارية المحدودة,1.0,2026-09-14,2026-09-14,2026-09-14,114,2026-09-27,True,"2,557,038",False,أرض
6873842,https://sa.aqar.fm/أراضي-للبيع/الظهران/حي-القصور/شارع-جبل-شهلان-حي-القصور-مدينة-الظهران-المنطقة-الشرقية-6873842,"أرض للبيع في شارع جبل شهلان, حي القصور, مدينة الظهران, المنطقة الشرقية",2560749.0,1000,,,,,حي القصور,الظهران,حي القصور,"أرض سكنية للبيع في حي القصور، الدمام
المخطط: 452/1/ج
رقم القطعة: 3
صك إلكتروني

الأطوال والحدود:
شمالاً: 25 متر على شارع عرض 20 متر
جنوباً: 25 متر على القطعة رقم 4
شرقاً: 40 متر على القطعة رقم 1
غرباً: 80 متر على القطعة رقم 5

المميزات:
واجهة شمالية على شارع عرض 20 متر
موقع مميز في حي القصور بالظهران
مساحة منتظمة تسهّل البناء والتطوير
مناسبة لبناء فيلا سكنية أو مشروع استثماري
سهولة الوصول إلى الطرق الرئيسية والخدمات
صك إلكتروني جاهز",26.355206,50.143803,,,مشاري عمر,شركة الرابح للتنمية العقارية المحدودة,1.0,2026-09-14,2026-09-14,2026-09-14,139,2026-09-27,True,"2,560,749",False,أرض
6873844,https://sa.aqar.fm/أراضي-للبيع/الظهران/حي-القصور/شارع-العيينة-حي-القصور-مدينة-الظهران-المنطقة-الشرقية-6873844,"أرض للبيع في شارع العيينة, حي القصور, مدينة الظهران, المنطقة الشرقية",1650197.12,594,,,,,حي القصور,الظهران,حي القصور,"أرض سكنية للبيع في حي القصور، الدمام
المخطط: 452/1/ج
رقم القطعة: 16/2/ج
صك إلكتروني

الأطوال والحدود:
شمالاً: 30 متر على القطعة رقم 16/1
جنوباً: 30 متر على شارع عرض 16 متر
شرقاً: 20 متر على القطعة رقم 14
غرباً: 20 متر على شارع عرض 16 متر

المميزات:
واجهتان على شارعين عرض 16 متر من الجهتين الجنوبية والغربية
موقع زاوية مميز في حي القصور الراقي بالظهران
أبعاد منتظمة تسهّل البناء والتطوير
مناسبة لبناء فيلا سكنية أو مشروع استثماري
موقع حيوي قريب من الخدمات والمرافق
وثيقة تملك عقار إلكترونية موثقة
صك إلكتروني جاهز",26.353992,50.142927,,,مشاري عمر,شركة الرابح للتنمية العقارية المحدودة,1.0,2026-09-14,2026-09-14,2026-09-14,176,2026-09-27,True,"1,650,197",False,أرض
6893964,https://sa.aqar.fm/أراضي-للبيع/الظهران/حي-القصور/شارع-الحوطة-حي-القصور-مدينة-الظهران-المنطقة-الشرقية-6893964,"أرض للبيع في شارع الحوطة, حي القصور, مدينة الظهران, المنطقة الشرقية",800124.0,299,,,,,حي القصور,الظهران,حي القصور,"للبيع ارض سكنية بمخطط القصور بحي الظهران 
الارض مساحتها 300 متر
شارعها : 15 شمال 
قريبة للخدمات وطريق الظهران الدمام 
عليها بنيان قديم ومخططات ورخصة بناء في حال الرغبة باكمال البناء",26.349957,50.143698,https://images.aqar.fm/webp/750x0/props/002605826_1790518376311.jpg,1.0,علي بن مبارك بن علي الشهرانى,مؤسسة مكتب قصر العقار العقاري,1.0,2026-09-27,2026-09-27,2026-09-27,0,2026-09-27,True,"800,124",False,أرض
6849332,https://sa.aqar.fm/عمائر-للبيع/الظهران/حي-الدوحة-الجنوبية/شارع-اسعد-بن-زرارة-حي-الدوحة-الجنوبية-مدينة-الظهران-المنطقة-الشرقية-6849332,"عمارة للبيع في شارع اسعد بن زرارة, حي الدوحة الجنوبية, مدينة الظهران, المنطقة الشرقية",1850000,614,,,,11,حي الدوحة الجنوبية,الظهران,حي الدوحة الجنوبية,"للبيع فيلا دور وملحق بسعر أرض العمر 35 سنة (هدد)

المساحة : 614م 
الواجهة : شمالية
عرض الشارع : 18

ممتازة جداً للمطورين وراغبين السكن بموقع مميز 
ألارض شيخة وبموقع مميز جداً بحكم ندرة العروض المماثلة 
(ظهيرة حديقة ومسجد)
(طريق الامير سلطان دقيقتين)
(طريق الملك سلمان 4 دقايق)
(مدارس الظهران الاهلية دقيقتين)
موقع حيوي جداً 

السعر 1850.000 صافي 
للاستفسار والتواصل 059331310 
معارف الشرق العقارية",26.325512,50.163458,https://images.aqar.fm/webp/750x0/props/040718410_1788108425771.png,1.0,عبدالمحسن الدلاك,مكتب معارف الشرق العقارية,1.0,2026-08-30,2026-08-30,2026-09-27,1107,2026-09-27,True,"1,850,000",False,عمارة
6765137,https://sa.aqar.fm/عمائر-للبيع/الظهران/حي-الجامعة/شارع-19ب-حي-الجامعة-مدينة-الظهران-المنطقة-الشرقية-6765137,"عمارة للبيع في شارع 19ب, حي الجامعة, مدينة الظهران, المنطقة الشرقية",11500000,912,,,,7,حي الجامعة,الظهران,حي الجامعة,"🏢 مواصفات المشروع

* 18 شقة سكنية (4 شقق في كل دور، والدور الخامس يضم شقتين).
* مساحة الأرض: 957 م².
* كل شقة تضم:
    * مجلس وصالة.
    * غرفتي نوم مع خزائن.
    * 4 دورات مياه.
    * مطبخ مجهز.
    * غرفة خادمة مع حمام.
    * غرفة غسيل.
    * تكييف مركزي وأسقف جبسية.

مرافق المشروع:

* صالتان متعددتا الأغراض.
* غرف سائقين وغرفة حارس.
* مواقف سيارات مغلقة.
* خزانات مياه أرضية وعلوية.
* مصعد أوتس.
* نظام إنذار ومكافحة حريق.

المميزات:

* تشطيبات راقية.
* مواد عالية الجودة.
* تصميم عصري.
* موقع مميز.",26.337077,50.13071,,,محمد فهد,مكتب فارس المهوس للعقارات,1.0,2026-07-08,2026-08-06,2026-09-25,543,2026-09-27,True,"11,500,000",False,عمارة
6884994,https://sa.aqar.fm/عمائر-للبيع/الظهران/حي-القصور/شارع-الخفجي-حي-القصور-مدينة-الظهران-المنطقة-الشرقية-6884994,"عمارة للبيع في شارع الخفجي, حي القصور, مدينة الظهران, المنطقة الشرقية",7200000,750,,,,7,حي القصور,الظهران,حي القصور,"عمارة سكنية للبيع 
🏢 المواصفات 
 تتكون من (3 أدوار + ملحق) وتضم 15 شقة مقسمة بذكاء كالتالي:
* 9 شقق: مكونة من 3 غرف 
* 6 شقق: مكونة من 4 غرف (حي القصور): 
مؤجرة بالكامل
للتفاصيل اكثر التواصلو واتساب 
السعر قابل للتفاوض",26.344488,50.149913,,,هيثم عون,شركة دليل الثقة للتسويق,1.0,2026-09-20,2026-09-20,2026-09-26,89,2026-09-27,True,"7,200,000",False,عمارة
6887205,https://sa.aqar.fm/عمائر-للبيع/الظهران/حي-هجر/شارع-اوطاس-حي-هجر-مدينة-الدمام-المنطقة-الشرقية-6887205,"عمارة للبيع في شارع اوطاس, حي هجر, مدينة الدمام, المنطقة الشرقية",5000000,181,,,,8,حي هجر,الظهران,حي هجر,"🏢 فرصة استثمارية مميزة | عمارة سكنية للبيع في حي هجر – الظهران

أصل عقاري قائم ومدر للدخل، مؤجر بالكامل، في موقع مميز بحي هجر بالظهران.

📍 حي هجر – الظهران
📐 مساحة الأرض: 904 م²
🧭 واجهة جنوبية شرقية
🏗️ عمر العقار: 9 سنوات
💰 الدخل السنوي: من 350,000 إلى 400,000 ريال
🔑 العمارة مؤجرة بالكامل

🏠 مكونات العقار:

يتكون العقار من 9 شقق سكنية + ملحق مستقل بالدور الرابع مع حوش خاص.

▪️ مساحات الشقق: 171 – 181 م²
▪️ مساحة الملحق: 255 م²
▪️ الشقق مفرزة على صكوك مستقلة
▪️ عدادات كهرباء مستقلة لكل شقة

🛋️ مواصفات الشقق:

▪️ 3 غرف نوم، منها غرفة ماستر
▪️ غرفة خادمة مع دورة مياه مستقلة
▪️ مجلس + مقلط
▪️ مطبخ راكب
▪️ تكييف من شركة GREE بحالة ممتازة

⭐ مميزات إضافية:

▪️ العمارة مؤجرة بالكامل
▪️ دخل سنوي متحقق
▪️ صكوك مستقلة للشقق
▪️ عدادات كهرباء مستقلة
▪️ مصعد
▪️ غرفة حارس بالسطح
▪️ نظام مراقبة متكامل بالكاميرات
▪️ واجهة جنوبية شرقية
▪️ ملحق مستقل مع حوش خاص

فرصة مناسبة لمن يبحث عن عقار استثماري قائم ومدر للدخل، مع وحدات مفرزة بصكوك مستقلة وعدادات كهرباء مستقلة، مما يمنح العقار مرونة استثمارية عالية",26.367661,50.104488,https://images.aqar.fm/webp/750x0/props/054314649_1790054664437.jpg,8.0,عبدالعزيز بن راشد بن ابراهيم ال سليمان,,,2026-09-22,2026-09-22,2026-09-26,80,2026-09-27,True,"5,000,000",False,عمارة
6800337,https://sa.aqar.fm/عمائر-للبيع/الظهران/حي-القشلة/شارع-عبدالله-ابن-عمرو-حي-الصفاء-مدينة-الدمام-المنطقة-الشرقية-6800337,"عمارة للبيع في شارع عبدالله ابن عمرو, حي الصفاء, مدينة الدمام, المنطقة الشرقية",2700000,627,,,,8,حي القشلة,الظهران,حي القشلة,$5f,26.379742,50.185771,https://images.aqar.fm/webp/750x0/props/020610010_1785598139081.jpg,3.0,عبدالهادي علي,مؤسسة التخطيط الخليجي للمقاولات,1.0,2026-08-01,2026-08-30,2026-08-30,1058,2026-09-27,True,"2,700,000",False,عمارة
6706556,https://sa.aqar.fm/دور-للبيع/الظهران/حي-الدوحة-الجنوبية/شارع-سعد-بن-مالك-حي-الدوحة-الجنوبية-مدينة-الظهران-المنطقة-الشرقية-6706556,"دور للبيع في شارع سعد بن مالك, حي الدوحة الجنوبية, مدينة الظهران, المنطقة الشرقية",1850000,630,10,5,2,11,حي الدوحة الجنوبية,الظهران,حي الدوحة الجنوبية,"للبيع دور وشقه بالدوحه الجنوبيه  

مساحة   600  متر 

العمر  27 سنه 
قريب من الحديقه

السعر   مليون و  950  الف",26.331144,50.158197,https://images.aqar.fm/webp/750x0/props/010330775_1779358316993.jpg,1,مشاري  محمد  بن حميم  العنزي ,مؤسسة الكفاح و التنمية للتطوير العقاري,1.0,2026-05-21,2026-09-14,2026-09-26,1747,2026-09-27,True,"1,850,000",False,دور
6809503,https://sa.aqar.fm/دور-للبيع/الظهران/حي-هجر/حي-هجر-الظهران-الدمام-6809503,"دور للبيع في شارع 2271717, حي هجر, مدينة الدمام, المنطقة الشرقية",950000,186,3,3,1,3,حي هجر,الظهران,حي هجر,"دور ارضي مستقل بمدخل خاص جزء منه مؤثث يتكون من مدخلين مدخل للمجلس والمقلط ودورة مياة والمدخل الثاني للصاله ومطبخ جاهز ومستودع  ودورة مياة وثلاث غرف نوم منها غرفة ماستر مع غرفة ملابس ويوجد حوش خاص 
الدور مؤجر بمبلغ 65000 لمدة ثلاث سنوات انتهت منها سنه
يوجد عداد ماء راكب 
الدور امام مسجد وحديقة هجر",26.372443,50.105989,https://images.aqar.fm/webp/750x0/props/010275673_1786036316470.jpg,23,عبدالعزيز بن علي بن حسين الحربي,,,2026-08-06,2026-08-09,2026-09-18,1293,2026-09-27,True,"950,000",False,دور
6892116,https://sa.aqar.fm/دور-للبيع/الظهران/حي-الدوحة-الشمالية/شارع-الرمال-حي-الدوحة-الشمالية-مدينة-الظهران-المنطقة-الشرقية-6892116,"دور للبيع في شارع الرمال, حي الدوحة الشمالية, مدينة الظهران, المنطقة الشرقية",1500000,600,4,4,3,11,حي الدوحة الشمالية,الظهران,حي الدوحة الشمالية,دور للبيع بحي الدوحة الشماليه بالظهران .. مساحة العقار 600م .. عمر العقار اكثر من 30 سنة مناسب جدا لعمل 2 دبلكس .. .. المنزل بحالة جيدة من الداخل لذا ممكن ترميمه واستخدامه للسكن ..,26.332567,50.16921,https://images.aqar.fm/webp/750x0/props/005970861_1790423198358.jpg,3,فاطمه عبدالله بن حسن بن حسن,,,2026-09-26,2026-09-26,2026-09-26,36,2026-09-27,True,"1,500,000",False,دور
6745027,https://sa.aqar.fm/شقق-للبيع/الظهران/حي-ارامكو-السعودية/حي-الظهران-مدينة-الظهران-المنطقة-الشرقية-6745027,"شقة للبيع في حي الظهران, مدينة الظهران, المنطقة الشرقية",850000.0,240.0,5.0,0.0,0.0,4.0,حي ارامكو السعودية,الظهران,حي ارامكو السعودية,"شقه للبيع
حي اجيال الظهران
مساحة ٢٤٠ ألف 
مدخلين
مجلس مقلط 
صالتين 
٣ غرف نوم 
غرفه عامله وغسيل",26.262051,50.073945,https://images.aqar.fm/webp/750x0/props/031766068_1782422441961.jpg,1.0,جواهر عبدالله,,,2026-06-23,2026-09-18,2026-09-23,1193.0,2026-09-27,True,"850,000",False,شقة
6752165,https://sa.aqar.fm/شقق-للبيع/الظهران/حي-تهامة/حي-تهامة-مدينة-الدمام-المنطقة-الشرقية-6752165,"شقة للبيع في حي تهامة, مدينة الدمام, المنطقة الشرقية",850000.0,226.0,4.0,4.0,1.0,11.0,حي تهامة,الظهران,حي تهامة,"فرصة مميزة لامتلاك عقار في حي تهامة بموقع استراتيجي بالقرب من دوار قصر الخليج، يتميز بإطلالة رائعة وموقع حيوي يسهل الوصول إلى مختلف الخدمات والمرافق.

تبلغ مساحة العقار 226 مترًا مربعًا، ويضم:
• مدخل مستقل.
• أربع غرف واسعة.
• صالة مريحة.
• مطبخ داخلي.
• موقف خاص للسيارة.

عقار يجمع بين الموقع المميز والتصميم العملي، ويعد خيارًا مثاليًا للسكن والاستثمار",26.357174,50.131307,https://images.aqar.fm/webp/750x0/props/003925015_1782719813336.jpg,3.0,حازم عبدالله عمر باموسى,مؤسسة مجموعة حازم العقارية,1.0,2026-06-29,2026-09-25,2026-09-25,1291.0,2026-09-27,True,"850,000",False,شقة
6595151,https://sa.aqar.fm/شقق-للبيع/الظهران/حي-الجامعة/شارع-سعيد-بن-المسيب-حي-الجامعة-مدينة-الظهران-المنطقة-الشرقية-6595151,"شقة للبيع في شارع سعيد بن المسيب, حي الجامعة, مدينة الظهران, المنطقة الشرقية",865000.0,154.0,3.0,4.0,2.0,0.0,حي الجامعة,الظهران,حي الجامعة,"🏠 رواس الربوة 30 RAWAS

🌟مميزات المشروع:
يمتاز المشروع بموقع استراتيجي في حي الربوة بمدينة الظهران وبالقرب من الأماكن والطرق الرئيسية في المدينة، كما يمتاز بـ: 
- التكييف على كامل الوحدات بنظام VRV.
- كاميرات مراقبة
- بوابات إلكترونية
- دخول ذكي
- كاشف للدخان
- مضخة إطفاء للحريق

📋ضمانات المشروع:
10 سنوات | الهكيل الإنشائي
5 سنوات | أعمال السباكة
5سنوات | أعمال الكهرباء
5 سنوات | العزل المائي
سنتين | المصاعد
سنة واحدة | ضمان شامل",26.349263,50.139993,https://images.aqar.fm/webp/750x0/props/044097673_1789551019471.png,8.0,سلمان عبدالله احمد الأحيدب,مكتب مصعب عبدالله الاحيدب للعقارات,1.0,2026-02-18,2026-09-09,2026-09-16,654.0,2026-09-27,True,"865,000",False,شقة
6658259,https://sa.aqar.fm/شقق-للبيع/الظهران/حي-هجر/شارع-12ج-حي-هجر-مدينة-الدمام-المنطقة-الشرقية-6658259,"شقة للبيع في شارع 12ج, حي هجر, مدينة الدمام, المنطقة الشرقية",590000.0,182.0,3.0,4.0,3.0,0.0,حي هجر,الظهران,حي هجر,"🏠 شقة حي هجر  🏠

عمر العقار : 8 سنوات  

 - غرفة ماستر 
- غرفتين فردية   
- صالة كبيرة 
- صالة طعام 
- مجلس 
- غرفة عاملة  
- مطبخ 
 

🏠 مميزات الشقة  🏠

- نوافذ كبيرة  
- مساحات واسعة  

🏠 مميزات الموقع 🏠

- موقف خاص 
- بالقرب من الخدمات الرئيسية  
 

التواصل مباشرة قسم المبيعات 

حسام : 0546928988",26.364956,50.101826,https://images.aqar.fm/webp/750x0/props/050835939_1776370221891.jpg,10.0,نبيل جابر,مؤسسة إسناد الإتقان,1.0,2026-04-16,2026-09-09,2026-09-25,3725.0,2026-09-27,True,"590,000",False,شقة
6825305,https://sa.aqar.fm/شقق-للبيع/الظهران/حي-ارامكو-السعودية/شارع-الدمام-420-حي-أجيال-الظهران-الدمام-6825305,"شقة للبيع في شارع 28226959, حي الظهران, مدينة الظهران, المنطقة الشرقية",960000.0,240.0,5.0,3.0,1.0,4.0,حي ارامكو السعودية,الظهران,حي ارامكو السعودية,للبيع شقة في اجيال,26.261337,50.074493,https://images.aqar.fm/webp/750x0/props/012788904_1786882017004.jpg,1.0,عبدالرحمن عايض خليف الرشيدي,,,2026-08-16,2026-08-16,2026-09-15,496.0,2026-09-27,True,"960,000",False,شقة
6738075,https://sa.aqar.fm/شقق-للبيع/الظهران/حي-ارامكو-السعودية/شارع-الدمام-420-حي-الظهران-مدينة-الظهران-المنطقة-الشرقية-6738075,"شقة للبيع في شارع الدمام 420, حي الظهران, مدينة الظهران, المنطقة الشرقية",850000.0,240.0,5.0,0.0,0.0,4.0,حي ارامكو السعودية,الظهران,حي ارامكو السعودية,"شقه للبيع 
حي اجيال ارامكو 
مساحة كبيره ماشاء الله
240 متر
مدخلين
مجلس مقلط 
صالتين
وثلاث غرف نوم 
ومطبخ راكب الدولاب 
والمكيفات راكبه 
وغرفه عامله وغرفه سايق",26.256988,50.077988,https://images.aqar.fm/webp/750x0/props/031766065_1782127118659.jpg,1.0,جواهر عبدالله,,,2026-06-18,2026-09-13,2026-09-23,1355.0,2026-09-27,True,"850,000",False,شقة
6797470,https://sa.aqar.fm/شقق-للبيع/الظهران/حي-القصور/شارع-الوادى-حي-القصور-مدينة-الظهران-المنطقة-الشرقية-6797470,"شقة للبيع في شارع الوادى, حي القصور, مدينة الظهران, المنطقة الشرقية",850000.0,200.0,3.0,0.0,0.0,9.0,حي القصور,الظهران,حي القصور,"للبيع شقة دور واحد 3 غرف نوم
مدخل واحد 
مطبخ راكب + التكييف راكب 
مطله على الحديقة الداخلية
السعر قابل للتفاوض",26.338479,50.152983,https://images.aqar.fm/webp/750x0/props/016722122_1773706927979.jpg,19.0,بهاء عبد الرحمن,شركة جهد العقارية شركة شخص واحد,1.0,2026-07-30,2026-07-30,2026-09-23,319.0,2026-09-27,True,"850,000",False,شقة
6851370,https://sa.aqar.fm/شقق-للبيع/الظهران/حي-هجر/شارع-11ب-حي-هجر-مدينة-الدمام-المنطقة-الشرقية-6851370,"شقة للبيع في شارع 11ب, حي هجر, مدينة الدمام, المنطقة الشرقية",560000.0,168.0,3.0,1.0,0.0,10.0,حي هجر,الظهران,حي هجر,"🏠 لتنازل شقة مميزة مرهونه لصندوق- حي هجرة، الدمام

شقة واسعة بمساحة 170 م² لمدخلين بموقف خاص

📍 الموقع: حي هجرة - الدمام (قريبة من جميع الخدمات والعمارات)

المواصفات:
✅ 3 غرف نوم
✅ مجلس رجال منفصل
✅ صالة واسعة
✅ مدخلين مستقلين (رجال - عائلي)
✅ موقف سيارة خاص
✅ عمر العقار: 10 سنوات
✅ الشقة مؤجرة حالياً (دخل إيجاري ثابت)

التفاصيل المالية:
🏦 العقار مرهون لصندوق التنمية العقاري بمبلغ 360,000 ريال (يُفرغ حسب إجراءات الصندوق)

المبلغ المطلوب لتنازل 200,000 ريال
مميزات إضافية:
🔹 قربها من الخدمات (مساجد، مدارس، أسواق)
🔹 موقع حيوي يناسب السكن أو الاستثمار
🔹 دخل إيجاري مستمر لمن يرغب بالاستثمار

📞 للاستفسار والمعاينة: ((الرقم يظهر عند الضغط على اتصال))",26.367905,50.102713,https://images.aqar.fm/webp/750x0/props/037581950_1788203551273.jpg,22.0,ابراهيم ناصر بن ابراهيم التميمي,مؤسسة مكتب الوان الينابيع للعقارات,1.0,2026-08-31,2026-08-31,2026-09-19,454.0,2026-09-27,True,"560,000",False,شقة
6870949,https://sa.aqar.fm/شقق-للبيع/الظهران/حي-هجر/حي-هجر-مدينة-الدمام-المنطقة-الشرقية-6870949,"شقة للبيع في حي هجر, مدينة الدمام, المنطقة الشرقية",730000.0,174.0,4.0,3.0,1.0,0.0,حي هجر,الظهران,حي هجر,"للبيع شقة فاخرة حي هجر 
لموقع والمميزات

* موقع متميز يتوسط الدمام والظهران والخبر.
* القرب من الطرق الرئيسية:
    * طريق الأمير محمد بن فهد.
    * طريق الملك عبدالعزيز.
    * طريق الظهران–الجبيل السريع.
    * طريق الملك عبدالله.
* يتوسط العديد من المقرات الحكومية.
* تتوفر المدارس والمستشفيات الحكومية والخاصة والمتنزهات والحدائق المجاورة والمساجد.
* بنية تحتية متكاملة.

* المساحة: 175 م².
* الشقة مؤجرة بقيمة 40,000 ريال سنويًا.
* موقف خاص.
* خزان أرضي وعلوي خاص.
* مصعد.
* غرفة للسائقين.

مكونات الشقة

* مدخلان.
* غرفة رئيسية: 1.
* غرفتان: 2.
* صالة مع بلكونة : 1.
* مطبخ: 1.
* مجلس: 1.
* دورات مياه: 3.
* غرفة خادمة + دورة مياه.",26.374214,50.105016,https://images.aqar.fm/webp/750x0/props/053996538_1789234070460.jpg,3.0,صالح الزهراني,مكتب سمات ندى الأعمار,1.0,2026-09-12,2026-09-12,2026-09-26,288.0,2026-09-27,True,"730,000",False,شقة
6872310,https://sa.aqar.fm/شقق-للبيع/الظهران/حي-القصور/شارع-بيرين-حي-القصور-مدينة-الظهران-المنطقة-الشرقية-6872310,"شقة للبيع في شارع بيرين, حي القصور, مدينة الظهران, المنطقة الشرقية",450000.0,128.0,3.0,3.0,1.0,9.0,حي القصور,الظهران,حي القصور,"للبيع شقة  في الظهران  
حي القصور
مساحه الشقه ١٢٨ متر 
يوجد اتحاد ملاك لادارة العمارة والمناطق المشتركة 
دور ثاني شقة امامية 
متوفر مصعد 
قريبة من ارامكو واسواق التميمي وممشى تلال الدوحة وجميع الخدمات متوفرة بالحي .
صيانه حديثه شامله دهانات حمامات باركيه خشب  ، مجدده بالكامل 
مؤجره حاليًا بقيمه ٣٣ الف ،ينتهي العقد ابريل ٢٠٢٧ م قابل للتجديد إذا رغب المشتري

مكونات الشقة :-
- مدخل  للشقة مع مدخلين داخلية منفصلة
- ٣ غرف نوم 
- وحده منهم ماستر .
- مجلس رجال بدوره مياه.
- صالة جلوس مفتوحه على المطبخ  .
- مطبخ راكب دواليب + فرن كهربائي راكب .
-عدد ٣ دورات مياة .
-سخانات راكبه
- باركيه خشب
- راكب مكيفات سبلت لجميع الغرف.
- ومخزن
مياه حلوه من الشبكه
- ديكورات  جبسية ببعض الغرف
- عداد كهرباء مستقل.
- موقف في اسفل العمارة خاص بالشقة .",26.344245,50.1509,https://images.aqar.fm/webp/750x0/props/047314679_1789308312192.jpg,7.0,عبدالعزيز سليمان بن ابراهيم الفهيد,مؤسسة روشن الشرق لادارة الأملاك,1.0,2026-09-13,2026-09-13,2026-09-25,611.0,2026-09-27,True,"450,000",False,شقة
6797824,https://sa.aqar.fm/شقق-للبيع/الظهران/حي-هجر/شارع-11ب-حي-هجر-مدينة-الدمام-المنطقة-الشرقية-6797824,"شقة للبيع في شارع 11ب, حي هجر, مدينة الدمام, المنطقة الشرقية",480000.0,186.0,5.0,0.0,0.0,11.0,حي هجر,الظهران,حي هجر,"🏡 للبيع شقة أرضية مستخدمة – حي هجر

فرصة مميزة للسكن في موقع هادئ ومناسب للعائلة.

🔹 المواصفات:

* 3 غرف نوم
* مجلس
* مقلط
* صالة واسعة
* غرفة غسيل
* غرفة حارس
* حوش جانبي
* شقة أرضية
* المساحة: 190 م² (بدون احتساب مساحة الحوش)

💰 السعر: 490,000 ريال كاش



كما تتوفر لدينا العديد من العروض العقارية المميزة في مختلف أحياء الدمام، تشمل الشقق والفلل والأراضي، بأسعار تنافسية تناسب جميع الاحتياجات والميزانيات. تواصل معنا لاختيار العقار المناسب لك",26.367387,50.103078,https://images.aqar.fm/webp/750x0/props/029427719_1785425456769.jpg,11.0,بدريه القحطاني,مؤسسة مكتب الإتجاه الجديد للعقار,1.0,2026-07-30,2026-09-26,2026-09-26,1237.0,2026-09-27,True,"480,000",False,شقة
6867349,https://sa.aqar.fm/شقق-للبيع/الظهران/حي-هجر/حي-هجر-مدينة-الدمام-المنطقة-الشرقية-6867349,"شقة للبيع في حي هجر, مدينة الدمام, المنطقة الشرقية",580000.0,151.0,3.0,0.0,0.0,0.0,حي هجر,الظهران,حي هجر,"شقق للبيع بتصاميم و موقع مميز 

مساحات تبدا من 152 الى 160 

، بدون سعي 🌷",26.372359,50.105513,https://images.aqar.fm/webp/750x0/props/015288196_1789051333439.jpg,7.0,طلال زيد هلال الحارثي,,,2026-09-10,2026-09-10,2026-09-27,845.0,2026-09-27,True,"580,000",False,شقة
6865142,https://sa.aqar.fm/شقق-للبيع/الظهران/حي-هجر/شارع-11ا-حي-هجر-مدينة-الدمام-المنطقة-الشرقية-6865142,"شقة للبيع في شارع 11ا, حي هجر, مدينة الدمام, المنطقة الشرقية",780000.0,349.0,5.0,0.0,0.0,5.0,حي هجر,الظهران,حي هجر,"🏡 شقة بنتهاوس للبيع في حي هجر – الدمام

بنتهاوس مميز يشغل دورًا كاملًا في أعلى المبنى، بموقع قريب من طريق الأمير متعب والخدمات والمسجد.

مميزات العقار:
• مساحة ٣٥٠ م
• مدخلان للشقة
• مجلس وصالة بمساحات واسعة
• غرفة طعام
• مطبخ واسع مفتوح على الصالة
• غرف نوم واسعة منها ٢ غرف ماستر
• غرفة خادمة
• تكييف مركزي
• سطح خاص كبير بإطلالات مباشرة من الغرف والصالة
• مصعد
• موقف خاص
• غرف للسائقين
• منطقة ألعاب وساحة أمامية
• عمر العقار قرابة 6 سنوات
• قريب من طريق متعب و مسجد 

💰 السعر: 780,000 ريال

للتواصل مع أثمن العقارية:
📞 ((الرقم يظهر عند الضغط على اتصال))

رقم الترخيص الإعلاني: 7201124383",26.370305,50.100945,https://images.aqar.fm/webp/750x0/props/025677604_1788900322252.jpg,7.0,عبدالله بن شباب بن زائد العتيبي,مؤسسة أثمن العقارية,1.0,2026-09-08,2026-09-08,2026-09-08,346.0,2026-09-27,True,"780,000",False,شقة
6593488,https://sa.aqar.fm/شقق-للبيع/الظهران/حي-هجر/شارع-13أ-حي-هجر-مدينة-الدمام-المنطقة-الشرقية-6593488,"شقة للبيع في شارع 13أ, حي هجر, مدينة الدمام, المنطقة الشرقية",685000.0,133.0,3.0,3.0,2.0,1.0,حي هجر,الظهران,حي هجر,"شقة للبيع – الدمام | حي هاجر (جديدة وجاهزة للسكن)

شقة شبه جديدة وجاهزة في موقع مميز بحي هاجر، تتكون من:
       •        مؤثثه بالكامل 
	•	3 غرف نوم
	•	مجلس بمدخل مستقل
      •	         صالة واسعة
      •	       بلكونه 
	•	مكيفات راكبة
	•	مطبخ راكب ومجهز بالأجهزة
      •        يوجد غرفة  خادمه
      •        ويوجد غرفة سائق مستقلة بالدور الارضي تابعة للشقة. 

📐 المساحة: 133 م²

الموقع:
	•	بالقرب من المحكمة التجارية بالدمام
	•	تبعد دقيقتين عن طريق الظهران–الجبيل
	•	قريبة من الإدارة العامة للتعليم
	•	بالقرب من إدارة دوريات الأمن العام

مناسبة للعائلات، موقع حيوي وقريب من جميع الخدمات",26.371224,50.096518,https://images.aqar.fm/webp/750x0/props/007300426_1771268896735.jpg,11.0,عبدالرحمن رياض,شركة عنان السحاب العقارية,1.0,2026-02-16,2026-09-08,2026-09-20,1811.0,2026-09-27,True,"685,000",False,شقة
6811870,https://sa.aqar.fm/شقق-للبيع/الظهران/حي-الدانة-الشمالية/شارع-يزيد-بن-حصين-حي-الدانة-الشمالية-مدينة-الظهران-المنطقة-الشرقية-6811870,"شقة للبيع في شارع يزيد بن حصين, حي الدانة الشمالية, مدينة الظهران, المنطقة الشرقية",680000.0,188.0,5.0,4.0,2.0,5.0,حي الدانة الشمالية,الظهران,حي الدانة الشمالية,"💠للبـــيع شقة بموقع استراتيجي مقبل ارامكو 💠

💠تفاصيل الشقة :

-مجلس رجال 
-مقلط 
-صالة 
-مطبخ 
-منطقة غسيل 
-غرفة عاملة 
-ثلاث غرف نوم احدها ماستر 


💠لتفاصيل اكثر يرجى التواصل على الواتساب",26.333232,50.140069,https://images.aqar.fm/webp/750x0/props/024383603_1786217397233.jpg,1.0,عبدالله الشهراني,شركة اثرا العقارية,1.0,2026-08-08,2026-09-07,2026-09-27,1056.0,2026-09-27,True,"680,000",False,شقة
6740583,https://sa.aqar.fm/شقق-للبيع/الظهران/حي-هجر/شارع-المؤمونية-حي-هجر-مدينة-الدمام-المنطقة-الشرقية-6740583,"شقة للبيع في شارع المؤمونية, حي هجر, مدينة الدمام, المنطقة الشرقية",720000.0,189.0,6.0,0.0,0.0,7.0,حي هجر,الظهران,حي هجر,"شقة فاخرة للبيع – حي هجر

🏡 فرصة مميزة للتملك في أحد أفضل أحياء الدمام

📍 الموقع: حي هجر
📐 المساحة: 192 م²
🏢 الدور: الأول
🕒 العمر: 7 سنوات
🏘️ عمارة راقية مكونة من 6 شقق فقط

مواصفات الشقة:

🔹 مجلس واسع بمدخل مستقل ولوبي استقبال
🔹 مقلط
🔹 صالة كبيرة ومريحة
🔹 3 غرف نوم
🔹 غرفة خادمة
🔹 غرفة غسيل
🔹 مطبخان
🔹 مطبخ راكب
🔹 تكييف مركزي
🔹 مصعد
🔹 تشطيبات راقية ومساحات عملية

المميزات:

✅ خصوصية عالية
✅ عمارة هادئة وقليلة السكان
✅ مواقف سيارات مظللة
✅ موقع مخدوم وقريب من جميع الخدمات
✅ جاهزة للسكن

📞 للتواصل والاستفسار:
((الرقم يظهر عند الضغط على اتصال))

أثمن العقارية
نثمن ثقتكم",26.370366,50.101904,https://images.aqar.fm/webp/750x0/props/025677605_1781971810515.jpg,1.0,عبدالله بن شباب بن زائد العتيبي,مؤسسة أثمن العقارية,1.0,2026-06-20,2026-09-15,2026-09-15,935.0,2026-09-27,True,"720,000",False,شقة
6681189,https://sa.aqar.fm/شقق-للبيع/الظهران/حي-الجامعة/شارع-19ب-حي-الجامعة-مدينة-الظهران-المنطقة-الشرقية-6681189,"شقة للبيع في شارع 19ب, حي الجامعة, مدينة الظهران, المنطقة الشرقية",730000.0,138.0,3.0,3.0,2.0,2.0,حي الجامعة,الظهران,حي الجامعة,"شقة راقية للبيع في مشروع رواس 15 
في مدينة الظهران- الجامعة 
تفاصيل اكثر 👇🏻🤩🤩

رمز العرض : R01060111555

*مكونات الوحدة*
- غرف النوم 3
- دورات المياه 3
- ⁠مجلس
- ⁠صاله 
- ⁠مطبخ مغلق ( خزائن بدون أجهزة ) 
- ⁠غرفة عاملة مع دورة مياه⁠
- ⁠ بالكوني بإطلاله على المدينة 🌃
- ⁠مكيفة بالكامل
- ⁠مساحة الشقة : 138.36

*المميزات الإضافية* 
- منطقة استقبال في مدخل المبنى 
- دخول امن للمبنى 
- دخول ذكي للوحدة 
- موقف سيارة مظلل  ⁠

*تفاصيل اكثر*
- ⁠سعر البيع : 730 ألف ريال 
- ⁠رقم ترخيص الإعلان:7200946428
- رابط اعلان *Tiktok*
https://vt.tiktok.com/ZS9aJWjah/
- إعلان تطبيق *عقار*
https://sa.aqar.fm/r/0cc779ca

التواصل مباشرة 
مستشار مبيعات شركة إسهام الشرق :
نهال / ((الرقم يظهر عند الضغط على اتصال))

مستشار مبيعات شركة إسهام الشرق : 
نوف / ((الرقم يظهر عند الضغط على اتصال))

مستشار مبيعات شركة إسهام الشرق : 
مجاهد / ((الرقم يظهر عند الضغط على اتصال))",26.337468,50.130755,https://images.aqar.fm/webp/750x0/props/033740143_1783251539633.png,10.0,مشعل غرم الله بن علي الزهراني,مؤسسة إسهام الشرق للصيانة والنظافة,1.0,2026-05-04,2026-08-28,2026-09-24,1246.0,2026-09-27,True,"730,000",False,شقة
6811841,https://sa.aqar.fm/شقق-للبيع/الظهران/حي-ارامكو-السعودية/شارع-الدمام-420-حي-الظهران-مدينة-الظهران-المنطقة-الشرقية-6811841,"شقة للبيع في شارع الدمام 420, حي الظهران, مدينة الظهران, المنطقة الشرقية",750000.0,240.0,5.0,5.0,2.0,1.0,حي ارامكو السعودية,الظهران,حي ارامكو السعودية,"شقة راقية للبيع في مشروع اجيال
في مدينة الظهران - حي اجيال
تفاصيل اكثر 👇🏻🤩🤩

رمز العرض : R06030MM

*⭐️ مكونات الوحدة ⭐️*
- غرف النوم 5
- ⁠دورات المياه 5
- ⁠مجلس
- ⁠صاله  
- ⁠مطبخ ( خزائن بدون أجهزة )
- ⁠غرفة عامله مع دورة مياه 
- ⁠مكيفة بالكامل
- ⁠مساحة الشقة :240.6


*⭐️ المميزات الإضافية ⭐️*  
- ⁠منطقة استقبال في مدخل المبنى
- ⁠دخول آمن للمبنى 
- ⁠دخول ذكي للوحدة
- ⁠موقف سيارة مظلل
- ⁠الشقة مناسبة للاستثمار 
( مؤجره بقيمة 50 الف دفعه كامله )
-مطله على طريق الخليج والحديقه العامه بجوار حي ازيان

*⭐️ تفاصيل اكثر ⭐️*
- ⁠سعر البيع : 750 الف 
- ⁠رقم ترخيص الإعلان: 7201073791
- إعلان تطبيق *عقار*
https://sa.aqar.fm/r/316c6b58
التواصل مباشرة 
مستشار مبيعات شركة إسهام الشرق :
نهال / ((الرقم يظهر عند الضغط على اتصال))

مستشار مبيعات شركة إسهام الشرق : 
نوف / ((الرقم يظهر عند الضغط على اتصال))

مستشار مبيعات شركة إسهام الشرق : 
مجاهد / ((الرقم يظهر عند الضغط على اتصال))",26.262254,50.074087,https://images.aqar.fm/webp/750x0/props/033740140_1787335623209.png,15.0,مشعل غرم الله بن علي الزهراني,مؤسسة إسهام الشرق للصيانة والنظافة,1.0,2026-08-08,2026-09-07,2026-09-24,1039.0,2026-09-27,True,"750,000",False,شقة
6801545,https://sa.aqar.fm/شقق-للبيع/الظهران/حي-الدانة-الشمالية/شارع-ابو-الوليد-النصري-حي-الدانة-الشمالية-مدينة-الظهران-المنطقة-الشرقية-6801545,"شقة للبيع في شارع ابو الوليد النصري, حي الدانة الشمالية, مدينة الظهران, المنطقة الشرقية",460000.0,180.0,5.0,3.0,1.0,11.0,حي الدانة الشمالية,الظهران,حي الدانة الشمالية,"🏡 شقة للبيع – الظهران | حي الجامعة

✨ موقع استراتيجي مميز بالقرب من جامعة الملك فهد للبترول والمعادن، وقريب من أرامكو السعودية وجميع الخدمات، مع سهولة الوصول إلى الطرق الرئيسية.

🏢 الدور الأول
🕒 عمر العقار: 10 سنوات

مميزات الشقة:
✅ مصعد
✅ موقف سيارة خاص
✅ غرفة سائق
✅ مدخلان مستقلان

تتكون من:

* مجلس
* مقلط
* صالة واسعة
* مطبخ راكب مفتوح على الصالة
* 3 غرف، منها غرفة نوم رئيسية (ماستر)
* غرفة خادمة
* 3 دورات مياه

💰 سعر البيع: 460,000  الف ريال

🏦 تقبل جميع البنوك والتمويل العقاري

⭐ فرصة مميزة للسكن أو الاستثمار في أحد أفضل أحياء الظهران، بموقع حيوي قريب من جامعة الملك فهد للبترول والمعادن وأرامكو السعودية والخدمات.

📲 للتواصل واتساب",26.343849,50.143305,https://images.aqar.fm/webp/750x0/props/011783661_1785668710332.jpg,10.0,بدر عبدالله صالح العمري,مكتب الاشراق للخدمات العقارية,1.0,2026-08-02,2026-08-31,2026-09-26,2821.0,2026-09-27,True,"460,000",False,شقة
6825626,https://sa.aqar.fm/شقق-للبيع/الظهران/حي-القصور/شارع-الوادى-حي-القصور-مدينة-الظهران-المنطقة-الشرقية-6825626,"شقة للبيع في شارع الوادى, حي القصور, مدينة الظهران, المنطقة الشرقية",900000.0,218.0,4.0,0.0,0.0,10.0,حي القصور,الظهران,حي القصور,"شقة دوبلكس للبيع 📍 
كمبوند مربيلا – حي القصور، الظهران  

مساحة 218.79م   

الدور الأرضي:  
• صالتين 
• مجلس 
• دورتين مياه
 • مطبخ  

الدور الأول:  
• ٣ غرف نوم (منها غرفة ماستر) 
• صالة 
• غرفة شغالة 

 المميزات:  • تكييف مركزي + سبلت (المكيفات راكبة) 
• عدادات كهرباء وماء مستقلة 
• الشقة فاضية وجاهزة للتسليم  

مرافق الكمبوند:  
• نادي رياضي
 • بركة سباحة 
• ملاعب رياضية 
• ديوانية  
• مكتبة  
• مسجد
  • صالون نساء
  • مرافق ترفيهية أخرى   

📞 للتواصل: 
((الرقم يظهر عند الضغط على اتصال)) 
أوج العقارية",26.338479,50.152983,https://images.aqar.fm/webp/750x0/props/001275676_1786890655673.jpg,13.0,مبارك بن محمد,شركة أوج النمو,1.0,2026-08-16,2026-09-14,2026-09-15,250.0,2026-09-27,True,"900,000",False,شقة
6880146,https://sa.aqar.fm/شقق-للبيع/الظهران/حي-الدانة-الشمالية/شارع-ابو-ألعقيل-الاسلمي-حي-الدانة-الشمالية-مدينة-الظهران-المنطقة-الشرقية-6880146,"شقة للبيع في شارع ابو ألعقيل الاسلمي, حي الدانة الشمالية, مدينة الظهران, المنطقة الشرقية",639000.0,186.0,3.0,3.0,1.0,11.0,حي الدانة الشمالية,الظهران,حي الدانة الشمالية,"🏡 للبيع شقة مميزة في حي الدانة – الظهران | مقابل كمباوند أرامكو الرابية

📍 موقع استراتيجي ومميز في حي الدانة بالظهران، وعلى بُعد حوالي دقيقتين فقط من بوابة أرامكو الدانة.

### 🏠 تفاصيل الشقة
▪️ المساحة: 187 م²  
▪️ عمر العقار: 12 سنة  
▪️ مدخلان مستقلان للشقة   
▪️ مجلس  
▪️ مقلط  
▪️ 3 غرف نوم منها غرفة ماستر مع دورة مياه و غرفة ملابس  
▪️ غرفة خادمة مع حمام خاص  
▪️ 8 مكيفات  
▪️ مطبخ بجودة ممتازة وحالة جيدة  
▪️ ثلاجة  
▪️ غسالة  
▪️ فرن كهربائي 
▪️ أسقف مرتفعة  
▪️ نوافذ كبيرة  
▪️ موقف خاص للشقة مضللة
▪️ عدد كبير من المواقف المتاحة حول المبنى

### 🏢 مميزات المبنى
▪️ العمارة تتكون من 10 شقق، بمعدل شقتين في كل دور  
▪️ جميع شقق العمارة مؤجرة بالكامل  
▪️ إدارة المبنى بالكامل من خلال شركة صيانة متخصصة  
▪️ الشركة تتولى أعمال الصيانة والنظافة والخدمات التشغيلية بالكامل للمبنى  
▪️ جميع الملاك مسجلون عبر منصة اتحاد الملاك  
▪️ حارس متواجد على مدار الساعة  
▪️ أنظمة سلامة وتجهيزات وإمدادات مخصصة للإطفاء في كل دور.
▪️ يوجد غرفتان للسائقين مؤجرتان، ويتم توجيه عوائدهما للمساهمة في إدارة تشغيل المبنى.

### 💰 الوضع التأجيري
الشقة مؤجرة حاليًا بمبلغ 43,000 ريال سنويًا، على دفعتين.

👤 المستأجر يسكن في الوحدة منذ 6 سنوات، مما يعكس استقرارًا في الإشغال.
؜ 

📞 **للتواصل والاستفسار ((الرقم يظهر عند الضغط على اتصال))

ملاحظة: في حال وجود رغبة جادة في الشراء ومعاينة الشقة من الداخل، سيتم بكل ترحيب التنسيق مسبقًا مع المستأجر الحالي لتحديد الموعد والوقت المناسب للمعاينة، بما يتناسب مع ظروفه وخصوصيته",26.333425,50.140281,https://images.aqar.fm/webp/750x0/props/047637473_1790057570605.jpg,13.0,عبدالعزيز الاحمدي,مؤسسة الأهم للأعمال المدنية والانشائية للمقاولات,1.0,2026-09-17,2026-09-17,2026-09-25,129.0,2026-09-27,True,"639,000",False,شقة
6491263,https://sa.aqar.fm/شقق-للبيع/الظهران/حي-القصور/شارع-بيرين-حي-القصور-مدينة-الظهران-المنطقة-الشرقية-6491263,"شقة للبيع في شارع بيرين, حي القصور, مدينة الظهران, المنطقة الشرقية",550000.0,128.0,3.0,,,10.0,حي القصور,الظهران,حي القصور,"للبيع شقة في الظهران
حي القصور
مساحه الشقه 130 متر
اتحاد ملاك لادارة العمارة والمناطق المشتركة دور ثاني شقة امامية
متوفر مصعد
قريبة من ارامكو واسواق التميمي وممشى تلال الدوحة وجميع الخدمات متوفرة بالحي.
صيانه حديثه شامله دهانات حمامات باركيه خشب ، مجدده بالكامل
مؤجره حاليًا بقيمه 33 الف ، ينتهي العقد ابريل 2026 م
مكونات الشقة :-
- مدخل للشقة مع مدخلين داخلية منفصلة
- 3 غرف نوم
- وحده منهم ماستر .
- مجلس رجال بدوره مياه.
- صالة جلوس مفتوحه على المطبخ .
- مطبخ راكب دواليب + فرن كهربائي راكب .
-عدد 3 دورات مياة.
-سخانات راكبه
- باركيه خشب
- راكب مكيفات سبلت لجميع الغرف.
مياه حلوه من الشبكه
- ديكورات جبسية ببعض الغرف
- عداد كهرباء مستقل.
- موقف في اسفل العمارة خاص بالشقة.
السعر 550 الف ريال
((رقم المعلن يظهر عند التواصل))",26.344285,50.150868,https://images.aqar.fm/webp/750x0/props/002310849_1764754780365.jpg,3.0,ايمان بنت عبدالرزاق بن عبدالستار الطائي,مؤسسة مكتب مستطيلات البناء للخدمات العقارية,1.0,2025-12-03,2025-12-03,2026-08-20,2827.0,2026-09-27,True,"550,000",False,شقة
6885374,https://sa.aqar.fm/شقق-للبيع/الظهران/حي-هجر/شارع-13أ-حي-هجر-مدينة-الدمام-المنطقة-الشرقية-6885374,"شقة للبيع في شارع 13أ, حي هجر, مدينة الدمام, المنطقة الشرقية",580000.0,171.0,4.0,0.0,0.0,0.0,حي هجر,الظهران,حي هجر,"شقه للبيع بالدمام بحي هجر موقعها ممتاز جدا وقريبه من جميع كافيات والخدمات وقريبه من طريق الجبيل السريع وإثراء عليها كل الضمانات وإشراف هندسي وتامين ملاذ ضد العيوب الخفيه 

التفاصيل :
                الشقه عباره : ثلاثه غرف نوم ومطبخ وصاله وغرفه للغسيل 
ومجلس 

للحجز او الاستفسار : شركه اراف للتطوير العقاري 
اخصاصي مبيعات : فضل 
نسعد بخدمتكم",26.369622,50.09762,https://images.aqar.fm/webp/750x0/props/042105056_1789985860876.jpg,3.0,عبدالرحمن بن عبدالله بن محمد القحطاني,شركة أراف للتطوير العقاري,1.0,2026-09-21,2026-09-21,2026-09-26,30.0,2026-09-27,True,"580,000",False,شقة
6862843,https://sa.aqar.fm/شقق-للبيع/الظهران/حي-القصور/شارع-الصداوي-حي-القصور-مدينة-الظهران-المنطقة-الشرقية-6862843,"شقة للبيع في شارع الصداوي, حي القصور, مدينة الظهران, المنطقة الشرقية",656000.0,138.0,5.0,3.0,1.0,10.0,حي القصور,الظهران,حي القصور,"🏢 **شقة للبيع | الظهران – حي القصور**

📍 **الموقع:** الظهران – حي القصور، بالقرب من التميمي

🏠 **الدور:** الأول
📐 **المساحة:** 138 م²

**مكونات الشقة:**
▪️ 3 غرف نوم، منها غرفة ماستر مفروشة بالكامل
▪️ 3 دورات مياه
▪️ مجلس
▪️ صالة واسعة
▪️ مطبخ مفتوح على الصالة

✨ **مميزات الشقة:**
▪️ مؤثثة بالكامل
▪️ مطبخ راكب
▪️ فرن + مغسلة أواني + مغسلة ملابس
▪️ ثلاجة، وجميعها جديدة
▪️ أدوات مطبخ
▪️ مكنسة كهربائية
▪️ 5 مكيفات راكبة
▪️ ستائر راكبة
▪️ موقف خاص
▪️ مصعد

📍 **الموقع:**
[موقع الشقة على الخريطة](https://maps.app.goo.gl/yKUchksSqZU5Mtt27?utm_source=chatgpt.com)",26.343231,50.150069,https://images.aqar.fm/webp/750x0/props/014167825_1788806492964.jpg,1.0,صلاح بن مكي بن حسين بوعريش,مؤسسة بيوند فاليويشن,1.0,2026-09-07,2026-09-07,2026-09-25,332.0,2026-09-27,True,"656,000",False,شقة
6534897,https://sa.aqar.fm/شقق-للبيع/الظهران/حي-تهامة/حي-تهامة-مدينة-الدمام-المنطقة-الشرقية-6534897,"شقة للبيع في حي تهامة, مدينة الدمام, المنطقة الشرقية",570000.0,172.0,4.0,3.0,1.0,10.0,حي تهامة,الظهران,حي تهامة,"شقة للبيع موقع مميز 
… 
مساحة 172.74م 

السعر 600 الف",26.357174,50.131307,https://images.aqar.fm/webp/750x0/props/008319959_1768245315484.jpg,8.0,عبدالرحمن بن فهد,مؤسسة الفرصة العقارية,1.0,2026-01-05,2026-09-18,2026-09-21,1601.0,2026-09-27,True,"570,000",False,شقة
6596930,https://sa.aqar.fm/شقق-للبيع/الظهران/حي-تهامة/شارع-خلف-بن-سعد-حي-تهامة-مدينة-الدمام-المنطقة-الشرقية-6596930,"شقة للبيع في شارع خلف بن سعد, حي تهامة, مدينة الدمام, المنطقة الشرقية",560000.0,2059.0,2.0,4.0,2.0,0.0,حي تهامة,الظهران,حي تهامة,"🏠 رواس تهامة 34 RAWAS

📌 الموقع: الظهران - حي تهامة

🌟مميزات المشروع:
- موقع استراتيجي في قلب مدينة الظهران، في وسط الطرق الرئيسية، التي تربط بين (الخبر-الدمام-طريق بقيق-طريق الرياض). 
- ⁠لاونج مخصص للسكان (في الدور العاشر)، متعدد الاستخدامات، مع دورة مياه، مطل على برج إثراء.
- إطلالات دائمة، لجميع النماذج.
- ⁠مدخلين لأغلب وحدات المشروع. 
- ⁠غرف خادمة لجميع الوحدات. 
- ⁠موقف خاص لكل وحدة.
- ⁠أنظمة إطفاء ومكافحة الحريق.
- ⁠بهو خاص للدفاع المدني في جميع الأدوار.
- ⁠التكييف بنظام VRV. 
- أنظمة أمنية، ومراقبة.
- ⁠مرمى نفايات في جميع الأدوار.
- ⁠أنظمة سمارت هوم، وانتركوم. 
- ⁠بوابات ذكيّة للدخول إلى المبنى. 
- ⁠بنية تحتية لخدمات مشتركة، (سوبرماركت ذكي - مغسلة ملابس ذكية) -تخضع لتفعيل شركة إدارة المرافق-.
- ⁠مصعد خدمات دائم (لنقل الأثاث).

📋ضمانات المشروع:
10 سنوات | الهكيل الإنشائي
5 سنوات | العزل المائي
١ سنة | أعمال السباكة
١ سنة | أعمال الكهرباء
سنتين | المصاعد

تبدأ المساحات من 117م، وتصل حتى 144م.
تبدأ الأسعار من 560,000 ريال.",26.351704,50.132665,https://images.aqar.fm/webp/750x0/props/044097677_1774325207711.jpg,15.0,سلمان عبدالله احمد الأحيدب,مكتب مصعب عبدالله الاحيدب للعقارات,1.0,2026-02-19,2026-09-10,2026-09-10,4960.0,2026-09-27,True,"560,000",False,شقة
6795979,https://sa.aqar.fm/شقق-للبيع/الظهران/حي-هجر/شارع-الكدواية-حي-هجر-مدينة-الدمام-المنطقة-الشرقية-6795979,"شقة للبيع في شارع الكدواية, حي هجر, مدينة الدمام, المنطقة الشرقية",650000.0,171.0,4.0,3.0,1.0,0.0,حي هجر,الظهران,حي هجر,"� للبيع شقة مميزة في حي هجر

فرصة رائعة للسكن أو الاستثمار في موقع مميز.

📐 المساحة: 171 م²
🛏️ 3 غرف نوم
🛋️ صالة واسعة
🪑 مجلس
🚪 مدخلان
🚿 3 دورات مياه 
مميزات الشقة : 
 #  تصميم عصري ومساحات واسعة . 
 # إضاءة طبيعية وتهوية ممتازة . 
 # قريب من المدارس والمراكز الخدمية . 
# موقف خاص . 
 # تشطيب عالي جودة . 
 للتواصل : ((الرقم يظهر عند الضغط على اتصال))  / ((الرقم يظهر عند الضغط على اتصال))",26.371137,50.10189,https://images.aqar.fm/webp/750x0/props/002983066_1785397335001.jpg,8.0,سعد عادل بن سعد المعمر,شركة إحياء المحدودة شركة شخص واحد,1.0,2026-07-29,2026-09-25,2026-09-25,543.0,2026-09-27,True,"650,000",False,شقة
6848534,https://sa.aqar.fm/شقق-للبيع/الظهران/حي-هجر/شارع-القاسمة-حي-هجر-مدينة-الدمام-المنطقة-الشرقية-6848534,"شقة للبيع في شارع القاسمة, حي هجر, مدينة الدمام, المنطقة الشرقية",510000.0,180.0,3.0,3.0,1.0,5.0,حي هجر,الظهران,حي هجر,"شقه للبيع مساحه ١٨٠ 
حي هجر عمر العقار ٩ سنوات
الدور 3
٣ غرف نوم وصاله ٣ دورات مياة مع مجلس وملقط وغرفة شغاله 
موقع ممتازة
سوم 510000",26.371772,50.104504,https://images.aqar.fm/webp/750x0/props/022528163_1788083270924.jpg,14.0,محمد حمدان,شركة قمة الحلول للعقارات شركة شخص واحد,1.0,2026-08-30,2026-08-30,2026-09-26,500.0,2026-09-27,True,"510,000",False,شقة
6835104,https://sa.aqar.fm/شقق-للبيع/الظهران/حي-الجامعة/شارع-B21-حي-الجامعة-مدينة-الظهران-المنطقة-الشرقية-6835104,"شقة للبيع في شارع B21, حي الجامعة, مدينة الظهران, المنطقة الشرقية",850000.0,122.0,2.0,3.0,1.0,4.0,حي الجامعة,الظهران,حي الجامعة,شقة ملحق، مدخلين الشقة، صاله، مجلس، مطبخ راكب، ٣ دورات مياه,26.337077,50.128947,https://images.aqar.fm/webp/750x0/props/049103568_1787470592318.jpg,15.0,حمود مفلح,شركة سهم رواق,1.0,2026-08-22,2026-09-20,2026-09-20,199.0,2026-09-27,True,"850,000",False,شقة
6872233,https://sa.aqar.fm/شقق-للبيع/الظهران/حي-الدانة-الشمالية/شارع-ابو-ألعقيل-الاسلمي-حي-الدانة-الشمالية-مدينة-الظهران-المنطقة-الشرقية-6872233,"شقة للبيع في شارع ابو ألعقيل الاسلمي, حي الدانة الشمالية, مدينة الظهران, المنطقة الشرقية",530000.0,147.0,4.0,0.0,0.0,11.0,حي الدانة الشمالية,الظهران,حي الدانة الشمالية,"شقة بالدانة 
مساحتها 147 متر
عمرها 13 سنة
غرفتين نوم وصالة ومجلس ومقلط ودورتين مياه ومطبخ 
مكيفات راكبة
مطبخ راكب
معمول لها صيانة بالكامل وصبغ وسيراميك مجددة بالكامل",26.333339,50.140635,https://images.aqar.fm/webp/750x0/props/032844964_1789306117583.jpg,1.0,عمار حسين,شركة خبرات الشرق الاحترافية,1.0,2026-09-13,2026-09-13,2026-09-13,214.0,2026-09-27,True,"530,000",False,شقة
6595187,https://sa.aqar.fm/شقق-للبيع/الظهران/حي-القصور/حي-القصور-مدينة-الظهران-المنطقة-الشرقية-6595187,"شقة للبيع في حي القصور, مدينة الظهران, المنطقة الشرقية",490000.0,4628.0,2.0,2.0,1.0,0.0,حي القصور,الظهران,حي القصور,"🏠 رواس القصور 35 RAWAS

🌟مميزات المشروع:
يمتاز المشروع بموقع استراتيجي في حي القصور بمدينة الظهران، وبالقرب من مدينة الخبر والدمام والطرق الرئيسية المؤدية لها، والأماكن الرئيسية في المنطقة، مع خدمات ترفيهية خاصة للسكان، كما يمتاز بـ: 
- التكييف على كامل الوحدات.
- نادي رياضي رجالي.
- نادي رياضي نسائي.
- حضانة أطفال.
- لاونج مخصص للسكان.
- مصلى.
- غرف للسائقين.
- كاميرات مراقبة.
- بوابات إلكترونية.
- دخول ذكي.
- كاشف للدخان.
- مضخة إطفاء للحريق.

📋ضمانات المشروع:
10 سنوات | الهكيل الإنشائي
5 سنوات | أعمال السباكة
5سنوات | أعمال الكهرباء
5 سنوات | العزل المائي
سنتين | المصاعد
سنة واحدة | ضمان شامل

تبدأ مساحات الوحدات من 75م وحتى 165م، وتبدأ الأسعار من: 490,000 ريال.",26.350672,50.140925,https://images.aqar.fm/webp/750x0/props/025359571_1776927475750.jpg,20.0,سلمان عبدالله احمد الأحيدب,مكتب مصعب عبدالله الاحيدب للعقارات,1.0,2026-02-18,2026-09-09,2026-09-09,5996.0,2026-09-27,True,"490,000",False,شقة
6874209,https://sa.aqar.fm/شقق-للبيع/الظهران/حي-هجر/شارع-المتباهي-حي-هجر-مدينة-الدمام-المنطقة-الشرقية-6874209,"شقة للبيع في شارع المتباهي, حي هجر, مدينة الدمام, المنطقة الشرقية",550000.0,176.0,3.0,4.0,1.0,8.0,حي هجر,الظهران,حي هجر,"للبيع شقة أرضية في الدمام

مخطط 945/ ش د حي هجر

المساحة: 176.77 متر مربع

عداد كهرباء مستقل

عداد ماء مشترك

العمر التقريبي: 13 سنة

الصك مرهون

المكونات:

مجلس – صالة – صالة طعام – غرفة خادمة – ثلاثة غرف نوم – أربعة دورات مياه

السعر: 550,000 ريال

غير شامل ضريبة التصرفات العقارية

غير شامل العمولة",26.36999,50.101896,https://images.aqar.fm/webp/750x0/props/000986354_1789399433705.jpg,1.0,جاسم عبدرب النبي بن جاسم المزعل السيهاتي,مؤسسة دانة الخير العقارية,1.0,2026-09-14,2026-09-14,2026-09-14,154.0,2026-09-27,True,"550,000",False,شقة
6856697,https://sa.aqar.fm/شقق-للبيع/الظهران/حي-الجامعة/شارع-الشهاده-حي-الجامعة-مدينة-الظهران-المنطقة-الشرقية-6856697,"شقة للبيع في شارع الشهاده, حي الجامعة, مدينة الظهران, المنطقة الشرقية",570000.0,168.0,5.0,2.0,1.0,7.0,حي الجامعة,الظهران,حي الجامعة,"🏡 شقة للبيع – الظهران فيوز (حي الجامعة)

✨ موقع حيوي ومميز وخدمات متكاملة.
🚶🏻‍♂️(دقيقة واحدة مشي) الى محطة بنزين أورنج ""ستاربكس، ميني ماركت، ..""  والفرع الجديد للبنك الاهلي
🚶🏻‍♂️🚶🏻‍♂️ (دقيقتين مشي) مجمع
‏ Shally View واللي فيه قهوة EQUAL
The Coffee Bean
صالون نسائي
صيدلية

🔹 المساحة: 168 م²
🔹 صك حر
🔹 السعر: 650000

التفاصيل:
• غرفة نوم ماستر بدورة مياه
• غرفتين نوم مع حمام
• مجلس مع دورة مياه
• صالة مع مطبخ مفتوح
• مطبخ ايكيا
• غرفة شغالة بدورة مياه
• موقف سيارة بمظلة

مميزات المبنى:
✔ مصعدين
✔ اتحاد ملاك
✔ جرس انتركوم

📍 مناسبة للسكن العائلي أو الاستثمار
📞 للتواصل والاستفسار
((الرقم يظهر عند الضغط على اتصال))
((الرقم يظهر عند الضغط على اتصال))",26.336621,50.131835,https://images.aqar.fm/webp/750x0/props/000568886_1788458726615.jpg,8.0,خالد العريقي,مكتب خالد محمد حميد العريقي للخدمات العقارية,1.0,2026-09-03,2026-09-03,2026-09-24,698.0,2026-09-27,True,"570,000",False,شقة
6865466,https://sa.aqar.fm/شقق-للبيع/الظهران/حي-الدوحة-الجنوبية/شارع-البوابة-حي-الدوحة-الجنوبية-مدينة-الظهران-المنطقة-الشرقية-6865466,"شقة للبيع في شارع البوابة, حي الدوحة الجنوبية, مدينة الظهران, المنطقة الشرقية",820000.0,257.0,4.0,4.0,2.0,11.0,حي الدوحة الجنوبية,الظهران,حي الدوحة الجنوبية,"🔹 شقة بنتهاوس مميزة للبيع

📍 الموقع
الظهران - حي الدوحة الجنوبية – شارع البوابة

📐 المساحة
257 م²

🔹 تفاصيل الشقة
تتكون الشقة من طابقين
3 مداخل
مجلس
2 صالة واسعة (كل دور صالة)
مطبخ
مخزن
4 دورات مياه
4 غرف نوم (2 غرف ماستر)
سطح خاص

🔹 مميزات العمارة
موقف خاص ومظلل
مصعد

💰 سعر البيع
820,000 ريال سعودي",26.328425,50.175119,https://images.aqar.fm/webp/750x0/props/009009891_1788929673880.jpg,9.0,علي القحطاني,شركة نود ريل إستيت,1.0,2026-09-09,2026-09-09,2026-09-09,248.0,2026-09-27,True,"820,000",False,شقة
6664018,https://sa.aqar.fm/شقق-للبيع/الظهران/حي-القشلة/شارع-ابو-مرة-الطائفي-حي-الصفاء-مدينة-الدمام-المنطقة-الشرقية-6664018,"شقة للبيع في شارع ابو مرة الطائفي, حي الصفاء, مدينة الدمام, المنطقة الشرقية",650000.0,149.0,3.0,,,11.0,حي القشلة,الظهران,حي القشلة,شقة بحي الصفا - الدمام - مدخل وحوش خاص بجراج - ٣ غرف نوم +صالة + مجلس +٣ حمامات +مطبخ راكب + مكيفة بالكامل .,26.378476,50.183894,https://images.aqar.fm/webp/750x0/props/050397400_1776769810852.jpg,6.0,اسامه عبدالله سليمان الشارخ,شركة عبدالله سليمان الشارخ للتجارة والمقاولات وشركاؤه المحدودة,1.0,2026-04-21,2026-09-13,2026-09-13,1968.0,2026-09-27,True,"650,000",False,شقة
6832979,https://sa.aqar.fm/شقق-للبيع/الظهران/حي-الدانة-الشمالية/شارع-أبو-عبيدة-بن-الجراح-حي-الدانة-الشمالية-مدينة-الظهران-المنطقة-الشرقية-6832979,"شقة للبيع في شارع أبو عبيدة بن الجراح, حي الدانة الشمالية, مدينة الظهران, المنطقة الشرقية",600000.0,158.0,6.0,0.0,0.0,11.0,حي الدانة الشمالية,الظهران,حي الدانة الشمالية,"مجلس 
دوره مياه 
مقلط - صالة
ماستر روم مع حمام 
غرفتين بينهم دوره مياه 

غرفة سائق
دور اول علوي ع الشارع الرئيسي مواجه لطريق الظهران الخبر 
باركينق 
مصعد",26.344203,50.144153,https://images.aqar.fm/webp/750x0/props/006546976_1787236716269.jpg,2.0,بندر الشمري,,,2026-08-20,2026-09-18,2026-09-21,506.0,2026-09-27,True,"600,000",False,شقة
6877311,https://sa.aqar.fm/شقق-للبيع/الظهران/حي-الدوحة-الجنوبية/شارع-الحني-حي-الدوحة-الجنوبية-مدينة-الظهران-المنطقة-الشرقية-6877311,"شقة للبيع في شارع الحني, حي الدوحة الجنوبية, مدينة الظهران, المنطقة الشرقية",895000.0,194.0,5.0,4.0,2.0,11.0,حي الدوحة الجنوبية,الظهران,حي الدوحة الجنوبية,"شقة دورين فاخرة للبيع 
الحي : الثريا
المساحة : ١٩٥ م
الدور : الثالث والرابع 
الواجهة : جنوبية غربية ( زاوية )
عرض الشارع : 30 م
العمر : ١٠ سنوات
التفاصيل : شقة دورين 3 غرف نوم وصالة وغرفة غسيل ومجلس مع الحمام وغرفة عاملة مستقلة مع حمام 
عدد ٤ دورات مياه
٣ مداخل
*راكب فيها ٨ مكيفات سبليت بحالة ممتازة ومطبخ ايكيا
السعر المطلوب: ٨٩٥ الف ريال قابل للتفاوض",26.32904,50.176672,https://images.aqar.fm/webp/750x0/props/006352625_1789554544245.jpg,8.0,احمد سليمان عبدالله العجاجي,,,2026-09-16,2026-09-16,2026-09-26,79.0,2026-09-27,True,"895,000",False,شقة
6585961,https://sa.aqar.fm/شقق-للبيع/الظهران/حي-الدانة-الشمالية/حي-الدانة-الشمالية-مدينة-الظهران-المنطقة-الشرقية-6585961,"شقة للبيع في حي الدانة الشمالية, مدينة الظهران, المنطقة الشرقية",960000.0,171.0,4.0,,,0.0,حي الدانة الشمالية,الظهران,حي الدانة الشمالية,"مشروع هامات هيلز حي الدانه ( نادي رياضي رجالي -نسائي)
صالون نسائي- حضانة اطفال - صالون رجالي - مصلى-موظفين استقبال",26.332695,50.138022,https://images.aqar.fm/webp/750x0/props/009688222_1771234006036.jpg,1.0,سلطان شارد محسن العتيبي,,,2026-02-11,2026-09-02,2026-09-02,4176.0,2026-09-27,True,"960,000",False,شقة
6566247,https://sa.aqar.fm/شقق-للبيع/الظهران/حي-الدانة-الشمالية/شارع-1-الجامعة-حي-الجامعة-مدينة-الظهران-المنطقة-الشرقية-6566247,"شقة للبيع في شارع 1 الجامعة, حي الجامعة, مدينة الظهران, المنطقة الشرقية",691000.0,159.0,3.0,4.0,1.0,0.0,حي الدانة الشمالية,الظهران,حي الدانة الشمالية,"✨ بشرى استثنائية من الظهران✨

*مشروع شرفات في حي الظهران مقابل برج اثراء

هل تبحث عن شقة لك ولأسرتك يسعدنا أن نقدم لكم فرصة استثنائية للحصول على وحدة سكنية في مشروعنا الجديد الذي يتميز بتصميم مودرن ومساحات ومعارض متنوعه 

✨ مميزات الوحدات 
- تشطيبات عالية الجودة
- تصميم مودرن وأنيق
- موقع مميز وسط كافة الخدمات
- أماكن مخصصة لوقوف السيارات 
-ضمانات تمتد حتى 25 سنه 

خصومات الكاش توصل الى 20 بالمية 

( الاسعار في الصور قبل خصم الكاش )",26.334911,50.131989,https://images.aqar.fm/webp/750x0/props/010687365_1752340497978.jpg,9.0,عبدالله محمد بن عبد الله العصفور,,,2026-01-28,2026-06-27,2026-09-13,5114.0,2026-09-27,True,"691,000",False,شقة
6766754,https://sa.aqar.fm/شقق-للبيع/الظهران/حي-القصور/شارع-جبل-شهلان-حي-القصور-مدينة-الظهران-المنطقة-الشرقية-6766754,"شقة للبيع في شارع جبل شهلان, حي القصور, مدينة الظهران, المنطقة الشرقية",930000.0,179.0,3.0,3.0,1.0,0.0,حي القصور,الظهران,حي القصور,"*المنفذون 22*

📍*الموقع* 
 حي القصور - الظهران
                                https://maps.app.goo.gl/7iQCVxsxRGVjY5sj6?g_st=ic

📌 *مخطط المشروع* 
                                           https://is.gd/3eUJEy

📌 *بروشور المشروع*
                                          https://is.gd/EMnQt6

🎥 *فيديو المشروع*
                                          https://is.gd/TPzYAB

- *النماذج والأسعار* 
نموذج(A) 190م - 975,000ريال
نموذج(B) 186م - 930,000ريال
نموذج(C) 186م - 930,000ريال
نموذج(D) 190م - 975,000ريال
نموذج(E) 190م - 975,000ريال 
نموذج(F) 184م - 930,000ريال
نموذج(G) 184م - 930,000ريال 
نموذج(H) 190م - 975,000ريال 
نموذج(I) 212م - 1,450,000ريال(روف)
نموذج(J) 165م - 1,350,000ريال(روف)
نموذج(K) 165م - 1,350,000ريال(روف)
نموذج(M) 176م - 1,250,000ريال(روف)
نموذج(N) 176م - 1,250,000ريال(روف)

*ملاحظة: الاسعار قابلة للتحديث وتزيد مع ارتفاع كل دور بعد الدور الثالث*

📱
https://beacons.ai/almonfthon

*شركة المنفذون*",26.351497,50.14031,https://images.aqar.fm/webp/750x0/props/050161534_1783601607874.jpg,18.0,عبدالرحمن الحملي,,,2026-07-09,2026-09-05,2026-09-26,619.0,2026-09-27,True,"930,000",False,شقة
6692568,https://sa.aqar.fm/شقق-للبيع/الظهران/حي-هجر/شارع-الوجيد-حي-هجر-مدينة-الدمام-المنطقة-الشرقية-6692568,"شقة للبيع في شارع الوجيد, حي هجر, مدينة الدمام, المنطقة الشرقية",700000.0,161.0,3.0,4.0,2.0,3.0,حي هجر,الظهران,حي هجر,"للبيع | شقة أرضية مميزة بحي هجر ✨

فرصة ممتازة للسكن أو الاستثمارشقة أرضية بعمر ٤ سنوات ولم تُسكن من قبل، بتشطيب جميل وموقع مميز قريب من المسجد.

📍 الموقع: حي هجر💰 سعر البيع: 700,000 ريال⚠️ السعر غير شامل السعي والضريبة

تفاصيل الشقة:

مساحة 161 م² (غير شاملة مساحة الحوش)
3 غرف نوم
4 دورات مياه
مجلس
صالة واسعة
مطبخ
غرفة عاملة
وحدة غسيل
حوش خاص
مدخلين مستقلين
موقف سيارة خاص

✅ كافة الضمانات متوفرة✅ قريبة من الخدمات والمسجد                ❌ لا يوجد مطبخ راكب❌ لا توجد مكيفات",26.370895,50.102089,https://images.aqar.fm/webp/750x0/props/005970867_1778518265083.jpg,8.0,فاطمه عبدالله بن حسن بن حسن,,,2026-05-11,2026-09-05,2026-09-22,946.0,2026-09-27,True,"700,000",False,شقة
6723914,https://sa.aqar.fm/شقق-للبيع/الظهران/حي-الدوحة-الجنوبية/شارع-السعدة-حي-الدوحة-الجنوبية-الظهران-الدمام-6723914,"شقة للبيع في شارع 6848266, حي الدوحة الجنوبية, مدينة الظهران, المنطقة الشرقية",850000.0,223.0,4.0,5.0,2.0,7.0,حي الدوحة الجنوبية,الظهران,حي الدوحة الجنوبية,"شقة دورين في عماير الثريا في الدوحة الجنوبيه الشقه التكييف راكب في الدورين والمطبخ راكب لها موقف خاص الشقه للبيع مع المكيفات بدون اثاث 
الدور الاول للشقه مدخلين مدخل للمجلس بدورة مياه ومدخل للصاله بدورة مياه ومطبخ 
الدور الثاني غرفه ماستر مع مكان لخزانه الملابس 
وغرفتين مع دورة مياه 
وغرفه خادمة بدور مياه",26.328407,50.175991,https://images.aqar.fm/webp/750x0/props/023057397_1780916365476.jpg,8.0,ساره بنت علي حمد المري ,,,2026-06-08,2026-06-08,2026-07-11,2171.0,2026-09-27,True,"850,000",False,شقة
6885788,https://sa.aqar.fm/شقق-للبيع/الظهران/حي-الدانة-الشمالية/شارع-ابو-ألعقيل-الاسلمي-حي-الدانة-الشمالية-مدينة-الظهران-المنطقة-الشرقية-6885788,"شقة للبيع في شارع ابو ألعقيل الاسلمي, حي الدانة الشمالية, مدينة الظهران, المنطقة الشرقية",850000.0,188.0,5.0,0.0,0.0,11.0,حي الدانة الشمالية,الظهران,حي الدانة الشمالية,"فرصة سكنية في حي الدانة بمدينة الخبر، شقة واسعة في الدور الأول، تتميز بتعدد الغرف وموقع العقار على شارعين بعرض 18م و15م.

تفاصيل الشقة:

* 💰 السعر المطلوب: 850,000 ريال
* 📐 المساحة المسجلة: 188.25 م²
* 🛏️ عدد الغرف: 6 غرف
* 🚿 دورات المياه: 4
* 🛋️ صالة
* 🍽️ مطبخ راكب ومفتوح
* 🏢 الدور: الأول
* 🛗 يوجد مصعد
* 🚗 يوجد موقف سيارة
* ↗️ واجهة شمالية على شارع عرض 18م
* ↖️ واجهة غربية على شارع عرض 15م

العقار مرهون لبنك الرياض، والمتبقي من الرهن بحسب إفادة المالك 490,000 ريال. وتؤكد وثيقة الملكية وجود الرهن لصالح بنك الرياض.

📍 الموقع: الخبر – حي الدانة، والوحدة رقم 17",26.333425,50.140281,https://images.aqar.fm/webp/750x0/props/024128886_1789991329912.jpg,8.0,شيخه محمد حمد العنزي,,,2026-09-21,2026-09-21,2026-09-21,58.0,2026-09-27,True,"850,000",False,شقة
6712075,https://sa.aqar.fm/شقق-للبيع/الظهران/حي-القصور/شارع-العيينة-حي-القصور-مدينة-الظهران-المنطقة-الشرقية-6712075,"شقة للبيع في شارع العيينة, حي القصور, مدينة الظهران, المنطقة الشرقية",850000.0,294.0,6.0,0.0,0.0,0.0,حي القصور,الظهران,حي القصور,"شقة دبلكس ( دورين ) 🏡

مساحتها 🗳️ / 294 م
تقع في الدور الأول من العمارة ✅

كل دور يتكون من : 
مدخلين 🚪
مطبخ 🧑‍🍳
مجلس 🛋️
صالة 🛋️
غرفة خادمة مع دورة مياه ✅
غرفتين نوم ✅
دورتين مياه 🚿


بالامكان استثمارها وتأجيرها ٦٥-٧٠ ألف ✔️
بالإمكان فصلها وتأجيرها كشقتين بـ ١٠٠ ألف ✔️",26.352378,50.141217,https://images.aqar.fm/webp/750x0/props/022158264_1779996852685.jpg,7.0,مصعب طارق,,,2026-05-28,2026-08-31,2026-09-19,2189.0,2026-09-27,True,"850,000",False,شقة
6880842,https://sa.aqar.fm/شقق-للبيع/الظهران/حي-هجر/شارع-حجلان-حي-هجر-مدينة-الدمام-المنطقة-الشرقية-6880842,"شقة للبيع في شارع حجلان, حي هجر, مدينة الدمام, المنطقة الشرقية",556000.0,176.0,5.0,3.0,1.0,2.0,حي هجر,الظهران,حي هجر,"🏠 شقة نظيفة للبيع | هجر 
📐 المساحة: 178 م
💰 السعر: 556,000 ريال
📌 الشراء كاش فقط
🏗️ العمر: سنتين تقريباً
🛌 3 غرف نوم (1 ماستر)
🛋️ صالة + مجلس + مقلط
🍳 مطبخ + 3 دورات مياه
🏙️ المميزات:
▪️ موقع مميز بمدخل سهل
▪️ موقع قريب من الخدمات
▪️ موقع مقابل جامع كبير
💡 ملاحظة:
▫️ سبب البيع: النقل لمدينة أخرى
▫️ السعر لقطة ومغري للتصفية
📹 لمن أراد الفيديو التواصل واتساب
📞 للتواصل: ((الرقم يظهر عند الضغط على اتصال))",26.362401,50.103312,https://images.aqar.fm/webp/750x0/props/055393099_1789745041041.jpg,9.0,عبدالعزيز سعيد,,,2026-09-18,2026-09-18,2026-09-24,136.0,2026-09-27,True,"556,000",False,شقة
6652318,https://sa.aqar.fm/شقق-للبيع/الظهران/حي-الدوحة-الجنوبية/شارع-البوابة-حي-الدوحة-الجنوبية-مدينة-الظهران-المنطقة-الشرقية-6652318,"شقة للبيع في شارع البوابة, حي الدوحة الجنوبية, مدينة الظهران, المنطقة الشرقية",850000.0,202.0,5.0,3.0,1.0,11.0,حي الدوحة الجنوبية,الظهران,حي الدوحة الجنوبية,"✨ للبيع شقة بحي الثريا بالدوحة الجنوبية قريبة من الأفنيوز ✨ 
● المساحة: 202 م
❖ الدور الثاني 2️⃣ 
🚪🚪 مدخلين
● مجلس + دورة مياه 
● مقلط 
● غرفة نوم ماستر 
● غرفتين بحمام مشترك
● مطبخ أمريكي - مفتوح على الصالة
● مخزن
❄️ الشقة كاملة مجهزة بمكيف كونسيلد LG
🚘 موقف خاص
ـــــــــــــــــــــــــــــــ 
⭐ قريبة من جامع الثريا - وبجانب الجامع حديقة 🟢 

ـــــــــــــــــــــــــــــــ 
🔘 للتواصل:
0️⃣5️⃣6️⃣1️⃣5️⃣5️⃣5️⃣3️⃣2️⃣2️⃣",26.328414,50.175122,https://images.aqar.fm/webp/750x0/props/001448322_1776026847268.jpg,6.0,مشاري الحربي,,,2026-04-12,2026-08-07,2026-09-25,1332.0,2026-09-27,True,"850,000",False,شقة
6568026,https://sa.aqar.fm/شقق-للبيع/الظهران/حي-هجر/شارع-الكدواية-حي-هجر-مدينة-الدمام-المنطقة-الشرقية-6568026,"شقة للبيع في شارع الكدواية, حي هجر, مدينة الدمام, المنطقة الشرقية",725000.0,604.0,6.0,4.0,1.0,0.0,حي هجر,الظهران,حي هجر,شقة دور أول مميزة مع بلكونة مطلة على مسجد وحديقة ، ثلاث غرف نوم، بلكونة مطلة، مجلس ، مقلط، صالة، غرفة شغالة بدورة مياة خاصة، مطبخ ، غرفة غسيل ، مدخلين، سمارت هوم ، جودة عالية.,26.371849,50.102383,https://images.aqar.fm/webp/750x0/props/007551812_1778943370163.jpg,13.0,ظافر سعيد مناع العمري ,,,2026-01-29,2026-07-12,2026-09-13,3907.0,2026-09-27,True,"725,000",False,شقة
6786980,https://sa.aqar.fm/شقق-للبيع/الظهران/حي-القصور/شارع-جبل-شهلان-حي-القصور-مدينة-الظهران-المنطقة-الشرقية-6786980,"شقة للبيع في شارع جبل شهلان, حي القصور, مدينة الظهران, المنطقة الشرقية",930000.0,185.0,3.0,0.0,0.0,0.0,حي القصور,الظهران,حي القصور,"مشروع القصور ٢٢ من تطوير شركة المنفذون العقارية . 
📍*الموقع* 
 حي القصور - الظهران
                                https://maps.app.goo.gl/7iQCVxsxRGVjY5sj6?g_st=ic

نماذج المشروع :  
نموذج (A) 185.45م - 
نموذج (B) 182.55م -
نموذج (C) 182.55م - 
نموذج (D) 185.45م -
نموذج (E) 180.05م -
نموذج (F) 179.20م- 
نموذج (G) 179.20م - 
نموذج (H) 180.05م -
نموذج (I) 205.55م -  
نموذج (J) 166.4م - (روف)
نموذج (K) 166.40م - (روف)
نموذج (M) 171.85م - (روف)
نموذج (N) 171.85م - (روف)",26.351493,50.140197,https://images.aqar.fm/webp/750x0/props/022761728_1788709149923.jpg,17.0,مشعل صلاح,,,2026-07-23,2026-09-19,2026-09-19,764.0,2026-09-27,True,"930,000",False,شقة
6798987,https://sa.aqar.fm/شقق-للبيع/الظهران/حي-القصور/شارع-الوادى-حي-القصور-مدينة-الظهران-المنطقة-الشرقية-6798987,"شقة للبيع في شارع الوادى, حي القصور, مدينة الظهران, المنطقة الشرقية",1050000.0,201.0,5.0,0.0,0.0,10.0,حي القصور,الظهران,حي القصور,"شقه بالدور الرابع بكامباوند ماربيلا الظهران تتكون من مجلس مع غرفه طعام وصاله عائليه ومطبخ وغرفه خادمه و3 غرف نوم 
للاطلاع على المشروع والتعرف على الخدمات المقدمه موجود بالملف المرفق
https://youtu.be/mpi-MtZJKZs?si=DBiidHkYN9Sz7-j-",26.338479,50.152983,https://images.aqar.fm/webp/750x0/props/005477705_1785507950380.jpg,8.0,ابراهيم القرني,,,2026-07-31,2026-08-29,2026-09-21,118.0,2026-09-27,True,"1,050,000",False,شقة
6775660,https://sa.aqar.fm/شقق-للبيع/الظهران/حي-هجر/شارع-13أ-حي-هجر-مدينة-الدمام-المنطقة-الشرقية-6775660,"شقة للبيع في شارع 13أ, حي هجر, مدينة الدمام, المنطقة الشرقية",690000.0,171.0,6.0,0.0,0.0,0.0,حي هجر,الظهران,حي هجر,موقع جغرافي مميز وعداد مستقل وضمانات على السباكه والكهرباء  والهيكل الانشائي وموقف خاص  وتشطيبات راقيه,26.371136,50.096544,https://images.aqar.fm/webp/750x0/props/052265575_1784134287176.jpg,8.0,علي سعد فرج الغامدي,مؤسسة سهم التخطيط للتطوير العقاري,1.0,2026-07-15,2026-09-11,2026-09-21,139.0,2026-09-27,True,"690,000",False,شقة
6809036,https://sa.aqar.fm/شقق-للبيع/الظهران/حي-القصور/حي-القصور-مدينة-الظهران-المنطقة-الشرقية-6809036,"شقة للبيع في حي القصور, مدينة الظهران, المنطقة الشرقية",640000.0,159.0,5.0,3.0,1.0,0.0,حي القصور,الظهران,حي القصور,"📍 شقق - مشروع “إلمار حي القصور - الظهران ”  
✨ – والآن الحجز مفتوح! المساحة من 145 الى 160 🪟  متوفر شقق و ملاحق ، و شقة دبلكسية ،  

💸 الأسعار تبدأ من: 640 الف  

📐 تصاميم الشقق: مكونة من مجلس و مقلط و صالة و 3 غرف نوم منهم غرفة ماستر و 3 دورات مياه + مكيفات راكبة  

✅ تشطيبات عالية الجودة ✅ ضمانات هندسية كاملة على الهيكل والتشطيبات",26.349677,50.141902,https://images.aqar.fm/webp/750x0/props/028622221_1775164948614.jpg,17.0,سلطان فهيد معيوض الجعيد,مؤسسة سلطان فهيد معيوض الجعيد العقارية,1.0,2026-08-06,2026-09-04,2026-09-04,681.0,2026-09-27,True,"640,000",False,شقة
6868259,https://sa.aqar.fm/شقق-للبيع/الظهران/حي-القصور/شارع-جبل-شهلان-حي-القصور-مدينة-الظهران-المنطقة-الشرقية-6868259,"شقة للبيع في شارع جبل شهلان, حي القصور, مدينة الظهران, المنطقة الشرقية",930000.0,182.0,4.0,0.0,0.0,0.0,حي القصور,الظهران,حي القصور,"🏡 للبيع شقق بطابع فندقي في موقع مميز بحي القصور
✨ مشروع سكني راقٍ من شركة المنفذون، بخبرة تتجاوز 30 عامًا في مجال البناء والتطوير، مع تصميم يجمع بين الفخامة والراحة.

مميزات المشروع:

📍 موقع مميز في حي القصور.
🏋️ نادي رياضي متكامل للرجال والنساء.
🛋️ مجلس خاص لسكان العمارة.
🧸 منطقة ألعاب مخصصة للأطفال.
🏨 شقق بتصميم وطابع فندقي راقٍ.
مكونات الشقة:
🛏️ 3 غرف نوم.
🛋️ مجلس.
🛋️ صالة.
🚿 4 دورات مياه.
👩‍🍳 غرفة عاملة.
🍳 مطبخ.
✨ فرصة للسكن الراقي والاستثمار في أحد المواقع المميزة بحي القصور.
📞 للتواصل والاستفسار: ((الرقم يظهر عند الضغط على اتصال))",26.351483,50.140193,https://images.aqar.fm/webp/750x0/props/017153391_1789058870583.jpg,5.0,صلاح بن عبدالله,مكتب المنفذون الوسطاء للخدمات العقارية,1.0,2026-09-10,2026-09-10,2026-09-16,72.0,2026-09-27,True,"930,000",False,شقة
6811628,https://sa.aqar.fm/شقق-للبيع/الظهران/حي-القصور/حي-القصور-مدينة-الظهران-المنطقة-الشرقية-6811628,"شقة للبيع في حي القصور, مدينة الظهران, المنطقة الشرقية",670000.0,159.0,5.0,0.0,0.0,0.0,حي القصور,الظهران,حي القصور,"مشروع المار بحي القصور 


مشروع فاخر 
بحي راقي جداً من اجمل الأحياء بالظهران 


المشروع بتصميم فندقي مودرن 

مكيفات راكبه مجانا. 
تامين تعاونية على المسكن 
مواقف خاصه 
سباكه مخفيه 
ضمانات تصل إلى ٢٥ سنه 

البيع مباشر لا يوجد سعي 🌹🌹🌹",26.349677,50.141902,https://images.aqar.fm/webp/750x0/props/010187997_1786213892749.jpg,12.0,سلطان فهيد معيوض الجعيد,مؤسسة سلطان فهيد معيوض الجعيد العقارية,1.0,2026-08-08,2026-09-07,2026-09-24,495.0,2026-09-27,True,"670,000",False,شقة
6747653,https://sa.aqar.fm/شقق-للبيع/الظهران/حي-القصور/حي-القصور-الظهران-الدمام-6747653,"شقة للبيع في شارع سكاكا, حي القصور, مدينة الظهران, المنطقة الشرقية",530000.0,128.0,3.0,3.0,2.0,10.0,حي القصور,الظهران,حي القصور,"شقة للبيع في حي القصور

صك مستقل
المساحة: 128.6 م²
الدور الأول
عمر العقار: 10 سنوات

• مدخلان مستقلان
• مجلس بدورة مياه
• صالة مفتوحه على المطبخ 
•باركيه خشب فالصاله والغرفه
• 3 غرف نوم (إحداها ماستر)
• 3 دورات مياه
•  مطبخ راكبه الدواليب 
• غرفة غسيل / مخزن بجانب المطبخ
• راكب مكيفات سبلت لجميع الغرف.
• مصعد
• مواقف خاصة للعمارة

مميزات الموقع:
• موقع مميز وهادئ
 قريبة من ارامكو واسواق التميمي وممشى تلال الدوحة وجميع الخدمات متوفرة بالحي

الشقة نظيفة وجاهزة للسكن.

للتواصل والمعاينة:
واتساب أو اتصال",26.34444,50.151096,https://images.aqar.fm/webp/750x0/props/009700764_1782391544115.jpg,5.0,سعد الجبر,,,2026-06-25,2026-06-25,2026-08-14,1895.0,2026-09-27,True,"530,000",False,شقة
6866150,https://sa.aqar.fm/شقق-للبيع/الظهران/حي-القصور/شارع-1-القصور-حي-القصور-مدينة-الظهران-المنطقة-الشرقية-6866150,"شقة للبيع في شارع 1 القصور, حي القصور, مدينة الظهران, المنطقة الشرقية",520000.0,4355.0,2.0,0.0,0.0,0.0,حي القصور,الظهران,حي القصور,"*مشروع تلال الظهـــــران*

رؤية تُصـــــاغ، قبـــل ان تتجسد

رؤية معمارية تُصاغ قبل أن تتجسّد، لتبني استقرارك على أسسٍ من الجودة والإتقان.
تبدأ المساحات من 38 م إلى 142 م 

مواصفات البناء:
	•دخول ذكي.
مزايا المشروع:
	•مدخل فندقي.
	•شقق مكيفة بالكامل.
	•قبو مخصص للمواقف.
	•معارض تجارية.
	•اتحاد ملاك لمدة 5 سنوات.

للاستفسار عن بقية النماذج والتفاصيل، يمكنكم التواصل عبر الرقم الآتي:

📞: ((الرقم يظهر عند الضغط على اتصال))

البيع على الخارطة بدء الآن رقم الترخيص 867",26.343059,50.148632,https://images.aqar.fm/webp/750x0/props/030499169_1788961599301.jpg,10.0,مبارك محمد,شركة أملاك القصور,1.0,2026-09-09,2026-09-09,2026-09-13,113.0,2026-09-27,True,"520,000",False,شقة
6853950,https://sa.aqar.fm/شقق-للبيع/الظهران/حي-القصور/شارع-1-القصور-حي-القصور-مدينة-الظهران-المنطقة-الشرقية-6853950,"شقة للبيع في شارع 1 القصور, حي القصور, مدينة الظهران, المنطقة الشرقية",370000.0,4355.0,1.0,1.0,0.0,0.0,حي القصور,الظهران,حي القصور,"مشروع تلال الظهران 

المساحات تبدا من 38 م إلى 142 

المميزات المشروع 
ثلاث مصاعد 
مكيفات راكبة 
مرافق مشتركة 
ثلاث مخارج طوارئ
كل شقة لها موقف",26.343057,50.14864,https://images.aqar.fm/webp/750x0/props/041633122_1788345600202.jpg,7.0,مبارك محمد,شركة أملاك القصور,1.0,2026-09-02,2026-09-02,2026-09-26,238.0,2026-09-27,True,"370,000",False,شقة
6853960,https://sa.aqar.fm/شقق-للبيع/الظهران/حي-القصور/شارع-1-القصور-حي-القصور-مدينة-الظهران-المنطقة-الشرقية-6853960,"شقة للبيع في شارع 1 القصور, حي القصور, مدينة الظهران, المنطقة الشرقية",520000.0,4355.0,2.0,2.0,1.0,0.0,حي القصور,الظهران,حي القصور,"مشروع تلال الظهران 

المساحات تبدا من 38 م إلى 142 م 

مميزات المشروع 

ثلاث مصاعد 
ثلاث مخارج طوارئ 
مكيفات راكبة 
مرافق في الدور السابع 
موقف لكل شقة",26.343059,50.148632,https://images.aqar.fm/webp/750x0/props/041633126_1788346040810.jpg,7.0,مبارك محمد,شركة أملاك القصور,1.0,2026-09-02,2026-09-02,2026-09-26,175.0,2026-09-27,True,"520,000",False,شقة
6866119,https://sa.aqar.fm/شقق-للبيع/الظهران/حي-القصور/شارع-1-القصور-حي-القصور-مدينة-الظهران-المنطقة-الشرقية-6866119,"شقة للبيع في شارع 1 القصور, حي القصور, مدينة الظهران, المنطقة الشرقية",370000.0,4355.0,1.0,0.0,0.0,0.0,حي القصور,الظهران,حي القصور,"*مشروع تلال الظهـــــران*

رؤية تُصـــــاغ، قبـــل ان تتجسد

رؤية معمارية تُصاغ قبل أن تتجسّد، لتبني استقرارك على أسسٍ من الجودة والإتقان.
تبدأ المساحات من 38 م إلى 142 م 

مواصفات البناء:
	•دخول ذكي.
مزايا المشروع:
	•مدخل فندقي.
	•شقق مكيفة بالكامل.
	•قبو مخصص للمواقف.
	•معارض تجارية.
	•اتحاد ملاك لمدة 5 سنوات.

البيع على الخارطة بدء الآن رقم الترخيص 867",26.343057,50.14864,https://images.aqar.fm/webp/750x0/props/030499160_1788960690346.jpg,7.0,مبارك محمد,شركة أملاك القصور,1.0,2026-09-09,2026-09-09,2026-09-13,137.0,2026-09-27,True,"370,000",False,شقة
6853967,https://sa.aqar.fm/شقق-للبيع/الظهران/حي-القصور/شارع-1-القصور-حي-القصور-مدينة-الظهران-المنطقة-الشرقية-6853967,"شقة للبيع في شارع 1 القصور, حي القصور, مدينة الظهران, المنطقة الشرقية",780000.0,4355.0,3.0,3.0,1.0,0.0,حي القصور,الظهران,حي القصور,"مشروع تلال الظهران 

المساحات تبدا من 38م إلى 142 م 

المميزات المشروع 
مكيفات راكبة 
مواقف لكل شقة 
مكيفات راكبة 
مرافق للمشروع",26.343057,50.148643,https://images.aqar.fm/webp/750x0/props/041633129_1788346353259.jpg,7.0,مبارك محمد,شركة أملاك القصور,1.0,2026-09-02,2026-09-02,2026-09-25,260.0,2026-09-27,True,"780,000",False,شقة
6792328,https://sa.aqar.fm/شقق-للبيع/الظهران/حي-القصور/شارع-جبل-شهلان-حي-القصور-مدينة-الظهران-المنطقة-الشرقية-6792328,"شقة للبيع في شارع جبل شهلان, حي القصور, مدينة الظهران, المنطقة الشرقية",930000.0,182.0,4.0,4.0,1.0,0.0,حي القصور,الظهران,حي القصور,"*المنفذون 22*
📍*الموقع* 
 حي القصور - الظهران
- *النماذج والأسعار* 
نموذج (A) 185.45م - 975,000 ريال 
نموذج (B) 182.55م - 930,000 ربال  
نموذج (C) 182.55م - 930,000 ريال 
نموذج (D) 185.45م - 975,000 ريال
نموذج (E) 180.05م - 975,000 ريال
نموذج (F) 179.20م- 930,000 ريال 
نموذج (G) 179.20م - 930,000 ريال 
نموذج (H) 180.05م - 975,000 ريال
نموذج (I) 205.55م - 1,450,000 ريال  
نموذج (J) 166.4م - 1,350,000 ريال (روف)
نموذج (K) 166.40م - 1,350,000 ريال (روف)
نموذج (M) 171.85م - 1,250,000 ريال (روف)
نموذج (N) 171.85م - 1,250,000 ريال (روف)
*ملاحظة: الاسعار قابلة للتحديث وتزيد مع ارتفاع كل دور بعد الدور الثالث*
للتواصل /
((الرقم يظهر عند الضغط على اتصال))",26.351565,50.140052,https://images.aqar.fm/webp/750x0/props/004160208_1785140877197.jpg,2.0,صلاح بن عبدالله,مكتب المنفذون الوسطاء للخدمات العقارية,1.0,2026-07-27,2026-08-25,2026-08-25,349.0,2026-09-27,True,"930,000",False,شقة
6872859,https://sa.aqar.fm/شقق-للبيع/الظهران/حي-هجر/شارع-12أ-حي-هجر-الظهران-الدمام-6872859,"شقة للبيع في شارع 17أ, حي هجر, مدينة الدمام, المنطقة الشرقية",520000.0,175.0,3.0,4.0,2.0,3.0,حي هجر,الظهران,حي هجر,شقة شبة جديدة في حي هجر  مدخلين وصالة ومقلط ومجلس وثلاث غرف وحدة منهم ماستر  واربع دورات مياه,26.370548,50.097375,https://images.aqar.fm/webp/750x0/props/023688695_1789322127154.jpg,5.0,عبدالرحمن احمد,,,2026-09-13,2026-09-14,2026-09-13,164.0,2026-09-27,True,"520,000",False,شقة
6734684,https://sa.aqar.fm/شقق-للبيع/الظهران/حي-القشلة/حي-الصفاء-مدينة-الدمام-المنطقة-الشرقية-6734684,"شقة للبيع في حي الصفاء, مدينة الدمام, المنطقة الشرقية",700000.0,235.0,5.0,,,11.0,حي القشلة,الظهران,حي القشلة,"دوبلكس متصل خلفيات 
العمر  ١٠ سنوات
الدور الارضي مجلس صاله كبيره مطبخ وحمامين 
الدور الاول ٣ غرف نوم مع حمامين
الذوز الثاني السطح غرفتين نوم مع حمام
السعر قابل للتفاوض",26.382246,50.184681,https://images.aqar.fm/webp/750x0/props/002594634_1781596696524.jpg,8.0,خالد محمد عبدالوهاب الدليجان,,0.0,2026-06-16,2026-08-13,2026-09-17,1199.0,2026-09-27,True,"700,000",False,شقة
6775430,https://sa.aqar.fm/شقق-للبيع/الظهران/حي-هجر/شارع-13أ-حي-هجر-مدينة-الدمام-المنطقة-الشرقية-6775430,"شقة للبيع في شارع 13أ, حي هجر, مدينة الدمام, المنطقة الشرقية",690000.0,171.0,6.0,0.0,0.0,0.0,حي هجر,الظهران,حي هجر,"شقه تتكون من مدخلين خاص للرجال ومدخل خاص للصاله وغرف النوم     ويوجد مقلط ومجلس 
ويوجد مستودع بمساحه جميله للتخزين وتوجد غرفه للخادمه 
ومن خدمات الحي ان كل شي قريب مسجد امام العماره وحديقه قريبه جداً
وقريب من اثرا",26.371136,50.096544,https://images.aqar.fm/webp/750x0/props/051317889_1784127762695.jpg,18.0,علي سعد فرج الغامدي,مؤسسة سهم التخطيط للتطوير العقاري,1.0,2026-07-15,2026-09-11,2026-09-25,153.0,2026-09-27,True,"690,000",False,شقة
6793994,https://sa.aqar.fm/شقق-للبيع/الظهران/حي-الجامعة/شارع-21ب-حي-الجامعة-مدينة-الظهران-المنطقة-الشرقية-6793994,"شقة للبيع في شارع 21ب, حي الجامعة, مدينة الظهران, المنطقة الشرقية",850000.0,123.0,2.0,3.0,1.0,3.0,حي الجامعة,الظهران,حي الجامعة,"شقة للبيع | Apartment for Sale

📍 الموقع | Location
حي الجامعة – شارع 21ب
Al Jamiah District - 21B Street

📐 المساحة | Space
123 م²| 123 m²

🔹 تفاصيل الشقة | Apartment Details
الدور الخامس
Fifth Floor
مدخلين
Two Entrances
مجلس
Majlis
صالة
Living Room
مطبخ راكب
Installed Kitchen
3 دورات مياه
3 Bathrooms
2 غرف نوم
2 Bedrooms
مكيفات راكبة
Installed ACs
سطح خاص
Private Roof

🔹 مميزات العمارة | Building Features
موقف خاص ومظلل
Dedicated Shaded Parking
مصعد
Elevator

💰 سعر البيع | Selling Price
850,000 ريال سعودي شامل المكيفات والمطبخ
SR 850,000 including ACs & Kitchen",26.337079,50.129011,https://images.aqar.fm/webp/750x0/props/009009892_1785226331416.jpg,6.0,علي القحطاني,شركة نود ريل إستيت,1.0,2026-07-28,2026-09-24,2026-09-24,540.0,2026-09-27,True,"850,000",False,شقة
6742516,https://sa.aqar.fm/شقق-للبيع/الظهران/حي-الدوحة-الجنوبية/حي-الدوحة-الجنوبية-الظهران-الدمام-6742516,"شقة للبيع في شارع طريق الملك سعود, حي الدوحة الجنوبية, مدينة الظهران, المنطقة الشرقية",1100000.0,185.0,2.0,4.0,2.0,8.0,حي الدوحة الجنوبية,الظهران,حي الدوحة الجنوبية,"شقه للبيع بالدور التاسع في برج بن سلطان السكني 

غرفتين نوم 
صالة ومجلس 
ثلاث دورات مياة
غرفة طعام 
مطبخ
غرفة خادمه مع دورة مياة",26.313353,50.177673,https://images.aqar.fm/webp/750x0/props/027719506_1782083057662.jpg,29.0,خالد على,,,2026-06-21,2026-06-25,2026-07-31,1017.0,2026-09-27,True,"1,100,000",False,شقة
6775491,https://sa.aqar.fm/شقق-للبيع/الظهران/حي-هجر/شارع-القاسمة-حي-هجر-مدينة-الدمام-المنطقة-الشرقية-6775491,"شقة للبيع في شارع القاسمة, حي هجر, مدينة الدمام, المنطقة الشرقية",510000.0,110.0,4.0,0.0,0.0,0.0,حي هجر,الظهران,حي هجر,"شقه فاخره  مكونه من غرفتين نوم ومجلس وصاله ومطبخ وثلاث دورات مياه مع سطح 
يوجد اصنصير  ومواقف خاصه بالعماره",26.372409,50.100275,https://images.aqar.fm/webp/750x0/props/005254093_1784128998080.jpg,7.0,علي سعد فرج الغامدي,مؤسسة سهم التخطيط للتطوير العقاري,1.0,2026-07-15,2026-09-11,2026-09-23,302.0,2026-09-27,True,"510,000",False,شقة
6778973,https://sa.aqar.fm/شقق-للبيع/الظهران/حي-هجر/شارع-13أ-حي-هجر-مدينة-الدمام-المنطقة-الشرقية-6778973,"شقة للبيع في شارع 13أ, حي هجر, مدينة الدمام, المنطقة الشرقية",690000.0,171.0,6.0,,,0.0,حي هجر,الظهران,حي هجر,"شقه دور ثالث 
مجلس ومقلط 
وثلاث غرف نوم وصاله ومطبخ وغرفة غسيل ومستودع 
دخول انتر كم .
موقف خاص
عداد مستقل .
الموقع بجوار مسجد وحديقه",26.371136,50.096544,https://images.aqar.fm/webp/750x0/props/004281388_1784367262006.jpg,1.0,علي سعد فرج الغامدي,مؤسسة سهم التخطيط للتطوير العقاري,1.0,2026-07-18,2026-09-14,2026-09-20,100.0,2026-09-27,True,"690,000",False,شقة
6726113,https://sa.aqar.fm/شقق-للبيع/الظهران/حي-تهامة/حي-تهامة-مدينة-الدمام-المنطقة-الشرقية-6726113,"شقة للبيع في حي تهامة, مدينة الدمام, المنطقة الشرقية",550000.0,177.0,5.0,3.0,1.0,5.0,حي تهامة,الظهران,حي تهامة,"شقة للبيع | Apartment for Sale

📍 الموقع | Location
حي تهامة – شارع 1
Tahama District - 1st Street

📐 المساحة | Space
177 م²| 177 m²

🔹 تفاصيل الشقة | Apartment Details
مجلس
Majlis
صالة طعام
Dinning Room
صالة
Living Room
مطبخ
Kitchen
4 دورات مياه
4 Bathrooms
3 غرف نوم (1 غرفة ماستر)
3 Bedrooms (1 Master)
غرفة خادمة
Maid’s Room

🔹 مميزات العمارة | Building Features
موقف خاص ومظلل
Dedicated Shaded Parking
مصعد
Elevator

💰 سعر البيع | Selling Price
550,000 ريال سعودي
SR 550,000",26.354965,50.131684,https://images.aqar.fm/webp/750x0/props/009009898_1781023877231.jpg,11.0,علي القحطاني,شركة نود ريل إستيت,1.0,2026-06-09,2026-09-05,2026-09-12,907.0,2026-09-27,True,"550,000",False,شقة
6775453,https://sa.aqar.fm/شقق-للبيع/الظهران/حي-هجر/شارع-القاسمة-حي-هجر-مدينة-الدمام-المنطقة-الشرقية-6775453,"شقة للبيع في شارع القاسمة, حي هجر, مدينة الدمام, المنطقة الشرقية",510000.0,110.0,4.0,0.0,0.0,0.0,حي هجر,الظهران,حي هجر,"شقه جميله وبموقع جميل 
وجميع الخدمات قريبه من ناحية المسجد قريب والحديقه قريبه 
وقريبه من اثرا  مع سطح بمساحة ٣٦م",26.372409,50.100275,https://images.aqar.fm/webp/750x0/props/051317885_1784128447704.jpg,16.0,علي سعد فرج الغامدي,مؤسسة سهم التخطيط للتطوير العقاري,1.0,2026-07-15,2026-09-11,2026-09-25,270.0,2026-09-27,True,"510,000",False,شقة
6775424,https://sa.aqar.fm/شقق-للبيع/الظهران/حي-هجر/شارع-13أ-حي-هجر-مدينة-الدمام-المنطقة-الشرقية-6775424,"شقة للبيع في شارع 13أ, حي هجر, مدينة الدمام, المنطقة الشرقية",690000.0,171.0,6.0,0.0,0.0,0.0,حي هجر,الظهران,حي هجر,شقه تمليك فاخره ومميزه موقع جغرافي مميز عداد مستقل خزان مستقل موقف خاص كذالك حديقه بجانب العقار ومسجد وخدمات وشارع تجاري قريب ومحطه بإنزيم ضمانات ع السباكه والكهربا والهيكل الانشائي الشقه تشطيب فاخر ولمسات مميزه ومساحات مميزه واسعار مناسبه,26.371136,50.096544,https://images.aqar.fm/webp/750x0/props/025468555_1784127516783.jpg,7.0,علي سعد فرج الغامدي,مؤسسة سهم التخطيط للتطوير العقاري,1.0,2026-07-15,2026-09-11,2026-09-24,150.0,2026-09-27,True,"690,000",False,شقة
6775774,https://sa.aqar.fm/شقق-للبيع/الظهران/حي-هجر/شارع-دبسان-حي-هجر-مدينة-الدمام-المنطقة-الشرقية-6775774,"شقة للبيع في شارع دبسان, حي هجر, مدينة الدمام, المنطقة الشرقية",580000.0,143.0,5.0,0.0,0.0,0.0,حي هجر,الظهران,حي هجر,"للبيع شقه دور ثالث 
الموقع / حي هجر 
* 🛋️ مجلس + صالة
* 🍳 مطبخ
* 🛏️ 3غرف نوم
* 🚿 3 دورات مياه

* 📐 المساحة: 143م
* 💰 السعر: 580.000
*",26.370171,50.098442,https://images.aqar.fm/webp/750x0/props/007375955_1784137270698.jpg,8.0,علي سعد فرج الغامدي,مؤسسة سهم التخطيط للتطوير العقاري,1.0,2026-07-15,2026-09-12,2026-09-21,106.0,2026-09-27,True,"580,000",False,شقة
6700074,https://sa.aqar.fm/شقق-للبيع/الظهران/حي-تهامة/حي-تهامة-مدينة-الدمام-المنطقة-الشرقية-6700074,"شقة للبيع في حي تهامة, مدينة الدمام, المنطقة الشرقية",550000.0,177.0,5.0,0.0,0.0,6.0,حي تهامة,الظهران,حي تهامة,"شقة للبيع في الدمام حي تهامة 
:محتويات الشقة 
٣غرف نوم 
غرفة خادمة 
صالة 
مطبخ 
مقلط
مجلس 
٤ دورات مياه 
السعر البيع (٥٥٠٠٠٠)",26.356228,50.132167,https://images.aqar.fm/webp/750x0/props/049666582_1778973465073.jpg,20.0,زياد ناصر,شركة انوار المساكن العقاريه,1.0,2026-05-16,2026-09-10,2026-09-26,1277.0,2026-09-27,True,"550,000",False,شقة
6798157,https://sa.aqar.fm/شقق-للبيع/الظهران/حي-الجامعة/شارع-سعيد-بن-المسيب-حي-الجامعة-مدينة-الظهران-المنطقة-الشرقية-6798157,"شقة للبيع في شارع سعيد بن المسيب, حي الجامعة, مدينة الظهران, المنطقة الشرقية",750000.0,109.0,2.0,3.0,2.0,0.0,حي الجامعة,الظهران,حي الجامعة,"شقة راقية للبيع في مشروع رواس 30
في مدينة الظهران- حي الربوة 
تفاصيل اكثر 👇🏻🤩🤩

رمز العرض : R01020258025

*⭐️ مكونات الوحدة ⭐️*
- غرف النوم 2
- ⁠دورات المياه 3
- ⁠مجلس
- ⁠صاله 
- ⁠مطبخ ( قيد التركيب )
- ⁠غرفة عامله مع دورة مياه 
- ⁠مكيفة بالكامل 

*⭐️ المميزات الإضافية ⭐️*  
- ⁠منطقة استقبال في مدخل المبنى
- ⁠دخول آمن للمبنى 
- ⁠دخول ذكي للوحدة
- ⁠موقف سيارة مظلل

*⭐️ تفاصيل اكثر ⭐️*
- ⁠سعر البيع : 750 ألف ريال 
- ⁠رقم ترخيص الإعلان: 7201061992
- إعلان تطبيق *عقار*
https://sa.aqar.fm/r/fae6deab

التواصل مباشرة 
مستشار مبيعات شركة إسهام الشرق :
نهال / ((الرقم يظهر عند الضغط على اتصال))

مستشار مبيعات شركة إسهام الشرق : 
نوف / ((الرقم يظهر عند الضغط على اتصال))

مستشار مبيعات شركة إسهام الشرق : 
مجاهد / ((الرقم يظهر عند الضغط على اتصال))",26.349239,50.139992,https://images.aqar.fm/webp/750x0/props/033740148_1775116621125.jpg,12.0,مشعل غرم الله بن علي الزهراني,مؤسسة إسهام الشرق للصيانة والنظافة,1.0,2026-07-30,2026-08-29,2026-09-24,129.0,2026-09-27,True,"750,000",False,شقة
6801499,https://sa.aqar.fm/شقق-للبيع/الظهران/حي-الجامعة/شارع-سعيد-بن-المسيب-حي-الجامعة-مدينة-الظهران-المنطقة-الشرقية-6801499,"شقة للبيع في شارع سعيد بن المسيب, حي الجامعة, مدينة الظهران, المنطقة الشرقية",850000.0,154.0,3.0,3.0,1.0,0.0,حي الجامعة,الظهران,حي الجامعة,"شقة راقية للبيع في مشروع رواس 30
في مدينة الظهران - حي الربوة
تفاصيل اكثر 👇🏻🤩🤩

رمز العرض : R03040258025

*⭐️ مكونات الوحدة ⭐️*
- غرف النوم 3
- ⁠دورات المياه 3
- ⁠صاله 
- ⁠مطبخ ( بدون خزائن )
- ⁠بالكوني بإطلاله على المدينة 🌃
- ⁠غرفة عامله مع دورة مياه 
- ⁠مكيفة بالكامل 

*⭐️ المميزات الإضافية ⭐️*  
- ⁠منطقة استقبال في مدخل المبنى
- ⁠دخول آمن للمبنى 
- ⁠دخول ذكي للوحدة
- ⁠موقف سيارة مظلل

*⭐️ تفاصيل اكثر ⭐️*
- ⁠سعر البيع : 850 ألف ريال
- ⁠رقم ترخيص الإعلان: 7201063552
- رابط اعلان *Tiktok*
https://vt.tiktok.com/ZSao47WwX/
- إعلان تطبيق *عقار*
https://sa.aqar.fm/r/1750fbe9

التواصل مباشرة 
مستشار مبيعات شركة إسهام الشرق :
نهال / ((الرقم يظهر عند الضغط على اتصال))

مستشار مبيعات شركة إسهام الشرق : 
نوف / ((الرقم يظهر عند الضغط على اتصال))

مستشار مبيعات شركة إسهام الشرق : 
مجاهد / ((الرقم يظهر عند الضغط على اتصال))",26.349235,50.139984,https://images.aqar.fm/webp/750x0/props/033740147_1770568845253.jpg,12.0,مشعل غرم الله بن علي الزهراني,مؤسسة إسهام الشرق للصيانة والنظافة,1.0,2026-08-02,2026-08-31,2026-09-24,100.0,2026-09-27,True,"850,000",False,شقة
6826966,https://sa.aqar.fm/شقق-للبيع/الظهران/حي-الدانة-الجنوبية/شارع-عاصم-بن-عمرو-حي-الدانة-الجنوبية-مدينة-الظهران-المنطقة-الشرقية-6826966,"شقة للبيع في شارع عاصم بن عمرو, حي الدانة الجنوبية, مدينة الظهران, المنطقة الشرقية",620000.0,193.0,3.0,4.0,1.0,0.0,حي الدانة الجنوبية,الظهران,حي الدانة الجنوبية,"اعلان رقم 3054
للبيع شقه في حي دانه الجوهره بالظهران 
مساحه الشقه ١٩٣ م 
مكيفات راكبه 
مكونه من غرفه سائق الدور الارضي 
الدور الثاني مدخلين مجلس مقلط صاله مطبخ راكب  مستودع 
ثلاث غرف نوم منهم واحده ماستر 
السعر ٦٢٠ الف",26.32691,50.150446,https://images.aqar.fm/webp/750x0/props/041942300_1786962497616.jpg,1.0,سعد العتيبي,مؤسسة الحلم المستهدف للمقاولات المعمارية العامة,1.0,2026-08-17,2026-09-15,2026-09-17,884.0,2026-09-27,True,"620,000",False,شقة
6775512,https://sa.aqar.fm/شقق-للبيع/الظهران/حي-هجر/شارع-دبسان-حي-هجر-مدينة-الدمام-المنطقة-الشرقية-6775512,"شقة للبيع في شارع دبسان, حي هجر, مدينة الدمام, المنطقة الشرقية",580000.0,143.0,5.0,,,0.0,حي هجر,الظهران,حي هجر,"شركة السهم الثاقب للتطوير العقاري تقديم لكم أفخم واجود الديكورات والطشطيب الفاخر 
 مكونات الشقه 
3/ غرف نوم واحدة ماستر 
/  صالة 
/  مجلس 
/  مطبخ 🍔🍔 🍔
٣/ دورات مياه 
/ موقف خاص 
/ خزان مستغل 
/ عداد مستغل 
كل الخدمات متوفرة بجوار مسجد وحديقة 
كل الضمانات متوفرة من سباكه إلى كهرباء",26.370171,50.098442,https://images.aqar.fm/webp/750x0/props/038928786_1784128305230.jpg,13.0,علي سعد فرج الغامدي,مؤسسة سهم التخطيط للتطوير العقاري,1.0,2026-07-15,2026-09-11,2026-09-26,159.0,2026-09-27,True,"580,000",False,شقة
6854615,https://sa.aqar.fm/شقق-للبيع/الظهران/حي-القصور/شارع-1-القصور-حي-القصور-مدينة-الظهران-المنطقة-الشرقية-6854615,"شقة للبيع في شارع 1 القصور, حي القصور, مدينة الظهران, المنطقة الشرقية",370000.0,4355.0,1.0,0.0,0.0,0.0,حي القصور,الظهران,حي القصور,"*مشروع تلال الظهـــــران*

رؤية تُصـــــاغ، قبـــل ان تتجسد

رؤية معمارية تُصاغ قبل أن تتجسّد، لتبني استقرارك على أسسٍ من الجودة والإتقان.

تتنوّع المساحات لتبدأ من 37.76 م² حتى 142.22 م²،
بأسعار تبدأ من 370,000  ريال وتصل إلى 970,000 ريال .

عدد الأدوار:  ١٤ دور 
عدد الوحدات :  ١٥٢ وحدة 
مزايا المشروع:
	•مدخل فندقي.
      •دخول ذكي 
	•شقق مكيفة بالكامل.
	•قبو مخصص للمواقف.
	•معارض تجارية.
      •مرافق مشتركة .
	•اتحاد ملاك لمدة 5 سنوات. 

البيع على الخارطة بدء الآن رقم الترخيص 867",26.343057,50.14864,https://images.aqar.fm/webp/750x0/props/046379603_1788361921242.jpg,15.0,مبارك محمد,شركة أملاك القصور,1.0,2026-09-02,2026-09-02,2026-09-25,373.0,2026-09-27,True,"370,000",False,شقة
6775440,https://sa.aqar.fm/شقق-للبيع/الظهران/حي-هجر/شارع-القاسمة-حي-هجر-مدينة-الدمام-المنطقة-الشرقية-6775440,"شقة للبيع في شارع القاسمة, حي هجر, مدينة الدمام, المنطقة الشرقية",510000.0,110.0,4.0,,,0.0,حي هجر,الظهران,حي هجر,"شقه ملحق مودرن
المبناء على الكود السعودي
توجد كل الضمانات
انشاء
كهرباء وسباكه
موقع ممتاز جدا
غرفتين نوم ومجلس وصاله ومطبخ وسطح
وثلاثة دورات مياه
للتواصل ((الرقم يظهر عند الضغط على اتصال))",26.372409,50.100275,https://images.aqar.fm/webp/750x0/props/026041940_1784127840230.jpg,15.0,علي سعد فرج الغامدي,مؤسسة سهم التخطيط للتطوير العقاري,1.0,2026-07-15,2026-09-11,2026-09-22,240.0,2026-09-27,True,"510,000",False,شقة
6807168,https://sa.aqar.fm/شقق-للبيع/الظهران/حي-الجامعة/شارع-سعيد-بن-المسيب-حي-الجامعة-مدينة-الظهران-المنطقة-الشرقية-6807168,"شقة للبيع في شارع سعيد بن المسيب, حي الجامعة, مدينة الظهران, المنطقة الشرقية",900000.0,154.0,3.0,3.0,2.0,0.0,حي الجامعة,الظهران,حي الجامعة,"شقة راقية للبيع في مشروع رواس 30
في مدينة الظهران - حي الربوة
تفاصيل اكثر 👇🏻🤩🤩

رمز العرض : R06040258025

*⭐️ مكونات الوحدة ⭐️*
- غرف النوم 3
- ⁠دورات المياه 3
- ⁠مجلس
- ⁠صاله 
- ⁠مطبخ
- ⁠غرفة عامله مع دورة مياه
- ⁠بالكوني بإطلالة على المدينة 🌃
- ⁠مكيفة بالكامل 

*⭐️ المميزات الإضافية ⭐️*  
- ⁠منطقة استقبال في مدخل المبنى
- ⁠دخول آمن للمبنى 
- ⁠دخول ذكي للوحدة
- ⁠موقف سيارة مظلل

*⭐️ تفاصيل اكثر ⭐️*
- ⁠سعر البيع :  900 ألف ريال
- ⁠رقم ترخيص الإعلان: 7201070763
- رابط اعلان *Tiktok* 
https://vt.tiktok.com/ZS5eBwHFM/
- إعلان تطبيق *عقار*
https://sa.aqar.fm/r/5172f432

التواصل مباشرة 
مستشار مبيعات شركة إسهام الشرق :
نهال / ((الرقم يظهر عند الضغط على اتصال))

مستشار مبيعات شركة إسهام الشرق : 
نوف / ((الرقم يظهر عند الضغط على اتصال))

مستشار مبيعات شركة إسهام الشرق : 
مجاهد / ((الرقم يظهر عند الضغط على اتصال))",26.349241,50.13999,https://images.aqar.fm/webp/750x0/props/033740143_1766870866579.jpg,12.0,مشعل غرم الله بن علي الزهراني,مؤسسة إسهام الشرق للصيانة والنظافة,1.0,2026-08-05,2026-08-05,2026-09-24,134.0,2026-09-27,True,"900,000",False,شقة
6810915,https://sa.aqar.fm/شقق-للبيع/الظهران/حي-الجامعة/شارع-سعيد-بن-المسيب-حي-الجامعة-مدينة-الظهران-المنطقة-الشرقية-6810915,"شقة للبيع في شارع سعيد بن المسيب, حي الجامعة, مدينة الظهران, المنطقة الشرقية",850000.0,154.0,3.0,3.0,2.0,0.0,حي الجامعة,الظهران,حي الجامعة,"شقة راقية للبيع في مشروع رواس 30
في مدينة الظهران- حي الربوة 
تفاصيل اكثر 👇🏻🤩🤩

رمز العرض : R((الرقم يظهر عند الضغط على اتصال))5

*⭐️ مكونات الوحدة ⭐️*
- غرف النوم 3
- ⁠دورات المياه 3
- ⁠مجلس
- ⁠صاله 
- ⁠مطبخ (بدون خزائن )
- ⁠غرفة عامله مع دورة مياه 
- ⁠مكيفة بالكامل 

*⭐️ المميزات الإضافية ⭐️*  
- ⁠منطقة استقبال في مدخل المبنى
- ⁠دخول آمن للمبنى 
- ⁠دخول ذكي للوحدة
- ⁠موقف سيارة مظلل

*⭐️ تفاصيل اكثر ⭐️*
- ⁠سعر البيع  : 850 ألف ريال 
- ⁠رقم ترخيص الإعلان: 7201073823
- رابط اعلان *Tiktok* 
https://vt.tiktok.com/ZSu4UcAxY/
- إعلان تطبيق *عقار*
https://sa.aqar.fm/r/71225738

التواصل مباشرة 
مستشار مبيعات شركة إسهام الشرق :
نهال / ((الرقم يظهر عند الضغط على اتصال))

مستشار مبيعات شركة إسهام الشرق : 
نوف / ((الرقم يظهر عند الضغط على اتصال))

مستشار مبيعات شركة إسهام الشرق : 
مجاهد / ((الرقم يظهر عند الضغط على اتصال))",26.349227,50.13999,https://images.aqar.fm/webp/750x0/props/033740149_1773868776051.jpg,13.0,مشعل غرم الله بن علي الزهراني,مؤسسة إسهام الشرق للصيانة والنظافة,1.0,2026-08-08,2026-09-06,2026-09-24,568.0,2026-09-27,True,"850,000",False,شقة
6849720,https://sa.aqar.fm/شقق-للبيع/الظهران/حي-الدانة-الشمالية/حي-الدانة-الشمالية-مدينة-الظهران-المنطقة-الشرقية-6849720,"شقة للبيع في حي الدانة الشمالية, مدينة الظهران, المنطقة الشرقية",650000.0,193.0,5.0,3.0,1.0,11.0,حي الدانة الشمالية,الظهران,حي الدانة الشمالية,"🏡 شقة للبيع - الظهران | حي الجامعة —— البيع للكاش فقط 

✨ موقع استراتيجي مميز بالقرب من جامعة الملك فهد للبترول والمعادن، وقريب من أرامكو السعودية وجميع الخدمات، مع سهولة الوصول إلى الطرق الرئيسية.

🏢الدور الثاني
🕒عمر العقار: 12 سنة

مميزات الشقة:
✅ مصعد
✅ موقف سيارة خاص
✅ غرفة سائق
✅ مدخلان مستقلان

نتكون من:

* مجلس
*مقلط
*صالة واسعة
*مطبخ راكب مفتوح على الصالة
*  3 غرف، منها غرفة نوم رئيسية (ماستر)
*غرفة خادمة
*3 دورات مياه 

💰 سعر البيع: 650,000 الف ريال

🏦 تقبل جميع البنوك والتمويل العقاري

⭐️ فرصة مميزة للسكن أو الاستثمار في أحد أفضل أحياء الظهران، بموقع ح0, قيس من حامعة الملك فيد للتروا، هالمعادن وأرامكو السعودية والخدامات.

📲 للتواصل واتساب : ((الرقم يظهر عند الضغط على اتصال))",26.343651,50.143705,https://images.aqar.fm/webp/750x0/props/015116235_1788120990035.jpg,20.0,خالد تهامي,مؤسسة سيولة وكاش العقارية,1.0,2026-08-30,2026-08-30,2026-09-19,461.0,2026-09-27,True,"650,000",False,شقة
6817975,https://sa.aqar.fm/شقق-للبيع/الظهران/حي-هجر/حي-هجر-مدينة-الدمام-المنطقة-الشرقية-6817975,"شقة للبيع في حي هجر, مدينة الدمام, المنطقة الشرقية",520000.0,143.0,6.0,0.0,0.0,0.0,حي هجر,الظهران,حي هجر,"🔸للبيع شقق تمليك الدمام حي هجر 🔸

✅تصاميم الشقق مكونه من :مجلس ، مقلط ، صاله ، مطبخ ، 3 غرفه نوم ، غرفه خادمه ، مستودع 

المساحات تبدا من 116 م إلى 172 م 
الأسعار تبدا من 520 الف إلى 700 الف 

للمعانيه 
((الرقم يظهر عند الضغط على اتصال))",26.353454,50.119267,https://images.aqar.fm/webp/750x0/props/015577498_1786521171909.jpg,13.0,سعيد العامري,,,2026-08-12,2026-09-10,2026-09-24,195.0,2026-09-27,True,"520,000",False,شقة
6820109,https://sa.aqar.fm/شقق-للبيع/الظهران/حي-هجر/حي-هجر-مدينة-الدمام-المنطقة-الشرقية-6820109,"شقة للبيع في حي هجر, مدينة الدمام, المنطقة الشرقية",600000.0,143.0,4.0,,,0.0,حي هجر,الظهران,حي هجر,"🏡 وحدة سكنية للبيع – حي هجر، الدمام

📍 الموقع: حي هجر – الدمام
📐 المساحة: 144 م²
💰 السعر: 600,000 ريال

التفاصيل:

🛋️ مجلس
🛋️ صالة
🍳 مطبخ
🛏️ 3 غرف نوم
🚿 3 دورات مياه
🌿 بلكونة
🚗 مواقف سيارات
⚡ عداد كهرباء مستقل
🚪 مدخلان منفصلان

رقم الموظف 1101",26.368298,50.121847,https://images.aqar.fm/webp/750x0/props/054424774_1787230682960.png,6.0,يوسف بن سامى بن عادل فيصل,شركة حلم المسكن العقارية,1.0,2026-08-13,2026-09-11,2026-09-22,562.0,2026-09-27,True,"600,000",False,شقة
6828705,https://sa.aqar.fm/شقق-للبيع/الظهران/حي-هجر/شارع-13أ-حي-هجر-مدينة-الدمام-المنطقة-الشرقية-6828705,"شقة للبيع في شارع 13أ, حي هجر, مدينة الدمام, المنطقة الشرقية",580000.0,143.0,3.0,3.0,1.0,0.0,حي هجر,الظهران,حي هجر,"شقة للبيع في حي هجر بالدمام 🏠✨
📍 الموقع:
 الحي: حي هجر
 العمارة: عمارة 60 (واجهة جنوبية غربية)

📐 التفاصيل والمساحة:
 رقم الشقة: 3/3 (الدور الثالث)
 المساحة: 144 م²
 السعر: 580,000 ريال
🏡 المكونات الداخلية:
 مجلس
 صالة واسعة
 مطبخ
 3 غرف نوم
 3 دورات مياه
 بلكونة

📞 لللتواصل والاستفسار:
[((الرقم يظهر عند الضغط على اتصال))]
[((الرقم يظهر عند الضغط على اتصال))]
[((الرقم يظهر عند الضغط على اتصال))]",26.369794,50.097391,https://images.aqar.fm/webp/750x0/props/016168771_1787048509700.jpg,17.0,هنادي بنت سعود بن عبدالله الصالح,شركة كنوز البلد للعقارات,1.0,2026-08-18,2026-08-18,2026-08-30,66.0,2026-09-27,True,"580,000",False,شقة
6703140,https://sa.aqar.fm/شقق-للبيع/الظهران/حي-تهامة/شارع-الامير-محمد-بن-فهد-حي-تهامة-مدينة-الدمام-المنطقة-الشرقية-6703140,"شقة للبيع في شارع الامير محمد بن فهد, حي تهامة, مدينة الدمام, المنطقة الشرقية",550000.0,177.0,3.0,0.0,0.0,7.0,حي تهامة,الظهران,حي تهامة,"شقه للبيع حي تهامه بالظهران 
تطل مباشره على قصر الخليج حي محمد بن فهد 
المساحه 177م٢ 
عباره عن 3 غرف نوم وأربع حمامات 
غرفه خادمه وغرفه غسيل مع حمام 
مطبخ راكب وصاله 
مجلس و مقلط 
الشقه لها مدخلين 
مكيفات سبّلت راكبه
موقف خاص للشقه اسفل العماره 
السعر 550 ألف 
للمفاهمه جوال ابو معاذ 0550553681",26.356044,50.133093,https://images.aqar.fm/webp/750x0/props/032599557_1779138328355.jpg,2.0,معاذ عبدالرحمن بن هزيم الرويلي,,,2026-05-18,2026-09-13,2026-09-26,660.0,2026-09-27,True,"550,000",False,شقة
6837518,https://sa.aqar.fm/شقق-للبيع/الظهران/حي-الدانة-الشمالية/شارع-1-الجامعة-حي-الجامعة-مدينة-الظهران-المنطقة-الشرقية-6837518,"شقة للبيع في شارع 1 الجامعة, حي الجامعة, مدينة الظهران, المنطقة الشرقية",820000.0,147.0,3.0,,1.0,0.0,حي الدانة الشمالية,الظهران,حي الدانة الشمالية,"بسم الله الرحمن الرحيم 

للبيع شقه جديده ومميزه 

الحي والمدينه : حي الجامعه بالظهران 
مساحة الشقه : 147 متر 
الدور الثالث 
مكوناتها : 
3 غرف نوم وحده منها ماستر 
مجلس 
صاله 
مطبخ 
3 دورات مياه 
غرفة خادمه مع حمامها 
مكبفات راكبه 
موقف خاص 
مدخل واحد 

البيع :  820000 الف ريال 
مباشره لدى معامل العقاريه",26.335322,50.132382,https://images.aqar.fm/webp/750x0/props/004125961_1787504374711.jpg,4.0,عبدالعزيز فطيس بن عبدالرحمن ال منشره,مؤسسة معامل العقارية,1.0,2026-08-23,2026-09-22,2026-09-22,434.0,2026-09-27,True,"820,000",False,شقة
6644277,https://sa.aqar.fm/شقق-للبيع/الظهران/حي-القصور/حي-القصور-مدينة-الظهران-المنطقة-الشرقية-6644277,"شقة للبيع في حي القصور, مدينة الظهران, المنطقة الشرقية",640000.0,156.0,5.0,0.0,0.0,0.0,حي القصور,الظهران,حي القصور,"شقق للبيع – مشروع إلمار حي القصور – الظهران
📍 الآن الحجز مفتوح و البيع بدون سعي 🔥 

تتوفر:
شقق
ملاحق
وشقة دوبلكس

المساحات تبدأ من 160م²
الأسعار تبدأ من 690 ألف

تفاصيل الشقق:
مجلس
صالة طعام 
صالة
3 غرف نوم، منها غرفة ماستر
3 دورات مياه
مكيفات راكبة

المميزات:
تشطيبات عالية الجودة
ضمانات هندسية كاملة على الهيكل والتشطيبات

للتواصل 0566447232",26.349677,50.141874,https://images.aqar.fm/webp/750x0/props/005767238_1775497217712.jpg,10.0,ناصر صالح بن علي آل الحارث,,,2026-04-06,2026-08-30,2026-09-08,1141.0,2026-09-27,True,"640,000",False,شقة
6567801,https://sa.aqar.fm/شقق-للبيع/الظهران/حي-القصور/شارع-الوادى-حي-القصور-مدينة-الظهران-المنطقة-الشرقية-6567801,"شقة للبيع في شارع الوادى, حي القصور, مدينة الظهران, المنطقة الشرقية",1049000.0,278.0,3.0,4.0,2.0,11.0,حي القصور,الظهران,حي القصور,"للبيع | شقة دبلكس مميزة في مجمع ماربيلا – حي القصور، الظهران

افضل سعر شقة دبلكس بالكمباوند

الصك مرهون لبنك الجزيرة 

📍 الموقع:
الظهران – حي القصور
مجمع ماربيلا السكني
واجهة شرقية على ساحة داخلية هادئة

🏢 المواصفات:
تقع في الدور الأول
المساحة: 278 م²

💼 فرصة استثمارية مميزة:
مناسبة للتأجير السنوي
مناسبة للتأجير قصير الأمد (مبات، بوكينج، Airbnb وغيرها)

🛋 تفاصيل الشقة:

الدور الأرضي:
مجلس ضيوف مع دورة مياه
صالة عائلية مع دورة مياه
غرفة طعام
مطبخ راكب (كافكو)
غسالة صحون مدمجة
مروحة تهوية للفرن

الدور العلوي:
صالة عائلية
غرفتا نوم أطفال مع دورة مياه مشتركة
غرفة نوم رئيسية مع بلكونة، غرفة ملابس، ودورة مياه
غرفة خادمة مع دورة مياه

❄ التكييف:
تكييف مركزي كامل
سبليت للمطبخ، غرف الأطفال، وغرفة الخادمة

🏡 خدمات ومرافق المجمع:
حديقة داخلية
منطقة ألعاب أطفال
حضانة أطفال (بالاشتراك)
موقف خاص لكل شقة
مقهى
مجلس ضيوف
مكتبة للقراءة
سوبرماركت
مغسلة ملابس (الجبر)
محل زهور وتغليف هدايا
صالون تجميل نسائي

نادي صحي متكامل
(صالة رياضية – بخار – ساونا – مسبح – جاكوزي)
إمكانية الحجز العائلي أو الاستخدام المشترك

ℹ️ ملاحظات:
السعر غير شامل العمولة
السعر غير شامل ضريبة التصرفات العقارية",26.338479,50.152983,https://images.aqar.fm/webp/750x0/props/000986359_1745153786440.jpg,28.0,جاسم عبدرب النبي بن جاسم المزعل السيهاتي,مؤسسة دانة الخير العقارية,1.0,2026-01-29,2026-06-24,2026-09-24,1255.0,2026-09-27,True,"1,049,000",False,شقة
6760116,https://sa.aqar.fm/شقق-للبيع/الظهران/حي-القصور/شارع-جبل-شهلان-حي-القصور-مدينة-الظهران-المنطقة-الشرقية-6760116,"شقة للبيع في شارع جبل شهلان, حي القصور, مدينة الظهران, المنطقة الشرقية",930000.0,182.0,3.0,3.0,1.0,0.0,حي القصور,الظهران,حي القصور,"حي القصور – الظهران
✨ تملك أو استثمر في أحد أرقى أحياء الظهران، حيث يجتمع الموقع الحيوي مع جودة التخطيط والقيمة الاستثمارية.
مشروع سكني مميز في حي القصور، يتمتع بموقع استراتيجي على شارع تجاري حيوي، وقريب من جميع الخدمات والمرافق،

🏠 تفاصيل الوحدة
🛏️ غرفة نوم رئيسية مع دورة مياة خاصة
🛏️ 2 غرفة نوم
🛋️ صالة معيشة واسعة مطلة
🪑 مجلس إستقبال
🚿 3 دورات مياه
🍽️ مطبخ
🧺 منطقة غسيل
👩‍🍳 غرفة عاملة

✨ مميزات المشروع
🛗 مصاعد حديثة | 📹 كاميرات مراقبة | 🎨 تشطيبات راقية
⚡ عدادات كهرباء مستقلة | 💧 خزانات مستقلة | 🚗 مواقف خاصة
🏨 مدخل فندقي

🪑 مجلس استقبال راقي
🧸 منطقة مخصصة لألعاب الأطفال
🏋️ نادي رياضي للرجال
🏋️‍♀️ نادي رياضي للنساء
🌿 مسطحات خضراء
🔐 دخول ذكي

📐 النماذج والمساحات
- النماذج والأسعار 
نموذج (A) 185.45م - 975,000 ريال 
نموذج (B) 182.55م - 930,000 ربال  
نموذج (C) 182.55م - 930,000 ريال 
نموذج (D) 185.45م - 975,000 ريال
نموذج (E) 180.05م - 975,000 ريال
نموذج (F) 179.20م- 930,000 ريال 
نموذج (G) 179.20م - 930,000 ريال 
نموذج (H) 180.05م - 975,000 ريال
نموذج (I) 205.55م - 1,450,000 ريال  
نموذج (J) 166.4م - 1,350,000 ريال (روف)
نموذج (K) 166.40م - 1,350,000 ريال (روف)
نموذج (M) 171.85م - 1,250,000 ريال (روف)
نموذج (N) 171.85م - 1,250,000 ريال (روف)

للاطلاع على باقي النماذج والاسعار تواصل معنا


📜 ضمانات المشروع
🏡 2 سنة — سمارت هوم
🔧 25 سنة — الأفياش والمفاتيح
🏗️ 10 سنوات — الهيكل الإنشائي
⚡ 5 سنوات — الكهرباء
🚿 5 سنوات — السباكة
🧱 5 سنوات — العزل
💡 3 سنوات — الإنارة
🛡️ 1 سنة — ضمان شامل

للتواصل : ايمان العتيبي : ((الرقم يظهر عند الضغط على اتصال))",26.351498,50.140221,https://images.aqar.fm/webp/750x0/props/052201227_1783238107603.jpg,6.0,ايمان الوقداني,,,2026-07-05,2026-09-01,2026-09-25,533.0,2026-09-27,True,"930,000",False,شقة
6881007,https://sa.aqar.fm/شقق-للبيع/الظهران/حي-القصور/شارع-الوادى-حي-القصور-مدينة-الظهران-المنطقة-الشرقية-6881007,"شقة للبيع في شارع الوادى, حي القصور, مدينة الظهران, المنطقة الشرقية",1200000.0,302.0,2.0,0.0,0.0,6.0,حي القصور,الظهران,حي القصور,$5f,26.338479,50.152983,https://images.aqar.fm/webp/750x0/props/004783302_1789752644310.jpg,25.0,خالد محمد عبدالغفور الشيخ,مؤسسة خالد محمد عبدالغفور الشيخ للخدمات العقارية,1.0,2026-09-18,2026-09-18,2026-09-18,30.0,2026-09-27,True,"1,200,000",False,شقة
6798810,https://sa.aqar.fm/شقق-للبيع/الظهران/حي-القصور/شارع-الوادى-حي-القصور-مدينة-الظهران-المنطقة-الشرقية-6798810,"شقة للبيع في شارع الوادى, حي القصور, مدينة الظهران, المنطقة الشرقية",880000.0,199.0,3.0,4.0,1.0,8.0,حي القصور,الظهران,حي القصور,"للبيع شقة  فاخرة رقم D701 
 الدور السابع- مجمع ماربيلا - حي القصور 

مكون من :
شرفة خارجية 
مجلس بدورة مياه خاصة
صالة 
مطبخ راكب
3 غرف نوم - واحدة منها ماستر بدورة مياه خاصة
غرفة خادمة بدورة مياه خاصة
مجموع دورات المياه 4 

المميزات:
• ⁠موقف خاص
 • ⁠خدمة استقبال وكونسيرج 24 ساعة
• ⁠خدمات داخل المجمع من سوبرماركت ومطعم ومقهى وبنك  
• ⁠منطقة العاب للاطفال 
• ⁠لاونج خاص بالسكان 
• ⁠نادي رياضي رجالي واخر نسائي
•قريب من ممشى تلال الظهران

 السعر غير شامل ضريبة التصرفات العقارية والسعي
-
-
-
-
Luxury Apartment for Sale – Unit D701
7th Floor – Marbella Complex – Al Qusour District

Consists of:
	•	Outdoor balcony
	•	Majlis (guest reception room) with a private bathroom
	•	Living room
	•	Fully installed kitchen
	•	3 bedrooms, including one master bedroom with a private bathroom
	•	Maid’s room with a private bathroom
	•	Total bathrooms: 4

Features:
	•	Private parking space
	•	24-hour reception and concierge service
	•	On-site amenities within the complex including a supermarket, restaurant, café, and bank
	•	Children’s playground area
	•	Residents-only lounge
	•	Separate fitness centers for men and women
	•	Close to Dhahran Hills Walkway

Note:
The price does not include the real estate transaction tax & brokerage commission.",26.338254,50.15301,https://images.aqar.fm/webp/750x0/props/009203529_1772320517708.jpg,24.0,عبدالاءله ابراهيم ناصر بن موسى,,,2026-07-31,2026-07-31,2026-09-23,754.0,2026-09-27,True,"880,000",False,شقة
6821480,https://sa.aqar.fm/شقق-للبيع/الظهران/حي-الجامعة/شارع-21ب-حي-الجامعة-مدينة-الظهران-المنطقة-الشرقية-6821480,"شقة للبيع في شارع 21ب, حي الجامعة, مدينة الظهران, المنطقة الشرقية",850000.0,123.0,2.0,3.0,2.0,3.0,حي الجامعة,الظهران,حي الجامعة,"للبيع شقة مميزة – دور خامس مع سطح خاص 🏡✨
فرصة مميزة للسكن أو الاستثمار، شقة مرتبة بمواصفات رائعة:

• غرفتان نوم
• صالة واسعة
• مجلس
• 3 دورات مياه
• مطبخ راكب
• مكيفات راكبة
• مدخلان مستقلان
• سطح خاص
• الدور الخامس

شقة متكاملة تجمع بين الراحة والخصوصية، ومناسبة للعائلة.

📞 للتواصل والاستفسار ع الرقم الموجود واتساب",26.337079,50.129011,https://images.aqar.fm/webp/750x0/props/050866260_1786660354379.jpg,11.0,آلاء محمد,,,2026-08-13,2026-09-12,2026-09-25,204.0,2026-09-27,True,"850,000",False,شقة
6750295,https://sa.aqar.fm/شقق-للبيع/الظهران/حي-هجر/شارع-11ب-حي-هجر-مدينة-الدمام-المنطقة-الشرقية-6750295,"شقة للبيع في شارع 11ب, حي هجر, مدينة الدمام, المنطقة الشرقية",480000.0,155.0,3.0,5.0,2.0,9.0,حي هجر,الظهران,حي هجر,"شقة مميزة للبيع | حي هجر، الظهران | Apartment for Sale ✨
📐 المساحة (Area):
 المساحة في الصك: 153م | الفعلي: 168م (مع المجلس).
 Title Deed Area: 153m² | Actual Area: 168m² (including Majlis).
🚪 تفاصيل الشقة / Apartment Details:
 الشقة تتميز بـ مدخلين | 2 Entrances.
 مجلس ضيوف مع دورة مياه | Guest Majlis with Bathroom.
 مقلط + صالة واسعة | Dining room + Spacious Living room.
 مطبخ راكب | Fully installed Kitchen.
 3 غرف نوم (منها 1 غرف ماستر + غرفتين بينهم دورة مياه).
 3 Bedrooms (1 Master + 2 Bedrooms with a shared Bathroom).
 مستودع | Storage room.
✨ المميزات والإضافات / Extra Features:
 7 مكيفات راكبة | 7 AC units installed.
📍 الموقع (Location):
 الظهران - حي هجر | Dhahran - Hajar District.
💰 السعر والرسوم / Price & Fees:
 سعر البيع (Price): 480,000 SAR.
 السعي (Brokerage Fee): 12,000 SAR.
🔴للتواصل ((الرقم يظهر عند الضغط على اتصال))",26.367578,50.103077,https://images.aqar.fm/webp/750x0/props/009238529_1782591155065.jpg,11.0,مساعد مشعل محمد البريه,,,2026-06-27,2026-09-23,2026-09-23,873.0,2026-09-27,True,"480,000",False,شقة
6889505,https://sa.aqar.fm/شقق-للبيع/الظهران/حي-القصور/حي-القصور-مدينة-الظهران-المنطقة-الشرقية-6889505,"شقة للبيع في حي القصور, مدينة الظهران, المنطقة الشرقية",640000.0,159.0,5.0,3.0,1.0,0.0,حي القصور,الظهران,حي القصور,"� شقق سكنية – مشروع المار بدون سعي مباشر للمالك
📌 حي القصور – الظهران

✨ متاح الحجز الآن
📐 المساحات تبدأ من 160م²
🏘️ تتوفر:
(شقق – ملاحق – شقق دوبلكس)

💰 الأسعار تبدأ من 690,000 ريال

🔹 مواصفات الشقق:
• مجلس
• مقلط
• صالة
• 3 غرف نوم
• غرفة ماستر
• 3 دورات مياه
• مطبخ
• مكيفات راكبة

🔹 مميزات المشروع:
✅ تشطيبات عالية الجودة
✅ إشراف هندسي كامل على الهيكل والتشطيب
✅ ضمانات شاملة",26.34966,50.141855,https://images.aqar.fm/webp/750x0/props/030691691_1770489289431.jpg,12.0,سعيد العتيبي,,,2026-09-23,2026-09-23,2026-09-26,35.0,2026-09-27,True,"640,000",False,شقة
6697319,https://sa.aqar.fm/شقق-للبيع/الظهران/حي-هجر/حي-هجر-مدينة-الدمام-المنطقة-الشرقية-6697319,"شقة للبيع في حي هجر, مدينة الدمام, المنطقة الشرقية",400000.0,166.0,4.0,2.0,1.0,11.0,حي هجر,الظهران,حي هجر,"إعلان شقة للبيع بسعر مغري قابل للتفاوض

شقة مميزة للبيع في موقع هادئ ومناسب للسكن أو الاستثمار ✨

تتكون من:

* ٣ غرف نوم
* ٣ دورات مياه
* صالة واسعة
* مجلس
* مقلط
* مطبخ
* مخزن

المميزات:

* مدخلين مستقلين (مدخل رجال ومدخل حريم)
* تقع في الطابق الثالث
* يوجد مصعد (أصنصير)

مناسبة للسكن العائلي أو للاستثمار بعائد سنوي ممتاز.",26.372176,50.103875,https://images.aqar.fm/webp/750x0/props/001186782_1778771040551.jpg,12.0,احمد بن حسن بن محمد عسكر,شركة أملاك وأصول الدولية,1.0,2026-05-14,2026-05-14,2026-08-16,1773.0,2026-09-27,True,"400,000",False,شقة
6791505,https://sa.aqar.fm/شقق-للبيع/الظهران/حي-القصور/حي-القصور-مدينة-الظهران-المنطقة-الشرقية-6791505,"شقة للبيع في حي القصور, مدينة الظهران, المنطقة الشرقية",640000.0,159.0,3.0,3.0,0.0,0.0,حي القصور,الظهران,حي القصور,"شقة مميزة في حي القصور بموقع حيوي وقريب من جميع الخدمات مناسبة للسكن العائلي.
المواصفات: 3 غرف نوم - مجلس - صالة - غرفة طعام - مطبخ - 3 دورات مياه - غرفة غسيل )
	•	جميع المكيفات راكبة
	•	زجاج عازل للصوت
المساحات المتوفرة:
	•	142 م²
	•	159 م²
مميزات المشروع:
	•	تشطيبات حديثة
	•	موقع مميز
	•	قريب من الخدمات الرئيسية
	•	تتوفر خيارات بمدخل مشترك (حسب الشقة)
الأسعار تبدأ من 650,000 ريال
📞 للتواصل والاستفسار ((الرقم يظهر عند الضغط على اتصال))
رخصة فال: 1100284538",26.349415,50.142013,https://images.aqar.fm/webp/750x0/props/046057766_1789736094650.jpg,8.0,معاذ جمال بن ابراهيم الناجم,مكتب معاذ جمال الناجم للعقارات,1.0,2026-07-26,2026-08-24,2026-09-23,779.0,2026-09-27,True,"640,000",False,شقة
6773994,https://sa.aqar.fm/شقق-للبيع/الظهران/حي-القصور/شارع-1-القصور-حي-القصور-مدينة-الظهران-المنطقة-الشرقية-6773994,"شقة للبيع في شارع 1 القصور, حي القصور, مدينة الظهران, المنطقة الشرقية",640000.0,159.0,4.0,3.0,1.0,0.0,حي القصور,الظهران,حي القصور,"� امتلك شقتك الجديدة في حي القصور الآن! 🔥

🏡 شقق تمليك بتصميم عصري وتشطيبات مميزة
فرصة رائعة للسكن والاستثمار في موقع مميز، بمساحات مدروسة تناسب احتياجات العائلة.

✨ مميزات الشقق:
🔹 مجلس + مقلط
🔹 3 غرف نوم مريحة
🔹 صالة واسعة بإضاءة وتهوية ممتازة
🔹 مطبخ عملي
🔹 3 دورات مياه
🔹 غرفة غسيل

🏗️ جودة بناء موثوقة:
✅ مبنية وفق الكود السعودي
✅ ضمانات من التعاونية تصل إلى 25 سنة
✅ مصعدان لخدمة السكان وراحة أكبر

📐 مساحات متنوعة: من 145م² إلى 160م²
💰 أسعار تبدأ من 640 ألف وتصل إلى 870 ألف ريال

⭐ لا تفوّت فرصة تملك شقتك في حي القصور
📲 تواصل الآن واحجز موعد المعاينة قبل اكتمال الوحدات المتاحة",26.348419,50.142939,https://images.aqar.fm/webp/750x0/props/020008448_1784051115661.jpg,25.0,محمد عبدالله بن محمد آل الحارث,,,2026-07-14,2026-09-11,2026-09-25,1473.0,2026-09-27,True,"640,000",False,شقة
6872294,https://sa.aqar.fm/شقق-للبيع/الظهران/حي-القصور/حي-القصور-مدينة-الظهران-المنطقة-الشرقية-6872294,"شقة للبيع في حي القصور, مدينة الظهران, المنطقة الشرقية",940000.0,358.0,8.0,5.0,1.0,0.0,حي القصور,الظهران,حي القصور,"🏠 شقة دبلكس للبيع | القصور
🔥 فرصة استثمارية ذهبية
📐 المساحة: 338 م²
💰 السعر: 950,000 ريال
❄️ التجهيز: مكيفة + مطبخ مجهز
📑 مواصفات كل دور
🚪 المدخل: مدخلان لكل دور
🛋️ المجلس: مجلس لكل دور
🛏️ الغرف: 3 غرف (2 منها ماستر)
🍳 المطبخ: مطبخ مركب بأجهزته
🧹 الخدمات: غرفة خادمة
📈 الخيار الاستثماري:
💵 العائد: 45 - 50 ألف/شقة
📊 نسبة العائد: 9.4% - 10.5%
🔄 الفصل: قابل للتقسيم إلى شقتين
🪜 الدرج: يتحول لصالتين 🛋️
📞 للتواصل: تجدون الرقم في الاسفل ايقونة الاتصال",26.351229,50.140848,https://images.aqar.fm/webp/750x0/props/055393095_1789307018622.jpg,16.0,عبدالعزيز سعيد,,,2026-09-13,2026-09-13,2026-09-24,207.0,2026-09-27,True,"940,000",False,شقة
6595175,https://sa.aqar.fm/شقق-للبيع/الظهران/حي-الجامعة/شارع-سعيد-بن-المسيب-حي-الجامعة-مدينة-الظهران-المنطقة-الشرقية-6595175,"شقة للبيع في شارع سعيد بن المسيب, حي الجامعة, مدينة الظهران, المنطقة الشرقية",650000.0,109.0,2.0,4.0,2.0,0.0,حي الجامعة,الظهران,حي الجامعة,"🏠 رواس الربوة 30 RAWAS

🌟مميزات المشروع:
يمتاز المشروع بموقع استراتيجي في حي الربوة بمدينة الظهران وبالقرب من الأماكن والطرق الرئيسية في المدينة، كما يمتاز بـ: 
- التكييف على كامل الوحدات بنظام VRV.
- كاميرات مراقبة
- بوابات إلكترونية
- دخول ذكي
- كاشف للدخان
- مضخة إطفاء للحريق

📋ضمانات المشروع:
10 سنوات | الهكيل الإنشائي
5 سنوات | أعمال السباكة
5سنوات | أعمال الكهرباء
5 سنوات | العزل المائي
سنتين | المصاعد
سنة واحدة | ضمان شامل",26.34923,50.139982,,,سلمان عبدالله احمد الأحيدب,مكتب مصعب عبدالله الاحيدب للعقارات,1.0,2026-02-18,2026-09-09,2026-09-09,653.0,2026-09-27,True,"650,000",False,شقة
6816905,https://sa.aqar.fm/شقق-للبيع/الظهران/حي-الجامعة/حي-الجامعة-مدينة-الظهران-المنطقة-الشرقية-6816905,"شقة للبيع في حي الجامعة, مدينة الظهران, المنطقة الشرقية",500000.0,130.0,3.0,0.0,0.0,8.0,حي الجامعة,الظهران,حي الجامعة,"شقه في حي الجامعه للبيع 
مجددة بالكامل
كل شي فيها مركب من إيكيا.
تتكون من 

٣. غرف نوم وصاله ومجلس ومخزن
السيارة لها موقف خاص
واجهتها شمالية
مطله على مرتفعات الظهران
قريبه من بوابة ارامكو 4 دقائق 
قريبه من اسواق التميمي 
تقع بين ٣ شوارع رئيسية 
- الملك عبدالعزيز الميناء
- طريق خادم الحرمين الخبر
- طريق الأمير محمد بن فهد",26.345193,50.142355,,,عبدالعزيز سالم منصور آل قراد,شركة ذا دارك هورس,1.0,2026-08-11,2026-09-09,2026-09-24,594.0,2026-09-27,True,"500,000",False,شقة
6741758,https://sa.aqar.fm/شقق-للبيع/الظهران/حي-القصور/شارع-14أ-حي-القصور-مدينة-الظهران-المنطقة-الشرقية-6741758,"شقة للبيع في شارع 14أ, حي القصور, مدينة الظهران, المنطقة الشرقية",500000.0,146.0,5.0,,,8.0,حي القصور,الظهران,حي القصور,$5d,26.343532,50.149759,,,ابراهيم عبدالعزيز ابراهيم العثمان,مؤسسة ابراهيم عبدالعزيز العثمان,1.0,2026-06-21,2026-09-16,2026-09-16,1290.0,2026-09-27,True,"500,000",False,شقة
6817926,https://sa.aqar.fm/شقق-للبيع/الظهران/حي-هجر/شارع-حليمه-السعديه-حي-هجر-مدينة-الدمام-المنطقة-الشرقية-6817926,"شقة للبيع في شارع حليمه السعديه, حي هجر, مدينة الدمام, المنطقة الشرقية",660000.0,152.0,5.0,3.0,1.0,0.0,حي هجر,الظهران,حي هجر,"شقق تمليك حى هجر 
موقع ممتاز متوفر جميع الادور
مساحات كبيره متوفر شقق ارضيه

 تشططب ممتاز 
جميع الضمات",26.372253,50.105153,https://images.aqar.fm/webp/750x0/props/018068233_1788962815208.jpg,1.0,مبارك بن عوض,,,2026-08-12,2026-08-12,2026-09-22,359.0,2026-09-27,True,"660,000",False,شقة
6725690,https://sa.aqar.fm/شقق-للبيع/الظهران/حي-الدانة-الشمالية/شارع-ابو-ألعقيل-الاسلمي-حي-الدانة-الشمالية-مدينة-الظهران-المنطقة-الشرقية-6725690,"شقة للبيع في شارع ابو ألعقيل الاسلمي, حي الدانة الشمالية, مدينة الظهران, المنطقة الشرقية",395000.0,158.0,3.0,0.0,0.0,11.0,حي الدانة الشمالية,الظهران,حي الدانة الشمالية,"🏡 شقة للبيع – المنطقة الشرقية | حي الدانة الشمالي

فرصة مميزة للتملك في أحد الأحياء الراقية والمكتملة الخدمات بحي الدانة الشمالي.

📍 الموقع: حي الدانة الشمالي – المنطقة الشرقية
📐 المساحة: 158 م²

مكونات الشقة:
✔️ 3 غرف واسعة
✔️ صالة معيشة
✔️ مطبخ
✔️ دورات مياه
✔️ تشطيبات جيدة وتصميم عملي

✨ تمتاز الشقة بموقع حيوي قريب من المدارس والمساجد والأسواق والخدمات اليومية، كما يتميز حي الدانة الشمالي بسهولة الوصول للطرق الرئيسية والمرافق العامة.",26.331608,50.140511,https://images.aqar.fm/webp/750x0/props/036045061_1781011080313.jpg,8.0,محمد فهد,,,2026-06-09,2026-06-09,2026-09-18,4733.0,2026-09-27,True,"395,000",False,شقة
6848259,https://sa.aqar.fm/شقق-للبيع/الظهران/حي-هجر/شارع-حجلان-حي-هجر-مدينة-الدمام-المنطقة-الشرقية-6848259,"شقة للبيع في شارع حجلان, حي هجر, مدينة الدمام, المنطقة الشرقية",680000.0,183.0,6.0,3.0,1.0,0.0,حي هجر,الظهران,حي هجر,"السلام عليكم ورحمة الله وبركاته
شقق للبيع فاخرة تشطيب ممتاز بناء شخصي
أمام جامع وخلف المبنى طريق حيوي يربط بين طريق الجبيل وارامكو واثراء
تتكون كل شقه من ٣ غرف نوم ( غرفه نوم ماستر )
مجلس – مقلط – مطبخ مفتوح – صاله ببلكونه تطل على جهة الشمال ( شارع عرض 16 متر )  – غرفة غسيل - مدخلين
جميع الضمانات موجوده وعلى الكود السعودي - تأمين ملاذ للعيوب الخفيه
لكل شقة خزانين ومضختين ماء وعداد كهرباء وماء خاص
لكل شقه موقف خاص مظلل
لكل شقه نظام انتركوم بشاشه مستقله
يوجد نظام مراقبة للدور الارضي وتغطي المواقف كامله والمدخل والمخرج
يوجد تمديد لكل شقة لنظام التكييف من نوع مولر الامريكي
يوجد شبك لتغطية المنور ويمنع دخول الطيور ويسمح بالتهوية وضوء الشمس
المساحات بدون الخدمات المشتركه ( المصعد – الدرج – المنور ) الشقه 183 متر مربع السعر 680 الف 
 الروف  (ملحق ) بالسطح الخاص به 228 متر مربع السعر 720 الف",26.362293,50.103151,,,احمد بن علي,,,2026-08-30,2026-08-30,2026-09-26,152.0,2026-09-27,True,"680,000",False,شقة
6824405,https://sa.aqar.fm/شقق-للبيع/الظهران/حي-هجر/شارع-13أ-حي-هجر-مدينة-الدمام-المنطقة-الشرقية-6824405,"شقة للبيع في شارع 13أ, حي هجر, مدينة الدمام, المنطقة الشرقية",580.0,143.0,5.0,,,0.0,حي هجر,الظهران,حي هجر,"شقق تمليك 
تبدا الأسعار من ٥٨٠ الف
 الموقع حي هجر 
تتكون من
٣غرف
وصاله مع بلكونه
ومجلس
٣ دورة مياه
ومطبخ",26.369627,50.097593,https://images.aqar.fm/webp/750x0/props/052116382_1786823520725.jpg,6.0,عيسى بن سعيد بن محمد الفضلي,,,2026-08-15,2026-08-15,2026-09-26,165.0,2026-09-27,True,580,False,شقة
6759309,https://sa.aqar.fm/شقق-للبيع/الظهران/حي-الدانة-الشمالية/شارع-ابو-ألعقيل-الاسلمي-حي-الدانة-الشمالية-مدينة-الظهران-المنطقة-الشرقية-6759309,"شقة للبيع في شارع ابو ألعقيل الاسلمي, حي الدانة الشمالية, مدينة الظهران, المنطقة الشرقية",1500000.0,158.0,3.0,3.0,1.0,8.0,حي الدانة الشمالية,الظهران,حي الدانة الشمالية,"شقه للبيع في الضهران حي الدانه الشمالي
شقه مميزه  دور علوي موقف سياره خاص مطبخ تكييف راكب",26.331612,50.140508,https://images.aqar.fm/webp/750x0/props/039048627_1783179095019.jpg,6.0,صالح عبدالرحمن,,,2026-07-04,2026-08-31,2026-08-31,614.0,2026-09-27,True,"1,500,000",False,شقة
6756242,https://sa.aqar.fm/شقق-للبيع/الظهران/حي-الجامعة/شارع-الثريا-حي-الجامعة-مدينة-الظهران-المنطقة-الشرقية-6756242,"شقة للبيع في شارع الثريا, حي الجامعة, مدينة الظهران, المنطقة الشرقية",800000.0,184.0,4.0,1.0,0.0,6.0,حي الجامعة,الظهران,حي الجامعة,"🏠 شقة فاخرة للبيع في حي الجامعة - الظهران ✨

📍 **موقع استراتيجي مميز** في حي الجامعة بمدينة الظهران، قريبة من **جميع الخدمات** والأسواق التجارية والمقاهي.

**العمارة:** حديثة وأنيقة مزودة بمصعد 🛗، والشقة في الطابق الثاني.

---
 ✨ مميزات الشقة:

- **مجلس واسع** + **صالة مفتوحة** مريحة مع **تكييف مركزي مخفي** ❄️ (توزيع هواء مثالي ومظهر فخم)
- **مطبخ أمريكي** فاخر بدواليب خشبية 🍳
- **مطبخ داخلي مستقل** مجهز بدواليب ألمنيوم + مكيف سبليت
- **غرفتي نوم** + حمام مشترك 🛏️
- **غرفة نوم ماستر** واسعة ومريحة
- **غرفة خادمة** مع دورة مياه خاصة
- **مستودع** كبير مجهز بدواليب تخزين 📦

**التكييف:** موزع بعناية (مركزي مخفي في المجلس والصالة + سبليت في باقي الغرف) ❄️

**المرافق:**
- عداد كهرباء مستقل ⚡
- مياه تحلية  💧
- موقف سيارة خاص 🅿️
- مرافق ألعاب أطفال بجوار العمارة 🧒🎠

شقة عائلية راقية بتصميم ممتاز ومساحات مريحة، جاهزة للسكن مباشرة! 🏡
السعر : 800 الف

للاستفسار واستقبال طلباتكم العقارية :
((الرقم يظهر عند الضغط على اتصال))
((الرقم يظهر عند الضغط على اتصال))

رخصة فال :
1100234409
ترخيص الاعلان :
7100296946",26.33749,50.129998,https://images.aqar.fm/webp/750x0/props/019340889_1782978300158.jpg,4.0,عاصم يوسف علي الجاسر,,,2026-07-02,2026-07-02,2026-09-22,199.0,2026-09-27,True,"800,000",False,شقة
6889859,https://sa.aqar.fm/شقق-للبيع/الظهران/حي-الجامعة/شارع-سعيد-بن-المسيب-حي-الجامعة-مدينة-الظهران-المنطقة-الشرقية-6889859,"شقة للبيع في شارع سعيد بن المسيب, حي الجامعة, مدينة الظهران, المنطقة الشرقية",840000.0,154.0,4.0,3.0,1.0,0.0,حي الجامعة,الظهران,حي الجامعة,"🏠 شقة راقية للبيع | الربوة
🏢 الوحدة رقم: 504
📐 السماحة: 154 م
✨ تفاصيل الوحدة:
▪️ 3 غرف نوم 🛏️
▪️ 3 دورات مياه 🚿
▪️ مجلس واسع 🛋️
▪️ صالة أنيقة 🛋️
▪️ مطبخ (بدون خزائن) 🍳
▪️ غرفة عاملة مع دورة مياه 🧹
▪️ تكييف راكب بالكامل ❄️
✨ المميزات الإضافية:
▫️ منطقة استقبال 🏨
▫️ دخول آمن للمبنى 🔒
▫️ دخول ذكي للوحدة 🔑
▫️ موقف سيارة مظلل 🅿️
💰 السعر: 850,000 ﷼ 💸
📞 للتواصل: الرقم في أيقونة الاتصال بالاسفل",26.349296,50.140053,https://images.aqar.fm/webp/750x0/props/055393093_1790239922165.jpg,11.0,عبدالعزيز سعيد,,,2026-09-24,2026-09-24,2026-09-24,17.0,2026-09-27,True,"840,000",False,شقة
6782416,https://sa.aqar.fm/شقق-للبيع/الظهران/حي-هجر/حي-هجر-مدينة-الدمام-المنطقة-الشرقية-6782416,"شقة للبيع في حي هجر, مدينة الدمام, المنطقة الشرقية",550000.0,178.0,5.0,3.0,1.0,3.0,حي هجر,الظهران,حي هجر,"للبيع شقه مميزه موقع مميز 
حي هجر
مجلس، غرفة طعام ،ثلاث نوم،3دورات مياه،مخزن
مدخلين لشقه ، دور ثاتي 
العماره 7شقق فقط
كل دور شقتين
الدور الثاني 
مكتب محمد العجمي العقاري
((الرقم يظهر عند الضغط على اتصال))
الظهران",26.371808,50.104177,,,محمد شبيب احسن العجمي,مؤسسة مكتب محمد شبيب احسن العجمي العقاري,1.0,2026-07-20,2026-09-16,2026-09-16,438.0,2026-09-27,True,"550,000",False,شقة
6840866,https://sa.aqar.fm/شقق-للبيع/الظهران/حي-تهامة/شارع-طريق-الامير-محمد-بن-فهد-حي-تهامة-مدينة-الدمام-المنطقة-الشرقية-6840866,"شقة للبيع في شارع طريق الامير محمد بن فهد, حي تهامة, مدينة الدمام, المنطقة الشرقية",660000.0,177.0,3.0,4.0,2.0,7.0,حي تهامة,الظهران,حي تهامة,"🏡 شقة للبيع – الدمام | حي تهامة
 فرصة مميزة للامتلاك او الاستثمار شقة واسعة ومناسبة للعائلات 
الدور الأول وبموقع مميز في حي تهامة بالدمام ✨

الوصف :
  مدخلين
🛏️ 3 غرف نوم
👩🏻‍🍳 غرفة خادمة
🛋️ صالة
🍽️ مقلط
🏠 مجلس
🚿 4 دورات مياه

✨ فرصة استثمارية جاهزة
الشقة مؤجرة حاليًا بمبلغ 25,000 ريال سنويًا، مما يجعلها خيارًا مناسبًا لمن يبحث عن عقار استثماري بدخل إيجاري  قائم.

للتواصل والاستفسار : ع الجوال الموجود واتساب",26.356154,50.132474,https://images.aqar.fm/webp/750x0/props/050866262_1787665643229.jpg,12.0,آلاء محمد,,,2026-08-25,2026-09-23,2026-09-25,121.0,2026-09-27,True,"660,000",False,شقة
6812752,https://sa.aqar.fm/شقق-للبيع/الظهران/حي-هجر/شارع-الساحل-حي-هجر-مدينة-الدمام-المنطقة-الشرقية-6812752,"شقة للبيع في شارع الساحل, حي هجر, مدينة الدمام, المنطقة الشرقية",850000.0,204.0,5.0,,,11.0,حي هجر,الظهران,حي هجر,"للبيع شقة سكنية 
الدور الاول 
مدخل واحد 
مجلس وغرفة طعام 
صالة 
٣ غرف نوم 
غرفة عاملة منزلية مع حمام خاص 
مطبخ راكب 
مكيفات مركزية 
مؤثثة بالكامل",26.370225,50.124488,,,عبدالرحمن بن عبدالله بن فالح القحطاني,,,2026-08-09,2026-09-07,2026-09-18,407.0,2026-09-27,True,"850,000",False,شقة
6828954,https://sa.aqar.fm/شقق-للبيع/الظهران/حي-هجر/حي-هجر-مدينة-الدمام-المنطقة-الشرقية-6828954,"شقة للبيع في حي هجر, مدينة الدمام, المنطقة الشرقية",450000.0,166.0,3.0,0.0,0.0,11.0,حي هجر,الظهران,حي هجر,"لللبيع 

7100278735

للبيع شقه مستخدمه نظيفه في حي هجر الدمام
العمر 14 سنه
الدور الثالث
عباره عن
3 غرف نوم 3 حمامات مطبخ مخزن مجلس مقلط صاله
مدخلين مدخل حريم ومدخل رجال
💎 يوجد مصعد
💎 يوجد مطبخ راكب
💎 مؤجوه في الوقت الحالي
💎 مؤجره 27 الف
💎 يقبل جميع البنوك
✅ سعر البيع 450 الف حد

✅ للمعاينه التواصل واتس/((الرقم يظهر عند الضغط على اتصال))

✅ للتفاصيل وطلب المعاينه التواصل مع ام لين واتس/((الرقم يظهر عند الضغط على اتصال))",26.372176,50.103875,https://images.aqar.fm/webp/750x0/props/017198092_1787057441466.jpg,1.0,اسماء محمد,,0.0,2026-08-18,2026-09-16,2026-09-25,418.0,2026-09-27,True,"450,000",False,شقة
6713078,https://sa.aqar.fm/شقق-للبيع/الظهران/حي-القصور/شارع-5396471-حي-القصور-مدينة-الظهران-المنطقة-الشرقية-6713078,"شقة للبيع في شارع 5396471, حي القصور, مدينة الظهران, المنطقة الشرقية",1020000.0,218.0,3.0,5.0,3.0,9.0,حي القصور,الظهران,حي القصور,"معروض شقة دبلوكس (من دورين) في مجمع سكني فاخر، يوجد لديه خدمات ممتازة من ساحة للعب الأطفال مع صالة رياضية و سباحة و كذلك استقبال فندقي من موظف عند استقبال المجمع
مع كاميرات للرقابة و الأمن و بهو مميز و كذلك غرفة
القراءة و غرفة إضافية للضيوف و مصلى داخل المجمع.
الوحدة السكنية مكيفة بالكامل مع تركيب المطبخ و الستائر
كما توجد غرفة خاصة للعاملة المنزلية مع دورية مياه
خاصة بها في الظهران حي القصور بجانب سوبرماركت التميمي و كذلك المزرعة بالقرب  من شركة ارمكو و إثراء على طريق الظهران 


الشقة تتكون من دورين و هي عبارة عن:
➖ *مدخل* 
➖ *مجلس و مقلط*
➖ *3 غرفة نوم ( منه غرفة ماستر)*
➖ *غرفة عاملة منزلية مع دورة مياه منفصلة*  
➖ *صالة كبيرة*
➖ *4 دورات مياه*


قيمة البيع مليون و عشرين ألف ريال سعودي",26.34915,50.152523,https://images.aqar.fm/webp/750x0/props/016412598_1780160684363.jpg,30.0,حاتم بن علي بن عبدالعزيز العزمان,,,2026-05-30,2026-06-28,2026-09-06,2917.0,2026-09-27,True,"1,020,000",False,شقة
6819949,https://sa.aqar.fm/شقق-للبيع/الظهران/حي-تهامة/شارع-2أ-حي-تهامة-الظهران-الدمام-6819949,شقة للبيع في شارع 2أ ، حي تهامة ، الظهران ، الدمام,660.0,177.0,4.0,4.0,1.0,7.0,حي تهامة,الظهران,حي تهامة,"الشقه مكونه من 3 غرف نوم وغرفه خدامه وأربع دورة مياه
وصاله ومقلط ومجالس ومطبخ ومدخلين",26.356676,50.130772,https://images.aqar.fm/webp/750x0/props/032858910_1786598761988.jpg,8.0,احمد بن محمد بن عبدالرحمن العيد,,,2026-08-13,,2026-08-13,30.0,2026-09-27,False,طلب تسويق,False,شقة
6792470,https://sa.aqar.fm/شقق-للبيع/الظهران/حي-الجامعة/حي-الجامعة-الظهران-الدمام-6792470,شقة للبيع في حي الجامعة ، الظهران ، الدمام,1000000.0,124.0,2.0,3.0,1.0,3.0,حي الجامعة,الظهران,حي الجامعة,,26.337183,50.129063,https://images.aqar.fm/webp/750x0/props/000755670_1785147921585.jpg,1.0,ثامر علي مسفر الغامدي,,,2026-07-27,,2026-07-27,55.0,2026-09-27,False,طلب تسويق,False,شقة
6875902,https://sa.aqar.fm/شقق-للبيع/الظهران/حي-الدوحة-الجنوبية/شارع-الظواهري-حي-الدوحة-الجنوبية-مدينة-الظهران-المنطقة-الشرقية-6875902,"شقة للبيع في شارع الظواهري, حي الدوحة الجنوبية, مدينة الظهران, المنطقة الشرقية",900000.0,194.0,5.0,3.0,1.0,9.0,حي الدوحة الجنوبية,الظهران,حي الدوحة الجنوبية,"فرصة للبيع شقة في موقع متميز وتشطيبات مضمونة وشخصية :

الدور الثالث


مواصفات الشقة الفاخرة :

💎 للبيع: شقة فاخرة وجاهزة للسكن بإطلالة مميزة في حي البحر 💎
فرصة تملك شقة فاخرة ومجهزة بالتكيف ، بموقع حيوي وجداً ممتاز! كل ما عليك هو إحضار أثاثك .

✨ مواصفات الشقة ✨
الموقع: حي الثرياء الظهران .
الميزة: موقع جداً ممتاز وله مستقبل 
بجانب الافنيوز مول 
قريب من ملعب أرامكو 
قريب من الظهران 
التجهيز: مكيفات راكبة ومطبخ راكب جاهز للاستخدام.

🏡 تقسيمات الشقة 🏡
المكون:
غرف النوم 🛏️ 4 غرف نوم، منها غرفة ماستر رئيسية، وغرفتين بحمام مشترك.
الضيوف 🪑 مجلس واسع مع حمام خاص للضيوف.
المعيشة 📺 صالة معيشة مريحة.
الخدمات  :
غرفة خادمة مزودة بحمام خاص.
غرفة سائق 
موقف خاص 

تشطيبات شخصية :
سراميك اسباني كامل الشقة
جميع الشقة جبس 
العزل 4 طبقات امريكي
جدران دورات المياه والمطابخ معزولة عزل ماء 
مكيفات جديدة 
المطابخ من الرشيد 
جميع المواد المستخدمة في التشطيبه معتمده من سابك وارامكو 
 والشقة من الخاج معزولة من الحرارة طابوق احمر

تسعدنا خدمتكم ..
السعر النهائي ٩٠٠ الف ريال",26.327197,50.174609,https://images.aqar.fm/webp/750x0/props/043391448_1789481661878.jpg,1.0,احمد بن محمد,شركة سمة المتحدة العقارية,1.0,2026-09-15,2026-09-15,2026-09-26,176.0,2026-09-27,True,"900,000",False,شقة
6814740,https://sa.aqar.fm/شقق-للبيع/الظهران/حي-هجر/شارع-القرن-حي-هجر-مدينة-الدمام-المنطقة-الشرقية-6814740,"شقة للبيع في شارع القرن, حي هجر, مدينة الدمام, المنطقة الشرقية",635000.0,179.0,5.0,3.0,1.0,10.0,حي هجر,الظهران,حي هجر,"📍 حي هجر، غرب الظهران
المساحة: 180 م²، دون احتساب مساحة البلكونة.

مكونات الشقة:
3 غرف نوم
صالة
مجلس
4 دورات مياه
غرفة خادمة
غرفة طعام
مطبخ

مواصفات الشقة:
تشطيب عالي الجودة
مكيفات مركبة بالكامل
مطبخ بجودة عالية وتحت الضمان، مع ضمان مدى الحياة على المفصلات
موقف سيارة مظلل

مواصفات العمارة:
عمارة خاصة بعمر يقارب 10 سنوات
العمارة مخصصة للعوائل
نظافة دورية للمداخل والممرات عن طريق شركة نظافة
مصعد ياباني
عقد صيانة سنوي للمصعد
موقع قريب من الأسواق والمطاعم والمدارس والخدمات",26.372412,50.101447,https://images.aqar.fm/webp/750x0/props/048760485_1786372415071.jpg,21.0,عبير عبدالرحمن,مؤسسة مكتب إعمار الشعله للخدمات العقارية,1.0,2026-08-10,2026-09-08,2026-09-26,337.0,2026-09-27,True,"635,000",False,شقة
6835088,https://sa.aqar.fm/شقق-للبيع/الظهران/حي-الدانة-الشمالية/شارع-ابو-لبعقيل-الاسلمي-حي-الدانة-الشمالية-مدينة-الظهران-المنطقة-الشرقية-6835088,"شقة للبيع في شارع ابو لبعقيل الاسلمي, حي الدانة الشمالية, مدينة الظهران, المنطقة الشرقية",700000.0,295.0,5.0,4.0,1.0,11.0,حي الدانة الشمالية,الظهران,حي الدانة الشمالية,"شقه دبلكس للبيع

مكونه من
مجلس ومقلط وحمام
مطبخ وصاله وحمام

العلوي

غرفه ماستر
غرفتين نوم بحمام مشترك
غرفة عامله و غرفة غسيل 

شقه مكيفه مركزي و اسبلت
مطبخ راكب 
موقف سياره خاص بالشقه
عداد الكهرباء خاص بالشقه
مصعد موجود",26.333551,50.140274,https://images.aqar.fm/webp/750x0/props/002768939_1787397142697.jpg,15.0,عادل بن عوض بن صالح بازيد,مكتب وفاق الخير العقاري,1.0,2026-08-22,2026-08-22,2026-09-09,462.0,2026-09-27,True,"700,000",False,شقة
6805865,https://sa.aqar.fm/شقق-للبيع/الظهران/حي-الدانة-الشمالية/شارع-يزيد-بن-حصين-حي-الدانة-الشمالية-مدينة-الظهران-المنطقة-الشرقية-6805865,"شقة للبيع في شارع يزيد بن حصين, حي الدانة الشمالية, مدينة الظهران, المنطقة الشرقية",800000.0,186.0,6.0,0.0,0.0,9.0,حي الدانة الشمالية,الظهران,حي الدانة الشمالية,"شقة مدخلين مجلس ومقلط ودوره مياه 
وصاله ومطبخ  راكب
غرفه غسيل 
غرفه خادمه مع دورة مياه
ثلاث غرف نوم منها وحده ماستر 
ودورة مياه وحده مشتركة بين الغرف 
موقف 
مصعد
الدور الثالث
الشقة مؤجره 
58000",26.333127,50.140319,https://images.aqar.fm/webp/750x0/props/003060554_1785856783258.jpg,16.0,عبدالقادر بن عبدالله,شركة وسم ألاعمال القابضة,1.0,2026-08-04,2026-08-04,2026-08-04,636.0,2026-09-27,True,"800,000",False,شقة
6850820,https://sa.aqar.fm/شقق-للبيع/الظهران/حي-الجامعة/شارع-20ب-حي-الجامعة-مدينة-الظهران-المنطقة-الشرقية-6850820,"شقة للبيع في شارع 20ب, حي الجامعة, مدينة الظهران, المنطقة الشرقية",750000.0,127.0,3.0,0.0,0.0,10.0,حي الجامعة,الظهران,حي الجامعة,"شقه سكنيه تتكون من ٣ غرف نوم + مطبخ راكب 
صالتين + صالون ضيافه",26.336912,50.130501,https://images.aqar.fm/webp/750x0/props/002971580_1788187007799.jpg,13.0,مشاري عبدالله,مؤسسة كوادر الشرق للتطوير والاستثمار العقاري,1.0,2026-08-31,2026-08-31,2026-09-21,392.0,2026-09-27,True,"750,000",False,شقة
6791556,https://sa.aqar.fm/شقق-للبيع/الظهران/حي-القصور/شارع-جبل-شهلان-حي-القصور-مدينة-الظهران-المنطقة-الشرقية-6791556,"شقة للبيع في شارع جبل شهلان, حي القصور, مدينة الظهران, المنطقة الشرقية",1250000.0,171.0,3.0,0.0,0.0,0.0,حي القصور,الظهران,حي القصور,"🏡 امتلك منزلك في حي القصور – الظهران ✨

وحدات سكنية مميزة من تنفيذ شركة المنفذون، في موقع استراتيجي بالقرب من أرامكو السعودية ومركز الملك عبدالعزيز الثقافي العالمي (إثراء)، لتمنحك أسلوب حياة يجمع بين الراحة والرفاهية.

مواصفات الوحدة:
✅ غرفتا نوم
✅ مجلس
✅ صالة واسعة
✅ مطبخ
✅ مدخلان مستقلان
✅ غرفة عاملة
✅ 4 دورات مياه
✅ سطح خاص

مرافق المشروع:
🏋️‍♂️ نادي رياضي للرجال
🏋️‍♀️ نادي رياضي للسيدات
🛝 منطقة ألعاب للأطفال
🛋️ مجلس مخصص للسكان والضيوف

مزايا إضافية:
✔ موقع مميز بالقرب من أرامكو وإثراء
✔ تشطيبات عصرية وجودة تنفيذ عالية
✔ ضمان على الهيكل الإنشائي لمدة 10 سنوات
✔ تصميم يوفر الخصوصية والراحة لجميع أفراد الأسرة

📞 احجز موعدك الآن، واكتشف منزلًا يجمع بين جودة البناء، وروعة الموقع، وتكامل المرافق.
((الرقم يظهر عند الضغط على اتصال))",26.351384,50.14018,https://images.aqar.fm/webp/750x0/props/017153399_1785087025985.jpg,5.0,صلاح بن عبدالله,مكتب المنفذون الوسطاء للخدمات العقارية,1.0,2026-07-26,2026-09-23,2026-09-23,669.0,2026-09-27,True,"1,250,000",False,شقة
6890164,https://sa.aqar.fm/شقق-للبيع/الظهران/حي-الجامعة/شارع-بن-جبير-حي-الجامعة-مدينة-الظهران-المنطقة-الشرقية-6890164,"شقة للبيع في شارع بن جبير, حي الجامعة, مدينة الظهران, المنطقة الشرقية",600000.0,217.0,3.0,3.0,1.0,10.0,حي الجامعة,الظهران,حي الجامعة,"شقة دورين للبيع في حي الجامعة (مجددة بالكامل)

مساحة 217.89 متر 
الدور الرابع + السطح 


+ تفاصيل الشقة : 

- الدور الاسفل

 غرفة نوم ماستر (غرفتين مفتوحة على بعض + دورة مياة واسعة) 
صالة واسعة جدا
مطبخ 
دورة مياة تخدم الصالة 


- الدور العلوي

صالة 
2 غرف نوم 
2 دورة مياة 
سطح 
2 منور 


+ مميزات الشقة 

موقع ممتاز ظهيرة طريق الامير محمد بن فهد
كاميرا للباب الشقة 
عداد مويه مستقل مع خزانين علوي وارضي ومواطير
عدد 2 موقف مضللة 
بلاط جديد 
ابواب خشب جديدة فاخرة
تسليك كهرباء جديد 
تجديد مواصير التصريف 
افياش كهرباء جديدة 


البيع 600,000


للتواصل عبدالعزيز صيرفي
((رقم المعلن يظهر عند التواصل))
عرض - 41",26.345413,50.142632,https://images.aqar.fm/webp/750x0/props/025242988_1765201754861.jpg,30.0,عبدالعزيز عبدالرحمن حمزه صيرفى,,,2026-09-24,2026-09-24,2026-09-24,64.0,2026-09-27,True,"600,000",False,شقة
6425039,https://sa.aqar.fm/شقق-للبيع/الظهران/حي-الدانة-الشمالية/حي-الجامعة-الظهران-الدمام-6425039,"شقة للبيع في شارع 21ب, حي الجامعة, مدينة الظهران, المنطقة الشرقية",1350000.0,167.0,2.0,3.0,2.0,3.0,حي الدانة الشمالية,الظهران,حي الدانة الشمالية,$5f,26.335754,50.132298,https://images.aqar.fm/webp/750x0/props/021491305_1760529689638.jpg,21.0,مهند بن سعيد بن احمد قروان,,,2025-10-15,2025-11-04,2026-09-16,3289.0,2026-09-27,True,"1,350,000",False,شقة
6795141,https://sa.aqar.fm/شقق-للبيع/الظهران/حي-الجامعة/حي-الجامعة-مدينة-الظهران-المنطقة-الشرقية-6795141,"شقة للبيع في حي الجامعة, مدينة الظهران, المنطقة الشرقية",800000.0,141.0,3.0,0.0,0.0,0.0,حي الجامعة,الظهران,حي الجامعة,"شقة في حي الظهران فيوز
دخول ذكي للعمارة
٣ غرف نوم وصاله ومجلس و٣ حمامات  ومطبخ غير راكب مكيف مركزي كامل الشقه",26.348364,50.133653,https://images.aqar.fm/webp/750x0/props/001465571_1785266700514.jpg,15.0,فهد عبدالله سليمان الشارخ,,,2026-07-28,2026-07-28,2026-09-26,550.0,2026-09-27,True,"800,000",False,شقة
6839022,https://sa.aqar.fm/شقق-للبيع/الظهران/حي-الدوحة-الجنوبية/شارع-الخلد-حي-الدوحة-الجنوبية-الظهران-الدمام-6839022,"شقة للبيع في شارع المحدث علي الزاهد, حي الدوحة الجنوبية, مدينة الظهران, المنطقة الشرقية",710000.0,189.0,3.0,3.0,1.0,11.0,حي الدوحة الجنوبية,الظهران,حي الدوحة الجنوبية,"للبيع شقه دبلكس ( دورين)  الظهران الدوحة الجنوبيه حي الثريا شارع الخلد، العنوان الوطني EKMB5561 , الدور الثاني شقه 8
يوجد مصعد، مدخلين،مواقف،شقه مكيفه،،موقع مميز وقريبه من الظهران مول و ملعب ارامكو ومول الافينيوز",26.329811,50.177279,https://images.aqar.fm/webp/750x0/props/044331307_1787577005056.jpg,8.0,عبدالمحسن بن سليمان بن عبدالرحمن المحيسن,,,2026-08-24,2026-08-25,2026-09-25,701.0,2026-09-27,True,"710,000",False,شقة
6775446,https://sa.aqar.fm/شقق-للبيع/الظهران/حي-هجر/شارع-دبسان-حي-هجر-مدينة-الدمام-المنطقة-الشرقية-6775446,"شقة للبيع في شارع دبسان, حي هجر, مدينة الدمام, المنطقة الشرقية",580000.0,143.0,5.0,0.0,0.0,0.0,حي هجر,الظهران,حي هجر,"شقه تتكون من مدخلين خاص للرجال ومدخل خاص للصاله وغرف النوم 
وتوجد بلكونه
ومن خدمات الحي ان كل شي قريب مسجد امام العماره وحديقه قريبه جداً",26.370171,50.098442,https://images.aqar.fm/webp/750x0/props/051317883_1784128166233.jpg,18.0,علي سعد فرج الغامدي,مؤسسة سهم التخطيط للتطوير العقاري,1.0,2026-07-15,2026-09-11,2026-09-25,277.0,2026-09-27,True,"580,000",False,شقة
6738896,https://sa.aqar.fm/شقق-للبيع/الظهران/حي-الجامعة/شارع-الثريا-حي-الجامعة-مدينة-الظهران-المنطقة-الشرقية-6738896,"شقة للبيع في شارع الثريا, حي الجامعة, مدينة الظهران, المنطقة الشرقية",800000.0,184.0,5.0,3.0,1.0,7.0,حي الجامعة,الظهران,حي الجامعة,"📍شقة في حي الجامعة – الظهران
 الطابق الثاني.
🔻
مواصفات الشقة:
مجلس واسع وصالة مفتوحة بتكييف مركزي مخفي.
مطبخ أمريكي بدواليب خشبية.
مطبخ داخلي مستقل مجهز بدواليب ألمنيوم ومكيف سبليت.
غرفتا نوم بمكيفات سبليت مع حمام مشترك.
غرفة نوم ماستر.
غرفة خادمة مع دورة مياه خاصة.
مستودع مجهز بدواليب تخزين.

المميزات:
تكييف مركزي مخفي للمجلس والصالة.
مكيفات سبليت لجميع الغرف.
عداد كهرباء مستقل.
مياه تحلية.
موقف سيارة خاص.
ألعاب أطفال بجوار العمارة.
قريب من الخدمات والمرافق.

((الرقم يظهر عند الضغط على اتصال))
Whatsapp",26.33749,50.129998,https://images.aqar.fm/webp/750x0/props/006909498_1786196450423.jpg,12.0,عبير عبدالرحمن,مؤسسة مكتب إعمار الشعله للخدمات العقارية,1.0,2026-06-19,2026-09-14,2026-09-25,721.0,2026-09-27,True,"800,000",False,شقة
6689481,https://sa.aqar.fm/شقق-للبيع/الظهران/حي-تهامة/شارع-الامير-محمد-بن-فهد-حي-تهامة-مدينة-الدمام-المنطقة-الشرقية-6689481,"شقة للبيع في شارع الامير محمد بن فهد, حي تهامة, مدينة الدمام, المنطقة الشرقية",660000.0,177.0,3.0,4.0,2.0,5.0,حي تهامة,الظهران,حي تهامة,"🏠 شقة حي تهامة  🏠

 
- غرفة ماستر 
- غرفتين فردية    
- صالة
- مجلس 
- مطبخ  
- 
🏠 مميزات الشقة 🏠

- موقف خاص 
- بالقرب من خدمات 

التواصل مباشرة قسم المبيعات 

حسام : 0546928988",26.35658,50.132551,https://images.aqar.fm/webp/750x0/props/050835933_1778353011397.jpg,8.0,نبيل جابر,مؤسسة إسناد الإتقان,1.0,2026-05-09,2026-09-03,2026-09-27,883.0,2026-09-27,True,"660,000",False,شقة
6775733,https://sa.aqar.fm/شقق-للبيع/الظهران/حي-هجر/شارع-القاسمة-حي-هجر-مدينة-الدمام-المنطقة-الشرقية-6775733,"شقة للبيع في شارع القاسمة, حي هجر, مدينة الدمام, المنطقة الشرقية",510000.0,110.0,4.0,3.0,1.0,0.0,حي هجر,الظهران,حي هجر,"شقة ملحق للبيع 
بحي هجر الظهران 
مساحه ١١١م 
مساحه السطح ٣٦م 
تتكون من مدخلين مجلس رجال 
وصاله ومطبخ وغرفتين نوم و٣ دورات مياه 
وسطح خاص تصميم عصري حديث 
المبني علي الكود السعودي وجميع الضمانات متوفرة",26.372409,50.100275,https://images.aqar.fm/webp/750x0/props/013639759_1784136039973.jpg,18.0,علي سعد فرج الغامدي,مؤسسة سهم التخطيط للتطوير العقاري,1.0,2026-07-15,2026-09-12,2026-09-26,350.0,2026-09-27,True,"510,000",False,شقة
6822065,https://sa.aqar.fm/شقق-للبيع/الظهران/حي-هجر/شارع-حليمه-السعديه-حي-هجر-مدينة-الدمام-المنطقة-الشرقية-6822065,"شقة للبيع في شارع حليمه السعديه, حي هجر, مدينة الدمام, المنطقة الشرقية",660000.0,152.0,5.0,3.0,0.0,0.0,حي هجر,الظهران,حي هجر,"شقه في حي هجر دوراول
تتكون من مجلس رجال مقلط مطبخ وثلاث غرف نوم 
مساحه 152
مصعد راكب",26.372253,50.105153,https://images.aqar.fm/webp/750x0/props/007118676_1786707342152.jpg,1.0,حصه هليل,مؤسسة ركن البناء الفاخر للتطوير العقاري,1.0,2026-08-14,2026-09-12,2026-09-19,431.0,2026-09-27,True,"660,000",False,شقة
6859287,https://sa.aqar.fm/شقق-للبيع/الظهران/حي-الدانة-الشمالية/شارع-ابن-الهيثم-حي-الجامعة-مدينة-الظهران-المنطقة-الشرقية-6859287,"شقة للبيع في شارع ابن الهيثم, حي الجامعة, مدينة الظهران, المنطقة الشرقية",1100000.0,157.0,3.0,3.0,2.0,1.0,حي الدانة الشمالية,الظهران,حي الدانة الشمالية,"🏠 RAWAS 🏠

- غرفة ماستر 
- غرفتين فردية 
- صالة كبيرة 
- مجلس 
- غرفة عاملة   
- مطبخ 
- 4 دورات مياة 

🏠 مميزات الشقة 🏠

- دخول ذكي 
- ارتفاع السقف 3 متر 
- ادوات صحية جروهي 


🏠 مميزات المشروع 🏠

- دخول ذكي للمبنى   
- موقف خاص 
- لاونج داخلي 

التواصل مباشرة قسم المبيعات 

حسام : ((الرقم يظهر عند الضغط على اتصال))",26.335229,50.133193,https://images.aqar.fm/webp/750x0/props/050835937_1788640187102.jpg,10.0,نبيل جابر,مؤسسة إسناد الإتقان,1.0,2026-09-05,2026-09-05,2026-09-25,303.0,2026-09-27,True,"1,100,000",False,شقة
6755651,https://sa.aqar.fm/شقق-للبيع/الظهران/حي-القصور/حي-القصور-مدينة-الظهران-المنطقة-الشرقية-6755651,"شقة للبيع في حي القصور, مدينة الظهران, المنطقة الشرقية",640000.0,159.0,5.0,0.0,0.0,0.0,حي القصور,الظهران,حي القصور,📍 شقق - مشروع “إلمار حي القصور - الظهران ”  ✨ – والآن الحجز مفتوح! المساحة من 145 الى 160 🪟 متوفر شقق و ملاحق ، و شقة دبلكسية ،   💸 الأسعار تبدأ من: 640 الف   📐 تصاميم الشقق: مكونة من مجلس و مقلط و صالة و 3 غرف نوم منهم غرفة ماستر و 3 دورات مياه + مكيفات راكبة   ✅ تشطيبات عالية الجودة ✅ ضمانات هندسية كاملة على الهيكل والتشطيبات,26.349658,50.141879,https://images.aqar.fm/webp/750x0/props/010849468_1782925393272.jpg,8.0,هياء بنت عبدالله ابن مسفر الخثعمي,,,2026-07-01,2026-08-29,2026-09-22,673.0,2026-09-27,True,"640,000",False,شقة
6774613,https://sa.aqar.fm/شقق-للبيع/الظهران/حي-الجامعة/شارع-الانباري-حي-الجامعة-مدينة-الظهران-المنطقة-الشرقية-6774613,"شقة للبيع في شارع الانباري, حي الجامعة, مدينة الظهران, المنطقة الشرقية",800000.0,181.0,3.0,4.0,1.0,3.0,حي الجامعة,الظهران,حي الجامعة,"للبيع شقة اماميه  بحي الجامعة بالظهران مقابل إثراء 
عمرها ٣ سنوات 
مكونه من مدخلين 
مجلس ودورة مياة 
صالة كبيرة ومطبخ وغرفة خادمة ماستر 
غرفتين نوم ودورة مياة 
غرفة رئيسية ماستر 
مكيفات راكبه ومطبخ راكب",26.337869,50.130465,https://images.aqar.fm/webp/750x0/props/015368062_1784098968003.jpg,15.0,عبدالعزيز الدوسري,,0.0,2026-07-15,2026-09-11,2026-09-25,595.0,2026-09-27,True,"800,000",False,شقة
6798820,https://sa.aqar.fm/شقق-للبيع/الظهران/حي-القصور/شارع-الوادى-حي-القصور-مدينة-الظهران-المنطقة-الشرقية-6798820,"شقة للبيع في شارع الوادى, حي القصور, مدينة الظهران, المنطقة الشرقية",880000.0,199.0,3.0,4.0,1.0,8.0,حي القصور,الظهران,حي القصور,"للبيع شقة فاخرة رقم C706
 الدور السابع - مجمع ماربيلا - حي القصور  

مكون من : 
شرفة خارجية
مجلس بدورة مياه خاصة 
صالة  
مطبخ راكب
 3 غرف نوم - واحدة منها ماستر بدورة مياه خاصة 
غرفة خادمة بدورة مياه خاصة 
مجموع 4 دورات مياه
المميزات: 
• ⁠موقف خاص 
• ⁠خدمة استقبال وكونسيرج 24 ساعة 
• ⁠خدمات داخل المجمع من سوبرماركت ومطعم ومقهى وبنك  
• ⁠منطقة العاب للاطفال  
• ⁠لاونج خاص بالسكان  
• ⁠نادي رياضي رجالي واخر نسائي
 •قريب من ممشى تلال الظهران 

السعر غير شامل ضريبة التصرفات العقارية والسعي
-
-
-
Luxury Apartment for Sale – Unit D701
7th Floor – Marbella Complex – Al Qusour District

Consists of:
	•	Outdoor balcony
	•	Majlis (guest reception room) with a private bathroom
	•	Living room
	•	Fully installed kitchen
	•	3 bedrooms, including one master bedroom with a private bathroom
	•	Maid’s room with a private bathroom
	•	Total bathrooms: 4

Features:
	•	Private parking space
	•	24-hour reception and concierge service
	•	On-site amenities within the complex including a supermarket, restaurant, café, and bank
	•	Children’s playground area
	•	Residents-only lounge
	•	Separate fitness centers for men and women
	•	Close to Dhahran Hills Walkway

Note:
The price does not include the real estate transaction tax & brokerage commission.",26.338377,50.153093,https://images.aqar.fm/webp/750x0/props/009203526_1772321630427.jpg,26.0,عبدالاءله ابراهيم ناصر بن موسى,,,2026-07-31,2026-07-31,2026-09-23,286.0,2026-09-27,True,"880,000",False,شقة
6653483,https://sa.aqar.fm/شقق-للبيع/الظهران/حي-الجامعة/شارع-20ب-حي-الجامعة-مدينة-الظهران-المنطقة-الشرقية-6653483,"شقة للبيع في شارع 20ب, حي الجامعة, مدينة الظهران, المنطقة الشرقية",470000.0,136.0,4.0,0.0,0.0,9.0,حي الجامعة,الظهران,حي الجامعة,حي الجامعة مقابل اثراء  خلف مسجد هيلة بنت احمد  من جهة الشرق,26.336912,50.130501,,,وليد بن عبدالله بن محمد الدبيخي,,,2026-04-13,2026-09-05,2026-09-26,2024.0,2026-09-27,True,"470,000",False,شقة
6244594,https://sa.aqar.fm/شقق-للبيع/الظهران/حي-الجامعة/شارع-الثريا-حي-الجامعة-الظهران-الدمام-6244594,"شقة للبيع في شارع الثريا, حي الجامعة, مدينة الظهران, المنطقة الشرقية",860000.0,231.0,4.0,4.0,2.0,6.0,حي الجامعة,الظهران,حي الجامعة,"شقة للبيع مساحة ٢٣١ م٢
مساحة كبيرة 
أربع غرف نوم 
مدخلين
مجلس وصالة كبيرة 
غرفة خادمة 
موقف خاص مظلل
خمس دورات مياه 
مجددة بالكامل 
مكيفات راكبة مخفية للصالة والمجلس سبليت لباقي الغرف من افضل الماركات
الشقة وحيدة في اعلى دور مما يضيف خصوصية 
مصعد ماركة كوني
يوجد غرف سائق خالية بالعمارة ( ليست ملك خاص)
تصممي الشقة مرتب جدا
موقع مميز قريب من ارامكو خطوط سريعة",26.3374895770056,50.12999845799493,,,ايمان بنت عدنان بن عبدالحميد القرشي,,,2025-06-11,2026-06-30,2026-09-23,3015.0,2026-09-27,True,"860,000",False,شقة
6694562,https://sa.aqar.fm/شقق-للبيع/الظهران/حي-القصور/حي-القصور-مدينة-الظهران-المنطقة-الشرقية-6694562,"شقة للبيع في حي القصور, مدينة الظهران, المنطقة الشرقية",690000.0,159.0,3.0,0.0,0.0,0.0,حي القصور,الظهران,حي القصور,"شقة مؤثثة للبيع 861,000 ريال.. شامل الاثاث والسعي
مساحه 160م.",26.349471,50.142117,,,ناهد بنت محمد بن احمد الزهراني,,,2026-05-12,2026-06-11,2026-07-07,521.0,2026-09-27,True,"690,000",False,شقة
6777556,https://sa.aqar.fm/شقق-للبيع/الظهران/حي-القصور/شارع-الوادى-حي-القصور-مدينة-الظهران-المنطقة-الشرقية-6777556,"شقة للبيع في شارع الوادى, حي القصور, مدينة الظهران, المنطقة الشرقية",1000000.0,218.0,4.0,0.0,0.0,6.0,حي القصور,الظهران,حي القصور,"بنت هاوس فاخر في حي القصور - الظهران

✨ مواصفات الوحدة السكنية : 
شقة دبلوكس ( دورين )
* مساحة الوحدة 218.34 مئتين وثمانية عشر متراً مربعاً وأربعة وثلاثون سنتمتراً مربعاً
* الدور الأرضي يحتوي على صالة استقبال وغرفة معيشة وغرفة طعام ومطبخ ودورتين مياه .
* الدور العلوي يحتوي على صالة و ثلاث غرف نوم وغرفة خادمة وثلاث دورات مياة .
* تتمتع الوحدة باطلالة جميلة على منطقة المطاعم والكفيهات .
* عمر العقار : 8 سنوات تقريبآ 
* يوجد رسوم خدمات سنوية مقابل فواتير الكهرباء والماء والصيانة والنظافة للمرافق العامة .

✨ مواصفات المجمع :
يوجد داخل الكمباوند عدة خدمات منها 
* حديقة داخلية
* منطقة ألعاب أطفال 
* مسبح مكون من مسبح للكبار واخر مخصص للأطفال  وسونا وجاكوزي 
* صالة رياضية
* صالة بلياردو
* مجالس استقبال رجال 
* صاله رجال الأعمال 
* قاعة احتفالات 
* صاله مخصصه للمدخنين 
* مسجد 
* حضانه للأطفال 
* مغسلة ملابس 
* صالون تزيين نسالي 
* صالون رجالي 
* محل  ورود وهدايا 
* غرف للسائقين
* مواقف للسيارات 
* صيانة شاملة متواجدة في المبنى 
* نظام أمني محكم وكاميرات مراقبة
* مكاتب وموظفين لإدارة المجمع وتقديم أي خدمة مطلوبة مع وجود عنصر نسائي 
* مكتب استقبال على مدار ٢٤ ساعة 
* كما تحرص إدارة المجمع على ترفيه السكان و إقامة الاحتفالات والمسابقات في حديقة الكمباوند بالمناسبات الوطنية و الأعياد
 
✨ يقع المبنى في منطقة حيوية على طريق محمد بن فهد بجوار أسواق التميمي ومجمع كافيهات ومطاعم  وأسواق المزرعة ومجمع الظهران بلازا 
و بالقرب من مدارس التربية النموذجية العالمية، و ممشى القصور .
للتواصل:
057000607",26.338479,50.152983,https://images.aqar.fm/webp/750x0/props/044228042_1784571626960.jpg,12.0,اسامه أحمد محمد السحيباني,,,2026-07-16,2026-07-16,2026-09-26,386.0,2026-09-27,True,"1,000,000",False,شقة
6546652,https://sa.aqar.fm/شقق-للبيع/الظهران/حي-هجر/حي-هجر-الظهران-الدمام-6546652,"شقة للبيع في حي هجر, مدينة الدمام, المنطقة الشرقية",,,,,,,حي هجر,الظهران,حي هجر,,,,,,,,,,,,,2026-09-27,,طلب تسويق,True,شقة
6659611,https://sa.aqar.fm/شقق-للبيع/الظهران/حي-هجر/شارع-18ا-حي-هجر-مدينة-الدمام-المنطقة-الشرقية-6659611,"شقة للبيع في شارع 18ا, حي هجر, مدينة الدمام, المنطقة الشرقية",,,,,,,حي هجر,الظهران,حي هجر,,,,,,,,,,,,,2026-09-27,,طلب تسويق,True,شقة
6662547,https://sa.aqar.fm/شقق-للبيع/الظهران/حي-هجر/شارع-18ا-حي-هجر-مدينة-الدمام-المنطقة-الشرقية-6662547,"شقة للبيع في شارع 18ا, حي هجر, مدينة الدمام, المنطقة الشرقية",,,,,,,حي هجر,الظهران,حي هجر,,,,,,,,,,,,,2026-09-27,,طلب تسويق,True,شقة
6672802,https://sa.aqar.fm/شقق-للبيع/الظهران/حي-هجر/شارع-13أ-حي-هجر-مدينة-الدمام-المنطقة-الشرقية-6672802,"شقة للبيع في شارع 13أ, حي هجر, مدينة الدمام, المنطقة الشرقية",630000.0,143.0,6.0,,,0.0,حي هجر,الظهران,حي هجر,"شقق للبيع حي هجر الظهران 
شقق سكنيه فاخره وبتصاميم عصريه 
مكونات الشقه 
3/غرف نوم واحدة ماستر 
صاله مجلس/ مطبخ ،
3/ دورات مياه 
مساحات مميزة 
واسعار مناسبه 
موقف خاص لي كل شقة 
كل من الخدمات في الحي متوفرة 
مؤسسه السهم الثاقب العقارية توفير لكم من كل الاحياء 
/حي هجر الظهران 
/حي النور 
/الضاحية الحي العاشر 
للتواصل/0549702364",26.369563,50.097587,https://images.aqar.fm/webp/750x0/props/038928789_1777353053394.jpg,12.0,علي سعد فرج الغامدي,مؤسسة سهم التخطيط للتطوير العقاري,1.0,2026-04-28,2026-09-20,2026-09-24,300.0,2026-09-27,True,"630,000",False,شقة
6662539,https://sa.aqar.fm/شقق-للبيع/الظهران/حي-هجر/شارع-دبسان-حي-هجر-مدينة-الدمام-المنطقة-الشرقية-6662539,"شقة للبيع في شارع دبسان, حي هجر, مدينة الدمام, المنطقة الشرقية",,,,,,,حي هجر,الظهران,حي هجر,,,,,,,,,,,,,2026-09-27,,طلب تسويق,True,شقة
6662533,https://sa.aqar.fm/شقق-للبيع/الظهران/حي-هجر/شارع-13أ-حي-هجر-مدينة-الدمام-المنطقة-الشرقية-6662533,"شقة للبيع في شارع 13أ, حي هجر, مدينة الدمام, المنطقة الشرقية",,,,,,,حي هجر,الظهران,حي هجر,,,,,,,,,,,,,2026-09-27,,طلب تسويق,True,شقة
6659622,https://sa.aqar.fm/شقق-للبيع/الظهران/حي-هجر/شارع-دبسان-حي-هجر-مدينة-الدمام-المنطقة-الشرقية-6659622,"شقة للبيع في شارع دبسان, حي هجر, مدينة الدمام, المنطقة الشرقية",,,,,,,حي هجر,الظهران,حي هجر,,,,,,,,,,,,,2026-09-27,,طلب تسويق,True,شقة
6672811,https://sa.aqar.fm/شقق-للبيع/الظهران/حي-هجر/شارع-13أ-حي-هجر-مدينة-الدمام-المنطقة-الشرقية-6672811,"شقة للبيع في شارع 13أ, حي هجر, مدينة الدمام, المنطقة الشرقية",,,,,,,حي هجر,الظهران,حي هجر,,,,,,,,,,,,,2026-09-27,,طلب تسويق,True,شقة
6660154,https://sa.aqar.fm/شقق-للبيع/الظهران/حي-هجر/شارع-18ا-حي-هجر-مدينة-الدمام-المنطقة-الشرقية-6660154,"شقة للبيع في شارع 18ا, حي هجر, مدينة الدمام, المنطقة الشرقية",510000.0,124.0,5.0,3.0,1.0,0.0,حي هجر,الظهران,حي هجر,"شقق تمليك بمساحات مختلفة واسعار مناسبة 
تتكون من مدخلين 3غرف و4غرف و5غرف 
مساحات تبدأ من 111م الي 172م 
أسعار تبدأ  من 550ألف الي 720ألف 
جميع الضمانات متوفرة",26.371084,50.09597,https://images.aqar.fm/webp/750x0/props/013639752_1776539640843.jpg,1.0,علي سعد فرج الغامدي,مؤسسة سهم التخطيط للتطوير العقاري,1.0,2026-04-18,2026-09-11,2026-09-22,976.0,2026-09-27,True,"510,000",False,شقة
6659434,https://sa.aqar.fm/شقق-للبيع/الظهران/حي-هجر/شارع-دبسان-حي-هجر-مدينة-الدمام-المنطقة-الشرقية-6659434,"شقة للبيع في شارع دبسان, حي هجر, مدينة الدمام, المنطقة الشرقية",,,,,,,حي هجر,الظهران,حي هجر,,,,,,,,,,,,,2026-09-27,,طلب تسويق,True,شقة
6659430,https://sa.aqar.fm/شقق-للبيع/الظهران/حي-هجر/شارع-13أ-حي-هجر-مدينة-الدمام-المنطقة-الشرقية-6659430,"شقة للبيع في شارع 13أ, حي هجر, مدينة الدمام, المنطقة الشرقية",,,,,,,حي هجر,الظهران,حي هجر,,,,,,,,,,,,,2026-09-27,,طلب تسويق,True,شقة
6660166,https://sa.aqar.fm/شقق-للبيع/الظهران/حي-هجر/شارع-دبسان-حي-هجر-مدينة-الدمام-المنطقة-الشرقية-6660166,"شقة للبيع في شارع دبسان, حي هجر, مدينة الدمام, المنطقة الشرقية",,,,,,,حي هجر,الظهران,حي هجر,,,,,,,,,,,,,2026-09-27,,طلب تسويق,True,شقة
6662759,https://sa.aqar.fm/شقق-للبيع/الظهران/حي-هجر/شارع-13أ-حي-هجر-مدينة-الدمام-المنطقة-الشرقية-6662759,"شقة للبيع في شارع 13أ, حي هجر, مدينة الدمام, المنطقة الشرقية",,,,,,,حي هجر,الظهران,حي هجر,,,,,,,,,,,,,2026-09-27,,طلب تسويق,True,شقة
6660173,https://sa.aqar.fm/شقق-للبيع/الظهران/حي-هجر/شارع-13أ-حي-هجر-مدينة-الدمام-المنطقة-الشرقية-6660173,"شقة للبيع في شارع 13أ, حي هجر, مدينة الدمام, المنطقة الشرقية",,,,,,,حي هجر,الظهران,حي هجر,,,,,,,,,,,,,2026-09-27,,طلب تسويق,True,شقة
6866290,https://sa.aqar.fm/شقق-للبيع/الظهران/حي-هجر/شارع-الحزام-الذهبي-حي-هجر-الظهران-الدمام-6866290,شقة للبيع في شارع الحزام الذهبي ، حي هجر ، الظهران ، الدمام,450000.0,143.0,3.0,2.0,1.0,14.0,حي هجر,الظهران,حي هجر,"للبيع شقة مجددة بالكامل، 

جاهزة للسكن مباشرة…

تتميز بموقع مميز، وتتكون من:

* غرفتين نوم.
* صالة.
* مجلس.
* مطبخ كامل راكب ومجهز بفرن كهربائي وثلاجة.
* دورتين مياه.
* تكييف مركزي مع 3 وحدات تكييف مستقلة.
* موقف سيارة خاص بالشقة.
* مصعد.
* غرفة سائق خاصة بالشقة.
* نظام حماية وسلامة Safety.
* كاميرات مراقبة للمبنى.
* الشقة مجددة بوية كاملة ومصانة بالكامل.
* جاهزة للبيع والتسليم مباشرة.


- شقة نظيفة ومجددة، ومناسبة للسكن أو الاستثمار

السعر ٤٥٠ ألف ( شامل غرفة السائق ). 
للتواصل:
050
899
8883",26.370098,50.123943,https://images.aqar.fm/webp/750x0/props/002707878_1788964214542.jpg,8.0,بدر عبداللطيف ابراهيم المقرن ,,,2026-09-09,,2026-09-09,29.0,2026-09-27,False,طلب تسويق,False,شقة
6730067,https://sa.aqar.fm/شقق-للبيع/الظهران/حي-الجامعة/شارع-سعيد-بن-المسيب-حي-الجامعة-مدينة-الظهران-المنطقة-الشرقية-6730067,"شقة للبيع في شارع سعيد بن المسيب, حي الجامعة, مدينة الظهران, المنطقة الشرقية",650000.0,109.0,2.0,3.0,2.0,0.0,حي الجامعة,الظهران,حي الجامعة,"شقة راقية للبيع في مشروع رواس 30
في مدينة الظهران - حي الربوة
تفاصيل اكثر 👇🏻🤩🤩

رمز العرض : R010302580258

*⭐️ مكونات الوحدة ⭐️*
- غرف النوم 2
- ⁠دورات المياه 3
- ⁠مجلس
- ⁠صاله  
- ⁠مطبخ ( خزائن بدون أجهزة )
- ⁠غرفة عامله مع دورة مياه 
- ⁠مكيفة بالكامل
- ⁠مساحة الشقة : 109.78 متر
-الشقه جديدة 

*⭐️ المميزات الإضافية ⭐️*  
- ⁠منطقة استقبال في مدخل المبنى
- ⁠دخول آمن للمبنى 
- ⁠دخول ذكي للوحدة
- ⁠موقف سيارة مظلل

*⭐️ تفاصيل اكثر ⭐️*
- ⁠سعر البيع : 650 ألف ريال
- ⁠رقم ترخيص الإعلان:7200997802
- رابط اعلان *Tiktok* 
https://vt.tiktok.com/ZSQaVNYcX/
- إعلان تطبيق *عقار*
https://sa.aqar.fm/r/006ddc63

Luxury apartment for sale in Rawas 30 project
In Dhahran City - Rabwa District
More details 👇🏻🤩🤩

*⭐️ Components of the unit ⭐️*

- Bedrooms 2
- ⁠Toilets 3
- ⁠Council
- ⁠Hall
- ⁠Kitchen (cabinets without appliances)
- ⁠A working room with a toilet
- Fully air-conditioned ⁠
- Apartment area: 109.78 meters
The apartment is new

*⭐️ Additional features ⭐️*

- ⁠Reception area at the entrance of the building
- ⁠Safe entry to the building
- ⁠Smart entry to the unit
- ⁠Shaded parking

*⭐️ More details ⭐️*

- ⁠Selling price: 650 thousand riyals
- ⁠Ad license number: 7200997802
- Ad link *Tiktok*
https://vt.tiktok.com/ZSQaVNYcX/

التواصل مباشرة 
مستشار مبيعات شركة إسهام الشرق :
نهال / ((الرقم يظهر عند الضغط على اتصال))

مستشار مبيعات شركة إسهام الشرق : 
نوف / ((الرقم يظهر عند الضغط على اتصال))

مستشار مبيعات شركة إسهام الشرق : 
مجاهد / ((الرقم يظهر عند الضغط على اتصال))",26.349227,50.139991,https://images.aqar.fm/webp/750x0/props/033740149_1781277644828.jpg,12.0,مشعل غرم الله بن علي الزهراني,مؤسسة إسهام الشرق للصيانة والنظافة,1.0,2026-06-12,2026-09-07,2026-09-24,912.0,2026-09-27,True,"650,000",False,شقة
6778975,https://sa.aqar.fm/شقق-للبيع/الظهران/حي-هجر/شارع-دبسان-حي-هجر-مدينة-الدمام-المنطقة-الشرقية-6778975,"شقة للبيع في شارع دبسان, حي هجر, مدينة الدمام, المنطقة الشرقية",580000.0,143.0,5.0,,,0.0,حي هجر,الظهران,حي هجر,"للبيع شقه دور ثالث 
مجلس وثلاث غرف نوم وصاله ومبطخ وثلاث دوراة مياه 
دخول انتر كوم

موقف خاص 
عداد مستقل",26.370171,50.098442,https://images.aqar.fm/webp/750x0/props/004281383_1784367483882.jpg,12.0,علي سعد فرج الغامدي,مؤسسة سهم التخطيط للتطوير العقاري,1.0,2026-07-18,2026-09-14,2026-09-23,108.0,2026-09-27,True,"580,000",False,شقة
6819866,https://sa.aqar.fm/شقق-للبيع/الظهران/حي-هجر/شارع-13أ-حي-هجر-مدينة-الدمام-المنطقة-الشرقية-6819866,"شقة للبيع في شارع 13أ, حي هجر, مدينة الدمام, المنطقة الشرقية",700000.0,143.0,5.0,0.0,0.0,0.0,حي هجر,الظهران,حي هجر,"شقة مكونه من 
مجلس + مقلط + صاله + مطبخ + ثلاث غرف نوم 
ثلاث دورات مياه + غرفة غسيل + مستودع
السعر (٧٠٠،٠٠٠﷼)

يوجد نموذج اخر 
شقة مكونه من 
مجلس + صاله + ثلاث غرف نوم 
+ ثلاث دورات مياه + مطبخ يفتح ع الصاله 
مساحة ١٤٤ السعر (٦٠٠،٠٠٠﷼)

يوجد شقق بموقع اخر بحي ضاحية الملك فهد الحي العاشر 
مجاس + ومقلط + صاله + مطبخ + ٤ غرف نوم 
ثلاث دورة مياه+ركن عسيل  + حوش ٧٨م 
السعر (٦٦٠،٠٠٠﷼) 
مساحة ١٩٥ م دور ارضي 

شقة ملحق مساحه (١٧٥) مكونه من
مجلس + مقلط + صاله + مطبخ + ثلاث غرف نوم واحده ماستر 
سطح حاص ٤٢م
السعر (٥٩٠،٠٠٠﷼)
 للتواصل 
((الرقم يظهر عند الضغط على اتصال))",26.369623,50.097578,https://images.aqar.fm/webp/750x0/props/008245646_1786588028896.jpg,1.0,جمعان بن عبدالله بن علي العامري,,,2026-08-13,2026-09-11,2026-09-26,48.0,2026-09-27,True,"700,000",False,شقة
