listing_id,url,title,price,area_sqm,rooms,bathrooms,livings,age_years,district,city,direction,description,latitude,longitude,images,images_count,advertiser_name,advertiser_company,advertiser_type,created_at,published_at,last_update,views,date_scraped,published,price_text,price_was_missing,property_type
6729641,https://sa.aqar.fm/محلات-للبيع/جدة/شمال-جدة/حي-الفيحاء/شارع-ابو-ذر-الغفاري-حي-الفيحاء-مدينة-جدة-منطقة-مكة-المكرمة-6729641,"محل للبيع في شارع ابو ذر الغفاري, حي الفيحاء, مدينة جدة, منطقة مكة المكرمة",980000,1666,,,,0,حي الفيحاء,جدة,شمال جدة,"من قلب جدة حي الفيحاء مخطط درب الحرمين 

محلات تجارية استثماريه لاصحاب الكاش تحت الإنشاء الدفع كاش البيع على الخارطه 

المشروع على شارع تجاري 

للحجز والاستفسار التواصل معنا",21.500955,39.239114,https://images.aqar.fm/webp/750x0/props/035142584_1781221268989.jpg | https://images.aqar.fm/webp/750x0/props/035142580_1781221269017.jpg | https://images.aqar.fm/webp/750x0/props/035142584_1781221269101.jpg | https://images.aqar.fm/webp/750x0/props/035142584_1781221268989.jpg | https://images.aqar.fm/webp/750x0/props/035142580_1781221269017.jpg | https://images.aqar.fm/webp/750x0/props/035142584_1781221269101.jpg,6,ابراهيم رافع ابراهيم الغامدي,مؤسسة ابراهيم رافع ابراهيم الغامدي للتطوير العقاري,1,2026-06-11,2026-08-09,2026-09-13,102,2026-09-15,True,"980,000",False,محل
6749270,https://sa.aqar.fm/محلات-للبيع/جدة/شمال-جدة/حي-الفيحاء/شارع-ابو-ذر-الغفاري-حي-الفيحاء-مدينة-جدة-منطقة-مكة-المكرمة-6749270,"محل للبيع في شارع ابو ذر الغفاري, حي الفيحاء, مدينة جدة, منطقة مكة المكرمة",980000,1666,,,,0,حي الفيحاء,جدة,شمال جدة,"محلات تجارية استثماريه لاصحاب الكاش البيع على الخارطه المشروع على نظام وافي 
مطل على شارع تجاري 

للاستفار اكثر التواصل معنا",21.500817,39.239179,https://images.aqar.fm/webp/750x0/props/035142586_1782514045371.jpg | https://images.aqar.fm/webp/750x0/props/035142589_1782514045445.jpg | https://images.aqar.fm/webp/750x0/props/035142580_1782514045453.jpg | https://images.aqar.fm/webp/750x0/props/035142586_1782514045371.jpg | https://images.aqar.fm/webp/750x0/props/035142589_1782514045445.jpg | https://images.aqar.fm/webp/750x0/props/035142580_1782514045453.jpg,6,ابراهيم رافع ابراهيم الغامدي,مؤسسة ابراهيم رافع ابراهيم الغامدي للتطوير العقاري,1,2026-06-26,2026-07-26,2026-09-12,126,2026-09-15,True,"980,000",False,محل
6869844,https://sa.aqar.fm/محلات-للبيع/جدة/شمال-جدة/حي-الفيحاء/شارع-ابو-ذر-الغفاري-حي-الفيحاء-مدينة-جدة-منطقة-مكة-المكرمة-6869844,"محل للبيع في شارع ابو ذر الغفاري, حي الفيحاء, مدينة جدة, منطقة مكة المكرمة",1200000,750,,,,0,حي الفيحاء,جدة,شمال جدة,"_____________________________________
فرصة فريدة لتمليك محلات تجارية تحت الإنشاء في حي الفيحاء على شارع أبي ذر الغفاري.
​المزايا: 
موقع استراتيجي على شارع رئيسي نابض بالحياة 🛣️، ضمانات نظامية تامة عبر ترخيص وافي 🔒، 
مستقبل تجاري واعد 🚀.
​استثمر في العقار التجاري الأكثر طلباً! 💎
_____________________________________
حي الفيحاء على شارع ابي ذر الغفاري
السعر 1,200,000 
مساحة المحل 100 م 
مساحة المعرض 70 م _ مساحة الميزان 30 م 

المتاح ثلاثة محلات 5,4,3
_____________________________________",21.505681,39.239184,https://images.aqar.fm/webp/750x0/props/040274856_1789168246624.jpg | https://images.aqar.fm/webp/750x0/props/040274859_1789168240437.jpg | https://images.aqar.fm/webp/750x0/props/040274855_1789168240324.jpg | https://images.aqar.fm/webp/750x0/props/040274850_1789168240324.jpg | https://images.aqar.fm/webp/750x0/props/040274855_1789168246520.jpg | https://images.aqar.fm/webp/750x0/props/040274859_1789168240437.jpg | https://images.aqar.fm/webp/750x0/props/040274855_1789168240324.jpg | https://images.aqar.fm/webp/750x0/props/040274850_1789168240324.jpg | https://images.aqar.fm/webp/750x0/props/040274855_1789168246520.jpg | https://images.aqar.fm/webp/750x0/props/040274856_1789168246624.jpg,10,سعد ثعيل,شركة سعد ثعيل الاكلبي للاستثمار والتطوير,1,2026-09-11,2026-09-11,2026-09-13,8,2026-09-15,True,"1,200,000",False,محل
6749257,https://sa.aqar.fm/محلات-للبيع/جدة/شمال-جدة/حي-الفيحاء/شارع-ابو-ذر-الغفاري-حي-الفيحاء-مدينة-جدة-منطقة-مكة-المكرمة-6749257,"محل للبيع في شارع ابو ذر الغفاري, حي الفيحاء, مدينة جدة, منطقة مكة المكرمة",980000,1666,,,,0,حي الفيحاء,جدة,شمال جدة,"محلات تجارية استثماريه لاصحاب الكاش تحت الإنشاء البيع على الخارطه المشروع على نظام وافي 

للاستفار اكثر التواصل معنا",21.50018,39.239218,https://images.aqar.fm/webp/750x0/props/035142584_1782513000660.jpg | https://images.aqar.fm/webp/750x0/props/035142587_1782513000570.jpg | https://images.aqar.fm/webp/750x0/props/035142589_1782513000612.jpg | https://images.aqar.fm/webp/750x0/props/035142584_1782513000660.jpg | https://images.aqar.fm/webp/750x0/props/035142587_1782513000570.jpg | https://images.aqar.fm/webp/750x0/props/035142589_1782513000612.jpg,6,ابراهيم رافع ابراهيم الغامدي,مؤسسة ابراهيم رافع ابراهيم الغامدي للتطوير العقاري,1,2026-06-26,2026-07-26,2026-09-13,61,2026-09-15,True,"980,000",False,محل
6749261,https://sa.aqar.fm/محلات-للبيع/جدة/شمال-جدة/حي-الفيحاء/شارع-ابو-ذر-الغفاري-حي-الفيحاء-مدينة-جدة-منطقة-مكة-المكرمة-6749261,"محل للبيع في شارع ابو ذر الغفاري, حي الفيحاء, مدينة جدة, منطقة مكة المكرمة",750000,1666,,,,0,حي الفيحاء,جدة,شمال جدة,"محلات تجارية استثماريه تحت الإنشاء الدفع كاش البيع على الخارطه المشروع على نظام وافي 

تبدأ الأسعار من 750 الف 

للحجز والاستفسار التواصل معنا",21.500919,39.238838,https://images.aqar.fm/webp/750x0/props/035142581_1782513381741.jpg | https://images.aqar.fm/webp/750x0/props/035142581_1782513381646.jpg | https://images.aqar.fm/webp/750x0/props/035142585_1782513381689.jpg | https://images.aqar.fm/webp/750x0/props/035142581_1782513381741.jpg | https://images.aqar.fm/webp/750x0/props/035142581_1782513381646.jpg | https://images.aqar.fm/webp/750x0/props/035142585_1782513381689.jpg,6,ابراهيم رافع ابراهيم الغامدي,مؤسسة ابراهيم رافع ابراهيم الغامدي للتطوير العقاري,1,2026-06-26,2026-07-26,2026-09-12,100,2026-09-15,True,"750,000",False,محل
6744071,https://sa.aqar.fm/محلات-للبيع/جدة/شمال-جدة/حي-الفيحاء/شارع-طريق-الملك-عبدالله-حي-الفيحاء-مدينة-جدة-منطقة-مكة-المكرمة-6744071,"محل للبيع في شارع طريق الملك عبدالله, حي الفيحاء, مدينة جدة, منطقة مكة المكرمة",720000,1666,,,,0,حي الفيحاء,جدة,شمال جدة,"حي الفيحاء مخطط درب الحرمين
_____________________________________

الاستثمار الذكي يبدأ من المكان الصحيح! 🏢
محلات تجارية للبيع في حي الفيحاء مخطط درب  الحرمين. بنية تحتية متطورة، كثافة بشرية عالية، وعوائد استثمارية مضمونة.
⏱️ الفرص لا تنتظر، الأماكن محدودة!
​📍 الموقع: قلب جدة الحيوي، بالقرب من أهم المحاور الرئيسية والمراكز التجارية.
​👥 الكثافة البشرية: تواجد مستمر وتدفق عالي جداً من الزوار والساكنين على مدار الساعة.
​📐 المساحات: مساحات متنوعة ومطورة بأعلى المعايير الهندسية لتناسب كافة الأنشطة (مطاعم، كافيهات، بوتيكات، معارض).

_____________________________________
 محلات تجارية السعر 720,000 المساحة 73م 
مساحة المعرض 46م    + مساحة الميزانين 27 م 

_____________________________________
📥 أرسل رقمك في خاص أو اتصل بنا: [((الرقم يظهر عند الضغط على اتصال))]",21.509276,39.230278,https://images.aqar.fm/webp/750x0/props/040274859_1782170535405.jpg | https://images.aqar.fm/webp/750x0/props/040274850_1782167863537.jpg | https://images.aqar.fm/webp/750x0/props/040274859_1782170535317.jpg | https://images.aqar.fm/webp/750x0/props/040274850_1782170535316.jpg | https://images.aqar.fm/webp/750x0/props/040274858_1782170535325.jpg | https://images.aqar.fm/webp/750x0/props/040274854_1782170535408.jpg,6,سعد ثعيل,شركة سعد ثعيل الاكلبي للاستثمار والتطوير,1,2026-06-22,2026-08-20,2026-09-14,245,2026-09-15,True,"720,000",False,محل
6735838,https://sa.aqar.fm/محلات-للبيع/جدة/شمال-جدة/حي-الفيحاء/شارع-ابو-ذر-الغفاري-حي-الفيحاء-مدينة-جدة-منطقة-مكة-المكرمة-6735838,"محل للبيع في شارع ابو ذر الغفاري, حي الفيحاء, مدينة جدة, منطقة مكة المكرمة",980000,92,,,,0,حي الفيحاء,جدة,شمال جدة,"السلام عليكم ورحمه الله وبركاته اسعد الله اوقاتكم بكل خير للباحثين عن السكن والاستثمار نقدم لكم مشروعنا الجديد والمميز في قلب حي الفيحاء مخطط درب الحرمين

معرض تجاري
مساحة 92
السعر 980.000


للاستفسار يمكنكم التواصل معنا
                     ‎((الرقم يظهر عند الضغط على اتصال))",21.500847,39.239112,https://images.aqar.fm/webp/750x0/props/013049446_1781645213311.jpg | https://images.aqar.fm/webp/750x0/props/013049446_1781645213310.jpg | https://images.aqar.fm/webp/750x0/props/013049448_1781645213352.jpg | https://images.aqar.fm/webp/750x0/props/013049449_1781645213360.jpg | https://images.aqar.fm/webp/750x0/props/013049441_1781645213371.jpg | https://images.aqar.fm/webp/750x0/props/013049446_1781645213311.jpg | https://images.aqar.fm/webp/750x0/props/013049446_1781645213310.jpg | https://images.aqar.fm/webp/750x0/props/013049448_1781645213352.jpg | https://images.aqar.fm/webp/750x0/props/013049449_1781645213360.jpg | https://images.aqar.fm/webp/750x0/props/013049441_1781645213371.jpg,10,ابراهيم رافع ابراهيم الغامدي,مؤسسة ابراهيم رافع ابراهيم الغامدي للتطوير العقاري,1,2026-06-16,2026-08-14,2026-09-09,76,2026-09-15,True,"980,000",False,محل
6726540,https://sa.aqar.fm/محلات-للبيع/جدة/شمال-جدة/حي-الفيحاء/شارع-النخيلات-حي-الفيحاء-مدينة-جدة-منطقة-مكة-المكرمة-6726540,"محل للبيع في شارع النخيلات, حي الفيحاء, مدينة جدة, منطقة مكة المكرمة",720000,780,,,,0,حي الفيحاء,جدة,شمال جدة,"_____________________________________
 محل السعر 720,000 المساحة  73 م 
مساحة المعرض 46 م  _ مساحة الميزانين 27 م 
_____________________________________


للبيع محلات تجارية في مخطط درب الحرمين (حي الفيحاء) - مشروع حيوي مصمم لخدمة منطقة عالية الكثافة السكانية وسهلة الوصول.
​أبرز المميزات:
📍 موقع استراتيجي يضمن حركة مرورية مستمرة طوال اليوم.
💰 أسعار افتتاحيّة منافسة جداً مقارنة بالموقع والقيمة السوقية للمخطط.
📑 خيارات استثمارية ممتازة للأفراد والشركات الراغبة في التوسع.",21.506508,39.230267,https://images.aqar.fm/webp/750x0/props/040274853_1781387314386.jpg | https://images.aqar.fm/webp/750x0/props/040274857_1781387314319.jpg | https://images.aqar.fm/webp/750x0/props/040274857_1781387314319.jpg | https://images.aqar.fm/webp/750x0/props/040274857_1781387314367.jpg | https://images.aqar.fm/webp/750x0/props/040274859_1781387314359.jpg,5,سعد ثعيل,شركة سعد ثعيل الاكلبي للاستثمار والتطوير,1,2026-06-09,2026-09-05,2026-09-09,186,2026-09-15,True,"720,000",False,محل
6726548,https://sa.aqar.fm/محلات-للبيع/جدة/شمال-جدة/حي-الفيحاء/شارع-النخيلات-حي-الفيحاء-مدينة-جدة-منطقة-مكة-المكرمة-6726548,"محل للبيع في شارع النخيلات, حي الفيحاء, مدينة جدة, منطقة مكة المكرمة",820000,780,,,,0,حي الفيحاء,جدة,شمال جدة,"_____________________________________
محل المساحة 72م السعر 820,000
_____________________________________


فرصة استثمارية لا تتكرر في قلب ""درب الحرمين""! 🚀

 محلات تجارية للبيع في حي الفيحاء - مخطط درب الحرمين.
​الموقع: واجهة حيوية في منطقة واعدة وعالية الكثافة السكانية.
​الميزة: تصميم عصري ومساحات مرنة تناسب أرقى العلامات التجارية.",21.506362,39.229412,https://images.aqar.fm/webp/750x0/props/040274855_1781424116379.jpg | https://images.aqar.fm/webp/750x0/props/040274856_1781424116367.jpg,2,سعد ثعيل,شركة سعد ثعيل الاكلبي للاستثمار والتطوير,1,2026-06-09,2026-09-05,2026-09-09,188,2026-09-15,True,"820,000",False,محل
6709941,https://sa.aqar.fm/محلات-للبيع/جدة/شمال-جدة/حي-الفيحاء/شارع-ابو-ذر-الغفاري-حي-الفيحاء-مدينة-جدة-منطقة-مكة-المكرمة-6709941,"محل للبيع في شارع ابو ذر الغفاري, حي الفيحاء, مدينة جدة, منطقة مكة المكرمة",1200000,1666,,,,0,حي الفيحاء,جدة,شمال جدة,"محلات تجارية استثماريه تحت الإنشاء الدفع كاش البيع على الخارطه 
حي الفيحاء مخطط درب الحرمين 
للحجز والاستفسار التواصل معنا",21.507119,39.239172,https://images.aqar.fm/webp/750x0/props/035142587_1779644917779.jpg | https://images.aqar.fm/webp/750x0/props/035142580_1779644917856.jpg | https://images.aqar.fm/webp/750x0/props/035142587_1779644917779.jpg | https://images.aqar.fm/webp/750x0/props/035142580_1779644917856.jpg,4,ابراهيم رافع ابراهيم الغامدي,مؤسسة ابراهيم رافع ابراهيم الغامدي للتطوير العقاري,1,2026-05-24,2026-08-20,2026-09-14,81,2026-09-15,True,"1,200,000",False,محل
6696087,https://sa.aqar.fm/محلات-للبيع/جدة/شمال-جدة/حي-الفيحاء/شارع-أحمد-بن-عبد-الرحمن-الشهاب-حي-الفيحاء-مدينة-جدة-منطقة-مكة-المكرمة-6696087,"محل للبيع في شارع أحمد بن عبد الرحمن الشهاب, حي الفيحاء, مدينة جدة, منطقة مكة المكرمة",1200000,65,,,,0,حي الفيحاء,جدة,شمال جدة,"محلات تجارية للبيع بمساحات طيبه جدة حي الفيحاء مخطط درب الحرمين 

5 محلات تجارية ميزانين مساحة  65م
 
دورة مياه مجهزة 
موقف خاص 
خزانات مياه مستقلة 

للإستفسار يرجى التواصل بنا",21.504909,39.233671,https://images.aqar.fm/webp/750x0/props/033121196_1778694812303.jpg | https://images.aqar.fm/webp/750x0/props/033121199_1778694812408.jpg,2,علي فهران مبروك ال دعياء,مؤسسة نجمة سندس التجارية,1,2026-05-13,2026-09-07,2026-09-14,190,2026-09-15,True,"1,200,000",False,محل
6723152,https://sa.aqar.fm/محلات-للبيع/جدة/شمال-جدة/حي-الفيحاء/شارع-امام-الدين-المرشدي-حي-الفيحاء-مدينة-جدة-منطقة-مكة-المكرمة-6723152,"محل للبيع في شارع امام الدين المرشدي, حي الفيحاء, مدينة جدة, منطقة مكة المكرمة",900000,2260,,,,0,حي الفيحاء,جدة,شمال جدة,"مشروع جديا 2 السكني والتجاري
جدة – مخطط درب الحرمين
مشروع تحت الإنشاء | الاستلام خلال 24 شهر

فرصة مميزة للتملك والاستثمار في مشروع متكامل يضم شقق سكنية، روف فاخر، ومعارض تجارية استقبال ونادي خاص بموقع استراتيجي في مخطط درب الحرمين.
━━━━━━━━━━━━━━━
شقق غرفتين
المساحة: 94م²

مواصفات الوحدة:
• غرفتا نوم
• صالتا معيشة
• حمامان
• مطبخان أمريكيان

الأسعار:
🔹 الوحدات الخلفية
• كاش: 319,000 ريال
• تقسيط سنة: 334,000 ريال
(30% مقدم والباقي على سنة)
• تقسيط سنتين: 349,000 ريال
(50% مقدم والباقي على سنتين)

🔹 الوحدات الأمامية
• كاش: 339,000 ريال

🔹 الوحدات الأمامية المطلة على الحديقة
• كاش: 349,000 ريال
━━━━━━━━━━━━━━━
شقق 5 غرف
المساحة: 136م²

مواصفات الوحدة:
• غرفة نوم ماستر
• غرفتا نوم
• مجلس رجال
• مقلط
• صالة معيشة
• 3 حمامات
• مطبخ
• بلكونة

الأسعار:

🔹 الوحدات الخلفية
• كاش: 459,000 ريال
• تقسيط سنة: 479,000 ريال
(30% مقدم والباقي على سنة)
• تقسيط سنتين: 499,000 ريال
(50% مقدم والباقي على سنتين)

🔹 الوحدات الأمامية
• كاش: 485,000 ريال

🔹 الوحدات الأمامية الزاوية (المطلة على الحديقة + بلكونة)
• كاش: 499,000 ريال
━━━━━━━━━━━━━━━
 معرض التجارية

المساحة: 90م²

 السعر كاش:
900,000 ريال

 التقسيط:
950,000 ريال
• 30% مقدم
━━━━━━━━━━━━━━━
وحدات الروف (6 غرف)

السعر:
1,500,000 ريال كاش
━━━━━━━━━━━━━━━
مميزات المشروع

✔ موقع مميز بمخطط درب الحرمين
✔ مشروع سكني وتجاري متكامل
✔ مناسبة للسكن والاستثمار 
✔ خيارات سداد مرنة
✔ وحدات بإطلالات متنوعة
✔ أسعار تنافسية
✔ تطوير وتنفيذ احترافي

موعد التسليم 24 شهر",21.504173,39.229958,https://images.aqar.fm/webp/750x0/props/006058169_1780857563969.jpg | https://images.aqar.fm/webp/750x0/props/006058165_1780857563648.jpg | https://images.aqar.fm/webp/750x0/props/006058162_1780857563645.jpg | https://images.aqar.fm/webp/750x0/props/006058162_1780857563677.jpg | https://images.aqar.fm/webp/750x0/props/006058164_1780857563776.jpg | https://images.aqar.fm/webp/750x0/props/006058164_1780857563774.jpg | https://images.aqar.fm/webp/750x0/props/006058166_1780857563873.jpg | https://images.aqar.fm/webp/750x0/props/006058168_1780857563904.jpg | https://images.aqar.fm/webp/750x0/props/006058163_1780857563966.jpg | https://images.aqar.fm/webp/750x0/props/006058169_1780857563969.jpg | https://images.aqar.fm/webp/750x0/props/006058165_1780857563648.jpg | https://images.aqar.fm/webp/750x0/props/006058162_1780857563645.jpg | https://images.aqar.fm/webp/750x0/props/006058162_1780857563677.jpg | https://images.aqar.fm/webp/750x0/props/006058164_1780857563776.jpg | https://images.aqar.fm/webp/750x0/props/006058164_1780857563774.jpg | https://images.aqar.fm/webp/750x0/props/006058166_1780857563873.jpg | https://images.aqar.fm/webp/750x0/props/006058168_1780857563904.jpg | https://images.aqar.fm/webp/750x0/props/006058163_1780857563966.jpg | https://images.aqar.fm/webp/750x0/props/006058164_1780858912332.jpg | https://images.aqar.fm/webp/750x0/props/006058169_1780858912325.jpg | https://images.aqar.fm/webp/750x0/props/006058160_1780858912329.jpg | https://images.aqar.fm/webp/750x0/props/006058162_1780858912329.jpg | https://images.aqar.fm/webp/750x0/props/006058162_1780858912328.jpg | https://images.aqar.fm/webp/750x0/props/006058164_1780858914552.jpg | https://images.aqar.fm/webp/750x0/props/006058160_1780858917351.jpg | https://images.aqar.fm/webp/750x0/props/006058161_1780858917361.jpg,26,ابراهيم احمد بن عبدالله قطش,شركة البيت اللامع العقارية,1,2026-06-07,2026-06-07,2026-09-13,252,2026-09-15,True,"900,000",False,محل
6864977,https://sa.aqar.fm/محلات-للبيع/جدة/شمال-جدة/حي-الفيحاء/شارع-ابو-ذر-الغفاري-حي-الفيحاء-مدينة-جدة-منطقة-مكة-المكرمة-6864977,"محل للبيع في شارع ابو ذر الغفاري, حي الفيحاء, مدينة جدة, منطقة مكة المكرمة",1200000,51,,,,0,حي الفيحاء,جدة,شمال جدة,"🏪 فرصة استثمارية مميزة | محل تجاري للبيع
📍 الموقع: جدة – درب الحرمين
📐 المساحة: 5.10 × 10.10 م
📏 المساحة التقريبية: 51.5 م²
السعر 1200000 الف ريال 
✨ محل تجاري بتصميم عملي، مناسب للعديد من الأنشطة التجارية، ويتميز بواجهة ومداخل مناسبة للاستثمار.
💼 فرصة ممتازة لأصحاب المشاريع والمستثمرين في موقع حيوي بدرب الحرمين، الذي يضم مشاريع تجارية وسكنية متنوعه
📞 للتواصل والاستفسار والحجز:((الرقم يظهر عند الضغط على اتصال))",21.504828,39.239097,https://images.aqar.fm/webp/750x0/props/039350698_1788894696868.jpg | https://images.aqar.fm/webp/750x0/props/039350693_1788894678691.jpg | https://images.aqar.fm/webp/750x0/props/039350698_1788894678844.jpg | https://images.aqar.fm/webp/750x0/props/039350693_1788894678945.jpg | https://images.aqar.fm/webp/750x0/props/039350696_1788894696776.jpg | https://images.aqar.fm/webp/750x0/props/039350698_1788894696868.jpg | https://images.aqar.fm/webp/750x0/props/039350693_1788894678691.jpg | https://images.aqar.fm/webp/750x0/props/039350698_1788894678844.jpg | https://images.aqar.fm/webp/750x0/props/039350693_1788894678945.jpg | https://images.aqar.fm/webp/750x0/props/039350696_1788894696776.jpg,10,خديجه بنت بالغيث بن علي العمري,مؤسسة خديجه بالغيث العمري العقارية,1,2026-09-08,2026-09-08,2026-09-15,8,2026-09-15,True,"1,200,000",False,محل
6527160,https://sa.aqar.fm/محلات-للبيع/جدة/شمال-جدة/حي-الفيحاء/شارع-ابو-ذر-الغفاري-حي-الفيحاء-مدينة-جدة-منطقة-مكة-المكرمة-6527160,"محل للبيع في شارع ابو ذر الغفاري, حي الفيحاء, مدينة جدة, منطقة مكة المكرمة",1200000,1666,,,,0,حي الفيحاء,جدة,شمال جدة,"✨ معارض تجارية مميزة في قلب درب الحرمين ✨
مشروع درب الرؤية 115 يقدّم فرصة استثمارية نادرة بمعارض تجارية حديثة التصميم، في موقع حيوي يخدم كثافة سكانية عالية وحركة تجارية نشطة.
🏬 عدد المعارض: 5 معارض
💰 الأسعار تبدأ من: 1,200,000 ريال
⸻
🔹 مواصفات المعارض
	•	واجهات زجاجية أنيقة تمنح وضوحًا وجاذبية عالية للأنشطة التجارية
	•	مساحات عملية بتصاميم مرنة تناسب مختلف الاستخدامات
	•	دورات مياه مجهزة
	•	تشطيبات عصرية وجودة تنفيذ عالية
	•	إعدادات كهرباء ومياه مستقلة لكل معرض
⸻
🔹 مميزات المشروع
	•	أسقف مرتفعة تعزز الإحساس بالمساحة والفخامة
	•	مداخل ذكية
	•	كاميرات مراقبة لرفع مستوى الأمان
	•	موقف خاص
	•	خزانات مستقلة
	•	كرسي معلق – مرش مطري – تشطيبات مودرن
⸻
📍 مميزات الموقع (بالدقائق)
	•	مقابل أسواق السلطان
	•	دقيقتان عن مستشفى شرق جدة
	•	3 دقائق عن جامعة الملك عبدالعزيز
	•	3 دقائق عن مستشفى الجامعة
	•	3 دقائق عن الأندلس مول
	•	3 دقائق عن السلام مول
	•	دقيقتان عن السليمانية بلازا
⸻
💼 استثمار ذكي في موقع استراتيجي
📈 قيمة مستقبلية عالية

للحجز والاستفسار يمكنكم التواصل",21.503911,39.239233,https://images.aqar.fm/webp/750x0/props/047568419_1767128997489.jpg | https://images.aqar.fm/webp/750x0/props/047568413_1767129121005.jpg,2,نواف الغامدي,مؤسسة أساطير التملك,1,2025-12-30,2025-12-30,2026-09-10,276,2026-09-15,True,"1,200,000",False,محل
6859438,https://sa.aqar.fm/محلات-للبيع/جدة/شمال-جدة/حي-الفيحاء/شارع-ابو-ذر-الغفاري-حي-الفيحاء-مدينة-جدة-منطقة-مكة-المكرمة-6859438,"محل للبيع في شارع ابو ذر الغفاري, حي الفيحاء, مدينة جدة, منطقة مكة المكرمة",1200000,1666,,,,0,حي الفيحاء,جدة,شمال جدة,"عرض لقطه 
للاستثمار محلات
 للبيع 
في درب الحرمين
 موقع استراتيجيه على تجاري
السعر مليون 200",21.504828,39.239097,https://images.aqar.fm/webp/750x0/props/054796879_1788654030716.jpg | https://images.aqar.fm/webp/750x0/props/054796874_1788654030716.jpg | https://images.aqar.fm/webp/750x0/props/054796875_1788654030739.jpg | https://images.aqar.fm/webp/750x0/props/054796873_1788654030862.jpg | https://images.aqar.fm/webp/750x0/props/054796879_1788654030716.jpg | https://images.aqar.fm/webp/750x0/props/054796874_1788654030716.jpg | https://images.aqar.fm/webp/750x0/props/054796875_1788654030739.jpg | https://images.aqar.fm/webp/750x0/props/054796873_1788654030862.jpg,8,خديجه بنت بالغيث بن علي العمري,مؤسسة خديجه بالغيث العمري العقارية,1,2026-09-06,2026-09-06,2026-09-14,12,2026-09-15,True,"1,200,000",False,محل
6815171,https://sa.aqar.fm/محلات-للبيع/جدة/شمال-جدة/حي-الفيحاء/شارع-ابو-ذر-الغفاري-حي-الفيحاء-مدينة-جدة-منطقة-مكة-المكرمة-6815171,"محل للبيع في شارع ابو ذر الغفاري, حي الفيحاء, مدينة جدة, منطقة مكة المكرمة",1200000,50,,,,0,حي الفيحاء,جدة,شمال جدة,"محلات تجاريه
مساحة50متر
السعر
 للاستثمار مخطط درب الحرمين
📍 موقع استراتيجي على شارع تجاري بحي الفيحاء مخطط درب الحرمين 
🌹 مبنى تجاري سكني بمواصفات مميزة للاستثمار.
...

⭐ مميزات المشروع
✔️ موقع حيوي على شارع تجاري
✔️ مناسب والاستثمار
✔️ تصميم عصري وتشطيبات عالية الجودة",21.503026,39.238899,https://images.aqar.fm/webp/750x0/props/054204885_1786383692489.jpg | https://images.aqar.fm/webp/750x0/props/054204885_1786383692489.jpg,2,حمده بنت عطيه بن خميس الغامدي,مؤسسة حمده عطيه الغامدي العقارية,1,2026-08-10,2026-09-09,2026-09-14,35,2026-09-15,True,"1,200,000",False,محل
6726549,https://sa.aqar.fm/محلات-للبيع/جدة/شمال-جدة/حي-الفيحاء/شارع-محمد-باقبص-حي-الفيحاء-مدينة-جدة-منطقة-مكة-المكرمة-6726549,"محل للبيع في شارع محمد باقبص, حي الفيحاء, مدينة جدة, منطقة مكة المكرمة",770000,780,,,,0,حي الفيحاء,جدة,شمال جدة,"حي الفيحاء مخطط درب الحرمين
_____________________________________
محل المساحة 86 م السعر 770,000
مساحة المعرض 51م + مساحة الميزانين 35م 
_____________________________________


محلات تجارية للبيع في مخطط درب الحرمين (حي الفيحاء) 
📍 الموقع: بقعة استثمارية فريدة وسهلة الوصول في قلب حي الفيحاء.
💵 السعر: أسعار منافسة جداً ومناسبة لبدء محفظتك العقارية أو التوسع التجاري.
🎯 الهدف: عوائد تأجيرية متوقعة وممتازة نظراً لنمو المنطقة السريع.",21.507551,39.233327,https://images.aqar.fm/webp/750x0/props/040274851_1781424289493.jpg | https://images.aqar.fm/webp/750x0/props/040274851_1781424289488.jpg,2,سعد ثعيل,شركة سعد ثعيل الاكلبي للاستثمار والتطوير,1,2026-06-09,2026-09-05,2026-09-09,225,2026-09-15,True,"770,000",False,محل
6578442,https://sa.aqar.fm/محلات-للبيع/جدة/شمال-جدة/حي-الفيحاء/شارع-ابو-ذر-الغفاري-حي-الفيحاء-مدينة-جدة-منطقة-مكة-المكرمة-6578442,"محل للبيع في شارع ابو ذر الغفاري, حي الفيحاء, مدينة جدة, منطقة مكة المكرمة",1200000,6666,,,,0,حي الفيحاء,جدة,شمال جدة,"السلام عليكم ورحمه الله وبركاته 
شركاء الاعزاء 

مشروع حي الفيحاء 

محل للبيع
المساحه 

السعر 1,200,000 
للحجز والاستفسار يمكنكم التواصل",21.503911,39.239233,https://images.aqar.fm/webp/750x0/props/047568413_1770380926068.jpg | https://images.aqar.fm/webp/750x0/props/047568415_1770380926189.jpg,2,نواف الغامدي,مؤسسة أساطير التملك,1,2026-02-06,2026-02-06,2026-09-10,214,2026-09-15,True,"1,200,000",False,محل
6749647,https://sa.aqar.fm/محلات-للبيع/جدة/شمال-جدة/حي-الفيحاء/شارع-ابو-ذر-الغفاري-حي-الفيحاء-مدينة-جدة-منطقة-مكة-المكرمة-6749647,"محل للبيع في شارع ابو ذر الغفاري, حي الفيحاء, مدينة جدة, منطقة مكة المكرمة",750000,1666,,,,0,حي الفيحاء,جدة,شمال جدة,"محلات تجاريه للبيع 
في حي الفيحاء درب الحرمين قريب من الجامعة 
فرصه للمتثمرين وعملاء الكاش
بمساحة تبدا من 25م الى 92م
الاسعار من 750 الف الى 990 الف
للتواصل والاستفسار تواصل معنا 
‎((الرقم يظهر عند الضغط على اتصال))",21.5003,39.239145,https://images.aqar.fm/webp/750x0/props/013049440_1782561704311.jpg | https://images.aqar.fm/webp/750x0/props/013049444_1782561704370.jpg | https://images.aqar.fm/webp/750x0/props/013049443_1782561704436.jpg | https://images.aqar.fm/webp/750x0/props/013049448_1782561824271.jpg,4,ابراهيم رافع ابراهيم الغامدي,مؤسسة ابراهيم رافع ابراهيم الغامدي للتطوير العقاري,1,2026-06-27,2026-07-26,2026-09-12,211,2026-09-15,True,"750,000",False,محل
6749654,https://sa.aqar.fm/محلات-للبيع/جدة/شمال-جدة/حي-الفيحاء/شارع-ابو-ذر-الغفاري-حي-الفيحاء-مدينة-جدة-منطقة-مكة-المكرمة-6749654,"محل للبيع في شارع ابو ذر الغفاري, حي الفيحاء, مدينة جدة, منطقة مكة المكرمة",980000,1666,,,,0,حي الفيحاء,جدة,شمال جدة,"السلام عليكم ورحمة الله وبركاته
نعرض لكم 
محلات تجاريه للبيع 
في حي الفيحاء درب الحرمين قريب من الجامعة 
فرصه للمتثمرين وعملاء الكاش
بمساحة تبدا من 25م الى 92م
الاسعار من 750 الف الى 990 الف
على وافي 
للتواصل والاستفسار تواصل معنا 
‎((الرقم يظهر عند الضغط على اتصال))",21.500164,39.23921,https://images.aqar.fm/webp/750x0/props/013049445_1782562397385.jpg | https://images.aqar.fm/webp/750x0/props/013049449_1782562397445.jpg,2,ابراهيم رافع ابراهيم الغامدي,مؤسسة ابراهيم رافع ابراهيم الغامدي للتطوير العقاري,1,2026-06-27,2026-07-26,2026-09-11,186,2026-09-15,True,"980,000",False,محل
6589457,https://sa.aqar.fm/محلات-للبيع/جدة/شمال-جدة/حي-الفيحاء/شارع-ابو-ذر-الغفاري-حي-الفيحاء-مدينة-جدة-منطقة-مكة-المكرمة-6589457,"محل للبيع في شارع ابو ذر الغفاري, حي الفيحاء, مدينة جدة, منطقة مكة المكرمة",1200000,1666,,,,0,حي الفيحاء,جدة,شمال جدة,"محلات تجارية للبيع في مخطط درب الحرمين
فرصة استثمارية مميزة!
تعلن عن توفر محلات تجارية للبيع في مخطط درب الحرمين، موقع مميز على شارع واسع.
مميزات المحلات:

موقع استراتيجي في مخطط درب الحرمين
واجهة على شارع واسع
أسعار مناسبة

السعر:

1,200,000 ريال كاش

لا تفوت هذه الفرصة!",21.503989,39.239194,https://images.aqar.fm/webp/750x0/props/046946261_1771063896540.jpg | https://images.aqar.fm/webp/750x0/props/046946269_1771063896705.jpg,2,تركي سعيد,شركة تركي سعيد الغامدي العقارية,1,2026-02-14,2026-09-05,2026-09-13,114,2026-09-15,True,"1,200,000",False,محل
6713758,https://sa.aqar.fm/محلات-للبيع/جدة/شمال-جدة/حي-الفيحاء/شارع-ابو-ذر-الغفاري-حي-الفيحاء-مدينة-جدة-منطقة-مكة-المكرمة-6713758,"محل للبيع في شارع ابو ذر الغفاري, حي الفيحاء, مدينة جدة, منطقة مكة المكرمة",1200000,1666,,,,0,حي الفيحاء,جدة,شمال جدة,"محات تجارية استثماريه تحت الإنشاء الدفع كاش البيع على الخارطة
حي  الفيحاء مخطط درب الحرمين
الاسعار تبدا من مليون و 200 الف

للحجز والاستفسار التواصل معنا
‎056 690 5235",21.506904,39.239466,https://images.aqar.fm/webp/750x0/props/013049443_1780238951186.jpg | https://images.aqar.fm/webp/750x0/props/013049444_1780238951424.jpg,2,ابراهيم رافع ابراهيم الغامدي,مؤسسة ابراهيم رافع ابراهيم الغامدي للتطوير العقاري,1,2026-05-31,2026-07-28,2026-09-12,111,2026-09-15,True,"1,200,000",False,محل
6560775,https://sa.aqar.fm/محلات-للبيع/جدة/شمال-جدة/حي-الفيحاء/شارع-طريق-الملك-عبدالله-حي-الفيحاء-مدينة-جدة-منطقة-مكة-المكرمة-6560775,"محل للبيع في شارع طريق الملك عبدالله, حي الفيحاء, مدينة جدة, منطقة مكة المكرمة",1200000,1666,,,,0,حي الفيحاء,جدة,شمال جدة,"السلام عليكم ورحمه الله وبركاته 
حي الفيحاء 

معرض 
المساحه 
السعر مليون و200,000 
ضمانات تصل الى 25 سنه 
الحجز والاستفسار",21.509749,39.227698,,,هنوف جمعان,مؤسسة هنوف جمعان الغامدي العقارية,1,2026-01-25,2026-01-25,2026-08-22,416,2026-09-15,True,"1,200,000",False,محل
6587391,https://sa.aqar.fm/محلات-للبيع/جدة/شمال-جدة/حي-الفيحاء/شارع-ابو-ذر-الغفاري-حي-الفيحاء-مدينة-جدة-منطقة-مكة-المكرمة-6587391,"محل للبيع في شارع ابو ذر الغفاري, حي الفيحاء, مدينة جدة, منطقة مكة المكرمة",1200000,1666,,,,0,حي الفيحاء,جدة,شمال جدة,"للبيع محلات تجارية في مخطط درب الحرمين بموقع متميز ومساحات واسعة.
المميزات:

خزانات مستقلة
كاميرات مراقبة
مواقف خاصة
دورات مياه مجهزة
مداخل زجاجية

موقع مميز:

مقابل أسواق السلطان
3 دقائق للسلام مول
3 دقائق للأندلس مول
3 دقائق لجامعة الملك عبد العزيز
دقيقتين لمستشفى شرق جدة

السعر:1,200,000 ريال كاش.",21.503989,39.239194,https://images.aqar.fm/webp/750x0/props/049819804_1770888918246.jpg | https://images.aqar.fm/webp/750x0/props/049819800_1770888918246.jpg | https://images.aqar.fm/webp/750x0/props/049819801_1770888918407.jpg,3,تركي سعيد,شركة تركي سعيد الغامدي العقارية,1,2026-02-12,2026-09-03,2026-09-13,105,2026-09-15,True,"1,200,000",False,محل
6559599,https://sa.aqar.fm/محلات-للبيع/جدة/شمال-جدة/حي-الفيحاء/شارع-طريق-الملك-عبدالله-حي-الفيحاء-مدينة-جدة-منطقة-مكة-المكرمة-6559599,"محل للبيع في شارع طريق الملك عبدالله, حي الفيحاء, مدينة جدة, منطقة مكة المكرمة",1200000,1666,,,,0,حي الفيحاء,جدة,شمال جدة,"حي الفيحاء مخطط درب الحرمين  
• 🛒 المحال التجارية: فرصة استثمارية مميزة
📍 موقع استراتيجي
🏪 مقابل أسواق السلطان
🏥 دقيقتان لمستشفى شرق جدة
🎓 3 دقائق لجامعة الملك عبدالعزيز
🏥 3 دقائق لمستشفى الجامعة
🛍️ 3 دقائق للأندلس مول
🛒 3 دقائق للسلام مول
☕ دقيقتان للسليمانية بلازا",21.509749,39.227698,https://images.aqar.fm/webp/750x0/props/027842523_1769255450921.jpg | https://images.aqar.fm/webp/750x0/props/027842522_1769255450934.jpg | https://images.aqar.fm/webp/750x0/props/027842520_1769255451091.jpg | https://images.aqar.fm/webp/750x0/props/027842522_1769255450951.jpg | https://images.aqar.fm/webp/750x0/props/027842529_1769255451100.jpg | https://images.aqar.fm/webp/750x0/props/027842529_1769255451332.jpg,6,هنوف جمعان,مؤسسة هنوف جمعان الغامدي العقارية,1,2026-01-24,2026-01-24,2026-09-14,460,2026-09-15,True,"1,200,000",False,محل
6698180,https://sa.aqar.fm/محلات-للبيع/جدة/شمال-جدة/حي-النهضة/شارع-النجدي-حي-النهضة-مدينة-جدة-منطقة-مكة-المكرمة-6698180,"محل للبيع في شارع النجدي, حي النهضة, مدينة جدة, منطقة مكة المكرمة",1370000,59,,,,0,حي النهضة,جدة,شمال جدة,"فرصة عقارية استثمارية 
بارقى احياء جدة حي النهضة 
معرض للبيع افراغ فوري
مساحة 59 م
دور ارضي وميزانين 
مع دورة مياه وخزان وعداد مستقل
شارع 32 
نافذ على طريق الملك عبدالعزيز 
المطلوب مليون و370 ألف",21.60956,39.122466,https://images.aqar.fm/webp/750x0/props/016254124_1778843247059.jpg | https://images.aqar.fm/webp/750x0/props/016254120_1779017740432.jpg,2,امل محمد موسي الزهراني,,,2026-05-15,2026-08-10,2026-08-10,709,2026-09-15,True,"1,370,000",False,محل
6648049,https://sa.aqar.fm/محلات-للبيع/جدة/شمال-جدة/حي-الزهراء/شارع-الامير-سلطان-فرعي-حي-الزهراء-مدينة-جدة-منطقة-مكة-المكرمة-6648049,"محل للبيع في شارع الامير سلطان فرعي, حي الزهراء, مدينة جدة, منطقة مكة المكرمة",3000000,1052,,,,0,حي الزهراء,جدة,شمال جدة,"محلات تجاريه تحت الإنشاء 

ويجد شقق ومحلات تجاريه في مواقع اخرى 

0545105176",21.607918,39.141307,https://images.aqar.fm/webp/750x0/props/027501039_1775736916980.jpg | https://images.aqar.fm/webp/750x0/props/027501039_1775736916989.jpg,2,عائض الحلافي,,,2026-04-09,2026-09-01,2026-09-14,164,2026-09-15,True,"3,000,000",False,محل
6695384,https://sa.aqar.fm/محلات-للبيع/جدة/شمال-جدة/حي-مشرفة/شارع-البهجه-حي-مشرفة-مدينة-جدة-منطقة-مكة-المكرمة-6695384,"محل للبيع في شارع البهجه, حي مشرفة, مدينة جدة, منطقة مكة المكرمة",2950000,40,,,,10,حي مشرفة,جدة,شمال جدة,"🏷️ عرض عقاري استثماري

نعرض لكم فرصة استثمارية في مدينة جدة 

للبيع محل 

📍 الموقع:
حي مشرفه – مجمع الشرق - جدة 

مساحة المحل 40 متر زاوية
محل عود وعطورات موقع مميز جداً 
الواجهة على شارع التضامن العربي

مدخلين -مدخل من  الشارع العام ومدخل اخر من داخل السوق
مؤجر لمنتصف 2028م 
بمبلغ 150,000 ريال سنوياً 

🌟 مميزات استثمارية
• أصل استثماري مؤجر 
• موقع مثالي للأنشطة التجارية 
• واجهة شارع 8م
• مدخلين 
• فرصة مناسبة للمستثمر الباحث عن عائد مستقر طويل الأجل

السوم مليونين و 750 الف
الحد مليونين و 950 الف


للتواصل والاستفسارات:=",21.542414,39.196689,https://images.aqar.fm/webp/750x0/props/032834504_1778674689243.jpg | https://images.aqar.fm/webp/750x0/props/032834504_1778674696357.jpg | https://images.aqar.fm/webp/750x0/props/032834507_1778674696362.jpg | https://images.aqar.fm/webp/750x0/props/032834504_1778674696367.jpg,4,بدر ابراهيم,مؤسسة اساس النجمة للعقارات,1,2026-05-13,2026-05-13,2026-08-24,460,2026-09-15,True,"2,950,000",False,محل
6663058,https://sa.aqar.fm/محلات-للبيع/جدة/شمال-جدة/حي-الزهراء/شارع-الامير-سلطان-فرعي-حي-الزهراء-مدينة-جدة-منطقة-مكة-المكرمة-6663058,"محل للبيع في شارع الامير سلطان فرعي, حي الزهراء, مدينة جدة, منطقة مكة المكرمة",3000000,1052,,,,0,حي الزهراء,جدة,شمال جدة,"فرصة استثمارية مميزة على شارع الأمير سلطان 🏢✨

*سكوير شارع الأمير سلطان*

‏*متبقي شهرين على انتهاء المشروع*

*الدخل السنوي لايقل عن 7٪*

‏*على شارع الأمير سلطان*
‏*على شارع فهد بن زعير*
*9 معارض بمساحات متنوعه*


‏*سعر البيع 30,000,000*
‏ *المساحة الإجماليه 1052م*
*البيع لكامل المجمع*

‏

أرض تجارية (محلات ومعارض) بموقع حيوي واستراتيجي
مناسبة للاستثمار بعائد قوي

🔹 تفاصيل المعرض رقم (1):
	•	المساحة: 29 م²
	•	الارتفاع: 8.80 م (ميزة ممتازة للاستغلال التجاري)

💰 السعر المطلوب: 3,000,000 ريال

🔹 تفاصيل المعرض رقم (4) :
• المساحة 99 م²
* الارتفاع 8.80 م 

💰 السعر المطلوب: 4,000,000 ريال

📍 موقع مميز على شارع حيوي 

للاستفسار والحجز ((الرقم يظهر عند الضغط على اتصال))",21.607909,39.141331,https://images.aqar.fm/webp/750x0/props/002096849_1788258130806.jpg | https://images.aqar.fm/webp/750x0/props/002096841_1776708201740.jpg | https://images.aqar.fm/webp/750x0/props/002096841_1776708210853.jpg | https://images.aqar.fm/webp/750x0/props/002096845_1776708218125.jpg | https://images.aqar.fm/webp/750x0/props/002096845_1776708226410.jpg | https://images.aqar.fm/webp/750x0/props/002096844_1776708234276.jpg | https://images.aqar.fm/webp/750x0/props/002096846_1776708241944.jpg | https://images.aqar.fm/webp/750x0/props/002096843_1776708249481.jpg | https://images.aqar.fm/webp/750x0/props/002096849_1776708255153.jpg | https://images.aqar.fm/webp/750x0/props/002096849_1776708261164.jpg | https://images.aqar.fm/webp/750x0/props/002096848_1776708329974.jpg,11,اماني الوجيه,,,2026-04-20,2026-07-17,2026-09-12,563,2026-09-15,True,"3,000,000",False,محل
6487447,https://sa.aqar.fm/محلات-للبيع/جدة/شمال-جدة/حي-الزهراء/حي-الزهراء-مدينة-جدة-منطقة-مكة-المكرمة-6487447,"محل للبيع في حي الزهراء, مدينة جدة, منطقة مكة المكرمة",1800000,27,,,,0,حي الزهراء,جدة,شمال جدة,"* *مشروع سهل 22*
* ⁠


                 *3 غرف*  |   *5 غرف*



*اسعار تبدأ من 600  الف*
*مساحات تصل الى 277م*

معرض رقم واحد المساحه 27 متر 
ارتفاع 6.5 
السعر 1800000
ارتفاعات عاليه دورين 
مدخل زجاجية 
دورات مياه مجهز 
موقف خاص

*مقابل حديقة وجامع البركات*
*على شارع 20م* 
*نافذ على شارع عبدالله الجاسر*
*دقيقتان الى مول اليو ووك وسوق الشاطئ*


✅ مميزات المشروع
خصائص داخلية وخدمات المبنى
أسقف مرتفعة
عداد كهرباء مستقل لكل شقة
كاميرات مراقبة
واجهات بطابع أندلسي فاخر
موقف خاص لكل شقة
نوافذ واسعة
خزانات مستقلة
سمارت هوم (تحكم ذكي)
مساحات واسعة
مكنسة كهربائية مركزية
تأسيس لشاحن سيارة كهربائية
شرفة للشقق الأمامية

---

✅ مميزات الموقع

على شارع تجاري
نافذ على شارع عبدالعزيز الخريجي
نافذ على شارع عبدالله الجاسر
بالقرب من مسجد البركات
بالقرب من مجمع مدارس
12 دقيقة إلى الواجهة البحرية

للحجز والاستفسار يمكنكم التواصل",21.61051,39.139856,https://images.aqar.fm/webp/750x0/props/047568411_1764530574352.jpg | https://images.aqar.fm/webp/750x0/props/047568410_1764530574349.jpg | https://images.aqar.fm/webp/750x0/props/047568417_1764530574506.jpg | https://images.aqar.fm/webp/750x0/props/047568418_1764530574573.jpg,4,نواف الغامدي,مؤسسة أساطير التملك,1,2025-11-30,2026-09-01,2026-09-01,298,2026-09-15,True,"1,800,000",False,محل
6838470,https://sa.aqar.fm/محلات-للبيع/جدة/شمال-جدة/حي-مشرفة/شارع-المكرونة-حي-مشرفة-مدينة-جدة-منطقة-مكة-المكرمة-6838470,"محل للبيع في شارع المكرونة, حي مشرفة, مدينة جدة, منطقة مكة المكرمة",2500000,80,,,,11,حي مشرفة,جدة,شمال جدة,"🔸 عرض عقاري استثماري 

نعرض لكم فرصة استثمارية مميزة في مدينة جدة 

للبيع محل تجاري فتحتين مع الميزان

المحل الأول: مساحته 40 متر 
المحل الثاني: مساحته 40 متر 

📝 محلين في صك واحد

📐 المساحة: 80 متر مربع
🧭 الواجهة: شمالية
🛣️ موقع الشارع: شارع داخلي للسوق (وليس الشارع الرئيسي) 

📍 الموقع العام:
حي مشرفه – مجمع الشرق – جدة

📞 للتواصل والاستفسار:

0_5_5_5_6_7_9_0_6_0",21.543223,39.196994,https://images.aqar.fm/webp/750x0/props/012052455_1787561858305.jpg,1,صلاح بن عاقل بن منير العتيبي,,,2026-08-24,2026-08-24,2026-09-10,130,2026-09-15,True,"2,500,000",False,محل
6772655,https://sa.aqar.fm/محلات-للبيع/جدة/شمال-جدة/حي-طيبة/شارع-ثابت-ابن-معاذ-الانصاري-حي-طيبة-مدينة-جدة-منطقة-مكة-المكرمة-6772655,"محل للبيع في شارع ثابت ابن معاذ الانصاري, حي طيبة, مدينة جدة, منطقة مكة المكرمة",7200000,1200,,,,11,حي طيبة,جدة,شمال جدة,"ارض تجارية للبيع حي طيبه مساحة ١١٩٥ متر مربع واجهة جنوبية.
من المالك مباشرة",21.803008,39.145529,https://images.aqar.fm/webp/750x0/props/001939488_1784935164824.jpg,1,هتان علي,,,2026-07-13,2026-09-10,2026-09-10,275,2026-09-15,True,"7,200,000",False,محل
6582997,https://sa.aqar.fm/محلات-للبيع/جدة/شمال-جدة/حي-الرياض/الطريق-العام-عسفان-الجموم-6582997,"محل للبيع في شارع الطريق العام, مدينة عسفان, منطقة مكة المكرمة",1650000,285,,,,0,حي الرياض,جدة,شمال جدة,"​🔥 فرصة استثمارية استثنائية | عقار تجاري مؤجر بالكامل
​للبيع عقار استثماري مميز في عسفان، مؤجر بالكامل لجهة واحدة بعقد موثق عبر منصة إيجار، يضمن لك دخلاً فورياً ونمواً سنوياً.
​📊 تفاصيل العقار
​الموقع: عسفان 📍
​مساحة الأرض: 285 م² | مسطحات البناء: 450 م² تقريباً (دورين)
​المكونات: معرض تجاري أمامي + سكن عمالة خلفي (شقة 6 غرف و2 حمام) – مؤجر بالكامل لجهة واحدة (مطبخ وسكن عمالته).
​حالة المبنى: 🏗️ جاري الترميم والتحديث حالياً بالكامل (تركيب واجهات كلادينج حديثة وتطوير أعمال التأسيس).
​💰 تفاصيل العقد والاستثمار
​مدة العقد: 5 سنوات (عقد موحد عبر منصة إيجار).
​إيجار السنة الأولى: 102,000 ريال.
​نسبة النمو: زيادة 5% سنوياً تبدأ من السنة الثانية.
​إجمالي دخل العقد: 563,602.50 ريال خلال 5 سنوات 📈
​الميزة: عقار مجدد بالكامل ومؤجر لمستأجر واحد (إدارة سهلة وبدون مصاريف تشغيلية).",21.922038456082714,39.352626919121406,https://images.aqar.fm/webp/750x0/props/003674459_1772664363633.jpg | https://images.aqar.fm/webp/750x0/props/003674459_1785775034068.jpg,2,عبدالله سعد محمد القحطاني,شركة قمة ابحر,1,2026-02-09,2026-02-10,2026-09-14,958,2026-09-15,True,"1,650,000",False,محل
6756290,https://sa.aqar.fm/محلات-للبيع/جدة/شمال-جدة/حي-النسيم/شارع-الشهاب-بن-العماد-حي-النسيم-مدينة-جدة-منطقة-مكة-المكرمة-6756290,"محل للبيع في شارع الشهاب بن العماد, حي النسيم, مدينة جدة, منطقة مكة المكرمة",2000000,34,,,,11,حي النسيم,جدة,شمال جدة,"محلات تجاريه استثماريه للبيع بحي النسيم 

مفصوله إلى ٤ صكوك 
الصك الاول ٤٧ م 
الصك الثاني ٤٦ م 
الصك الثالث ٣١ م 
الصك الرابع ٣١ م 

مؤجره بالكامل على صيدليه ومطعم الصيدليه ماخد محلين والمطعم محلين 
إجمالي الايجارات ١١٥ الف في السنه 

المطلوب ٢ مليون صافي",21.527016,39.233809,https://images.aqar.fm/webp/750x0/props/020047555_1783344659896.jpg,1,فوزيه احمد عبدالله الغامدي,مكتب أملاك المملكه العقارية,1,2026-07-02,2026-08-29,2026-09-04,618,2026-09-15,True,"2,000,000",False,محل
6490901,https://sa.aqar.fm/محلات-للبيع/جدة/شمال-جدة/حي-الزهراء/حي-الزهراء-مدينة-جدة-منطقة-مكة-المكرمة-6490901,"محل للبيع في حي الزهراء, مدينة جدة, منطقة مكة المكرمة",2000000,31,,,,0,حي الزهراء,جدة,شمال جدة,"* *مشروع سهل 17*

          *معارض حي الزهراء*

*اسعار تبدأ من 1,800,000 الف*
*مساحات تصل الى 31م*
*ميزانين لكل معرض*
المساحه 31 متر الارتفاع 6.5 
السعر 2,000,000 فقط 

*على شارع حراء التجاري*

الحجز والاستفسار يمكنكم التواصل",21.61044,39.139713,https://images.aqar.fm/webp/750x0/props/047568410_1764717788388.jpg | https://images.aqar.fm/webp/750x0/props/047568413_1764717788485.jpg | https://images.aqar.fm/webp/750x0/props/047568412_1764717788551.jpg | https://images.aqar.fm/webp/750x0/props/047568412_1764717788638.jpg,4,نواف الغامدي,مؤسسة أساطير التملك,1,2025-12-02,2025-12-02,2026-08-25,212,2026-09-15,True,"2,000,000",False,محل
6454927,https://sa.aqar.fm/محلات-للبيع/جدة/شمال-جدة/حي-الخالدية/حي-الخالدية-جدة-جدة-6454927,"محل للبيع في شارع محمد الطيب التونسي, حي الخالدية, مدينة جدة, منطقة مكة المكرمة",4100000,126,,,,7,حي الخالدية,جدة,شمال جدة,"مكتب تجاري في مركز تجار جده (التحلية )
مجهز بالكامل 
موقف مخصص 
مدخل مخصص 
7 سنوات عمر المكتب",21.54918593921784,39.13804049239604,https://images.aqar.fm/webp/750x0/props/003883719_1762348304251.jpg | https://images.aqar.fm/webp/750x0/props/003883711_1762348308075.jpg | https://images.aqar.fm/webp/750x0/props/003883713_1762348313295.jpg | https://images.aqar.fm/webp/750x0/props/003883719_1762348326733.jpg | https://images.aqar.fm/webp/750x0/props/003883712_1762348326707.jpg | https://images.aqar.fm/webp/750x0/props/003883710_1762348326721.jpg | https://images.aqar.fm/webp/750x0/props/003883710_1762348326724.jpg | https://images.aqar.fm/webp/750x0/props/003883718_1762348326717.jpg | https://images.aqar.fm/webp/750x0/props/003883711_1762348326726.jpg | https://images.aqar.fm/webp/750x0/props/003883711_1762348326724.jpg | https://images.aqar.fm/webp/750x0/props/003883716_1762348326782.jpg | https://images.aqar.fm/webp/750x0/props/003883715_1762348326779.jpg | https://images.aqar.fm/webp/750x0/props/003883714_1762348326708.jpg | https://images.aqar.fm/webp/750x0/props/003883712_1762348326783.jpg | https://images.aqar.fm/webp/750x0/props/003883719_1762348326788.jpg | https://images.aqar.fm/webp/750x0/props/003883715_1762348326814.jpg | https://images.aqar.fm/webp/750x0/props/003883711_1762348326833.jpg | https://images.aqar.fm/webp/750x0/props/003883719_1762348326797.jpg | https://images.aqar.fm/webp/750x0/props/003883710_1762348326810.jpg | https://images.aqar.fm/webp/750x0/props/003883717_1762348333387.jpg,20,محمد ,شركة تطبيق عقار,1,2025-11-05,2026-08-26,2026-09-07,2643,2026-09-15,True,"4,100,000",False,محل
6863040,https://sa.aqar.fm/محلات-للبيع/جدة/شمال-جدة/حي-الفيصلية/شارع-محمد-بن-ماجه-حي-الفيصلية-مدينة-جدة-منطقة-مكة-المكرمة-6863040,"محل للبيع في شارع محمد بن ماجه, حي الفيصلية, مدينة جدة, منطقة مكة المكرمة",1100000,64,,,,0,حي الفيصلية,جدة,شمال جدة,"🏢 محل تجاري للبيع | موقع مميز جدًا

📍 الموقع: شارع سعود الفيصل – شرق كوبري المربع

📐 المساحة: 64 م²
🏗️ ميزانين جاهز
📑 جاهز للإفراغ الفوري

💰 المطلوب: 1,100,000 ريال",21.564803,39.173391,https://images.aqar.fm/webp/750x0/props/052849433_1789211129549.jpg | https://images.aqar.fm/webp/750x0/props/052849437_1789211148791.jpg | https://images.aqar.fm/webp/750x0/props/052849436_1789211228579.jpg,3,أحمد علي فايز,شركة أرسان الحجاز العقارية,1,2026-09-07,2026-09-07,2026-09-14,64,2026-09-15,True,"1,100,000",False,محل
6844556,https://sa.aqar.fm/محلات-للبيع/جدة/شمال-جدة/حي-الحمدانية/شارع-أبي-فراس-الحمداني-حي-الحمدانية-مدينة-جدة-منطقة-مكة-المكرمة-6844556,"محل للبيع في شارع أبي فراس الحمداني, حي الحمدانية, مدينة جدة, منطقة مكة المكرمة",10000000,1200,,,,5,حي الحمدانية,جدة,شمال جدة,"للبيع بحي الحمدانية بجدة قطعتين ارض تجارية متجاوره بصك واحد عليها خمس معارض كبار مع غرف خلفيه وتسع عدادات كهرباء وعداد ماء اجمالي المساحة 1200 متر شارعين غربي 52م وشرقي 16م ضلعها على الشارع 40 متر .

المطلوب :
10,750,000 الف ريال قيمة ودلالة وضريبة .(عشرة مليون وسبع مئة وخمسون الف ريال ).

رقم الترخيص الاعلاني : 7100314554
رقم التواصل : ((الرقم يظهر عند الضغط على اتصال))",21.745718,39.190027,https://images.aqar.fm/webp/750x0/props/053581062_1787838502615.jpg,1,عبدالرحمن بن خالد بن احمد المالكي,,,2026-08-27,2026-08-27,2026-09-14,94,2026-09-15,True,"10,000,000",False,محل
6490908,https://sa.aqar.fm/محلات-للبيع/جدة/شمال-جدة/حي-الزهراء/حي-الزهراء-مدينة-جدة-منطقة-مكة-المكرمة-6490908,"محل للبيع في حي الزهراء, مدينة جدة, منطقة مكة المكرمة",1800000,27,,,,0,حي الزهراء,جدة,شمال جدة,"* *مشروع سهل 17*

          *معارض حي الزهراء*

*اسعار تبدأ من 1,800,000 الف*
*مساحات تصل الى 31م*
*ميزانين لكل معرض

المساحه 27 متر 
الارتفاع 6.5 
السعر 1,800,000 فقط

*على شارع حراء التجاري*

الحجز والاستفسار يمكنكم التواصل",21.61051,39.139856,https://images.aqar.fm/webp/750x0/props/047568413_1764718551814.jpg | https://images.aqar.fm/webp/750x0/props/047568415_1764718544664.jpg,2,نواف الغامدي,مؤسسة أساطير التملك,1,2025-12-02,2025-12-02,2026-09-10,575,2026-09-15,True,"1,800,000",False,محل
6719825,https://sa.aqar.fm/محلات-للبيع/جدة/شمال-جدة/حي-الربوة/شارع-انس-ابن-اوس-حي-الربوة-مدينة-جدة-منطقة-مكة-المكرمة-6719825,"محل للبيع في شارع انس ابن اوس, حي الربوة, مدينة جدة, منطقة مكة المكرمة",800000,58,,,,0,حي الربوة,جدة,شمال جدة,"محلات تجارية للبيع – حي الربوة | جدة

فرصة استثمارية مميزة لتملك محل تجاري في موقع حيوي يخدم كثافة سكانية عالية، بدلاً من الاستمرار في دفع الإيجارات.

🔹 الموقع: حي الربوة – جدة
🔹 المساحة: 58.96 م²
🔹 الواجهة: على شارع تجاري بعرض 25م
🔹 السعر: 800,000 ريال

مميزات المحل:
✔ صك مستقل
✔ عداد كهرباء مستقل
✔ خزان مياه مستقل
✔ موقف خاص ودورة مياه
✔ تأسيس مكيفات سبليت
✔ ضمن عمارة تجارية سكنية حديثة
✔ قريب من جميع الخدمات والمرافق
✔ موقع استراتيجي يتفرع من شارع يحيى المعلمي والأمير ماجد
✔ بالقرب من جامع عثمان بن عفان ومركز صحي الربوة

لماذا هذه الفرصة؟

* مناسب للأنشطة التجارية المتنوعة.
* أصل عقاري قابل للنمو والاستثمار.
* موقع يخدم سكان العمارة والأحياء المحيطة.
* جاهز للتشطيب والتشغيل وفق نشاطك التجاري.

ترخيص اعلاني : 7100287550

📞 للتواصل والاستفسار:
0537488667
جواهر للوساطة والتسويق العقاري",21.61411,39.182271,https://images.aqar.fm/webp/750x0/props/009738975_1780631011600.jpg | https://images.aqar.fm/webp/750x0/props/009738976_1780631023949.jpg | https://images.aqar.fm/webp/750x0/props/009738972_1780631023954.jpg,3,جواهر عثمان,,,2026-06-05,2026-08-31,2026-09-14,855,2026-09-15,True,"800,000",False,محل
6733070,https://sa.aqar.fm/محلات-للبيع/جدة/شمال-جدة/حي-الواحة/شارع-الواحة-حي-الواحة-مدينة-جدة-منطقة-مكة-المكرمة-6733070,"محل للبيع في شارع الواحة, حي الواحة, مدينة جدة, منطقة مكة المكرمة",1300000,66,,,,2,حي الواحة,جدة,شمال جدة,"محل تجاري جاهز ومؤجر للتمليك
مخطط سندس حي الواحه
مساحته 66م دور ارضي وميزانين
موقع مميز جدا على شارع حيوي 
له صك مستقل وخزان ارضي وخزان علوي مستقل
 وعداد كهرباء مستقل
مؤجر ب ١٠٠ الف في السنه 
عقد الكتروني 
مطلوب مليون و٣٠٠ الف
جاهز للافراغ 
للتواصل واتساب",21.560748,39.242702,https://images.aqar.fm/webp/750x0/props/001575591_1781465983100.jpg | https://images.aqar.fm/webp/750x0/props/001575598_1781465983267.jpg | https://images.aqar.fm/webp/750x0/props/001575590_1781465983096.jpg | https://images.aqar.fm/webp/750x0/props/001575594_1781465983127.jpg | https://images.aqar.fm/webp/750x0/props/001575592_1781465983138.jpg | https://images.aqar.fm/webp/750x0/props/001575596_1781465983299.jpg | https://images.aqar.fm/webp/750x0/props/001575590_1781465983376.jpg | https://images.aqar.fm/webp/750x0/props/001575597_1781465983374.jpg | https://images.aqar.fm/webp/750x0/props/001575591_1781465983100.jpg | https://images.aqar.fm/webp/750x0/props/001575598_1781465983267.jpg | https://images.aqar.fm/webp/750x0/props/001575590_1781465983096.jpg | https://images.aqar.fm/webp/750x0/props/001575594_1781465983127.jpg | https://images.aqar.fm/webp/750x0/props/001575592_1781465983138.jpg | https://images.aqar.fm/webp/750x0/props/001575596_1781465983299.jpg | https://images.aqar.fm/webp/750x0/props/001575590_1781465983376.jpg | https://images.aqar.fm/webp/750x0/props/001575597_1781465983374.jpg,16,فهد ابن محمد ابن عبدالله نصرالدين,,,2026-06-14,2026-09-10,2026-09-10,389,2026-09-15,True,"1,300,000",False,محل
6833493,https://sa.aqar.fm/محلات-للبيع/جدة/شمال-جدة/حي-المروة/شارع-حمزة-البركاني-حي-المروة-مدينة-جدة-منطقة-مكة-المكرمة-6833493,"محل للبيع في شارع حمزة البركاني, حي المروة, مدينة جدة, منطقة مكة المكرمة",1350000,625,,,,0,حي المروة,جدة,شمال جدة,"فرصة لامتلاك محل تجاري قيد الإنشاء في حي المروة – جدة
على شارع حمزة البركاني، ضمن نطاق حيوي يتميز بالكثافة السكانية والنشاط التجاري، مع سهولة الوصول إلى شارع حراء
الموقع محاط بعدد من الأنشطة والوجهات التجارية المعروفة، مما يعزز جاذبيته لمختلف الاستخدامات التجارية والاستثمارية.

مناسب لعدة أنشطة مثل الصيدليات، السوبرماركت، المطاعم، المعارض والمكاتب وغيرها.
امتلك الآن في مرحلة قيد الإنشاء واستفد من فرصة الدخول المبكر في موقع تجاري واعد
مدة الإنجاز المتوقعة: 8 أشهر.
تفاصيل العقار:

* الموقع: حي المروة – شارع حمزة البركاني
* مساحة أرض العقار: 625 م²
الأطوال :25 *25 
* مساحة المحلين : 94 م  
*شارع عرض : 30 م
*واجهة : شرقية 
* يتكون من: دور أرضي + ميزانين
* عداد كهرباء مستقل
* خزان مياه مستقل
* مواقف خاصة
للتواصل مع الوسيطة جواهر الغامدي
جوال :((الرقم يظهر عند الضغط على اتصال))
الترخيص الإعلاني : 7100312713
تاريخ الانتهاء :  23/07/2027",21.62492,39.203185,https://images.aqar.fm/webp/750x0/props/009738970_1787254608713.jpg | https://images.aqar.fm/webp/750x0/props/009738978_1787254619003.jpg | https://images.aqar.fm/webp/750x0/props/009738975_1787254619180.jpg | https://images.aqar.fm/webp/750x0/props/009738976_1787254619018.jpg,4,جواهر عثمان,,,2026-08-20,2026-08-20,2026-09-14,160,2026-09-15,True,"1,350,000",False,محل
6722733,https://sa.aqar.fm/محلات-للبيع/جدة/شمال-جدة/حي-طيبة/شارع-شارع-وهب-بن-خويلد-الفرعي-حي-طيبة-مدينة-جدة-منطقة-مكة-المكرمة-6722733,"محل للبيع في شارع شارع وهب بن خويلد الفرعي, حي طيبة, مدينة جدة, منطقة مكة المكرمة",7900000,1280,,,,3,حي طيبة,جدة,شمال جدة,"للبيع ارض تجاريه عليها معرض تجاري مساحه الارض 1280 متر مساحه المبنى 600 متر 

الارض 32 على الشارع في عمق 40 متر 

مؤجره 15 سنه",21.811536,39.146177,https://images.aqar.fm/webp/750x0/props/034302291_1784905773568.jpg | https://images.aqar.fm/webp/750x0/props/034302291_1784905782845.jpg | https://images.aqar.fm/webp/750x0/props/034302295_1784905802645.jpg | https://images.aqar.fm/webp/750x0/props/034302297_1784905816803.jpg | https://images.aqar.fm/webp/750x0/props/034302297_1784905825376.jpg | https://images.aqar.fm/webp/750x0/props/034302299_1784905834295.jpg,6,ماجد حسن علي كميت,,,2026-06-07,2026-06-07,2026-09-15,522,2026-09-15,True,"7,900,000",False,محل
6487433,https://sa.aqar.fm/محلات-للبيع/جدة/شمال-جدة/حي-الزهراء/حي-الزهراء-مدينة-جدة-منطقة-مكة-المكرمة-6487433,"محل للبيع في حي الزهراء, مدينة جدة, منطقة مكة المكرمة",2000000,31,,,,0,حي الزهراء,جدة,شمال جدة,"* *مشروع سهل 22*
* ⁠حي الزهراء 


                 *3 غرف*  |   *5 غرف*



*اسعار تبدأ من 600  الف*
*مساحات تصل الى 277م*

معرض رقم اثنين المساحه 31 متر 
ارتفاع 6.5 
السعر 2,000,000 فقط 
ارتفاعات عالية دورين 
مدخل زجاجيه
دورات مياه مجهز 
موقف خاص

*مقابل حديقة وجامع البركات*
*على شارع 20م* 
*نافذ على شارع عبدالله الجاسر*
*دقيقتان الى مول اليو ووك وسوق الشاطئ*


✅ مميزات المشروع
خصائص داخلية وخدمات المبنى
أسقف مرتفعة
عداد كهرباء مستقل لكل شقة
كاميرات مراقبة
واجهات بطابع أندلسي فاخر
موقف خاص لكل شقة
نوافذ واسعة
خزانات مستقلة
سمارت هوم (تحكم ذكي)
مساحات واسعة
مكنسة كهربائية مركزية
تأسيس لشاحن سيارة كهربائية
شرفة للشقق الأمامية

---

✅ مميزات الموقع

على شارع تجاري
نافذ على شارع عبدالعزيز الخريجي
نافذ على شارع عبدالله الجاسر
بالقرب من مسجد البركات
بالقرب من مجمع مدارس
12 دقيقة إلى الواجهة البحرية

الاستفسار يمكنكم التواصل",21.61044,39.139713,https://images.aqar.fm/webp/750x0/props/047568419_1764530345921.jpg | https://images.aqar.fm/webp/750x0/props/047568411_1764530345574.jpg | https://images.aqar.fm/webp/750x0/props/047568419_1764530345808.jpg | https://images.aqar.fm/webp/750x0/props/047568419_1764530346030.jpg,4,نواف الغامدي,مؤسسة أساطير التملك,1,2025-11-30,2025-11-30,2026-09-10,226,2026-09-15,True,"2,000,000",False,محل
6716957,https://sa.aqar.fm/محلات-للبيع/جدة/شمال-جدة/حي-الصفا/شارع-النعمان-الأرسلانى-حي-الصفاء-مدينة-جدة-منطقة-مكة-المكرمة-6716957,"محل للبيع في شارع النعمان الأرسلانى, حي الصفاء, مدينة جدة, منطقة مكة المكرمة",750000,875,,,,0,حي الصفا,جدة,شمال جدة,"فرصة استثمارية استثنائية محلات تجارية للبيع في حي الصفا!
​للبيع محلات تجارية بموقع استراتيجي مثالي يناسب البراندات العالمية والشركات الطموحة.


✅️محلات  تجارية  تبدا الاسعار من  720,000 / 730,000 /850,000 
✅️ المساحات تبدأ من  58 م / 60 م / 66 م

​موقع ذهبي: يربط بين شريانين رئيسيين (شارع الأمير محمد بن عبدالعزيز وشارع الشاكرين).
​كثافة عالية: مجاور لمدرسة وحديقة، مما يمنحك قوة شرائية وتواجداً عائلياً مستمراً.
​بنية تحتية ممتازة: واجهات واسعة ومساحات مرنة تناسب أرقى التجهيزات.
🎯 خيارك الأول لضمان عائد استثماري تصاعدي وقيمة عقارية تضمن نمو رأس المال.

​بادر بالاستثمار اليوم واضمن مستقبلاً مشرقاً 
📞 للتفاصيل: [ 0536774373 ]",21.570234,39.215168,https://images.aqar.fm/webp/750x0/props/032644581_1780461738870.jpg | https://images.aqar.fm/webp/750x0/props/032644585_1780461738913.jpg | https://images.aqar.fm/webp/750x0/props/032644584_1780461738971.jpg | https://images.aqar.fm/webp/750x0/props/032644582_1780461738972.jpg | https://images.aqar.fm/webp/750x0/props/032644588_1780461738978.jpg,5,سعد ثعيل,شركة سعد ثعيل الاكلبي للاستثمار والتطوير,1,2026-06-03,2026-08-29,2026-09-14,471,2026-09-15,True,"750,000",False,محل
6649558,https://sa.aqar.fm/محلات-للبيع/جدة/شمال-جدة/حي-النعيم/شارع-حراء-حي-النعيم-مدينة-جدة-منطقة-مكة-المكرمة-6649558,"محل للبيع في شارع حراء, حي النعيم, مدينة جدة, منطقة مكة المكرمة",1100000,875,,,,0,حي النعيم,جدة,شمال جدة,$5f,21.612136,39.145561,https://images.aqar.fm/webp/750x0/props/032644581_1775863687445.jpg | https://images.aqar.fm/webp/750x0/props/032644583_1775863687000.jpg | https://images.aqar.fm/webp/750x0/props/032644585_1775863687003.jpg | https://images.aqar.fm/webp/750x0/props/032644580_1775863686999.jpg | https://images.aqar.fm/webp/750x0/props/032644584_1775863687030.jpg | https://images.aqar.fm/webp/750x0/props/032644583_1775863687033.jpg | https://images.aqar.fm/webp/750x0/props/032644583_1775863687196.jpg | https://images.aqar.fm/webp/750x0/props/032644584_1775863687201.jpg | https://images.aqar.fm/webp/750x0/props/032644586_1775863687237.jpg | https://images.aqar.fm/webp/750x0/props/032644581_1775863687236.jpg | https://images.aqar.fm/webp/750x0/props/032644581_1775863687264.jpg | https://images.aqar.fm/webp/750x0/props/032644584_1775863687374.jpg | https://images.aqar.fm/webp/750x0/props/032644587_1775863687403.jpg | https://images.aqar.fm/webp/750x0/props/032644583_1775863687446.jpg,14,سعد ثعيل,شركة سعد ثعيل الاكلبي للاستثمار والتطوير,1,2026-04-10,2026-09-03,2026-09-14,1098,2026-09-15,True,"1,100,000",False,محل
6716961,https://sa.aqar.fm/محلات-للبيع/جدة/شمال-جدة/حي-النزهة/شارع-عمر-بن-سعواء-حي-النزهة-مدينة-جدة-منطقة-مكة-المكرمة-6716961,"محل للبيع في شارع عمر بن سعواء, حي النزهة, مدينة جدة, منطقة مكة المكرمة",697000,875,,,,0,حي النزهة,جدة,شمال جدة,"فرصة للبيع.. محلات استثمارية واعدة في حي النزهة ✨

✅️ السعر 697,0000
✅️ المساحة 31م 

​بموقع يجمع بين الحيوية وسهولة الوصول، محلات تجارية مميزة للبيع جاهزة للاستثمار:
📍 الموقع: شارع فؤاد شاكر (ظهير طريق المدينة ونافذ إليه).
📈 المزايا: موقع استراتيجي حيوي، تدفق مروري مستمر، مثالي جداً لـ (البراندات، المعارض، والشركات).
🎯 الهدف: قيمة عقارية تتصاعد يومياً وعائد استثماري مضمون.

للتواصل والاستفسار : 0536774373",21.622074,39.155127,https://images.aqar.fm/webp/750x0/props/032644585_1780461868855.jpg | https://images.aqar.fm/webp/750x0/props/032644583_1780461868891.jpg | https://images.aqar.fm/webp/750x0/props/032644581_1780461868935.jpg | https://images.aqar.fm/webp/750x0/props/032644585_1780461868855.jpg | https://images.aqar.fm/webp/750x0/props/032644583_1780461868891.jpg | https://images.aqar.fm/webp/750x0/props/032644581_1780461868935.jpg,6,سعد ثعيل,شركة سعد ثعيل الاكلبي للاستثمار والتطوير,1,2026-06-03,2026-08-29,2026-09-09,656,2026-09-15,True,"697,000",False,محل
6873784,https://sa.aqar.fm/محلات-للبيع/جدة/شمال-جدة/حي-الفيحاء/شارع-ابو-ذر-الغفاري-حي-الفيحاء-مدينة-جدة-منطقة-مكة-المكرمة-6873784,"محل للبيع في شارع ابو ذر الغفاري, حي الفيحاء, مدينة جدة, منطقة مكة المكرمة",1200000,750,,,,0,حي الفيحاء,جدة,شمال جدة,"وسع نشاطك التجاري وامتلك أصلك الخاص! 🏢
فرصة فريدة لتمليك محلات تجارية تحت الإنشاء في حي الفيحاء على شارع أبي ذر الغفاري.

​المزايا:
 موقع استراتيجي على شارع رئيسي نابض بالحياة 🛣️، 
ضمانات نظامية تامة عبر ترخيص وافي 🔒،
 ومستقبل تجاري واعد 🚀.
​استثمر في العقار التجاري الأكثر طلباً! 💎

______________________________
______________________________

السعر 1,200,000 
مساحة المعرض 70 م
مساحة الميزانين 30 م
المساحة الإجمالية 100 م",21.507999,39.239226,https://images.aqar.fm/webp/750x0/props/032644586_1789385869618.jpg | https://images.aqar.fm/webp/750x0/props/032644586_1789385869618.jpg,2,سعد ثعيل,شركة سعد ثعيل الاكلبي للاستثمار والتطوير,1,2026-09-14,2026-09-14,2026-09-14,1,2026-09-15,True,"1,200,000",False,محل
6830306,https://sa.aqar.fm/محلات-للبيع/جدة/شمال-جدة/حي-الورود/شارع-أحمد-بن-علي-قدسي-حي-الورود-مدينة-جدة-منطقة-مكة-المكرمة-6830306,"محل للبيع في شارع أحمد بن علي قدسي, حي الورود, مدينة جدة, منطقة مكة المكرمة",1100000,105,,,,0,حي الورود,جدة,شمال جدة,"السلام عليكم ورحمه الله وبركاته نقدم لكم مشروعنا الجميل لكسن والاستثمار في قلب جده حي الورود بإطلالة على شار عبدالله سليمان الحبيب 

      معارض تجاريه

      المساحه 105متر

      السعر 1100000الف

مميزات موقع المشروع 

*4دقائق اعمار سكوير 
*4دقائق ألى مستشفى الدكتورة سليمان الحبيب 
*4دقائق الاندلس مول 
*6دقائق إلى السلام مول 
*7دقائق إلى جامعة الملك عبدالعزيز 
*10دقائق إلى مستشفى الدكتورة سليمان الفقيه
*11دقائق إلى محطة قطار الحرمين 
*12دقيقه إلى كورنيش الحمراء 
*12دقائق الى جده بآرك 
*٢٣دقائق إلى مطار الملك عبدالعزيز  الدولي

ضمانات المشروع 
25سنه الافياش والقواطع الكهربائية 
25سنه الهيكل انشائي 
5سنوات السباكه والكهرباء والمصاعد 
سنه مجانا اتحاد الملاك 
لتواصل يمكنكم على الرقم التالي ((الرقم يظهر عند الضغط على اتصال))",21.517363,39.205341,https://images.aqar.fm/webp/750x0/props/050406830_1787100597360.jpg | https://images.aqar.fm/webp/750x0/props/050406836_1787100597077.jpg | https://images.aqar.fm/webp/750x0/props/050406833_1787100597340.jpg | https://images.aqar.fm/webp/750x0/props/050406830_1787100597360.jpg | https://images.aqar.fm/webp/750x0/props/050406836_1787100597077.jpg | https://images.aqar.fm/webp/750x0/props/050406833_1787100597340.jpg,6,وداد بنت محمد بن علي الشمراني,مؤسسة المعمار الرفيع المتميز,1,2026-08-19,2026-08-19,2026-09-15,11,2026-09-15,True,"1,100,000",False,محل
6716835,https://sa.aqar.fm/محلات-للبيع/جدة/شمال-جدة/حي-الروضة/شارع-الكيال-حي-الروضة-مدينة-جدة-منطقة-مكة-المكرمة-6716835,"محل للبيع في شارع الكيال, حي الروضة, مدينة جدة, منطقة مكة المكرمة",1000000,875,,,,0,حي الروضة,جدة,شمال جدة,"​🚨 فرصة استثمارية واعدة في أرقى أحياء جدة 🚨
​محللات تجارية للبيع 
📍 الموقع: حي الروضة - مباشرة على شارع الكيال حيوي وحركة تجارية مستمرة.
📐 المساحة: [64 ] متر مربع.
✅️مساحة المعرض 40 م ✅️ مساحة الميزانين 24 م 
📐 السعر : [ 1,000,000 ] مليون .
✨ المميزات: واجهة مميزة، موقع استراتيجي يضمن أعلى عوائد استثمارية وتدفق مستمر للعملاء.

​📱 للحجز والاستفسار: [0553956499]",21.567074,39.156932,https://images.aqar.fm/webp/750x0/props/040274859_1780441171413.jpg | https://images.aqar.fm/webp/750x0/props/040274852_1780441171238.jpg | https://images.aqar.fm/webp/750x0/props/040274857_1780441171322.jpg | https://images.aqar.fm/webp/750x0/props/040274851_1780441171333.jpg | https://images.aqar.fm/webp/750x0/props/040274853_1780441171469.jpg,5,سعد ثعيل,شركة سعد ثعيل الاكلبي للاستثمار والتطوير,1,2026-06-02,2026-08-29,2026-09-09,506,2026-09-15,True,"1,000,000",False,محل
6716858,https://sa.aqar.fm/محلات-للبيع/جدة/شمال-جدة/حي-الصفا/شارع-النعمان-الأرسلانى-حي-الصفاء-مدينة-جدة-منطقة-مكة-المكرمة-6716858,"محل للبيع في شارع النعمان الأرسلانى, حي الصفاء, مدينة جدة, منطقة مكة المكرمة",750000,875,,,,0,حي الصفا,جدة,شمال جدة,"​🚨 فرصة استثمارية ذهبية في قلب حي الصفا 🚨

​محلات تجارية للبيع .
📍 الموقع المتميز: حي الصفا - على شارع تجاري بعرض 30 متر.
🛣️ الربط والنفاذ: نافذ مباشرة إلى شارع الأمير محمد بن عبدالعزيز (التحلية) وشارع الشاكرين.
📍 المحيط: بالقرب من حديقة الأحوال المدنية والمدرسة الثانوية الثانية والثلاثون.
📐 المساحة: [66 ] م².
📐 السعر : [ 750,000 ]
✨ المميزات: موقع حيوي يضمن تدفقاً مستمراً
 للعملاء وسهولة وصول فائقة.
✅️التصميم: واجهات عصرية وحديثة تناسب مختلف الأنشطة التجارية.

للتواصل والاستفسار 0553956499",21.570234,39.215168,https://images.aqar.fm/webp/750x0/props/040274851_1780442587499.jpg | https://images.aqar.fm/webp/750x0/props/040274857_1780442587588.jpg | https://images.aqar.fm/webp/750x0/props/040274856_1780442587619.jpg | https://images.aqar.fm/webp/750x0/props/040274855_1780442587613.jpg | https://images.aqar.fm/webp/750x0/props/040274859_1780442587813.jpg,5,سعد ثعيل,شركة سعد ثعيل الاكلبي للاستثمار والتطوير,1,2026-06-02,2026-08-29,2026-09-09,678,2026-09-15,True,"750,000",False,محل
6821743,https://sa.aqar.fm/محلات-للبيع/جدة/شمال-جدة/حي-الرحاب/شارع-دلة-حي-الرحاب-مدينة-جدة-منطقة-مكة-المكرمة-6821743,"محل للبيع في شارع دلة, حي الرحاب, مدينة جدة, منطقة مكة المكرمة",770000,780,,,,0,حي الرحاب,جدة,شمال جدة,"حي الرحاب 

محل تجاري الاسعار تبدا من 770,000
المساحات 70 / 74 / 65
معرض بالاضافه الى ميزان


تبحث عن واجهة تجارية لبراندك على شارع رئيسي؟
محل تجاري  على شارع دله بحي الرحاب.
واجهة مميزة + حركة مرورية عالية + موقع استثماري بدقة.
احجز مساحتك الآن!",21.553392,39.220645,https://images.aqar.fm/webp/750x0/props/040274851_1786672237637.jpg | https://images.aqar.fm/webp/750x0/props/040274857_1786672027122.jpg | https://images.aqar.fm/webp/750x0/props/040274857_1786672230946.jpg | https://images.aqar.fm/webp/750x0/props/040274857_1786672230931.jpg | https://images.aqar.fm/webp/750x0/props/040274856_1786672230986.jpg,5,سعد ثعيل,شركة سعد ثعيل الاكلبي للاستثمار والتطوير,1,2026-08-14,2026-09-12,2026-09-13,291,2026-09-15,True,"770,000",False,محل
6490807,https://sa.aqar.fm/محلات-للبيع/جدة/شمال-جدة/حي-مشرفة/شارع-العروبه-حي-مشرفة-مدينة-جدة-منطقة-مكة-المكرمة-6490807,"محل للبيع في شارع العروبه, حي مشرفة, مدينة جدة, منطقة مكة المكرمة",930000,105,,,,0,حي مشرفة,جدة,شمال جدة,"السلام عليكم ورحمه الله وبركاته 
اسعد الله اوقاتكم بكل خير 
نقدم لكم 🔶 مشروع ركاز مارفل – واجهة جديدة للحياة
يقدم مشروع ركاز مارفل أسلوب حياة فريد يجمع بين التصميم العصري والموقع الحيوي
 في قلب جدة.
--
✨ مميزات المشروع

🏢 مميزات عامة
موقع استراتيجي في قلب حي المشرفة – جدة

*نموذجC معرض وميزانين
 مساحة 105 م 
بسعر 930 الف*

///////////////////////////
📍 الموقع الاستراتيجي
يقع المشروع في حي المشرفة بجدة، بالقرب من أهم الطرق والمحاور الحيوية:
طريق الأمير ماجد
طريق الحرمين
شارع فلسطين

🟡 نقاط اهتمام قريبة

جامعة الملك عبدالعزيز
الاندلس مول
السلام مول
مستشفى سليمان فقيه
محطة القطار
وقت اللياقة
حدائق ومرافق عامة

للاستفسار يمكنكم التواصل معنا 
((((رقم المعلن يظهر عند التواصل))))",21.535947,39.202933,https://images.aqar.fm/webp/750x0/props/035318408_1764710488273.jpg | https://images.aqar.fm/webp/750x0/props/035318405_1764710488077.jpg | https://images.aqar.fm/webp/750x0/props/035318400_1764710488349.jpg | https://images.aqar.fm/webp/750x0/props/035318406_1764710488191.jpg,4,فوزيه حمدان,مؤسسة فوزيه حمدان الشهراني للعقارات,1,2025-12-02,2025-12-02,2026-09-05,1125,2026-09-15,True,"930,000",False,محل
6830307,https://sa.aqar.fm/محلات-للبيع/جدة/شمال-جدة/حي-الورود/شارع-أحمد-بن-علي-قدسي-حي-الورود-مدينة-جدة-منطقة-مكة-المكرمة-6830307,"محل للبيع في شارع أحمد بن علي قدسي, حي الورود, مدينة جدة, منطقة مكة المكرمة",1100000,105,,,,0,حي الورود,جدة,شمال جدة,"السلام عليكم ورحمة الله وبركاته أسعد الله أوقاتكم بكل خير 

محل تجاري مميز مساحه 105متر 

محل البيع بسعر مليون 100 الف 

حي الورود

  موقع استراتيجي مكتمل جميع الخدمات 

الاستفسار يمكنكم التواصل معنا 

اسعد بتواصل الجميع",21.517363,39.205341,https://images.aqar.fm/webp/750x0/props/054437891_1787100564739.jpg | https://images.aqar.fm/webp/750x0/props/054437898_1787100564739.jpg | https://images.aqar.fm/webp/750x0/props/054437892_1787100564865.jpg,3,وداد بنت محمد بن علي الشمراني,مؤسسة المعمار الرفيع المتميز,1,2026-08-19,2026-08-19,2026-09-14,13,2026-09-15,True,"1,100,000",False,محل
6789748,https://sa.aqar.fm/محلات-للبيع/جدة/شمال-جدة/حي-السلامة/شارع-شجاع-بن-وهب-حي-السلامة-مدينة-جدة-منطقة-مكة-المكرمة-6789748,"محل للبيع في شارع شجاع بن وهب, حي السلامة, مدينة جدة, منطقة مكة المكرمة",830000,480,,,,0,حي السلامة,جدة,شمال جدة,"محلات تجارية استثماريه لاصحاب الكاش 

المشروع واصل البناء الدور الثاني 

مساحة 63 السعر 830 الف 


للحجز والاستفسار التواصل معنا",21.588071,39.153112,https://images.aqar.fm/webp/750x0/props/035142588_1784996129080.jpg | https://images.aqar.fm/webp/750x0/props/035142589_1784996129112.jpg | https://images.aqar.fm/webp/750x0/props/035142586_1784996129120.jpg | https://images.aqar.fm/webp/750x0/props/035142588_1784996129136.jpg | https://images.aqar.fm/webp/750x0/props/035142588_1784996129080.jpg | https://images.aqar.fm/webp/750x0/props/035142589_1784996129112.jpg | https://images.aqar.fm/webp/750x0/props/035142586_1784996129120.jpg | https://images.aqar.fm/webp/750x0/props/035142588_1784996129136.jpg,8,ابراهيم رافع ابراهيم الغامدي,مؤسسة ابراهيم رافع ابراهيم الغامدي للتطوير العقاري,1,2026-07-25,2026-08-23,2026-09-14,222,2026-09-15,True,"830,000",False,محل
6790121,https://sa.aqar.fm/محلات-للبيع/جدة/شمال-جدة/حي-السلامة/شارع-شجاع-بن-وهب-حي-السلامة-مدينة-جدة-منطقة-مكة-المكرمة-6790121,"محل للبيع في شارع شجاع بن وهب, حي السلامة, مدينة جدة, منطقة مكة المكرمة",840000,480,,,,0,حي السلامة,جدة,شمال جدة,"عملانا الكرام 
نعرض لكم محلات للبيع في حي السلامه فرصه لعملاء الكاش  والمستثمرين البيع كاش 
محل ارضي ميزانين مساحه 60م السعر 840 الف  
الدفع كاش 
الضمانات تصل الى 25 سنه
للتواصل والاستفسار ((الرقم يظهر عند الضغط على اتصال))",21.58858,39.153822,https://images.aqar.fm/webp/750x0/props/013049440_1785011001008.jpg | https://images.aqar.fm/webp/750x0/props/013049441_1785011000948.jpg | https://images.aqar.fm/webp/750x0/props/013049445_1785011001013.jpg | https://images.aqar.fm/webp/750x0/props/013049449_1785011001062.jpg | https://images.aqar.fm/webp/750x0/props/013049449_1785011001135.jpg | https://images.aqar.fm/webp/750x0/props/013049443_1785011001187.jpg,6,ابراهيم رافع ابراهيم الغامدي,مؤسسة ابراهيم رافع ابراهيم الغامدي للتطوير العقاري,1,2026-07-25,2026-07-25,2026-09-12,47,2026-09-15,True,"840,000",False,محل
6790132,https://sa.aqar.fm/محلات-للبيع/جدة/شمال-جدة/حي-السلامة/شارع-شجاع-بن-وهب-حي-السلامة-مدينة-جدة-منطقة-مكة-المكرمة-6790132,"محل للبيع في شارع شجاع بن وهب, حي السلامة, مدينة جدة, منطقة مكة المكرمة",830000,480,,,,0,حي السلامة,جدة,شمال جدة,"محلات للبيع في  موقع استراتيجي حي السلامه  
محل ارضي  مساحه 35 السعر 830 الف  
الدفع كاش البيع على الخارطه  
للتواصل والاستفسار ((الرقم يظهر عند الضغط على اتصال))",21.588573,39.154093,https://images.aqar.fm/webp/750x0/props/013049449_1785011552627.jpg | https://images.aqar.fm/webp/750x0/props/013049444_1785011564624.jpg | https://images.aqar.fm/webp/750x0/props/013049447_1785011552747.jpg,3,ابراهيم رافع ابراهيم الغامدي,مؤسسة ابراهيم رافع ابراهيم الغامدي للتطوير العقاري,1,2026-07-25,2026-07-25,2026-09-14,103,2026-09-15,True,"830,000",False,محل
6789638,https://sa.aqar.fm/محلات-للبيع/جدة/شمال-جدة/حي-السلامة/شارع-شجاع-بن-وهب-حي-السلامة-مدينة-جدة-منطقة-مكة-المكرمة-6789638,"محل للبيع في شارع شجاع بن وهب, حي السلامة, مدينة جدة, منطقة مكة المكرمة",830000,480,,,,0,حي السلامة,جدة,شمال جدة,"فرصه استثمارية لاصحاب الكاش محلات تجارية على ثلاثة شوراع  واصلين البناء الدور الثاني 

مساحة 60 السعر 830 الف 

للاستفسار اكثر التواصل معنا",21.588785,39.154058,https://images.aqar.fm/webp/750x0/props/035142584_1784992428612.jpg | https://images.aqar.fm/webp/750x0/props/035142582_1784992428708.jpg | https://images.aqar.fm/webp/750x0/props/035142584_1784992428612.jpg | https://images.aqar.fm/webp/750x0/props/035142582_1784992428708.jpg,4,ابراهيم رافع ابراهيم الغامدي,مؤسسة ابراهيم رافع ابراهيم الغامدي للتطوير العقاري,1,2026-07-25,2026-08-23,2026-09-12,85,2026-09-15,True,"830,000",False,محل
6735841,https://sa.aqar.fm/محلات-للبيع/جدة/شمال-جدة/حي-الفيحاء/شارع-ابو-ذر-الغفاري-حي-الفيحاء-مدينة-جدة-منطقة-مكة-المكرمة-6735841,"محل للبيع في شارع ابو ذر الغفاري, حي الفيحاء, مدينة جدة, منطقة مكة المكرمة",750000,1666,,,,0,حي الفيحاء,جدة,شمال جدة,"السلام عليكم ورحمه الله وبركاته اسعد الله اوقاتكم بكل خير للباحثين عن السكن والاستثمار نقدم لكم مشروعنا الجديد والمميز في قلب حي الفيحاء مخطط درب الحرمين

معرض
السعر 750.000


للاستفسار يمكنكم التواصل معنا
                     ‎((الرقم يظهر عند الضغط على اتصال))",21.50196,39.239201,https://images.aqar.fm/webp/750x0/props/013049444_1781645486574.jpg | https://images.aqar.fm/webp/750x0/props/013049440_1781645486576.jpg | https://images.aqar.fm/webp/750x0/props/013049443_1781645486560.jpg | https://images.aqar.fm/webp/750x0/props/013049440_1781645486603.jpg | https://images.aqar.fm/webp/750x0/props/013049445_1781645486626.jpg | https://images.aqar.fm/webp/750x0/props/013049444_1781645486574.jpg | https://images.aqar.fm/webp/750x0/props/013049440_1781645486576.jpg | https://images.aqar.fm/webp/750x0/props/013049443_1781645486560.jpg | https://images.aqar.fm/webp/750x0/props/013049440_1781645486603.jpg | https://images.aqar.fm/webp/750x0/props/013049445_1781645486626.jpg,10,ابراهيم رافع ابراهيم الغامدي,مؤسسة ابراهيم رافع ابراهيم الغامدي للتطوير العقاري,1,2026-06-16,2026-08-14,2026-09-09,179,2026-09-15,True,"750,000",False,محل
6790134,https://sa.aqar.fm/محلات-للبيع/جدة/شمال-جدة/حي-السلامة/شارع-شجاع-بن-وهب-حي-السلامة-مدينة-جدة-منطقة-مكة-المكرمة-6790134,"محل للبيع في شارع شجاع بن وهب, حي السلامة, مدينة جدة, منطقة مكة المكرمة",830000,480,,,,0,حي السلامة,جدة,شمال جدة,"محلات للبيع في حي السلامه  مدينة جده
محل ارضي  
مساحه 35م
 السعر 830 الف  فرصه لعملاء الكاش والمستثمرين 
الدفع كاش البيع على الخارطه 
للحجز تواصل معنا  
للتواصل والاستفسار ((الرقم يظهر عند الضغط على اتصال))",21.588071,39.153112,https://images.aqar.fm/webp/750x0/props/013049444_1785011865863.jpg | https://images.aqar.fm/webp/750x0/props/013049449_1785011865772.jpg | https://images.aqar.fm/webp/750x0/props/013049444_1785011865825.jpg | https://images.aqar.fm/webp/750x0/props/013049445_1785011865830.jpg | https://images.aqar.fm/webp/750x0/props/013049440_1785011865933.jpg | https://images.aqar.fm/webp/750x0/props/013049447_1785011865948.jpg,6,ابراهيم رافع ابراهيم الغامدي,مؤسسة ابراهيم رافع ابراهيم الغامدي للتطوير العقاري,1,2026-07-25,2026-07-25,2026-09-11,199,2026-09-15,True,"830,000",False,محل
6745136,https://sa.aqar.fm/محلات-للبيع/جدة/شمال-جدة/حي-المروة/جدة-حي-المروة-جدة-6745136,محل للبيع في جدة ، حي المروة ، جدة,150000,40,,,,3,حي المروة,جدة,شمال جدة,"محل احذية للتقبيل بجد في لولو هايبر ماركت المروه موقع استراتيجي 
مع الديكور  فخم وعمر المحل عامين ونصف",21.620134,39.215263,https://images.aqar.fm/webp/750x0/props/024056057_1782231570209.jpg,1,سلطان بن فؤاد بن خليل الصائغ,مكتب مراعي للخدمات العقارية,1,2026-06-23,,2026-06-23,45,2026-09-15,False,طلب تسويق,False,محل
6742305,https://sa.aqar.fm/محلات-للبيع/جدة/شمال-جدة/حي-بريمان/حي-شارع-محمد-بن-سريهيد-حي-بريمان-جدة-جدة-6742305,محل للبيع في حي ، شارع محمد بن سريهيد ، حي بريمان ، جدة ، جدة,60000,44,,,,0,حي بريمان,جدة,شمال جدة,محل مخبوزات وخليه ومعمل حلويات متكامل باجهزته وافرانه وادواته وفيه مواد خام تكفيه شهر قدام وشغال سبب البيع عدم التفرغ,21.653336,39.245583,https://images.aqar.fm/webp/750x0/props/043408202_1782068347146.jpg | https://images.aqar.fm/webp/750x0/props/043408200_1782068347152.jpg,2,مرزوق بن راجح بن مقبل البقمي,,,2026-06-21,,2026-06-21,19,2026-09-15,False,طلب تسويق,False,محل
6839971,https://sa.aqar.fm/محلات-للبيع/جدة/شمال-جدة/حي-الفيصلية/شارع-السموئل-حي-الفيصلية-مدينة-جدة-منطقة-مكة-المكرمة-6839971,"محل للبيع في شارع السموئل, حي الفيصلية, مدينة جدة, منطقة مكة المكرمة",2000000,40,,,,11,حي الفيصلية,جدة,شمال جدة,"للبيع معرض للمستثمرين والدخل 10%   في سوق محمود سعيد سوق نجد المعرض على الشارع  المساحة الدور الارضي 40م والميزان 30 م 
المعرض مؤجر  200.000 الف 
المطلوب / 2.000.000 مليون
كما يوجد معارض للبيع او للايجار 
في السوق 
للتواصل / 0508/559668",21.572718,39.182214,,,سوزان احمد,مؤسسة دعم المنازل للخدمات العقارية,1,2026-08-24,2026-08-24,2026-09-14,69,2026-09-15,True,"2,000,000",False,محل
6729637,https://sa.aqar.fm/محلات-للبيع/جدة/شمال-جدة/حي-الفيحاء/شارع-ابو-ذر-الغفاري-حي-الفيحاء-مدينة-جدة-منطقة-مكة-المكرمة-6729637,"محل للبيع في شارع ابو ذر الغفاري, حي الفيحاء, مدينة جدة, منطقة مكة المكرمة",750000,1666,,,,0,حي الفيحاء,جدة,شمال جدة,"من حي الفيحاء مخطط درب الحرمين 

محلات تجارية استثماريه تحت الإنشاء الدفع كاش البيع على الخارطه 

للحجز والاستفسار التواصل معنا",21.501911,39.239192,https://images.aqar.fm/webp/750x0/props/035142585_1781221134913.jpg | https://images.aqar.fm/webp/750x0/props/035142587_1781221134877.jpg | https://images.aqar.fm/webp/750x0/props/035142584_1781221134905.jpg | https://images.aqar.fm/webp/750x0/props/035142585_1781221134913.jpg | https://images.aqar.fm/webp/750x0/props/035142587_1781221134877.jpg | https://images.aqar.fm/webp/750x0/props/035142584_1781221134905.jpg,6,ابراهيم رافع ابراهيم الغامدي,مؤسسة ابراهيم رافع ابراهيم الغامدي للتطوير العقاري,1,2026-06-11,2026-08-09,2026-09-14,190,2026-09-15,True,"750,000",False,محل
6817340,https://sa.aqar.fm/محلات-للبيع/جدة/شمال-جدة/حي-طيبة/شارع-الدار-البيضاء-حي-طيبة-جدة-جدة-6817340,محل للبيع في شارع الدار البيضاء ، حي طيبة ، جدة ، جدة,45000,48,,,,1,حي طيبة,جدة,شمال جدة,المغسلة للتقبيل لعدم التفرغ,21.799166,39.142658,https://images.aqar.fm/webp/750x0/props/027560711_1786478473854.jpg | https://images.aqar.fm/webp/750x0/props/027560712_1786478473855.jpg | https://images.aqar.fm/webp/750x0/props/027560711_1786478473852.jpg | https://images.aqar.fm/webp/750x0/props/027560715_1786478473856.jpg | https://images.aqar.fm/webp/750x0/props/027560717_1786478473857.jpg | https://images.aqar.fm/webp/750x0/props/027560715_1786478473861.jpg | https://images.aqar.fm/webp/750x0/props/027560716_1786478473858.jpg | https://images.aqar.fm/webp/750x0/props/027560719_1786478491975.jpg | https://images.aqar.fm/webp/750x0/props/027560713_1786478491963.jpg | https://images.aqar.fm/webp/750x0/props/027560713_1786478491968.jpg,10,خالد بن فهد بن عبدالمجيد نجم الدين,,,2026-08-11,,2026-08-11,15,2026-09-15,False,طلب تسويق,False,محل
6861966,https://sa.aqar.fm/محلات-للبيع/جدة/شمال-جدة/حي-الحمراء/حي-الحمراء-جدة-جدة-6861966,محل للبيع في حي الحمراء ، جدة ، جدة,320000,113,,,,1,حي الحمراء,جدة,شمال جدة,"محل ٤ فتحات مجهز بالكامل لاي مشروع للتقبيل منهم فتحة بدورين يمكن تقبيله بالكامل ويمكن تقبيله بالفتحة ..
الفتحة الواحدة مطلوب فيها ٨٠ الف تقبيل وايجارها ٥٠ الف
يوجد منهم فتحة دورين مطلوب فيها تقبيل ١٠٠ الف وايجارها ٥٠ الف 
الموقع مميز جدا في اكثر الاماكن حيوية في مدينة جدة .
يمكن رؤية لوحة المكان من طريق المدينة النازل والطالع بكل وضوح .",21.538153,39.176662,https://images.aqar.fm/webp/750x0/props/017310240_1788781516310.jpg | https://images.aqar.fm/webp/750x0/props/017310247_1788781516297.jpg | https://images.aqar.fm/webp/750x0/props/017310241_1788781516320.jpg | https://images.aqar.fm/webp/750x0/props/017310247_1788781516325.jpg | https://images.aqar.fm/webp/750x0/props/017310249_1788781516329.jpg | https://images.aqar.fm/webp/750x0/props/017310242_1788781516307.jpg,6,علاء بن محمد بن فوزي شاهين,,,2026-09-07,,2026-09-07,14,2026-09-15,False,طلب تسويق,False,محل
6828887,https://sa.aqar.fm/محلات-للبيع/جدة/شمال-جدة/حي-الفلاح/شارع-النضير-بن-الحارث-حي-الفلاح-جدة-جدة-6828887,محل للبيع في شارع النضير بن الحارث ، حي الفلاح ، جدة ، جدة,90000,150,,,,1,حي الفلاح,جدة,شمال جدة,"محل عناية سيارات للتقبيل – جاهز بالكامل

للتقبيل محل عناية وتلميع سيارات مجهز بالكامل وجاهز للتشغيل مباشرة.

📍 الموقع: الحمدانية – جدة
🏪 المحل مجهز بتجهيزات وديكورات حديثة
🚗 مناسب للتلميع، النانو سيراميك، الحماية والعناية بالسيارات
🏠 يوجد سكن للعمال
🔑 جاهز للاستلام والتشغيل دون الحاجة لتأسيس من الصفر
📅 متبقي على الإيجار الحالي شهران

سبب التقبيل: عدم التفرغ.

فرصة مناسبة لمن يرغب في مشروع جاهز وموقع قائم.
التواصل للجادين فقط، والسعر قابل للتفاوض بالمعقول.",21.783895,39.185394,https://images.aqar.fm/webp/750x0/props/018944981_1787054793614.jpg | https://images.aqar.fm/webp/750x0/props/018944989_1787054793603.jpg,2,عبدالعزيز بن جابر بن علي مجرشي,,,2026-08-18,,2026-08-18,14,2026-09-15,False,طلب تسويق,False,محل
6789629,https://sa.aqar.fm/محلات-للبيع/جدة/شمال-جدة/حي-السلامة/شارع-شجاع-بن-وهب-حي-السلامة-مدينة-جدة-منطقة-مكة-المكرمة-6789629,"محل للبيع في شارع شجاع بن وهب, حي السلامة, مدينة جدة, منطقة مكة المكرمة",840000,480,,,,0,حي السلامة,جدة,شمال جدة,"محلات تجارية على ثلاثة شوراع استثماريه لاصحاب الكاش 

المشروع على الخارطه واصلين البناء الدور الثاني 

مساحة 63 السعر 840 الف كاش 

للحجز والاستفسار التواصل معنا",21.588656,39.153952,https://images.aqar.fm/webp/750x0/props/035142580_1784992195443.jpg | https://images.aqar.fm/webp/750x0/props/035142588_1784992195505.jpg | https://images.aqar.fm/webp/750x0/props/035142580_1784992195443.jpg | https://images.aqar.fm/webp/750x0/props/035142588_1784992195505.jpg,4,ابراهيم رافع ابراهيم الغامدي,مؤسسة ابراهيم رافع ابراهيم الغامدي للتطوير العقاري,1,2026-07-25,2026-08-23,2026-09-14,40,2026-09-15,True,"840,000",False,محل
6774414,https://sa.aqar.fm/محلات-للبيع/جدة/شمال-جدة/حي-الورود/شارع-سهل-بن-حنيف-حي-الورود-مدينة-جدة-منطقة-مكة-المكرمة-6774414,"محل للبيع في شارع سهل بن حنيف, حي الورود, مدينة جدة, منطقة مكة المكرمة",1100000,105,,,,0,حي الورود,جدة,شمال جدة,"عملائنا الكرام شركاء النجاح أسعد الله اوقاتكم بكل خير يسرنا ان نضع بين ايديكم فرصة ذهبية للمستثمرين والباحثين عن الأصول العقارية 

محلات تجارية للتمليك والاستثمار حي الورود  على شارع عبدالله سليمان 
مساحات تصل إلى  105م  بأسعار تبدأ من  مليون و 100 الف ريال 

بالقرب من مستشفى الحبيب ومستشفى شرق جدة والسلام مول ومول محمود سعيد  والاندلس مول 

موقع سكني تجاري مميز  بالقرب من طريق الملك عبدالعزيز و كورنيش جــدة",21.516896,39.205135,https://images.aqar.fm/webp/750x0/props/033121199_1784071963696.jpg | https://images.aqar.fm/webp/750x0/props/033121198_1784071963573.jpg | https://images.aqar.fm/webp/750x0/props/033121195_1784071963631.jpg | https://images.aqar.fm/webp/750x0/props/033121199_1784071963722.jpg | https://images.aqar.fm/webp/750x0/props/033121191_1784071963780.jpg | https://images.aqar.fm/webp/750x0/props/033121192_1784071963854.jpg | https://images.aqar.fm/webp/750x0/props/033121199_1784071963915.jpg | https://images.aqar.fm/webp/750x0/props/033121190_1784071963974.jpg | https://images.aqar.fm/webp/750x0/props/033121195_1784071964018.jpg | https://images.aqar.fm/webp/750x0/props/033121195_1784071964091.jpg | https://images.aqar.fm/webp/750x0/props/033121196_1784072096165.jpg,11,علي فهران مبروك ال دعياء,مؤسسة نجمة سندس التجارية,1,2026-07-14,2026-09-11,2026-09-14,158,2026-09-15,True,"1,100,000",False,محل
6750531,https://sa.aqar.fm/محلات-للبيع/جدة/شمال-جدة/حي-الورود/شارع-عبدالله-سليمان-الفرعي-حي-الورود-مدينة-جدة-منطقة-مكة-المكرمة-6750531,"محل للبيع في شارع عبدالله سليمان الفرعي, حي الورود, مدينة جدة, منطقة مكة المكرمة",1100000,105,,,,0,حي الورود,جدة,شمال جدة,"السلام عليكم ورحمة الله وبركاته -
 من حي الورود📍
شارع تجاري 
________________________
معرض وميزان 
المساحة105م 
السعر مليون ومئة ألف ريال 
________________________
موقع  استراتيجي  شارع عبدالله سليمان 
شارع 50م  
مواقف واسعة 
____________________
    *خــدمـــات قـريـبــة* 🏨🏪
   مسجد - حديقة - مدارس
   مستشفى الحبيب - مستشفى شرق جدة 
بالقرب من جامعة الملك عبدالعزيز 
   مول الاندلس - مول محمد سعيد - السلام مول
_________________________
🛣️ *موقع سكني تجاري مميز ،، بالقرب من طريق الملك عبدالعزيز و كورنيش جــدة*
     _________
للحجز والاستفسار ((الرقم يظهر عند الضغط على اتصال))",21.517152,39.205319,https://images.aqar.fm/webp/750x0/props/049739319_1782603746179.jpg | https://images.aqar.fm/webp/750x0/props/049739316_1782603746065.jpg | https://images.aqar.fm/webp/750x0/props/049739314_1782603746063.jpg | https://images.aqar.fm/webp/750x0/props/049739316_1782603746025.jpg | https://images.aqar.fm/webp/750x0/props/049739313_1782603746015.jpg | https://images.aqar.fm/webp/750x0/props/049739316_1782603746024.jpg | https://images.aqar.fm/webp/750x0/props/049739319_1782603746179.jpg | https://images.aqar.fm/webp/750x0/props/049739316_1782603746065.jpg | https://images.aqar.fm/webp/750x0/props/049739314_1782603746063.jpg | https://images.aqar.fm/webp/750x0/props/049739316_1782603746025.jpg | https://images.aqar.fm/webp/750x0/props/049739313_1782603746015.jpg | https://images.aqar.fm/webp/750x0/props/049739316_1782603746024.jpg,12,مي سعيد,مؤسسة مي سعيد الحربي العقارية,1,2026-06-27,2026-08-25,2026-09-11,118,2026-09-15,True,"1,100,000",False,محل
6716846,https://sa.aqar.fm/محلات-للبيع/جدة/شمال-جدة/حي-النزهة/شارع-عمر-بن-سعواء-حي-النزهة-مدينة-جدة-منطقة-مكة-المكرمة-6716846,"محل للبيع في شارع عمر بن سعواء, حي النزهة, مدينة جدة, منطقة مكة المكرمة",697000,875,,,,0,حي النزهة,جدة,شمال جدة,"​🚨 فرصة استثمارية استثنائية في حي النزهة 🚨

​محلات  تجارية للبيع 
📍 الموقع: حي النزهة - على شارع فؤاد شاكر (ظهير طريق المدينة المنورة مباشرة ونافذ إليه).
📐 المساحة: [ 31 ] متر مربع.
📐 السعر : [ 697,000] 
✨ أهم الميزات: موقع استراتيجي يربطك بأهم محاور جدة، حركة مرورية وتجارية ممتازة، ومثالي للبراندات والشركات.
✅️التصميم: واجهات عصرية وحديثة تناسب مختلف الأنشطة التجارية.",21.622074,39.155127,https://images.aqar.fm/webp/750x0/props/040274851_1780441799606.jpg | https://images.aqar.fm/webp/750x0/props/040274850_1780441799564.jpg | https://images.aqar.fm/webp/750x0/props/040274852_1780441799654.jpg | https://images.aqar.fm/webp/750x0/props/040274856_1780441799657.jpg | https://images.aqar.fm/webp/750x0/props/040274853_1780441799707.jpg,5,سعد ثعيل,شركة سعد ثعيل الاكلبي للاستثمار والتطوير,1,2026-06-02,2026-08-29,2026-09-09,687,2026-09-15,True,"697,000",False,محل
6824633,https://sa.aqar.fm/محلات-للبيع/جدة/شمال-جدة/حي-الرحاب/شارع-دلة-حي-الرحاب-مدينة-جدة-منطقة-مكة-المكرمة-6824633,"محل للبيع في شارع دلة, حي الرحاب, مدينة جدة, منطقة مكة المكرمة",770000,780,,,,0,حي الرحاب,جدة,شمال جدة,"فرصة استثمارية استثنائية في قلب حي الرحاب! محلات تجارية مميزة للبيع تقع مباشرة على شارع دلة الحيوي ونافذة على شارع المؤلفين. موقع يتسم بكثافة عالية ورؤية واضحة تضمن لعلامتك التجارية أقصى درجات الظهور والوصول لأكبر قاعدة من العملاء.

​الموقع: حي الرحاب – شارع دلة (نافذ إلى شارع المؤلفين).

​المميزات: واجهات واسعة، مساحات مفتوحة تناسب مختلف الأنشطة التجارية، حركة مشاة ومركبات مستمرة.
​الملاءمة: تجزئة، مطاعم، مقاهي، أو مكاتب شركاء.

_______________________________________
_______________________________________

السعر 770,000
47 + 27 + 
المساحة الإجمالية 77 م²",21.554964,39.220328,https://images.aqar.fm/webp/750x0/props/032644586_1786836249845.jpg | https://images.aqar.fm/webp/750x0/props/032644587_1786836249839.jpg | https://images.aqar.fm/webp/750x0/props/032644582_1786836249858.jpg | https://images.aqar.fm/webp/750x0/props/032644580_1786836249853.jpg | https://images.aqar.fm/webp/750x0/props/032644584_1786836249895.jpg | https://images.aqar.fm/webp/750x0/props/032644588_1786836250067.jpg | https://images.aqar.fm/webp/750x0/props/032644585_1786836250029.jpg | https://images.aqar.fm/webp/750x0/props/032644586_1786836249845.jpg | https://images.aqar.fm/webp/750x0/props/032644587_1786836249839.jpg | https://images.aqar.fm/webp/750x0/props/032644582_1786836249858.jpg | https://images.aqar.fm/webp/750x0/props/032644580_1786836249853.jpg | https://images.aqar.fm/webp/750x0/props/032644584_1786836249895.jpg | https://images.aqar.fm/webp/750x0/props/032644588_1786836250067.jpg | https://images.aqar.fm/webp/750x0/props/032644585_1786836250029.jpg,14,سعد ثعيل,شركة سعد ثعيل الاكلبي للاستثمار والتطوير,1,2026-08-15,2026-09-14,2026-09-14,91,2026-09-15,True,"770,000",False,محل
6789024,https://sa.aqar.fm/محلات-للبيع/جدة/شمال-جدة/حي-النعيم/شارع-النعيم-حي-النعيم-جدة-جدة-6789024,محل للبيع في شارع النعيم ، حي النعيم ، جدة ، جدة,65000,41,,,,3,حي النعيم,جدة,شمال جدة,"موقع مميز بشمال جدة حي النعيم شارع النعيم أو شارع الثلاثين عبارة عن محل بميزانين تحت عمائر سكنية وفندقية ومتوفر جميع الخدمات بهذا الشارع.
المحل مجهز بالكامل من بلاط جدران تيرانتيو وأرضية باركية واضاءة من لمبات ومفتاح كهرباء وسقف بالجبس البورد وتمديد مواصير للتكيف والتصريف وتمديد مياة وسباكة وبا اجود أنواع الخامات .
إيجاره ب 50 الف شامل الضريبة عل دفعتين . وممكن تغيير النشاط للمشتري مساحة المحل 4:50 في9:30
ملحوظة تقبيل المحل بدون اداوت الحلاقة والمكيفات
سكن 
المساحة 41 متر
عرض الشارع 30 متر",21.619938,39.147224,https://images.aqar.fm/webp/750x0/props/007461310_1784948977730.jpg | https://images.aqar.fm/webp/750x0/props/007461316_1784948977735.jpg | https://images.aqar.fm/webp/750x0/props/007461310_1784948977728.jpg | https://images.aqar.fm/webp/750x0/props/007461314_1784948977730.jpg | https://images.aqar.fm/webp/750x0/props/007461318_1784948977725.jpg | https://images.aqar.fm/webp/750x0/props/007461313_1784948977735.jpg | https://images.aqar.fm/webp/750x0/props/007461317_1784948977735.jpg | https://images.aqar.fm/webp/750x0/props/007461315_1784948977731.jpg,8,عبدالله عبدالعزيز محمدمكى الصائغ,,,2026-07-25,,2026-08-04,35,2026-09-15,False,طلب تسويق,False,محل
6783389,https://sa.aqar.fm/محلات-للبيع/جدة/شمال-جدة/حي-البوادي/شارع-قريش-حي-البوادي-جدة-جدة-6783389,محل للبيع في شارع قريش ، حي البوادي ، جدة ، جدة,250000,45,,,,0,حي البوادي,جدة,شمال جدة,"محل للتقبيل لعدم التفرغ 
محل فول و تميس و معصوب و عريكة كل شيء متوفر فيه و البضائع موجودة و فيه مخزن",21.600477,39.170952,https://images.aqar.fm/webp/750x0/props/027791483_1784616816665.jpg,1,احمد علي مشيمش,,,2026-07-21,,2026-07-21,48,2026-09-15,False,طلب تسويق,False,محل
6854366,https://sa.aqar.fm/محلات-للبيع/جدة/شمال-جدة/حي-الرحاب/شارع-ام-جودان-حي-الرحاب-مدينة-جدة-منطقة-مكة-المكرمة-6854366,"محل للبيع في شارع ام جودان, حي الرحاب, مدينة جدة, منطقة مكة المكرمة",770000,74,,,,0,حي الرحاب,جدة,شمال جدة,"موقع حيوي مميز وعلى شارع تجاري بعرض 30 مترًا، ليجمع بين جودة السكن وفرص الاستثمار

🛑محلات تجارية - استوديوهات استثمارية - روفات مميزة🛑
محلات تجارية ميزانين  بمساحة مختلفة وأسعار تنافسية 
أسعار تبدأ من 770 الف ريال مساحات تصل إلى 97م 

📍 موقع محاط بجميع الخدمات.
📐 تنوع في الوحدات.
✨ تشطيبات عالية الجودة.
🪟 شبابيك واسعة وأسقف مرتفعة.
🏠 أنظمة ذكية.
🛡️ ضمانات تصل إلى 25 سنة مع تأمين ضد العيوب الخفية.
💼 وحدات سكنية واستثمارية  بأسعار تبدأ من 255,000 ريال.

ملتزمون باختيار أفضل المواقع وتقديم أعلى معايير الجودة.",21.554923,39.222239,https://images.aqar.fm/webp/750x0/props/033121197_1789411972508.jpg | https://images.aqar.fm/webp/750x0/props/033121195_1788356508877.jpg | https://images.aqar.fm/webp/750x0/props/033121198_1788356508605.jpg | https://images.aqar.fm/webp/750x0/props/033121193_1788356508648.jpg | https://images.aqar.fm/webp/750x0/props/033121190_1788356508678.jpg | https://images.aqar.fm/webp/750x0/props/033121199_1788356508679.jpg | https://images.aqar.fm/webp/750x0/props/033121191_1788356508750.jpg | https://images.aqar.fm/webp/750x0/props/033121198_1788356508857.jpg | https://images.aqar.fm/webp/750x0/props/033121198_1788356508938.jpg | https://images.aqar.fm/webp/750x0/props/033121191_1789411972568.jpg,10,علي فهران مبروك ال دعياء,مؤسسة نجمة سندس التجارية,1,2026-09-02,2026-09-02,2026-09-14,42,2026-09-15,True,"770,000",False,محل
6716969,https://sa.aqar.fm/محلات-للبيع/جدة/شمال-جدة/حي-الروضة/شارع-الكيال-حي-الروضة-مدينة-جدة-منطقة-مكة-المكرمة-6716969,"محل للبيع في شارع الكيال, حي الروضة, مدينة جدة, منطقة مكة المكرمة",1000000,875,,,,0,حي الروضة,جدة,شمال جدة,"للبيع محلات تجارية بموقع ذهبي مستقبلي في أقوى نقطة جذب تجارية بجدة:


✅️ محلات تجارية السعر 1,000,000 مليون 
✅️ المساحة 64 متر  
✅️ المعرض مساحة 40 م.       الميزانين مساحة 24 م

📍 الموقع: حي الروضة - شارع الكيال (بين حمد الجاسر وعبدالمقصود خوجة).

🔥 المزايا: موقع استثنائي واعد بالحياة، كثافة مرورية عالية، وقوة شرائية مستهدفة ومضمونة للبراندات والشركات.

🏦المميزات: واجهات راقية، سهولة الدخول والخروج، ومساحات مرنة تناسب تطلعات الشركات والتوكيلات الكبرى.

✅️الهدف: مثالية جداً كمعارض رئيسية، بوتيكات فاخرة، أو كأصل عقاري يضمن أعلى العوائد الإيجارية

💡 النتيجة: قيمة عقارية تتصاعد يومياً وعائد استثماري منافس جداً.

للتواصل والاستفسار نسعد بتواصلكم معنا 
0536774373",21.567074,39.156932,https://images.aqar.fm/webp/750x0/props/032644581_1780462801400.jpg | https://images.aqar.fm/webp/750x0/props/032644583_1780462801391.jpg | https://images.aqar.fm/webp/750x0/props/032644588_1780462801391.jpg | https://images.aqar.fm/webp/750x0/props/032644588_1780462801514.jpg | https://images.aqar.fm/webp/750x0/props/032644582_1780462801459.jpg | https://images.aqar.fm/webp/750x0/props/032644580_1780462801630.jpg | https://images.aqar.fm/webp/750x0/props/032644581_1780462801400.jpg | https://images.aqar.fm/webp/750x0/props/032644583_1780462801391.jpg | https://images.aqar.fm/webp/750x0/props/032644588_1780462801391.jpg | https://images.aqar.fm/webp/750x0/props/032644588_1780462801514.jpg | https://images.aqar.fm/webp/750x0/props/032644582_1780462801459.jpg | https://images.aqar.fm/webp/750x0/props/032644580_1780462801630.jpg,12,سعد ثعيل,شركة سعد ثعيل الاكلبي للاستثمار والتطوير,1,2026-06-03,2026-08-29,2026-09-09,586,2026-09-15,True,"1,000,000",False,محل
6836737,https://sa.aqar.fm/محلات-للبيع/جدة/شمال-جدة/حي-الفيصلية/شارع-سعود-الفيصل-حي-الفيصلية-جدة-جدة-6836737,محل للبيع في شارع سعود الفيصل ، حي الفيصلية ، جدة ، جدة,1000000,64,,,,0,حي الفيصلية,جدة,شمال جدة,"محل مساحة 64 متر ميزانين 
جاهز للتسليم والإفراغ الفوري
في شارع سعود الفيصل شرق كوبري المربع 
المطلوب 
البيع / مليون ريال",21.564447,39.172199,https://images.aqar.fm/webp/750x0/props/004651088_1787480744734.jpg,1,ماجد احمد حسين داغستاني,,,2026-08-23,,2026-09-03,32,2026-09-15,False,طلب تسويق,False,محل
6804212,https://sa.aqar.fm/محلات-للبيع/بريدة/حي-مخطط-الرواف/شارع-سليمان-الحقيل-حي-الريان-مدينة-بريدة-منطقة-القصيم-6804212,"محل للبيع في شارع سليمان الحقيل, حي الريان, مدينة بريدة, منطقة القصيم",2200000,792,,,,0,حي مخطط الرواف,بريدة,حي مخطط الرواف,"للبيع أرض تجارية مؤجرة 
حي الريان شمال بريدة
المساحة 792.58 م
واجهة جنوبية شارع 40 م
الحد مليونين و200 الف
رقم القطعة 85
الكود 2730
https://maps.app.goo.gl/krZqw7EFP4KuSyZ98?g_st=ic
للتواصل:
((الرقم يظهر عند الضغط على اتصال))03277973",26.41021,43.912554,https://images.aqar.fm/webp/750x0/props/003001018_1785777277646.jpg,1,عبدالله خالد عبدالله الشريده,شركة دار دليل العقارية,1,2026-08-03,2026-09-01,2026-09-01,184,2026-09-15,True,"2,200,000",False,محل
6652777,https://sa.aqar.fm/محلات-للبيع/الرياض/شرق-الرياض/حي-القادسية/شارع-وادي-الخضر-حي-القادسية-مدينة-الرياض-منطقة-الرياض-6652777,"محل للبيع في شارع وادي الخضر, حي القادسية, مدينة الرياض, منطقة الرياض",7700000,2000,,,,0,حي القادسية,الرياض,شرق الرياض,"السلام عليكم
للبيع معرض على شارع 30 جنوبي

المساحة: 2000 متر

مؤجر حاليًا بـ 450,000 ريال سنويًا
ومتبقي على نهاية العقد اقل من 6 شهور

موقع مميز ومناسب للاستثمار

السوم: 7,700,000 ريال

📞 للتواصل: 0590001127
شركة صروح المدائن للعقارات

ترخيص إعلان رقم: 7200933457",24.830249,46.827576,https://images.aqar.fm/webp/750x0/props/016852652_1776072620151.jpg | https://images.aqar.fm/webp/750x0/props/016852655_1776072620158.jpg | https://images.aqar.fm/webp/750x0/props/016852658_1776077217122.jpg,3,فرحان عبدالله,شركة صروح المدائن للعقارات,1,2026-04-13,2026-09-05,2026-09-05,708,2026-09-15,True,"7,700,000",False,محل
6712469,https://sa.aqar.fm/محلات-للبيع/المدينة-المنورة/حي-الدفاع/شارع-الامام-ابن-ماجة-حي-الدفاع-مدينة-المدينة-المنورة-منطقة-المدينة-المنورة-6712469,"محل للبيع في شارع الامام ابن ماجة, حي الدفاع, مدينة المدينة المنورة, منطقة المدينة المنورة",3200000,1146,,,,10,حي الدفاع,المدينة المنورة,حي الدفاع,"للبيع معرض تجاري كبير على شارع ابن ماجه
قريبه من شارع الامام البخاري
المساحة ١١٤٦ متر
شارع ٤٠ غربي بطول ٣٣ متر
المعرض مؤجر بمبلغ ١٤٠٠٠٠ ريال سنويا
المطلوب ٣٢٠٠٠٠٠ ريال
 📌 لتسويق عقاراتكم باحترافية وفي زمن قياسي
الرجاء تزويدنا ببيانات عقاراتكم على واتساب
0537529880",24.448317,39.516649,https://images.aqar.fm/webp/750x0/props/001756483_1780971264245.jpg,1,عاصم بن عبدالمجيد,مؤسسة شروق العريض,1,2026-05-29,2026-08-25,2026-09-05,587,2026-09-15,True,"3,200,000",False,محل
6728861,https://sa.aqar.fm/محلات-للبيع/جدة/جنوب-جدة/حي-الجوهرة/شارع-الاميلح-حي-الجوهرة-مدينة-جدة-منطقة-مكة-المكرمة-6728861,"محل للبيع في شارع الاميلح, حي الجوهرة, مدينة جدة, منطقة مكة المكرمة",4500000,1200,,,,11,حي الجوهرة,جدة,جنوب جدة,"معرض تجاري مميز بموقع استراتيجي وحيوي في حي الجوهرة، على مساحة 1200 متر مربع، يتمتع بواجهة بارزة ومساحة واسعة تتيح تعدد الاستخدامات والأنشطة التجارية.

✔ موقع حيوي قريب من الخدمات والمحاور الرئيسية
✔ مناسب للمعارض والأنشطة التجارية المتنوعة
✔ مساحة كبيرة تمنح مرونة في الاستثمار والتشغيل
✔ فرصة مثالية لتحقيق عوائد استثمارية مجزية


📞 للاستفسار : ((الرقم يظهر عند الضغط على اتصال))",21.42753,39.252722,https://images.aqar.fm/webp/750x0/props/042402631_1781184954609.jpg,1,خالد حسين ابن منصور العساف,مؤسسة شموخ الارض العقارية,1,2026-06-11,2026-09-06,2026-09-14,247,2026-09-15,True,"4,500,000",False,محل
6762151,https://sa.aqar.fm/محلات-للبيع/بريدة/حي-الجامعيين/شارع-الملك-خالد-حي-الأفق-مدينة-بريدة-منطقة-القصيم-6762151,"محل للبيع في شارع الملك خالد, حي الأفق, مدينة بريدة, منطقة القصيم",1050000,301,,,,7,حي الجامعيين,بريدة,حي الجامعيين,"معرض تجاري للبيع - بريدة (طريق الملك خالد)📍
📊 تفاصيل العقار:
 السعر: السوم 860,000 ريال.
 الموقع: بريدة - طريق الملك خالد.
 المساحة: 301 م.
 رقم الترخيص: 7201030268.
 ❇️ رقم الإعلان: 645 ❇️
▬▬▬▬▬▬▬▬▬▬▬▬▬▬▬▬▬▬▬▬▬▬▬▬▬▬▬▬▬▬▬▬▬▬▬▬
📐 الواجهة والحدود:
 واجهة غربية شارع 40م.
▬▬▬▬▬▬▬▬▬▬▬▬▬▬▬▬▬▬▬▬▬▬▬▬▬▬▬▬▬▬▬▬▬▬▬▬
✨ مكونات وتفاصيل المعرض:
 معرض تجاري بموقع حيوي على طريق الملك خالد في حي الأفق بمساحة 301م.
 مناسب لمختلف الأنشطة والاستثمارات.
▬▬▬▬▬▬▬▬▬▬▬▬▬▬▬▬▬▬▬▬▬▬▬▬▬▬▬▬▬▬▬▬▬▬▬▬
🔍 مميزات إضافية:
 حالة التأجير: مؤجر حاليًا بـ 45,000 ريال.
 موقع حيوي في حي الأفق📍.
 تقبل البنك: ❌ (لا)
 توفر الضمانات: ❌ (لا)
▬▬▬▬▬▬▬▬▬▬▬▬▬▬▬▬▬▬▬▬▬▬▬▬▬▬▬▬▬▬▬▬▬▬▬▬
📞 للتواصل والاستفسار:
""مكتب واجهة الأفق العقارية""
 ((الرقم يظهر عند الضغط على اتصال))
 ((الرقم يظهر عند الضغط على اتصال))
 ((الرقم يظهر عند الضغط على اتصال))
 ((الرقم يظهر عند الضغط على اتصال))
 ((الرقم يظهر عند الضغط على اتصال))
📍 الموقع: طريق الملك خالد، حي الأفق، القصيم - بريدة",26.389589,43.952621,https://images.aqar.fm/webp/750x0/props/012271334_1783345186514.jpg,1,عبدالله الحربي,مكتب واجهة الافق للخدمات العقارية,1,2026-07-06,2026-08-23,2026-09-13,349,2026-09-15,True,"1,050,000",False,محل
6764636,https://sa.aqar.fm/محلات-للبيع/مكة-المكرمة/حي-الزهراء/شارع-91-الزهراء-الوسطى-حي-الزهراء-مدينة-مكة-المكرمة-منطقة-مكة-المكرمة-6764636,"محل للبيع في شارع 91 الزهراء الوسطى, حي الزهراء, مدينة مكة المكرمة, منطقة مكة المكرمة",10500000,679,,,,11,حي الزهراء,مكة المكرمة,حي الزهراء,"📢 فرصة استثمارية مميزة للبيع في مكة المكرمة (حي الهنداوية)
🏗️ مواصفات العقار:
 الموقع: مدينة مكة المكرمة - حي الهنداوية.
 المساحة الإجمالية: 679.39 متر مربع.
 مكونات العقار:
 5 فتحات دكاكين تجارية.
 مستودع خلفي .
 مبيتات سكنية مرافقة خلف المحلات.
📞 للتواصل والاستفسار:
للمزيد من التفاصيل أو التنسيق للمعاينة، يرجى التواصل عبر الاتصال أو الواتساب:
((الرقم يظهر عند الضغط على اتصال))",21.424267,39.801974,https://images.aqar.fm/webp/750x0/props/006511882_1783469363531.jpg,1,خالد ال فايد,مكتب التكتيك للخدمات العقارية,1,2026-07-08,2026-08-06,2026-09-12,249,2026-09-15,True,"10,500,000",False,محل
6741836,https://sa.aqar.fm/محلات-للبيع/الرياض/جنوب-الرياض/حي-السلي/شارع-الحاوي-حي-السلي-مدينة-الرياض-منطقة-الرياض-6741836,"محل للبيع في شارع الحاوي, حي السلي, مدينة الرياض, منطقة الرياض",12000000,3750,,,,11,حي السلي,الرياض,جنوب الرياض,"معرض شاحنات وسيارات للإيجار 🚗

فرصة مميزة لإقامة معرض شاحنات وسيارات بموقع مناسب ومساحة واسعة.

📐 مساحة المعرض: 3,750 متر مربع
مناسب لعرض الشاحنات والسيارات، مع إمكانية استغلال المساحة بشكل ممتاز للنشاط التجاري.

📍 موقع مميز يخدم الأنشطة التجارية والمعارض",24.625311,46.839294,https://images.aqar.fm/webp/750x0/props/003836161_1782049524362.jpg,1,سليمان عبدالرحمن فوزان الفوزان,شركة هيوج العقارية,1,2026-06-21,2026-08-18,2026-08-29,380,2026-09-15,True,"12,000,000",False,محل
6689694,https://sa.aqar.fm/محلات-للبيع/الرياض/شرق-الرياض/حي-النسيم-الغربي/شارع-عرين-حي-النسيم-الغربي-مدينة-الرياض-منطقة-الرياض-6689694,"محل للبيع في شارع عرين, حي النسيم الغربي, مدينة الرياض, منطقة الرياض",1200000,39,,,,8,حي النسيم الغربي,الرياض,شرق الرياض,"🏢 رقم العقار: 371
🔺 محل تجاري للبيع – أسواق حجاب | النسيم الغربي – الرياض 🔺
💼 فرصة استثمارية جاهزة في موقع تجاري نشط وحيوي

🏬 تفاصيل العقار:
📍 محل تجاري داخل سوق قائم
📐 المساحة: 39.5 م²
📄 صك إلكتروني محدث وجاهز للإفراغ

📌 رقم القطعة: 14 / 16

📍 الموقع:
📍 حي النسيم الغربي – الرياض
📍 داخل أسواق حجاب (موقع تجاري نشط)

🚗 وصول سهل من عدة طرق رئيسية

🏙️ مميزات الموقع:
📈 كثافة سكانية عالية
🛍️ منطقة تجارية نشطة
🚶‍♂️ حركة مشاة مستمرة
🏪 محيط مليء بالمحلات والخدمات
💼 مناسب لكافة الأنشطة التجارية

✨ مميزات العقار:
🏬 موقع داخل سوق قائم ومشغّل
📍 موقع جيد داخل السوق
💰 فرصة استثمار بعائد ممتاز
🔑 جاهز للتشغيل أو التأجير
📊 مناسب للاستثمار طويل المدى

💰 سعر البيع:
💵 1,200,000 ريال

📍 رابط الموقع:
https://maps.app.goo.gl/Xs3gzxG425NkFhP98

📲 للتواصل:
https://wa.me/message/3EDTG2JNTPQQD1

🏢 شركة غزارة العقارية
تسويق عقاري – إدارة أملاك – بيع وشراء",24.726938,46.825479,https://images.aqar.fm/webp/750x0/props/004814741_1783756680007.jpg | https://images.aqar.fm/webp/750x0/props/004814748_1778362521576.jpg,2,هشام مساعد,مؤسسة غزارة العقارية,1,2026-05-09,2026-09-03,2026-09-07,1051,2026-09-15,True,"1,200,000",False,محل
6545513,https://sa.aqar.fm/محلات-للبيع/الرياض/شرق-الرياض/حي-القادسية/شارع-وادي-الصخيرة-حي-القادسية-مدينة-الرياض-منطقة-الرياض-6545513,"محل للبيع في شارع وادي الصخيرة, حي القادسية, مدينة الرياض, منطقة الرياض",2000000,324,,,,4,حي القادسية,الرياض,شرق الرياض,"معرض للبيع – فرصة استثمارية
📍 حي القادسية – شارع وادي الصخيرات
واجهة شمالية شارع 18م – ارتداد نظامي 3م
مبنى نظامي كامل الشهادات
مؤجر حالياً (فحص كمبيوتر مركبات)
💰 دخل سنوي: 100–120 ألف
🛡️ تأمين 10 سنوات (ملاذ – التعاونية)",24.827143,46.82448,https://images.aqar.fm/webp/750x0/props/044139654_1768326365596.jpg,1,سلطان العنزي,شركة وقش العقارية,1,2026-01-13,2026-09-03,2026-09-03,1084,2026-09-15,True,"2,000,000",False,محل
6849490,https://sa.aqar.fm/محلات-للبيع/الرياض/شرق-الرياض/حي-النسيم-الغربي/شارع-عبدالحكيم-الجمحي-حي-النسيم-الغربي-مدينة-الرياض-منطقة-الرياض-6849490,"محل للبيع في شارع عبدالحكيم الجمحي, حي النسيم الغربي, مدينة الرياض, منطقة الرياض",1300000,50,,,,4,حي النسيم الغربي,الرياض,شرق الرياض,"🏢 رقم العقار: 8005
🔺 محل تجاري للبيع – أسواق حجاب | النسيم الغربي – شرق الرياض 🔺
 فرصة استثمارية مميزة في موقع تجاري نشط داخل أسواق حجاب
محل تجاري مؤجر حالياً، بموقع زاوية مميز عند مدخل المجمع، مما يمنحه وضوحاً وحركة جيدة داخل السوق.

🏠 تفاصيل العقار:

* المساحة: 50 م²
* محل تجاري مؤجر
* موقع زاوية
* يقع عند مدخل المجمع
* داخل أسواق حجاب
* الإيجار الحالي: 42,000 ريال سنوياً
* الإيجار قابل للزيادة

💰 سعر البيع:

🔥 1,300,000 ريال

📈 العقار مؤجر حالياً بعائد إيجاري قائم، مع إمكانية زيادة الإيجار مستقبلاً.

📍 الموقع:

* حي النسيم الغربي – شرق الرياض
* داخل أسواق حجاب
* موقع زاوية عند مدخل المجمع
* يقع ضمن منطقة تجارية نشطة في النسيم الغربي
* قريب من طريق الإمام أحمد بن حنبل
* قريب من طريق أسامة بن زيد
* بالقرب من المحلات والأسواق والأنشطة التجارية
* موقع مناسب للاستثمار في منطقة تشهد حركة تجارية ومشاة

ويُعد أسواق حجاب من المواقع التجارية المعروفة في النسيم الغربي، وتوجد حوله مجموعة متنوعة من المحلات والخدمات والأنشطة التجارية.

📍 رابط الموقع:
https://maps.app.goo.gl/XyZr98asbZktVjYUA

🏢 شركة غزارة العقارية

رخصة الإعلان: 7201110156",24.725207,46.823768,https://images.aqar.fm/webp/750x0/props/004814746_1788113079763.jpg | https://images.aqar.fm/webp/750x0/props/004814743_1788113079772.jpg,2,هشام مساعد,مؤسسة غزارة العقارية,1,2026-08-30,2026-08-30,2026-08-30,210,2026-09-15,True,"1,300,000",False,محل
6689697,https://sa.aqar.fm/محلات-للبيع/الرياض/شرق-الرياض/حي-النسيم-الغربي/شارع-أبي-الثناء-المقرئ-حي-النسيم-الغربي-مدينة-الرياض-منطقة-الرياض-6689697,"محل للبيع في شارع أبي الثناء المقرئ, حي النسيم الغربي, مدينة الرياض, منطقة الرياض",1300000,40,,,,8,حي النسيم الغربي,الرياض,شرق الرياض,"🏢 رقم العقار: 372
🔺 محل تجاري للبيع – أسواق حجاب | النسيم الغربي – الرياض 🔺
💼 فرصة استثمارية جاهزة في موقع تجاري نشط وحيوي

🏬 تفاصيل العقار:
📍 محل تجاري داخل سوق قائم ومشغّل
📐 المساحة: 40 م²
🧱 تقسيم مناسب للأنشطة التجارية
📄 صك إلكتروني محدث وجاهز للإفراغ

📌 رقم القطعة: 26 / 28

📍 الموقع:
📍 حي النسيم الغربي – الرياض
📍 داخل أسواق حجاب (موقع تجاري نشط)

🚗 سهولة وصول عالية من عدة محاور رئيسية

🏙️ مميزات الموقع:
📈 كثافة سكانية عالية
🛍️ حركة تجارية نشطة يومياً
🚶‍♂️ كثافة مشاة داخل السوق
🏪 محاط بأنشطة تجارية متنوعة
💼 مناسب لمختلف الأنشطة (ملابس – خدمات – بيع بالتجزئة)

✨ مميزات العقار:
🏬 داخل سوق معروف ومشغّل
📍 موقع استراتيجي داخل السوق
💰 مناسب للاستثمار بعائد جيد
🔑 جاهز للتشغيل أو التأجير
📊 فرصة دخل ثابت

💰 سعر البيع:
💵 1,300,000 ريال

📍 رابط الموقع:
https://maps.app.goo.gl/7ejBicbV1Cz94Bbh7

📲 للتواصل:
https://wa.me/message/3EDTG2JNTPQQD1

🏢 شركة غزارة العقارية
تسويق عقاري – إدارة أملاك – بيع وشراء",24.728334,46.823339,https://images.aqar.fm/webp/750x0/props/004814741_1783756722161.jpg | https://images.aqar.fm/webp/750x0/props/004814744_1778362675708.jpg,2,هشام مساعد,مؤسسة غزارة العقارية,1,2026-05-09,2026-09-03,2026-09-07,848,2026-09-15,True,"1,300,000",False,محل
6727382,https://sa.aqar.fm/محلات-للبيع/الدمام/حي-العنود/شارع-الملك-عبدالعزيز-ابن-عبدالرحمن-سعود-حي-العنود-مدينة-الدمام-المنطقة-الشرقية-6727382,"محل للبيع في شارع الملك عبدالعزيز ابن عبدالرحمن سعود, حي العنود, مدينة الدمام, المنطقة الشرقية",185000,25,,,,11,حي العنود,الدمام,حي العنود,"* للبيع محل تجاري بالأسواق الدولية رقم المحل 1089
 قريب جدا من شارع الملك عبدالعزيز منطقة حيوية و استراتيجية
في حي العنود
موقع مميز و استراتيجي بالحي
مواصفاتها كالاتي
محل تجاري
* مساحة 25 م
* شمالا دكان 497 بطول 5 م
* جنوبا ممر 7.5 م بطول 5 م
* شرقا دكان 36 و الدكان 498 بطول 5 م
* غربا ممر 7.5 م بطول 5 م
مؤجر 13500﷼ الدفع كل 6 شهور مقدما 
السعر 185000 ريال قابل للتفاوض
* للتواصل اتصال او واتس اب ((الرقم يظهر عند الضغط على اتصال)) يفضل التواصل
على الجوال لعدم التواجد بالموقع بشكل مستمر
نرجو مراعة اوقات التواصل علما ان اوقات العمل الرسمي من 10 صباحا الى 6 مساءا من السبت الى الخميس
* يسعدنا استقبال طلباتكم و عروضكم
مكتبنا مرخص من هيئة العقار لعمل مزادات علنيه
ويوجد لدينا عمل عقود الكترونيه",26.452489,50.066963,https://images.aqar.fm/webp/750x0/props/009762578_1781104390851.png | https://images.aqar.fm/webp/750x0/props/009762576_1781104390853.png | https://images.aqar.fm/webp/750x0/props/009762579_1781104397424.png,3,أحمد عبدالاله احمد السمين,مكتب احمد عبدالاله السمين العقاري,1,2026-06-10,2026-09-05,2026-09-13,1065,2026-09-15,True,"185,000",False,محل
6804248,https://sa.aqar.fm/محلات-للبيع/بريدة/حي-الرحاب/شارع-عمر-بن-الخطاب-حي-النور-مدينة-بريدة-منطقة-القصيم-6804248,"محل للبيع في شارع عمر بن الخطاب, حي النور, مدينة بريدة, منطقة القصيم",620000,78,,,,0,حي الرحاب,بريدة,حي الرحاب,"https://maps.app.goo.gl/WRU8a4jWQNqFwaoT8?g_st=ic

للبيع معرض تجاري حي التوفيق شمال بريدة
طريق عمر بن الخطاب
رقم المعرض 7

الكود 2741
للتواصل:
((الرقم يظهر عند الضغط على اتصال))03277973",26.460689,43.887865,https://images.aqar.fm/webp/750x0/props/003001012_1785778000521.jpg,1,عبدالله خالد عبدالله الشريده,شركة دار دليل العقارية,1,2026-08-03,2026-09-01,2026-09-01,90,2026-09-15,True,"620,000",False,محل
6536406,https://sa.aqar.fm/محلات-للبيع/عنيزة/حي-الاشرفية/حي-الأشرفية-مدينة-عنيزه-منطقة-القصيم-6536406,"محل للبيع في حي الأشرفية, مدينة عنيزه, منطقة القصيم",1200000,541,,,,11,حي الاشرفية,عنيزة,حي الاشرفية,"للبيع صالة تجارية على طريق  محمد عبدالله القاضي بشرق الاشرفية
المساحة: 541م
شارع عرض30 بطول 20 م
الصالة مؤجره 

رقم رخصة فال 120003309
رقم الترخيص الاعلاني 7200038628

سهم العقارية 
للتواصل
((رقم المعلن يظهر عند التواصل)).               ((رقم المعلن يظهر عند التواصل))
((رقم المعلن يظهر عند التواصل)).              ((رقم المعلن يظهر عند التواصل))",26.10439,44.011247,https://images.aqar.fm/webp/750x0/props/026021332_1695201303764.jpg,1,أسماء محمد,مؤسسة سهم المطور العقارية,1,2026-01-06,2026-01-06,2026-09-13,514,2026-09-15,True,"1,200,000",False,محل
6747293,https://sa.aqar.fm/محلات-للبيع/مكة-المكرمة/حي-الملك-فهد/شارع-يزيد-بن-الاسود-رضي-الله-عنة-حي-الشامية-الجديد-مدينة-مكة-المكرمة-منطقة-مكة-المكرمة-6747293,"محل للبيع في شارع يزيد بن الاسود رضي الله عنة, حي الشامية الجديد, مدينة مكة المكرمة, منطقة مكة المكرمة",4500000,622,,,,0,حي الملك فهد,مكة المكرمة,حي الملك فهد,$5d,21.306462,39.699276,https://images.aqar.fm/webp/750x0/props/046747132_1782372970491.jpg | https://images.aqar.fm/webp/750x0/props/046747132_1782372897582.jpg | https://images.aqar.fm/webp/750x0/props/046747133_1782372897596.jpg | https://images.aqar.fm/webp/750x0/props/046747139_1782372897647.jpg | https://images.aqar.fm/webp/750x0/props/046747135_1782372897668.jpg,5,احمد محمد,مؤسسة 1اكتوبر,1,2026-06-25,2026-06-25,2026-09-12,207,2026-09-15,True,"4,500,000",False,محل
6872800,https://sa.aqar.fm/محلات-للبيع/عنيزة/حي-الهداء/شارع-الشيخ-صالح-عثمان-القاضي-حي-وسط-المدينة-مدينة-عنيزه-منطقة-القصيم-6872800,"محل للبيع في شارع الشيخ صالح عثمان القاضي, حي وسط المدينة, مدينة عنيزه, منطقة القصيم",516000,516,,,,5,حي الهداء,عنيزة,حي الهداء,"للبيع محل تجاري بوسط عنيزة

مساحة الارض 516م 

 الواجهة جنوبية على شارع 18م


------------------------------------

 سهم للاستثمارت العقارية 
المبيعات

((رقم المعلن يظهر عند التواصل)) - ((رقم المعلن يظهر عند التواصل)) - ((رقم المعلن يظهر عند التواصل))

الايجار 
((رقم المعلن يظهر عند التواصل)) -   ((رقم المعلن يظهر عند التواصل))

حساب السناب 
https://snapchat.com/t/WRncqIeP",26.093804,43.984021,https://images.aqar.fm/webp/750x0/props/048161597_1757525573760.png | https://images.aqar.fm/webp/750x0/props/048161591_1757523484154.jpg | https://images.aqar.fm/webp/750x0/props/048161593_1757523489326.jpg,3,أسماء محمد,مؤسسة سهم المطور العقارية,1,2026-09-13,2026-09-13,2026-09-13,9,2026-09-15,True,"516,000",False,محل
6394162,https://sa.aqar.fm/محلات-للبيع/عفيف/حي-المعارض/شارع-طريق-التشريفات-حي-الوسام-مدينة-عفيف-منطقة-الرياض-6394162,"محل للبيع في شارع طريق التشريفات, حي الوسام, مدينة عفيف, منطقة الرياض",900000,615,,,,0,حي المعارض,عفيف,حي المعارض,"🔹للبيع أو الإيجار صالة تجارية بحي الوسام ( طريق التشريفات ) بمحافظة عفيف

🔸المساحة | 615 متر 

  🔸رقم المخطط | 857 

🔸رقم القطعة | 342

🔸الواجهة | شرقية شارع 40 

[ مساحة الصالة 350 متر ]
 [تحتوي على مكتب ودورة مياه ومواقف للسيارات ]
[مجهزة بكميرات مراقبة وأجهزة إنذار إطفاء ] 

🔸سعر البيع الصافي | 900 الف 
🔹سعر الايجار الصافي | 32 الف سنوي 

رقم رخصة فال | 1200020594
رقم ترخيص الاعلان | 7200690446",23.880909,42.884303,https://images.aqar.fm/webp/750x0/props/003395474_1758562942877.jpg | https://images.aqar.fm/webp/750x0/props/003395479_1758562942872.jpg | https://images.aqar.fm/webp/750x0/props/003395478_1758562942888.jpg | https://images.aqar.fm/webp/750x0/props/003395471_1758562942884.jpg | https://images.aqar.fm/webp/750x0/props/003395474_1758562942872.jpg | https://images.aqar.fm/webp/750x0/props/003395476_1758562942880.jpg | https://images.aqar.fm/webp/750x0/props/003395478_1758562942913.jpg | https://images.aqar.fm/webp/750x0/props/003395478_1758562942881.jpg | https://images.aqar.fm/webp/750x0/props/003395477_1758562956973.jpg,9,سعد عايض,شركة همة الجزيرة العقارية,1,2025-09-22,2025-09-22,2026-06-14,653,2026-09-15,True,"900,000",False,محل
6844094,https://sa.aqar.fm/محلات-للبيع/حفر-الباطن/حي-الصناعية/شارع-الصناعية-56-حي-الصناعية-مدينة-حفر-الباطن-المنطقة-الشرقية-6844094,"محل للبيع في شارع الصناعية 56, حي الصناعية, مدينة حفر الباطن, المنطقة الشرقية",1800000,450,,,,11,حي الصناعية,حفر الباطن,حي الصناعية,"🚗🏢 **معرض سيارات / مجمع تجاري للبيع**
📍 حي الصناعية – حفر الباطن / على ارضين | 900 م²


✨ **فرصة استثمارية مميزة** ✨

لاصحاب الاستثمار  بموقع حيوي وسط منطقة النشاط التجاري وحركة العملاء اليومية 🔥



📋 **المواصفات**
🏷️ نوع العقار: مجمع تجاري / معرض سيارات
🏬 الاستخدام: تجاري
📐 المساحة: 900 م
🧭 الاتجاه: يفتح شرقاً
🛣️ الشارع: تجاري بعرض 30 م
📌 الموقع: حي الصناعية – حفر الباطن


⭐ **المميزات**
✅ واجهة تجارية واسعة على شارع 30 م = ظهور تسويقي عالي 👀
✅ مساحة مناسبة للاستخدام المباشر أو التأجير كوحدات تجارية 🏪
✅ قابل للاستثمار الفوري بدخل تأجيري مجزٍ 💵
✅ سهولة الوصول وقرب من الطرق الرئيسية 🚙

💰 **السعر:** 1,800,000 



📞 للاستفسار والمعاينة   ((الرقم يظهر عند الضغط على اتصال))
🏢 شركة  داركو سي العقارية",28.434252,46.044307,https://images.aqar.fm/webp/750x0/props/004529492_1787815430734.png,1,عبدالله بن فياض بن عيفان الشمري,مكتب داركو سي العقارية,1,2026-08-27,2026-08-27,2026-09-12,32,2026-09-15,True,"1,800,000",False,محل
6844104,https://sa.aqar.fm/محلات-للبيع/حفر-الباطن/حي-الصناعية/شارع-الصناعية-52-حي-الصناعية-مدينة-حفر-الباطن-المنطقة-الشرقية-6844104,"محل للبيع في شارع الصناعية 52, حي الصناعية, مدينة حفر الباطن, المنطقة الشرقية",4000000,500,,,,11,حي الصناعية,حفر الباطن,حي الصناعية,"🏢 للبيع مجمع خدمات سيارات متكامل — حي الصناعية، حفر الباطن

فرصة استثمارية مميزة لمجمع تجاري جاهز ويعمل، بموقع حيوي في قلب الحي الصناعي وعلى شارع تجاري بعرض 30 متر، بواجهة جنوبية وحركة مرور عالية.

📐 المساحة: 1000 م²
🧭 الاتجاه: يفتح جنوب على شارع 30م
🏙️ التصنيف: تجاري
📍 الحي: الصناعية — حفر الباطن

✨ مكونات المجمع:

🚿 مغسلة سيارات
🚗 مكتب خدمات المعارض
🛡️ مكتب خدمات تأمين
☕ كوفي شوب
🛏️ 8 غرف للسكن
    💰 **السعر:** 4,000,000 ريال  

💡 لماذا هذا العرض؟
• دخل تشغيلي متنوّع من أكثر من نشاط داخل المجمع
• جاهز بالكامل ولا يحتاج تجهيزات — استثمار مباشر من أول يوم
• موقع مطلوب داخل الحي الصناعي وقريب من الورش والمعارض


📞 للتواصل والاستفسار أو تنسيق معاينة:
((الرقم يظهر عند الضغط على اتصال))",28.435324,46.044388,https://images.aqar.fm/webp/750x0/props/004529490_1787816581651.png,1,عبدالله بن فياض بن عيفان الشمري,مكتب داركو سي العقارية,1,2026-08-27,2026-08-27,2026-09-12,26,2026-09-15,True,"4,000,000",False,محل
6846415,https://sa.aqar.fm/محلات-للبيع/الخفجي/حي-العزيزية/شارع-طريق-الملك-فيصل-حي-العزيزية-مدينة-الخفجي-المنطقة-الشرقية-6846415,"محل للبيع في شارع طريق الملك فيصل, حي العزيزية, مدينة الخفجي, المنطقة الشرقية",9000000,2560,,,,8,حي العزيزية,الخفجي,حي العزيزية,"معرض تجاري                
    على طريق الملك فيصل",28.445266,48.495812,https://images.aqar.fm/webp/750x0/props/016177883_1787948231150.jpg | https://images.aqar.fm/webp/750x0/props/016177885_1787948231147.jpg,2,اديب صالح حسن الاحيدب,مكتب الوسيط الدائم للعقارات,1,2026-08-28,2026-08-28,2026-08-28,236,2026-09-15,True,"9,000,000",False,محل
6814120,https://sa.aqar.fm/محلات-للبيع/الدمام/حي-مدينة-العمال/شارع-طريق-الملك-فهد-بن-عبد-العزيز-حي-مدينة-العمال-مدينة-الدمام-المنطقة-الشرقية-6814120,"محل للبيع في شارع طريق الملك فهد بن عبد العزيز, حي مدينة العمال, مدينة الدمام, المنطقة الشرقية",6500000,471,,,,2,حي مدينة العمال,الدمام,حي مدينة العمال,"للبيع عماره تجاريه موقع مميز في الدمام حي مدينة العمال طريق الملك فهد بالقرب من استاد الامير محمد بن فهد 

- البناء على ارضين تجارية باجمالي مساحة (زاويه 471+336م بطن) = 807م

-  6 معارض تجاريه من دورين بمساحة 101 م اجمالي المساحه للمعرض.

- الموقع مزود بانظمة حريق مع عقد صيانه سنتين+ انظمه امنيه + مواقف .

- مؤجر لشركات تاجير سيارات بعقد لمدة 5 سنوات صافي الدخل السنوي 540 الف ريال

- العقار جديد عمر المبنى سنتين.

- متوفر شهاده الامتثال

مطلوب صافي 6,5 مليون

للاستفسار : ابو محمد 6 3 8 8 5 8 5 5 5 0",26.428169,50.107925,https://images.aqar.fm/webp/750x0/props/002282102_1786352434395.jpg | https://images.aqar.fm/webp/750x0/props/002282103_1786352434282.jpg,2,ابراهيم محمد,مكتب ديوان المراسم العقاري,1,2026-08-10,2026-08-10,2026-09-12,243,2026-09-15,True,"6,500,000",False,محل
6832787,https://sa.aqar.fm/محلات-للبيع/القطيف/حي-الشاطئ/شارع-حمزة-ابن-عبدالمطلب-حي-شاطىء-القطيف-مدينة-القطيف-المنطقة-الشرقية-6832787,"محل للبيع في شارع حمزة ابن عبدالمطلب, حي شاطىء القطيف , مدينة القطيف, المنطقة الشرقية",450000,81,,,,8,حي الشاطئ,القطيف,حي الشاطئ,محل تجاري للبيع مؤجر بالكامل يدر دخل سنوي 25 ألف ريال للتواصل ((الرقم يظهر عند الضغط على اتصال)),26.558812,50.045851,https://images.aqar.fm/webp/750x0/props/044235943_1787231267023.png | https://images.aqar.fm/webp/750x0/props/044235949_1787231271815.jpg,2,حسام بن مهدي,مؤسسة مكتب خبير الخليج للعقارات,1,2026-08-20,2026-08-20,2026-08-20,203,2026-09-15,True,"450,000",False,محل
6849197,https://sa.aqar.fm/محلات-للبيع/ثادق/حي-الديرة-القديمة/شارع-فيصل-بن-عبدالعزيز-حي-القادسية-مدينة-حوطه-سدير-منطقة-الرياض-6849197,"محل للبيع في شارع فيصل بن عبدالعزيز, حي القادسية, مدينة حوطه سدير, منطقة الرياض",1800000,625,,,,3,حي الديرة القديمة,ثادق,حي الديرة القديمة,"فرصة استثمارية مميزة لامتلاك معرض تجاري على شارع الملك فيصل في حوطة سدير، أحد الشوارع الرئيسية والحيوية في المنطقة.

* 📍 الموقع: شارع الملك فيصل – حوطة سدير
* 📐 المساحة: 625 م²
* 📏 الأبعاد: 25 × 25 متر
* 🛣️ عرض الشارع: 50 متر
* ⭐ الموقع: شارع رئيسي وحيوي
* ⛽ بجوار محطة الدريس
* 🏢 مناسبة لمختلف الأنشطة والمشاريع التجارية والاستثمارية

موقع استراتيجي وحيوي يمنح الأرض ميزة استثمارية قوية، مع سهولة الوصول ووضوح الموقع على أحد أهم الشوارع في حوطة سدير",25.589123,45.63047,https://images.aqar.fm/webp/750x0/props/016666042_1788104516757.png,1,خالد بن صالح,مكتب سعي الخير للخدمات العقارية,1,2026-08-30,2026-08-30,2026-08-30,83,2026-09-15,True,"1,800,000",False,محل
6701517,https://sa.aqar.fm/محلات-للبيع/سكاكا/حي-مخطط-الفيصلي/شارع-عبدالرحمن-بن-اسامة-حي-الفيصلية-مدينة-سكاكا-منطقة-الجوف-6701517,"محل للبيع في شارع عبدالرحمن بن اسامة, حي الفيصلية, مدينة سكاكا, منطقة الجوف",2200000,900,,,,11,حي مخطط الفيصلي,سكاكا,حي مخطط الفيصلي,عقار تجاري مساحة ٩٠٠م على طريق الملك خالد مباشرة يتكون من ٦ محلات تجارية,29.93061,40.188705,https://images.aqar.fm/webp/750x0/props/038059050_1779052778804.jpg,1,بشرى الهنا فيصل مصطفى البديوي,مؤسسة مرجان المجد العقارية,1,2026-05-17,2026-05-17,2026-06-04,212,2026-09-15,True,"2,200,000",False,محل
6638007,https://sa.aqar.fm/محلات-للبيع/البكيرية/حي-مخطط-المحمدية/شارع-محمد-بن-الحنفيه-حي-الصفاء-مدينة-البكيرية-منطقة-القصيم-6638007,"محل للبيع في شارع محمد بن الحنفيه, حي الصفاء, مدينة البكيرية, منطقة القصيم",300000,539,,,,8,حي مخطط المحمدية,البكيرية,حي مخطط المحمدية,"للبيـــــع 6 محلات تجارية + حوش 

المـــوقع: البكيرية (حي المنار)

المساحة : 539.7

الواجهة : شارع عرض 30 م غربا + شارع عرض 12 م شمالا
-------------------------------
رقم ترخيص الإعلان: 7200828164
رقم عقــد الوساطة: 6200783173

""السعر تقريبي""

للتواصل مع مستشارك العقاري :

0535058558 - 0534511021 - 0552136626",26.157203,43.622661,https://images.aqar.fm/webp/750x0/props/003907437_1775059513103.jpg | https://images.aqar.fm/webp/750x0/props/003907430_1775059513104.jpg | https://images.aqar.fm/webp/750x0/props/003907437_1775059513491.jpg | https://images.aqar.fm/webp/750x0/props/003907438_1775059513104.jpg | https://images.aqar.fm/webp/750x0/props/003907431_1775059513363.jpg | https://images.aqar.fm/webp/750x0/props/003907430_1775059513306.jpg | https://images.aqar.fm/webp/750x0/props/003907432_1775059513105.jpg | https://images.aqar.fm/webp/750x0/props/003907438_1775059513114.jpg | https://images.aqar.fm/webp/750x0/props/003907434_1775059513323.jpg,9,بدر بن علي بن صالح الحبيب,مكتب بدر علي الحبيب العقاري,1,2026-04-01,2026-08-16,2026-08-16,743,2026-09-15,True,"300,000",False,محل
6709675,https://sa.aqar.fm/محلات-للبيع/حفر-الباطن/حي-العزيزية/شارع-الامير-متعب-بن-عبدالعزيز-حي-العزيزية-مدينة-حفر-الباطن-المنطقة-الشرقية-6709675,"محل للبيع في شارع الامير متعب بن عبدالعزيز, حي العزيزية, مدينة حفر الباطن, المنطقة الشرقية",350000,384,,,,5,حي العزيزية,حفر الباطن,حي العزيزية,"🏬✨ **للبيع | محلات تجارية بموقع مميز – حي العزيزية** ✨🏬

📍 **الموقع:** حفر الباطن – حي العزيزية

🗺️ **رقم القطعة:** 159 | **المخطط:** 36/9

🧭 **الاتجاه:** شرقية على شارع تجاري عرض 30 متر

🛣️ **واجهة واسعة** تمنح ظهوراً تجارياً ممتازاً

📐 **المساحة الإجمالية:** 384 م²

🏗️ **مسطح البناء:** 275 م²

🏷️ **التصنيف:** تجاري

---

🏪 **مكونات العقار:**

🔹 **ثلاثة محلات تجارية** متجاورة

🔹 مفتوحة على بعضها (يمكن استخدامها كمحل واحد كبير أو ثلاثة منفصلة)

🔹 مرونة عالية في التقسيم حسب نوع النشاط

---

💎 **مميزات العقار:**

✅ موقع تجاري حيوي في حي العزيزية

✅ واجهة شرقية على شارع 30 متر

✅ حركة مرور وكثافة سكانية عالية

✅ مناسب لمختلف الأنشطة التجارية (معارض، مكاتب، مطاعم، خدمات...)

✅ فرصة استثمارية بعائد إيجاري مجزٍ

---

💰 **السعر:** 350,000 ريال

🔑 **جاهز للمعاينة والتسليم الفوري**

🌟 **استثمر في قلب الحركة التجارية بحي العزيزية** 🌟",28.446869,45.958092,https://images.aqar.fm/webp/750x0/props/004529491_1779634104643.png,1,عبدالله بن فياض بن عيفان الشمري,مكتب داركو سي العقارية,1,2026-05-24,2026-08-20,2026-09-12,452,2026-09-15,True,"350,000",False,محل
6840057,https://sa.aqar.fm/محلات-للبيع/حائل/حي-النقرة/شارع-الأمير-سعود-بن-عبدالمحسن-آل-سعود-حي-الوادي-مدينة-حائل-منطقة-حائل-6840057,"محل للبيع في شارع الأمير سعود بن عبدالمحسن آل سعود, حي الوادي, مدينة حائل, منطقة حائل",2200000,800,,,,4,حي النقرة,حائل,حي النقرة,"للتواصل : ((الرقم يظهر عند الضغط على اتصال))

"" للبيع فرصه استثماريه ""
بحي الوادي المربع الاول 
تفتح ع  الشريان 
شارع 40 م شرقي 
مساحة  الارض 800 م
رقم الارض 636 
العقار ماجر للمستثمر لمدة 6 سنوات
مضى من العقد سنتين باقي 4 سنوات
ماجار العقار 46 الف
صالتين 
صالة مطعم
صالة مشغل نسائي 
ويوجد شاليه خلف الصاله 
لايشمل عقد المستثمر 
الشالية ياجر باليوميه  وشغلة ممتاز
----
اجار الصالات عند المستثمر 
اجار المشغل النسائي ( 83 ) الف
اجار المطعم  ( 40 ) الف
---
الشاليه لايشمل عقد المستثمر 
ودخل الشاليه يترواح مابين ( 40 الى 50 ) الف سنوياً
 اسم الشاليه  فور ويفز 
معروف اسمه بالمنطقة وله استقرام وسناب 
وشغلة ممتاز جداً
 
اسم الشاليه فور ويفز
واسم المشغل الريشة الناعمه

البيع مليونين وميتين الف

للتواصل : ((الرقم يظهر عند الضغط على اتصال))",27.435198,41.603606,https://images.aqar.fm/webp/750x0/props/026764106_1787614248400.jpg,1,عبدالرحمن حمود سعد الشبرمي,مكتب أسس الإعمارية العقارية,1,2026-08-24,2026-08-24,2026-08-24,28,2026-09-15,True,"2,200,000",False,محل
6832791,https://sa.aqar.fm/محلات-للبيع/القطيف/حي-الشاطئ/شارع-حمزة-ابن-عبدالمطلب-حي-شاطىء-القطيف-مدينة-القطيف-المنطقة-الشرقية-6832791,"محل للبيع في شارع حمزة ابن عبدالمطلب, حي شاطىء القطيف , مدينة القطيف, المنطقة الشرقية",450000,88,,,,8,حي الشاطئ,القطيف,حي الشاطئ,محل تجاري للبيع يدر دخل سنوي ثابت 25 ألف ريال للتواصل ((الرقم يظهر عند الضغط على اتصال)),26.559651,50.045676,https://images.aqar.fm/webp/750x0/props/044235944_1787231401521.png | https://images.aqar.fm/webp/750x0/props/044235943_1787231405251.jpg | https://images.aqar.fm/webp/750x0/props/044235941_1787231409027.jpg,3,حسام بن مهدي,مؤسسة مكتب خبير الخليج للعقارات,1,2026-08-20,2026-08-20,2026-08-20,121,2026-09-15,True,"450,000",False,محل
6752451,https://sa.aqar.fm/محلات-للبيع/الرياض/جنوب-الرياض/حي-السلي/شارع-الحاوي-حي-السلي-مدينة-الرياض-منطقة-الرياض-6752451,"محل للبيع في شارع الحاوي, حي السلي, مدينة الرياض, منطقة الرياض",7440000,2325,,,,11,حي السلي,الرياض,جنوب الرياض,"معرض سيارات وشاحنات متكامل للبيع

لكل باحث عن الاستثمار المضمون في قطاع السيارات والنقل نضع بين أيديكم فرصة تملك معرض تجاري مجهز بالكامل ومصمم خصيصاً لجمع نشاطي بيع السيارات (الصغيرة والعائلية) والشاحنات والمعدات (الخفيفة والثقيلة) في مكان واحد، مما يضمن شريحة عملاء أوسع وعوائد استثمارية مضاعفة

 تفاصيل العقار والمواصفات الفنية:
موقع حيوي واستثنائي على طريق رئيسي عام (شريان تجاري يربط بين حركة المدينة والمنطقة الصناعية/النقل)، يمتاز بظهور ممتاز وسهولة وصول فائقة للسيارات والشاحنات.
المساحة الإجمالية: : (2,325) متر مربع ، مقسمة وموزعة بشكل ذكي لاستيعاب كافة الأحجام.
موقع المعرض :
https://goo.gl/maps/z1NMnoJ3b2hdoAAS7",24.624248,46.839888,https://images.aqar.fm/webp/750x0/props/014447414_1782737772648.jpg,1,رياض محمد,مؤسسة أرض العاصمة للعقارات,1,2026-06-29,2026-06-29,2026-09-14,397,2026-09-15,True,"7,440,000",False,محل
6642818,https://sa.aqar.fm/محلات-للبيع/تبوك/حي-ابو-سبعة/شارع-عبدالله-بن-عبدالعزيز-حي-البوادي-مدينة-تبوك-منطقة-تبوك-6642818,"محل للبيع في شارع عبدالله بن عبدالعزيز, حي البوادي, مدينة تبوك, منطقة تبوك",2100000,640,,,,8,حي ابو سبعة,تبوك,حي ابو سبعة,"هنجر للبيع 
الموقع : حي البوادي 
طريق الملك عبدالله 
موقع مميز ويقع الهنجر على شارعين 
مؤجر بالكامل بسعر ممتاز",28.359283,36.518019,https://images.aqar.fm/webp/750x0/props/037933892_1775415658718.jpg,1,سالم مرزوق,مكتب بنيان الريان للعقارات,1,2026-04-05,2026-04-05,2026-05-05,141,2026-09-15,True,"2,100,000",False,محل
6833322,https://sa.aqar.fm/محلات-للبيع/حائل/حي-النقرة/شارع-الأمير-سعود-بن-عبدالمحسن-آل-سعود-حي-الوادي-مدينة-حائل-منطقة-حائل-6833322,"محل للبيع في شارع الأمير سعود بن عبدالمحسن آل سعود, حي الوادي, مدينة حائل, منطقة حائل",2200000,800,,,,5,حي النقرة,حائل,حي النقرة,"للبيع صالات تجاريه 

شارع سعود بن عبد المحسن ( الشريان)

الحي : الوادي 
رقم المخطط 1000

رقم القطعة 2431

المساحة 800 م2

شرقا: شارع عرض 40م بطول : 20م

صالات: 4 فتحات
يتكون العقار من استراحه
حوش ، صاله ، غرفة نوم ، دورة مياه ، مطبخ ، مخزن ، مجلس، مقلط

مسلخ ، دورة مياه ، مغاسل

السوم : مليون و 750 الف 

🟤*مكتب تلال أجا العقاري*🟤
للتواصل ((الرقم يظهر عند الضغط على اتصال)) / ((الرقم يظهر عند الضغط على اتصال))
رخصة فال / 1200034148
رخصة فال إدارة أملاك / 2200004389
رخصة فال المزادات / 4200000992
الترخيص الاعلاني / 7201090413",27.425753,41.592047,https://images.aqar.fm/webp/750x0/props/013859882_1787246628575.jpg,1,فهد عبدالله,مؤسسة مكتب تلال أجا العقاري,1,2026-08-20,2026-08-24,2026-09-11,51,2026-09-15,True,"2,200,000",False,محل
6809743,https://sa.aqar.fm/محلات-للبيع/مكة-المكرمة/حي-بطحاء-قريش/شارع-عتاب-إبن-أسيد-رضى-الله-عنه-حي-بطحاء-قريش-مدينة-مكة-المكرمة-منطقة-مكة-المكرمة-6809743,"محل للبيع في شارع عتاب إبن أسيد رضى الله عنه, حي بطحاء قريش, مدينة مكة المكرمة, منطقة مكة المكرمة",4000000,620,,,,0,حي بطحاء قريش,مكة المكرمة,حي بطحاء قريش,"🏷 إعلان بيع أرض تجارية مميزة
للبيع قطعة أرض تجارية بموقع استراتيجي في مكة المكرمة – بطحاء قريش

🔹 المساحة: 620 م²
🔹قطعة: 3833/ا
🔹 الواجهة: شمالية على شارع عرض 64م
🔹 الأطوال:
شمالاً : شارع عرض 64م بطول 20.5م
جنوباً: قطعة رقم 3833/ج بطول 21م
شرقاً: قطعة رقم 3832/ب بطول 28م
غرباً: قطعة رقم 3833/ب بطول 32.5م

💰 المطلوب: 4,000,000",21.358116,39.823737,https://images.aqar.fm/webp/750x0/props/030534522_1786161322760.jpg | https://images.aqar.fm/webp/750x0/props/030534528_1786161322761.jpg,2,حسن عادل,مؤسسة اللؤلؤة السوداء الحديثة العالمية,1,2026-08-06,2026-09-05,2026-09-12,177,2026-09-15,True,"4,000,000",False,محل
6589804,https://sa.aqar.fm/محلات-للبيع/بريدة/حي-الخالدية/شارع-الربيع-38-حي-المطار-القديم-مدينة-بريدة-منطقة-القصيم-6589804,"محل للبيع في شارع الربيع 38, حي المطار القديم, مدينة بريدة, منطقة القصيم",140000,37,,,,11,حي الخالدية,بريدة,حي الخالدية,"للبيـــــع ( 6 محلات تجارية )

المـــوقع: بريدة (حي الربيع )
----------------------------------------------------
مساحة المحلات :
المحل رقم 1 : 37.5 م
المحل رقم 2 : 25 م 
المحل رقم 3 : 37.5 م
المحل رقم 4 : 37.5 م
المحل رقم 5 : 37.5 م
المحل رقم 6 : 37.5 م

----------------------------------------------------
6 محلات تجارية : 

تقع المحلات داخل - اسواق مكة بحي الربيع بمدينة يريدة

في سوق حيوي يتميز بكثافة الحركة مايجعله فرصة استثمارية مميزة

-------------------------------
رقم ترخيص الإعلان: 7200867046
رقم عقــد الوساطة: 6200817591

""السعر تقريبي""
-------------------------------

للتواصل مع مستشارك العقاري :

((رقم المعلن يظهر عند التواصل))511021 - ((رقم المعلن يظهر عند التواصل))",26.336573,43.981924,https://images.aqar.fm/webp/750x0/props/003907438_1771080226782.jpg | https://images.aqar.fm/webp/750x0/props/003907430_1771080226775.jpg | https://images.aqar.fm/webp/750x0/props/003907435_1771080226773.jpg | https://images.aqar.fm/webp/750x0/props/003907433_1771080226773.jpg | https://images.aqar.fm/webp/750x0/props/003907434_1771080226773.jpg | https://images.aqar.fm/webp/750x0/props/003907432_1771080226771.jpg | https://images.aqar.fm/webp/750x0/props/003907432_1771080226772.jpg | https://images.aqar.fm/webp/750x0/props/003907432_1771080226771.jpg | https://images.aqar.fm/webp/750x0/props/003907436_1771080226772.jpg | https://images.aqar.fm/webp/750x0/props/003907434_1771080226770.jpg | https://images.aqar.fm/webp/750x0/props/003907439_1771080226773.jpg,11,بدر بن علي بن صالح الحبيب,مكتب بدر علي الحبيب العقاري,1,2026-02-14,2026-08-16,2026-08-16,2536,2026-09-15,True,"140,000",False,محل
6653405,https://sa.aqar.fm/محلات-للبيع/دومة-الجندل/حي-المروج/حي-الجوهرة-القريات-القريات-6653405,"محل للبيع في شارع 16609914, حي العقيلة الجنوبية, مدينة القريات, منطقة الجوف",5000000,21545,,,,0,حي المروج,دومة الجندل,حي المروج,"للبيع أرض استثمارية بموقع مميز
فرصة استثمارية على أرض بمساحة 21,545.54 م²، تتميز بتعدد الاستخدامات وإمكانيات التطوير.

مميزات العقار:

أرض ع الطريق الدولي.
المساحة: 21,545.54 م².
مرخص لها إنشاء محطة محروقات.
رخصة البناء السابقة للمحطة منتهية وتحتاج إلى التجديد.
مناسبة للاستثمار في قطاع الخدمات اللوجستية، مثل المستودعات، وساحات التخزين، ومراكز التوزيع، وذلك وفق الأنظمة والاشتراطات وموافقات الجهات المختصة.
يحدها جنوبًا حرم طريق مواصلات بعرض 50 مترًا، مما يعزز سهولة الوصول والحركة.
موقع يوفر فرصة لتطوير مشروع استثماري يخدم الحركة التجارية والنقل.
الحدود والأطوال:
شمالًا: مزرعة ملك الغير بطول 101.7 متر.
شرقًا: شارع عرض 30 متر بطول 175 مترًا.
جنوبًا: حرم طريق مواصلات بعرض 50 مترًا وطول 140 مترًا.
غربًا: شارع ترابي عرضه 30 متر",31.273922,37.40659,https://images.aqar.fm/webp/750x0/props/000400448_1776095132593.jpg,1,ثامر فواز,,,2026-04-13,2026-04-14,2026-09-10,293,2026-09-15,True,"5,000,000",False,محل
6791747,https://sa.aqar.fm/محلات-للبيع/الرياض/شمال-الرياض/حي-الملك-فهد/شارع-العليا-العام-حي-الملك-فهد-مدينة-الرياض-منطقة-الرياض-6791747,"محل للبيع في شارع العليا العام, حي الملك فهد, مدينة الرياض, منطقة الرياض",9000000,60,,,,11,حي الملك فهد,الرياض,شمال الرياض,"للبيع معرض تجاري 
بمساحة إجمالية 60 م 
المحل مدخل واحد 
الموقع مميز بداخل أسواق طيبه 
وبالقرب من محلات الذهب 
وقريب جدا من شارع العليا العام 
يمكن الأستفادة من 300 م من إدارة الملاك كمرافق للمحل 
للتواصل : 
متعب : ((الرقم يظهر عند الضغط على اتصال)) 
ماجد : ((الرقم يظهر عند الضغط على اتصال))",24.735017,46.663512,https://images.aqar.fm/webp/750x0/props/024798364_1785182940951.jpg | https://images.aqar.fm/webp/750x0/props/024798368_1785182962685.jpg | https://images.aqar.fm/webp/750x0/props/024798366_1785182979194.jpg | https://images.aqar.fm/webp/750x0/props/024798368_1785182994737.jpg | https://images.aqar.fm/webp/750x0/props/024798362_1785183047177.jpg | https://images.aqar.fm/webp/750x0/props/024798362_1785183064564.jpg,6,متعب فهيد,,,2026-07-26,2026-07-26,2026-09-14,726,2026-09-15,True,"9,000,000",False,محل
6849623,https://sa.aqar.fm/محلات-للبيع/الخبر/حي-الحمرا/طريق-مجلس-التعاون-حي-الحمراء-الخبر-الخبر-6849623,"محل للبيع في شارع جسر الملك فهد, حي الحمراء, مدينة الخبر, المنطقة الشرقية",1450000,152,,,,6,حي الحمرا,الخبر,حي الحمرا,"‎فرصه استثماريه

محل تجاري للبيع بصك مستقل- في برج ماربيلا بالخبر
‏‎ميزانين عرض 8.3 مترعلى الشارع 
مساحه 152 متر مربع  
‏‎يقع على طريق مجلس التعاون  
مؤجر من من مارس 2021 على 90 سنوي دفعتين  (نشاط  فواكه وخضار)
‎صك ملكيه مستقل 
عداد كهرباء مستقل 
عداد الماء يدفع المستاجر لادارة الملاك استهلاكه الشهري  
المطلوب مليون واربع ميه خمسين صافي
التواصل واتساب",26.218924,50.202496,https://images.aqar.fm/webp/750x0/props/002128685_1788117348599.jpg | https://images.aqar.fm/webp/750x0/props/002128687_1788117399886.jpg,2,صنهات محمد,,,2026-08-30,2026-08-31,2026-09-08,180,2026-09-15,True,"1,450,000",False,محل
6720548,https://sa.aqar.fm/محلات-للبيع/الرياض/شرق-الرياض/حي-النسيم-الغربي/شارع-المنيزله-الكبيره-حي-النسيم-الغربي-مدينة-الرياض-منطقة-الرياض-6720548,"محل للبيع في شارع المنيزله الكبيره, حي النسيم الغربي, مدينة الرياض, منطقة الرياض",300000,32,,,,11,حي النسيم الغربي,الرياض,شرق الرياض,"للبيع محل تجاري مساحة ٣٢ م  بشارع المنزلية الكبيرة بممر الفخامة باسواق الهزاع  المسمى  باسواق الهزاع النسائي قريب جدا من الساحة ومكشوف  للمتسوقين وزبائن السوق من جميع الجهات 
مؤجر  / سنوي 
وبعداد كهرب مستقل",24.723514,46.823942,https://images.aqar.fm/webp/750x0/props/004174036_1780692866064.jpg | https://images.aqar.fm/webp/750x0/props/004174033_1780692866111.jpg | https://images.aqar.fm/webp/750x0/props/004174031_1780692866062.jpg | https://images.aqar.fm/webp/750x0/props/004174031_1780692866148.jpg,4,سعيد بن غرم الله بن سعيد الغامدي,,,2026-06-05,2026-06-05,2026-09-10,2506,2026-09-15,True,"300,000",False,محل
6712600,https://sa.aqar.fm/محلات-للبيع/المدينة-المنورة/حي-الاصيفرين/شارع-سمعان-بن-عمرو-بن-قريط-حي-الأصيفرين-مدينة-المدينة-المنورة-منطقة-المدينة-المنورة-6712600,"محل للبيع في شارع سمعان بن عمرو بن قريط, حي الأصيفرين, مدينة المدينة المنورة, منطقة المدينة المنورة",12000000,643,,,,0,حي الاصيفرين,المدينة المنورة,حي الاصيفرين,"قابل للتفاوض 
مميزات العقار:
• واجهة تجارية واضحة على شارع حيوي عالي الحركة
• مناسب للاستثمار والعلامات التجارية والمطاعم والمعارض
• كثافة سكانية وحركة يومية ممتازة
• سهولة الوصول والمواقف
• فرصة قوية بعائد استثماري مميز

العقار مناسب لـ:
• المطاعم والكافيهات
• المعارض التجارية
• الأنشطة الطبية والخدمية
• الشركات والعلامات التجارية

طريق الملك عبدالله يُعد من أبرز المواقع التجارية النشطة في المدينة المنورة ويتميز بالحركة التجارية العالية والمواقع الاستثمارية القوية.",24.464304,39.584437,https://images.aqar.fm/webp/750x0/props/022440327_1780092792144.jpg | https://images.aqar.fm/webp/750x0/props/022440320_1780092792145.jpg | https://images.aqar.fm/webp/750x0/props/022440320_1780092792230.jpg | https://images.aqar.fm/webp/750x0/props/022440327_1780092792146.jpg | https://images.aqar.fm/webp/750x0/props/022440325_1780092792109.jpg | https://images.aqar.fm/webp/750x0/props/022440329_1780092792150.jpg | https://images.aqar.fm/webp/750x0/props/022440321_1780092792153.jpg,7,بدر عواض بن عيضه الحارثي,,0,2026-05-29,2026-08-25,2026-08-25,856,2026-09-15,True,"12,000,000",False,محل
6623465,https://sa.aqar.fm/محلات-للبيع/المدينة-المنورة/حي-الدفاع/شارع-سيان-الكوفى-حي-الدفاع-مدينة-المدينة-المنورة-منطقة-المدينة-المنورة-6623465,"محل للبيع في شارع سيان الكوفى, حي الدفاع, مدينة المدينة المنورة, منطقة المدينة المنورة",500000,166,,,,11,حي الدفاع,المدينة المنورة,حي الدفاع,"للبيع خمس محلات تجارية على شارع 30 جنوبي بالعزيزية
اجمالي المساحة 166 متر بصك واحد
محل 36 متر و3محلات كل محل 32متر ومحل 25 متر
سعر البيع 500 الف جميع الخدمات متوفرة
للتواصل 0551553296",24.437108,39.511173,https://images.aqar.fm/webp/750x0/props/000320787_1773346727199.jpg,1,سالم مسلم نجم الجهنى,,,2026-03-12,2026-08-25,2026-09-09,1482,2026-09-15,True,"500,000",False,محل
6790751,https://sa.aqar.fm/محلات-للبيع/الرياض/وسط-الرياض/حي-الشميسي/شارع-الملك-فهد-الفرعي-حي-الشميسي-مدينة-الرياض-منطقة-الرياض-6790751,"محل للبيع في شارع الملك فهد الفرعي, حي الشميسي, مدينة الرياض, منطقة الرياض",250000,27,,,,11,حي الشميسي,الرياض,وسط الرياض,"محل تجاري بمركز مكة حي الشميسي يقع على طريق الملك فهد 
على السوم 
المحل مؤجر",24.620673,46.705511,https://images.aqar.fm/webp/750x0/props/001269149_1785062546870.jpg,1,فهد ابراهيم,,,2026-07-26,2026-08-24,2026-08-24,1613,2026-09-15,True,"250,000",False,محل
6826154,https://sa.aqar.fm/محلات-للبيع/النبهانية/حي-النبهانية/شارع-سلمان-بن-عبدالعزيز-حي-ضليع-رشيد-مدينة-ضليع-رشيد-منطقة-القصيم-6826154,"محل للبيع في شارع سلمان بن عبدالعزيز, حي ضليع رشيد, مدينة ضليع رشيد, منطقة القصيم",600000,231,,,,0,حي النبهانية,النبهانية,حي النبهانية,"📌للبيع في محافظة أبانات بمنطقة القصيم

محلات تجارية تحت الإنشاء  
على قطعتين بصكين متجاورين

من  الشمال ٢١.٩٠ متر على الشارع  ومن الجنوب ٢١.٣٥ متر
ومن الشرق  ٢٢ متر ومن الغرب ٢٤ متر ومساحتها  ٤٨١.٢٣ متر
ملاحظة: الصك الغربي ٢١*١١ خلفه غرفة خارج الصك عرضها ٣ متر ويكون طول الارض الصك والغرفة ٢٤ متر  في ١١ متر
📌عرض الشارع 25 شمالي 

📌البيع 600 ,الف صافي 

للتواصل ابو فهد",25.504325,42.842536,https://images.aqar.fm/webp/750x0/props/018630646_1786905593784.jpg | https://images.aqar.fm/webp/750x0/props/018630649_1786905588054.jpg | https://images.aqar.fm/webp/750x0/props/018630644_1786905588154.jpg,3,محمد المطيري,,,2026-08-16,2026-08-16,2026-08-27,25,2026-09-15,True,"600,000",False,محل
6828420,https://sa.aqar.fm/محلات-للبيع/الرياض/وسط-الرياض/حي-الديرة/شارع-سويلم-حي-الديرة-مدينة-الرياض-منطقة-الرياض-6828420,"محل للبيع في شارع سويلم, حي الديرة, مدينة الرياض, منطقة الرياض",250000,18,,,,3,حي الديرة,الرياض,وسط الرياض,"🔥 #فرصة_استثمارية_مميزة في قلب #الرياض 🔥

📍 محل تجاري للبيع – حي الديرة
موقع استراتيجي بالقرب من شارع السويلم وطريق الملك فهد.

✨ تفاصيل العقار:
• المساحة: 19 م²
• عداد كهرباء مستقل ⚡
• محضر فرز معتمد
• سبق تأجيره بـ 23,000 ريال سنويًا
• قابل لإعادة التأهيل والتصميم حسب النشاط والرغبة

💰 السعر: 250,000 ريال
🔸 قابل للتفاوض للجاد

📈 فرصة مناسبة لمن يبحث عن أصل تجاري في موقع مميز وإمكانية إعادة التأهيل والاستفادة منه استثماريًا.

📞 للتواصل والاستفسار:
((الرقم يظهر عند الضغط على اتصال))

📝 رقم الترخيص الإعلاني: 7201091097

#عقارات_الرياض #الديرة #محل_تجاري #استثمار_عقاري #عقارات",24.63205,46.709684,https://images.aqar.fm/webp/750x0/props/001444206_1787031680253.jpg | https://images.aqar.fm/webp/750x0/props/001444203_1787031680245.jpg | https://images.aqar.fm/webp/750x0/props/001444209_1787031680250.jpg,3,خالد محمد,,,2026-08-18,2026-08-18,2026-09-09,940,2026-09-15,True,"250,000",False,محل
6684198,https://sa.aqar.fm/محلات-للبيع/بريدة/حي-الاسكان/شارع-مروان-البوني-حي-الإسكان-مدينة-بريدة-منطقة-القصيم-6684198,"محل للبيع في شارع مروان البوني, حي الإسكان, مدينة بريدة, منطقة القصيم",1100000,144,,,,7,حي الاسكان,بريدة,حي الاسكان,"للبيع صاله تجارية زاوية
ميزانين مساحة 144م  
على طريق عمر بن الخطاب 
شمال بريدة - حي الإسكان  

السعر على السوم . 
للاستفسارات تفضل بالاتصال 📞:",26.37796,43.930244,https://images.aqar.fm/webp/750x0/props/004214559_1778015117420.jpg | https://images.aqar.fm/webp/750x0/props/004214552_1778015123923.jpg | https://images.aqar.fm/webp/750x0/props/004214552_1778015130473.jpg,3,عمر سعد بن صالح العمار,,,2026-05-05,2026-08-30,2026-09-13,573,2026-09-15,True,"1,100,000",False,محل
6794603,https://sa.aqar.fm/محلات-للبيع/الرياض/شرق-الرياض/حي-القادسية/شارع-وادي-الريحان-حي-القادسية-مدينة-الرياض-منطقة-الرياض-6794603,"محل للبيع في شارع وادي الريحان, حي القادسية, مدينة الرياض, منطقة الرياض",3500000,649,,,,0,حي القادسية,الرياض,شرق الرياض,"معارض تجارية للبيع أو للإيجار – موقع مميز في حي القادسية 🏢

فرصة استثمارية رائعة بمعارض واسعة وتشطيب فاخر، مناسبة لمختلف الأنشطة التجارية والمكتبية.

🔹 تفاصيل العقار:

• عدد 6 معارض تجارية
• موقع مميز وحيوي
• تشطيب فاخر
• مناسبة لجميع الأنشطة (معارض – مكاتب – أنشطة تجارية متنوعة)


🔹 المساحات:

• 4 معارض بمساحة 58.46 م² لكل معرض ▫️ حمام مستقل ▫️ موقف خاص لكل معرض
• معرضان بمساحة 50 م² لكل معرض ▫️ حمام مستقل ▫️ موقف خاص لكل معرض


🔹 مكاتب الدور الأول (لمعرضين):

• مكتب بمساحة 12.5 م²
• مكتب بمساحة 14.5 م²


🔹 مميزات إضافية:

• ترخيص أمن وسلامة للموقع
• تصميم مناسب للأنشطة التجارية المختلفة
• إجمالي مساحة العقار: 649.8 م²
• إجمالي مساحة مسطحات البناء أكثر من: 484 م²


📍 الموقع: حي القادسية

📞 للتواصل والاستفسار:
( ((الرقم يظهر عند الضغط على اتصال)) )

رقم عقد الوساطة
(6100373039)",24.82932,46.8282,https://images.aqar.fm/webp/750x0/props/024463565_1785852395426.jpg | https://images.aqar.fm/webp/750x0/props/024463560_1785852446616.jpg | https://images.aqar.fm/webp/750x0/props/024463568_1785852475195.jpg | https://images.aqar.fm/webp/750x0/props/024463569_1785852491230.jpg | https://images.aqar.fm/webp/750x0/props/024463568_1785852499870.jpg | https://images.aqar.fm/webp/750x0/props/024463562_1785852522024.jpg,6,عبدالرحمن دهام,,,2026-07-28,2026-07-28,2026-09-14,342,2026-09-15,True,"3,500,000",False,محل
6874626,https://sa.aqar.fm/محلات-للبيع/المدينة-المنورة/حي-السلام/شارع-ثابت-بن-يسار-حي-السلام-مدينة-المدينة-المنورة-منطقة-المدينة-المنورة-6874626,"محل للبيع في شارع ثابت بن يسار, حي السلام, مدينة المدينة المنورة, منطقة المدينة المنورة",2500000,639,,,,0,حي السلام,المدينة المنورة,حي السلام,"معارض للبيع في المدينة المنورة 
في حي السلام على الممشى شارع ثابت بن يسار 
شارع تجاري وحيوي
عرض الشارع ٣٥م
مساحة الارض ٦٣٩م .
مساحة المعارض ٤٠٠م . 
مؤجر محل واحد
البيع ٢ مليون و ٥٠٠ الف قابله للتفاوض.",24.486509,39.508996,https://images.aqar.fm/webp/750x0/props/033327865_1789409990251.jpg | https://images.aqar.fm/webp/750x0/props/033327867_1789409990274.jpg | https://images.aqar.fm/webp/750x0/props/033327868_1789409990278.jpg,3,عبدالعزيز فهد عوض الثبيتي,,,2026-09-14,2026-09-14,2026-09-14,6,2026-09-15,True,"2,500,000",False,محل
6627697,https://sa.aqar.fm/محلات-للبيع/جدة/جنوب-جدة/حي-الجوهرة/شارع-البارديه-حي-الجوهرة-مدينة-جدة-منطقة-مكة-المكرمة-6627697,"محل للبيع في شارع البارديه, حي الجوهرة, مدينة جدة, منطقة مكة المكرمة",3300000,1320,,,,10,حي الجوهرة,جدة,جنوب جدة,"للبيع  معرض سيارات في معارض جدة حي الجوهرة جنوب جدة   مساحة  1320 م 
 شارع ٤٠ شمالي 
الاطوال ٣٣م في عمق ٤٠م
 يعبارة عن معرض سيارات وغرف مؤجرة بعقد اكتروني
الاجارات  قديمة قابلة للزيادة 
اجمالي الدخل السنوي 216500
مطلوب   3 مليون و 300  الف ريال صافي",21.430117,39.256393,https://images.aqar.fm/webp/750x0/props/001039798_1773789174755.jpg | https://images.aqar.fm/webp/750x0/props/001039794_1773789190515.jpg,2,عبدالرحمن علي عبدالله الشمراني,,,2026-03-17,2026-06-13,2026-09-12,567,2026-09-15,True,"3,300,000",False,محل
6810168,https://sa.aqar.fm/محلات-للبيع/خميس-مشيط/حي-العرق-الجنوبي/شارع-0000-حي-الدرب-مدينة-خميس-مشيط-منطقة-عسير-6810168,"محل للبيع في شارع 0000, حي الدرب, مدينة خميس مشيط, منطقة عسير",5200000,589,,,,11,حي العرق الجنوبي,خميس مشيط,حي العرق الجنوبي,"⏺️ لـلبـيـع  معرض تجاري   ⏺️
● :مدينة خميس مشيط البلد 
● : بجوار كنتاكي واصداف مول مقابل اسواق جمعية الملك فيصل
● : رقــم الـقـطـعـه : ( بدون ) 
● : صـك إكتـرونـي زراعي
● : الواجهه شارع عرض (22)م غربي
⭐️: المعرض عباره عن ثلاثه طوابق مساحة كل طابق (598)م2 واجمالي المساحه للمعرض والمستودعات والمكاتب (1767)م2 
● : سعر الايجار الحالي : ( 300 ) الف سنوي 
● : سعر البيع : ( 5200000 ) خمسه مليون ومئتان الف صافي  
● : صفه العرض : مباشر ومفوض من المالك
● : رقم ترخيص الاعلان ( 7201074942 )
● للتواصل جـوال (((الرقم يظهر عند الضغط على اتصال)))",18.304536,42.731945,https://images.aqar.fm/webp/750x0/props/013583549_1786099992062.jpg | https://images.aqar.fm/webp/750x0/props/013583543_1786099991992.jpg,2,عبدالرحمن الشهرى,,,2026-08-07,2026-09-05,2026-09-14,118,2026-09-15,True,"5,200,000",False,محل
6604115,https://sa.aqar.fm/محلات-للبيع/بريدة/حي-سلطانة/شارع-طريق-الشيخ-عبدالعزيز-بن-باز-حي-النخيل-مدينة-بريدة-منطقة-القصيم-6604115,"محل للبيع في شارع طريق الشيخ عبدالعزيز بن باز, حي النخيل, مدينة بريدة, منطقة القصيم",3900000,664,,,,0,حي سلطانة,بريدة,حي سلطانة,"للبيع مجمع تجاري
حي النخيل شمال بريدة
طريق ابن باز
واجهة غربية شارع 40 م
المساحة 664.35 م
يتكون من 4 صالات تجارية 
6 مكاتب إدارية
مصعد
الدخل المتوقع عند التأجير بالكامل 350 الف
على السوم
للتواصل:
((رقم المعلن يظهر عند التواصل))03277973",26.377348,43.894221,https://images.aqar.fm/webp/750x0/props/003001017_1771966412705.jpg,1,عبدالله خالد عبدالله الشريده,شركة دار دليل العقارية,1,2026-02-24,2026-08-18,2026-08-18,596,2026-09-15,True,"3,900,000",False,محل
6709024,https://sa.aqar.fm/محلات-للبيع/بريدة/حي-الرحاب/شارع-عمر-بن-الخطاب-حي-النور-مدينة-بريدة-منطقة-القصيم-6709024,"محل للبيع في شارع عمر بن الخطاب, حي النور, مدينة بريدة, منطقة القصيم",620000,78,,,,0,حي الرحاب,بريدة,حي الرحاب,"للبيع معرض تجاري
حي التوفيق شمال بريدة على طريق عمر ابن الخطاب
المساحة 78.54م
الاتجاه شارع شرقي 40 م
السعر 640 الف

0553817774",26.460645,43.887715,https://images.aqar.fm/webp/750x0/props/050021399_1779575458463.jpg,1,محمد الغنيم,,,2026-05-23,2026-08-19,2026-08-24,362,2026-09-15,True,"620,000",False,محل
6820006,https://sa.aqar.fm/محلات-للبيع/بريدة/حي-الرحاب/شارع-سبابيل-حي-قرطبة-مدينة-بريدة-منطقة-القصيم-6820006,"محل للبيع في شارع سبابيل, حي قرطبة, مدينة بريدة, منطقة القصيم",450000,40,,,,0,حي الرحاب,بريدة,حي الرحاب,"للبيع محل تجاري – مشروع قرطبة التجاري السكني | شمال بريدة

الموقع: حي قرطبة – خلف أسواق العثيم، ويبعد حوالي 500 متر عن الدائري الشمالي.

تفاصيل المشروع:

* المشروع يضم 10 محلات تجارية
* تم بيع 9 محلات
* المتبقي محل واحد فقط
* المحل بالزاوية

تفاصيل المحل:

* مؤجر بعقد سنوي بقيمة 24,000 ريال غير شامل الضريبة
* عداد كهرباء مستقل
* صك مستقل
* مناسب للاستثمار ودخل قائم

سعر البيع: 450,000 ريال قابل للتفاوض

للتواصل: ((الرقم يظهر عند الضغط على اتصال))",26.414786,43.906906,https://images.aqar.fm/webp/750x0/props/043361807_1786606142782.jpg | https://images.aqar.fm/webp/750x0/props/043361802_1786606147994.jpg | https://images.aqar.fm/webp/750x0/props/043361801_1786606161682.jpg | https://images.aqar.fm/webp/750x0/props/043361804_1786606175654.jpg,4,عمر سليمان,شركة تلاء العقارية,1,2026-08-13,2026-09-11,2026-09-11,221,2026-09-15,True,"450,000",False,محل
6667736,https://sa.aqar.fm/محلات-للبيع/الرياض/غرب-الرياض/حي-طويق/شارع-عمر-بن-جناوه-حي-طويق-مدينة-الرياض-منطقة-الرياض-6667736,"محل للبيع في شارع عمر بن جناوه, حي طويق, مدينة الرياض, منطقة الرياض",3000000,900,,,,11,حي طويق,الرياض,غرب الرياض,"فرصة استثمارية بعائد متصاعد للبيع (عمارة زاوية تجارية)

للبيع عمارة تجارية بمساحة 900م، موقع استراتيجي على شارع 40 وشارع 15.

• المكونات: 6 فتحات تجارية قائمة.

• الدخل الحالي: 100,000 ريال (عقد قديم ينتهي بعد 6 أشهر فقط، مما يتيح فرصة لرفع الدخل).

• المميزات: تصريح قائم لـ 6 شقق (النظام القديم) لم تستغل بعد.

السعر: 3,000,000 ريال (حد نهائي).",24.567497,46.530673,https://images.aqar.fm/webp/750x0/props/051405414_1776970655429.jpg | https://images.aqar.fm/webp/750x0/props/051405414_1776970655431.jpg,2,عمير بن عبدالله بن عمير الحارثي,مكتب عمير عبدالله الحارثي للعقارات,1,2026-04-23,2026-08-18,2026-09-13,1416,2026-09-15,True,"3,000,000",False,محل
6562993,https://sa.aqar.fm/محلات-للبيع/بريدة/حي-الرحاب/شارع-الدوحة-الجنوبية-حي-المعارض-مدينة-بريدة-منطقة-القصيم-6562993,"محل للبيع في شارع الدوحة الجنوبية, حي المعارض, مدينة بريدة, منطقة القصيم",1800000,1486,,,,11,حي الرحاب,بريدة,حي الرحاب,"للبيع معرض سيارات قائم رقم 15 بالمعارض شمال بريده 

▫️المساحة: 1486.77م
شارع جنوب 30م بطول 25م
شارع شمال 20م بطول 25م
شارع غرب 20م بطول 60م شرق 61م

العمر أكثر من 20سنة
يوجد فيه مبنى صغير 
▪️مؤجر بـ 70 ألف
▫️ البيع على السوم

♦️ترخيص الاعلان:
7200852687
🔸رخصة فال :
1200012493

🔹الرجيعي للعقارات :
((رقم المعلن يظهر عند التواصل))

📍الموقع :
https://maps.app.goo.gl/MeJsw4bFPakhGPoZ8?g_st=com.google.maps.preview.copy",26.410813,43.880367,https://images.aqar.fm/webp/750x0/props/022976109_1769435454150.jpg,1,يوسف بن عبدالله بن منصور الرجيعي,مكتب يوسف عبدالله الرجيعي للعقارات,1,2026-01-26,2026-05-22,2026-08-03,925,2026-09-15,True,"1,800,000",False,محل
6552279,https://sa.aqar.fm/محلات-للبيع/بريدة/حي-سلطانة/شارع-النخيل-حي-النخيل-مدينة-بريدة-منطقة-القصيم-6552279,"محل للبيع في شارع النخيل , حي النخيل, مدينة بريدة, منطقة القصيم",799000,1159,,,,0,حي سلطانة,بريدة,حي سلطانة,"للبيع صالات تجارية جديدة بحي سلطانه 

رقم الكود 802

مساحة 92
عرض على الشارع 4.90
بدخول18.90

رخصة رقم 1200046180
ترخيص رقم  7200840440

*مكتب ركن درب اليوم العقاري*
((الرقم يظهر عند الضغط على اتصال))",26.364158,43.901629,https://images.aqar.fm/webp/750x0/props/049803735_1768802789187.jpg,1,سامي فهد,مكتب ركن درب اليوم للعقارات,1,2026-01-19,2026-08-11,2026-08-21,1100,2026-09-15,True,"799,000",False,محل
6411677,https://sa.aqar.fm/محلات-للبيع/الرس/حي-الملك-فهد/حي-الملك-فهد-الرس-الرس-6411677,"محل للبيع في شارع خليفة بن ابي بكر, حي الشهداء, مدينة الرس, منطقة القصيم",200000,32,,,,10,حي الملك فهد,الرس,حي الملك فهد,,25.867344908167542,43.50411251936654,https://images.aqar.fm/webp/750x0/props/030932294_1759925024863.jpg | https://images.aqar.fm/webp/750x0/props/030932293_1760987014194.jpg | https://images.aqar.fm/webp/750x0/props/030932299_1760987014316.jpg,3,ابراهيم علي سليمان الضلعان,,,2025-10-05,2026-01-12,2026-09-08,1815,2026-09-15,True,"200,000",False,محل
6431186,https://sa.aqar.fm/محلات-للبيع/بريدة/حي-الزرقاء/شارع-طريق-الملك-فهد-الفرعي-حي-المنار-مدينة-بريده-منطقة-القصيم-6431186,"محل للبيع في شارع طريق الملك فهد الفرعي, حي المنار, مدينة بريده, منطقة القصيم",750000,46,,,,0,حي الزرقاء,بريدة,حي الزرقاء,"للبيع صالات تجارية 
حي المنار طريق الملك سلمان 
تبدأ المساحات من: 47 م
واجهة جنوبية شارع 60 م
كل صك وكهرباء وخزان
مستقلات
تبدأ الاسعار من:
750 الف
للتواصل:
((رقم المعلن يظهر عند التواصل))03277973",26.342208,43.937962,https://images.aqar.fm/webp/750x0/props/003001011_1760902261361.jpg,1,عبدالله خالد عبدالله الشريده,شركة دار دليل العقارية,1,2025-10-19,2025-10-19,2026-08-07,1849,2026-09-15,True,"750,000",False,محل
6455295,https://sa.aqar.fm/محلات-للبيع/بريدة/حي-سلطانة/شارع-طريق-الشيخ-عبدالعزيز-بن-باز-حي-النخيل-مدينة-بريدة-منطقة-القصيم-6455295,"محل للبيع في شارع طريق الشيخ عبدالعزيز بن باز, حي النخيل, مدينة بريدة, منطقة القصيم",6000000,1159,,,,0,حي سلطانة,بريدة,حي سلطانة,"للبيع مجمع تجاري
حي النخيل طريق ابن باز
المساحة 1159.55 م
وجهك غربية شارع 40 م
يتكون من 7 صالات و3 مكاتب إدارية
يوجد مصعد
السوم 5 مليون و300 الف
للتواصل:
((رقم المعلن يظهر عند التواصل))03277973",26.378022,43.892507,https://images.aqar.fm/webp/750x0/props/003001013_1762358815818.jpg,1,عبدالله خالد عبدالله الشريده,شركة دار دليل العقارية,1,2025-11-05,2025-11-05,2026-08-07,933,2026-09-15,True,"6,000,000",False,محل
6864534,https://sa.aqar.fm/محلات-للبيع/الرياض/شرق-الرياض/حي-الاندلس/شارع-خالد-بن-الوليد-حي-الأندلس-مدينة-الرياض-منطقة-الرياض-6864534,"محل للبيع في شارع خالد بن الوليد, حي الأندلس, مدينة الرياض, منطقة الرياض",610000,24,,,,11,حي الاندلس,الرياض,شرق الرياض,"*  *شركة بي فاوند العقاريه*
* رقم العرض : 2666
* النوع : محل للبيع وللإيجار 
* الحي : الاندلس
* المساحة  : 24.5 م²
* الشارع : 
* البيع : 610.000
* الايجار : 45.000
* العمر : 17 سنة تقريبا 
* الرهن : حر
*الوصف* :-
محل للبيع او للايجار 
في حي الاندلس
المحل داخل سوق - الرياض مول 
الدور العلوي بجوار محل ديجور
⬅️صك مستقل
⬅️عداد كهرب مستقل

رقم الترخيص الاعلاني: 7201123994",24.737308,46.783798,https://images.aqar.fm/webp/750x0/props/035903850_1788883889029.jpg | https://images.aqar.fm/webp/750x0/props/035903859_1788883888831.jpg | https://images.aqar.fm/webp/750x0/props/035903850_1788883889031.jpg,3,مناور احمد,شركة بي فاوند,1,2026-09-08,2026-09-08,2026-09-14,105,2026-09-15,True,"610,000",False,محل
6431853,https://sa.aqar.fm/محلات-للبيع/المدينة-المنورة/حي-السلام/شارع-الامام-مسلم-الفرعي-حي-السلام-مدينة-المدينه-المنوره-منطقة-المدينة-المنورة-6431853,"محل للبيع في شارع الامام مسلم الفرعي, حي السلام, مدينة المدينه المنوره, منطقة المدينة المنورة",13000000,1110,,,,0,حي السلام,المدينة المنورة,حي السلام,"معارض ومبنى تجاري للبيع بالمدينة المنورة  على شارع الامام مسلم 
الدخل السنوي: مليون ريال 
مساحة المعارض 1110 م 
مساحة المبنى 1110م 

للتفاصيل والمعاينة 
((رقم المعلن يظهر عند التواصل))
((رقم المعلن يظهر عند التواصل))
((رقم المعلن يظهر عند التواصل))",24.463349,39.525352,https://images.aqar.fm/webp/750x0/props/001568253_1760956680678.jpg | https://images.aqar.fm/webp/750x0/props/001568254_1760956680684.jpg | https://images.aqar.fm/webp/750x0/props/001568250_1760956680681.jpg | https://images.aqar.fm/webp/750x0/props/001568251_1760956680715.jpg,4,هدى محمد,شركة اعمار المتحدة للمقاولات شركة شخص واحد,1,2025-10-20,2025-10-20,2026-07-03,1391,2026-09-15,True,"13,000,000",False,محل
6654316,https://sa.aqar.fm/محلات-للبيع/الرياض/شرق-الرياض/حي-الاندلس/شارع-خالد-بن-الوليد-حي-الاندلس-الرياض-منطقة-الرياض-6654316,"محل للبيع في شارع خالد بن الوليد, حي الأندلس, مدينة الرياض, منطقة الرياض",650000,24,,,,7,حي الاندلس,الرياض,شرق الرياض,"للبيع محل رقم ٤

المحل داخل سوق - الرياض مول 

الدور العلوي بجوار محل ديجور 
وبجوار الادارة

صك مستقل

عداد كهرب مستقل

المساحة 25 متر تقريباً

للتواصل/  ",24.737431673710038,46.78323416400374,https://images.aqar.fm/webp/750x0/props/004572760_1776155593562.jpg | https://images.aqar.fm/webp/750x0/props/004572765_1776155593561.jpg,2,وليد علي محمد الرزقان,,,2026-04-14,2026-04-14,2026-09-07,3002,2026-09-15,True,"650,000",False,محل
6749870,https://sa.aqar.fm/محلات-للبيع/بريدة/حي-الرحاب/شارع-سبابيل-حي-قرطبة-مدينة-بريدة-منطقة-القصيم-6749870,"محل للبيع في شارع سبابيل, حي قرطبة, مدينة بريدة, منطقة القصيم",425000,1175,,,,0,حي الرحاب,بريدة,حي الرحاب,"رقم العقار : 548
نوع العرض : للبيع
نوع العقار : محلات - شقق
الموقع 9 : بريدة - حي قرطبة
المواصفات :
المحلات : عداد كهرباء مستقل لكل محل - مساحة المحل 4*16.6م -
متوفر مواقف للمحلات .
الحد : 450 آلف ريال
تم بيع 60٪ من المحلات المتبقي 40٪ فقط.
الشقق : عداد كهرباء مستقل لكل محل - 2 غرف نوم - صالة واسعه -
مطبخ
- دورة مياه .
الحد : 250 الف ريال
تم بيع 80٪ من الشقق والمتبقي 20٪ فقط.
# معلومه المحلات جميعها مؤجره راح يتم بيع الأصل ونقل العقد ب اسمك
مباشره #
للمزيد الرجاء التواصل مع قسم البيع على الرقم :
(الرقم يظهر عند الضغط على اتصال))
https://linkjar.co/FARSAKH : حساباتنا",26.414786,43.906906,https://images.aqar.fm/webp/750x0/props/008925776_1782572359845.jpg | https://images.aqar.fm/webp/750x0/props/008925771_1782572359830.jpg | https://images.aqar.fm/webp/750x0/props/008925773_1782572359828.jpg | https://images.aqar.fm/webp/750x0/props/008925776_1782572359822.jpg | https://images.aqar.fm/webp/750x0/props/008925777_1782572359841.jpg,5,تميم حمد,ِشركة فرسخ للتطوير العقاري شركة شخص واحد,1,2026-06-27,2026-08-25,2026-09-14,710,2026-09-15,True,"425,000",False,محل
6637128,https://sa.aqar.fm/محلات-للبيع/بريدة/حي-الزرقاء/شارع-طريق-الملك-فهد-الفرعي-حي-المنار-مدينة-بريده-منطقة-القصيم-6637128,"محل للبيع في شارع طريق الملك فهد الفرعي, حي المنار, مدينة بريده, منطقة القصيم",750000,46,,,,0,حي الزرقاء,بريدة,حي الزرقاء,"للبيع صالات تجارية
الموقع بريدة - حي المنار على طريق الملك سلمان
المساحة تبدأ من 47 م
الاتجاة شارع جنوبي عرض 60 م كل صالة صك وكهرباء وخزان مستقلات تبدأ الأسعار من 750 الف
0553817774",26.342208,43.937962,https://images.aqar.fm/webp/750x0/props/050021391_1774996837971.jpg,1,محمد الغنيم,,,2026-03-31,2026-08-24,2026-09-04,625,2026-09-15,True,"750,000",False,محل
6717790,https://sa.aqar.fm/محلات-للبيع/بريدة/حي-الرحاب/شارع-عمر-بن-الخطاب-حي-النور-مدينة-بريدة-منطقة-القصيم-6717790,"محل للبيع في شارع عمر بن الخطاب, حي النور, مدينة بريدة, منطقة القصيم",650000,78,,,,0,حي الرحاب,بريدة,حي الرحاب,"للبيع معرض تجاري 
حي التوفيق شمال بريدة طريق عمر ابن الخطاب
المساحة 78.54 م
واجهة شرقية شارع 40 م
السوم 600 الف
للتواصل:
0555171405 - 0503277973",26.460645,43.887715,https://images.aqar.fm/webp/750x0/props/003001010_1780504186035.jpg,1,عبدالله خالد عبدالله الشريده,شركة دار دليل العقارية,1,2026-06-03,2026-08-30,2026-08-30,250,2026-09-15,True,"650,000",False,محل
6820683,https://sa.aqar.fm/محلات-للبيع/الرياض/جنوب-الرياض/حي-المروة/شارع-عبدالله-الاصيلي-حي-المروة-مدينة-الرياض-منطقة-الرياض-6820683,"محل للبيع في شارع عبدالله الاصيلي, حي المروة, مدينة الرياض, منطقة الرياض",1900000,575,,,,1,حي المروة,الرياض,جنوب الرياض,"للبيع معرض سيارات في معارض الشفاء
المساحه 575م
الشارع 12 م جنوبي
ومواقف + شارع 24 م شرقي بطول 23 م
نظام البناء تجاري
معرض سيارات
يتوفر في المعرض مجلس ومكتب وغرفه ودورة مياه مسلح
المعرض بناء جديد مسلح على اعلى مواصفات
علي السوم",24.55186,46.67961,https://images.aqar.fm/webp/750x0/props/003148883_1786633537916.jpg | https://images.aqar.fm/webp/750x0/props/003148887_1786633537709.jpg,2,وليد منصور,,0,2026-08-13,2026-09-11,2026-09-11,299,2026-09-15,True,"1,900,000",False,محل
6828839,https://sa.aqar.fm/محلات-للبيع/بريدة/حي-الخبيبية/شارع-فهد-بن-تركي-بن-فيصل-بن-تركي-بن-عبدالعز-حي-الصفاء-مدينة-بريدة-منطقة-القصيم-6828839,"محل للبيع في شارع فهد بن تركي بن فيصل بن تركي بن عبدالعز, حي الصفاء, مدينة بريدة, منطقة القصيم",5800000,1515,,,,2,حي الخبيبية,بريدة,حي الخبيبية,"للبيع – 9 صالات مؤجرة

* عدد 9 صالات مؤجرة
* جميع الصالات على 4 شوارع
* لكل صالة عداد كهرباء مستقل
* مساحة الأرض: 1515 م²
* الموقع: طريق السلام",26.334678,43.938387,https://images.aqar.fm/webp/750x0/props/015035508_1787062829091.jpg | https://images.aqar.fm/webp/750x0/props/015035502_1787062829104.jpg,2,عبدالله فهد,,,2026-08-18,2026-08-18,2026-09-12,87,2026-09-15,True,"5,800,000",False,محل
6552284,https://sa.aqar.fm/محلات-للبيع/بريدة/حي-سلطانة/شارع-طريق-الشيخ-عبدالعزيز-بن-باز-حي-النخيل-مدينة-بريدة-منطقة-القصيم-6552284,"محل للبيع في شارع طريق الشيخ عبدالعزيز بن باز, حي النخيل, مدينة بريدة, منطقة القصيم",799000,689,,,,0,حي سلطانة,بريدة,حي سلطانة,"للبيع صالات تجارية جديدة بحي سلطانه 

رقم الكود 803

مساحة 95
عرض على الشارع 4.45
بدخول21.48

رخصة رقم 1200046180
ترخيص رقم 7200840458

*مكتب ركن درب اليوم العقاري*
((الرقم يظهر عند الضغط على اتصال))",26.378433,43.890513,https://images.aqar.fm/webp/750x0/props/049803736_1768803347366.jpg,1,سامي فهد,مكتب ركن درب اليوم للعقارات,1,2026-01-19,2026-07-13,2026-08-21,609,2026-09-15,True,"799,000",False,محل
6701134,https://sa.aqar.fm/محلات-للبيع/الرياض/شرق-الرياض/حي-غرناطة/شارع-خالد-بن-الوليد-حي-غرناطة-مدينة-الرياض-منطقة-الرياض-6701134,"محل للبيع في شارع خالد بن الوليد, حي غرناطة, مدينة الرياض, منطقة الرياض",1260000,81,,,,7,حي غرناطة,الرياض,شرق الرياض,"للبيع معرض تجاري مميز بمدينة الرياض – حي غرناطة

فرصة استثمارية مميزة لامتلاك معرض تجاري في أحد أكثر أحياء الرياض حيوية ونموًا، بموقع استراتيجي يتميز بكثافة سكانية وحركة تجارية نشطة، مناسب لمختلف الأنشطة التجارية والاستثمارية.

تفاصيل العقار:
• المساحة: 80 م²
• السعر: 1,400,000 ريال

مميزات الموقع:
• موقع حيوي ومميز
• مناسب للمعارض والأنشطة التجارية المختلفة
• قرب الخدمات والمحاور الرئيسية
• واجهة تجارية ممتازة وفرصة استثمارية واعدة

رقم رخصة الإعلان:
7200974878

شركة:
العمار العقارية

رقم رخصة فال:
1200010470

للتواصل والاستفسار:
0500973555
0500974555
العمار العقارية
خبرة وثقة في التسويق والاستثمار العقاري.",24.785889,46.74785,,,يزيد احمد عمار العمار,شركة وسم العمار للإدارة العقارية شركة شخص واحد,1,2026-05-17,2026-09-11,2026-09-11,1886,2026-09-15,True,"1,260,000",False,محل
6832112,https://sa.aqar.fm/محلات-للبيع/الرياض/غرب-الرياض/حي-ظهرة-لبن/حي-ظهرة-لبن-الرياض-منطقة-الرياض-6832112,محل للبيع في حي ظهرة لبن ، الرياض ، منطقة الرياض,130000,120,,,,2,حي ظهرة لبن,الرياض,غرب الرياض,"نبذة مفصلة عن بيع صالون حلاقة رجالي

صالون حلاقة رجالي للبيع، فرصة مناسبة للراغبين في امتلاك مشروع قائم في مجال الحلاقة والعناية الشخصية. الصالون مجهز بكامل التجهيزات اللازمة لممارسة النشاط، ويتميز بموقع مناسب وتصميم عملي يساعد على تقديم الخدمات للعملاء بشكل مريح ومنظم.

يحتوي الصالون على تجهيزات وأدوات الحلاقة الأساسية، مع مساحة مناسبة لاستقبال العملاء وتقديم خدمات الحلاقة والتصفيف والعناية بالرجال. كما أن المشروع قابل للتشغيل والاستفادة منه مباشرة، مما يوفر على المشتري وقت وجهد وتكاليف تجهيز محل جديد من البداية.

الصالون مناسب للحلاقين وأصحاب الخبرة في المجال، وكذلك لمن يرغب في الاستثمار في مشروع قائم وقابل للتطوير من خلال إضافة خدمات جديدة وتحسين الديكور والتسويق واستقطاب المزيد من العملاء.

مميزات المشروع:

* صالون حلاقة رجالي مجهز.
* موقع مناسب وقابل للاستفادة التجارية.
* تجهيزات وأدوات حلاقة جاهزة.
* إمكانية التشغيل مباشرة.
* فرصة مناسبة للاستثمار والعمل الشخصي.
* قابل للتطوير وزيادة الخدمات ومصادر الدخل.

سبب البيع: لظروف خاصة.

لمن يرغب بالاستفسار عن تفاصيل الصالون، الموقع، التجهيزات، الدخل، والسعر، التواصل مباشرة مع المعلن.",24.623142,46.515884,https://images.aqar.fm/webp/750x0/props/042873686_1787183997916.jpg | https://images.aqar.fm/webp/750x0/props/042873689_1787183997909.jpg | https://images.aqar.fm/webp/750x0/props/042873684_1787183997975.jpg,3,محمد بن فالح بن سعد القحطاني,مؤسسة هابي مود,1,2026-08-20,,2026-08-20,20,2026-09-15,False,طلب تسويق,False,محل
6782706,https://sa.aqar.fm/محلات-للبيع/المدينة-المنورة/حي-الملك-فهد/شارع-بدر-الدين-بن-عسال-الدمشقي-حي-الملك-فهد-المدينة-المنورة-منطقة-المدينة-المنورة-6782706,"محل للبيع في شارع بدر الدين بن عسال الدمشقي, حي الملك فهد, مدينة المدينة المنورة, منطقة المدينة المنورة",2600000,650,,,,0,حي الملك فهد,المدينة المنورة,حي الملك فهد,"🏢 فرصة استثمارية مميزة — أرض تجارية مبني  عليها معارض تجارية 

للبيع أرض تجارية مقام عليها معارض تجارية جديدة في موقع استثماري مميز بحي الملك فهد بالمدينة المنورة، بإطلالة مباشرة على حديقة الجبل من الجهة الشرقية.

📍 تفاصيل العقار:
• مساحة الأرض: 650م²
• واجهة على شارع تجاري بعرض 40م
• كل معرض يتكوّن من: دور أرضي + دور أول + سطح
• دورة مياه مستقلة في كل دور
• مكان مجهز لتركيب المصعد في كل معرض
• عداد كهرباء مستقل لكل معرض
• خزان مياه مستقل لكل معرض

✅ مناسبة لمختلف الأنشطة والاستثمارات، مثل:
المكاتب الإدارية، المقاهي، المطاعم، السوبر ماركت، المكاتب الهندسية، المعارض التجارية وغيرها.

💰 الدخل السنوي المتوقع للمعرضين:
من 250,000 إلى 300,000 ريال سنويًا، بعائد استثماري متوقع يتراوح بين 8% و10%.

💵 السع قابل للتفاوض الجاد:",24.514964574604438,39.6972834403874,https://images.aqar.fm/webp/750x0/props/052401652_1784963877330.jpg | https://images.aqar.fm/webp/750x0/props/052401658_1784620569522.jpg | https://images.aqar.fm/webp/750x0/props/052401654_1784620569695.jpg | https://images.aqar.fm/webp/750x0/props/052401658_1784620569754.jpg | https://images.aqar.fm/webp/750x0/props/052401656_1784620569893.jpg | https://images.aqar.fm/webp/750x0/props/052401657_1784620569958.jpg | https://images.aqar.fm/webp/750x0/props/052401654_1784620570001.jpg | https://images.aqar.fm/webp/750x0/props/052401653_1784620570069.jpg | https://images.aqar.fm/webp/750x0/props/052401650_1784620570127.jpg | https://images.aqar.fm/webp/750x0/props/052401652_1784620570218.jpg | https://images.aqar.fm/webp/750x0/props/052401654_1784620570278.jpg | https://images.aqar.fm/webp/750x0/props/052401657_1784620570329.jpg | https://images.aqar.fm/webp/750x0/props/052401658_1784620570448.jpg | https://images.aqar.fm/webp/750x0/props/052401659_1784620570547.jpg | https://images.aqar.fm/webp/750x0/props/052401658_1784620570599.jpg | https://images.aqar.fm/webp/750x0/props/052401651_1784620570641.jpg | https://images.aqar.fm/webp/750x0/props/052401653_1784620570675.jpg | https://images.aqar.fm/webp/750x0/props/052401651_1784620570718.jpg | https://images.aqar.fm/webp/750x0/props/052401656_1784739920014.jpg | https://images.aqar.fm/webp/750x0/props/052401655_1784739920017.jpg | https://images.aqar.fm/webp/750x0/props/052401655_1784739920028.jpg | https://images.aqar.fm/webp/750x0/props/052401658_1784739920146.jpg | https://images.aqar.fm/webp/750x0/props/052401651_1784739920140.jpg | https://images.aqar.fm/webp/750x0/props/052401651_1784739920210.jpg | https://images.aqar.fm/webp/750x0/props/052401659_1784739920288.jpg | https://images.aqar.fm/webp/750x0/props/052401652_1784739920293.jpg | https://images.aqar.fm/webp/750x0/props/052401658_1784739920448.jpg | https://images.aqar.fm/webp/750x0/props/052401653_1784739920456.jpg | https://images.aqar.fm/webp/750x0/props/052401657_1784739920618.jpg | https://images.aqar.fm/webp/750x0/props/052401656_1784963897504.jpg,30,موسى بن سالم بن عواد الجهني,,,2026-07-20,2026-07-21,2026-09-13,282,2026-09-15,True,"2,600,000",False,محل
6709270,https://sa.aqar.fm/محلات-للبيع/الدمام/حي-المنار/حي-المنار-مدينة-الدمام-المنطقة-الشرقية-6709270,"محل للبيع في حي المنار, مدينة الدمام, المنطقة الشرقية",8500000,1518,,,,11,حي المنار,الدمام,حي المنار,"مقر تجاري للبيع او الايجار  مساحه: 1525م زاويه
حي الفيصليه الدمام شارع الإمام محمد بن سعود 
مناسب لعدة انشطه تجاريه
نادي 
صيدليه
مطعم
او غيرها
-----------------------------------------------------------------
سعر البيع : 8500,000 قابل للتفاوض
التأجير: 800,000 قابل للتفاوض
----------------------------------------------------------------
للإستفسار:
ساره المزروع
 ",26.381799,50.055229,https://images.aqar.fm/webp/750x0/props/011217494_1779612718566.jpg,1,ساره عبدالهادي بن مزروع المزروع,,,2026-05-24,2026-05-24,2026-09-08,917,2026-09-15,True,"8,500,000",False,محل
6786069,https://sa.aqar.fm/محلات-للبيع/الرياض/غرب-الرياض/حي-طويق/طريق-نجم-الدين-الأيوبي-الفرعي-حي-طويق-الرياض-منطقة-الرياض-6786069,محل للبيع في طريق نجم الدين الأيوبي الفرعي ، حي طويق ، الرياض ، منطقة الرياض,150000,96,,,,1,حي طويق,الرياض,غرب الرياض,"قابل للتفاوض 
صالون تزين نسائي كامل بجميع المعدات",24.555479,46.527716,https://images.aqar.fm/webp/750x0/props/012936252_1784741524648.jpg,1,روان بنت هزاع بن محمود خطيري,,,2026-07-22,,2026-07-22,39,2026-09-15,False,طلب تسويق,False,محل
6840072,https://sa.aqar.fm/محلات-للبيع/المدينة-المنورة/حي-ورقان/شارع-الحسين-بن-محمد-بن-عبد-الوهاب-البغدادى-حي-ورقان-مدينة-المدينة-المنورة-منطقة-المدينة-المنورة-6840072,"محل للبيع في شارع الحسين بن محمد بن عبد الوهاب البغدادى, حي ورقان, مدينة المدينة المنورة, منطقة المدينة المنورة",3000000,745,,,,1,حي ورقان,المدينة المنورة,حي ورقان,"للبيع 
مساحة الأرض/ 745 متر
4 معارض تجارية 
مساحة المعرض الواحد 
 (111 متر )
الوجهة غربية
واجهة المعرض الواحد 6 متر
العمق / 18.5 متر
الحي/  حمراء الاسد 
الشارع / الدايري الثالث ( طريق الملك خالد بن عبدالعزيز )
المطلوب للبيع/ 3 مليون ريال
 رقم العرض  240
ترخيص الاعلان للبيع. / 
7200972488
رخصة فال / 1200001106
للتواصل / ((الرقم يظهر عند الضغط على اتصال))",24.380643,39.513068,,,طارق بن سليمان,شركة علامات العقارية المحدودة ,1,2026-08-24,2026-08-24,2026-08-24,48,2026-09-15,True,"3,000,000",False,محل
6792972,https://sa.aqar.fm/محلات-للبيع/الدمام/حي-المنار/حي-شارع-زهير-بن-أبي-سلمى-حي-المنار-الدمام-الدمام-6792972,محل للبيع في حي ، شارع زهير بن أبي سلمى ، حي المنار ، الدمام ، الدمام,50000,31,,,,1,حي المنار,الدمام,حي المنار,"مطعم بروستد وشورما وبيتزا ومعجنات للتقبيل في حي المنار الدمام
المطعم شغال وسبب البيع ظروف خاصة المطعم عنده بالفعل قاعدة عملاء  
رجاء لايتواصل الى الصامل 
السعر قابل للتفاوض",26.362986,50.036644,https://images.aqar.fm/webp/750x0/props/054272944_1785168691084.jpg | https://images.aqar.fm/webp/750x0/props/054272943_1785168727483.jpg | https://images.aqar.fm/webp/750x0/props/054272947_1785168734972.jpg | https://images.aqar.fm/webp/750x0/props/054272940_1785168745576.jpg | https://images.aqar.fm/webp/750x0/props/054272946_1785168752439.jpg | https://images.aqar.fm/webp/750x0/props/054272942_1785168760451.jpg,6,دخيل بن فهد بن دخيل الدوسري,,,2026-07-27,,2026-07-27,35,2026-09-15,False,طلب تسويق,False,محل
6710908,https://sa.aqar.fm/محلات-للبيع/الرياض/غرب-الرياض/حي-ظهرة-لبن/شارع-عسير-حي-ظهرة-لبن-مدينة-الرياض-منطقة-الرياض-6710908,"محل للبيع في شارع عسير, حي ظهرة لبن, مدينة الرياض, منطقة الرياض",7000000,900,,,,0,حي ظهرة لبن,الرياض,غرب الرياض,"فرصة استثمارية مميزة على شارع عسير في حي لبن
 خمس معارض تجارية للبيع بتصميم وواجهات عصرية على أرض بمساحة 900 متر مربع. 
الموقع يتميز  بانة على تقاطع شارع عسير مع شارع الجنادرية بحركة مرور وكثافة سكانية عالية، 
 درايف ثرو لتلبية احتياجات المطاعم والكافيهات. مواقف أمامية،ومواقف خلفية وبنية تحتية جاهزة للتشغيل. مناسب للعلامات التجارية التي تسعى لظهور بارز وتجربة عملاء سلسة.",24.608167,46.515157,https://images.aqar.fm/webp/750x0/props/041399506_1779732951248.jpg | https://images.aqar.fm/webp/750x0/props/041399504_1779732951145.jpg,2,معتز عثمان,,,2026-05-25,2026-06-24,2026-09-13,520,2026-09-15,True,"7,000,000",False,محل
6793521,https://sa.aqar.fm/محلات-للبيع/الرياض/شرق-الرياض/حي-الشرق/حي-الشرق-الرياض-منطقة-الرياض-6793521,محل للبيع في حي الشرق ، الرياض ، منطقة الرياض,150000,64,,,,1,حي الشرق,الرياض,شرق الرياض,"للجادين فقط، يوجد محل خلية نحل للتقبيل، محل قائم وجاهز للعمل ومجهز بالكامل.

✅ موقع مميز.
✅ جاهز للتشغيل مباشرة.
✅ لدى المحل قاعدة عملاء ثابتة ومستمرة، مما يساهم في استمرار النشاط 
✅ سبب التقبيل: عدم التفرغ.

فرصة مناسبة لمن يرغب في استلام مشروع قائم ومشغّل.

للتواصل والاستفسار:
((الرقم يظهر عند الضغط على اتصال))📞",24.886339,46.865926,https://images.aqar.fm/webp/750x0/props/027392882_1787935769729.jpg | https://images.aqar.fm/webp/750x0/props/027392882_1787935781786.jpg | https://images.aqar.fm/webp/750x0/props/027392885_1787935795983.jpg | https://images.aqar.fm/webp/750x0/props/027392888_1787935807886.jpg | https://images.aqar.fm/webp/750x0/props/027392883_1787935830003.jpg | https://images.aqar.fm/webp/750x0/props/027392881_1787935842406.jpg,6,ناصر معجب ابراهيم الدوسري,,,2026-07-27,,2026-09-09,43,2026-09-15,False,طلب تسويق,False,محل
6861762,https://sa.aqar.fm/محلات-للبيع/مكة-المكرمة/حي-الملك-فهد/شارع-عبدالرحمن-ابن-عوف-حي-ولي-العهد-مكة-منطقة-مكة-المكرمة-6861762,محل للبيع في شارع عبدالرحمن ابن عوف ، حي ولي العهد ، مكة ، منطقة مكة المكرمة,180000,110,,,,1,حي الملك فهد,مكة المكرمة,حي الملك فهد,,21.3218,39.689507,https://images.aqar.fm/webp/750x0/props/024779659_1788772431118.jpg | https://images.aqar.fm/webp/750x0/props/024779658_1788772466039.jpg | https://images.aqar.fm/webp/750x0/props/024779658_1788772492548.jpg | https://images.aqar.fm/webp/750x0/props/024779656_1788772507117.jpg | https://images.aqar.fm/webp/750x0/props/024779659_1788772553808.jpg | https://images.aqar.fm/webp/750x0/props/024779652_1788772571910.jpg | https://images.aqar.fm/webp/750x0/props/024779657_1788772595370.jpg | https://images.aqar.fm/webp/750x0/props/024779650_1788772617672.jpg | https://images.aqar.fm/webp/750x0/props/024779659_1788772649221.jpg | https://images.aqar.fm/webp/750x0/props/024779654_1788772678044.jpg,10,جابر بن خالد بن علي الحجاجي,,,2026-09-07,,2026-09-07,13,2026-09-15,False,طلب تسويق,False,محل
6601988,https://sa.aqar.fm/محلات-للبيع/حائل/حي-النسية/شارع-عمرو-ابن-ابي-وقاص-حي-منيفة-القاعد-مدينة-منيفة-القاعد-منطقة-حائل-6601988,"محل للبيع في شارع عمرو ابن ابي وقاص, حي منيفة القاعد, مدينة منيفة القاعد, منطقة حائل",900000,525,,,,11,حي النسية,حائل,حي النسية,"🚦رقم الترخيص الاعلاني 7200831566
🚦السجل التجاري 3350141921

‏🆕عرض جديد

🟨 للبيع صالات زاويه تجاريه في القاعد  🟨


مساحة الارض ٥٢٥ م
شارع جنوبا  عرض ٣٦ م بطول 30م
شارع شرق  عرض ٢٥م بطول 17 م


مساحة الصاله رقم 1 - 185 م
مساحة الصاله رقم 2 - 150م
بالخلف غرف نوم عدد - 3 
مطبخين 
ثلاث دورات مياه 

🔶يوجد عدادين كهرباء 


🛑 الدخل السنوي 78 الف

✅ السوم 750 الف والبيع قريب

مباشر 
مكتب مستقر للعقارات 
‏http://wa.me/((رقم المعلن يظهر عند التواصل))",27.841302,41.724272,,,أحمد الشمري,مؤسسة مكتب مستقر للعقارات,1,2026-02-23,2026-08-17,2026-09-12,423,2026-09-15,True,"900,000",False,محل
6507520,https://sa.aqar.fm/محلات-للبيع/حائل/حي-البدنة/شارع-الجبالين-حي-المدائن-مدينة-حائل-منطقة-حائل-6507520,"محل للبيع في شارع الجبالين, حي المدائن, مدينة حائل, منطقة حائل",1200000,679,,,,0,حي البدنة,حائل,حي البدنة,"🚦الترخيص الاعلاني 7200794828
🚦رقم السجل التجاري 3350141921

🔴 رقم العرض 1602
☑️ عرض جديد وفرصة استثماريه ☑️

🟩للبيع ارض زاويه تجاريه مع استراحتين بالخلف على شارع التسعين في حي المدائن قبل الكبري 🟩

🔶 موقع مميز وفاخر للصالات والمحلات 
🔶 راكب عداد الكهرب ويوجد خزانين

رقم المخطط 2020
رقم القطعه 2466
مساحة الارض 679,49 م

شارع شمالي عرض 90 م بطول 19,41م
ممر غربي عرض 6 بطول 35م

🔺محتويات كل استراحه :
 غرفه وصاله وحمام ومطبخ

🟣 السوم مليون و 100 الف والبيع بسومته 

مباشر
مكتب مستقر العقاري 
‏http://wa.me/((رقم المعلن يظهر عند التواصل))",27.416282,41.722538,,,أحمد الشمري,مؤسسة مكتب مستقر للعقارات,1,2025-12-15,2025-12-15,2026-07-12,622,2026-09-15,True,"1,200,000",False,محل
6849642,https://sa.aqar.fm/محلات-للبيع/بريدة/حي-الصفراء/شارع-عبدالله-ابن-عطاء-حي-الصفراء-مدينة-بريدة-منطقة-القصيم-6849642,"محل للبيع في شارع عبدالله ابن عطاء, حي الصفراء, مدينة بريدة, منطقة القصيم",1400000,85,,,,11,حي الصفراء,بريدة,حي الصفراء,"ترخيص فال من هيئة العقار رقم ( 1100005627 )‏

فرصة استثمارية تجارية في قلب بريدة

للبيع محل تجاري 

الموقع :  بريدة - أسواق النافورة 
على طريق الملك عبدالله مباشرة
المساحة : 85 م 
مؤجر حالياً بـ 100 ألف ريال سنوياً

السعر : مليون و 400 الف 


للتواصل والاستفسار 
((الرقم يظهر عند الضغط على اتصال))",26.360775,43.958313,https://images.aqar.fm/webp/750x0/props/050021398_1788118298910.jpg,1,محمد الغنيم,,,2026-08-30,2026-08-30,2026-09-04,64,2026-09-15,True,"1,400,000",False,محل
6711629,https://sa.aqar.fm/محلات-للبيع/جدة/جنوب-جدة/حي-الفاروق/شارع-أحمد-القرشي-حي-الفاروق-مدينة-جدة-منطقة-مكة-المكرمة-6711629,"محل للبيع في شارع أحمد القرشي, حي الفاروق, مدينة جدة, منطقة مكة المكرمة",4000000,852,,,,11,حي الفاروق,جدة,جنوب جدة,"فيلا 
دور ارضي 
6 غرف + صاله + 3 دورات مياه + حوش خاص + غرفه سائق + مسبح 
الدور الاول 
6 غرف + صاله + مطبخ + بلكونه 
الدور الثاني
غرفه + دوره مياه + سطح 

العقار عباره عن فيلا تـم تحويلها  الى 4 معارض  
ومؤجره بعقد واحد بنسبه دخل سنوي 5٪",21.453904,39.274083,,,محمد الزهراني,,,2026-05-27,2026-08-22,2026-08-22,157,2026-09-15,True,"4,000,000",False,محل
6731518,https://sa.aqar.fm/محلات-للبيع/جدة/جنوب-جدة/حي-الجوهرة/شارع-محمد-بن-عبدالرحمن-بن-اسحاق-ال-الشيخ-حي-الجوهرة-مدينة-جدة-منطقة-مكة-المكرمة-6731518,"محل للبيع في شارع محمد بن عبدالرحمن بن اسحاق ال الشيخ, حي الجوهرة, مدينة جدة, منطقة مكة المكرمة",4000000,1230,,,,7,حي الجوهرة,جدة,جنوب جدة,"معرض للبيع 
موقع مميز 
في معارض الجوهرة للسيارات 
معرض للبيع 
موقع مميز 
في معارض الجوهرة للسيارات 

معرض للبيع 
موقع مميز 
في معارض الجوهرة للسيارات",21.430466,39.252508,,,حسن عشق حسن العطريز,مؤسسة سمو المملكة للخدمات العقارية,1,2026-06-13,2026-09-09,2026-09-09,128,2026-09-15,True,"4,000,000",False,محل
6767202,https://sa.aqar.fm/محلات-للبيع/الرياض/شرق-الرياض/حي-الجنادرية/طريق-الشيخ-خليفة-بن-حمد-ال-ثاني-حي-الجنادرية-الرياض-منطقة-الرياض-6767202,محل للبيع في طريق الشيخ خليفة بن حمد ال ثاني ، حي الجنادرية ، الرياض ، منطقة الرياض,5,30,,,,6,حي الجنادرية,الرياض,شرق الرياض,"محل شاورما لتقبيل
🔴الاجار مدفوع قبل اسبوع🔴:

* 📍 الموقع: الرياض – الجنادرية.
* مقابل حديقة الجنادرية.
* على شارع حيوي.
* 📐 المساحة: 30 م².
* 💰 الإيجار السنوي: 45,000 ريال.

المعدات تشمل:

* شواية شاورما.
* آلة بروستد.
* فرامة لحم.
* 4 ثلاجات.
* براد عرض.
* سخانة موية.
* 3 أسطوانات غاز.

المحل مجهز وجاهز للتشغيل مباشرة.

سبب التقبيل: التفرغ",24.802368,46.860645,https://images.aqar.fm/webp/750x0/props/020628298_1783617423875.jpg | https://images.aqar.fm/webp/750x0/props/020628293_1783617450010.jpg | https://images.aqar.fm/webp/750x0/props/020628298_1783617459288.jpg | https://images.aqar.fm/webp/750x0/props/020628293_1783617467314.jpg | https://images.aqar.fm/webp/750x0/props/020628292_1783617476315.jpg | https://images.aqar.fm/webp/750x0/props/020628295_1783617491311.jpg,6,نواف خليف رمضان العنزي,,,2026-07-09,,2026-07-09,54,2026-09-15,False,طلب تسويق,False,محل
6870543,https://sa.aqar.fm/محلات-للبيع/الرياض/شرق-الرياض/حي-النظيم/حي-الندوة-الرياض-منطقة-الرياض-6870543,محل للبيع في حي الندوة ، الرياض ، منطقة الرياض,85000,80,,,,0,حي النظيم,الرياض,شرق الرياض,"فرصه استثمار عقاري محل لتقبيل معا البضاعه 
نرجو منكم المساعده معنا 
يتواصل معنا الزبون الصامل 
((الرقم يظهر عند الضغط على اتصال))",24.81391,46.89077,https://images.aqar.fm/webp/750x0/props/055376296_1789224006774.jpg | https://images.aqar.fm/webp/750x0/props/055376290_1789224006516.jpg | https://images.aqar.fm/webp/750x0/props/055376295_1789224006671.jpg | https://images.aqar.fm/webp/750x0/props/055376296_1789224007010.jpg | https://images.aqar.fm/webp/750x0/props/055376297_1789224007268.jpg | https://images.aqar.fm/webp/750x0/props/055376299_1789224007399.jpg | https://images.aqar.fm/webp/750x0/props/055376293_1789224007650.jpg | https://images.aqar.fm/webp/750x0/props/055376291_1789224007767.jpg,8,حربي حسن داوود يوسف السامدي,,,2026-09-12,,2026-09-12,7,2026-09-15,False,طلب تسويق,False,محل
6810344,https://sa.aqar.fm/محلات-للبيع/الرياض/شرق-الرياض/حي-النسيم-الشرقي/حي-النسيم-الشرقي-الرياض-منطقة-الرياض-6810344,محل للبيع في حي النسيم الشرقي ، الرياض ، منطقة الرياض,170,105,,,,2,حي النسيم الشرقي,الرياض,شرق الرياض,"مغسلة سيارات للتنازل بدون مقابل

مغسلة سيارات بمساحة 105 م²، للتنازل بدون مقابل، مع نقل عقد الإيجار باسم المستأجر الجديد.

* 3 فتحات للغسيل
* عدد 2 بستم
* مساحة كبيرة لتجفيف وتمسيح السيارات
* غرفة زبائن
* سكن للعمال
* مياه من شبكة البلدية
* صرف صحي مرتبط بشبكة البلدية

الإيجار: 170,000 ريال سنويًا + ضريبة القيمة المضافة.

التنازل بدون مقابل، والمطلوب فقط تحمل الإيجار ونقل العقد باسم المستأجر الجديد.",24.742487,46.841515,https://images.aqar.fm/webp/750x0/props/016762060_1786126244374.jpg | https://images.aqar.fm/webp/750x0/props/016762066_1786126244370.jpg | https://images.aqar.fm/webp/750x0/props/016762060_1786126244370.jpg | https://images.aqar.fm/webp/750x0/props/016762061_1786126244367.jpg | https://images.aqar.fm/webp/750x0/props/016762064_1786126244369.jpg | https://images.aqar.fm/webp/750x0/props/016762067_1786126244375.jpg,6,عبدالله فهد صالح الحصان,,,2026-08-07,,2026-09-08,21,2026-09-15,False,طلب تسويق,False,محل
6688564,https://sa.aqar.fm/محلات-للبيع/الدمام/حي-ضاحية-الملك-فهد/شارع-عثمان-الحقيل-ضاحية-الملك-فهد-الدمام-الدمام-6688564,محل للبيع في شارع عثمان الحقيل ، ضاحية الملك فهد ، الدمام ، الدمام,50000,75,,,,1,حي ضاحية الملك فهد,الدمام,حي ضاحية الملك فهد,مطعم للتقبيل,26.417929,49.98423,https://images.aqar.fm/webp/750x0/props/003730882_1778314147069.jpg,1,عبدالله بن صالح بن علي آل قريع,,,2026-05-09,,2026-09-08,136,2026-09-15,False,طلب تسويق,False,محل
6806119,https://sa.aqar.fm/محلات-للبيع/الخبر/حي-الثقبة/شارع-العشرون-حي-الثقبة-الخبر-الخبر-6806119,محل للبيع في شارع العشرون ، حي الثقبة ، الخبر ، الخبر,500000,800,,,,2,حي الثقبة,الخبر,حي الثقبة,"فرصة استثمارية جاهزة للتشغيل - مطعم متكامل للتقبيل في الثقبة
الموقع المميز: يقع المطعم في شارع العشرين بحي الثقبة في موقع حيوي ونشط تجارياً يتميز بكثافة سكانية عالية وحركة مستمرة.
تفاصيل العقار (3 أدوار متكاملة):
الدور الأول: مطبخ مركزي مجهز بالكامل بأحدث المعدات بالإضافة إلى غرفة تبريد وغرفة تجميد بمساحات ممتازة.
الدور الثاني: صالات طعام مجهزة ومقسمة بالكامل إلى قسم عوائل وقسم عزاب لضمان الخصوصية.
الدور الثالث: سكن عمال مجهز بالكامل ومستقل لتوفير تكاليف النقل والسكن الخارجي.
مميزات إضافية:
لقطة استثمارية: المطعم جاهز للعمل فوراً ولا يحتاج إلى أي مصاريف تأسيس.
رخص وإنشاءات مطابقة للاشتراطات البلدية والدفاع المدني.",26.270401,50.193874,https://images.aqar.fm/webp/750x0/props/020592130_1785866115308.jpg | https://images.aqar.fm/webp/750x0/props/020592135_1785866115170.jpg,2,نايف بن الحسين بن عبدالله البارقي,,,2026-08-04,,2026-08-04,27,2026-09-15,False,طلب تسويق,False,محل
6872686,https://sa.aqar.fm/محلات-للبيع/الرياض/غرب-الرياض/حي-طويق/شارع-عقيل-بن-ابي-طالب-حي-طويق-الرياض-منطقة-الرياض-6872686,محل للبيع في شارع عقيل بن ابي طالب ، حي طويق ، الرياض ، منطقة الرياض,45000,28,,,,5,حي طويق,الرياض,غرب الرياض,"اعلان هاااام📣

للبيع بوفية و تسالي في حي طويق بجميع أغراض المحل وسكن العمال

الأغراض المتوفرة في المحل (الاساسية) :- 
4 طاولات استيل
جهاز كاشير متكامل
3 كاميرات 📷 
1 صاجة برقر
1 قلاية بطاطس
1 سخان ساندويش 
1 غاز عنين مع الطاوله
3 ثلاجة واقف
1 فريزر
1 مكيف اسبلت 
1 سخان فطور 
جميع تطبيقات التوصيل 
جميع اغراض المطبخ و الاكسسوارات 

(جميع الاغراض مشتراه جديد ماله تقريبا 4 شهور )

سكن العمال :-
سراير
ثلاجة
غسالة
غاز
———————————————
الايجار رخيص و باقي فيه و المحل شغال ما شاءالله المحل شباك بالطراز الجديد تقييمات قوقل ماب ممتازة جداً ويوجد ايضا حسابات في مواقع التواصل الإجتماعي فعالة و المشاهدات طيبة وعدد العمل 3 عمال
——————————————
سبب البيع / الانشغال بمشروع آخر
لمزيد من التفاصيل الرجاء التواصل",24.584267,46.566853,https://images.aqar.fm/webp/750x0/props/015648733_1789318033835.jpg | https://images.aqar.fm/webp/750x0/props/015648736_1789318033861.jpg | https://images.aqar.fm/webp/750x0/props/015648730_1789318033858.jpg | https://images.aqar.fm/webp/750x0/props/015648731_1789318033844.jpg | https://images.aqar.fm/webp/750x0/props/015648733_1789318033863.jpg | https://images.aqar.fm/webp/750x0/props/015648731_1789318033841.jpg | https://images.aqar.fm/webp/750x0/props/015648731_1789318033845.jpg | https://images.aqar.fm/webp/750x0/props/015648739_1789318033864.jpg,8,سليمان محمد,,,2026-09-13,,2026-09-13,7,2026-09-15,False,طلب تسويق,False,محل
6851530,https://sa.aqar.fm/محلات-للبيع/ابها/حي-القريقر/طريق-النخيل-حي-الموظفين-ابها-منطقة-عسير-6851530,محل للبيع في طريق النخيل ، حي الموظفين ، ابها ، منطقة عسير,25000,28,,,,1,حي القريقر,ابها,حي القريقر,صالون رجالي للتقبيل و البيع بكامل ادواته,18.227516,42.589527,https://images.aqar.fm/webp/750x0/props/048637553_1788209840986.jpg | https://images.aqar.fm/webp/750x0/props/048637553_1788209840985.jpg | https://images.aqar.fm/webp/750x0/props/048637554_1788209840988.jpg | https://images.aqar.fm/webp/750x0/props/048637557_1788209840984.jpg | https://images.aqar.fm/webp/750x0/props/048637556_1788209840984.jpg | https://images.aqar.fm/webp/750x0/props/048637557_1788209840981.jpg | https://images.aqar.fm/webp/750x0/props/048637551_1788209840988.jpg | https://images.aqar.fm/webp/750x0/props/048637553_1788209840985.jpg,8,ماجد بن جمعان بن عبدالله الزهراني,,,2026-08-31,,2026-08-31,2,2026-09-15,False,طلب تسويق,False,محل
6853847,https://sa.aqar.fm/محلات-للبيع/جازان/حي-الصفا/طريق-الامير-سلطان-بن-عبدالعزيز-حي-الصفا-جيزان-منطقة-جازان-6853847,محل للبيع في طريق الامير سلطان بن عبدالعزيز ، حي الصفا ، جيزان ، منطقة جازان,1,75,,,,2,حي الصفا,جازان,حي الصفا,,16.883041,42.565266,https://images.aqar.fm/webp/750x0/props/016184389_1788340944838.jpg,1,محمد بن عماد بن زيلعي زيلعي,,,2026-09-02,,2026-09-02,4,2026-09-15,False,طلب تسويق,False,محل
6745072,https://sa.aqar.fm/محلات-للبيع/الرياض/غرب-الرياض/حي-طويق/طريق-خديجة-بنت-خويلد-حي-طويق-الرياض-منطقة-الرياض-6745072,محل للبيع في طريق خديجة بنت خويلد ، حي طويق ، الرياض ، منطقة الرياض,1,177,,,,,حي طويق,الرياض,غرب الرياض,محل للتقبيل 3 فتحات ايجار السنوي 210000 الف مع البضاعة اواني منزليه داخل القريه الشعبية قسم الاواني البضاعة اللي فيه تقريبا من 640 الف الى 700 الف سبب البيع السكن خارج الرياض وصعوبة التفرغ له السعي على المشتري السوم واصل 200000 الف,24.582867,46.585839,https://images.aqar.fm/webp/750x0/props/005303568_1782229507469.jpg | https://images.aqar.fm/webp/750x0/props/005303569_1782229507474.jpg | https://images.aqar.fm/webp/750x0/props/005303569_1782229507501.jpg | https://images.aqar.fm/webp/750x0/props/005303568_1782229507500.jpg | https://images.aqar.fm/webp/750x0/props/005303568_1782229507555.jpg,5,عبدالاله منصور  عبدالعزيز العنيق ,,,2026-06-23,,2026-06-23,42,2026-09-15,False,طلب تسويق,False,محل
6847298,https://sa.aqar.fm/محلات-للبيع/القطيف/حي-الخامسة/شارع-القدس-حي-الخامسة-القطيف‎-القطيف-6847298,محل للبيع في شارع القدس ، حي الخامسة ، القطيف‎ ، القطيف,45000,60,,,,2,حي الخامسة,القطيف,حي الخامسة,"‎فرصة استثمارية بالقطيف 💈
‎صالون حلاقة رجالي متكامل وشغال للتقبيل في موقع حيوي (شارع القدس)، لعدم التفرغ. المحل جاهز للتشغيل الفوري ولا يحتاج أي مصاريف تأسيس.
* السعر: 45,000 ريال    (قابل للتفاوض).
* الإيجار السنوي: 40,000 ريال. 
* الدخل الشهري: 7,000 إلى 10,000 ريال (له زبائن دائمين).
* العمالة: 2 حلاقين بالمحل جاهزين
* ⁠عقد الايجار : ينتهي 15/01/2027
* المميزات: يشمل غرفة مجهزة لسكن العمال خارج المحل + معدات وديكورات حديثة بالكامل + رخص وسجل تجاري ساري وجاهز للنقل.
‎للتواصل والاستفسار الجاد (اتصال أو واتساب): [966536444857]",26.556211,50.014107,https://images.aqar.fm/webp/750x0/props/055071555_1788014060164.jpg | https://images.aqar.fm/webp/750x0/props/055071552_1788014060167.jpg | https://images.aqar.fm/webp/750x0/props/055071558_1788014060121.jpg | https://images.aqar.fm/webp/750x0/props/055071552_1788014060167.jpg | https://images.aqar.fm/webp/750x0/props/055071552_1788014059929.jpg | https://images.aqar.fm/webp/750x0/props/055071556_1788014060162.jpg,6,محمد بن عبدالكريم بن عبدالعزيز الشاعر,,,2026-08-29,,2026-09-02,8,2026-09-15,False,طلب تسويق,False,محل
6826384,https://sa.aqar.fm/محلات-للبيع/الجبيل/حي-مخطط-الدخل-المحدود/شارع-غرناطة-347-حي-غرناطة-الجبيل-الجبيل-6826384,محل للبيع في شارع غرناطة 347 ، حي غرناطة ، الجبيل ، الجبيل,220000,90,,,,0,حي مخطط الدخل المحدود,الجبيل,حي مخطط الدخل المحدود,"محل سباكة وكهرباء ومواد بناء للتقبيل 
شامل البضاعه وكل حاجه جاهز للتشغيل 
توجد بضاعه بحوالي ١٥٠ ألف
المحل فيه ميزان دور علوي مستودع جاهز مع الدرج
المحل زاوية وفيه باب خلفي حديد ايضا
جاهز بالكاميرات والاضاءات والاستاندات والبضاعة
وتم تفصيل ستاند حديد للمواسير + مقسمات خشب لقطع وتوصيلات السباكة 
المحل كامل مكمل والكامل الله سبحانه
ايجار المحل سنوي ٣٣ ألف 
للمشتري الصامل وسوف يتم تخفيض الايجار
دفع كل ٦ شهور
سعر التقبيل ٢٢٠ ألف",26.886985,49.749347,https://images.aqar.fm/webp/750x0/props/040715433_1786917149051.jpg,1,عبدالله بن وليد بن عبدالله الشنبه,,,2026-08-16,,2026-08-16,18,2026-09-15,False,طلب تسويق,False,محل
6737693,https://sa.aqar.fm/محلات-للبيع/الجبيل/حي-الفيحاء/شارع-مدينه-الجبيل-الصناعيه-3815-حي-الفيحاء-الجبيل-الجبيل-6737693,محل للبيع في شارع مدينه الجبيل الصناعيه 3815 ، حي الفيحاء ، الجبيل ، الجبيل,350,225,,,,6,حي الفيحاء,الجبيل,حي الفيحاء,للتقبيل محل البيت العصري للديكور بالجبيل الصناعية حي الفيحا,27.119764,49.549904,https://images.aqar.fm/webp/750x0/props/053419070_1781774082978.jpg,1,اماني بنت عيضه بن ثويب الحارثي,,,2026-06-18,,2026-06-18,59,2026-09-15,False,طلب تسويق,False,محل
6744855,https://sa.aqar.fm/محلات-للبيع/الرياض/غرب-الرياض/حي-طويق/شارع-جهام-حي-طويق-الرياض-منطقة-الرياض-6744855,محل للبيع في شارع جهام ، حي طويق ، الرياض ، منطقة الرياض,1,177,,,,0,حي طويق,الرياض,غرب الرياض,محل للتقبيل 3 فتحات ايجار السنوي 210000 الف مع البضاعة اواني منزليه داخل القريه الشعبية قسم الاواني البضاعة اللي فيه تقريبا من 640 الف الى 700 الف سبب البيع السكن خارج الرياض وصعوبة التفرغ له السعي على المشتري السوم واصل 200000 الف,24.583179,46.585767,https://images.aqar.fm/webp/750x0/props/005303566_1782222390037.jpg | https://images.aqar.fm/webp/750x0/props/005303564_1782222390068.jpg | https://images.aqar.fm/webp/750x0/props/005303567_1782222390103.jpg | https://images.aqar.fm/webp/750x0/props/005303563_1782222390120.jpg | https://images.aqar.fm/webp/750x0/props/005303565_1782222390260.jpg,5,عبدالاله منصور  عبدالعزيز العنيق ,,,2026-06-23,,2026-06-23,39,2026-09-15,False,طلب تسويق,False,محل
6765445,https://sa.aqar.fm/محلات-للبيع/الدمام/حي-الدانة/طريق-الملك-عبدالعزيز-حي-الخضرية-الدمام-الدمام-6765445,محل للبيع في طريق الملك عبدالعزيز ، حي الخضرية ، الدمام ، الدمام,90000,40,,,,0,حي الدانة,الدمام,حي الدانة,صالون مجهز بالكامل مع العماله عدد 3 عمال للبيع مع سكن للعمال فوق المحل ،، يقع على شارع حيوي في سيهات شارع الملك عبدالعزيز في حي الدانه سبب البيع عدم التفرغ ولكن العامل مستعد للإدارة ودفع مبلغ شهري قيمة الإيجار للمحل مع السكن 46 الف سنويا,26.468161,50.044303,https://images.aqar.fm/webp/750x0/props/021674709_1783522169670.jpg | https://images.aqar.fm/webp/750x0/props/021674700_1783522169464.jpg,2,حسين بن عبدالله بن احمد الدوخي,,,2026-07-08,,2026-07-08,45,2026-09-15,False,طلب تسويق,False,محل
6829704,https://sa.aqar.fm/محلات-للبيع/الرياض/شمال-الرياض/حي-العارض/حي-العارض-الرياض-منطقة-الرياض-6829704,محل للبيع في حي العارض ، الرياض ، منطقة الرياض,180000,15,,,,5,حي العارض,الرياض,شمال الرياض,"محل تجاري قائم للعناية بالسيارات 

للبيع محل متخصص في العناية بالسيارات

📍موقع مميز (شمال-الرياض)
طريق الملك فهد حي العارض
إجار المكان بتكلفه قليله. 

النشاط قائم ويشمل التلميع، الحماية (PPF)، التظليل، وعزل الصوت والحرارة.

المحل يعمل بطاقم 3 فنين متخصصين و2 اضافين عند الضغط مع قاعدة عملاء ثابتة، ورقم معروف يستقبل اتصالات بشكل مستمر.

يشمل البيع حسابات التواصل الاجتماعي، سناب شات بأكثر من 5,000 متابع، وتيك توك بأكثر من 5,000 متابع.

عقد الإيجار المتبقي سنتان، والإيجار مدفوع مقدمًا لما يقارب خمسة أشهر.

سبب البيع عدم التفرغ او المتابعة
رقم التواصل : ((الرقم يظهر عند الضغط على اتصال))",24.870607,46.592941,https://images.aqar.fm/webp/750x0/props/020977868_1787075629246.jpg,1,عبدالعزيز عبدالكريم عبدالعزيز اليحيا,,,2026-08-18,,2026-08-18,32,2026-09-15,False,طلب تسويق,False,محل
6831863,https://sa.aqar.fm/محلات-للبيع/مكة-المكرمة/حي-العوالي/مكة-منطقة-مكة-المكرمة-6831863,محل للبيع في مكة ، منطقة مكة المكرمة,34000,48,,,,7,حي العوالي,مكة المكرمة,حي العوالي,"محل للتقبيل والتنازل بدون اغراض جاهز من ناحية الأساسيات والتشطيبات والكهرباء والماء والجبسيات يصلح لجميع الأنشطة 
تم عمل أجهزة الدفاع المدني 
العنوان مكة حي الحسينية
 مساحة المحل 48متر
موجود ميزان دور ثاني 
الإيجار شامل الضريبة 34500 علي دفعتين
 مدفوع الإيجار الي 11/9/2016
مبلغ التنازل 24000 الف 
بدون عمولة ولا دلالة 
((الرقم يظهر عند الضغط على اتصال))",21.303024,39.898797,https://images.aqar.fm/webp/750x0/props/049341232_1787169261854.jpg,1,محمد صبحى اسماعيل البهوتى,,,2026-08-19,,2026-08-19,13,2026-09-15,False,طلب تسويق,False,محل
6801296,https://sa.aqar.fm/محلات-للبيع/بريدة/حي-الصفراء/شارع-عائش-بن-الصامت-بن-دريد-حي-الصفراء-بريدة-بريدة-6801296,محل للبيع في شارع عائش بن الصامت بن دريد ، حي الصفراء ، بريدة ، بريدة,180000,74,,,,0,حي الصفراء,بريدة,حي الصفراء,"للتقبيل صالون نسائي في موقع حيوي ومميز.
📍 الموقع: شارع المشاغل
📐 المساحة: 74 متر²
🪟 واجهة زجاجية تمنح المحل إطلالة رائعة وجاذبية للعملاء.
🛍️ قريب من جميع الخدمات وفي منطقة حيوية ذات كثافة عالية.
مميزات الصالون:
✔️ جميع الأجهزة جديدة.
✔️ جميع المنتجات جديدة.
✔️ جاهز للتشغيل مباشرة دون الحاجة لأي تجهيزات إضافية.
‏قابل التفاوض",26.362569,43.955735,https://images.aqar.fm/webp/750x0/props/039782477_1785654864275.jpg | https://images.aqar.fm/webp/750x0/props/039782471_1785654864277.jpg,2,نوف العنزي,,,2026-08-02,,2026-08-02,24,2026-09-15,False,طلب تسويق,False,محل
6788707,https://sa.aqar.fm/محلات-للبيع/الرياض/شرق-الرياض/حي-الفيحاء/شارع-محمد-بن-ابي-القاسم-حي-الفيحاء-الرياض-منطقة-الرياض-6788707,محل للبيع في شارع محمد بن ابي القاسم ، حي الفيحاء ، الرياض ، منطقة الرياض,100000,84,,,,6,حي الفيحاء,الرياض,شرق الرياض,"فرصة ثمينة تقبيل محل حلاق متكامل 
* الموقع مميز في الرياض حي السلام شرق الرياض
* المشروع جاهز 100% للتملك
* المحل قائم ويعمل منذ سنه ونص ومجهز بالكامل (7 )الكراسي، المغاسل، المرايات، الاجهزة، والزبائن ثابتة.
* تفاصيل المحل:
- النشاط: حلاق رجالي
- الموقع: الرياض حي السلام  شارع  طريق الامير سعد بن عبد الرحمان الأول
- الايجار السنوي 65000 فالسنة مساحة للمحل 83 متر مربع
(سبب التقبيل عدم التفرغ للمحل .
رقم واتس ((الرقم يظهر عند الضغط على اتصال))",24.693308,46.812383,https://images.aqar.fm/webp/750x0/props/052774442_1784923754849.jpg,1,ادريس الغاشي,,,2026-07-24,,2026-07-24,28,2026-09-15,False,طلب تسويق,False,محل
6745685,https://sa.aqar.fm/محلات-للبيع/الرياض/شمال-الرياض/حي-صلاح-الدين/طريق-الملك-عبدالعزيز-الفرعي-حي-الملك-سلمان-الرياض-منطقة-الرياض-6745685,محل للبيع في طريق الملك عبدالعزيز الفرعي، ، حي الملك سلمان ، الرياض ، منطقة الرياض,40000,52,,,,2,حي صلاح الدين,الرياض,شمال الرياض,"📢 محل للتقبيل – موقع مميز على طريق الملك عبدالعزيز
باقي تقريبا شهرين ايجار 
🔹 المساحة: 52 م²
🔹 موقع حيوي ومميز
🔹 إيجار سنوي: ٥٥ الف 
🔹 مؤثث بالكامل ٣ مكاتب مع ٦ كراسي
🔹 مطبخ مجهز مع ثلاجة 
🔹 دورة مياه
🔹 غرفة اجتماعات مع ٤ كراسي 
🔹 مكيف مركزي ١٨ الف + تلفزيون ٥٥ بوصة
🔹 ديكورات جاهزة مع كاميرات 

المحل جاهز لمباشرة النشاط فوراً. 
التقبيل بدون طابعات واجهزة كمبيوتر 

💰 التقبيل 40 الف",24.735367,46.686489,https://images.aqar.fm/webp/750x0/props/032840670_1782259471461.jpg | https://images.aqar.fm/webp/750x0/props/032840675_1782259471469.jpg | https://images.aqar.fm/webp/750x0/props/032840677_1782259471456.jpg | https://images.aqar.fm/webp/750x0/props/032840678_1782259471473.jpg | https://images.aqar.fm/webp/750x0/props/032840678_1782259471468.jpg | https://images.aqar.fm/webp/750x0/props/032840673_1782259471469.jpg | https://images.aqar.fm/webp/750x0/props/032840679_1782259471454.jpg,7,محمد بن صفيان بن مطلق العصيمي,,,2026-06-24,,2026-06-24,103,2026-09-15,False,طلب تسويق,False,محل
6753425,https://sa.aqar.fm/محلات-للبيع/الدمام/حي-بدر/طريق-الملك-فهد-بن-عبد-العزيز-حي-المنار-الدمام-الدمام-6753425,محل للبيع في طريق الملك فهد بن عبد العزيز ، حي المنار ، الدمام ، الدمام,8500,75,,,,0,حي بدر,الدمام,حي بدر,محل للتقبيل بحي الشعله الدمام شارع عبدالرحمن بن عوف,26.387799,50.026775,https://images.aqar.fm/webp/750x0/props/053502066_1782798506216.jpg | https://images.aqar.fm/webp/750x0/props/053502066_1782798506269.jpg | https://images.aqar.fm/webp/750x0/props/053502061_1782798506224.jpg | https://images.aqar.fm/webp/750x0/props/053502069_1782798506231.jpg | https://images.aqar.fm/webp/750x0/props/053502063_1782798506230.jpg | https://images.aqar.fm/webp/750x0/props/053502068_1782798506232.jpg | https://images.aqar.fm/webp/750x0/props/053502060_1782798506269.jpg | https://images.aqar.fm/webp/750x0/props/053502061_1782798506274.jpg | https://images.aqar.fm/webp/750x0/props/053502061_1782798506278.jpg | https://images.aqar.fm/webp/750x0/props/053502069_1782798506276.jpg | https://images.aqar.fm/webp/750x0/props/053502063_1782798506293.jpg | https://images.aqar.fm/webp/750x0/props/053502068_1782798506294.jpg | https://images.aqar.fm/webp/750x0/props/053502067_1782798506301.jpg | https://images.aqar.fm/webp/750x0/props/053502061_1782798506285.jpg,14,وزنه الفليح,,,2026-06-30,,2026-06-30,74,2026-09-15,False,طلب تسويق,False,محل
6807256,https://sa.aqar.fm/محلات-للبيع/الرياض/شمال-الرياض/حي-العليا/شارع-البشاري-حي-العليا-الرياض-منطقة-الرياض-6807256,محل للبيع في شارع البشاري ، حي العليا ، الرياض ، منطقة الرياض,200000,70,,,,3,حي العليا,الرياض,شمال الرياض,موقع مميز للتقبيل بكامل التجهيزات والرخص والسجلات داخل مول مناسب لأنشطة الطعام والشراب.,24.697977,46.689747,https://images.aqar.fm/webp/750x0/props/022576116_1785933628636.jpg,1,سعد بن حسن بن علي الزهراني,,,2026-08-05,,2026-08-05,43,2026-09-15,False,طلب تسويق,False,محل
6743680,https://sa.aqar.fm/محلات-للبيع/خميس-مشيط/حي-اللواء-الرابع-عشر/طريب-طريب-6743680,محل للبيع في طريب ، طريب,105000,10000,,,,0,حي اللواء الرابع عشر,خميس مشيط,حي اللواء الرابع عشر,,18.548773,43.204262,https://images.aqar.fm/webp/750x0/props/013855794_1782151906241.jpg | https://images.aqar.fm/webp/750x0/props/013855796_1782151906212.jpg | https://images.aqar.fm/webp/750x0/props/013855793_1782151906129.jpg | https://images.aqar.fm/webp/750x0/props/013855794_1782151906250.jpg | https://images.aqar.fm/webp/750x0/props/013855796_1782151906257.jpg | https://images.aqar.fm/webp/750x0/props/013855794_1782151906248.jpg | https://images.aqar.fm/webp/750x0/props/013855792_1782151906300.jpg | https://images.aqar.fm/webp/750x0/props/013855793_1782151906291.jpg,8,محمد تركي محمد القحطاني,,,2026-06-22,,2026-06-22,9,2026-09-15,False,طلب تسويق,False,محل
6790781,https://sa.aqar.fm/محلات-للبيع/حائل/حي-الخماشية/حي-الخماشية-حائل-منطقة-حائل-6790781,محل للبيع في حي الخماشية ، حائل ، منطقة حائل,5000000,1471,,,,19,حي الخماشية,حائل,حي الخماشية,"محلات مؤجره على ثلاث شوارع شارع شمالي عرض 30 متر شرقي عرض 24,5 غربي 24,5",27.49045,41.705479,https://images.aqar.fm/webp/750x0/props/028450700_1785063933436.jpg | https://images.aqar.fm/webp/750x0/props/028450709_1785063933439.jpg | https://images.aqar.fm/webp/750x0/props/028450705_1785063933425.jpg | https://images.aqar.fm/webp/750x0/props/028450703_1785063933429.jpg,4,محمد بن سليمان بن خلف العفنان,,,2026-07-26,,2026-07-26,20,2026-09-15,False,طلب تسويق,False,محل
6771170,https://sa.aqar.fm/محلات-للبيع/الرياض/غرب-الرياض/حي-ظهرة-لبن/شارع-نجران-حي-ظهرة-لبن-الرياض-منطقة-الرياض-6771170,محل للبيع في شارع نجران ، حي ظهرة لبن ، الرياض ، منطقة الرياض,95,80,,,,,حي ظهرة لبن,الرياض,غرب الرياض,$5b,24.630225,46.553445,https://images.aqar.fm/webp/750x0/props/037899124_1783918647648.jpg,1,عز الدين معاذ نعمان مهيوب الهناهي,,,2026-07-13,,2026-07-13,62,2026-09-15,False,طلب تسويق,False,محل
6834172,https://sa.aqar.fm/محلات-للبيع/الرياض/شمال-الرياض/حي-المرسلات/طريق-الملك-عبدالعزيز-الفرعي-حي-المرسلات-الرياض-منطقة-الرياض-6834172,محل للبيع في طريق الملك عبدالعزيز الفرعي ، حي المرسلات ، الرياض ، منطقة الرياض,290000,50,,,,2,حي المرسلات,الرياض,شمال الرياض,"فرصه للبيع مشروع جاهز وشغال - بوفيه فطاير مدورة وصامولي وصاج

مشروع قائم وشغال، متخصص في الفطاير المدورة بعجينة خاصة ومميزة 🥐 بالاضافة الى الصامولي والصاج

📍 الموقع: حي المرسلات - الرياض
على شارع رئيسي يخدم عدة شركات وقطاعات ومدارس مجاورة (حركة عالية ومستمرة)

📋 تفاصيل المشروع:
✅ مشروع شغال ومؤسس منذ سنتين تقريبًا
✅ هوية تجارية كاملة + اسم تجاري محجوز
✅ باقي على عقد الإيجار شهرين تقريبًا
✅ قاعدة زبائن ثابتة ومستمرة
✅ جميع الأجهزة والمعدات متوفرة
✅ 4 عمال مدربين (الجنسية اليمنية)
✅ شامله جميع الأجهزه 
📌 سبب البيع: عدم التفرغ
💰 السعر: 290,000 ريال قابل للتفاوض بالحد المعقول 
📞 للتفاصيل والتواصل: واتساب",24.740248,46.683754,https://images.aqar.fm/webp/750x0/props/024278393_1787317717108.jpg | https://images.aqar.fm/webp/750x0/props/024278396_1787317717117.jpg | https://images.aqar.fm/webp/750x0/props/024278395_1787317716987.jpg | https://images.aqar.fm/webp/750x0/props/024278390_1787317717120.jpg | https://images.aqar.fm/webp/750x0/props/024278398_1787317717105.jpg | https://images.aqar.fm/webp/750x0/props/024278397_1787317716992.jpg | https://images.aqar.fm/webp/750x0/props/024278395_1787317717103.jpg | https://images.aqar.fm/webp/750x0/props/024278392_1787465974112.jpg | https://images.aqar.fm/webp/750x0/props/024278392_1787465974119.jpg | https://images.aqar.fm/webp/750x0/props/024278393_1787465974117.jpg | https://images.aqar.fm/webp/750x0/props/024278392_1787465974109.jpg | https://images.aqar.fm/webp/750x0/props/024278390_1787465974128.jpg | https://images.aqar.fm/webp/750x0/props/024278394_1787465974128.jpg | https://images.aqar.fm/webp/750x0/props/024278392_1787465974305.jpg,14,عبدالرحمن عبدالعزيز,,,2026-08-21,,2026-08-23,36,2026-09-15,False,طلب تسويق,False,محل
6836774,https://sa.aqar.fm/محلات-للبيع/الرياض/غرب-الرياض/حي-ظهرة-لبن/شارع-ينبع-حي-ظهرة-لبن-الرياض-منطقة-الرياض-6836774,محل للبيع في شارع ينبع ، حي ظهرة لبن ، الرياض ، منطقة الرياض,80000,100,,,,10,حي ظهرة لبن,الرياض,غرب الرياض,"محل خياط رجالي مع المشغل و السكن جاهز 
1 مكبس حشوات العدد 1 حبة
2 مكينة خياطة العدد 3 حبة 
3 حباكة خياطة العدد 1 حبة
4 كاوية بخار كبير العدد 1 حبة 
5 مكبس طقطق حديد العدد 1 حبة
6 حشوات ثياب  العدد  4 طاقة
7 ثلاجة طعام العدد 1 حبة
8 تلفاز تي في العدد 1 حبة
9 كاوية يد العدد 3 حبة
10 مقصات قص العدد 3 حبة
11  مكيفات شباك العدد 3 حبة
12 طاولة العدد 2 حبة 
13 سرير نوم العدد 4 حبة
غسالة ملابس العدد 1 حبة
1  مكينه صنم العدد 3 حبة 
2 طاولات العدد 2 حبة
3 كراسي في المحل العدد 5 حبة 
4 طابعة ورق العدد 1 حبة
5 جهاز كمبيوتر العدد 1 حبة 
6 شاشة تلفاز مراقبة العدد 1 حبة
7 مكيف سبليت  في المحل العدد 2 حبة",24.64061,46.554482,https://images.aqar.fm/webp/750x0/props/004158286_1787481718400.jpg,1,فيصل صقر حمد القحطاني,,,2026-08-23,,2026-08-25,36,2026-09-15,False,طلب تسويق,False,محل
6739720,https://sa.aqar.fm/محلات-للبيع/الرياض/غرب-الرياض/حي-العريجاء/شارع-نصر-بن-منصور-حي-العريجاء-الرياض-منطقة-الرياض-6739720,محل للبيع في شارع نصر بن منصور ، حي العريجاء ، الرياض ، منطقة الرياض,110000,120,,,,5,حي العريجاء,الرياض,غرب الرياض,"مطعم للبيع بالعريجا اجاره 40000 فيه غرفه في الخلف للعمال شامله اجار المطعم متبقي بالعق 4شهور
120 متر اربع فتحات 
اجاره 44الف باقي 4شهور بالعقد 
اله شوايه 
فرن مندي 
3 ثلاجات
2 فريزن
5مكيفات سبلت 
سخان شاورما

ميكروييف

فرن كبير عدد 8 عيون",24.627158,46.660221,https://images.aqar.fm/webp/750x0/props/053453857_1781905462927.jpg | https://images.aqar.fm/webp/750x0/props/053453851_1781905462962.jpg | https://images.aqar.fm/webp/750x0/props/053453857_1781905462978.jpg | https://images.aqar.fm/webp/750x0/props/053453856_1781905462977.jpg | https://images.aqar.fm/webp/750x0/props/053453852_1781905462985.jpg,5,نايف بن محمد بن سعد الشمرى,,,2026-06-19,,2026-06-19,40,2026-09-15,False,طلب تسويق,False,محل
6799007,https://sa.aqar.fm/محلات-للبيع/المدينة-المنورة/حي-السلام/شارع-محمد-بن-اسماعيل-بن-مجمع-حي-السلام-المدينة-المنورة-منطقة-المدينة-المنورة-6799007,محل للبيع في شارع محمد بن اسماعيل بن مجمع ، حي السلام ، المدينة المنورة ، منطقة المدينة المنورة,40000,40,,,,1,حي السلام,المدينة المنورة,حي السلام,محل برجر وبطاطس للتقبيل  مساحه ٤٠متر  فيه جميع الاغراض كامله,24.485573,39.514584,https://images.aqar.fm/webp/750x0/props/023837432_1785509146838.jpg,1,فالح فايز سالم الجهني,,,2026-07-31,,2026-07-31,35,2026-09-15,False,طلب تسويق,False,محل
6762993,https://sa.aqar.fm/محلات-للبيع/محايل/حي-الروضة/محايل-عسير-محايل-6762993,محل للبيع في محايل عسير ، محايل,250000,90,,,,3,حي الروضة,محايل,حي الروضة,محل متخصص في قطع غيار وزينة سيارات للتقبيل بكامل ملحقاته لعدم التفرغ,18.524401,41.960522,https://images.aqar.fm/webp/750x0/props/053820124_1783373277484.jpg | https://images.aqar.fm/webp/750x0/props/053820128_1783373298509.jpg | https://images.aqar.fm/webp/750x0/props/053820128_1783373314112.jpg | https://images.aqar.fm/webp/750x0/props/053820126_1783373334089.jpg | https://images.aqar.fm/webp/750x0/props/053820122_1783373349229.jpg | https://images.aqar.fm/webp/750x0/props/053820120_1783373362278.jpg,6,رائد بن احمد بن ابراهيم عسيري,,,2026-07-06,,2026-07-06,4,2026-09-15,False,طلب تسويق,False,محل
6706443,https://sa.aqar.fm/محلات-للبيع/الخبر/حي-الخبر-الشمالية/شارع-الملك-فهد-حي-الخبر-الشمالية-الخبر-الخبر-6706443,محل للبيع في شارع الملك فهد ، حي الخبر الشمالية ، الخبر ، الخبر,200,60,,,,2,حي الخبر الشمالية,الخبر,حي الخبر الشمالية,,26.291512,50.213661,https://images.aqar.fm/webp/750x0/props/052874209_1779344591010.jpg | https://images.aqar.fm/webp/750x0/props/052874208_1779344591020.jpg | https://images.aqar.fm/webp/750x0/props/052874208_1779344591031.jpg | https://images.aqar.fm/webp/750x0/props/052874205_1779344591027.jpg,4,حمد بن ناصر بن محمد ال صليع,,,2026-05-21,,2026-06-30,107,2026-09-15,False,طلب تسويق,False,محل
6831551,https://sa.aqar.fm/محلات-للبيع/جدة/جنوب-جدة/حي-ام-السلم/جدة-جدة-6831551,محل للبيع في جدة ، جدة,35000,30,,,,5,حي ام السلم,جدة,جنوب جدة,"للتقبيل محل اتصالات 

الموقع / جدة حي الحرازات مجمع الاتصالات 

مميزات المحل مجهز بديكور ويحتوي على مستودع مجهز بارفف واستاند تعليق وطاولة صيانة وبضاعة قائمة
 المحل جاهز للتشغيل ومباشرة العمل
الايجار شهري 1500 عمر المحل 8 سنوات 

سبب البيع عدم التفرغ و الانشغال بوظيفة خارج المدينه

المبلغ المطلوب 35 الف 
للتواصل ((الرقم يظهر عند الضغط على اتصال))",21.478548,39.370243,https://images.aqar.fm/webp/750x0/props/054824886_1787160155265.jpg | https://images.aqar.fm/webp/750x0/props/054824883_1787160155321.jpg | https://images.aqar.fm/webp/750x0/props/054824888_1787160155289.jpg | https://images.aqar.fm/webp/750x0/props/054824889_1787160155314.jpg | https://images.aqar.fm/webp/750x0/props/054824880_1787160155261.jpg | https://images.aqar.fm/webp/750x0/props/054824880_1787160155244.jpg | https://images.aqar.fm/webp/750x0/props/054824885_1787160155275.jpg,7,عبدالاله بن مريع بن محمد حكمي,,,2026-08-19,,2026-08-19,16,2026-09-15,False,طلب تسويق,False,محل
6753247,https://sa.aqar.fm/محلات-للبيع/الدمام/حي-الشعلة/حي-الشعلة-الدمام-الدمام-6753247,محل للبيع في حي الشعلة ، الدمام ، الدمام,85000,75,,,,0,حي الشعلة,الدمام,حي الشعلة,"فرصة استثمارية مميزة – محل تجاري للتقبيل 🔥

للجادين فقط..

محل تجاري بموقع مميز في حي الشعلة – شارع عبدالرحمن بن عوف، مناسب لعدة أنشطة مثل:
🍔 برجر
🍗 بروست
🥩 مشويات
🥤 كافيه
🥪 سندويتشات
🍕 بيتزا
أو أي نشاط غذائي آخر.

مميزات المحل:
✅ جاهز للتشغيل مباشرة.
✅ ديكورات وتشطيبات.
✅ مكيفات.
✅ شفاط.
✅ مغاسل ستانلس ستيل.
✅ تجهيزات السلامة.
✅ موقع حيوي يخدم الحي.

💰 المطلوب: 90,000 ريال.
يشمل إيجارًا مدفوعًا بالكامل بقيمة 60,000 ريال

للتواصل ((الرقم يظهر عند الضغط على اتصال))",26.350925,50.090758,https://images.aqar.fm/webp/750x0/props/053502062_1782770018370.jpg | https://images.aqar.fm/webp/750x0/props/053502067_1782770018378.jpg | https://images.aqar.fm/webp/750x0/props/053502065_1782770018388.jpg | https://images.aqar.fm/webp/750x0/props/053502064_1782770018440.jpg | https://images.aqar.fm/webp/750x0/props/053502068_1782770018395.jpg | https://images.aqar.fm/webp/750x0/props/053502061_1782770018395.jpg | https://images.aqar.fm/webp/750x0/props/053502066_1782770018439.jpg | https://images.aqar.fm/webp/750x0/props/053502069_1782770018436.jpg | https://images.aqar.fm/webp/750x0/props/053502060_1782770018397.jpg | https://images.aqar.fm/webp/750x0/props/053502061_1782770048193.jpg | https://images.aqar.fm/webp/750x0/props/053502065_1782770048194.jpg | https://images.aqar.fm/webp/750x0/props/053502069_1782770048199.jpg | https://images.aqar.fm/webp/750x0/props/053502060_1782770048208.jpg,13,وزنه الفليح,,,2026-06-29,,2026-06-29,80,2026-09-15,False,طلب تسويق,False,محل
6743169,https://sa.aqar.fm/محلات-للبيع/المزاحمية/حي-الحزيمية/حي-الحزيمية-المزاحمية-المزاحمية-6743169,محل للبيع في حي الحزيمية ، المزاحمية ، المزاحمية,20000,60,,,,7,حي الحزيمية,المزاحمية,حي الحزيمية,لتقبيل محل الساعات,24.476887,46.286633,https://images.aqar.fm/webp/750x0/props/053509401_1782136029098.jpg,1,عبدالرحمن بن عبدالله بن بداح السهلي,,,2026-06-22,,2026-06-22,16,2026-09-15,False,طلب تسويق,False,محل
6825969,https://sa.aqar.fm/محلات-للبيع/الخبر/حي-العقربية/شارع-16-ب-حي-العقربية-الخبر-الخبر-6825969,محل للبيع في شارع 16 ب ، حي العقربية ، الخبر ، الخبر,170000,48,,,,15,حي العقربية,الخبر,حي العقربية,كافتيريا وجبات سريعه,26.297132,50.193764,https://images.aqar.fm/webp/750x0/props/035195851_1786899892742.jpg | https://images.aqar.fm/webp/750x0/props/035195853_1786899928771.jpg | https://images.aqar.fm/webp/750x0/props/035195851_1786899986146.jpg | https://images.aqar.fm/webp/750x0/props/035195853_1786900008985.jpg,4,احمد بن عبدالله بن عباد الرشود,,,2026-08-16,,2026-08-16,25,2026-09-15,False,طلب تسويق,False,محل
6739078,https://sa.aqar.fm/محلات-للبيع/الرياض/شرق-الرياض/حي-النسيم-الغربي/شارع-شمس-الدين-الصالحي-حي-النسيم-الغربي-الرياض-منطقة-الرياض-6739078,محل للبيع في شارع شمس الدين الصالحي ، حي النسيم الغربي ، الرياض ، منطقة الرياض,400000,32,,,,10,حي النسيم الغربي,الرياض,شرق الرياض,"محل تجاري في النسيم 
اسراق حجاب 
مؤجر سنوي ب 22 الف",24.725121,46.823864,,,نوف بنت حجاب بن هليل العتيبي,,,2026-06-19,,2026-06-19,48,2026-09-15,False,طلب تسويق,False,محل
6825613,https://sa.aqar.fm/محلات-للبيع/حائل/حي-النقرة/حي-طريق-الملك-سعود-حي-النقرة-حائل-منطقة-حائل-6825613,محل للبيع في حي ، طريق الملك سعود ، حي النقرة ، حائل ، منطقة حائل,58666,100,,,,1,حي النقرة,حائل,حي النقرة,"محل إصلاح سيارات للتقبيل – حائل
محل مميز على طريق الملك سعود(محطة فاي طريق المدينة ) بعد دوار وقت اللياقة
مناسب لنشاط إصلاح وصيانة السيارات.
🔹 3 فتحات 2 باب اتوماتيك 1 زجاج
🔹 المساحة: 100 م2
🔹 يوجد حفرة زيت
🔹 توجد رخصة بلدية لنشاط إصلاح السيارات
🔹 العقد موثق عبر منصة إيجار
🔹 الإيجار السنوي: 58,666 ريال
🔹 قيمة الفتحة الواحدة تقريبًا: 1,630 ريال شهريًا
🔹 المطلوب تقبيل العقد وإكمال المدة المتبقية
🔹 التقبيل يتم بموافقة المالك واستكمال الإجراءات رسميًا عبر منصة إيجار
📌 للتفاصيل ومعرفة المبلغ المتبقي من العقد، التواصل للجادين فقط
(( المحل يحتاج عامل معلم اصلاح فرامل و ميزان الموقع ممتاز))",27.460705,41.655991,https://images.aqar.fm/webp/750x0/props/007303766_1786890773412.jpg | https://images.aqar.fm/webp/750x0/props/007303766_1786890773554.jpg | https://images.aqar.fm/webp/750x0/props/007303762_1786890773539.jpg | https://images.aqar.fm/webp/750x0/props/007303761_1786890773418.jpg | https://images.aqar.fm/webp/750x0/props/007303765_1786890773423.jpg | https://images.aqar.fm/webp/750x0/props/007303761_1786890773412.jpg | https://images.aqar.fm/webp/750x0/props/007303766_1786890773552.jpg | https://images.aqar.fm/webp/750x0/props/007303761_1786890773549.jpg,8,فهد ابراهيم فهد العويدي,,,2026-08-16,,2026-09-02,10,2026-09-15,False,طلب تسويق,False,محل
6856943,https://sa.aqar.fm/محلات-للبيع/بريدة/حي-الاخضر/حي-الفايزية-بريدة-بريدة-6856943,محل للبيع في حي الفايزية ، بريدة ، بريدة,1,38,,,,0,حي الاخضر,بريدة,حي الاخضر,"للتقبيل مطعم وجبات سريعة
رخصة سارية سنة ونصف
عقد ايجار متبقي سنة ونصف
مساحة المحل 38 متر تقريباً
يحتوي على :
2 مكيف اسبيلت 24
1 فريز
1 ثلاجة بابين
1 ثلاجة باب
1 مكينة شاورما 3 عيون
1 حافظة اطعمة حار عدد 6 احواض
1 قز كبير 4 عيون
2 دبه غاز
1 كباسة خبز
1 مايكرويف
1 قلاية حوضين
1 قريل صاج
2 خلاط عصير
1 عجانة 15 كيلو
1 غلاية ماء
2 علب تخزين استيل 60 لتر
تجهيز طاولات استيل عدد5
ارفف ستيل
2 علب تخزين بلاستك 50 لتر
طاولت طعام و 3 كراسي
طاولة كاشير مع ادراج تخزين
جهاز كاشير بكامل محتوياته
نظام كميرات كامل
طفايات حريق ونظام حريق
2 منافذ مداخن مجهزه
بعض المواعين والأدوات الاضافية لم يتم ذكرها وعددها بسيط
التواصل على الخاص للصامل فقط",26.381796,43.972095,,,عبدالله بن يوسف بن عبدالله المزيني,,,2026-09-03,,2026-09-03,3,2026-09-15,False,طلب تسويق,False,محل
6859080,https://sa.aqar.fm/محلات-للبيع/سكاكا/حي-المحمديه-ه/شارع-الناصرية-55-حي-المحمدية-ه-سكاكا-منطقة-الجوف-6859080,محل للبيع في شارع الناصرية 55 ، حي المحمدية ه ، سكاكا ، منطقة الجوف,350000,225,,,,5,حي المحمديه ه,سكاكا,حي المحمديه ه,"🔥 فرصة استثمارية – محل منظفات وكماليات للبيع في سكاكا 🔥

للبيع محل منظفات وكماليات وبلاستيك في موقع مميز بسكاكا، جاهز للعمل مباشرة دون الحاجة لتأسيس وتجهيز من البداية.

📍 الموقع: سكاكا – حي المحمدية
📐 المساحة: حوالي 225 م²
🏪 النشاط: منظفات – بلاستيك – كماليات
** الايجار سنوي مع السكن 70 الف ريال **

✅ البيع يشمل كامل البضاعة الموجودة بالمحل
✅ يشمل التجهيزات والرفوف والمعدات
✅ الإيجار مناسب وقابل للاستمرار حسب الاتفاق
✅ يشمل سكنًا مكونًا من 3 غرف مع مكيفات
✅ المحل جاهز للعمل ومناسب لمن يرغب باستلام النشاط وتشغيله مباشرة

💰 السعر: بعد المعاينة والاتفاق

📌 العرض مناسب لمن يبحث عن محل قائم ومجهز بالكامل مع البضاعة والسكن، ويوفر عليه تكلفة ووقت التأسيس.

📞 للتواصل والمعاينة: [رقم الجوال]

الرجاء التواصل للجادين فقط، والسعر يحدد بعد المعاينة.",29.931112,40.204479,https://images.aqar.fm/webp/750x0/props/050640950_1788630543787.jpg | https://images.aqar.fm/webp/750x0/props/050640959_1788629888161.jpg | https://images.aqar.fm/webp/750x0/props/050640956_1788629888254.jpg | https://images.aqar.fm/webp/750x0/props/050640959_1788629888393.jpg | https://images.aqar.fm/webp/750x0/props/050640953_1788629888491.jpg | https://images.aqar.fm/webp/750x0/props/050640959_1788629888594.jpg | https://images.aqar.fm/webp/750x0/props/050640952_1788629888700.jpg | https://images.aqar.fm/webp/750x0/props/050640953_1788629888794.jpg | https://images.aqar.fm/webp/750x0/props/050640959_1788629888899.jpg | https://images.aqar.fm/webp/750x0/props/050640957_1788629889129.jpg | https://images.aqar.fm/webp/750x0/props/050640959_1788629889123.jpg | https://images.aqar.fm/webp/750x0/props/050640952_1788629889240.jpg | https://images.aqar.fm/webp/750x0/props/050640958_1788629889476.jpg | https://images.aqar.fm/webp/750x0/props/050640950_1788629889573.jpg | https://images.aqar.fm/webp/750x0/props/050640959_1788629889675.jpg | https://images.aqar.fm/webp/750x0/props/050640953_1788629889773.jpg | https://images.aqar.fm/webp/750x0/props/050640954_1788629889895.jpg | https://images.aqar.fm/webp/750x0/props/050640950_1788629890132.jpg | https://images.aqar.fm/webp/750x0/props/050640950_1788629890245.jpg | https://images.aqar.fm/webp/750x0/props/050640954_1788629890472.jpg | https://images.aqar.fm/webp/750x0/props/050640954_1788629890579.jpg | https://images.aqar.fm/webp/750x0/props/050640952_1788629890681.jpg | https://images.aqar.fm/webp/750x0/props/050640957_1788629890772.jpg | https://images.aqar.fm/webp/750x0/props/050640951_1788629890871.jpg | https://images.aqar.fm/webp/750x0/props/050640953_1788629890992.jpg | https://images.aqar.fm/webp/750x0/props/050640952_1788629891220.jpg | https://images.aqar.fm/webp/750x0/props/050640954_1788629891420.jpg | https://images.aqar.fm/webp/750x0/props/050640955_1788629952875.jpg | https://images.aqar.fm/webp/750x0/props/050640954_1788629953118.jpg | https://images.aqar.fm/webp/750x0/props/050640957_1788630548504.jpg,30,ماهر اسامه عبدالرحمن هندى,,,2026-09-05,,2026-09-06,4,2026-09-15,False,طلب تسويق,False,محل
6719373,https://sa.aqar.fm/محلات-للبيع/الرياض/شرق-الرياض/حي-الملك-فيصل/شارع-الأمير-سعود-الكبير-بن-عبدالعزيز-آل-سعو-حي-الملك-فيصل-الرياض-منطقة-الرياض-6719373,محل للبيع في شارع الأمير سعود الكبير بن عبدالعزيز آل سعو ، حي الملك فيصل ، الرياض ، منطقة الرياض,400000,172,,,,0,حي الملك فيصل,الرياض,شرق الرياض,"للتقبيل مشغل نسائي متميز عمره اكثر من20سنه
ناجح جدا له زبائن دائمين
دخل ممتاز جدا
حي الروابي
موقع مميز 
ديكورات حديثه
اضاءات جيده
نظامي من جميع الجهات الحكوميه
لايوجدمخالفات
يوجد سكن للعماله
الاجار46
شامل السكن
المساحه141م
يوجدعدد 6عاملات 

ومشرفه متمكنه

مطلوب 400الف
https://maps.app.goo.gl/V1DuMtzrehKWBTtU7?g_st=aw",24.768715,46.773672,,,حماده محمد كاظم على,,,2026-06-04,,2026-07-05,49,2026-09-15,False,طلب تسويق,False,محل
6788681,https://sa.aqar.fm/محلات-للبيع/الرياض/شرق-الرياض/حي-المونسية/شارع-صالح-بن-عمران-حي-المونسية-الرياض-منطقة-الرياض-6788681,محل للبيع في شارع صالح بن عمران ، حي المونسية ، الرياض ، منطقة الرياض,50000,50,,,,13,حي المونسية,الرياض,شرق الرياض,"السلام عليكم لتقبيل محل حلاقه
باقي في الأجار سنة من الان شهري 4000
تم تجديد رخصه بلديه سنه
المحل كامل من جلسات وشاشه ومكيف ومع كراسي حلاقه عدد 4 وكرسي غسيل شعر و العده كامله
يوجد عاملين الجنسيه مصري
شارع حيوي وزحمه
سبب تقبيل عدم تفرغ
سعر 50 الف
توصل واتساب ((الرقم يظهر عند الضغط على اتصال))",24.825897,46.779957,,,سعود بن دحام بن نواش الشعلان,,,2026-07-24,,2026-07-24,38,2026-09-15,False,طلب تسويق,False,محل
6739488,https://sa.aqar.fm/محلات-للبيع/مكة-المكرمة/حي-الخضراء/شارع-الشرائع-502-حي-الخضراء-مكة-منطقة-مكة-المكرمة-6739488,محل للبيع في شارع الشرائع 502 ، حي الخضراء ، مكة ، منطقة مكة المكرمة,120000,50,,,,1,حي الخضراء,مكة المكرمة,حي الخضراء,"كافي للتقبيل - فرصة استثمارية مميزة في الشرائع 🔹
L
كافيه متكامل للتقبيل في موقع استراتيجي على الخط الأصفر – الشرائع.شارع حيوي ومعروف فالشرايع تجاري و يوجد فيه جميع الانشطة التجارية
✨ تفاصيل الكافيه:
• تم تأسيسه وتجهيزه بالكامل بأعلى جودة
• يشمل جميع المعدات الأساسية:
مكاين قهوة احترافية – مطحنة – خلاطات – ثلاجات – سخانات و آلة ايسكريم والمزيد من الاجهزة والمعدات ومكينة قهوة المعروفة sanremo سعرها الجديد 52 الف ريال وسيمت من عندي 43 الف ريال ولم يتم بيعها بسبب تشغيل المحل
• ديكور أنيق وجاهز للعمل فورًا
• حسابات سوشيال ميديا نشطة وقاعدة عملاء جاهزة
📌 سبب التقبيل: ظروف خاصة لا تتعلق بالمكان أو الكافي ( يتم ذكرها للمشتري الجاد )
💰 السعر: 120,000 ريال قابل للتفاوض
📞 للتواصل والاستفسار ((الرقم يظهر عند الضغط على اتصال))",21.462821,39.94557,,,نايف بن جميل بن محسن المطرفي,,,2026-06-19,,2026-06-29,44,2026-09-15,False,طلب تسويق,False,محل
6843618,https://sa.aqar.fm/محلات-للبيع/الرياض/شمال-الرياض/حي-السليمانية/طريق-العروبة-حي-السليمانية-الرياض-منطقة-الرياض-6843618,محل للبيع في طريق العروبة ، حي السليمانية ، الرياض ، منطقة الرياض,220000,120,,,,10,حي السليمانية,الرياض,شمال الرياض,"معرض على طريق العروبه 
مساحه ١٢٠ متر 
ايجار ٩٠ الف سنوي 
للتقبيل",24.716499,46.682632,,,يزيد سعد خلف ال عرفج,,,2026-08-26,,2026-08-26,28,2026-09-15,False,طلب تسويق,False,محل
6858459,https://sa.aqar.fm/محلات-للبيع/الرياض/جنوب-الرياض/حي-عكاظ/حي-عكاظ-الرياض-منطقة-الرياض-6858459,محل للبيع في حي عكاظ ، الرياض ، منطقة الرياض,1,250,,,,2,حي عكاظ,الرياض,جنوب الرياض,تموينات لتقبيل,24.526014,46.660362,,,اسماء القحطاني,,,2026-09-05,,2026-09-05,12,2026-09-15,False,طلب تسويق,False,محل
6794162,https://sa.aqar.fm/محلات-للبيع/الرياض/وسط-الرياض/حي-الربوة/الطريق-الدائري-الشرقي-الفرعي-حي-الربوة-الرياض-منطقة-الرياض-6794162,محل للبيع في الطريق الدائري الشرقي الفرعي ، حي الربوة ، الرياض ، منطقة الرياض,1800000,297,,,,2,حي الربوة,الرياض,وسط الرياض,"صالون نسائي جاهز للتشغيل، الصالون يعمل حالياً ويستقبل عدد كبير من العملاء بشكل يومي، ويوجد به عاملات على رأس العمل، ويضم:

• قسم الأظافر
• قسم الشعر
• قسم المساج
• قسم الحمام المغربي
• قسم الرموش

الصالون مجهز بالكامل وجاهز لمباشرة العمل، ومناسب للمستثمرين والراغبين بالدخول في قطاع التجميل.",24.697403,46.771675,,,نور بنت نجم بن عبدالله العوهلي,,,2026-07-28,,2026-09-07,41,2026-09-15,False,طلب تسويق,False,محل
6820682,https://sa.aqar.fm/محلات-للبيع/الخرج/حي-الخزامى/طريق-الملك-عبد-الله-حي-الخزامى-الخرج-الخرج-6820682,محل للبيع في طريق الملك عبد الله ، حي الخزامى ، الخرج ، الخرج,1300000,24,,,,3,حي الخزامى,الخرج,حي الخزامى,"🍵 فرصة استثمارية | ألوان الشاي – فرع الخرج

للبيع مشروع ألوان الشاي – فرع الخرج، مشروع قائم وفعال في قطاع المشروبات، ومجهز بالكامل وجاهز للتشغيل والاستمرار دون الحاجة إلى تأسيس مشروع جديد من الصفر.

يقع الفرع في حي الجامعة بمدينة الخرج، ويتميز بموقع يخدم شريحة واسعة من العملاء، مع خبرة تشغيلية تمتد لأكثر من سنتين ونصف، وفريق عمل مكون من 5 موظفين.

المشروع يمثل فرصة مناسبة للمستثمر الراغب في الاستحواذ على مشروع قائم بعلامة تجارية معروفة وتجهيزات تشغيلية مكتملة، مع إمكانية تطوير المبيعات والتوسع من خلال تعزيز التسويق وتفعيل قنوات البيع والتوصيل",24.14156,47.276047,,,مهند بن علي بن محمد العبيداء,,,2026-08-13,,2026-08-13,9,2026-09-15,False,طلب تسويق,False,محل
6860823,https://sa.aqar.fm/محلات-للبيع/الرياض/شمال-الرياض/حي-العليا/شارع-سيدة-الرؤساء-حي-العليا-الرياض-منطقة-الرياض-6860823,محل للبيع في شارع سيدة الرؤساء ، حي العليا ، الرياض ، منطقة الرياض,2000000,240,,,,1,حي العليا,الرياض,شمال الرياض,,24.713825,46.677476,,,ود بنت عبدالله بن عبدالعزيز العباس,,,2026-09-06,,2026-09-06,24,2026-09-15,False,طلب تسويق,False,محل
6316515,https://sa.aqar.fm/محلات-للبيع/الطائف/حي-شهار/حي-شهار-الطائف-الطائف-6316515,محل للبيع في حي شهار ، الطائف ، الطائف,150000,17,,,,0,حي شهار,الطائف,حي شهار,"للايجار موقع تجاري جاهز في الطايف مول بشهار ع شارع تجاري مفتوح 
من كل الجهات وفي واجهه المول كان سابقا صرافه اهلي 
الاجار السنوي 150 الف ع دفعتين وفيه تفاوض للصامل",21.251423,40.411835,https://images.aqar.fm/webp/750x0/props/018794400_1754351587303.jpg | https://images.aqar.fm/webp/750x0/props/018794405_1754351587312.jpg | https://images.aqar.fm/webp/750x0/props/018794408_1754351587311.jpg,3,مهاء اليامي,,0,2025-08-04,,2026-08-15,295,2026-09-15,False,طلب تسويق,False,محل
6809793,https://sa.aqar.fm/محلات-للبيع/جدة/جنوب-جدة/حي-الاجاويد/حي-الاجاويد-جدة-جدة-6809793,محل للبيع في حي الاجاويد ، جدة ، جدة,60000,109,,,,2,حي الاجاويد,جدة,جنوب جدة,"للتقبيل محل في الاجاويد
المحل شغال في نشاط المخبوزات
مقابل مشروع سكن اعالي جدة
المساحة 109 متر
المحل عبارة عن فتحتين وعلى شارعين
العقد سارع لمدة 7 سنوات
للمفاهمة التواصل على الرقم
((الرقم يظهر عند الضغط على اتصال))",21.412918,39.289936,,,ريم حسن علي المروعي,,,2026-08-06,,2026-08-07,22,2026-09-15,False,طلب تسويق,False,محل
6856347,https://sa.aqar.fm/محلات-للبيع/الظهران/حي-الدانة-الشمالية/شارع-عمر-بن-عبد-العزيز-حي-الدانة-الشمالية-الظهران-الدمام-6856347,محل للبيع في شارع عمر بن عبد العزيز ، حي الدانة الشمالية ، الظهران ، الدمام,45000,100,,,,20,حي الدانة الشمالية,الظهران,حي الدانة الشمالية,محل للتقبيل,26.340347,50.139809,,,سالم احمد احمد هزازي,,,2026-09-03,,2026-09-03,11,2026-09-15,False,طلب تسويق,False,محل
6859157,https://sa.aqar.fm/محلات-للبيع/الهفوف/حي-الكوت-النعاثل/حي-الشغيبية-الهفوف-والمبرز-الاحساء-6859157,محل للبيع في حي الشغيبية ، الهفوف والمبرز ، الاحساء,45000,55,,,,20,حي الكوت النعاثل,الهفوف,حي الكوت النعاثل,السلام عليكم ورحمة الله وبركاته، للبيع محل تجاري في موقع مميز وحيوي في الأحساء، يتميز بموقع مناسب جدًا وسهولة الوصول إليه، والمحل مجهز وجاهز للاستفادة منه مباشرة. فرصة مناسبة لمن يبحث عن محل في موقع جيد وبتجهيز قائم، سواء للاستمرار في نفس النشاط أو لاستخدامه لنشاط آخر حسب الأنظمة والاشتراطات. للمهتمين، التواصل خاص لمزيد من التفاصيل وتحديد موعد للمعاينة.,25.372223,49.581896,,,محمد بن عبدالصمد بن خميس المنهالي,,,2026-09-05,,2026-09-05,8,2026-09-15,False,طلب تسويق,False,محل
6642294,https://sa.aqar.fm/محلات-للبيع/خميس-مشيط/حي-المثناة/حي-المثناة-خميس-مشيط-خميس-مشيط-6642294,"محل للبيع في شارع 10877619, حي المثناه, مدينة خميس مشيط, منطقة عسير",3200000,800,,,,11,حي المثناة,خميس مشيط,حي المثناة,"من المالك مباشر 
محلات تجاريه علئ شارعين 
مساحة 800 متر مربع بتصميم مفتوح وسقوف مرتفعة تمنحك مرونة كاملة في التقسيم.
المرافق اللوجستية: مزود بـ مستودع خلفي مخصص للتخزين الآمن وسهولة التوريد.
الخدمات المساندة: يشتمل على غرف مخصصة للعمال لضمان سير العمل والقرب من الموقع.",18.292869,42.730439,https://images.aqar.fm/webp/750x0/props/014543877_1776888832784.jpg | https://images.aqar.fm/webp/750x0/props/014543877_1776888832816.jpg | https://images.aqar.fm/webp/750x0/props/014543874_1776888832836.jpg | https://images.aqar.fm/webp/750x0/props/014543870_1776888832840.jpg | https://images.aqar.fm/webp/750x0/props/014543878_1776888832937.jpg,5,مشاري الشهراني,,,2026-04-05,2026-04-20,2026-07-14,523,2026-09-15,True,"3,200,000",False,محل
6849947,https://sa.aqar.fm/محلات-للبيع/الرياض/غرب-الرياض/حي-السويدي-الغربي/شارع-حمزة-ابن-عبدالمطلب-حي-السويدي-الغربي-مدينة-الرياض-منطقة-الرياض-6849947,"محل للبيع في شارع حمزة ابن عبدالمطلب, حي السويدي الغربي, مدينة الرياض, منطقة الرياض",4200000,875,,,,7,حي السويدي الغربي,الرياض,غرب الرياض,"أصل تجاري قائم ومؤجر بعقد إيجار في الرياض – حي السويدي الغربي، شارع حمزة بن عبدالمطلب.

📐 مساحة الأرض: 875 م²
🏬 4 صالات تجارية بفتحات متعددة
💰 الدخل الإيجاري الحالي: 150,000 ريال سنويًا
📄 مدة العقد: 12 سنة
⏳ المتبقي من العقد: 5 سنوات

مميزات العقار:
• دخل إيجاري قائم
• عقد إيجار موثق
• موقع تجاري حيوي في حي السويدي الغربي
• 4 صالات تجارية بفتحات متعددة
• فرصة استثمارية قابلة للنمو مستقبلًا

📞 للتواصل والاستفسار:
((الرقم يظهر عند الضغط على اتصال))

طنب العقارية
مـن الأسـاس نـمـتـد
ʀᴏᴏᴛᴇᴅ ɪɴ ᴏʀɪɢɪɴ, ᴡᴇ ᴇxᴛᴇɴᴅ ʙᴇʏᴏɴᴅ",24.581306,46.629181,https://images.aqar.fm/webp/750x0/props/052310647_1788133602344.jpg,1,يزيد ناصر,,,2026-08-30,2026-08-30,2026-08-30,128,2026-09-15,True,"4,200,000",False,محل
6402562,https://sa.aqar.fm/محلات-للبيع/الرياض/جنوب-الرياض/حي-المروة/شارع-ملحة-حي-المروة-الرياض-منطقة-الرياض-6402562,"محل للبيع في شارع ملحة, حي المروة, مدينة الرياض, منطقة الرياض",10230000,3410,,,,7,حي المروة,الرياض,جنوب الرياض,مستودع مرخص يوجد به انظمة السلامة و مكاتب ادارية 3 شوارع عرض 30م,24.538453,46.684195,https://images.aqar.fm/webp/750x0/props/002404238_1759132816458.jpg | https://images.aqar.fm/webp/750x0/props/002404232_1759132840116.jpg | https://images.aqar.fm/webp/750x0/props/002404233_1759132840111.jpg | https://images.aqar.fm/webp/750x0/props/002404239_1759132840120.jpg | https://images.aqar.fm/webp/750x0/props/002404238_1759132840112.jpg | https://images.aqar.fm/webp/750x0/props/002404236_1759132840110.jpg | https://images.aqar.fm/webp/750x0/props/002404236_1759132840164.jpg,7,عبدالمحسن ناصر سالم الغريميل,,,2025-09-29,2025-09-29,2026-09-09,1296,2026-09-15,True,"10,230,000",False,محل
6783199,https://sa.aqar.fm/محلات-للبيع/الرياض/شمال-الرياض/حي-الملك-فهد/حي-الملك-فهد-مدينة-الرياض-منطقة-الرياض-6783199,"محل للبيع في حي الملك فهد, مدينة الرياض, منطقة الرياض",70000000,266,,,,11,حي الملك فهد,الرياض,شمال الرياض,"٥ محلات في اسواق طيبه الذهب 


مجموع المساحات ٢٦٦م 

للاستفسارات والتفاصيل التواصل على الرقم : ((الرقم يظهر عند الضغط على اتصال))",24.734467,46.662047,https://images.aqar.fm/webp/750x0/props/032741040_1784692374960.jpg,1,سعد مبارك سعد الوزره,,,2026-07-20,2026-07-20,2026-09-13,1006,2026-09-15,True,"70,000,000",False,محل
6560276,https://sa.aqar.fm/محلات-للبيع/محايل/حي-الضرس/شارع-محمد-ابن-سعود-محايل-عسير-محايل-6560276,"محل للبيع في شارع محمد ابن سعود, حي الوعد, مدينة محائل, منطقة عسير",1400000,931,,,,5,حي الضرس,محايل,حي الضرس,"مبنى تجاري مكون من دورين وملحق سكن عمال نظامي
مؤجر",18.569868854317587,42.068312033712175,https://images.aqar.fm/webp/750x0/props/043475667_1769275249156.jpg | https://images.aqar.fm/webp/750x0/props/043475660_1769275249152.jpg | https://images.aqar.fm/webp/750x0/props/043475666_1769275249139.jpg | https://images.aqar.fm/webp/750x0/props/043475662_1769275249148.jpg | https://images.aqar.fm/webp/750x0/props/043475667_1769275249147.jpg,5,عائض احمد عائض الاسمري,,,2026-01-24,2026-01-25,2026-09-06,428,2026-09-15,True,"1,400,000",False,محل
6589911,https://sa.aqar.fm/محلات-للبيع/الرياض/شرق-الرياض/حي-القادسية/شارع-وادي-الدويمة-حي-القادسية-مدينة-الرياض-منطقة-الرياض-6589911,"محل للبيع في شارع وادي الدويمة, حي القادسية, مدينة الرياض, منطقة الرياض",9000000,2400,,,,3,حي القادسية,الرياض,شرق الرياض,شيب مويه مؤجر ٤٠٠الف سنوي ويوجد فيها أساكن عمال ٣٠ غرفه مؤجر ٣٦٠الف سنوي وفيها استراحه مؤجره ٣٠ الف,24.830191,46.834706,https://images.aqar.fm/webp/750x0/props/050966127_1771084595685.jpg,1,سعد بن ثامر بن محمد القحطاني,,,2026-02-14,2026-06-11,2026-06-11,630,2026-09-15,True,"9,000,000",False,محل
6850386,https://sa.aqar.fm/محلات-للبيع/عنيزة/حي-الريان/حي-الضليعة-عنيزة-عنيزة-6850386,"محل للبيع في شارع البويطن, حي وسط المدينة, مدينة عنيزة, منطقة القصيم",1600000,629,,,,10,حي الريان,عنيزة,حي الريان,المعرض للبيع,26.08964695527089,43.979716101501715,https://images.aqar.fm/webp/750x0/props/007543599_1788172312369.jpg | https://images.aqar.fm/webp/750x0/props/007543597_1788172319177.jpg,2,عبدالله علي عبدالله الشعيبي ,,,2026-08-31,2026-09-01,2026-09-11,51,2026-09-15,True,"1,600,000",False,محل
6672041,https://sa.aqar.fm/محلات-للبيع/النبهانية/حي-النبهانية/شارع-1-طريق-الملك-عبدالعزيز-ال-سعود-حي-الفوارة-مدينة-الفوارة-منطقة-القصيم-6672041,"محل للبيع في شارع 1 طريق الملك عبدالعزيز ال سعود, حي الفوارة, مدينة الفوارة, منطقة القصيم",300000,746,,,,11,حي النبهانية,النبهانية,حي النبهانية,"🏝فرصة أستثمارية 🏝
🔶اعلان بيع معرض سيارات بالفوارة بمنطقة القصيم🔸
✅بموقع مميز على الطريق العام 
✔️طريق الملك عبدالعزيز عرض الشارع 60 م
✔️شارع جنوبي عرضه 15م
☑️بصك اكتروني مساحته الاجمالية 746م2            
✅المعرض يحتوي على :-
🔹عدد 2مكتب
🔹غرفة 
🔹مطبخ 
🔹دورة مياة
🔹عداد كهرباء
🔹مظلات جاهز لسيارات داخل المعرض
☑️البناء مسلح
☑️الواجهات كادلنج 
💰 البيع (400 ألف) قابل للتفاوض

    🟨الوسيط العقاري🟨
مكتب عواد العيسى للعقار      
   📌 عقد وساطه (6200894236)    
📌ترخيص الاعلان (7200949853) 
🔸للتواصل والاستفسار🔸
0566412912📲",26.060222,42.658579,https://images.aqar.fm/webp/750x0/props/002929427_1777301144740.jpg | https://images.aqar.fm/webp/750x0/props/002929429_1777301144734.jpg | https://images.aqar.fm/webp/750x0/props/002929428_1777301144765.jpg | https://images.aqar.fm/webp/750x0/props/002929427_1777301144756.jpg | https://images.aqar.fm/webp/750x0/props/002929424_1777301144769.jpg,5,عواد عيسى عواد الحربي,مؤسسة مكتب عواد عيسى الحربي للعقار,1,2026-04-27,2026-08-21,2026-09-12,178,2026-09-15,True,"300,000",False,محل
6794461,https://sa.aqar.fm/محلات-للبيع/عنيزة/حي-المطار/شارع-الملك-عبدالله-حي-الشفاء-مدينة-عنيزة-منطقة-القصيم-6794461,"محل للبيع في شارع الملك عبدالله, حي الشفاء, مدينة عنيزة, منطقة القصيم",1050000,584,,,,11,حي المطار,عنيزة,حي المطار,"للبيع ٤ معارض استثماريه بصك واحد على طريق (( الامير سلطان بن عبدالعزيز )) عرض /٣٠ م شرقاً
 بحي شيخه تقريبا وسط عنيزه 

كل معرض بعداد كهرباء مستقل ويوجد عداد ماء واحد للجميع 

الدخل الاجمالي للجميع سنويا /٦٧ الف تقريبا 

ملاااااحظه / تم تنزيل سعر البيع الى /٩٥٠ الف 

للأستفسار /((الرقم يظهر عند الضغط على اتصال)) 
نتشرف بكم دائما 
تم وضع صور توضيحيه وايضا مقطع فديوا",26.086675,44.001401,https://images.aqar.fm/webp/750x0/props/022142270_1785246094937.jpg | https://images.aqar.fm/webp/750x0/props/022142278_1785246094944.jpg | https://images.aqar.fm/webp/750x0/props/022142271_1785246095103.jpg | https://images.aqar.fm/webp/750x0/props/022142274_1785246094931.jpg,4,معاذ عبدالله بن علي العيد,مكتب بنا عيد العقاري,1,2026-07-28,2026-08-26,2026-09-12,224,2026-09-15,True,"1,050,000",False,محل
6814885,https://sa.aqar.fm/محلات-للبيع/الرياض/غرب-الرياض/حي-طويق/شارع-سعد-بن-معاذ-حي-طويق-مدينة-الرياض-منطقة-الرياض-6814885,"محل للبيع في شارع سعد بن معاذ, حي طويق, مدينة الرياض, منطقة الرياض",270000,66,,,,7,حي طويق,الرياض,غرب الرياض,"محلات للبيع كل محل بصك عدد المحلات 11 عدد الصكوك 10
دخل المحلات 120 الف  
البيع للمحل الواحد 270 الف قابل التفاوض
العدادات الكهرباء 10",24.551749,46.563441,https://images.aqar.fm/webp/750x0/props/002512746_1786376014049.jpg | https://images.aqar.fm/webp/750x0/props/002512742_1786376013924.jpg | https://images.aqar.fm/webp/750x0/props/002512746_1786376014073.jpg,3,فيصل            محمد            مسفر            الهاجرى        ,مكتب هشام صالح العيفان للعقارات,1,2026-08-10,2026-09-08,2026-09-08,903,2026-09-15,True,"270,000",False,محل
6506543,https://sa.aqar.fm/محلات-للبيع/بريدة/حي-سلطانة/شارع-ابو-بكر-الزبيدي-حي-النخيل-مدينة-بريدة-منطقة-القصيم-6506543,"محل للبيع في شارع ابو بكر الزبيدي, حي النخيل, مدينة بريدة, منطقة القصيم",700000,70,,,,3,حي سلطانة,بريدة,حي سلطانة,"للبيع صالتين تجاريات 
حي النخيل شمال بريدة
طريق ابن باز
مساحة كل صالة 70 م
شارعين:
شرقي 30 م
جنوبي 10 م
كل صالة صك مستقل 
الحد للصالتين مليون و400 الف
للتواصل:
((رقم المعلن يظهر عند التواصل))03277973",26.375359,43.897083,https://images.aqar.fm/webp/750x0/props/003001014_1765729367732.jpg,1,عبدالله خالد عبدالله الشريده,شركة دار دليل العقارية,1,2025-12-14,2025-12-14,2026-08-07,2108,2026-09-15,True,"700,000",False,محل
6462497,https://sa.aqar.fm/محلات-للبيع/بريدة/حي-الريان/شارع-الامير-عبدالعزيز-بن-مساعد-بن-جلوي-حي-الفلاح-مدينة-بريده-منطقة-القصيم-6462497,"محل للبيع في شارع الامير عبدالعزيز بن مساعد بن جلوي, حي الفلاح, مدينة بريده, منطقة القصيم",235000,44,,,,11,حي الريان,بريدة,حي الريان,"محل تجاري للبيع
الموقع : شمال غرب بريدة - حي سلطانة
المساحة : 44 م
الاتجاة : شارع 30 متر غربي 
الدخل السنوي 10 الاف ريال
السعر : السوم 230 الف والبيع قريب

الكود / B181

للتواصل والاستفسارات /
((رقم المعلن يظهر عند التواصل))
((رقم المعلن يظهر عند التواصل))

للوصول الى حسابنا في سناب شات /
‏https://www.snapchat.com/add/frstalajyal

وللوصول الى حساباتنا ومشاهدة اعلاناتنا /
‏ https://linktr.ee/frstalajyal",26.381951,43.903522,https://images.aqar.fm/webp/750x0/props/045722418_1762811172850.jpg | https://images.aqar.fm/webp/750x0/props/045722419_1762811384538.jpg,2,شروق عبدالله,مؤسسة فرصة الاجيال,1,2025-11-10,2026-08-26,2026-09-05,2204,2026-09-15,True,"235,000",False,محل
6798661,https://sa.aqar.fm/محلات-للبيع/المدينة-المنورة/حي-الراية/شارع-ابو-حنيفه-حي-الراية-مدينة-المدينة-المنورة-منطقة-المدينة-المنورة-6798661,"محل للبيع في شارع  ابو حنيفه, حي الراية, مدينة المدينة المنورة, منطقة المدينة المنورة",2500000,615,,,,11,حي الراية,المدينة المنورة,حي الراية,"للبيع مبني تجاري قديم (قيمة ارض)
العمر/ 24 سنه
الحي/ الراية - شارع الأمام ابوحنيفة 
المساحة/615.99م2
الواجهات / جنوبا & شرقا

الحدود والأطوال :-
- الشمال/ حوش ملك البلدية  بطول 28.2م
- الجنوب/ شارع مختلف العروض من 6.78 متر الي 7.20 متر  بطول 29.75م 
- الشرق / شارع عرض 15متر  بطول 19م
- الغرب / جار بطول 22.05م

مكونات المبني 

4 محلات + 4 غرف + 2حمام 

المطلوب / 2 مليون و 900الف (شامل)

((الرقم يظهر عند الضغط على اتصال))

ترخيص الاعلان/ 7201048711
رخصة فال/ 1200001106
رقم العرض/ 1004

الموقع /
https://goo.gl/maps/YgH93RJBGYbmRZMQA?g_st=ac",24.484726,39.600292,https://images.aqar.fm/webp/750x0/props/050446108_1785476593628.jpg,1,طارق بن سليمان,شركة علامات العقارية المحدودة ,1,2026-07-31,2026-08-29,2026-09-11,372,2026-09-15,True,"2,500,000",False,محل
6717792,https://sa.aqar.fm/محلات-للبيع/بريدة/حي-سلطانة/شارع-ابو-بكر-الزبيدي-حي-النخيل-مدينة-بريدة-منطقة-القصيم-6717792,"محل للبيع في شارع ابو بكر الزبيدي, حي النخيل, مدينة بريدة, منطقة القصيم",550000,70,,,,2,حي سلطانة,بريدة,حي سلطانة,"كود الإعلان :1743
للبيع صالتين تجاريات شمال بريدة حي النخيل 
————————————
السماسرة للإستثمارات العقارية   0500108585    0504896169
0532628000
 ……………………………………..
مُرخص من هيئة العقار برقم ( 1200012955 )  
………………………………….
القناة : https://whatsapp.com/channel/0029VaCWubo9hXF036YD0S0t
…………………………………….
نسعد بمتابعتكم لحسابنا على 
سناب شات: https://www.snapchat.com/add/alsamasirah 
…………………………………..
 قناة المكتب على تيليقرام: 
‏https://t.me/alsamasirah
…………………………………
موقعنا الإلكتروني : https://alsamasirah.co",26.375372,43.897109,https://images.aqar.fm/webp/750x0/props/003057559_1780504340973.jpg,1,عبدالرحمن بن محمد بن عبدالرحمن الخضير,مكتب السماسره للعقارات,1,2026-06-03,2026-08-30,2026-09-10,405,2026-09-15,True,"550,000",False,محل
6520762,https://sa.aqar.fm/محلات-للبيع/جدة/جنوب-جدة/حي-المحجر/شارع-الاخطل-حي-المحجر-مدينة-جدة-منطقة-مكة-المكرمة-6520762,"محل للبيع في شارع الاخطل, حي المحجر, مدينة جدة, منطقة مكة المكرمة",167800,11,,,,3,حي المحجر,جدة,جنوب جدة,"تعلن شركة الثروة العقارية عن فرص استثمارية
 (محلات حراج الصواريخ )
لعدد 74 محل (بسطة ) بمساحات متفرقة 
مؤجرة بالكامل بعقود الكترونية

الاسعار تبدأ من 136,500 ﷼
والعائد السنوي يتجاوز 8%

موقع المحلات  📍https://maps.app.goo.gl/orYrTuBcMu9Y4VzW7

|📕| الكتيب التسويقي :  https://bit.ly/3MxUe9L

📞 للاستفسار: ((رقم المعلن يظهر عند التواصل))– 920003566

✅ رخصة فال: 1200018448
✅ رخصة الإعلان: 7200810906 - 7200810911",21.416722,39.199572,https://images.aqar.fm/webp/750x0/props/004725329_1767020447008.jpg,1,حمد عبدالعزيز عبدالله السليمان,شركة الثروة الأولى العقارية,1,2025-12-25,2025-12-25,2026-09-14,2439,2026-09-15,True,"167,800",False,محل
6589829,https://sa.aqar.fm/محلات-للبيع/بريدة/حي-الرحاب/شارع-الدبابية-حي-المعارض-مدينة-بريدة-منطقة-القصيم-6589829,"محل للبيع في شارع الدبابية, حي المعارض, مدينة بريدة, منطقة القصيم",3120000,4700,,,,11,حي الرحاب,بريدة,حي الرحاب,"للبيع معرض سيارات ببريده 

المساحة 4800م  60 × 80

شارع شمال 30م بطول 60م
 شارع جنوب 30م بطول 60م
شارع غرب 20م بطول 80م

السوم 650 ريال للمتر 

🔸ترخيص الاعلان
7200878827
🔹رخصة فال
1200012493
♦️الرجيعي للعقارات
((رقم المعلن يظهر عند التواصل))

📍الموقع
https://maps.app.goo.gl/QPNFyXzBzUFHTWVh8",26.414329,43.878843,https://images.aqar.fm/webp/750x0/props/022976108_1771082528329.jpg | https://images.aqar.fm/webp/750x0/props/022976108_1771082535085.jpg,2,يوسف بن عبدالله بن منصور الرجيعي,مكتب يوسف عبدالله الرجيعي للعقارات,1,2026-02-14,2026-06-10,2026-08-03,511,2026-09-15,True,"3,120,000",False,محل
6872758,https://sa.aqar.fm/محلات-للبيع/الطائف/حي-الوشحاء/شارع-حسان-بن-ثابت-حي-المعارض-مدينة-الطائف-منطقة-مكة-المكرمة-6872758,"محل للبيع في شارع حسان بن ثابت, حي المعارض, مدينة الطائف, منطقة مكة المكرمة",3100000,892,,,,11,حي الوشحاء,الطائف,حي الوشحاء,"فرصة استثمارية مميزة في أحد المواقع التجارية الحيوية بالطائف 📍

عقار تجاري استثماري للبيع في شارع المعارض، يتميز بموقع حيوي على واجهتين، بمساحة 892 م²، ويضم 8 بايكات تجارية.

🔹 موقع تجاري مميز
🔹 على واجهتين
🔹 8 بايكات تجارية
🔹 مساحة 892 م²
🔹 يحقق عائدًا استثماريًا
🔹 فرصة استثمارية مناسبة لمن يبحث عن أصل تجاري في موقع حيوي

القيمة: 3,100,000 ريال",21.257392,40.434514,https://images.aqar.fm/webp/750x0/props/052813359_1789321037281.jpg | https://images.aqar.fm/webp/750x0/props/052813357_1789320791678.jpg | https://images.aqar.fm/webp/750x0/props/052813359_1789320791692.jpg,3,خالد حمود,شركة لجاف,1,2026-09-13,2026-09-13,2026-09-13,18,2026-09-15,True,"3,100,000",False,محل
6520759,https://sa.aqar.fm/محلات-للبيع/جدة/جنوب-جدة/حي-المحجر/شارع-صيتان-العطاوي-حي-المحجر-مدينة-جدة-منطقة-مكة-المكرمة-6520759,"محل للبيع في شارع صيتان العطاوي, حي المحجر, مدينة جدة, منطقة مكة المكرمة",136500,9,,,,3,حي المحجر,جدة,جنوب جدة,"تعلن شركة الثروة العقارية عن فرص استثمارية
 (محلات حراج الصواريخ )
لعدد 74 محل (بسطة ) بمساحات متفرقة 
مؤجرة بالكامل بعقود الكترونية

الاسعار تبدأ من 136,500 ﷼
والعائد السنوي يتجاوز 8%

موقع المحلات  📍https://maps.app.goo.gl/orYrTuBcMu9Y4VzW7

|📕| الكتيب التسويقي :  https://bit.ly/3MxUe9L

📞 للاستفسار: ((رقم المعلن يظهر عند التواصل))– 920003566

✅ رخصة فال: 1200018448
✅ رخصة الإعلان: 7200810906 - 7200810911",21.417581,39.2002,https://images.aqar.fm/webp/750x0/props/004725324_1767020389147.jpg,1,حمد عبدالعزيز عبدالله السليمان,شركة الثروة الأولى العقارية,1,2025-12-25,2025-12-25,2026-09-15,1737,2026-09-15,True,"136,500",False,محل
6596914,https://sa.aqar.fm/محلات-للبيع/بريدة/حي-الفايزية/شارع-سعود-بن-عبدالعزيز-حي-الفايزية-مدينة-بريدة-منطقة-القصيم-6596914,"محل للبيع في شارع سعود بن عبدالعزيز, حي الفايزية, مدينة بريدة, منطقة القصيم",540000,173,,,,5,حي الفايزية,بريدة,حي الفايزية,"🏡 للبيع | صالتين تجاريتين بحي الفايزية شمال بريدة 

📍 الموقع: طريق الملك سعود
📐 المساحة: 173 متر مربع
💰 السعر: 540000 ريال

المواصفات:

واجهة كلادنك - موقف سيارة - عداد كهرباء لكل صالة 
🚿 1 دورات مياه
 
 على شارع 30 شمالي  

المساحة للصالة رقم 2   (( 173 متراً ))

المساحة للصالة رقم 3 (( 148 متراً ))

كل صالة مؤجرة ب 30 ألف سنويًا  بعقد 10 سنوات

للتواصل والاستفسار: 📞

((الرقم يظهر عند الضغط على اتصال))
((الرقم يظهر عند الضغط على اتصال))
((الرقم يظهر عند الضغط على اتصال))
((الرقم يظهر عند الضغط على اتصال))",26.377619,43.9637,https://images.aqar.fm/webp/750x0/props/051095183_1788516385393.jpg,1,علي عبدالرحمن,مؤسسة صرح راكز التجارية,1,2026-02-19,2026-09-10,2026-09-14,1745,2026-09-15,True,"540,000",False,محل
6661859,https://sa.aqar.fm/محلات-للبيع/بريدة/حي-الجامعيين/شارع-ابن-جمعة-حي-النهضة-مدينة-بريدة-منطقة-القصيم-6661859,"محل للبيع في شارع ابن جمعة, حي النهضة, مدينة بريدة, منطقة القصيم",1000000,116,,,,2,حي الجامعيين,بريدة,حي الجامعيين,"# صالة مؤجرة بعقد جديد | 

صالة تجارية بمساحة 117م²، مؤجرة بعقد إلكتروني جديد لمدة 3 سنوات ، ضمن مجمع قائم يضم 21 صالة.
### المميزات:
• 📐 المساحة: 117 م²
• 📄 عقد إلكتروني جديد (3 سنوات) 
• 💰 دخل سنوي متدرج (تفاصيل موثقة للمستثمر الجاد)
• 🏬 ضمن مجمع تجاري نشط (21 صالة)
• ☕ نشاط قائم في قطاع القهوة والحلويات
• 🔄 مؤجرة حاليًا 

### 📞 للتواصل:
للمستثمرين الجادين فقط
التفاصيل الكاملة للعقد والدخل متاحة فور التواصل:
[ ]",26.411575,43.932936,https://images.aqar.fm/webp/750x0/props/002982361_1776647978332.jpg | https://images.aqar.fm/webp/750x0/props/002982369_1776647978367.jpg,2,عبدالله العضيب,,,2026-04-19,2026-07-16,2026-08-18,990,2026-09-15,True,"1,000,000",False,محل
6604128,https://sa.aqar.fm/محلات-للبيع/بريدة/حي-سلطانة/شارع-طريق-الشيخ-عبدالعزيز-بن-باز-حي-النخيل-مدينة-بريدة-منطقة-القصيم-6604128,"محل للبيع في شارع طريق الشيخ عبدالعزيز بن باز, حي النخيل, مدينة بريدة, منطقة القصيم",3900000,73,,,,0,حي سلطانة,بريدة,حي سلطانة,"للبيع مجمع تجاري
حي النخيل شمال بريدة
طريق ابن باز
المساحة 689 م
واجهة شرقية شارع 40 م
المكونات:
4 صالات تجارية 
6 مكاتب إدارية
مصعد 
الدخل المتوقع عند التأجير 350 الف
للتواصل:
((رقم المعلن يظهر عند التواصل))03277973",26.378433,43.890513,https://images.aqar.fm/webp/750x0/props/003001015_1771967101140.jpg,1,عبدالله خالد عبدالله الشريده,شركة دار دليل العقارية,1,2026-02-24,2026-08-18,2026-08-18,466,2026-09-15,True,"3,900,000",False,محل
6797616,https://sa.aqar.fm/محلات-للبيع/الرياض/جنوب-الرياض/حي-المشاعل/شارع-الأمير-محمد-بن-عبدالرحمن-بن-عبدالعزيز-حي-المشاعل-الرياض-منطقة-الرياض-6797616,محل للبيع في شارع الأمير محمد بن عبدالرحمن بن عبدالعزيز ، حي المشاعل ، الرياض ، منطقة الرياض,400000,130,,,,3,حي المشاعل,الرياض,جنوب الرياض,$5f,24.609686,46.861416,https://images.aqar.fm/webp/750x0/props/051233780_1785419589902.jpg,1,انس بن عبدالعزيز بن حمد الشعيبي,,,2026-07-30,,2026-07-30,10,2026-09-15,False,طلب تسويق,False,محل
6825097,https://sa.aqar.fm/محلات-للبيع/المدينة-المنورة/حي-خاخ/شارع-محمود-بن-الحسين-الساوي-المدينة-المنورة-منطقة-المدينة-المنورة-6825097,محل للبيع في شارع محمود بن الحسين الساوي ، المدينة المنورة ، منطقة المدينة المنورة,2000000,888,,,,3,حي خاخ,المدينة المنورة,حي خاخ,"م
بني تجاري ٦ محلات وخلفه عماره ٨ فرف كل غرفه بحمامه سكن عمال  موجره من مستثمر ١٠ سنوات",24.149328,39.526324,https://images.aqar.fm/webp/750x0/props/022941888_1786875097333.jpg,1,صويلح بن مزهود بن صويلح المنتشري,,,2026-08-16,,2026-08-16,6,2026-09-15,False,طلب تسويق,False,محل
6870351,https://sa.aqar.fm/محلات-للبيع/جازان/حي-السويس/شارع-الامير-ناصر-بن-عبد-العزيز-حي-الرحاب-2-مدينة-جازان-منطقة-جازان-6870351,"محل للبيع في شارع الامير ناصر بن عبد العزيز, حي الرحاب 2, مدينة جازان, منطقة جازان",350000,1278,,,,0,حي السويس,جازان,حي السويس,"محلات تجارية حي السويس الرحاب شارع الأمير ناصر بن عبدالعزيز تتكون من :

6 محلات تجارية، كل محل بمساحة.     (5.5 *17)  93.5 م2 بارتفاع 8 م ( يمكن عمل دور ميزانين) لم يتم تقسيمها إلى الآن ويمكن استئجار أكثر من محل مفتوحة على بعض

دور علوي تجاري بمدخل مستقل درج ومصعدين بمساحة (17*35) 595 م2 

6 غرف سكنية مستقلة بدورات مياه",16.852578,42.601333,https://images.aqar.fm/webp/750x0/props/045671739_1789219297292.jpg | https://images.aqar.fm/webp/750x0/props/045671733_1789219297403.jpg,2,هديل مغفوري,مؤسسة هامات هدل العقارية,1,2026-09-12,2026-09-12,2026-09-12,10,2026-09-15,True,"350,000",False,محل
6713103,https://sa.aqar.fm/محلات-للبيع/الرياض/شرق-الرياض/حي-القادسية/شارع-جبل-العرمه-حي-القادسية-مدينة-الرياض-منطقة-الرياض-6713103,"محل للبيع في شارع جبل العرمه, حي القادسية, مدينة الرياض, منطقة الرياض",3500000,1200,,,,3,حي القادسية,الرياض,شرق الرياض,"معرض سيارات للبيع - حي القادسية

المساحة / 1200م

الاطوال / 20م + 60م

الأتجاة / شرق

عرض الشارع / 30م

وصف العقار:

مبنى هنقر
مكاتب للمعرض بنسبة 15 بالمية
مؤجر بعقد اكتروني


مميزات الموقع :

بالقرب من طريق الامام ( مخرج 9 )
بالقرب من طريق وادي الدواسر


المسوق :

شركة فارس الصحراء العقارية",24.827227,46.837237,https://images.aqar.fm/webp/750x0/props/006058839_1780163872087.jpg | https://images.aqar.fm/webp/750x0/props/006058838_1788101949389.png | https://images.aqar.fm/webp/750x0/props/006058836_1788101949387.png,3,خلود عبدالكريم,شركة فارس الصحراء العقارية,1,2026-05-30,2026-08-26,2026-09-14,729,2026-09-15,True,"3,500,000",False,محل
6661372,https://sa.aqar.fm/محلات-للبيع/الرياض/شمال-الرياض/حي-الملك-فهد/حي-الملك-فهد-مدينة-الرياض-منطقة-الرياض-6661372,"محل للبيع في حي الملك فهد, مدينة الرياض, منطقة الرياض",2100000,57,,,,10,حي الملك فهد,الرياض,شمال الرياض,"للبيع محل في اسواق العويس التجاري ( مع المالك )

مساحة المحل 57.6 متر ومستودع نفس المساحة تقريبا 
محل عود وعطورات موقع مميز ملاصق العربية للعود 
الواجهة جنوبي 
وفية مدخل اخر شمالي من عند السوق
جاهز للتأجير أو استخدامة للمشتري الجديد
البيع مليونين و 100 الف صافي


مع المالك مباشرة",24.737749,46.66174,https://images.aqar.fm/webp/750x0/props/009731191_1776616407644.jpg | https://images.aqar.fm/webp/750x0/props/009731193_1776616407633.jpg | https://images.aqar.fm/webp/750x0/props/009731192_1776616407652.jpg | https://images.aqar.fm/webp/750x0/props/009731199_1783178309974.jpg,4,عبدالله محمد عبدالله بن عمران,مكتب عبدالله محمد عبدالله بن عمران للعقارات,1,2026-04-19,2026-08-14,2026-09-03,2483,2026-09-15,True,"2,100,000",False,محل
6713099,https://sa.aqar.fm/محلات-للبيع/الرياض/شرق-الرياض/حي-القادسية/شارع-وادي-الخضر-حي-القادسية-مدينة-الرياض-منطقة-الرياض-6713099,"محل للبيع في شارع وادي الخضر, حي القادسية, مدينة الرياض, منطقة الرياض",10000000,2000,,,,5,حي القادسية,الرياض,شرق الرياض,"معرض سيارات للبيع - حي القادسية

المساحة / 2000م

الأطوال / 40م + 50م

الأتجاة / شمال

عرض الشارع / 30م


وصف العقار :

مبنى هنقر
مكاتب بنسبة 15 بالمية
مؤجر نصف المعرض بعقد اكتروني



مميزات الموقع :

بالقرب من طريق الدمام
بالقرب من طريق وادي الرمة
يفتح على الحديقة التي بالمعارض

المسوق :

شركة فارس الصحراء العقارية",24.831008,46.827684,https://images.aqar.fm/webp/750x0/props/006058839_1780163551697.jpg | https://images.aqar.fm/webp/750x0/props/006058837_1788101626425.jpg | https://images.aqar.fm/webp/750x0/props/006058834_1788101634153.jpg,3,خلود عبدالكريم,شركة فارس الصحراء العقارية,1,2026-05-30,2026-08-26,2026-09-14,556,2026-09-15,True,"10,000,000",False,محل
6576279,https://sa.aqar.fm/محلات-للبيع/الرياض/وسط-الرياض/حي-العمل/شارع-الغرابي-حي-العمل-مدينة-الرياض-منطقة-الرياض-6576279,"محل للبيع في شارع الغرابي, حي العمل, مدينة الرياض, منطقة الرياض",450000,50,,,,11,حي العمل,الرياض,وسط الرياض,"محل تجاري للبيع موقع مميز
# حي العمل 
المساحة / 18.83 متر
الواجهة / جنوب 
الايجار / 20 الف سنوي
السوم/ ٤٥٠ الف

للتواصل والاستفسار (( 9 4 9 5 5 7 9 3 5 0 __ 5 9 9 4 4 8 3 7 5 0 ))",24.645376,46.718757,https://images.aqar.fm/webp/750x0/props/036227489_1779103631003.jpg | https://images.aqar.fm/webp/750x0/props/036227489_1770220375246.jpg,2,باسم علي احمد الطيار,شركة كيان القصور العقارية,1,2026-02-04,2026-06-30,2026-09-12,4033,2026-09-15,True,"450,000",False,محل
6876251,https://sa.aqar.fm/محلات-للبيع/الرياض/شرق-الرياض/حي-الروابي/شارع-الامير-سعد-بن-عبدالرحمن-الفرعي-حي-الروابي-الرياض-منطقة-الرياض-6876251,محل للبيع في شارع الامير سعد بن عبدالرحمن الفرعي ، حي الروابي ، الرياض ، منطقة الرياض,950000,200,,,,3,حي الروابي,الرياض,شرق الرياض,"مشروع سعودي بايدي شيف سعودية متخصص في تصميم وتنفيذ كيك المناسبات الفاخرة و بيع الكيك الجاهز و الكوكيز و البراوني و الاكسسوارات الخاصة بالاحتفالات و غيرها ، يقع في قلب حي الروابي على مساحة 200 متر مربع موزعة على طابقين.
نقدم كيك حفلات وأعياد ميلاد وكل المناسبات الخاصة بتصاميم احترافية مخصصة. كل كيكة تصمم حسب رغبة العميل بدقة واهتمام بالتفاصيل.
مجهز بمعدات احترافية كاملة تضمن أعلى مستويات الجودة والإنتاجية. العمل مدعوم بقاعدة عملاء نشطة ومستقرة، وحضور قوي على وسائل التواصل والتطبيقات الرقمية.
مشروع يعمل بنظام احترافي متكامل - من التصميم للإنتاج للتوصيل - والعمليات مؤسسة بشكل صحيح وجاهزة للتسليم الفوري.
يمكن للشيف السعودية العمل في المحل بعد البيع الى ان تجدوا شيف جديد و يتم تدريبه من قبل الشيف .
الوصفات جاهزة 
اجهزة تكييف , خبز , فلتر ماء , خلاطات , مطبخ صغير , ثلاجات عرض , غرفة فريزر , ثلاجات تخزين , اجهزة تطبيقات التوصيل , طابعات , جهاز كاشير , كاميرات مراقبة , تطبيق محاسبة , شاشات لعرض المنيو , منتجات جاهزة , كراتين واكياس خاصة بتغليف الطلبات تكفي لسنة او سنة و نصف , دور علوي ( مستودعين +حمام+مكتب و يمكن تغغيره بالكامل الى جلسات او مطبخ كبير او مستودع ) جميع الشهادات و الرخص متوفرة و سارية 

مدة الايجار المتبقية : ينتهي 12-5-2027
ممكن تجديد الايجار مع صاحب العقار 
سعر التقبيل (بيع المحل و السجل التجاري و نحوه ) 950000 ريال ( قابل للتفاوض )
للتواصل الجاد فقط : ابو محمد ( رقم الجوال يظهر عند الضغط على زر تواصل )  من خلال الواتس فقط او الاتصال من الساعة
الشراء من المالك مباشرة",24.683512,46.788517,https://images.aqar.fm/webp/750x0/props/054281633_1789490273577.jpg | https://images.aqar.fm/webp/750x0/props/054281630_1789490273569.jpg | https://images.aqar.fm/webp/750x0/props/054281638_1789490292079.jpg | https://images.aqar.fm/webp/750x0/props/054281631_1789490292081.jpg,4,مشاعل بنت جمال بن عبيد باعويضان,,,2026-09-15,,2026-09-15,0,2026-09-15,False,طلب تسويق,False,محل
6876326,https://sa.aqar.fm/محلات-للبيع/الرياض/شرق-الرياض/حي-النسيم-الغربي/شارع-محمد-بن-أبي-تمام-حي-النسيم-الغربي-مدينة-الرياض-منطقة-الرياض-6876326,"محل للبيع في شارع محمد بن أبي تمام, حي النسيم الغربي, مدينة الرياض, منطقة الرياض",700000,50,,,,11,حي النسيم الغربي,الرياض,شرق الرياض,للبيع معرض تجاري بأسواق حجاب بالنسيم الغربي بالرياض المساحة 40متر للتفاهم مكتب أضلاع للعقار 0500900525 رقم ترخيص هذا الإعلان 7201135048 نسعد باستقبال عروضكم العقارية ونعلن عنها مجاناً.,24.728255,46.824033,https://images.aqar.fm/webp/750x0/props/014300845_1789493625469.jpg,1,عبدالله حمد سليمان الشعيبي,مكتب اضلاع للعقارات,1,2026-09-15,2026-09-15,2026-09-15,2,2026-09-15,True,"700,000",False,محل
6876706,https://sa.aqar.fm/محلات-للبيع/الدمام/حي-المنار/شارع-الملك-عبد-الله-حي-المنار-مدينة-الدمام-المنطقة-الشرقية-6876706,"محل للبيع في شارع الملك عبد الله, حي المنار, مدينة الدمام, المنطقة الشرقية",639000,69,,,,0,حي المنار,الدمام,حي المنار,"معارض تجارية للبيع الدمام - حي المنار 

- المساحة: 70م 
- يتوفر نموذج مع ميزان تصل المساحة الإجمالية إلى 139م 
- شمالي شارع عرض ٢٠م فرعي، وايضاً شارع رئيسي ١٠٠م 
- واجهة زجاج راكبة
- مواقف خاصة
- هاي سيلينق 
- موقع مميز 


ابتداء السعر من: 639,000 الف",26.358142,50.035735,https://images.aqar.fm/webp/750x0/props/031397121_1789504108979.jpg | https://images.aqar.fm/webp/750x0/props/031397120_1789504108986.jpg | https://images.aqar.fm/webp/750x0/props/031397124_1789504108980.jpg | https://images.aqar.fm/webp/750x0/props/031397128_1789504108983.jpg | https://images.aqar.fm/webp/750x0/props/031397125_1789504108831.jpg,5,عبدالرحمن يوسف بن صالح المظفر,,,2026-09-15,2026-09-15,2026-09-15,2,2026-09-15,True,"639,000",False,محل
6876952,https://sa.aqar.fm/محلات-للبيع/المدينة-المنورة/حي-قلعة-مخيط/شارع-طريق-السلام-حي-السلام-مدينة-المدينة-المنورة-منطقة-المدينة-المنورة-6876952,"محل للبيع في شارع طريق السلام, حي السلام, مدينة المدينة المنورة, منطقة المدينة المنورة",4300000,720,,,,3,حي قلعة مخيط,المدينة المنورة,حي قلعة مخيط,معرض تجاري للبيع  او للأستثمار على طريق السلام النازل,24.490616,39.49183,https://images.aqar.fm/webp/750x0/props/024336703_1789522708146.jpg | https://images.aqar.fm/webp/750x0/props/024336708_1789522708149.jpg | https://images.aqar.fm/webp/750x0/props/024336703_1789522707949.jpg | https://images.aqar.fm/webp/750x0/props/024336705_1789522707979.jpg | https://images.aqar.fm/webp/750x0/props/024336708_1789522707903.jpg,5,تركي عبدالله,مؤسسة رؤى الأدارة العقارية,1,2026-09-16,2026-09-16,2026-09-16,2,2026-09-16,True,"4,300,000",False,محل
6689847,https://sa.aqar.fm/محلات-للبيع/الهفوف/حي-الخرس/شارع-عين-عمارة-حي-الراشدية-الأول-مدينة-الاحساء-المنطقة-الشرقية-6689847,"محل للبيع في شارع عين عمارة, حي الراشدية الأول, مدينة الاحساء, المنطقة الشرقية",130000,670,,,,2,حي الخرس,الهفوف,حي الخرس,"🟣 *مطعم للبيع* 🟣

* الموقع/ الأحساء - حي الراشدية
* تحديد الموقع على الطبيعة للجادين
* المساحة 85 متر
* مكون من دورين
* يوجد جلسات داخلية بالمطعم
* تخصص المطعم مشاوي وشاورما ومعجنات وبروستد
* فيه جميع المعدات اللازمة والديكورات
* *السعر/ 130 ألف ريال صافي للبائع*
* باقي التفاصيل تفصح للجادين

للمفاهمة
((رقم المعلن يظهر عند التواصل))
((رقم المعلن يظهر عند التواصل))

رقم ترخيص هذا الإعلان
7200960869

🔴 *رابط حسابات المكتب في مواقع التواصل الإجتماعي*
👇
‏https://linkfly.to/70605IE9tv5

🔵 *هذا العرض مباشر لدينا من المالك*

مع تحيات/ مكتب بورصة الاستثمار العقاري",25.454197,49.584256,https://images.aqar.fm/webp/750x0/props/004036350_1778380523161.jpg,1,علي بن حسين,مؤسسة بورصة الاستثمار العقارية,1,2026-05-10,2026-05-10,2026-06-04,408,2026-09-17,True,"130,000",False,محل
6878662,https://sa.aqar.fm/محلات-للبيع/المدينة-المنورة/حي-المطار/شارع-عمير-بن-سعد-الأنصاري-حي-المطار-المدينة-المنورة-منطقة-المدينة-المنورة-6878662,محل للبيع في شارع عمير بن سعد الأنصاري ، حي المطار ، المدينة المنورة ، منطقة المدينة المنورة,400000,32,,,,0,حي المطار,المدينة المنورة,حي المطار,للبيع محل تجاري  بمخطط المطار,24.539154,39.688557,,,سعد الرشيدي,,,2026-09-16,,2026-09-16,2,2026-09-17,False,طلب تسويق,False,محل
6879728,https://sa.aqar.fm/محلات-للبيع/بريدة/حي-الجامعيين/شارع-ابن-جمعة-حي-النهضة-مدينة-بريدة-منطقة-القصيم-6879728,"محل للبيع في شارع ابن جمعة, حي النهضة, مدينة بريدة, منطقة القصيم",450000,74,,,,11,حي الجامعيين,بريدة,حي الجامعيين,"للبيع محل تجاري بحي النهضة ( بمجمع العضيب) شمال بريدة
المساحة: 74م
الشارع: 50م شمالي
بين طريق ابي بكر الصديق وطريق الملك عبدالله",26.412482,43.932881,https://images.aqar.fm/webp/750x0/props/016532173_1789661357692.png | https://images.aqar.fm/webp/750x0/props/016532176_1789661403391.jpg,2,ابراهيم أحمد,مؤسسة مكتب صديق التاجر للعقارات,1,2026-09-17,2026-09-17,2026-09-17,1,2026-09-17,True,"450,000",False,محل
6880073,https://sa.aqar.fm/محلات-للبيع/الرياض/شرق-الرياض/حي-الازدهار/شارع-العباس-بن-عبدالمطلب-حي-الازدهار-الرياض-منطقة-الرياض-6880073,محل للبيع في شارع العباس بن عبدالمطلب ، حي الازدهار ، الرياض ، منطقة الرياض,265,80,,,,4,حي الازدهار,الرياض,شرق الرياض,"بيع مشروع قائم بالكامل و مربح :
سبا نسائي متخصص في الاظافر والرموش
موقعه في الرياض حي الازدهار مخرج 7
يحتوي الصالون على :
1- جميع مواد المختصة لأظافر والرموش و جميع الاجهزة الحديثة المستخدمة في اكبر الصوالين .
2- يشمل 3 من العاملات المدربات من الجنسية الفلبينية و تم تدريبهم على ايدي مختصة مع شهادات الصحية من بلدي و تم تجديد عقود العاملات لمدة سنتين اضافية.
3- ايجار المحل تم تجديده ودفع الايجار في شهر يناير 2026 .
4- موظفة استقبال من الجنسية السعودية مدربة بالكامل وبخبرة 4 سنوات في الاستقبال والادارة.
5- برنامج محاسبي ركاز ويشمل للحجوزات عبر الرابط لتسهيل الحجوزات ومع برنامج محاسبي وتم دفع المبلغ بالكامل في شهر سبتمبر 2026 وهو ساري لمدة سنتين .
6- تطبيقات التواصل الاجتماعي إنستقرام و تيك توك.
متوسط الدخل 300 الف الى 500 الف .
الايجار : 75 الف
متوسط صافي الارباح السنوية من 150 الف
مطلوب فيه : 265الف ريال",24.776545,46.710278,,,سلطان بن فهد بن فالح القحطاني,,,2026-09-17,,2026-09-17,7,2026-09-17,False,طلب تسويق,False,محل
6482196,https://sa.aqar.fm/محلات-للبيع/بريدة/حي-الريان/شارع-الامير-عبدالعزيز-بن-مساعد-بن-جلوي-حي-الفلاح-مدينة-بريدة-منطقة-القصيم-6482196,"محل للبيع في شارع الامير عبدالعزيز بن مساعد بن جلوي, حي الفلاح, مدينة بريدة, منطقة القصيم",230000,44,,,,4,حي الريان,بريدة,حي الريان,"للبيع محل تجاري مؤجر
الموقع : شمال بريدة - حي سلطانة
المساحة : 44 متر
الاتجاه : شارع غربي 30
السعر : 230 ألف ريال
*مؤجر بقيمة 8 آلاف ريال*
*عقد ايجار سنوي دفعة واحدة*
للتواصل :
((رقم المعلن يظهر عند التواصل)) 
((رقم المعلن يظهر عند التواصل))",26.381973,43.903507,https://images.aqar.fm/webp/750x0/props/039049019_1764166726741.jpg,1,بدر عبدالرحمن محمد المطلق,مؤسسة أول مليون للعقارات,1,2025-11-26,2025-11-26,2026-09-16,1843,2026-09-18,True,"230,000",False,محل
6882038,https://sa.aqar.fm/محلات-للبيع/جدة/شمال-جدة/حي-الفيحاء/شارع-ابو-ذر-الغفاري-حي-الفيحاء-مدينة-جدة-منطقة-مكة-المكرمة-6882038,"محل للبيع في شارع ابو ذر الغفاري, حي الفيحاء, مدينة جدة, منطقة مكة المكرمة",1200000,60,,,,0,حي الفيحاء,جدة,شمال جدة,"السلام عليكم ورحمه الله وبركاته 
نعلن عن مشروعنا الجديد في حي الفيحاء 
محل 
سعر مليون و200",21.503963,39.239074,https://images.aqar.fm/webp/750x0/props/030549587_1789822671925.jpg | https://images.aqar.fm/webp/750x0/props/030549587_1789822671925.jpg,2,عبدالله مسعد هديان,مؤسسة روشن المتميز,1,2026-09-19,2026-09-19,2026-09-19,0,2026-09-19,True,"1,200,000",False,محل
6882848,https://sa.aqar.fm/محلات-للبيع/جدة/شمال-جدة/حي-الزمرد/شارع-غازي-القصيبي-حي-الفنار-مدينة-جدة-منطقة-مكة-المكرمة-6882848,"محل للبيع في شارع غازي القصيبي, حي الفنار, مدينة جدة, منطقة مكة المكرمة",6000000,847,,,,0,حي الزمرد,جدة,شمال جدة,"🔶️ للبيع مبنى عظم  تجاري في حي الفنار 
مخطط رقم  99 /  ج/ س 
رقم القطعة  1067  / أ 

🔶️ على شارع تجاري شمالي عرضه  
مساحة الأرض 847 متر مربع 
مساحة المباني  412,66  متر مربع 

🔶️ يتكون من: دور أرضي  5 معارض 
                   ميزانين 
يتوفر 9 مواقف للمبنى . 

 🔴    السعر    6,000,000  ريال.  

العرض خاص للمشتري فقط 🚫🚫🚫",21.831246,39.070778,https://images.aqar.fm/webp/750x0/props/019309382_1789842526027.jpg,1,علي كمال علي العبدلي,شركة جموح المتحدة العقارية,1,2026-09-19,2026-09-19,2026-09-19,0,2026-09-19,True,"6,000,000",False,محل
6882489,https://sa.aqar.fm/محلات-للبيع/الهفوف/حي-السلمانية-الجنوبية/شارع-الامير-سطام-بن-عبدالعزيز-حي-السلمانية-الثالث-مدينة-الاحساء-المنطقة-الشرقية-6882489,"محل للبيع في شارع الامير سطام بن عبدالعزيز, حي السلمانية الثالث, مدينة الاحساء, المنطقة الشرقية",,,,,,,حي السلمانية الجنوبية,الهفوف,حي السلمانية الجنوبية,,,,,,,,,,,,,2026-09-19,,طلب تسويق,True,محل
6882203,https://sa.aqar.fm/محلات-للبيع/الرياض/شرق-الرياض/حي-الملز/شارع-الفرزدق-حي-الملز-مدينة-الرياض-منطقة-الرياض-6882203,"محل للبيع في شارع الفرزدق, حي الملز, مدينة الرياض, منطقة الرياض",10000000,1250,,,,10,حي الملز,الرياض,شرق الرياض,"ارض للبيع حي الملز مساحتها ١٢٥٠ متر  غربا شارع الفرزدق عرض ٣٠ متر امتداد ٢٥ متر جنوبا شارع عرض ١٥ امتداد ٥٠ متر
مقام عليها مستودع (استديو) حاليا البيع على السوم",24.654005,46.726626,https://images.aqar.fm/webp/750x0/props/055513464_1789827290642.jpg | https://images.aqar.fm/webp/750x0/props/055513463_1789827290641.jpg | https://images.aqar.fm/webp/750x0/props/055513465_1789827290653.jpg | https://images.aqar.fm/webp/750x0/props/055513462_1789827290657.jpg | https://images.aqar.fm/webp/750x0/props/055513460_1789827290671.jpg | https://images.aqar.fm/webp/750x0/props/055513467_1789827290680.jpg | https://images.aqar.fm/webp/750x0/props/055513468_1789827290691.jpg | https://images.aqar.fm/webp/750x0/props/055513468_1789827290785.jpg | https://images.aqar.fm/webp/750x0/props/055513460_1789827290716.jpg | https://images.aqar.fm/webp/750x0/props/055513464_1789827290726.jpg | https://images.aqar.fm/webp/750x0/props/055513463_1789827290805.jpg,11,عبدالله بن ابراهيم بن محمد الفجحان,مكتب عبدالله ابراهيم الفجحان للعقارات,1,2026-09-19,2026-09-19,2026-09-19,7,2026-09-19,True,"10,000,000",False,محل
6883165,https://sa.aqar.fm/محلات-للبيع/جدة/شمال-جدة/حي-الصفا/شارع-محمد-الأشقر-حي-الصفاء-مدينة-جدة-منطقة-مكة-المكرمة-6883165,"محل للبيع في شارع محمد الأشقر, حي الصفاء, مدينة جدة, منطقة مكة المكرمة",696000,750,,,,0,حي الصفا,جدة,شمال جدة,"🔥🔥🔥🔥🔥🔥🔥🔥🔥🔥🔥🔥🔥🔥

للمستثمرين والباحثين عن التميز التجاري 🏗️..
بمناسبة اليوم الوطني 🇸🇦، نقدم لك عرضاً استثنائياً في حي الصفا.
​🌟 مميزات العقار:
​مساحة إجمالية للمعرض والميزانين: 58 م².
مساحة المعرض 36م +مساحة الميزانين 22م
​واجهة ممتازة على شارع عرض 30 متر.
​موقع استراتيجي وخدمي بالقرب من المدرسة ومكتب الأحوال المدنية.
​حركة مرورية عالية وسهولة وصول عبر نافذ مباشر لشارع الشاكرين والتحلية.
​🏷️ الأسعار:
​السعر السابق: 750,000 ريال.
​السعر الحالي: 696,000 🔥🔥ريال فقط.
​طريقة الدفع: كاش فقط.",21.569891,39.215172,https://images.aqar.fm/webp/750x0/props/040274855_1789860553555.jpg | https://images.aqar.fm/webp/750x0/props/040274856_1789860559337.jpg | https://images.aqar.fm/webp/750x0/props/040274855_1789860553555.jpg | https://images.aqar.fm/webp/750x0/props/040274856_1789860559337.jpg,4,سعد ثعيل,شركة سعد ثعيل الاكلبي للاستثمار والتطوير,1,2026-09-19,2026-09-19,2026-09-19,1,2026-09-20,True,"696,000",False,محل
6883167,https://sa.aqar.fm/محلات-للبيع/جدة/شمال-جدة/حي-الصفا/شارع-محمد-نور-جخدار-حي-الصفاء-مدينة-جدة-منطقة-مكة-المكرمة-6883167,"محل للبيع في شارع محمد نور جخدار, حي الصفاء, مدينة جدة, منطقة مكة المكرمة",696000,750,,,,0,حي الصفا,جدة,شمال جدة,"​🇸🇦 احتفل باليوم الوطني واستثمر في المكان الصح!
عرض خاص على معرض وميزانين في حي الصفا.

​✨ لماذا هذا العقار؟
​📐 المساحة: 58 متر إجمالية.
​🛣️ الشارع: عرض 30 متر تجاري وحيوي.
​📍 الحيوية: بجوار المدرسة ومكتب الأحوال المدنية.
​🚗 السهولة: نافذ مباشر لشارع الشاكرين والتحلية.
​💰 التسعيرة:
​❌ 750,000 ريال (سابقاً)
​✔️ 696,000 ريال (عرض اليوم الوطني - كاش فقط",21.567769,39.215648,https://images.aqar.fm/webp/750x0/props/032644582_1789861084239.jpg | https://images.aqar.fm/webp/750x0/props/032644580_1789861084298.jpg | https://images.aqar.fm/webp/750x0/props/032644587_1789861084199.jpg | https://images.aqar.fm/webp/750x0/props/032644582_1789861084245.jpg | https://images.aqar.fm/webp/750x0/props/032644580_1789861084298.jpg | https://images.aqar.fm/webp/750x0/props/032644587_1789861084199.jpg | https://images.aqar.fm/webp/750x0/props/032644582_1789861084239.jpg | https://images.aqar.fm/webp/750x0/props/032644582_1789861084245.jpg,8,سعد ثعيل,شركة سعد ثعيل الاكلبي للاستثمار والتطوير,1,2026-09-19,2026-09-19,2026-09-19,2,2026-09-20,True,"696,000",False,محل
6883169,https://sa.aqar.fm/محلات-للبيع/الرياض/شرق-الرياض/حي-النظيم/شارع-المحيط-حي-الندوة-الرياض-منطقة-الرياض-6883169,محل للبيع في شارع المحيط ، حي الندوة ، الرياض ، منطقة الرياض,1,44,,,,1,حي النظيم,الرياض,شرق الرياض,المطعم شغال ع الشرط ممتاز. ملفه بقوقل ممتاز جاهز من الى ولا ينقصه شي شغله باليوم من1500. الى 2000 بدون تطبيقات البحار 19 سنه  سبب البيع  محتاج مبلغ والله مابيعه  تواصل ع الرقم ((الرقم يظهر عند الضغط على اتصال))  جوال ((الرقم يظهر عند الضغط على اتصال)),24.808762,46.878304,https://images.aqar.fm/webp/750x0/props/053423281_1789860663618.jpg | https://images.aqar.fm/webp/750x0/props/053423288_1789860663621.jpg | https://images.aqar.fm/webp/750x0/props/053423287_1789861263541.jpg,3,حكمه بنت عايد بن مناحي العنزي,,,2026-09-19,,2026-09-19,1,2026-09-20,False,طلب تسويق,False,محل
6885225,https://sa.aqar.fm/محلات-للبيع/حائل/حي-البدنة/شارع-الجبالين-حي-المدائن-مدينة-حائل-منطقة-حائل-6885225,"محل للبيع في شارع الجبالين, حي المدائن, مدينة حائل, منطقة حائل",1500000,795,,,,0,حي البدنة,حائل,حي البدنة,"🚨 فرصة استثمارية مميزة للبيع | صالات تجارية واستراحات بحائل 🚨
📍 الموقع:
حائل - حي المدائن (مخطط 2020).
الواجهة: مباشرة على شارع الـ 90 التجاري.
📐 تفاصيل ومكونات العقار:
عبارة عن صالة عظم ثلاث فتحات مفتوحة من الداخل بمساحة إجمالية 288 متر مربع، ويوجد بالخلف استراحتين لكل استراحة مدخل مستقل وتتكون كل واحدة من مجلس وغرفة ومطبخ ودورة مياه، مع وجود 5 عدادات كهرباء راكبة وجاهزة، وخزانين ماء، 
والاستراحتين  على الكود السعودي ويوجد تأمين شامل للمبنى.
السعر المطلوب: 1,500,000 قابل للتفاوض",27.416083,41.724838,https://images.aqar.fm/webp/750x0/props/038835440_1789959144589.jpg,1,فهد بن خلف بن حميد المطيري,مكتب ابعاد طيبة العقارية,1,2026-09-21,2026-09-21,2026-09-21,1,2026-09-21,True,"1,500,000",False,محل
6887097,https://sa.aqar.fm/محلات-للبيع/المدينة-المنورة/حي-الدفاع/شارع-يزيد-بن-مشجعة-حي-الدفاع-المدينة-المنورة-منطقة-المدينة-المنورة-6887097,محل للبيع في شارع يزيد بن مشجعة ، حي الدفاع ، المدينة المنورة ، منطقة المدينة المنورة,40000,48,,,,1,حي الدفاع,المدينة المنورة,حي الدفاع,"كوفي جزيل للتقبيل كامل بدون سجل ب ٤٠ الف
الايجار ٦٠ اربع دفعات",24.449219,39.522499,,,عماد بن طلال بن عيد الجهني,,,2026-09-21,,2026-09-21,3,2026-09-22,False,طلب تسويق,False,محل
6888563,https://sa.aqar.fm/محلات-للبيع/المدينة-المنورة/حي-الرانوناء/شارع-ممر-مشاه-843-حي-الرانوناء-مدينة-المدينة-المنورة-منطقة-المدينة-المنورة-6888563,"محل للبيع في شارع ممر مشاه 843, حي الرانوناء, مدينة المدينة المنورة, منطقة المدينة المنورة",2400000,746,,,,8,حي الرانوناء,المدينة المنورة,حي الرانوناء,"عرض رقم 156: للبيع معارض تجارية في الرانوناء - على شارع بسبس بن عمرو (الحارث بن محمد), على شارعين: 32+10م، طولها على الشارع: 25.3م، مساحتها: 746م، المباني: 619.27م، عليها معرضين، كل معرض من دور وميزان، مساحة المعرض: 309م، ارضي: 226م، ميزان: 83م، عمرها: 8 سنوات، الدخل: 120,000 ريال غير شامل الضريبه، نسبة الدخل: 5%, المطلوب: 2400000 ريال، من الوكيل",24.37735,39.599422,https://images.aqar.fm/webp/750x0/props/035246497_1790106381604.jpg | https://images.aqar.fm/webp/750x0/props/035246496_1790106381788.jpg,2,حسين طه,مكتب عقارات المدينه,1,2026-09-22,2026-09-22,2026-09-22,0,2026-09-22,True,"2,400,000",False,محل
