listing_id,url,title,price,area_sqm,rooms,bathrooms,livings,age_years,district,city,direction,description,latitude,longitude,images,images_count,advertiser_name,advertiser_company,advertiser_type,created_at,published_at,last_update,views,date_scraped,published,price_text,price_was_missing,property_type
6698914,https://sa.aqar.fm/فلل-للبيع/ابها/حي-القريقر/شارع-124-الزين-حي-الزين-مدينة-أبها-منطقة-عسير-6698914,"فيلا للبيع في شارع 124 الزين, حي الزين, مدينة أبها, منطقة عسير",650000,525,8,0,0,0,حي القريقر,ابها,حي القريقر,"فيلا عظم حي الأسكان بشوحط المساحة 525 شارع 25 شرقي  
ضمانات على الشغل قد لا يكون الموقع دقيق فارجو التواصل واتساب",18.343123,42.518688,https://images.aqar.fm/webp/750x0/props/000323772_1778899292265.jpg,1,جابر علي محمد العسيري,مؤسسة جبل تهلل للعقارات,1,2026-05-16,2026-09-09,2026-09-26,1970,2026-09-27,True,"650,000",False,فيلا
6882014,https://sa.aqar.fm/فلل-للبيع/ابها/حي-الخالدية/شارع-السلطان-العقيلي-حي-الخالدية-أبها-منطقة-عسير-6882014,"فيلا للبيع في شارع 5997382, حي الخالدية, مدينة أبها, منطقة عسير",1200000,207,6,5,2,0,حي الخالدية,ابها,حي الخالدية,"فلة للبيع او الاجار السنوي مطلة في حي الخالدية ابها (العثربان) دورين و ملحق كبير و بدوم واسع .. يوجد تاسيس مصعد وخزان ماء
السعر للبيع : 1,200,000 ريال
الاجار : 60,000 ريال
للتفاصيل و للتواصل واتس : ((الرقم يظهر عند الضغط على اتصال))",18.225065,42.478622,https://images.aqar.fm/webp/750x0/props/000835475_1789821029051.jpg | https://images.aqar.fm/webp/750x0/props/000835474_1789820984503.jpg | https://images.aqar.fm/webp/750x0/props/000835477_1789820984493.jpg | https://images.aqar.fm/webp/750x0/props/000835473_1789820984500.jpg | https://images.aqar.fm/webp/750x0/props/000835471_1789820984676.jpg | https://images.aqar.fm/webp/750x0/props/000835477_1789820984512.jpg | https://images.aqar.fm/webp/750x0/props/000835474_1789820984684.jpg | https://images.aqar.fm/webp/750x0/props/000835472_1789820984509.jpg,8,احمد يحيى,,,2026-09-19,2026-09-26,2026-09-26,20,2026-09-27,True,"1,200,000",False,فيلا
6792549,https://sa.aqar.fm/فلل-للبيع/ابها/حي-الخالدية/شارع-56-السلام-حي-الخالدية-ابها-منطقة-عسير-6792549,فيلا للبيع في شارع 56 السلام ، حي الخالدية ، ابها ، منطقة عسير,22000000,951,5,5,2,5,حي الخالدية,ابها,حي الخالدية,منزل دورين وبدروم ومشب ومستودع خارجي للبيع بأبها حي الخالدية خلف نادي أبها الرياضي.,18.236694,42.471218,https://images.aqar.fm/webp/750x0/props/034915513_1785150977096.jpg,1,عبدالله علي عامر عسيري,,,2026-07-27,,2026-08-08,38,2026-09-27,False,طلب تسويق,False,فيلا
6761951,https://sa.aqar.fm/فلل-للبيع/ابها/حي-القرى/شارع-ابو-رواث-حي-السلام-مدينة-أبها-منطقة-عسير-6761951,"فيلا للبيع في شارع ابو رواث, حي السلام, مدينة أبها, منطقة عسير",1065000,418,9,,,0,حي القرى,ابها,حي القرى,"=====================

الدور الارضى

غرفة حارس +حوش سيارة
2.مدخل رجال+نساء
مجلس رجال مع المغسلة والحمام الخاص به
مقلط طعام +مجلس نساء كبير مع المغسلة والحمام الخاص بة
مطبخ +مستودع +غرفة غسيل
حديقة صغيرة

=====================

الدور الأول

3غرف نوم مستر مع وجود غرفة ملابس للأبوين
صالة توزيع للغرف
صالة طعام أوجلسة
بلكونة صغيرة مطله على الشارع

====================

الملحق

2غرفة نوم مستر مطلة بالكامل
صالة +
مجلس عائلى واسع
سطح خارجى كبير ينفع لأكثر من إستخدام

====================

السباكة تحويل ضمان مدى الحياة
الكهرباء التأسيس كامل للإنتهاء فنار 20سنة ضمان
المفاتيح والافياش التر لايت ضمان 20عام
مسكات الأبواب ضمان 10سنوات
السخانات خزف سعودى 5سنوات
الدرايش الألمونتال دبل كلس 5سنوات صيانة مجانية
ابواب الحديد الخارجية كلها الاكتروني الموسى 2صيانة مجانية
الأسطح والحمامات عزل كامل ضمان 10سنوات
المبنى كامل ضمان من شركة التأمين تم البناء على الكود السعودي

====================",18.244384,42.468337,https://images.aqar.fm/webp/750x0/props/046910600_1783338092707.jpg | https://images.aqar.fm/webp/750x0/props/046910604_1783338093240.jpg | https://images.aqar.fm/webp/750x0/props/046910605_1783338095389.jpg | https://images.aqar.fm/webp/750x0/props/046910609_1783338300681.jpg | https://images.aqar.fm/webp/750x0/props/046910604_1783338300958.jpg | https://images.aqar.fm/webp/750x0/props/046910606_1783338301113.jpg | https://images.aqar.fm/webp/750x0/props/046910600_1783338301390.jpg | https://images.aqar.fm/webp/750x0/props/046910601_1783338301598.jpg | https://images.aqar.fm/webp/750x0/props/046910606_1783338301838.jpg | https://images.aqar.fm/webp/750x0/props/046910601_1783338420159.jpg | https://images.aqar.fm/webp/750x0/props/046910607_1783338420510.jpg | https://images.aqar.fm/webp/750x0/props/046910604_1783338420885.jpg | https://images.aqar.fm/webp/750x0/props/046910606_1783338421345.jpg | https://images.aqar.fm/webp/750x0/props/046910603_1783338421519.jpg | https://images.aqar.fm/webp/750x0/props/046910609_1783338421782.jpg | https://images.aqar.fm/webp/750x0/props/046910600_1783338422009.jpg | https://images.aqar.fm/webp/750x0/props/046910607_1783338422268.jpg | https://images.aqar.fm/webp/750x0/props/046910603_1783338422557.jpg | https://images.aqar.fm/webp/750x0/props/046910605_1783338422758.jpg | https://images.aqar.fm/webp/750x0/props/046910605_1783338423039.jpg | https://images.aqar.fm/webp/750x0/props/046910602_1783338423236.jpg | https://images.aqar.fm/webp/750x0/props/046910606_1783338423558.jpg | https://images.aqar.fm/webp/750x0/props/046910607_1783338423998.jpg | https://images.aqar.fm/webp/750x0/props/046910607_1783338424477.jpg | https://images.aqar.fm/webp/750x0/props/046910606_1783338424878.jpg | https://images.aqar.fm/webp/750x0/props/046910602_1783338425317.jpg | https://images.aqar.fm/webp/750x0/props/046910607_1783338425710.jpg,27,حنان علي راشد الدوسري,,,2026-07-06,2026-09-02,2026-09-26,1564,2026-09-27,True,"1,065,000",False,فيلا
6882404,https://sa.aqar.fm/فلل-للبيع/ابها/حي-درة-المنسك/شارع-النرجس-حي-الصفاء-مدينة-أبها-منطقة-عسير-6882404,"فيلا للبيع في شارع النرجس, حي الصفاء, مدينة أبها, منطقة عسير",1790000,270,10,0,0,0,حي درة المنسك,ابها,حي درة المنسك,"فيلا مستقلة فاخرة ومؤثثة بالكامل للبيع حي البديع مخطط النرجس ✨

- الموقع: حي البديع مخطط النرجس 📍
- مساحة الأرض: 275م²
- مسطح البناء: 490م²
- الشارع: 15م
- أمامها مواقف عامة وجامع (خصوصية تامة من الأمام وجهة الجار)
- عمر العقار: سنة واحدة فقط والأثاث أقل من سنة
- صك إلكتروني وجميع الضمانات والتأمين
- جميع الخدمات (عداد مياه وصرف صحي)
- البناء على للكود السعودي
- مصعد راكب من المصاعد الدولية 
- كاميرات مراقبة لكامل الفيلا 

الدور الأرضي:

- جناح ماستر مع جلسة 
- غرفتين ماستر
- صالة
- مطبخ خدمة

الدور الثاني:

- غرفة ماستر
- غرفة خادمة ماستر
- غرفة غسيل
- مجلس مع دورة مياه

 السطح:
- جلسة عائلية خاصة مؤثثة ومجهزة بالكامل
الحوش:
- خزان غاز راكب وجاهز
- مظلة سيارة

البيع بحالتها الراهنة وبكامل الأثاث 

السعر: مليون و770",18.216873,42.585853,https://images.aqar.fm/webp/750x0/props/031740997_1789832818987.jpg | https://images.aqar.fm/webp/750x0/props/031740999_1789832818806.jpg | https://images.aqar.fm/webp/750x0/props/031740993_1789832818987.jpg | https://images.aqar.fm/webp/750x0/props/031740992_1789832818932.jpg | https://images.aqar.fm/webp/750x0/props/031740999_1789832818940.jpg | https://images.aqar.fm/webp/750x0/props/031740995_1789832818990.jpg | https://images.aqar.fm/webp/750x0/props/031740997_1789832818955.jpg | https://images.aqar.fm/webp/750x0/props/031740991_1789832818816.jpg,8,عبدالعزيز بن محمد بن عجلان العسيري,,,2026-09-19,2026-09-19,2026-09-19,137,2026-09-27,True,"1,790,000",False,فيلا
6768246,https://sa.aqar.fm/فلل-للبيع/ابها/حي-السروات/حي-مربه-مدينة-مندرمربة-منطقة-عسير-6768246,"فيلا للبيع في حي مربه, مدينة مندرمربة, منطقة عسير",700000,394,8,,,0,حي السروات,ابها,حي السروات,"للبيع فلا في مربه بصك اكتروني تابع لعسير طبلون الكهرباء واصل وشغال بسمي
بقبلها البنك
في المخطط امام الشرطه
قريبه من الشارع العام على شارع 20 وشارع 12 الشغل على الكود السعودي وعليه تامين فيلا مكونه من دور تحت
دور الاول
مجلس رجال 4/6
مقلط 4/5
مع دوره مياه
مجلس حريم 5/5
غرفه نوم 5/4
مطبخ 4/4
مستودع مع غرفه غسيل
صاله 7/5
الدور الثاني
غرفه نوم ريسيه 5/4
بدوره مياه كبيره
غرفه نوم 15/4
مع دوره مياه
غرفه نوم 4/4
مع دوره مياه
مطبخ
سطح
حوش
مساحه الارض 394
مساحه البناء 370",17.829756,42.362638,https://images.aqar.fm/webp/750x0/props/031224267_1783714630200.jpg | https://images.aqar.fm/webp/750x0/props/031224269_1783714630203.jpg | https://images.aqar.fm/webp/750x0/props/031224267_1783714630201.jpg | https://images.aqar.fm/webp/750x0/props/031224260_1783714630200.jpg | https://images.aqar.fm/webp/750x0/props/031224263_1783714630203.jpg | https://images.aqar.fm/webp/750x0/props/031224268_1783714630213.jpg | https://images.aqar.fm/webp/750x0/props/031224261_1783714630218.jpg | https://images.aqar.fm/webp/750x0/props/031224268_1783714630228.jpg | https://images.aqar.fm/webp/750x0/props/031224268_1783714630289.jpg | https://images.aqar.fm/webp/750x0/props/031224260_1783714630295.jpg | https://images.aqar.fm/webp/750x0/props/031224267_1783714630308.jpg | https://images.aqar.fm/webp/750x0/props/031224268_1783714630339.jpg | https://images.aqar.fm/webp/750x0/props/031224266_1783714630259.jpg | https://images.aqar.fm/webp/750x0/props/031224267_1783714630260.jpg | https://images.aqar.fm/webp/750x0/props/031224268_1783714630327.jpg | https://images.aqar.fm/webp/750x0/props/031224265_1783714630333.jpg | https://images.aqar.fm/webp/750x0/props/031224263_1783714630365.jpg | https://images.aqar.fm/webp/750x0/props/031224262_1783714630276.jpg | https://images.aqar.fm/webp/750x0/props/031224269_1783714630281.jpg | https://images.aqar.fm/webp/750x0/props/031224262_1783714630282.jpg | https://images.aqar.fm/webp/750x0/props/031224264_1783714630286.jpg | https://images.aqar.fm/webp/750x0/props/031224264_1783714630291.jpg | https://images.aqar.fm/webp/750x0/props/031224264_1783714630293.jpg | https://images.aqar.fm/webp/750x0/props/031224260_1783714630355.jpg,24,حفظى بن الحسين بن علي عسيري,,,2026-07-10,2026-07-10,2026-09-24,301,2026-09-27,True,"700,000",False,فيلا
6782993,https://sa.aqar.fm/فلل-للبيع/ابها/حي-المروج/شارع-مؤيد-الدين-الحارثي-حي-المروج-مدينة-أبها-منطقة-عسير-6782993,"فيلا للبيع في شارع مؤيد الدين الحارثي, حي المروج, مدينة أبها, منطقة عسير",2000000,528,10,0,0,10,حي المروج,ابها,حي المروج,"🏡 مواصفات الفيلا
كراج- غرفة سائق - درج داخلي
الدور الأرضي:
مجلس رجال، مختصر، ومجلس خارجي (مشب)
صالة عائلية واسعة.
مطبخ رئيسي، غرفة خادمة.
(3) دورات مياه.
الدور الثاني:
(5) غرف نوم مريحة.
صالة علوية مشتركة.
مطبخ صغير (بوفيه).
(3) دورات مياه.
مستودع
الملحق العلوي:
غرفة نوم
غرفة غسيل ملابس،
دورة مياه.
تفاصيل السعر:
السعر المطلوب
2500000
الوصف والمميزات:
مميزات الموقع العام قريب من مناطق الخدمات ومراكز التسوق والحدائق وممشى الحي والمسجد حي هادي لمن ينشد الراحة والهدوء والسكن المريح في أرقى أحياء أبها
للوصول الى الموقع امسح الباركود في الصورة",18.217812,42.554029,https://images.aqar.fm/webp/750x0/props/002051862_1784577391854.jpg | https://images.aqar.fm/webp/750x0/props/002051867_1784577391863.jpg,2,ابراهيم عمير,,,2026-07-20,2026-07-20,2026-09-16,780,2026-09-27,True,"2,000,000",False,فيلا
6861386,https://sa.aqar.fm/فلل-للبيع/ابها/حي-القرى/أبها-منطقة-عسير-6861386,"فيلا للبيع في شارع 22265443, حي السوسن, مدينة أبها, منطقة عسير",650000,430,6,6,2,0,حي القرى,ابها,حي القرى,"فله دورين مساحة البناء 430
ومساحة الارض 540
الدور الارضي/ مجلس رجال ومقلط ودورة مياه
ومجلس نساء وصاله كبيره
ومطبخ ومستودع ومصعد
الدور الثاني / ثلاث غرف نوم كل غرفه بدورة مياه
وغرفة شغاله بدورة مياه
وغرفة غسيل
وصاله مطله مع بوفيه
وحوش رجال كبير تقريبا 10 في 17
وحوش نساء تقريبا 4 في 20
شارع 30 موقع مميز جدا قريبه من شارع الثمانين والخدمات
الموقع ابها اسكان بني مالك
الخزان والبياره جاهزه
الصك حر جاهز للإفراغ",18.361987,42.51071,https://images.aqar.fm/webp/750x0/props/002949338_1788735206068.jpg,1,اسامه زيد محمد الهيلي,,,2026-09-06,2026-09-07,2026-09-06,111,2026-09-27,True,"650,000",False,فيلا
6788233,https://sa.aqar.fm/فلل-للبيع/ابها/حي-الخالدية/شارع-32-المقضي-حي-العزيزة-ابها-منطقة-عسير-6788233,فيلا للبيع في شارع 32 المقضي ، حي العزيزة ، ابها ، منطقة عسير,2400000,2600,7,5,2,12,حي الخالدية,ابها,حي الخالدية,فيلا للبيع على طريق السودة موقعها بني مغيد  قرى العزيزة,18.227972,42.439198,https://images.aqar.fm/webp/750x0/props/002649307_1784894073293.jpg | https://images.aqar.fm/webp/750x0/props/002649300_1784894073177.jpg | https://images.aqar.fm/webp/750x0/props/002649307_1784894073300.jpg | https://images.aqar.fm/webp/750x0/props/002649308_1784894073299.jpg | https://images.aqar.fm/webp/750x0/props/002649301_1784894073286.jpg,5,فراس فايع محمد عسيري,,,2026-07-24,,2026-07-24,54,2026-09-27,False,طلب تسويق,False,فيلا
6712693,https://sa.aqar.fm/فلل-للبيع/ابها/حي-المروج/شارع-شارع-الحره-حي-المروج-مدينة-أبها-منطقة-عسير-6712693,"فيلا للبيع في شارع شارع الحره, حي المروج, مدينة أبها, منطقة عسير",1390000,900,30,5,5,0,حي المروج,ابها,حي المروج,"قصر عظم للبيع بحي المروج المنسك أبها
بجوار ممشى المروج خلف جامع الشبلان مباشرة

مكون من :
فيلا مستقلة
4 شقق 

الشقق كل شقة 5 غرف وصالة ومطبخ 3 وحمامات
الفيلا دورين 

تقدر تضيف ملحق تصير 5 شقق والفيلا تصير دورين وملحق

يوجد رخصة بناء - صك محدث رقم القطعة 267 مخطط رقم 718 حي المروج

حوش كبير جداً - 3 خزانات - تقدر تضيف خزانات زيادة باقي في مساحة من الأرض 

مساحة الأرض 900 متر مربع
مسطحات البناء اكثر من 1000 متر
20 متر في عمق 45 متر 
شارع 15 واجهه جنوبية
الحي مكتمل الخدمات والبنية التحتية صرف تحلية الياف 

القيمة ممتازة والسعر غير قابل للنقاش والسعر اقل من قيمة الأرض لوحدها ورخصة البناء موجودة للي حاب يستفيد من الأرض فقط في حال الهدد 

إفراغ فوري 
العرض حصري 
يضاف 2.5٪ قيمة السعي
التواصل  واتس اب فقط",18.216289,42.560875,https://images.aqar.fm/webp/750x0/props/002126954_1780106396294.jpg | https://images.aqar.fm/webp/750x0/props/002126953_1780106396279.jpg | https://images.aqar.fm/webp/750x0/props/002126955_1780106396299.jpg | https://images.aqar.fm/webp/750x0/props/002126956_1780106396286.jpg | https://images.aqar.fm/webp/750x0/props/002126954_1780106396296.jpg | https://images.aqar.fm/webp/750x0/props/002126959_1780106396314.jpg | https://images.aqar.fm/webp/750x0/props/002126952_1780106396312.jpg | https://images.aqar.fm/webp/750x0/props/002126957_1780106400565.jpg | https://images.aqar.fm/webp/750x0/props/002126958_1780106459275.jpg | https://images.aqar.fm/webp/750x0/props/002126956_1780106455383.jpg | https://images.aqar.fm/webp/750x0/props/002126955_1780106455354.jpg | https://images.aqar.fm/webp/750x0/props/002126958_1780106455367.jpg | https://images.aqar.fm/webp/750x0/props/002126956_1780106455340.jpg | https://images.aqar.fm/webp/750x0/props/002126958_1780106455347.jpg | https://images.aqar.fm/webp/750x0/props/002126955_1780106455346.jpg,15,نواف سعيد,,,2026-05-30,2026-09-23,2026-09-23,1307,2026-09-27,True,"1,390,000",False,فيلا
6447776,https://sa.aqar.fm/فلل-للبيع/ابها/حي-المنهل/حي-شارع-الطاهر-حي-المنهل-أبها-منطقة-عسير-6447776,"فيلا للبيع في شارع الطاهر, حي المنهل, مدينة أبها, منطقة عسير",700000,350,5,4,2,11,حي المنهل,ابها,حي المنهل,"مطل على طريق الملك عبدالعزيز ( الحزام ) وقريب من وادي ابها وطريق الرياض وطريق بني مالك بمسافة دقيقتين ،،، 

بيت مكون من دورين مؤثثه الواقع بحي المنهل 
شارع عرض ١٢ متر
عمر العقار ٤٥ سنه ،، البناء قوي جدا ولايوجد اي عيوب فيه",18.226538788227106,42.51730439376856,https://images.aqar.fm/webp/750x0/props/009189030_1771996764426.jpg,1,علي محمد بن علي القحطاني,,,2025-10-31,2026-01-28,2026-09-19,7560,2026-09-27,True,"700,000",False,فيلا
6782168,https://sa.aqar.fm/فلل-للبيع/ابها/حي-القريقر/شارع-عبدالله-محمد-سعيد-ال-عواض-حي-الغدير-مدينة-أبها-منطقة-عسير-6782168,"فيلا للبيع في شارع عبدالله محمد سعيد ال عواض, حي الغدير, مدينة أبها, منطقة عسير",1200000,367,13,0,0,0,حي القريقر,ابها,حي القريقر,"للبيع فيلا دوبلكس مستقلة بصك إلكتروني مستقل في حي الغدير، بتصميم عائلي عملي وتشطيبات حديثة، تقع على شارع بعرض 20 مترًا وبواجهة غربية.

تفاصيل العقار

* مساحة الأرض: 367.50م²
* عدد غرف النوم: 6 غرف
* عدد المجالس: مجلسان
* عدد الصالات: صالتان
* عدد دورات المياه: 7 دورات مياه
* مطبخ رئيسي
* بوفيه في الدور الأول
* سطحان
* حوش ومدخل مستقل
* مغاسل مستقلة
* درج داخلي
* تأسيس مبدئي للمصعد «مرحلة أولى» دون تركيب المصعد
* صك إلكتروني مستقل
* العقار غير مفروش وجاهز للسكن

المميزات

* تشطيبات داخلية حديثة
* أرضيات بورسلان
* أسقف جبسية وإنارة مخفية
* توزيع داخلي مناسب للعائلات
* ضمان لمدة 25 سنة على تمديدات وتركيبات السباكة والكهرباء، وفق شروط ومستندات الضمان الصادرة من الجهات المنفذة

السعر

1,200,000 ريال

التفاوض بعد المعاينة وفي حدود المعقول، وتُعتمد المساحة والحدود والمواصفات النهائية وفق الصك والمخططات والمستندات الرسمية.

للتواصل وتحديد موعد المعاينة عبر الاتصال أو الواتساب.

رقم ترخيص الإعلان العقاري: 7201049605
المعلن: توق للتسويق والوساطة العقارية

((الرقم يظهر عند الضغط على اتصال))",18.2859,42.586915,https://images.aqar.fm/webp/750x0/props/005303731_1784549904493.jpg,1,خالد عبدالله ناصر الشهراني,مؤسسة مكتب توق الرسيس للخدمات العقارية,1,2026-07-20,2026-09-16,2026-09-16,659,2026-09-27,True,"1,200,000",False,فيلا
6869928,https://sa.aqar.fm/فلل-للبيع/ابها/حي-القرى/شارع-بلودان-حي-القري-مدينة-أبها-منطقة-عسير-6869928,"فيلا للبيع في شارع بلودان, حي القري, مدينة أبها, منطقة عسير",1700000,600,14,0,0,6,حي القرى,ابها,حي القرى,$5e,18.241141,42.485921,https://images.aqar.fm/webp/750x0/props/039256105_1789182792883.jpg,1,عبدالله علي حسين العثواني,,,2026-09-12,2026-09-12,2026-09-15,264,2026-09-27,True,"1,700,000",False,فيلا
6408440,https://sa.aqar.fm/فلل-للبيع/ابها/حي-الشرفية/شارع-20-الشرقية-حي-الشرقية-مدينة-ابها-منطقة-عسير-6408440,"فيلا للبيع في شارع 20 الشرقية, حي الشرقية, مدينة ابها, منطقة عسير",1700000,600,13,,,0,حي الشرفية,ابها,حي الشرفية,"للبيع فله عظم 
-سكن شخصي
-منشئه على ارض مساحتها 600م2.
-واجهه شماليه
-شارع15م.
-حي مميز ومتوفر فيه جميع الخدمات.
-مساحة البناء:٦٦٠ 
-تتكون من دورين وملحق خارجي.
*الدور الاول:
-مجلس رجال
-مقلط
-دورة مياه رجال
-مطبخ
-مستودع
-صالة واسعه
-مجلس نساء 
-دورة مياه نساء
-غرفة عامله منزليه مع دورة مياه
-مسبح 
-مصعد
-حديقه
*الدورالثاني:
-4 غرف نوم ماستر واسعه
-صاله
-غرفة جلوس
-مطبخ بوفيه
-دورة مياه تخدم الصاله وغرفه الجلوس
-سطح
*الملحق الخارجي:
-غرفه مع دورة مياه
-مدخل سياره 
السعر المطلوب(1700000)ريال",18.237627,42.517499,https://images.aqar.fm/webp/750x0/props/035173983_1734949609377.jpg | https://images.aqar.fm/webp/750x0/props/035173988_1734949609562.jpg | https://images.aqar.fm/webp/750x0/props/035173983_1734949609411.jpg | https://images.aqar.fm/webp/750x0/props/035173983_1734949609413.jpg | https://images.aqar.fm/webp/750x0/props/035173983_1734949609549.jpg | https://images.aqar.fm/webp/750x0/props/035173986_1734949609548.jpg | https://images.aqar.fm/webp/750x0/props/035173980_1734949609373.jpg | https://images.aqar.fm/webp/750x0/props/035173986_1734949609411.jpg,8,محمد علي ابراهيم ابراهيم,,,2025-10-02,2025-10-02,2026-09-21,1706,2026-09-27,True,"1,700,000",False,فيلا
6780476,https://sa.aqar.fm/فلل-للبيع/ابها/حي-المروج/شارع-كفر-الزيات-حي-المروج-مدينة-أبها-منطقة-عسير-6780476,"فيلا للبيع في شارع كفر الزيات, حي المروج, مدينة أبها, منطقة عسير",1700000,499,9,,,0,حي المروج,ابها,حي المروج,"فيلا فـاخرة للبيع 
ابها | حي المروج 
المساحة | 499م 
السعر | مليون و700
تفاصيل الفيلا 
مجلس رجال 
مقلط 
3 صالة 
مجلس نساء 
6 غرف نوم 
مطبخ 
غرفة غسيل 
غرفة شغالة 
مستودع 
7 دورات مياه 

* المميزات 
* حوش واسع 
* عداد مياه + كهرباء مستقل 
* تأمين 
* ضمانات تصل الى 25سنه 
* الياف بصرية 
* تشطيبات فاخرة",18.210003,42.559368,https://images.aqar.fm/webp/750x0/props/003222312_1784452824481.jpg,1,عبدالله سعد عبدالرحمن العمري,شركة النهضه الاسكانيه العقارية,1,2026-07-19,2026-09-15,2026-09-15,1135,2026-09-27,True,"1,700,000",False,فيلا
6840923,https://sa.aqar.fm/فلل-للبيع/ابها/حي-درة-المنسك/حي-البديع-مدينة-أبها-منطقة-عسير-6840923,"فيلا للبيع في حي البديع, مدينة أبها, منطقة عسير",3500000,929,11,0,0,8,حي درة المنسك,ابها,حي درة المنسك,"للبيع فيلا في أبها داخل النطاق العمراني.

نوع العقار:
أرض سكنية عليها عمارة قائمة.

المساحة: (٩٢٩.٧ )متر مربع.
الشوارع : شارع عرض (١٠ ) متر جنوبا.

تفاصيل العقار:
يتكون العقار من دورين
وشقتين بمدخل مستقل :
-الدور الأرضي: (٤) غرف وصاله ومطبخ و(٣) دورات مياه.
-الدور الأول : غرفة نوم مستر بدورة مياه وغرفة ملابس ، غرفتين نوم (كل غرفة بدورة مياه)،صاله مع بلكونه .
-الشقة الأولى : غرفة نوم ، صالة ، ومطبخ ، ودورة مياه.
-الشقة الثانية : غرفة نوم ، صالة ، ومطبخ ، ودورة مياه.

مميزات الموقع :
	-الموقع داخل حي سكني وقريب من الخدمات.
-يبعد عن مطار أبها (٥ ) دقائق.
-يبعد عن جامعة الملك خالد (١٠) دقائق.

السوم :   ٣٢٠٠٠٠٠ ريال.
السعر :     ٣٥٠٠٠٠٠ ريال.

رخصة الاعلان: ٧٢٠١١٠٢٤٠١
رخصة فال : ١٢٠٠٠١٤٤٤١

شركة تكامل العقارية",18.209939,42.603587,https://images.aqar.fm/webp/750x0/props/039349261_1787665924828.jpg | https://images.aqar.fm/webp/750x0/props/039349266_1787665980800.jpg | https://images.aqar.fm/webp/750x0/props/039349264_1787665980803.jpg | https://images.aqar.fm/webp/750x0/props/039349260_1787665980804.jpg | https://images.aqar.fm/webp/750x0/props/039349263_1787665980805.jpg | https://images.aqar.fm/webp/750x0/props/039349265_1787665980823.jpg | https://images.aqar.fm/webp/750x0/props/039349262_1787665980819.jpg | https://images.aqar.fm/webp/750x0/props/039349266_1787665980841.jpg | https://images.aqar.fm/webp/750x0/props/039349261_1787665980844.jpg,9,عبدالله العتيبي,شركة تكامل العقارية,1,2026-08-25,2026-08-25,2026-09-23,608,2026-09-27,True,"3,500,000",False,فيلا
6711246,https://sa.aqar.fm/فلل-للبيع/ابها/حي-القرى/شارع-المشعاب-آل-يوسف-منطقة-عسير-6711246,"فيلا للبيع في شارع المشعاب, حي المنتزة, مدينة أبها, منطقة عسير",1600000,636,7,5,3,0,حي القرى,ابها,حي القرى,"فله في سما ابها ثلاث ادوار  كامله رديفة الارض التجاريه مساحتها فوق 600 متر ومساحة الارض 314 مطله على طريق الطايف العام والنادي الرياضي الرجالي النسائي قريبه من الخدمات وحديقة سماء ابها ومستودع الغروي ومطعم البيك والكافيهات ومحطة بيكو والمستشفى العسكري 
الفله عباره عن حوش ارضي يسع لثلاث سيارات صغيره وخزان يسع لاكثر من 32 طن الدور الاول مجلس رجال بالصاله والمقلط ودورة المياه وصاله كبيره 7*4 ومجلس نساء 8*4 بدوره مياه وغرفه خادمه بدوره مياه ومطبخ صغير 
الدور الثاني غرفة نوم ماستر مطله بمكتب وغرفه ملابس ودوره مياه ومطبخ كبير   4*4.5 وصاله 5.80*5.30 وغرفة غسيل ومستودع وثلاث غرف نوم بدورات المياه 
الدور الثالث صالة كبيره مطله 7.5* 5.80 و 4 غرف نوم بدورات المياه ومطبخ صغير او غرفة غسيل  وسطح مطل على كامل مساحة الفله 
السعر مليون وستمائة الف ريال
يوجد جميع الضمانات وجميع صور مراحل البناء وتامين التعاونيه بناء على الكود السعودي وتحت اشراف مكتب البناء المنتظم
جميع كراسي الحمامات نظام دفع اليكتروني والدشوش مطريه واقفال الابواب الخارجيه ذكيه مع انتركوم",18.265253356696146,42.49851520021424,https://images.aqar.fm/webp/750x0/props/000984049_1779789427761.jpg | https://images.aqar.fm/webp/750x0/props/000984042_1779789427756.jpg | https://images.aqar.fm/webp/750x0/props/000984045_1779789427747.jpg | https://images.aqar.fm/webp/750x0/props/000984046_1779789427753.jpg | https://images.aqar.fm/webp/750x0/props/000984047_1779789427761.jpg | https://images.aqar.fm/webp/750x0/props/000984046_1779789427770.jpg | https://images.aqar.fm/webp/750x0/props/000984044_1779789427755.jpg | https://images.aqar.fm/webp/750x0/props/000984042_1779789427749.jpg | https://images.aqar.fm/webp/750x0/props/000984043_1779789502008.jpg | https://images.aqar.fm/webp/750x0/props/000984046_1779789502042.jpg | https://images.aqar.fm/webp/750x0/props/000984049_1779789502024.jpg,11,ناصر شهوان جابر القرني,,0,2026-05-26,2026-05-31,2026-09-20,1657,2026-09-27,True,"1,600,000",False,فيلا
6506039,https://sa.aqar.fm/فلل-للبيع/ابها/حي-القريقر/شارع-ذروة-حي-المحالة-لعصان-منطقة-عسير-6506039,"فيلا للبيع في شارع 22320838, حي الغدير, مدينة أبها, منطقة عسير",1595000,432,7,5,2,1,حي القريقر,ابها,حي القريقر,"موقع مميز بجوار اكبر مجمع خدمات مدارس روضه جامع. موقع هادء جدا   بناء مضمون باذن الله مساحة الارض ٤٣٢ مساحة البناء للفلة ٦٠٠ مكوناتها- ٨ غرف نوم
١ غرفة شغالة
١ غرفة سائق
١ مشب
١ غرفة غسيل
١ مجلس رجال
١ مقلط رجال
١ مجلس حريم
٢ لوبي علوي وسفلي
١٠ دورات مياه
سطح عائلي
سطح خاص بغرفه النوم الرئيسية",18.280598,42.596691,https://images.aqar.fm/webp/750x0/props/005355352_1766239210422.jpg,1,سلطان ابن سعيد ابن ناصر آل حمود,,,2025-12-14,2026-02-03,2026-07-18,2963,2026-09-27,True,"1,595,000",False,فيلا
6779780,https://sa.aqar.fm/فلل-للبيع/ابها/حي-الربوة/حي-الربوة-مدينة-أبها-منطقة-عسير-6779780,"فيلا للبيع في حي الربوة, مدينة أبها, منطقة عسير",2900000,655,16,,,11,حي الربوة,ابها,حي الربوة,"فيلا للبيع
فرصة مميزة لامتلاك فيلا في موقع مميز، بتصميم عصري وتشطيبات عالية الجودة، مناسبة للسكن العائلي أو الاستثمار.",18.206116,42.525249,https://images.aqar.fm/webp/750x0/props/012176678_1784398327140.jpg,1,سعد احمد,مؤسسة وهج الراية العقارية,1,2026-07-18,2026-07-18,2026-09-22,300,2026-09-27,True,"2,900,000",False,فيلا
6732941,https://sa.aqar.fm/فلل-للبيع/ابها/حي-المروج/شارع-محمد-بن-الجوزية-حي-المروج-مدينة-أبها-منطقة-عسير-6732941,"فيلا للبيع في شارع محمد بن الجوزية, حي المروج, مدينة أبها, منطقة عسير",2700000,700,10,5,4,9,حي المروج,ابها,حي المروج,"فيلا مؤثثة ودورين على شارعين متظاهرين 

مساحة الأرض ٧٠٠ م على شارعين متظاهرين ٢٠ م شمالي - ٢٠ م جنوبي 

مسطحات البناء ٩٠٠ متر مربع

الفيلا على شارع ٢٠ شمالي:-
الدور الأول : 
مجلس رجال - مجلس نساء 
مقلط - مطبخ ومستودع وصالة - مصعد ودرج داخلي.
حوش خارجي - مشب. 

الدور الثاني : 
صالة - ٣ غرف نوم - دورتي مياه - مجلس - مطبخ

الملحق:
غرفة خادمة بدورة مياه
غرفة غسيل ملابس. 

الدورين على شارع ٢٠ جنوبي. 
مكونات كل دور :-
٤ غرف - صالة - ٢ دورات مياه
مطبخ.

السعر 3 مليون  ريال شامل
السعي والضريبة - قابل للتفاوض

للتواصل : 
بادر العقارية ((الرقم يظهر عند الضغط على اتصال))
المحالة - الزاوية للأعمال",18.210104,42.561441,https://images.aqar.fm/webp/750x0/props/001012566_1781461206032.jpg | https://images.aqar.fm/webp/750x0/props/001012567_1781468695594.jpg | https://images.aqar.fm/webp/750x0/props/001012563_1781468695942.jpg,3,حسن علي,شركة بادر العقارية,1,2026-06-14,2026-06-14,2026-09-15,955,2026-09-27,True,"2,700,000",False,فيلا
6715797,https://sa.aqar.fm/فلل-للبيع/ابها/حي-العرين/شارع-وادي-فتح-حي-العرين-مدينة-أبها-منطقة-عسير-6715797,"فيلا للبيع في شارع وادي فتح, حي العرين, مدينة أبها, منطقة عسير",5000000,2158,15,,,11,حي العرين,ابها,حي العرين,"مساحة البناء حوالي 1100 م
الدور الارض مدخل خاص
مجلس رجال
مختصر صالة استقبال مقلط 
دورة مياه 
ممر يربط بين قسم الرجال وقسم النساء
مطبخ
دورتين مياه
مجلس حريم
صاله استقبال حريم ومدخل خاص
......
الدور الثاني 
خمس غرف نوم 
وثلاث دورات مياه
صاله جلوس
غرفة طعام
مطبخ
.....
الدور الثالث
مجلس كبير
مستودع
مطبخ
غرفة عامله
دورة مياه وغسيل
.....
غرفة سائق خارجيه
مستودع كبير 15×7
مدخل اساسي
مدخل خلفي للاحواش 
ارضيه فضاء حوالي 700متر
البيت محاط بسور كامل من جميع الاطراف",18.228698,42.524633,https://images.aqar.fm/webp/750x0/props/001383850_1780392390929.jpg | https://images.aqar.fm/webp/750x0/props/001383854_1780392390888.jpg | https://images.aqar.fm/webp/750x0/props/001383857_1780392391027.jpg | https://images.aqar.fm/webp/750x0/props/001383859_1780392391027.jpg | https://images.aqar.fm/webp/750x0/props/001383857_1780392391033.jpg | https://images.aqar.fm/webp/750x0/props/001383852_1780392391568.jpg | https://images.aqar.fm/webp/750x0/props/001383857_1780392392032.jpg | https://images.aqar.fm/webp/750x0/props/001383855_1780392392032.jpg | https://images.aqar.fm/webp/750x0/props/001383850_1780392392033.jpg | https://images.aqar.fm/webp/750x0/props/001383851_1780392392034.jpg | https://images.aqar.fm/webp/750x0/props/001383858_1780392392139.jpg | https://images.aqar.fm/webp/750x0/props/001383855_1780392392249.jpg | https://images.aqar.fm/webp/750x0/props/001383855_1780392392246.jpg | https://images.aqar.fm/webp/750x0/props/001383851_1780392392245.jpg | https://images.aqar.fm/webp/750x0/props/001383859_1780392392245.jpg | https://images.aqar.fm/webp/750x0/props/001383853_1780392392617.jpg | https://images.aqar.fm/webp/750x0/props/001383857_1780392392629.jpg | https://images.aqar.fm/webp/750x0/props/001383855_1780392392631.jpg | https://images.aqar.fm/webp/750x0/props/001383852_1780392392640.jpg | https://images.aqar.fm/webp/750x0/props/001383854_1780392392718.jpg | https://images.aqar.fm/webp/750x0/props/001383857_1780392392933.jpg | https://images.aqar.fm/webp/750x0/props/001383851_1780392393139.jpg | https://images.aqar.fm/webp/750x0/props/001383859_1780392393238.jpg | https://images.aqar.fm/webp/750x0/props/001383855_1780392393333.jpg | https://images.aqar.fm/webp/750x0/props/001383853_1780392393237.jpg | https://images.aqar.fm/webp/750x0/props/001383859_1780392393329.jpg | https://images.aqar.fm/webp/750x0/props/001383855_1780392393615.jpg | https://images.aqar.fm/webp/750x0/props/001383851_1780392393453.jpg | https://images.aqar.fm/webp/750x0/props/001383858_1780392393705.jpg | https://images.aqar.fm/webp/750x0/props/001383856_1780392393617.jpg,30,علي حسن محمد آل مرعي,,,2026-06-02,2026-06-02,2026-08-28,2180,2026-09-27,True,"5,000,000",False,فيلا
6889067,https://sa.aqar.fm/فلل-للبيع/ابها/حي-القرى/شارع-30-التعاون-حي-التعاون-مدينة-أبها-منطقة-عسير-6889067,"فيلا للبيع في شارع 30 التعاون, حي التعاون, مدينة أبها, منطقة عسير",1350000,548,5,5,3,0,حي القرى,ابها,حي القرى,"🏡✨ فيلا فاخرة للبيع | تشطيب راقٍ ومواصفات مميزة ✨🏡

🔹 التفاصيل:
• 🚪 مجلس رجال
• 🚗 مدخل سيارة داخل حوش
• 🛏️ 5 غرف نوم ماستر
• 🚿 8 دورات مياه
• 🍽️ مقلط
• ☕ بوفيه مطبخ
• 🍳 مطبخان
• 🛋️ 3 صالات واسعة
• 👩 مجلس حريم
• 🌿 جلسة خارجية مميزة مع نافورة
• 🧺 غرفة غسيل
• 👩‍🦰 غرفة خادمة خارجية
• 🌤️ سطح

✨ فيلا متكاملة تجمع بين الفخامة والخصوصية والمساحات الواسعة
📞 للتواصل والاستفسار:",18.254115,42.458418,https://images.aqar.fm/webp/750x0/props/052834578_1790244410975.jpg | https://images.aqar.fm/webp/750x0/props/052834579_1790244410988.jpg | https://images.aqar.fm/webp/750x0/props/052834578_1790244411138.jpg | https://images.aqar.fm/webp/750x0/props/052834579_1790244411140.jpg | https://images.aqar.fm/webp/750x0/props/052834576_1790244411146.jpg | https://images.aqar.fm/webp/750x0/props/052834570_1790244411315.jpg | https://images.aqar.fm/webp/750x0/props/052834578_1790244411487.jpg | https://images.aqar.fm/webp/750x0/props/052834576_1790244411650.jpg | https://images.aqar.fm/webp/750x0/props/052834575_1790244411660.jpg | https://images.aqar.fm/webp/750x0/props/052834571_1790244411832.jpg | https://images.aqar.fm/webp/750x0/props/052834570_1790244411840.jpg | https://images.aqar.fm/webp/750x0/props/052834571_1790244411849.jpg | https://images.aqar.fm/webp/750x0/props/052834578_1790244411958.jpg | https://images.aqar.fm/webp/750x0/props/052834578_1790244411956.jpg | https://images.aqar.fm/webp/750x0/props/052834573_1790244411984.jpg | https://images.aqar.fm/webp/750x0/props/052834575_1790244412073.jpg | https://images.aqar.fm/webp/750x0/props/052834577_1790244412098.jpg | https://images.aqar.fm/webp/750x0/props/052834576_1790244412133.jpg | https://images.aqar.fm/webp/750x0/props/052834571_1790244412192.jpg | https://images.aqar.fm/webp/750x0/props/052834573_1790244412204.jpg | https://images.aqar.fm/webp/750x0/props/052834578_1790244412244.jpg | https://images.aqar.fm/webp/750x0/props/052834571_1790244412291.jpg | https://images.aqar.fm/webp/750x0/props/052834575_1790244412337.jpg | https://images.aqar.fm/webp/750x0/props/052834572_1790244412359.jpg | https://images.aqar.fm/webp/750x0/props/052834573_1790244412493.jpg | https://images.aqar.fm/webp/750x0/props/052834570_1790244412582.jpg | https://images.aqar.fm/webp/750x0/props/052834577_1790244412593.jpg | https://images.aqar.fm/webp/750x0/props/052834573_1790244412640.jpg | https://images.aqar.fm/webp/750x0/props/052834578_1790244412697.jpg | https://images.aqar.fm/webp/750x0/props/052834571_1790244412724.jpg,30,امل حسين,مؤسسة أنوار داركم العقارية,1,2026-09-23,2026-09-23,2026-09-24,21,2026-09-27,True,"1,350,000",False,فيلا
6716041,https://sa.aqar.fm/فلل-للبيع/ابها/حي-القرى/حي-التعاون-مدينة-أبها-منطقة-عسير-6716041,"فيلا للبيع في حي التعاون, مدينة أبها, منطقة عسير",1300000,900,7,0,0,0,حي القرى,ابها,حي القرى,"* للبيع فيلا (عظم)بمدينة ابها - حي التعاون (المعتق)*
▪️مساحة الارض ٥٠٠ م شارع ٢٠ م وواجهه شرقيه 
▪️ عمر العقار جديد 
▪️مكونه من دورين وملحق وضيافة خارجيه
▪️المصعد مؤسس 
▪️جودة البناء ممتازه جداً وشغل شخصي 
🔻 المواصفات 🔻
🔹٤ اجنحه نوم + مطبخ مع مستودع + صالات مع اطلاله  🔹غرفة غسيل + غرفة عامله + ضيافه خارجيه 
‏ ⇦ *المميزات * ⇨
🔶 صك الكتروني محدث
🔶موقع مميز وقريب المشهد 
🔶 الحي مكتمل الخدمات
🔶 عداد كهرباء + تاسيس سباكه + تلييس خارجي كامل 
🔶خزان مياه يتسع ٣٥ طن 
🔶 صك الكتروني محدث
🔻ملاحظه العقار مرهون بمبلغ ٥٥٠ الف 🔻
🔻 سعر العقار مليون ٣٠٠ قابل لتفاوض البسيط🔻
📞لتواصل والاستفسار 0561355000
▪️ رقم المعلن (1100004197)
▪️ رقم العقد (1100004197)
▪️ رقم الترخيص (7100287334)",18.26609,42.461225,https://images.aqar.fm/webp/750x0/props/002781958_1780406082122.jpg | https://images.aqar.fm/webp/750x0/props/002781956_1780406082122.jpg,2,فاضل عبدالله فاضل القرني,,,2026-06-02,2026-06-02,2026-09-25,1071,2026-09-27,True,"1,300,000",False,فيلا
6706926,https://sa.aqar.fm/فلل-للبيع/ابها/حي-الربوة/شارع-العقيق-حي-الربوة-مدينة-أبها-منطقة-عسير-6706926,"فيلا للبيع في شارع العقيق, حي الربوة, مدينة أبها, منطقة عسير",1400000,608,10,5,3,11,حي الربوة,ابها,حي الربوة,"للبيع فيلا مميزة بحي حي الربوة بمدينة أبها
بتصميم عملي ومساحات واسعة تناسب العائلات الكبيرة والسكن المريح.
▪️ مساحة الأرض:608 م²
▪️ تتكون من دورين وملحق
▪️ إجمالي المكونات:
10 غرف – 3 صالات – 3 مطابخ – 5 دورات مياه
حوش واسع – سطحين – عدادين كهرباء
خزان أرضي سعة 60 طن
شبكة مياه وعداد ماء مستقل
تفاصيل الفيلا:
الدور الأول:
4 غرف + صالة + مطبخ + دورتين مياه
مدخل رجال مستقل ومدخل نساء مستقل
الدور الثاني:
جناح رئيسي يضم غرفة نوم وغرفة ملابس ومكتب ودورة مياه
مقلط مع بلكونة
3 غرف نوم إضافية
صالة واسعة
مطبخ أمريكي
دورة مياه ومستودع صغير
الملحق:
غرفة غسيل + صالة + مطبخ + دورة مياه + سطح
الموقع مميز وقريب من الخدمات، والفيلا مناسبة للسكن العائلي أو الاستثمار.
للتواصل والاستفسار يرجى التواصل على الخاص.",18.20709,42.526742,https://images.aqar.fm/webp/750x0/props/049314381_1779375433515.jpg | https://images.aqar.fm/webp/750x0/props/049314389_1779375437199.jpg | https://images.aqar.fm/webp/750x0/props/049314384_1779375440725.jpg | https://images.aqar.fm/webp/750x0/props/049314382_1779375444798.jpg | https://images.aqar.fm/webp/750x0/props/049314389_1779375450639.jpg | https://images.aqar.fm/webp/750x0/props/049314389_1779375455878.jpg | https://images.aqar.fm/webp/750x0/props/049314388_1779375465920.jpg | https://images.aqar.fm/webp/750x0/props/049314381_1779375475160.jpg | https://images.aqar.fm/webp/750x0/props/049314380_1779375478604.jpg | https://images.aqar.fm/webp/750x0/props/049314384_1779375482842.jpg | https://images.aqar.fm/webp/750x0/props/049314384_1779375488964.jpg | https://images.aqar.fm/webp/750x0/props/049314380_1779375495857.jpg | https://images.aqar.fm/webp/750x0/props/049314382_1779375501125.jpg,13,حاتم بن عوض بن عبدالرحمن الشهري,,,2026-05-21,2026-09-14,2026-09-14,2641,2026-09-27,True,"1,400,000",False,فيلا
6883235,https://sa.aqar.fm/فلل-للبيع/ابها/حي-القريقر/شارع-السوسن-حي-السوسن-مدينة-أبها-منطقة-عسير-6883235,"فيلا للبيع في شارع السوسن, حي السوسن, مدينة أبها, منطقة عسير",850000,500,7,0,0,0,حي القريقر,ابها,حي القريقر,$5e,18.364325,42.530229,https://images.aqar.fm/webp/750x0/props/025076463_1789877567855.jpg | https://images.aqar.fm/webp/750x0/props/025076461_1789877568273.jpg | https://images.aqar.fm/webp/750x0/props/025076463_1789877568245.jpg | https://images.aqar.fm/webp/750x0/props/025076467_1789877568244.jpg | https://images.aqar.fm/webp/750x0/props/025076467_1789877568272.jpg | https://images.aqar.fm/webp/750x0/props/025076460_1789877568246.jpg | https://images.aqar.fm/webp/750x0/props/025076467_1789877568040.jpg | https://images.aqar.fm/webp/750x0/props/025076469_1789877568051.jpg,8,احمد بن علي بن محمد العاطفي,,,2026-09-20,2026-09-20,2026-09-26,76,2026-09-27,True,"850,000",False,فيلا
6639807,https://sa.aqar.fm/فلل-للبيع/ابها/حي-الشرفية/شارع-40-الشرقية-حي-الشرقية-مدينة-أبها-منطقة-عسير-6639807,"فيلا للبيع في شارع 40 الشرقية, حي الشرقية, مدينة أبها, منطقة عسير",2300000,665,7,0,0,7,حي الشرفية,ابها,حي الشرفية,"🗯️ 🔥 فرصة تملك مميزة في أبها – حي الهيام 🔥 🗯️
🏡 للبيع دورين مؤسس ثلاث أدوار – موقع مميز وتصميم عملي

📍 الموقع: مدينة أبها – حي الهيام

⸻

📐 المواصفات الأساسية:
▪️ المساحة: 665 م²
▪️ الواجهة: شرقية على شارع 15م
▪️ عمر العقار: 7 سنوات

⸻

✨ تفاصيل العقار:

🔹 الدور الأرضي:
▪️ مجلس رجال + دورة مياه
▪️ مجلس نساء + دورة مياه
▪️ مقلط
▪️ مطبخ + مخزن
▪️ غرفة ماستر 
▪️ صالة واسعة
▪️ مدخلين (رجال / نساء)
▪️ مشب خارجي
▪️ غرفة سائق + مطبخ + دورة مياه

🔹 الدور الأول:
▪️ صالة
▪️ مطبخ + مخزن
▪️ 4 غرف نوم (كل غرفتين بدورة مياه)
▪️ غرفة ماستر 
▪️ غرفة غسيل

⸻

💡 مميزات العقار:
▪️ مؤسس لثلاثة أدوار (قابل للتوسع والاستثمار)
▪️ توزيع عائلي متكامل وفاخر
▪️ مرافق خارجية إضافية (مشب + غرفة سائق مستقلة)
▪️ مناسب للسكن الراقي أو الاستثمار
▪️ موقع هادئ وقريب من طريق أبها – خميس مشيط

⸻

💰 المطلوب: 2,300,000 ريال

📞 للتواصل: 0542771131
📄 رخصة فال: 1100260090
📑 رقم الترخيص: 7100267346

⸻",18.243925,42.515991,https://images.aqar.fm/webp/750x0/props/038303358_1775199415981.jpg | https://images.aqar.fm/webp/750x0/props/038303350_1775199427622.jpg | https://images.aqar.fm/webp/750x0/props/038303353_1775199427653.jpg | https://images.aqar.fm/webp/750x0/props/038303355_1775199427653.jpg | https://images.aqar.fm/webp/750x0/props/038303359_1775199427647.jpg | https://images.aqar.fm/webp/750x0/props/038303356_1775199427618.jpg | https://images.aqar.fm/webp/750x0/props/038303354_1775199448457.jpg | https://images.aqar.fm/webp/750x0/props/038303350_1775199448439.jpg,8,سلوى موسى بن علي الحميد,,,2026-04-03,2026-07-28,2026-08-03,982,2026-09-27,True,"2,300,000",False,فيلا
6876619,https://sa.aqar.fm/فلل-للبيع/ابها/حي-القريقر/شارع-قسمة-حي-الغدير-مدينة-أبها-منطقة-عسير-6876619,"فيلا للبيع في شارع قسمة, حي الغدير, مدينة أبها, منطقة عسير",850000,309,6,5,2,5,حي القريقر,ابها,حي القريقر,"فيلا دبلكس للبيع
حي الغدير الدور الأول 
 مجلس رجال مع دورة مياه ومقلط 
مجلس نساء مع صاله مع دورة مياه
مطبخ 
مستودع 
2 غرف نوم وحده منها ماستر
الدور الأرضي او الملحق مكون 
من غرفتين نوم مع صاله ومستودع  ودورتين مياه
********************
‏‎*صروح فال للخدمات العقارية*",18.286119,42.591283,https://images.aqar.fm/webp/750x0/props/028591288_1789502713271.jpg,1,حسام حمد,مكتب صروح فال للخدمات العقارية,1,2026-09-15,2026-09-15,2026-09-15,200,2026-09-27,True,"850,000",False,فيلا
6797509,https://sa.aqar.fm/فلل-للبيع/ابها/حي-السروات/حي-الحريضه-مدينة-الحريضه-منطقة-عسير-6797509,"فيلا للبيع في حي الحريضه, مدينة الحريضه, منطقة عسير",600000,600,8,,,1,حي السروات,ابها,حي السروات,"الدور الارضي ثلاث غرف مجلس رجال ومجلس نساء ومقلط وحمامين ومطبخ
الدور الثاني ثلاث غرف نوم وحده منها ماستر بحمام داخلي وصاله ودورة مياه 
الاجمالي 
ست غرف واربع دورات مياه ومطبخ وصاله مساحة الأرض 600 م مساحة البيت 200 م .",17.807356,41.930602,https://images.aqar.fm/webp/750x0/props/001383857_1785413857667.jpg | https://images.aqar.fm/webp/750x0/props/001383857_1785413857692.jpg | https://images.aqar.fm/webp/750x0/props/001383855_1785413857687.jpg | https://images.aqar.fm/webp/750x0/props/001383856_1785413857771.jpg | https://images.aqar.fm/webp/750x0/props/001383858_1785413857763.jpg | https://images.aqar.fm/webp/750x0/props/001383851_1785413857901.jpg,6,علي حسن محمد آل مرعي,,,2026-07-30,2026-07-30,2026-08-28,171,2026-09-27,True,"600,000",False,فيلا
6674083,https://sa.aqar.fm/فلل-للبيع/ابها/حي-المروج/شارع-كيلوباترا-حي-المروج-مدينة-أبها-منطقة-عسير-6674083,"فيلا للبيع في شارع كيلوباترا, حي المروج, مدينة أبها, منطقة عسير",900000,330,9,0,0,11,حي المروج,ابها,حي المروج,"إعلان عقاري – فيلا سكنية للبيع

📍 الموقع: حي المروج
📐 المساحة: 330 متر مربع

فيلا سكنية مميزة بتصميم عملي وتفاصيل مدروسة، مناسبة للسكن العائلي، تقع في موقع هادئ ومخدوم.

تفاصيل العقار:

🔹 الدور الأرضي:
	•	مجلسين
	•	مقلط
	•	صالة (مختصر)
	•	مطبخ

🔹 الدور الأول:
	•	صالة عائلية واسعة
	•	3 غرف نوم مطلة على الشارع بدورة مياه مشتركة
	•	جناح خاص (غرفة نوم بدورة مياه مستقلة)
	•	مطبخ إضافي
	•	مستودع
	•	غرفة إضافية

🔹 المميزات:
	•	إجمالي 3 دورات مياه
	•	درج جانبي (يوفر خصوصية عالية)
	•	مدخلين مستقلين (رجال / نساء)
	•	توزيع مثالي للمساحات
	•	مناسب للسكن العائلي أو الاستثمار",18.217448,42.55991,https://images.aqar.fm/webp/750x0/props/046303608_1777405519295.jpg | https://images.aqar.fm/webp/750x0/props/046303608_1777405519285.jpg | https://images.aqar.fm/webp/750x0/props/046303600_1777405519313.jpg | https://images.aqar.fm/webp/750x0/props/046303607_1777405519332.jpg | https://images.aqar.fm/webp/750x0/props/046303602_1777405519297.jpg | https://images.aqar.fm/webp/750x0/props/046303603_1777405519303.jpg | https://images.aqar.fm/webp/750x0/props/046303601_1777405519300.jpg | https://images.aqar.fm/webp/750x0/props/046303600_1777405519313.jpg,8,سلوى محمد مسفر آل داهش,شركة سديم الريادة التجارية,1,2026-04-28,2026-04-28,2026-08-22,1817,2026-09-27,True,"900,000",False,فيلا
6739728,https://sa.aqar.fm/فلل-للبيع/ابها/حي-القريقر/شارع-المشيريف-حي-المحالة-ابها-منطقة-عسير-6739728,"فيلا للبيع في شارع 000, حي النعمان, مدينة أبها, منطقة عسير",2500000,684,7,5,2,10,حي القريقر,ابها,حي القريقر,"فله درج داخلي مودرن واجهات حجر احواش واسعه شارعين باركنق سياره ارضيات رخام مؤسس مصعد مرممة بالكامل شبه جديده
اربعه عدادات كهرباء 
للبيع",18.249159070840246,42.57101739592709,https://images.aqar.fm/webp/750x0/props/007927260_1781906185386.jpg | https://images.aqar.fm/webp/750x0/props/007927267_1781906185307.jpg | https://images.aqar.fm/webp/750x0/props/007927263_1781906185408.jpg | https://images.aqar.fm/webp/750x0/props/007927261_1781906185398.jpg | https://images.aqar.fm/webp/750x0/props/007927261_1781906185313.jpg | https://images.aqar.fm/webp/750x0/props/007927262_1781906185302.jpg | https://images.aqar.fm/webp/750x0/props/007927260_1781906185321.jpg,7,فهد سعد يحي العمري,,,2026-06-19,2026-06-28,2026-09-25,980,2026-09-27,True,"2,500,000",False,فيلا
6890143,https://sa.aqar.fm/فلل-للبيع/ابها/حي-القرى/شارع-30-التعاون-حي-التعاون-مدينة-أبها-منطقة-عسير-6890143,"فيلا للبيع في شارع 30 التعاون, حي التعاون, مدينة أبها, منطقة عسير",1350000,548,9,7,3,0,حي القرى,ابها,حي القرى,"🏡✨ فيلا فاخرة للبيع | تشطيب راقٍ ومواصفات مميزة ✨🏡

🔹 التفاصيل:
• 🚪 مجلس رجال
• 🚗 مدخل سيارة داخل حوش
• 🛏️ 5 غرف نوم ماستر
• 🚿 8 دورات مياه
• 🍽️ مقلط
• ☕ بوفيه مطبخ
• 🍳 مطبخان
• 🛋️ 3 صالات واسعة
• 👩 مجلس حريم
• 🌿 جلسة خارجية مميزة مع نافورة
• 🧺 غرفة غسيل
• 👩‍🦰 غرفة خادمة خارجية
• 🌤️ سطح

✨ فيلا متكاملة تجمع بين الفخامة والخصوصية والمساحات الواسعة
📞 للتواصل والاستفسار:",18.254036,42.458354,https://images.aqar.fm/webp/750x0/props/052834577_1790258984624.jpg | https://images.aqar.fm/webp/750x0/props/052834577_1790258984631.jpg | https://images.aqar.fm/webp/750x0/props/052834579_1790258984624.jpg | https://images.aqar.fm/webp/750x0/props/052834575_1790258984626.jpg | https://images.aqar.fm/webp/750x0/props/052834571_1790258984632.jpg | https://images.aqar.fm/webp/750x0/props/052834577_1790258984626.jpg | https://images.aqar.fm/webp/750x0/props/052834570_1790258984661.jpg | https://images.aqar.fm/webp/750x0/props/052834571_1790258984665.jpg | https://images.aqar.fm/webp/750x0/props/052834576_1790258984745.jpg | https://images.aqar.fm/webp/750x0/props/052834570_1790258984724.jpg | https://images.aqar.fm/webp/750x0/props/052834574_1790258984741.jpg | https://images.aqar.fm/webp/750x0/props/052834577_1790258984765.jpg | https://images.aqar.fm/webp/750x0/props/052834577_1790258984779.jpg | https://images.aqar.fm/webp/750x0/props/052834579_1790258984767.jpg | https://images.aqar.fm/webp/750x0/props/052834573_1790258984717.jpg | https://images.aqar.fm/webp/750x0/props/052834570_1790258984720.jpg | https://images.aqar.fm/webp/750x0/props/052834571_1790258984718.jpg | https://images.aqar.fm/webp/750x0/props/052834578_1790258984733.jpg | https://images.aqar.fm/webp/750x0/props/052834575_1790258984740.jpg | https://images.aqar.fm/webp/750x0/props/052834577_1790258984806.jpg | https://images.aqar.fm/webp/750x0/props/052834579_1790258984749.jpg | https://images.aqar.fm/webp/750x0/props/052834577_1790258984803.jpg | https://images.aqar.fm/webp/750x0/props/052834570_1790258984758.jpg | https://images.aqar.fm/webp/750x0/props/052834577_1790258984821.jpg | https://images.aqar.fm/webp/750x0/props/052834574_1790258984839.jpg | https://images.aqar.fm/webp/750x0/props/052834574_1790258984825.jpg | https://images.aqar.fm/webp/750x0/props/052834573_1790258984770.jpg | https://images.aqar.fm/webp/750x0/props/052834573_1790258984854.jpg,28,امل حسين,مؤسسة أنوار داركم العقارية,1,2026-09-24,2026-09-24,2026-09-26,34,2026-09-27,True,"1,350,000",False,فيلا
6665336,https://sa.aqar.fm/فلل-للبيع/ابها/حي-الربوة/شارع-شارع-جبل-رثباء-حي-الربوة-مدينة-أبها-منطقة-عسير-6665336,"فيلا للبيع في شارع شارع جبل رثباء, حي الربوة, مدينة أبها, منطقة عسير",1650000,246,10,,,10,حي الربوة,ابها,حي الربوة,"فرصة عقارية مميزة في حي النميص الأعلى بأبها
فلة + دور مستقل على شارعين
بتصميم عملي واستقلالية كاملة، حيث إن الدور منفصل عن الفلة بمداخل خاصة ومستقلة.
مواصفات العقار:
عمر العقار: 10 سنوات
مساحة الأرض: 270م²
مؤثث بأثاث فاخر
مدخل سيارة
مشب خارجي
غرفة سائق
خزانان مياه سعة كل خزان 50 طن
صرف صحي
مياه
ألياف بصرية واصلة
الموقع والخدمات: يقع العقار في حي النميص الأعلى، أحد الأحياء المميزة في أبها، ومكتمل الخدمات، وقريب من:
مدارس أولاد وبنات
مركز صحي
جامع
جميع الخدمات اليومية
الميزة الأهم: العقار مناسب للسكن العائلي أو للاستفادة من استقلالية الدور عن الفلة بشكل عملي ومميز.",18.213861,42.527086,https://images.aqar.fm/webp/750x0/props/048087161_1776847099958.jpg | https://images.aqar.fm/webp/750x0/props/048087166_1776847099995.jpg | https://images.aqar.fm/webp/750x0/props/048087164_1776847100050.jpg | https://images.aqar.fm/webp/750x0/props/048087167_1776847100088.jpg | https://images.aqar.fm/webp/750x0/props/048087167_1776847100092.jpg | https://images.aqar.fm/webp/750x0/props/048087161_1776847100152.jpg | https://images.aqar.fm/webp/750x0/props/048087162_1776847100184.jpg | https://images.aqar.fm/webp/750x0/props/048087168_1776847100273.jpg | https://images.aqar.fm/webp/750x0/props/048087166_1776847100320.jpg,9,هجدى سعيد حسن الاحمري,مؤسسة مزايا الاسكانية للتطوير العقاري,1,2026-04-22,2026-09-14,2026-09-14,1735,2026-09-27,True,"1,650,000",False,فيلا
6696202,https://sa.aqar.fm/فلل-للبيع/ابها/حي-العرين/شارع-شارع-ابن-الاعرابي-حي-العرين-مدينة-أبها-منطقة-عسير-6696202,"فيلا للبيع في شارع شارع ابن الاعرابي, حي العرين, مدينة أبها, منطقة عسير",1100000,458,7,0,0,0,حي العرين,ابها,حي العرين,"فله دورين و ملحق مدينة أبها حي العرين

مساحة البناء 485",18.239926,42.534988,https://images.aqar.fm/webp/750x0/props/013884654_1778697629631.jpg | https://images.aqar.fm/webp/750x0/props/013884653_1778697630959.jpg | https://images.aqar.fm/webp/750x0/props/013884656_1778697629637.jpg | https://images.aqar.fm/webp/750x0/props/013884659_1778697629621.jpg | https://images.aqar.fm/webp/750x0/props/013884655_1778697629634.jpg | https://images.aqar.fm/webp/750x0/props/013884658_1778697629619.jpg | https://images.aqar.fm/webp/750x0/props/013884657_1778697629639.jpg | https://images.aqar.fm/webp/750x0/props/013884655_1778697629676.jpg,8,علي بن محمد بن عبدالله آل عبدالله,,,2026-05-13,2026-07-11,2026-09-19,2174,2026-09-27,True,"1,100,000",False,فيلا
6831423,https://sa.aqar.fm/فلل-للبيع/ابها/حي-الاندلس/شارع-البقيع-حي-الأندلس-مدينة-أبها-منطقة-عسير-6831423,"فيلا للبيع في شارع البقيع, حي الأندلس, مدينة أبها, منطقة عسير",1000000,468,16,6,4,11,حي الاندلس,ابها,حي الاندلس,"عماره دورين وحوش على شارعين 

شرقي شمالي 

وملاحق ومجالس خارجيه كل دور مفصول لوحده ومناسب للتاجير السنوي 

تحتوي على اجمالي 13 غرفه و 6 دورات مياه 

المساحة 468 م 

الموقع ابها الاندلس ( سر ثبته سابقا )",18.216517,42.520339,https://images.aqar.fm/webp/750x0/props/015459253_1787158393448.jpg,1,أمنه حسن,مؤسسة تكامل الإتقان التجارية,1,2026-08-19,2026-09-17,2026-09-20,327,2026-09-27,True,"1,000,000",False,فيلا
6490193,https://sa.aqar.fm/فلل-للبيع/ابها/حي-درة-المنسك/شارع-شارع-شاهر-حي-الياقوت-مدينة-أبها-منطقة-عسير-6490193,"فيلا للبيع في شارع شارع شاهر, حي الياقوت, مدينة أبها, منطقة عسير",1600000,567,4,,,0,حي درة المنسك,ابها,حي درة المنسك,"🗯️ للبيع فيلا عظم مليسه ركنيه دورين في مدينة أبها ال غليظ حي الياقوت 🗯️
☑️ المساحهه 567 م
☑️ الواجهه غربيه شماليه ع شارع 15 م وممر 6م
🗯️ تتكون الفيلا من ……
☑️ الدور الأرضي  …..
☑️ مجلس  رجال + مقلط + مسبح
☑️ مجلس نساء + غرفة ضيافه + 2 دورة مياه 
☑️ بوفيه صغير + صاله مطله ع مسبح وحديقه
🗯️ الدور الأول يتكون من …..
☑️ غرفة نوم رئيسيه ماستر متصله بغرفة ملابس 
☑️ غرفة نوم ماستر للأولاد
☑️ غرفة نوم ماستر للبنات
☑️ صاله مطله ع السطح وع الحوش الأمامي
☑️ مطبخ رئيسي + غرفة غسيل ملابس + مستودع 
☑️ غرفة عامله ماستر 
🗯️ مميزات الفيلا …….
☑️ بناء شخصي
☑️ مؤسس بمصعد
☑️ احواش واسعه بمسبح خارجي
☑️ المتبقي ع العماره بويات ونوافذ وابواب وتركيبات
المطلوب
مــلـيــون و 600 الــف
رخصة فال 
 1100260090
الترخيص 
 7100238021",18.197603,42.64433,https://images.aqar.fm/webp/750x0/props/038303351_1764686480638.jpg | https://images.aqar.fm/webp/750x0/props/038303353_1764686480606.jpg | https://images.aqar.fm/webp/750x0/props/038303359_1764686553082.jpg | https://images.aqar.fm/webp/750x0/props/038303355_1764686553083.jpg | https://images.aqar.fm/webp/750x0/props/038303352_1764686553103.jpg | https://images.aqar.fm/webp/750x0/props/038303358_1764686553096.jpg | https://images.aqar.fm/webp/750x0/props/038303359_1764686553074.jpg | https://images.aqar.fm/webp/750x0/props/038303356_1764686553086.jpg | https://images.aqar.fm/webp/750x0/props/038303359_1764686553097.jpg | https://images.aqar.fm/webp/750x0/props/038303353_1764686553088.jpg | https://images.aqar.fm/webp/750x0/props/038303358_1764686574676.jpg | https://images.aqar.fm/webp/750x0/props/038303351_1764686574635.jpg,12,سلوى موسى بن علي الحميد,,,2025-12-02,2025-12-02,2026-07-25,855,2026-09-27,True,"1,600,000",False,فيلا
6674450,https://sa.aqar.fm/فلل-للبيع/ابها/حي-القريقر/شارع-عبدالله-محمد-سعيد-ال-عواض-حي-الغدير-مدينة-أبها-منطقة-عسير-6674450,"فيلا للبيع في شارع عبدالله محمد سعيد ال عواض, حي الغدير, مدينة أبها, منطقة عسير",2550000,560,13,,,6,حي القريقر,ابها,حي القريقر,"♦️ فلة للبيع .. مع *( بعض الأثاث الراقي )*
🔹 أبها .. المحالة  .. أمام الإذاعة تماما وفي أعلى قمة ويطل من الجهة الجنوبية على أبها وخميس مشيط 
🔹 مساحة الأرض 560 م٢
🔹 الشارع شمالي وعرضه 20 م
♦️ مكونات الفلة ...
▪️ الملحق ....
* 3 غرف 
* غرفه ملابس 
* وحمامين 
* وسطح واسع

▪️الدور الاول 
* 2 غرفه ماستر 
* مركب جاكوزي في القسم الخاص
* صالتين ( 2 ) 
* غرفة نوم وحمام 
* مطل ببلكونه 
* مطبخ بوفيه مفتوح 

▪️ الدور الأرضي ( الإستقبال )
* صالة
* مطبخ  ببلكونه سقف ( لسكان شفاف ) ويفتح الباب على الحوش المزروع
*  مستودع  للمطبخ 
* مجلس رجال ودورة مياه ومغاسل مستقلة 
* مقلط 
* مجلس نساء بدورة مياه مستقلة ومغاسل
🚩 ثلاث مداخل للفلة وهم مدخلين رجال ونساء والثالث مدخل خدمة

▪️ البدروم ...
* غرفه ماستر 
* مطبخ أو غرفة غسيل ( حسب رغبة الإستخدام لأحدهما )
مستودع 
*  مدخل خارجي للبادروم

♦️ حوش ومدخل سيارة ويوجد شلال صناعي
♦️ غرفة خارجية كبيرة ( أو ضيافة خارجية مختصرة )
♦️ غرفة سواق بدورة مياه والباب خارج الفيلا 
♦️ مصعد راكب وشغال من دور الإستقبال إلى الملحق ( 3 أداور المصعد )
♦️ الفيلا ذات استقلالية ولا يوجد كشف عليها
♦️ البدروم كاملا على مساحة المبنى وبنوافذ مفتوحة على الحوش الأرضي
♦️ الفلة ذات واجهة مطلة كاملة من جهة الجنوب على أبها وخميس مشيط وهي قسم غرف النوم ذات النوافذ الكبيرة والصالات وبخصوصية تامة دون كشف
♦️ الأثاث من مصر .. من دمياط وتفصيل شخصي وهي في الصالات وبالديكورات وطاولات الطعام والجداريات والبوفيه والمدخل

المسوق العقاري  / أحمد الشهري 
ج /   
رخصة فال 1100287923
رخصة الإعلان 7100277200",18.290371,42.58937,https://images.aqar.fm/webp/750x0/props/016974022_1777437159455.jpg | https://images.aqar.fm/webp/750x0/props/016974029_1777437157409.jpg | https://images.aqar.fm/webp/750x0/props/016974026_1777437157784.jpg | https://images.aqar.fm/webp/750x0/props/016974024_1777437158029.jpg | https://images.aqar.fm/webp/750x0/props/016974022_1777437158031.jpg | https://images.aqar.fm/webp/750x0/props/016974025_1777437158031.jpg | https://images.aqar.fm/webp/750x0/props/016974022_1777437158043.jpg | https://images.aqar.fm/webp/750x0/props/016974027_1777437158250.jpg | https://images.aqar.fm/webp/750x0/props/016974027_1777437158250.jpg | https://images.aqar.fm/webp/750x0/props/016974021_1777437158251.jpg | https://images.aqar.fm/webp/750x0/props/016974028_1777437158252.jpg | https://images.aqar.fm/webp/750x0/props/016974020_1777437158352.jpg | https://images.aqar.fm/webp/750x0/props/016974025_1777437158641.jpg | https://images.aqar.fm/webp/750x0/props/016974021_1777437158641.jpg | https://images.aqar.fm/webp/750x0/props/016974027_1777437158639.jpg | https://images.aqar.fm/webp/750x0/props/016974028_1777437158868.jpg | https://images.aqar.fm/webp/750x0/props/016974020_1777437159168.jpg | https://images.aqar.fm/webp/750x0/props/016974026_1777437159168.jpg | https://images.aqar.fm/webp/750x0/props/016974029_1777437159136.jpg | https://images.aqar.fm/webp/750x0/props/016974024_1777437159171.jpg | https://images.aqar.fm/webp/750x0/props/016974024_1777437159315.jpg | https://images.aqar.fm/webp/750x0/props/016974024_1777437159454.jpg | https://images.aqar.fm/webp/750x0/props/016974027_1777437159607.jpg | https://images.aqar.fm/webp/750x0/props/016974024_1777437159453.jpg | https://images.aqar.fm/webp/750x0/props/016974024_1777437159955.jpg,25,احمد معيض محمد الشهري,,,2026-04-29,2026-04-29,2026-09-19,306,2026-09-27,True,"2,550,000",False,فيلا
6671822,https://sa.aqar.fm/فلل-للبيع/ابها/حي-القريقر/شارع-شعب-نجد-حي-الغدير-مدينة-أبها-منطقة-عسير-6671822,"فيلا للبيع في شارع شعب نجد, حي الغدير, مدينة أبها, منطقة عسير",920000,319,8,,,0,حي القريقر,ابها,حي القريقر,"كود 26
 فلل مشروع قرطبه - شركة روز تاور العقاريه 
مداخل مستقله 
جهه شماليه
مساحة الارض 200
مساحة البناء 323
شارع عرض 10
5 غرف نوم 
1 غرفة ملابس
1 غرفة طعام
مصعد مؤسس مرحله اولي 
2 مطبخ
1 غرفة غسيل
2 غرفة معيشه
1 غرفة خادمة
1 مجلس
6 دورات مياه
***السعر 920 الف **",18.285035,42.582867,https://images.aqar.fm/webp/750x0/props/044087523_1777295787254.jpg | https://images.aqar.fm/webp/750x0/props/044087529_1777295787255.jpg | https://images.aqar.fm/webp/750x0/props/044087527_1777295787263.jpg | https://images.aqar.fm/webp/750x0/props/044087526_1777295787260.jpg | https://images.aqar.fm/webp/750x0/props/044087520_1777295787262.jpg | https://images.aqar.fm/webp/750x0/props/044087526_1777295787265.jpg | https://images.aqar.fm/webp/750x0/props/044087522_1777295787265.jpg | https://images.aqar.fm/webp/750x0/props/044087523_1777295787266.jpg | https://images.aqar.fm/webp/750x0/props/044087523_1777295787438.jpg | https://images.aqar.fm/webp/750x0/props/044087527_1777295787447.jpg | https://images.aqar.fm/webp/750x0/props/044087523_1777295787441.jpg | https://images.aqar.fm/webp/750x0/props/044087527_1777295787441.jpg | https://images.aqar.fm/webp/750x0/props/044087525_1777295787442.jpg | https://images.aqar.fm/webp/750x0/props/044087520_1777295787444.jpg | https://images.aqar.fm/webp/750x0/props/044087522_1777295787266.jpg | https://images.aqar.fm/webp/750x0/props/044087523_1777295787270.jpg | https://images.aqar.fm/webp/750x0/props/044087520_1777295787444.jpg | https://images.aqar.fm/webp/750x0/props/044087523_1777295787451.jpg | https://images.aqar.fm/webp/750x0/props/044087528_1777295787276.jpg | https://images.aqar.fm/webp/750x0/props/044087526_1777295787278.jpg,20,هدى علي عشوي العنزي,شركة جسور الثقة العالمية العقارية,1,2026-04-27,2026-05-26,2026-09-18,622,2026-09-27,True,"920,000",False,فيلا
6802159,https://sa.aqar.fm/فلل-للبيع/ابها/حي-الضباب/شارع-وادي-رملان-حي-الضباب-أبها-منطقة-عسير-6802159,"فيلا للبيع في شارع وادي رملان, حي الضباب, مدينة أبها, منطقة عسير",1520000,659,4,4,1,11,حي الضباب,ابها,حي الضباب,"🏡 فرصة عقارية مميزة – حي الضباب | أبها

📍 الموقع: حي الضباب – أبها
📐 المساحة: 659م²
🏗️ الاستخدام: سكني

فرصة مميزة لامتلاك أرض في أحد أفضل أحياء أبها، يوجد عليها بيت هدم مكوّن من دور واحد وبدروم، مما يجعلها خيارًا مثاليًا لإعادة التطوير وبناء فيلا فاخرة أو مشروع سكني استثماري.

✨ مميزات العقار:
▪️ مساحة 659م².
▪️ واجهة شمالية على شارع بعرض 29 متر.
▪️ يوجد على الأرض بيت هدم (دور واحد + بدروم).
▪️ تبعد حوالي 250 متر مشيًا عن ممشى الضباب.
▪️ قريبة من المدينة العالية وجميع الخدمات والمرافق الحيوية.
▪️ سهولة الوصول إلى الطرق الرئيسية.
▪️ مناسبة للسكن أو الاستثمار مع قيمة مستقبلية واعدة.

💎 موقع مميز يجمع بين هدوء السكن وقربه من المرافق والخدمات، مع واجهة ممتازة على شارع واسع، مما يمنح العقار قيمة سكنية واستثمارية عالية.

📞 للتواصل والاستفسار:
((الرقم يظهر عند الضغط على اتصال))",18.197887,42.505108,https://images.aqar.fm/webp/750x0/props/004986876_1785684867813.jpg | https://images.aqar.fm/webp/750x0/props/004986873_1785684867816.jpg | https://images.aqar.fm/webp/750x0/props/004986877_1785684867819.jpg,3,محمد سعد,,,2026-08-02,2026-08-02,2026-09-22,1248,2026-09-27,True,"1,520,000",False,فيلا
6690203,https://sa.aqar.fm/فلل-للبيع/ابها/حي-القريقر/شارع-غير-مسمى-حي-الغدير-مدينة-أبها-منطقة-عسير-6690203,"فيلا للبيع في شارع غير مسمى, حي الغدير, مدينة أبها, منطقة عسير",1450000,356,9,0,0,0,حي القريقر,ابها,حي القريقر,"فلة للبيع حي الغدير
  
مساحةً الارض 356متر مربع
مساحة البناء 557متر مربع 
💎الضمانات:
اشراف هندسي كامل
💎ضمان الكهربا الفنار 25 سنة
💎ضمان سباكة حراري 50 سنة
💎جميع مراحل البناء مصورة
💎ضمان على ابواب الخشب 5 سنوات
💎ضمان ابواب وشبابيك الألمنيوم 10 سنوات
💎ضمان على مفاتيح الكهرباء والافياش مدى الحياة 
💎ضمان بوابات الكراج من الموسى ثلاث سنوات
💎ضمان ابواب المصاعد عشر سنوات

💎الواجهات:
💎حجر ورخام والبوية سكيم مارمو والزجاج استراكشر.

💎تشطيبات راقية والبويات من الجزيرة وجوتن

♦️وصف المبنى
♦️الدور الأرضي:
مجلس واستقبال 
ودورة مياه ومغاسل رجال 
مقلط ضيوف 
بوفية
مجلس حريم
صالة استقبال ومجلس حريم
غرفة نوم ماستر مع دورة مياةومغاسل

♦️الدور الأول 
ثلاث غرف نوم ماستر
صالة عائلية كبير
مطبخ رئيسي مع مستودع

♦️الملحق
صالة كبيره
غرفة نوم ماستر
جناح كامل مستقل للشغالة
مغسلة ملابس
♦️السطح
♦️تاسيس المرحلة الاولى المصعد
♦️غرفة ضيافة خارجية وتصلح غرفة سائق 
♦️كراج يتسع لسيارتين
♦️حدائق خلفية وجانبية وأحواض زرع

السعر 1.400.000 قابل لتفاوض",18.292661,42.581341,https://images.aqar.fm/webp/750x0/props/052358258_1778411001448.jpg | https://images.aqar.fm/webp/750x0/props/052358251_1778411001435.jpg | https://images.aqar.fm/webp/750x0/props/052358255_1778411001455.jpg | https://images.aqar.fm/webp/750x0/props/052358256_1778411001485.jpg | https://images.aqar.fm/webp/750x0/props/052358259_1778411001482.jpg | https://images.aqar.fm/webp/750x0/props/052358251_1778411001485.jpg | https://images.aqar.fm/webp/750x0/props/052358251_1778411001497.jpg | https://images.aqar.fm/webp/750x0/props/052358254_1778411001505.jpg,8,علي جبران مداوي التليدي,شركة اضواء داركم,1,2026-05-10,2026-09-03,2026-09-03,676,2026-09-27,True,"1,450,000",False,فيلا
6706682,https://sa.aqar.fm/فلل-للبيع/ابها/حي-القريقر/شارع-منهل-اود-حي-الروضة-مدينة-أبها-منطقة-عسير-6706682,"فيلا للبيع في شارع منهل اود, حي الروضة, مدينة أبها, منطقة عسير",2750000,677,6,7,2,0,حي القريقر,ابها,حي القريقر,"🏡 فيلا فاخرة للبيع في أبها – حي الروضة

 بمساحة 677م²، بتصميم فاخر ومساحات واسعة مكونة من دورين + ملحق + مشب خارجي.

✨ تفاصيل الفيلا:
🔹 الدور الأرضي:
مجلس ومقلط رجال، صالتين نساء واسعة ومفتوحة، مطبخ مع مستودع، وغرفة كبار سن ماستر مع قسم ملابس.

🔹 الدور العلوي:
غرفة ماستر فاخرة بجلسة خاصة وقسم ملابس واسع، بالإضافة إلى 3 أجنحة نوم ماستر مستقلة، وصالة كبيرة مع مطبخ مفتوح ومستودع.

🔹 الملحق:
غرفة نوم بدورة مياه، صالة، وغرفة غسيل.

✅ مصعد
✅ موقع ممتاز جداً
✅ يبعد 3–4 دقائق عن المطار
✅ جميع الخدمات قريبة (مدارس، مساجد، جامع)

📄 رخصة فال: 1200039377
📄 ترخيص الإعلان: 7200979075",18.236296,42.623924,https://images.aqar.fm/webp/750x0/props/046102984_1790432089915.jpg,1,داود المقرن,شركة داود بن محمد المقرن,1,2026-05-21,2026-09-14,2026-09-26,1263,2026-09-27,True,"2,750,000",False,فيلا
6797532,https://sa.aqar.fm/فلل-للبيع/ابها/حي-القرى/شارع-الهواري-حي-القري-مدينة-أبها-منطقة-عسير-6797532,"فيلا للبيع في شارع الهواري, حي القري, مدينة أبها, منطقة عسير",1800000,654,7,5,3,11,حي القرى,ابها,حي القرى,"فيلا للبيع بحي القري
مكونه من دورين وملحق
4 غرف نوم
صاله ومطبخ وصالون
حديقه خارجيه
غرفه حارس
قريبه من طريق الملك عبدالعزيز",18.235292,42.494593,https://images.aqar.fm/webp/750x0/props/003187774_1785415143992.jpg | https://images.aqar.fm/webp/750x0/props/003187774_1785415144253.jpg | https://images.aqar.fm/webp/750x0/props/003187776_1785415143974.jpg | https://images.aqar.fm/webp/750x0/props/003187773_1785415143973.jpg | https://images.aqar.fm/webp/750x0/props/003187773_1785415143960.jpg | https://images.aqar.fm/webp/750x0/props/003187771_1785415143941.jpg | https://images.aqar.fm/webp/750x0/props/003187778_1785415143944.jpg | https://images.aqar.fm/webp/750x0/props/003187773_1785415143961.jpg | https://images.aqar.fm/webp/750x0/props/003187777_1785415143975.jpg | https://images.aqar.fm/webp/750x0/props/003187771_1785415143967.jpg | https://images.aqar.fm/webp/750x0/props/003187775_1785415143947.jpg | https://images.aqar.fm/webp/750x0/props/003187770_1785415143967.jpg | https://images.aqar.fm/webp/750x0/props/003187776_1785415143978.jpg | https://images.aqar.fm/webp/750x0/props/003187770_1785415143995.jpg,14,بندر ابراهيم حسن الفرشوطي,شركة سيما السعودية للخدمات العقارية,1,2026-07-30,2026-08-28,2026-09-23,643,2026-09-27,True,"1,800,000",False,فيلا
6811050,https://sa.aqar.fm/فلل-للبيع/ابها/حي-القريقر/شارع-64-الروضة-حي-الروضة-مدينة-أبها-منطقة-عسير-6811050,"فيلا للبيع في شارع 64 الروضة, حي الروضة, مدينة أبها, منطقة عسير",1500000,453,5,0,0,0,حي القريقر,ابها,حي القريقر,"فله للبيع مؤثثة بالكامل موقع مميز ومكان هادى بالقرب من ممشى الروضة بناء شخصي شهادة اتمام 
رخصة بناء",18.23966,42.633018,https://images.aqar.fm/webp/750x0/props/014951180_1786197211717.jpg | https://images.aqar.fm/webp/750x0/props/014951186_1786197211872.jpg | https://images.aqar.fm/webp/750x0/props/014951180_1786197211734.jpg | https://images.aqar.fm/webp/750x0/props/014951181_1786197211714.jpg | https://images.aqar.fm/webp/750x0/props/014951184_1786197211716.jpg | https://images.aqar.fm/webp/750x0/props/014951186_1786197211852.jpg | https://images.aqar.fm/webp/750x0/props/014951183_1786197211871.jpg,7,عبدالاله علي حسين آل عوض,شركة هامات الحديثة للعقارات,1,2026-08-08,2026-08-08,2026-09-26,1161,2026-09-27,True,"1,500,000",False,فيلا
6685043,https://sa.aqar.fm/فلل-للبيع/ابها/حي-القرى/شارع-24-الوادي-حي-الوادي-مدينة-أبها-منطقة-عسير-6685043,"فيلا للبيع في شارع 24 الوادي, حي الوادي, مدينة أبها, منطقة عسير",2500000,2706,17,,,11,حي القرى,ابها,حي القرى,"الفله دورين بمدخلين مدخل رجال غربي ومدخل نساء شرقي
الدور الاول كله استقبال
مجلس رجال ١٠ * ٦ ومقلط ٨٤ ومغاسل ودرة مياه ومجلس حريم ٦٤ بدورة مياه وصاله استقبال
ومطبخ مع مستودع له باب خارجي
وغرفتين مع دوره مياه.
وحدة مقلط نساء والثانيه مجلس مختصر
الدور الاول مؤثث كامل والمطبخ كذلك بجميع مستلزماته من قدور وصحون وغيرها وأجهزه وجميع ماذكر بحاله ممتازه جداً
الدور الثاني عدد ٥ غرف نوم ٢ اجنحة نوم كبيره بدوره مياه مستقله .
و٣ غرف بدوره مياه
وصاله كبيره جداً فيها بلكونه غربيه مطله على الطريق وعلى القريه
وغرفة غسيل مع بلكونه صغيره
ومطبخ كبير شبه جديد فيه مستودع ودرج للسطح .
الدور الثاني الصاله بالممرات مركب لها باركيه من اجود الأنواع ونظيف جداً .
تم ترميم المنزل قبل ٧ سنوات وأخص بالذكر الدور الثاني ترميم كامل .
الحوش فيه حديقه بها أشجار مثمره
وغرفتين وحده مستودع والثانيه مطبخ خارجي
ويوجد جلسه خارجيه في الحوش مطله على القريه .
وكراج كبير لخمس سيارات وخزان الماء يتسع لأكثر من ٦٠ طن .
وخزان غاز ١٠٠٠ لتر
وكذلك خارج الحوش عند البوابه يوجد غرفه سواق بدوره مياة .
واي معلومات تحتاجها حاضر .",18.29705,42.452616,https://images.aqar.fm/webp/750x0/props/000265365_1778074451213.jpg | https://images.aqar.fm/webp/750x0/props/000265361_1778074451221.jpg | https://images.aqar.fm/webp/750x0/props/000265363_1778074451214.jpg | https://images.aqar.fm/webp/750x0/props/000265369_1778074451212.jpg | https://images.aqar.fm/webp/750x0/props/000265364_1778074451219.jpg | https://images.aqar.fm/webp/750x0/props/000265362_1778074451225.jpg | https://images.aqar.fm/webp/750x0/props/000265367_1778074451223.jpg | https://images.aqar.fm/webp/750x0/props/000265360_1778074482877.jpg | https://images.aqar.fm/webp/750x0/props/000265363_1778074482874.jpg | https://images.aqar.fm/webp/750x0/props/000265360_1778074482874.jpg | https://images.aqar.fm/webp/750x0/props/000265363_1778074482883.jpg | https://images.aqar.fm/webp/750x0/props/000265360_1778074482876.jpg | https://images.aqar.fm/webp/750x0/props/000265369_1778074482885.jpg,13,عبدالعزيز عبدالله عبدالرحمن الاسمري,مؤسسة شرق ابها للخدمات العقارية,1,2026-05-06,2026-08-30,2026-08-30,1496,2026-09-27,True,"2,500,000",False,فيلا
6681071,https://sa.aqar.fm/فلل-للبيع/ابها/حي-درة-المنسك/شارع-غير-مسمى-حي-الروضة-مدينة-أبها-منطقة-عسير-6681071,"فيلا للبيع في شارع غير مسمى, حي الروضة, مدينة أبها, منطقة عسير",13000000,13320,8,0,0,0,حي درة المنسك,ابها,حي درة المنسك,"قصر للبيع 🏛
الموقع: أبها 📍
الحي: آل غليظ
مساحة الارض : 13,320
القصر مُطل على المنطقة
في اعلى مكان في المنطقة",18.218508,42.614117,https://images.aqar.fm/webp/750x0/props/012296244_1777886403146.jpg | https://images.aqar.fm/webp/750x0/props/012296240_1777886403130.jpg | https://images.aqar.fm/webp/750x0/props/012296248_1777886403146.jpg | https://images.aqar.fm/webp/750x0/props/012296243_1777886433289.jpg,4,مشعل القحطاني,,,2026-05-04,2026-07-01,2026-09-26,2329,2026-09-27,True,"13,000,000",False,فيلا
6850272,https://sa.aqar.fm/فلل-للبيع/ابها/حي-القرى/شارع-17-الوصايف-حي-الوصايف-مدينة-أبها-منطقة-عسير-6850272,"فيلا للبيع في شارع 17 الوصايف, حي الوصايف, مدينة أبها, منطقة عسير",2500000,600,12,0,0,0,حي القرى,ابها,حي القرى,"إدراك البناء العقارية 
تعلن عن / 
فلة مستقلة للبيع 
الموقع / حي الوصايف
الارض مساحتها 600 م2  20* 30
الفيلا بدروم كبير عبارة عن صالة وسيعة بطول المبنى  غرفة سائق ودورة مياه
ويوجد ثلاث مواقف سيارات
الارضي الخارج حوش وبه مجلس خارجي بدورة مياه
الارضي مجالس عدد 2 مع نوافذ كبيرة وصالة وسيعة مع مقلط وركن مطبخ
الاول 6 غرف منها ثلاث  ماستر وصالة وسيعة مع شباك كبير يطل على الحوش
الملحق المطبخ الرئيسي مع مستودع داخلي غرفة غسيل غرفة ماستر 
صالة العائلة مع نافذة كبيرة وباب زجاج تطل على السطح المغطى اغلبه بالقرميد. 
المطبخ جاهز بانتظار التركيب خشب الماني من كوزين بلس 
الابواب جاهزة للتركيب wpc 
مصعد ايطالي من المصاعد الايطالية جاهز للتركيب 
((الرقم يظهر عند الضغط على اتصال)) 
إدراك البناء العقارية 
قسم التسويق",18.243067,42.482701,https://images.aqar.fm/webp/750x0/props/001247728_1788166830530.jpg | https://images.aqar.fm/webp/750x0/props/001247723_1788166830561.jpg,2,رفيعه يحي علي عسيري,مؤسسة مكتب ادراك البناء العقارية,1,2026-08-31,2026-08-31,2026-09-19,493,2026-09-27,True,"2,500,000",False,فيلا
6539932,https://sa.aqar.fm/فلل-للبيع/ابها/حي-الضباب/شارع-النزاهة-حي-الضباب-مدينة-أبها-منطقة-عسير-6539932,"فيلا للبيع في شارع النزاهة, حي الضباب, مدينة أبها, منطقة عسير",4000000,1600,30,5,5,6,حي الضباب,ابها,حي الضباب,$5e,18.201126,42.515603,https://images.aqar.fm/webp/750x0/props/050270339_1789509696489.jpg | https://images.aqar.fm/webp/750x0/props/050270335_1789509696501.jpg | https://images.aqar.fm/webp/750x0/props/050270338_1789509744550.jpg,3,سالم القبيسي,,,2026-01-09,2026-09-01,2026-09-23,5027,2026-09-27,True,"4,000,000",False,فيلا
6719944,https://sa.aqar.fm/فلل-للبيع/ابها/حي-القريقر/شارع-73-الزين-حي-الزين-مدينة-أبها-منطقة-عسير-6719944,"فيلا للبيع في شارع 73 الزين, حي الزين, مدينة أبها, منطقة عسير",2500000,3078,8,0,0,5,حي القريقر,ابها,حي القريقر,"فيلا للبيع في أبها – بني مالك

فيلا مميزة مؤثثة بالكامل، تتميز بتصميم عملي ومساحات واسعة. تتكون من مجالس وصالات فسيحة وغرف ضيافة في الدور الأرضي، بالإضافة إلى غرف نوم في الدور العلوي مع صالة جانبية. تضم مطبخًا واسعًا وحوشًا كبيرًا يوفر مساحة مثالية للعائلة والضيافة.

للتواصل:
0554400931
0553045039
0532379364

2”}
Villa for Sale in Abha – Bani Malik

A fully furnished villa featuring a practical design and spacious living areas. The ground floor includes large reception halls, sitting rooms, and guest rooms, while the upper floor offers comfortable bedrooms with an additional family lounge. The property also includes a spacious kitchen and a large courtyard, ideal for family living and entertaining guests.

For inquiries:
0554400931
0553045039",18.343943,42.549164,https://images.aqar.fm/webp/750x0/props/003026333_1780657187367.jpg | https://images.aqar.fm/webp/750x0/props/003026333_1780657187365.jpg | https://images.aqar.fm/webp/750x0/props/003026332_1780657187291.jpg | https://images.aqar.fm/webp/750x0/props/003026338_1780657187287.jpg | https://images.aqar.fm/webp/750x0/props/003026334_1780657187293.jpg | https://images.aqar.fm/webp/750x0/props/003026335_1780657187290.jpg,6,جمعان محمد,مؤسسة شبكة الاسكان للعقارات,1,2026-06-05,2026-08-31,2026-09-13,666,2026-09-27,True,"2,500,000",False,فيلا
6779310,https://sa.aqar.fm/فلل-للبيع/ابها/حي-العرين/شارع-العرين-حي-العرين-مدينة-أبها-منطقة-عسير-6779310,"فيلا للبيع في شارع العرين, حي العرين, مدينة أبها, منطقة عسير",2500000,625,16,,,2,حي العرين,ابها,حي العرين,"فيلا مع شقتين وبدروم 
على ارض مساحتها 625 م 


تفاصيل الفيلا ♦️

مجلس رجال 
+ مقلط 
دورة مياه 
صالة عائلية 

مجلس نساء 
مع دورة مياه ومغاسل 
غرفة ضيافة 

الدور العلوي 
نوم ماستر 
صالة 
غرفتين نوم مستقلات بدوراة مياه 
غرفة نوم مع دورة مياه خارجية 
مطبخ  + غرفة غسيل 
مستودع 
مصعد ( غير مركب )


تفاصيل الشقق ♦️
الشقق ( منتهي من التاسيس واللياسة ) 
مجلس رجال 
دورة مياه ومغاسل 
مقلط 
صالة استقبال 
مطبخ + مستودع 
غرفة نوم ماستر بدورة مياه خاصة
غرفة نوم بدورة مياه خارجيه 
مصعد ( غير مركب ) 



تفاصيل البدروم ♦️
موقف سيارة 
+ غرفتين بدورة مياه 

عمر العقار سنة ونصف ♦️
منفذ على الكود السعودي 
جميع الإنشاءات تحت اشراف المالك شخصياً 
جميع المواد المستخدمة من أجواد المواد المتوفرة في السوق 
بوجد 5 عدادات كهرباء
الفيلا عداد 1 
مصعد الفيلا عداد 1
كل شقه بعداد 2 
مصعد الشقق بعداد 

البدروم مع عداد الفيلا 

يوجد عدد 3 خزان ماء 
الصرف الصحي مع الشبكة",18.237932,42.536715,https://images.aqar.fm/webp/750x0/props/001901008_1753736682748.jpg | https://images.aqar.fm/webp/750x0/props/001901004_1753736682855.jpg | https://images.aqar.fm/webp/750x0/props/001901001_1753736682725.jpg,3,محمد عامر احمد عسيري,مؤسسة مكتب راية وطني للخدمات العقارية,1,2026-07-18,2026-08-16,2026-09-26,905,2026-09-27,True,"2,500,000",False,فيلا
6662367,https://sa.aqar.fm/فلل-للبيع/ابها/حي-النصب/شارع-خالد-الازهري-حي-النصب-مدينة-أبها-منطقة-عسير-6662367,"فيلا للبيع في شارع خالد الازهري, حي النصب, مدينة أبها, منطقة عسير",784000,400,7,5,2,11,حي النصب,ابها,حي النصب,"*للبيع فيلا حي جبل شمسان بأبها*
المساحة : 400 متر 
الواجهة : شمالية شارع عرض 12م شرقية شارع عرض 10م
العمر : 30 سنة 
التفاصيل : دورين منفصله
الدور الارضي : مجلس رجال - مجلس نساء - صاله - مطبخ - 3 غرف نوم - 3 دورات مياه 
الدور الاول : مجلس رجال - مجلس نساء - صاله - مطبخ - 3 غرف نوم - 3 دورات مياه 
الموقع : https://maps.app.goo.gl/xWQVKzn9gAJKjsk4A?g_st=com.google.maps.preview.copy

البيع : 784,000﷼

البيع كاش فقط ما تقبل البنك 

نسعد بتواصلكم على الارقام التالية
((الرقم يظهر عند الضغط على اتصال))
((الرقم يظهر عند الضغط على اتصال))
((الرقم يظهر عند الضغط على اتصال))",18.221994,42.506241,https://images.aqar.fm/webp/750x0/props/010045773_1776685623430.jpg,1,عبدالعزيز عبدالرحمن حمد الغفيص,شركة رواسه المحدودة,1,2026-04-20,2026-06-17,2026-09-18,4405,2026-09-27,True,"784,000",False,فيلا
6671525,https://sa.aqar.fm/فلل-للبيع/ابها/حي-القريقر/شارع-شط-القاعة-حي-الغدير-مدينة-أبها-منطقة-عسير-6671525,"فيلا للبيع في شارع شط القاعة, حي الغدير, مدينة أبها, منطقة عسير",1300000,491,10,,,1,حي القريقر,ابها,حي القريقر,"🏡 فلتين للبيع – بناء شخصي بإشراف هندسي معتمد
📍 الموقع: المحالة – تبعد 60م عن الشارع الرئيسي
📸 مصوّر منذ بداية مرحلة البناء)
سعر الفيلا الواحده مليون 500الف ريال
المساحة:
• أرض: 600م² للفلتين
• بناء: 524م² للفلة الواحدة وفي الصك 491م²

المواصفات:
• 7 غرف نوم
• 2 صالات
• 8 دورات مياه
• شارع سكني
• مدخل سيارة
• مصعد

الدور الأول:
• مجلس رجال + صالة طعام رجال + بوفيه
• صالة داخلية بإطلالة على الحديقة الخلفية
• مجلس نساء بإطلالة على الحديقة الخلفية
• 2 دورات مياه

الدور الثاني:
• غرفة نوم رئيسية
•غرفة نوم أطفال
غرفة نوم رئيسية بإطلالة على الحديقة الخلفية
• غرفة غسيل
• مطبخ + مستودع داخلي
• 3 دورات مياه
• صالة مطلة على الحديقة + بلكونة خارجية مطلة
الدور الثالث:
• 4 غرف نوم (غرفتين مطلة)
• 2 دورات مياه
• سطح خارجي

الضمانات:
• الأدوات الصحية: 50 سنة
• الأدوات الكهربائية: 25 سنة
• عوازل داخلية وخارجية للأسطح ولدورات المياه
• موقف سيارة داخلي",18.278044,42.591869,https://images.aqar.fm/webp/750x0/props/000265365_1777289534550.jpg | https://images.aqar.fm/webp/750x0/props/000265360_1777289534545.jpg | https://images.aqar.fm/webp/750x0/props/000265360_1777289534554.jpg | https://images.aqar.fm/webp/750x0/props/000265361_1777289534551.jpg | https://images.aqar.fm/webp/750x0/props/000265362_1777289534549.jpg | https://images.aqar.fm/webp/750x0/props/000265368_1777289534550.jpg | https://images.aqar.fm/webp/750x0/props/000265368_1777289534558.jpg | https://images.aqar.fm/webp/750x0/props/000265366_1777289534558.jpg | https://images.aqar.fm/webp/750x0/props/000265360_1777289534554.jpg | https://images.aqar.fm/webp/750x0/props/000265360_1777289534559.jpg,10,عبدالعزيز عبدالله عبدالرحمن الاسمري,مؤسسة شرق ابها للخدمات العقارية,1,2026-04-27,2026-09-19,2026-09-19,1626,2026-09-27,True,"1,300,000",False,فيلا
6747305,https://sa.aqar.fm/فلل-للبيع/ابها/حي-القريقر/شارع-العمودة-الشمالية-حي-الصناعية-مدينة-أبها-منطقة-عسير-6747305,"فيلا للبيع في شارع العمودة الشمالية, حي الصناعية, مدينة أبها, منطقة عسير",1000000,515,10,,,8,حي القريقر,ابها,حي القريقر,"فله مساحه ٥١٥ علي ٣ واجهات ومن شمال ارض رقم ٣٤ جنوب برحة المسجد شرق مواقف عامه غرب شارع ١٢ مكونه من عماره عباره عن فله الدور الاول مجلس رجال مجلس نساء وبوفيه ودورتين مياه مقلط رجال وصالتين
الدور الثاني مكون من ٣ غرف نوم ماستر وغرف ملابس ومطبخ ومستودع مع صاله مطله
الدور الثالث مكون من ٢ نوم ماستر ٢ دورتين مياه مع سطح مطل مدخل لسياره وحوش ١١ في ١٨",18.273285,42.56433,https://images.aqar.fm/webp/750x0/props/000265369_1782374013786.jpg | https://images.aqar.fm/webp/750x0/props/000265368_1782374013786.jpg | https://images.aqar.fm/webp/750x0/props/000265361_1782374013786.jpg,3,عبدالعزيز عبدالله عبدالرحمن الاسمري,مؤسسة شرق ابها للخدمات العقارية,1,2026-06-25,2026-09-20,2026-09-20,1498,2026-09-27,True,"1,000,000",False,فيلا
6858991,https://sa.aqar.fm/فلل-للبيع/ابها/حي-القريقر/شارع-الطرفاء-حي-العرين-مدينة-أبها-منطقة-عسير-6858991,"فيلا للبيع في شارع الطرفاء, حي العرين, مدينة أبها, منطقة عسير",2180000,605,10,7,3,11,حي القريقر,ابها,حي القريقر,"مؤسسة املاك السلامة العقارية
نرحب بكم جميعاً
ونسعى لتقديم افضل الخدمات والعروض
ورضى العميل هدفنا الأول
خدماتنا :
١-ادارة أملاك
٢-تسويق وعرض عن العقارات
٣-عروض حصرية لجميع العقارات
٤-كتابة عقود وتوثيقها
٥-تنظيم وترتيب العقار في منصة ايجار
_________
فيلا كلاسيك بموقع مميز جداً ، تحتوي على صالونات ومجالس للرجال والنساء وصالة كبيرة جداً مع صالة طعام ، ومطبخ غير مجهز ومستودع ،ودورات مياه في الدور الأرضي ، و3 أجنحة وغرفة منفصلة و مكتب وصالة كبيرة ومطبخ كبير مع دورات مياه بالدور الأول و ملحق ضيافة وغرف غسيل وخادمات بالملحق، كما يوجد بها كراج لثلاث سيارات كبيرة مع غرفة سائق وبها ديوانية خارجية ، البناء هوردي لكامل الأسقف ، والخرسانة من شركة الحمراني ، والحديد من سابك ( تدفئة مركزية بالماء الساخن ، الزجاج والمطبخ من شركة العليان ، البلاط من توريد الملحم للبلاط ، الجبس ساقط لكامل الفيلا ، خزان 80 طن ، 3 عداد كهرباء 100 أمبير لكل عداد ، مصعد مؤسس غير راكب ، نظام السباكة وتمديد المياه توزيع مركزي تحت البلاط) عمر العقار 15 سنة",18.239215,42.55903,https://images.aqar.fm/webp/750x0/props/049054128_1788628106557.jpg | https://images.aqar.fm/webp/750x0/props/049054120_1788628106486.jpg | https://images.aqar.fm/webp/750x0/props/049054125_1788628106496.jpg | https://images.aqar.fm/webp/750x0/props/049054127_1788628106521.jpg | https://images.aqar.fm/webp/750x0/props/049054124_1788628106531.jpg | https://images.aqar.fm/webp/750x0/props/049054125_1788628106797.jpg | https://images.aqar.fm/webp/750x0/props/049054129_1788628106680.jpg | https://images.aqar.fm/webp/750x0/props/049054122_1788628106721.jpg | https://images.aqar.fm/webp/750x0/props/049054125_1788628106607.jpg | https://images.aqar.fm/webp/750x0/props/049054126_1788628106609.jpg | https://images.aqar.fm/webp/750x0/props/049054128_1788628106736.jpg | https://images.aqar.fm/webp/750x0/props/049054124_1788628106776.jpg | https://images.aqar.fm/webp/750x0/props/049054126_1788628106755.jpg | https://images.aqar.fm/webp/750x0/props/049054127_1788628106592.jpg | https://images.aqar.fm/webp/750x0/props/049054124_1788628106632.jpg,15,سالم عدرج,مؤسسة أملاك السلامة,1,2026-09-05,2026-09-05,2026-09-26,333,2026-09-27,True,"2,180,000",False,فيلا
6828910,https://sa.aqar.fm/فلل-للبيع/ابها/حي-القريقر/شارع-74-الروابي-حي-الروابي-مدينة-أبها-منطقة-عسير-6828910,"فيلا للبيع في شارع 74 الروابي, حي الروابي, مدينة أبها, منطقة عسير",950000,225,7,5,2,0,حي القريقر,ابها,حي القريقر,"فلل جديدة للبيع بالمحالة 
خلف مستشفى الولادة
دورين وملحق 
شغل فاخر ورايع 
مساحة الارض ٢٢٥ م
موقع ممتاز
قريب من جميع الخدمات",18.257889,42.610038,https://images.aqar.fm/webp/750x0/props/034308558_1788010718028.jpg,1,عبداللطيف عبدالوهاب,شركة الامتيازات العربية المحدودة,1,2026-08-18,2026-09-16,2026-09-26,854,2026-09-27,True,"950,000",False,فيلا
6675579,https://sa.aqar.fm/فلل-للبيع/ابها/حي-القريقر/حي-الغدير-مدينة-أبها-منطقة-عسير-6675579,"فيلا للبيع في حي الغدير, مدينة أبها, منطقة عسير",920000,323,7,5,0,0,حي القريقر,ابها,حي القريقر,"فيلا  مودرن للبيعبالمحاله بالقرب من إستاد المحاله خلف العثيم
للتواصل  ",18.282093,42.567421,https://images.aqar.fm/webp/750x0/props/050687656_1777486274908.jpg | https://images.aqar.fm/webp/750x0/props/050687658_1777486408119.jpg | https://images.aqar.fm/webp/750x0/props/050687653_1777486408116.jpg | https://images.aqar.fm/webp/750x0/props/050687658_1777486408292.jpg | https://images.aqar.fm/webp/750x0/props/050687651_1777486408299.jpg | https://images.aqar.fm/webp/750x0/props/050687653_1777486408272.jpg | https://images.aqar.fm/webp/750x0/props/050687658_1777486408267.jpg | https://images.aqar.fm/webp/750x0/props/050687650_1777486408308.jpg | https://images.aqar.fm/webp/750x0/props/050687659_1777486408346.jpg | https://images.aqar.fm/webp/750x0/props/050687658_1777486455585.jpg | https://images.aqar.fm/webp/750x0/props/050687657_1777486455615.jpg | https://images.aqar.fm/webp/750x0/props/050687650_1777486455659.jpg | https://images.aqar.fm/webp/750x0/props/050687650_1777486455667.jpg | https://images.aqar.fm/webp/750x0/props/050687651_1777486455666.jpg | https://images.aqar.fm/webp/750x0/props/050687653_1777486455690.jpg | https://images.aqar.fm/webp/750x0/props/050687653_1777486455819.jpg | https://images.aqar.fm/webp/750x0/props/050687656_1777486455819.jpg | https://images.aqar.fm/webp/750x0/props/050687658_1777486498899.jpg | https://images.aqar.fm/webp/750x0/props/050687658_1777486498902.jpg | https://images.aqar.fm/webp/750x0/props/050687656_1777486498934.jpg | https://images.aqar.fm/webp/750x0/props/050687657_1777486499152.jpg | https://images.aqar.fm/webp/750x0/props/050687657_1777486499090.jpg | https://images.aqar.fm/webp/750x0/props/050687651_1777486499174.jpg | https://images.aqar.fm/webp/750x0/props/050687656_1777486499182.jpg | https://images.aqar.fm/webp/750x0/props/050687654_1777486499224.jpg | https://images.aqar.fm/webp/750x0/props/050687653_1777486546014.jpg | https://images.aqar.fm/webp/750x0/props/050687657_1777486546044.jpg | https://images.aqar.fm/webp/750x0/props/050687652_1777486546026.jpg | https://images.aqar.fm/webp/750x0/props/050687657_1777486546019.jpg | https://images.aqar.fm/webp/750x0/props/050687656_1777486546028.jpg,30,سفر محمد,مؤسسة سفر محمد المرازقه,1,2026-04-29,2026-04-29,2026-05-29,344,2026-09-27,True,"920,000",False,فيلا
6753798,https://sa.aqar.fm/فلل-للبيع/ابها/حي-درة-المنسك/شارع-120-العقيق-حي-العقيق-مدينة-أبها-منطقة-عسير-6753798,"فيلا للبيع في شارع 120 العقيق, حي العقيق, مدينة أبها, منطقة عسير",2150000,750,3,5,0,11,حي درة المنسك,ابها,حي درة المنسك,$5e,18.195483,42.602023,https://images.aqar.fm/webp/750x0/props/033334347_1782820382844.jpg | https://images.aqar.fm/webp/750x0/props/033334346_1782820382845.jpg | https://images.aqar.fm/webp/750x0/props/033334349_1782820382846.jpg | https://images.aqar.fm/webp/750x0/props/033334349_1782820382852.jpg | https://images.aqar.fm/webp/750x0/props/033334345_1782820382844.jpg,5,عبدالرحمن فراج,,,2026-06-30,2026-06-30,2026-09-24,182,2026-09-27,True,"2,150,000",False,فيلا
6848620,https://sa.aqar.fm/فلل-للبيع/ابها/حي-القرى/شارع-العواد-حي-الوصايف-مدينة-أبها-منطقة-عسير-6848620,"فيلا للبيع في شارع العواد, حي الوصايف, مدينة أبها, منطقة عسير",1850000,315,8,5,3,0,حي القرى,ابها,حي القرى,"فيلا مستقله فاخرة جدا  😍 في احد ارقى احياء ابها المرتفعه بالقرب من سما ابها
مساحة الارض ٣١٥م 
مسطحات البناء ٥٩٠ م 
مصعد مؤسس مرحلة اولة 

*البدروم*
موقف سيارة وغرفة سائق ودورة مياه 

*الاول*
حوش بمدخل خاص وسيارة - مجلس رجال - مقلط - صالة - مجلس نساء - مطبخ ومستودع وغرفة عاملة ودورة مياه - 2 دورة مياه 

*الثاني*
صالة - ثلاث غرف ماستر مع بلكونة - مطبخ مختصر - دورة مياه 

*الملحق*
غرفتين ( ١ ماستر مع بلكونة) - صالة + سطح - دورة مياه - غرفة غسيل 

السعر : مليون و 850",18.250564,42.484207,https://images.aqar.fm/webp/750x0/props/034164909_1788086996968.jpg | https://images.aqar.fm/webp/750x0/props/034164904_1788087035309.jpg | https://images.aqar.fm/webp/750x0/props/034164903_1788087035427.jpg | https://images.aqar.fm/webp/750x0/props/034164903_1788087035328.jpg | https://images.aqar.fm/webp/750x0/props/034164909_1788087035329.jpg | https://images.aqar.fm/webp/750x0/props/034164909_1788087035321.jpg | https://images.aqar.fm/webp/750x0/props/034164900_1788087035361.jpg | https://images.aqar.fm/webp/750x0/props/034164908_1788087035329.jpg | https://images.aqar.fm/webp/750x0/props/034164903_1788087035322.jpg | https://images.aqar.fm/webp/750x0/props/034164900_1788087055774.jpg | https://images.aqar.fm/webp/750x0/props/034164901_1788087055774.jpg,11,ثامر محمد ابن مسفر آل سلطان,مؤسسة منازل قوت العقارية,1,2026-08-30,2026-08-30,2026-09-22,262,2026-09-27,True,"1,850,000",False,فيلا
6730828,https://sa.aqar.fm/فلل-للبيع/ابها/حي-القريقر/شارع-90-الغدير-حي-الغدير-مدينة-أبها-منطقة-عسير-6730828,"فيلا للبيع في شارع 90 الغدير, حي الغدير, مدينة أبها, منطقة عسير",920000,323,8,0,0,0,حي القريقر,ابها,حي القريقر,"فيلا المحاله
الدور الارضي:-
كراج سياره
مجلس رجال
مقلط طعام
صاله
مطبخ
٢ دوره مياه
حوش خلفي مطل علي الصاله
الدور الاول علوي :-
٣ غرف نوم
صاله
مطبخ
٢ دوره مياه
الدور الثاني :-
٢ غرفه نوم ماستر
صاله
غرفه شغاله مع دوره مياه
سطح
المساحه:-
الارض ٢٠٠ متر
مساحه البناء ٣٢٣ متر
يوجد اسانسير مؤسس مرحله اولي",18.294584,42.586732,https://images.aqar.fm/webp/750x0/props/047270042_1781352664439.jpg | https://images.aqar.fm/webp/750x0/props/047270043_1781352692519.jpg | https://images.aqar.fm/webp/750x0/props/047270040_1781352692543.jpg | https://images.aqar.fm/webp/750x0/props/047270046_1781352692536.jpg | https://images.aqar.fm/webp/750x0/props/047270047_1781352692602.jpg | https://images.aqar.fm/webp/750x0/props/047270040_1781352692540.jpg | https://images.aqar.fm/webp/750x0/props/047270048_1781352692540.jpg | https://images.aqar.fm/webp/750x0/props/047270045_1781352692536.jpg | https://images.aqar.fm/webp/750x0/props/047270044_1781352692578.jpg,9,سعيد محمد مهدي آل دجنه,مكتب اطلال الاعمار العقارية,1,2026-06-13,2026-09-08,2026-09-26,390,2026-09-27,True,"920,000",False,فيلا
6665856,https://sa.aqar.fm/فلل-للبيع/ابها/حي-القريقر/شارع-السادة-حي-الروابي-مدينة-أبها-منطقة-عسير-6665856,"فيلا للبيع في شارع السادة, حي الروابي, مدينة أبها, منطقة عسير",1400000,390,9,5,0,5,حي القريقر,ابها,حي القريقر,"فيلا للبيع بموقع مميز بمدينة سلطان مقابلها برحه ومسجد مؤثثه اثاث كامل المصعد مركب مرحلة اولى الفواتير والضمانات موجوده للفيلا تتكون من غرفت نوم في الدور الاول مغسلة وحمام مستقل
وغرفة نوم ف الدور الثاني مغسلة وحمام مستقل
 وغرفة نوم بحمام خارجي حولتها مشب
وغرفة نوم رئيسية بغرفة ملابس وبلكونه ومغسلة وحمام
الدور الأول
مجلس رجال ومقلط وحمام ومغاسل
صالة نساء مفتوحة على صالة ثانية للنساء وحمام ومغاسل 
غرفة غسيل وغرفة نوم ماستر
—-
الدور الثاني صالة كبيرة وثلاث غرف نوم منها وحدة صارت مشب

حوش كبير ف الامام ياخذ اكثر من سيارة والارتداد من جميع الاتجاهات
يوجد حديقة داخلية من صالة النساء وايضاً خزان واحد ياخذ حوالي 34طن

خلف العمارة حديقة عامة السعر مليون و400قابل للتفاوض البسيط",18.279691,42.608853,https://images.aqar.fm/webp/750x0/props/011424794_1776869218967.jpg,1,علي احمد,,,2026-04-22,2026-04-22,2026-09-22,297,2026-09-27,True,"1,400,000",False,فيلا
6656122,https://sa.aqar.fm/فلل-للبيع/ابها/حي-القريقر/حي-الغدير-مدينة-أبها-منطقة-عسير-6656122,"فيلا للبيع في حي الغدير, مدينة أبها, منطقة عسير",920000,323,5,5,2,0,حي القريقر,ابها,حي القريقر,"فيلا المحاله (حي قرطبه) 😍 
الدور الارضي:-
مدخل  سياره
مجلس رجال
مقلط طعام
صاله
مطبخ
٢ دوره مياه
حوش خلفي مطل علي الصاله
الدور الاول علوي :-
٣ غرف نوم
صاله
مطبخ
٢ دوره مياه
الدور الثاني :-
٢ غرفه نوم ماستر
صاله
غرفه شغاله مع دوره مياه
سطح
المساحه:-
الارض ٢٠٠ متر
مساحه البناء ٣٢٣ متر
يوجد مصعد مؤسس مرحله اولي
السعر :- ٩٢٠٠٠٠ الف صافي",18.294767,42.589685,https://images.aqar.fm/webp/750x0/props/034164905_1776257606762.jpg | https://images.aqar.fm/webp/750x0/props/034164900_1776257624092.jpg | https://images.aqar.fm/webp/750x0/props/034164909_1776257624107.jpg | https://images.aqar.fm/webp/750x0/props/034164902_1776257624097.jpg | https://images.aqar.fm/webp/750x0/props/034164903_1776257624077.jpg | https://images.aqar.fm/webp/750x0/props/034164907_1776257624092.jpg | https://images.aqar.fm/webp/750x0/props/034164901_1776257624147.jpg | https://images.aqar.fm/webp/750x0/props/034164903_1776257624095.jpg | https://images.aqar.fm/webp/750x0/props/034164901_1776257644773.jpg | https://images.aqar.fm/webp/750x0/props/034164907_1776257644788.jpg | https://images.aqar.fm/webp/750x0/props/034164908_1776257644771.jpg | https://images.aqar.fm/webp/750x0/props/034164906_1776257644778.jpg | https://images.aqar.fm/webp/750x0/props/034164904_1776257644767.jpg | https://images.aqar.fm/webp/750x0/props/034164909_1776257644767.jpg,14,ثامر محمد ابن مسفر آل سلطان,مؤسسة منازل قوت العقارية,1,2026-04-15,2026-09-22,2026-09-22,800,2026-09-27,True,"920,000",False,فيلا
6661685,https://sa.aqar.fm/فلل-للبيع/ابها/حي-القريقر/شارع-رزام-حي-الغدير-مدينة-أبها-منطقة-عسير-6661685,"فيلا للبيع في شارع رزام, حي الغدير, مدينة أبها, منطقة عسير",890000,323,7,0,0,0,حي القريقر,ابها,حي القريقر,"🌟 عرض عقاري مميز بمدينة أبها 🌟
🏡 فيلا مستقلة (مودرن) - دورين وملحق
📍 الموقع الاستراتيجي: أبها | حي المحالة
📊 بـيـانـات الـمـسـاحـة:
📐 مساحة الأرض: 200 م²
🏗️ مسطح البناء: 323 م²
🛡️ بـكـج الـضـمـانـات (راحة بال مطلقة):
🔐 تأمين التعاونية: لمدة 10 سنوات ضد العيوب الخفية.
🚰 السباكة: ضمان ذهبي لمدة 50 عاماً.
⚡ الكهرباء: ضمان ممتد لمدة 25 عاماً.
📋 تـقـسـيـم الـفـيـلا:
🔴 الدور الأرضي (استقبال فخم):
🛋️ مجلس ضيافة رجال + 🧼 مغاسل ودورة مياه.
🍽️ مقلط طعام أنيق.
🛋️ صالة جلوس عائلية كبيرة ومفتوحة.
🍳 مطبخ عصري 
🛗 المصعد: مؤسس (مرحلة أولى).
🔵 الدور الأول (جناح النوم):
🛋️ صالة جلوس عائلية خاصة.
🛌 غرفة نوم ماستر (جناح رئيسي) بحمام خاص.
🛌 غرفتين نوم أولاد + 🚿 دورة مياه تخدم الغرف.
🟡 الملحق (خصوصية إضافية):
🛌 غرفتين نوم إضافية.
🧹 غرفة خدمة بحمام خاص.
🚿 دورتين مياه.
🌅 سطح واسع: متنفس مثالي للجلسات الخارجية.
💰 الـسـعـر الـمـطلـوب:
💸 920,000 ريال فقط",18.286884,42.59436,https://images.aqar.fm/webp/750x0/props/000635460_1776627880338.jpg | https://images.aqar.fm/webp/750x0/props/000635463_1776627897340.jpg | https://images.aqar.fm/webp/750x0/props/000635461_1776627897367.jpg | https://images.aqar.fm/webp/750x0/props/000635467_1776627897364.jpg | https://images.aqar.fm/webp/750x0/props/000635465_1776627897369.jpg | https://images.aqar.fm/webp/750x0/props/000635463_1776627897372.jpg | https://images.aqar.fm/webp/750x0/props/000635468_1776627897363.jpg | https://images.aqar.fm/webp/750x0/props/000635468_1776627897372.jpg | https://images.aqar.fm/webp/750x0/props/000635462_1776627897370.jpg | https://images.aqar.fm/webp/750x0/props/000635462_1776627925501.jpg | https://images.aqar.fm/webp/750x0/props/000635460_1776627925509.jpg | https://images.aqar.fm/webp/750x0/props/000635463_1776627925497.jpg | https://images.aqar.fm/webp/750x0/props/000635465_1776627925496.jpg | https://images.aqar.fm/webp/750x0/props/000635465_1776627925501.jpg | https://images.aqar.fm/webp/750x0/props/000635464_1776627925497.jpg | https://images.aqar.fm/webp/750x0/props/000635464_1776627943131.jpg | https://images.aqar.fm/webp/750x0/props/000635467_1776627943132.jpg | https://images.aqar.fm/webp/750x0/props/000635467_1776627943125.jpg | https://images.aqar.fm/webp/750x0/props/000635461_1776627943142.jpg | https://images.aqar.fm/webp/750x0/props/000635468_1776627943126.jpg | https://images.aqar.fm/webp/750x0/props/000635468_1776627943123.jpg | https://images.aqar.fm/webp/750x0/props/000635469_1776627943132.jpg | https://images.aqar.fm/webp/750x0/props/000635463_1776627963411.jpg | https://images.aqar.fm/webp/750x0/props/000635462_1776627963415.jpg | https://images.aqar.fm/webp/750x0/props/000635465_1776627963430.jpg | https://images.aqar.fm/webp/750x0/props/000635466_1776627963418.jpg | https://images.aqar.fm/webp/750x0/props/000635465_1776628188256.jpg | https://images.aqar.fm/webp/750x0/props/000635461_1776628188291.jpg | https://images.aqar.fm/webp/750x0/props/000635467_1776628188266.jpg,29,سعيد ابن محمد ابن محمد العمري,مكتب خيال الأركان للعقار,1,2026-04-19,2026-09-13,2026-09-23,2995,2026-09-27,True,"890,000",False,فيلا
6665825,https://sa.aqar.fm/فلل-للبيع/ابها/حي-القريقر/شارع-السادة-حي-الروابي-مدينة-أبها-منطقة-عسير-6665825,"فيلا للبيع في شارع السادة, حي الروابي, مدينة أبها, منطقة عسير",1400000,390,7,,,5,حي القريقر,ابها,حي القريقر,"فيلا للبيع مساحة 390م دورين مستقلة جميع الخدمات واصلة عمر العقار خمس سنوات مؤثثة بالكامل 
الدور الأول  : مجلس رجال  مقلط ودورات مياه مجلس نساء مع صالة مع دوام مياه غرفة نوم ماستر 
الدور الثاني صالة كبيرة ثلاث غرف نوم  مطبخ مع مستودع 
حوش امامي يتسع لمواقف سيارات ارتداد من جميع الاتجاهات
يحد الفيلا من الخلف حديقة",18.279691,42.608853,https://images.aqar.fm/webp/750x0/props/001383857_1776867951702.jpg | https://images.aqar.fm/webp/750x0/props/001383857_1776868038282.jpg | https://images.aqar.fm/webp/750x0/props/001383854_1776868038283.jpg | https://images.aqar.fm/webp/750x0/props/001383856_1776868038327.jpg | https://images.aqar.fm/webp/750x0/props/001383855_1776868038330.jpg | https://images.aqar.fm/webp/750x0/props/001383859_1776868038752.jpg | https://images.aqar.fm/webp/750x0/props/001383856_1776868040245.jpg | https://images.aqar.fm/webp/750x0/props/001383850_1776868040222.jpg | https://images.aqar.fm/webp/750x0/props/001383855_1776868040225.jpg | https://images.aqar.fm/webp/750x0/props/001383850_1776868040243.jpg | https://images.aqar.fm/webp/750x0/props/001383850_1776868040270.jpg | https://images.aqar.fm/webp/750x0/props/001383859_1776868040455.jpg | https://images.aqar.fm/webp/750x0/props/001383852_1776868040499.jpg,13,علي حسن محمد آل مرعي,,,2026-04-22,2026-04-22,2026-08-17,297,2026-09-27,True,"1,400,000",False,فيلا
6781514,https://sa.aqar.fm/فلل-للبيع/ابها/حي-القرى/شارع-المعتق-حي-التعاون-مدينة-أبها-منطقة-عسير-6781514,"فيلا للبيع في شارع المعتق , حي التعاون, مدينة أبها, منطقة عسير",2850000,900,20,7,3,4,حي القرى,ابها,حي القرى,فلتين ودور بأبها للبيع مؤثثة حي التعاون المعتق على أرض مساحتها 900م على شارعين وحديقة مطلة على أبها موقع مميز وهادي عمر العقار 4 سنوات تشطيب راقي ثلاثة أدوار مساحة البناء 1150م وأحواش 450م  مزروعه بها أكثر من 60 شتله مثمره و30 شتله زينه ومواقف 3 عدادات كهربه 3 خزانات ماء 2 أصنصيرات ممرحله أولى عدد الغرف 16,18.271304,42.46094,https://images.aqar.fm/webp/750x0/props/016599275_1763290972633.jpg | https://images.aqar.fm/webp/750x0/props/016599272_1763290263764.jpg | https://images.aqar.fm/webp/750x0/props/016599273_1763290994230.jpg | https://images.aqar.fm/webp/750x0/props/016599273_1763291131883.jpg | https://images.aqar.fm/webp/750x0/props/016599273_1763291009640.jpg | https://images.aqar.fm/webp/750x0/props/016599278_1763291091179.jpg | https://images.aqar.fm/webp/750x0/props/016599272_1763291077631.jpg | https://images.aqar.fm/webp/750x0/props/016599279_1763290903716.jpg | https://images.aqar.fm/webp/750x0/props/016599276_1763291037373.jpg | https://images.aqar.fm/webp/750x0/props/016599274_1763291049282.jpg | https://images.aqar.fm/webp/750x0/props/016599275_1763291063182.jpg | https://images.aqar.fm/webp/750x0/props/016599272_1763291106307.jpg | https://images.aqar.fm/webp/750x0/props/016599278_1763291119218.jpg | https://images.aqar.fm/webp/750x0/props/016599270_1763291024194.jpg,14,صالح عبدالله علي آل جارالله,مؤسسة مكتب صالح عبدالله علي آل جارالله للخدمات العقارية,1,2026-07-19,2026-09-16,2026-09-26,522,2026-09-27,True,"2,850,000",False,فيلا
6742520,https://sa.aqar.fm/فلل-للبيع/ابها/حي-القرى/شارع-18-السمر-حي-السمر-مدينة-أبها-منطقة-عسير-6742520,"فيلا للبيع في شارع 18 السمر, حي السمر, مدينة أبها, منطقة عسير",3000000,900,15,0,0,5,حي القرى,ابها,حي القرى,"قصر فاخر للبيع – حي المعتق شرق أبها | موقع مرتفع وإطلالة مميزة

فرصة سكنية نادرة لعائلة تبحث عن المساحة، الخصوصية، والفخامة في أحد المواقع الهادئة والمميزة بشرق أبها، بموقع استراتيجي بين وسط أبها والسودة.

يقع القصر على أرض بمساحة 900م² وبمسطح بناء يقارب 1100م²، بتصميم عملي عبارة عن فلتين مستقلتين بالكامل + دور ضيافة فاخر مستقل، مناسب للعوائل الكبيرة أو لمن يرغب بالسكن مع المحافظة على الخصوصية.

تفاصيل العقار:

🔹 دور الضيافة (الدور الثالث):

* مجلس رجال كبير بمساحة تقريبية 12×5
* مقلط بمساحة 8×5
* 3 غرف نوم (أصغر غرفة تقريباً 4×4.5)
* 3 دورات مياه
* مطبخ صغير
* مشب مطل بجلسة وإطلالة جميلة
* مستودع صغير (تحكم كاميرات)

🔹 الدور الثاني – لكل فلة مستقلة:

* 4 غرف نوم واسعة (أصغر غرفة تقريباً 4×4 والباقي أكبر)
* 3 دورات مياه

🔹 الدور الأرضي – لكل فلة:

* مجلس نساء 6×4
* صالة استقبال واسعة 13×7
* مطبخ كبير 7×4
* دورة مياه

مميزات إضافية:

* 3 واجهات مطلة
* حوش واسع بمساحة تقريبية 450م²
* أكثر من 65 شجرة مثمرة
* 30 شجرة زينة تحيط بالسور
* مواقف سيارات تتسع لعدة سيارات
* سور كامل يحيط بالعقار
* بوابة رئيسية كهربائية
* نظام كاميرات مراقبة
* 3 عدادات كهرباء مستقلة
* خزانات مياه بسعة كبيرة
* جاري توصيل التحلية للمنزل

عقار يجمع بين المساحات الرحبة، الخصوصية، والموقع المميز بإطلالات طبيعية.

السعر: 3,000,000 ريال

⸻
محمد ال عمر 
((الرقم يظهر عند الضغط على اتصال))",18.364616,42.46554,https://images.aqar.fm/webp/750x0/props/021572070_1782083856052.jpg | https://images.aqar.fm/webp/750x0/props/021572078_1782083856127.jpg | https://images.aqar.fm/webp/750x0/props/021572070_1782083856111.jpg | https://images.aqar.fm/webp/750x0/props/021572070_1782083856104.jpg | https://images.aqar.fm/webp/750x0/props/021572070_1782083856115.jpg | https://images.aqar.fm/webp/750x0/props/021572074_1782083856129.jpg | https://images.aqar.fm/webp/750x0/props/021572074_1782083856117.jpg | https://images.aqar.fm/webp/750x0/props/021572074_1782083856126.jpg,8,محمد يحيي محمد عسيري,,,2026-06-21,2026-06-21,2026-09-26,172,2026-09-27,True,"3,000,000",False,فيلا
6685587,https://sa.aqar.fm/فلل-للبيع/ابها/حي-القريقر/شارع-غير-مسمى-حي-الغدير-مدينة-أبها-منطقة-عسير-6685587,"فيلا للبيع في شارع غير مسمى, حي الغدير, مدينة أبها, منطقة عسير",920000,323,5,,,0,حي القريقر,ابها,حي القريقر,"تبحث عن فلة جاهزة بسعر أقل من السوق فهذه فرصتك الآن 🔥
🔥 فيلل راقية للبيع | أبها – المحالة 🔥
فرصة تملك فلة فاخرة بتصميم عصري وجودة بناء عالية ✔️

📍 الموقع: أبها – حي المحالة
▫️ جهة شمالية
▫️ مداخل مستقلة
▫️ شارع عرض 10 متر

📐 المساحات
▪️ مساحة الأرض: 200م
▪️ مساحة البناء: 323م

💎 مواصفات الفيلا:
✔️ 5 غرف نوم
✔️ غرفة ملابس
✔️ غرفة طعام
✔️ مجلس استقبال
✔️ غرفتا معيشة
✔️ مطبخان
✔️ غرفة غسيل
✔️ غرفة خادمة
✔️ 6 دورات مياه
✔️ تأسيس مصعد (المرحلة الأولى)

🛡️ ضمانات قوية:
✅ تأمين التعاونية 10 سنوات
✅ سباكة 50 سنة
✅ كهرباء 25 سنة
✅ ضمانات على الأفياش والسخانات والأبواب
✅ باب البايكة بضمان

💰 السعر:
✨ 920,000 ريال صافي للمالك

📲 للتواصل واتساب:
 ",18.293422,42.587668,https://images.aqar.fm/webp/750x0/props/039661087_1778089360874.jpg | https://images.aqar.fm/webp/750x0/props/039661085_1778089360882.jpg | https://images.aqar.fm/webp/750x0/props/039661080_1778089360887.jpg | https://images.aqar.fm/webp/750x0/props/039661088_1778089360897.jpg | https://images.aqar.fm/webp/750x0/props/039661082_1778089360905.jpg | https://images.aqar.fm/webp/750x0/props/039661087_1778089360903.jpg | https://images.aqar.fm/webp/750x0/props/039661084_1778089360910.jpg | https://images.aqar.fm/webp/750x0/props/039661085_1778089360912.jpg | https://images.aqar.fm/webp/750x0/props/039661088_1778089360962.jpg | https://images.aqar.fm/webp/750x0/props/039661089_1778089360906.jpg | https://images.aqar.fm/webp/750x0/props/039661085_1778089360972.jpg | https://images.aqar.fm/webp/750x0/props/039661083_1778089360994.jpg | https://images.aqar.fm/webp/750x0/props/039661085_1778089360903.jpg | https://images.aqar.fm/webp/750x0/props/039661083_1778089360906.jpg | https://images.aqar.fm/webp/750x0/props/039661084_1778089360906.jpg | https://images.aqar.fm/webp/750x0/props/039661084_1778089360902.jpg | https://images.aqar.fm/webp/750x0/props/039661083_1778089361018.jpg,17,عائشه حسن حسين الفيفي,,,2026-05-06,2026-05-06,2026-09-15,270,2026-09-27,True,"920,000",False,فيلا
6772661,https://sa.aqar.fm/فلل-للبيع/ابها/حي-القريقر/شارع-10-الروابي-حي-الروابي-مدينة-أبها-منطقة-عسير-6772661,"فيلا للبيع في شارع 10 الروابي, حي الروابي, مدينة أبها, منطقة عسير",1050000,418,8,0,0,5,حي القريقر,ابها,حي القريقر,فله دبلكس دورين وملحق المكيفات اسبلت مركبه المطابخ مركبه خزان الغاز مركب الصرف واصل الماء واصل جميع الخدمات متوفره موقع مطل,18.260695,42.615174,https://images.aqar.fm/webp/750x0/props/015167117_1783981860676.jpg | https://images.aqar.fm/webp/750x0/props/015167118_1783981861066.jpg | https://images.aqar.fm/webp/750x0/props/015167113_1783981864948.jpg | https://images.aqar.fm/webp/750x0/props/015167118_1783981866094.jpg | https://images.aqar.fm/webp/750x0/props/015167112_1783981863949.jpg | https://images.aqar.fm/webp/750x0/props/015167117_1783981872144.jpg | https://images.aqar.fm/webp/750x0/props/015167110_1783981862082.jpg | https://images.aqar.fm/webp/750x0/props/015167119_1783981862190.jpg | https://images.aqar.fm/webp/750x0/props/015167113_1783981931668.jpg | https://images.aqar.fm/webp/750x0/props/015167110_1783981931820.jpg | https://images.aqar.fm/webp/750x0/props/015167115_1783981931935.jpg | https://images.aqar.fm/webp/750x0/props/015167112_1783981932237.jpg | https://images.aqar.fm/webp/750x0/props/015167113_1783981932386.jpg | https://images.aqar.fm/webp/750x0/props/015167110_1783981932311.jpg | https://images.aqar.fm/webp/750x0/props/015167115_1783981932285.jpg | https://images.aqar.fm/webp/750x0/props/015167112_1783981931976.jpg | https://images.aqar.fm/webp/750x0/props/015167116_1783981980170.jpg | https://images.aqar.fm/webp/750x0/props/015167112_1783981979269.jpg | https://images.aqar.fm/webp/750x0/props/015167117_1783981980155.jpg | https://images.aqar.fm/webp/750x0/props/015167115_1783981979816.jpg | https://images.aqar.fm/webp/750x0/props/015167118_1783981980126.jpg | https://images.aqar.fm/webp/750x0/props/015167110_1783981980125.jpg | https://images.aqar.fm/webp/750x0/props/015167117_1783981980129.jpg | https://images.aqar.fm/webp/750x0/props/015167116_1783981980162.jpg | https://images.aqar.fm/webp/750x0/props/015167115_1783982015138.jpg | https://images.aqar.fm/webp/750x0/props/015167115_1783982015174.jpg | https://images.aqar.fm/webp/750x0/props/015167110_1783982015172.jpg | https://images.aqar.fm/webp/750x0/props/015167119_1783982015230.jpg | https://images.aqar.fm/webp/750x0/props/015167113_1783982015248.jpg | https://images.aqar.fm/webp/750x0/props/015167111_1783982015352.jpg,30,ظافر عبدالله سعيد الاحمري,,,2026-07-13,2026-09-10,2026-09-20,868,2026-09-27,True,"1,050,000",False,فيلا
6641672,https://sa.aqar.fm/فلل-للبيع/ابها/حي-درة-المنسك/شارع-شارع-أبو-سيف-حي-الياقوت-مدينة-أبها-منطقة-عسير-6641672,"فيلا للبيع في شارع شارع أبو سيف, حي الياقوت, مدينة أبها, منطقة عسير",1350000,600,10,0,0,0,حي درة المنسك,ابها,حي درة المنسك,$5f,18.196494,42.640904,https://images.aqar.fm/webp/750x0/props/038303358_1775349218437.jpg | https://images.aqar.fm/webp/750x0/props/038303353_1775349233482.jpg | https://images.aqar.fm/webp/750x0/props/038303358_1775349233486.jpg | https://images.aqar.fm/webp/750x0/props/038303356_1775349233505.jpg | https://images.aqar.fm/webp/750x0/props/038303353_1775349233459.jpg | https://images.aqar.fm/webp/750x0/props/038303353_1775349233485.jpg | https://images.aqar.fm/webp/750x0/props/038303354_1775349233480.jpg | https://images.aqar.fm/webp/750x0/props/038303351_1775349233707.jpg | https://images.aqar.fm/webp/750x0/props/038303356_1775349233696.jpg | https://images.aqar.fm/webp/750x0/props/038303354_1775349255710.jpg | https://images.aqar.fm/webp/750x0/props/038303356_1775349255689.jpg,11,سلوى موسى بن علي الحميد,,,2026-04-05,2026-07-30,2026-08-03,876,2026-09-27,True,"1,350,000",False,فيلا
6729534,https://sa.aqar.fm/فلل-للبيع/ابها/حي-درة-المنسك/شارع-120-العقيق-حي-العقيق-مدينة-أبها-منطقة-عسير-6729534,"فيلا للبيع في شارع 120 العقيق, حي العقيق, مدينة أبها, منطقة عسير",2150000,750,8,0,0,11,حي درة المنسك,ابها,حي درة المنسك,$5b,18.195387,42.601893,https://images.aqar.fm/webp/750x0/props/008400718_1781212727182.jpg | https://images.aqar.fm/webp/750x0/props/008400717_1781212743335.jpg | https://images.aqar.fm/webp/750x0/props/008400711_1781212743334.jpg | https://images.aqar.fm/webp/750x0/props/008400716_1781212743325.jpg | https://images.aqar.fm/webp/750x0/props/008400716_1781212743336.jpg | https://images.aqar.fm/webp/750x0/props/008400718_1781212743335.jpg,6,محمد ابن هادي ابن احمد القحطاني,,,2026-06-11,2026-06-11,2026-09-01,500,2026-09-27,True,"2,150,000",False,فيلا
6756981,https://sa.aqar.fm/فلل-للبيع/ابها/حي-القرى/شارع-المنذر-ابها-منطقة-عسير-6756981,"فيلا للبيع في شارع 22297915, حي التعاون, مدينة أبها, منطقة عسير",1800000,620,7,5,5,0,حي القرى,ابها,حي القرى,(تم إزالة الوصف لاحتوائه على أكثر من وحدة عقارية),18.272467,42.465569,https://images.aqar.fm/webp/750x0/props/005315990_1782998800731.jpg | https://images.aqar.fm/webp/750x0/props/005315990_1782998800753.jpg | https://images.aqar.fm/webp/750x0/props/005315993_1782998800744.jpg | https://images.aqar.fm/webp/750x0/props/005315997_1782998800766.jpg | https://images.aqar.fm/webp/750x0/props/005315994_1782998800771.jpg | https://images.aqar.fm/webp/750x0/props/005315993_1782998800812.jpg | https://images.aqar.fm/webp/750x0/props/005315999_1782998800843.jpg | https://images.aqar.fm/webp/750x0/props/005315997_1782998800829.jpg | https://images.aqar.fm/webp/750x0/props/005315990_1783546529759.jpg | https://images.aqar.fm/webp/750x0/props/005315997_1783546550499.jpg | https://images.aqar.fm/webp/750x0/props/005315998_1783546556268.jpg,11,وضحى سعيد,,,2026-07-02,2026-07-02,2026-09-24,859,2026-09-27,True,"1,800,000",False,فيلا
6884395,https://sa.aqar.fm/فلل-للبيع/ابها/حي-القريقر/شارع-123-الروضة-حي-الروضة-مدينة-أبها-منطقة-عسير-6884395,"فيلا للبيع في شارع 123 الروضة, حي الروضة, مدينة أبها, منطقة عسير",750000,191,9,6,1,0,حي القريقر,ابها,حي القريقر,"🏡 فيلا دور أرضي وروف للبيع – أبها | الروضة او حجلا | قرى آل غليظ
قرب جامع البراء محمد الحازمي بالخريطة
موقع مميز وقريب من الخدمات
شارع 15م

📢 الإعلان عن طريق مكتب تسويق عقاري معتمد
📌 بذمة العميل المشتري او المستأجر ان يتم انهاء الشراء او تأجير العقار عن طريق المكتب المسوق للعقار

🔴 روفات علوية وأرضية بتشطيب فاخر ومداخل خاصة

🏠 الروف العلوي – اليسار
▪️ مجلس رجال
▪️ مقلط رجال
▪️ مجلس نساء
▪️ صالة عائلية
▪️ مجلس بإطلالة على السطح
▪️ 5 أجنحة نوم
▪️ مطبخ ومستودع
▪️ غرفة غسيل
▪️ 6 دورات مياه
▪️ سطح خاص

📌 مؤسس مصعد
📌 تأسيس للغاز
📌 ألياف بصرية واصلة
📌 مدخل خاص
📌 خزان خاص
📌 كهرباء خاصة لجميع الروفات

📌 بذمة العميل المشتري او المستأجر ان يتم انهاء الشراء او تأجير العقار عن طريق المكتب المسوق للعقار

💰 السعر المطلوب: 750,000 ريال

🟢 يوجد عروض اخرى بنفس المواصافات فقط اختلاف الدور الى علوي

🏢 شركة بن حمد للعقارات
الثقة نبنيها… والأمانة نحافظ عليها.

📞 للتواصل: ((الرقم يظهر عند الضغط على اتصال))
📞 للتواصل: ((الرقم يظهر عند الضغط على اتصال))",18.243816,42.629343,https://images.aqar.fm/webp/750x0/props/042480453_1789921585818.jpg | https://images.aqar.fm/webp/750x0/props/042480459_1789921576596.jpg | https://images.aqar.fm/webp/750x0/props/042480450_1789921576836.jpg | https://images.aqar.fm/webp/750x0/props/042480451_1789921576603.jpg | https://images.aqar.fm/webp/750x0/props/042480457_1789921576524.jpg | https://images.aqar.fm/webp/750x0/props/042480455_1789921576468.jpg | https://images.aqar.fm/webp/750x0/props/042480459_1789921576470.jpg | https://images.aqar.fm/webp/750x0/props/042480451_1789921576476.jpg | https://images.aqar.fm/webp/750x0/props/042480457_1789921576468.jpg | https://images.aqar.fm/webp/750x0/props/042480458_1789921576495.jpg | https://images.aqar.fm/webp/750x0/props/042480454_1789921576528.jpg | https://images.aqar.fm/webp/750x0/props/042480458_1789921576532.jpg | https://images.aqar.fm/webp/750x0/props/042480455_1789921576601.jpg | https://images.aqar.fm/webp/750x0/props/042480458_1789921576550.jpg | https://images.aqar.fm/webp/750x0/props/042480454_1789921576596.jpg | https://images.aqar.fm/webp/750x0/props/042480453_1789921576596.jpg | https://images.aqar.fm/webp/750x0/props/042480451_1789921576775.jpg | https://images.aqar.fm/webp/750x0/props/042480454_1789921576777.jpg | https://images.aqar.fm/webp/750x0/props/042480454_1789921576782.jpg | https://images.aqar.fm/webp/750x0/props/042480456_1789921576794.jpg | https://images.aqar.fm/webp/750x0/props/042480451_1789921576808.jpg | https://images.aqar.fm/webp/750x0/props/042480456_1789921576797.jpg | https://images.aqar.fm/webp/750x0/props/042480453_1789921576809.jpg | https://images.aqar.fm/webp/750x0/props/042480456_1789921576812.jpg | https://images.aqar.fm/webp/750x0/props/042480450_1789921576811.jpg | https://images.aqar.fm/webp/750x0/props/042480452_1789921576836.jpg | https://images.aqar.fm/webp/750x0/props/042480454_1789921576834.jpg | https://images.aqar.fm/webp/750x0/props/042480454_1789921576526.jpg | https://images.aqar.fm/webp/750x0/props/042480454_1789921576600.jpg | https://images.aqar.fm/webp/750x0/props/042480451_1789921576782.jpg,30,ساهمه سعيد,مؤسسة ساهمه سعيد علي شفلوت التجارية,1,2026-09-20,2026-09-20,2026-09-26,151,2026-09-27,True,"750,000",False,فيلا
6857565,https://sa.aqar.fm/فلل-للبيع/ابها/حي-درة-المنسك/شارع-أبو-سيف-حي-قرى-آل-غليظ-أبها-منطقة-عسير-6857565,"فيلا للبيع في شارع 993441, حي الياقوت, مدينة أبها, منطقة عسير",1280000,600,7,5,5,0,حي درة المنسك,ابها,حي درة المنسك,"فيلا عظم للبيع من المالك مباشرة 
مدفوع المسبح بالكامل لشركة بن طالب لسباحة
مدفوع للمصعد 19 الف لشركة الفا للمصاعد
مدفوع التصميم الداخلي مؤسسة ASH لتصاميم",18.196495,42.640907,https://images.aqar.fm/webp/750x0/props/004077096_1788537183685.jpg | https://images.aqar.fm/webp/750x0/props/004077096_1788537183532.jpg | https://images.aqar.fm/webp/750x0/props/004077090_1788537183675.jpg | https://images.aqar.fm/webp/750x0/props/004077098_1788537183676.jpg | https://images.aqar.fm/webp/750x0/props/004077090_1788537183666.jpg | https://images.aqar.fm/webp/750x0/props/004077097_1788537478010.jpg | https://images.aqar.fm/webp/750x0/props/004077091_1788537478010.jpg | https://images.aqar.fm/webp/750x0/props/004077092_1788537477872.jpg | https://images.aqar.fm/webp/750x0/props/004077098_1788537478002.jpg,9,عبدالرحيم مسعود مقنع الفيفي,,,2026-09-04,2026-09-06,2026-09-05,62,2026-09-27,True,"1,280,000",False,فيلا
6568157,https://sa.aqar.fm/فلل-للبيع/ابها/حي-الشرفية/شارع-115-المصيف-حي-المصيف-أبها-منطقة-عسير-6568157,فيلا للبيع في شارع 115 المصيف ، حي المصيف ، أبها ، منطقة عسير,900000,500,3,5,3,0,حي الشرفية,ابها,حي الشرفية,"🏡 **للبيع – فيلا سكنية مميزة**
📍 **أبها – مخطط تلال أبها**

🔹 **مساحة الأرض:** 500 م²
🔹 **مساحة البناء:** 273 م²
🔹 **المكونات:**

* **الدور الأرضي:** حوش كبير – مدخل سيارة – مجلس – مقلط – صالة – مطبخ – مستودع
* **الدور الأول:** 3 غرف نوم (إحداها ماستر مع بلكونة كبيرة) – حمامات
* **الملحق:** سطحين منفصلين – غرفة خادمة

**المميزات:**
✅ تصميم عصري بمساحات واسعة
✅ موقع استراتيجي ضمن مشروع تلال أبها
✅ قريب من جميع الخدمات والمرافق العامة
⚠️ ملاحظة: العقار مرهون – البيع **للكاش فقط**

💰 **السعر:** 1,200,000 ريال – **قابل للتفاوض**",18.288986,42.518703,https://images.aqar.fm/webp/750x0/props/039209198_1769715246212.jpg | https://images.aqar.fm/webp/750x0/props/039209197_1769715244911.jpg | https://images.aqar.fm/webp/750x0/props/039209192_1769715246310.jpg | https://images.aqar.fm/webp/750x0/props/039209196_1769715246250.jpg | https://images.aqar.fm/webp/750x0/props/039209192_1769715245796.jpg | https://images.aqar.fm/webp/750x0/props/039209192_1769715246322.jpg | https://images.aqar.fm/webp/750x0/props/039209195_1769715245546.jpg | https://images.aqar.fm/webp/750x0/props/039209194_1769715246082.jpg,8,علي محمد بن عبدالله بن مانع,,,2026-01-29,,2026-07-24,147,2026-09-27,False,طلب تسويق,False,فيلا
6667504,https://sa.aqar.fm/فلل-للبيع/ابها/حي-القريقر/شارع-45678-حي-الغدير-مدينة-أبها-منطقة-عسير-6667504,"فيلا للبيع في شارع 45678, حي الغدير, مدينة أبها, منطقة عسير",950000,323,8,,,0,حي القريقر,ابها,حي القريقر,"فيلا ف ابها / المحاله / حي الغدير 
مواصفات مذكوره ف الصور
لزياده التفاصيل توتثل واتس اب",18.287272,42.592842,https://images.aqar.fm/webp/750x0/props/029239831_1776961300387.jpg | https://images.aqar.fm/webp/750x0/props/029239835_1776961300060.jpg | https://images.aqar.fm/webp/750x0/props/029239833_1776961300309.jpg | https://images.aqar.fm/webp/750x0/props/029239837_1776961300386.jpg | https://images.aqar.fm/webp/750x0/props/029239830_1776961300469.jpg | https://images.aqar.fm/webp/750x0/props/029239831_1776961300467.jpg | https://images.aqar.fm/webp/750x0/props/029239839_1776961300550.jpg | https://images.aqar.fm/webp/750x0/props/029239833_1776961300619.jpg | https://images.aqar.fm/webp/750x0/props/029239834_1776961300633.jpg | https://images.aqar.fm/webp/750x0/props/029239833_1776961300715.jpg | https://images.aqar.fm/webp/750x0/props/029239834_1776961300717.jpg | https://images.aqar.fm/webp/750x0/props/029239830_1776961300789.jpg | https://images.aqar.fm/webp/750x0/props/029239835_1776961300962.jpg | https://images.aqar.fm/webp/750x0/props/029239833_1776961300963.jpg | https://images.aqar.fm/webp/750x0/props/029239830_1776961301125.jpg | https://images.aqar.fm/webp/750x0/props/029239839_1776961300972.jpg | https://images.aqar.fm/webp/750x0/props/029239835_1776961301053.jpg | https://images.aqar.fm/webp/750x0/props/029239833_1776961301235.jpg | https://images.aqar.fm/webp/750x0/props/029239831_1776961301344.jpg | https://images.aqar.fm/webp/750x0/props/029239834_1776961301240.jpg | https://images.aqar.fm/webp/750x0/props/029239832_1776961301343.jpg | https://images.aqar.fm/webp/750x0/props/029239835_1776961301417.jpg | https://images.aqar.fm/webp/750x0/props/029239838_1776961301440.jpg | https://images.aqar.fm/webp/750x0/props/029239831_1776961301526.jpg,24,ربوعه علواني,مؤسسة عقود المساكن العقارية,1,2026-04-23,2026-06-20,2026-09-12,804,2026-09-27,True,"950,000",False,فيلا
6848991,https://sa.aqar.fm/فلل-للبيع/ابها/حي-المروج/شارع-يونس-بن-حبيب-حي-المروج-مدينة-أبها-منطقة-عسير-6848991,"فيلا للبيع في شارع يونس بن حبيب, حي المروج, مدينة أبها, منطقة عسير",600000,226,5,0,0,0,حي المروج,ابها,حي المروج,روفات المنسك بداء البيع والحجز موقع مميز وسعر. خاص,18.210274,42.556363,https://images.aqar.fm/webp/750x0/props/014951187_1788099113193.jpg | https://images.aqar.fm/webp/750x0/props/014951188_1788099113196.jpg | https://images.aqar.fm/webp/750x0/props/014951181_1788099113193.jpg | https://images.aqar.fm/webp/750x0/props/014951186_1788099113199.jpg,4,عبدالاله علي حسين آل عوض,شركة هامات الحديثة للعقارات,1,2026-08-30,2026-08-30,2026-09-26,883,2026-09-27,True,"600,000",False,فيلا
6669051,https://sa.aqar.fm/فلل-للبيع/ابها/حي-القريقر/شارع-عبدالله-محمد-سعيد-ال-عواض-حي-الغدير-مدينة-أبها-منطقة-عسير-6669051,"فيلا للبيع في شارع عبدالله محمد سعيد ال عواض, حي الغدير, مدينة أبها, منطقة عسير",920000,319,8,6,2,0,حي القريقر,ابها,حي القريقر,"كود 33 فلل مشروع قرطبه - شركة روز تاور العقاريه 
مداخل مستقله 
جهه شماليه
مساحة الارض 200
مساحة البناء 323
شارع عرض 10
5 غرف نوم 
1 غرفة ملابس
1 غرفة طعام
مصعد مؤسس مرحله اولي 
2 مطبخ
1 غرفة غسيل
2 غرفة معيشه
1 غرفة خادمة
1 مجلس
6 دورات مياه
**السعر 920 الف *",18.285778,42.586506,https://images.aqar.fm/webp/750x0/props/031043782_1777123787867.jpg | https://images.aqar.fm/webp/750x0/props/031043789_1777123787862.jpg | https://images.aqar.fm/webp/750x0/props/031043785_1777123787869.jpg | https://images.aqar.fm/webp/750x0/props/031043783_1777123787869.jpg | https://images.aqar.fm/webp/750x0/props/031043782_1777123787868.jpg | https://images.aqar.fm/webp/750x0/props/031043784_1777123787864.jpg | https://images.aqar.fm/webp/750x0/props/031043783_1777123787867.jpg | https://images.aqar.fm/webp/750x0/props/031043780_1777123787866.jpg | https://images.aqar.fm/webp/750x0/props/031043789_1777123787860.jpg | https://images.aqar.fm/webp/750x0/props/031043784_1777123787866.jpg | https://images.aqar.fm/webp/750x0/props/031043785_1777123787901.jpg | https://images.aqar.fm/webp/750x0/props/031043787_1777123787872.jpg | https://images.aqar.fm/webp/750x0/props/031043781_1777123787874.jpg | https://images.aqar.fm/webp/750x0/props/031043788_1777123787873.jpg | https://images.aqar.fm/webp/750x0/props/031043787_1777123787875.jpg | https://images.aqar.fm/webp/750x0/props/031043789_1777123787879.jpg | https://images.aqar.fm/webp/750x0/props/031043786_1777123787878.jpg | https://images.aqar.fm/webp/750x0/props/031043789_1777123787877.jpg | https://images.aqar.fm/webp/750x0/props/031043789_1777123788061.jpg | https://images.aqar.fm/webp/750x0/props/031043782_1777123788063.jpg,20,هدى علي عشوي العنزي,مكتب هدى علي عشوي العنزي العقارية,1,2026-04-25,2026-06-22,2026-09-26,703,2026-09-27,True,"920,000",False,فيلا
6795421,https://sa.aqar.fm/فلل-للبيع/ابها/حي-القريقر/شارع-كتيفة-حي-الغدير-مدينة-أبها-منطقة-عسير-6795421,"فيلا للبيع في شارع كتيفة, حي الغدير, مدينة أبها, منطقة عسير",890000,319,5,5,2,0,حي القريقر,ابها,حي القريقر,"فله حي المحاله ابها 

رقم ترخيص اعلان العقار :

7100305214

رقم التواصل :
((الرقم يظهر عند الضغط على اتصال))
وصف الفيلا : 
الدور الأرضي : 
مدخل سياره حوش 
مجلس رجال 
مقلط طعام 
صاله 
مطبخ 
٢ دورات مياه 
حوش خلفي مطل على الصاله 
الدور الاول  علوي : 
٣ غرف نوم 
صاله 
مطبخ 
٢ دورات مياه 
الدور الثاني : 
٢ غرف نوم ماستر 
صاله 
غرفة شغاله مع دورة مياه 
سطح كبير 
المساحه : 
الارض ٢٠٠ متر 
البناء ٣٢٣
يوجد مصعد مؤسس مرحله اولى 
السعر 880000 ثمان مئه وثمانون الف صافي",18.294273,42.590329,https://images.aqar.fm/webp/750x0/props/005701616_1785280704176.jpg | https://images.aqar.fm/webp/750x0/props/005701617_1785280704164.jpg | https://images.aqar.fm/webp/750x0/props/005701614_1785280704167.jpg | https://images.aqar.fm/webp/750x0/props/005701618_1785280704169.jpg | https://images.aqar.fm/webp/750x0/props/005701614_1785280704184.jpg | https://images.aqar.fm/webp/750x0/props/005701616_1785280704173.jpg | https://images.aqar.fm/webp/750x0/props/005701610_1785280704169.jpg | https://images.aqar.fm/webp/750x0/props/005701619_1785285042647.jpg,8,احمد جبران فرحان المالكي,,,2026-07-28,2026-09-25,2026-09-25,646,2026-09-27,True,"890,000",False,فيلا
6656104,https://sa.aqar.fm/فلل-للبيع/ابها/حي-القريقر/حي-الغدير-مدينة-أبها-منطقة-عسير-6656104,"فيلا للبيع في حي الغدير, مدينة أبها, منطقة عسير",920000,323,5,0,0,0,حي القريقر,ابها,حي القريقر,"فيلا المحاله (حي قرطبه)
١٥ فيلا 
الدور الارضي:-
مدخل  سياره
مجلس رجال
مقلط طعام
صاله
مطبخ
٢ دوره مياه
حوش خلفي مطل علي الصاله
الدور الاول علوي :-
٣ غرف نوم
صاله
مطبخ
٢ دوره مياه
الدور الثاني :-
٢ غرفه نوم ماستر
صاله
غرفه شغاله مع دوره مياه
سطح
المساحه:-
الارض ٢٠٠ متر
مساحه البناء ٣٢٣ متر
يوجد مصعد مؤسس مرحله اولي",18.294767,42.589685,https://images.aqar.fm/webp/750x0/props/034596655_1776256834091.jpg | https://images.aqar.fm/webp/750x0/props/034596653_1776256833735.jpg | https://images.aqar.fm/webp/750x0/props/034596659_1776256871234.jpg | https://images.aqar.fm/webp/750x0/props/034596659_1776256871274.jpg | https://images.aqar.fm/webp/750x0/props/034596656_1776256871490.jpg | https://images.aqar.fm/webp/750x0/props/034596653_1776256871500.jpg | https://images.aqar.fm/webp/750x0/props/034596657_1776256871485.jpg | https://images.aqar.fm/webp/750x0/props/034596655_1776256871323.jpg | https://images.aqar.fm/webp/750x0/props/034596650_1776256871488.jpg | https://images.aqar.fm/webp/750x0/props/034596653_1776256871492.jpg | https://images.aqar.fm/webp/750x0/props/034596658_1776256921179.jpg | https://images.aqar.fm/webp/750x0/props/034596657_1776256921209.jpg | https://images.aqar.fm/webp/750x0/props/034596650_1776256921214.jpg | https://images.aqar.fm/webp/750x0/props/034596653_1776256921216.jpg | https://images.aqar.fm/webp/750x0/props/034596659_1776256921225.jpg | https://images.aqar.fm/webp/750x0/props/034596659_1776256921249.jpg | https://images.aqar.fm/webp/750x0/props/034596650_1776256921263.jpg | https://images.aqar.fm/webp/750x0/props/034596655_1776256921246.jpg,18,ثامر محمد ابن مسفر آل سلطان,مؤسسة منازل قوت العقارية,1,2026-04-15,2026-09-22,2026-09-22,586,2026-09-27,True,"920,000",False,فيلا
6671815,https://sa.aqar.fm/فلل-للبيع/ابها/حي-القريقر/شارع-شعب-نجد-حي-الغدير-مدينة-أبها-منطقة-عسير-6671815,"فيلا للبيع في شارع شعب نجد, حي الغدير, مدينة أبها, منطقة عسير",920000,319,8,,,0,حي القريقر,ابها,حي القريقر,"كود 25
 فلل مشروع قرطبه - شركة روز تاور العقاريه 
مداخل مستقله 
جهه شماليه
مساحة الارض 200
مساحة البناء 323
شارع عرض 10
5 غرف نوم 
1 غرفة ملابس
1 غرفة طعام
مصعد مؤسس مرحله اولي 
2 مطبخ
1 غرفة غسيل
2 غرفة معيشه
1 غرفة خادمة
1 مجلس
6 دورات مياه
***السعر 920 الف **",18.285043,42.582856,https://images.aqar.fm/webp/750x0/props/044087525_1777295267386.jpg | https://images.aqar.fm/webp/750x0/props/044087521_1777295267388.jpg | https://images.aqar.fm/webp/750x0/props/044087528_1777295267387.jpg | https://images.aqar.fm/webp/750x0/props/044087525_1777295267380.jpg | https://images.aqar.fm/webp/750x0/props/044087527_1777295267382.jpg | https://images.aqar.fm/webp/750x0/props/044087523_1777295267388.jpg | https://images.aqar.fm/webp/750x0/props/044087529_1777295267387.jpg | https://images.aqar.fm/webp/750x0/props/044087522_1777295302034.jpg | https://images.aqar.fm/webp/750x0/props/044087522_1777295302047.jpg | https://images.aqar.fm/webp/750x0/props/044087527_1777295302034.jpg | https://images.aqar.fm/webp/750x0/props/044087520_1777295302041.jpg | https://images.aqar.fm/webp/750x0/props/044087524_1777295302042.jpg | https://images.aqar.fm/webp/750x0/props/044087521_1777295302033.jpg | https://images.aqar.fm/webp/750x0/props/044087526_1777295302040.jpg | https://images.aqar.fm/webp/750x0/props/044087520_1777295302038.jpg | https://images.aqar.fm/webp/750x0/props/044087526_1777295302036.jpg | https://images.aqar.fm/webp/750x0/props/044087523_1777295302054.jpg | https://images.aqar.fm/webp/750x0/props/044087521_1777295302056.jpg | https://images.aqar.fm/webp/750x0/props/044087520_1777295302053.jpg,19,هدى علي عشوي العنزي,شركة جسور الثقة العالمية العقارية,1,2026-04-27,2026-05-26,2026-09-18,186,2026-09-27,True,"920,000",False,فيلا
6810775,https://sa.aqar.fm/فلل-للبيع/ابها/حي-القريقر/شارع-111-حي-الزين-مدينة-أبها-منطقة-عسير-6810775,"فيلا للبيع في شارع 111, حي الزين, مدينة أبها, منطقة عسير",1400000,475,12,5,3,0,حي القريقر,ابها,حي القريقر,$5a,18.335316,42.520783,,,أحمد سعيد أحمد العسيري,,,2026-08-08,2026-09-06,2026-09-24,131,2026-09-27,True,"1,400,000",False,فيلا
6876982,https://sa.aqar.fm/فلل-للبيع/ابها/حي-القرى/شارع-التعاون-حي-السلام-مدينة-أبها-منطقة-عسير-6876982,"فيلا للبيع في شارع التعاون , حي السلام, مدينة أبها, منطقة عسير",1800000,620,16,0,0,5,حي القرى,ابها,حي القرى,$5d,18.256478,42.471406,https://images.aqar.fm/webp/750x0/props/046116284_1789529122317.jpg,1,فهد بن عبدالله بن عبدالعزيز الحوشاني,,,2026-09-16,2026-09-16,2026-09-16,83,2026-09-27,True,"1,800,000",False,فيلا
6872542,https://sa.aqar.fm/فلل-للبيع/ابها/حي-القريقر/شارع-وادي-الجوف-حي-الروضة-مدينة-أبها-منطقة-عسير-6872542,"فيلا للبيع في شارع وادي الجوف, حي الروضة, مدينة أبها, منطقة عسير",950000,409,12,0,0,11,حي القريقر,ابها,حي القريقر,"الدور الارضي 
مدخل سيارة وحوش ومشب 
دورة مياة خارجية وغسالتين
مجلس رجال 
مقلط
2 دورة مياة داخلية
مجلس نساء
مطبخ 

الدور الاول 
غرفة ماستر بدورة مياة ومستودع وغرفة ملابس 

4 غرف نوم
صالة
دورة مياة

الدور الثاني 
غرفة خادمة بدورة مياة
شقة منفصلة :
غرفة نوم ماستر
صالة
غرفة نوم اطفال
مطبخ 
2 دورة مياة
سطح فيه غرفة غسيل",18.25094,42.627482,,,ناصر محمد سعيد القحطانى,,,2026-09-13,2026-09-13,2026-09-26,233,2026-09-27,True,"950,000",False,فيلا
6680877,https://sa.aqar.fm/فلل-للبيع/ابها/حي-القريقر/شارع-118-الغدير-حي-الغدير-مدينة-أبها-منطقة-عسير-6680877,"فيلا للبيع في شارع 118 الغدير, حي الغدير, مدينة أبها, منطقة عسير",920000,323,12,0,0,0,حي القريقر,ابها,حي القريقر,$5c,18.289,42.583833,https://images.aqar.fm/webp/750x0/props/037812468_1777876845425.jpg | https://images.aqar.fm/webp/750x0/props/037812461_1777876902959.jpg | https://images.aqar.fm/webp/750x0/props/037812460_1777876902957.jpg | https://images.aqar.fm/webp/750x0/props/037812469_1777876902965.jpg | https://images.aqar.fm/webp/750x0/props/037812462_1777876902970.jpg | https://images.aqar.fm/webp/750x0/props/037812462_1777876902973.jpg | https://images.aqar.fm/webp/750x0/props/037812465_1777876902958.jpg | https://images.aqar.fm/webp/750x0/props/037812465_1777876902973.jpg | https://images.aqar.fm/webp/750x0/props/037812469_1777876902979.jpg | https://images.aqar.fm/webp/750x0/props/037812460_1777876928303.jpg | https://images.aqar.fm/webp/750x0/props/037812467_1777876928301.jpg | https://images.aqar.fm/webp/750x0/props/037812469_1777876928312.jpg | https://images.aqar.fm/webp/750x0/props/037812462_1777876928303.jpg | https://images.aqar.fm/webp/750x0/props/037812461_1777876928306.jpg | https://images.aqar.fm/webp/750x0/props/037812466_1777876928309.jpg | https://images.aqar.fm/webp/750x0/props/037812467_1777876928305.jpg | https://images.aqar.fm/webp/750x0/props/037812466_1777876928304.jpg | https://images.aqar.fm/webp/750x0/props/037812465_1777876949364.jpg | https://images.aqar.fm/webp/750x0/props/037812462_1777876949294.jpg | https://images.aqar.fm/webp/750x0/props/037812463_1777876949320.jpg | https://images.aqar.fm/webp/750x0/props/037812467_1777876949331.jpg | https://images.aqar.fm/webp/750x0/props/037812460_1777876949313.jpg | https://images.aqar.fm/webp/750x0/props/037812467_1777876949311.jpg | https://images.aqar.fm/webp/750x0/props/037812465_1777876949316.jpg | https://images.aqar.fm/webp/750x0/props/037812467_1777876949306.jpg,25,حليمه محمد,مؤسسة ثقة وإعمار للخدمات العقارية,1,2026-05-04,2026-08-28,2026-09-07,669,2026-09-27,True,"920,000",False,فيلا
6805791,https://sa.aqar.fm/فلل-للبيع/ابها/حي-درة-المنسك/شارع-114-البديع-حي-الموظفين-أبها-منطقة-عسير-6805791,فيلا للبيع في شارع 114 البديع ، حي الموظفين ، أبها ، منطقة عسير,2000000,340,7,5,3,7,حي درة المنسك,ابها,حي درة المنسك,,18.219463,42.590202,https://images.aqar.fm/webp/750x0/props/054162009_1785854534100.jpg | https://images.aqar.fm/webp/750x0/props/054162003_1785854601344.jpg,2,عبدالخالق بن عبدالله بن محمد آل عواض,,,2026-08-04,,2026-09-15,30,2026-09-27,False,طلب تسويق,False,فيلا
6792539,https://sa.aqar.fm/فلل-للبيع/ابها/حي-العرين/شارع-100-العرين-حي-العرين-أبها-منطقة-عسير-6792539,"فيلا للبيع في شارع 6490334, حي العرين, مدينة أبها, منطقة عسير",870000,343,3,5,2,0,حي العرين,ابها,حي العرين,"للبيع روف
الدور الاول
مجلس مقلط صاله مجلس حريم مطبخ بالدور الاول غرفة نوم ماستر كبيره 
الدور الثاني 
صاله كبير يمكن 8×5 وغرفتين نوم ماستر كل غرفه تقريبا 7×5 وغرفة غسيل ودورات مياه ومطبخ بالدور الثاني
اصنصير راكب 3 وقفات لين الصطح خزان مستقل عداد مويه مستقل عداد كهرب مستقل مدخل مستقل",18.228662,42.532837,,,علي سعد,مكتب دليلك بالغرب للعقارات,1,2026-07-27,2026-07-27,2026-08-27,2452,2026-09-27,True,"870,000",False,فيلا
6850557,https://sa.aqar.fm/فلل-للبيع/ابها/حي-القرى/شارع-العواد-حي-الوصايف-مدينة-أبها-منطقة-عسير-6850557,"فيلا للبيع في شارع العواد, حي الوصايف, مدينة أبها, منطقة عسير",1850000,315,8,0,0,0,حي القرى,ابها,حي القرى,"فلة العواد بالقرب من سما ابها 🤩🏡
تنفيذ منازل قوت للتطوير العقاري 👍🏻⭐️

مساحة الارض ٣١٥م 
مسطحات البناء ٥٩٠ م 
مصعد مؤسس مرحلة اولة 

*البدروم*
موقف سيارة وغرفة سائق ودورة مياه 

*الاول*
حوش بمدخل خاص وسيارة - مجلس رجال - مقلط - صالة - مجلس نساء - مطبخ ومستودع وغرفة عاملة ودورة مياه - 2 دورة مياه 

*الثاني*
صالة - ثلاث غرف ماستر مع بلكونة - مطبخ مختصر - دورة مياه 

*الملحق*
غرفتين ( ١ ماستر مع بلكونة) - صالة + سطح - دورة مياه - غرفة غسيل 

السعر : مليون و 850",18.250564,42.484207,https://images.aqar.fm/webp/750x0/props/034596657_1788178571627.jpg | https://images.aqar.fm/webp/750x0/props/034596650_1788178571667.jpg | https://images.aqar.fm/webp/750x0/props/034596654_1788178616610.jpg | https://images.aqar.fm/webp/750x0/props/034596655_1788178616613.jpg | https://images.aqar.fm/webp/750x0/props/034596650_1788178616628.jpg | https://images.aqar.fm/webp/750x0/props/034596652_1788178616632.jpg | https://images.aqar.fm/webp/750x0/props/034596656_1788178616668.jpg | https://images.aqar.fm/webp/750x0/props/034596650_1788178616660.jpg | https://images.aqar.fm/webp/750x0/props/034596655_1788178616662.jpg | https://images.aqar.fm/webp/750x0/props/034596659_1788178616653.jpg | https://images.aqar.fm/webp/750x0/props/034596650_1788178637988.jpg | https://images.aqar.fm/webp/750x0/props/034596659_1788178638013.jpg | https://images.aqar.fm/webp/750x0/props/034596650_1788178638014.jpg | https://images.aqar.fm/webp/750x0/props/034596651_1788178637996.jpg | https://images.aqar.fm/webp/750x0/props/034596658_1788178638025.jpg | https://images.aqar.fm/webp/750x0/props/034596652_1788178638003.jpg | https://images.aqar.fm/webp/750x0/props/034596651_1788178638024.jpg | https://images.aqar.fm/webp/750x0/props/034596657_1788178638100.jpg | https://images.aqar.fm/webp/750x0/props/034596650_1788178658484.jpg | https://images.aqar.fm/webp/750x0/props/034596652_1788178658497.jpg | https://images.aqar.fm/webp/750x0/props/034596653_1788178658539.jpg | https://images.aqar.fm/webp/750x0/props/034596652_1788178658543.jpg | https://images.aqar.fm/webp/750x0/props/034596651_1788178658504.jpg | https://images.aqar.fm/webp/750x0/props/034596653_1788178658537.jpg | https://images.aqar.fm/webp/750x0/props/034596657_1788178658537.jpg | https://images.aqar.fm/webp/750x0/props/034596657_1788178658549.jpg,26,ثامر محمد ابن مسفر آل سلطان,مؤسسة منازل قوت العقارية,1,2026-08-31,2026-08-31,2026-09-17,256,2026-09-27,True,"1,850,000",False,فيلا
6859206,https://sa.aqar.fm/فلل-للبيع/ابها/حي-درة-المنسك/شارع-أبو-سيف-حي-قرى-آل-غليظ-أبها-منطقة-عسير-6859206,فيلا للبيع في شارع أبو سيف ، حي قرى آل غليظ ، أبها ، منطقة عسير,1500000,600,7,5,5,0,حي درة المنسك,ابها,حي درة المنسك,فيلا عظم للبيع من المالك مباشرة,18.196537,42.640888,https://images.aqar.fm/webp/750x0/props/004077091_1788636058806.jpg | https://images.aqar.fm/webp/750x0/props/004077095_1788636059751.jpg | https://images.aqar.fm/webp/750x0/props/004077096_1788636056540.jpg | https://images.aqar.fm/webp/750x0/props/004077098_1788636056545.jpg | https://images.aqar.fm/webp/750x0/props/004077099_1788636056533.jpg | https://images.aqar.fm/webp/750x0/props/004077094_1788636056534.jpg | https://images.aqar.fm/webp/750x0/props/004077091_1788636056536.jpg | https://images.aqar.fm/webp/750x0/props/004077091_1788636056544.jpg,8,عبدالرحيم مسعود مقنع الفيفي,,,2026-09-05,,2026-09-05,14,2026-09-27,False,طلب تسويق,False,فيلا
6791205,https://sa.aqar.fm/فلل-للبيع/ابها/حي-القريقر/أبها-منطقة-عسير-6791205,فيلا للبيع في أبها ، منطقة عسير,800,270,4,4,1,4,حي القريقر,ابها,حي القريقر,مرهون  للبنك   جار واحد الخلف ارض فضاء,18.357773,42.517578,,,عبدالرحيم بن علي بن ابراهيم عسيري,,,2026-07-26,,2026-07-26,8,2026-09-27,False,طلب تسويق,False,فيلا
6449320,https://sa.aqar.fm/فلل-للبيع/ابها/حي-القريقر/شارع-منهل-اود-حي-قرى-آل-غليظ-ابها-منطقة-عسير-6449320,فيلا للبيع في شارع منهل اود ، حي قرى آل غليظ ، ابها ، منطقة عسير,2750000,800,7,5,4,0,حي القريقر,ابها,حي القريقر,$5a,18.235981,42.624287,https://images.aqar.fm/webp/750x0/props/031602583_1762017316268.jpg | https://images.aqar.fm/webp/750x0/props/031602582_1762017316258.jpg | https://images.aqar.fm/webp/750x0/props/031602585_1762017316250.jpg | https://images.aqar.fm/webp/750x0/props/031602588_1762017316286.jpg | https://images.aqar.fm/webp/750x0/props/031602585_1762017316286.jpg | https://images.aqar.fm/webp/750x0/props/031602587_1762017316239.jpg | https://images.aqar.fm/webp/750x0/props/031602585_1762017316281.jpg,7,علي الاسمري,,,2025-11-01,,2026-08-19,83,2026-09-27,False,طلب تسويق,False,فيلا
6782909,https://sa.aqar.fm/فلل-للبيع/ابها/حي-الشرفية/شارع-59-المصيف-حي-المصيف-أبها-منطقة-عسير-6782909,فيلا للبيع في شارع 59 المصيف ، حي المصيف ، أبها ، منطقة عسير,720000,300,6,4,0,0,حي الشرفية,ابها,حي الشرفية,"فلا اسكان تلال ابها  دورين وملحق فية غرفة 
٦ غرف ومطبخ و٤ دورات مياة وحوش كبير 
السعر مغرى جدا ٧٢٠ الف ريال",18.280815,42.521862,,,صالح بن محمد بن علي الشهري,,,2026-07-20,,2026-07-20,15,2026-09-27,False,طلب تسويق,False,فيلا
6776275,https://sa.aqar.fm/فلل-للبيع/ابها/حي-السروات/شارع-صندل-2684-مندرمربة-منطقة-عسير-6776275,فيلا للبيع في شارع صندل 2684 ، مندرمربة ، منطقة عسير,730000,400,7,5,2,0,حي السروات,ابها,حي السروات,"عندي عقار للبيع في مربه بصك اكتروني تابع لعسير طبلون الكهرباء واصل وشغال بسمي
بقبلها البنك
في المخطط امام الشرطه
قريبه من الشارع العام على شارع 20 وشارع 12 الشغل على الكود السعودي وعليه تامين فيلا مكونه من دور تحت
دور الاول
مجلس رجال 4/6
مقلط 4/5
مع دوره مياه
مجلس حريم 5/5
غرفه نوم 5/4
مطبخ 4/4
مستودع مع غرفه غسيل
صاله 7/5
الدور الثاني
غرفه نوم ريسيه 5/4
بدوره مياه كبيره
غرفه نوم 15/4
مع دوره مياه
غرفه نوم 4/4
مع دوره مياه
بوفيه
سطح
حوش
مساحه الارض 400
مساحه البناء 370",17.831947,42.363983,https://images.aqar.fm/webp/750x0/props/000724752_1784158258872.jpg | https://images.aqar.fm/webp/750x0/props/000724755_1784158258817.jpg | https://images.aqar.fm/webp/750x0/props/000724752_1784158258866.jpg | https://images.aqar.fm/webp/750x0/props/000724750_1784158258808.jpg | https://images.aqar.fm/webp/750x0/props/000724755_1784158258866.jpg | https://images.aqar.fm/webp/750x0/props/000724751_1784158258865.jpg | https://images.aqar.fm/webp/750x0/props/000724750_1784158258873.jpg | https://images.aqar.fm/webp/750x0/props/000724759_1784158258814.jpg,8,غانم يحي ربعي القحطاني,,,2026-07-15,,2026-07-24,23,2026-09-27,False,طلب تسويق,False,فيلا
6780264,https://sa.aqar.fm/فلل-للبيع/ابها/حي-السروات/شارع-صندل-339-الكدارة-الدرب-6780264,فيلا للبيع في شارع صندل 339 ، الكدارة ، الدرب,5000000,800,4,5,2,1,حي السروات,ابها,حي السروات,,17.825659,42.370541,,,حسن بن علي بن حسن القمري,,,2026-07-19,,2026-07-19,15,2026-09-27,False,طلب تسويق,False,فيلا
6764667,https://sa.aqar.fm/فلل-للبيع/ابها/حي-شمسان/حي-شمسان-أبها-منطقة-عسير-6764667,فيلا للبيع في حي شمسان ، أبها ، منطقة عسير,2300000,412,7,5,2,20,حي شمسان,ابها,حي شمسان,"فلا مكونه من دور تسويه على شارع جنوبي وفله دورين وملحق على ثلاث شوارع مؤثثه بالكامل للبيع فيلا مميزة في أبها – حي شمسان

📍 الموقع: حي شمسان – أبها

مواصفات العقار:

* مساحة الأرض: 412 م².
* على 3 شوارع.
* عمر العقار: حوالي 20 سنة.
* دورين + ملحق + قبو.
* 16 غرفة.
* صالتان.
* 10 دورات مياه.
* موقف سيارات.

✅ مناسبة للسكن العائلي أو الاستثمار.
✅ موقع مميز وسهل الوصول إلى الخدما",18.224052,42.503716,https://images.aqar.fm/webp/750x0/props/052585152_1783472055695.jpg | https://images.aqar.fm/webp/750x0/props/052585159_1783472055704.jpg | https://images.aqar.fm/webp/750x0/props/052585150_1783472055705.jpg | https://images.aqar.fm/webp/750x0/props/052585154_1783472055701.jpg | https://images.aqar.fm/webp/750x0/props/052585152_1783472055709.jpg | https://images.aqar.fm/webp/750x0/props/052585153_1783472055700.jpg | https://images.aqar.fm/webp/750x0/props/052585157_1783472055704.jpg,7,عبدالله بن احمد بن مفرح آل مفرح,,,2026-07-08,,2026-07-08,45,2026-09-27,False,طلب تسويق,False,فيلا
6586870,https://sa.aqar.fm/فلل-للبيع/ابها/حي-القريقر/شارع-روضة-التنهات-حي-المحالة-لعصان-منطقة-عسير-6586870,فيلا للبيع في شارع روضة التنهات ، حي المحالة ، لعصان ، منطقة عسير,2500000,466,7,5,3,5,حي القريقر,ابها,حي القريقر,"فيلا فاخرة للبيع في أبها – حي المشارف (المحالة)، بموقع مميز قريب من مطار أبها وجميع الخدمات. تقع الفيلا على أرض بمساحة 466م² وبمسطح بناء يقارب 600م²، بتصميم عصري وتشطيبات راقية تناسب الباحثين عن السكن الفخم والخصوصية.

تتكون الفيلا من دورين وملحق مع وجود مصعد يخدم جميع الأدوار، ومدخلين مستقلين للرجال والنساء، بالإضافة إلى كراج سيارة.

🔹 الدور الأرضي: مجلس رجال بدورة مياه، مقلط نساء، صالة واسعة، مطبخ صغير من اكسينا، وغرفة نوم بدورة مياه.
🔹 الدور الأول: جناح ماستر ببلكونة وغرفة ملابس ودورة مياه، غرفتا نوم بدورات مياه مستقلة، صالة عائلية، ومطبخ كبير من شركة اكسينا.
🔹 الدور العلوي: صالة، غرفة خادمة بدورة مياه، غرفة غسيل، غرفة جيم بدورة مياه، وسطحين أحدهما بجلسة خارجية.

الفيلا مؤثثة بأثاث فاخر ومطابخ عالية الجودة، ومحيطها هادئ وقريب من أشهر المقاهي والأسواق والخدمات.

✨ فرصة مميزة للسكن الراقي أو الاستثمار في موقع حيوي من أبها",18.279287,42.597668,https://images.aqar.fm/webp/750x0/props/044952814_1770840033587.jpg | https://images.aqar.fm/webp/750x0/props/044952814_1770840033579.jpg | https://images.aqar.fm/webp/750x0/props/044952814_1770840033581.jpg | https://images.aqar.fm/webp/750x0/props/044952815_1770840033549.jpg | https://images.aqar.fm/webp/750x0/props/044952810_1770840033585.jpg | https://images.aqar.fm/webp/750x0/props/044952814_1770840033582.jpg | https://images.aqar.fm/webp/750x0/props/044952817_1770840033586.jpg | https://images.aqar.fm/webp/750x0/props/044952817_1770840117814.jpg | https://images.aqar.fm/webp/750x0/props/044952810_1770840117814.jpg | https://images.aqar.fm/webp/750x0/props/044952810_1770840117831.jpg | https://images.aqar.fm/webp/750x0/props/044952815_1770840117824.jpg | https://images.aqar.fm/webp/750x0/props/044952815_1770840117818.jpg | https://images.aqar.fm/webp/750x0/props/044952815_1770840171739.jpg | https://images.aqar.fm/webp/750x0/props/044952816_1770840171724.jpg | https://images.aqar.fm/webp/750x0/props/044952810_1770840171744.jpg | https://images.aqar.fm/webp/750x0/props/044952812_1788389122782.jpg | https://images.aqar.fm/webp/750x0/props/044952814_1788389122799.jpg | https://images.aqar.fm/webp/750x0/props/044952816_1788389122790.jpg | https://images.aqar.fm/webp/750x0/props/044952815_1788389122788.jpg | https://images.aqar.fm/webp/750x0/props/044952814_1788389122820.jpg | https://images.aqar.fm/webp/750x0/props/044952816_1788389122805.jpg | https://images.aqar.fm/webp/750x0/props/044952819_1788389122800.jpg | https://images.aqar.fm/webp/750x0/props/044952814_1788389282976.jpg | https://images.aqar.fm/webp/750x0/props/044952813_1788389282995.jpg | https://images.aqar.fm/webp/750x0/props/044952813_1788389283094.jpg | https://images.aqar.fm/webp/750x0/props/044952818_1788389283069.jpg | https://images.aqar.fm/webp/750x0/props/044952813_1788389283103.jpg,27,ابراهيم بن علي بن ابراهيم آل هتيله,,,2026-02-11,,2026-09-02,70,2026-09-27,False,طلب تسويق,False,فيلا
6763306,https://sa.aqar.fm/فلل-للبيع/ابها/حي-القريقر/شارع-احجار-الثمام-حي-المحالة-لعصان-منطقة-عسير-6763306,فيلا للبيع في شارع احجار الثمام ، حي المحالة ، لعصان ، منطقة عسير,1150000,413,5,4,1,5,حي القريقر,ابها,حي القريقر,,18.27533,42.592526,https://images.aqar.fm/webp/750x0/props/050560824_1783407308908.jpg,1,محمد بن علي بن يحي العقيلي,,,2026-07-07,,2026-07-07,19,2026-09-27,False,طلب تسويق,False,فيلا
6866896,https://sa.aqar.fm/فلل-للبيع/ابها/حي-القرى/شارع-40-السلام-حي-السلام-مدينة-أبها-منطقة-عسير-6866896,"فيلا للبيع في شارع 40 السلام, حي السلام, مدينة أبها, منطقة عسير",1400000,312,9,0,0,0,حي القرى,ابها,حي القرى,"فيلاللبيع حي السلام العكاس 
مساحه الارض٣١٢
عشر امتار  موافق وبعده شارع 20 وبعده موقع حدائق وبعده شارع تجاري
الدور الارضي 
مجلس رجال
مقلط 
دوره مياه 
صاله 
مجلس نساء 
غرفه نوم ضيوف 
دوره مياه 
الدور الاول 
غرفه نوم ماستر مع ركن تبديل ملابس ودوره مياه 
صاله  وبلكونه 
غرفتين نوم اطفال 
مطبخ 
الملحق 
غرفتين نوم 
صاله مع بوفيه 
سطح واسع
موقف سيارة
مؤسس مصعد 
 

جوال رقم ((الرقم يظهر عند الضغط على اتصال))
((الرقم يظهر عند الضغط على اتصال))",18.252333,42.467646,https://images.aqar.fm/webp/750x0/props/034559302_1788980848876.jpg | https://images.aqar.fm/webp/750x0/props/034559300_1788980848875.jpg,2,مرعي حسن علي عسيري,,,2026-09-09,2026-09-09,2026-09-24,171,2026-09-27,True,"1,400,000",False,فيلا
6785330,https://sa.aqar.fm/فلل-للبيع/ابها/حي-القرى/شارع-27-القرى-حي-القري-مدينة-أبها-منطقة-عسير-6785330,"فيلا للبيع في شارع 27 القرى, حي القري, مدينة أبها, منطقة عسير",1800000,542,11,7,3,0,حي القرى,ابها,حي القرى,فيلا فاخرة للبيع بأبها 3 أدوار  موقع مميز بحي القرى على أرض كامله 542.82م شارع 12م ضمانات على كامل الفله يوجد تصوير لمراحل البناء والتشطيب حوش خارجي يتسع الي 6 سيارة وموقفين خارجية بوابة سحب أكترونية مداخل واسعة أصنصير راكب ألي الدور الثالث  11 غرفة 9 دورات مياه 4 غرف نوم ماستر ببكلونات واسعه بلكونه كبيره وسط العمارة وبلكونات أخرى صغيره  مطبخ مستودع   الحي متوفربه جميع الخدمات وقريبة من المسجد وأسواق بداية ٍأمكانية أضافة بيت شعر في الحوش,18.236488,42.495483,https://images.aqar.fm/webp/750x0/props/016599273_1766673018388.jpg | https://images.aqar.fm/webp/750x0/props/016599277_1766673431970.jpg | https://images.aqar.fm/webp/750x0/props/016599271_1766673267599.jpg | https://images.aqar.fm/webp/750x0/props/016599279_1766673100873.jpg | https://images.aqar.fm/webp/750x0/props/016599273_1766673372625.jpg | https://images.aqar.fm/webp/750x0/props/016599273_1766673124224.jpg | https://images.aqar.fm/webp/750x0/props/016599271_1766673392259.jpg | https://images.aqar.fm/webp/750x0/props/016599275_1766673538535.jpg | https://images.aqar.fm/webp/750x0/props/016599277_1766673142314.jpg | https://images.aqar.fm/webp/750x0/props/016599272_1766673168302.jpg,10,صالح عبدالله علي آل جارالله,مؤسسة مكتب صالح عبدالله علي آل جارالله للخدمات العقارية,1,2026-07-22,2026-09-18,2026-09-26,1452,2026-09-27,True,"1,800,000",False,فيلا
6572520,https://sa.aqar.fm/فلل-للبيع/ابها/حي-القريقر/شارع-غزير-حي-الزهور-مدينة-أبها-منطقة-عسير-6572520,"فيلا للبيع في شارع غزير, حي الزهور, مدينة أبها, منطقة عسير",700000,212,11,,,0,حي القريقر,ابها,حي القريقر,"للبيع روفين على شارع 18 جنوبي بمواصفات ممتازة وتصميم واسع يناسب العوائل الكبيرة:

الروف العلوي:

6 غرف
صالة
مطبخ
5 دورات مياه
سطح كبير
الروف السفلي:

5 غرف
صالة
مطبخ
4 دورات مياه
✨ يتميز بموقعه على شارع جنوبي ومساحات رحبة مناسبة للسكن العائلي أو الاستثمار.",18.304673,42.607018,https://images.aqar.fm/webp/750x0/props/000265368_1776764775542.jpg | https://images.aqar.fm/webp/750x0/props/000265369_1776764775541.jpg | https://images.aqar.fm/webp/750x0/props/000265360_1776764775553.jpg | https://images.aqar.fm/webp/750x0/props/000265363_1776764775546.jpg | https://images.aqar.fm/webp/750x0/props/000265368_1776764775534.jpg | https://images.aqar.fm/webp/750x0/props/000265361_1776764775547.jpg | https://images.aqar.fm/webp/750x0/props/000265363_1776764775537.jpg | https://images.aqar.fm/webp/750x0/props/000265369_1776764775547.jpg | https://images.aqar.fm/webp/750x0/props/000265366_1776764775544.jpg | https://images.aqar.fm/webp/750x0/props/000265360_1776764775555.jpg | https://images.aqar.fm/webp/750x0/props/000265365_1776764775547.jpg | https://images.aqar.fm/webp/750x0/props/000265366_1776764775559.jpg | https://images.aqar.fm/webp/750x0/props/000265367_1776764775553.jpg | https://images.aqar.fm/webp/750x0/props/000265363_1776764775555.jpg | https://images.aqar.fm/webp/750x0/props/000265369_1776764775568.jpg | https://images.aqar.fm/webp/750x0/props/000265368_1776764775561.jpg | https://images.aqar.fm/webp/750x0/props/000265360_1776764775562.jpg | https://images.aqar.fm/webp/750x0/props/000265364_1776764775567.jpg,18,عبدالعزيز عبدالله عبدالرحمن الاسمري,مؤسسة شرق ابها للخدمات العقارية,1,2026-02-02,2026-09-23,2026-09-23,4738,2026-09-27,True,"700,000",False,فيلا
6882859,https://sa.aqar.fm/فلل-للبيع/ابها/حي-القريقر/شارع-وادي-الشعبة-حي-الروضة-مدينة-أبها-منطقة-عسير-6882859,"فيلا للبيع في شارع وادي الشعبة, حي الروضة, مدينة أبها, منطقة عسير",650000,191,7,6,2,0,حي القريقر,ابها,حي القريقر,"🏡 فيلا دور أرضي وروف للبيع – أبها | الروضة او حجلا | قرى آل غليظ
قرب جامع البراء محمد الحازمي بالخريطة
موقع مميز وقريب من الخدمات
شارع 15م

📢 الإعلان عن طريق مكتب تسويق عقاري معتمد
📌 بذمة العميل المشتري او المستأجر ان يتم انهاء الشراء او تأجير العقار عن طريق المكتب المسوق للعقار

🔴 روفات علوية وأرضية بتشطيب فاخر ومداخل خاصة

🏠 الروف الأرضي – اليسار
▪️ مجلس رجال
▪️ مقلط رجال
▪️ مجلس نساء
▪️ صالتان عائلية
▪️ 4 أجنحة نوم، مع باب يطل على الحوش
▪️ مطبخ
▪️ مستودع
▪️ 6 دورات مياه
▪️ حوش خاص

📌 بذمة العميل المشتري او المستأجر ان يتم انهاء الشراء او تأجير العقار عن طريق المكتب المسوق للعقار

💰 السعر المطلوب: 650,000 ريال

🟢 يوجد عروض اخرى بنفس المواصافات فقط اختلاف الدور الى علوي

🏢 شركة بن حمد للعقارات
الثقة نبنيها… والأمانة نحافظ عليها.

📞 للتواصل: ((الرقم يظهر عند الضغط على اتصال))
📞 للتواصل: ((الرقم يظهر عند الضغط على اتصال))",18.236092,42.618694,https://images.aqar.fm/webp/750x0/props/042480451_1789844666122.jpg | https://images.aqar.fm/webp/750x0/props/042480454_1789844666094.jpg | https://images.aqar.fm/webp/750x0/props/042480452_1789844666092.jpg | https://images.aqar.fm/webp/750x0/props/042480457_1789844666113.jpg | https://images.aqar.fm/webp/750x0/props/042480458_1789844666124.jpg | https://images.aqar.fm/webp/750x0/props/042480456_1789844666129.jpg | https://images.aqar.fm/webp/750x0/props/042480453_1789844666208.jpg | https://images.aqar.fm/webp/750x0/props/042480452_1789844666202.jpg | https://images.aqar.fm/webp/750x0/props/042480454_1789844666157.jpg | https://images.aqar.fm/webp/750x0/props/042480459_1789844666156.jpg | https://images.aqar.fm/webp/750x0/props/042480457_1789844666187.jpg | https://images.aqar.fm/webp/750x0/props/042480459_1789844666188.jpg | https://images.aqar.fm/webp/750x0/props/042480457_1789844666188.jpg | https://images.aqar.fm/webp/750x0/props/042480453_1789844666201.jpg | https://images.aqar.fm/webp/750x0/props/042480459_1789844666214.jpg | https://images.aqar.fm/webp/750x0/props/042480455_1789844666222.jpg | https://images.aqar.fm/webp/750x0/props/042480455_1789844666070.jpg | https://images.aqar.fm/webp/750x0/props/042480455_1789844666068.jpg | https://images.aqar.fm/webp/750x0/props/042480450_1789844666068.jpg | https://images.aqar.fm/webp/750x0/props/042480455_1789844666068.jpg | https://images.aqar.fm/webp/750x0/props/042480453_1789844666090.jpg | https://images.aqar.fm/webp/750x0/props/042480454_1789844666091.jpg | https://images.aqar.fm/webp/750x0/props/042480453_1789844666228.jpg | https://images.aqar.fm/webp/750x0/props/042480450_1789844666222.jpg | https://images.aqar.fm/webp/750x0/props/042480451_1789844666220.jpg | https://images.aqar.fm/webp/750x0/props/042480453_1789844666283.jpg | https://images.aqar.fm/webp/750x0/props/042480451_1789844666223.jpg | https://images.aqar.fm/webp/750x0/props/042480452_1789844666227.jpg | https://images.aqar.fm/webp/750x0/props/042480457_1789844666238.jpg | https://images.aqar.fm/webp/750x0/props/042480457_1789844674108.jpg,30,ساهمه سعيد,مؤسسة ساهمه سعيد علي شفلوت التجارية,1,2026-09-19,2026-09-19,2026-09-26,178,2026-09-27,True,"650,000",False,فيلا
6792415,https://sa.aqar.fm/فلل-للبيع/ابها/حي-العرين/حي-العرين-أبها-منطقة-عسير-6792415,فيلا للبيع في حي العرين ، أبها ، منطقة عسير,850000,343,3,5,2,0,حي العرين,ابها,حي العرين,"للبيع روف مساحة 343 متر 
الدور الاول
مجلس مقلط صاله مجلس حريم مطبخ بالدور الاول غرفة نوم ماستر كبيره 
الدور الثاني 
صاله كبير يمكن 8×5 وغرفتين نوم ماستر كل غرفه تقريبا 7×5 وغرفة غسيل ودورات مياه ومطبخ بالدور الثاني
اصنصير راكب 3 وقفات لين الصطح خزان مستقل عداد مويه مستقل عداد كهرب مستقل مدخل مستقل",18.228906,42.532907,https://images.aqar.fm/webp/750x0/props/002347207_1785144885637.jpg | https://images.aqar.fm/webp/750x0/props/002347208_1785144885513.jpg | https://images.aqar.fm/webp/750x0/props/002347201_1785144885444.jpg | https://images.aqar.fm/webp/750x0/props/002347202_1785144885548.jpg | https://images.aqar.fm/webp/750x0/props/002347209_1785144885437.jpg | https://images.aqar.fm/webp/750x0/props/002347205_1785144885692.jpg,6,علي سعد,مكتب دليلك بالغرب للعقارات,1,2026-07-27,,2026-07-27,95,2026-09-27,False,طلب تسويق,False,فيلا
6795974,https://sa.aqar.fm/فلل-للبيع/ابها/حي-القرى/شارع-جبل-اذاخر-حي-التعاون-مدينة-أبها-منطقة-عسير-6795974,"فيلا للبيع في شارع جبل اذاخر, حي التعاون, مدينة أبها, منطقة عسير",1300000,13453,16,7,1,5,حي القرى,ابها,حي القرى,فلة و3 شقق للبيع بأبها طريق السودة العكاس مساحة الأرض 540م على شارعين موقع مطل ومميز وقريبه من المدينة 5 دقائق بجوار قصر العريفي ومجمع فلل السيف مؤثثه عمر العقار 4 سنوات قريبه من سد عشران ومن طريق السودة فله مكونه من حوش مع مدخل سيارات الحوش مزروع  فواكه مثمرة ومشب مطل دورين الدور الأول 3 غرف وصالة ومطبخ دورتين مياه الدور الثاني 4 غرف ودورتين مياه سطوح مؤسس لغرفه ودورة مياه على الشارع الجانبي شقتين من 3 غرف ونافعها وغرفة سائق مقابلها مسجد موقع ريفي مميز خزان 4*7 ارتفاع 4 بقية التفاصيل والفديو عند التواصل,18.258132,42.441741,https://images.aqar.fm/webp/750x0/props/016599272_1749664586685.jpg | https://images.aqar.fm/webp/750x0/props/016599273_1749664617747.jpg | https://images.aqar.fm/webp/750x0/props/016599278_1749664637939.jpg | https://images.aqar.fm/webp/750x0/props/016599277_1749664656611.jpg | https://images.aqar.fm/webp/750x0/props/016599278_1749664683493.jpg | https://images.aqar.fm/webp/750x0/props/016599271_1749664708171.jpg | https://images.aqar.fm/webp/750x0/props/016599275_1749664743126.jpg,7,صالح عبدالله علي آل جارالله,مؤسسة مكتب صالح عبدالله علي آل جارالله للخدمات العقارية,1,2026-07-29,2026-09-25,2026-09-26,1563,2026-09-27,True,"1,300,000",False,فيلا
6859859,https://sa.aqar.fm/فلل-للبيع/ابها/حي-القرى/شارع-العواد-حي-الوصايف-مدينة-أبها-منطقة-عسير-6859859,"فيلا للبيع في شارع العواد, حي الوصايف, مدينة أبها, منطقة عسير",1850000,315,8,0,0,0,حي القرى,ابها,حي القرى,"فلة العواد 

مساحة الارض ٣١٥م 
مسطحات البناء ٥٩٠ م 
مصعد مؤسس مرحلة اولة 

*البدروم*
موقف سيارة وغرفة سائق ودورة مياه 

*الاول*
حوش بمدخل خاص وسيارة - مجلس رجال - مقلط - صالة - مجلس نساء - مطبخ ومستودع وغرفة عاملة ودورة مياه - 2 دورة مياه 

*الثاني*
صالة - ثلاث غرف ماستر مع بلكونة - مطبخ مختصر - دورة مياه 

*الملحق*
غرفتين ( ١ ماستر مع بلكونة) - صالة + سطح - دورة مياه - غرفة غسيل 

السعر : قابل للتفاوض",18.250564,42.484207,https://images.aqar.fm/webp/750x0/props/034440231_1788690949883.jpg | https://images.aqar.fm/webp/750x0/props/034440237_1788690949876.jpg | https://images.aqar.fm/webp/750x0/props/034440234_1788690949884.jpg | https://images.aqar.fm/webp/750x0/props/034440234_1788690949878.jpg | https://images.aqar.fm/webp/750x0/props/034440232_1788690949880.jpg | https://images.aqar.fm/webp/750x0/props/034440237_1788690949884.jpg | https://images.aqar.fm/webp/750x0/props/034440237_1788690949878.jpg | https://images.aqar.fm/webp/750x0/props/034440238_1788690949886.jpg | https://images.aqar.fm/webp/750x0/props/034440238_1788690975597.jpg | https://images.aqar.fm/webp/750x0/props/034440236_1788690975584.jpg | https://images.aqar.fm/webp/750x0/props/034440237_1788690975585.jpg | https://images.aqar.fm/webp/750x0/props/034440232_1788690975588.jpg | https://images.aqar.fm/webp/750x0/props/034440230_1788690975586.jpg | https://images.aqar.fm/webp/750x0/props/034440233_1788690975583.jpg | https://images.aqar.fm/webp/750x0/props/034440230_1788690975589.jpg | https://images.aqar.fm/webp/750x0/props/034440231_1788690975585.jpg,16,ثامر محمد ابن مسفر آل سلطان,مؤسسة منازل قوت العقارية,1,2026-09-06,2026-09-06,2026-09-15,101,2026-09-27,True,"1,850,000",False,فيلا
6756259,https://sa.aqar.fm/فلل-للبيع/ابها/حي-المروج/شارع-ابراهيم-الهاشمي-حي-المروج-مدينة-أبها-منطقة-عسير-6756259,"فيلا للبيع في شارع ابراهيم الهاشمي, حي المروج, مدينة أبها, منطقة عسير",600000,226,7,0,0,0,حي المروج,ابها,حي المروج,"عمارة تاون هاوس تمليك جديدة فاخرة                                     
🔶🔶 فرصة 🔶🔶 
*♦️الموقع حي درة المنسك  ♦️-
مساحة الارض :650.
مكونة من 8 تاون هاوس.
مساحة التاون  230م بدون الملحقات 
♦️مكونات التاون♦️
🔹 2مجلس ضيافة
🔷4غرف نوم 
🔷 5دورات مياة
🔷2صالة 
🔷1 مطبخ
🔷مستودع
🔷غرفة سائق لكل شقة  
🔷موقف خاص
👈راكب مكيفات ومطبخ 
🔷 الإضاءة سبوت ومخفي
🔷الاسقف جبسيات بالكامل 
🔷تمديدات التكييف المركزي جاهزه نحاس واسلاك
🔷ابواب خشب سنديان
🔷الدهانات بالكامل من الجزيرة
🔷 غاز موصل الي المخزن
🔷خزان كبير لكل شقة وشبكة المياه واصله 
🔷تمديدات شبكات نت وستلايت وكمرات 
🔷موقع مميز ومطل على ابها
🔷عداد كهرباء خاص 
🔷 مصعد ايطالي بضمان سنتين في المبنى

🔷مسجد الحي بجانبها 
🔷عمر العقار جديد
🔷ضمان 25 سنوات علي المواصير الحراريه والبقيه ضمانات الفاتوره مع الشهادات

🚨🚨🚨

الاسعار 
فله ١  / ٣ / 
٦٠٠ الف ريال",18.2081,42.563339,https://images.aqar.fm/webp/750x0/props/006809872_1782978754590.jpg | https://images.aqar.fm/webp/750x0/props/006809872_1782978788908.jpg | https://images.aqar.fm/webp/750x0/props/006809872_1782978805416.jpg | https://images.aqar.fm/webp/750x0/props/006809874_1782978819278.jpg | https://images.aqar.fm/webp/750x0/props/006809879_1782978819272.jpg | https://images.aqar.fm/webp/750x0/props/006809874_1782978832025.jpg | https://images.aqar.fm/webp/750x0/props/006809872_1782978832037.jpg | https://images.aqar.fm/webp/750x0/props/006809877_1782978832030.jpg | https://images.aqar.fm/webp/750x0/props/006809876_1782978855225.jpg | https://images.aqar.fm/webp/750x0/props/006809873_1782978855224.jpg | https://images.aqar.fm/webp/750x0/props/006809874_1782978855226.jpg | https://images.aqar.fm/webp/750x0/props/006809870_1782978855289.jpg | https://images.aqar.fm/webp/750x0/props/006809871_1782978855227.jpg | https://images.aqar.fm/webp/750x0/props/006809878_1782978855225.jpg | https://images.aqar.fm/webp/750x0/props/006809872_1782978881270.jpg | https://images.aqar.fm/webp/750x0/props/006809873_1782978881346.jpg | https://images.aqar.fm/webp/750x0/props/006809870_1782978881333.jpg | https://images.aqar.fm/webp/750x0/props/006809876_1782978881338.jpg,18,فاطمه عبدالرحمن,مؤسسة أعمال الأركان العقارية,1,2026-07-02,2026-08-29,2026-09-24,2683,2026-09-27,True,"600,000",False,فيلا
6451984,https://sa.aqar.fm/فلل-للبيع/ابها/حي-المنهل/شارع-البعيثران-حي-المنهل-مدينة-أبها-منطقة-عسير-6451984,"فيلا للبيع في شارع البعيثران, حي المنهل, مدينة أبها, منطقة عسير",1020000,564,14,,,11,حي المنهل,ابها,حي المنهل,"كود العقار 10075
فيلا للبيع
مدينة ابها
حي المنهل
شارع البعيثران
واجهة العقار - غربية
عرض الشارع 12 م
المساحة 564م
تتكون من :

دورين وملحق علوي
الدور الارضي : يتكون من شقتين
الشقة الأولى يمين : مكونه من 3 غرف وصالة ومطبخ و 2 دورة مياه
الشقة الثانيه : يسار مكونه من 5 غرف وصالة ومطبخ و 3 دورات مياه
الدور الاول : مكون من 6 غرف وصالة و مطبخ و 3 دورات مياه
الملحق العلوي : مكون من قسمين : الاول : صالة ودورة مياه ( صب )
القسم الثاني : مستودع مغطى من هنقر

*******
لمزيد من التفاصيل والعروض نرجو زيارة موقعنا الالكتروني نفوذ التطوير nufouth.com (يتم تحديثه يومياً)
الرقم الموحد: 920010213",18.221084,42.514421,https://images.aqar.fm/webp/750x0/props/000259882_1762180860427.jpg | https://images.aqar.fm/webp/750x0/props/000259886_1762180860416.jpg,2,ياسر بن سليمان,شركة نفوذ التطوير للتجارة,1,2025-11-03,2025-11-03,2026-09-26,4989,2026-09-27,True,"1,020,000",False,فيلا
6784955,https://sa.aqar.fm/فلل-للبيع/ابها/حي-الشرفية/شارع-مروان-الهمداني-حي-الشرقية-مدينة-أبها-منطقة-عسير-6784955,"فيلا للبيع في شارع مروان الهمداني, حي الشرقية, مدينة أبها, منطقة عسير",3400000,653,12,7,3,5,حي الشرفية,ابها,حي الشرفية,قصر فاخر تعمير شخصي مؤثث بأبها حي الهيام أبها يعتبر من القصور المميزة  عباره عن دورين وملحق وبايكة سيارات ومسبح بخدماته ومشب بمطبخ ودورة مياه وأحواش مدخلين وغاز مركزي 13 غرفه البناء والتشطيب من أجود وأفظل المواد,18.240583,42.524019,https://images.aqar.fm/webp/750x0/props/016599270_1750444870916.jpg | https://images.aqar.fm/webp/750x0/props/016599274_1750444893527.jpg | https://images.aqar.fm/webp/750x0/props/016599273_1750444929557.jpg | https://images.aqar.fm/webp/750x0/props/016599276_1750444949589.jpg | https://images.aqar.fm/webp/750x0/props/016599272_1750444971536.jpg | https://images.aqar.fm/webp/750x0/props/016599274_1750444998608.jpg | https://images.aqar.fm/webp/750x0/props/016599274_1750445016450.jpg | https://images.aqar.fm/webp/750x0/props/016599279_1750445036783.jpg | https://images.aqar.fm/webp/750x0/props/016599276_1750445104401.jpg | https://images.aqar.fm/webp/750x0/props/016599278_1750445132032.jpg | https://images.aqar.fm/webp/750x0/props/016599274_1750445178699.jpg | https://images.aqar.fm/webp/750x0/props/016599278_1750445209751.jpg | https://images.aqar.fm/webp/750x0/props/016599273_1750445307282.jpg | https://images.aqar.fm/webp/750x0/props/016599272_1750445525453.jpg | https://images.aqar.fm/webp/750x0/props/016599276_1750445548243.jpg | https://images.aqar.fm/webp/750x0/props/016599274_1750445567404.jpg,16,صالح عبدالله علي آل جارالله,مؤسسة مكتب صالح عبدالله علي آل جارالله للخدمات العقارية,1,2026-07-22,2026-09-18,2026-09-26,1224,2026-09-27,True,"3,400,000",False,فيلا
6630507,https://sa.aqar.fm/فلل-للبيع/ابها/حي-القريقر/شارع-ذات-الطلح-حي-الغدير-مدينة-أبها-منطقة-عسير-6630507,"فيلا للبيع في شارع ذات الطلح, حي الغدير, مدينة أبها, منطقة عسير",2000000,408,9,5,2,6,حي القريقر,ابها,حي القريقر,"🏡 فلة فاخرة مؤثثة للبيع – أبها | حي الغدير (المحالة)
✨ تصميم راقٍ • مساحات واسعة • موقع مميز

📐 مساحة الأرض: 408 م²
🏗 مسطح بناء الفيلا: 1071 م²

🛣 الواجهات: شارعين (10م + 15م)
🌿 خلفها مسجد وحديقة مباشرة

📊 تفاصيل العقار (بشكل واضح):
	•	🛏 غرف النوم: 7
	•	🛋 الصالات: 4
	•	🍽 المطابخ: 2
	•	🏠 المجالس: مجلس رجال + مجلس نساء
	•	🏡 الأحواش: فناء رجال + فناء نساء
	•	🏠 مقلط: 1
	•	🧑‍🍳 غرفة خادمة: 1
	•	🚗 غرفة سائق: 1
	•	📦 المستودعات: 5 + إضافية
	•	🚿 دورات المياه: متعددة

🏕 مرافق وإضافات العقار:
	•	🚗 بايكة تتسع لـ 5 سيارات
	•	📦 5 مستودعات متفرقة
	•	🏕 بيت شعر (60م² – غير مكتمل) في البدروم
	•	📦 مستودع خارجي بجانب غرفة السائق
	•	🚗 غرفة سائق مستقلة بمطبخ ودورة مياه

🏠 تفاصيل الأدوار:

🔹 الدور الأرضي:
	•	فناء رجال + فناء نساء
	•	مجلس رجال
	•	مجلس نساء
	•	صالة رجال
	•	صالة نساء
	•	مقلط
	•	مطبخ مجهز + غرفة غسيل
	•	دورتين مياه

🔹 الدور الأول:
	•	2 جناح نوم ماستر (غرفة ملابس + دورة مياه)
	•	غرفة نوم
	•	غرفة خادمة بدورة مياه
	•	مطبخ كبير متكامل
	•	صالة
	•	مستودع

🔹 الدور الثاني:
	•	صالة مطلة على السطح
	•	2 غرفة نوم
	•	دورتين مياه
	•	سطح واسع
	•	5 مستودعات

✨ مميزات العقار:
	•	مؤثثة بالكامل بأثاث راقي وفاخر
	•	مطابخ مجهزة بالكامل من أفخم الأجهزة
	•	قيمة المطابخ تقارب 140,000 ريال
	•	قيمة الأثاث والخزائن تقارب 250,000 ريال
	•	نظام صوتيات
	•	نظام مراقبة
	•	تدفئة مركزية
	•	عمر استخدام فعلي: 6 سنوات

*العقار مؤجر لمدة خمس سنوات 
💰 السعر: 2,000,000 ريال",18.277357,42.599266,https://images.aqar.fm/webp/750x0/props/051706344_1774388315383.jpg | https://images.aqar.fm/webp/750x0/props/051706342_1774388315382.jpg | https://images.aqar.fm/webp/750x0/props/051706346_1774388315385.jpg | https://images.aqar.fm/webp/750x0/props/051706342_1774388315392.jpg | https://images.aqar.fm/webp/750x0/props/051706344_1774388355401.jpg | https://images.aqar.fm/webp/750x0/props/051706347_1774388355411.jpg | https://images.aqar.fm/webp/750x0/props/051706340_1774388355405.jpg | https://images.aqar.fm/webp/750x0/props/051706349_1774388355412.jpg | https://images.aqar.fm/webp/750x0/props/051706345_1774388355423.jpg | https://images.aqar.fm/webp/750x0/props/051706346_1774388355417.jpg | https://images.aqar.fm/webp/750x0/props/051706349_1774388355421.jpg | https://images.aqar.fm/webp/750x0/props/051706344_1774388355419.jpg | https://images.aqar.fm/webp/750x0/props/051706346_1774388409791.jpg | https://images.aqar.fm/webp/750x0/props/051706348_1774388409827.jpg | https://images.aqar.fm/webp/750x0/props/051706347_1774388409798.jpg | https://images.aqar.fm/webp/750x0/props/051706349_1774388409793.jpg | https://images.aqar.fm/webp/750x0/props/051706348_1774388409819.jpg | https://images.aqar.fm/webp/750x0/props/051706340_1774388409821.jpg | https://images.aqar.fm/webp/750x0/props/051706346_1774391281689.jpg | https://images.aqar.fm/webp/750x0/props/051706342_1774391281698.jpg | https://images.aqar.fm/webp/750x0/props/051706343_1774391281706.jpg | https://images.aqar.fm/webp/750x0/props/051706344_1774391281693.jpg | https://images.aqar.fm/webp/750x0/props/051706347_1774391281694.jpg,23,خالد محمد,مؤسسة مستعد العقارية,1,2026-03-24,2026-03-24,2026-08-06,1453,2026-09-27,True,"2,000,000",False,فيلا
6669058,https://sa.aqar.fm/فلل-للبيع/ابها/حي-القريقر/شارع-اسماء-بنت-عميس-حي-الغدير-مدينة-أبها-منطقة-عسير-6669058,"فيلا للبيع في شارع اسماء بنت عميس, حي الغدير, مدينة أبها, منطقة عسير",920000,323,8,,,0,حي القريقر,ابها,حي القريقر,"كود 32 فلل مشروع قرطبه - شركة روز تاور العقاريه 
مداخل مستقله 
جهه شماليه
مساحة الارض 200
مساحة البناء 323
شارع عرض 10
5 غرف نوم 
1 غرفة ملابس
1 غرفة طعام
مصعد مؤسس مرحله اولي 
2 مطبخ
1 غرفة غسيل
2 غرفة معيشه
1 غرفة خادمة
1 مجلس
6 دورات مياه
**السعر 920 الف *",18.285313,42.584072,https://images.aqar.fm/webp/750x0/props/031043783_1777124187769.jpg | https://images.aqar.fm/webp/750x0/props/031043789_1777124187782.jpg | https://images.aqar.fm/webp/750x0/props/031043782_1777124187784.jpg | https://images.aqar.fm/webp/750x0/props/031043789_1777124187774.jpg | https://images.aqar.fm/webp/750x0/props/031043789_1777124187784.jpg | https://images.aqar.fm/webp/750x0/props/031043787_1777124187783.jpg | https://images.aqar.fm/webp/750x0/props/031043781_1777124187775.jpg | https://images.aqar.fm/webp/750x0/props/031043786_1777124187793.jpg | https://images.aqar.fm/webp/750x0/props/031043784_1777124187790.jpg | https://images.aqar.fm/webp/750x0/props/031043784_1777124187792.jpg | https://images.aqar.fm/webp/750x0/props/031043787_1777124187788.jpg | https://images.aqar.fm/webp/750x0/props/031043783_1777124187780.jpg | https://images.aqar.fm/webp/750x0/props/031043786_1777124187788.jpg | https://images.aqar.fm/webp/750x0/props/031043783_1777124187783.jpg | https://images.aqar.fm/webp/750x0/props/031043784_1777124187791.jpg | https://images.aqar.fm/webp/750x0/props/031043784_1777124187794.jpg | https://images.aqar.fm/webp/750x0/props/031043788_1777124187786.jpg | https://images.aqar.fm/webp/750x0/props/031043780_1777124187801.jpg | https://images.aqar.fm/webp/750x0/props/031043781_1777124187973.jpg | https://images.aqar.fm/webp/750x0/props/031043787_1777124187964.jpg,20,هدى علي عشوي العنزي,مكتب هدى علي عشوي العنزي العقارية,1,2026-04-25,2026-06-22,2026-09-26,485,2026-09-27,True,"920,000",False,فيلا
6880388,https://sa.aqar.fm/فلل-للبيع/ابها/حي-القريقر/حي-المحالة-أبها-منطقة-عسير-6880388,فيلا للبيع في حي المحالة ، أبها ، منطقة عسير,1850000,400,5,5,3,2,حي القريقر,ابها,حي القريقر,فيلا سياحيه فاخره جديده اثاث جديد وديكورات فاخره مصعد ماء مشروع دخول ذكي مطبخ متكامل حديث 3ادوار  واسطه مطله بلكونات وجلسه خارجيه,18.268636,42.593699,https://images.aqar.fm/webp/750x0/props/007512330_1789719614281.jpg,1,فاطمه بنت عاطف بن علي الشهري,,,2026-09-18,,2026-09-18,7,2026-09-27,False,طلب تسويق,False,فيلا
6809730,https://sa.aqar.fm/فلل-للبيع/ابها/حي-الشرفية/حي-شارع-20-الشرقية-حي-الشرفية-أبها-منطقة-عسير-6809730,"فيلا للبيع في شارع 20 الشرقية, حي الشرقية, مدينة أبها, منطقة عسير",2300000,513,7,5,3,0,حي الشرفية,ابها,حي الشرفية,"يوجد لدينا فله بحي الهيام حسب المواصفات التاليه :-
 
١- مساحة البناء قريب ١٠٠٠ م وعلى ارض كامله وبناء شخصي وليس تجاري

٢- بدروم يوجد به مسبح ومفتوح يتسع لعدد ٣ سيارات بمدخل خاص ويمكن الاستفاده منه للحفلات والمناسبات 

٣- الدور الاول بمستوى الشارع بحوش يتسع لعدد ٣ أو ٤ سيارات ضيافة رجال ونساء بمداخل خاصه 

٤- الدور الثاني يوجد به ٤ غرف نوم وبلكونات مطله وصاله كبيره

٥- الدور الثالث  يوجد به ٤ غرف نوم وصاله كبيره جدا مطله على حي الهيام 

٦- يوجد تأسيس للمصعد 

ملاحظه : جميع الخدمات واصله للعمائر المجاوره تحليه ، صرف صحي ، كهرباء ، وقريبه من المسجد ويوجد خزان ماء يتسع ١١٠ طن والبناء موثق من الاساسات حتى النهايه بإشراف هندسي علما ان تنفيذ البناء عمال اتراك لديهم خبره طويله في البناء  ، والبناء والشغل يوضح ذلك 

مطلوب ٢ مليون و ٣٠٠ الف ، والله الموفق",18.237677637640147,42.515812770373884,https://images.aqar.fm/webp/750x0/props/006967552_1786050343401.jpg | https://images.aqar.fm/webp/750x0/props/006967556_1786050343591.jpg | https://images.aqar.fm/webp/750x0/props/006967556_1786050343632.jpg | https://images.aqar.fm/webp/750x0/props/006967558_1786050343448.jpg | https://images.aqar.fm/webp/750x0/props/006967551_1786050343403.jpg,5,ناصر بن عبدالله بن محمد آل هادي,,,2026-08-06,2026-08-09,2026-09-04,327,2026-09-27,True,"2,300,000",False,فيلا
6855396,https://sa.aqar.fm/فلل-للبيع/ابها/حي-القريقر/شارع-روضة-التنهات-حي-المحالة-لعصان-منطقة-عسير-6855396,فيلا للبيع في شارع روضة التنهات ، حي المحالة ، لعصان ، منطقة عسير,2500000,466,5,5,2,5,حي القريقر,ابها,حي القريقر,"فيلا سكنية للبيع في حي المشارف – المحالة بمدينة أبها، خلف أسواق الجداف، بموقع مميز وسهل الوصول. تقع على أرض بمساحة 466 م² تقريبًا، مكونة من دورين وملحق علوي، وتضم مجالس وصالات وغرف نوم متعددة ومطبخًا رئيسيًا، بالإضافة إلى مصعد مؤسس . الفيلا مؤثثة ومجهزة بعناية ومناسبة للسكن العائلي. السعر المطلوب 2,500,000 ريال",18.279093,42.597439,https://images.aqar.fm/webp/750x0/props/044952812_1788387399229.jpg | https://images.aqar.fm/webp/750x0/props/044952818_1788387399241.jpg | https://images.aqar.fm/webp/750x0/props/044952817_1788387399223.jpg | https://images.aqar.fm/webp/750x0/props/044952819_1788387399235.jpg | https://images.aqar.fm/webp/750x0/props/044952817_1788387399275.jpg | https://images.aqar.fm/webp/750x0/props/044952819_1788387399251.jpg | https://images.aqar.fm/webp/750x0/props/044952818_1788387399256.jpg | https://images.aqar.fm/webp/750x0/props/044952814_1788387399284.jpg | https://images.aqar.fm/webp/750x0/props/044952819_1788387579432.jpg | https://images.aqar.fm/webp/750x0/props/044952814_1788387579433.jpg | https://images.aqar.fm/webp/750x0/props/044952817_1788387579434.jpg | https://images.aqar.fm/webp/750x0/props/044952818_1788387579435.jpg | https://images.aqar.fm/webp/750x0/props/044952811_1788387579477.jpg | https://images.aqar.fm/webp/750x0/props/044952810_1788387579504.jpg | https://images.aqar.fm/webp/750x0/props/044952810_1788387579477.jpg | https://images.aqar.fm/webp/750x0/props/044952811_1788387579472.jpg,16,ابراهيم بن علي بن ابراهيم آل هتيله,,,2026-09-02,,2026-09-02,14,2026-09-27,False,طلب تسويق,False,فيلا
6895364,https://sa.aqar.fm/فلل-للبيع/ابها/حي-القريقر/شارع-152-الروابي-حي-الروابي-مدينة-أبها-منطقة-عسير-6895364,"فيلا للبيع في شارع 152 الروابي, حي الروابي, مدينة أبها, منطقة عسير",1100000,301,10,7,6,4,حي القريقر,ابها,حي القريقر,فيلا حديثة في افضل احياء ابها تقع خلف مستشفى ابها للولادة حي الربوة عرض مغري والسعر قابل للتفاوض دورين وملحق,18.252342,42.605295,https://images.aqar.fm/webp/750x0/props/055676559_1790575405996.jpg | https://images.aqar.fm/webp/750x0/props/055676556_1790575406001.jpg | https://images.aqar.fm/webp/750x0/props/055676555_1790575405998.jpg | https://images.aqar.fm/webp/750x0/props/055676559_1790575405997.jpg | https://images.aqar.fm/webp/750x0/props/055676554_1790575406004.jpg | https://images.aqar.fm/webp/750x0/props/055676555_1790575406011.jpg | https://images.aqar.fm/webp/750x0/props/055676554_1790575406014.jpg | https://images.aqar.fm/webp/750x0/props/055676558_1790575406024.jpg | https://images.aqar.fm/webp/750x0/props/055676552_1790575406023.jpg | https://images.aqar.fm/webp/750x0/props/055676558_1790575406036.jpg | https://images.aqar.fm/webp/750x0/props/055676551_1790575406031.jpg | https://images.aqar.fm/webp/750x0/props/055676558_1790575406048.jpg | https://images.aqar.fm/webp/750x0/props/055676556_1790575406050.jpg | https://images.aqar.fm/webp/750x0/props/055676550_1790575406072.jpg | https://images.aqar.fm/webp/750x0/props/055676558_1790575406082.jpg | https://images.aqar.fm/webp/750x0/props/055676553_1790575406086.jpg | https://images.aqar.fm/webp/750x0/props/055676556_1790575406090.jpg | https://images.aqar.fm/webp/750x0/props/055676553_1790575406098.jpg | https://images.aqar.fm/webp/750x0/props/055676557_1790575406103.jpg | https://images.aqar.fm/webp/750x0/props/055676558_1790575406115.jpg | https://images.aqar.fm/webp/750x0/props/055676555_1790575406114.jpg | https://images.aqar.fm/webp/750x0/props/055676556_1790575406127.jpg | https://images.aqar.fm/webp/750x0/props/055676552_1790575406129.jpg | https://images.aqar.fm/webp/750x0/props/055676552_1790575406131.jpg | https://images.aqar.fm/webp/750x0/props/055676553_1790575406146.jpg | https://images.aqar.fm/webp/750x0/props/055676551_1790575406167.jpg | https://images.aqar.fm/webp/750x0/props/055676555_1790575406180.jpg | https://images.aqar.fm/webp/750x0/props/055676559_1790575406182.jpg | https://images.aqar.fm/webp/750x0/props/055676556_1790575406187.jpg | https://images.aqar.fm/webp/750x0/props/055676559_1790575406189.jpg,30,داويه بنت طالع بن معدي القحطاني,مكتب اللمسات السكنيه للعقارات,1,2026-09-28,2026-09-28,2026-09-28,8,2026-09-28,True,"1,100,000",False,فيلا
6895928,https://sa.aqar.fm/فلل-للبيع/ابها/حي-درة-المنسك/حي-قرى-آل-غليظ-أبها-منطقة-عسير-6895928,فيلا للبيع في حي قرى آل غليظ ، أبها ، منطقة عسير,3000000,750,7,5,4,14,حي درة المنسك,ابها,حي درة المنسك,"فيلا بناء ذاتي للبيع في أبها – حي سلطانة | مساحة 750م² | موقع مميز

فيلا سكنية بناء ذاتي بموقع مميز في حي سلطانة – أبها، على أرض مساحتها 750 م²، بواجهة غربية على شارع عرض 15م، وعمر العقار يقارب 14 سنة.

العقار مناسب للعائلة الكبيرة، ويتميز بتوزيع عملي ومساحات واسعة، إضافة إلى بدروم مستقل بمدخل وحوش خاص يمكن الاستفادة منه بشكل منفصل.

تفاصيل الفيلا:

* 3 أدوار
* البدروم: غرفة + مطبخ + دورة مياه + مدخل مستقل + حوش مستقل
* الدور الأرضي: مجلس رجال + مجلس نساء + مقلط + صالة كبيرة + مطبخ + 3 دورات مياه
* الدور العلوي: 3 غرف + صالة + مطبخ صغير + 3 دورات مياه

المميزات:

* 3 مداخل
* حوش واسع
* كراج
* مياه التحلية متوفرة
* ألياف STC
* بدروم مستقل بخصوصية كاملة
* حي مخدوم وقريب من مختلف الخدمات
* قريب من مطار أبها
* قريب من مشروع SEVEN أبها

السعر قابل للتفاوض بالمعقول.

للتواصل:
📞 ((الرقم يظهر عند الضغط على اتصال))
واتساب أو اتصال",18.226027,42.640064,,,بسام بن ظافر بن محمدعلي العازبي,,,2026-09-28,,2026-09-28,3,2026-09-28,False,طلب تسويق,False,فيلا
